action_id,action_status,action_type,formal_action_type,action_family,recommendation_grade,recommendation_grade_label_ko,recommendation_grade_reason_ko,direct_vulnerability_prescription,basis_risk_level,prescription_score,raw_linked_final_score,action_quality_score,score_driver_source,linked_final_score,user_display_score,score_band,score_method_version,input_aware_score,direct_vulnerability_match_score,portfolio_vulnerability_tags,candidate_vulnerability_tags,generic_safe_asset_flag,cash_like_flag,benchmark_role_default,max_grade_without_direct_match,formal_gate_name,formal_gate_status,formal_gate_blockers,risk_sleeve,risk_sleeve_label_ko,scenario,risk_scenario_codes,source_tickers,source_asset,offset_tickers,candidate_tickers,hedge_asset,candidate_label,linked_recommendation_status,pre_backtest_linked_recommendation_status,linked_backtest_gate_status,linked_formal_gate_blockers,linked_formal_gate_blocker_summary,linked_target_evaluated_count,linked_target_lags_cash_count,linked_target_bootstrap_robust_count,linked_target_cash_bootstrap_robust_count,formal_gate_source,why_formal_ko,why_review_only_ko,alternatives_compared_json,alternatives_compared_count,expected_cvar_delta_after_cost,expected_mdd_delta_after_cost,expected_stress_delta_after_cost,estimated_cost_bps,implementation_cost_estimate,liquidity_status,liquidity_pass,concentration_pass,source_trim_pass,risk_sleeve_offset_pass,cash_baseline_verdict,bootstrap_verdict,cash_bootstrap_verdict,tax_unknown_warning,profile_constraint_snapshot,scenario_weight,before_sleeve_vulnerability,after_sleeve_vulnerability,vulnerability_delta,vulnerability_improve_pct,source_contribution_pct,contribution_pct,contribution_pct_of_sleeve,current_weight,proposed_weight,source_current_weight_pct,source_proposed_weight_pct,hedge_current_weight_pct,hedge_proposed_weight_pct,base_cvar_95,proposed_cvar_95,cvar_delta,base_mdd,proposed_mdd,mdd_delta,base_beta_sp500_krw,proposed_beta_sp500_krw,beta_delta,base_stress_avg_ret_krw,proposed_stress_avg_ret_krw,stress_delta,base_sharpe_krw_proxy,proposed_sharpe_krw_proxy,sharpe_delta,metric_source,metric_coverage_reason,turnover_pct,existing_portfolio_kept_pct,max_single_trim_pct,constraint_status,constraint_reasons,action_reason_ko,status_reason_ko,plain_korean_reason,expected_effect,rejected_reason_ko,can_execute_action,selected_in_action_plan,selection_reason_ko,not_selected_reason_ko,before_weights_json,after_weights_json
action_003,REVIEW_ACTION,ADD_HEDGE,,REVIEW,B,B. 조건부 처방,"핵심 취약점 보완 효과는 있으나 검증 샘플, 비용, 유동성, cash baseline 중 일부 확인이 필요합니다.",Y,LOW,100.0,0.5748696711189153,0.229957,linked_final_score,0.5748696711189153,81,B:70-89,grade_banded_final_score_v1,0.6972754059325901,1.0,growth_beta|korea_domestic_credit|korea_equity|krw_exposure|usdkrw_fx_korea|semiconductor_ai_cycle,export_cycle|geopolitical_supply_chain|korea_domestic_credit|korea_equity|krw_exposure|usdkrw_fx_korea,N,N,N,C,formal_rebalance_hedge_gate,FAIL,cash_baseline_lag|linked_formal_gate_blocked|linked_recommendation_not_formal|not_trim_and_hedge,geopolitical_supply_chain,지정학·공급망 충격,geopolitical_supply_chain,china_trade_fragmentation_shock|geopolitical_escalation_supply_shock,005930.KS|NVDA|035420.KS|035720.KS,005930.KS,,000270.KS,000270.KS,000270.KS,REFERENCE_ONLY,REFERENCE_ONLY,VALIDATION_INSUFFICIENT,validation_insufficient|reference_only,"검증 이력 부족 - Add enough target stress validation history before formal promotion.; 참고 후보 - Use as research context, not an execution recommendation.",0,0,0,0,linked_recommendation_evidence_after_backtest,,"Action formal gate failed: cash_baseline_lag, linked_formal_gate_blocked, linked_recommendation_not_formal, not_trim_and_hedge","{""alternatives"": [{""available"": true, ""cvar"": -0.034772279998451075, ""estimated_cost_bps"": 0.0, ""mdd"": -0.46919829375549826, ""name"": ""current"", ""stress"": -0.005529416996763946, ""turnover_pct"": 0.0, ""why_not_chosen_ko"": ""baseline portfolio""}, {""available"": true, ""cvar_delta_after_cost"": 0.00193576, ""estimated_cost_bps"": 25.0, ""mdd_delta_after_cost"": 0.02631819, ""name"": ""trim_hedge"", ""stress_delta_after_cost"": 0.00027221, ""turnover_pct"": 18.1986, ""why_not_chosen_ko"": """"}, {""available"": true, ""cvar_delta_after_cost"": 0.00316404, ""estimated_cost_bps"": 25.0, ""mdd_delta_after_cost"": 0.03275545, ""name"": ""trim_cash"", ""stress_delta_after_cost"": 0.00050314, ""turnover_pct"": 18.1986, ""why_not_chosen_ko"": ""cash baseline was compared against the trim+hedge action""}, {""available"": true, ""cvar_delta_after_cost"": 0.0, ""estimated_cost_bps"": 0.0, ""mdd_delta_after_cost"": 0.0, ""name"": ""hold"", ""stress_delta_after_cost"": 0.0, ""turnover_pct"": 0.0, ""why_not_chosen_ko"": ""does not reduce the active scenario vulnerability""}]}",4,0.00193576,0.02631819,0.00027221,25.0,0.00045496,ASSUMED_LIQUID_UNIVERSE,Y,Y,Y,Y,LAGS_CASH,ACTION_BOOTSTRAP_PASS,UNCERTAIN,Y,"{""concentration_cap_pct"": 50.0, ""max_candidate_weight_pct"": 20.0, ""max_turnover_pct"": 20.0, ""min_existing_kept_pct"": 80.0, ""profile_source"": ""system_default""}",,0.90112533,0.85102804,-0.05009729,5.5594,100.0,100.0,100.0,39.439575,35.8509,39.439575,35.8509,0.0,6.4907,-0.034772279998451075,-0.03283652014383216,0.00193576,-0.46919829375549826,-0.44288010632410435,0.02631819,0.4760380801513618,0.43011900375976087,-0.04591908,-0.005529416996763946,-0.005257205704954499,0.00027221,1.0985434401978988,1.1009650348195796,0.00242159,computed_from_action_before_after_weights,,18.1986,90.9007,5.0,PASS,,"지정학·공급망 충격 취약성을 만든 005930.KS, NVDA, 035420.KS에 대해 000270.KS로 추가 헷지를 적용하면 sleeve 취약도 변화가 -0.0501입니다. 정식 추천 기준은 미달해 검토 후보입니다.",Action formal gate did not pass. Blockers: cash_baseline_lag|linked_formal_gate_blocked|linked_recommendation_not_formal|not_trim_and_hedge. Linked recommendation status is evidence only: REFERENCE_ONLY.,"000270.KS 조정은 지정학·공급망 충격 취약성을 낮추는 검토안이며 전후 지표는 CVaR 개선, MDD 개선, stress 개선으로 확인됩니다.",취약성 0.0501 감소; CVaR 0.19%p 개선; MDD 2.63%p 개선; stress 0.03%p 개선; Sharpe 0.00 개선,FORMAL_ACTION excluded by action-level gate: cash_baseline_lag|linked_formal_gate_blocked|linked_recommendation_not_formal|not_trim_and_hedge,False,True,"상위 sleeve 커버리지 이후 남은 후보 중 상태, 개선폭, turnover 기준으로 선택했습니다.",,"{""005930.KS"": 39.439575, ""035420.KS"": 19.730652, ""035720.KS"": 13.263866, ""NVDA"": 27.565907}","{""000270.KS"": 6.4907, ""005930.KS"": 35.8509, ""035420.KS"": 17.9353, ""035720.KS"": 12.0569, ""NVDA"": 25.0576, ""__CASH__"": 2.6086}"
action_002,REVIEW_ACTION,TRIM_AND_HEDGE,,REVIEW,B,B. 조건부 처방,"핵심 취약점 보완 효과는 있으나 검증 샘플, 비용, 유동성, cash baseline 중 일부 확인이 필요합니다.",Y,LOW,100.0,0.6078434397931557,0.224433,linked_final_score,0.6078434397931557,82,B:70-89,grade_banded_final_score_v1,0.7359173651478241,1.0,growth_beta|korea_domestic_credit|korea_equity|krw_exposure|usdkrw_fx_korea|semiconductor_ai_cycle,geopolitical_supply_chain|gold|inflation_energy_shock|korea_domestic_credit|kr_listed|usdkrw_fx_korea,Y,N,Y,D,formal_rebalance_hedge_gate,FAIL,cash_baseline_lag|linked_formal_gate_blocked|linked_recommendation_not_formal,geopolitical_supply_chain,지정학·공급망 충격,geopolitical_supply_chain,china_trade_fragmentation_shock|geopolitical_escalation_supply_shock,005930.KS,005930.KS,,132030.KS,132030.KS,132030.KS,REFERENCE_ONLY,REFERENCE_ONLY,VALIDATION_INSUFFICIENT,validation_insufficient|return_drag_reference|reference_only,"검증 이력 부족 - Add enough target stress validation history before formal promotion.; 수익률 훼손 검토 필요 - Confirm risk reduction compensates for return drag before promotion.; 참고 후보 - Use as research context, not an execution recommendation.",0,0,0,0,linked_recommendation_evidence_after_backtest,,"Action formal gate failed: cash_baseline_lag, linked_formal_gate_blocked, linked_recommendation_not_formal","{""alternatives"": [{""available"": true, ""cvar"": -0.034772279998451075, ""estimated_cost_bps"": 0.0, ""mdd"": -0.46919829375549826, ""name"": ""current"", ""stress"": -0.005529416996763946, ""turnover_pct"": 0.0, ""why_not_chosen_ko"": ""baseline portfolio""}, {""available"": true, ""cvar_delta_after_cost"": 0.00109865, ""estimated_cost_bps"": 25.0, ""mdd_delta_after_cost"": 0.00660577, ""name"": ""trim_hedge"", ""stress_delta_after_cost"": 0.00040482, ""turnover_pct"": 10.0, ""why_not_chosen_ko"": """"}, {""available"": true, ""cvar_delta_after_cost"": 0.00158823, ""estimated_cost_bps"": 25.0, ""mdd_delta_after_cost"": 0.0074225, ""name"": ""trim_cash"", ""stress_delta_after_cost"": 0.00037189, ""turnover_pct"": 10.0, ""why_not_chosen_ko"": ""cash baseline was compared against the trim+hedge action""}, {""available"": true, ""cvar_delta_after_cost"": 0.0, ""estimated_cost_bps"": 0.0, ""mdd_delta_after_cost"": 0.0, ""name"": ""hold"", ""stress_delta_after_cost"": 0.0, ""turnover_pct"": 0.0, ""why_not_chosen_ko"": ""does not reduce the active scenario vulnerability""}]}",4,0.00109865,0.00660577,0.00040482,25.0,0.00025,ASSUMED_LIQUID_UNIVERSE,Y,Y,Y,Y,LAGS_CASH,ROBUST_IMPROVE,UNCERTAIN,Y,"{""concentration_cap_pct"": 50.0, ""max_candidate_weight_pct"": 20.0, ""max_turnover_pct"": 20.0, ""min_existing_kept_pct"": 80.0, ""profile_source"": ""system_default""}",,0.90112533,0.85979919,-0.04132614,4.5861,51.7407,51.7407,51.7407,39.439575,34.439575,39.439575,34.439575,0.0,5.0,-0.034772279998451075,-0.033673628634909046,0.00109865,-0.46919829375549826,-0.46259252129633543,0.00660577,0.4760380801513618,0.4721675745620921,-0.00387051,-0.005529416996763946,-0.005124592989955938,0.00040482,1.0985434401978988,1.0083476866248304,-0.09019575,computed_from_action_before_after_weights,,10.0,95.0,5.0,PASS,,지정학·공급망 충격 취약성을 만든 005930.KS에 대해 132030.KS로 원인 보유자산 일부 축소 후 헷지를 적용하면 sleeve 취약도 변화가 -0.0413입니다. 정식 추천 기준은 미달해 검토 후보입니다.,Action formal gate did not pass. Blockers: cash_baseline_lag|linked_formal_gate_blocked|linked_recommendation_not_formal. Linked recommendation status is evidence only: REFERENCE_ONLY.,"132030.KS 조정은 지정학·공급망 충격 취약성을 낮추는 검토안이며 전후 지표는 CVaR 개선, MDD 개선, stress 개선으로 확인됩니다.",취약성 0.0413 감소; CVaR 0.11%p 개선; MDD 0.66%p 개선; stress 0.04%p 개선; Sharpe 0.09 악화,FORMAL_ACTION excluded by action-level gate: cash_baseline_lag|linked_formal_gate_blocked|linked_recommendation_not_formal,False,True,취약성 기여가 큰 보유자산이 확인되어 단순 추가 헷지보다 TRIM_AND_HEDGE가 우선입니다.,,"{""005930.KS"": 39.439575, ""035420.KS"": 19.730652, ""035720.KS"": 13.263866, ""NVDA"": 27.565907}","{""005930.KS"": 34.439575, ""035420.KS"": 19.730652, ""035720.KS"": 13.263866, ""132030.KS"": 5.0, ""NVDA"": 27.565907}"
action_006,REVIEW_ACTION,TRIM_AND_HEDGE,,REVIEW,B,B. 조건부 처방,"핵심 취약점 보완 효과는 있으나 검증 샘플, 비용, 유동성, cash baseline 중 일부 확인이 필요합니다.",Y,LOW,100.0,0.5099561361552056,0.171107,linked_final_score,0.5099561361552056,80,B:70-89,grade_banded_final_score_v1,,1.0,growth_beta|korea_domestic_credit|korea_equity|krw_exposure|usdkrw_fx_korea|semiconductor_ai_cycle,defensive_equity|geopolitical_supply_chain|gold|inflation_energy_shock|korea_domestic_credit|korea_equity|kr_listed|recession_liquidity_stress|usdkrw_fx_korea,N,N,N,C,formal_rebalance_hedge_gate,FAIL,cash_baseline_lag|linked_formal_gate_blocked|linked_recommendation_not_formal,geopolitical_supply_chain,지정학·공급망 충격,geopolitical_supply_chain,china_trade_fragmentation_shock|geopolitical_escalation_supply_shock,005930.KS,005930.KS,,132030.KS|017670.KS,132030.KS,132030.KS + 017670.KS,REFERENCE_ONLY,REFERENCE_ONLY,VALIDATION_INSUFFICIENT,validation_insufficient|return_drag_reference|reference_only,"검증 이력 부족 - Add enough target stress validation history before formal promotion.; 수익률 훼손 검토 필요 - Confirm risk reduction compensates for return drag before promotion.; 참고 후보 - Use as research context, not an execution recommendation.",0,0,0,0,linked_recommendation_evidence_after_backtest,,"Action formal gate failed: cash_baseline_lag, linked_formal_gate_blocked, linked_recommendation_not_formal","{""alternatives"": [{""available"": true, ""cvar"": -0.034772279998451075, ""estimated_cost_bps"": 0.0, ""mdd"": -0.46919829375549826, ""name"": ""current"", ""stress"": -0.005529416996763946, ""turnover_pct"": 0.0, ""why_not_chosen_ko"": ""baseline portfolio""}, {""available"": true, ""cvar_delta_after_cost"": 0.00113765, ""estimated_cost_bps"": 25.0, ""mdd_delta_after_cost"": 0.00510533, ""name"": ""trim_hedge"", ""stress_delta_after_cost"": 0.00038324, ""turnover_pct"": 10.0, ""why_not_chosen_ko"": """"}, {""available"": true, ""cvar_delta_after_cost"": 0.00158823, ""estimated_cost_bps"": 25.0, ""mdd_delta_after_cost"": 0.0074225, ""name"": ""trim_cash"", ""stress_delta_after_cost"": 0.00037189, ""turnover_pct"": 10.0, ""why_not_chosen_ko"": ""cash baseline was compared against the trim+hedge action""}, {""available"": true, ""cvar_delta_after_cost"": 0.0, ""estimated_cost_bps"": 0.0, ""mdd_delta_after_cost"": 0.0, ""name"": ""hold"", ""stress_delta_after_cost"": 0.0, ""turnover_pct"": 0.0, ""why_not_chosen_ko"": ""does not reduce the active scenario vulnerability""}]}",4,0.00113765,0.00510533,0.00038324,25.0,0.00025,ASSUMED_LIQUID_UNIVERSE,Y,Y,Y,Y,LAGS_CASH,ROBUST_IMPROVE,UNCERTAIN,Y,"{""concentration_cap_pct"": 50.0, ""max_candidate_weight_pct"": 20.0, ""max_turnover_pct"": 20.0, ""min_existing_kept_pct"": 80.0, ""profile_source"": ""system_default""}",,0.90112533,0.86105496,-0.04007037,4.4467,51.7407,51.7407,51.7407,39.439575,34.439575,39.439575,34.439575,0.0,2.5,-0.034772279998451075,-0.033634629756837925,0.00113765,-0.46919829375549826,-0.46409296181599635,0.00510533,0.4760380801513618,0.47238391305483274,-0.00365417,-0.005529416996763946,-0.005146179217555346,0.00038324,1.0985434401978988,1.0110223787742612,-0.08752106,computed_from_action_before_after_weights,,10.0,95.0,5.0,PASS,,"지정학·공급망 충격 취약성을 만든 005930.KS에 대해 132030.KS, 017670.KS로 원인 보유자산 일부 축소 후 헷지를 적용하면 sleeve 취약도 변화가 -0.0401입니다. 정식 추천 기준은 미달해 검토 후보입니다.",Action formal gate did not pass. Blockers: cash_baseline_lag|linked_formal_gate_blocked|linked_recommendation_not_formal. Linked recommendation status is evidence only: REFERENCE_ONLY.,"132030.KS + 017670.KS 조정은 지정학·공급망 충격 취약성을 낮추는 검토안이며 전후 지표는 CVaR 개선, MDD 개선, stress 개선으로 확인됩니다.",취약성 0.0401 감소; CVaR 0.11%p 개선; MDD 0.51%p 개선; stress 0.04%p 개선; Sharpe 0.09 악화,FORMAL_ACTION excluded by action-level gate: cash_baseline_lag|linked_formal_gate_blocked|linked_recommendation_not_formal,False,False,,같은 risk sleeve에서 더 적합한 액션이 선택되어 후보 감사 목록에만 남겼습니다.,"{""005930.KS"": 39.439575, ""035420.KS"": 19.730652, ""035720.KS"": 13.263866, ""NVDA"": 27.565907}","{""005930.KS"": 34.439575, ""017670.KS"": 2.5, ""035420.KS"": 19.730652, ""035720.KS"": 13.263866, ""132030.KS"": 2.5, ""NVDA"": 27.565907}"
action_004,REVIEW_ACTION,TRIM_AND_HEDGE,,REVIEW,B,B. 조건부 처방,"핵심 취약점 보완 효과는 있으나 검증 샘플, 비용, 유동성, cash baseline 중 일부 확인이 필요합니다.",Y,LOW,100.0,0.5748696711189153,0.099594,linked_final_score,0.5748696711189153,81,B:70-89,grade_banded_final_score_v1,0.6972754059325901,1.0,growth_beta|korea_domestic_credit|korea_equity|krw_exposure|usdkrw_fx_korea|semiconductor_ai_cycle,export_cycle|geopolitical_supply_chain|korea_domestic_credit|korea_equity|krw_exposure|usdkrw_fx_korea,N,N,N,C,formal_rebalance_hedge_gate,FAIL,cash_baseline_lag|linked_formal_gate_blocked|linked_recommendation_not_formal,geopolitical_supply_chain,지정학·공급망 충격,geopolitical_supply_chain,china_trade_fragmentation_shock|geopolitical_escalation_supply_shock,005930.KS,005930.KS,,000270.KS,000270.KS,000270.KS,REFERENCE_ONLY,REFERENCE_ONLY,VALIDATION_INSUFFICIENT,validation_insufficient|reference_only,"검증 이력 부족 - Add enough target stress validation history before formal promotion.; 참고 후보 - Use as research context, not an execution recommendation.",0,0,0,0,linked_recommendation_evidence_after_backtest,,"Action formal gate failed: cash_baseline_lag, linked_formal_gate_blocked, linked_recommendation_not_formal","{""alternatives"": [{""available"": true, ""cvar"": -0.034772279998451075, ""estimated_cost_bps"": 0.0, ""mdd"": -0.46919829375549826, ""name"": ""current"", ""stress"": -0.005529416996763946, ""turnover_pct"": 0.0, ""why_not_chosen_ko"": ""baseline portfolio""}, {""available"": true, ""cvar_delta_after_cost"": 0.00071437, ""estimated_cost_bps"": 25.0, ""mdd_delta_after_cost"": 0.00265157, ""name"": ""trim_hedge"", ""stress_delta_after_cost"": 0.00019399, ""turnover_pct"": 10.0, ""why_not_chosen_ko"": """"}, {""available"": true, ""cvar_delta_after_cost"": 0.00158823, ""estimated_cost_bps"": 25.0, ""mdd_delta_after_cost"": 0.0074225, ""name"": ""trim_cash"", ""stress_delta_after_cost"": 0.00037189, ""turnover_pct"": 10.0, ""why_not_chosen_ko"": ""cash baseline was compared against the trim+hedge action""}, {""available"": true, ""cvar_delta_after_cost"": 0.0, ""estimated_cost_bps"": 0.0, ""mdd_delta_after_cost"": 0.0, ""name"": ""hold"", ""stress_delta_after_cost"": 0.0, ""turnover_pct"": 0.0, ""why_not_chosen_ko"": ""does not reduce the active scenario vulnerability""}]}",4,0.00071437,0.00265157,0.00019399,25.0,0.00025,ASSUMED_LIQUID_UNIVERSE,Y,Y,Y,Y,LAGS_CASH,ROBUST_IMPROVE,UNCERTAIN,Y,"{""concentration_cap_pct"": 50.0, ""max_candidate_weight_pct"": 20.0, ""max_turnover_pct"": 20.0, ""min_existing_kept_pct"": 80.0, ""profile_source"": ""system_default""}",,0.90112533,0.86658867,-0.03453666,3.8326,51.7407,51.7407,51.7407,39.439575,34.439575,39.439575,34.439575,0.0,5.0,-0.034772279998451075,-0.0340579148801906,0.00071437,-0.46919829375549826,-0.4665467208916262,0.00265157,0.4760380801513618,0.47616914378081465,0.00013106,-0.005529416996763946,-0.005335422225610849,0.00019399,1.0985434401978988,1.0913790128103378,-0.00716443,computed_from_action_before_after_weights,,10.0,95.0,5.0,PASS,,지정학·공급망 충격 취약성을 만든 005930.KS에 대해 000270.KS로 원인 보유자산 일부 축소 후 헷지를 적용하면 sleeve 취약도 변화가 -0.0345입니다. 정식 추천 기준은 미달해 검토 후보입니다.,Action formal gate did not pass. Blockers: cash_baseline_lag|linked_formal_gate_blocked|linked_recommendation_not_formal. Linked recommendation status is evidence only: REFERENCE_ONLY.,"000270.KS 조정은 지정학·공급망 충격 취약성을 낮추는 검토안이며 전후 지표는 CVaR 개선, MDD 개선, stress 개선으로 확인됩니다.",취약성 0.0345 감소; CVaR 0.07%p 개선; MDD 0.27%p 개선; stress 0.02%p 개선; Sharpe 0.01 악화,FORMAL_ACTION excluded by action-level gate: cash_baseline_lag|linked_formal_gate_blocked|linked_recommendation_not_formal,False,False,,같은 risk sleeve에서 더 적합한 액션이 선택되어 후보 감사 목록에만 남겼습니다.,"{""005930.KS"": 39.439575, ""035420.KS"": 19.730652, ""035720.KS"": 13.263866, ""NVDA"": 27.565907}","{""000270.KS"": 5.0, ""005930.KS"": 34.439575, ""035420.KS"": 19.730652, ""035720.KS"": 13.263866, ""NVDA"": 27.565907}"
action_008,REVIEW_ACTION,DE_RISK_CASH,REVIEW_REQUIRED,DE_RISK_CASH,D,D. 참고 benchmark,방어 성격은 있으나 핵심 취약점 직접 처방으로 보기는 약해 비교 기준으로만 둡니다.,N,BENCHMARK,29.7983,0.0,0.239631,action_quality_score,0.239631,12,D:0-49,grade_banded_final_score_v1,,,,,,,,,formal_de_risk_cash_gate,PASS,,geopolitical_supply_chain,지정학·공급망 충격,geopolitical_supply_chain,china_trade_fragmentation_shock|geopolitical_escalation_supply_shock,005930.KS,005930.KS,,__CASH__,__CASH__,__CASH__,REFERENCE_ONLY,,,,,,,,,,,"Cash de-risk is a review benchmark, not a formal hedge prescription.","{""alternatives"": [{""available"": true, ""cvar"": -0.034772279998451075, ""estimated_cost_bps"": 0.0, ""mdd"": -0.46919829375549826, ""name"": ""current"", ""stress"": -0.005529416996763946, ""turnover_pct"": 0.0, ""why_not_chosen_ko"": ""baseline portfolio""}, {""available"": true, ""cvar_delta_after_cost"": 0.00158823, ""estimated_cost_bps"": 25.0, ""mdd_delta_after_cost"": 0.0074225, ""name"": ""trim_hedge"", ""stress_delta_after_cost"": 0.00037189, ""turnover_pct"": 10.0, ""why_not_chosen_ko"": """"}, {""available"": true, ""cvar_delta_after_cost"": 0.00158823, ""estimated_cost_bps"": 25.0, ""mdd_delta_after_cost"": 0.0074225, ""name"": ""trim_cash"", ""stress_delta_after_cost"": 0.00037189, ""turnover_pct"": 10.0, ""why_not_chosen_ko"": ""cash baseline was compared against the trim+hedge action""}, {""available"": true, ""cvar_delta_after_cost"": 0.0, ""estimated_cost_bps"": 0.0, ""mdd_delta_after_cost"": 0.0, ""name"": ""hold"", ""stress_delta_after_cost"": 0.0, ""turnover_pct"": 0.0, ""why_not_chosen_ko"": ""does not reduce the active scenario vulnerability""}]}",4,0.00158823,0.0074225,0.00037189,25.0,0.00025,CASH_BUCKET,Y,Y,Y,N,CASH_BETTER,ROBUST_IMPROVE,UNCERTAIN,Y,"{""concentration_cap_pct"": 50.0, ""max_candidate_weight_pct"": 20.0, ""max_turnover_pct"": 20.0, ""min_existing_kept_pct"": 80.0, ""profile_source"": ""system_default""}",,0.90112533,0.84201614,-0.05910919,6.5595,51.7407,51.7407,51.7407,39.439575,34.439575,39.439575,34.439575,0.0,5.0,-0.034772279998451075,-0.033184046341324,0.00158823,-0.46919829375549826,-0.4617757894550243,0.0074225,0.4760380801513618,0.4781742582250269,0.00213618,-0.005529416996763946,-0.005157531004203483,0.00037189,1.0985434401978988,1.078377432756694,-0.02016601,computed_from_action_before_after_weights,,10.0,95.0,5.0,PASS,,지정학·공급망 충격 취약성을 만든 005930.KS에 대해 __CASH__로 DE_RISK_CASH를 적용하면 sleeve 취약도 변화가 -0.0591입니다. 정식 추천 기준은 미달해 검토 후보입니다.,취약성 완화 효과는 있으나 linked recommendation status가 REFERENCE_ONLY라서 정식 실행 추천이 아니라 실행 전 검토 후보로 유지합니다.,"__CASH__ 조정은 지정학·공급망 충격 취약성을 낮추는 검토안이며 전후 지표는 CVaR 개선, MDD 개선, stress 개선으로 확인됩니다.",취약성 0.0591 감소; CVaR 0.16%p 개선; MDD 0.74%p 개선; stress 0.04%p 개선; Sharpe 0.02 악화,"FORMAL_ACTION 제외 사유: 기존 추천 gate 상태가 REFERENCE_ONLY입니다. stress/backtest, CVaR·MDD 안정성, 거래 제약 검증이 추가로 충족되어야 정식 추천으로 올릴 수 있습니다.",False,False,,같은 risk sleeve에서 더 적합한 액션이 선택되어 후보 감사 목록에만 남겼습니다.,"{""005930.KS"": 39.439575, ""035420.KS"": 19.730652, ""035720.KS"": 13.263866, ""NVDA"": 27.565907}","{""005930.KS"": 34.439575, ""035420.KS"": 19.730652, ""035720.KS"": 13.263866, ""NVDA"": 27.565907, ""__CASH__"": 5.0}"
action_007,FAIL_ACTION,REPLACE_SLEEVE,,REVIEW,,,,Y,MEDIUM,90.8013,0.0,0.552773,action_quality_score,0.552773,27,D:0-49,grade_banded_final_score_v1,,,,,,,,,formal_rebalance_hedge_gate,FAIL,base_action_status_fail_action|constraint_failed|linked_recommendation_not_formal|not_trim_and_hedge,geopolitical_supply_chain,지정학·공급망 충격,geopolitical_supply_chain,china_trade_fragmentation_shock|geopolitical_escalation_supply_shock,005930.KS|NVDA,005930.KS,,GLD,GLD,GLD,REFERENCE_ONLY,,,,,,,,,,,"Action formal gate failed: base_action_status_fail_action, constraint_failed, linked_recommendation_not_formal, not_trim_and_hedge","{""alternatives"": [{""available"": true, ""cvar"": -0.034772279998451075, ""estimated_cost_bps"": 0.0, ""mdd"": -0.46919829375549826, ""name"": ""current"", ""stress"": -0.005529416996763946, ""turnover_pct"": 0.0, ""why_not_chosen_ko"": ""baseline portfolio""}, {""available"": true, ""cvar_delta_after_cost"": 0.00311842, ""estimated_cost_bps"": 25.0, ""mdd_delta_after_cost"": 0.03375375, ""name"": ""trim_hedge"", ""stress_delta_after_cost"": 0.00037104, ""turnover_pct"": 20.0, ""why_not_chosen_ko"": """"}, {""available"": true, ""cvar_delta_after_cost"": 0.00345762, ""estimated_cost_bps"": 25.0, ""mdd_delta_after_cost"": 0.02962618, ""name"": ""trim_cash"", ""stress_delta_after_cost"": 0.00034488, ""turnover_pct"": 20.0, ""why_not_chosen_ko"": ""cash baseline was compared against the trim+hedge action""}, {""available"": true, ""cvar_delta_after_cost"": 0.0, ""estimated_cost_bps"": 0.0, ""mdd_delta_after_cost"": 0.0, ""name"": ""hold"", ""stress_delta_after_cost"": 0.0, ""turnover_pct"": 0.0, ""why_not_chosen_ko"": ""does not reduce the active scenario vulnerability""}]}",4,0.00311842,0.03375375,0.00037104,25.0,0.0005,ASSUMED_LIQUID_UNIVERSE,Y,Y,Y,Y,BEATS_CASH,ACTION_BOOTSTRAP_PASS,ACTION_BOOTSTRAP_PASS,Y,"{""concentration_cap_pct"": 50.0, ""max_candidate_weight_pct"": 20.0, ""max_turnover_pct"": 20.0, ""min_existing_kept_pct"": 80.0, ""profile_source"": ""system_default""}",,0.90112533,0.76903626,-0.13208907,14.6582,75.239,75.239,75.239,39.439575,34.439575,39.439575,34.439575,0.0,10.0,-0.034772279998451075,-0.03165385557607087,0.00311842,-0.46919829375549826,-0.4354445431780397,0.03375375,0.4760380801513618,0.4093931983807893,-0.06664488,-0.005529416996763946,-0.0051583785205177955,0.00037104,1.0985434401978988,1.0786754380581443,-0.019868,computed_from_action_before_after_weights,,20.0,90.0,5.0,FAIL,turnover 20.00% > 20.00%,지정학·공급망 충격 액션은 turnover 20.00% > 20.00% 때문에 기준 미통과입니다.,기준 미통과: turnover 20.00% > 20.00%,"GLD 조정은 지정학·공급망 충격 취약성은 일부 낮춰도 핵심 리스크 지표가 악화되어 실행 기준 미통과입니다. (CVaR 개선, MDD 개선, stress 개선)",취약성 0.1321 감소; CVaR 0.31%p 개선; MDD 3.38%p 개선; stress 0.04%p 개선; Sharpe 0.02 악화,turnover 20.00% > 20.00%,False,False,,기준 미통과: turnover 20.00% > 20.00%,"{""005930.KS"": 39.439575, ""035420.KS"": 19.730652, ""035720.KS"": 13.263866, ""NVDA"": 27.565907}","{""005930.KS"": 34.439575, ""035420.KS"": 19.730652, ""035720.KS"": 13.263866, ""GLD"": 10.0, ""NVDA"": 22.565907}"
action_001,FAIL_ACTION,ADD_HEDGE,,REVIEW,,,,Y,LOW,94.3942,0.6078434397931557,0.339138,linked_final_score,0.6078434397931557,30,D:0-49,grade_banded_final_score_v1,0.7359173651478241,1.0,growth_beta|korea_domestic_credit|korea_equity|krw_exposure|usdkrw_fx_korea|semiconductor_ai_cycle,geopolitical_supply_chain|gold|inflation_energy_shock|korea_domestic_credit|kr_listed|usdkrw_fx_korea,Y,N,Y,D,formal_rebalance_hedge_gate,FAIL,base_action_status_fail_action|cash_baseline_lag|constraint_failed|linked_formal_gate_blocked|linked_recommendation_not_formal|not_trim_and_hedge,geopolitical_supply_chain,지정학·공급망 충격,geopolitical_supply_chain,china_trade_fragmentation_shock|geopolitical_escalation_supply_shock,005930.KS|NVDA|035420.KS|035720.KS,005930.KS,,132030.KS,132030.KS,132030.KS,REFERENCE_ONLY,REFERENCE_ONLY,VALIDATION_INSUFFICIENT,validation_insufficient|return_drag_reference|reference_only,"검증 이력 부족 - Add enough target stress validation history before formal promotion.; 수익률 훼손 검토 필요 - Confirm risk reduction compensates for return drag before promotion.; 참고 후보 - Use as research context, not an execution recommendation.",0,0,0,0,linked_recommendation_evidence_after_backtest,,"Action formal gate failed: base_action_status_fail_action, cash_baseline_lag, constraint_failed, linked_formal_gate_blocked, linked_recommendation_not_formal, not_trim_and_hedge","{""alternatives"": [{""available"": true, ""cvar"": -0.034772279998451075, ""estimated_cost_bps"": 0.0, ""mdd"": -0.46919829375549826, ""name"": ""current"", ""stress"": -0.005529416996763946, ""turnover_pct"": 0.0, ""why_not_chosen_ko"": ""baseline portfolio""}, {""available"": true, ""cvar_delta_after_cost"": 0.00228125, ""estimated_cost_bps"": 25.0, ""mdd_delta_after_cost"": 0.02977156, ""name"": ""trim_hedge"", ""stress_delta_after_cost"": 0.00050903, ""turnover_pct"": 55.7691, ""why_not_chosen_ko"": """"}, {""available"": true, ""cvar_delta_after_cost"": 0.00316404, ""estimated_cost_bps"": 25.0, ""mdd_delta_after_cost"": 0.03275545, ""name"": ""trim_cash"", ""stress_delta_after_cost"": 0.00050314, ""turnover_pct"": 55.7691, ""why_not_chosen_ko"": ""cash baseline was compared against the trim+hedge action""}, {""available"": true, ""cvar_delta_after_cost"": 0.0, ""estimated_cost_bps"": 0.0, ""mdd_delta_after_cost"": 0.0, ""name"": ""hold"", ""stress_delta_after_cost"": 0.0, ""turnover_pct"": 0.0, ""why_not_chosen_ko"": ""does not reduce the active scenario vulnerability""}]}",4,0.00228125,0.02977156,0.00050903,25.0,0.00139423,ASSUMED_LIQUID_UNIVERSE,Y,Y,Y,Y,LAGS_CASH,ROBUST_IMPROVE,UNCERTAIN,Y,"{""concentration_cap_pct"": 50.0, ""max_candidate_weight_pct"": 20.0, ""max_turnover_pct"": 20.0, ""min_existing_kept_pct"": 80.0, ""profile_source"": ""system_default""}",,0.90112533,0.85014238,-0.05098295,5.6577,100.0,100.0,100.0,39.439575,35.8509,39.439575,35.8509,0.0,8.7198,-0.034772279998451075,-0.0324910320444015,0.00228125,-0.46919829375549826,-0.4394267300997077,0.02977156,0.4760380801513618,0.42274230751480174,-0.05329577,-0.005529416996763946,-0.005020390774078368,0.00050903,1.0985434401978988,1.0379668469300511,-0.06057659,computed_from_action_before_after_weights,,55.7691,90.9007,5.0,FAIL,turnover 55.77% > 20.00%,지정학·공급망 충격 액션은 turnover 55.77% > 20.00% 때문에 기준 미통과입니다.,기준 미통과: turnover 55.77% > 20.00%,"132030.KS 조정은 지정학·공급망 충격 취약성은 일부 낮춰도 핵심 리스크 지표가 악화되어 실행 기준 미통과입니다. (CVaR 개선, MDD 개선, stress 개선)",취약성 0.0510 감소; CVaR 0.23%p 개선; MDD 2.98%p 개선; stress 0.05%p 개선; Sharpe 0.06 악화,turnover 55.77% > 20.00%,False,False,,기준 미통과: turnover 55.77% > 20.00%,"{""005930.KS"": 39.439575, ""035420.KS"": 19.730652, ""035720.KS"": 13.263866, ""NVDA"": 27.565907}","{""005930.KS"": 35.8509, ""035420.KS"": 17.9353, ""035720.KS"": 12.0569, ""132030.KS"": 8.7198, ""NVDA"": 25.0576, ""__CASH__"": 37.95}"
action_005,FAIL_ACTION,ADD_HEDGE,,REVIEW,,,,Y,LOW,89.4185,0.5099561361552056,0.317042,linked_final_score,0.5099561361552056,25,D:0-49,grade_banded_final_score_v1,,1.0,growth_beta|korea_domestic_credit|korea_equity|krw_exposure|usdkrw_fx_korea|semiconductor_ai_cycle,defensive_equity|geopolitical_supply_chain|gold|inflation_energy_shock|korea_domestic_credit|korea_equity|kr_listed|recession_liquidity_stress|usdkrw_fx_korea,N,N,N,C,formal_rebalance_hedge_gate,FAIL,base_action_status_fail_action|cash_baseline_lag|concentration_failed|constraint_failed|linked_formal_gate_blocked|linked_recommendation_not_formal|not_trim_and_hedge,geopolitical_supply_chain,지정학·공급망 충격,geopolitical_supply_chain,china_trade_fragmentation_shock|geopolitical_escalation_supply_shock,005930.KS|NVDA|035420.KS|035720.KS,005930.KS,,132030.KS|017670.KS,132030.KS,132030.KS + 017670.KS,REFERENCE_ONLY,REFERENCE_ONLY,VALIDATION_INSUFFICIENT,validation_insufficient|return_drag_reference|reference_only,"검증 이력 부족 - Add enough target stress validation history before formal promotion.; 수익률 훼손 검토 필요 - Confirm risk reduction compensates for return drag before promotion.; 참고 후보 - Use as research context, not an execution recommendation.",0,0,0,0,linked_recommendation_evidence_after_backtest,,"Action formal gate failed: base_action_status_fail_action, cash_baseline_lag, concentration_failed, constraint_failed, linked_formal_gate_blocked, linked_recommendation_not_formal, not_trim_and_hedge","{""alternatives"": [{""available"": true, ""cvar"": -0.034772279998451075, ""estimated_cost_bps"": 0.0, ""mdd"": -0.46919829375549826, ""name"": ""current"", ""stress"": -0.005529416996763946, ""turnover_pct"": 0.0, ""why_not_chosen_ko"": ""baseline portfolio""}, {""available"": true, ""cvar_delta_after_cost"": 0.00242239, ""estimated_cost_bps"": 25.0, ""mdd_delta_after_cost"": 0.02747063, ""name"": ""trim_hedge"", ""stress_delta_after_cost"": 0.00047634, ""turnover_pct"": 112.5752, ""why_not_chosen_ko"": """"}, {""available"": true, ""cvar_delta_after_cost"": 0.00316404, ""estimated_cost_bps"": 25.0, ""mdd_delta_after_cost"": 0.03275545, ""name"": ""trim_cash"", ""stress_delta_after_cost"": 0.00050314, ""turnover_pct"": 112.5752, ""why_not_chosen_ko"": ""cash baseline was compared against the trim+hedge action""}, {""available"": true, ""cvar_delta_after_cost"": 0.0, ""estimated_cost_bps"": 0.0, ""mdd_delta_after_cost"": 0.0, ""name"": ""hold"", ""stress_delta_after_cost"": 0.0, ""turnover_pct"": 0.0, ""why_not_chosen_ko"": ""does not reduce the active scenario vulnerability""}]}",4,0.00242239,0.02747063,0.00047634,25.0,0.00281438,ASSUMED_LIQUID_UNIVERSE,Y,N,Y,Y,LAGS_CASH,ROBUST_IMPROVE,UNCERTAIN,Y,"{""concentration_cap_pct"": 50.0, ""max_candidate_weight_pct"": 20.0, ""max_turnover_pct"": 20.0, ""min_existing_kept_pct"": 80.0, ""profile_source"": ""system_default""}",,0.90112533,0.85024634,-0.05087899,5.6462,100.0,100.0,100.0,39.439575,35.8509,39.439575,35.8509,0.0,3.8754,-0.034772279998451075,-0.03234988829611603,0.00242239,-0.46919829375549826,-0.4417276613259241,0.02747063,0.4760380801513618,0.4237169025406234,-0.05232118,-0.005529416996763946,-0.005053078527675746,0.00047634,1.0985434401978988,1.0403904930135115,-0.05815295,computed_from_action_before_after_weights,,112.5752,90.9007,5.0,FAIL,turnover 112.58% > 20.00%; concentration cap 95.33% > 50.00%,지정학·공급망 충격 액션은 turnover 112.58% > 20.00%; concentration cap 95.33% > 50.00% 때문에 기준 미통과입니다.,기준 미통과: turnover 112.58% > 20.00%; concentration cap 95.33% > 50.00%,"132030.KS + 017670.KS 조정은 지정학·공급망 충격 취약성은 일부 낮춰도 핵심 리스크 지표가 악화되어 실행 기준 미통과입니다. (CVaR 개선, MDD 개선, stress 개선)",취약성 0.0509 감소; CVaR 0.24%p 개선; MDD 2.75%p 개선; stress 0.05%p 개선; Sharpe 0.06 악화,turnover 112.58% > 20.00%; concentration cap 95.33% > 50.00%,False,False,,기준 미통과: turnover 112.58% > 20.00%; concentration cap 95.33% > 50.00%,"{""005930.KS"": 39.439575, ""035420.KS"": 19.730652, ""035720.KS"": 13.263866, ""NVDA"": 27.565907}","{""005930.KS"": 35.8509, ""017670.KS"": 4.2705, ""035420.KS"": 17.9353, ""035720.KS"": 12.0569, ""132030.KS"": 3.8754, ""NVDA"": 25.0576, ""__CASH__"": 95.33}"
action_016,REVIEW_ACTION,TRIM_AND_HEDGE,REVIEW_REQUIRED,REVIEW,B,B. 조건부 처방,"핵심 취약점 보완 효과는 있으나 검증 샘플, 비용, 유동성, cash baseline 중 일부 확인이 필요합니다.",Y,LOW,100.0,0.5524613425953122,0.32506,linked_final_score,0.5524613425953122,80,B:70-89,grade_banded_final_score_v1,,1.0,growth_beta|korea_domestic_credit|korea_equity|krw_exposure|usdkrw_fx_korea|semiconductor_ai_cycle,cash_like|defensive_equity|korea_domestic_credit|korea_equity|kr_short_bond|rate_shock_growth_duration|recession_liquidity_stress|usdkrw_fx_korea,N,Y,N,C,formal_rebalance_hedge_gate,FAIL,bootstrap_not_robust|linked_formal_gate_blocked|linked_recommendation_not_formal,rate_shock_growth_duration,장기금리·성장주 듀레이션,rate_shock_growth_duration,higher_for_longer_long_rate_shock,NVDA,NVDA,,153130.KS|017670.KS,153130.KS,153130.KS + 017670.KS,REFERENCE_ONLY,REFERENCE_ONLY,VALIDATION_INSUFFICIENT,validation_insufficient|return_drag_reference|reference_only,"검증 이력 부족 - Add enough target stress validation history before formal promotion.; 수익률 훼손 검토 필요 - Confirm risk reduction compensates for return drag before promotion.; 참고 후보 - Use as research context, not an execution recommendation.",0,0,0,0,linked_recommendation_evidence_after_backtest,,"Action formal gate failed: bootstrap_not_robust, linked_formal_gate_blocked, linked_recommendation_not_formal","{""alternatives"": [{""available"": true, ""cvar"": -0.034772279998451075, ""estimated_cost_bps"": 0.0, ""mdd"": -0.46919829375549826, ""name"": ""current"", ""stress"": -0.005529416996763946, ""turnover_pct"": 0.0, ""why_not_chosen_ko"": ""baseline portfolio""}, {""available"": true, ""cvar_delta_after_cost"": 0.00148064, ""estimated_cost_bps"": 25.0, ""mdd_delta_after_cost"": 0.02325907, ""name"": ""trim_hedge"", ""stress_delta_after_cost"": 2.264e-05, ""turnover_pct"": 10.000001, ""why_not_chosen_ko"": """"}, {""available"": true, ""cvar_delta_after_cost"": 0.00177329, ""estimated_cost_bps"": 25.0, ""mdd_delta_after_cost"": 0.02181889, ""name"": ""trim_cash"", ""stress_delta_after_cost"": -2.7e-05, ""turnover_pct"": 10.000001, ""why_not_chosen_ko"": ""cash baseline was compared against the trim+hedge action""}, {""available"": true, ""cvar_delta_after_cost"": 0.0, ""estimated_cost_bps"": 0.0, ""mdd_delta_after_cost"": 0.0, ""name"": ""hold"", ""stress_delta_after_cost"": 0.0, ""turnover_pct"": 0.0, ""why_not_chosen_ko"": ""does not reduce the active scenario vulnerability""}]}",4,0.00148064,0.02325907,2.264e-05,25.0,0.00025,ASSUMED_LIQUID_UNIVERSE,Y,Y,Y,Y,BEATS_CASH,UNCERTAIN,UNCERTAIN,Y,"{""concentration_cap_pct"": 50.0, ""max_candidate_weight_pct"": 20.0, ""max_turnover_pct"": 20.0, ""min_existing_kept_pct"": 80.0, ""profile_source"": ""system_default""}",,0.69986661,0.62898756,-0.07087905,10.1275,64.6969,64.6969,64.6969,27.565907,22.565907,27.565907,22.565907,0.0,2.5,-0.034772279998451075,-0.033291636405753756,0.00148064,-0.46919829375549826,-0.4459392205807391,0.02325907,0.4760380801513618,0.3792694381176177,-0.09676864,-0.005529416996763946,-0.005506772539559355,2.264e-05,1.0985434401978988,0.9247596754505772,-0.17378376,computed_from_action_before_after_weights,,10.000001,95.0,5.0,PASS,,"장기금리·성장주 듀레이션 취약성을 만든 NVDA에 대해 153130.KS, 017670.KS로 원인 보유자산 일부 축소 후 헷지를 적용하면 sleeve 취약도 변화가 -0.0709입니다. 정식 추천 기준은 미달해 검토 후보입니다.",Action formal gate did not pass. Blockers: bootstrap_not_robust|linked_formal_gate_blocked|linked_recommendation_not_formal. Linked recommendation status is evidence only: REFERENCE_ONLY.,"153130.KS + 017670.KS 조정은 장기금리·성장주 듀레이션 취약성을 낮추는 검토안이며 전후 지표는 CVaR 개선, MDD 개선, stress 개선으로 확인됩니다.",취약성 0.0709 감소; CVaR 0.15%p 개선; MDD 2.33%p 개선; stress 0.00%p 개선; Sharpe 0.17 악화,FORMAL_ACTION excluded by action-level gate: bootstrap_not_robust|linked_formal_gate_blocked|linked_recommendation_not_formal,False,True,취약성 기여가 큰 보유자산이 확인되어 단순 추가 헷지보다 TRIM_AND_HEDGE가 우선입니다.,,"{""005930.KS"": 39.439575, ""035420.KS"": 19.730652, ""035720.KS"": 13.263866, ""NVDA"": 27.565907}","{""005930.KS"": 39.439575, ""017670.KS"": 2.5, ""035420.KS"": 19.730652, ""035720.KS"": 13.263866, ""153130.KS"": 2.5, ""NVDA"": 22.565907}"
action_020,REVIEW_ACTION,TRIM_AND_HEDGE,,REVIEW,C,C. 검토 후보,방향성은 맞지만 공식 처방이라 부르기에는 근거 또는 제약 검증이 부족합니다.,Y,LOW,100.0,0.8529440585198975,0.357846,linked_final_score,0.8529440585198975,66,C:50-69,grade_banded_final_score_v1,,1.0,growth_beta|korea_domestic_credit|korea_equity|krw_exposure|usdkrw_fx_korea|semiconductor_ai_cycle,defensive_equity|inverse_korea|korea_beta_offset|korea_domestic_credit|korea_equity|rate_shock_growth_duration|recession_liquidity_stress|semiconductor_ai_cycle|usdkrw_fx_korea,N,N,N,C,formal_rebalance_hedge_gate,FAIL,linked_formal_gate_blocked|linked_recommendation_not_formal,rate_shock_growth_duration,장기금리·성장주 듀레이션,rate_shock_growth_duration,higher_for_longer_long_rate_shock,NVDA,NVDA,,114800.KS|017670.KS,114800.KS,114800.KS + 017670.KS,FAIL_GATE,FAIL_GATE,VALIDATION_NOT_ELIGIBLE,fail_gate|validation_not_eligible,하드 게이트 실패 - Do not promote until the failing gate is resolved.; validation not eligible - Keep blocked or rebuild the candidate with valid backtest inputs.,0,0,0,0,linked_recommendation_evidence_after_backtest,,"Action formal gate failed: linked_formal_gate_blocked, linked_recommendation_not_formal","{""alternatives"": [{""available"": true, ""cvar"": -0.034772279998451075, ""estimated_cost_bps"": 0.0, ""mdd"": -0.46919829375549826, ""name"": ""current"", ""stress"": -0.005529416996763946, ""turnover_pct"": 0.0, ""why_not_chosen_ko"": ""baseline portfolio""}, {""available"": true, ""cvar_delta_after_cost"": 0.00219394, ""estimated_cost_bps"": 25.0, ""mdd_delta_after_cost"": 0.02764499, ""name"": ""trim_hedge"", ""stress_delta_after_cost"": 0.00019202, ""turnover_pct"": 10.000001, ""why_not_chosen_ko"": """"}, {""available"": true, ""cvar_delta_after_cost"": 0.00177329, ""estimated_cost_bps"": 25.0, ""mdd_delta_after_cost"": 0.02181889, ""name"": ""trim_cash"", ""stress_delta_after_cost"": -2.7e-05, ""turnover_pct"": 10.000001, ""why_not_chosen_ko"": ""cash baseline was compared against the trim+hedge action""}, {""available"": true, ""cvar_delta_after_cost"": 0.0, ""estimated_cost_bps"": 0.0, ""mdd_delta_after_cost"": 0.0, ""name"": ""hold"", ""stress_delta_after_cost"": 0.0, ""turnover_pct"": 0.0, ""why_not_chosen_ko"": ""does not reduce the active scenario vulnerability""}]}",4,0.00219394,0.02764499,0.00019202,25.0,0.00025,ASSUMED_LIQUID_UNIVERSE,Y,Y,Y,Y,BEATS_CASH,ACTION_BOOTSTRAP_PASS,ROBUST_IMPROVE,Y,"{""concentration_cap_pct"": 50.0, ""max_candidate_weight_pct"": 20.0, ""max_turnover_pct"": 20.0, ""min_existing_kept_pct"": 80.0, ""profile_source"": ""system_default""}",,0.69986661,0.6358744,-0.06399221,9.1435,64.6969,64.6969,64.6969,27.565907,22.565907,27.565907,22.565907,0.0,2.5,-0.034772279998451075,-0.03257833787262415,0.00219394,-0.46919829375549826,-0.4415533027902071,0.02764499,0.4760380801513618,0.3804421110138846,-0.09559597,-0.005529416996763946,-0.005337400401223481,0.00019202,1.0985434401978988,0.9168890017965959,-0.18165444,computed_from_action_before_after_weights,,10.000001,95.0,5.0,PASS,,"장기금리·성장주 듀레이션 취약성을 만든 NVDA에 대해 114800.KS, 017670.KS로 원인 보유자산 일부 축소 후 헷지를 적용하면 sleeve 취약도 변화가 -0.0640입니다. 정식 추천 기준은 미달해 검토 후보입니다.",Action formal gate did not pass. Blockers: linked_formal_gate_blocked|linked_recommendation_not_formal. Linked recommendation status is evidence only: FAIL_GATE.,"114800.KS + 017670.KS 조정은 장기금리·성장주 듀레이션 취약성을 낮추는 검토안이며 전후 지표는 CVaR 개선, MDD 개선, stress 개선으로 확인됩니다.",취약성 0.0640 감소; CVaR 0.22%p 개선; MDD 2.76%p 개선; stress 0.02%p 개선; Sharpe 0.18 악화,FORMAL_ACTION excluded by action-level gate: linked_formal_gate_blocked|linked_recommendation_not_formal,False,False,,같은 risk sleeve에서 더 적합한 액션이 선택되어 후보 감사 목록에만 남겼습니다.,"{""005930.KS"": 39.439575, ""035420.KS"": 19.730652, ""035720.KS"": 13.263866, ""NVDA"": 27.565907}","{""005930.KS"": 39.439575, ""017670.KS"": 2.5, ""035420.KS"": 19.730652, ""035720.KS"": 13.263866, ""114800.KS"": 2.5, ""NVDA"": 22.565907}"
action_010,REVIEW_ACTION,TRIM_AND_HEDGE,,REVIEW,C,C. 검토 후보,방향성은 맞지만 공식 처방이라 부르기에는 근거 또는 제약 검증이 부족합니다.,Y,LOW,100.0,0.6461744912226246,0.354187,linked_final_score,0.6461744912226246,62,C:50-69,grade_banded_final_score_v1,0.7503883523180992,1.0,growth_beta|korea_domestic_credit|korea_equity|krw_exposure|usdkrw_fx_korea|semiconductor_ai_cycle,cash_like|korea_domestic_credit|kr_short_bond|rate_shock_growth_duration|usdkrw_fx_korea,Y,Y,Y,D,formal_rebalance_hedge_gate,FAIL,linked_formal_gate_blocked|linked_recommendation_not_formal,rate_shock_growth_duration,장기금리·성장주 듀레이션,rate_shock_growth_duration,higher_for_longer_long_rate_shock,NVDA,NVDA,,153130.KS,153130.KS,153130.KS,REFERENCE_ONLY,REFERENCE_ONLY,VALIDATION_INSUFFICIENT,validation_insufficient|return_drag_reference|reference_only,"검증 이력 부족 - Add enough target stress validation history before formal promotion.; 수익률 훼손 검토 필요 - Confirm risk reduction compensates for return drag before promotion.; 참고 후보 - Use as research context, not an execution recommendation.",0,0,0,0,linked_recommendation_evidence_after_backtest,,"Action formal gate failed: linked_formal_gate_blocked, linked_recommendation_not_formal","{""alternatives"": [{""available"": true, ""cvar"": -0.034772279998451075, ""estimated_cost_bps"": 0.0, ""mdd"": -0.46919829375549826, ""name"": ""current"", ""stress"": -0.005529416996763946, ""turnover_pct"": 0.0, ""why_not_chosen_ko"": ""baseline portfolio""}, {""available"": true, ""cvar_delta_after_cost"": 0.00164904, ""estimated_cost_bps"": 25.0, ""mdd_delta_after_cost"": 0.02657452, ""name"": ""trim_hedge"", ""stress_delta_after_cost"": 6.512e-05, ""turnover_pct"": 10.000001, ""why_not_chosen_ko"": """"}, {""available"": true, ""cvar_delta_after_cost"": 0.00177329, ""estimated_cost_bps"": 25.0, ""mdd_delta_after_cost"": 0.02181889, ""name"": ""trim_cash"", ""stress_delta_after_cost"": -2.7e-05, ""turnover_pct"": 10.000001, ""why_not_chosen_ko"": ""cash baseline was compared against the trim+hedge action""}, {""available"": true, ""cvar_delta_after_cost"": 0.0, ""estimated_cost_bps"": 0.0, ""mdd_delta_after_cost"": 0.0, ""name"": ""hold"", ""stress_delta_after_cost"": 0.0, ""turnover_pct"": 0.0, ""why_not_chosen_ko"": ""does not reduce the active scenario vulnerability""}]}",4,0.00164904,0.02657452,6.512e-05,25.0,0.00025,ASSUMED_LIQUID_UNIVERSE,Y,Y,Y,Y,BEATS_CASH,ACTION_BOOTSTRAP_PASS,ROBUST_IMPROVE,Y,"{""concentration_cap_pct"": 50.0, ""max_candidate_weight_pct"": 20.0, ""max_turnover_pct"": 20.0, ""min_existing_kept_pct"": 80.0, ""profile_source"": ""system_default""}",,0.69986661,0.64023756,-0.05962905,8.5201,64.6969,64.6969,64.6969,27.565907,22.565907,27.565907,22.565907,0.0,5.0,-0.034772279998451075,-0.03312324496445668,0.00164904,-0.46919829375549826,-0.44262377794100616,0.02657452,0.4760380801513618,0.3816713537309382,-0.09436673,-0.005529416996763946,-0.0054642927737197896,6.512e-05,1.0985434401978988,0.9150410236101059,-0.18350242,computed_from_action_before_after_weights,,10.000001,95.0,5.0,PASS,,장기금리·성장주 듀레이션 취약성을 만든 NVDA에 대해 153130.KS로 원인 보유자산 일부 축소 후 헷지를 적용하면 sleeve 취약도 변화가 -0.0596입니다. 정식 추천 기준은 미달해 검토 후보입니다.,Action formal gate did not pass. Blockers: linked_formal_gate_blocked|linked_recommendation_not_formal. Linked recommendation status is evidence only: REFERENCE_ONLY.,"153130.KS 조정은 장기금리·성장주 듀레이션 취약성을 낮추는 검토안이며 전후 지표는 CVaR 개선, MDD 개선, stress 개선으로 확인됩니다.",취약성 0.0596 감소; CVaR 0.16%p 개선; MDD 2.66%p 개선; stress 0.01%p 개선; Sharpe 0.18 악화,FORMAL_ACTION excluded by action-level gate: linked_formal_gate_blocked|linked_recommendation_not_formal,False,False,,같은 risk sleeve에서 더 적합한 액션이 선택되어 후보 감사 목록에만 남겼습니다.,"{""005930.KS"": 39.439575, ""035420.KS"": 19.730652, ""035720.KS"": 13.263866, ""NVDA"": 27.565907}","{""005930.KS"": 39.439575, ""035420.KS"": 19.730652, ""035720.KS"": 13.263866, ""153130.KS"": 5.0, ""NVDA"": 22.565907}"
action_012,FAIL_ACTION,TRIM_AND_HEDGE,REVIEW_REQUIRED,REVIEW,,,,Y,LOW,84.4098,0.5959340266786852,0.211637,linked_final_score,0.5959340266786852,29,D:0-49,grade_banded_final_score_v1,0.6940400201271352,1.0,growth_beta|korea_domestic_credit|korea_equity|krw_exposure|usdkrw_fx_korea|semiconductor_ai_cycle,credit_cycle|korea_domestic_credit|korea_financial|rate_shock_growth_duration|usdkrw_fx_korea,N,N,N,C,formal_rebalance_hedge_gate,FAIL,base_action_status_fail_action|bootstrap_not_robust|cash_baseline_lag|linked_formal_gate_blocked|linked_recommendation_not_formal|stress_after_cost_not_improved,rate_shock_growth_duration,장기금리·성장주 듀레이션,rate_shock_growth_duration,higher_for_longer_long_rate_shock,NVDA,NVDA,,105560.KS,105560.KS,105560.KS,REFERENCE_ONLY,REFERENCE_ONLY,VALIDATION_INSUFFICIENT,validation_insufficient|reference_only,"검증 이력 부족 - Add enough target stress validation history before formal promotion.; 참고 후보 - Use as research context, not an execution recommendation.",0,0,0,0,linked_recommendation_evidence_after_backtest,,"Action formal gate failed: base_action_status_fail_action, bootstrap_not_robust, cash_baseline_lag, linked_formal_gate_blocked, linked_recommendation_not_formal, stress_after_cost_not_improved","{""alternatives"": [{""available"": true, ""cvar"": -0.034772279998451075, ""estimated_cost_bps"": 0.0, ""mdd"": -0.46919829375549826, ""name"": ""current"", ""stress"": -0.005529416996763946, ""turnover_pct"": 0.0, ""why_not_chosen_ko"": ""baseline portfolio""}, {""available"": true, ""cvar_delta_after_cost"": 0.00117006, ""estimated_cost_bps"": 25.0, ""mdd_delta_after_cost"": 0.01869557, ""name"": ""trim_hedge"", ""stress_delta_after_cost"": -0.00022245, ""turnover_pct"": 10.000001, ""why_not_chosen_ko"": """"}, {""available"": true, ""cvar_delta_after_cost"": 0.00177329, ""estimated_cost_bps"": 25.0, ""mdd_delta_after_cost"": 0.02181889, ""name"": ""trim_cash"", ""stress_delta_after_cost"": -2.7e-05, ""turnover_pct"": 10.000001, ""why_not_chosen_ko"": ""cash baseline was compared against the trim+hedge action""}, {""available"": true, ""cvar_delta_after_cost"": 0.0, ""estimated_cost_bps"": 0.0, ""mdd_delta_after_cost"": 0.0, ""name"": ""hold"", ""stress_delta_after_cost"": 0.0, ""turnover_pct"": 0.0, ""why_not_chosen_ko"": ""does not reduce the active scenario vulnerability""}]}",4,0.00117006,0.01869557,-0.00022245,25.0,0.00025,ASSUMED_LIQUID_UNIVERSE,Y,Y,Y,Y,LAGS_CASH,UNCERTAIN,UNCERTAIN,Y,"{""concentration_cap_pct"": 50.0, ""max_candidate_weight_pct"": 20.0, ""max_turnover_pct"": 20.0, ""min_existing_kept_pct"": 80.0, ""profile_source"": ""system_default""}",,0.69986661,0.64023756,-0.05962905,8.5201,64.6969,64.6969,64.6969,27.565907,22.565907,27.565907,22.565907,0.0,5.0,-0.034772279998451075,-0.033602219721109404,0.00117006,-0.46919829375549826,-0.45050272400472546,0.01869557,0.4760380801513618,0.3793506111105685,-0.09668747,-0.005529416996763946,-0.00575186782244304,-0.00022245,1.0985434401978988,1.0395241449038812,-0.0590193,computed_from_action_before_after_weights,,10.000001,95.0,5.0,PASS,stress worsened,장기금리·성장주 듀레이션 취약성을 만든 NVDA에 대해 105560.KS로 원인 보유자산 일부 축소 후 헷지를 적용하면 sleeve 취약도 변화가 -0.0596입니다. 정식 추천 기준은 미달해 검토 후보입니다.,기준 미통과: stress worsened,"105560.KS 조정은 장기금리·성장주 듀레이션 취약성은 일부 낮춰도 핵심 리스크 지표가 악화되어 실행 기준 미통과입니다. (CVaR 개선, MDD 개선, stress 악화)",취약성 0.0596 감소; CVaR 0.12%p 개선; MDD 1.87%p 개선; stress 0.02%p 악화; Sharpe 0.06 악화,stress worsened,False,False,,기준 미통과: stress worsened,"{""005930.KS"": 39.439575, ""035420.KS"": 19.730652, ""035720.KS"": 13.263866, ""NVDA"": 27.565907}","{""005930.KS"": 39.439575, ""035420.KS"": 19.730652, ""035720.KS"": 13.263866, ""105560.KS"": 5.0, ""NVDA"": 22.565907}"
action_014,FAIL_ACTION,TRIM_AND_HEDGE,REVIEW_REQUIRED,REVIEW,,,,Y,LOW,84.3719,0.5584665370806491,0.223606,linked_final_score,0.5584665370806491,27,D:0-49,grade_banded_final_score_v1,0.6929693742000844,1.0,growth_beta|korea_domestic_credit|korea_equity|krw_exposure|usdkrw_fx_korea|semiconductor_ai_cycle,credit_cycle|korea_domestic_credit|korea_financial|rate_shock_growth_duration|usdkrw_fx_korea,N,N,N,C,formal_rebalance_hedge_gate,FAIL,base_action_status_fail_action|bootstrap_not_robust|cash_baseline_lag|cash_bootstrap_not_robust|linked_formal_gate_blocked|linked_recommendation_not_formal|stress_after_cost_not_improved,rate_shock_growth_duration,장기금리·성장주 듀레이션,rate_shock_growth_duration,higher_for_longer_long_rate_shock,NVDA,NVDA,,055550.KS,055550.KS,055550.KS,REFERENCE_ONLY,REFERENCE_ONLY,VALIDATION_INSUFFICIENT,validation_insufficient|reference_only,"검증 이력 부족 - Add enough target stress validation history before formal promotion.; 참고 후보 - Use as research context, not an execution recommendation.",0,0,0,0,linked_recommendation_evidence_after_backtest,,"Action formal gate failed: base_action_status_fail_action, bootstrap_not_robust, cash_baseline_lag, cash_bootstrap_not_robust, linked_formal_gate_blocked, linked_recommendation_not_formal, stress_after_cost_not_improved","{""alternatives"": [{""available"": true, ""cvar"": -0.034772279998451075, ""estimated_cost_bps"": 0.0, ""mdd"": -0.46919829375549826, ""name"": ""current"", ""stress"": -0.005529416996763946, ""turnover_pct"": 0.0, ""why_not_chosen_ko"": ""baseline portfolio""}, {""available"": true, ""cvar_delta_after_cost"": 0.00127235, ""estimated_cost_bps"": 25.0, ""mdd_delta_after_cost"": 0.02346556, ""name"": ""trim_hedge"", ""stress_delta_after_cost"": -0.00026957, ""turnover_pct"": 10.000001, ""why_not_chosen_ko"": """"}, {""available"": true, ""cvar_delta_after_cost"": 0.00177329, ""estimated_cost_bps"": 25.0, ""mdd_delta_after_cost"": 0.02181889, ""name"": ""trim_cash"", ""stress_delta_after_cost"": -2.7e-05, ""turnover_pct"": 10.000001, ""why_not_chosen_ko"": ""cash baseline was compared against the trim+hedge action""}, {""available"": true, ""cvar_delta_after_cost"": 0.0, ""estimated_cost_bps"": 0.0, ""mdd_delta_after_cost"": 0.0, ""name"": ""hold"", ""stress_delta_after_cost"": 0.0, ""turnover_pct"": 0.0, ""why_not_chosen_ko"": ""does not reduce the active scenario vulnerability""}]}",4,0.00127235,0.02346556,-0.00026957,25.0,0.00025,ASSUMED_LIQUID_UNIVERSE,Y,Y,Y,Y,LAGS_CASH,UNCERTAIN,ROBUST_WORSE,Y,"{""concentration_cap_pct"": 50.0, ""max_candidate_weight_pct"": 20.0, ""max_turnover_pct"": 20.0, ""min_existing_kept_pct"": 80.0, ""profile_source"": ""system_default""}",,0.69986661,0.64023756,-0.05962905,8.5201,64.6969,64.6969,64.6969,27.565907,22.565907,27.565907,22.565907,0.0,5.0,-0.034772279998451075,-0.03349992761936894,0.00127235,-0.46919829375549826,-0.4457327345263934,0.02346556,0.4760380801513618,0.37848735631750313,-0.09755072,-0.005529416996763946,-0.0057989838675173815,-0.00026957,1.0985434401978988,1.0357300197955106,-0.06281342,computed_from_action_before_after_weights,,10.000001,95.0,5.0,PASS,stress worsened,장기금리·성장주 듀레이션 취약성을 만든 NVDA에 대해 055550.KS로 원인 보유자산 일부 축소 후 헷지를 적용하면 sleeve 취약도 변화가 -0.0596입니다. 정식 추천 기준은 미달해 검토 후보입니다.,기준 미통과: stress worsened,"055550.KS 조정은 장기금리·성장주 듀레이션 취약성은 일부 낮춰도 핵심 리스크 지표가 악화되어 실행 기준 미통과입니다. (CVaR 개선, MDD 개선, stress 악화)",취약성 0.0596 감소; CVaR 0.13%p 개선; MDD 2.35%p 개선; stress 0.03%p 악화; Sharpe 0.06 악화,stress worsened,False,False,,기준 미통과: stress worsened,"{""005930.KS"": 39.439575, ""035420.KS"": 19.730652, ""035720.KS"": 13.263866, ""NVDA"": 27.565907}","{""005930.KS"": 39.439575, ""035420.KS"": 19.730652, ""035720.KS"": 13.263866, ""055550.KS"": 5.0, ""NVDA"": 22.565907}"
action_011,REVIEW_ACTION,ADD_HEDGE,REVIEW_REQUIRED,REVIEW,B,B. 조건부 처방,"핵심 취약점 보완 효과는 있으나 검증 샘플, 비용, 유동성, cash baseline 중 일부 확인이 필요합니다.",Y,LOW,100.0,0.5959340266786852,0.309411,linked_final_score,0.5959340266786852,81,B:70-89,grade_banded_final_score_v1,0.6940400201271352,1.0,growth_beta|korea_domestic_credit|korea_equity|krw_exposure|usdkrw_fx_korea|semiconductor_ai_cycle,credit_cycle|korea_domestic_credit|korea_financial|rate_shock_growth_duration|usdkrw_fx_korea,N,N,N,C,formal_rebalance_hedge_gate,FAIL,cash_baseline_lag|cash_bootstrap_not_robust|linked_formal_gate_blocked|linked_recommendation_not_formal|not_trim_and_hedge,rate_shock_growth_duration,장기금리·성장주 듀레이션,rate_shock_growth_duration,higher_for_longer_long_rate_shock,NVDA|005930.KS|035420.KS|035720.KS,NVDA,,105560.KS,105560.KS,105560.KS,REFERENCE_ONLY,REFERENCE_ONLY,VALIDATION_INSUFFICIENT,validation_insufficient|reference_only,"검증 이력 부족 - Add enough target stress validation history before formal promotion.; 참고 후보 - Use as research context, not an execution recommendation.",0,0,0,0,linked_recommendation_evidence_after_backtest,,"Action formal gate failed: cash_baseline_lag, cash_bootstrap_not_robust, linked_formal_gate_blocked, linked_recommendation_not_formal, not_trim_and_hedge","{""alternatives"": [{""available"": true, ""cvar"": -0.034772279998451075, ""estimated_cost_bps"": 0.0, ""mdd"": -0.46919829375549826, ""name"": ""current"", ""stress"": -0.005529416996763946, ""turnover_pct"": 0.0, ""why_not_chosen_ko"": ""baseline portfolio""}, {""available"": true, ""cvar_delta_after_cost"": 0.00235836, ""estimated_cost_bps"": 25.0, ""mdd_delta_after_cost"": 0.02852074, ""name"": ""trim_hedge"", ""stress_delta_after_cost"": 0.00026409, ""turnover_pct"": 18.1986, ""why_not_chosen_ko"": """"}, {""available"": true, ""cvar_delta_after_cost"": 0.00316404, ""estimated_cost_bps"": 25.0, ""mdd_delta_after_cost"": 0.03275545, ""name"": ""trim_cash"", ""stress_delta_after_cost"": 0.00050314, ""turnover_pct"": 18.1986, ""why_not_chosen_ko"": ""cash baseline was compared against the trim+hedge action""}, {""available"": true, ""cvar_delta_after_cost"": 0.0, ""estimated_cost_bps"": 0.0, ""mdd_delta_after_cost"": 0.0, ""name"": ""hold"", ""stress_delta_after_cost"": 0.0, ""turnover_pct"": 0.0, ""why_not_chosen_ko"": ""does not reduce the active scenario vulnerability""}]}",4,0.00235836,0.02852074,0.00026409,25.0,0.00045496,ASSUMED_LIQUID_UNIVERSE,Y,Y,Y,Y,LAGS_CASH,ACTION_BOOTSTRAP_PASS,ROBUST_WORSE,Y,"{""concentration_cap_pct"": 50.0, ""max_candidate_weight_pct"": 20.0, ""max_turnover_pct"": 20.0, ""min_existing_kept_pct"": 80.0, ""profile_source"": ""system_default""}",,0.69986661,0.66370282,-0.03616379,5.1672,100.0,100.0,100.0,27.565907,25.0576,27.565907,25.0576,0.0,6.1154,-0.034772279998451075,-0.032413918541800014,0.00235836,-0.46919829375549826,-0.4406775490417064,0.02852074,0.4760380801513618,0.42883296527820136,-0.04720511,-0.005529416996763946,-0.005265327572316562,0.00026409,1.0985434401978988,1.149885525991541,0.05134209,computed_from_action_before_after_weights,,18.1986,90.9007,5.0,PASS,,"장기금리·성장주 듀레이션 취약성을 만든 NVDA, 005930.KS, 035420.KS에 대해 105560.KS로 추가 헷지를 적용하면 sleeve 취약도 변화가 -0.0362입니다. 정식 추천 기준은 미달해 검토 후보입니다.",Action formal gate did not pass. Blockers: cash_baseline_lag|cash_bootstrap_not_robust|linked_formal_gate_blocked|linked_recommendation_not_formal|not_trim_and_hedge. Linked recommendation status is evidence only: REFERENCE_ONLY.,"105560.KS 조정은 장기금리·성장주 듀레이션 취약성을 낮추는 검토안이며 전후 지표는 CVaR 개선, MDD 개선, stress 개선으로 확인됩니다.",취약성 0.0362 감소; CVaR 0.24%p 개선; MDD 2.85%p 개선; stress 0.03%p 개선; Sharpe 0.05 개선,FORMAL_ACTION excluded by action-level gate: cash_baseline_lag|cash_bootstrap_not_robust|linked_formal_gate_blocked|linked_recommendation_not_formal|not_trim_and_hedge,False,False,,같은 risk sleeve에서 더 적합한 액션이 선택되어 후보 감사 목록에만 남겼습니다.,"{""005930.KS"": 39.439575, ""035420.KS"": 19.730652, ""035720.KS"": 13.263866, ""NVDA"": 27.565907}","{""005930.KS"": 35.8509, ""035420.KS"": 17.9353, ""035720.KS"": 12.0569, ""105560.KS"": 6.1154, ""NVDA"": 25.0576, ""__CASH__"": 2.9839}"
action_013,REVIEW_ACTION,ADD_HEDGE,REVIEW_REQUIRED,REVIEW,B,B. 조건부 처방,"핵심 취약점 보완 효과는 있으나 검증 샘플, 비용, 유동성, cash baseline 중 일부 확인이 필요합니다.",Y,LOW,100.0,0.5584665370806491,0.30341,linked_final_score,0.5584665370806491,81,B:70-89,grade_banded_final_score_v1,0.6929693742000844,1.0,growth_beta|korea_domestic_credit|korea_equity|krw_exposure|usdkrw_fx_korea|semiconductor_ai_cycle,credit_cycle|korea_domestic_credit|korea_financial|rate_shock_growth_duration|usdkrw_fx_korea,N,N,N,C,formal_rebalance_hedge_gate,FAIL,cash_baseline_lag|cash_bootstrap_not_robust|linked_formal_gate_blocked|linked_recommendation_not_formal|not_trim_and_hedge,rate_shock_growth_duration,장기금리·성장주 듀레이션,rate_shock_growth_duration,higher_for_longer_long_rate_shock,NVDA|005930.KS|035420.KS|035720.KS,NVDA,,055550.KS,055550.KS,055550.KS,REFERENCE_ONLY,REFERENCE_ONLY,VALIDATION_INSUFFICIENT,validation_insufficient|reference_only,"검증 이력 부족 - Add enough target stress validation history before formal promotion.; 참고 후보 - Use as research context, not an execution recommendation.",0,0,0,0,linked_recommendation_evidence_after_backtest,,"Action formal gate failed: cash_baseline_lag, cash_bootstrap_not_robust, linked_formal_gate_blocked, linked_recommendation_not_formal, not_trim_and_hedge","{""alternatives"": [{""available"": true, ""cvar"": -0.034772279998451075, ""estimated_cost_bps"": 0.0, ""mdd"": -0.46919829375549826, ""name"": ""current"", ""stress"": -0.005529416996763946, ""turnover_pct"": 0.0, ""why_not_chosen_ko"": ""baseline portfolio""}, {""available"": true, ""cvar_delta_after_cost"": 0.00229634, ""estimated_cost_bps"": 25.0, ""mdd_delta_after_cost"": 0.03468768, ""name"": ""trim_hedge"", ""stress_delta_after_cost"": 0.00011524, ""turnover_pct"": 18.1986, ""why_not_chosen_ko"": """"}, {""available"": true, ""cvar_delta_after_cost"": 0.00316404, ""estimated_cost_bps"": 25.0, ""mdd_delta_after_cost"": 0.03275545, ""name"": ""trim_cash"", ""stress_delta_after_cost"": 0.00050314, ""turnover_pct"": 18.1986, ""why_not_chosen_ko"": ""cash baseline was compared against the trim+hedge action""}, {""available"": true, ""cvar_delta_after_cost"": 0.0, ""estimated_cost_bps"": 0.0, ""mdd_delta_after_cost"": 0.0, ""name"": ""hold"", ""stress_delta_after_cost"": 0.0, ""turnover_pct"": 0.0, ""why_not_chosen_ko"": ""does not reduce the active scenario vulnerability""}]}",4,0.00229634,0.03468768,0.00011524,25.0,0.00045496,ASSUMED_LIQUID_UNIVERSE,Y,Y,Y,Y,LAGS_CASH,ACTION_BOOTSTRAP_PASS,ROBUST_WORSE,Y,"{""concentration_cap_pct"": 50.0, ""max_candidate_weight_pct"": 20.0, ""max_turnover_pct"": 20.0, ""min_existing_kept_pct"": 80.0, ""profile_source"": ""system_default""}",,0.69986661,0.67216462,-0.02770199,3.9582,100.0,100.0,100.0,27.565907,25.0576,27.565907,25.0576,0.0,7.9958,-0.034772279998451075,-0.03247593800178368,0.00229634,-0.46919829375549826,-0.4345106100763009,0.03468768,0.4760380801513618,0.42625668260827104,-0.0497814,-0.005529416996763946,-0.005414178069869685,0.00011524,1.0985434401978988,1.1617660669558552,0.06322263,computed_from_action_before_after_weights,,18.1986,90.9007,5.0,PASS,,"장기금리·성장주 듀레이션 취약성을 만든 NVDA, 005930.KS, 035420.KS에 대해 055550.KS로 추가 헷지를 적용하면 sleeve 취약도 변화가 -0.0277입니다. 정식 추천 기준은 미달해 검토 후보입니다.",Action formal gate did not pass. Blockers: cash_baseline_lag|cash_bootstrap_not_robust|linked_formal_gate_blocked|linked_recommendation_not_formal|not_trim_and_hedge. Linked recommendation status is evidence only: REFERENCE_ONLY.,"055550.KS 조정은 장기금리·성장주 듀레이션 취약성을 낮추는 검토안이며 전후 지표는 CVaR 개선, MDD 개선, stress 개선으로 확인됩니다.",취약성 0.0277 감소; CVaR 0.23%p 개선; MDD 3.47%p 개선; stress 0.01%p 개선; Sharpe 0.06 개선,FORMAL_ACTION excluded by action-level gate: cash_baseline_lag|cash_bootstrap_not_robust|linked_formal_gate_blocked|linked_recommendation_not_formal|not_trim_and_hedge,False,False,,같은 risk sleeve에서 더 적합한 액션이 선택되어 후보 감사 목록에만 남겼습니다.,"{""005930.KS"": 39.439575, ""035420.KS"": 19.730652, ""035720.KS"": 13.263866, ""NVDA"": 27.565907}","{""005930.KS"": 35.8509, ""035420.KS"": 17.9353, ""035720.KS"": 12.0569, ""055550.KS"": 7.9958, ""NVDA"": 25.0576, ""__CASH__"": 1.1035}"
action_021,REVIEW_ACTION,DE_RISK_CASH,,REVIEW,D,D. 참고 benchmark,방어 성격은 있으나 핵심 취약점 직접 처방으로 보기는 약해 비교 기준으로만 둡니다.,N,BENCHMARK,10.9085,0.0,0.364451,action_quality_score,0.364451,18,D:0-49,grade_banded_final_score_v1,,,,,,,,,formal_de_risk_cash_gate,FAIL,stress_after_cost_not_improved,rate_shock_growth_duration,장기금리·성장주 듀레이션,rate_shock_growth_duration,higher_for_longer_long_rate_shock,NVDA,NVDA,,__CASH__,__CASH__,__CASH__,REFERENCE_ONLY,,,,,,,,,,,Action formal gate failed: stress_after_cost_not_improved,"{""alternatives"": [{""available"": true, ""cvar"": -0.034772279998451075, ""estimated_cost_bps"": 0.0, ""mdd"": -0.46919829375549826, ""name"": ""current"", ""stress"": -0.005529416996763946, ""turnover_pct"": 0.0, ""why_not_chosen_ko"": ""baseline portfolio""}, {""available"": true, ""cvar_delta_after_cost"": 0.00177329, ""estimated_cost_bps"": 25.0, ""mdd_delta_after_cost"": 0.02181889, ""name"": ""trim_hedge"", ""stress_delta_after_cost"": -2.7e-05, ""turnover_pct"": 10.000001, ""why_not_chosen_ko"": """"}, {""available"": true, ""cvar_delta_after_cost"": 0.00177329, ""estimated_cost_bps"": 25.0, ""mdd_delta_after_cost"": 0.02181889, ""name"": ""trim_cash"", ""stress_delta_after_cost"": -2.7e-05, ""turnover_pct"": 10.000001, ""why_not_chosen_ko"": ""cash baseline was compared against the trim+hedge action""}, {""available"": true, ""cvar_delta_after_cost"": 0.0, ""estimated_cost_bps"": 0.0, ""mdd_delta_after_cost"": 0.0, ""name"": ""hold"", ""stress_delta_after_cost"": 0.0, ""turnover_pct"": 0.0, ""why_not_chosen_ko"": ""does not reduce the active scenario vulnerability""}]}",4,0.00177329,0.02181889,-2.7e-05,25.0,0.00025,CASH_BUCKET,Y,Y,Y,N,CASH_BETTER,UNCERTAIN,UNCERTAIN,Y,"{""concentration_cap_pct"": 50.0, ""max_candidate_weight_pct"": 20.0, ""max_turnover_pct"": 20.0, ""min_existing_kept_pct"": 80.0, ""profile_source"": ""system_default""}",,0.69986661,0.61773756,-0.08212905,11.735,64.6969,64.6969,64.6969,27.565907,22.565907,27.565907,22.565907,0.0,5.0,-0.034772279998451075,-0.032998988686952835,0.00177329,-0.46919829375549826,-0.44737940161946965,0.02181889,0.4760380801513618,0.38253025409890057,-0.09350783,-0.005529416996763946,-0.005556418974027709,-2.7e-05,1.0985434401978988,0.9893889890874843,-0.10915445,computed_from_action_before_after_weights,,10.000001,95.0,5.0,PASS,,장기금리·성장주 듀레이션 취약성을 만든 NVDA에 대해 __CASH__로 DE_RISK_CASH를 적용하면 sleeve 취약도 변화가 -0.0821입니다. 정식 추천 기준은 미달해 검토 후보입니다.,Action formal gate did not pass. Blockers: stress_after_cost_not_improved. Linked recommendation status is evidence only: REFERENCE_ONLY.,"__CASH__ 조정은 장기금리·성장주 듀레이션 취약성을 낮추는 검토안이며 전후 지표는 CVaR 개선, MDD 개선, stress 악화으로 확인됩니다.",취약성 0.0821 감소; CVaR 0.18%p 개선; MDD 2.18%p 개선; stress 0.00%p 악화; Sharpe 0.11 악화,FORMAL_ACTION excluded by action-level gate: stress_after_cost_not_improved,False,False,,같은 risk sleeve에서 더 적합한 액션이 선택되어 후보 감사 목록에만 남겼습니다.,"{""005930.KS"": 39.439575, ""035420.KS"": 19.730652, ""035720.KS"": 13.263866, ""NVDA"": 27.565907}","{""005930.KS"": 39.439575, ""035420.KS"": 19.730652, ""035720.KS"": 13.263866, ""NVDA"": 22.565907, ""__CASH__"": 5.0}"
action_018,RESEARCH_ONLY,TRIM_AND_HEDGE,,REVIEW,,,,Y,LOW,100.0,0.869215561547114,0.343107,linked_final_score,0.869215561547114,43,D:0-49,grade_banded_final_score_v1,0.7167603233930879,1.0,growth_beta|korea_domestic_credit|korea_equity|krw_exposure|usdkrw_fx_korea|semiconductor_ai_cycle,inverse_korea|korea_beta_offset|korea_domestic_credit|rate_shock_growth_duration|recession_liquidity_stress|semiconductor_ai_cycle|usdkrw_fx_korea,N,N,N,C,formal_rebalance_hedge_gate,FAIL,base_action_status_research_only|linked_formal_gate_blocked|linked_recommendation_not_formal,rate_shock_growth_duration,장기금리·성장주 듀레이션,rate_shock_growth_duration,higher_for_longer_long_rate_shock,NVDA,NVDA,,114800.KS,114800.KS,114800.KS,FAIL_GATE,FAIL_GATE,VALIDATION_NOT_ELIGIBLE,fail_gate|validation_not_eligible,하드 게이트 실패 - Do not promote until the failing gate is resolved.; validation not eligible - Keep blocked or rebuild the candidate with valid backtest inputs.,0,0,0,0,linked_recommendation_evidence_after_backtest,,"Action formal gate failed: base_action_status_research_only, linked_formal_gate_blocked, linked_recommendation_not_formal","{""alternatives"": [{""available"": true, ""cvar"": -0.034772279998451075, ""estimated_cost_bps"": 0.0, ""mdd"": -0.46919829375549826, ""name"": ""current"", ""stress"": -0.005529416996763946, ""turnover_pct"": 0.0, ""why_not_chosen_ko"": ""baseline portfolio""}, {""available"": true, ""cvar_delta_after_cost"": 0.00304766, ""estimated_cost_bps"": 25.0, ""mdd_delta_after_cost"": 0.03541515, ""name"": ""trim_hedge"", ""stress_delta_after_cost"": 0.00040387, ""turnover_pct"": 10.000001, ""why_not_chosen_ko"": """"}, {""available"": true, ""cvar_delta_after_cost"": 0.00177329, ""estimated_cost_bps"": 25.0, ""mdd_delta_after_cost"": 0.02181889, ""name"": ""trim_cash"", ""stress_delta_after_cost"": -2.7e-05, ""turnover_pct"": 10.000001, ""why_not_chosen_ko"": ""cash baseline was compared against the trim+hedge action""}, {""available"": true, ""cvar_delta_after_cost"": 0.0, ""estimated_cost_bps"": 0.0, ""mdd_delta_after_cost"": 0.0, ""name"": ""hold"", ""stress_delta_after_cost"": 0.0, ""turnover_pct"": 0.0, ""why_not_chosen_ko"": ""does not reduce the active scenario vulnerability""}]}",4,0.00304766,0.03541515,0.00040387,25.0,0.00025,ASSUMED_LIQUID_UNIVERSE,Y,Y,Y,Y,BEATS_CASH,ACTION_BOOTSTRAP_PASS,ROBUST_IMPROVE,Y,"{""concentration_cap_pct"": 50.0, ""max_candidate_weight_pct"": 20.0, ""max_turnover_pct"": 20.0, ""min_existing_kept_pct"": 80.0, ""profile_source"": ""system_default""}",,0.69986661,0.65401123,-0.04585538,6.552,64.6969,64.6969,64.6969,27.565907,22.565907,27.565907,22.565907,0.0,5.0,-0.034772279998451075,-0.031724615679190195,0.00304766,-0.46919829375549826,-0.43378314638971494,0.03541515,0.4760380801513618,0.3840166995234721,-0.09202138,-0.005529416996763946,-0.005125548497048044,0.00040387,1.0985434401978988,0.8978578245847374,-0.20068562,computed_from_action_before_after_weights,,10.000001,95.0,5.0,PASS,,114800.KS는 장기금리·성장주 듀레이션 관련 리서치 전용 후보라 실행 추천이 아닙니다.,인버스·레버리지·옵션·변동성 상품 등 연구용 후보 특성이 있어 실행 추천과 분리했습니다.,"114800.KS 조정은 장기금리·성장주 듀레이션 취약성을 낮추는 검토안이며 전후 지표는 CVaR 개선, MDD 개선, stress 개선으로 확인됩니다.",취약성 0.0459 감소; CVaR 0.30%p 개선; MDD 3.54%p 개선; stress 0.04%p 개선; Sharpe 0.20 악화,실행 추천 대상이 아닌 리서치 전용 상품군입니다.,False,False,,인버스·레버리지·옵션·변동성 상품 등 연구용 후보 특성이 있어 실행 추천과 분리했습니다.,"{""005930.KS"": 39.439575, ""035420.KS"": 19.730652, ""035720.KS"": 13.263866, ""NVDA"": 27.565907}","{""005930.KS"": 39.439575, ""035420.KS"": 19.730652, ""035720.KS"": 13.263866, ""114800.KS"": 5.0, ""NVDA"": 22.565907}"
action_017,RESEARCH_ONLY,ADD_HEDGE,,REVIEW,,,,N,HIGH,43.7964,0.869215561547114,0.394558,linked_final_score,0.869215561547114,43,D:0-49,grade_banded_final_score_v1,0.7167603233930879,1.0,growth_beta|korea_domestic_credit|korea_equity|krw_exposure|usdkrw_fx_korea|semiconductor_ai_cycle,inverse_korea|korea_beta_offset|korea_domestic_credit|rate_shock_growth_duration|recession_liquidity_stress|semiconductor_ai_cycle|usdkrw_fx_korea,N,N,N,C,formal_rebalance_hedge_gate,FAIL,base_action_status_research_only|constraint_failed|linked_formal_gate_blocked|linked_recommendation_not_formal|not_trim_and_hedge|scenario_vulnerability_not_improved,rate_shock_growth_duration,장기금리·성장주 듀레이션,rate_shock_growth_duration,higher_for_longer_long_rate_shock,NVDA|005930.KS|035420.KS|035720.KS,NVDA,,114800.KS,114800.KS,114800.KS,FAIL_GATE,FAIL_GATE,VALIDATION_NOT_ELIGIBLE,fail_gate|validation_not_eligible,하드 게이트 실패 - Do not promote until the failing gate is resolved.; validation not eligible - Keep blocked or rebuild the candidate with valid backtest inputs.,0,0,0,0,linked_recommendation_evidence_after_backtest,,"Action formal gate failed: base_action_status_research_only, constraint_failed, linked_formal_gate_blocked, linked_recommendation_not_formal, not_trim_and_hedge, scenario_vulnerability_not_improved","{""alternatives"": [{""available"": true, ""cvar"": -0.034772279998451075, ""estimated_cost_bps"": 0.0, ""mdd"": -0.46919829375549826, ""name"": ""current"", ""stress"": -0.005529416996763946, ""turnover_pct"": 0.0, ""why_not_chosen_ko"": ""baseline portfolio""}, {""available"": true, ""cvar_delta_after_cost"": 0.00539221, ""estimated_cost_bps"": 25.0, ""mdd_delta_after_cost"": 0.05167865, ""name"": ""trim_hedge"", ""stress_delta_after_cost"": 0.00119741, ""turnover_pct"": 20.1588, ""why_not_chosen_ko"": """"}, {""available"": true, ""cvar_delta_after_cost"": 0.00316404, ""estimated_cost_bps"": 25.0, ""mdd_delta_after_cost"": 0.03275545, ""name"": ""trim_cash"", ""stress_delta_after_cost"": 0.00050314, ""turnover_pct"": 20.1588, ""why_not_chosen_ko"": ""cash baseline was compared against the trim+hedge action""}, {""available"": true, ""cvar_delta_after_cost"": 0.0, ""estimated_cost_bps"": 0.0, ""mdd_delta_after_cost"": 0.0, ""name"": ""hold"", ""stress_delta_after_cost"": 0.0, ""turnover_pct"": 0.0, ""why_not_chosen_ko"": ""does not reduce the active scenario vulnerability""}]}",4,0.00539221,0.05167865,0.00119741,25.0,0.00050397,ASSUMED_LIQUID_UNIVERSE,Y,Y,Y,Y,BEATS_CASH,ROBUST_IMPROVE,ROBUST_IMPROVE,Y,"{""concentration_cap_pct"": 50.0, ""max_candidate_weight_pct"": 20.0, ""max_turnover_pct"": 20.0, ""min_existing_kept_pct"": 80.0, ""profile_source"": ""system_default""}",,0.69986661,0.70205288,0.00218627,-0.3124,100.0,100.0,100.0,27.565907,25.0576,27.565907,25.0576,0.0,9.0795,-0.034772279998451075,-0.029380069746078045,0.00539221,-0.46919829375549826,-0.41751964078800496,0.05167865,0.4760380801513618,0.43613097524555067,-0.0399071,-0.005529416996763946,-0.004332007424978471,0.00119741,1.0985434401978988,0.9781824776165292,-0.12036096,computed_from_action_before_after_weights,,20.1588,90.9007,5.0,FAIL,turnover 20.16% > 20.00%,114800.KS는 장기금리·성장주 듀레이션 관련 리서치 전용 후보라 실행 추천이 아닙니다.,인버스·레버리지·옵션·변동성 상품 등 연구용 후보 특성이 있어 실행 추천과 분리했습니다.,"114800.KS 조정은 장기금리·성장주 듀레이션 취약성을 낮추는 검토안이며 전후 지표는 CVaR 개선, MDD 개선, stress 개선으로 확인됩니다.",취약성 0.0022 증가; CVaR 0.54%p 개선; MDD 5.17%p 개선; stress 0.12%p 개선; Sharpe 0.12 악화,실행 추천 대상이 아닌 리서치 전용 상품군입니다.,False,False,,인버스·레버리지·옵션·변동성 상품 등 연구용 후보 특성이 있어 실행 추천과 분리했습니다.,"{""005930.KS"": 39.439575, ""035420.KS"": 19.730652, ""035720.KS"": 13.263866, ""NVDA"": 27.565907}","{""005930.KS"": 35.8509, ""035420.KS"": 17.9353, ""035720.KS"": 12.0569, ""114800.KS"": 9.0795, ""NVDA"": 25.0576, ""__CASH__"": 1.98}"
action_015,FAIL_ACTION,ADD_HEDGE,,REVIEW,,,,Y,LOW,94.3085,0.5524613425953122,0.353222,linked_final_score,0.5524613425953122,27,D:0-49,grade_banded_final_score_v1,,1.0,growth_beta|korea_domestic_credit|korea_equity|krw_exposure|usdkrw_fx_korea|semiconductor_ai_cycle,cash_like|defensive_equity|korea_domestic_credit|korea_equity|kr_short_bond|rate_shock_growth_duration|recession_liquidity_stress|usdkrw_fx_korea,N,Y,N,C,formal_rebalance_hedge_gate,FAIL,base_action_status_fail_action|cash_baseline_lag|constraint_failed|linked_formal_gate_blocked|linked_recommendation_not_formal|not_trim_and_hedge,rate_shock_growth_duration,장기금리·성장주 듀레이션,rate_shock_growth_duration,higher_for_longer_long_rate_shock,NVDA|005930.KS|035420.KS|035720.KS,NVDA,,153130.KS|017670.KS,153130.KS,153130.KS + 017670.KS,REFERENCE_ONLY,REFERENCE_ONLY,VALIDATION_INSUFFICIENT,validation_insufficient|return_drag_reference|reference_only,"검증 이력 부족 - Add enough target stress validation history before formal promotion.; 수익률 훼손 검토 필요 - Confirm risk reduction compensates for return drag before promotion.; 참고 후보 - Use as research context, not an execution recommendation.",0,0,0,0,linked_recommendation_evidence_after_backtest,,"Action formal gate failed: base_action_status_fail_action, cash_baseline_lag, constraint_failed, linked_formal_gate_blocked, linked_recommendation_not_formal, not_trim_and_hedge","{""alternatives"": [{""available"": true, ""cvar"": -0.034772279998451075, ""estimated_cost_bps"": 0.0, ""mdd"": -0.46919829375549826, ""name"": ""current"", ""stress"": -0.005529416996763946, ""turnover_pct"": 0.0, ""why_not_chosen_ko"": ""baseline portfolio""}, {""available"": true, ""cvar_delta_after_cost"": 0.00277227, ""estimated_cost_bps"": 25.0, ""mdd_delta_after_cost"": 0.03014881, ""name"": ""trim_hedge"", ""stress_delta_after_cost"": 0.00050937, ""turnover_pct"": 53.1555, ""why_not_chosen_ko"": """"}, {""available"": true, ""cvar_delta_after_cost"": 0.00316404, ""estimated_cost_bps"": 25.0, ""mdd_delta_after_cost"": 0.03275545, ""name"": ""trim_cash"", ""stress_delta_after_cost"": 0.00050314, ""turnover_pct"": 53.1555, ""why_not_chosen_ko"": ""cash baseline was compared against the trim+hedge action""}, {""available"": true, ""cvar_delta_after_cost"": 0.0, ""estimated_cost_bps"": 0.0, ""mdd_delta_after_cost"": 0.0, ""name"": ""hold"", ""stress_delta_after_cost"": 0.0, ""turnover_pct"": 0.0, ""why_not_chosen_ko"": ""does not reduce the active scenario vulnerability""}]}",4,0.00277227,0.03014881,0.00050937,25.0,0.00132889,ASSUMED_LIQUID_UNIVERSE,Y,Y,Y,Y,LAGS_CASH,ROBUST_IMPROVE,UNCERTAIN,Y,"{""concentration_cap_pct"": 50.0, ""max_candidate_weight_pct"": 20.0, ""max_turnover_pct"": 20.0, ""min_existing_kept_pct"": 80.0, ""profile_source"": ""system_default""}",,0.69986661,0.65632417,-0.04354244,6.2215,100.0,100.0,100.0,27.565907,25.0576,27.565907,25.0576,0.0,4.4757,-0.034772279998451075,-0.032000007898724696,0.00277227,-0.46919829375549826,-0.43904947956520457,0.03014881,0.4760380801513618,0.42777143215836233,-0.04826665,-0.005529416996763946,-0.005020051637457137,0.00050937,1.0985434401978988,1.029390991894718,-0.06915245,computed_from_action_before_after_weights,,53.1555,90.9007,5.0,FAIL,turnover 53.16% > 20.00%,장기금리·성장주 듀레이션 액션은 turnover 53.16% > 20.00% 때문에 기준 미통과입니다.,기준 미통과: turnover 53.16% > 20.00%,"153130.KS + 017670.KS 조정은 장기금리·성장주 듀레이션 취약성은 일부 낮춰도 핵심 리스크 지표가 악화되어 실행 기준 미통과입니다. (CVaR 개선, MDD 개선, stress 개선)",취약성 0.0435 감소; CVaR 0.28%p 개선; MDD 3.01%p 개선; stress 0.05%p 개선; Sharpe 0.07 악화,turnover 53.16% > 20.00%,False,False,,기준 미통과: turnover 53.16% > 20.00%,"{""005930.KS"": 39.439575, ""035420.KS"": 19.730652, ""035720.KS"": 13.263866, ""NVDA"": 27.565907}","{""005930.KS"": 35.8509, ""017670.KS"": 4.2705, ""035420.KS"": 17.9353, ""035720.KS"": 12.0569, ""153130.KS"": 4.4757, ""NVDA"": 25.0576, ""__CASH__"": 35.31}"
action_019,FAIL_ACTION,ADD_HEDGE,,REVIEW,,,,Y,LOW,94.1638,0.8529440585198975,0.408305,linked_final_score,0.8529440585198975,42,D:0-49,grade_banded_final_score_v1,,1.0,growth_beta|korea_domestic_credit|korea_equity|krw_exposure|usdkrw_fx_korea|semiconductor_ai_cycle,defensive_equity|inverse_korea|korea_beta_offset|korea_domestic_credit|korea_equity|rate_shock_growth_duration|recession_liquidity_stress|semiconductor_ai_cycle|usdkrw_fx_korea,N,N,N,C,formal_rebalance_hedge_gate,FAIL,base_action_status_fail_action|constraint_failed|linked_formal_gate_blocked|linked_recommendation_not_formal|not_trim_and_hedge,rate_shock_growth_duration,장기금리·성장주 듀레이션,rate_shock_growth_duration,higher_for_longer_long_rate_shock,NVDA|005930.KS|035420.KS|035720.KS,NVDA,,114800.KS|017670.KS,114800.KS,114800.KS + 017670.KS,FAIL_GATE,FAIL_GATE,VALIDATION_NOT_ELIGIBLE,fail_gate|validation_not_eligible,하드 게이트 실패 - Do not promote until the failing gate is resolved.; validation not eligible - Keep blocked or rebuild the candidate with valid backtest inputs.,0,0,0,0,linked_recommendation_evidence_after_backtest,,"Action formal gate failed: base_action_status_fail_action, constraint_failed, linked_formal_gate_blocked, linked_recommendation_not_formal, not_trim_and_hedge","{""alternatives"": [{""available"": true, ""cvar"": -0.034772279998451075, ""estimated_cost_bps"": 0.0, ""mdd"": -0.46919829375549826, ""name"": ""current"", ""stress"": -0.005529416996763946, ""turnover_pct"": 0.0, ""why_not_chosen_ko"": ""baseline portfolio""}, {""available"": true, ""cvar_delta_after_cost"": 0.00396188, ""estimated_cost_bps"": 25.0, ""mdd_delta_after_cost"": 0.03796813, ""name"": ""trim_hedge"", ""stress_delta_after_cost"": 0.00081566, ""turnover_pct"": 48.7302, ""why_not_chosen_ko"": """"}, {""available"": true, ""cvar_delta_after_cost"": 0.00316404, ""estimated_cost_bps"": 25.0, ""mdd_delta_after_cost"": 0.03275545, ""name"": ""trim_cash"", ""stress_delta_after_cost"": 0.00050314, ""turnover_pct"": 48.7302, ""why_not_chosen_ko"": ""cash baseline was compared against the trim+hedge action""}, {""available"": true, ""cvar_delta_after_cost"": 0.0, ""estimated_cost_bps"": 0.0, ""mdd_delta_after_cost"": 0.0, ""name"": ""hold"", ""stress_delta_after_cost"": 0.0, ""turnover_pct"": 0.0, ""why_not_chosen_ko"": ""does not reduce the active scenario vulnerability""}]}",4,0.00396188,0.03796813,0.00081566,25.0,0.00121826,ASSUMED_LIQUID_UNIVERSE,Y,Y,Y,Y,BEATS_CASH,ROBUST_IMPROVE,ROBUST_IMPROVE,Y,"{""concentration_cap_pct"": 50.0, ""max_candidate_weight_pct"": 20.0, ""max_turnover_pct"": 20.0, ""min_existing_kept_pct"": 80.0, ""profile_source"": ""system_default""}",,0.69986661,0.66897782,-0.03088879,4.4135,100.0,100.0,100.0,27.565907,25.0576,27.565907,25.0576,0.0,4.5204,-0.034772279998451075,-0.030810400706782287,0.00396188,-0.46919829375549826,-0.4312301597048276,0.03796813,0.4760380801513618,0.42989150089225675,-0.04614658,-0.005529416996763946,-0.004713752162636298,0.00081566,1.0985434401978988,1.014919528802118,-0.08362391,computed_from_action_before_after_weights,,48.7302,90.9007,5.0,FAIL,turnover 48.73% > 20.00%,장기금리·성장주 듀레이션 액션은 turnover 48.73% > 20.00% 때문에 기준 미통과입니다.,기준 미통과: turnover 48.73% > 20.00%,"114800.KS + 017670.KS 조정은 장기금리·성장주 듀레이션 취약성은 일부 낮춰도 핵심 리스크 지표가 악화되어 실행 기준 미통과입니다. (CVaR 개선, MDD 개선, stress 개선)",취약성 0.0309 감소; CVaR 0.40%p 개선; MDD 3.80%p 개선; stress 0.08%p 개선; Sharpe 0.08 악화,turnover 48.73% > 20.00%,False,False,,기준 미통과: turnover 48.73% > 20.00%,"{""005930.KS"": 39.439575, ""035420.KS"": 19.730652, ""035720.KS"": 13.263866, ""NVDA"": 27.565907}","{""005930.KS"": 35.8509, ""017670.KS"": 4.2705, ""035420.KS"": 17.9353, ""035720.KS"": 12.0569, ""114800.KS"": 4.5204, ""NVDA"": 25.0576, ""__CASH__"": 30.84}"
action_035,REVIEW_ACTION,TRIM_AND_HEDGE,,REVIEW,C,C. 검토 후보,방향성은 맞지만 공식 처방이라 부르기에는 근거 또는 제약 검증이 부족합니다.,Y,LOW,100.0,0.8529440585198975,0.460329,linked_final_score,0.8529440585198975,66,C:50-69,grade_banded_final_score_v1,,1.0,growth_beta|korea_domestic_credit|korea_equity|krw_exposure|usdkrw_fx_korea|semiconductor_ai_cycle,defensive_equity|inverse_korea|korea_beta_offset|korea_domestic_credit|korea_equity|rate_shock_growth_duration|recession_liquidity_stress|semiconductor_ai_cycle|usdkrw_fx_korea,N,N,N,C,formal_rebalance_hedge_gate,FAIL,linked_formal_gate_blocked|linked_recommendation_not_formal,recession_liquidity_stress,침체·유동성 스트레스,recession_liquidity_stress,acute_global_stress_liquidity_crunch|slowdown_recession_deflation_risk,NVDA,NVDA,,114800.KS|017670.KS,114800.KS,114800.KS + 017670.KS,FAIL_GATE,FAIL_GATE,VALIDATION_NOT_ELIGIBLE,fail_gate|validation_not_eligible,하드 게이트 실패 - Do not promote until the failing gate is resolved.; validation not eligible - Keep blocked or rebuild the candidate with valid backtest inputs.,0,0,0,0,linked_recommendation_evidence_after_backtest,,"Action formal gate failed: linked_formal_gate_blocked, linked_recommendation_not_formal","{""alternatives"": [{""available"": true, ""cvar"": -0.034772279998451075, ""estimated_cost_bps"": 0.0, ""mdd"": -0.46919829375549826, ""name"": ""current"", ""stress"": -0.005529416996763946, ""turnover_pct"": 0.0, ""why_not_chosen_ko"": ""baseline portfolio""}, {""available"": true, ""cvar_delta_after_cost"": 0.00219394, ""estimated_cost_bps"": 25.0, ""mdd_delta_after_cost"": 0.02764499, ""name"": ""trim_hedge"", ""stress_delta_after_cost"": 0.00019202, ""turnover_pct"": 10.000001, ""why_not_chosen_ko"": """"}, {""available"": true, ""cvar_delta_after_cost"": 0.00177329, ""estimated_cost_bps"": 25.0, ""mdd_delta_after_cost"": 0.02181889, ""name"": ""trim_cash"", ""stress_delta_after_cost"": -2.7e-05, ""turnover_pct"": 10.000001, ""why_not_chosen_ko"": ""cash baseline was compared against the trim+hedge action""}, {""available"": true, ""cvar_delta_after_cost"": 0.0, ""estimated_cost_bps"": 0.0, ""mdd_delta_after_cost"": 0.0, ""name"": ""hold"", ""stress_delta_after_cost"": 0.0, ""turnover_pct"": 0.0, ""why_not_chosen_ko"": ""does not reduce the active scenario vulnerability""}]}",4,0.00219394,0.02764499,0.00019202,25.0,0.00025,ASSUMED_LIQUID_UNIVERSE,Y,Y,Y,Y,BEATS_CASH,ACTION_BOOTSTRAP_PASS,ROBUST_IMPROVE,Y,"{""concentration_cap_pct"": 50.0, ""max_candidate_weight_pct"": 20.0, ""max_turnover_pct"": 20.0, ""min_existing_kept_pct"": 80.0, ""profile_source"": ""system_default""}",,0.53266093,0.46017028,-0.07249065,13.6092,53.4553,53.4553,53.4553,27.565907,22.565907,27.565907,22.565907,0.0,2.5,-0.034772279998451075,-0.03257833787262415,0.00219394,-0.46919829375549826,-0.4415533027902071,0.02764499,0.4760380801513618,0.3804421110138846,-0.09559597,-0.005529416996763946,-0.005337400401223481,0.00019202,1.0985434401978988,0.9168890017965959,-0.18165444,computed_from_action_before_after_weights,,10.000001,95.0,5.0,PASS,,"침체·유동성 스트레스 취약성을 만든 NVDA에 대해 114800.KS, 017670.KS로 원인 보유자산 일부 축소 후 헷지를 적용하면 sleeve 취약도 변화가 -0.0725입니다. 정식 추천 기준은 미달해 검토 후보입니다.",Action formal gate did not pass. Blockers: linked_formal_gate_blocked|linked_recommendation_not_formal. Linked recommendation status is evidence only: FAIL_GATE.,"114800.KS + 017670.KS 조정은 침체·유동성 스트레스 취약성을 낮추는 검토안이며 전후 지표는 CVaR 개선, MDD 개선, stress 개선으로 확인됩니다.",취약성 0.0725 감소; CVaR 0.22%p 개선; MDD 2.76%p 개선; stress 0.02%p 개선; Sharpe 0.18 악화,FORMAL_ACTION excluded by action-level gate: linked_formal_gate_blocked|linked_recommendation_not_formal,False,False,,같은 risk sleeve에서 더 적합한 액션이 선택되어 후보 감사 목록에만 남겼습니다.,"{""005930.KS"": 39.439575, ""035420.KS"": 19.730652, ""035720.KS"": 13.263866, ""NVDA"": 27.565907}","{""005930.KS"": 39.439575, ""017670.KS"": 2.5, ""035420.KS"": 19.730652, ""035720.KS"": 13.263866, ""114800.KS"": 2.5, ""NVDA"": 22.565907}"
action_027,FAIL_ACTION,TRIM_AND_HEDGE,REVIEW_REQUIRED,REVIEW,,,,Y,LOW,84.1519,0.5610682226985899,0.282965,linked_final_score,0.5610682226985899,27,D:0-49,grade_banded_final_score_v1,0.698606414244033,1.0,growth_beta|korea_domestic_credit|korea_equity|krw_exposure|usdkrw_fx_korea|semiconductor_ai_cycle,defensive_equity|korea_domestic_credit|korea_equity|recession_liquidity_stress|usdkrw_fx_korea,N,N,N,C,formal_rebalance_hedge_gate,FAIL,base_action_status_fail_action|bootstrap_not_robust|cash_baseline_lag|linked_formal_gate_blocked|linked_recommendation_not_formal|stress_after_cost_not_improved,recession_liquidity_stress,침체·유동성 스트레스,recession_liquidity_stress,acute_global_stress_liquidity_crunch|slowdown_recession_deflation_risk,NVDA,NVDA,,017670.KS,017670.KS,017670.KS,REFERENCE_ONLY,REFERENCE_ONLY,VALIDATION_INSUFFICIENT,validation_insufficient|reference_only,"검증 이력 부족 - Add enough target stress validation history before formal promotion.; 참고 후보 - Use as research context, not an execution recommendation.",0,0,0,0,linked_recommendation_evidence_after_backtest,,"Action formal gate failed: base_action_status_fail_action, bootstrap_not_robust, cash_baseline_lag, linked_formal_gate_blocked, linked_recommendation_not_formal, stress_after_cost_not_improved","{""alternatives"": [{""available"": true, ""cvar"": -0.034772279998451075, ""estimated_cost_bps"": 0.0, ""mdd"": -0.46919829375549826, ""name"": ""current"", ""stress"": -0.005529416996763946, ""turnover_pct"": 0.0, ""why_not_chosen_ko"": ""baseline portfolio""}, {""available"": true, ""cvar_delta_after_cost"": 0.00141109, ""estimated_cost_bps"": 25.0, ""mdd_delta_after_cost"": 0.01535996, ""name"": ""trim_hedge"", ""stress_delta_after_cost"": -0.0001083, ""turnover_pct"": 10.000001, ""why_not_chosen_ko"": """"}, {""available"": true, ""cvar_delta_after_cost"": 0.00177329, ""estimated_cost_bps"": 25.0, ""mdd_delta_after_cost"": 0.02181889, ""name"": ""trim_cash"", ""stress_delta_after_cost"": -2.7e-05, ""turnover_pct"": 10.000001, ""why_not_chosen_ko"": ""cash baseline was compared against the trim+hedge action""}, {""available"": true, ""cvar_delta_after_cost"": 0.0, ""estimated_cost_bps"": 0.0, ""mdd_delta_after_cost"": 0.0, ""name"": ""hold"", ""stress_delta_after_cost"": 0.0, ""turnover_pct"": 0.0, ""why_not_chosen_ko"": ""does not reduce the active scenario vulnerability""}]}",4,0.00141109,0.01535996,-0.0001083,25.0,0.00025,ASSUMED_LIQUID_UNIVERSE,Y,Y,Y,Y,LAGS_CASH,UNCERTAIN,UNCERTAIN,Y,"{""concentration_cap_pct"": 50.0, ""max_candidate_weight_pct"": 20.0, ""max_turnover_pct"": 20.0, ""min_existing_kept_pct"": 80.0, ""profile_source"": ""system_default""}",,0.53266093,0.46855548,-0.06410545,12.0349,53.4553,53.4553,53.4553,27.565907,22.565907,27.565907,22.565907,0.0,5.0,-0.034772279998451075,-0.03336119109344249,0.00141109,-0.46919829375549826,-0.4538383328233312,0.01535996,0.4760380801513618,0.37781496401065806,-0.09822312,-0.005529416996763946,-0.005637713220852363,-0.0001083,1.0985434401978988,1.01373480638504,-0.08480863,computed_from_action_before_after_weights,,10.000001,95.0,5.0,PASS,stress worsened,침체·유동성 스트레스 취약성을 만든 NVDA에 대해 017670.KS로 원인 보유자산 일부 축소 후 헷지를 적용하면 sleeve 취약도 변화가 -0.0641입니다. 정식 추천 기준은 미달해 검토 후보입니다.,기준 미통과: stress worsened,"017670.KS 조정은 침체·유동성 스트레스 취약성은 일부 낮춰도 핵심 리스크 지표가 악화되어 실행 기준 미통과입니다. (CVaR 개선, MDD 개선, stress 악화)",취약성 0.0641 감소; CVaR 0.14%p 개선; MDD 1.54%p 개선; stress 0.01%p 악화; Sharpe 0.08 악화,stress worsened,False,False,,기준 미통과: stress worsened,"{""005930.KS"": 39.439575, ""035420.KS"": 19.730652, ""035720.KS"": 13.263866, ""NVDA"": 27.565907}","{""005930.KS"": 39.439575, ""017670.KS"": 5.0, ""035420.KS"": 19.730652, ""035720.KS"": 13.263866, ""NVDA"": 22.565907}"
action_039,REVIEW_ACTION,TRIM_AND_HEDGE,REVIEW_REQUIRED,REVIEW,B,B. 조건부 처방,"핵심 취약점 보완 효과는 있으나 검증 샘플, 비용, 유동성, cash baseline 중 일부 확인이 필요합니다.",Y,LOW,100.0,0.2,0.409014,linked_final_score,0.2,74,B:70-89,grade_banded_final_score_v1,,,,,,,,,formal_rebalance_hedge_gate,FAIL,bootstrap_not_robust|linked_formal_gate_blocked|linked_recommendation_not_formal,recession_liquidity_stress,침체·유동성 스트레스,recession_liquidity_stress,acute_global_stress_liquidity_crunch|slowdown_recession_deflation_risk,NVDA,NVDA,,114800.KS|000270.KS,114800.KS,114800.KS + 000270.KS,FAIL_GATE,FAIL_GATE,VALIDATION_NOT_ELIGIBLE,fail_gate|validation_not_eligible,하드 게이트 실패 - Do not promote until the failing gate is resolved.; validation not eligible - Keep blocked or rebuild the candidate with valid backtest inputs.,0,0,0,0,linked_recommendation_evidence_after_backtest,,"Action formal gate failed: bootstrap_not_robust, linked_formal_gate_blocked, linked_recommendation_not_formal","{""alternatives"": [{""available"": true, ""cvar"": -0.034772279998451075, ""estimated_cost_bps"": 0.0, ""mdd"": -0.46919829375549826, ""name"": ""current"", ""stress"": -0.005529416996763946, ""turnover_pct"": 0.0, ""why_not_chosen_ko"": ""baseline portfolio""}, {""available"": true, ""cvar_delta_after_cost"": 0.00189589, ""estimated_cost_bps"": 25.0, ""mdd_delta_after_cost"": 0.02881857, ""name"": ""trim_hedge"", ""stress_delta_after_cost"": 0.00015181, ""turnover_pct"": 10.000001, ""why_not_chosen_ko"": """"}, {""available"": true, ""cvar_delta_after_cost"": 0.00177329, ""estimated_cost_bps"": 25.0, ""mdd_delta_after_cost"": 0.02181889, ""name"": ""trim_cash"", ""stress_delta_after_cost"": -2.7e-05, ""turnover_pct"": 10.000001, ""why_not_chosen_ko"": ""cash baseline was compared against the trim+hedge action""}, {""available"": true, ""cvar_delta_after_cost"": 0.0, ""estimated_cost_bps"": 0.0, ""mdd_delta_after_cost"": 0.0, ""name"": ""hold"", ""stress_delta_after_cost"": 0.0, ""turnover_pct"": 0.0, ""why_not_chosen_ko"": ""does not reduce the active scenario vulnerability""}]}",4,0.00189589,0.02881857,0.00015181,25.0,0.00025,ASSUMED_LIQUID_UNIVERSE,Y,Y,Y,Y,BEATS_CASH,UNCERTAIN,ACTION_BOOTSTRAP_PASS,Y,"{""concentration_cap_pct"": 50.0, ""max_candidate_weight_pct"": 20.0, ""max_turnover_pct"": 20.0, ""min_existing_kept_pct"": 80.0, ""profile_source"": ""system_default""}",,0.53266093,0.46960107,-0.06305987,11.8387,53.4553,53.4553,53.4553,27.565907,22.565907,27.565907,22.565907,0.0,2.5,-0.034772279998451075,-0.03287639292754767,0.00189589,-0.46919829375549826,-0.44037972769150113,0.02881857,0.4760380801513618,0.38176627492586546,-0.09427181,-0.005529416996763946,-0.00537760811384194,0.00015181,1.0985434401978988,0.9133977940049348,-0.18514565,computed_from_action_before_after_weights,,10.000001,95.0,5.0,PASS,,"침체·유동성 스트레스 취약성을 만든 NVDA에 대해 114800.KS, 000270.KS로 원인 보유자산 일부 축소 후 헷지를 적용하면 sleeve 취약도 변화가 -0.0631입니다. 정식 추천 기준은 미달해 검토 후보입니다.",Action formal gate did not pass. Blockers: bootstrap_not_robust|linked_formal_gate_blocked|linked_recommendation_not_formal. Linked recommendation status is evidence only: FAIL_GATE.,"114800.KS + 000270.KS 조정은 침체·유동성 스트레스 취약성을 낮추는 검토안이며 전후 지표는 CVaR 개선, MDD 개선, stress 개선으로 확인됩니다.",취약성 0.0631 감소; CVaR 0.19%p 개선; MDD 2.88%p 개선; stress 0.02%p 개선; Sharpe 0.19 악화,FORMAL_ACTION excluded by action-level gate: bootstrap_not_robust|linked_formal_gate_blocked|linked_recommendation_not_formal,False,True,취약성 기여가 큰 보유자산이 확인되어 단순 추가 헷지보다 TRIM_AND_HEDGE가 우선입니다.,,"{""005930.KS"": 39.439575, ""035420.KS"": 19.730652, ""035720.KS"": 13.263866, ""NVDA"": 27.565907}","{""000270.KS"": 2.5, ""005930.KS"": 39.439575, ""035420.KS"": 19.730652, ""035720.KS"": 13.263866, ""114800.KS"": 2.5, ""NVDA"": 22.565907}"
action_037,REVIEW_ACTION,TRIM_AND_HEDGE,,REVIEW,C,C. 검토 후보,방향성은 맞지만 공식 처방이라 부르기에는 근거 또는 제약 검증이 부족합니다.,Y,LOW,100.0,0.2,0.390864,linked_final_score,0.2,54,C:50-69,grade_banded_final_score_v1,,,,,,,,,formal_rebalance_hedge_gate,FAIL,linked_formal_gate_blocked|linked_recommendation_not_formal,recession_liquidity_stress,침체·유동성 스트레스,recession_liquidity_stress,acute_global_stress_liquidity_crunch|slowdown_recession_deflation_risk,NVDA,NVDA,,114800.KS|005380.KS,114800.KS,114800.KS + 005380.KS,FAIL_GATE,FAIL_GATE,VALIDATION_NOT_ELIGIBLE,fail_gate|validation_not_eligible,하드 게이트 실패 - Do not promote until the failing gate is resolved.; validation not eligible - Keep blocked or rebuild the candidate with valid backtest inputs.,0,0,0,0,linked_recommendation_evidence_after_backtest,,"Action formal gate failed: linked_formal_gate_blocked, linked_recommendation_not_formal","{""alternatives"": [{""available"": true, ""cvar"": -0.034772279998451075, ""estimated_cost_bps"": 0.0, ""mdd"": -0.46919829375549826, ""name"": ""current"", ""stress"": -0.005529416996763946, ""turnover_pct"": 0.0, ""why_not_chosen_ko"": ""baseline portfolio""}, {""available"": true, ""cvar_delta_after_cost"": 0.00175277, ""estimated_cost_bps"": 25.0, ""mdd_delta_after_cost"": 0.02752304, ""name"": ""trim_hedge"", ""stress_delta_after_cost"": 0.00012269, ""turnover_pct"": 10.000001, ""why_not_chosen_ko"": """"}, {""available"": true, ""cvar_delta_after_cost"": 0.00177329, ""estimated_cost_bps"": 25.0, ""mdd_delta_after_cost"": 0.02181889, ""name"": ""trim_cash"", ""stress_delta_after_cost"": -2.7e-05, ""turnover_pct"": 10.000001, ""why_not_chosen_ko"": ""cash baseline was compared against the trim+hedge action""}, {""available"": true, ""cvar_delta_after_cost"": 0.0, ""estimated_cost_bps"": 0.0, ""mdd_delta_after_cost"": 0.0, ""name"": ""hold"", ""stress_delta_after_cost"": 0.0, ""turnover_pct"": 0.0, ""why_not_chosen_ko"": ""does not reduce the active scenario vulnerability""}]}",4,0.00175277,0.02752304,0.00012269,25.0,0.00025,ASSUMED_LIQUID_UNIVERSE,Y,Y,Y,Y,BEATS_CASH,ACTION_BOOTSTRAP_PASS,ACTION_BOOTSTRAP_PASS,Y,"{""concentration_cap_pct"": 50.0, ""max_candidate_weight_pct"": 20.0, ""max_turnover_pct"": 20.0, ""min_existing_kept_pct"": 80.0, ""profile_source"": ""system_default""}",,0.53266093,0.47107763,-0.06158331,11.5614,53.4553,53.4553,53.4553,27.565907,22.565907,27.565907,22.565907,0.0,2.5,-0.034772279998451075,-0.033019509861745636,0.00175277,-0.46919829375549826,-0.44167525215816705,0.02752304,0.4760380801513618,0.3819719517597184,-0.09406613,-0.005529416996763946,-0.005406726795325184,0.00012269,1.0985434401978988,0.9245142943637769,-0.17402915,computed_from_action_before_after_weights,,10.000001,95.0,5.0,PASS,,"침체·유동성 스트레스 취약성을 만든 NVDA에 대해 114800.KS, 005380.KS로 원인 보유자산 일부 축소 후 헷지를 적용하면 sleeve 취약도 변화가 -0.0616입니다. 정식 추천 기준은 미달해 검토 후보입니다.",Action formal gate did not pass. Blockers: linked_formal_gate_blocked|linked_recommendation_not_formal. Linked recommendation status is evidence only: FAIL_GATE.,"114800.KS + 005380.KS 조정은 침체·유동성 스트레스 취약성을 낮추는 검토안이며 전후 지표는 CVaR 개선, MDD 개선, stress 개선으로 확인됩니다.",취약성 0.0616 감소; CVaR 0.18%p 개선; MDD 2.75%p 개선; stress 0.01%p 개선; Sharpe 0.17 악화,FORMAL_ACTION excluded by action-level gate: linked_formal_gate_blocked|linked_recommendation_not_formal,False,False,,같은 risk sleeve에서 더 적합한 액션이 선택되어 후보 감사 목록에만 남겼습니다.,"{""005930.KS"": 39.439575, ""035420.KS"": 19.730652, ""035720.KS"": 13.263866, ""NVDA"": 27.565907}","{""005380.KS"": 2.5, ""005930.KS"": 39.439575, ""035420.KS"": 19.730652, ""035720.KS"": 13.263866, ""114800.KS"": 2.5, ""NVDA"": 22.565907}"
action_041,REVIEW_ACTION,TRIM_AND_HEDGE,,REVIEW,C,C. 검토 후보,방향성은 맞지만 공식 처방이라 부르기에는 근거 또는 제약 검증이 부족합니다.,Y,LOW,100.0,0.2,0.407494,linked_final_score,0.2,54,C:50-69,grade_banded_final_score_v1,,,,,,,,,formal_rebalance_hedge_gate,FAIL,linked_formal_gate_blocked|linked_recommendation_not_formal,recession_liquidity_stress,침체·유동성 스트레스,recession_liquidity_stress,acute_global_stress_liquidity_crunch|slowdown_recession_deflation_risk,NVDA,NVDA,,114800.KS|105560.KS,114800.KS,114800.KS + 105560.KS,FAIL_GATE,FAIL_GATE,VALIDATION_NOT_ELIGIBLE,fail_gate|validation_not_eligible,하드 게이트 실패 - Do not promote until the failing gate is resolved.; validation not eligible - Keep blocked or rebuild the candidate with valid backtest inputs.,0,0,0,0,linked_recommendation_evidence_after_backtest,,"Action formal gate failed: linked_formal_gate_blocked, linked_recommendation_not_formal","{""alternatives"": [{""available"": true, ""cvar"": -0.034772279998451075, ""estimated_cost_bps"": 0.0, ""mdd"": -0.46919829375549826, ""name"": ""current"", ""stress"": -0.005529416996763946, ""turnover_pct"": 0.0, ""why_not_chosen_ko"": ""baseline portfolio""}, {""available"": true, ""cvar_delta_after_cost"": 0.00207317, ""estimated_cost_bps"": 25.0, ""mdd_delta_after_cost"": 0.02974488, ""name"": ""trim_hedge"", ""stress_delta_after_cost"": 0.00013998, ""turnover_pct"": 10.000001, ""why_not_chosen_ko"": """"}, {""available"": true, ""cvar_delta_after_cost"": 0.00177329, ""estimated_cost_bps"": 25.0, ""mdd_delta_after_cost"": 0.02181889, ""name"": ""trim_cash"", ""stress_delta_after_cost"": -2.7e-05, ""turnover_pct"": 10.000001, ""why_not_chosen_ko"": ""cash baseline was compared against the trim+hedge action""}, {""available"": true, ""cvar_delta_after_cost"": 0.0, ""estimated_cost_bps"": 0.0, ""mdd_delta_after_cost"": 0.0, ""name"": ""hold"", ""stress_delta_after_cost"": 0.0, ""turnover_pct"": 0.0, ""why_not_chosen_ko"": ""does not reduce the active scenario vulnerability""}]}",4,0.00207317,0.02974488,0.00013998,25.0,0.00025,ASSUMED_LIQUID_UNIVERSE,Y,Y,Y,Y,BEATS_CASH,ACTION_BOOTSTRAP_PASS,ACTION_BOOTSTRAP_PASS,Y,"{""concentration_cap_pct"": 50.0, ""max_candidate_weight_pct"": 20.0, ""max_turnover_pct"": 20.0, ""min_existing_kept_pct"": 80.0, ""profile_source"": ""system_default""}",,0.53266093,0.47159704,-0.0610639,11.4639,53.4553,53.4553,53.4553,27.565907,22.565907,27.565907,22.565907,0.0,2.5,-0.034772279998451075,-0.0326991069176047,0.00207317,-0.46919829375549826,-0.4394534091969009,0.02974488,0.4760380801513618,0.3812186094944196,-0.09481947,-0.005529416996763946,-0.00538943218079254,0.00013998,1.0985434401978988,0.9310615036688589,-0.16748194,computed_from_action_before_after_weights,,10.000001,95.0,5.0,PASS,,"침체·유동성 스트레스 취약성을 만든 NVDA에 대해 114800.KS, 105560.KS로 원인 보유자산 일부 축소 후 헷지를 적용하면 sleeve 취약도 변화가 -0.0611입니다. 정식 추천 기준은 미달해 검토 후보입니다.",Action formal gate did not pass. Blockers: linked_formal_gate_blocked|linked_recommendation_not_formal. Linked recommendation status is evidence only: FAIL_GATE.,"114800.KS + 105560.KS 조정은 침체·유동성 스트레스 취약성을 낮추는 검토안이며 전후 지표는 CVaR 개선, MDD 개선, stress 개선으로 확인됩니다.",취약성 0.0611 감소; CVaR 0.21%p 개선; MDD 2.97%p 개선; stress 0.01%p 개선; Sharpe 0.17 악화,FORMAL_ACTION excluded by action-level gate: linked_formal_gate_blocked|linked_recommendation_not_formal,False,False,,같은 risk sleeve에서 더 적합한 액션이 선택되어 후보 감사 목록에만 남겼습니다.,"{""005930.KS"": 39.439575, ""035420.KS"": 19.730652, ""035720.KS"": 13.263866, ""NVDA"": 27.565907}","{""005930.KS"": 39.439575, ""035420.KS"": 19.730652, ""035720.KS"": 13.263866, ""105560.KS"": 2.5, ""114800.KS"": 2.5, ""NVDA"": 22.565907}"
action_029,REVIEW_ACTION,TRIM_AND_HEDGE,REVIEW_REQUIRED,REVIEW,B,B. 조건부 처방,"핵심 취약점 보완 효과는 있으나 검증 샘플, 비용, 유동성, cash baseline 중 일부 확인이 필요합니다.",Y,LOW,100.0,0.5524613425953122,0.34252,linked_final_score,0.5524613425953122,80,B:70-89,grade_banded_final_score_v1,,1.0,growth_beta|korea_domestic_credit|korea_equity|krw_exposure|usdkrw_fx_korea|semiconductor_ai_cycle,cash_like|defensive_equity|korea_domestic_credit|korea_equity|kr_short_bond|rate_shock_growth_duration|recession_liquidity_stress|usdkrw_fx_korea,N,Y,N,C,formal_rebalance_hedge_gate,FAIL,bootstrap_not_robust|linked_formal_gate_blocked|linked_recommendation_not_formal,recession_liquidity_stress,침체·유동성 스트레스,recession_liquidity_stress,acute_global_stress_liquidity_crunch|slowdown_recession_deflation_risk,NVDA,NVDA,,153130.KS|017670.KS,153130.KS,153130.KS + 017670.KS,REFERENCE_ONLY,REFERENCE_ONLY,VALIDATION_INSUFFICIENT,validation_insufficient|return_drag_reference|reference_only,"검증 이력 부족 - Add enough target stress validation history before formal promotion.; 수익률 훼손 검토 필요 - Confirm risk reduction compensates for return drag before promotion.; 참고 후보 - Use as research context, not an execution recommendation.",0,0,0,0,linked_recommendation_evidence_after_backtest,,"Action formal gate failed: bootstrap_not_robust, linked_formal_gate_blocked, linked_recommendation_not_formal","{""alternatives"": [{""available"": true, ""cvar"": -0.034772279998451075, ""estimated_cost_bps"": 0.0, ""mdd"": -0.46919829375549826, ""name"": ""current"", ""stress"": -0.005529416996763946, ""turnover_pct"": 0.0, ""why_not_chosen_ko"": ""baseline portfolio""}, {""available"": true, ""cvar_delta_after_cost"": 0.00148064, ""estimated_cost_bps"": 25.0, ""mdd_delta_after_cost"": 0.02325907, ""name"": ""trim_hedge"", ""stress_delta_after_cost"": 2.264e-05, ""turnover_pct"": 10.000001, ""why_not_chosen_ko"": """"}, {""available"": true, ""cvar_delta_after_cost"": 0.00177329, ""estimated_cost_bps"": 25.0, ""mdd_delta_after_cost"": 0.02181889, ""name"": ""trim_cash"", ""stress_delta_after_cost"": -2.7e-05, ""turnover_pct"": 10.000001, ""why_not_chosen_ko"": ""cash baseline was compared against the trim+hedge action""}, {""available"": true, ""cvar_delta_after_cost"": 0.0, ""estimated_cost_bps"": 0.0, ""mdd_delta_after_cost"": 0.0, ""name"": ""hold"", ""stress_delta_after_cost"": 0.0, ""turnover_pct"": 0.0, ""why_not_chosen_ko"": ""does not reduce the active scenario vulnerability""}]}",4,0.00148064,0.02325907,2.264e-05,25.0,0.00025,ASSUMED_LIQUID_UNIVERSE,Y,Y,Y,Y,BEATS_CASH,UNCERTAIN,UNCERTAIN,Y,"{""concentration_cap_pct"": 50.0, ""max_candidate_weight_pct"": 20.0, ""max_turnover_pct"": 20.0, ""min_existing_kept_pct"": 80.0, ""profile_source"": ""system_default""}",,0.53266093,0.47466337,-0.05799756,10.8883,53.4553,53.4553,53.4553,27.565907,22.565907,27.565907,22.565907,0.0,2.5,-0.034772279998451075,-0.033291636405753756,0.00148064,-0.46919829375549826,-0.4459392205807391,0.02325907,0.4760380801513618,0.3792694381176177,-0.09676864,-0.005529416996763946,-0.005506772539559355,2.264e-05,1.0985434401978988,0.9247596754505772,-0.17378376,computed_from_action_before_after_weights,,10.000001,95.0,5.0,PASS,,"침체·유동성 스트레스 취약성을 만든 NVDA에 대해 153130.KS, 017670.KS로 원인 보유자산 일부 축소 후 헷지를 적용하면 sleeve 취약도 변화가 -0.0580입니다. 정식 추천 기준은 미달해 검토 후보입니다.",Action formal gate did not pass. Blockers: bootstrap_not_robust|linked_formal_gate_blocked|linked_recommendation_not_formal. Linked recommendation status is evidence only: REFERENCE_ONLY.,"153130.KS + 017670.KS 조정은 침체·유동성 스트레스 취약성을 낮추는 검토안이며 전후 지표는 CVaR 개선, MDD 개선, stress 개선으로 확인됩니다.",취약성 0.0580 감소; CVaR 0.15%p 개선; MDD 2.33%p 개선; stress 0.00%p 개선; Sharpe 0.17 악화,FORMAL_ACTION excluded by action-level gate: bootstrap_not_robust|linked_formal_gate_blocked|linked_recommendation_not_formal,False,False,,같은 risk sleeve에서 더 적합한 액션이 선택되어 후보 감사 목록에만 남겼습니다.,"{""005930.KS"": 39.439575, ""035420.KS"": 19.730652, ""035720.KS"": 13.263866, ""NVDA"": 27.565907}","{""005930.KS"": 39.439575, ""017670.KS"": 2.5, ""035420.KS"": 19.730652, ""035720.KS"": 13.263866, ""153130.KS"": 2.5, ""NVDA"": 22.565907}"
action_025,REVIEW_ACTION,TRIM_AND_HEDGE,REVIEW_REQUIRED,REVIEW,B,B. 조건부 처방,"핵심 취약점 보완 효과는 있으나 검증 샘플, 비용, 유동성, cash baseline 중 일부 확인이 필요합니다.",Y,LOW,100.0,0.645310278508778,0.356727,linked_final_score,0.645310278508778,82,B:70-89,grade_banded_final_score_v1,,1.0,growth_beta|korea_domestic_credit|korea_equity|krw_exposure|usdkrw_fx_korea|semiconductor_ai_cycle,defensive_equity|korea_domestic_credit|korea_equity|krw_weakness|recession_liquidity_stress|usd_hedge|usdkrw_fx_korea,N,N,N,C,formal_rebalance_hedge_gate,FAIL,bootstrap_not_robust|linked_formal_gate_blocked|linked_recommendation_not_formal,recession_liquidity_stress,침체·유동성 스트레스,recession_liquidity_stress,acute_global_stress_liquidity_crunch|slowdown_recession_deflation_risk,NVDA,NVDA,,261240.KS|017670.KS,261240.KS,261240.KS + 017670.KS,REFERENCE_ONLY,REFERENCE_ONLY,VALIDATION_THIN,validation_thin|bootstrap_not_robust|cash_bootstrap_not_robust|return_drag_reference|reference_only,"검증 표본 부족 - Keep review-only until the stress sample is thick enough.; 부트스트랩 신뢰도 부족 - Increase sample coverage or downgrade fragile candidates.; 현금 기준 부트스트랩 부족 - Add stronger cash-baseline evidence before formal use.; 수익률 훼손 검토 필요 - Confirm risk reduction compensates for return drag before promotion.; 참고 후보 - Use as research context, not an execution recommendation.",1,0,0,0,linked_recommendation_evidence_after_backtest,,"Action formal gate failed: bootstrap_not_robust, linked_formal_gate_blocked, linked_recommendation_not_formal","{""alternatives"": [{""available"": true, ""cvar"": -0.034772279998451075, ""estimated_cost_bps"": 0.0, ""mdd"": -0.46919829375549826, ""name"": ""current"", ""stress"": -0.005529416996763946, ""turnover_pct"": 0.0, ""why_not_chosen_ko"": ""baseline portfolio""}, {""available"": true, ""cvar_delta_after_cost"": 0.00162155, ""estimated_cost_bps"": 25.0, ""mdd_delta_after_cost"": 0.02596887, ""name"": ""trim_hedge"", ""stress_delta_after_cost"": 4.77e-05, ""turnover_pct"": 10.000001, ""why_not_chosen_ko"": """"}, {""available"": true, ""cvar_delta_after_cost"": 0.00177329, ""estimated_cost_bps"": 25.0, ""mdd_delta_after_cost"": 0.02181889, ""name"": ""trim_cash"", ""stress_delta_after_cost"": -2.7e-05, ""turnover_pct"": 10.000001, ""why_not_chosen_ko"": ""cash baseline was compared against the trim+hedge action""}, {""available"": true, ""cvar_delta_after_cost"": 0.0, ""estimated_cost_bps"": 0.0, ""mdd_delta_after_cost"": 0.0, ""name"": ""hold"", ""stress_delta_after_cost"": 0.0, ""turnover_pct"": 0.0, ""why_not_chosen_ko"": ""does not reduce the active scenario vulnerability""}]}",4,0.00162155,0.02596887,4.77e-05,25.0,0.00025,ASSUMED_LIQUID_UNIVERSE,Y,Y,Y,Y,BEATS_CASH,UNCERTAIN,UNCERTAIN,Y,"{""concentration_cap_pct"": 50.0, ""max_candidate_weight_pct"": 20.0, ""max_turnover_pct"": 20.0, ""min_existing_kept_pct"": 80.0, ""profile_source"": ""system_default""}",,0.53266093,0.47495322,-0.05770771,10.8339,53.4553,53.4553,53.4553,27.565907,22.565907,27.565907,22.565907,0.0,2.5,-0.034772279998451075,-0.03315073275536658,0.00162155,-0.46919829375549826,-0.4432294241532484,0.02596887,0.4760380801513618,0.38200572771126906,-0.09403235,-0.005529416996763946,-0.00548171527020643,4.77e-05,1.0985434401978988,0.9398386382515362,-0.1587048,computed_from_action_before_after_weights,,10.000001,95.0,5.0,PASS,,"침체·유동성 스트레스 취약성을 만든 NVDA에 대해 261240.KS, 017670.KS로 원인 보유자산 일부 축소 후 헷지를 적용하면 sleeve 취약도 변화가 -0.0577입니다. 정식 추천 기준은 미달해 검토 후보입니다.",Action formal gate did not pass. Blockers: bootstrap_not_robust|linked_formal_gate_blocked|linked_recommendation_not_formal. Linked recommendation status is evidence only: REFERENCE_ONLY.,"261240.KS + 017670.KS 조정은 침체·유동성 스트레스 취약성을 낮추는 검토안이며 전후 지표는 CVaR 개선, MDD 개선, stress 개선으로 확인됩니다.",취약성 0.0577 감소; CVaR 0.16%p 개선; MDD 2.60%p 개선; stress 0.00%p 개선; Sharpe 0.16 악화,FORMAL_ACTION excluded by action-level gate: bootstrap_not_robust|linked_formal_gate_blocked|linked_recommendation_not_formal,False,True,"상위 sleeve 커버리지 이후 남은 후보 중 상태, 개선폭, turnover 기준으로 선택했습니다.",,"{""005930.KS"": 39.439575, ""035420.KS"": 19.730652, ""035720.KS"": 13.263866, ""NVDA"": 27.565907}","{""005930.KS"": 39.439575, ""017670.KS"": 2.5, ""035420.KS"": 19.730652, ""035720.KS"": 13.263866, ""261240.KS"": 2.5, ""NVDA"": 22.565907}"
action_031,REVIEW_ACTION,TRIM_AND_HEDGE,REVIEW_REQUIRED,REVIEW,B,B. 조건부 처방,"핵심 취약점 보완 효과는 있으나 검증 샘플, 비용, 유동성, cash baseline 중 일부 확인이 필요합니다.",Y,LOW,100.0,0.5099561361552056,0.325586,linked_final_score,0.5099561361552056,80,B:70-89,grade_banded_final_score_v1,,1.0,growth_beta|korea_domestic_credit|korea_equity|krw_exposure|usdkrw_fx_korea|semiconductor_ai_cycle,defensive_equity|geopolitical_supply_chain|gold|inflation_energy_shock|korea_domestic_credit|korea_equity|kr_listed|recession_liquidity_stress|usdkrw_fx_korea,N,N,N,C,formal_rebalance_hedge_gate,FAIL,bootstrap_not_robust|cash_baseline_lag|linked_formal_gate_blocked|linked_recommendation_not_formal,recession_liquidity_stress,침체·유동성 스트레스,recession_liquidity_stress,acute_global_stress_liquidity_crunch|slowdown_recession_deflation_risk,NVDA,NVDA,,132030.KS|017670.KS,132030.KS,132030.KS + 017670.KS,REFERENCE_ONLY,REFERENCE_ONLY,VALIDATION_INSUFFICIENT,validation_insufficient|return_drag_reference|reference_only,"검증 이력 부족 - Add enough target stress validation history before formal promotion.; 수익률 훼손 검토 필요 - Confirm risk reduction compensates for return drag before promotion.; 참고 후보 - Use as research context, not an execution recommendation.",0,0,0,0,linked_recommendation_evidence_after_backtest,,"Action formal gate failed: bootstrap_not_robust, cash_baseline_lag, linked_formal_gate_blocked, linked_recommendation_not_formal","{""alternatives"": [{""available"": true, ""cvar"": -0.034772279998451075, ""estimated_cost_bps"": 0.0, ""mdd"": -0.46919829375549826, ""name"": ""current"", ""stress"": -0.005529416996763946, ""turnover_pct"": 0.0, ""why_not_chosen_ko"": ""baseline portfolio""}, {""available"": true, ""cvar_delta_after_cost"": 0.0012408, ""estimated_cost_bps"": 25.0, ""mdd_delta_after_cost"": 0.02155135, ""name"": ""trim_hedge"", ""stress_delta_after_cost"": 1.75e-06, ""turnover_pct"": 10.000001, ""why_not_chosen_ko"": """"}, {""available"": true, ""cvar_delta_after_cost"": 0.00177329, ""estimated_cost_bps"": 25.0, ""mdd_delta_after_cost"": 0.02181889, ""name"": ""trim_cash"", ""stress_delta_after_cost"": -2.7e-05, ""turnover_pct"": 10.000001, ""why_not_chosen_ko"": ""cash baseline was compared against the trim+hedge action""}, {""available"": true, ""cvar_delta_after_cost"": 0.0, ""estimated_cost_bps"": 0.0, ""mdd_delta_after_cost"": 0.0, ""name"": ""hold"", ""stress_delta_after_cost"": 0.0, ""turnover_pct"": 0.0, ""why_not_chosen_ko"": ""does not reduce the active scenario vulnerability""}]}",4,0.0012408,0.02155135,1.75e-06,25.0,0.00025,ASSUMED_LIQUID_UNIVERSE,Y,Y,Y,Y,LAGS_CASH,UNCERTAIN,UNCERTAIN,Y,"{""concentration_cap_pct"": 50.0, ""max_candidate_weight_pct"": 20.0, ""max_turnover_pct"": 20.0, ""min_existing_kept_pct"": 80.0, ""profile_source"": ""system_default""}",,0.53266093,0.47507282,-0.05758812,10.8114,53.4553,53.4553,53.4553,27.565907,22.565907,27.565907,22.565907,0.0,2.5,-0.034772279998451075,-0.03353148070711142,0.0012408,-0.46919829375549826,-0.44764694124741644,0.02155135,0.4760380801513618,0.3766511840115565,-0.0993869,-0.005529416996763946,-0.005527666077799512,1.75e-06,1.0985434401978988,0.9321707026707743,-0.16637274,computed_from_action_before_after_weights,,10.000001,95.0,5.0,PASS,,"침체·유동성 스트레스 취약성을 만든 NVDA에 대해 132030.KS, 017670.KS로 원인 보유자산 일부 축소 후 헷지를 적용하면 sleeve 취약도 변화가 -0.0576입니다. 정식 추천 기준은 미달해 검토 후보입니다.",Action formal gate did not pass. Blockers: bootstrap_not_robust|cash_baseline_lag|linked_formal_gate_blocked|linked_recommendation_not_formal. Linked recommendation status is evidence only: REFERENCE_ONLY.,"132030.KS + 017670.KS 조정은 침체·유동성 스트레스 취약성을 낮추는 검토안이며 전후 지표는 CVaR 개선, MDD 개선, stress 개선으로 확인됩니다.",취약성 0.0576 감소; CVaR 0.12%p 개선; MDD 2.16%p 개선; stress 0.00%p 개선; Sharpe 0.17 악화,FORMAL_ACTION excluded by action-level gate: bootstrap_not_robust|cash_baseline_lag|linked_formal_gate_blocked|linked_recommendation_not_formal,False,True,"상위 sleeve 커버리지 이후 남은 후보 중 상태, 개선폭, turnover 기준으로 선택했습니다.",,"{""005930.KS"": 39.439575, ""035420.KS"": 19.730652, ""035720.KS"": 13.263866, ""NVDA"": 27.565907}","{""005930.KS"": 39.439575, ""017670.KS"": 2.5, ""035420.KS"": 19.730652, ""035720.KS"": 13.263866, ""132030.KS"": 2.5, ""NVDA"": 22.565907}"
action_023,REVIEW_ACTION,TRIM_AND_HEDGE,REVIEW_REQUIRED,REVIEW,B,B. 조건부 처방,"핵심 취약점 보완 효과는 있으나 검증 샘플, 비용, 유동성, cash baseline 중 일부 확인이 필요합니다.",Y,LOW,100.0,0.6461744912226246,0.376613,linked_final_score,0.6461744912226246,82,B:70-89,grade_banded_final_score_v1,0.7503883523180992,1.0,growth_beta|korea_domestic_credit|korea_equity|krw_exposure|usdkrw_fx_korea|semiconductor_ai_cycle,cash_like|korea_domestic_credit|kr_short_bond|rate_shock_growth_duration|usdkrw_fx_korea,Y,Y,Y,D,formal_rebalance_hedge_gate,FAIL,bootstrap_not_robust|linked_formal_gate_blocked|linked_recommendation_not_formal,recession_liquidity_stress,침체·유동성 스트레스,recession_liquidity_stress,acute_global_stress_liquidity_crunch|slowdown_recession_deflation_risk,NVDA,NVDA,,153130.KS,153130.KS,153130.KS,REFERENCE_ONLY,REFERENCE_ONLY,VALIDATION_INSUFFICIENT,validation_insufficient|return_drag_reference|reference_only,"검증 이력 부족 - Add enough target stress validation history before formal promotion.; 수익률 훼손 검토 필요 - Confirm risk reduction compensates for return drag before promotion.; 참고 후보 - Use as research context, not an execution recommendation.",0,0,0,0,linked_recommendation_evidence_after_backtest,,"Action formal gate failed: bootstrap_not_robust, linked_formal_gate_blocked, linked_recommendation_not_formal","{""alternatives"": [{""available"": true, ""cvar"": -0.034772279998451075, ""estimated_cost_bps"": 0.0, ""mdd"": -0.46919829375549826, ""name"": ""current"", ""stress"": -0.005529416996763946, ""turnover_pct"": 0.0, ""why_not_chosen_ko"": ""baseline portfolio""}, {""available"": true, ""cvar_delta_after_cost"": 0.00164904, ""estimated_cost_bps"": 25.0, ""mdd_delta_after_cost"": 0.02657452, ""name"": ""trim_hedge"", ""stress_delta_after_cost"": 6.512e-05, ""turnover_pct"": 10.000001, ""why_not_chosen_ko"": """"}, {""available"": true, ""cvar_delta_after_cost"": 0.00177329, ""estimated_cost_bps"": 25.0, ""mdd_delta_after_cost"": 0.02181889, ""name"": ""trim_cash"", ""stress_delta_after_cost"": -2.7e-05, ""turnover_pct"": 10.000001, ""why_not_chosen_ko"": ""cash baseline was compared against the trim+hedge action""}, {""available"": true, ""cvar_delta_after_cost"": 0.0, ""estimated_cost_bps"": 0.0, ""mdd_delta_after_cost"": 0.0, ""name"": ""hold"", ""stress_delta_after_cost"": 0.0, ""turnover_pct"": 0.0, ""why_not_chosen_ko"": ""does not reduce the active scenario vulnerability""}]}",4,0.00164904,0.02657452,6.512e-05,25.0,0.00025,ASSUMED_LIQUID_UNIVERSE,Y,Y,Y,Y,BEATS_CASH,UNCERTAIN,ROBUST_IMPROVE,Y,"{""concentration_cap_pct"": 50.0, ""max_candidate_weight_pct"": 20.0, ""max_turnover_pct"": 20.0, ""min_existing_kept_pct"": 80.0, ""profile_source"": ""system_default""}",,0.53266093,0.48077126,-0.05188967,9.7416,53.4553,53.4553,53.4553,27.565907,22.565907,27.565907,22.565907,0.0,5.0,-0.034772279998451075,-0.03312324496445668,0.00164904,-0.46919829375549826,-0.44262377794100616,0.02657452,0.4760380801513618,0.3816713537309382,-0.09436673,-0.005529416996763946,-0.0054642927737197896,6.512e-05,1.0985434401978988,0.9150410236101059,-0.18350242,computed_from_action_before_after_weights,,10.000001,95.0,5.0,PASS,,침체·유동성 스트레스 취약성을 만든 NVDA에 대해 153130.KS로 원인 보유자산 일부 축소 후 헷지를 적용하면 sleeve 취약도 변화가 -0.0519입니다. 정식 추천 기준은 미달해 검토 후보입니다.,Action formal gate did not pass. Blockers: bootstrap_not_robust|linked_formal_gate_blocked|linked_recommendation_not_formal. Linked recommendation status is evidence only: REFERENCE_ONLY.,"153130.KS 조정은 침체·유동성 스트레스 취약성을 낮추는 검토안이며 전후 지표는 CVaR 개선, MDD 개선, stress 개선으로 확인됩니다.",취약성 0.0519 감소; CVaR 0.16%p 개선; MDD 2.66%p 개선; stress 0.01%p 개선; Sharpe 0.18 악화,FORMAL_ACTION excluded by action-level gate: bootstrap_not_robust|linked_formal_gate_blocked|linked_recommendation_not_formal,False,True,"상위 sleeve 커버리지 이후 남은 후보 중 상태, 개선폭, turnover 기준으로 선택했습니다.",,"{""005930.KS"": 39.439575, ""035420.KS"": 19.730652, ""035720.KS"": 13.263866, ""NVDA"": 27.565907}","{""005930.KS"": 39.439575, ""035420.KS"": 19.730652, ""035720.KS"": 13.263866, ""153130.KS"": 5.0, ""NVDA"": 22.565907}"
action_043,REVIEW_ACTION,DE_RISK_CASH,,REVIEW,D,D. 참고 benchmark,방어 성격은 있으나 핵심 취약점 직접 처방으로 보기는 약해 비교 기준으로만 둡니다.,N,BENCHMARK,10.9085,0.0,0.317656,action_quality_score,0.317656,16,D:0-49,grade_banded_final_score_v1,,,,,,,,,formal_de_risk_cash_gate,FAIL,stress_after_cost_not_improved,recession_liquidity_stress,침체·유동성 스트레스,recession_liquidity_stress,acute_global_stress_liquidity_crunch|slowdown_recession_deflation_risk,NVDA,NVDA,,__CASH__,__CASH__,__CASH__,REFERENCE_ONLY,,,,,,,,,,,Action formal gate failed: stress_after_cost_not_improved,"{""alternatives"": [{""available"": true, ""cvar"": -0.034772279998451075, ""estimated_cost_bps"": 0.0, ""mdd"": -0.46919829375549826, ""name"": ""current"", ""stress"": -0.005529416996763946, ""turnover_pct"": 0.0, ""why_not_chosen_ko"": ""baseline portfolio""}, {""available"": true, ""cvar_delta_after_cost"": 0.00177329, ""estimated_cost_bps"": 25.0, ""mdd_delta_after_cost"": 0.02181889, ""name"": ""trim_hedge"", ""stress_delta_after_cost"": -2.7e-05, ""turnover_pct"": 10.000001, ""why_not_chosen_ko"": """"}, {""available"": true, ""cvar_delta_after_cost"": 0.00177329, ""estimated_cost_bps"": 25.0, ""mdd_delta_after_cost"": 0.02181889, ""name"": ""trim_cash"", ""stress_delta_after_cost"": -2.7e-05, ""turnover_pct"": 10.000001, ""why_not_chosen_ko"": ""cash baseline was compared against the trim+hedge action""}, {""available"": true, ""cvar_delta_after_cost"": 0.0, ""estimated_cost_bps"": 0.0, ""mdd_delta_after_cost"": 0.0, ""name"": ""hold"", ""stress_delta_after_cost"": 0.0, ""turnover_pct"": 0.0, ""why_not_chosen_ko"": ""does not reduce the active scenario vulnerability""}]}",4,0.00177329,0.02181889,-2.7e-05,25.0,0.00025,CASH_BUCKET,Y,Y,Y,N,CASH_BETTER,UNCERTAIN,UNCERTAIN,Y,"{""concentration_cap_pct"": 50.0, ""max_candidate_weight_pct"": 20.0, ""max_turnover_pct"": 20.0, ""min_existing_kept_pct"": 80.0, ""profile_source"": ""system_default""}",,0.53266093,0.4810146,-0.05164634,9.6959,53.4553,53.4553,53.4553,27.565907,22.565907,27.565907,22.565907,0.0,5.0,-0.034772279998451075,-0.032998988686952835,0.00177329,-0.46919829375549826,-0.44737940161946965,0.02181889,0.4760380801513618,0.38253025409890057,-0.09350783,-0.005529416996763946,-0.005556418974027709,-2.7e-05,1.0985434401978988,0.9893889890874843,-0.10915445,computed_from_action_before_after_weights,,10.000001,95.0,5.0,PASS,,침체·유동성 스트레스 취약성을 만든 NVDA에 대해 __CASH__로 DE_RISK_CASH를 적용하면 sleeve 취약도 변화가 -0.0516입니다. 정식 추천 기준은 미달해 검토 후보입니다.,Action formal gate did not pass. Blockers: stress_after_cost_not_improved. Linked recommendation status is evidence only: REFERENCE_ONLY.,"__CASH__ 조정은 침체·유동성 스트레스 취약성을 낮추는 검토안이며 전후 지표는 CVaR 개선, MDD 개선, stress 악화으로 확인됩니다.",취약성 0.0516 감소; CVaR 0.18%p 개선; MDD 2.18%p 개선; stress 0.00%p 악화; Sharpe 0.11 악화,FORMAL_ACTION excluded by action-level gate: stress_after_cost_not_improved,False,False,,같은 risk sleeve에서 더 적합한 액션이 선택되어 후보 감사 목록에만 남겼습니다.,"{""005930.KS"": 39.439575, ""035420.KS"": 19.730652, ""035720.KS"": 13.263866, ""NVDA"": 27.565907}","{""005930.KS"": 39.439575, ""035420.KS"": 19.730652, ""035720.KS"": 13.263866, ""NVDA"": 22.565907, ""__CASH__"": 5.0}"
action_032,RESEARCH_ONLY,ADD_HEDGE,,REVIEW,,,,Y,LOW,93.7964,0.869215561547114,0.744558,linked_final_score,0.869215561547114,43,D:0-49,grade_banded_final_score_v1,0.7167603233930879,1.0,growth_beta|korea_domestic_credit|korea_equity|krw_exposure|usdkrw_fx_korea|semiconductor_ai_cycle,inverse_korea|korea_beta_offset|korea_domestic_credit|rate_shock_growth_duration|recession_liquidity_stress|semiconductor_ai_cycle|usdkrw_fx_korea,N,N,N,C,formal_rebalance_hedge_gate,FAIL,base_action_status_research_only|constraint_failed|linked_formal_gate_blocked|linked_recommendation_not_formal|not_trim_and_hedge,recession_liquidity_stress,침체·유동성 스트레스,recession_liquidity_stress,acute_global_stress_liquidity_crunch|slowdown_recession_deflation_risk,NVDA|005930.KS|035420.KS|035720.KS,NVDA,,114800.KS,114800.KS,114800.KS,FAIL_GATE,FAIL_GATE,VALIDATION_NOT_ELIGIBLE,fail_gate|validation_not_eligible,하드 게이트 실패 - Do not promote until the failing gate is resolved.; validation not eligible - Keep blocked or rebuild the candidate with valid backtest inputs.,0,0,0,0,linked_recommendation_evidence_after_backtest,,"Action formal gate failed: base_action_status_research_only, constraint_failed, linked_formal_gate_blocked, linked_recommendation_not_formal, not_trim_and_hedge","{""alternatives"": [{""available"": true, ""cvar"": -0.034772279998451075, ""estimated_cost_bps"": 0.0, ""mdd"": -0.46919829375549826, ""name"": ""current"", ""stress"": -0.005529416996763946, ""turnover_pct"": 0.0, ""why_not_chosen_ko"": ""baseline portfolio""}, {""available"": true, ""cvar_delta_after_cost"": 0.00539221, ""estimated_cost_bps"": 25.0, ""mdd_delta_after_cost"": 0.05167865, ""name"": ""trim_hedge"", ""stress_delta_after_cost"": 0.00119741, ""turnover_pct"": 20.1588, ""why_not_chosen_ko"": """"}, {""available"": true, ""cvar_delta_after_cost"": 0.00316404, ""estimated_cost_bps"": 25.0, ""mdd_delta_after_cost"": 0.03275545, ""name"": ""trim_cash"", ""stress_delta_after_cost"": 0.00050314, ""turnover_pct"": 20.1588, ""why_not_chosen_ko"": ""cash baseline was compared against the trim+hedge action""}, {""available"": true, ""cvar_delta_after_cost"": 0.0, ""estimated_cost_bps"": 0.0, ""mdd_delta_after_cost"": 0.0, ""name"": ""hold"", ""stress_delta_after_cost"": 0.0, ""turnover_pct"": 0.0, ""why_not_chosen_ko"": ""does not reduce the active scenario vulnerability""}]}",4,0.00539221,0.05167865,0.00119741,25.0,0.00050397,ASSUMED_LIQUID_UNIVERSE,Y,Y,Y,Y,BEATS_CASH,ROBUST_IMPROVE,ROBUST_IMPROVE,Y,"{""concentration_cap_pct"": 50.0, ""max_candidate_weight_pct"": 20.0, ""max_turnover_pct"": 20.0, ""min_existing_kept_pct"": 80.0, ""profile_source"": ""system_default""}",,0.53266093,0.43111457,-0.10154637,19.064,100.0,100.0,100.0,27.565907,25.0576,27.565907,25.0576,0.0,9.0795,-0.034772279998451075,-0.029380069746078045,0.00539221,-0.46919829375549826,-0.41751964078800496,0.05167865,0.4760380801513618,0.43613097524555067,-0.0399071,-0.005529416996763946,-0.004332007424978471,0.00119741,1.0985434401978988,0.9781824776165292,-0.12036096,computed_from_action_before_after_weights,,20.1588,90.9007,5.0,FAIL,turnover 20.16% > 20.00%,114800.KS는 침체·유동성 스트레스 관련 리서치 전용 후보라 실행 추천이 아닙니다.,인버스·레버리지·옵션·변동성 상품 등 연구용 후보 특성이 있어 실행 추천과 분리했습니다.,"114800.KS 조정은 침체·유동성 스트레스 취약성을 낮추는 검토안이며 전후 지표는 CVaR 개선, MDD 개선, stress 개선으로 확인됩니다.",취약성 0.1015 감소; CVaR 0.54%p 개선; MDD 5.17%p 개선; stress 0.12%p 개선; Sharpe 0.12 악화,실행 추천 대상이 아닌 리서치 전용 상품군입니다.,False,False,,인버스·레버리지·옵션·변동성 상품 등 연구용 후보 특성이 있어 실행 추천과 분리했습니다.,"{""005930.KS"": 39.439575, ""035420.KS"": 19.730652, ""035720.KS"": 13.263866, ""NVDA"": 27.565907}","{""005930.KS"": 35.8509, ""035420.KS"": 17.9353, ""035720.KS"": 12.0569, ""114800.KS"": 9.0795, ""NVDA"": 25.0576, ""__CASH__"": 1.98}"
action_033,RESEARCH_ONLY,TRIM_AND_HEDGE,,REVIEW,,,,Y,LOW,100.0,0.869215561547114,0.501572,linked_final_score,0.869215561547114,43,D:0-49,grade_banded_final_score_v1,0.7167603233930879,1.0,growth_beta|korea_domestic_credit|korea_equity|krw_exposure|usdkrw_fx_korea|semiconductor_ai_cycle,inverse_korea|korea_beta_offset|korea_domestic_credit|rate_shock_growth_duration|recession_liquidity_stress|semiconductor_ai_cycle|usdkrw_fx_korea,N,N,N,C,formal_rebalance_hedge_gate,FAIL,base_action_status_research_only|linked_formal_gate_blocked|linked_recommendation_not_formal,recession_liquidity_stress,침체·유동성 스트레스,recession_liquidity_stress,acute_global_stress_liquidity_crunch|slowdown_recession_deflation_risk,NVDA,NVDA,,114800.KS,114800.KS,114800.KS,FAIL_GATE,FAIL_GATE,VALIDATION_NOT_ELIGIBLE,fail_gate|validation_not_eligible,하드 게이트 실패 - Do not promote until the failing gate is resolved.; validation not eligible - Keep blocked or rebuild the candidate with valid backtest inputs.,0,0,0,0,linked_recommendation_evidence_after_backtest,,"Action formal gate failed: base_action_status_research_only, linked_formal_gate_blocked, linked_recommendation_not_formal","{""alternatives"": [{""available"": true, ""cvar"": -0.034772279998451075, ""estimated_cost_bps"": 0.0, ""mdd"": -0.46919829375549826, ""name"": ""current"", ""stress"": -0.005529416996763946, ""turnover_pct"": 0.0, ""why_not_chosen_ko"": ""baseline portfolio""}, {""available"": true, ""cvar_delta_after_cost"": 0.00304766, ""estimated_cost_bps"": 25.0, ""mdd_delta_after_cost"": 0.03541515, ""name"": ""trim_hedge"", ""stress_delta_after_cost"": 0.00040387, ""turnover_pct"": 10.000001, ""why_not_chosen_ko"": """"}, {""available"": true, ""cvar_delta_after_cost"": 0.00177329, ""estimated_cost_bps"": 25.0, ""mdd_delta_after_cost"": 0.02181889, ""name"": ""trim_cash"", ""stress_delta_after_cost"": -2.7e-05, ""turnover_pct"": 10.000001, ""why_not_chosen_ko"": ""cash baseline was compared against the trim+hedge action""}, {""available"": true, ""cvar_delta_after_cost"": 0.0, ""estimated_cost_bps"": 0.0, ""mdd_delta_after_cost"": 0.0, ""name"": ""hold"", ""stress_delta_after_cost"": 0.0, ""turnover_pct"": 0.0, ""why_not_chosen_ko"": ""does not reduce the active scenario vulnerability""}]}",4,0.00304766,0.03541515,0.00040387,25.0,0.00025,ASSUMED_LIQUID_UNIVERSE,Y,Y,Y,Y,BEATS_CASH,ACTION_BOOTSTRAP_PASS,ROBUST_IMPROVE,Y,"{""concentration_cap_pct"": 50.0, ""max_candidate_weight_pct"": 20.0, ""max_turnover_pct"": 20.0, ""min_existing_kept_pct"": 80.0, ""profile_source"": ""system_default""}",,0.53266093,0.45178508,-0.08087585,15.1834,53.4553,53.4553,53.4553,27.565907,22.565907,27.565907,22.565907,0.0,5.0,-0.034772279998451075,-0.031724615679190195,0.00304766,-0.46919829375549826,-0.43378314638971494,0.03541515,0.4760380801513618,0.3840166995234721,-0.09202138,-0.005529416996763946,-0.005125548497048044,0.00040387,1.0985434401978988,0.8978578245847374,-0.20068562,computed_from_action_before_after_weights,,10.000001,95.0,5.0,PASS,,114800.KS는 침체·유동성 스트레스 관련 리서치 전용 후보라 실행 추천이 아닙니다.,인버스·레버리지·옵션·변동성 상품 등 연구용 후보 특성이 있어 실행 추천과 분리했습니다.,"114800.KS 조정은 침체·유동성 스트레스 취약성을 낮추는 검토안이며 전후 지표는 CVaR 개선, MDD 개선, stress 개선으로 확인됩니다.",취약성 0.0809 감소; CVaR 0.30%p 개선; MDD 3.54%p 개선; stress 0.04%p 개선; Sharpe 0.20 악화,실행 추천 대상이 아닌 리서치 전용 상품군입니다.,False,False,,인버스·레버리지·옵션·변동성 상품 등 연구용 후보 특성이 있어 실행 추천과 분리했습니다.,"{""005930.KS"": 39.439575, ""035420.KS"": 19.730652, ""035720.KS"": 13.263866, ""NVDA"": 27.565907}","{""005930.KS"": 39.439575, ""035420.KS"": 19.730652, ""035720.KS"": 13.263866, ""114800.KS"": 5.0, ""NVDA"": 22.565907}"
action_045,REVIEW_ACTION,TRIM_AND_HEDGE,,REVIEW,C,C. 검토 후보,방향성은 맞지만 공식 처방이라 부르기에는 근거 또는 제약 검증이 부족합니다.,Y,LOW,100.0,0.7061631970598096,0.343707,linked_final_score,0.7061631970598096,63,C:50-69,grade_banded_final_score_v1,0.7997568480172582,1.0,growth_beta|korea_domestic_credit|korea_equity|krw_exposure|usdkrw_fx_korea|semiconductor_ai_cycle,korea_domestic_credit|krw_weakness|usd_hedge|usdkrw_fx_korea,N,N,N,C,formal_rebalance_hedge_gate,FAIL,linked_formal_gate_blocked|linked_recommendation_not_formal,usdkrw_fx_korea,달러강세·원화약세,usdkrw_fx_korea,usd_strength_krw_weakness,005930.KS,005930.KS,,261240.KS,261240.KS,261240.KS,REFERENCE_ONLY,REFERENCE_ONLY,VALIDATION_THIN,validation_thin|bootstrap_not_robust|cash_bootstrap_not_robust|return_drag_reference|reference_only,"검증 표본 부족 - Keep review-only until the stress sample is thick enough.; 부트스트랩 신뢰도 부족 - Increase sample coverage or downgrade fragile candidates.; 현금 기준 부트스트랩 부족 - Add stronger cash-baseline evidence before formal use.; 수익률 훼손 검토 필요 - Confirm risk reduction compensates for return drag before promotion.; 참고 후보 - Use as research context, not an execution recommendation.",1,0,0,0,linked_recommendation_evidence_after_backtest,,"Action formal gate failed: linked_formal_gate_blocked, linked_recommendation_not_formal","{""alternatives"": [{""available"": true, ""cvar"": -0.034772279998451075, ""estimated_cost_bps"": 0.0, ""mdd"": -0.46919829375549826, ""name"": ""current"", ""stress"": -0.005529416996763946, ""turnover_pct"": 0.0, ""why_not_chosen_ko"": ""baseline portfolio""}, {""available"": true, ""cvar_delta_after_cost"": 0.00172594, ""estimated_cost_bps"": 25.0, ""mdd_delta_after_cost"": 0.01528933, ""name"": ""trim_hedge"", ""stress_delta_after_cost"": 0.00049673, ""turnover_pct"": 10.0, ""why_not_chosen_ko"": """"}, {""available"": true, ""cvar_delta_after_cost"": 0.00158823, ""estimated_cost_bps"": 25.0, ""mdd_delta_after_cost"": 0.0074225, ""name"": ""trim_cash"", ""stress_delta_after_cost"": 0.00037189, ""turnover_pct"": 10.0, ""why_not_chosen_ko"": ""cash baseline was compared against the trim+hedge action""}, {""available"": true, ""cvar_delta_after_cost"": 0.0, ""estimated_cost_bps"": 0.0, ""mdd_delta_after_cost"": 0.0, ""name"": ""hold"", ""stress_delta_after_cost"": 0.0, ""turnover_pct"": 0.0, ""why_not_chosen_ko"": ""does not reduce the active scenario vulnerability""}]}",4,0.00172594,0.01528933,0.00049673,25.0,0.00025,ASSUMED_LIQUID_UNIVERSE,Y,Y,Y,Y,BEATS_CASH,ROBUST_IMPROVE,ACTION_BOOTSTRAP_PASS,Y,"{""concentration_cap_pct"": 50.0, ""max_candidate_weight_pct"": 20.0, ""max_turnover_pct"": 20.0, ""min_existing_kept_pct"": 80.0, ""profile_source"": ""system_default""}",,0.49431165,0.48388896,-0.01042269,2.1085,54.7073,54.7073,54.7073,39.439575,34.439575,39.439575,34.439575,0.0,5.0,-0.034772279998451075,-0.03304634102755483,0.00172594,-0.46919829375549826,-0.45390895973196865,0.01528933,0.4760380801513618,0.4828766619615172,0.00683858,-0.005529416996763946,-0.005032691374769774,0.00049673,1.0985434401978988,1.0229800584380395,-0.07556338,computed_from_action_before_after_weights,,10.0,95.0,5.0,PASS,,달러강세·원화약세 취약성을 만든 005930.KS에 대해 261240.KS로 원인 보유자산 일부 축소 후 헷지를 적용하면 sleeve 취약도 변화가 -0.0104입니다. 정식 추천 기준은 미달해 검토 후보입니다.,Action formal gate did not pass. Blockers: linked_formal_gate_blocked|linked_recommendation_not_formal. Linked recommendation status is evidence only: REFERENCE_ONLY.,"261240.KS 조정은 달러강세·원화약세 취약성을 낮추는 검토안이며 전후 지표는 CVaR 개선, MDD 개선, stress 개선으로 확인됩니다.",취약성 0.0104 감소; CVaR 0.17%p 개선; MDD 1.53%p 개선; stress 0.05%p 개선; Sharpe 0.08 악화,FORMAL_ACTION excluded by action-level gate: linked_formal_gate_blocked|linked_recommendation_not_formal,False,False,,같은 risk sleeve에서 더 적합한 액션이 선택되어 후보 감사 목록에만 남겼습니다.,"{""005930.KS"": 39.439575, ""035420.KS"": 19.730652, ""035720.KS"": 13.263866, ""NVDA"": 27.565907}","{""005930.KS"": 34.439575, ""035420.KS"": 19.730652, ""035720.KS"": 13.263866, ""261240.KS"": 5.0, ""NVDA"": 27.565907}"
action_052,REVIEW_ACTION,ADD_HEDGE,,REVIEW,B,B. 조건부 처방,"핵심 취약점 보완 효과는 있으나 검증 샘플, 비용, 유동성, cash baseline 중 일부 확인이 필요합니다.",Y,LOW,100.0,0.5959340266786852,0.252121,linked_final_score,0.5959340266786852,81,B:70-89,grade_banded_final_score_v1,0.6940400201271352,1.0,growth_beta|korea_domestic_credit|korea_equity|krw_exposure|usdkrw_fx_korea|semiconductor_ai_cycle,credit_cycle|korea_domestic_credit|korea_financial|rate_shock_growth_duration|usdkrw_fx_korea,N,N,N,C,formal_rebalance_hedge_gate,FAIL,cash_baseline_lag|linked_formal_gate_blocked|linked_recommendation_not_formal|not_trim_and_hedge,usdkrw_fx_korea,달러강세·원화약세,usdkrw_fx_korea,usd_strength_krw_weakness,005930.KS|035420.KS|035720.KS|NVDA,005930.KS,,105560.KS,105560.KS,105560.KS,REFERENCE_ONLY,REFERENCE_ONLY,VALIDATION_INSUFFICIENT,validation_insufficient|reference_only,"검증 이력 부족 - Add enough target stress validation history before formal promotion.; 참고 후보 - Use as research context, not an execution recommendation.",0,0,0,0,linked_recommendation_evidence_after_backtest,,"Action formal gate failed: cash_baseline_lag, linked_formal_gate_blocked, linked_recommendation_not_formal, not_trim_and_hedge","{""alternatives"": [{""available"": true, ""cvar"": -0.034772279998451075, ""estimated_cost_bps"": 0.0, ""mdd"": -0.46919829375549826, ""name"": ""current"", ""stress"": -0.005529416996763946, ""turnover_pct"": 0.0, ""why_not_chosen_ko"": ""baseline portfolio""}, {""available"": true, ""cvar_delta_after_cost"": 0.00235836, ""estimated_cost_bps"": 25.0, ""mdd_delta_after_cost"": 0.02852074, ""name"": ""trim_hedge"", ""stress_delta_after_cost"": 0.00026409, ""turnover_pct"": 18.1986, ""why_not_chosen_ko"": """"}, {""available"": true, ""cvar_delta_after_cost"": 0.00316404, ""estimated_cost_bps"": 25.0, ""mdd_delta_after_cost"": 0.03275545, ""name"": ""trim_cash"", ""stress_delta_after_cost"": 0.00050314, ""turnover_pct"": 18.1986, ""why_not_chosen_ko"": ""cash baseline was compared against the trim+hedge action""}, {""available"": true, ""cvar_delta_after_cost"": 0.0, ""estimated_cost_bps"": 0.0, ""mdd_delta_after_cost"": 0.0, ""name"": ""hold"", ""stress_delta_after_cost"": 0.0, ""turnover_pct"": 0.0, ""why_not_chosen_ko"": ""does not reduce the active scenario vulnerability""}]}",4,0.00235836,0.02852074,0.00026409,25.0,0.00045496,ASSUMED_LIQUID_UNIVERSE,Y,Y,Y,Y,LAGS_CASH,ACTION_BOOTSTRAP_PASS,UNCERTAIN,Y,"{""concentration_cap_pct"": 50.0, ""max_candidate_weight_pct"": 20.0, ""max_turnover_pct"": 20.0, ""min_existing_kept_pct"": 80.0, ""profile_source"": ""system_default""}",,0.49431165,0.48419471,-0.01011694,2.0467,100.0,100.0,100.0,39.439575,35.8509,39.439575,35.8509,0.0,6.1154,-0.034772279998451075,-0.032413918541800014,0.00235836,-0.46919829375549826,-0.4406775490417064,0.02852074,0.4760380801513618,0.42883296527820136,-0.04720511,-0.005529416996763946,-0.005265327572316562,0.00026409,1.0985434401978988,1.149885525991541,0.05134209,computed_from_action_before_after_weights,,18.1986,90.9007,5.0,PASS,,"달러강세·원화약세 취약성을 만든 005930.KS, 035420.KS, 035720.KS에 대해 105560.KS로 추가 헷지를 적용하면 sleeve 취약도 변화가 -0.0101입니다. 정식 추천 기준은 미달해 검토 후보입니다.",Action formal gate did not pass. Blockers: cash_baseline_lag|linked_formal_gate_blocked|linked_recommendation_not_formal|not_trim_and_hedge. Linked recommendation status is evidence only: REFERENCE_ONLY.,"105560.KS 조정은 달러강세·원화약세 취약성을 낮추는 검토안이며 전후 지표는 CVaR 개선, MDD 개선, stress 개선으로 확인됩니다.",취약성 0.0101 감소; CVaR 0.24%p 개선; MDD 2.85%p 개선; stress 0.03%p 개선; Sharpe 0.05 개선,FORMAL_ACTION excluded by action-level gate: cash_baseline_lag|linked_formal_gate_blocked|linked_recommendation_not_formal|not_trim_and_hedge,False,False,,같은 risk sleeve에서 더 적합한 액션이 선택되어 후보 감사 목록에만 남겼습니다.,"{""005930.KS"": 39.439575, ""035420.KS"": 19.730652, ""035720.KS"": 13.263866, ""NVDA"": 27.565907}","{""005930.KS"": 35.8509, ""035420.KS"": 17.9353, ""035720.KS"": 12.0569, ""105560.KS"": 6.1154, ""NVDA"": 25.0576, ""__CASH__"": 2.9839}"
action_047,REVIEW_ACTION,TRIM_AND_HEDGE,,REVIEW,C,C. 검토 후보,방향성은 맞지만 공식 처방이라 부르기에는 근거 또는 제약 검증이 부족합니다.,Y,LOW,100.0,0.6461744912226246,0.2257,linked_final_score,0.6461744912226246,62,C:50-69,grade_banded_final_score_v1,0.7503883523180992,1.0,growth_beta|korea_domestic_credit|korea_equity|krw_exposure|usdkrw_fx_korea|semiconductor_ai_cycle,cash_like|korea_domestic_credit|kr_short_bond|rate_shock_growth_duration|usdkrw_fx_korea,Y,Y,Y,D,formal_rebalance_hedge_gate,FAIL,linked_formal_gate_blocked|linked_recommendation_not_formal,usdkrw_fx_korea,달러강세·원화약세,usdkrw_fx_korea,usd_strength_krw_weakness,005930.KS,005930.KS,,153130.KS,153130.KS,153130.KS,REFERENCE_ONLY,REFERENCE_ONLY,VALIDATION_INSUFFICIENT,validation_insufficient|return_drag_reference|reference_only,"검증 이력 부족 - Add enough target stress validation history before formal promotion.; 수익률 훼손 검토 필요 - Confirm risk reduction compensates for return drag before promotion.; 참고 후보 - Use as research context, not an execution recommendation.",0,0,0,0,linked_recommendation_evidence_after_backtest,,"Action formal gate failed: linked_formal_gate_blocked, linked_recommendation_not_formal","{""alternatives"": [{""available"": true, ""cvar"": -0.034772279998451075, ""estimated_cost_bps"": 0.0, ""mdd"": -0.46919829375549826, ""name"": ""current"", ""stress"": -0.005529416996763946, ""turnover_pct"": 0.0, ""why_not_chosen_ko"": ""baseline portfolio""}, {""available"": true, ""cvar_delta_after_cost"": 0.00148259, ""estimated_cost_bps"": 25.0, ""mdd_delta_after_cost"": 0.00989636, ""name"": ""trim_hedge"", ""stress_delta_after_cost"": 0.00044661, ""turnover_pct"": 10.0, ""why_not_chosen_ko"": """"}, {""available"": true, ""cvar_delta_after_cost"": 0.00158823, ""estimated_cost_bps"": 25.0, ""mdd_delta_after_cost"": 0.0074225, ""name"": ""trim_cash"", ""stress_delta_after_cost"": 0.00037189, ""turnover_pct"": 10.0, ""why_not_chosen_ko"": ""cash baseline was compared against the trim+hedge action""}, {""available"": true, ""cvar_delta_after_cost"": 0.0, ""estimated_cost_bps"": 0.0, ""mdd_delta_after_cost"": 0.0, ""name"": ""hold"", ""stress_delta_after_cost"": 0.0, ""turnover_pct"": 0.0, ""why_not_chosen_ko"": ""does not reduce the active scenario vulnerability""}]}",4,0.00148259,0.00989636,0.00044661,25.0,0.00025,ASSUMED_LIQUID_UNIVERSE,Y,Y,Y,Y,BEATS_CASH,ROBUST_IMPROVE,ROBUST_IMPROVE,Y,"{""concentration_cap_pct"": 50.0, ""max_candidate_weight_pct"": 20.0, ""max_turnover_pct"": 20.0, ""min_existing_kept_pct"": 80.0, ""profile_source"": ""system_default""}",,0.49431165,0.48439176,-0.00991989,2.0068,54.7073,54.7073,54.7073,39.439575,34.439575,39.439575,34.439575,0.0,5.0,-0.034772279998451075,-0.033289690343536994,0.00148259,-0.46919829375549826,-0.4593019296156965,0.00989636,0.4760380801513618,0.4774040827742143,0.001366,-0.005529416996763946,-0.0050828059134756225,0.00044661,1.0985434401978988,0.9928570655103806,-0.10568637,computed_from_action_before_after_weights,,10.0,95.0,5.0,PASS,,달러강세·원화약세 취약성을 만든 005930.KS에 대해 153130.KS로 원인 보유자산 일부 축소 후 헷지를 적용하면 sleeve 취약도 변화가 -0.0099입니다. 정식 추천 기준은 미달해 검토 후보입니다.,Action formal gate did not pass. Blockers: linked_formal_gate_blocked|linked_recommendation_not_formal. Linked recommendation status is evidence only: REFERENCE_ONLY.,"153130.KS 조정은 달러강세·원화약세 취약성을 낮추는 검토안이며 전후 지표는 CVaR 개선, MDD 개선, stress 개선으로 확인됩니다.",취약성 0.0099 감소; CVaR 0.15%p 개선; MDD 0.99%p 개선; stress 0.04%p 개선; Sharpe 0.11 악화,FORMAL_ACTION excluded by action-level gate: linked_formal_gate_blocked|linked_recommendation_not_formal,False,False,,같은 risk sleeve에서 더 적합한 액션이 선택되어 후보 감사 목록에만 남겼습니다.,"{""005930.KS"": 39.439575, ""035420.KS"": 19.730652, ""035720.KS"": 13.263866, ""NVDA"": 27.565907}","{""005930.KS"": 34.439575, ""035420.KS"": 19.730652, ""035720.KS"": 13.263866, ""153130.KS"": 5.0, ""NVDA"": 27.565907}"
action_067,REVIEW_ACTION,TRIM_AND_HEDGE,,REVIEW,C,C. 검토 후보,방향성은 맞지만 공식 처방이라 부르기에는 근거 또는 제약 검증이 부족합니다.,Y,LOW,100.0,0.8529440585198975,0.175482,linked_final_score,0.8529440585198975,66,C:50-69,grade_banded_final_score_v1,,1.0,growth_beta|korea_domestic_credit|korea_equity|krw_exposure|usdkrw_fx_korea|semiconductor_ai_cycle,defensive_equity|inverse_korea|korea_beta_offset|korea_domestic_credit|korea_equity|rate_shock_growth_duration|recession_liquidity_stress|semiconductor_ai_cycle|usdkrw_fx_korea,N,N,N,C,formal_rebalance_hedge_gate,FAIL,linked_formal_gate_blocked|linked_recommendation_not_formal,usdkrw_fx_korea,달러강세·원화약세,usdkrw_fx_korea,usd_strength_krw_weakness,005930.KS,005930.KS,,114800.KS|017670.KS,114800.KS,114800.KS + 017670.KS,FAIL_GATE,FAIL_GATE,VALIDATION_NOT_ELIGIBLE,fail_gate|validation_not_eligible,하드 게이트 실패 - Do not promote until the failing gate is resolved.; validation not eligible - Keep blocked or rebuild the candidate with valid backtest inputs.,0,0,0,0,linked_recommendation_evidence_after_backtest,,"Action formal gate failed: linked_formal_gate_blocked, linked_recommendation_not_formal","{""alternatives"": [{""available"": true, ""cvar"": -0.034772279998451075, ""estimated_cost_bps"": 0.0, ""mdd"": -0.46919829375549826, ""name"": ""current"", ""stress"": -0.005529416996763946, ""turnover_pct"": 0.0, ""why_not_chosen_ko"": ""baseline portfolio""}, {""available"": true, ""cvar_delta_after_cost"": 0.00197245, ""estimated_cost_bps"": 25.0, ""mdd_delta_after_cost"": 0.01088754, ""name"": ""trim_hedge"", ""stress_delta_after_cost"": 0.0005735, ""turnover_pct"": 10.0, ""why_not_chosen_ko"": """"}, {""available"": true, ""cvar_delta_after_cost"": 0.00158823, ""estimated_cost_bps"": 25.0, ""mdd_delta_after_cost"": 0.0074225, ""name"": ""trim_cash"", ""stress_delta_after_cost"": 0.00037189, ""turnover_pct"": 10.0, ""why_not_chosen_ko"": ""cash baseline was compared against the trim+hedge action""}, {""available"": true, ""cvar_delta_after_cost"": 0.0, ""estimated_cost_bps"": 0.0, ""mdd_delta_after_cost"": 0.0, ""name"": ""hold"", ""stress_delta_after_cost"": 0.0, ""turnover_pct"": 0.0, ""why_not_chosen_ko"": ""does not reduce the active scenario vulnerability""}]}",4,0.00197245,0.01088754,0.0005735,25.0,0.00025,ASSUMED_LIQUID_UNIVERSE,Y,Y,Y,Y,BEATS_CASH,ROBUST_IMPROVE,ROBUST_IMPROVE,Y,"{""concentration_cap_pct"": 50.0, ""max_candidate_weight_pct"": 20.0, ""max_turnover_pct"": 20.0, ""min_existing_kept_pct"": 80.0, ""profile_source"": ""system_default""}",,0.49431165,0.48556457,-0.00874708,1.7695,54.7073,54.7073,54.7073,39.439575,34.439575,39.439575,34.439575,0.0,2.5,-0.034772279998451075,-0.03279982983266121,0.00197245,-0.46919829375549826,-0.4583107491927182,0.01088754,0.4760380801513618,0.47617484005716076,0.00013676,-0.005529416996763946,-0.0049559135409793145,0.0005735,1.0985434401978988,0.9944937589744778,-0.10404968,computed_from_action_before_after_weights,,10.0,95.0,5.0,PASS,,"달러강세·원화약세 취약성을 만든 005930.KS에 대해 114800.KS, 017670.KS로 원인 보유자산 일부 축소 후 헷지를 적용하면 sleeve 취약도 변화가 -0.0087입니다. 정식 추천 기준은 미달해 검토 후보입니다.",Action formal gate did not pass. Blockers: linked_formal_gate_blocked|linked_recommendation_not_formal. Linked recommendation status is evidence only: FAIL_GATE.,"114800.KS + 017670.KS 조정은 달러강세·원화약세 취약성을 낮추는 검토안이며 전후 지표는 CVaR 개선, MDD 개선, stress 개선으로 확인됩니다.",취약성 0.0087 감소; CVaR 0.20%p 개선; MDD 1.09%p 개선; stress 0.06%p 개선; Sharpe 0.10 악화,FORMAL_ACTION excluded by action-level gate: linked_formal_gate_blocked|linked_recommendation_not_formal,False,False,,같은 risk sleeve에서 더 적합한 액션이 선택되어 후보 감사 목록에만 남겼습니다.,"{""005930.KS"": 39.439575, ""035420.KS"": 19.730652, ""035720.KS"": 13.263866, ""NVDA"": 27.565907}","{""005930.KS"": 34.439575, ""017670.KS"": 2.5, ""035420.KS"": 19.730652, ""035720.KS"": 13.263866, ""114800.KS"": 2.5, ""NVDA"": 27.565907}"
action_049,REVIEW_ACTION,TRIM_AND_HEDGE,,REVIEW,C,C. 검토 후보,방향성은 맞지만 공식 처방이라 부르기에는 근거 또는 제약 검증이 부족합니다.,Y,LOW,100.0,0.645310278508778,0.135959,linked_final_score,0.645310278508778,62,C:50-69,grade_banded_final_score_v1,,1.0,growth_beta|korea_domestic_credit|korea_equity|krw_exposure|usdkrw_fx_korea|semiconductor_ai_cycle,defensive_equity|korea_domestic_credit|korea_equity|krw_weakness|recession_liquidity_stress|usd_hedge|usdkrw_fx_korea,N,N,N,C,formal_rebalance_hedge_gate,FAIL,linked_formal_gate_blocked|linked_recommendation_not_formal,usdkrw_fx_korea,달러강세·원화약세,usdkrw_fx_korea,usd_strength_krw_weakness,005930.KS,005930.KS,,261240.KS|017670.KS,261240.KS,261240.KS + 017670.KS,REFERENCE_ONLY,REFERENCE_ONLY,VALIDATION_THIN,validation_thin|bootstrap_not_robust|cash_bootstrap_not_robust|return_drag_reference|reference_only,"검증 표본 부족 - Keep review-only until the stress sample is thick enough.; 부트스트랩 신뢰도 부족 - Increase sample coverage or downgrade fragile candidates.; 현금 기준 부트스트랩 부족 - Add stronger cash-baseline evidence before formal use.; 수익률 훼손 검토 필요 - Confirm risk reduction compensates for return drag before promotion.; 참고 후보 - Use as research context, not an execution recommendation.",1,0,0,0,linked_recommendation_evidence_after_backtest,,"Action formal gate failed: linked_formal_gate_blocked, linked_recommendation_not_formal","{""alternatives"": [{""available"": true, ""cvar"": -0.034772279998451075, ""estimated_cost_bps"": 0.0, ""mdd"": -0.46919829375549826, ""name"": ""current"", ""stress"": -0.005529416996763946, ""turnover_pct"": 0.0, ""why_not_chosen_ko"": ""baseline portfolio""}, {""available"": true, ""cvar_delta_after_cost"": 0.0014496, ""estimated_cost_bps"": 25.0, ""mdd_delta_after_cost"": 0.00941731, ""name"": ""trim_hedge"", ""stress_delta_after_cost"": 0.00042919, ""turnover_pct"": 10.0, ""why_not_chosen_ko"": """"}, {""available"": true, ""cvar_delta_after_cost"": 0.00158823, ""estimated_cost_bps"": 25.0, ""mdd_delta_after_cost"": 0.0074225, ""name"": ""trim_cash"", ""stress_delta_after_cost"": 0.00037189, ""turnover_pct"": 10.0, ""why_not_chosen_ko"": ""cash baseline was compared against the trim+hedge action""}, {""available"": true, ""cvar_delta_after_cost"": 0.0, ""estimated_cost_bps"": 0.0, ""mdd_delta_after_cost"": 0.0, ""name"": ""hold"", ""stress_delta_after_cost"": 0.0, ""turnover_pct"": 0.0, ""why_not_chosen_ko"": ""does not reduce the active scenario vulnerability""}]}",4,0.0014496,0.00941731,0.00042919,25.0,0.00025,ASSUMED_LIQUID_UNIVERSE,Y,Y,Y,Y,BEATS_CASH,ROBUST_IMPROVE,UNCERTAIN,Y,"{""concentration_cap_pct"": 50.0, ""max_candidate_weight_pct"": 20.0, ""max_turnover_pct"": 20.0, ""min_existing_kept_pct"": 80.0, ""profile_source"": ""system_default""}",,0.49431165,0.48595545,-0.0083562,1.6905,54.7073,54.7073,54.7073,39.439575,34.439575,39.439575,34.439575,0.0,2.5,-0.034772279998451075,-0.033322680924470785,0.0014496,-0.46919829375549826,-0.45978097948492613,0.00941731,0.4760380801513618,0.47773845675454535,0.00170038,-0.005529416996763946,-0.005100228409962264,0.00042919,1.0985434401978988,1.0182435887724766,-0.08029985,computed_from_action_before_after_weights,,10.0,95.0,5.0,PASS,,"달러강세·원화약세 취약성을 만든 005930.KS에 대해 261240.KS, 017670.KS로 원인 보유자산 일부 축소 후 헷지를 적용하면 sleeve 취약도 변화가 -0.0084입니다. 정식 추천 기준은 미달해 검토 후보입니다.",Action formal gate did not pass. Blockers: linked_formal_gate_blocked|linked_recommendation_not_formal. Linked recommendation status is evidence only: REFERENCE_ONLY.,"261240.KS + 017670.KS 조정은 달러강세·원화약세 취약성을 낮추는 검토안이며 전후 지표는 CVaR 개선, MDD 개선, stress 개선으로 확인됩니다.",취약성 0.0084 감소; CVaR 0.14%p 개선; MDD 0.94%p 개선; stress 0.04%p 개선; Sharpe 0.08 악화,FORMAL_ACTION excluded by action-level gate: linked_formal_gate_blocked|linked_recommendation_not_formal,False,False,,같은 risk sleeve에서 더 적합한 액션이 선택되어 후보 감사 목록에만 남겼습니다.,"{""005930.KS"": 39.439575, ""035420.KS"": 19.730652, ""035720.KS"": 13.263866, ""NVDA"": 27.565907}","{""005930.KS"": 34.439575, ""017670.KS"": 2.5, ""035420.KS"": 19.730652, ""035720.KS"": 13.263866, ""261240.KS"": 2.5, ""NVDA"": 27.565907}"
action_061,REVIEW_ACTION,TRIM_AND_HEDGE,,REVIEW,B,B. 조건부 처방,"핵심 취약점 보완 효과는 있으나 검증 샘플, 비용, 유동성, cash baseline 중 일부 확인이 필요합니다.",Y,LOW,100.0,0.5524613425953122,0.120126,linked_final_score,0.5524613425953122,80,B:70-89,grade_banded_final_score_v1,,1.0,growth_beta|korea_domestic_credit|korea_equity|krw_exposure|usdkrw_fx_korea|semiconductor_ai_cycle,cash_like|defensive_equity|korea_domestic_credit|korea_equity|kr_short_bond|rate_shock_growth_duration|recession_liquidity_stress|usdkrw_fx_korea,N,Y,N,C,formal_rebalance_hedge_gate,FAIL,cash_baseline_lag|linked_formal_gate_blocked|linked_recommendation_not_formal,usdkrw_fx_korea,달러강세·원화약세,usdkrw_fx_korea,usd_strength_krw_weakness,005930.KS,005930.KS,,153130.KS|017670.KS,153130.KS,153130.KS + 017670.KS,REFERENCE_ONLY,REFERENCE_ONLY,VALIDATION_INSUFFICIENT,validation_insufficient|return_drag_reference|reference_only,"검증 이력 부족 - Add enough target stress validation history before formal promotion.; 수익률 훼손 검토 필요 - Confirm risk reduction compensates for return drag before promotion.; 참고 후보 - Use as research context, not an execution recommendation.",0,0,0,0,linked_recommendation_evidence_after_backtest,,"Action formal gate failed: cash_baseline_lag, linked_formal_gate_blocked, linked_recommendation_not_formal","{""alternatives"": [{""available"": true, ""cvar"": -0.034772279998451075, ""estimated_cost_bps"": 0.0, ""mdd"": -0.46919829375549826, ""name"": ""current"", ""stress"": -0.005529416996763946, ""turnover_pct"": 0.0, ""why_not_chosen_ko"": ""baseline portfolio""}, {""available"": true, ""cvar_delta_after_cost"": 0.00133018, ""estimated_cost_bps"": 25.0, ""mdd_delta_after_cost"": 0.00674161, ""name"": ""trim_hedge"", ""stress_delta_after_cost"": 0.00040413, ""turnover_pct"": 10.0, ""why_not_chosen_ko"": """"}, {""available"": true, ""cvar_delta_after_cost"": 0.00158823, ""estimated_cost_bps"": 25.0, ""mdd_delta_after_cost"": 0.0074225, ""name"": ""trim_cash"", ""stress_delta_after_cost"": 0.00037189, ""turnover_pct"": 10.0, ""why_not_chosen_ko"": ""cash baseline was compared against the trim+hedge action""}, {""available"": true, ""cvar_delta_after_cost"": 0.0, ""estimated_cost_bps"": 0.0, ""mdd_delta_after_cost"": 0.0, ""name"": ""hold"", ""stress_delta_after_cost"": 0.0, ""turnover_pct"": 0.0, ""why_not_chosen_ko"": ""does not reduce the active scenario vulnerability""}]}",4,0.00133018,0.00674161,0.00040413,25.0,0.00025,ASSUMED_LIQUID_UNIVERSE,Y,Y,Y,Y,LAGS_CASH,ROBUST_IMPROVE,UNCERTAIN,Y,"{""concentration_cap_pct"": 50.0, ""max_candidate_weight_pct"": 20.0, ""max_turnover_pct"": 20.0, ""min_existing_kept_pct"": 80.0, ""profile_source"": ""system_default""}",,0.49431165,0.48620685,-0.0081048,1.6396,54.7073,54.7073,54.7073,39.439575,34.439575,39.439575,34.439575,0.0,2.5,-0.034772279998451075,-0.0334420955790853,0.00133018,-0.46919829375549826,-0.46245668801956874,0.00674161,0.4760380801513618,0.47500216716089383,-0.00103591,-0.005529416996763946,-0.0051252856793151886,0.00040413,1.0985434401978988,1.003187330978593,-0.09535611,computed_from_action_before_after_weights,,10.0,95.0,5.0,PASS,,"달러강세·원화약세 취약성을 만든 005930.KS에 대해 153130.KS, 017670.KS로 원인 보유자산 일부 축소 후 헷지를 적용하면 sleeve 취약도 변화가 -0.0081입니다. 정식 추천 기준은 미달해 검토 후보입니다.",Action formal gate did not pass. Blockers: cash_baseline_lag|linked_formal_gate_blocked|linked_recommendation_not_formal. Linked recommendation status is evidence only: REFERENCE_ONLY.,"153130.KS + 017670.KS 조정은 달러강세·원화약세 취약성을 낮추는 검토안이며 전후 지표는 CVaR 개선, MDD 개선, stress 개선으로 확인됩니다.",취약성 0.0081 감소; CVaR 0.13%p 개선; MDD 0.67%p 개선; stress 0.04%p 개선; Sharpe 0.10 악화,FORMAL_ACTION excluded by action-level gate: cash_baseline_lag|linked_formal_gate_blocked|linked_recommendation_not_formal,False,False,,같은 risk sleeve에서 더 적합한 액션이 선택되어 후보 감사 목록에만 남겼습니다.,"{""005930.KS"": 39.439575, ""035420.KS"": 19.730652, ""035720.KS"": 13.263866, ""NVDA"": 27.565907}","{""005930.KS"": 34.439575, ""017670.KS"": 2.5, ""035420.KS"": 19.730652, ""035720.KS"": 13.263866, ""153130.KS"": 2.5, ""NVDA"": 27.565907}"
action_073,REVIEW_ACTION,TRIM_AND_HEDGE,,REVIEW,C,C. 검토 후보,방향성은 맞지만 공식 처방이라 부르기에는 근거 또는 제약 검증이 부족합니다.,Y,LOW,100.0,0.2,0.131164,linked_final_score,0.2,54,C:50-69,grade_banded_final_score_v1,,,,,,,,,formal_rebalance_hedge_gate,FAIL,linked_formal_gate_blocked|linked_recommendation_not_formal,usdkrw_fx_korea,달러강세·원화약세,usdkrw_fx_korea,usd_strength_krw_weakness,005930.KS,005930.KS,,261240.KS|105560.KS,261240.KS,261240.KS + 105560.KS,REFERENCE_ONLY,FAIL_GATE,VALIDATION_THIN,validation_thin|bootstrap_not_robust|cash_bootstrap_not_robust|return_drag_reference|reference_only,"검증 표본 부족 - Keep review-only until the stress sample is thick enough.; 부트스트랩 신뢰도 부족 - Increase sample coverage or downgrade fragile candidates.; 현금 기준 부트스트랩 부족 - Add stronger cash-baseline evidence before formal use.; 수익률 훼손 검토 필요 - Confirm risk reduction compensates for return drag before promotion.; 참고 후보 - Use as research context, not an execution recommendation.",1,0,0,0,linked_recommendation_evidence_after_backtest,,"Action formal gate failed: linked_formal_gate_blocked, linked_recommendation_not_formal","{""alternatives"": [{""available"": true, ""cvar"": -0.034772279998451075, ""estimated_cost_bps"": 0.0, ""mdd"": -0.46919829375549826, ""name"": ""current"", ""stress"": -0.005529416996763946, ""turnover_pct"": 0.0, ""why_not_chosen_ko"": ""baseline portfolio""}, {""available"": true, ""cvar_delta_after_cost"": 0.00133111, ""estimated_cost_bps"": 25.0, ""mdd_delta_after_cost"": 0.0114893, ""name"": ""trim_hedge"", ""stress_delta_after_cost"": 0.00037716, ""turnover_pct"": 10.0, ""why_not_chosen_ko"": """"}, {""available"": true, ""cvar_delta_after_cost"": 0.00158823, ""estimated_cost_bps"": 25.0, ""mdd_delta_after_cost"": 0.0074225, ""name"": ""trim_cash"", ""stress_delta_after_cost"": 0.00037189, ""turnover_pct"": 10.0, ""why_not_chosen_ko"": ""cash baseline was compared against the trim+hedge action""}, {""available"": true, ""cvar_delta_after_cost"": 0.0, ""estimated_cost_bps"": 0.0, ""mdd_delta_after_cost"": 0.0, ""name"": ""hold"", ""stress_delta_after_cost"": 0.0, ""turnover_pct"": 0.0, ""why_not_chosen_ko"": ""does not reduce the active scenario vulnerability""}]}",4,0.00133111,0.0114893,0.00037716,25.0,0.00025,ASSUMED_LIQUID_UNIVERSE,Y,Y,Y,Y,BEATS_CASH,ROBUST_IMPROVE,UNCERTAIN,Y,"{""concentration_cap_pct"": 50.0, ""max_candidate_weight_pct"": 20.0, ""max_turnover_pct"": 20.0, ""min_existing_kept_pct"": 80.0, ""profile_source"": ""system_default""}",,0.49431165,0.4862103,-0.00810135,1.6389,54.7073,54.7073,54.7073,39.439575,34.439575,39.439575,34.439575,0.0,2.5,-0.034772279998451075,-0.03344117318618869,0.00133111,-0.46919829375549826,-0.45770899302845436,0.0114893,0.4760380801513618,0.4785149552350802,0.00247688,-0.005529416996763946,-0.005152260189531323,0.00037716,1.0985434401978988,1.0321873046284136,-0.06635614,computed_from_action_before_after_weights,,10.0,95.0,5.0,PASS,,"달러강세·원화약세 취약성을 만든 005930.KS에 대해 261240.KS, 105560.KS로 원인 보유자산 일부 축소 후 헷지를 적용하면 sleeve 취약도 변화가 -0.0081입니다. 정식 추천 기준은 미달해 검토 후보입니다.",Action formal gate did not pass. Blockers: linked_formal_gate_blocked|linked_recommendation_not_formal. Linked recommendation status is evidence only: REFERENCE_ONLY.,"261240.KS + 105560.KS 조정은 달러강세·원화약세 취약성을 낮추는 검토안이며 전후 지표는 CVaR 개선, MDD 개선, stress 개선으로 확인됩니다.",취약성 0.0081 감소; CVaR 0.13%p 개선; MDD 1.15%p 개선; stress 0.04%p 개선; Sharpe 0.07 악화,FORMAL_ACTION excluded by action-level gate: linked_formal_gate_blocked|linked_recommendation_not_formal,False,False,,같은 risk sleeve에서 더 적합한 액션이 선택되어 후보 감사 목록에만 남겼습니다.,"{""005930.KS"": 39.439575, ""035420.KS"": 19.730652, ""035720.KS"": 13.263866, ""NVDA"": 27.565907}","{""005930.KS"": 34.439575, ""035420.KS"": 19.730652, ""035720.KS"": 13.263866, ""105560.KS"": 2.5, ""261240.KS"": 2.5, ""NVDA"": 27.565907}"
action_059,REVIEW_ACTION,TRIM_AND_HEDGE,REVIEW_REQUIRED,REVIEW,B,B. 조건부 처방,"핵심 취약점 보완 효과는 있으나 검증 샘플, 비용, 유동성, cash baseline 중 일부 확인이 필요합니다.",Y,LOW,100.0,0.5584665370806491,0.111047,linked_final_score,0.5584665370806491,81,B:70-89,grade_banded_final_score_v1,0.6929693742000844,1.0,growth_beta|korea_domestic_credit|korea_equity|krw_exposure|usdkrw_fx_korea|semiconductor_ai_cycle,credit_cycle|korea_domestic_credit|korea_financial|rate_shock_growth_duration|usdkrw_fx_korea,N,N,N,C,formal_rebalance_hedge_gate,FAIL,cash_baseline_lag|cash_bootstrap_not_robust|linked_formal_gate_blocked|linked_recommendation_not_formal,usdkrw_fx_korea,달러강세·원화약세,usdkrw_fx_korea,usd_strength_krw_weakness,005930.KS,005930.KS,,055550.KS,055550.KS,055550.KS,REFERENCE_ONLY,REFERENCE_ONLY,VALIDATION_INSUFFICIENT,validation_insufficient|reference_only,"검증 이력 부족 - Add enough target stress validation history before formal promotion.; 참고 후보 - Use as research context, not an execution recommendation.",0,0,0,0,linked_recommendation_evidence_after_backtest,,"Action formal gate failed: cash_baseline_lag, cash_bootstrap_not_robust, linked_formal_gate_blocked, linked_recommendation_not_formal","{""alternatives"": [{""available"": true, ""cvar"": -0.034772279998451075, ""estimated_cost_bps"": 0.0, ""mdd"": -0.46919829375549826, ""name"": ""current"", ""stress"": -0.005529416996763946, ""turnover_pct"": 0.0, ""why_not_chosen_ko"": ""baseline portfolio""}, {""available"": true, ""cvar_delta_after_cost"": 0.00115754, ""estimated_cost_bps"": 25.0, ""mdd_delta_after_cost"": 0.00892886, ""name"": ""trim_hedge"", ""stress_delta_after_cost"": 0.00012932, ""turnover_pct"": 10.0, ""why_not_chosen_ko"": """"}, {""available"": true, ""cvar_delta_after_cost"": 0.00158823, ""estimated_cost_bps"": 25.0, ""mdd_delta_after_cost"": 0.0074225, ""name"": ""trim_cash"", ""stress_delta_after_cost"": 0.00037189, ""turnover_pct"": 10.0, ""why_not_chosen_ko"": ""cash baseline was compared against the trim+hedge action""}, {""available"": true, ""cvar_delta_after_cost"": 0.0, ""estimated_cost_bps"": 0.0, ""mdd_delta_after_cost"": 0.0, ""name"": ""hold"", ""stress_delta_after_cost"": 0.0, ""turnover_pct"": 0.0, ""why_not_chosen_ko"": ""does not reduce the active scenario vulnerability""}]}",4,0.00115754,0.00892886,0.00012932,25.0,0.00025,ASSUMED_LIQUID_UNIVERSE,Y,Y,Y,Y,LAGS_CASH,ACTION_BOOTSTRAP_PASS,ROBUST_WORSE,Y,"{""concentration_cap_pct"": 50.0, ""max_candidate_weight_pct"": 20.0, ""max_turnover_pct"": 20.0, ""min_existing_kept_pct"": 80.0, ""profile_source"": ""system_default""}",,0.49431165,0.48735658,-0.00695506,1.407,54.7073,54.7073,54.7073,39.439575,34.439575,39.439575,34.439575,0.0,5.0,-0.034772279998451075,-0.03361474492451418,0.00115754,-0.46919829375549826,-0.46026943588262503,0.00892886,0.4760380801513618,0.47413136044362947,-0.00190672,-0.005529416996763946,-0.005400095897693155,0.00012932,1.0985434401978988,1.1261630292207927,0.02761959,computed_from_action_before_after_weights,,10.0,95.0,5.0,PASS,,달러강세·원화약세 취약성을 만든 005930.KS에 대해 055550.KS로 원인 보유자산 일부 축소 후 헷지를 적용하면 sleeve 취약도 변화가 -0.0070입니다. 정식 추천 기준은 미달해 검토 후보입니다.,Action formal gate did not pass. Blockers: cash_baseline_lag|cash_bootstrap_not_robust|linked_formal_gate_blocked|linked_recommendation_not_formal. Linked recommendation status is evidence only: REFERENCE_ONLY.,"055550.KS 조정은 달러강세·원화약세 취약성을 낮추는 검토안이며 전후 지표는 CVaR 개선, MDD 개선, stress 개선으로 확인됩니다.",취약성 0.0070 감소; CVaR 0.12%p 개선; MDD 0.89%p 개선; stress 0.01%p 개선; Sharpe 0.03 개선,FORMAL_ACTION excluded by action-level gate: cash_baseline_lag|cash_bootstrap_not_robust|linked_formal_gate_blocked|linked_recommendation_not_formal,False,True,취약성 기여가 큰 보유자산이 확인되어 단순 추가 헷지보다 TRIM_AND_HEDGE가 우선입니다.,,"{""005930.KS"": 39.439575, ""035420.KS"": 19.730652, ""035720.KS"": 13.263866, ""NVDA"": 27.565907}","{""005930.KS"": 34.439575, ""035420.KS"": 19.730652, ""035720.KS"": 13.263866, ""055550.KS"": 5.0, ""NVDA"": 27.565907}"
action_069,REVIEW_ACTION,TRIM_AND_HEDGE,,REVIEW,B,B. 조건부 처방,"핵심 취약점 보완 효과는 있으나 검증 샘플, 비용, 유동성, cash baseline 중 일부 확인이 필요합니다.",Y,LOW,100.0,0.2,0.106141,linked_final_score,0.2,74,B:70-89,grade_banded_final_score_v1,,,,,,,,,formal_rebalance_hedge_gate,FAIL,cash_baseline_lag|linked_formal_gate_blocked|linked_recommendation_not_formal,usdkrw_fx_korea,달러강세·원화약세,usdkrw_fx_korea,usd_strength_krw_weakness,005930.KS,005930.KS,,261240.KS|005380.KS,261240.KS,261240.KS + 005380.KS,REFERENCE_ONLY,FAIL_GATE,VALIDATION_THIN,validation_thin|bootstrap_not_robust|cash_bootstrap_not_robust|return_drag_reference|reference_only,"검증 표본 부족 - Keep review-only until the stress sample is thick enough.; 부트스트랩 신뢰도 부족 - Increase sample coverage or downgrade fragile candidates.; 현금 기준 부트스트랩 부족 - Add stronger cash-baseline evidence before formal use.; 수익률 훼손 검토 필요 - Confirm risk reduction compensates for return drag before promotion.; 참고 후보 - Use as research context, not an execution recommendation.",1,0,0,0,linked_recommendation_evidence_after_backtest,,"Action formal gate failed: cash_baseline_lag, linked_formal_gate_blocked, linked_recommendation_not_formal","{""alternatives"": [{""available"": true, ""cvar"": -0.034772279998451075, ""estimated_cost_bps"": 0.0, ""mdd"": -0.46919829375549826, ""name"": ""current"", ""stress"": -0.005529416996763946, ""turnover_pct"": 0.0, ""why_not_chosen_ko"": ""baseline portfolio""}, {""available"": true, ""cvar_delta_after_cost"": 0.00106027, ""estimated_cost_bps"": 25.0, ""mdd_delta_after_cost"": 0.0094032, ""name"": ""trim_hedge"", ""stress_delta_after_cost"": 0.00035986, ""turnover_pct"": 10.0, ""why_not_chosen_ko"": """"}, {""available"": true, ""cvar_delta_after_cost"": 0.00158823, ""estimated_cost_bps"": 25.0, ""mdd_delta_after_cost"": 0.0074225, ""name"": ""trim_cash"", ""stress_delta_after_cost"": 0.00037189, ""turnover_pct"": 10.0, ""why_not_chosen_ko"": ""cash baseline was compared against the trim+hedge action""}, {""available"": true, ""cvar_delta_after_cost"": 0.0, ""estimated_cost_bps"": 0.0, ""mdd_delta_after_cost"": 0.0, ""name"": ""hold"", ""stress_delta_after_cost"": 0.0, ""turnover_pct"": 0.0, ""why_not_chosen_ko"": ""does not reduce the active scenario vulnerability""}]}",4,0.00106027,0.0094032,0.00035986,25.0,0.00025,ASSUMED_LIQUID_UNIVERSE,Y,Y,Y,Y,LAGS_CASH,ROBUST_IMPROVE,UNCERTAIN,Y,"{""concentration_cap_pct"": 50.0, ""max_candidate_weight_pct"": 20.0, ""max_turnover_pct"": 20.0, ""min_existing_kept_pct"": 80.0, ""profile_source"": ""system_default""}",,0.49431165,0.48796527,-0.00634638,1.2839,54.7073,54.7073,54.7073,39.439575,34.439575,39.439575,34.439575,0.0,2.5,-0.034772279998451075,-0.03371201119758587,0.00106027,-0.46919829375549826,-0.4597950928784259,0.0094032,0.4760380801513618,0.479268297500379,0.00323022,-0.005529416996763946,-0.005169554804063966,0.00035986,1.0985434401978988,1.025613699577004,-0.07292974,computed_from_action_before_after_weights,,10.0,95.0,5.0,PASS,,"달러강세·원화약세 취약성을 만든 005930.KS에 대해 261240.KS, 005380.KS로 원인 보유자산 일부 축소 후 헷지를 적용하면 sleeve 취약도 변화가 -0.0063입니다. 정식 추천 기준은 미달해 검토 후보입니다.",Action formal gate did not pass. Blockers: cash_baseline_lag|linked_formal_gate_blocked|linked_recommendation_not_formal. Linked recommendation status is evidence only: REFERENCE_ONLY.,"261240.KS + 005380.KS 조정은 달러강세·원화약세 취약성을 낮추는 검토안이며 전후 지표는 CVaR 개선, MDD 개선, stress 개선으로 확인됩니다.",취약성 0.0063 감소; CVaR 0.11%p 개선; MDD 0.94%p 개선; stress 0.04%p 개선; Sharpe 0.07 악화,FORMAL_ACTION excluded by action-level gate: cash_baseline_lag|linked_formal_gate_blocked|linked_recommendation_not_formal,False,False,,같은 risk sleeve에서 더 적합한 액션이 선택되어 후보 감사 목록에만 남겼습니다.,"{""005930.KS"": 39.439575, ""035420.KS"": 19.730652, ""035720.KS"": 13.263866, ""NVDA"": 27.565907}","{""005380.KS"": 2.5, ""005930.KS"": 34.439575, ""035420.KS"": 19.730652, ""035720.KS"": 13.263866, ""261240.KS"": 2.5, ""NVDA"": 27.565907}"
action_057,REVIEW_ACTION,TRIM_AND_HEDGE,,REVIEW,B,B. 조건부 처방,"핵심 취약점 보완 효과는 있으나 검증 샘플, 비용, 유동성, cash baseline 중 일부 확인이 필요합니다.",Y,LOW,100.0,0.5610682226985899,0.083823,linked_final_score,0.5610682226985899,81,B:70-89,grade_banded_final_score_v1,0.698606414244033,1.0,growth_beta|korea_domestic_credit|korea_equity|krw_exposure|usdkrw_fx_korea|semiconductor_ai_cycle,defensive_equity|korea_domestic_credit|korea_equity|recession_liquidity_stress|usdkrw_fx_korea,N,N,N,C,formal_rebalance_hedge_gate,FAIL,cash_baseline_lag|linked_formal_gate_blocked|linked_recommendation_not_formal,usdkrw_fx_korea,달러강세·원화약세,usdkrw_fx_korea,usd_strength_krw_weakness,005930.KS,005930.KS,,017670.KS,017670.KS,017670.KS,REFERENCE_ONLY,REFERENCE_ONLY,VALIDATION_INSUFFICIENT,validation_insufficient|reference_only,"검증 이력 부족 - Add enough target stress validation history before formal promotion.; 참고 후보 - Use as research context, not an execution recommendation.",0,0,0,0,linked_recommendation_evidence_after_backtest,,"Action formal gate failed: cash_baseline_lag, linked_formal_gate_blocked, linked_recommendation_not_formal","{""alternatives"": [{""available"": true, ""cvar"": -0.034772279998451075, ""estimated_cost_bps"": 0.0, ""mdd"": -0.46919829375549826, ""name"": ""current"", ""stress"": -0.005529416996763946, ""turnover_pct"": 0.0, ""why_not_chosen_ko"": ""baseline portfolio""}, {""available"": true, ""cvar_delta_after_cost"": 0.00128242, ""estimated_cost_bps"": 25.0, ""mdd_delta_after_cost"": 0.00124592, ""name"": ""trim_hedge"", ""stress_delta_after_cost"": 0.00029059, ""turnover_pct"": 10.0, ""why_not_chosen_ko"": """"}, {""available"": true, ""cvar_delta_after_cost"": 0.00158823, ""estimated_cost_bps"": 25.0, ""mdd_delta_after_cost"": 0.0074225, ""name"": ""trim_cash"", ""stress_delta_after_cost"": 0.00037189, ""turnover_pct"": 10.0, ""why_not_chosen_ko"": ""cash baseline was compared against the trim+hedge action""}, {""available"": true, ""cvar_delta_after_cost"": 0.0, ""estimated_cost_bps"": 0.0, ""mdd_delta_after_cost"": 0.0, ""name"": ""hold"", ""stress_delta_after_cost"": 0.0, ""turnover_pct"": 0.0, ""why_not_chosen_ko"": ""does not reduce the active scenario vulnerability""}]}",4,0.00128242,0.00124592,0.00029059,25.0,0.00025,ASSUMED_LIQUID_UNIVERSE,Y,Y,Y,Y,LAGS_CASH,ROBUST_IMPROVE,UNCERTAIN,Y,"{""concentration_cap_pct"": 50.0, ""max_candidate_weight_pct"": 20.0, ""max_turnover_pct"": 20.0, ""min_existing_kept_pct"": 80.0, ""profile_source"": ""system_default""}",,0.49431165,0.48802194,-0.00628971,1.2724,54.7073,54.7073,54.7073,39.439575,34.439575,39.439575,34.439575,0.0,5.0,-0.034772279998451075,-0.0334898582022964,0.00128242,-0.46919829375549826,-0.4679523721994784,0.00124592,0.4760380801513618,0.47345896813678434,-0.00257911,-0.005529416996763946,-0.005238825251028137,0.00029059,1.0985434401978988,1.1040046730799327,0.00546123,computed_from_action_before_after_weights,,10.0,95.0,5.0,PASS,,달러강세·원화약세 취약성을 만든 005930.KS에 대해 017670.KS로 원인 보유자산 일부 축소 후 헷지를 적용하면 sleeve 취약도 변화가 -0.0063입니다. 정식 추천 기준은 미달해 검토 후보입니다.,Action formal gate did not pass. Blockers: cash_baseline_lag|linked_formal_gate_blocked|linked_recommendation_not_formal. Linked recommendation status is evidence only: REFERENCE_ONLY.,"017670.KS 조정은 달러강세·원화약세 취약성을 낮추는 검토안이며 전후 지표는 CVaR 개선, MDD 개선, stress 개선으로 확인됩니다.",취약성 0.0063 감소; CVaR 0.13%p 개선; MDD 0.12%p 개선; stress 0.03%p 개선; Sharpe 0.01 개선,FORMAL_ACTION excluded by action-level gate: cash_baseline_lag|linked_formal_gate_blocked|linked_recommendation_not_formal,False,False,,같은 risk sleeve에서 더 적합한 액션이 선택되어 후보 감사 목록에만 남겼습니다.,"{""005930.KS"": 39.439575, ""035420.KS"": 19.730652, ""035720.KS"": 13.263866, ""NVDA"": 27.565907}","{""005930.KS"": 34.439575, ""017670.KS"": 5.0, ""035420.KS"": 19.730652, ""035720.KS"": 13.263866, ""NVDA"": 27.565907}"
action_071,REVIEW_ACTION,TRIM_AND_HEDGE,,REVIEW,C,C. 검토 후보,방향성은 맞지만 공식 처방이라 부르기에는 근거 또는 제약 검증이 부족합니다.,Y,LOW,100.0,0.2,0.115446,linked_final_score,0.2,54,C:50-69,grade_banded_final_score_v1,,,,,,,,,formal_rebalance_hedge_gate,FAIL,linked_formal_gate_blocked|linked_recommendation_not_formal,usdkrw_fx_korea,달러강세·원화약세,usdkrw_fx_korea,usd_strength_krw_weakness,005930.KS,005930.KS,,261240.KS|000270.KS,261240.KS,261240.KS + 000270.KS,FAIL_GATE,FAIL_GATE,VALIDATION_NOT_ELIGIBLE,fail_gate|validation_not_eligible|liquidity_below_formal,하드 게이트 실패 - Do not promote until the failing gate is resolved.; validation not eligible - Keep blocked or rebuild the candidate with valid backtest inputs.; 유동성 기준 미달 - Refresh ADV evidence or exclude the candidate from formal recommendations.,0,0,0,0,linked_recommendation_evidence_after_backtest,,"Action formal gate failed: linked_formal_gate_blocked, linked_recommendation_not_formal","{""alternatives"": [{""available"": true, ""cvar"": -0.034772279998451075, ""estimated_cost_bps"": 0.0, ""mdd"": -0.46919829375549826, ""name"": ""current"", ""stress"": -0.005529416996763946, ""turnover_pct"": 0.0, ""why_not_chosen_ko"": ""baseline portfolio""}, {""available"": true, ""cvar_delta_after_cost"": 0.00117642, ""estimated_cost_bps"": 25.0, ""mdd_delta_after_cost"": 0.01033038, ""name"": ""trim_hedge"", ""stress_delta_after_cost"": 0.00038898, ""turnover_pct"": 10.0, ""why_not_chosen_ko"": """"}, {""available"": true, ""cvar_delta_after_cost"": 0.00158823, ""estimated_cost_bps"": 25.0, ""mdd_delta_after_cost"": 0.0074225, ""name"": ""trim_cash"", ""stress_delta_after_cost"": 0.00037189, ""turnover_pct"": 10.0, ""why_not_chosen_ko"": ""cash baseline was compared against the trim+hedge action""}, {""available"": true, ""cvar_delta_after_cost"": 0.0, ""estimated_cost_bps"": 0.0, ""mdd_delta_after_cost"": 0.0, ""name"": ""hold"", ""stress_delta_after_cost"": 0.0, ""turnover_pct"": 0.0, ""why_not_chosen_ko"": ""does not reduce the active scenario vulnerability""}]}",4,0.00117642,0.01033038,0.00038898,25.0,0.00025,ASSUMED_LIQUID_UNIVERSE,Y,Y,Y,Y,BEATS_CASH,ROBUST_IMPROVE,UNCERTAIN,Y,"{""concentration_cap_pct"": 50.0, ""max_candidate_weight_pct"": 20.0, ""max_turnover_pct"": 20.0, ""min_existing_kept_pct"": 80.0, ""profile_source"": ""system_default""}",,0.49431165,0.48807736,-0.00623429,1.2612,54.7073,54.7073,54.7073,39.439575,34.439575,39.439575,34.439575,0.0,2.5,-0.034772279998451075,-0.033595861137589444,0.00117642,-0.46919829375549826,-0.45886791103654034,0.01033038,0.4760380801513618,0.47906262066652605,0.00302454,-0.005529416996763946,-0.005140436122580723,0.00038898,1.0985434401978988,1.0144729219083484,-0.08407052,computed_from_action_before_after_weights,,10.0,95.0,5.0,PASS,,"달러강세·원화약세 취약성을 만든 005930.KS에 대해 261240.KS, 000270.KS로 원인 보유자산 일부 축소 후 헷지를 적용하면 sleeve 취약도 변화가 -0.0062입니다. 정식 추천 기준은 미달해 검토 후보입니다.",Action formal gate did not pass. Blockers: linked_formal_gate_blocked|linked_recommendation_not_formal. Linked recommendation status is evidence only: FAIL_GATE.,"261240.KS + 000270.KS 조정은 달러강세·원화약세 취약성을 낮추는 검토안이며 전후 지표는 CVaR 개선, MDD 개선, stress 개선으로 확인됩니다.",취약성 0.0062 감소; CVaR 0.12%p 개선; MDD 1.03%p 개선; stress 0.04%p 개선; Sharpe 0.08 악화,FORMAL_ACTION excluded by action-level gate: linked_formal_gate_blocked|linked_recommendation_not_formal,False,False,,같은 risk sleeve에서 더 적합한 액션이 선택되어 후보 감사 목록에만 남겼습니다.,"{""005930.KS"": 39.439575, ""035420.KS"": 19.730652, ""035720.KS"": 13.263866, ""NVDA"": 27.565907}","{""000270.KS"": 2.5, ""005930.KS"": 34.439575, ""035420.KS"": 19.730652, ""035720.KS"": 13.263866, ""261240.KS"": 2.5, ""NVDA"": 27.565907}"
action_053,REVIEW_ACTION,TRIM_AND_HEDGE,,REVIEW,B,B. 조건부 처방,"핵심 취약점 보완 효과는 있으나 검증 샘플, 비용, 유동성, cash baseline 중 일부 확인이 필요합니다.",Y,LOW,100.0,0.5959340266786852,0.105545,linked_final_score,0.5959340266786852,81,B:70-89,grade_banded_final_score_v1,0.6940400201271352,1.0,growth_beta|korea_domestic_credit|korea_equity|krw_exposure|usdkrw_fx_korea|semiconductor_ai_cycle,credit_cycle|korea_domestic_credit|korea_financial|rate_shock_growth_duration|usdkrw_fx_korea,N,N,N,C,formal_rebalance_hedge_gate,FAIL,cash_baseline_lag|linked_formal_gate_blocked|linked_recommendation_not_formal,usdkrw_fx_korea,달러강세·원화약세,usdkrw_fx_korea,usd_strength_krw_weakness,005930.KS,005930.KS,,105560.KS,105560.KS,105560.KS,REFERENCE_ONLY,REFERENCE_ONLY,VALIDATION_INSUFFICIENT,validation_insufficient|reference_only,"검증 이력 부족 - Add enough target stress validation history before formal promotion.; 참고 후보 - Use as research context, not an execution recommendation.",0,0,0,0,linked_recommendation_evidence_after_backtest,,"Action formal gate failed: cash_baseline_lag, linked_formal_gate_blocked, linked_recommendation_not_formal","{""alternatives"": [{""available"": true, ""cvar"": -0.034772279998451075, ""estimated_cost_bps"": 0.0, ""mdd"": -0.46919829375549826, ""name"": ""current"", ""stress"": -0.005529416996763946, ""turnover_pct"": 0.0, ""why_not_chosen_ko"": ""baseline portfolio""}, {""available"": true, ""cvar_delta_after_cost"": 0.00101583, ""estimated_cost_bps"": 25.0, ""mdd_delta_after_cost"": 0.0048414, ""name"": ""trim_hedge"", ""stress_delta_after_cost"": 0.00017644, ""turnover_pct"": 10.0, ""why_not_chosen_ko"": """"}, {""available"": true, ""cvar_delta_after_cost"": 0.00158823, ""estimated_cost_bps"": 25.0, ""mdd_delta_after_cost"": 0.0074225, ""name"": ""trim_cash"", ""stress_delta_after_cost"": 0.00037189, ""turnover_pct"": 10.0, ""why_not_chosen_ko"": ""cash baseline was compared against the trim+hedge action""}, {""available"": true, ""cvar_delta_after_cost"": 0.0, ""estimated_cost_bps"": 0.0, ""mdd_delta_after_cost"": 0.0, ""name"": ""hold"", ""stress_delta_after_cost"": 0.0, ""turnover_pct"": 0.0, ""why_not_chosen_ko"": ""does not reduce the active scenario vulnerability""}]}",4,0.00101583,0.0048414,0.00017644,25.0,0.00025,ASSUMED_LIQUID_UNIVERSE,Y,Y,Y,Y,LAGS_CASH,ACTION_BOOTSTRAP_PASS,UNCERTAIN,Y,"{""concentration_cap_pct"": 50.0, ""max_candidate_weight_pct"": 20.0, ""max_turnover_pct"": 20.0, ""min_existing_kept_pct"": 80.0, ""profile_source"": ""system_default""}",,0.49431165,0.48853164,-0.00578001,1.1693,54.7073,54.7073,54.7073,39.439575,34.439575,39.439575,34.439575,0.0,5.0,-0.034772279998451075,-0.03375644840854035,0.00101583,-0.46919829375549826,-0.46435688944139053,0.0048414,0.4760380801513618,0.4749946152366948,-0.00104346,-0.005529416996763946,-0.005352979852618813,0.00017644,1.0985434401978988,1.1298864837700673,0.03134304,computed_from_action_before_after_weights,,10.0,95.0,5.0,PASS,,달러강세·원화약세 취약성을 만든 005930.KS에 대해 105560.KS로 원인 보유자산 일부 축소 후 헷지를 적용하면 sleeve 취약도 변화가 -0.0058입니다. 정식 추천 기준은 미달해 검토 후보입니다.,Action formal gate did not pass. Blockers: cash_baseline_lag|linked_formal_gate_blocked|linked_recommendation_not_formal. Linked recommendation status is evidence only: REFERENCE_ONLY.,"105560.KS 조정은 달러강세·원화약세 취약성을 낮추는 검토안이며 전후 지표는 CVaR 개선, MDD 개선, stress 개선으로 확인됩니다.",취약성 0.0058 감소; CVaR 0.10%p 개선; MDD 0.48%p 개선; stress 0.02%p 개선; Sharpe 0.03 개선,FORMAL_ACTION excluded by action-level gate: cash_baseline_lag|linked_formal_gate_blocked|linked_recommendation_not_formal,False,False,,같은 risk sleeve에서 더 적합한 액션이 선택되어 후보 감사 목록에만 남겼습니다.,"{""005930.KS"": 39.439575, ""035420.KS"": 19.730652, ""035720.KS"": 13.263866, ""NVDA"": 27.565907}","{""005930.KS"": 34.439575, ""035420.KS"": 19.730652, ""035720.KS"": 13.263866, ""105560.KS"": 5.0, ""NVDA"": 27.565907}"
action_082,REVIEW_ACTION,ADD_HEDGE,,REVIEW,B,B. 조건부 처방,"핵심 취약점 보완 효과는 있으나 검증 샘플, 비용, 유동성, cash baseline 중 일부 확인이 필요합니다.",Y,LOW,100.0,0.5584665370806491,0.400271,linked_final_score,0.5584665370806491,81,B:70-89,grade_banded_final_score_v1,0.6929693742000844,1.0,growth_beta|korea_domestic_credit|korea_equity|krw_exposure|usdkrw_fx_korea|semiconductor_ai_cycle,credit_cycle|korea_domestic_credit|korea_financial|rate_shock_growth_duration|usdkrw_fx_korea,N,N,N,C,formal_rebalance_hedge_gate,FAIL,cash_baseline_lag|linked_formal_gate_blocked|linked_recommendation_not_formal|not_trim_and_hedge,semiconductor_ai_cycle,AI·반도체 사이클,semiconductor_ai_cycle,semiconductor_ai_cycle_shock,005930.KS|NVDA|035420.KS|035720.KS,005930.KS,,055550.KS,055550.KS,055550.KS,REFERENCE_ONLY,REFERENCE_ONLY,VALIDATION_INSUFFICIENT,validation_insufficient|reference_only,"검증 이력 부족 - Add enough target stress validation history before formal promotion.; 참고 후보 - Use as research context, not an execution recommendation.",0,0,0,0,linked_recommendation_evidence_after_backtest,,"Action formal gate failed: cash_baseline_lag, linked_formal_gate_blocked, linked_recommendation_not_formal, not_trim_and_hedge","{""alternatives"": [{""available"": true, ""cvar"": -0.034772279998451075, ""estimated_cost_bps"": 0.0, ""mdd"": -0.46919829375549826, ""name"": ""current"", ""stress"": -0.005529416996763946, ""turnover_pct"": 0.0, ""why_not_chosen_ko"": ""baseline portfolio""}, {""available"": true, ""cvar_delta_after_cost"": 0.00229634, ""estimated_cost_bps"": 25.0, ""mdd_delta_after_cost"": 0.03468768, ""name"": ""trim_hedge"", ""stress_delta_after_cost"": 0.00011524, ""turnover_pct"": 18.1986, ""why_not_chosen_ko"": """"}, {""available"": true, ""cvar_delta_after_cost"": 0.00316404, ""estimated_cost_bps"": 25.0, ""mdd_delta_after_cost"": 0.03275545, ""name"": ""trim_cash"", ""stress_delta_after_cost"": 0.00050314, ""turnover_pct"": 18.1986, ""why_not_chosen_ko"": ""cash baseline was compared against the trim+hedge action""}, {""available"": true, ""cvar_delta_after_cost"": 0.0, ""estimated_cost_bps"": 0.0, ""mdd_delta_after_cost"": 0.0, ""name"": ""hold"", ""stress_delta_after_cost"": 0.0, ""turnover_pct"": 0.0, ""why_not_chosen_ko"": ""does not reduce the active scenario vulnerability""}]}",4,0.00229634,0.03468768,0.00011524,25.0,0.00045496,ASSUMED_LIQUID_UNIVERSE,Y,Y,Y,Y,LAGS_CASH,ACTION_BOOTSTRAP_PASS,UNCERTAIN,Y,"{""concentration_cap_pct"": 50.0, ""max_candidate_weight_pct"": 20.0, ""max_turnover_pct"": 20.0, ""min_existing_kept_pct"": 80.0, ""profile_source"": ""system_default""}",,0.34163828,0.31009096,-0.03154732,9.2341,100.0,100.0,100.0,39.439575,35.8509,39.439575,35.8509,0.0,7.9958,-0.034772279998451075,-0.03247593800178368,0.00229634,-0.46919829375549826,-0.4345106100763009,0.03468768,0.4760380801513618,0.42625668260827104,-0.0497814,-0.005529416996763946,-0.005414178069869685,0.00011524,1.0985434401978988,1.1617660669558552,0.06322263,computed_from_action_before_after_weights,,18.1986,90.9007,5.0,PASS,,"AI·반도체 사이클 취약성을 만든 005930.KS, NVDA, 035420.KS에 대해 055550.KS로 추가 헷지를 적용하면 sleeve 취약도 변화가 -0.0315입니다. 정식 추천 기준은 미달해 검토 후보입니다.",Action formal gate did not pass. Blockers: cash_baseline_lag|linked_formal_gate_blocked|linked_recommendation_not_formal|not_trim_and_hedge. Linked recommendation status is evidence only: REFERENCE_ONLY.,"055550.KS 조정은 AI·반도체 사이클 취약성을 낮추는 검토안이며 전후 지표는 CVaR 개선, MDD 개선, stress 개선으로 확인됩니다.",취약성 0.0315 감소; CVaR 0.23%p 개선; MDD 3.47%p 개선; stress 0.01%p 개선; Sharpe 0.06 개선,FORMAL_ACTION excluded by action-level gate: cash_baseline_lag|linked_formal_gate_blocked|linked_recommendation_not_formal|not_trim_and_hedge,False,False,,같은 risk sleeve에서 더 적합한 액션이 선택되어 후보 감사 목록에만 남겼습니다.,"{""005930.KS"": 39.439575, ""035420.KS"": 19.730652, ""035720.KS"": 13.263866, ""NVDA"": 27.565907}","{""005930.KS"": 35.8509, ""035420.KS"": 17.9353, ""035720.KS"": 12.0569, ""055550.KS"": 7.9958, ""NVDA"": 25.0576, ""__CASH__"": 1.1035}"
action_078,REVIEW_ACTION,ADD_HEDGE,,REVIEW,B,B. 조건부 처방,"핵심 취약점 보완 효과는 있으나 검증 샘플, 비용, 유동성, cash baseline 중 일부 확인이 필요합니다.",Y,LOW,100.0,0.5959340266786852,0.382459,linked_final_score,0.5959340266786852,81,B:70-89,grade_banded_final_score_v1,0.6940400201271352,1.0,growth_beta|korea_domestic_credit|korea_equity|krw_exposure|usdkrw_fx_korea|semiconductor_ai_cycle,credit_cycle|korea_domestic_credit|korea_financial|rate_shock_growth_duration|usdkrw_fx_korea,N,N,N,C,formal_rebalance_hedge_gate,FAIL,cash_baseline_lag|linked_formal_gate_blocked|linked_recommendation_not_formal|not_trim_and_hedge,semiconductor_ai_cycle,AI·반도체 사이클,semiconductor_ai_cycle,semiconductor_ai_cycle_shock,005930.KS|NVDA|035420.KS|035720.KS,005930.KS,,105560.KS,105560.KS,105560.KS,REFERENCE_ONLY,REFERENCE_ONLY,VALIDATION_INSUFFICIENT,validation_insufficient|reference_only,"검증 이력 부족 - Add enough target stress validation history before formal promotion.; 참고 후보 - Use as research context, not an execution recommendation.",0,0,0,0,linked_recommendation_evidence_after_backtest,,"Action formal gate failed: cash_baseline_lag, linked_formal_gate_blocked, linked_recommendation_not_formal, not_trim_and_hedge","{""alternatives"": [{""available"": true, ""cvar"": -0.034772279998451075, ""estimated_cost_bps"": 0.0, ""mdd"": -0.46919829375549826, ""name"": ""current"", ""stress"": -0.005529416996763946, ""turnover_pct"": 0.0, ""why_not_chosen_ko"": ""baseline portfolio""}, {""available"": true, ""cvar_delta_after_cost"": 0.00235836, ""estimated_cost_bps"": 25.0, ""mdd_delta_after_cost"": 0.02852074, ""name"": ""trim_hedge"", ""stress_delta_after_cost"": 0.00026409, ""turnover_pct"": 18.1986, ""why_not_chosen_ko"": """"}, {""available"": true, ""cvar_delta_after_cost"": 0.00316404, ""estimated_cost_bps"": 25.0, ""mdd_delta_after_cost"": 0.03275545, ""name"": ""trim_cash"", ""stress_delta_after_cost"": 0.00050314, ""turnover_pct"": 18.1986, ""why_not_chosen_ko"": ""cash baseline was compared against the trim+hedge action""}, {""available"": true, ""cvar_delta_after_cost"": 0.0, ""estimated_cost_bps"": 0.0, ""mdd_delta_after_cost"": 0.0, ""name"": ""hold"", ""stress_delta_after_cost"": 0.0, ""turnover_pct"": 0.0, ""why_not_chosen_ko"": ""does not reduce the active scenario vulnerability""}]}",4,0.00235836,0.02852074,0.00026409,25.0,0.00045496,ASSUMED_LIQUID_UNIVERSE,Y,Y,Y,Y,LAGS_CASH,ACTION_BOOTSTRAP_PASS,UNCERTAIN,Y,"{""concentration_cap_pct"": 50.0, ""max_candidate_weight_pct"": 20.0, ""max_turnover_pct"": 20.0, ""min_existing_kept_pct"": 80.0, ""profile_source"": ""system_default""}",,0.34163828,0.31039206,-0.03124622,9.146,100.0,100.0,100.0,39.439575,35.8509,39.439575,35.8509,0.0,6.1154,-0.034772279998451075,-0.032413918541800014,0.00235836,-0.46919829375549826,-0.4406775490417064,0.02852074,0.4760380801513618,0.42883296527820136,-0.04720511,-0.005529416996763946,-0.005265327572316562,0.00026409,1.0985434401978988,1.149885525991541,0.05134209,computed_from_action_before_after_weights,,18.1986,90.9007,5.0,PASS,,"AI·반도체 사이클 취약성을 만든 005930.KS, NVDA, 035420.KS에 대해 105560.KS로 추가 헷지를 적용하면 sleeve 취약도 변화가 -0.0312입니다. 정식 추천 기준은 미달해 검토 후보입니다.",Action formal gate did not pass. Blockers: cash_baseline_lag|linked_formal_gate_blocked|linked_recommendation_not_formal|not_trim_and_hedge. Linked recommendation status is evidence only: REFERENCE_ONLY.,"105560.KS 조정은 AI·반도체 사이클 취약성을 낮추는 검토안이며 전후 지표는 CVaR 개선, MDD 개선, stress 개선으로 확인됩니다.",취약성 0.0312 감소; CVaR 0.24%p 개선; MDD 2.85%p 개선; stress 0.03%p 개선; Sharpe 0.05 개선,FORMAL_ACTION excluded by action-level gate: cash_baseline_lag|linked_formal_gate_blocked|linked_recommendation_not_formal|not_trim_and_hedge,False,False,,같은 risk sleeve에서 더 적합한 액션이 선택되어 후보 감사 목록에만 남겼습니다.,"{""005930.KS"": 39.439575, ""035420.KS"": 19.730652, ""035720.KS"": 13.263866, ""NVDA"": 27.565907}","{""005930.KS"": 35.8509, ""035420.KS"": 17.9353, ""035720.KS"": 12.0569, ""105560.KS"": 6.1154, ""NVDA"": 25.0576, ""__CASH__"": 2.9839}"
action_077,REVIEW_ACTION,TRIM_AND_HEDGE,,REVIEW,C,C. 검토 후보,방향성은 맞지만 공식 처방이라 부르기에는 근거 또는 제약 검증이 부족합니다.,Y,LOW,100.0,0.6461744912226246,0.315658,linked_final_score,0.6461744912226246,62,C:50-69,grade_banded_final_score_v1,0.7503883523180992,1.0,growth_beta|korea_domestic_credit|korea_equity|krw_exposure|usdkrw_fx_korea|semiconductor_ai_cycle,cash_like|korea_domestic_credit|kr_short_bond|rate_shock_growth_duration|usdkrw_fx_korea,Y,Y,Y,D,formal_rebalance_hedge_gate,FAIL,linked_formal_gate_blocked|linked_recommendation_not_formal,semiconductor_ai_cycle,AI·반도체 사이클,semiconductor_ai_cycle,semiconductor_ai_cycle_shock,005930.KS,005930.KS,,153130.KS,153130.KS,153130.KS,REFERENCE_ONLY,REFERENCE_ONLY,VALIDATION_INSUFFICIENT,validation_insufficient|return_drag_reference|reference_only,"검증 이력 부족 - Add enough target stress validation history before formal promotion.; 수익률 훼손 검토 필요 - Confirm risk reduction compensates for return drag before promotion.; 참고 후보 - Use as research context, not an execution recommendation.",0,0,0,0,linked_recommendation_evidence_after_backtest,,"Action formal gate failed: linked_formal_gate_blocked, linked_recommendation_not_formal","{""alternatives"": [{""available"": true, ""cvar"": -0.034772279998451075, ""estimated_cost_bps"": 0.0, ""mdd"": -0.46919829375549826, ""name"": ""current"", ""stress"": -0.005529416996763946, ""turnover_pct"": 0.0, ""why_not_chosen_ko"": ""baseline portfolio""}, {""available"": true, ""cvar_delta_after_cost"": 0.00148259, ""estimated_cost_bps"": 25.0, ""mdd_delta_after_cost"": 0.00989636, ""name"": ""trim_hedge"", ""stress_delta_after_cost"": 0.00044661, ""turnover_pct"": 10.0, ""why_not_chosen_ko"": """"}, {""available"": true, ""cvar_delta_after_cost"": 0.00158823, ""estimated_cost_bps"": 25.0, ""mdd_delta_after_cost"": 0.0074225, ""name"": ""trim_cash"", ""stress_delta_after_cost"": 0.00037189, ""turnover_pct"": 10.0, ""why_not_chosen_ko"": ""cash baseline was compared against the trim+hedge action""}, {""available"": true, ""cvar_delta_after_cost"": 0.0, ""estimated_cost_bps"": 0.0, ""mdd_delta_after_cost"": 0.0, ""name"": ""hold"", ""stress_delta_after_cost"": 0.0, ""turnover_pct"": 0.0, ""why_not_chosen_ko"": ""does not reduce the active scenario vulnerability""}]}",4,0.00148259,0.00989636,0.00044661,25.0,0.00025,ASSUMED_LIQUID_UNIVERSE,Y,Y,Y,Y,BEATS_CASH,ROBUST_IMPROVE,ROBUST_IMPROVE,Y,"{""concentration_cap_pct"": 50.0, ""max_candidate_weight_pct"": 20.0, ""max_turnover_pct"": 20.0, ""min_existing_kept_pct"": 80.0, ""profile_source"": ""system_default""}",,0.34163828,0.31804221,-0.02359607,6.9067,46.6383,46.6383,46.6383,39.439575,34.439575,39.439575,34.439575,0.0,5.0,-0.034772279998451075,-0.033289690343536994,0.00148259,-0.46919829375549826,-0.4593019296156965,0.00989636,0.4760380801513618,0.4774040827742143,0.001366,-0.005529416996763946,-0.0050828059134756225,0.00044661,1.0985434401978988,0.9928570655103806,-0.10568637,computed_from_action_before_after_weights,,10.0,95.0,5.0,PASS,,AI·반도체 사이클 취약성을 만든 005930.KS에 대해 153130.KS로 원인 보유자산 일부 축소 후 헷지를 적용하면 sleeve 취약도 변화가 -0.0236입니다. 정식 추천 기준은 미달해 검토 후보입니다.,Action formal gate did not pass. Blockers: linked_formal_gate_blocked|linked_recommendation_not_formal. Linked recommendation status is evidence only: REFERENCE_ONLY.,"153130.KS 조정은 AI·반도체 사이클 취약성을 낮추는 검토안이며 전후 지표는 CVaR 개선, MDD 개선, stress 개선으로 확인됩니다.",취약성 0.0236 감소; CVaR 0.15%p 개선; MDD 0.99%p 개선; stress 0.04%p 개선; Sharpe 0.11 악화,FORMAL_ACTION excluded by action-level gate: linked_formal_gate_blocked|linked_recommendation_not_formal,False,False,,같은 risk sleeve에서 더 적합한 액션이 선택되어 후보 감사 목록에만 남겼습니다.,"{""005930.KS"": 39.439575, ""035420.KS"": 19.730652, ""035720.KS"": 13.263866, ""NVDA"": 27.565907}","{""005930.KS"": 34.439575, ""035420.KS"": 19.730652, ""035720.KS"": 13.263866, ""153130.KS"": 5.0, ""NVDA"": 27.565907}"
action_085,REVIEW_ACTION,TRIM_AND_HEDGE,,REVIEW,B,B. 조건부 처방,"핵심 취약점 보완 효과는 있으나 검증 샘플, 비용, 유동성, cash baseline 중 일부 확인이 필요합니다.",Y,LOW,100.0,0.5524613425953122,0.235307,linked_final_score,0.5524613425953122,80,B:70-89,grade_banded_final_score_v1,,1.0,growth_beta|korea_domestic_credit|korea_equity|krw_exposure|usdkrw_fx_korea|semiconductor_ai_cycle,cash_like|defensive_equity|korea_domestic_credit|korea_equity|kr_short_bond|rate_shock_growth_duration|recession_liquidity_stress|usdkrw_fx_korea,N,Y,N,C,formal_rebalance_hedge_gate,FAIL,cash_baseline_lag|linked_formal_gate_blocked|linked_recommendation_not_formal,semiconductor_ai_cycle,AI·반도체 사이클,semiconductor_ai_cycle,semiconductor_ai_cycle_shock,005930.KS,005930.KS,,153130.KS|017670.KS,153130.KS,153130.KS + 017670.KS,REFERENCE_ONLY,REFERENCE_ONLY,VALIDATION_INSUFFICIENT,validation_insufficient|return_drag_reference|reference_only,"검증 이력 부족 - Add enough target stress validation history before formal promotion.; 수익률 훼손 검토 필요 - Confirm risk reduction compensates for return drag before promotion.; 참고 후보 - Use as research context, not an execution recommendation.",0,0,0,0,linked_recommendation_evidence_after_backtest,,"Action formal gate failed: cash_baseline_lag, linked_formal_gate_blocked, linked_recommendation_not_formal","{""alternatives"": [{""available"": true, ""cvar"": -0.034772279998451075, ""estimated_cost_bps"": 0.0, ""mdd"": -0.46919829375549826, ""name"": ""current"", ""stress"": -0.005529416996763946, ""turnover_pct"": 0.0, ""why_not_chosen_ko"": ""baseline portfolio""}, {""available"": true, ""cvar_delta_after_cost"": 0.00133018, ""estimated_cost_bps"": 25.0, ""mdd_delta_after_cost"": 0.00674161, ""name"": ""trim_hedge"", ""stress_delta_after_cost"": 0.00040413, ""turnover_pct"": 10.0, ""why_not_chosen_ko"": """"}, {""available"": true, ""cvar_delta_after_cost"": 0.00158823, ""estimated_cost_bps"": 25.0, ""mdd_delta_after_cost"": 0.0074225, ""name"": ""trim_cash"", ""stress_delta_after_cost"": 0.00037189, ""turnover_pct"": 10.0, ""why_not_chosen_ko"": ""cash baseline was compared against the trim+hedge action""}, {""available"": true, ""cvar_delta_after_cost"": 0.0, ""estimated_cost_bps"": 0.0, ""mdd_delta_after_cost"": 0.0, ""name"": ""hold"", ""stress_delta_after_cost"": 0.0, ""turnover_pct"": 0.0, ""why_not_chosen_ko"": ""does not reduce the active scenario vulnerability""}]}",4,0.00133018,0.00674161,0.00040413,25.0,0.00025,ASSUMED_LIQUID_UNIVERSE,Y,Y,Y,Y,LAGS_CASH,ROBUST_IMPROVE,UNCERTAIN,Y,"{""concentration_cap_pct"": 50.0, ""max_candidate_weight_pct"": 20.0, ""max_turnover_pct"": 20.0, ""min_existing_kept_pct"": 80.0, ""profile_source"": ""system_default""}",,0.34163828,0.31888991,-0.02274837,6.6586,46.6383,46.6383,46.6383,39.439575,34.439575,39.439575,34.439575,0.0,2.5,-0.034772279998451075,-0.0334420955790853,0.00133018,-0.46919829375549826,-0.46245668801956874,0.00674161,0.4760380801513618,0.47500216716089383,-0.00103591,-0.005529416996763946,-0.0051252856793151886,0.00040413,1.0985434401978988,1.003187330978593,-0.09535611,computed_from_action_before_after_weights,,10.0,95.0,5.0,PASS,,"AI·반도체 사이클 취약성을 만든 005930.KS에 대해 153130.KS, 017670.KS로 원인 보유자산 일부 축소 후 헷지를 적용하면 sleeve 취약도 변화가 -0.0227입니다. 정식 추천 기준은 미달해 검토 후보입니다.",Action formal gate did not pass. Blockers: cash_baseline_lag|linked_formal_gate_blocked|linked_recommendation_not_formal. Linked recommendation status is evidence only: REFERENCE_ONLY.,"153130.KS + 017670.KS 조정은 AI·반도체 사이클 취약성을 낮추는 검토안이며 전후 지표는 CVaR 개선, MDD 개선, stress 개선으로 확인됩니다.",취약성 0.0227 감소; CVaR 0.13%p 개선; MDD 0.67%p 개선; stress 0.04%p 개선; Sharpe 0.10 악화,FORMAL_ACTION excluded by action-level gate: cash_baseline_lag|linked_formal_gate_blocked|linked_recommendation_not_formal,False,False,,같은 risk sleeve에서 더 적합한 액션이 선택되어 후보 감사 목록에만 남겼습니다.,"{""005930.KS"": 39.439575, ""035420.KS"": 19.730652, ""035720.KS"": 13.263866, ""NVDA"": 27.565907}","{""005930.KS"": 34.439575, ""017670.KS"": 2.5, ""035420.KS"": 19.730652, ""035720.KS"": 13.263866, ""153130.KS"": 2.5, ""NVDA"": 27.565907}"
action_093,REVIEW_ACTION,TRIM_AND_HEDGE,,REVIEW,B,B. 조건부 처방,"핵심 취약점 보완 효과는 있으나 검증 샘플, 비용, 유동성, cash baseline 중 일부 확인이 필요합니다.",Y,LOW,100.0,0.2,0.226395,linked_final_score,0.2,74,B:70-89,grade_banded_final_score_v1,,,,,,,,,formal_rebalance_hedge_gate,FAIL,cash_baseline_lag|linked_formal_gate_blocked|linked_recommendation_not_formal,semiconductor_ai_cycle,AI·반도체 사이클,semiconductor_ai_cycle,semiconductor_ai_cycle_shock,005930.KS,005930.KS,,153130.KS|105560.KS,153130.KS,153130.KS + 105560.KS,FAIL_GATE,FAIL_GATE,VALIDATION_NOT_ELIGIBLE,fail_gate|validation_not_eligible|liquidity_below_formal,하드 게이트 실패 - Do not promote until the failing gate is resolved.; validation not eligible - Keep blocked or rebuild the candidate with valid backtest inputs.; 유동성 기준 미달 - Refresh ADV evidence or exclude the candidate from formal recommendations.,0,0,0,0,linked_recommendation_evidence_after_backtest,,"Action formal gate failed: cash_baseline_lag, linked_formal_gate_blocked, linked_recommendation_not_formal","{""alternatives"": [{""available"": true, ""cvar"": -0.034772279998451075, ""estimated_cost_bps"": 0.0, ""mdd"": -0.46919829375549826, ""name"": ""current"", ""stress"": -0.005529416996763946, ""turnover_pct"": 0.0, ""why_not_chosen_ko"": ""baseline portfolio""}, {""available"": true, ""cvar_delta_after_cost"": 0.00121204, ""estimated_cost_bps"": 25.0, ""mdd_delta_after_cost"": 0.00880078, ""name"": ""trim_hedge"", ""stress_delta_after_cost"": 0.0003521, ""turnover_pct"": 10.0, ""why_not_chosen_ko"": """"}, {""available"": true, ""cvar_delta_after_cost"": 0.00158823, ""estimated_cost_bps"": 25.0, ""mdd_delta_after_cost"": 0.0074225, ""name"": ""trim_cash"", ""stress_delta_after_cost"": 0.00037189, ""turnover_pct"": 10.0, ""why_not_chosen_ko"": ""cash baseline was compared against the trim+hedge action""}, {""available"": true, ""cvar_delta_after_cost"": 0.0, ""estimated_cost_bps"": 0.0, ""mdd_delta_after_cost"": 0.0, ""name"": ""hold"", ""stress_delta_after_cost"": 0.0, ""turnover_pct"": 0.0, ""why_not_chosen_ko"": ""does not reduce the active scenario vulnerability""}]}",4,0.00121204,0.00880078,0.0003521,25.0,0.00025,ASSUMED_LIQUID_UNIVERSE,Y,Y,Y,Y,LAGS_CASH,ROBUST_IMPROVE,UNCERTAIN,Y,"{""concentration_cap_pct"": 50.0, ""max_candidate_weight_pct"": 20.0, ""max_turnover_pct"": 20.0, ""min_existing_kept_pct"": 80.0, ""profile_source"": ""system_default""}",,0.34163828,0.31967508,-0.02196321,6.4288,46.6383,46.6383,46.6383,39.439575,34.439575,39.439575,34.439575,0.0,2.5,-0.034772279998451075,-0.03356023720899847,0.00121204,-0.46919829375549826,-0.4603975103556549,0.00880078,0.4760380801513618,0.4757786656414288,-0.00025941,-0.005529416996763946,-0.005177317458884247,0.0003521,1.0985434401978988,1.0170273630197817,-0.08151608,computed_from_action_before_after_weights,,10.0,95.0,5.0,PASS,,"AI·반도체 사이클 취약성을 만든 005930.KS에 대해 153130.KS, 105560.KS로 원인 보유자산 일부 축소 후 헷지를 적용하면 sleeve 취약도 변화가 -0.0220입니다. 정식 추천 기준은 미달해 검토 후보입니다.",Action formal gate did not pass. Blockers: cash_baseline_lag|linked_formal_gate_blocked|linked_recommendation_not_formal. Linked recommendation status is evidence only: FAIL_GATE.,"153130.KS + 105560.KS 조정은 AI·반도체 사이클 취약성을 낮추는 검토안이며 전후 지표는 CVaR 개선, MDD 개선, stress 개선으로 확인됩니다.",취약성 0.0220 감소; CVaR 0.12%p 개선; MDD 0.88%p 개선; stress 0.04%p 개선; Sharpe 0.08 악화,FORMAL_ACTION excluded by action-level gate: cash_baseline_lag|linked_formal_gate_blocked|linked_recommendation_not_formal,False,True,취약성 기여가 큰 보유자산이 확인되어 단순 추가 헷지보다 TRIM_AND_HEDGE가 우선입니다.,,"{""005930.KS"": 39.439575, ""035420.KS"": 19.730652, ""035720.KS"": 13.263866, ""NVDA"": 27.565907}","{""005930.KS"": 34.439575, ""035420.KS"": 19.730652, ""035720.KS"": 13.263866, ""105560.KS"": 2.5, ""153130.KS"": 2.5, ""NVDA"": 27.565907}"
action_081,REVIEW_ACTION,TRIM_AND_HEDGE,,REVIEW,B,B. 조건부 처방,"핵심 취약점 보완 효과는 있으나 검증 샘플, 비용, 유동성, cash baseline 중 일부 확인이 필요합니다.",Y,LOW,100.0,0.5610682226985899,0.178154,linked_final_score,0.5610682226985899,81,B:70-89,grade_banded_final_score_v1,0.698606414244033,1.0,growth_beta|korea_domestic_credit|korea_equity|krw_exposure|usdkrw_fx_korea|semiconductor_ai_cycle,defensive_equity|korea_domestic_credit|korea_equity|recession_liquidity_stress|usdkrw_fx_korea,N,N,N,C,formal_rebalance_hedge_gate,FAIL,cash_baseline_lag|linked_formal_gate_blocked|linked_recommendation_not_formal,semiconductor_ai_cycle,AI·반도체 사이클,semiconductor_ai_cycle,semiconductor_ai_cycle_shock,005930.KS,005930.KS,,017670.KS,017670.KS,017670.KS,REFERENCE_ONLY,REFERENCE_ONLY,VALIDATION_INSUFFICIENT,validation_insufficient|reference_only,"검증 이력 부족 - Add enough target stress validation history before formal promotion.; 참고 후보 - Use as research context, not an execution recommendation.",0,0,0,0,linked_recommendation_evidence_after_backtest,,"Action formal gate failed: cash_baseline_lag, linked_formal_gate_blocked, linked_recommendation_not_formal","{""alternatives"": [{""available"": true, ""cvar"": -0.034772279998451075, ""estimated_cost_bps"": 0.0, ""mdd"": -0.46919829375549826, ""name"": ""current"", ""stress"": -0.005529416996763946, ""turnover_pct"": 0.0, ""why_not_chosen_ko"": ""baseline portfolio""}, {""available"": true, ""cvar_delta_after_cost"": 0.00128242, ""estimated_cost_bps"": 25.0, ""mdd_delta_after_cost"": 0.00124592, ""name"": ""trim_hedge"", ""stress_delta_after_cost"": 0.00029059, ""turnover_pct"": 10.0, ""why_not_chosen_ko"": """"}, {""available"": true, ""cvar_delta_after_cost"": 0.00158823, ""estimated_cost_bps"": 25.0, ""mdd_delta_after_cost"": 0.0074225, ""name"": ""trim_cash"", ""stress_delta_after_cost"": 0.00037189, ""turnover_pct"": 10.0, ""why_not_chosen_ko"": ""cash baseline was compared against the trim+hedge action""}, {""available"": true, ""cvar_delta_after_cost"": 0.0, ""estimated_cost_bps"": 0.0, ""mdd_delta_after_cost"": 0.0, ""name"": ""hold"", ""stress_delta_after_cost"": 0.0, ""turnover_pct"": 0.0, ""why_not_chosen_ko"": ""does not reduce the active scenario vulnerability""}]}",4,0.00128242,0.00124592,0.00029059,25.0,0.00025,ASSUMED_LIQUID_UNIVERSE,Y,Y,Y,Y,LAGS_CASH,ROBUST_IMPROVE,UNCERTAIN,Y,"{""concentration_cap_pct"": 50.0, ""max_candidate_weight_pct"": 20.0, ""max_turnover_pct"": 20.0, ""min_existing_kept_pct"": 80.0, ""profile_source"": ""system_default""}",,0.34163828,0.31973761,-0.02190068,6.4105,46.6383,46.6383,46.6383,39.439575,34.439575,39.439575,34.439575,0.0,5.0,-0.034772279998451075,-0.0334898582022964,0.00128242,-0.46919829375549826,-0.4679523721994784,0.00124592,0.4760380801513618,0.47345896813678434,-0.00257911,-0.005529416996763946,-0.005238825251028137,0.00029059,1.0985434401978988,1.1040046730799327,0.00546123,computed_from_action_before_after_weights,,10.0,95.0,5.0,PASS,,AI·반도체 사이클 취약성을 만든 005930.KS에 대해 017670.KS로 원인 보유자산 일부 축소 후 헷지를 적용하면 sleeve 취약도 변화가 -0.0219입니다. 정식 추천 기준은 미달해 검토 후보입니다.,Action formal gate did not pass. Blockers: cash_baseline_lag|linked_formal_gate_blocked|linked_recommendation_not_formal. Linked recommendation status is evidence only: REFERENCE_ONLY.,"017670.KS 조정은 AI·반도체 사이클 취약성을 낮추는 검토안이며 전후 지표는 CVaR 개선, MDD 개선, stress 개선으로 확인됩니다.",취약성 0.0219 감소; CVaR 0.13%p 개선; MDD 0.12%p 개선; stress 0.03%p 개선; Sharpe 0.01 개선,FORMAL_ACTION excluded by action-level gate: cash_baseline_lag|linked_formal_gate_blocked|linked_recommendation_not_formal,False,False,,같은 risk sleeve에서 더 적합한 액션이 선택되어 후보 감사 목록에만 남겼습니다.,"{""005930.KS"": 39.439575, ""035420.KS"": 19.730652, ""035720.KS"": 13.263866, ""NVDA"": 27.565907}","{""005930.KS"": 34.439575, ""017670.KS"": 5.0, ""035420.KS"": 19.730652, ""035720.KS"": 13.263866, ""NVDA"": 27.565907}"
action_091,REVIEW_ACTION,TRIM_AND_HEDGE,,REVIEW,B,B. 조건부 처방,"핵심 취약점 보완 효과는 있으나 검증 샘플, 비용, 유동성, cash baseline 중 일부 확인이 필요합니다.",Y,LOW,100.0,0.2,0.23859,linked_final_score,0.2,74,B:70-89,grade_banded_final_score_v1,0.6937128719137354,,,,,,,,formal_rebalance_hedge_gate,FAIL,cash_baseline_lag|linked_formal_gate_blocked|linked_recommendation_not_formal,semiconductor_ai_cycle,AI·반도체 사이클,semiconductor_ai_cycle,semiconductor_ai_cycle_shock,005930.KS,005930.KS,,000810.KS,000810.KS,000810.KS,FAIL_GATE,FAIL_GATE,VALIDATION_NOT_ELIGIBLE,fail_gate|validation_not_eligible|liquidity_below_formal,하드 게이트 실패 - Do not promote until the failing gate is resolved.; validation not eligible - Keep blocked or rebuild the candidate with valid backtest inputs.; 유동성 기준 미달 - Refresh ADV evidence or exclude the candidate from formal recommendations.,0,0,0,0,linked_recommendation_evidence_after_backtest,,"Action formal gate failed: cash_baseline_lag, linked_formal_gate_blocked, linked_recommendation_not_formal","{""alternatives"": [{""available"": true, ""cvar"": -0.034772279998451075, ""estimated_cost_bps"": 0.0, ""mdd"": -0.46919829375549826, ""name"": ""current"", ""stress"": -0.005529416996763946, ""turnover_pct"": 0.0, ""why_not_chosen_ko"": ""baseline portfolio""}, {""available"": true, ""cvar_delta_after_cost"": 0.00107632, ""estimated_cost_bps"": 25.0, ""mdd_delta_after_cost"": 0.007768, ""name"": ""trim_hedge"", ""stress_delta_after_cost"": 0.00028454, ""turnover_pct"": 10.0, ""why_not_chosen_ko"": """"}, {""available"": true, ""cvar_delta_after_cost"": 0.00158823, ""estimated_cost_bps"": 25.0, ""mdd_delta_after_cost"": 0.0074225, ""name"": ""trim_cash"", ""stress_delta_after_cost"": 0.00037189, ""turnover_pct"": 10.0, ""why_not_chosen_ko"": ""cash baseline was compared against the trim+hedge action""}, {""available"": true, ""cvar_delta_after_cost"": 0.0, ""estimated_cost_bps"": 0.0, ""mdd_delta_after_cost"": 0.0, ""name"": ""hold"", ""stress_delta_after_cost"": 0.0, ""turnover_pct"": 0.0, ""why_not_chosen_ko"": ""does not reduce the active scenario vulnerability""}]}",4,0.00107632,0.007768,0.00028454,25.0,0.00025,ASSUMED_LIQUID_UNIVERSE,Y,Y,Y,Y,LAGS_CASH,ROBUST_IMPROVE,UNCERTAIN,Y,"{""concentration_cap_pct"": 50.0, ""max_candidate_weight_pct"": 20.0, ""max_turnover_pct"": 20.0, ""min_existing_kept_pct"": 80.0, ""profile_source"": ""system_default""}",,0.34163828,0.32112709,-0.02051119,6.0038,46.6383,46.6383,46.6383,39.439575,34.439575,39.439575,34.439575,0.0,5.0,-0.034772279998451075,-0.03369595566225074,0.00107632,-0.46919829375549826,-0.4614302932431704,0.007768,0.4760380801513618,0.4748108505045735,-0.00122723,-0.005529416996763946,-0.0052448803801174665,0.00028454,1.0985434401978988,1.1466113625204926,0.04806792,computed_from_action_before_after_weights,,10.0,95.0,5.0,PASS,,AI·반도체 사이클 취약성을 만든 005930.KS에 대해 000810.KS로 원인 보유자산 일부 축소 후 헷지를 적용하면 sleeve 취약도 변화가 -0.0205입니다. 정식 추천 기준은 미달해 검토 후보입니다.,Action formal gate did not pass. Blockers: cash_baseline_lag|linked_formal_gate_blocked|linked_recommendation_not_formal. Linked recommendation status is evidence only: FAIL_GATE.,"000810.KS 조정은 AI·반도체 사이클 취약성을 낮추는 검토안이며 전후 지표는 CVaR 개선, MDD 개선, stress 개선으로 확인됩니다.",취약성 0.0205 감소; CVaR 0.11%p 개선; MDD 0.78%p 개선; stress 0.03%p 개선; Sharpe 0.05 개선,FORMAL_ACTION excluded by action-level gate: cash_baseline_lag|linked_formal_gate_blocked|linked_recommendation_not_formal,False,False,,같은 risk sleeve에서 더 적합한 액션이 선택되어 후보 감사 목록에만 남겼습니다.,"{""005930.KS"": 39.439575, ""035420.KS"": 19.730652, ""035720.KS"": 13.263866, ""NVDA"": 27.565907}","{""000810.KS"": 5.0, ""005930.KS"": 34.439575, ""035420.KS"": 19.730652, ""035720.KS"": 13.263866, ""NVDA"": 27.565907}"
action_083,REVIEW_ACTION,TRIM_AND_HEDGE,,REVIEW,B,B. 조건부 처방,"핵심 취약점 보완 효과는 있으나 검증 샘플, 비용, 유동성, cash baseline 중 일부 확인이 필요합니다.",Y,LOW,100.0,0.5584665370806491,0.195316,linked_final_score,0.5584665370806491,81,B:70-89,grade_banded_final_score_v1,0.6929693742000844,1.0,growth_beta|korea_domestic_credit|korea_equity|krw_exposure|usdkrw_fx_korea|semiconductor_ai_cycle,credit_cycle|korea_domestic_credit|korea_financial|rate_shock_growth_duration|usdkrw_fx_korea,N,N,N,C,formal_rebalance_hedge_gate,FAIL,cash_baseline_lag|linked_formal_gate_blocked|linked_recommendation_not_formal,semiconductor_ai_cycle,AI·반도체 사이클,semiconductor_ai_cycle,semiconductor_ai_cycle_shock,005930.KS,005930.KS,,055550.KS,055550.KS,055550.KS,REFERENCE_ONLY,REFERENCE_ONLY,VALIDATION_INSUFFICIENT,validation_insufficient|reference_only,"검증 이력 부족 - Add enough target stress validation history before formal promotion.; 참고 후보 - Use as research context, not an execution recommendation.",0,0,0,0,linked_recommendation_evidence_after_backtest,,"Action formal gate failed: cash_baseline_lag, linked_formal_gate_blocked, linked_recommendation_not_formal","{""alternatives"": [{""available"": true, ""cvar"": -0.034772279998451075, ""estimated_cost_bps"": 0.0, ""mdd"": -0.46919829375549826, ""name"": ""current"", ""stress"": -0.005529416996763946, ""turnover_pct"": 0.0, ""why_not_chosen_ko"": ""baseline portfolio""}, {""available"": true, ""cvar_delta_after_cost"": 0.00115754, ""estimated_cost_bps"": 25.0, ""mdd_delta_after_cost"": 0.00892886, ""name"": ""trim_hedge"", ""stress_delta_after_cost"": 0.00012932, ""turnover_pct"": 10.0, ""why_not_chosen_ko"": """"}, {""available"": true, ""cvar_delta_after_cost"": 0.00158823, ""estimated_cost_bps"": 25.0, ""mdd_delta_after_cost"": 0.0074225, ""name"": ""trim_cash"", ""stress_delta_after_cost"": 0.00037189, ""turnover_pct"": 10.0, ""why_not_chosen_ko"": ""cash baseline was compared against the trim+hedge action""}, {""available"": true, ""cvar_delta_after_cost"": 0.0, ""estimated_cost_bps"": 0.0, ""mdd_delta_after_cost"": 0.0, ""name"": ""hold"", ""stress_delta_after_cost"": 0.0, ""turnover_pct"": 0.0, ""why_not_chosen_ko"": ""does not reduce the active scenario vulnerability""}]}",4,0.00115754,0.00892886,0.00012932,25.0,0.00025,ASSUMED_LIQUID_UNIVERSE,Y,Y,Y,Y,LAGS_CASH,ACTION_BOOTSTRAP_PASS,UNCERTAIN,Y,"{""concentration_cap_pct"": 50.0, ""max_candidate_weight_pct"": 20.0, ""max_turnover_pct"": 20.0, ""min_existing_kept_pct"": 80.0, ""profile_source"": ""system_default""}",,0.34163828,0.32115036,-0.02048793,5.997,46.6383,46.6383,46.6383,39.439575,34.439575,39.439575,34.439575,0.0,5.0,-0.034772279998451075,-0.03361474492451418,0.00115754,-0.46919829375549826,-0.46026943588262503,0.00892886,0.4760380801513618,0.47413136044362947,-0.00190672,-0.005529416996763946,-0.005400095897693155,0.00012932,1.0985434401978988,1.1261630292207927,0.02761959,computed_from_action_before_after_weights,,10.0,95.0,5.0,PASS,,AI·반도체 사이클 취약성을 만든 005930.KS에 대해 055550.KS로 원인 보유자산 일부 축소 후 헷지를 적용하면 sleeve 취약도 변화가 -0.0205입니다. 정식 추천 기준은 미달해 검토 후보입니다.,Action formal gate did not pass. Blockers: cash_baseline_lag|linked_formal_gate_blocked|linked_recommendation_not_formal. Linked recommendation status is evidence only: REFERENCE_ONLY.,"055550.KS 조정은 AI·반도체 사이클 취약성을 낮추는 검토안이며 전후 지표는 CVaR 개선, MDD 개선, stress 개선으로 확인됩니다.",취약성 0.0205 감소; CVaR 0.12%p 개선; MDD 0.89%p 개선; stress 0.01%p 개선; Sharpe 0.03 개선,FORMAL_ACTION excluded by action-level gate: cash_baseline_lag|linked_formal_gate_blocked|linked_recommendation_not_formal,False,False,,같은 risk sleeve에서 더 적합한 액션이 선택되어 후보 감사 목록에만 남겼습니다.,"{""005930.KS"": 39.439575, ""035420.KS"": 19.730652, ""035720.KS"": 13.263866, ""NVDA"": 27.565907}","{""005930.KS"": 34.439575, ""035420.KS"": 19.730652, ""035720.KS"": 13.263866, ""055550.KS"": 5.0, ""NVDA"": 27.565907}"
action_079,REVIEW_ACTION,TRIM_AND_HEDGE,,REVIEW,B,B. 조건부 처방,"핵심 취약점 보완 효과는 있으나 검증 샘플, 비용, 유동성, cash baseline 중 일부 확인이 필요합니다.",Y,LOW,100.0,0.5959340266786852,0.19333,linked_final_score,0.5959340266786852,81,B:70-89,grade_banded_final_score_v1,0.6940400201271352,1.0,growth_beta|korea_domestic_credit|korea_equity|krw_exposure|usdkrw_fx_korea|semiconductor_ai_cycle,credit_cycle|korea_domestic_credit|korea_financial|rate_shock_growth_duration|usdkrw_fx_korea,N,N,N,C,formal_rebalance_hedge_gate,FAIL,cash_baseline_lag|linked_formal_gate_blocked|linked_recommendation_not_formal,semiconductor_ai_cycle,AI·반도체 사이클,semiconductor_ai_cycle,semiconductor_ai_cycle_shock,005930.KS,005930.KS,,105560.KS,105560.KS,105560.KS,REFERENCE_ONLY,REFERENCE_ONLY,VALIDATION_INSUFFICIENT,validation_insufficient|reference_only,"검증 이력 부족 - Add enough target stress validation history before formal promotion.; 참고 후보 - Use as research context, not an execution recommendation.",0,0,0,0,linked_recommendation_evidence_after_backtest,,"Action formal gate failed: cash_baseline_lag, linked_formal_gate_blocked, linked_recommendation_not_formal","{""alternatives"": [{""available"": true, ""cvar"": -0.034772279998451075, ""estimated_cost_bps"": 0.0, ""mdd"": -0.46919829375549826, ""name"": ""current"", ""stress"": -0.005529416996763946, ""turnover_pct"": 0.0, ""why_not_chosen_ko"": ""baseline portfolio""}, {""available"": true, ""cvar_delta_after_cost"": 0.00101583, ""estimated_cost_bps"": 25.0, ""mdd_delta_after_cost"": 0.0048414, ""name"": ""trim_hedge"", ""stress_delta_after_cost"": 0.00017644, ""turnover_pct"": 10.0, ""why_not_chosen_ko"": """"}, {""available"": true, ""cvar_delta_after_cost"": 0.00158823, ""estimated_cost_bps"": 25.0, ""mdd_delta_after_cost"": 0.0074225, ""name"": ""trim_cash"", ""stress_delta_after_cost"": 0.00037189, ""turnover_pct"": 10.0, ""why_not_chosen_ko"": ""cash baseline was compared against the trim+hedge action""}, {""available"": true, ""cvar_delta_after_cost"": 0.0, ""estimated_cost_bps"": 0.0, ""mdd_delta_after_cost"": 0.0, ""name"": ""hold"", ""stress_delta_after_cost"": 0.0, ""turnover_pct"": 0.0, ""why_not_chosen_ko"": ""does not reduce the active scenario vulnerability""}]}",4,0.00101583,0.0048414,0.00017644,25.0,0.00025,ASSUMED_LIQUID_UNIVERSE,Y,Y,Y,Y,LAGS_CASH,ACTION_BOOTSTRAP_PASS,UNCERTAIN,Y,"{""concentration_cap_pct"": 50.0, ""max_candidate_weight_pct"": 20.0, ""max_turnover_pct"": 20.0, ""min_existing_kept_pct"": 80.0, ""profile_source"": ""system_default""}",,0.34163828,0.32130794,-0.02033034,5.9508,46.6383,46.6383,46.6383,39.439575,34.439575,39.439575,34.439575,0.0,5.0,-0.034772279998451075,-0.03375644840854035,0.00101583,-0.46919829375549826,-0.46435688944139053,0.0048414,0.4760380801513618,0.4749946152366948,-0.00104346,-0.005529416996763946,-0.005352979852618813,0.00017644,1.0985434401978988,1.1298864837700673,0.03134304,computed_from_action_before_after_weights,,10.0,95.0,5.0,PASS,,AI·반도체 사이클 취약성을 만든 005930.KS에 대해 105560.KS로 원인 보유자산 일부 축소 후 헷지를 적용하면 sleeve 취약도 변화가 -0.0203입니다. 정식 추천 기준은 미달해 검토 후보입니다.,Action formal gate did not pass. Blockers: cash_baseline_lag|linked_formal_gate_blocked|linked_recommendation_not_formal. Linked recommendation status is evidence only: REFERENCE_ONLY.,"105560.KS 조정은 AI·반도체 사이클 취약성을 낮추는 검토안이며 전후 지표는 CVaR 개선, MDD 개선, stress 개선으로 확인됩니다.",취약성 0.0203 감소; CVaR 0.10%p 개선; MDD 0.48%p 개선; stress 0.02%p 개선; Sharpe 0.03 개선,FORMAL_ACTION excluded by action-level gate: cash_baseline_lag|linked_formal_gate_blocked|linked_recommendation_not_formal,False,False,,같은 risk sleeve에서 더 적합한 액션이 선택되어 후보 감사 목록에만 남겼습니다.,"{""005930.KS"": 39.439575, ""035420.KS"": 19.730652, ""035720.KS"": 13.263866, ""NVDA"": 27.565907}","{""005930.KS"": 34.439575, ""035420.KS"": 19.730652, ""035720.KS"": 13.263866, ""105560.KS"": 5.0, ""NVDA"": 27.565907}"
action_089,REVIEW_ACTION,TRIM_AND_HEDGE,,REVIEW,C,C. 검토 후보,방향성은 맞지만 공식 처방이라 부르기에는 근거 또는 제약 검증이 부족합니다.,Y,LOW,100.0,0.8529440585198975,0.269798,linked_final_score,0.8529440585198975,66,C:50-69,grade_banded_final_score_v1,,1.0,growth_beta|korea_domestic_credit|korea_equity|krw_exposure|usdkrw_fx_korea|semiconductor_ai_cycle,defensive_equity|inverse_korea|korea_beta_offset|korea_domestic_credit|korea_equity|rate_shock_growth_duration|recession_liquidity_stress|semiconductor_ai_cycle|usdkrw_fx_korea,N,N,N,C,formal_rebalance_hedge_gate,FAIL,linked_formal_gate_blocked|linked_recommendation_not_formal,semiconductor_ai_cycle,AI·반도체 사이클,semiconductor_ai_cycle,semiconductor_ai_cycle_shock,005930.KS,005930.KS,,114800.KS|017670.KS,114800.KS,114800.KS + 017670.KS,FAIL_GATE,FAIL_GATE,VALIDATION_NOT_ELIGIBLE,fail_gate|validation_not_eligible,하드 게이트 실패 - Do not promote until the failing gate is resolved.; validation not eligible - Keep blocked or rebuild the candidate with valid backtest inputs.,0,0,0,0,linked_recommendation_evidence_after_backtest,,"Action formal gate failed: linked_formal_gate_blocked, linked_recommendation_not_formal","{""alternatives"": [{""available"": true, ""cvar"": -0.034772279998451075, ""estimated_cost_bps"": 0.0, ""mdd"": -0.46919829375549826, ""name"": ""current"", ""stress"": -0.005529416996763946, ""turnover_pct"": 0.0, ""why_not_chosen_ko"": ""baseline portfolio""}, {""available"": true, ""cvar_delta_after_cost"": 0.00197245, ""estimated_cost_bps"": 25.0, ""mdd_delta_after_cost"": 0.01088754, ""name"": ""trim_hedge"", ""stress_delta_after_cost"": 0.0005735, ""turnover_pct"": 10.0, ""why_not_chosen_ko"": """"}, {""available"": true, ""cvar_delta_after_cost"": 0.00158823, ""estimated_cost_bps"": 25.0, ""mdd_delta_after_cost"": 0.0074225, ""name"": ""trim_cash"", ""stress_delta_after_cost"": 0.00037189, ""turnover_pct"": 10.0, ""why_not_chosen_ko"": ""cash baseline was compared against the trim+hedge action""}, {""available"": true, ""cvar_delta_after_cost"": 0.0, ""estimated_cost_bps"": 0.0, ""mdd_delta_after_cost"": 0.0, ""name"": ""hold"", ""stress_delta_after_cost"": 0.0, ""turnover_pct"": 0.0, ""why_not_chosen_ko"": ""does not reduce the active scenario vulnerability""}]}",4,0.00197245,0.01088754,0.0005735,25.0,0.00025,ASSUMED_LIQUID_UNIVERSE,Y,Y,Y,Y,BEATS_CASH,ROBUST_IMPROVE,ROBUST_IMPROVE,Y,"{""concentration_cap_pct"": 50.0, ""max_candidate_weight_pct"": 20.0, ""max_turnover_pct"": 20.0, ""min_existing_kept_pct"": 80.0, ""profile_source"": ""system_default""}",,0.34163828,0.32155249,-0.02008579,5.8793,46.6383,46.6383,46.6383,39.439575,34.439575,39.439575,34.439575,0.0,2.5,-0.034772279998451075,-0.03279982983266121,0.00197245,-0.46919829375549826,-0.4583107491927182,0.01088754,0.4760380801513618,0.47617484005716076,0.00013676,-0.005529416996763946,-0.0049559135409793145,0.0005735,1.0985434401978988,0.9944937589744778,-0.10404968,computed_from_action_before_after_weights,,10.0,95.0,5.0,PASS,,"AI·반도체 사이클 취약성을 만든 005930.KS에 대해 114800.KS, 017670.KS로 원인 보유자산 일부 축소 후 헷지를 적용하면 sleeve 취약도 변화가 -0.0201입니다. 정식 추천 기준은 미달해 검토 후보입니다.",Action formal gate did not pass. Blockers: linked_formal_gate_blocked|linked_recommendation_not_formal. Linked recommendation status is evidence only: FAIL_GATE.,"114800.KS + 017670.KS 조정은 AI·반도체 사이클 취약성을 낮추는 검토안이며 전후 지표는 CVaR 개선, MDD 개선, stress 개선으로 확인됩니다.",취약성 0.0201 감소; CVaR 0.20%p 개선; MDD 1.09%p 개선; stress 0.06%p 개선; Sharpe 0.10 악화,FORMAL_ACTION excluded by action-level gate: linked_formal_gate_blocked|linked_recommendation_not_formal,False,False,,같은 risk sleeve에서 더 적합한 액션이 선택되어 후보 감사 목록에만 남겼습니다.,"{""005930.KS"": 39.439575, ""035420.KS"": 19.730652, ""035720.KS"": 13.263866, ""NVDA"": 27.565907}","{""005930.KS"": 34.439575, ""017670.KS"": 2.5, ""035420.KS"": 19.730652, ""035720.KS"": 13.263866, ""114800.KS"": 2.5, ""NVDA"": 27.565907}"
action_095,REVIEW_ACTION,DE_RISK_CASH,REVIEW_REQUIRED,DE_RISK_CASH,D,D. 참고 benchmark,방어 성격은 있으나 핵심 취약점 직접 처방으로 보기는 약해 비교 기준으로만 둡니다.,N,BENCHMARK,29.7983,0.0,0.224785,action_quality_score,0.224785,11,D:0-49,grade_banded_final_score_v1,,,,,,,,,formal_de_risk_cash_gate,PASS,,semiconductor_ai_cycle,AI·반도체 사이클,semiconductor_ai_cycle,semiconductor_ai_cycle_shock,005930.KS,005930.KS,,__CASH__,__CASH__,__CASH__,REFERENCE_ONLY,,,,,,,,,,,"Cash de-risk is a review benchmark, not a formal hedge prescription.","{""alternatives"": [{""available"": true, ""cvar"": -0.034772279998451075, ""estimated_cost_bps"": 0.0, ""mdd"": -0.46919829375549826, ""name"": ""current"", ""stress"": -0.005529416996763946, ""turnover_pct"": 0.0, ""why_not_chosen_ko"": ""baseline portfolio""}, {""available"": true, ""cvar_delta_after_cost"": 0.00158823, ""estimated_cost_bps"": 25.0, ""mdd_delta_after_cost"": 0.0074225, ""name"": ""trim_hedge"", ""stress_delta_after_cost"": 0.00037189, ""turnover_pct"": 10.0, ""why_not_chosen_ko"": """"}, {""available"": true, ""cvar_delta_after_cost"": 0.00158823, ""estimated_cost_bps"": 25.0, ""mdd_delta_after_cost"": 0.0074225, ""name"": ""trim_cash"", ""stress_delta_after_cost"": 0.00037189, ""turnover_pct"": 10.0, ""why_not_chosen_ko"": ""cash baseline was compared against the trim+hedge action""}, {""available"": true, ""cvar_delta_after_cost"": 0.0, ""estimated_cost_bps"": 0.0, ""mdd_delta_after_cost"": 0.0, ""name"": ""hold"", ""stress_delta_after_cost"": 0.0, ""turnover_pct"": 0.0, ""why_not_chosen_ko"": ""does not reduce the active scenario vulnerability""}]}",4,0.00158823,0.0074225,0.00037189,25.0,0.00025,CASH_BUCKET,Y,Y,Y,N,CASH_BETTER,ROBUST_IMPROVE,UNCERTAIN,Y,"{""concentration_cap_pct"": 50.0, ""max_candidate_weight_pct"": 20.0, ""max_turnover_pct"": 20.0, ""min_existing_kept_pct"": 80.0, ""profile_source"": ""system_default""}",,0.34163828,0.32143848,-0.0201998,5.9126,46.6383,46.6383,46.6383,39.439575,34.439575,39.439575,34.439575,0.0,5.0,-0.034772279998451075,-0.033184046341324,0.00158823,-0.46919829375549826,-0.4617757894550243,0.0074225,0.4760380801513618,0.4781742582250269,0.00213618,-0.005529416996763946,-0.005157531004203483,0.00037189,1.0985434401978988,1.078377432756694,-0.02016601,computed_from_action_before_after_weights,,10.0,95.0,5.0,PASS,,AI·반도체 사이클 취약성을 만든 005930.KS에 대해 __CASH__로 DE_RISK_CASH를 적용하면 sleeve 취약도 변화가 -0.0202입니다. 정식 추천 기준은 미달해 검토 후보입니다.,취약성 완화 효과는 있으나 linked recommendation status가 REFERENCE_ONLY라서 정식 실행 추천이 아니라 실행 전 검토 후보로 유지합니다.,"__CASH__ 조정은 AI·반도체 사이클 취약성을 낮추는 검토안이며 전후 지표는 CVaR 개선, MDD 개선, stress 개선으로 확인됩니다.",취약성 0.0202 감소; CVaR 0.16%p 개선; MDD 0.74%p 개선; stress 0.04%p 개선; Sharpe 0.02 악화,"FORMAL_ACTION 제외 사유: 기존 추천 gate 상태가 REFERENCE_ONLY입니다. stress/backtest, CVaR·MDD 안정성, 거래 제약 검증이 추가로 충족되어야 정식 추천으로 올릴 수 있습니다.",False,False,,같은 risk sleeve에서 더 적합한 액션이 선택되어 후보 감사 목록에만 남겼습니다.,"{""005930.KS"": 39.439575, ""035420.KS"": 19.730652, ""035720.KS"": 13.263866, ""NVDA"": 27.565907}","{""005930.KS"": 34.439575, ""035420.KS"": 19.730652, ""035720.KS"": 13.263866, ""NVDA"": 27.565907, ""__CASH__"": 5.0}"
action_086,RESEARCH_ONLY,ADD_HEDGE,,REVIEW,,,,Y,LOW,93.7964,0.869215561547114,0.54279,linked_final_score,0.869215561547114,43,D:0-49,grade_banded_final_score_v1,0.7167603233930879,1.0,growth_beta|korea_domestic_credit|korea_equity|krw_exposure|usdkrw_fx_korea|semiconductor_ai_cycle,inverse_korea|korea_beta_offset|korea_domestic_credit|rate_shock_growth_duration|recession_liquidity_stress|semiconductor_ai_cycle|usdkrw_fx_korea,N,N,N,C,formal_rebalance_hedge_gate,FAIL,base_action_status_research_only|constraint_failed|linked_formal_gate_blocked|linked_recommendation_not_formal|not_trim_and_hedge,semiconductor_ai_cycle,AI·반도체 사이클,semiconductor_ai_cycle,semiconductor_ai_cycle_shock,005930.KS|NVDA|035420.KS|035720.KS,005930.KS,,114800.KS,114800.KS,114800.KS,FAIL_GATE,FAIL_GATE,VALIDATION_NOT_ELIGIBLE,fail_gate|validation_not_eligible,하드 게이트 실패 - Do not promote until the failing gate is resolved.; validation not eligible - Keep blocked or rebuild the candidate with valid backtest inputs.,0,0,0,0,linked_recommendation_evidence_after_backtest,,"Action formal gate failed: base_action_status_research_only, constraint_failed, linked_formal_gate_blocked, linked_recommendation_not_formal, not_trim_and_hedge","{""alternatives"": [{""available"": true, ""cvar"": -0.034772279998451075, ""estimated_cost_bps"": 0.0, ""mdd"": -0.46919829375549826, ""name"": ""current"", ""stress"": -0.005529416996763946, ""turnover_pct"": 0.0, ""why_not_chosen_ko"": ""baseline portfolio""}, {""available"": true, ""cvar_delta_after_cost"": 0.00539221, ""estimated_cost_bps"": 25.0, ""mdd_delta_after_cost"": 0.05167865, ""name"": ""trim_hedge"", ""stress_delta_after_cost"": 0.00119741, ""turnover_pct"": 20.1588, ""why_not_chosen_ko"": """"}, {""available"": true, ""cvar_delta_after_cost"": 0.00316404, ""estimated_cost_bps"": 25.0, ""mdd_delta_after_cost"": 0.03275545, ""name"": ""trim_cash"", ""stress_delta_after_cost"": 0.00050314, ""turnover_pct"": 20.1588, ""why_not_chosen_ko"": ""cash baseline was compared against the trim+hedge action""}, {""available"": true, ""cvar_delta_after_cost"": 0.0, ""estimated_cost_bps"": 0.0, ""mdd_delta_after_cost"": 0.0, ""name"": ""hold"", ""stress_delta_after_cost"": 0.0, ""turnover_pct"": 0.0, ""why_not_chosen_ko"": ""does not reduce the active scenario vulnerability""}]}",4,0.00539221,0.05167865,0.00119741,25.0,0.00050397,ASSUMED_LIQUID_UNIVERSE,Y,Y,Y,Y,BEATS_CASH,ROBUST_IMPROVE,ROBUST_IMPROVE,Y,"{""concentration_cap_pct"": 50.0, ""max_candidate_weight_pct"": 20.0, ""max_turnover_pct"": 20.0, ""min_existing_kept_pct"": 80.0, ""profile_source"": ""system_default""}",,0.34163828,0.31405439,-0.02758389,8.074,100.0,100.0,100.0,39.439575,35.8509,39.439575,35.8509,0.0,9.0795,-0.034772279998451075,-0.029380069746078045,0.00539221,-0.46919829375549826,-0.41751964078800496,0.05167865,0.4760380801513618,0.43613097524555067,-0.0399071,-0.005529416996763946,-0.004332007424978471,0.00119741,1.0985434401978988,0.9781824776165292,-0.12036096,computed_from_action_before_after_weights,,20.1588,90.9007,5.0,FAIL,turnover 20.16% > 20.00%,114800.KS는 AI·반도체 사이클 관련 리서치 전용 후보라 실행 추천이 아닙니다.,인버스·레버리지·옵션·변동성 상품 등 연구용 후보 특성이 있어 실행 추천과 분리했습니다.,"114800.KS 조정은 AI·반도체 사이클 취약성을 낮추는 검토안이며 전후 지표는 CVaR 개선, MDD 개선, stress 개선으로 확인됩니다.",취약성 0.0276 감소; CVaR 0.54%p 개선; MDD 5.17%p 개선; stress 0.12%p 개선; Sharpe 0.12 악화,실행 추천 대상이 아닌 리서치 전용 상품군입니다.,False,False,,인버스·레버리지·옵션·변동성 상품 등 연구용 후보 특성이 있어 실행 추천과 분리했습니다.,"{""005930.KS"": 39.439575, ""035420.KS"": 19.730652, ""035720.KS"": 13.263866, ""NVDA"": 27.565907}","{""005930.KS"": 35.8509, ""035420.KS"": 17.9353, ""035720.KS"": 12.0569, ""114800.KS"": 9.0795, ""NVDA"": 25.0576, ""__CASH__"": 1.98}"
action_099,REVIEW_ACTION,TRIM_AND_HEDGE,,REVIEW,C,C. 검토 후보,방향성은 맞지만 공식 처방이라 부르기에는 근거 또는 제약 검증이 부족합니다.,Y,LOW,100.0,0.6461744912226246,0.340074,linked_final_score,0.6461744912226246,62,C:50-69,grade_banded_final_score_v1,0.7503883523180992,1.0,growth_beta|korea_domestic_credit|korea_equity|krw_exposure|usdkrw_fx_korea|semiconductor_ai_cycle,cash_like|korea_domestic_credit|kr_short_bond|rate_shock_growth_duration|usdkrw_fx_korea,Y,Y,Y,D,formal_rebalance_hedge_gate,FAIL,linked_formal_gate_blocked|linked_recommendation_not_formal,korea_domestic_credit,한국 내수·신용 스트레스,korea_domestic_credit,korea_domestic_financial_stress,005930.KS,005930.KS,NVDA,153130.KS,153130.KS,153130.KS,REFERENCE_ONLY,REFERENCE_ONLY,VALIDATION_INSUFFICIENT,validation_insufficient|return_drag_reference|reference_only,"검증 이력 부족 - Add enough target stress validation history before formal promotion.; 수익률 훼손 검토 필요 - Confirm risk reduction compensates for return drag before promotion.; 참고 후보 - Use as research context, not an execution recommendation.",0,0,0,0,linked_recommendation_evidence_after_backtest,,"Action formal gate failed: linked_formal_gate_blocked, linked_recommendation_not_formal","{""alternatives"": [{""available"": true, ""cvar"": -0.034772279998451075, ""estimated_cost_bps"": 0.0, ""mdd"": -0.46919829375549826, ""name"": ""current"", ""stress"": -0.005529416996763946, ""turnover_pct"": 0.0, ""why_not_chosen_ko"": ""baseline portfolio""}, {""available"": true, ""cvar_delta_after_cost"": 0.00148259, ""estimated_cost_bps"": 25.0, ""mdd_delta_after_cost"": 0.00989636, ""name"": ""trim_hedge"", ""stress_delta_after_cost"": 0.00044661, ""turnover_pct"": 10.0, ""why_not_chosen_ko"": """"}, {""available"": true, ""cvar_delta_after_cost"": 0.00158823, ""estimated_cost_bps"": 25.0, ""mdd_delta_after_cost"": 0.0074225, ""name"": ""trim_cash"", ""stress_delta_after_cost"": 0.00037189, ""turnover_pct"": 10.0, ""why_not_chosen_ko"": ""cash baseline was compared against the trim+hedge action""}, {""available"": true, ""cvar_delta_after_cost"": 0.0, ""estimated_cost_bps"": 0.0, ""mdd_delta_after_cost"": 0.0, ""name"": ""hold"", ""stress_delta_after_cost"": 0.0, ""turnover_pct"": 0.0, ""why_not_chosen_ko"": ""does not reduce the active scenario vulnerability""}]}",4,0.00148259,0.00989636,0.00044661,25.0,0.00025,ASSUMED_LIQUID_UNIVERSE,Y,Y,Y,Y,BEATS_CASH,ROBUST_IMPROVE,ROBUST_IMPROVE,Y,"{""concentration_cap_pct"": 50.0, ""max_candidate_weight_pct"": 20.0, ""max_turnover_pct"": 20.0, ""min_existing_kept_pct"": 80.0, ""profile_source"": ""system_default""}",,0.27126628,0.24892325,-0.02234304,8.2366,65.4235,65.4235,65.4235,39.439575,34.439575,39.439575,34.439575,0.0,5.0,-0.034772279998451075,-0.033289690343536994,0.00148259,-0.46919829375549826,-0.4593019296156965,0.00989636,0.4760380801513618,0.4774040827742143,0.001366,-0.005529416996763946,-0.0050828059134756225,0.00044661,1.0985434401978988,0.9928570655103806,-0.10568637,computed_from_action_before_after_weights,,10.0,95.0,5.0,PASS,,한국 내수·신용 스트레스 취약성을 만든 005930.KS에 대해 153130.KS로 원인 보유자산 일부 축소 후 헷지를 적용하면 sleeve 취약도 변화가 -0.0223입니다. 정식 추천 기준은 미달해 검토 후보입니다.,Action formal gate did not pass. Blockers: linked_formal_gate_blocked|linked_recommendation_not_formal. Linked recommendation status is evidence only: REFERENCE_ONLY.,"153130.KS 조정은 한국 내수·신용 스트레스 취약성을 낮추는 검토안이며 전후 지표는 CVaR 개선, MDD 개선, stress 개선으로 확인됩니다.",취약성 0.0223 감소; CVaR 0.15%p 개선; MDD 0.99%p 개선; stress 0.04%p 개선; Sharpe 0.11 악화,FORMAL_ACTION excluded by action-level gate: linked_formal_gate_blocked|linked_recommendation_not_formal,False,False,,같은 risk sleeve에서 더 적합한 액션이 선택되어 후보 감사 목록에만 남겼습니다.,"{""005930.KS"": 39.439575, ""035420.KS"": 19.730652, ""035720.KS"": 13.263866, ""NVDA"": 27.565907}","{""005930.KS"": 34.439575, ""035420.KS"": 19.730652, ""035720.KS"": 13.263866, ""153130.KS"": 5.0, ""NVDA"": 27.565907}"
action_119,REVIEW_ACTION,TRIM_AND_HEDGE,,REVIEW,C,C. 검토 후보,방향성은 맞지만 공식 처방이라 부르기에는 근거 또는 제약 검증이 부족합니다.,Y,LOW,100.0,0.8529440585198975,0.310322,linked_final_score,0.8529440585198975,66,C:50-69,grade_banded_final_score_v1,,1.0,growth_beta|korea_domestic_credit|korea_equity|krw_exposure|usdkrw_fx_korea|semiconductor_ai_cycle,defensive_equity|inverse_korea|korea_beta_offset|korea_domestic_credit|korea_equity|rate_shock_growth_duration|recession_liquidity_stress|semiconductor_ai_cycle|usdkrw_fx_korea,N,N,N,C,formal_rebalance_hedge_gate,FAIL,linked_formal_gate_blocked|linked_recommendation_not_formal,korea_domestic_credit,한국 내수·신용 스트레스,korea_domestic_credit,korea_domestic_financial_stress,005930.KS,005930.KS,NVDA,114800.KS|017670.KS,114800.KS,114800.KS + 017670.KS,FAIL_GATE,FAIL_GATE,VALIDATION_NOT_ELIGIBLE,fail_gate|validation_not_eligible,하드 게이트 실패 - Do not promote until the failing gate is resolved.; validation not eligible - Keep blocked or rebuild the candidate with valid backtest inputs.,0,0,0,0,linked_recommendation_evidence_after_backtest,,"Action formal gate failed: linked_formal_gate_blocked, linked_recommendation_not_formal","{""alternatives"": [{""available"": true, ""cvar"": -0.034772279998451075, ""estimated_cost_bps"": 0.0, ""mdd"": -0.46919829375549826, ""name"": ""current"", ""stress"": -0.005529416996763946, ""turnover_pct"": 0.0, ""why_not_chosen_ko"": ""baseline portfolio""}, {""available"": true, ""cvar_delta_after_cost"": 0.00197245, ""estimated_cost_bps"": 25.0, ""mdd_delta_after_cost"": 0.01088754, ""name"": ""trim_hedge"", ""stress_delta_after_cost"": 0.0005735, ""turnover_pct"": 10.0, ""why_not_chosen_ko"": """"}, {""available"": true, ""cvar_delta_after_cost"": 0.00158823, ""estimated_cost_bps"": 25.0, ""mdd_delta_after_cost"": 0.0074225, ""name"": ""trim_cash"", ""stress_delta_after_cost"": 0.00037189, ""turnover_pct"": 10.0, ""why_not_chosen_ko"": ""cash baseline was compared against the trim+hedge action""}, {""available"": true, ""cvar_delta_after_cost"": 0.0, ""estimated_cost_bps"": 0.0, ""mdd_delta_after_cost"": 0.0, ""name"": ""hold"", ""stress_delta_after_cost"": 0.0, ""turnover_pct"": 0.0, ""why_not_chosen_ko"": ""does not reduce the active scenario vulnerability""}]}",4,0.00197245,0.01088754,0.0005735,25.0,0.00025,ASSUMED_LIQUID_UNIVERSE,Y,Y,Y,Y,BEATS_CASH,ROBUST_IMPROVE,ROBUST_IMPROVE,Y,"{""concentration_cap_pct"": 50.0, ""max_candidate_weight_pct"": 20.0, ""max_turnover_pct"": 20.0, ""min_existing_kept_pct"": 80.0, ""profile_source"": ""system_default""}",,0.27126628,0.25052772,-0.02073856,7.6451,65.4235,65.4235,65.4235,39.439575,34.439575,39.439575,34.439575,0.0,2.5,-0.034772279998451075,-0.03279982983266121,0.00197245,-0.46919829375549826,-0.4583107491927182,0.01088754,0.4760380801513618,0.47617484005716076,0.00013676,-0.005529416996763946,-0.0049559135409793145,0.0005735,1.0985434401978988,0.9944937589744778,-0.10404968,computed_from_action_before_after_weights,,10.0,95.0,5.0,PASS,,"한국 내수·신용 스트레스 취약성을 만든 005930.KS에 대해 114800.KS, 017670.KS로 원인 보유자산 일부 축소 후 헷지를 적용하면 sleeve 취약도 변화가 -0.0207입니다. 정식 추천 기준은 미달해 검토 후보입니다.",Action formal gate did not pass. Blockers: linked_formal_gate_blocked|linked_recommendation_not_formal. Linked recommendation status is evidence only: FAIL_GATE.,"114800.KS + 017670.KS 조정은 한국 내수·신용 스트레스 취약성을 낮추는 검토안이며 전후 지표는 CVaR 개선, MDD 개선, stress 개선으로 확인됩니다.",취약성 0.0207 감소; CVaR 0.20%p 개선; MDD 1.09%p 개선; stress 0.06%p 개선; Sharpe 0.10 악화,FORMAL_ACTION excluded by action-level gate: linked_formal_gate_blocked|linked_recommendation_not_formal,False,False,,같은 risk sleeve에서 더 적합한 액션이 선택되어 후보 감사 목록에만 남겼습니다.,"{""005930.KS"": 39.439575, ""035420.KS"": 19.730652, ""035720.KS"": 13.263866, ""NVDA"": 27.565907}","{""005930.KS"": 34.439575, ""017670.KS"": 2.5, ""035420.KS"": 19.730652, ""035720.KS"": 13.263866, ""114800.KS"": 2.5, ""NVDA"": 27.565907}"
action_113,REVIEW_ACTION,TRIM_AND_HEDGE,,REVIEW,B,B. 조건부 처방,"핵심 취약점 보완 효과는 있으나 검증 샘플, 비용, 유동성, cash baseline 중 일부 확인이 필요합니다.",Y,LOW,100.0,0.5524613425953122,0.25046,linked_final_score,0.5524613425953122,80,B:70-89,grade_banded_final_score_v1,,1.0,growth_beta|korea_domestic_credit|korea_equity|krw_exposure|usdkrw_fx_korea|semiconductor_ai_cycle,cash_like|defensive_equity|korea_domestic_credit|korea_equity|kr_short_bond|rate_shock_growth_duration|recession_liquidity_stress|usdkrw_fx_korea,N,Y,N,C,formal_rebalance_hedge_gate,FAIL,cash_baseline_lag|linked_formal_gate_blocked|linked_recommendation_not_formal,korea_domestic_credit,한국 내수·신용 스트레스,korea_domestic_credit,korea_domestic_financial_stress,005930.KS,005930.KS,NVDA,153130.KS|017670.KS,153130.KS,153130.KS + 017670.KS,REFERENCE_ONLY,REFERENCE_ONLY,VALIDATION_INSUFFICIENT,validation_insufficient|return_drag_reference|reference_only,"검증 이력 부족 - Add enough target stress validation history before formal promotion.; 수익률 훼손 검토 필요 - Confirm risk reduction compensates for return drag before promotion.; 참고 후보 - Use as research context, not an execution recommendation.",0,0,0,0,linked_recommendation_evidence_after_backtest,,"Action formal gate failed: cash_baseline_lag, linked_formal_gate_blocked, linked_recommendation_not_formal","{""alternatives"": [{""available"": true, ""cvar"": -0.034772279998451075, ""estimated_cost_bps"": 0.0, ""mdd"": -0.46919829375549826, ""name"": ""current"", ""stress"": -0.005529416996763946, ""turnover_pct"": 0.0, ""why_not_chosen_ko"": ""baseline portfolio""}, {""available"": true, ""cvar_delta_after_cost"": 0.00133018, ""estimated_cost_bps"": 25.0, ""mdd_delta_after_cost"": 0.00674161, ""name"": ""trim_hedge"", ""stress_delta_after_cost"": 0.00040413, ""turnover_pct"": 10.0, ""why_not_chosen_ko"": """"}, {""available"": true, ""cvar_delta_after_cost"": 0.00158823, ""estimated_cost_bps"": 25.0, ""mdd_delta_after_cost"": 0.0074225, ""name"": ""trim_cash"", ""stress_delta_after_cost"": 0.00037189, ""turnover_pct"": 10.0, ""why_not_chosen_ko"": ""cash baseline was compared against the trim+hedge action""}, {""available"": true, ""cvar_delta_after_cost"": 0.0, ""estimated_cost_bps"": 0.0, ""mdd_delta_after_cost"": 0.0, ""name"": ""hold"", ""stress_delta_after_cost"": 0.0, ""turnover_pct"": 0.0, ""why_not_chosen_ko"": ""does not reduce the active scenario vulnerability""}]}",4,0.00133018,0.00674161,0.00040413,25.0,0.00025,ASSUMED_LIQUID_UNIVERSE,Y,Y,Y,Y,LAGS_CASH,ROBUST_IMPROVE,UNCERTAIN,Y,"{""concentration_cap_pct"": 50.0, ""max_candidate_weight_pct"": 20.0, ""max_turnover_pct"": 20.0, ""min_existing_kept_pct"": 80.0, ""profile_source"": ""system_default""}",,0.27126628,0.25141266,-0.01985363,7.3189,65.4235,65.4235,65.4235,39.439575,34.439575,39.439575,34.439575,0.0,2.5,-0.034772279998451075,-0.0334420955790853,0.00133018,-0.46919829375549826,-0.46245668801956874,0.00674161,0.4760380801513618,0.47500216716089383,-0.00103591,-0.005529416996763946,-0.0051252856793151886,0.00040413,1.0985434401978988,1.003187330978593,-0.09535611,computed_from_action_before_after_weights,,10.0,95.0,5.0,PASS,,"한국 내수·신용 스트레스 취약성을 만든 005930.KS에 대해 153130.KS, 017670.KS로 원인 보유자산 일부 축소 후 헷지를 적용하면 sleeve 취약도 변화가 -0.0199입니다. 정식 추천 기준은 미달해 검토 후보입니다.",Action formal gate did not pass. Blockers: cash_baseline_lag|linked_formal_gate_blocked|linked_recommendation_not_formal. Linked recommendation status is evidence only: REFERENCE_ONLY.,"153130.KS + 017670.KS 조정은 한국 내수·신용 스트레스 취약성을 낮추는 검토안이며 전후 지표는 CVaR 개선, MDD 개선, stress 개선으로 확인됩니다.",취약성 0.0199 감소; CVaR 0.13%p 개선; MDD 0.67%p 개선; stress 0.04%p 개선; Sharpe 0.10 악화,FORMAL_ACTION excluded by action-level gate: cash_baseline_lag|linked_formal_gate_blocked|linked_recommendation_not_formal,False,False,,같은 risk sleeve에서 더 적합한 액션이 선택되어 후보 감사 목록에만 남겼습니다.,"{""005930.KS"": 39.439575, ""035420.KS"": 19.730652, ""035720.KS"": 13.263866, ""NVDA"": 27.565907}","{""005930.KS"": 34.439575, ""017670.KS"": 2.5, ""035420.KS"": 19.730652, ""035720.KS"": 13.263866, ""153130.KS"": 2.5, ""NVDA"": 27.565907}"
action_109,REVIEW_ACTION,TRIM_AND_HEDGE,,REVIEW,B,B. 조건부 처방,"핵심 취약점 보완 효과는 있으나 검증 샘플, 비용, 유동성, cash baseline 중 일부 확인이 필요합니다.",Y,LOW,100.0,0.5610682226985899,0.177984,linked_final_score,0.5610682226985899,81,B:70-89,grade_banded_final_score_v1,0.698606414244033,1.0,growth_beta|korea_domestic_credit|korea_equity|krw_exposure|usdkrw_fx_korea|semiconductor_ai_cycle,defensive_equity|korea_domestic_credit|korea_equity|recession_liquidity_stress|usdkrw_fx_korea,N,N,N,C,formal_rebalance_hedge_gate,FAIL,cash_baseline_lag|linked_formal_gate_blocked|linked_recommendation_not_formal,korea_domestic_credit,한국 내수·신용 스트레스,korea_domestic_credit,korea_domestic_financial_stress,005930.KS,005930.KS,NVDA,017670.KS,017670.KS,017670.KS,REFERENCE_ONLY,REFERENCE_ONLY,VALIDATION_INSUFFICIENT,validation_insufficient|reference_only,"검증 이력 부족 - Add enough target stress validation history before formal promotion.; 참고 후보 - Use as research context, not an execution recommendation.",0,0,0,0,linked_recommendation_evidence_after_backtest,,"Action formal gate failed: cash_baseline_lag, linked_formal_gate_blocked, linked_recommendation_not_formal","{""alternatives"": [{""available"": true, ""cvar"": -0.034772279998451075, ""estimated_cost_bps"": 0.0, ""mdd"": -0.46919829375549826, ""name"": ""current"", ""stress"": -0.005529416996763946, ""turnover_pct"": 0.0, ""why_not_chosen_ko"": ""baseline portfolio""}, {""available"": true, ""cvar_delta_after_cost"": 0.00128242, ""estimated_cost_bps"": 25.0, ""mdd_delta_after_cost"": 0.00124592, ""name"": ""trim_hedge"", ""stress_delta_after_cost"": 0.00029059, ""turnover_pct"": 10.0, ""why_not_chosen_ko"": """"}, {""available"": true, ""cvar_delta_after_cost"": 0.00158823, ""estimated_cost_bps"": 25.0, ""mdd_delta_after_cost"": 0.0074225, ""name"": ""trim_cash"", ""stress_delta_after_cost"": 0.00037189, ""turnover_pct"": 10.0, ""why_not_chosen_ko"": ""cash baseline was compared against the trim+hedge action""}, {""available"": true, ""cvar_delta_after_cost"": 0.0, ""estimated_cost_bps"": 0.0, ""mdd_delta_after_cost"": 0.0, ""name"": ""hold"", ""stress_delta_after_cost"": 0.0, ""turnover_pct"": 0.0, ""why_not_chosen_ko"": ""does not reduce the active scenario vulnerability""}]}",4,0.00128242,0.00124592,0.00029059,25.0,0.00025,ASSUMED_LIQUID_UNIVERSE,Y,Y,Y,Y,LAGS_CASH,ROBUST_IMPROVE,UNCERTAIN,Y,"{""concentration_cap_pct"": 50.0, ""max_candidate_weight_pct"": 20.0, ""max_turnover_pct"": 20.0, ""min_existing_kept_pct"": 80.0, ""profile_source"": ""system_default""}",,0.27126628,0.25390207,-0.01736422,6.4012,65.4235,65.4235,65.4235,39.439575,34.439575,39.439575,34.439575,0.0,5.0,-0.034772279998451075,-0.0334898582022964,0.00128242,-0.46919829375549826,-0.4679523721994784,0.00124592,0.4760380801513618,0.47345896813678434,-0.00257911,-0.005529416996763946,-0.005238825251028137,0.00029059,1.0985434401978988,1.1040046730799327,0.00546123,computed_from_action_before_after_weights,,10.0,95.0,5.0,PASS,,한국 내수·신용 스트레스 취약성을 만든 005930.KS에 대해 017670.KS로 원인 보유자산 일부 축소 후 헷지를 적용하면 sleeve 취약도 변화가 -0.0174입니다. 정식 추천 기준은 미달해 검토 후보입니다.,Action formal gate did not pass. Blockers: cash_baseline_lag|linked_formal_gate_blocked|linked_recommendation_not_formal. Linked recommendation status is evidence only: REFERENCE_ONLY.,"017670.KS 조정은 한국 내수·신용 스트레스 취약성을 낮추는 검토안이며 전후 지표는 CVaR 개선, MDD 개선, stress 개선으로 확인됩니다.",취약성 0.0174 감소; CVaR 0.13%p 개선; MDD 0.12%p 개선; stress 0.03%p 개선; Sharpe 0.01 개선,FORMAL_ACTION excluded by action-level gate: cash_baseline_lag|linked_formal_gate_blocked|linked_recommendation_not_formal,False,True,취약성 기여가 큰 보유자산이 확인되어 단순 추가 헷지보다 TRIM_AND_HEDGE가 우선입니다.,,"{""005930.KS"": 39.439575, ""035420.KS"": 19.730652, ""035720.KS"": 13.263866, ""NVDA"": 27.565907}","{""005930.KS"": 34.439575, ""017670.KS"": 5.0, ""035420.KS"": 19.730652, ""035720.KS"": 13.263866, ""NVDA"": 27.565907}"
action_101,REVIEW_ACTION,TRIM_AND_HEDGE,,REVIEW,C,C. 검토 후보,방향성은 맞지만 공식 처방이라 부르기에는 근거 또는 제약 검증이 부족합니다.,Y,LOW,100.0,0.645310278508778,0.233233,linked_final_score,0.645310278508778,62,C:50-69,grade_banded_final_score_v1,,1.0,growth_beta|korea_domestic_credit|korea_equity|krw_exposure|usdkrw_fx_korea|semiconductor_ai_cycle,defensive_equity|korea_domestic_credit|korea_equity|krw_weakness|recession_liquidity_stress|usd_hedge|usdkrw_fx_korea,N,N,N,C,formal_rebalance_hedge_gate,FAIL,linked_formal_gate_blocked|linked_recommendation_not_formal,korea_domestic_credit,한국 내수·신용 스트레스,korea_domestic_credit,korea_domestic_financial_stress,005930.KS,005930.KS,NVDA,261240.KS|017670.KS,261240.KS,261240.KS + 017670.KS,REFERENCE_ONLY,REFERENCE_ONLY,VALIDATION_THIN,validation_thin|bootstrap_not_robust|cash_bootstrap_not_robust|return_drag_reference|reference_only,"검증 표본 부족 - Keep review-only until the stress sample is thick enough.; 부트스트랩 신뢰도 부족 - Increase sample coverage or downgrade fragile candidates.; 현금 기준 부트스트랩 부족 - Add stronger cash-baseline evidence before formal use.; 수익률 훼손 검토 필요 - Confirm risk reduction compensates for return drag before promotion.; 참고 후보 - Use as research context, not an execution recommendation.",1,0,0,0,linked_recommendation_evidence_after_backtest,,"Action formal gate failed: linked_formal_gate_blocked, linked_recommendation_not_formal","{""alternatives"": [{""available"": true, ""cvar"": -0.034772279998451075, ""estimated_cost_bps"": 0.0, ""mdd"": -0.46919829375549826, ""name"": ""current"", ""stress"": -0.005529416996763946, ""turnover_pct"": 0.0, ""why_not_chosen_ko"": ""baseline portfolio""}, {""available"": true, ""cvar_delta_after_cost"": 0.0014496, ""estimated_cost_bps"": 25.0, ""mdd_delta_after_cost"": 0.00941731, ""name"": ""trim_hedge"", ""stress_delta_after_cost"": 0.00042919, ""turnover_pct"": 10.0, ""why_not_chosen_ko"": """"}, {""available"": true, ""cvar_delta_after_cost"": 0.00158823, ""estimated_cost_bps"": 25.0, ""mdd_delta_after_cost"": 0.0074225, ""name"": ""trim_cash"", ""stress_delta_after_cost"": 0.00037189, ""turnover_pct"": 10.0, ""why_not_chosen_ko"": ""cash baseline was compared against the trim+hedge action""}, {""available"": true, ""cvar_delta_after_cost"": 0.0, ""estimated_cost_bps"": 0.0, ""mdd_delta_after_cost"": 0.0, ""name"": ""hold"", ""stress_delta_after_cost"": 0.0, ""turnover_pct"": 0.0, ""why_not_chosen_ko"": ""does not reduce the active scenario vulnerability""}]}",4,0.0014496,0.00941731,0.00042919,25.0,0.00025,ASSUMED_LIQUID_UNIVERSE,Y,Y,Y,Y,BEATS_CASH,ROBUST_IMPROVE,UNCERTAIN,Y,"{""concentration_cap_pct"": 50.0, ""max_candidate_weight_pct"": 20.0, ""max_turnover_pct"": 20.0, ""min_existing_kept_pct"": 80.0, ""profile_source"": ""system_default""}",,0.27126628,0.25518245,-0.01608383,5.9292,65.4235,65.4235,65.4235,39.439575,34.439575,39.439575,34.439575,0.0,2.5,-0.034772279998451075,-0.033322680924470785,0.0014496,-0.46919829375549826,-0.45978097948492613,0.00941731,0.4760380801513618,0.47773845675454535,0.00170038,-0.005529416996763946,-0.005100228409962264,0.00042919,1.0985434401978988,1.0182435887724766,-0.08029985,computed_from_action_before_after_weights,,10.0,95.0,5.0,PASS,,"한국 내수·신용 스트레스 취약성을 만든 005930.KS에 대해 261240.KS, 017670.KS로 원인 보유자산 일부 축소 후 헷지를 적용하면 sleeve 취약도 변화가 -0.0161입니다. 정식 추천 기준은 미달해 검토 후보입니다.",Action formal gate did not pass. Blockers: linked_formal_gate_blocked|linked_recommendation_not_formal. Linked recommendation status is evidence only: REFERENCE_ONLY.,"261240.KS + 017670.KS 조정은 한국 내수·신용 스트레스 취약성을 낮추는 검토안이며 전후 지표는 CVaR 개선, MDD 개선, stress 개선으로 확인됩니다.",취약성 0.0161 감소; CVaR 0.14%p 개선; MDD 0.94%p 개선; stress 0.04%p 개선; Sharpe 0.08 악화,FORMAL_ACTION excluded by action-level gate: linked_formal_gate_blocked|linked_recommendation_not_formal,False,False,,같은 risk sleeve에서 더 적합한 액션이 선택되어 후보 감사 목록에만 남겼습니다.,"{""005930.KS"": 39.439575, ""035420.KS"": 19.730652, ""035720.KS"": 13.263866, ""NVDA"": 27.565907}","{""005930.KS"": 34.439575, ""017670.KS"": 2.5, ""035420.KS"": 19.730652, ""035720.KS"": 13.263866, ""261240.KS"": 2.5, ""NVDA"": 27.565907}"
action_115,REVIEW_ACTION,TRIM_AND_HEDGE,,REVIEW,B,B. 조건부 처방,"핵심 취약점 보완 효과는 있으나 검증 샘플, 비용, 유동성, cash baseline 중 일부 확인이 필요합니다.",Y,LOW,100.0,0.5099561361552056,0.197824,linked_final_score,0.5099561361552056,80,B:70-89,grade_banded_final_score_v1,,1.0,growth_beta|korea_domestic_credit|korea_equity|krw_exposure|usdkrw_fx_korea|semiconductor_ai_cycle,defensive_equity|geopolitical_supply_chain|gold|inflation_energy_shock|korea_domestic_credit|korea_equity|kr_listed|recession_liquidity_stress|usdkrw_fx_korea,N,N,N,C,formal_rebalance_hedge_gate,FAIL,cash_baseline_lag|linked_formal_gate_blocked|linked_recommendation_not_formal,korea_domestic_credit,한국 내수·신용 스트레스,korea_domestic_credit,korea_domestic_financial_stress,005930.KS,005930.KS,NVDA,132030.KS|017670.KS,132030.KS,132030.KS + 017670.KS,REFERENCE_ONLY,REFERENCE_ONLY,VALIDATION_INSUFFICIENT,validation_insufficient|return_drag_reference|reference_only,"검증 이력 부족 - Add enough target stress validation history before formal promotion.; 수익률 훼손 검토 필요 - Confirm risk reduction compensates for return drag before promotion.; 참고 후보 - Use as research context, not an execution recommendation.",0,0,0,0,linked_recommendation_evidence_after_backtest,,"Action formal gate failed: cash_baseline_lag, linked_formal_gate_blocked, linked_recommendation_not_formal","{""alternatives"": [{""available"": true, ""cvar"": -0.034772279998451075, ""estimated_cost_bps"": 0.0, ""mdd"": -0.46919829375549826, ""name"": ""current"", ""stress"": -0.005529416996763946, ""turnover_pct"": 0.0, ""why_not_chosen_ko"": ""baseline portfolio""}, {""available"": true, ""cvar_delta_after_cost"": 0.00113765, ""estimated_cost_bps"": 25.0, ""mdd_delta_after_cost"": 0.00510533, ""name"": ""trim_hedge"", ""stress_delta_after_cost"": 0.00038324, ""turnover_pct"": 10.0, ""why_not_chosen_ko"": """"}, {""available"": true, ""cvar_delta_after_cost"": 0.00158823, ""estimated_cost_bps"": 25.0, ""mdd_delta_after_cost"": 0.0074225, ""name"": ""trim_cash"", ""stress_delta_after_cost"": 0.00037189, ""turnover_pct"": 10.0, ""why_not_chosen_ko"": ""cash baseline was compared against the trim+hedge action""}, {""available"": true, ""cvar_delta_after_cost"": 0.0, ""estimated_cost_bps"": 0.0, ""mdd_delta_after_cost"": 0.0, ""name"": ""hold"", ""stress_delta_after_cost"": 0.0, ""turnover_pct"": 0.0, ""why_not_chosen_ko"": ""does not reduce the active scenario vulnerability""}]}",4,0.00113765,0.00510533,0.00038324,25.0,0.00025,ASSUMED_LIQUID_UNIVERSE,Y,Y,Y,Y,LAGS_CASH,ROBUST_IMPROVE,UNCERTAIN,Y,"{""concentration_cap_pct"": 50.0, ""max_candidate_weight_pct"": 20.0, ""max_turnover_pct"": 20.0, ""min_existing_kept_pct"": 80.0, ""profile_source"": ""system_default""}",,0.27126628,0.25604575,-0.01522053,5.6109,65.4235,65.4235,65.4235,39.439575,34.439575,39.439575,34.439575,0.0,2.5,-0.034772279998451075,-0.033634629756837925,0.00113765,-0.46919829375549826,-0.46409296181599635,0.00510533,0.4760380801513618,0.47238391305483274,-0.00365417,-0.005529416996763946,-0.005146179217555346,0.00038324,1.0985434401978988,1.0110223787742612,-0.08752106,computed_from_action_before_after_weights,,10.0,95.0,5.0,PASS,,"한국 내수·신용 스트레스 취약성을 만든 005930.KS에 대해 132030.KS, 017670.KS로 원인 보유자산 일부 축소 후 헷지를 적용하면 sleeve 취약도 변화가 -0.0152입니다. 정식 추천 기준은 미달해 검토 후보입니다.",Action formal gate did not pass. Blockers: cash_baseline_lag|linked_formal_gate_blocked|linked_recommendation_not_formal. Linked recommendation status is evidence only: REFERENCE_ONLY.,"132030.KS + 017670.KS 조정은 한국 내수·신용 스트레스 취약성을 낮추는 검토안이며 전후 지표는 CVaR 개선, MDD 개선, stress 개선으로 확인됩니다.",취약성 0.0152 감소; CVaR 0.11%p 개선; MDD 0.51%p 개선; stress 0.04%p 개선; Sharpe 0.09 악화,FORMAL_ACTION excluded by action-level gate: cash_baseline_lag|linked_formal_gate_blocked|linked_recommendation_not_formal,False,False,,같은 risk sleeve에서 더 적합한 액션이 선택되어 후보 감사 목록에만 남겼습니다.,"{""005930.KS"": 39.439575, ""035420.KS"": 19.730652, ""035720.KS"": 13.263866, ""NVDA"": 27.565907}","{""005930.KS"": 34.439575, ""017670.KS"": 2.5, ""035420.KS"": 19.730652, ""035720.KS"": 13.263866, ""132030.KS"": 2.5, ""NVDA"": 27.565907}"
action_097,REVIEW_ACTION,TRIM_AND_HEDGE,,REVIEW,C,C. 검토 후보,방향성은 맞지만 공식 처방이라 부르기에는 근거 또는 제약 검증이 부족합니다.,Y,LOW,100.0,0.7061631970598096,0.405187,linked_final_score,0.7061631970598096,63,C:50-69,grade_banded_final_score_v1,0.7997568480172582,1.0,growth_beta|korea_domestic_credit|korea_equity|krw_exposure|usdkrw_fx_korea|semiconductor_ai_cycle,korea_domestic_credit|krw_weakness|usd_hedge|usdkrw_fx_korea,N,N,N,C,formal_rebalance_hedge_gate,FAIL,linked_formal_gate_blocked|linked_recommendation_not_formal,korea_domestic_credit,한국 내수·신용 스트레스,korea_domestic_credit,korea_domestic_financial_stress,005930.KS,005930.KS,NVDA,261240.KS,261240.KS,261240.KS,REFERENCE_ONLY,REFERENCE_ONLY,VALIDATION_THIN,validation_thin|bootstrap_not_robust|cash_bootstrap_not_robust|return_drag_reference|reference_only,"검증 표본 부족 - Keep review-only until the stress sample is thick enough.; 부트스트랩 신뢰도 부족 - Increase sample coverage or downgrade fragile candidates.; 현금 기준 부트스트랩 부족 - Add stronger cash-baseline evidence before formal use.; 수익률 훼손 검토 필요 - Confirm risk reduction compensates for return drag before promotion.; 참고 후보 - Use as research context, not an execution recommendation.",1,0,0,0,linked_recommendation_evidence_after_backtest,,"Action formal gate failed: linked_formal_gate_blocked, linked_recommendation_not_formal","{""alternatives"": [{""available"": true, ""cvar"": -0.034772279998451075, ""estimated_cost_bps"": 0.0, ""mdd"": -0.46919829375549826, ""name"": ""current"", ""stress"": -0.005529416996763946, ""turnover_pct"": 0.0, ""why_not_chosen_ko"": ""baseline portfolio""}, {""available"": true, ""cvar_delta_after_cost"": 0.00172594, ""estimated_cost_bps"": 25.0, ""mdd_delta_after_cost"": 0.01528933, ""name"": ""trim_hedge"", ""stress_delta_after_cost"": 0.00049673, ""turnover_pct"": 10.0, ""why_not_chosen_ko"": """"}, {""available"": true, ""cvar_delta_after_cost"": 0.00158823, ""estimated_cost_bps"": 25.0, ""mdd_delta_after_cost"": 0.0074225, ""name"": ""trim_cash"", ""stress_delta_after_cost"": 0.00037189, ""turnover_pct"": 10.0, ""why_not_chosen_ko"": ""cash baseline was compared against the trim+hedge action""}, {""available"": true, ""cvar_delta_after_cost"": 0.0, ""estimated_cost_bps"": 0.0, ""mdd_delta_after_cost"": 0.0, ""name"": ""hold"", ""stress_delta_after_cost"": 0.0, ""turnover_pct"": 0.0, ""why_not_chosen_ko"": ""does not reduce the active scenario vulnerability""}]}",4,0.00172594,0.01528933,0.00049673,25.0,0.00025,ASSUMED_LIQUID_UNIVERSE,Y,Y,Y,Y,BEATS_CASH,ROBUST_IMPROVE,ACTION_BOOTSTRAP_PASS,Y,"{""concentration_cap_pct"": 50.0, ""max_candidate_weight_pct"": 20.0, ""max_turnover_pct"": 20.0, ""min_existing_kept_pct"": 80.0, ""profile_source"": ""system_default""}",,0.27126628,0.25646283,-0.01480345,5.4572,65.4235,65.4235,65.4235,39.439575,34.439575,39.439575,34.439575,0.0,5.0,-0.034772279998451075,-0.03304634102755483,0.00172594,-0.46919829375549826,-0.45390895973196865,0.01528933,0.4760380801513618,0.4828766619615172,0.00683858,-0.005529416996763946,-0.005032691374769774,0.00049673,1.0985434401978988,1.0229800584380395,-0.07556338,computed_from_action_before_after_weights,,10.0,95.0,5.0,PASS,,한국 내수·신용 스트레스 취약성을 만든 005930.KS에 대해 261240.KS로 원인 보유자산 일부 축소 후 헷지를 적용하면 sleeve 취약도 변화가 -0.0148입니다. 정식 추천 기준은 미달해 검토 후보입니다.,Action formal gate did not pass. Blockers: linked_formal_gate_blocked|linked_recommendation_not_formal. Linked recommendation status is evidence only: REFERENCE_ONLY.,"261240.KS 조정은 한국 내수·신용 스트레스 취약성을 낮추는 검토안이며 전후 지표는 CVaR 개선, MDD 개선, stress 개선으로 확인됩니다.",취약성 0.0148 감소; CVaR 0.17%p 개선; MDD 1.53%p 개선; stress 0.05%p 개선; Sharpe 0.08 악화,FORMAL_ACTION excluded by action-level gate: linked_formal_gate_blocked|linked_recommendation_not_formal,False,False,,같은 risk sleeve에서 더 적합한 액션이 선택되어 후보 감사 목록에만 남겼습니다.,"{""005930.KS"": 39.439575, ""035420.KS"": 19.730652, ""035720.KS"": 13.263866, ""NVDA"": 27.565907}","{""005930.KS"": 34.439575, ""035420.KS"": 19.730652, ""035720.KS"": 13.263866, ""261240.KS"": 5.0, ""NVDA"": 27.565907}"
action_103,REVIEW_ACTION,TRIM_AND_HEDGE,,REVIEW,B,B. 조건부 처방,"핵심 취약점 보완 효과는 있으나 검증 샘플, 비용, 유동성, cash baseline 중 일부 확인이 필요합니다.",Y,LOW,100.0,0.6078434397931557,0.228741,linked_final_score,0.6078434397931557,82,B:70-89,grade_banded_final_score_v1,0.7359173651478241,1.0,growth_beta|korea_domestic_credit|korea_equity|krw_exposure|usdkrw_fx_korea|semiconductor_ai_cycle,geopolitical_supply_chain|gold|inflation_energy_shock|korea_domestic_credit|kr_listed|usdkrw_fx_korea,Y,N,Y,D,formal_rebalance_hedge_gate,FAIL,cash_baseline_lag|linked_formal_gate_blocked|linked_recommendation_not_formal,korea_domestic_credit,한국 내수·신용 스트레스,korea_domestic_credit,korea_domestic_financial_stress,005930.KS,005930.KS,NVDA,132030.KS,132030.KS,132030.KS,REFERENCE_ONLY,REFERENCE_ONLY,VALIDATION_INSUFFICIENT,validation_insufficient|return_drag_reference|reference_only,"검증 이력 부족 - Add enough target stress validation history before formal promotion.; 수익률 훼손 검토 필요 - Confirm risk reduction compensates for return drag before promotion.; 참고 후보 - Use as research context, not an execution recommendation.",0,0,0,0,linked_recommendation_evidence_after_backtest,,"Action formal gate failed: cash_baseline_lag, linked_formal_gate_blocked, linked_recommendation_not_formal","{""alternatives"": [{""available"": true, ""cvar"": -0.034772279998451075, ""estimated_cost_bps"": 0.0, ""mdd"": -0.46919829375549826, ""name"": ""current"", ""stress"": -0.005529416996763946, ""turnover_pct"": 0.0, ""why_not_chosen_ko"": ""baseline portfolio""}, {""available"": true, ""cvar_delta_after_cost"": 0.00109865, ""estimated_cost_bps"": 25.0, ""mdd_delta_after_cost"": 0.00660577, ""name"": ""trim_hedge"", ""stress_delta_after_cost"": 0.00040482, ""turnover_pct"": 10.0, ""why_not_chosen_ko"": """"}, {""available"": true, ""cvar_delta_after_cost"": 0.00158823, ""estimated_cost_bps"": 25.0, ""mdd_delta_after_cost"": 0.0074225, ""name"": ""trim_cash"", ""stress_delta_after_cost"": 0.00037189, ""turnover_pct"": 10.0, ""why_not_chosen_ko"": ""cash baseline was compared against the trim+hedge action""}, {""available"": true, ""cvar_delta_after_cost"": 0.0, ""estimated_cost_bps"": 0.0, ""mdd_delta_after_cost"": 0.0, ""name"": ""hold"", ""stress_delta_after_cost"": 0.0, ""turnover_pct"": 0.0, ""why_not_chosen_ko"": ""does not reduce the active scenario vulnerability""}]}",4,0.00109865,0.00660577,0.00040482,25.0,0.00025,ASSUMED_LIQUID_UNIVERSE,Y,Y,Y,Y,LAGS_CASH,ROBUST_IMPROVE,UNCERTAIN,Y,"{""concentration_cap_pct"": 50.0, ""max_candidate_weight_pct"": 20.0, ""max_turnover_pct"": 20.0, ""min_existing_kept_pct"": 80.0, ""profile_source"": ""system_default""}",,0.27126628,0.25818944,-0.01307684,4.8207,65.4235,65.4235,65.4235,39.439575,34.439575,39.439575,34.439575,0.0,5.0,-0.034772279998451075,-0.033673628634909046,0.00109865,-0.46919829375549826,-0.46259252129633543,0.00660577,0.4760380801513618,0.4721675745620921,-0.00387051,-0.005529416996763946,-0.005124592989955938,0.00040482,1.0985434401978988,1.0083476866248304,-0.09019575,computed_from_action_before_after_weights,,10.0,95.0,5.0,PASS,,한국 내수·신용 스트레스 취약성을 만든 005930.KS에 대해 132030.KS로 원인 보유자산 일부 축소 후 헷지를 적용하면 sleeve 취약도 변화가 -0.0131입니다. 정식 추천 기준은 미달해 검토 후보입니다.,Action formal gate did not pass. Blockers: cash_baseline_lag|linked_formal_gate_blocked|linked_recommendation_not_formal. Linked recommendation status is evidence only: REFERENCE_ONLY.,"132030.KS 조정은 한국 내수·신용 스트레스 취약성을 낮추는 검토안이며 전후 지표는 CVaR 개선, MDD 개선, stress 개선으로 확인됩니다.",취약성 0.0131 감소; CVaR 0.11%p 개선; MDD 0.66%p 개선; stress 0.04%p 개선; Sharpe 0.09 악화,FORMAL_ACTION excluded by action-level gate: cash_baseline_lag|linked_formal_gate_blocked|linked_recommendation_not_formal,False,False,,같은 risk sleeve에서 더 적합한 액션이 선택되어 후보 감사 목록에만 남겼습니다.,"{""005930.KS"": 39.439575, ""035420.KS"": 19.730652, ""035720.KS"": 13.263866, ""NVDA"": 27.565907}","{""005930.KS"": 34.439575, ""035420.KS"": 19.730652, ""035720.KS"": 13.263866, ""132030.KS"": 5.0, ""NVDA"": 27.565907}"
action_111,REVIEW_ACTION,TRIM_AND_HEDGE,REVIEW_REQUIRED,REVIEW,B,B. 조건부 처방,"핵심 취약점 보완 효과는 있으나 검증 샘플, 비용, 유동성, cash baseline 중 일부 확인이 필요합니다.",Y,LOW,100.0,0.5584665370806491,0.133423,linked_final_score,0.5584665370806491,81,B:70-89,grade_banded_final_score_v1,0.6929693742000844,1.0,growth_beta|korea_domestic_credit|korea_equity|krw_exposure|usdkrw_fx_korea|semiconductor_ai_cycle,credit_cycle|korea_domestic_credit|korea_financial|rate_shock_growth_duration|usdkrw_fx_korea,N,N,N,C,formal_rebalance_hedge_gate,FAIL,cash_baseline_lag|cash_bootstrap_not_robust|linked_formal_gate_blocked|linked_recommendation_not_formal,korea_domestic_credit,한국 내수·신용 스트레스,korea_domestic_credit,korea_domestic_financial_stress,005930.KS,005930.KS,NVDA,055550.KS,055550.KS,055550.KS,REFERENCE_ONLY,REFERENCE_ONLY,VALIDATION_INSUFFICIENT,validation_insufficient|reference_only,"검증 이력 부족 - Add enough target stress validation history before formal promotion.; 참고 후보 - Use as research context, not an execution recommendation.",0,0,0,0,linked_recommendation_evidence_after_backtest,,"Action formal gate failed: cash_baseline_lag, cash_bootstrap_not_robust, linked_formal_gate_blocked, linked_recommendation_not_formal","{""alternatives"": [{""available"": true, ""cvar"": -0.034772279998451075, ""estimated_cost_bps"": 0.0, ""mdd"": -0.46919829375549826, ""name"": ""current"", ""stress"": -0.005529416996763946, ""turnover_pct"": 0.0, ""why_not_chosen_ko"": ""baseline portfolio""}, {""available"": true, ""cvar_delta_after_cost"": 0.00115754, ""estimated_cost_bps"": 25.0, ""mdd_delta_after_cost"": 0.00892886, ""name"": ""trim_hedge"", ""stress_delta_after_cost"": 0.00012932, ""turnover_pct"": 10.0, ""why_not_chosen_ko"": """"}, {""available"": true, ""cvar_delta_after_cost"": 0.00158823, ""estimated_cost_bps"": 25.0, ""mdd_delta_after_cost"": 0.0074225, ""name"": ""trim_cash"", ""stress_delta_after_cost"": 0.00037189, ""turnover_pct"": 10.0, ""why_not_chosen_ko"": ""cash baseline was compared against the trim+hedge action""}, {""available"": true, ""cvar_delta_after_cost"": 0.0, ""estimated_cost_bps"": 0.0, ""mdd_delta_after_cost"": 0.0, ""name"": ""hold"", ""stress_delta_after_cost"": 0.0, ""turnover_pct"": 0.0, ""why_not_chosen_ko"": ""does not reduce the active scenario vulnerability""}]}",4,0.00115754,0.00892886,0.00012932,25.0,0.00025,ASSUMED_LIQUID_UNIVERSE,Y,Y,Y,Y,LAGS_CASH,ACTION_BOOTSTRAP_PASS,ROBUST_WORSE,Y,"{""concentration_cap_pct"": 50.0, ""max_candidate_weight_pct"": 20.0, ""max_turnover_pct"": 20.0, ""min_existing_kept_pct"": 80.0, ""profile_source"": ""system_default""}",,0.27126628,0.26414346,-0.00712282,2.6258,65.4235,65.4235,65.4235,39.439575,34.439575,39.439575,34.439575,0.0,5.0,-0.034772279998451075,-0.03361474492451418,0.00115754,-0.46919829375549826,-0.46026943588262503,0.00892886,0.4760380801513618,0.47413136044362947,-0.00190672,-0.005529416996763946,-0.005400095897693155,0.00012932,1.0985434401978988,1.1261630292207927,0.02761959,computed_from_action_before_after_weights,,10.0,95.0,5.0,PASS,,한국 내수·신용 스트레스 취약성을 만든 005930.KS에 대해 055550.KS로 원인 보유자산 일부 축소 후 헷지를 적용하면 sleeve 취약도 변화가 -0.0071입니다. 정식 추천 기준은 미달해 검토 후보입니다.,Action formal gate did not pass. Blockers: cash_baseline_lag|cash_bootstrap_not_robust|linked_formal_gate_blocked|linked_recommendation_not_formal. Linked recommendation status is evidence only: REFERENCE_ONLY.,"055550.KS 조정은 한국 내수·신용 스트레스 취약성을 낮추는 검토안이며 전후 지표는 CVaR 개선, MDD 개선, stress 개선으로 확인됩니다.",취약성 0.0071 감소; CVaR 0.12%p 개선; MDD 0.89%p 개선; stress 0.01%p 개선; Sharpe 0.03 개선,FORMAL_ACTION excluded by action-level gate: cash_baseline_lag|cash_bootstrap_not_robust|linked_formal_gate_blocked|linked_recommendation_not_formal,False,False,,같은 risk sleeve에서 더 적합한 액션이 선택되어 후보 감사 목록에만 남겼습니다.,"{""005930.KS"": 39.439575, ""035420.KS"": 19.730652, ""035720.KS"": 13.263866, ""NVDA"": 27.565907}","{""005930.KS"": 34.439575, ""035420.KS"": 19.730652, ""035720.KS"": 13.263866, ""055550.KS"": 5.0, ""NVDA"": 27.565907}"
action_105,REVIEW_ACTION,TRIM_AND_HEDGE,,REVIEW,B,B. 조건부 처방,"핵심 취약점 보완 효과는 있으나 검증 샘플, 비용, 유동성, cash baseline 중 일부 확인이 필요합니다.",Y,LOW,100.0,0.5959340266786852,0.127382,linked_final_score,0.5959340266786852,81,B:70-89,grade_banded_final_score_v1,0.6940400201271352,1.0,growth_beta|korea_domestic_credit|korea_equity|krw_exposure|usdkrw_fx_korea|semiconductor_ai_cycle,credit_cycle|korea_domestic_credit|korea_financial|rate_shock_growth_duration|usdkrw_fx_korea,N,N,N,C,formal_rebalance_hedge_gate,FAIL,cash_baseline_lag|linked_formal_gate_blocked|linked_recommendation_not_formal,korea_domestic_credit,한국 내수·신용 스트레스,korea_domestic_credit,korea_domestic_financial_stress,005930.KS,005930.KS,NVDA,105560.KS,105560.KS,105560.KS,REFERENCE_ONLY,REFERENCE_ONLY,VALIDATION_INSUFFICIENT,validation_insufficient|reference_only,"검증 이력 부족 - Add enough target stress validation history before formal promotion.; 참고 후보 - Use as research context, not an execution recommendation.",0,0,0,0,linked_recommendation_evidence_after_backtest,,"Action formal gate failed: cash_baseline_lag, linked_formal_gate_blocked, linked_recommendation_not_formal","{""alternatives"": [{""available"": true, ""cvar"": -0.034772279998451075, ""estimated_cost_bps"": 0.0, ""mdd"": -0.46919829375549826, ""name"": ""current"", ""stress"": -0.005529416996763946, ""turnover_pct"": 0.0, ""why_not_chosen_ko"": ""baseline portfolio""}, {""available"": true, ""cvar_delta_after_cost"": 0.00101583, ""estimated_cost_bps"": 25.0, ""mdd_delta_after_cost"": 0.0048414, ""name"": ""trim_hedge"", ""stress_delta_after_cost"": 0.00017644, ""turnover_pct"": 10.0, ""why_not_chosen_ko"": """"}, {""available"": true, ""cvar_delta_after_cost"": 0.00158823, ""estimated_cost_bps"": 25.0, ""mdd_delta_after_cost"": 0.0074225, ""name"": ""trim_cash"", ""stress_delta_after_cost"": 0.00037189, ""turnover_pct"": 10.0, ""why_not_chosen_ko"": ""cash baseline was compared against the trim+hedge action""}, {""available"": true, ""cvar_delta_after_cost"": 0.0, ""estimated_cost_bps"": 0.0, ""mdd_delta_after_cost"": 0.0, ""name"": ""hold"", ""stress_delta_after_cost"": 0.0, ""turnover_pct"": 0.0, ""why_not_chosen_ko"": ""does not reduce the active scenario vulnerability""}]}",4,0.00101583,0.0048414,0.00017644,25.0,0.00025,ASSUMED_LIQUID_UNIVERSE,Y,Y,Y,Y,LAGS_CASH,ROBUST_IMPROVE,UNCERTAIN,Y,"{""concentration_cap_pct"": 50.0, ""max_candidate_weight_pct"": 20.0, ""max_turnover_pct"": 20.0, ""min_existing_kept_pct"": 80.0, ""profile_source"": ""system_default""}",,0.27126628,0.264868,-0.00639828,2.3587,65.4235,65.4235,65.4235,39.439575,34.439575,39.439575,34.439575,0.0,5.0,-0.034772279998451075,-0.03375644840854035,0.00101583,-0.46919829375549826,-0.46435688944139053,0.0048414,0.4760380801513618,0.4749946152366948,-0.00104346,-0.005529416996763946,-0.005352979852618813,0.00017644,1.0985434401978988,1.1298864837700673,0.03134304,computed_from_action_before_after_weights,,10.0,95.0,5.0,PASS,,한국 내수·신용 스트레스 취약성을 만든 005930.KS에 대해 105560.KS로 원인 보유자산 일부 축소 후 헷지를 적용하면 sleeve 취약도 변화가 -0.0064입니다. 정식 추천 기준은 미달해 검토 후보입니다.,Action formal gate did not pass. Blockers: cash_baseline_lag|linked_formal_gate_blocked|linked_recommendation_not_formal. Linked recommendation status is evidence only: REFERENCE_ONLY.,"105560.KS 조정은 한국 내수·신용 스트레스 취약성을 낮추는 검토안이며 전후 지표는 CVaR 개선, MDD 개선, stress 개선으로 확인됩니다.",취약성 0.0064 감소; CVaR 0.10%p 개선; MDD 0.48%p 개선; stress 0.02%p 개선; Sharpe 0.03 개선,FORMAL_ACTION excluded by action-level gate: cash_baseline_lag|linked_formal_gate_blocked|linked_recommendation_not_formal,False,False,,같은 risk sleeve에서 더 적합한 액션이 선택되어 후보 감사 목록에만 남겼습니다.,"{""005930.KS"": 39.439575, ""035420.KS"": 19.730652, ""035720.KS"": 13.263866, ""NVDA"": 27.565907}","{""005930.KS"": 34.439575, ""035420.KS"": 19.730652, ""035720.KS"": 13.263866, ""105560.KS"": 5.0, ""NVDA"": 27.565907}"
action_107,REVIEW_ACTION,TRIM_AND_HEDGE,,REVIEW,B,B. 조건부 처방,"핵심 취약점 보완 효과는 있으나 검증 샘플, 비용, 유동성, cash baseline 중 일부 확인이 필요합니다.",Y,LOW,100.0,0.5748696711189153,0.061449,linked_final_score,0.5748696711189153,81,B:70-89,grade_banded_final_score_v1,0.6972754059325901,1.0,growth_beta|korea_domestic_credit|korea_equity|krw_exposure|usdkrw_fx_korea|semiconductor_ai_cycle,export_cycle|geopolitical_supply_chain|korea_domestic_credit|korea_equity|krw_exposure|usdkrw_fx_korea,N,N,N,C,formal_rebalance_hedge_gate,FAIL,cash_baseline_lag|linked_formal_gate_blocked|linked_recommendation_not_formal,korea_domestic_credit,한국 내수·신용 스트레스,korea_domestic_credit,korea_domestic_financial_stress,005930.KS,005930.KS,NVDA,000270.KS,000270.KS,000270.KS,REFERENCE_ONLY,REFERENCE_ONLY,VALIDATION_INSUFFICIENT,validation_insufficient|reference_only,"검증 이력 부족 - Add enough target stress validation history before formal promotion.; 참고 후보 - Use as research context, not an execution recommendation.",0,0,0,0,linked_recommendation_evidence_after_backtest,,"Action formal gate failed: cash_baseline_lag, linked_formal_gate_blocked, linked_recommendation_not_formal","{""alternatives"": [{""available"": true, ""cvar"": -0.034772279998451075, ""estimated_cost_bps"": 0.0, ""mdd"": -0.46919829375549826, ""name"": ""current"", ""stress"": -0.005529416996763946, ""turnover_pct"": 0.0, ""why_not_chosen_ko"": ""baseline portfolio""}, {""available"": true, ""cvar_delta_after_cost"": 0.00071437, ""estimated_cost_bps"": 25.0, ""mdd_delta_after_cost"": 0.00265157, ""name"": ""trim_hedge"", ""stress_delta_after_cost"": 0.00019399, ""turnover_pct"": 10.0, ""why_not_chosen_ko"": """"}, {""available"": true, ""cvar_delta_after_cost"": 0.00158823, ""estimated_cost_bps"": 25.0, ""mdd_delta_after_cost"": 0.0074225, ""name"": ""trim_cash"", ""stress_delta_after_cost"": 0.00037189, ""turnover_pct"": 10.0, ""why_not_chosen_ko"": ""cash baseline was compared against the trim+hedge action""}, {""available"": true, ""cvar_delta_after_cost"": 0.0, ""estimated_cost_bps"": 0.0, ""mdd_delta_after_cost"": 0.0, ""name"": ""hold"", ""stress_delta_after_cost"": 0.0, ""turnover_pct"": 0.0, ""why_not_chosen_ko"": ""does not reduce the active scenario vulnerability""}]}",4,0.00071437,0.00265157,0.00019399,25.0,0.00025,ASSUMED_LIQUID_UNIVERSE,Y,Y,Y,Y,LAGS_CASH,ACTION_BOOTSTRAP_PASS,UNCERTAIN,Y,"{""concentration_cap_pct"": 50.0, ""max_candidate_weight_pct"": 20.0, ""max_turnover_pct"": 20.0, ""min_existing_kept_pct"": 80.0, ""profile_source"": ""system_default""}",,0.27126628,0.26650582,-0.00476046,1.7549,65.4235,65.4235,65.4235,39.439575,34.439575,39.439575,34.439575,0.0,5.0,-0.034772279998451075,-0.0340579148801906,0.00071437,-0.46919829375549826,-0.4665467208916262,0.00265157,0.4760380801513618,0.47616914378081465,0.00013106,-0.005529416996763946,-0.005335422225610849,0.00019399,1.0985434401978988,1.0913790128103378,-0.00716443,computed_from_action_before_after_weights,,10.0,95.0,5.0,PASS,,한국 내수·신용 스트레스 취약성을 만든 005930.KS에 대해 000270.KS로 원인 보유자산 일부 축소 후 헷지를 적용하면 sleeve 취약도 변화가 -0.0048입니다. 정식 추천 기준은 미달해 검토 후보입니다.,Action formal gate did not pass. Blockers: cash_baseline_lag|linked_formal_gate_blocked|linked_recommendation_not_formal. Linked recommendation status is evidence only: REFERENCE_ONLY.,"000270.KS 조정은 한국 내수·신용 스트레스 취약성을 낮추는 검토안이며 전후 지표는 CVaR 개선, MDD 개선, stress 개선으로 확인됩니다.",취약성 0.0048 감소; CVaR 0.07%p 개선; MDD 0.27%p 개선; stress 0.02%p 개선; Sharpe 0.01 악화,FORMAL_ACTION excluded by action-level gate: cash_baseline_lag|linked_formal_gate_blocked|linked_recommendation_not_formal,False,False,,같은 risk sleeve에서 더 적합한 액션이 선택되어 후보 감사 목록에만 남겼습니다.,"{""005930.KS"": 39.439575, ""035420.KS"": 19.730652, ""035720.KS"": 13.263866, ""NVDA"": 27.565907}","{""000270.KS"": 5.0, ""005930.KS"": 34.439575, ""035420.KS"": 19.730652, ""035720.KS"": 13.263866, ""NVDA"": 27.565907}"
action_121,REVIEW_ACTION,DE_RISK_CASH,REVIEW_REQUIRED,DE_RISK_CASH,D,D. 참고 benchmark,방어 성격은 있으나 핵심 취약점 직접 처방으로 보기는 약해 비교 기준으로만 둡니다.,N,BENCHMARK,29.7983,0.0,0.315702,action_quality_score,0.315702,15,D:0-49,grade_banded_final_score_v1,,,,,,,,,formal_de_risk_cash_gate,PASS,,korea_domestic_credit,한국 내수·신용 스트레스,korea_domestic_credit,korea_domestic_financial_stress,005930.KS,005930.KS,NVDA,__CASH__,__CASH__,__CASH__,REFERENCE_ONLY,,,,,,,,,,,"Cash de-risk is a review benchmark, not a formal hedge prescription.","{""alternatives"": [{""available"": true, ""cvar"": -0.034772279998451075, ""estimated_cost_bps"": 0.0, ""mdd"": -0.46919829375549826, ""name"": ""current"", ""stress"": -0.005529416996763946, ""turnover_pct"": 0.0, ""why_not_chosen_ko"": ""baseline portfolio""}, {""available"": true, ""cvar_delta_after_cost"": 0.00158823, ""estimated_cost_bps"": 25.0, ""mdd_delta_after_cost"": 0.0074225, ""name"": ""trim_hedge"", ""stress_delta_after_cost"": 0.00037189, ""turnover_pct"": 10.0, ""why_not_chosen_ko"": """"}, {""available"": true, ""cvar_delta_after_cost"": 0.00158823, ""estimated_cost_bps"": 25.0, ""mdd_delta_after_cost"": 0.0074225, ""name"": ""trim_cash"", ""stress_delta_after_cost"": 0.00037189, ""turnover_pct"": 10.0, ""why_not_chosen_ko"": ""cash baseline was compared against the trim+hedge action""}, {""available"": true, ""cvar_delta_after_cost"": 0.0, ""estimated_cost_bps"": 0.0, ""mdd_delta_after_cost"": 0.0, ""name"": ""hold"", ""stress_delta_after_cost"": 0.0, ""turnover_pct"": 0.0, ""why_not_chosen_ko"": ""does not reduce the active scenario vulnerability""}]}",4,0.00158823,0.0074225,0.00037189,25.0,0.00025,CASH_BUCKET,Y,Y,Y,N,CASH_BETTER,ROBUST_IMPROVE,UNCERTAIN,Y,"{""concentration_cap_pct"": 50.0, ""max_candidate_weight_pct"": 20.0, ""max_turnover_pct"": 20.0, ""min_existing_kept_pct"": 80.0, ""profile_source"": ""system_default""}",,0.27126628,0.24448065,-0.02678563,9.8743,65.4235,65.4235,65.4235,39.439575,34.439575,39.439575,34.439575,0.0,5.0,-0.034772279998451075,-0.033184046341324,0.00158823,-0.46919829375549826,-0.4617757894550243,0.0074225,0.4760380801513618,0.4781742582250269,0.00213618,-0.005529416996763946,-0.005157531004203483,0.00037189,1.0985434401978988,1.078377432756694,-0.02016601,computed_from_action_before_after_weights,,10.0,95.0,5.0,PASS,,한국 내수·신용 스트레스 취약성을 만든 005930.KS에 대해 __CASH__로 DE_RISK_CASH를 적용하면 sleeve 취약도 변화가 -0.0268입니다. 정식 추천 기준은 미달해 검토 후보입니다.,취약성 완화 효과는 있으나 linked recommendation status가 REFERENCE_ONLY라서 정식 실행 추천이 아니라 실행 전 검토 후보로 유지합니다.,"__CASH__ 조정은 한국 내수·신용 스트레스 취약성을 낮추는 검토안이며 전후 지표는 CVaR 개선, MDD 개선, stress 개선으로 확인됩니다.",취약성 0.0268 감소; CVaR 0.16%p 개선; MDD 0.74%p 개선; stress 0.04%p 개선; Sharpe 0.02 악화,"FORMAL_ACTION 제외 사유: 기존 추천 gate 상태가 REFERENCE_ONLY입니다. stress/backtest, CVaR·MDD 안정성, 거래 제약 검증이 추가로 충족되어야 정식 추천으로 올릴 수 있습니다.",False,False,,같은 risk sleeve에서 더 적합한 액션이 선택되어 후보 감사 목록에만 남겼습니다.,"{""005930.KS"": 39.439575, ""035420.KS"": 19.730652, ""035720.KS"": 13.263866, ""NVDA"": 27.565907}","{""005930.KS"": 34.439575, ""035420.KS"": 19.730652, ""035720.KS"": 13.263866, ""NVDA"": 27.565907, ""__CASH__"": 5.0}"
