action_id,action_status,action_type,formal_action_type,action_family,recommendation_grade,recommendation_grade_label_ko,recommendation_grade_reason_ko,direct_vulnerability_prescription,basis_risk_level,prescription_score,raw_linked_final_score,action_quality_score,score_driver_source,linked_final_score,user_display_score,score_band,score_method_version,input_aware_score,direct_vulnerability_match_score,portfolio_vulnerability_tags,candidate_vulnerability_tags,generic_safe_asset_flag,cash_like_flag,benchmark_role_default,max_grade_without_direct_match,formal_gate_name,formal_gate_status,formal_gate_blockers,risk_sleeve,risk_sleeve_label_ko,scenario,risk_scenario_codes,source_tickers,source_asset,offset_tickers,candidate_tickers,hedge_asset,candidate_label,linked_recommendation_status,pre_backtest_linked_recommendation_status,linked_backtest_gate_status,linked_formal_gate_blockers,linked_formal_gate_blocker_summary,linked_target_evaluated_count,linked_target_lags_cash_count,linked_target_bootstrap_robust_count,linked_target_cash_bootstrap_robust_count,formal_gate_source,why_formal_ko,why_review_only_ko,alternatives_compared_json,alternatives_compared_count,expected_cvar_delta_after_cost,expected_mdd_delta_after_cost,expected_stress_delta_after_cost,estimated_cost_bps,implementation_cost_estimate,liquidity_status,liquidity_pass,concentration_pass,source_trim_pass,risk_sleeve_offset_pass,cash_baseline_verdict,bootstrap_verdict,cash_bootstrap_verdict,tax_unknown_warning,profile_constraint_snapshot,scenario_weight,before_sleeve_vulnerability,after_sleeve_vulnerability,vulnerability_delta,vulnerability_improve_pct,source_contribution_pct,contribution_pct,contribution_pct_of_sleeve,current_weight,proposed_weight,source_current_weight_pct,source_proposed_weight_pct,hedge_current_weight_pct,hedge_proposed_weight_pct,base_cvar_95,proposed_cvar_95,cvar_delta,base_mdd,proposed_mdd,mdd_delta,base_beta_sp500_krw,proposed_beta_sp500_krw,beta_delta,base_stress_avg_ret_krw,proposed_stress_avg_ret_krw,stress_delta,base_sharpe_krw_proxy,proposed_sharpe_krw_proxy,sharpe_delta,metric_source,metric_coverage_reason,turnover_pct,existing_portfolio_kept_pct,max_single_trim_pct,constraint_status,constraint_reasons,action_reason_ko,status_reason_ko,plain_korean_reason,expected_effect,rejected_reason_ko,can_execute_action,selected_in_action_plan,selection_reason_ko,not_selected_reason_ko,before_weights_json,after_weights_json
action_004,FAIL_ACTION,TRIM_AND_HEDGE,REVIEW_REQUIRED,REVIEW,,,,Y,LOW,77.0668,0.5978978959840667,0.094394,linked_final_score,0.5978978959840667,29,D:0-49,grade_banded_final_score_v1,0.7225558348860793,1.0,growth_beta|rate_shock_growth_duration|recession_liquidity_stress|usd_exposure|geopolitical_supply_chain|gold,credit_cycle|korea_domestic_credit|korea_financial|rate_shock_growth_duration|usdkrw_fx_korea,N,N,N,C,formal_rebalance_hedge_gate,FAIL,base_action_status_fail_action|bootstrap_not_robust|cash_baseline_lag|linked_formal_gate_blocked|linked_recommendation_not_formal|mdd_after_cost_not_improved|stress_after_cost_not_improved,rate_shock_growth_duration,장기금리·성장주 듀레이션,rate_shock_growth_duration,higher_for_longer_long_rate_shock,AAPL,AAPL,,105560.KS,105560.KS,105560.KS,FAIL_GATE,FAIL_GATE,VALIDATION_NOT_ELIGIBLE,fail_gate|validation_not_eligible|return_drag_reference,하드 게이트 실패 - Do not promote until the failing gate is resolved.; validation not eligible - Keep blocked or rebuild the candidate with valid backtest inputs.; 수익률 훼손 검토 필요 - Confirm risk reduction compensates for return drag before promotion.,0,0,0,0,linked_recommendation_evidence_after_backtest,,"Action formal gate failed: base_action_status_fail_action, bootstrap_not_robust, cash_baseline_lag, linked_formal_gate_blocked, linked_recommendation_not_formal, mdd_after_cost_not_improved, stress_after_cost_not_improved","{""alternatives"": [{""available"": true, ""cvar"": -0.02483634371736864, ""estimated_cost_bps"": 0.0, ""mdd"": -0.18387294305097468, ""name"": ""current"", ""stress"": 0.0005262622892426304, ""turnover_pct"": 0.0, ""why_not_chosen_ko"": ""baseline portfolio""}, {""available"": true, ""cvar_delta_after_cost"": 0.00183572, ""estimated_cost_bps"": 25.0, ""mdd_delta_after_cost"": -0.02382024, ""name"": ""trim_hedge"", ""stress_delta_after_cost"": -0.00025876, ""turnover_pct"": 10.000001, ""why_not_chosen_ko"": """"}, {""available"": true, ""cvar_delta_after_cost"": 0.00164357, ""estimated_cost_bps"": 25.0, ""mdd_delta_after_cost"": 0.01561274, ""name"": ""trim_cash"", ""stress_delta_after_cost"": -1.695e-05, ""turnover_pct"": 10.000001, ""why_not_chosen_ko"": ""cash baseline was compared against the trim+hedge action""}, {""available"": true, ""cvar_delta_after_cost"": 0.0, ""estimated_cost_bps"": 0.0, ""mdd_delta_after_cost"": 0.0, ""name"": ""hold"", ""stress_delta_after_cost"": 0.0, ""turnover_pct"": 0.0, ""why_not_chosen_ko"": ""does not reduce the active scenario vulnerability""}]}",4,0.00183572,-0.02382024,-0.00025876,25.0,0.00025,ASSUMED_LIQUID_UNIVERSE,Y,Y,Y,Y,LAGS_CASH,UNCERTAIN,UNCERTAIN,Y,"{""concentration_cap_pct"": 50.0, ""max_candidate_weight_pct"": 20.0, ""max_turnover_pct"": 20.0, ""min_existing_kept_pct"": 80.0, ""profile_source"": ""system_default""}",,0.59880824,0.57129477,-0.02751347,4.5947,63.9662,63.9662,63.9662,38.293199,33.293199,38.293199,33.293199,0.0,5.0,-0.02483634371736864,-0.0230006279741953,0.00183572,-0.18387294305097468,-0.20769318712351414,-0.02382024,0.7825361187040929,0.7208884912163163,-0.06164763,0.0005262622892426304,0.00026750436290341967,-0.00025876,1.312400272613588,1.2690817825973744,-0.04331849,computed_from_action_before_after_weights,,10.000001,95.0,5.0,PASS,MDD worsened; stress worsened,장기금리·성장주 듀레이션 취약성을 만든 AAPL에 대해 105560.KS로 원인 보유자산 일부 축소 후 헷지를 적용하면 sleeve 취약도 변화가 -0.0275입니다. 정식 추천 기준은 미달해 검토 후보입니다.,기준 미통과: MDD worsened; stress worsened,"105560.KS 조정은 장기금리·성장주 듀레이션 취약성은 일부 낮춰도 핵심 리스크 지표가 악화되어 실행 기준 미통과입니다. (CVaR 개선, MDD 악화, stress 악화)",취약성 0.0275 감소; CVaR 0.18%p 개선; MDD 2.38%p 악화; stress 0.03%p 악화; Sharpe 0.04 악화,MDD worsened; stress worsened,False,False,,기준 미통과: MDD worsened; stress worsened,"{""AAPL"": 38.293199, ""GLD"": 40.352583, ""MSFT"": 21.354218}","{""105560.KS"": 5.0, ""AAPL"": 33.293199, ""GLD"": 40.352583, ""MSFT"": 21.354218}"
action_006,FAIL_ACTION,TRIM_AND_HEDGE,REVIEW_REQUIRED,REVIEW,,,,Y,LOW,76.9559,0.5960438851187276,0.091889,linked_final_score,0.5960438851187276,29,D:0-49,grade_banded_final_score_v1,0.7214851889590285,1.0,growth_beta|rate_shock_growth_duration|recession_liquidity_stress|usd_exposure|geopolitical_supply_chain|gold,credit_cycle|korea_domestic_credit|korea_financial|rate_shock_growth_duration|usdkrw_fx_korea,N,N,N,C,formal_rebalance_hedge_gate,FAIL,base_action_status_fail_action|bootstrap_not_robust|cash_baseline_lag|cash_bootstrap_not_robust|linked_formal_gate_blocked|linked_recommendation_not_formal|mdd_after_cost_not_improved|stress_after_cost_not_improved,rate_shock_growth_duration,장기금리·성장주 듀레이션,rate_shock_growth_duration,higher_for_longer_long_rate_shock,AAPL,AAPL,,055550.KS,055550.KS,055550.KS,FAIL_GATE,FAIL_GATE,VALIDATION_NOT_ELIGIBLE,fail_gate|validation_not_eligible|return_drag_reference,하드 게이트 실패 - Do not promote until the failing gate is resolved.; validation not eligible - Keep blocked or rebuild the candidate with valid backtest inputs.; 수익률 훼손 검토 필요 - Confirm risk reduction compensates for return drag before promotion.,0,0,0,0,linked_recommendation_evidence_after_backtest,,"Action formal gate failed: base_action_status_fail_action, bootstrap_not_robust, cash_baseline_lag, cash_bootstrap_not_robust, linked_formal_gate_blocked, linked_recommendation_not_formal, mdd_after_cost_not_improved, stress_after_cost_not_improved","{""alternatives"": [{""available"": true, ""cvar"": -0.02483634371736864, ""estimated_cost_bps"": 0.0, ""mdd"": -0.18387294305097468, ""name"": ""current"", ""stress"": 0.0005262622892426304, ""turnover_pct"": 0.0, ""why_not_chosen_ko"": ""baseline portfolio""}, {""available"": true, ""cvar_delta_after_cost"": 0.00186439, ""estimated_cost_bps"": 25.0, ""mdd_delta_after_cost"": -0.02227907, ""name"": ""trim_hedge"", ""stress_delta_after_cost"": -0.00030587, ""turnover_pct"": 10.000001, ""why_not_chosen_ko"": """"}, {""available"": true, ""cvar_delta_after_cost"": 0.00164357, ""estimated_cost_bps"": 25.0, ""mdd_delta_after_cost"": 0.01561274, ""name"": ""trim_cash"", ""stress_delta_after_cost"": -1.695e-05, ""turnover_pct"": 10.000001, ""why_not_chosen_ko"": ""cash baseline was compared against the trim+hedge action""}, {""available"": true, ""cvar_delta_after_cost"": 0.0, ""estimated_cost_bps"": 0.0, ""mdd_delta_after_cost"": 0.0, ""name"": ""hold"", ""stress_delta_after_cost"": 0.0, ""turnover_pct"": 0.0, ""why_not_chosen_ko"": ""does not reduce the active scenario vulnerability""}]}",4,0.00186439,-0.02227907,-0.00030587,25.0,0.00025,ASSUMED_LIQUID_UNIVERSE,Y,Y,Y,Y,LAGS_CASH,UNCERTAIN,ROBUST_WORSE,Y,"{""concentration_cap_pct"": 50.0, ""max_candidate_weight_pct"": 20.0, ""max_turnover_pct"": 20.0, ""min_existing_kept_pct"": 80.0, ""profile_source"": ""system_default""}",,0.59880824,0.57129477,-0.02751347,4.5947,63.9662,63.9662,63.9662,38.293199,33.293199,38.293199,33.293199,0.0,5.0,-0.02483634371736864,-0.022971951700916,0.00186439,-0.18387294305097468,-0.20615201402000316,-0.02227907,0.7825361187040929,0.7200252364232509,-0.06251088,0.0005262622892426304,0.00022038831782907747,-0.00030587,1.312400272613588,1.2579909078963367,-0.05440936,computed_from_action_before_after_weights,,10.000001,95.0,5.0,PASS,MDD worsened; stress worsened,장기금리·성장주 듀레이션 취약성을 만든 AAPL에 대해 055550.KS로 원인 보유자산 일부 축소 후 헷지를 적용하면 sleeve 취약도 변화가 -0.0275입니다. 정식 추천 기준은 미달해 검토 후보입니다.,기준 미통과: MDD worsened; stress worsened,"055550.KS 조정은 장기금리·성장주 듀레이션 취약성은 일부 낮춰도 핵심 리스크 지표가 악화되어 실행 기준 미통과입니다. (CVaR 개선, MDD 악화, stress 악화)",취약성 0.0275 감소; CVaR 0.19%p 개선; MDD 2.23%p 악화; stress 0.03%p 악화; Sharpe 0.05 악화,MDD worsened; stress worsened,False,False,,기준 미통과: MDD worsened; stress worsened,"{""AAPL"": 38.293199, ""GLD"": 40.352583, ""MSFT"": 21.354218}","{""055550.KS"": 5.0, ""AAPL"": 33.293199, ""GLD"": 40.352583, ""MSFT"": 21.354218}"
action_008,FAIL_ACTION,TRIM_AND_HEDGE,REVIEW_REQUIRED,REVIEW,,,,Y,LOW,76.593,0.5930821295388616,0.269652,linked_final_score,0.5930821295388616,29,D:0-49,grade_banded_final_score_v1,0.7789041670770432,1.0,growth_beta|rate_shock_growth_duration|recession_liquidity_stress|usd_exposure|geopolitical_supply_chain|gold,cash_like|korea_domestic_credit|kr_short_bond|rate_shock_growth_duration|usdkrw_fx_korea,Y,Y,Y,D,formal_rebalance_hedge_gate,FAIL,base_action_status_fail_action|bootstrap_not_robust|cash_baseline_lag|linked_formal_gate_blocked|linked_recommendation_not_formal|mdd_after_cost_not_improved|stress_after_cost_not_improved,rate_shock_growth_duration,장기금리·성장주 듀레이션,rate_shock_growth_duration,higher_for_longer_long_rate_shock,AAPL,AAPL,,153130.KS,153130.KS,153130.KS,FAIL_GATE,FAIL_GATE,VALIDATION_NOT_ELIGIBLE,fail_gate|validation_not_eligible|return_drag_reference,하드 게이트 실패 - Do not promote until the failing gate is resolved.; validation not eligible - Keep blocked or rebuild the candidate with valid backtest inputs.; 수익률 훼손 검토 필요 - Confirm risk reduction compensates for return drag before promotion.,0,0,0,0,linked_recommendation_evidence_after_backtest,,"Action formal gate failed: base_action_status_fail_action, bootstrap_not_robust, cash_baseline_lag, linked_formal_gate_blocked, linked_recommendation_not_formal, mdd_after_cost_not_improved, stress_after_cost_not_improved","{""alternatives"": [{""available"": true, ""cvar"": -0.02483634371736864, ""estimated_cost_bps"": 0.0, ""mdd"": -0.18387294305097468, ""name"": ""current"", ""stress"": 0.0005262622892426304, ""turnover_pct"": 0.0, ""why_not_chosen_ko"": ""baseline portfolio""}, {""available"": true, ""cvar_delta_after_cost"": 0.00159157, ""estimated_cost_bps"": 25.0, ""mdd_delta_after_cost"": -0.02377555, ""name"": ""trim_hedge"", ""stress_delta_after_cost"": -9.166e-05, ""turnover_pct"": 10.000001, ""why_not_chosen_ko"": """"}, {""available"": true, ""cvar_delta_after_cost"": 0.00164357, ""estimated_cost_bps"": 25.0, ""mdd_delta_after_cost"": 0.01561274, ""name"": ""trim_cash"", ""stress_delta_after_cost"": -1.695e-05, ""turnover_pct"": 10.000001, ""why_not_chosen_ko"": ""cash baseline was compared against the trim+hedge action""}, {""available"": true, ""cvar_delta_after_cost"": 0.0, ""estimated_cost_bps"": 0.0, ""mdd_delta_after_cost"": 0.0, ""name"": ""hold"", ""stress_delta_after_cost"": 0.0, ""turnover_pct"": 0.0, ""why_not_chosen_ko"": ""does not reduce the active scenario vulnerability""}]}",4,0.00159157,-0.02377555,-9.166e-05,25.0,0.00025,ASSUMED_LIQUID_UNIVERSE,Y,Y,Y,Y,LAGS_CASH,UNCERTAIN,ROBUST_IMPROVE,Y,"{""concentration_cap_pct"": 50.0, ""max_candidate_weight_pct"": 20.0, ""max_turnover_pct"": 20.0, ""min_existing_kept_pct"": 80.0, ""profile_source"": ""system_default""}",,0.59880824,0.57129477,-0.02751347,4.5947,63.9662,63.9662,63.9662,38.293199,33.293199,38.293199,33.293199,0.0,5.0,-0.02483634371736864,-0.023244776999846246,0.00159157,-0.18387294305097468,-0.20764848993071472,-0.02377555,0.7825361187040929,0.7234858633312726,-0.05905026,0.0005262622892426304,0.00043460386526965225,-9.166e-05,1.312400272613588,1.2216957775608122,-0.0907045,computed_from_action_before_after_weights,,10.000001,95.0,5.0,PASS,MDD worsened,장기금리·성장주 듀레이션 취약성을 만든 AAPL에 대해 153130.KS로 원인 보유자산 일부 축소 후 헷지를 적용하면 sleeve 취약도 변화가 -0.0275입니다. 정식 추천 기준은 미달해 검토 후보입니다.,기준 미통과: MDD worsened,"153130.KS 조정은 장기금리·성장주 듀레이션 취약성은 일부 낮춰도 핵심 리스크 지표가 악화되어 실행 기준 미통과입니다. (CVaR 개선, MDD 악화, stress 악화)",취약성 0.0275 감소; CVaR 0.16%p 개선; MDD 2.38%p 악화; stress 0.01%p 악화; Sharpe 0.09 악화,MDD worsened,False,False,,기준 미통과: MDD worsened,"{""AAPL"": 38.293199, ""GLD"": 40.352583, ""MSFT"": 21.354218}","{""153130.KS"": 5.0, ""AAPL"": 33.293199, ""GLD"": 40.352583, ""MSFT"": 21.354218}"
action_005,FAIL_ACTION,ADD_HEDGE,REVIEW_REQUIRED,REVIEW,,,,Y,LOW,76.1195,0.5960438851187276,0.034342,linked_final_score,0.5960438851187276,29,D:0-49,grade_banded_final_score_v1,0.7214851889590285,1.0,growth_beta|rate_shock_growth_duration|recession_liquidity_stress|usd_exposure|geopolitical_supply_chain|gold,credit_cycle|korea_domestic_credit|korea_financial|rate_shock_growth_duration|usdkrw_fx_korea,N,N,N,C,formal_rebalance_hedge_gate,FAIL,base_action_status_fail_action|bootstrap_not_robust|cash_baseline_lag|cash_bootstrap_not_robust|linked_formal_gate_blocked|linked_recommendation_not_formal|mdd_after_cost_not_improved|not_trim_and_hedge|stress_after_cost_not_improved,rate_shock_growth_duration,장기금리·성장주 듀레이션,rate_shock_growth_duration,higher_for_longer_long_rate_shock,AAPL|MSFT|GLD,AAPL,,055550.KS,055550.KS,055550.KS,FAIL_GATE,FAIL_GATE,VALIDATION_NOT_ELIGIBLE,fail_gate|validation_not_eligible|return_drag_reference,하드 게이트 실패 - Do not promote until the failing gate is resolved.; validation not eligible - Keep blocked or rebuild the candidate with valid backtest inputs.; 수익률 훼손 검토 필요 - Confirm risk reduction compensates for return drag before promotion.,0,0,0,0,linked_recommendation_evidence_after_backtest,,"Action formal gate failed: base_action_status_fail_action, bootstrap_not_robust, cash_baseline_lag, cash_bootstrap_not_robust, linked_formal_gate_blocked, linked_recommendation_not_formal, mdd_after_cost_not_improved, not_trim_and_hedge, stress_after_cost_not_improved","{""alternatives"": [{""available"": true, ""cvar"": -0.02483634371736864, ""estimated_cost_bps"": 0.0, ""mdd"": -0.18387294305097468, ""name"": ""current"", ""stress"": 0.0005262622892426304, ""turnover_pct"": 0.0, ""why_not_chosen_ko"": ""baseline portfolio""}, {""available"": true, ""cvar_delta_after_cost"": 0.0008656, ""estimated_cost_bps"": 25.0, ""mdd_delta_after_cost"": -0.03595946, ""name"": ""trim_hedge"", ""stress_delta_after_cost"": -0.00015557, ""turnover_pct"": 5.6483, ""why_not_chosen_ko"": """"}, {""available"": true, ""cvar_delta_after_cost"": 0.0007014, ""estimated_cost_bps"": 25.0, ""mdd_delta_after_cost"": 0.00499853, ""name"": ""trim_cash"", ""stress_delta_after_cost"": -1.486e-05, ""turnover_pct"": 5.6483, ""why_not_chosen_ko"": ""cash baseline was compared against the trim+hedge action""}, {""available"": true, ""cvar_delta_after_cost"": 0.0, ""estimated_cost_bps"": 0.0, ""mdd_delta_after_cost"": 0.0, ""name"": ""hold"", ""stress_delta_after_cost"": 0.0, ""turnover_pct"": 0.0, ""why_not_chosen_ko"": ""does not reduce the active scenario vulnerability""}]}",4,0.0008656,-0.03595946,-0.00015557,25.0,0.00014121,ASSUMED_LIQUID_UNIVERSE,Y,Y,Y,Y,LAGS_CASH,UNCERTAIN,ROBUST_WORSE,Y,"{""concentration_cap_pct"": 50.0, ""max_candidate_weight_pct"": 20.0, ""max_turnover_pct"": 20.0, ""min_existing_kept_pct"": 80.0, ""profile_source"": ""system_default""}",,0.59880824,0.58959399,-0.00921425,1.5388,100.0,100.0,100.0,38.293199,37.2118,38.293199,37.2118,0.0,1.7104,-0.02483634371736864,-0.023970743012308577,0.0008656,-0.18387294305097468,-0.21983240662638892,-0.03595946,0.7825361187040929,0.759389597733468,-0.02314652,0.0005262622892426304,0.00037069224937108785,-0.00015557,1.312400272613588,1.1743490583926504,-0.13805121,computed_from_action_before_after_weights,,5.6483,97.1759,5.0,PASS,MDD worsened; stress worsened,"장기금리·성장주 듀레이션 취약성을 만든 AAPL, MSFT, GLD에 대해 055550.KS로 추가 헷지를 적용하면 sleeve 취약도 변화가 -0.0092입니다. 정식 추천 기준은 미달해 검토 후보입니다.",기준 미통과: MDD worsened; stress worsened,"055550.KS 조정은 장기금리·성장주 듀레이션 취약성은 일부 낮춰도 핵심 리스크 지표가 악화되어 실행 기준 미통과입니다. (CVaR 개선, MDD 악화, stress 악화)",취약성 0.0092 감소; CVaR 0.09%p 개선; MDD 3.60%p 악화; stress 0.02%p 악화; Sharpe 0.14 악화,MDD worsened; stress worsened,False,False,,기준 미통과: MDD worsened; stress worsened,"{""AAPL"": 38.293199, ""GLD"": 40.352583, ""MSFT"": 21.354218}","{""055550.KS"": 1.7104, ""AAPL"": 37.2118, ""GLD"": 39.213, ""MSFT"": 20.7511, ""__CASH__"": 1.1138}"
action_009,REVIEW_ACTION,DE_RISK_CASH,,REVIEW,D,D. 참고 benchmark,방어 성격은 있으나 핵심 취약점 직접 처방으로 보기는 약해 비교 기준으로만 둡니다.,N,BENCHMARK,12.0,0.0,0.184917,action_quality_score,0.184917,9,D:0-49,grade_banded_final_score_v1,,,,,,,,,formal_de_risk_cash_gate,FAIL,stress_after_cost_not_improved,rate_shock_growth_duration,장기금리·성장주 듀레이션,rate_shock_growth_duration,higher_for_longer_long_rate_shock,AAPL,AAPL,,__CASH__,__CASH__,__CASH__,REFERENCE_ONLY,,,,,,,,,,,Action formal gate failed: stress_after_cost_not_improved,"{""alternatives"": [{""available"": true, ""cvar"": -0.02483634371736864, ""estimated_cost_bps"": 0.0, ""mdd"": -0.18387294305097468, ""name"": ""current"", ""stress"": 0.0005262622892426304, ""turnover_pct"": 0.0, ""why_not_chosen_ko"": ""baseline portfolio""}, {""available"": true, ""cvar_delta_after_cost"": 0.00164357, ""estimated_cost_bps"": 25.0, ""mdd_delta_after_cost"": 0.01561274, ""name"": ""trim_hedge"", ""stress_delta_after_cost"": -1.695e-05, ""turnover_pct"": 10.000001, ""why_not_chosen_ko"": """"}, {""available"": true, ""cvar_delta_after_cost"": 0.00164357, ""estimated_cost_bps"": 25.0, ""mdd_delta_after_cost"": 0.01561274, ""name"": ""trim_cash"", ""stress_delta_after_cost"": -1.695e-05, ""turnover_pct"": 10.000001, ""why_not_chosen_ko"": ""cash baseline was compared against the trim+hedge action""}, {""available"": true, ""cvar_delta_after_cost"": 0.0, ""estimated_cost_bps"": 0.0, ""mdd_delta_after_cost"": 0.0, ""name"": ""hold"", ""stress_delta_after_cost"": 0.0, ""turnover_pct"": 0.0, ""why_not_chosen_ko"": ""does not reduce the active scenario vulnerability""}]}",4,0.00164357,0.01561274,-1.695e-05,25.0,0.00025,CASH_BUCKET,Y,Y,Y,N,CASH_BETTER,ACTION_BOOTSTRAP_PASS,UNCERTAIN,Y,"{""concentration_cap_pct"": 50.0, ""max_candidate_weight_pct"": 20.0, ""max_turnover_pct"": 20.0, ""min_existing_kept_pct"": 80.0, ""profile_source"": ""system_default""}",,0.59880824,0.54879477,-0.05001347,8.3522,63.9662,63.9662,63.9662,38.293199,33.293199,38.293199,33.293199,0.0,5.0,-0.02483634371736864,-0.023192772539345305,0.00164357,-0.18387294305097468,-0.1682601984175407,0.01561274,0.7825361187040929,0.7234207132930581,-0.05911541,0.0005262622892426304,0.0005093139781905567,-1.695e-05,1.312400272613588,1.3160718356729217,0.00367156,computed_from_action_before_after_weights,,10.000001,95.0,5.0,PASS,,장기금리·성장주 듀레이션 취약성을 만든 AAPL에 대해 __CASH__로 DE_RISK_CASH를 적용하면 sleeve 취약도 변화가 -0.0500입니다. 정식 추천 기준은 미달해 검토 후보입니다.,Action formal gate did not pass. Blockers: stress_after_cost_not_improved. Linked recommendation status is evidence only: REFERENCE_ONLY.,"__CASH__ 조정은 장기금리·성장주 듀레이션 취약성을 낮추는 검토안이며 전후 지표는 CVaR 개선, MDD 개선, stress 악화으로 확인됩니다.",취약성 0.0500 감소; CVaR 0.16%p 개선; MDD 1.56%p 개선; stress 0.00%p 악화; Sharpe 0.00 개선,FORMAL_ACTION excluded by action-level gate: stress_after_cost_not_improved,False,True,hedge/cash 대안 비교에서 현금성 de-risk 후보만 selectable하여 선택했습니다.,,"{""AAPL"": 38.293199, ""GLD"": 40.352583, ""MSFT"": 21.354218}","{""AAPL"": 33.293199, ""GLD"": 40.352583, ""MSFT"": 21.354218, ""__CASH__"": 5.0}"
action_002,RESEARCH_ONLY,TRIM_AND_HEDGE,,REVIEW,,,,Y,LOW,95.5784,0.7745535836802249,0.244349,linked_final_score,0.7745535836802249,38,D:0-49,grade_banded_final_score_v1,0.7452761381520321,1.0,growth_beta|rate_shock_growth_duration|recession_liquidity_stress|usd_exposure|geopolitical_supply_chain|gold,inverse_korea|korea_beta_offset|korea_domestic_credit|rate_shock_growth_duration|recession_liquidity_stress|semiconductor_ai_cycle|usdkrw_fx_korea,N,N,N,C,formal_rebalance_hedge_gate,FAIL,base_action_status_research_only|cash_baseline_lag|linked_formal_gate_blocked|linked_recommendation_not_formal|mdd_after_cost_not_improved,rate_shock_growth_duration,장기금리·성장주 듀레이션,rate_shock_growth_duration,higher_for_longer_long_rate_shock,AAPL,AAPL,,114800.KS,114800.KS,114800.KS,FAIL_GATE,FAIL_GATE,VALIDATION_NOT_ELIGIBLE,fail_gate|validation_not_eligible|return_drag_reference,하드 게이트 실패 - Do not promote until the failing gate is resolved.; validation not eligible - Keep blocked or rebuild the candidate with valid backtest inputs.; 수익률 훼손 검토 필요 - Confirm risk reduction compensates for return drag before promotion.,0,0,0,0,linked_recommendation_evidence_after_backtest,,"Action formal gate failed: base_action_status_research_only, cash_baseline_lag, linked_formal_gate_blocked, linked_recommendation_not_formal, mdd_after_cost_not_improved","{""alternatives"": [{""available"": true, ""cvar"": -0.02483634371736864, ""estimated_cost_bps"": 0.0, ""mdd"": -0.18387294305097468, ""name"": ""current"", ""stress"": 0.0005262622892426304, ""turnover_pct"": 0.0, ""why_not_chosen_ko"": ""baseline portfolio""}, {""available"": true, ""cvar_delta_after_cost"": 0.00135259, ""estimated_cost_bps"": 25.0, ""mdd_delta_after_cost"": -0.02019386, ""name"": ""trim_hedge"", ""stress_delta_after_cost"": 0.00024709, ""turnover_pct"": 10.000001, ""why_not_chosen_ko"": """"}, {""available"": true, ""cvar_delta_after_cost"": 0.00164357, ""estimated_cost_bps"": 25.0, ""mdd_delta_after_cost"": 0.01561274, ""name"": ""trim_cash"", ""stress_delta_after_cost"": -1.695e-05, ""turnover_pct"": 10.000001, ""why_not_chosen_ko"": ""cash baseline was compared against the trim+hedge action""}, {""available"": true, ""cvar_delta_after_cost"": 0.0, ""estimated_cost_bps"": 0.0, ""mdd_delta_after_cost"": 0.0, ""name"": ""hold"", ""stress_delta_after_cost"": 0.0, ""turnover_pct"": 0.0, ""why_not_chosen_ko"": ""does not reduce the active scenario vulnerability""}]}",4,0.00135259,-0.02019386,0.00024709,25.0,0.00025,ASSUMED_LIQUID_UNIVERSE,Y,Y,Y,Y,LAGS_CASH,ROBUST_IMPROVE,ROBUST_IMPROVE,Y,"{""concentration_cap_pct"": 50.0, ""max_candidate_weight_pct"": 20.0, ""max_turnover_pct"": 20.0, ""min_existing_kept_pct"": 80.0, ""profile_source"": ""system_default""}",,0.59880824,0.58506844,-0.0137398,2.2945,63.9662,63.9662,63.9662,38.293199,33.293199,38.293199,33.293199,0.0,5.0,-0.02483634371736864,-0.02348375425735873,0.00135259,-0.18387294305097468,-0.20406680470876393,-0.02019386,0.7825361187040929,0.7258365409661548,-0.05669958,0.0005262622892426304,0.0007733481419413988,0.00024709,1.312400272613588,1.1202450655386584,-0.19215521,computed_from_action_before_after_weights,,10.000001,95.0,5.0,PASS,,114800.KS는 장기금리·성장주 듀레이션 관련 리서치 전용 후보라 실행 추천이 아닙니다.,인버스·레버리지·옵션·변동성 상품 등 연구용 후보 특성이 있어 실행 추천과 분리했습니다.,"114800.KS 조정은 장기금리·성장주 듀레이션 취약성을 낮추는 검토안이며 전후 지표는 CVaR 개선, MDD 악화, stress 개선으로 확인됩니다.",취약성 0.0137 감소; CVaR 0.14%p 개선; MDD 2.02%p 악화; stress 0.02%p 개선; Sharpe 0.19 악화,실행 추천 대상이 아닌 리서치 전용 상품군입니다.,False,False,,인버스·레버리지·옵션·변동성 상품 등 연구용 후보 특성이 있어 실행 추천과 분리했습니다.,"{""AAPL"": 38.293199, ""GLD"": 40.352583, ""MSFT"": 21.354218}","{""114800.KS"": 5.0, ""AAPL"": 33.293199, ""GLD"": 40.352583, ""MSFT"": 21.354218}"
action_001,RESEARCH_ONLY,ADD_HEDGE,,REVIEW,,,,N,HIGH,45.8582,0.7745535836802249,0.129159,linked_final_score,0.7745535836802249,38,D:0-49,grade_banded_final_score_v1,0.7452761381520321,1.0,growth_beta|rate_shock_growth_duration|recession_liquidity_stress|usd_exposure|geopolitical_supply_chain|gold,inverse_korea|korea_beta_offset|korea_domestic_credit|rate_shock_growth_duration|recession_liquidity_stress|semiconductor_ai_cycle|usdkrw_fx_korea,N,N,N,C,formal_rebalance_hedge_gate,FAIL,base_action_status_research_only|cash_baseline_lag|linked_formal_gate_blocked|linked_recommendation_not_formal|mdd_after_cost_not_improved|not_trim_and_hedge|scenario_vulnerability_not_improved,rate_shock_growth_duration,장기금리·성장주 듀레이션,rate_shock_growth_duration,higher_for_longer_long_rate_shock,AAPL|MSFT|GLD,AAPL,,114800.KS,114800.KS,114800.KS,FAIL_GATE,FAIL_GATE,VALIDATION_NOT_ELIGIBLE,fail_gate|validation_not_eligible|return_drag_reference,하드 게이트 실패 - Do not promote until the failing gate is resolved.; validation not eligible - Keep blocked or rebuild the candidate with valid backtest inputs.; 수익률 훼손 검토 필요 - Confirm risk reduction compensates for return drag before promotion.,0,0,0,0,linked_recommendation_evidence_after_backtest,,"Action formal gate failed: base_action_status_research_only, cash_baseline_lag, linked_formal_gate_blocked, linked_recommendation_not_formal, mdd_after_cost_not_improved, not_trim_and_hedge, scenario_vulnerability_not_improved","{""alternatives"": [{""available"": true, ""cvar"": -0.02483634371736864, ""estimated_cost_bps"": 0.0, ""mdd"": -0.18387294305097468, ""name"": ""current"", ""stress"": 0.0005262622892426304, ""turnover_pct"": 0.0, ""why_not_chosen_ko"": ""baseline portfolio""}, {""available"": true, ""cvar_delta_after_cost"": 0.00058126, ""estimated_cost_bps"": 25.0, ""mdd_delta_after_cost"": -0.03442537, ""name"": ""trim_hedge"", ""stress_delta_after_cost"": 8.705e-05, ""turnover_pct"": 7.054, ""why_not_chosen_ko"": """"}, {""available"": true, ""cvar_delta_after_cost"": 0.0007014, ""estimated_cost_bps"": 25.0, ""mdd_delta_after_cost"": 0.00499853, ""name"": ""trim_cash"", ""stress_delta_after_cost"": -1.486e-05, ""turnover_pct"": 7.054, ""why_not_chosen_ko"": ""cash baseline was compared against the trim+hedge action""}, {""available"": true, ""cvar_delta_after_cost"": 0.0, ""estimated_cost_bps"": 0.0, ""mdd_delta_after_cost"": 0.0, ""name"": ""hold"", ""stress_delta_after_cost"": 0.0, ""turnover_pct"": 0.0, ""why_not_chosen_ko"": ""does not reduce the active scenario vulnerability""}]}",4,0.00058126,-0.03442537,8.705e-05,25.0,0.00017635,ASSUMED_LIQUID_UNIVERSE,Y,Y,Y,Y,LAGS_CASH,ROBUST_IMPROVE,ROBUST_IMPROVE,Y,"{""concentration_cap_pct"": 50.0, ""max_candidate_weight_pct"": 20.0, ""max_turnover_pct"": 20.0, ""min_existing_kept_pct"": 80.0, ""profile_source"": ""system_default""}",,0.59880824,0.60228226,0.00347402,-0.5802,100.0,100.0,100.0,38.293199,37.2118,38.293199,37.2118,0.0,2.8099,-0.02483634371736864,-0.02425508005099816,0.00058126,-0.18387294305097468,-0.21829831132845423,-0.03442537,0.7825361187040929,0.7615351383200669,-0.02100098,0.0005262622892426304,0.0006133097816792812,8.705e-05,1.312400272613588,1.1482172995601536,-0.16418297,computed_from_action_before_after_weights,,7.054,97.1759,5.0,PASS,,114800.KS는 장기금리·성장주 듀레이션 관련 리서치 전용 후보라 실행 추천이 아닙니다.,인버스·레버리지·옵션·변동성 상품 등 연구용 후보 특성이 있어 실행 추천과 분리했습니다.,"114800.KS 조정은 장기금리·성장주 듀레이션 취약성을 낮추는 검토안이며 전후 지표는 CVaR 개선, MDD 악화, stress 개선으로 확인됩니다.",취약성 0.0035 증가; CVaR 0.06%p 개선; MDD 3.44%p 악화; stress 0.01%p 개선; Sharpe 0.16 악화,실행 추천 대상이 아닌 리서치 전용 상품군입니다.,False,False,,인버스·레버리지·옵션·변동성 상품 등 연구용 후보 특성이 있어 실행 추천과 분리했습니다.,"{""AAPL"": 38.293199, ""GLD"": 40.352583, ""MSFT"": 21.354218}","{""114800.KS"": 2.8099, ""AAPL"": 37.2118, ""GLD"": 39.213, ""MSFT"": 20.7511, ""__CASH__"": 1.42}"
action_007,FAIL_ACTION,ADD_HEDGE,REVIEW_REQUIRED,REVIEW,,,,Y,LOW,61.3846,0.5930821295388616,0.214029,linked_final_score,0.5930821295388616,29,D:0-49,grade_banded_final_score_v1,0.7789041670770432,1.0,growth_beta|rate_shock_growth_duration|recession_liquidity_stress|usd_exposure|geopolitical_supply_chain|gold,cash_like|korea_domestic_credit|kr_short_bond|rate_shock_growth_duration|usdkrw_fx_korea,Y,Y,Y,D,formal_rebalance_hedge_gate,FAIL,base_action_status_fail_action|bootstrap_not_robust|cash_baseline_lag|concentration_failed|constraint_failed|linked_formal_gate_blocked|linked_recommendation_not_formal|mdd_after_cost_not_improved|not_trim_and_hedge|stress_after_cost_not_improved,rate_shock_growth_duration,장기금리·성장주 듀레이션,rate_shock_growth_duration,higher_for_longer_long_rate_shock,AAPL|MSFT|GLD,AAPL,,153130.KS,153130.KS,153130.KS,FAIL_GATE,FAIL_GATE,VALIDATION_NOT_ELIGIBLE,fail_gate|validation_not_eligible|return_drag_reference,하드 게이트 실패 - Do not promote until the failing gate is resolved.; validation not eligible - Keep blocked or rebuild the candidate with valid backtest inputs.; 수익률 훼손 검토 필요 - Confirm risk reduction compensates for return drag before promotion.,0,0,0,0,linked_recommendation_evidence_after_backtest,,"Action formal gate failed: base_action_status_fail_action, bootstrap_not_robust, cash_baseline_lag, concentration_failed, constraint_failed, linked_formal_gate_blocked, linked_recommendation_not_formal, mdd_after_cost_not_improved, not_trim_and_hedge, stress_after_cost_not_improved","{""alternatives"": [{""available"": true, ""cvar"": -0.02483634371736864, ""estimated_cost_bps"": 0.0, ""mdd"": -0.18387294305097468, ""name"": ""current"", ""stress"": 0.0005262622892426304, ""turnover_pct"": 0.0, ""why_not_chosen_ko"": ""baseline portfolio""}, {""available"": true, ""cvar_delta_after_cost"": 0.00068286, ""estimated_cost_bps"": 25.0, ""mdd_delta_after_cost"": -0.03645603, ""name"": ""trim_hedge"", ""stress_delta_after_cost"": -0.00010427, ""turnover_pct"": 95.6689, ""why_not_chosen_ko"": """"}, {""available"": true, ""cvar_delta_after_cost"": 0.0007014, ""estimated_cost_bps"": 25.0, ""mdd_delta_after_cost"": 0.00499853, ""name"": ""trim_cash"", ""stress_delta_after_cost"": -1.486e-05, ""turnover_pct"": 95.6689, ""why_not_chosen_ko"": ""cash baseline was compared against the trim+hedge action""}, {""available"": true, ""cvar_delta_after_cost"": 0.0, ""estimated_cost_bps"": 0.0, ""mdd_delta_after_cost"": 0.0, ""name"": ""hold"", ""stress_delta_after_cost"": 0.0, ""turnover_pct"": 0.0, ""why_not_chosen_ko"": ""does not reduce the active scenario vulnerability""}]}",4,0.00068286,-0.03645603,-0.00010427,25.0,0.00239172,ASSUMED_LIQUID_UNIVERSE,Y,N,Y,Y,LAGS_CASH,UNCERTAIN,ROBUST_IMPROVE,Y,"{""concentration_cap_pct"": 50.0, ""max_candidate_weight_pct"": 20.0, ""max_turnover_pct"": 20.0, ""min_existing_kept_pct"": 80.0, ""profile_source"": ""system_default""}",,0.59880824,0.59051379,-0.00829445,1.3852,100.0,100.0,100.0,38.293199,37.2118,38.293199,37.2118,0.0,1.9148,-0.02483634371736864,-0.02415348799670888,0.00068286,-0.18387294305097468,-0.22032897774895732,-0.03645603,0.7825361187040929,0.7602203543930575,-0.02231576,0.0005262622892426304,0.0004219901196126596,-0.00010427,1.312400272613588,1.2008621995222846,-0.11153807,computed_from_action_before_after_weights,,95.6689,97.1759,5.0,FAIL,turnover 95.67% > 20.00%; concentration cap 90.93% > 50.00%; MDD worsened; stress worsened,장기금리·성장주 듀레이션 액션은 turnover 95.67% > 20.00%; concentration cap 90.93% > 50.00% 때문에 기준 미통과입니다.,기준 미통과: turnover 95.67% > 20.00%; concentration cap 90.93% > 50.00%; MDD worsened; stress worsened,"153130.KS 조정은 장기금리·성장주 듀레이션 취약성은 일부 낮춰도 핵심 리스크 지표가 악화되어 실행 기준 미통과입니다. (CVaR 개선, MDD 악화, stress 악화)",취약성 0.0083 감소; CVaR 0.07%p 개선; MDD 3.65%p 악화; stress 0.01%p 악화; Sharpe 0.11 악화,turnover 95.67% > 20.00%; concentration cap 90.93% > 50.00%; MDD worsened; stress worsened,False,False,,기준 미통과: turnover 95.67% > 20.00%; concentration cap 90.93% > 50.00%; MDD worsened; stress worsened,"{""AAPL"": 38.293199, ""GLD"": 40.352583, ""MSFT"": 21.354218}","{""153130.KS"": 1.9148, ""AAPL"": 37.2118, ""GLD"": 39.213, ""MSFT"": 20.7511, ""__CASH__"": 90.93}"
action_003,FAIL_ACTION,ADD_HEDGE,REVIEW_REQUIRED,REVIEW,,,,Y,LOW,66.3643,0.5978978959840667,0.0342,linked_final_score,0.5978978959840667,29,D:0-49,grade_banded_final_score_v1,0.7225558348860793,1.0,growth_beta|rate_shock_growth_duration|recession_liquidity_stress|usd_exposure|geopolitical_supply_chain|gold,credit_cycle|korea_domestic_credit|korea_financial|rate_shock_growth_duration|usdkrw_fx_korea,N,N,N,C,formal_rebalance_hedge_gate,FAIL,base_action_status_fail_action|bootstrap_not_robust|cash_baseline_lag|constraint_failed|linked_formal_gate_blocked|linked_recommendation_not_formal|mdd_after_cost_not_improved|not_trim_and_hedge|stress_after_cost_not_improved,rate_shock_growth_duration,장기금리·성장주 듀레이션,rate_shock_growth_duration,higher_for_longer_long_rate_shock,AAPL|MSFT|GLD,AAPL,,105560.KS,105560.KS,105560.KS,FAIL_GATE,FAIL_GATE,VALIDATION_NOT_ELIGIBLE,fail_gate|validation_not_eligible|return_drag_reference,하드 게이트 실패 - Do not promote until the failing gate is resolved.; validation not eligible - Keep blocked or rebuild the candidate with valid backtest inputs.; 수익률 훼손 검토 필요 - Confirm risk reduction compensates for return drag before promotion.,0,0,0,0,linked_recommendation_evidence_after_backtest,,"Action formal gate failed: base_action_status_fail_action, bootstrap_not_robust, cash_baseline_lag, constraint_failed, linked_formal_gate_blocked, linked_recommendation_not_formal, mdd_after_cost_not_improved, not_trim_and_hedge, stress_after_cost_not_improved","{""alternatives"": [{""available"": true, ""cvar"": -0.02483634371736864, ""estimated_cost_bps"": 0.0, ""mdd"": -0.18387294305097468, ""name"": ""current"", ""stress"": 0.0005262622892426304, ""turnover_pct"": 0.0, ""why_not_chosen_ko"": ""baseline portfolio""}, {""available"": true, ""cvar_delta_after_cost"": 0.00091071, ""estimated_cost_bps"": 25.0, ""mdd_delta_after_cost"": -0.03642706, ""name"": ""trim_hedge"", ""stress_delta_after_cost"": -0.00017486, ""turnover_pct"": 26.2304, ""why_not_chosen_ko"": """"}, {""available"": true, ""cvar_delta_after_cost"": 0.0007014, ""estimated_cost_bps"": 25.0, ""mdd_delta_after_cost"": 0.00499853, ""name"": ""trim_cash"", ""stress_delta_after_cost"": -1.486e-05, ""turnover_pct"": 26.2304, ""why_not_chosen_ko"": ""cash baseline was compared against the trim+hedge action""}, {""available"": true, ""cvar_delta_after_cost"": 0.0, ""estimated_cost_bps"": 0.0, ""mdd_delta_after_cost"": 0.0, ""name"": ""hold"", ""stress_delta_after_cost"": 0.0, ""turnover_pct"": 0.0, ""why_not_chosen_ko"": ""does not reduce the active scenario vulnerability""}]}",4,0.00091071,-0.03642706,-0.00017486,25.0,0.00065576,ASSUMED_LIQUID_UNIVERSE,Y,Y,Y,Y,LAGS_CASH,UNCERTAIN,UNCERTAIN,Y,"{""concentration_cap_pct"": 50.0, ""max_candidate_weight_pct"": 20.0, ""max_turnover_pct"": 20.0, ""min_existing_kept_pct"": 80.0, ""profile_source"": ""system_default""}",,0.59880824,0.59367054,-0.0051377,0.858,100.0,100.0,100.0,38.293199,37.2118,38.293199,37.2118,0.0,2.6163,-0.02483634371736864,-0.02392563283506893,0.00091071,-0.18387294305097468,-0.22030000727598587,-0.03642706,0.7825361187040929,0.7591088122164539,-0.02342731,0.0005262622892426304,0.0003513982837142291,-0.00017486,1.312400272613588,1.1988274769731497,-0.1135728,computed_from_action_before_after_weights,,26.2304,97.1759,5.0,FAIL,turnover 26.23% > 20.00%; MDD worsened; stress worsened,장기금리·성장주 듀레이션 액션은 turnover 26.23% > 20.00% 때문에 기준 미통과입니다.,기준 미통과: turnover 26.23% > 20.00%; MDD worsened; stress worsened,"105560.KS 조정은 장기금리·성장주 듀레이션 취약성은 일부 낮춰도 핵심 리스크 지표가 악화되어 실행 기준 미통과입니다. (CVaR 개선, MDD 악화, stress 악화)",취약성 0.0051 감소; CVaR 0.09%p 개선; MDD 3.64%p 악화; stress 0.02%p 악화; Sharpe 0.11 악화,turnover 26.23% > 20.00%; MDD worsened; stress worsened,False,False,,기준 미통과: turnover 26.23% > 20.00%; MDD worsened; stress worsened,"{""AAPL"": 38.293199, ""GLD"": 40.352583, ""MSFT"": 21.354218}","{""105560.KS"": 2.6163, ""AAPL"": 37.2118, ""GLD"": 39.213, ""MSFT"": 20.7511, ""__CASH__"": 20.79}"
action_030,REVIEW_ACTION,REPLACE_SLEEVE,,REVIEW,B,B. 조건부 처방,"핵심 취약점 보완 효과는 있으나 검증 샘플, 비용, 유동성, cash baseline 중 일부 확인이 필요합니다.",Y,MEDIUM,81.0,0.0,0.723231,action_quality_score,0.723231,84,B:70-89,grade_banded_final_score_v1,,,,,,,,,formal_rebalance_hedge_gate,FAIL,cash_baseline_lag|linked_recommendation_not_formal|not_trim_and_hedge|stress_after_cost_not_improved,recession_liquidity_stress,침체·유동성 스트레스,recession_liquidity_stress,acute_global_stress_liquidity_crunch|slowdown_recession_deflation_risk,AAPL|MSFT,AAPL,GLD,BIL,BIL,BIL,REFERENCE_ONLY,,,,,,,,,,,"Action formal gate failed: cash_baseline_lag, linked_recommendation_not_formal, not_trim_and_hedge, stress_after_cost_not_improved","{""alternatives"": [{""available"": true, ""cvar"": -0.02483634371736864, ""estimated_cost_bps"": 0.0, ""mdd"": -0.18387294305097468, ""name"": ""current"", ""stress"": 0.0005262622892426304, ""turnover_pct"": 0.0, ""why_not_chosen_ko"": ""baseline portfolio""}, {""available"": true, ""cvar_delta_after_cost"": 0.0023686, ""estimated_cost_bps"": 25.0, ""mdd_delta_after_cost"": 0.0258338, ""name"": ""trim_hedge"", ""stress_delta_after_cost"": -4.351e-05, ""turnover_pct"": 20.0, ""why_not_chosen_ko"": """"}, {""available"": true, ""cvar_delta_after_cost"": 0.00310421, ""estimated_cost_bps"": 25.0, ""mdd_delta_after_cost"": 0.02860641, ""name"": ""trim_cash"", ""stress_delta_after_cost"": -8.739e-05, ""turnover_pct"": 20.0, ""why_not_chosen_ko"": ""cash baseline was compared against the trim+hedge action""}, {""available"": true, ""cvar_delta_after_cost"": 0.0, ""estimated_cost_bps"": 0.0, ""mdd_delta_after_cost"": 0.0, ""name"": ""hold"", ""stress_delta_after_cost"": 0.0, ""turnover_pct"": 0.0, ""why_not_chosen_ko"": ""does not reduce the active scenario vulnerability""}]}",4,0.0023686,0.0258338,-4.351e-05,25.0,0.0005,ASSUMED_LIQUID_UNIVERSE,Y,Y,Y,Y,LAGS_CASH,ACTION_BOOTSTRAP_PASS,ACTION_BOOTSTRAP_PASS,Y,"{""concentration_cap_pct"": 50.0, ""max_candidate_weight_pct"": 20.0, ""max_turnover_pct"": 20.0, ""min_existing_kept_pct"": 80.0, ""profile_source"": ""system_default""}",,0.10671306,0.05762865,-0.04908441,45.9966,100.0,100.0,100.0,38.293199,33.293199,38.293199,33.293199,0.0,10.0,-0.02483634371736864,-0.022467744546293952,0.0023686,-0.18387294305097468,-0.1580391458504733,0.0258338,0.7825361187040929,0.6897322266256052,-0.09280389,0.0005262622892426304,0.00048275720927335727,-4.351e-05,1.312400272613588,1.3686976941185158,0.05629742,computed_from_action_before_after_weights,,20.0,90.0,5.0,PASS,,"침체·유동성 스트레스 취약성을 만든 AAPL, MSFT에 대해 BIL로 위험 sleeve 일부 교체를 적용하면 sleeve 취약도 변화가 -0.0491입니다. 정식 추천 기준은 미달해 검토 후보입니다.",Action formal gate did not pass. Blockers: cash_baseline_lag|linked_recommendation_not_formal|not_trim_and_hedge|stress_after_cost_not_improved. Linked recommendation status is evidence only: REFERENCE_ONLY.,"BIL 조정은 침체·유동성 스트레스 취약성을 낮추는 검토안이며 전후 지표는 CVaR 개선, MDD 개선, stress 악화으로 확인됩니다.",취약성 0.0491 감소; CVaR 0.24%p 개선; MDD 2.58%p 개선; stress 0.00%p 악화; Sharpe 0.06 개선,FORMAL_ACTION excluded by action-level gate: cash_baseline_lag|linked_recommendation_not_formal|not_trim_and_hedge|stress_after_cost_not_improved,False,False,,selected action plan의 최대 개수와 상위 취약성 우선순위 때문에 선택하지 않았습니다.,"{""AAPL"": 38.293199, ""GLD"": 40.352583, ""MSFT"": 21.354218}","{""AAPL"": 33.293199, ""BIL"": 10.0, ""GLD"": 40.352583, ""MSFT"": 16.354218}"
action_021,FAIL_ACTION,TRIM_AND_HEDGE,,REVIEW,,,,Y,LOW,96.1242,0.1,0.395797,action_quality_score,0.395797,19,D:0-49,grade_banded_final_score_v1,,,,,,,,,formal_rebalance_hedge_gate,FAIL,base_action_status_fail_action|cash_baseline_lag|linked_formal_gate_blocked|linked_recommendation_not_formal|mdd_after_cost_not_improved,recession_liquidity_stress,침체·유동성 스트레스,recession_liquidity_stress,acute_global_stress_liquidity_crunch|slowdown_recession_deflation_risk,AAPL,AAPL,GLD,114800.KS|017670.KS,114800.KS,114800.KS + 017670.KS,FAIL_GATE,FAIL_GATE,VALIDATION_NOT_ELIGIBLE,fail_gate|validation_not_eligible|return_drag_reference,하드 게이트 실패 - Do not promote until the failing gate is resolved.; validation not eligible - Keep blocked or rebuild the candidate with valid backtest inputs.; 수익률 훼손 검토 필요 - Confirm risk reduction compensates for return drag before promotion.,0,0,0,0,linked_recommendation_evidence_after_backtest,,"Action formal gate failed: base_action_status_fail_action, cash_baseline_lag, linked_formal_gate_blocked, linked_recommendation_not_formal, mdd_after_cost_not_improved","{""alternatives"": [{""available"": true, ""cvar"": -0.02483634371736864, ""estimated_cost_bps"": 0.0, ""mdd"": -0.18387294305097468, ""name"": ""current"", ""stress"": 0.0005262622892426304, ""turnover_pct"": 0.0, ""why_not_chosen_ko"": ""baseline portfolio""}, {""available"": true, ""cvar_delta_after_cost"": 0.00153883, ""estimated_cost_bps"": 25.0, ""mdd_delta_after_cost"": -0.02250077, ""name"": ""trim_hedge"", ""stress_delta_after_cost"": 3.523e-05, ""turnover_pct"": 10.000001, ""why_not_chosen_ko"": """"}, {""available"": true, ""cvar_delta_after_cost"": 0.00164357, ""estimated_cost_bps"": 25.0, ""mdd_delta_after_cost"": 0.01561274, ""name"": ""trim_cash"", ""stress_delta_after_cost"": -1.695e-05, ""turnover_pct"": 10.000001, ""why_not_chosen_ko"": ""cash baseline was compared against the trim+hedge action""}, {""available"": true, ""cvar_delta_after_cost"": 0.0, ""estimated_cost_bps"": 0.0, ""mdd_delta_after_cost"": 0.0, ""name"": ""hold"", ""stress_delta_after_cost"": 0.0, ""turnover_pct"": 0.0, ""why_not_chosen_ko"": ""does not reduce the active scenario vulnerability""}]}",4,0.00153883,-0.02250077,3.523e-05,25.0,0.00025,ASSUMED_LIQUID_UNIVERSE,Y,Y,Y,Y,LAGS_CASH,ACTION_BOOTSTRAP_PASS,ROBUST_IMPROVE,Y,"{""concentration_cap_pct"": 50.0, ""max_candidate_weight_pct"": 20.0, ""max_turnover_pct"": 20.0, ""min_existing_kept_pct"": 80.0, ""profile_source"": ""system_default""}",,0.10671306,0.06911795,-0.03759512,35.2301,71.7403,71.7403,71.7403,38.293199,33.293199,38.293199,33.293199,0.0,2.5,-0.02483634371736864,-0.023297510489127763,0.00153883,-0.18387294305097468,-0.20637371530018778,-0.02250077,0.7825361187040929,0.7218490085090359,-0.06068711,0.0005262622892426304,0.000561496237765961,3.523e-05,1.312400272613588,1.1748168384688942,-0.13758343,computed_from_action_before_after_weights,,10.000001,95.0,5.0,PASS,MDD worsened,"침체·유동성 스트레스 취약성을 만든 AAPL에 대해 114800.KS, 017670.KS로 원인 보유자산 일부 축소 후 헷지를 적용하면 sleeve 취약도 변화가 -0.0376입니다. 정식 추천 기준은 미달해 검토 후보입니다.",기준 미통과: MDD worsened,"114800.KS + 017670.KS 조정은 침체·유동성 스트레스 취약성은 일부 낮춰도 핵심 리스크 지표가 악화되어 실행 기준 미통과입니다. (CVaR 개선, MDD 악화, stress 개선)",취약성 0.0376 감소; CVaR 0.15%p 개선; MDD 2.25%p 악화; stress 0.00%p 개선; Sharpe 0.14 악화,MDD worsened,False,False,,기준 미통과: MDD worsened,"{""AAPL"": 38.293199, ""GLD"": 40.352583, ""MSFT"": 21.354218}","{""017670.KS"": 2.5, ""114800.KS"": 2.5, ""AAPL"": 33.293199, ""GLD"": 40.352583, ""MSFT"": 21.354218}"
action_013,FAIL_ACTION,TRIM_AND_HEDGE,REVIEW_REQUIRED,REVIEW,,,,Y,LOW,76.5937,0.5999988646463422,0.279956,linked_final_score,0.5999988646463422,29,D:0-49,grade_banded_final_score_v1,0.7271222290029771,1.0,growth_beta|rate_shock_growth_duration|recession_liquidity_stress|usd_exposure|geopolitical_supply_chain|gold,defensive_equity|korea_domestic_credit|korea_equity|recession_liquidity_stress|usdkrw_fx_korea,N,N,N,C,formal_rebalance_hedge_gate,FAIL,base_action_status_fail_action|bootstrap_not_robust|cash_baseline_lag|linked_formal_gate_blocked|linked_recommendation_not_formal|mdd_after_cost_not_improved|stress_after_cost_not_improved,recession_liquidity_stress,침체·유동성 스트레스,recession_liquidity_stress,acute_global_stress_liquidity_crunch|slowdown_recession_deflation_risk,AAPL,AAPL,GLD,017670.KS,017670.KS,017670.KS,FAIL_GATE,FAIL_GATE,VALIDATION_NOT_ELIGIBLE,fail_gate|validation_not_eligible|return_drag_reference,하드 게이트 실패 - Do not promote until the failing gate is resolved.; validation not eligible - Keep blocked or rebuild the candidate with valid backtest inputs.; 수익률 훼손 검토 필요 - Confirm risk reduction compensates for return drag before promotion.,0,0,0,0,linked_recommendation_evidence_after_backtest,,"Action formal gate failed: base_action_status_fail_action, bootstrap_not_robust, cash_baseline_lag, linked_formal_gate_blocked, linked_recommendation_not_formal, mdd_after_cost_not_improved, stress_after_cost_not_improved","{""alternatives"": [{""available"": true, ""cvar"": -0.02483634371736864, ""estimated_cost_bps"": 0.0, ""mdd"": -0.18387294305097468, ""name"": ""current"", ""stress"": 0.0005262622892426304, ""turnover_pct"": 0.0, ""why_not_chosen_ko"": ""baseline portfolio""}, {""available"": true, ""cvar_delta_after_cost"": 0.00175877, ""estimated_cost_bps"": 25.0, ""mdd_delta_after_cost"": -0.02498385, ""name"": ""trim_hedge"", ""stress_delta_after_cost"": -0.0001446, ""turnover_pct"": 10.000001, ""why_not_chosen_ko"": """"}, {""available"": true, ""cvar_delta_after_cost"": 0.00164357, ""estimated_cost_bps"": 25.0, ""mdd_delta_after_cost"": 0.01561274, ""name"": ""trim_cash"", ""stress_delta_after_cost"": -1.695e-05, ""turnover_pct"": 10.000001, ""why_not_chosen_ko"": ""cash baseline was compared against the trim+hedge action""}, {""available"": true, ""cvar_delta_after_cost"": 0.0, ""estimated_cost_bps"": 0.0, ""mdd_delta_after_cost"": 0.0, ""name"": ""hold"", ""stress_delta_after_cost"": 0.0, ""turnover_pct"": 0.0, ""why_not_chosen_ko"": ""does not reduce the active scenario vulnerability""}]}",4,0.00175877,-0.02498385,-0.0001446,25.0,0.00025,ASSUMED_LIQUID_UNIVERSE,Y,Y,Y,Y,LAGS_CASH,UNCERTAIN,UNCERTAIN,Y,"{""concentration_cap_pct"": 50.0, ""max_candidate_weight_pct"": 20.0, ""max_turnover_pct"": 20.0, ""min_existing_kept_pct"": 80.0, ""profile_source"": ""system_default""}",,0.10671306,0.07750315,-0.02920991,27.3724,71.7403,71.7403,71.7403,38.293199,33.293199,38.293199,33.293199,0.0,5.0,-0.02483634371736864,-0.02307757115267096,0.00175877,-0.18387294305097468,-0.20885679317932704,-0.02498385,0.7825361187040929,0.7193528441164059,-0.06318327,0.0005262622892426304,0.0003816589644940956,-0.0001446,1.312400272613588,1.2217675810640372,-0.09063269,computed_from_action_before_after_weights,,10.000001,95.0,5.0,PASS,MDD worsened; stress worsened,침체·유동성 스트레스 취약성을 만든 AAPL에 대해 017670.KS로 원인 보유자산 일부 축소 후 헷지를 적용하면 sleeve 취약도 변화가 -0.0292입니다. 정식 추천 기준은 미달해 검토 후보입니다.,기준 미통과: MDD worsened; stress worsened,"017670.KS 조정은 침체·유동성 스트레스 취약성은 일부 낮춰도 핵심 리스크 지표가 악화되어 실행 기준 미통과입니다. (CVaR 개선, MDD 악화, stress 악화)",취약성 0.0292 감소; CVaR 0.18%p 개선; MDD 2.50%p 악화; stress 0.01%p 악화; Sharpe 0.09 악화,MDD worsened; stress worsened,False,False,,기준 미통과: MDD worsened; stress worsened,"{""AAPL"": 38.293199, ""GLD"": 40.352583, ""MSFT"": 21.354218}","{""017670.KS"": 5.0, ""AAPL"": 33.293199, ""GLD"": 40.352583, ""MSFT"": 21.354218}"
action_027,FAIL_ACTION,TRIM_AND_HEDGE,,REVIEW,,,,Y,LOW,96.4457,0.1,0.320915,action_quality_score,0.320915,16,D:0-49,grade_banded_final_score_v1,,,,,,,,,formal_rebalance_hedge_gate,FAIL,base_action_status_fail_action|cash_baseline_lag|linked_formal_gate_blocked|linked_recommendation_not_formal|mdd_after_cost_not_improved,recession_liquidity_stress,침체·유동성 스트레스,recession_liquidity_stress,acute_global_stress_liquidity_crunch|slowdown_recession_deflation_risk,AAPL,AAPL,GLD,114800.KS|000810.KS,114800.KS,114800.KS + 000810.KS,FAIL_GATE,FAIL_GATE,VALIDATION_NOT_ELIGIBLE,fail_gate|validation_not_eligible|return_drag_reference,하드 게이트 실패 - Do not promote until the failing gate is resolved.; validation not eligible - Keep blocked or rebuild the candidate with valid backtest inputs.; 수익률 훼손 검토 필요 - Confirm risk reduction compensates for return drag before promotion.,0,0,0,0,linked_recommendation_evidence_after_backtest,,"Action formal gate failed: base_action_status_fail_action, cash_baseline_lag, linked_formal_gate_blocked, linked_recommendation_not_formal, mdd_after_cost_not_improved","{""alternatives"": [{""available"": true, ""cvar"": -0.02483634371736864, ""estimated_cost_bps"": 0.0, ""mdd"": -0.18387294305097468, ""name"": ""current"", ""stress"": 0.0005262622892426304, ""turnover_pct"": 0.0, ""why_not_chosen_ko"": ""baseline portfolio""}, {""available"": true, ""cvar_delta_after_cost"": 0.0015944, ""estimated_cost_bps"": 25.0, ""mdd_delta_after_cost"": -0.02034806, ""name"": ""trim_hedge"", ""stress_delta_after_cost"": 3.73e-05, ""turnover_pct"": 10.000001, ""why_not_chosen_ko"": """"}, {""available"": true, ""cvar_delta_after_cost"": 0.00164357, ""estimated_cost_bps"": 25.0, ""mdd_delta_after_cost"": 0.01561274, ""name"": ""trim_cash"", ""stress_delta_after_cost"": -1.695e-05, ""turnover_pct"": 10.000001, ""why_not_chosen_ko"": ""cash baseline was compared against the trim+hedge action""}, {""available"": true, ""cvar_delta_after_cost"": 0.0, ""estimated_cost_bps"": 0.0, ""mdd_delta_after_cost"": 0.0, ""name"": ""hold"", ""stress_delta_after_cost"": 0.0, ""turnover_pct"": 0.0, ""why_not_chosen_ko"": ""does not reduce the active scenario vulnerability""}]}",4,0.0015944,-0.02034806,3.73e-05,25.0,0.00025,ASSUMED_LIQUID_UNIVERSE,Y,Y,Y,Y,LAGS_CASH,ACTION_BOOTSTRAP_PASS,ROBUST_IMPROVE,Y,"{""concentration_cap_pct"": 50.0, ""max_candidate_weight_pct"": 20.0, ""max_turnover_pct"": 20.0, ""min_existing_kept_pct"": 80.0, ""profile_source"": ""system_default""}",,0.10671306,0.07791604,-0.02879702,26.9855,71.7403,71.7403,71.7403,38.293199,33.293199,38.293199,33.293199,0.0,2.5,-0.02483634371736864,-0.023241946055680526,0.0015944,-0.18387294305097468,-0.2042210010008768,-0.02034806,0.7825361187040929,0.7226715738329654,-0.05986454,0.0005262622892426304,0.0005635668396286545,3.73e-05,1.312400272613588,1.2069737311056559,-0.10542654,computed_from_action_before_after_weights,,10.000001,95.0,5.0,PASS,MDD worsened,"침체·유동성 스트레스 취약성을 만든 AAPL에 대해 114800.KS, 000810.KS로 원인 보유자산 일부 축소 후 헷지를 적용하면 sleeve 취약도 변화가 -0.0288입니다. 정식 추천 기준은 미달해 검토 후보입니다.",기준 미통과: MDD worsened,"114800.KS + 000810.KS 조정은 침체·유동성 스트레스 취약성은 일부 낮춰도 핵심 리스크 지표가 악화되어 실행 기준 미통과입니다. (CVaR 개선, MDD 악화, stress 개선)",취약성 0.0288 감소; CVaR 0.16%p 개선; MDD 2.03%p 악화; stress 0.00%p 개선; Sharpe 0.11 악화,MDD worsened,False,False,,기준 미통과: MDD worsened,"{""AAPL"": 38.293199, ""GLD"": 40.352583, ""MSFT"": 21.354218}","{""000810.KS"": 2.5, ""114800.KS"": 2.5, ""AAPL"": 33.293199, ""GLD"": 40.352583, ""MSFT"": 21.354218}"
action_029,FAIL_ACTION,TRIM_AND_HEDGE,,REVIEW,,,,Y,LOW,76.603,0.1,0.277285,action_quality_score,0.277285,14,D:0-49,grade_banded_final_score_v1,,,,,,,,,formal_rebalance_hedge_gate,FAIL,base_action_status_fail_action|cash_baseline_lag|linked_formal_gate_blocked|linked_recommendation_not_formal|mdd_after_cost_not_improved|stress_after_cost_not_improved,recession_liquidity_stress,침체·유동성 스트레스,recession_liquidity_stress,acute_global_stress_liquidity_crunch|slowdown_recession_deflation_risk,AAPL,AAPL,GLD,114800.KS|032830.KS,114800.KS,114800.KS + 032830.KS,FAIL_GATE,FAIL_GATE,VALIDATION_NOT_ELIGIBLE,fail_gate|validation_not_eligible|return_drag_reference,하드 게이트 실패 - Do not promote until the failing gate is resolved.; validation not eligible - Keep blocked or rebuild the candidate with valid backtest inputs.; 수익률 훼손 검토 필요 - Confirm risk reduction compensates for return drag before promotion.,0,0,0,0,linked_recommendation_evidence_after_backtest,,"Action formal gate failed: base_action_status_fail_action, cash_baseline_lag, linked_formal_gate_blocked, linked_recommendation_not_formal, mdd_after_cost_not_improved, stress_after_cost_not_improved","{""alternatives"": [{""available"": true, ""cvar"": -0.02483634371736864, ""estimated_cost_bps"": 0.0, ""mdd"": -0.18387294305097468, ""name"": ""current"", ""stress"": 0.0005262622892426304, ""turnover_pct"": 0.0, ""why_not_chosen_ko"": ""baseline portfolio""}, {""available"": true, ""cvar_delta_after_cost"": 0.00158696, ""estimated_cost_bps"": 25.0, ""mdd_delta_after_cost"": -0.01822536, ""name"": ""trim_hedge"", ""stress_delta_after_cost"": -2.806e-05, ""turnover_pct"": 10.000001, ""why_not_chosen_ko"": """"}, {""available"": true, ""cvar_delta_after_cost"": 0.00164357, ""estimated_cost_bps"": 25.0, ""mdd_delta_after_cost"": 0.01561274, ""name"": ""trim_cash"", ""stress_delta_after_cost"": -1.695e-05, ""turnover_pct"": 10.000001, ""why_not_chosen_ko"": ""cash baseline was compared against the trim+hedge action""}, {""available"": true, ""cvar_delta_after_cost"": 0.0, ""estimated_cost_bps"": 0.0, ""mdd_delta_after_cost"": 0.0, ""name"": ""hold"", ""stress_delta_after_cost"": 0.0, ""turnover_pct"": 0.0, ""why_not_chosen_ko"": ""does not reduce the active scenario vulnerability""}]}",4,0.00158696,-0.01822536,-2.806e-05,25.0,0.00025,ASSUMED_LIQUID_UNIVERSE,Y,Y,Y,Y,LAGS_CASH,ACTION_BOOTSTRAP_PASS,ACTION_BOOTSTRAP_PASS,Y,"{""concentration_cap_pct"": 50.0, ""max_candidate_weight_pct"": 20.0, ""max_turnover_pct"": 20.0, ""min_existing_kept_pct"": 80.0, ""profile_source"": ""system_default""}",,0.10671306,0.08044642,-0.02626664,24.6143,71.7403,71.7403,71.7403,38.293199,33.293199,38.293199,33.293199,0.0,2.5,-0.02483634371736864,-0.023249387606851774,0.00158696,-0.18387294305097468,-0.20209830756453362,-0.01822536,0.7825361187040929,0.7220068226277855,-0.0605293,0.0005262622892426304,0.0004981983675029884,-2.806e-05,1.312400272613588,1.222701756997259,-0.08969852,computed_from_action_before_after_weights,,10.000001,95.0,5.0,PASS,MDD worsened,"침체·유동성 스트레스 취약성을 만든 AAPL에 대해 114800.KS, 032830.KS로 원인 보유자산 일부 축소 후 헷지를 적용하면 sleeve 취약도 변화가 -0.0263입니다. 정식 추천 기준은 미달해 검토 후보입니다.",기준 미통과: MDD worsened,"114800.KS + 032830.KS 조정은 침체·유동성 스트레스 취약성은 일부 낮춰도 핵심 리스크 지표가 악화되어 실행 기준 미통과입니다. (CVaR 개선, MDD 악화, stress 악화)",취약성 0.0263 감소; CVaR 0.16%p 개선; MDD 1.82%p 악화; stress 0.00%p 악화; Sharpe 0.09 악화,MDD worsened,False,False,,기준 미통과: MDD worsened,"{""AAPL"": 38.293199, ""GLD"": 40.352583, ""MSFT"": 21.354218}","{""032830.KS"": 2.5, ""114800.KS"": 2.5, ""AAPL"": 33.293199, ""GLD"": 40.352583, ""MSFT"": 21.354218}"
action_025,FAIL_ACTION,TRIM_AND_HEDGE,,REVIEW,,,,Y,LOW,76.3779,0.1,0.276846,action_quality_score,0.276846,14,D:0-49,grade_banded_final_score_v1,,,,,,,,,formal_rebalance_hedge_gate,FAIL,base_action_status_fail_action|cash_baseline_lag|linked_formal_gate_blocked|linked_recommendation_not_formal|mdd_after_cost_not_improved|stress_after_cost_not_improved,recession_liquidity_stress,침체·유동성 스트레스,recession_liquidity_stress,acute_global_stress_liquidity_crunch|slowdown_recession_deflation_risk,AAPL,AAPL,GLD,114800.KS|105560.KS,114800.KS,114800.KS + 105560.KS,FAIL_GATE,FAIL_GATE,VALIDATION_NOT_ELIGIBLE,fail_gate|validation_not_eligible|return_drag_reference,하드 게이트 실패 - Do not promote until the failing gate is resolved.; validation not eligible - Keep blocked or rebuild the candidate with valid backtest inputs.; 수익률 훼손 검토 필요 - Confirm risk reduction compensates for return drag before promotion.,0,0,0,0,linked_recommendation_evidence_after_backtest,,"Action formal gate failed: base_action_status_fail_action, cash_baseline_lag, linked_formal_gate_blocked, linked_recommendation_not_formal, mdd_after_cost_not_improved, stress_after_cost_not_improved","{""alternatives"": [{""available"": true, ""cvar"": -0.02483634371736864, ""estimated_cost_bps"": 0.0, ""mdd"": -0.18387294305097468, ""name"": ""current"", ""stress"": 0.0005262622892426304, ""turnover_pct"": 0.0, ""why_not_chosen_ko"": ""baseline portfolio""}, {""available"": true, ""cvar_delta_after_cost"": 0.00159714, ""estimated_cost_bps"": 25.0, ""mdd_delta_after_cost"": -0.02199111, ""name"": ""trim_hedge"", ""stress_delta_after_cost"": -1.68e-05, ""turnover_pct"": 10.000001, ""why_not_chosen_ko"": """"}, {""available"": true, ""cvar_delta_after_cost"": 0.00164357, ""estimated_cost_bps"": 25.0, ""mdd_delta_after_cost"": 0.01561274, ""name"": ""trim_cash"", ""stress_delta_after_cost"": -1.695e-05, ""turnover_pct"": 10.000001, ""why_not_chosen_ko"": ""cash baseline was compared against the trim+hedge action""}, {""available"": true, ""cvar_delta_after_cost"": 0.0, ""estimated_cost_bps"": 0.0, ""mdd_delta_after_cost"": 0.0, ""name"": ""hold"", ""stress_delta_after_cost"": 0.0, ""turnover_pct"": 0.0, ""why_not_chosen_ko"": ""does not reduce the active scenario vulnerability""}]}",4,0.00159714,-0.02199111,-1.68e-05,25.0,0.00025,ASSUMED_LIQUID_UNIVERSE,Y,Y,Y,Y,LAGS_CASH,ACTION_BOOTSTRAP_PASS,ACTION_BOOTSTRAP_PASS,Y,"{""concentration_cap_pct"": 50.0, ""max_candidate_weight_pct"": 20.0, ""max_turnover_pct"": 20.0, ""min_existing_kept_pct"": 80.0, ""profile_source"": ""system_default""}",,0.10671306,0.0805447,-0.02616836,24.5222,71.7403,71.7403,71.7403,38.293199,33.293199,38.293199,33.293199,0.0,2.5,-0.02483634371736864,-0.023239201768055724,0.00159714,-0.18387294305097468,-0.2058640557018393,-0.02199111,0.7825361187040929,0.722625506989571,-0.05991061,0.0005262622892426304,0.0005094644581969013,-1.68e-05,1.312400272613588,1.200187862024774,-0.11221241,computed_from_action_before_after_weights,,10.000001,95.0,5.0,PASS,MDD worsened,"침체·유동성 스트레스 취약성을 만든 AAPL에 대해 114800.KS, 105560.KS로 원인 보유자산 일부 축소 후 헷지를 적용하면 sleeve 취약도 변화가 -0.0262입니다. 정식 추천 기준은 미달해 검토 후보입니다.",기준 미통과: MDD worsened,"114800.KS + 105560.KS 조정은 침체·유동성 스트레스 취약성은 일부 낮춰도 핵심 리스크 지표가 악화되어 실행 기준 미통과입니다. (CVaR 개선, MDD 악화, stress 악화)",취약성 0.0262 감소; CVaR 0.16%p 개선; MDD 2.20%p 악화; stress 0.00%p 악화; Sharpe 0.11 악화,MDD worsened,False,False,,기준 미통과: MDD worsened,"{""AAPL"": 38.293199, ""GLD"": 40.352583, ""MSFT"": 21.354218}","{""105560.KS"": 2.5, ""114800.KS"": 2.5, ""AAPL"": 33.293199, ""GLD"": 40.352583, ""MSFT"": 21.354218}"
action_023,FAIL_ACTION,TRIM_AND_HEDGE,,REVIEW,,,,Y,LOW,76.4326,0.1,0.251247,action_quality_score,0.251247,12,D:0-49,grade_banded_final_score_v1,,,,,,,,,formal_rebalance_hedge_gate,FAIL,base_action_status_fail_action|cash_baseline_lag|linked_formal_gate_blocked|linked_recommendation_not_formal|mdd_after_cost_not_improved|stress_after_cost_not_improved,recession_liquidity_stress,침체·유동성 스트레스,recession_liquidity_stress,acute_global_stress_liquidity_crunch|slowdown_recession_deflation_risk,AAPL,AAPL,GLD,114800.KS|005930.KS,114800.KS,114800.KS + 005930.KS,FAIL_GATE,FAIL_GATE,VALIDATION_NOT_ELIGIBLE,fail_gate|validation_not_eligible|return_drag_reference,하드 게이트 실패 - Do not promote until the failing gate is resolved.; validation not eligible - Keep blocked or rebuild the candidate with valid backtest inputs.; 수익률 훼손 검토 필요 - Confirm risk reduction compensates for return drag before promotion.,0,0,0,0,linked_recommendation_evidence_after_backtest,,"Action formal gate failed: base_action_status_fail_action, cash_baseline_lag, linked_formal_gate_blocked, linked_recommendation_not_formal, mdd_after_cost_not_improved, stress_after_cost_not_improved","{""alternatives"": [{""available"": true, ""cvar"": -0.02483634371736864, ""estimated_cost_bps"": 0.0, ""mdd"": -0.18387294305097468, ""name"": ""current"", ""stress"": 0.0005262622892426304, ""turnover_pct"": 0.0, ""why_not_chosen_ko"": ""baseline portfolio""}, {""available"": true, ""cvar_delta_after_cost"": 0.00157445, ""estimated_cost_bps"": 25.0, ""mdd_delta_after_cost"": -0.02311722, ""name"": ""trim_hedge"", ""stress_delta_after_cost"": -0.00010737, ""turnover_pct"": 10.000001, ""why_not_chosen_ko"": """"}, {""available"": true, ""cvar_delta_after_cost"": 0.00164357, ""estimated_cost_bps"": 25.0, ""mdd_delta_after_cost"": 0.01561274, ""name"": ""trim_cash"", ""stress_delta_after_cost"": -1.695e-05, ""turnover_pct"": 10.000001, ""why_not_chosen_ko"": ""cash baseline was compared against the trim+hedge action""}, {""available"": true, ""cvar_delta_after_cost"": 0.0, ""estimated_cost_bps"": 0.0, ""mdd_delta_after_cost"": 0.0, ""name"": ""hold"", ""stress_delta_after_cost"": 0.0, ""turnover_pct"": 0.0, ""why_not_chosen_ko"": ""does not reduce the active scenario vulnerability""}]}",4,0.00157445,-0.02311722,-0.00010737,25.0,0.00025,ASSUMED_LIQUID_UNIVERSE,Y,Y,Y,Y,LAGS_CASH,ACTION_BOOTSTRAP_PASS,UNCERTAIN,Y,"{""concentration_cap_pct"": 50.0, ""max_candidate_weight_pct"": 20.0, ""max_turnover_pct"": 20.0, ""min_existing_kept_pct"": 80.0, ""profile_source"": ""system_default""}",,0.10671306,0.08330735,-0.02340571,21.9333,71.7403,71.7403,71.7403,38.293199,33.293199,38.293199,33.293199,0.0,2.5,-0.02483634371736864,-0.0232618978589305,0.00157445,-0.18387294305097468,-0.20699015893109074,-0.02311722,0.7825361187040929,0.7231352577426264,-0.05940086,0.0005262622892426304,0.00041889167526529,-0.00010737,1.312400272613588,1.2056572860222958,-0.10674299,computed_from_action_before_after_weights,,10.000001,95.0,5.0,PASS,MDD worsened; stress worsened,"침체·유동성 스트레스 취약성을 만든 AAPL에 대해 114800.KS, 005930.KS로 원인 보유자산 일부 축소 후 헷지를 적용하면 sleeve 취약도 변화가 -0.0234입니다. 정식 추천 기준은 미달해 검토 후보입니다.",기준 미통과: MDD worsened; stress worsened,"114800.KS + 005930.KS 조정은 침체·유동성 스트레스 취약성은 일부 낮춰도 핵심 리스크 지표가 악화되어 실행 기준 미통과입니다. (CVaR 개선, MDD 악화, stress 악화)",취약성 0.0234 감소; CVaR 0.16%p 개선; MDD 2.31%p 악화; stress 0.01%p 악화; Sharpe 0.11 악화,MDD worsened; stress worsened,False,False,,기준 미통과: MDD worsened; stress worsened,"{""AAPL"": 38.293199, ""GLD"": 40.352583, ""MSFT"": 21.354218}","{""005930.KS"": 2.5, ""114800.KS"": 2.5, ""AAPL"": 33.293199, ""GLD"": 40.352583, ""MSFT"": 21.354218}"
action_017,FAIL_ACTION,TRIM_AND_HEDGE,REVIEW_REQUIRED,REVIEW,,,,Y,LOW,76.6182,0.1,0.251866,action_quality_score,0.251866,12,D:0-49,grade_banded_final_score_v1,,,,,,,,,formal_rebalance_hedge_gate,FAIL,base_action_status_fail_action|bootstrap_not_robust|cash_baseline_lag|linked_formal_gate_blocked|linked_recommendation_not_formal|mdd_after_cost_not_improved|stress_after_cost_not_improved,recession_liquidity_stress,침체·유동성 스트레스,recession_liquidity_stress,acute_global_stress_liquidity_crunch|slowdown_recession_deflation_risk,AAPL,AAPL,GLD,153130.KS|017670.KS,153130.KS,153130.KS + 017670.KS,FAIL_GATE,FAIL_GATE,VALIDATION_NOT_ELIGIBLE,fail_gate|validation_not_eligible|liquidity_below_formal,하드 게이트 실패 - Do not promote until the failing gate is resolved.; validation not eligible - Keep blocked or rebuild the candidate with valid backtest inputs.; 유동성 기준 미달 - Refresh ADV evidence or exclude the candidate from formal recommendations.,0,0,0,0,linked_recommendation_evidence_after_backtest,,"Action formal gate failed: base_action_status_fail_action, bootstrap_not_robust, cash_baseline_lag, linked_formal_gate_blocked, linked_recommendation_not_formal, mdd_after_cost_not_improved, stress_after_cost_not_improved","{""alternatives"": [{""available"": true, ""cvar"": -0.02483634371736864, ""estimated_cost_bps"": 0.0, ""mdd"": -0.18387294305097468, ""name"": ""current"", ""stress"": 0.0005262622892426304, ""turnover_pct"": 0.0, ""why_not_chosen_ko"": ""baseline portfolio""}, {""available"": true, ""cvar_delta_after_cost"": 0.00165193, ""estimated_cost_bps"": 25.0, ""mdd_delta_after_cost"": -0.02424555, ""name"": ""trim_hedge"", ""stress_delta_after_cost"": -0.00013414, ""turnover_pct"": 10.000001, ""why_not_chosen_ko"": """"}, {""available"": true, ""cvar_delta_after_cost"": 0.00164357, ""estimated_cost_bps"": 25.0, ""mdd_delta_after_cost"": 0.01561274, ""name"": ""trim_cash"", ""stress_delta_after_cost"": -1.695e-05, ""turnover_pct"": 10.000001, ""why_not_chosen_ko"": ""cash baseline was compared against the trim+hedge action""}, {""available"": true, ""cvar_delta_after_cost"": 0.0, ""estimated_cost_bps"": 0.0, ""mdd_delta_after_cost"": 0.0, ""name"": ""hold"", ""stress_delta_after_cost"": 0.0, ""turnover_pct"": 0.0, ""why_not_chosen_ko"": ""does not reduce the active scenario vulnerability""}]}",4,0.00165193,-0.02424555,-0.00013414,25.0,0.00025,ASSUMED_LIQUID_UNIVERSE,Y,Y,Y,Y,LAGS_CASH,UNCERTAIN,UNCERTAIN,Y,"{""concentration_cap_pct"": 50.0, ""max_candidate_weight_pct"": 20.0, ""max_turnover_pct"": 20.0, ""min_existing_kept_pct"": 80.0, ""profile_source"": ""system_default""}",,0.10671306,0.08361104,-0.02310203,21.6487,71.7403,71.7403,71.7403,38.293199,33.293199,38.293199,33.293199,0.0,2.5,-0.02483634371736864,-0.023184415437481846,0.00165193,-0.18387294305097468,-0.20811849096921387,-0.02424555,0.7825361187040929,0.720676335612769,-0.06185978,0.0005262622892426304,0.00039212409943008747,-0.00013414,1.312400272613588,1.2242182713268632,-0.088182,computed_from_action_before_after_weights,,10.000001,95.0,5.0,PASS,MDD worsened; stress worsened,"침체·유동성 스트레스 취약성을 만든 AAPL에 대해 153130.KS, 017670.KS로 원인 보유자산 일부 축소 후 헷지를 적용하면 sleeve 취약도 변화가 -0.0231입니다. 정식 추천 기준은 미달해 검토 후보입니다.",기준 미통과: MDD worsened; stress worsened,"153130.KS + 017670.KS 조정은 침체·유동성 스트레스 취약성은 일부 낮춰도 핵심 리스크 지표가 악화되어 실행 기준 미통과입니다. (CVaR 개선, MDD 악화, stress 악화)",취약성 0.0231 감소; CVaR 0.17%p 개선; MDD 2.42%p 악화; stress 0.01%p 악화; Sharpe 0.09 악화,MDD worsened; stress worsened,False,False,,기준 미통과: MDD worsened; stress worsened,"{""AAPL"": 38.293199, ""GLD"": 40.352583, ""MSFT"": 21.354218}","{""017670.KS"": 2.5, ""153130.KS"": 2.5, ""AAPL"": 33.293199, ""GLD"": 40.352583, ""MSFT"": 21.354218}"
action_019,FAIL_ACTION,TRIM_AND_HEDGE,REVIEW_REQUIRED,REVIEW,,,,Y,LOW,76.7915,0.1,0.249682,action_quality_score,0.249682,12,D:0-49,grade_banded_final_score_v1,,,,,,,,,formal_rebalance_hedge_gate,FAIL,base_action_status_fail_action|bootstrap_not_robust|cash_baseline_lag|linked_formal_gate_blocked|linked_recommendation_not_formal|mdd_after_cost_not_improved|stress_after_cost_not_improved,recession_liquidity_stress,침체·유동성 스트레스,recession_liquidity_stress,acute_global_stress_liquidity_crunch|slowdown_recession_deflation_risk,AAPL,AAPL,GLD,132030.KS|017670.KS,132030.KS,132030.KS + 017670.KS,FAIL_GATE,FAIL_GATE,VALIDATION_NOT_ELIGIBLE,fail_gate|validation_not_eligible|liquidity_below_formal,하드 게이트 실패 - Do not promote until the failing gate is resolved.; validation not eligible - Keep blocked or rebuild the candidate with valid backtest inputs.; 유동성 기준 미달 - Refresh ADV evidence or exclude the candidate from formal recommendations.,0,0,0,0,linked_recommendation_evidence_after_backtest,,"Action formal gate failed: base_action_status_fail_action, bootstrap_not_robust, cash_baseline_lag, linked_formal_gate_blocked, linked_recommendation_not_formal, mdd_after_cost_not_improved, stress_after_cost_not_improved","{""alternatives"": [{""available"": true, ""cvar"": -0.02483634371736864, ""estimated_cost_bps"": 0.0, ""mdd"": -0.18387294305097468, ""name"": ""current"", ""stress"": 0.0005262622892426304, ""turnover_pct"": 0.0, ""why_not_chosen_ko"": ""baseline portfolio""}, {""available"": true, ""cvar_delta_after_cost"": 0.00168609, ""estimated_cost_bps"": 25.0, ""mdd_delta_after_cost"": -0.02435709, ""name"": ""trim_hedge"", ""stress_delta_after_cost"": -0.00015503, ""turnover_pct"": 10.000001, ""why_not_chosen_ko"": """"}, {""available"": true, ""cvar_delta_after_cost"": 0.00164357, ""estimated_cost_bps"": 25.0, ""mdd_delta_after_cost"": 0.01561274, ""name"": ""trim_cash"", ""stress_delta_after_cost"": -1.695e-05, ""turnover_pct"": 10.000001, ""why_not_chosen_ko"": ""cash baseline was compared against the trim+hedge action""}, {""available"": true, ""cvar_delta_after_cost"": 0.0, ""estimated_cost_bps"": 0.0, ""mdd_delta_after_cost"": 0.0, ""name"": ""hold"", ""stress_delta_after_cost"": 0.0, ""turnover_pct"": 0.0, ""why_not_chosen_ko"": ""does not reduce the active scenario vulnerability""}]}",4,0.00168609,-0.02435709,-0.00015503,25.0,0.00025,ASSUMED_LIQUID_UNIVERSE,Y,Y,Y,Y,LAGS_CASH,UNCERTAIN,UNCERTAIN,Y,"{""concentration_cap_pct"": 50.0, ""max_candidate_weight_pct"": 20.0, ""max_turnover_pct"": 20.0, ""min_existing_kept_pct"": 80.0, ""profile_source"": ""system_default""}",,0.10671306,0.08402048,-0.02269258,21.265,71.7403,71.7403,71.7403,38.293199,33.293199,38.293199,33.293199,0.0,2.5,-0.02483634371736864,-0.023150258515589453,0.00168609,-0.18387294305097468,-0.20823002968033466,-0.02435709,0.7825361187040929,0.7180580815067078,-0.06447804,0.0005262622892426304,0.00037123056118992966,-0.00015503,1.312400272613588,1.2415550482818085,-0.07084522,computed_from_action_before_after_weights,,10.000001,95.0,5.0,PASS,MDD worsened; stress worsened,"침체·유동성 스트레스 취약성을 만든 AAPL에 대해 132030.KS, 017670.KS로 원인 보유자산 일부 축소 후 헷지를 적용하면 sleeve 취약도 변화가 -0.0227입니다. 정식 추천 기준은 미달해 검토 후보입니다.",기준 미통과: MDD worsened; stress worsened,"132030.KS + 017670.KS 조정은 침체·유동성 스트레스 취약성은 일부 낮춰도 핵심 리스크 지표가 악화되어 실행 기준 미통과입니다. (CVaR 개선, MDD 악화, stress 악화)",취약성 0.0227 감소; CVaR 0.17%p 개선; MDD 2.44%p 악화; stress 0.02%p 악화; Sharpe 0.07 악화,MDD worsened; stress worsened,False,False,,기준 미통과: MDD worsened; stress worsened,"{""AAPL"": 38.293199, ""GLD"": 40.352583, ""MSFT"": 21.354218}","{""017670.KS"": 2.5, ""132030.KS"": 2.5, ""AAPL"": 33.293199, ""GLD"": 40.352583, ""MSFT"": 21.354218}"
action_015,FAIL_ACTION,TRIM_AND_HEDGE,REVIEW_REQUIRED,REVIEW,,,,Y,LOW,76.593,0.5930821295388616,0.355868,linked_final_score,0.5930821295388616,29,D:0-49,grade_banded_final_score_v1,0.7789041670770432,1.0,growth_beta|rate_shock_growth_duration|recession_liquidity_stress|usd_exposure|geopolitical_supply_chain|gold,cash_like|korea_domestic_credit|kr_short_bond|rate_shock_growth_duration|usdkrw_fx_korea,Y,Y,Y,D,formal_rebalance_hedge_gate,FAIL,base_action_status_fail_action|bootstrap_not_robust|cash_baseline_lag|linked_formal_gate_blocked|linked_recommendation_not_formal|mdd_after_cost_not_improved|stress_after_cost_not_improved,recession_liquidity_stress,침체·유동성 스트레스,recession_liquidity_stress,acute_global_stress_liquidity_crunch|slowdown_recession_deflation_risk,AAPL,AAPL,GLD,153130.KS,153130.KS,153130.KS,FAIL_GATE,FAIL_GATE,VALIDATION_NOT_ELIGIBLE,fail_gate|validation_not_eligible|return_drag_reference,하드 게이트 실패 - Do not promote until the failing gate is resolved.; validation not eligible - Keep blocked or rebuild the candidate with valid backtest inputs.; 수익률 훼손 검토 필요 - Confirm risk reduction compensates for return drag before promotion.,0,0,0,0,linked_recommendation_evidence_after_backtest,,"Action formal gate failed: base_action_status_fail_action, bootstrap_not_robust, cash_baseline_lag, linked_formal_gate_blocked, linked_recommendation_not_formal, mdd_after_cost_not_improved, stress_after_cost_not_improved","{""alternatives"": [{""available"": true, ""cvar"": -0.02483634371736864, ""estimated_cost_bps"": 0.0, ""mdd"": -0.18387294305097468, ""name"": ""current"", ""stress"": 0.0005262622892426304, ""turnover_pct"": 0.0, ""why_not_chosen_ko"": ""baseline portfolio""}, {""available"": true, ""cvar_delta_after_cost"": 0.00159157, ""estimated_cost_bps"": 25.0, ""mdd_delta_after_cost"": -0.02377555, ""name"": ""trim_hedge"", ""stress_delta_after_cost"": -9.166e-05, ""turnover_pct"": 10.000001, ""why_not_chosen_ko"": """"}, {""available"": true, ""cvar_delta_after_cost"": 0.00164357, ""estimated_cost_bps"": 25.0, ""mdd_delta_after_cost"": 0.01561274, ""name"": ""trim_cash"", ""stress_delta_after_cost"": -1.695e-05, ""turnover_pct"": 10.000001, ""why_not_chosen_ko"": ""cash baseline was compared against the trim+hedge action""}, {""available"": true, ""cvar_delta_after_cost"": 0.0, ""estimated_cost_bps"": 0.0, ""mdd_delta_after_cost"": 0.0, ""name"": ""hold"", ""stress_delta_after_cost"": 0.0, ""turnover_pct"": 0.0, ""why_not_chosen_ko"": ""does not reduce the active scenario vulnerability""}]}",4,0.00159157,-0.02377555,-9.166e-05,25.0,0.00025,ASSUMED_LIQUID_UNIVERSE,Y,Y,Y,Y,LAGS_CASH,UNCERTAIN,ROBUST_IMPROVE,Y,"{""concentration_cap_pct"": 50.0, ""max_candidate_weight_pct"": 20.0, ""max_turnover_pct"": 20.0, ""min_existing_kept_pct"": 80.0, ""profile_source"": ""system_default""}",,0.10671306,0.08971893,-0.01699414,15.9251,71.7403,71.7403,71.7403,38.293199,33.293199,38.293199,33.293199,0.0,5.0,-0.02483634371736864,-0.023244776999846246,0.00159157,-0.18387294305097468,-0.20764848993071472,-0.02377555,0.7825361187040929,0.7234858633312726,-0.05905026,0.0005262622892426304,0.00043460386526965225,-9.166e-05,1.312400272613588,1.2216957775608122,-0.0907045,computed_from_action_before_after_weights,,10.000001,95.0,5.0,PASS,MDD worsened,침체·유동성 스트레스 취약성을 만든 AAPL에 대해 153130.KS로 원인 보유자산 일부 축소 후 헷지를 적용하면 sleeve 취약도 변화가 -0.0170입니다. 정식 추천 기준은 미달해 검토 후보입니다.,기준 미통과: MDD worsened,"153130.KS 조정은 침체·유동성 스트레스 취약성은 일부 낮춰도 핵심 리스크 지표가 악화되어 실행 기준 미통과입니다. (CVaR 개선, MDD 악화, stress 악화)",취약성 0.0170 감소; CVaR 0.16%p 개선; MDD 2.38%p 악화; stress 0.01%p 악화; Sharpe 0.09 악화,MDD worsened,False,False,,기준 미통과: MDD worsened,"{""AAPL"": 38.293199, ""GLD"": 40.352583, ""MSFT"": 21.354218}","{""153130.KS"": 5.0, ""AAPL"": 33.293199, ""GLD"": 40.352583, ""MSFT"": 21.354218}"
action_020,FAIL_ACTION,ADD_HEDGE,,REVIEW,,,,Y,LOW,76.0142,0.1,0.140541,action_quality_score,0.140541,7,D:0-49,grade_banded_final_score_v1,,,,,,,,,formal_rebalance_hedge_gate,FAIL,base_action_status_fail_action|cash_baseline_lag|linked_formal_gate_blocked|linked_recommendation_not_formal|mdd_after_cost_not_improved|not_trim_and_hedge|stress_after_cost_not_improved,recession_liquidity_stress,침체·유동성 스트레스,recession_liquidity_stress,acute_global_stress_liquidity_crunch|slowdown_recession_deflation_risk,AAPL|MSFT,AAPL,GLD,114800.KS|017670.KS,114800.KS,114800.KS + 017670.KS,FAIL_GATE,FAIL_GATE,VALIDATION_NOT_ELIGIBLE,fail_gate|validation_not_eligible|return_drag_reference,하드 게이트 실패 - Do not promote until the failing gate is resolved.; validation not eligible - Keep blocked or rebuild the candidate with valid backtest inputs.; 수익률 훼손 검토 필요 - Confirm risk reduction compensates for return drag before promotion.,0,0,0,0,linked_recommendation_evidence_after_backtest,,"Action formal gate failed: base_action_status_fail_action, cash_baseline_lag, linked_formal_gate_blocked, linked_recommendation_not_formal, mdd_after_cost_not_improved, not_trim_and_hedge, stress_after_cost_not_improved","{""alternatives"": [{""available"": true, ""cvar"": -0.02483634371736864, ""estimated_cost_bps"": 0.0, ""mdd"": -0.18387294305097468, ""name"": ""current"", ""stress"": 0.0005262622892426304, ""turnover_pct"": 0.0, ""why_not_chosen_ko"": ""baseline portfolio""}, {""available"": true, ""cvar_delta_after_cost"": 0.00069565, ""estimated_cost_bps"": 25.0, ""mdd_delta_after_cost"": -0.03547052, ""name"": ""trim_hedge"", ""stress_delta_after_cost"": -2.982e-05, ""turnover_pct"": 5.812401, ""why_not_chosen_ko"": """"}, {""available"": true, ""cvar_delta_after_cost"": 0.00056127, ""estimated_cost_bps"": 25.0, ""mdd_delta_after_cost"": 0.00505343, ""name"": ""trim_cash"", ""stress_delta_after_cost"": -1.252e-05, ""turnover_pct"": 5.812401, ""why_not_chosen_ko"": ""cash baseline was compared against the trim+hedge action""}, {""available"": true, ""cvar_delta_after_cost"": 0.0, ""estimated_cost_bps"": 0.0, ""mdd_delta_after_cost"": 0.0, ""name"": ""hold"", ""stress_delta_after_cost"": 0.0, ""turnover_pct"": 0.0, ""why_not_chosen_ko"": ""does not reduce the active scenario vulnerability""}]}",4,0.00069565,-0.03547052,-2.982e-05,25.0,0.00014531,ASSUMED_LIQUID_UNIVERSE,Y,Y,Y,Y,LAGS_CASH,ACTION_BOOTSTRAP_PASS,ROBUST_IMPROVE,Y,"{""concentration_cap_pct"": 50.0, ""max_candidate_weight_pct"": 20.0, ""max_turnover_pct"": 20.0, ""min_existing_kept_pct"": 80.0, ""profile_source"": ""system_default""}",,0.10671306,0.09149621,-0.01521685,14.2596,100.0,100.0,100.0,38.293199,37.180322,38.293199,37.180322,0.0,1.4531,-0.02483634371736864,-0.024140698278363088,0.00069565,-0.18387294305097468,-0.21934346467798926,-0.03547052,0.7825361187040929,0.7584265222038507,-0.0241096,0.0005262622892426304,0.000496445617983019,-2.982e-05,1.312400272613588,1.163818774966538,-0.1485815,computed_from_action_before_after_weights,,5.812401,97.093799,5.0,PASS,MDD worsened,"침체·유동성 스트레스 취약성을 만든 AAPL, MSFT에 대해 114800.KS, 017670.KS로 추가 헷지를 적용하면 sleeve 취약도 변화가 -0.0152입니다. 정식 추천 기준은 미달해 검토 후보입니다.",기준 미통과: MDD worsened,"114800.KS + 017670.KS 조정은 침체·유동성 스트레스 취약성은 일부 낮춰도 핵심 리스크 지표가 악화되어 실행 기준 미통과입니다. (CVaR 개선, MDD 악화, stress 악화)",취약성 0.0152 감소; CVaR 0.07%p 개선; MDD 3.55%p 악화; stress 0.00%p 악화; Sharpe 0.15 악화,MDD worsened,False,False,,기준 미통과: MDD worsened,"{""AAPL"": 38.293199, ""GLD"": 40.352583, ""MSFT"": 21.354218}","{""017670.KS"": 1.4531, ""114800.KS"": 1.4531, ""AAPL"": 37.180322, ""GLD"": 39.179856, ""MSFT"": 20.733621}"
action_026,FAIL_ACTION,ADD_HEDGE,,REVIEW,,,,Y,LOW,76.1987,0.1,0.095894,action_quality_score,0.095894,5,D:0-49,grade_banded_final_score_v1,,,,,,,,,formal_rebalance_hedge_gate,FAIL,base_action_status_fail_action|cash_baseline_lag|linked_formal_gate_blocked|linked_recommendation_not_formal|mdd_after_cost_not_improved|not_trim_and_hedge|stress_after_cost_not_improved,recession_liquidity_stress,침체·유동성 스트레스,recession_liquidity_stress,acute_global_stress_liquidity_crunch|slowdown_recession_deflation_risk,AAPL|MSFT,AAPL,GLD,114800.KS|000810.KS,114800.KS,114800.KS + 000810.KS,FAIL_GATE,FAIL_GATE,VALIDATION_NOT_ELIGIBLE,fail_gate|validation_not_eligible|return_drag_reference,하드 게이트 실패 - Do not promote until the failing gate is resolved.; validation not eligible - Keep blocked or rebuild the candidate with valid backtest inputs.; 수익률 훼손 검토 필요 - Confirm risk reduction compensates for return drag before promotion.,0,0,0,0,linked_recommendation_evidence_after_backtest,,"Action formal gate failed: base_action_status_fail_action, cash_baseline_lag, linked_formal_gate_blocked, linked_recommendation_not_formal, mdd_after_cost_not_improved, not_trim_and_hedge, stress_after_cost_not_improved","{""alternatives"": [{""available"": true, ""cvar"": -0.02483634371736864, ""estimated_cost_bps"": 0.0, ""mdd"": -0.18387294305097468, ""name"": ""current"", ""stress"": 0.0005262622892426304, ""turnover_pct"": 0.0, ""why_not_chosen_ko"": ""baseline portfolio""}, {""available"": true, ""cvar_delta_after_cost"": 0.00071741, ""estimated_cost_bps"": 25.0, ""mdd_delta_after_cost"": -0.03419701, ""name"": ""trim_hedge"", ""stress_delta_after_cost"": -2.861e-05, ""turnover_pct"": 5.812401, ""why_not_chosen_ko"": """"}, {""available"": true, ""cvar_delta_after_cost"": 0.00056127, ""estimated_cost_bps"": 25.0, ""mdd_delta_after_cost"": 0.00505343, ""name"": ""trim_cash"", ""stress_delta_after_cost"": -1.252e-05, ""turnover_pct"": 5.812401, ""why_not_chosen_ko"": ""cash baseline was compared against the trim+hedge action""}, {""available"": true, ""cvar_delta_after_cost"": 0.0, ""estimated_cost_bps"": 0.0, ""mdd_delta_after_cost"": 0.0, ""name"": ""hold"", ""stress_delta_after_cost"": 0.0, ""turnover_pct"": 0.0, ""why_not_chosen_ko"": ""does not reduce the active scenario vulnerability""}]}",4,0.00071741,-0.03419701,-2.861e-05,25.0,0.00014531,ASSUMED_LIQUID_UNIVERSE,Y,Y,Y,Y,LAGS_CASH,ACTION_BOOTSTRAP_PASS,ROBUST_IMPROVE,Y,"{""concentration_cap_pct"": 50.0, ""max_candidate_weight_pct"": 20.0, ""max_turnover_pct"": 20.0, ""min_existing_kept_pct"": 80.0, ""profile_source"": ""system_default""}",,0.10671306,0.09661002,-0.01010304,9.4675,100.0,100.0,100.0,38.293199,37.180322,38.293199,37.180322,0.0,1.4531,-0.02483634371736864,-0.024118934789445684,0.00071741,-0.18387294305097468,-0.21806995036926669,-0.03419701,0.7825361187040929,0.7589046300727315,-0.02363149,0.0005262622892426304,0.0004976491346096911,-2.861e-05,1.312400272613588,1.1822727601200982,-0.13012751,computed_from_action_before_after_weights,,5.812401,97.093799,5.0,PASS,MDD worsened,"침체·유동성 스트레스 취약성을 만든 AAPL, MSFT에 대해 114800.KS, 000810.KS로 추가 헷지를 적용하면 sleeve 취약도 변화가 -0.0101입니다. 정식 추천 기준은 미달해 검토 후보입니다.",기준 미통과: MDD worsened,"114800.KS + 000810.KS 조정은 침체·유동성 스트레스 취약성은 일부 낮춰도 핵심 리스크 지표가 악화되어 실행 기준 미통과입니다. (CVaR 개선, MDD 악화, stress 악화)",취약성 0.0101 감소; CVaR 0.07%p 개선; MDD 3.42%p 악화; stress 0.00%p 악화; Sharpe 0.13 악화,MDD worsened,False,False,,기준 미통과: MDD worsened,"{""AAPL"": 38.293199, ""GLD"": 40.352583, ""MSFT"": 21.354218}","{""000810.KS"": 1.4531, ""114800.KS"": 1.4531, ""AAPL"": 37.180322, ""GLD"": 39.179856, ""MSFT"": 20.733621}"
action_054,REVIEW_ACTION,REPLACE_SLEEVE,,REVIEW,C,C. 검토 후보,방향성은 맞지만 공식 처방이라 부르기에는 근거 또는 제약 검증이 부족합니다.,Y,LOW,85.0,0.0,0.732015,action_quality_score,0.732015,64,C:50-69,grade_banded_final_score_v1,,,,,,,,,formal_rebalance_hedge_gate,FAIL,linked_recommendation_not_formal|not_trim_and_hedge|stress_after_cost_not_improved,semiconductor_ai_cycle,AI·반도체 사이클,semiconductor_ai_cycle,semiconductor_ai_cycle_shock,AAPL|MSFT,AAPL,GLD,PSQ,PSQ,PSQ,REFERENCE_ONLY,,,,,,,,,,,"Action formal gate failed: linked_recommendation_not_formal, not_trim_and_hedge, stress_after_cost_not_improved","{""alternatives"": [{""available"": true, ""cvar"": -0.02483634371736864, ""estimated_cost_bps"": 0.0, ""mdd"": -0.18387294305097468, ""name"": ""current"", ""stress"": 0.0005262622892426304, ""turnover_pct"": 0.0, ""why_not_chosen_ko"": ""baseline portfolio""}, {""available"": true, ""cvar_delta_after_cost"": 0.00407618, ""estimated_cost_bps"": 25.0, ""mdd_delta_after_cost"": 0.04517244, ""name"": ""trim_hedge"", ""stress_delta_after_cost"": -1.689e-05, ""turnover_pct"": 20.0, ""why_not_chosen_ko"": """"}, {""available"": true, ""cvar_delta_after_cost"": 0.00310421, ""estimated_cost_bps"": 25.0, ""mdd_delta_after_cost"": 0.02860641, ""name"": ""trim_cash"", ""stress_delta_after_cost"": -8.739e-05, ""turnover_pct"": 20.0, ""why_not_chosen_ko"": ""cash baseline was compared against the trim+hedge action""}, {""available"": true, ""cvar_delta_after_cost"": 0.0, ""estimated_cost_bps"": 0.0, ""mdd_delta_after_cost"": 0.0, ""name"": ""hold"", ""stress_delta_after_cost"": 0.0, ""turnover_pct"": 0.0, ""why_not_chosen_ko"": ""does not reduce the active scenario vulnerability""}]}",4,0.00407618,0.04517244,-1.689e-05,25.0,0.0005,ASSUMED_LIQUID_UNIVERSE,Y,Y,Y,Y,BEATS_CASH,ACTION_BOOTSTRAP_PASS,UNCERTAIN,Y,"{""concentration_cap_pct"": 50.0, ""max_candidate_weight_pct"": 20.0, ""max_turnover_pct"": 20.0, ""min_existing_kept_pct"": 80.0, ""profile_source"": ""system_default""}",,0.04147699,0.02808906,-0.01338792,32.278,100.0,100.0,100.0,38.293199,33.293199,38.293199,33.293199,0.0,10.0,-0.02483634371736864,-0.02076016719145742,0.00407618,-0.18387294305097468,-0.13870050575029502,0.04517244,0.7825361187040929,0.5902869117768919,-0.19224921,0.0005262622892426304,0.0005093764221007322,-1.689e-05,1.312400272613588,1.3695037036237516,0.05710343,computed_from_action_before_after_weights,,20.0,90.0,5.0,PASS,,"AI·반도체 사이클 취약성을 만든 AAPL, MSFT에 대해 PSQ로 위험 sleeve 일부 교체를 적용하면 sleeve 취약도 변화가 -0.0134입니다. 정식 추천 기준은 미달해 검토 후보입니다.",Action formal gate did not pass. Blockers: linked_recommendation_not_formal|not_trim_and_hedge|stress_after_cost_not_improved. Linked recommendation status is evidence only: REFERENCE_ONLY.,"PSQ 조정은 AI·반도체 사이클 취약성을 낮추는 검토안이며 전후 지표는 CVaR 개선, MDD 개선, stress 악화으로 확인됩니다.",취약성 0.0134 감소; CVaR 0.41%p 개선; MDD 4.52%p 개선; stress 0.00%p 악화; Sharpe 0.06 개선,FORMAL_ACTION excluded by action-level gate: linked_recommendation_not_formal|not_trim_and_hedge|stress_after_cost_not_improved,False,True,취약성 기여가 특정 sleeve에 강하게 집중되어 REPLACE_SLEEVE가 trim 대비 유사하거나 더 큰 개선을 보여 선택했습니다.,,"{""AAPL"": 38.293199, ""GLD"": 40.352583, ""MSFT"": 21.354218}","{""AAPL"": 33.293199, ""GLD"": 40.352583, ""MSFT"": 16.354218, ""PSQ"": 10.0}"
action_041,FAIL_ACTION,TRIM_AND_HEDGE,,REVIEW,,,,Y,LOW,76.593,0.5930821295388616,0.42808,linked_final_score,0.5930821295388616,29,D:0-49,grade_banded_final_score_v1,0.7789041670770432,1.0,growth_beta|rate_shock_growth_duration|recession_liquidity_stress|usd_exposure|geopolitical_supply_chain|gold,cash_like|korea_domestic_credit|kr_short_bond|rate_shock_growth_duration|usdkrw_fx_korea,Y,Y,Y,D,formal_rebalance_hedge_gate,FAIL,base_action_status_fail_action|cash_baseline_lag|linked_formal_gate_blocked|linked_recommendation_not_formal|mdd_after_cost_not_improved|stress_after_cost_not_improved,semiconductor_ai_cycle,AI·반도체 사이클,semiconductor_ai_cycle,semiconductor_ai_cycle_shock,AAPL,AAPL,GLD,153130.KS,153130.KS,153130.KS,FAIL_GATE,FAIL_GATE,VALIDATION_NOT_ELIGIBLE,fail_gate|validation_not_eligible|return_drag_reference,하드 게이트 실패 - Do not promote until the failing gate is resolved.; validation not eligible - Keep blocked or rebuild the candidate with valid backtest inputs.; 수익률 훼손 검토 필요 - Confirm risk reduction compensates for return drag before promotion.,0,0,0,0,linked_recommendation_evidence_after_backtest,,"Action formal gate failed: base_action_status_fail_action, cash_baseline_lag, linked_formal_gate_blocked, linked_recommendation_not_formal, mdd_after_cost_not_improved, stress_after_cost_not_improved","{""alternatives"": [{""available"": true, ""cvar"": -0.02483634371736864, ""estimated_cost_bps"": 0.0, ""mdd"": -0.18387294305097468, ""name"": ""current"", ""stress"": 0.0005262622892426304, ""turnover_pct"": 0.0, ""why_not_chosen_ko"": ""baseline portfolio""}, {""available"": true, ""cvar_delta_after_cost"": 0.00159157, ""estimated_cost_bps"": 25.0, ""mdd_delta_after_cost"": -0.02377555, ""name"": ""trim_hedge"", ""stress_delta_after_cost"": -9.166e-05, ""turnover_pct"": 10.000001, ""why_not_chosen_ko"": """"}, {""available"": true, ""cvar_delta_after_cost"": 0.00164357, ""estimated_cost_bps"": 25.0, ""mdd_delta_after_cost"": 0.01561274, ""name"": ""trim_cash"", ""stress_delta_after_cost"": -1.695e-05, ""turnover_pct"": 10.000001, ""why_not_chosen_ko"": ""cash baseline was compared against the trim+hedge action""}, {""available"": true, ""cvar_delta_after_cost"": 0.0, ""estimated_cost_bps"": 0.0, ""mdd_delta_after_cost"": 0.0, ""name"": ""hold"", ""stress_delta_after_cost"": 0.0, ""turnover_pct"": 0.0, ""why_not_chosen_ko"": ""does not reduce the active scenario vulnerability""}]}",4,0.00159157,-0.02377555,-9.166e-05,25.0,0.00025,ASSUMED_LIQUID_UNIVERSE,Y,Y,Y,Y,LAGS_CASH,ACTION_BOOTSTRAP_PASS,ROBUST_IMPROVE,Y,"{""concentration_cap_pct"": 50.0, ""max_candidate_weight_pct"": 20.0, ""max_turnover_pct"": 20.0, ""min_existing_kept_pct"": 80.0, ""profile_source"": ""system_default""}",,0.04147699,0.03093552,-0.01054147,25.4152,68.3781,68.3781,68.3781,38.293199,33.293199,38.293199,33.293199,0.0,5.0,-0.02483634371736864,-0.023244776999846246,0.00159157,-0.18387294305097468,-0.20764848993071472,-0.02377555,0.7825361187040929,0.7234858633312726,-0.05905026,0.0005262622892426304,0.00043460386526965225,-9.166e-05,1.312400272613588,1.2216957775608122,-0.0907045,computed_from_action_before_after_weights,,10.000001,95.0,5.0,PASS,MDD worsened,AI·반도체 사이클 취약성을 만든 AAPL에 대해 153130.KS로 원인 보유자산 일부 축소 후 헷지를 적용하면 sleeve 취약도 변화가 -0.0105입니다. 정식 추천 기준은 미달해 검토 후보입니다.,기준 미통과: MDD worsened,"153130.KS 조정은 AI·반도체 사이클 취약성은 일부 낮춰도 핵심 리스크 지표가 악화되어 실행 기준 미통과입니다. (CVaR 개선, MDD 악화, stress 악화)",취약성 0.0105 감소; CVaR 0.16%p 개선; MDD 2.38%p 악화; stress 0.01%p 악화; Sharpe 0.09 악화,MDD worsened,False,False,,기준 미통과: MDD worsened,"{""AAPL"": 38.293199, ""GLD"": 40.352583, ""MSFT"": 21.354218}","{""153130.KS"": 5.0, ""AAPL"": 33.293199, ""GLD"": 40.352583, ""MSFT"": 21.354218}"
action_047,FAIL_ACTION,TRIM_AND_HEDGE,REVIEW_REQUIRED,REVIEW,,,,Y,LOW,76.6182,0.1,0.268251,action_quality_score,0.268251,13,D:0-49,grade_banded_final_score_v1,,,,,,,,,formal_rebalance_hedge_gate,FAIL,base_action_status_fail_action|bootstrap_not_robust|cash_baseline_lag|linked_formal_gate_blocked|linked_recommendation_not_formal|mdd_after_cost_not_improved|stress_after_cost_not_improved,semiconductor_ai_cycle,AI·반도체 사이클,semiconductor_ai_cycle,semiconductor_ai_cycle_shock,AAPL,AAPL,GLD,153130.KS|017670.KS,153130.KS,153130.KS + 017670.KS,FAIL_GATE,FAIL_GATE,VALIDATION_NOT_ELIGIBLE,fail_gate|validation_not_eligible|liquidity_below_formal,하드 게이트 실패 - Do not promote until the failing gate is resolved.; validation not eligible - Keep blocked or rebuild the candidate with valid backtest inputs.; 유동성 기준 미달 - Refresh ADV evidence or exclude the candidate from formal recommendations.,0,0,0,0,linked_recommendation_evidence_after_backtest,,"Action formal gate failed: base_action_status_fail_action, bootstrap_not_robust, cash_baseline_lag, linked_formal_gate_blocked, linked_recommendation_not_formal, mdd_after_cost_not_improved, stress_after_cost_not_improved","{""alternatives"": [{""available"": true, ""cvar"": -0.02483634371736864, ""estimated_cost_bps"": 0.0, ""mdd"": -0.18387294305097468, ""name"": ""current"", ""stress"": 0.0005262622892426304, ""turnover_pct"": 0.0, ""why_not_chosen_ko"": ""baseline portfolio""}, {""available"": true, ""cvar_delta_after_cost"": 0.00165193, ""estimated_cost_bps"": 25.0, ""mdd_delta_after_cost"": -0.02424555, ""name"": ""trim_hedge"", ""stress_delta_after_cost"": -0.00013414, ""turnover_pct"": 10.000001, ""why_not_chosen_ko"": """"}, {""available"": true, ""cvar_delta_after_cost"": 0.00164357, ""estimated_cost_bps"": 25.0, ""mdd_delta_after_cost"": 0.01561274, ""name"": ""trim_cash"", ""stress_delta_after_cost"": -1.695e-05, ""turnover_pct"": 10.000001, ""why_not_chosen_ko"": ""cash baseline was compared against the trim+hedge action""}, {""available"": true, ""cvar_delta_after_cost"": 0.0, ""estimated_cost_bps"": 0.0, ""mdd_delta_after_cost"": 0.0, ""name"": ""hold"", ""stress_delta_after_cost"": 0.0, ""turnover_pct"": 0.0, ""why_not_chosen_ko"": ""does not reduce the active scenario vulnerability""}]}",4,0.00165193,-0.02424555,-0.00013414,25.0,0.00025,ASSUMED_LIQUID_UNIVERSE,Y,Y,Y,Y,LAGS_CASH,UNCERTAIN,UNCERTAIN,Y,"{""concentration_cap_pct"": 50.0, ""max_candidate_weight_pct"": 20.0, ""max_turnover_pct"": 20.0, ""min_existing_kept_pct"": 80.0, ""profile_source"": ""system_default""}",,0.04147699,0.03178322,-0.00969377,23.3714,68.3781,68.3781,68.3781,38.293199,33.293199,38.293199,33.293199,0.0,2.5,-0.02483634371736864,-0.023184415437481846,0.00165193,-0.18387294305097468,-0.20811849096921387,-0.02424555,0.7825361187040929,0.720676335612769,-0.06185978,0.0005262622892426304,0.00039212409943008747,-0.00013414,1.312400272613588,1.2242182713268632,-0.088182,computed_from_action_before_after_weights,,10.000001,95.0,5.0,PASS,MDD worsened; stress worsened,"AI·반도체 사이클 취약성을 만든 AAPL에 대해 153130.KS, 017670.KS로 원인 보유자산 일부 축소 후 헷지를 적용하면 sleeve 취약도 변화가 -0.0097입니다. 정식 추천 기준은 미달해 검토 후보입니다.",기준 미통과: MDD worsened; stress worsened,"153130.KS + 017670.KS 조정은 AI·반도체 사이클 취약성은 일부 낮춰도 핵심 리스크 지표가 악화되어 실행 기준 미통과입니다. (CVaR 개선, MDD 악화, stress 악화)",취약성 0.0097 감소; CVaR 0.17%p 개선; MDD 2.42%p 악화; stress 0.01%p 악화; Sharpe 0.09 악화,MDD worsened; stress worsened,False,False,,기준 미통과: MDD worsened; stress worsened,"{""AAPL"": 38.293199, ""GLD"": 40.352583, ""MSFT"": 21.354218}","{""017670.KS"": 2.5, ""153130.KS"": 2.5, ""AAPL"": 33.293199, ""GLD"": 40.352583, ""MSFT"": 21.354218}"
action_051,FAIL_ACTION,TRIM_AND_HEDGE,REVIEW_REQUIRED,REVIEW,,,,Y,LOW,76.9385,0.1,0.25335,action_quality_score,0.25335,12,D:0-49,grade_banded_final_score_v1,,,,,,,,,formal_rebalance_hedge_gate,FAIL,base_action_status_fail_action|bootstrap_not_robust|cash_baseline_lag|linked_formal_gate_blocked|linked_recommendation_not_formal|mdd_after_cost_not_improved|stress_after_cost_not_improved,semiconductor_ai_cycle,AI·반도체 사이클,semiconductor_ai_cycle,semiconductor_ai_cycle_shock,AAPL,AAPL,GLD,153130.KS|000810.KS,153130.KS,153130.KS + 000810.KS,FAIL_GATE,FAIL_GATE,VALIDATION_NOT_ELIGIBLE,fail_gate|validation_not_eligible|liquidity_below_formal,하드 게이트 실패 - Do not promote until the failing gate is resolved.; validation not eligible - Keep blocked or rebuild the candidate with valid backtest inputs.; 유동성 기준 미달 - Refresh ADV evidence or exclude the candidate from formal recommendations.,0,0,0,0,linked_recommendation_evidence_after_backtest,,"Action formal gate failed: base_action_status_fail_action, bootstrap_not_robust, cash_baseline_lag, linked_formal_gate_blocked, linked_recommendation_not_formal, mdd_after_cost_not_improved, stress_after_cost_not_improved","{""alternatives"": [{""available"": true, ""cvar"": -0.02483634371736864, ""estimated_cost_bps"": 0.0, ""mdd"": -0.18387294305097468, ""name"": ""current"", ""stress"": 0.0005262622892426304, ""turnover_pct"": 0.0, ""why_not_chosen_ko"": ""baseline portfolio""}, {""available"": true, ""cvar_delta_after_cost"": 0.00167593, ""estimated_cost_bps"": 25.0, ""mdd_delta_after_cost"": -0.02202164, ""name"": ""trim_hedge"", ""stress_delta_after_cost"": -0.00013207, ""turnover_pct"": 10.000001, ""why_not_chosen_ko"": """"}, {""available"": true, ""cvar_delta_after_cost"": 0.00164357, ""estimated_cost_bps"": 25.0, ""mdd_delta_after_cost"": 0.01561274, ""name"": ""trim_cash"", ""stress_delta_after_cost"": -1.695e-05, ""turnover_pct"": 10.000001, ""why_not_chosen_ko"": ""cash baseline was compared against the trim+hedge action""}, {""available"": true, ""cvar_delta_after_cost"": 0.0, ""estimated_cost_bps"": 0.0, ""mdd_delta_after_cost"": 0.0, ""name"": ""hold"", ""stress_delta_after_cost"": 0.0, ""turnover_pct"": 0.0, ""why_not_chosen_ko"": ""does not reduce the active scenario vulnerability""}]}",4,0.00167593,-0.02202164,-0.00013207,25.0,0.00025,ASSUMED_LIQUID_UNIVERSE,Y,Y,Y,Y,LAGS_CASH,UNCERTAIN,UNCERTAIN,Y,"{""concentration_cap_pct"": 50.0, ""max_candidate_weight_pct"": 20.0, ""max_turnover_pct"": 20.0, ""min_existing_kept_pct"": 80.0, ""profile_source"": ""system_default""}",,0.04147699,0.03247796,-0.00899903,21.6964,68.3781,68.3781,68.3781,38.293199,33.293199,38.293199,33.293199,0.0,2.5,-0.02483634371736864,-0.023160413431018944,0.00167593,-0.18387294305097468,-0.20589458490651935,-0.02202164,0.7825361187040929,0.7214989009366984,-0.06103722,0.0005262622892426304,0.000394194701292781,-0.00013207,1.312400272613588,1.2562495479378164,-0.05615072,computed_from_action_before_after_weights,,10.000001,95.0,5.0,PASS,MDD worsened; stress worsened,"AI·반도체 사이클 취약성을 만든 AAPL에 대해 153130.KS, 000810.KS로 원인 보유자산 일부 축소 후 헷지를 적용하면 sleeve 취약도 변화가 -0.0090입니다. 정식 추천 기준은 미달해 검토 후보입니다.",기준 미통과: MDD worsened; stress worsened,"153130.KS + 000810.KS 조정은 AI·반도체 사이클 취약성은 일부 낮춰도 핵심 리스크 지표가 악화되어 실행 기준 미통과입니다. (CVaR 개선, MDD 악화, stress 악화)",취약성 0.0090 감소; CVaR 0.17%p 개선; MDD 2.20%p 악화; stress 0.01%p 악화; Sharpe 0.06 악화,MDD worsened; stress worsened,False,False,,기준 미통과: MDD worsened; stress worsened,"{""AAPL"": 38.293199, ""GLD"": 40.352583, ""MSFT"": 21.354218}","{""000810.KS"": 2.5, ""153130.KS"": 2.5, ""AAPL"": 33.293199, ""GLD"": 40.352583, ""MSFT"": 21.354218}"
action_049,FAIL_ACTION,TRIM_AND_HEDGE,REVIEW_REQUIRED,REVIEW,,,,Y,LOW,76.8678,0.1,0.251756,action_quality_score,0.251756,12,D:0-49,grade_banded_final_score_v1,,,,,,,,,formal_rebalance_hedge_gate,FAIL,base_action_status_fail_action|bootstrap_not_robust|cash_baseline_lag|linked_formal_gate_blocked|linked_recommendation_not_formal|mdd_after_cost_not_improved|stress_after_cost_not_improved,semiconductor_ai_cycle,AI·반도체 사이클,semiconductor_ai_cycle,semiconductor_ai_cycle_shock,AAPL,AAPL,GLD,153130.KS|105560.KS,153130.KS,153130.KS + 105560.KS,FAIL_GATE,FAIL_GATE,VALIDATION_NOT_ELIGIBLE,fail_gate|validation_not_eligible|liquidity_below_formal,하드 게이트 실패 - Do not promote until the failing gate is resolved.; validation not eligible - Keep blocked or rebuild the candidate with valid backtest inputs.; 유동성 기준 미달 - Refresh ADV evidence or exclude the candidate from formal recommendations.,0,0,0,0,linked_recommendation_evidence_after_backtest,,"Action formal gate failed: base_action_status_fail_action, bootstrap_not_robust, cash_baseline_lag, linked_formal_gate_blocked, linked_recommendation_not_formal, mdd_after_cost_not_improved, stress_after_cost_not_improved","{""alternatives"": [{""available"": true, ""cvar"": -0.02483634371736864, ""estimated_cost_bps"": 0.0, ""mdd"": -0.18387294305097468, ""name"": ""current"", ""stress"": 0.0005262622892426304, ""turnover_pct"": 0.0, ""why_not_chosen_ko"": ""baseline portfolio""}, {""available"": true, ""cvar_delta_after_cost"": 0.00168711, ""estimated_cost_bps"": 25.0, ""mdd_delta_after_cost"": -0.02378946, ""name"": ""trim_hedge"", ""stress_delta_after_cost"": -0.00018617, ""turnover_pct"": 10.000001, ""why_not_chosen_ko"": """"}, {""available"": true, ""cvar_delta_after_cost"": 0.00164357, ""estimated_cost_bps"": 25.0, ""mdd_delta_after_cost"": 0.01561274, ""name"": ""trim_cash"", ""stress_delta_after_cost"": -1.695e-05, ""turnover_pct"": 10.000001, ""why_not_chosen_ko"": ""cash baseline was compared against the trim+hedge action""}, {""available"": true, ""cvar_delta_after_cost"": 0.0, ""estimated_cost_bps"": 0.0, ""mdd_delta_after_cost"": 0.0, ""name"": ""hold"", ""stress_delta_after_cost"": 0.0, ""turnover_pct"": 0.0, ""why_not_chosen_ko"": ""does not reduce the active scenario vulnerability""}]}",4,0.00168711,-0.02378946,-0.00018617,25.0,0.00025,ASSUMED_LIQUID_UNIVERSE,Y,Y,Y,Y,LAGS_CASH,UNCERTAIN,UNCERTAIN,Y,"{""concentration_cap_pct"": 50.0, ""max_candidate_weight_pct"": 20.0, ""max_turnover_pct"": 20.0, ""min_existing_kept_pct"": 80.0, ""profile_source"": ""system_default""}",,0.04147699,0.03256838,-0.0089086,21.4784,68.3781,68.3781,68.3781,38.293199,33.293199,38.293199,33.293199,0.0,2.5,-0.02483634371736864,-0.02314923112459212,0.00168711,-0.18387294305097468,-0.2076624044748221,-0.02378946,0.7825361187040929,0.721452834093304,-0.06108328,0.0005262622892426304,0.0003400923198610277,-0.00018617,1.312400272613588,1.2491791829429184,-0.06322109,computed_from_action_before_after_weights,,10.000001,95.0,5.0,PASS,MDD worsened; stress worsened,"AI·반도체 사이클 취약성을 만든 AAPL에 대해 153130.KS, 105560.KS로 원인 보유자산 일부 축소 후 헷지를 적용하면 sleeve 취약도 변화가 -0.0089입니다. 정식 추천 기준은 미달해 검토 후보입니다.",기준 미통과: MDD worsened; stress worsened,"153130.KS + 105560.KS 조정은 AI·반도체 사이클 취약성은 일부 낮춰도 핵심 리스크 지표가 악화되어 실행 기준 미통과입니다. (CVaR 개선, MDD 악화, stress 악화)",취약성 0.0089 감소; CVaR 0.17%p 개선; MDD 2.38%p 악화; stress 0.02%p 악화; Sharpe 0.06 악화,MDD worsened; stress worsened,False,False,,기준 미통과: MDD worsened; stress worsened,"{""AAPL"": 38.293199, ""GLD"": 40.352583, ""MSFT"": 21.354218}","{""105560.KS"": 2.5, ""153130.KS"": 2.5, ""AAPL"": 33.293199, ""GLD"": 40.352583, ""MSFT"": 21.354218}"
action_035,FAIL_ACTION,TRIM_AND_HEDGE,REVIEW_REQUIRED,REVIEW,,,,Y,LOW,76.5937,0.5999988646463422,0.23396,linked_final_score,0.5999988646463422,29,D:0-49,grade_banded_final_score_v1,0.7271222290029771,1.0,growth_beta|rate_shock_growth_duration|recession_liquidity_stress|usd_exposure|geopolitical_supply_chain|gold,defensive_equity|korea_domestic_credit|korea_equity|recession_liquidity_stress|usdkrw_fx_korea,N,N,N,C,formal_rebalance_hedge_gate,FAIL,base_action_status_fail_action|bootstrap_not_robust|cash_baseline_lag|linked_formal_gate_blocked|linked_recommendation_not_formal|mdd_after_cost_not_improved|stress_after_cost_not_improved,semiconductor_ai_cycle,AI·반도체 사이클,semiconductor_ai_cycle,semiconductor_ai_cycle_shock,AAPL,AAPL,GLD,017670.KS,017670.KS,017670.KS,FAIL_GATE,FAIL_GATE,VALIDATION_NOT_ELIGIBLE,fail_gate|validation_not_eligible|return_drag_reference,하드 게이트 실패 - Do not promote until the failing gate is resolved.; validation not eligible - Keep blocked or rebuild the candidate with valid backtest inputs.; 수익률 훼손 검토 필요 - Confirm risk reduction compensates for return drag before promotion.,0,0,0,0,linked_recommendation_evidence_after_backtest,,"Action formal gate failed: base_action_status_fail_action, bootstrap_not_robust, cash_baseline_lag, linked_formal_gate_blocked, linked_recommendation_not_formal, mdd_after_cost_not_improved, stress_after_cost_not_improved","{""alternatives"": [{""available"": true, ""cvar"": -0.02483634371736864, ""estimated_cost_bps"": 0.0, ""mdd"": -0.18387294305097468, ""name"": ""current"", ""stress"": 0.0005262622892426304, ""turnover_pct"": 0.0, ""why_not_chosen_ko"": ""baseline portfolio""}, {""available"": true, ""cvar_delta_after_cost"": 0.00175877, ""estimated_cost_bps"": 25.0, ""mdd_delta_after_cost"": -0.02498385, ""name"": ""trim_hedge"", ""stress_delta_after_cost"": -0.0001446, ""turnover_pct"": 10.000001, ""why_not_chosen_ko"": """"}, {""available"": true, ""cvar_delta_after_cost"": 0.00164357, ""estimated_cost_bps"": 25.0, ""mdd_delta_after_cost"": 0.01561274, ""name"": ""trim_cash"", ""stress_delta_after_cost"": -1.695e-05, ""turnover_pct"": 10.000001, ""why_not_chosen_ko"": ""cash baseline was compared against the trim+hedge action""}, {""available"": true, ""cvar_delta_after_cost"": 0.0, ""estimated_cost_bps"": 0.0, ""mdd_delta_after_cost"": 0.0, ""name"": ""hold"", ""stress_delta_after_cost"": 0.0, ""turnover_pct"": 0.0, ""why_not_chosen_ko"": ""does not reduce the active scenario vulnerability""}]}",4,0.00175877,-0.02498385,-0.0001446,25.0,0.00025,ASSUMED_LIQUID_UNIVERSE,Y,Y,Y,Y,LAGS_CASH,UNCERTAIN,UNCERTAIN,Y,"{""concentration_cap_pct"": 50.0, ""max_candidate_weight_pct"": 20.0, ""max_turnover_pct"": 20.0, ""min_existing_kept_pct"": 80.0, ""profile_source"": ""system_default""}",,0.04147699,0.03263091,-0.00884607,21.3277,68.3781,68.3781,68.3781,38.293199,33.293199,38.293199,33.293199,0.0,5.0,-0.02483634371736864,-0.02307757115267096,0.00175877,-0.18387294305097468,-0.20885679317932704,-0.02498385,0.7825361187040929,0.7193528441164059,-0.06318327,0.0005262622892426304,0.0003816589644940956,-0.0001446,1.312400272613588,1.2217675810640372,-0.09063269,computed_from_action_before_after_weights,,10.000001,95.0,5.0,PASS,MDD worsened; stress worsened,AI·반도체 사이클 취약성을 만든 AAPL에 대해 017670.KS로 원인 보유자산 일부 축소 후 헷지를 적용하면 sleeve 취약도 변화가 -0.0088입니다. 정식 추천 기준은 미달해 검토 후보입니다.,기준 미통과: MDD worsened; stress worsened,"017670.KS 조정은 AI·반도체 사이클 취약성은 일부 낮춰도 핵심 리스크 지표가 악화되어 실행 기준 미통과입니다. (CVaR 개선, MDD 악화, stress 악화)",취약성 0.0088 감소; CVaR 0.18%p 개선; MDD 2.50%p 악화; stress 0.01%p 악화; Sharpe 0.09 악화,MDD worsened; stress worsened,False,False,,기준 미통과: MDD worsened; stress worsened,"{""AAPL"": 38.293199, ""GLD"": 40.352583, ""MSFT"": 21.354218}","{""017670.KS"": 5.0, ""AAPL"": 33.293199, ""GLD"": 40.352583, ""MSFT"": 21.354218}"
action_053,FAIL_ACTION,TRIM_AND_HEDGE,REVIEW_REQUIRED,REVIEW,,,,Y,LOW,77.0904,0.1,0.234835,action_quality_score,0.234835,12,D:0-49,grade_banded_final_score_v1,,,,,,,,,formal_rebalance_hedge_gate,FAIL,base_action_status_fail_action|bootstrap_not_robust|cash_baseline_lag|linked_formal_gate_blocked|linked_recommendation_not_formal|mdd_after_cost_not_improved|stress_after_cost_not_improved,semiconductor_ai_cycle,AI·반도체 사이클,semiconductor_ai_cycle,semiconductor_ai_cycle_shock,AAPL,AAPL,GLD,153130.KS|032830.KS,153130.KS,153130.KS + 032830.KS,FAIL_GATE,FAIL_GATE,VALIDATION_NOT_ELIGIBLE,fail_gate|validation_not_eligible|return_drag_reference,하드 게이트 실패 - Do not promote until the failing gate is resolved.; validation not eligible - Keep blocked or rebuild the candidate with valid backtest inputs.; 수익률 훼손 검토 필요 - Confirm risk reduction compensates for return drag before promotion.,0,0,0,0,linked_recommendation_evidence_after_backtest,,"Action formal gate failed: base_action_status_fail_action, bootstrap_not_robust, cash_baseline_lag, linked_formal_gate_blocked, linked_recommendation_not_formal, mdd_after_cost_not_improved, stress_after_cost_not_improved","{""alternatives"": [{""available"": true, ""cvar"": -0.02483634371736864, ""estimated_cost_bps"": 0.0, ""mdd"": -0.18387294305097468, ""name"": ""current"", ""stress"": 0.0005262622892426304, ""turnover_pct"": 0.0, ""why_not_chosen_ko"": ""baseline portfolio""}, {""available"": true, ""cvar_delta_after_cost"": 0.00168722, ""estimated_cost_bps"": 25.0, ""mdd_delta_after_cost"": -0.0200286, ""name"": ""trim_hedge"", ""stress_delta_after_cost"": -0.00019744, ""turnover_pct"": 10.000001, ""why_not_chosen_ko"": """"}, {""available"": true, ""cvar_delta_after_cost"": 0.00164357, ""estimated_cost_bps"": 25.0, ""mdd_delta_after_cost"": 0.01561274, ""name"": ""trim_cash"", ""stress_delta_after_cost"": -1.695e-05, ""turnover_pct"": 10.000001, ""why_not_chosen_ko"": ""cash baseline was compared against the trim+hedge action""}, {""available"": true, ""cvar_delta_after_cost"": 0.0, ""estimated_cost_bps"": 0.0, ""mdd_delta_after_cost"": 0.0, ""name"": ""hold"", ""stress_delta_after_cost"": 0.0, ""turnover_pct"": 0.0, ""why_not_chosen_ko"": ""does not reduce the active scenario vulnerability""}]}",4,0.00168722,-0.0200286,-0.00019744,25.0,0.00025,ASSUMED_LIQUID_UNIVERSE,Y,Y,Y,Y,LAGS_CASH,UNCERTAIN,UNCERTAIN,Y,"{""concentration_cap_pct"": 50.0, ""max_candidate_weight_pct"": 20.0, ""max_turnover_pct"": 20.0, ""min_existing_kept_pct"": 80.0, ""profile_source"": ""system_default""}",,0.04147699,0.03330649,-0.0081705,19.6989,68.3781,68.3781,68.3781,38.293199,33.293199,38.293199,33.293199,0.0,2.5,-0.02483634371736864,-0.023149118786846903,0.00168722,-0.18387294305097468,-0.20390154448195374,-0.0200286,0.7825361187040929,0.7208341497315186,-0.06170197,0.0005262622892426304,0.00032882622916711497,-0.00019744,1.312400272613588,1.2714383667360407,-0.04096191,computed_from_action_before_after_weights,,10.000001,95.0,5.0,PASS,MDD worsened; stress worsened,"AI·반도체 사이클 취약성을 만든 AAPL에 대해 153130.KS, 032830.KS로 원인 보유자산 일부 축소 후 헷지를 적용하면 sleeve 취약도 변화가 -0.0082입니다. 정식 추천 기준은 미달해 검토 후보입니다.",기준 미통과: MDD worsened; stress worsened,"153130.KS + 032830.KS 조정은 AI·반도체 사이클 취약성은 일부 낮춰도 핵심 리스크 지표가 악화되어 실행 기준 미통과입니다. (CVaR 개선, MDD 악화, stress 악화)",취약성 0.0082 감소; CVaR 0.17%p 개선; MDD 2.00%p 악화; stress 0.02%p 악화; Sharpe 0.04 악화,MDD worsened; stress worsened,False,False,,기준 미통과: MDD worsened; stress worsened,"{""AAPL"": 38.293199, ""GLD"": 40.352583, ""MSFT"": 21.354218}","{""032830.KS"": 2.5, ""153130.KS"": 2.5, ""AAPL"": 33.293199, ""GLD"": 40.352583, ""MSFT"": 21.354218}"
action_045,FAIL_ACTION,TRIM_AND_HEDGE,REVIEW_REQUIRED,REVIEW,,,,Y,LOW,75.9488,0.2,0.186323,linked_final_score,0.2,10,D:0-49,grade_banded_final_score_v1,0.7175360903784499,,,,,,,,formal_rebalance_hedge_gate,FAIL,base_action_status_fail_action|bootstrap_not_robust|cash_baseline_lag|linked_formal_gate_blocked|linked_recommendation_not_formal|mdd_after_cost_not_improved|stress_after_cost_not_improved,semiconductor_ai_cycle,AI·반도체 사이클,semiconductor_ai_cycle,semiconductor_ai_cycle_shock,AAPL,AAPL,GLD,068270.KS,068270.KS,068270.KS,FAIL_GATE,FAIL_GATE,VALIDATION_NOT_ELIGIBLE,fail_gate|validation_not_eligible|liquidity_below_formal,하드 게이트 실패 - Do not promote until the failing gate is resolved.; validation not eligible - Keep blocked or rebuild the candidate with valid backtest inputs.; 유동성 기준 미달 - Refresh ADV evidence or exclude the candidate from formal recommendations.,0,0,0,0,linked_recommendation_evidence_after_backtest,,"Action formal gate failed: base_action_status_fail_action, bootstrap_not_robust, cash_baseline_lag, linked_formal_gate_blocked, linked_recommendation_not_formal, mdd_after_cost_not_improved, stress_after_cost_not_improved","{""alternatives"": [{""available"": true, ""cvar"": -0.02483634371736864, ""estimated_cost_bps"": 0.0, ""mdd"": -0.18387294305097468, ""name"": ""current"", ""stress"": 0.0005262622892426304, ""turnover_pct"": 0.0, ""why_not_chosen_ko"": ""baseline portfolio""}, {""available"": true, ""cvar_delta_after_cost"": 0.00175992, ""estimated_cost_bps"": 25.0, ""mdd_delta_after_cost"": -0.03002934, ""name"": ""trim_hedge"", ""stress_delta_after_cost"": -0.00017347, ""turnover_pct"": 10.000001, ""why_not_chosen_ko"": """"}, {""available"": true, ""cvar_delta_after_cost"": 0.00164357, ""estimated_cost_bps"": 25.0, ""mdd_delta_after_cost"": 0.01561274, ""name"": ""trim_cash"", ""stress_delta_after_cost"": -1.695e-05, ""turnover_pct"": 10.000001, ""why_not_chosen_ko"": ""cash baseline was compared against the trim+hedge action""}, {""available"": true, ""cvar_delta_after_cost"": 0.0, ""estimated_cost_bps"": 0.0, ""mdd_delta_after_cost"": 0.0, ""name"": ""hold"", ""stress_delta_after_cost"": 0.0, ""turnover_pct"": 0.0, ""why_not_chosen_ko"": ""does not reduce the active scenario vulnerability""}]}",4,0.00175992,-0.03002934,-0.00017347,25.0,0.00025,ASSUMED_LIQUID_UNIVERSE,Y,Y,Y,Y,LAGS_CASH,UNCERTAIN,UNCERTAIN,Y,"{""concentration_cap_pct"": 50.0, ""max_candidate_weight_pct"": 20.0, ""max_turnover_pct"": 20.0, ""min_existing_kept_pct"": 80.0, ""profile_source"": ""system_default""}",,0.04147699,0.03352677,-0.00795022,19.1678,68.3781,68.3781,68.3781,38.293199,33.293199,38.293199,33.293199,0.0,5.0,-0.02483634371736864,-0.023076424390081104,0.00175992,-0.18387294305097468,-0.21390228399847755,-0.03002934,0.7825361187040929,0.7172969579146217,-0.06523916,0.0005262622892426304,0.00035279455399518894,-0.00017347,1.312400272613588,1.1572807284523883,-0.15511954,computed_from_action_before_after_weights,,10.000001,95.0,5.0,PASS,MDD worsened; stress worsened,AI·반도체 사이클 취약성을 만든 AAPL에 대해 068270.KS로 원인 보유자산 일부 축소 후 헷지를 적용하면 sleeve 취약도 변화가 -0.0080입니다. 정식 추천 기준은 미달해 검토 후보입니다.,기준 미통과: MDD worsened; stress worsened,"068270.KS 조정은 AI·반도체 사이클 취약성은 일부 낮춰도 핵심 리스크 지표가 악화되어 실행 기준 미통과입니다. (CVaR 개선, MDD 악화, stress 악화)",취약성 0.0080 감소; CVaR 0.18%p 개선; MDD 3.00%p 악화; stress 0.02%p 악화; Sharpe 0.16 악화,MDD worsened; stress worsened,False,False,,기준 미통과: MDD worsened; stress worsened,"{""AAPL"": 38.293199, ""GLD"": 40.352583, ""MSFT"": 21.354218}","{""068270.KS"": 5.0, ""AAPL"": 33.293199, ""GLD"": 40.352583, ""MSFT"": 21.354218}"
action_043,FAIL_ACTION,TRIM_AND_HEDGE,REVIEW_REQUIRED,REVIEW,,,,Y,LOW,77.1646,0.2,0.193691,linked_final_score,0.2,10,D:0-49,grade_banded_final_score_v1,0.7222286866726797,,,,,,,,formal_rebalance_hedge_gate,FAIL,base_action_status_fail_action|bootstrap_not_robust|cash_baseline_lag|linked_formal_gate_blocked|linked_recommendation_not_formal|mdd_after_cost_not_improved|stress_after_cost_not_improved,semiconductor_ai_cycle,AI·반도체 사이클,semiconductor_ai_cycle,semiconductor_ai_cycle_shock,AAPL,AAPL,GLD,000810.KS,000810.KS,000810.KS,FAIL_GATE,FAIL_GATE,VALIDATION_NOT_ELIGIBLE,fail_gate|validation_not_eligible|liquidity_below_formal,하드 게이트 실패 - Do not promote until the failing gate is resolved.; validation not eligible - Keep blocked or rebuild the candidate with valid backtest inputs.; 유동성 기준 미달 - Refresh ADV evidence or exclude the candidate from formal recommendations.,0,0,0,0,linked_recommendation_evidence_after_backtest,,"Action formal gate failed: base_action_status_fail_action, bootstrap_not_robust, cash_baseline_lag, linked_formal_gate_blocked, linked_recommendation_not_formal, mdd_after_cost_not_improved, stress_after_cost_not_improved","{""alternatives"": [{""available"": true, ""cvar"": -0.02483634371736864, ""estimated_cost_bps"": 0.0, ""mdd"": -0.18387294305097468, ""name"": ""current"", ""stress"": 0.0005262622892426304, ""turnover_pct"": 0.0, ""why_not_chosen_ko"": ""baseline portfolio""}, {""available"": true, ""cvar_delta_after_cost"": 0.00179288, ""estimated_cost_bps"": 25.0, ""mdd_delta_after_cost"": -0.02069167, ""name"": ""trim_hedge"", ""stress_delta_after_cost"": -0.00015066, ""turnover_pct"": 10.000001, ""why_not_chosen_ko"": """"}, {""available"": true, ""cvar_delta_after_cost"": 0.00164357, ""estimated_cost_bps"": 25.0, ""mdd_delta_after_cost"": 0.01561274, ""name"": ""trim_cash"", ""stress_delta_after_cost"": -1.695e-05, ""turnover_pct"": 10.000001, ""why_not_chosen_ko"": ""cash baseline was compared against the trim+hedge action""}, {""available"": true, ""cvar_delta_after_cost"": 0.0, ""estimated_cost_bps"": 0.0, ""mdd_delta_after_cost"": 0.0, ""name"": ""hold"", ""stress_delta_after_cost"": 0.0, ""turnover_pct"": 0.0, ""why_not_chosen_ko"": ""does not reduce the active scenario vulnerability""}]}",4,0.00179288,-0.02069167,-0.00015066,25.0,0.00025,ASSUMED_LIQUID_UNIVERSE,Y,Y,Y,Y,LAGS_CASH,UNCERTAIN,UNCERTAIN,Y,"{""concentration_cap_pct"": 50.0, ""max_candidate_weight_pct"": 20.0, ""max_turnover_pct"": 20.0, ""min_existing_kept_pct"": 80.0, ""profile_source"": ""system_default""}",,0.04147699,0.0340204,-0.00745659,17.9776,68.3781,68.3781,68.3781,38.293199,33.293199,38.293199,33.293199,0.0,5.0,-0.02483634371736864,-0.023043467798050523,0.00179288,-0.18387294305097468,-0.20456461408106852,-0.02069167,0.7825361187040929,0.720704726484195,-0.06183139,0.0005262622892426304,0.00037560383540476605,-0.00015066,1.312400272613588,1.2788649006165695,-0.03353537,computed_from_action_before_after_weights,,10.000001,95.0,5.0,PASS,MDD worsened; stress worsened,AI·반도체 사이클 취약성을 만든 AAPL에 대해 000810.KS로 원인 보유자산 일부 축소 후 헷지를 적용하면 sleeve 취약도 변화가 -0.0075입니다. 정식 추천 기준은 미달해 검토 후보입니다.,기준 미통과: MDD worsened; stress worsened,"000810.KS 조정은 AI·반도체 사이클 취약성은 일부 낮춰도 핵심 리스크 지표가 악화되어 실행 기준 미통과입니다. (CVaR 개선, MDD 악화, stress 악화)",취약성 0.0075 감소; CVaR 0.18%p 개선; MDD 2.07%p 악화; stress 0.02%p 악화; Sharpe 0.03 악화,MDD worsened; stress worsened,False,False,,기준 미통과: MDD worsened; stress worsened,"{""AAPL"": 38.293199, ""GLD"": 40.352583, ""MSFT"": 21.354218}","{""000810.KS"": 5.0, ""AAPL"": 33.293199, ""GLD"": 40.352583, ""MSFT"": 21.354218}"
action_039,FAIL_ACTION,TRIM_AND_HEDGE,REVIEW_REQUIRED,REVIEW,,,,Y,LOW,76.9559,0.5960438851187276,0.193297,linked_final_score,0.5960438851187276,29,D:0-49,grade_banded_final_score_v1,0.7214851889590285,1.0,growth_beta|rate_shock_growth_duration|recession_liquidity_stress|usd_exposure|geopolitical_supply_chain|gold,credit_cycle|korea_domestic_credit|korea_financial|rate_shock_growth_duration|usdkrw_fx_korea,N,N,N,C,formal_rebalance_hedge_gate,FAIL,base_action_status_fail_action|bootstrap_not_robust|cash_baseline_lag|linked_formal_gate_blocked|linked_recommendation_not_formal|mdd_after_cost_not_improved|stress_after_cost_not_improved,semiconductor_ai_cycle,AI·반도체 사이클,semiconductor_ai_cycle,semiconductor_ai_cycle_shock,AAPL,AAPL,GLD,055550.KS,055550.KS,055550.KS,FAIL_GATE,FAIL_GATE,VALIDATION_NOT_ELIGIBLE,fail_gate|validation_not_eligible|return_drag_reference,하드 게이트 실패 - Do not promote until the failing gate is resolved.; validation not eligible - Keep blocked or rebuild the candidate with valid backtest inputs.; 수익률 훼손 검토 필요 - Confirm risk reduction compensates for return drag before promotion.,0,0,0,0,linked_recommendation_evidence_after_backtest,,"Action formal gate failed: base_action_status_fail_action, bootstrap_not_robust, cash_baseline_lag, linked_formal_gate_blocked, linked_recommendation_not_formal, mdd_after_cost_not_improved, stress_after_cost_not_improved","{""alternatives"": [{""available"": true, ""cvar"": -0.02483634371736864, ""estimated_cost_bps"": 0.0, ""mdd"": -0.18387294305097468, ""name"": ""current"", ""stress"": 0.0005262622892426304, ""turnover_pct"": 0.0, ""why_not_chosen_ko"": ""baseline portfolio""}, {""available"": true, ""cvar_delta_after_cost"": 0.00186439, ""estimated_cost_bps"": 25.0, ""mdd_delta_after_cost"": -0.02227907, ""name"": ""trim_hedge"", ""stress_delta_after_cost"": -0.00030587, ""turnover_pct"": 10.000001, ""why_not_chosen_ko"": """"}, {""available"": true, ""cvar_delta_after_cost"": 0.00164357, ""estimated_cost_bps"": 25.0, ""mdd_delta_after_cost"": 0.01561274, ""name"": ""trim_cash"", ""stress_delta_after_cost"": -1.695e-05, ""turnover_pct"": 10.000001, ""why_not_chosen_ko"": ""cash baseline was compared against the trim+hedge action""}, {""available"": true, ""cvar_delta_after_cost"": 0.0, ""estimated_cost_bps"": 0.0, ""mdd_delta_after_cost"": 0.0, ""name"": ""hold"", ""stress_delta_after_cost"": 0.0, ""turnover_pct"": 0.0, ""why_not_chosen_ko"": ""does not reduce the active scenario vulnerability""}]}",4,0.00186439,-0.02227907,-0.00030587,25.0,0.00025,ASSUMED_LIQUID_UNIVERSE,Y,Y,Y,Y,LAGS_CASH,UNCERTAIN,UNCERTAIN,Y,"{""concentration_cap_pct"": 50.0, ""max_candidate_weight_pct"": 20.0, ""max_turnover_pct"": 20.0, ""min_existing_kept_pct"": 80.0, ""profile_source"": ""system_default""}",,0.04147699,0.03404366,-0.00743332,17.9216,68.3781,68.3781,68.3781,38.293199,33.293199,38.293199,33.293199,0.0,5.0,-0.02483634371736864,-0.022971951700916,0.00186439,-0.18387294305097468,-0.20615201402000316,-0.02227907,0.7825361187040929,0.7200252364232509,-0.06251088,0.0005262622892426304,0.00022038831782907747,-0.00030587,1.312400272613588,1.2579909078963367,-0.05440936,computed_from_action_before_after_weights,,10.000001,95.0,5.0,PASS,MDD worsened; stress worsened,AI·반도체 사이클 취약성을 만든 AAPL에 대해 055550.KS로 원인 보유자산 일부 축소 후 헷지를 적용하면 sleeve 취약도 변화가 -0.0074입니다. 정식 추천 기준은 미달해 검토 후보입니다.,기준 미통과: MDD worsened; stress worsened,"055550.KS 조정은 AI·반도체 사이클 취약성은 일부 낮춰도 핵심 리스크 지표가 악화되어 실행 기준 미통과입니다. (CVaR 개선, MDD 악화, stress 악화)",취약성 0.0074 감소; CVaR 0.19%p 개선; MDD 2.23%p 악화; stress 0.03%p 악화; Sharpe 0.05 악화,MDD worsened; stress worsened,False,False,,기준 미통과: MDD worsened; stress worsened,"{""AAPL"": 38.293199, ""GLD"": 40.352583, ""MSFT"": 21.354218}","{""055550.KS"": 5.0, ""AAPL"": 33.293199, ""GLD"": 40.352583, ""MSFT"": 21.354218}"
action_037,FAIL_ACTION,TRIM_AND_HEDGE,REVIEW_REQUIRED,REVIEW,,,,Y,LOW,77.0668,0.5978978959840667,0.192911,linked_final_score,0.5978978959840667,29,D:0-49,grade_banded_final_score_v1,0.7225558348860793,1.0,growth_beta|rate_shock_growth_duration|recession_liquidity_stress|usd_exposure|geopolitical_supply_chain|gold,credit_cycle|korea_domestic_credit|korea_financial|rate_shock_growth_duration|usdkrw_fx_korea,N,N,N,C,formal_rebalance_hedge_gate,FAIL,base_action_status_fail_action|bootstrap_not_robust|cash_baseline_lag|linked_formal_gate_blocked|linked_recommendation_not_formal|mdd_after_cost_not_improved|stress_after_cost_not_improved,semiconductor_ai_cycle,AI·반도체 사이클,semiconductor_ai_cycle,semiconductor_ai_cycle_shock,AAPL,AAPL,GLD,105560.KS,105560.KS,105560.KS,FAIL_GATE,FAIL_GATE,VALIDATION_NOT_ELIGIBLE,fail_gate|validation_not_eligible|return_drag_reference,하드 게이트 실패 - Do not promote until the failing gate is resolved.; validation not eligible - Keep blocked or rebuild the candidate with valid backtest inputs.; 수익률 훼손 검토 필요 - Confirm risk reduction compensates for return drag before promotion.,0,0,0,0,linked_recommendation_evidence_after_backtest,,"Action formal gate failed: base_action_status_fail_action, bootstrap_not_robust, cash_baseline_lag, linked_formal_gate_blocked, linked_recommendation_not_formal, mdd_after_cost_not_improved, stress_after_cost_not_improved","{""alternatives"": [{""available"": true, ""cvar"": -0.02483634371736864, ""estimated_cost_bps"": 0.0, ""mdd"": -0.18387294305097468, ""name"": ""current"", ""stress"": 0.0005262622892426304, ""turnover_pct"": 0.0, ""why_not_chosen_ko"": ""baseline portfolio""}, {""available"": true, ""cvar_delta_after_cost"": 0.00183572, ""estimated_cost_bps"": 25.0, ""mdd_delta_after_cost"": -0.02382024, ""name"": ""trim_hedge"", ""stress_delta_after_cost"": -0.00025876, ""turnover_pct"": 10.000001, ""why_not_chosen_ko"": """"}, {""available"": true, ""cvar_delta_after_cost"": 0.00164357, ""estimated_cost_bps"": 25.0, ""mdd_delta_after_cost"": 0.01561274, ""name"": ""trim_cash"", ""stress_delta_after_cost"": -1.695e-05, ""turnover_pct"": 10.000001, ""why_not_chosen_ko"": ""cash baseline was compared against the trim+hedge action""}, {""available"": true, ""cvar_delta_after_cost"": 0.0, ""estimated_cost_bps"": 0.0, ""mdd_delta_after_cost"": 0.0, ""name"": ""hold"", ""stress_delta_after_cost"": 0.0, ""turnover_pct"": 0.0, ""why_not_chosen_ko"": ""does not reduce the active scenario vulnerability""}]}",4,0.00183572,-0.02382024,-0.00025876,25.0,0.00025,ASSUMED_LIQUID_UNIVERSE,Y,Y,Y,Y,LAGS_CASH,UNCERTAIN,UNCERTAIN,Y,"{""concentration_cap_pct"": 50.0, ""max_candidate_weight_pct"": 20.0, ""max_turnover_pct"": 20.0, ""min_existing_kept_pct"": 80.0, ""profile_source"": ""system_default""}",,0.04147699,0.03420125,-0.00727574,17.5416,68.3781,68.3781,68.3781,38.293199,33.293199,38.293199,33.293199,0.0,5.0,-0.02483634371736864,-0.0230006279741953,0.00183572,-0.18387294305097468,-0.20769318712351414,-0.02382024,0.7825361187040929,0.7208884912163163,-0.06164763,0.0005262622892426304,0.00026750436290341967,-0.00025876,1.312400272613588,1.2690817825973744,-0.04331849,computed_from_action_before_after_weights,,10.000001,95.0,5.0,PASS,MDD worsened; stress worsened,AI·반도체 사이클 취약성을 만든 AAPL에 대해 105560.KS로 원인 보유자산 일부 축소 후 헷지를 적용하면 sleeve 취약도 변화가 -0.0073입니다. 정식 추천 기준은 미달해 검토 후보입니다.,기준 미통과: MDD worsened; stress worsened,"105560.KS 조정은 AI·반도체 사이클 취약성은 일부 낮춰도 핵심 리스크 지표가 악화되어 실행 기준 미통과입니다. (CVaR 개선, MDD 악화, stress 악화)",취약성 0.0073 감소; CVaR 0.18%p 개선; MDD 2.38%p 악화; stress 0.03%p 악화; Sharpe 0.04 악화,MDD worsened; stress worsened,False,False,,기준 미통과: MDD worsened; stress worsened,"{""AAPL"": 38.293199, ""GLD"": 40.352583, ""MSFT"": 21.354218}","{""105560.KS"": 5.0, ""AAPL"": 33.293199, ""GLD"": 40.352583, ""MSFT"": 21.354218}"
action_046,FAIL_ACTION,ADD_HEDGE,REVIEW_REQUIRED,REVIEW,,,,Y,LOW,76.2908,0.1,0.068551,action_quality_score,0.068551,3,D:0-49,grade_banded_final_score_v1,,,,,,,,,formal_rebalance_hedge_gate,FAIL,base_action_status_fail_action|bootstrap_not_robust|cash_baseline_lag|linked_formal_gate_blocked|linked_recommendation_not_formal|mdd_after_cost_not_improved|not_trim_and_hedge|stress_after_cost_not_improved,semiconductor_ai_cycle,AI·반도체 사이클,semiconductor_ai_cycle,semiconductor_ai_cycle_shock,AAPL|MSFT,AAPL,GLD,153130.KS|017670.KS,153130.KS,153130.KS + 017670.KS,FAIL_GATE,FAIL_GATE,VALIDATION_NOT_ELIGIBLE,fail_gate|validation_not_eligible|liquidity_below_formal,하드 게이트 실패 - Do not promote until the failing gate is resolved.; validation not eligible - Keep blocked or rebuild the candidate with valid backtest inputs.; 유동성 기준 미달 - Refresh ADV evidence or exclude the candidate from formal recommendations.,0,0,0,0,linked_recommendation_evidence_after_backtest,,"Action formal gate failed: base_action_status_fail_action, bootstrap_not_robust, cash_baseline_lag, linked_formal_gate_blocked, linked_recommendation_not_formal, mdd_after_cost_not_improved, not_trim_and_hedge, stress_after_cost_not_improved","{""alternatives"": [{""available"": true, ""cvar"": -0.02483634371736864, ""estimated_cost_bps"": 0.0, ""mdd"": -0.18387294305097468, ""name"": ""current"", ""stress"": 0.0005262622892426304, ""turnover_pct"": 0.0, ""why_not_chosen_ko"": ""baseline portfolio""}, {""available"": true, ""cvar_delta_after_cost"": 0.0007429, ""estimated_cost_bps"": 25.0, ""mdd_delta_after_cost"": -0.03649492, ""name"": ""trim_hedge"", ""stress_delta_after_cost"": -0.00012826, ""turnover_pct"": 5.812401, ""why_not_chosen_ko"": """"}, {""available"": true, ""cvar_delta_after_cost"": 0.00056127, ""estimated_cost_bps"": 25.0, ""mdd_delta_after_cost"": 0.00505343, ""name"": ""trim_cash"", ""stress_delta_after_cost"": -1.252e-05, ""turnover_pct"": 5.812401, ""why_not_chosen_ko"": ""cash baseline was compared against the trim+hedge action""}, {""available"": true, ""cvar_delta_after_cost"": 0.0, ""estimated_cost_bps"": 0.0, ""mdd_delta_after_cost"": 0.0, ""name"": ""hold"", ""stress_delta_after_cost"": 0.0, ""turnover_pct"": 0.0, ""why_not_chosen_ko"": ""does not reduce the active scenario vulnerability""}]}",4,0.0007429,-0.03649492,-0.00012826,25.0,0.00014531,ASSUMED_LIQUID_UNIVERSE,Y,Y,Y,Y,LAGS_CASH,UNCERTAIN,UNCERTAIN,Y,"{""concentration_cap_pct"": 50.0, ""max_candidate_weight_pct"": 20.0, ""max_turnover_pct"": 20.0, ""min_existing_kept_pct"": 80.0, ""profile_source"": ""system_default""}",,0.04147699,0.03879025,-0.00268674,6.4777,100.0,100.0,100.0,38.293199,37.180322,38.293199,37.180322,0.0,1.4531,-0.02483634371736864,-0.02409344354452905,0.0007429,-0.18387294305097468,-0.22036786629920613,-0.03649492,0.7825361187040929,0.7577449178096244,-0.0247912,0.0005262622892426304,0.0003979997562966761,-0.00012826,1.312400272613588,1.1914777190039259,-0.12092255,computed_from_action_before_after_weights,,5.812401,97.093799,5.0,PASS,MDD worsened; stress worsened,"AI·반도체 사이클 취약성을 만든 AAPL, MSFT에 대해 153130.KS, 017670.KS로 추가 헷지를 적용하면 sleeve 취약도 변화가 -0.0027입니다. 정식 추천 기준은 미달해 검토 후보입니다.",기준 미통과: MDD worsened; stress worsened,"153130.KS + 017670.KS 조정은 AI·반도체 사이클 취약성은 일부 낮춰도 핵심 리스크 지표가 악화되어 실행 기준 미통과입니다. (CVaR 개선, MDD 악화, stress 악화)",취약성 0.0027 감소; CVaR 0.07%p 개선; MDD 3.65%p 악화; stress 0.01%p 악화; Sharpe 0.12 악화,MDD worsened; stress worsened,False,False,,기준 미통과: MDD worsened; stress worsened,"{""AAPL"": 38.293199, ""GLD"": 40.352583, ""MSFT"": 21.354218}","{""017670.KS"": 1.4531, ""153130.KS"": 1.4531, ""AAPL"": 37.180322, ""GLD"": 39.179856, ""MSFT"": 20.733621}"
