action_id,action_status,action_type,formal_action_type,action_family,recommendation_grade,recommendation_grade_label_ko,recommendation_grade_reason_ko,direct_vulnerability_prescription,basis_risk_level,prescription_score,direct_vulnerability_match_score,portfolio_vulnerability_tags,candidate_vulnerability_tags,generic_safe_asset_flag,cash_like_flag,benchmark_role_default,max_grade_without_direct_match,formal_gate_name,formal_gate_status,formal_gate_blockers,risk_sleeve,risk_sleeve_label_ko,scenario,risk_scenario_codes,source_tickers,source_asset,offset_tickers,candidate_tickers,hedge_asset,candidate_label,linked_recommendation_status,pre_backtest_linked_recommendation_status,linked_backtest_gate_status,linked_formal_gate_blockers,linked_formal_gate_blocker_summary,linked_target_evaluated_count,linked_target_lags_cash_count,linked_target_bootstrap_robust_count,linked_target_cash_bootstrap_robust_count,formal_gate_source,why_formal_ko,why_review_only_ko,alternatives_compared_json,alternatives_compared_count,expected_cvar_delta_after_cost,expected_mdd_delta_after_cost,expected_stress_delta_after_cost,estimated_cost_bps,implementation_cost_estimate,liquidity_status,liquidity_pass,concentration_pass,source_trim_pass,risk_sleeve_offset_pass,cash_baseline_verdict,bootstrap_verdict,cash_bootstrap_verdict,tax_unknown_warning,profile_constraint_snapshot,scenario_weight,before_sleeve_vulnerability,after_sleeve_vulnerability,vulnerability_delta,vulnerability_improve_pct,source_contribution_pct,contribution_pct,contribution_pct_of_sleeve,current_weight,proposed_weight,source_current_weight_pct,source_proposed_weight_pct,hedge_current_weight_pct,hedge_proposed_weight_pct,base_cvar_95,proposed_cvar_95,cvar_delta,base_mdd,proposed_mdd,mdd_delta,base_beta_sp500_krw,proposed_beta_sp500_krw,beta_delta,base_stress_avg_ret_krw,proposed_stress_avg_ret_krw,stress_delta,base_sharpe_krw_proxy,proposed_sharpe_krw_proxy,sharpe_delta,metric_source,metric_coverage_reason,turnover_pct,existing_portfolio_kept_pct,max_single_trim_pct,constraint_status,constraint_reasons,action_reason_ko,status_reason_ko,plain_korean_reason,expected_effect,rejected_reason_ko,can_execute_action,selected_in_action_plan,selection_reason_ko,not_selected_reason_ko,before_weights_json,after_weights_json
action_109,REVIEW_ACTION,REPLACE_SLEEVE,,REVIEW,B,B. 조건부 처방,"핵심 취약점 보완 효과는 있으나 검증 샘플, 비용, 유동성, cash baseline 중 일부 확인이 필요합니다.",Y,MEDIUM,100.0,,,,,,,,formal_rebalance_hedge_gate,FAIL,cash_baseline_lag|linked_formal_gate_blocked|linked_recommendation_not_formal|not_trim_and_hedge,geopolitical_supply_chain,지정학·공급망 충격,geopolitical_supply_chain,china_trade_fragmentation_shock|geopolitical_escalation_supply_shock,005930.KS|NVDA,005930.KS,,GLD,GLD,GLD,REFERENCE_ONLY,REFERENCE_ONLY,VALIDATION_THIN,validation_thin|bootstrap_not_robust|cash_bootstrap_not_robust|reference_only,"검증 표본 부족 - Keep review-only until the stress sample is thick enough.; 부트스트랩 신뢰도 부족 - Increase sample coverage or downgrade fragile candidates.; 현금 기준 부트스트랩 부족 - Add stronger cash-baseline evidence before formal use.; 참고 후보 - Use as research context, not an execution recommendation.",1,0,0,0,linked_recommendation_evidence_after_backtest,,"Action formal gate failed: cash_baseline_lag, linked_formal_gate_blocked, linked_recommendation_not_formal, not_trim_and_hedge","{""alternatives"": [{""available"": true, ""cvar"": -0.032992383238153, ""estimated_cost_bps"": 0.0, ""mdd"": -0.47044308523375944, ""name"": ""current"", ""stress"": -0.004118717674390396, ""turnover_pct"": 0.0, ""why_not_chosen_ko"": ""baseline portfolio""}, {""available"": true, ""cvar_delta_after_cost"": 0.00329643, ""estimated_cost_bps"": 25.0, ""mdd_delta_after_cost"": 0.03726646, ""name"": ""trim_hedge"", ""stress_delta_after_cost"": 0.00024298, ""turnover_pct"": 20.0, ""why_not_chosen_ko"": """"}, {""available"": true, ""cvar_delta_after_cost"": 0.00347653, ""estimated_cost_bps"": 25.0, ""mdd_delta_after_cost"": 0.03312166, ""name"": ""trim_cash"", ""stress_delta_after_cost"": 0.00029872, ""turnover_pct"": 20.0, ""why_not_chosen_ko"": ""cash baseline was compared against the trim+hedge action""}, {""available"": true, ""cvar_delta_after_cost"": 0.0, ""estimated_cost_bps"": 0.0, ""mdd_delta_after_cost"": 0.0, ""name"": ""hold"", ""stress_delta_after_cost"": 0.0, ""turnover_pct"": 0.0, ""why_not_chosen_ko"": ""does not reduce the active scenario vulnerability""}]}",4,0.00329643,0.03726646,0.00024298,25.0,0.0005,ASSUMED_LIQUID_UNIVERSE,Y,Y,Y,Y,LAGS_CASH,ACTION_BOOTSTRAP_PASS,UNCERTAIN,Y,"{""concentration_cap_pct"": 50.0, ""max_candidate_weight_pct"": 20.0, ""max_turnover_pct"": 20.0, ""min_existing_kept_pct"": 80.0, ""profile_source"": ""system_default""}",,0.68379911,0.58166524,-0.10213387,14.9362,76.7515,76.7515,76.7515,39.879813,34.879813,39.879813,34.879813,0.0,10.0,-0.032992383238153,-0.02969595798502484,0.00329643,-0.47044308523375944,-0.4331766216982975,0.03726646,0.4126860163103684,0.365442897193798,-0.04724312,-0.004118717674390396,-0.0038757417894919755,0.00024298,1.060022778983874,1.0942714091876575,0.03424863,computed_from_action_before_after_weights,,20.0,90.0,5.0,PASS,,"지정학·공급망 충격 취약성을 만든 005930.KS, NVDA에 대해 GLD로 위험 sleeve 일부 교체를 적용하면 sleeve 취약도 변화가 -0.1021입니다. 정식 추천 기준은 미달해 검토 후보입니다.",Action formal gate did not pass. Blockers: cash_baseline_lag|linked_formal_gate_blocked|linked_recommendation_not_formal|not_trim_and_hedge. Linked recommendation status is evidence only: REFERENCE_ONLY.,"GLD 조정은 지정학·공급망 충격 취약성을 낮추는 검토안이며 전후 지표는 CVaR 개선, MDD 개선, stress 개선으로 확인됩니다.",취약성 0.1021 감소; CVaR 0.33%p 개선; MDD 3.73%p 개선; stress 0.02%p 개선; Sharpe 0.03 개선,FORMAL_ACTION excluded by action-level gate: cash_baseline_lag|linked_formal_gate_blocked|linked_recommendation_not_formal|not_trim_and_hedge,False,False,,같은 risk sleeve에서 더 적합한 액션이 선택되어 후보 감사 목록에만 남겼습니다.,"{""005930.KS"": 39.879813, ""035420.KS"": 17.841838, ""035720.KS"": 14.04439, ""NVDA"": 28.233959}","{""005930.KS"": 34.879813, ""035420.KS"": 17.841838, ""035720.KS"": 14.04439, ""GLD"": 10.0, ""NVDA"": 23.233959}"
action_033,REVIEW_ACTION,ADD_HEDGE,,REVIEW,B,B. 조건부 처방,"핵심 취약점 보완 효과는 있으나 검증 샘플, 비용, 유동성, cash baseline 중 일부 확인이 필요합니다.",Y,MEDIUM,100.0,0.0,growth_beta|korea_domestic_credit|korea_equity|krw_exposure|usdkrw_fx_korea|semiconductor_ai_cycle,geopolitical_supply_chain|gold|inflation_energy_shock|precious_metal,Y,N,Y,D,formal_rebalance_hedge_gate,FAIL,cash_baseline_lag|linked_formal_gate_blocked|linked_recommendation_not_formal|not_trim_and_hedge,geopolitical_supply_chain,지정학·공급망 충격,geopolitical_supply_chain,china_trade_fragmentation_shock|geopolitical_escalation_supply_shock,005930.KS|NVDA|035720.KS|035420.KS,005930.KS,,IAU,IAU,IAU,REFERENCE_ONLY,REFERENCE_ONLY,VALIDATION_THIN,validation_thin|bootstrap_not_robust|cash_bootstrap_not_robust|reference_only,"검증 표본 부족 - Keep review-only until the stress sample is thick enough.; 부트스트랩 신뢰도 부족 - Increase sample coverage or downgrade fragile candidates.; 현금 기준 부트스트랩 부족 - Add stronger cash-baseline evidence before formal use.; 참고 후보 - Use as research context, not an execution recommendation.",1,0,0,0,linked_recommendation_evidence_after_backtest,,"Action formal gate failed: cash_baseline_lag, linked_formal_gate_blocked, linked_recommendation_not_formal, not_trim_and_hedge","{""alternatives"": [{""available"": true, ""cvar"": -0.032992383238153, ""estimated_cost_bps"": 0.0, ""mdd"": -0.47044308523375944, ""name"": ""current"", ""stress"": -0.004118717674390396, ""turnover_pct"": 0.0, ""why_not_chosen_ko"": ""baseline portfolio""}, {""available"": true, ""cvar_delta_after_cost"": 0.00307077, ""estimated_cost_bps"": 25.0, ""mdd_delta_after_cost"": 0.04382578, ""name"": ""trim_hedge"", ""stress_delta_after_cost"": 0.00036624, ""turnover_pct"": 19.9999, ""why_not_chosen_ko"": """"}, {""available"": true, ""cvar_delta_after_cost"": 0.0032992, ""estimated_cost_bps"": 25.0, ""mdd_delta_after_cost"": 0.03803853, ""name"": ""trim_cash"", ""stress_delta_after_cost"": 0.00041187, ""turnover_pct"": 19.9999, ""why_not_chosen_ko"": ""cash baseline was compared against the trim+hedge action""}, {""available"": true, ""cvar_delta_after_cost"": 0.0, ""estimated_cost_bps"": 0.0, ""mdd_delta_after_cost"": 0.0, ""name"": ""hold"", ""stress_delta_after_cost"": 0.0, ""turnover_pct"": 0.0, ""why_not_chosen_ko"": ""does not reduce the active scenario vulnerability""}]}",4,0.00307077,0.04382578,0.00036624,25.0,0.0005,ASSUMED_LIQUID_UNIVERSE,Y,Y,Y,Y,LAGS_CASH,ROBUST_IMPROVE,UNCERTAIN,Y,"{""concentration_cap_pct"": 50.0, ""max_candidate_weight_pct"": 20.0, ""max_turnover_pct"": 20.0, ""min_existing_kept_pct"": 80.0, ""profile_source"": ""system_default""}",,0.68379911,0.58650019,-0.09729892,14.2292,100.0,100.0,100.0,39.879813,35.8918,39.879813,35.8918,0.0,10.0,-0.032992383238153,-0.029921609628126702,0.00307077,-0.47044308523375944,-0.4266173102230477,0.04382578,0.4126860163103684,0.39782809868135544,-0.01485792,-0.004118717674390396,-0.0037524821580005286,0.00036624,1.060022778983874,1.125225697495942,0.06520292,computed_from_action_before_after_weights,,19.9999,90.0001,5.0,PASS,,"지정학·공급망 충격 취약성을 만든 005930.KS, NVDA, 035720.KS에 대해 IAU로 추가 헷지를 적용하면 sleeve 취약도 변화가 -0.0973입니다. 정식 추천 기준은 미달해 검토 후보입니다.",Action formal gate did not pass. Blockers: cash_baseline_lag|linked_formal_gate_blocked|linked_recommendation_not_formal|not_trim_and_hedge. Linked recommendation status is evidence only: REFERENCE_ONLY.,"IAU 조정은 지정학·공급망 충격 취약성을 낮추는 검토안이며 전후 지표는 CVaR 개선, MDD 개선, stress 개선으로 확인됩니다.",취약성 0.0973 감소; CVaR 0.31%p 개선; MDD 4.38%p 개선; stress 0.04%p 개선; Sharpe 0.07 개선,FORMAL_ACTION excluded by action-level gate: cash_baseline_lag|linked_formal_gate_blocked|linked_recommendation_not_formal|not_trim_and_hedge,False,True,trim 가능한 source holding이 제한적이어서 ADD_HEDGE를 선택했습니다.,,"{""005930.KS"": 39.879813, ""035420.KS"": 17.841838, ""035720.KS"": 14.04439, ""NVDA"": 28.233959}","{""005930.KS"": 35.8918, ""035420.KS"": 16.0577, ""035720.KS"": 12.64, ""IAU"": 10.0, ""NVDA"": 25.4106}"
action_035,REVIEW_ACTION,ADD_HEDGE,,REVIEW,B,B. 조건부 처방,"핵심 취약점 보완 효과는 있으나 검증 샘플, 비용, 유동성, cash baseline 중 일부 확인이 필요합니다.",Y,MEDIUM,100.0,0.0,growth_beta|korea_domestic_credit|korea_equity|krw_exposure|usdkrw_fx_korea|semiconductor_ai_cycle,geopolitical_supply_chain|gold|inflation_energy_shock|precious_metal,Y,N,Y,D,formal_rebalance_hedge_gate,FAIL,cash_baseline_lag|linked_formal_gate_blocked|linked_recommendation_not_formal|not_trim_and_hedge,geopolitical_supply_chain,지정학·공급망 충격,geopolitical_supply_chain,china_trade_fragmentation_shock|geopolitical_escalation_supply_shock,005930.KS|NVDA|035720.KS|035420.KS,005930.KS,,GLD,GLD,GLD,REFERENCE_ONLY,REFERENCE_ONLY,VALIDATION_THIN,validation_thin|bootstrap_not_robust|cash_bootstrap_not_robust|reference_only,"검증 표본 부족 - Keep review-only until the stress sample is thick enough.; 부트스트랩 신뢰도 부족 - Increase sample coverage or downgrade fragile candidates.; 현금 기준 부트스트랩 부족 - Add stronger cash-baseline evidence before formal use.; 참고 후보 - Use as research context, not an execution recommendation.",1,0,0,0,linked_recommendation_evidence_after_backtest,,"Action formal gate failed: cash_baseline_lag, linked_formal_gate_blocked, linked_recommendation_not_formal, not_trim_and_hedge","{""alternatives"": [{""available"": true, ""cvar"": -0.032992383238153, ""estimated_cost_bps"": 0.0, ""mdd"": -0.47044308523375944, ""name"": ""current"", ""stress"": -0.004118717674390396, ""turnover_pct"": 0.0, ""why_not_chosen_ko"": ""baseline portfolio""}, {""available"": true, ""cvar_delta_after_cost"": 0.00307569, ""estimated_cost_bps"": 25.0, ""mdd_delta_after_cost"": 0.04370442, ""name"": ""trim_hedge"", ""stress_delta_after_cost"": 0.00035613, ""turnover_pct"": 19.9999, ""why_not_chosen_ko"": """"}, {""available"": true, ""cvar_delta_after_cost"": 0.0032992, ""estimated_cost_bps"": 25.0, ""mdd_delta_after_cost"": 0.03803853, ""name"": ""trim_cash"", ""stress_delta_after_cost"": 0.00041187, ""turnover_pct"": 19.9999, ""why_not_chosen_ko"": ""cash baseline was compared against the trim+hedge action""}, {""available"": true, ""cvar_delta_after_cost"": 0.0, ""estimated_cost_bps"": 0.0, ""mdd_delta_after_cost"": 0.0, ""name"": ""hold"", ""stress_delta_after_cost"": 0.0, ""turnover_pct"": 0.0, ""why_not_chosen_ko"": ""does not reduce the active scenario vulnerability""}]}",4,0.00307569,0.04370442,0.00035613,25.0,0.0005,ASSUMED_LIQUID_UNIVERSE,Y,Y,Y,Y,LAGS_CASH,ROBUST_IMPROVE,UNCERTAIN,Y,"{""concentration_cap_pct"": 50.0, ""max_candidate_weight_pct"": 20.0, ""max_turnover_pct"": 20.0, ""min_existing_kept_pct"": 80.0, ""profile_source"": ""system_default""}",,0.68379911,0.58684693,-0.09695218,14.1785,100.0,100.0,100.0,39.879813,35.8918,39.879813,35.8918,0.0,10.0,-0.032992383238153,-0.029916691766663703,0.00307569,-0.47044308523375944,-0.42673866284806095,0.04370442,0.4126860163103684,0.3979823335852127,-0.01470368,-0.004118717674390396,-0.003762592333476774,0.00035613,1.060022778983874,1.1240557169997523,0.06403294,computed_from_action_before_after_weights,,19.9999,90.0001,5.0,PASS,,"지정학·공급망 충격 취약성을 만든 005930.KS, NVDA, 035720.KS에 대해 GLD로 추가 헷지를 적용하면 sleeve 취약도 변화가 -0.0970입니다. 정식 추천 기준은 미달해 검토 후보입니다.",Action formal gate did not pass. Blockers: cash_baseline_lag|linked_formal_gate_blocked|linked_recommendation_not_formal|not_trim_and_hedge. Linked recommendation status is evidence only: REFERENCE_ONLY.,"GLD 조정은 지정학·공급망 충격 취약성을 낮추는 검토안이며 전후 지표는 CVaR 개선, MDD 개선, stress 개선으로 확인됩니다.",취약성 0.0970 감소; CVaR 0.31%p 개선; MDD 4.37%p 개선; stress 0.04%p 개선; Sharpe 0.06 개선,FORMAL_ACTION excluded by action-level gate: cash_baseline_lag|linked_formal_gate_blocked|linked_recommendation_not_formal|not_trim_and_hedge,False,False,,같은 risk sleeve에서 더 적합한 액션이 선택되어 후보 감사 목록에만 남겼습니다.,"{""005930.KS"": 39.879813, ""035420.KS"": 17.841838, ""035720.KS"": 14.04439, ""NVDA"": 28.233959}","{""005930.KS"": 35.8918, ""035420.KS"": 16.0577, ""035720.KS"": 12.64, ""GLD"": 10.0, ""NVDA"": 25.4106}"
action_041,FAIL_ACTION,ADD_HEDGE,,REVIEW,,,,Y,LOW,77.5,1.0,growth_beta|korea_domestic_credit|korea_equity|krw_exposure|usdkrw_fx_korea|semiconductor_ai_cycle,crypto|high_beta|recession_liquidity_stress|usdkrw_fx_korea,N,N,N,C,formal_rebalance_hedge_gate,FAIL,base_action_status_fail_action|cash_baseline_lag|linked_formal_gate_blocked|linked_recommendation_not_formal|mdd_after_cost_not_improved|not_trim_and_hedge|stress_after_cost_not_improved,geopolitical_supply_chain,지정학·공급망 충격,geopolitical_supply_chain,china_trade_fragmentation_shock|geopolitical_escalation_supply_shock,005930.KS|NVDA|035720.KS|035420.KS,005930.KS,,BTC-USD,BTC-USD,BTC-USD,FAIL_GATE,FAIL_GATE,VALIDATION_NOT_ELIGIBLE,fail_gate|validation_not_eligible,하드 게이트 실패 - Do not promote until the failing gate is resolved.; validation not eligible - Keep blocked or rebuild the candidate with valid backtest inputs.,0,0,0,0,linked_recommendation_evidence_after_backtest,,"Action formal gate failed: base_action_status_fail_action, cash_baseline_lag, linked_formal_gate_blocked, linked_recommendation_not_formal, mdd_after_cost_not_improved, not_trim_and_hedge, stress_after_cost_not_improved","{""alternatives"": [{""available"": true, ""cvar"": -0.032992383238153, ""estimated_cost_bps"": 0.0, ""mdd"": -0.47044308523375944, ""name"": ""current"", ""stress"": -0.004118717674390396, ""turnover_pct"": 0.0, ""why_not_chosen_ko"": ""baseline portfolio""}, {""available"": true, ""cvar_delta_after_cost"": 0.00262191, ""estimated_cost_bps"": 25.0, ""mdd_delta_after_cost"": -0.00481559, ""name"": ""trim_hedge"", ""stress_delta_after_cost"": -0.00032981, ""turnover_pct"": 19.9999, ""why_not_chosen_ko"": """"}, {""available"": true, ""cvar_delta_after_cost"": 0.0032992, ""estimated_cost_bps"": 25.0, ""mdd_delta_after_cost"": 0.03803853, ""name"": ""trim_cash"", ""stress_delta_after_cost"": 0.00041187, ""turnover_pct"": 19.9999, ""why_not_chosen_ko"": ""cash baseline was compared against the trim+hedge action""}, {""available"": true, ""cvar_delta_after_cost"": 0.0, ""estimated_cost_bps"": 0.0, ""mdd_delta_after_cost"": 0.0, ""name"": ""hold"", ""stress_delta_after_cost"": 0.0, ""turnover_pct"": 0.0, ""why_not_chosen_ko"": ""does not reduce the active scenario vulnerability""}]}",4,0.00262191,-0.00481559,-0.00032981,25.0,0.0005,ASSUMED_LIQUID_UNIVERSE,Y,Y,Y,Y,LAGS_CASH,ROBUST_IMPROVE,ACTION_BOOTSTRAP_PASS,Y,"{""concentration_cap_pct"": 50.0, ""max_candidate_weight_pct"": 20.0, ""max_turnover_pct"": 20.0, ""min_existing_kept_pct"": 80.0, ""profile_source"": ""system_default""}",,0.68379911,0.60668423,-0.07711488,11.2774,100.0,100.0,100.0,39.879813,35.8918,39.879813,35.8918,0.0,10.0,-0.032992383238153,-0.030370472251750623,0.00262191,-0.47044308523375944,-0.47525867494286744,-0.00481559,0.4126860163103684,0.5108474662108032,0.09816145,-0.004118717674390396,-0.004448532133559336,-0.00032981,1.060022778983874,1.6436273287588987,0.58360455,computed_from_action_before_after_weights,,19.9999,90.0001,5.0,PASS,MDD worsened; stress worsened,"지정학·공급망 충격 취약성을 만든 005930.KS, NVDA, 035720.KS에 대해 BTC-USD로 추가 헷지를 적용하면 sleeve 취약도 변화가 -0.0771입니다. 정식 추천 기준은 미달해 검토 후보입니다.",기준 미통과: MDD worsened; stress worsened,"BTC-USD 조정은 지정학·공급망 충격 취약성은 일부 낮춰도 핵심 리스크 지표가 악화되어 실행 기준 미통과입니다. (CVaR 개선, MDD 악화, stress 악화)",취약성 0.0771 감소; CVaR 0.26%p 개선; MDD 0.48%p 악화; stress 0.03%p 악화; Sharpe 0.58 개선,MDD worsened; stress worsened,False,False,,기준 미통과: MDD worsened; stress worsened,"{""005930.KS"": 39.879813, ""035420.KS"": 17.841838, ""035720.KS"": 14.04439, ""NVDA"": 28.233959}","{""005930.KS"": 35.8918, ""035420.KS"": 16.0577, ""035720.KS"": 12.64, ""BTC-USD"": 10.0, ""NVDA"": 25.4106}"
action_023,REVIEW_ACTION,ADD_HEDGE,,REVIEW,C,C. 검토 후보,방향성은 맞지만 공식 처방이라 부르기에는 근거 또는 제약 검증이 부족합니다.,Y,LOW,100.0,1.0,growth_beta|korea_domestic_credit|korea_equity|krw_exposure|usdkrw_fx_korea|semiconductor_ai_cycle,fx_hedge|usdkrw_fx_korea|yen,N,N,N,C,formal_rebalance_hedge_gate,FAIL,linked_formal_gate_blocked|linked_recommendation_not_formal|not_trim_and_hedge,geopolitical_supply_chain,지정학·공급망 충격,geopolitical_supply_chain,china_trade_fragmentation_shock|geopolitical_escalation_supply_shock,005930.KS|NVDA|035720.KS|035420.KS,005930.KS,,FXY,FXY,FXY,REFERENCE_ONLY,REFERENCE_ONLY,VALIDATION_THIN,validation_thin|cash_baseline_lag|bootstrap_not_robust|cash_bootstrap_not_robust|liquidity_below_formal|return_drag_reference|reference_only,"검증 표본 부족 - Keep review-only until the stress sample is thick enough.; 현금 기준 대비 열위 - Improve the cash-baseline comparison or keep the candidate review-only.; 부트스트랩 신뢰도 부족 - Increase sample coverage or downgrade fragile candidates.; 현금 기준 부트스트랩 부족 - Add stronger cash-baseline evidence before formal use.; 유동성 기준 미달 - Refresh ADV evidence or exclude the candidate from formal recommendations.; 수익률 훼손 검토 필요 - Confirm risk reduction compensates for return drag before promotion.; 참고 후보 - Use as research context, not an execution recommendation.",1,1,0,0,linked_recommendation_evidence_after_backtest,,"Action formal gate failed: linked_formal_gate_blocked, linked_recommendation_not_formal, not_trim_and_hedge","{""alternatives"": [{""available"": true, ""cvar"": -0.032992383238153, ""estimated_cost_bps"": 0.0, ""mdd"": -0.47044308523375944, ""name"": ""current"", ""stress"": -0.004118717674390396, ""turnover_pct"": 0.0, ""why_not_chosen_ko"": ""baseline portfolio""}, {""available"": true, ""cvar_delta_after_cost"": 0.00362317, ""estimated_cost_bps"": 25.0, ""mdd_delta_after_cost"": 0.03301256, ""name"": ""trim_hedge"", ""stress_delta_after_cost"": 0.00042776, ""turnover_pct"": 19.9999, ""why_not_chosen_ko"": """"}, {""available"": true, ""cvar_delta_after_cost"": 0.0032992, ""estimated_cost_bps"": 25.0, ""mdd_delta_after_cost"": 0.03803853, ""name"": ""trim_cash"", ""stress_delta_after_cost"": 0.00041187, ""turnover_pct"": 19.9999, ""why_not_chosen_ko"": ""cash baseline was compared against the trim+hedge action""}, {""available"": true, ""cvar_delta_after_cost"": 0.0, ""estimated_cost_bps"": 0.0, ""mdd_delta_after_cost"": 0.0, ""name"": ""hold"", ""stress_delta_after_cost"": 0.0, ""turnover_pct"": 0.0, ""why_not_chosen_ko"": ""does not reduce the active scenario vulnerability""}]}",4,0.00362317,0.03301256,0.00042776,25.0,0.0005,ASSUMED_LIQUID_UNIVERSE,Y,Y,Y,Y,BEATS_CASH,ROBUST_IMPROVE,ACTION_BOOTSTRAP_PASS,Y,"{""concentration_cap_pct"": 50.0, ""max_candidate_weight_pct"": 20.0, ""max_turnover_pct"": 20.0, ""min_existing_kept_pct"": 80.0, ""profile_source"": ""system_default""}",,0.68379911,0.61025288,-0.07354623,10.7555,100.0,100.0,100.0,39.879813,35.8918,39.879813,35.8918,0.0,10.0,-0.032992383238153,-0.02936921261154335,0.00362317,-0.47044308523375944,-0.4374305247861804,0.03301256,0.4126860163103684,0.38129178122499024,-0.03139424,-0.004118717674390396,-0.003690961730570917,0.00042776,1.060022778983874,1.083123380627475,0.0231006,computed_from_action_before_after_weights,,19.9999,90.0001,5.0,PASS,,"지정학·공급망 충격 취약성을 만든 005930.KS, NVDA, 035720.KS에 대해 FXY로 추가 헷지를 적용하면 sleeve 취약도 변화가 -0.0735입니다. 정식 추천 기준은 미달해 검토 후보입니다.",Action formal gate did not pass. Blockers: linked_formal_gate_blocked|linked_recommendation_not_formal|not_trim_and_hedge. Linked recommendation status is evidence only: REFERENCE_ONLY.,"FXY 조정은 지정학·공급망 충격 취약성을 낮추는 검토안이며 전후 지표는 CVaR 개선, MDD 개선, stress 개선으로 확인됩니다.",취약성 0.0735 감소; CVaR 0.36%p 개선; MDD 3.30%p 개선; stress 0.04%p 개선; Sharpe 0.02 개선,FORMAL_ACTION excluded by action-level gate: linked_formal_gate_blocked|linked_recommendation_not_formal|not_trim_and_hedge,False,False,,같은 risk sleeve에서 더 적합한 액션이 선택되어 후보 감사 목록에만 남겼습니다.,"{""005930.KS"": 39.879813, ""035420.KS"": 17.841838, ""035720.KS"": 14.04439, ""NVDA"": 28.233959}","{""005930.KS"": 35.8918, ""035420.KS"": 16.0577, ""035720.KS"": 12.64, ""FXY"": 10.0, ""NVDA"": 25.4106}"
action_073,FAIL_ACTION,ADD_HEDGE,,REVIEW,,,,Y,LOW,85.0,1.0,growth_beta|korea_domestic_credit|korea_equity|krw_exposure|usdkrw_fx_korea|semiconductor_ai_cycle,fx_hedge|geopolitical_supply_chain|gold|inflation_energy_shock|korea_domestic_credit|kr_listed|usdkrw_fx_korea|yen,N,N,N,C,formal_rebalance_hedge_gate,FAIL,base_action_status_fail_action|cash_baseline_lag|linked_formal_gate_blocked|linked_recommendation_not_formal|not_trim_and_hedge|stress_after_cost_not_improved,geopolitical_supply_chain,지정학·공급망 충격,geopolitical_supply_chain,china_trade_fragmentation_shock|geopolitical_escalation_supply_shock,005930.KS|NVDA|035720.KS|035420.KS,005930.KS,,FXY|132030.KS,FXY,FXY + 132030.KS,REFERENCE_ONLY,FAIL_GATE,VALIDATION_THIN,validation_thin|cash_baseline_lag|bootstrap_not_robust|cash_bootstrap_not_robust|liquidity_below_formal|return_drag_reference|reference_only,"검증 표본 부족 - Keep review-only until the stress sample is thick enough.; 현금 기준 대비 열위 - Improve the cash-baseline comparison or keep the candidate review-only.; 부트스트랩 신뢰도 부족 - Increase sample coverage or downgrade fragile candidates.; 현금 기준 부트스트랩 부족 - Add stronger cash-baseline evidence before formal use.; 유동성 기준 미달 - Refresh ADV evidence or exclude the candidate from formal recommendations.; 수익률 훼손 검토 필요 - Confirm risk reduction compensates for return drag before promotion.; 참고 후보 - Use as research context, not an execution recommendation.",1,1,0,0,linked_recommendation_evidence_after_backtest,,"Action formal gate failed: base_action_status_fail_action, cash_baseline_lag, linked_formal_gate_blocked, linked_recommendation_not_formal, not_trim_and_hedge, stress_after_cost_not_improved","{""alternatives"": [{""available"": true, ""cvar"": -0.032992383238153, ""estimated_cost_bps"": 0.0, ""mdd"": -0.47044308523375944, ""name"": ""current"", ""stress"": -0.004118717674390396, ""turnover_pct"": 0.0, ""why_not_chosen_ko"": ""baseline portfolio""}, {""available"": true, ""cvar_delta_after_cost"": 0.00576569, ""estimated_cost_bps"": 25.0, ""mdd_delta_after_cost"": 0.03613649, ""name"": ""trim_hedge"", ""stress_delta_after_cost"": -0.00018165, ""turnover_pct"": 19.9999, ""why_not_chosen_ko"": """"}, {""available"": true, ""cvar_delta_after_cost"": 0.0032992, ""estimated_cost_bps"": 25.0, ""mdd_delta_after_cost"": 0.03803853, ""name"": ""trim_cash"", ""stress_delta_after_cost"": 0.00041187, ""turnover_pct"": 19.9999, ""why_not_chosen_ko"": ""cash baseline was compared against the trim+hedge action""}, {""available"": true, ""cvar_delta_after_cost"": 0.0, ""estimated_cost_bps"": 0.0, ""mdd_delta_after_cost"": 0.0, ""name"": ""hold"", ""stress_delta_after_cost"": 0.0, ""turnover_pct"": 0.0, ""why_not_chosen_ko"": ""does not reduce the active scenario vulnerability""}]}",4,0.00576569,0.03613649,-0.00018165,25.0,0.0005,ASSUMED_LIQUID_UNIVERSE,Y,Y,Y,Y,LAGS_CASH,ROBUST_IMPROVE,ACTION_BOOTSTRAP_PASS,Y,"{""concentration_cap_pct"": 50.0, ""max_candidate_weight_pct"": 20.0, ""max_turnover_pct"": 20.0, ""min_existing_kept_pct"": 80.0, ""profile_source"": ""system_default""}",,0.68379911,0.61593599,-0.06786312,9.9244,100.0,100.0,100.0,39.879813,35.8918,39.879813,35.8918,0.0,8.0,-0.032992383238153,-0.02722669321909024,0.00576569,-0.47044308523375944,-0.43430659663120474,0.03613649,0.4126860163103684,0.4168376534613364,0.00415164,-0.004118717674390396,-0.0043003645652571944,-0.00018165,1.060022778983874,1.316554638860054,0.25653186,computed_from_action_before_after_weights,,19.9999,90.0001,5.0,PASS,stress worsened,"지정학·공급망 충격 취약성을 만든 005930.KS, NVDA, 035720.KS에 대해 FXY, 132030.KS로 추가 헷지를 적용하면 sleeve 취약도 변화가 -0.0679입니다. 정식 추천 기준은 미달해 검토 후보입니다.",기준 미통과: stress worsened,"FXY + 132030.KS 조정은 지정학·공급망 충격 취약성은 일부 낮춰도 핵심 리스크 지표가 악화되어 실행 기준 미통과입니다. (CVaR 개선, MDD 개선, stress 악화)",취약성 0.0679 감소; CVaR 0.58%p 개선; MDD 3.61%p 개선; stress 0.02%p 악화; Sharpe 0.26 개선,stress worsened,False,False,,기준 미통과: stress worsened,"{""005930.KS"": 39.879813, ""035420.KS"": 17.841838, ""035720.KS"": 14.04439, ""NVDA"": 28.233959}","{""005930.KS"": 35.8918, ""035420.KS"": 16.0577, ""035720.KS"": 12.64, ""132030.KS"": 2.0, ""FXY"": 8.0, ""NVDA"": 25.4106}"
action_061,REVIEW_ACTION,ADD_HEDGE,,REVIEW,B,B. 조건부 처방,"핵심 취약점 보완 효과는 있으나 검증 샘플, 비용, 유동성, cash baseline 중 일부 확인이 필요합니다.",Y,LOW,100.0,1.0,growth_beta|korea_domestic_credit|korea_equity|krw_exposure|usdkrw_fx_korea|semiconductor_ai_cycle,geopolitical_supply_chain|japan_equity|usdkrw_fx_korea|yen_proxy,N,N,N,C,formal_rebalance_hedge_gate,FAIL,cash_baseline_lag|linked_formal_gate_blocked|linked_recommendation_not_formal|not_trim_and_hedge,geopolitical_supply_chain,지정학·공급망 충격,geopolitical_supply_chain,china_trade_fragmentation_shock|geopolitical_escalation_supply_shock,005930.KS|NVDA|035720.KS|035420.KS,005930.KS,,EWJ,EWJ,EWJ,FAIL_GATE,FAIL_GATE,VALIDATION_NOT_ELIGIBLE,fail_gate|validation_not_eligible|return_drag_reference,하드 게이트 실패 - Do not promote until the failing gate is resolved.; validation not eligible - Keep blocked or rebuild the candidate with valid backtest inputs.; 수익률 훼손 검토 필요 - Confirm risk reduction compensates for return drag before promotion.,0,0,0,0,linked_recommendation_evidence_after_backtest,,"Action formal gate failed: cash_baseline_lag, linked_formal_gate_blocked, linked_recommendation_not_formal, not_trim_and_hedge","{""alternatives"": [{""available"": true, ""cvar"": -0.032992383238153, ""estimated_cost_bps"": 0.0, ""mdd"": -0.47044308523375944, ""name"": ""current"", ""stress"": -0.004118717674390396, ""turnover_pct"": 0.0, ""why_not_chosen_ko"": ""baseline portfolio""}, {""available"": true, ""cvar_delta_after_cost"": 0.00204597, ""estimated_cost_bps"": 25.0, ""mdd_delta_after_cost"": 0.0259644, ""name"": ""trim_hedge"", ""stress_delta_after_cost"": 0.0003218, ""turnover_pct"": 19.9999, ""why_not_chosen_ko"": """"}, {""available"": true, ""cvar_delta_after_cost"": 0.0032992, ""estimated_cost_bps"": 25.0, ""mdd_delta_after_cost"": 0.03803853, ""name"": ""trim_cash"", ""stress_delta_after_cost"": 0.00041187, ""turnover_pct"": 19.9999, ""why_not_chosen_ko"": ""cash baseline was compared against the trim+hedge action""}, {""available"": true, ""cvar_delta_after_cost"": 0.0, ""estimated_cost_bps"": 0.0, ""mdd_delta_after_cost"": 0.0, ""name"": ""hold"", ""stress_delta_after_cost"": 0.0, ""turnover_pct"": 0.0, ""why_not_chosen_ko"": ""does not reduce the active scenario vulnerability""}]}",4,0.00204597,0.0259644,0.0003218,25.0,0.0005,ASSUMED_LIQUID_UNIVERSE,Y,Y,Y,Y,LAGS_CASH,ROBUST_IMPROVE,UNCERTAIN,Y,"{""concentration_cap_pct"": 50.0, ""max_candidate_weight_pct"": 20.0, ""max_turnover_pct"": 20.0, ""min_existing_kept_pct"": 80.0, ""profile_source"": ""system_default""}",,0.68379911,0.61778045,-0.06601866,9.6547,100.0,100.0,100.0,39.879813,35.8918,39.879813,35.8918,0.0,10.0,-0.032992383238153,-0.030946409841146542,0.00204597,-0.47044308523375944,-0.4444786875254221,0.0259644,0.4126860163103684,0.4526415996741255,0.03995558,-0.004118717674390396,-0.0037969196878310687,0.0003218,1.060022778983874,1.053835378134319,-0.0061874,computed_from_action_before_after_weights,,19.9999,90.0001,5.0,PASS,,"지정학·공급망 충격 취약성을 만든 005930.KS, NVDA, 035720.KS에 대해 EWJ로 추가 헷지를 적용하면 sleeve 취약도 변화가 -0.0660입니다. 정식 추천 기준은 미달해 검토 후보입니다.",Action formal gate did not pass. Blockers: cash_baseline_lag|linked_formal_gate_blocked|linked_recommendation_not_formal|not_trim_and_hedge. Linked recommendation status is evidence only: FAIL_GATE.,"EWJ 조정은 지정학·공급망 충격 취약성을 낮추는 검토안이며 전후 지표는 CVaR 개선, MDD 개선, stress 개선으로 확인됩니다.",취약성 0.0660 감소; CVaR 0.20%p 개선; MDD 2.60%p 개선; stress 0.03%p 개선; Sharpe 0.01 악화,FORMAL_ACTION excluded by action-level gate: cash_baseline_lag|linked_formal_gate_blocked|linked_recommendation_not_formal|not_trim_and_hedge,False,True,"상위 sleeve 커버리지 이후 남은 후보 중 상태, 개선폭, turnover 기준으로 선택했습니다.",,"{""005930.KS"": 39.879813, ""035420.KS"": 17.841838, ""035720.KS"": 14.04439, ""NVDA"": 28.233959}","{""005930.KS"": 35.8918, ""035420.KS"": 16.0577, ""035720.KS"": 12.64, ""EWJ"": 10.0, ""NVDA"": 25.4106}"
action_063,REVIEW_ACTION,ADD_HEDGE,,REVIEW,B,B. 조건부 처방,"핵심 취약점 보완 효과는 있으나 검증 샘플, 비용, 유동성, cash baseline 중 일부 확인이 필요합니다.",Y,LOW,100.0,1.0,growth_beta|korea_domestic_credit|korea_equity|krw_exposure|usdkrw_fx_korea|semiconductor_ai_cycle,china_equity|geopolitical_supply_chain|global_trade|usdkrw_fx_korea,N,N,N,C,formal_rebalance_hedge_gate,FAIL,cash_baseline_lag|linked_formal_gate_blocked|linked_recommendation_not_formal|not_trim_and_hedge,geopolitical_supply_chain,지정학·공급망 충격,geopolitical_supply_chain,china_trade_fragmentation_shock|geopolitical_escalation_supply_shock,005930.KS|NVDA|035720.KS|035420.KS,005930.KS,,FXI,FXI,FXI,FAIL_GATE,FAIL_GATE,VALIDATION_NOT_ELIGIBLE,fail_gate|validation_not_eligible|return_drag_reference,하드 게이트 실패 - Do not promote until the failing gate is resolved.; validation not eligible - Keep blocked or rebuild the candidate with valid backtest inputs.; 수익률 훼손 검토 필요 - Confirm risk reduction compensates for return drag before promotion.,0,0,0,0,linked_recommendation_evidence_after_backtest,,"Action formal gate failed: cash_baseline_lag, linked_formal_gate_blocked, linked_recommendation_not_formal, not_trim_and_hedge","{""alternatives"": [{""available"": true, ""cvar"": -0.032992383238153, ""estimated_cost_bps"": 0.0, ""mdd"": -0.47044308523375944, ""name"": ""current"", ""stress"": -0.004118717674390396, ""turnover_pct"": 0.0, ""why_not_chosen_ko"": ""baseline portfolio""}, {""available"": true, ""cvar_delta_after_cost"": 0.00123511, ""estimated_cost_bps"": 25.0, ""mdd_delta_after_cost"": 0.01423628, ""name"": ""trim_hedge"", ""stress_delta_after_cost"": 0.0004285, ""turnover_pct"": 19.9999, ""why_not_chosen_ko"": """"}, {""available"": true, ""cvar_delta_after_cost"": 0.0032992, ""estimated_cost_bps"": 25.0, ""mdd_delta_after_cost"": 0.03803853, ""name"": ""trim_cash"", ""stress_delta_after_cost"": 0.00041187, ""turnover_pct"": 19.9999, ""why_not_chosen_ko"": ""cash baseline was compared against the trim+hedge action""}, {""available"": true, ""cvar_delta_after_cost"": 0.0, ""estimated_cost_bps"": 0.0, ""mdd_delta_after_cost"": 0.0, ""name"": ""hold"", ""stress_delta_after_cost"": 0.0, ""turnover_pct"": 0.0, ""why_not_chosen_ko"": ""does not reduce the active scenario vulnerability""}]}",4,0.00123511,0.01423628,0.0004285,25.0,0.0005,ASSUMED_LIQUID_UNIVERSE,Y,Y,Y,Y,LAGS_CASH,ROBUST_IMPROVE,UNCERTAIN,Y,"{""concentration_cap_pct"": 50.0, ""max_candidate_weight_pct"": 20.0, ""max_turnover_pct"": 20.0, ""min_existing_kept_pct"": 80.0, ""profile_source"": ""system_default""}",,0.68379911,0.61848509,-0.06531402,9.5516,100.0,100.0,100.0,39.879813,35.8918,39.879813,35.8918,0.0,10.0,-0.032992383238153,-0.03175726900173271,0.00123511,-0.47044308523375944,-0.45620680341788744,0.01423628,0.4126860163103684,0.4723546419525774,0.05966863,-0.004118717674390396,-0.0036902213062658734,0.0004285,1.060022778983874,1.0234210986033794,-0.03660168,computed_from_action_before_after_weights,,19.9999,90.0001,5.0,PASS,,"지정학·공급망 충격 취약성을 만든 005930.KS, NVDA, 035720.KS에 대해 FXI로 추가 헷지를 적용하면 sleeve 취약도 변화가 -0.0653입니다. 정식 추천 기준은 미달해 검토 후보입니다.",Action formal gate did not pass. Blockers: cash_baseline_lag|linked_formal_gate_blocked|linked_recommendation_not_formal|not_trim_and_hedge. Linked recommendation status is evidence only: FAIL_GATE.,"FXI 조정은 지정학·공급망 충격 취약성을 낮추는 검토안이며 전후 지표는 CVaR 개선, MDD 개선, stress 개선으로 확인됩니다.",취약성 0.0653 감소; CVaR 0.12%p 개선; MDD 1.42%p 개선; stress 0.04%p 개선; Sharpe 0.04 악화,FORMAL_ACTION excluded by action-level gate: cash_baseline_lag|linked_formal_gate_blocked|linked_recommendation_not_formal|not_trim_and_hedge,False,True,"상위 sleeve 커버리지 이후 남은 후보 중 상태, 개선폭, turnover 기준으로 선택했습니다.",,"{""005930.KS"": 39.879813, ""035420.KS"": 17.841838, ""035720.KS"": 14.04439, ""NVDA"": 28.233959}","{""005930.KS"": 35.8918, ""035420.KS"": 16.0577, ""035720.KS"": 12.64, ""FXI"": 10.0, ""NVDA"": 25.4106}"
action_057,FAIL_ACTION,ADD_HEDGE,,REVIEW,,,,Y,LOW,85.0,1.0,growth_beta|korea_domestic_credit|korea_equity|krw_exposure|usdkrw_fx_korea|semiconductor_ai_cycle,geopolitical_supply_chain|global_equity|usd_exposure|usdkrw_fx_korea,N,N,N,C,formal_rebalance_hedge_gate,FAIL,base_action_status_fail_action|cash_baseline_lag|linked_formal_gate_blocked|linked_recommendation_not_formal|not_trim_and_hedge|stress_after_cost_not_improved,geopolitical_supply_chain,지정학·공급망 충격,geopolitical_supply_chain,china_trade_fragmentation_shock|geopolitical_escalation_supply_shock,005930.KS|NVDA|035720.KS|035420.KS,005930.KS,,VXUS,VXUS,VXUS,FAIL_GATE,FAIL_GATE,VALIDATION_NOT_ELIGIBLE,fail_gate|validation_not_eligible,하드 게이트 실패 - Do not promote until the failing gate is resolved.; validation not eligible - Keep blocked or rebuild the candidate with valid backtest inputs.,0,0,0,0,linked_recommendation_evidence_after_backtest,,"Action formal gate failed: base_action_status_fail_action, cash_baseline_lag, linked_formal_gate_blocked, linked_recommendation_not_formal, not_trim_and_hedge, stress_after_cost_not_improved","{""alternatives"": [{""available"": true, ""cvar"": -0.032992383238153, ""estimated_cost_bps"": 0.0, ""mdd"": -0.47044308523375944, ""name"": ""current"", ""stress"": -0.004118717674390396, ""turnover_pct"": 0.0, ""why_not_chosen_ko"": ""baseline portfolio""}, {""available"": true, ""cvar_delta_after_cost"": 0.00421674, ""estimated_cost_bps"": 25.0, ""mdd_delta_after_cost"": 0.02699096, ""name"": ""trim_hedge"", ""stress_delta_after_cost"": -0.00044097, ""turnover_pct"": 19.9999, ""why_not_chosen_ko"": """"}, {""available"": true, ""cvar_delta_after_cost"": 0.0032992, ""estimated_cost_bps"": 25.0, ""mdd_delta_after_cost"": 0.03803853, ""name"": ""trim_cash"", ""stress_delta_after_cost"": 0.00041187, ""turnover_pct"": 19.9999, ""why_not_chosen_ko"": ""cash baseline was compared against the trim+hedge action""}, {""available"": true, ""cvar_delta_after_cost"": 0.0, ""estimated_cost_bps"": 0.0, ""mdd_delta_after_cost"": 0.0, ""name"": ""hold"", ""stress_delta_after_cost"": 0.0, ""turnover_pct"": 0.0, ""why_not_chosen_ko"": ""does not reduce the active scenario vulnerability""}]}",4,0.00421674,0.02699096,-0.00044097,25.0,0.0005,ASSUMED_LIQUID_UNIVERSE,Y,Y,Y,Y,LAGS_CASH,ROBUST_IMPROVE,UNCERTAIN,Y,"{""concentration_cap_pct"": 50.0, ""max_candidate_weight_pct"": 20.0, ""max_turnover_pct"": 20.0, ""min_existing_kept_pct"": 80.0, ""profile_source"": ""system_default""}",,0.68379911,0.61981726,-0.06398184,9.3568,100.0,100.0,100.0,39.879813,35.8918,39.879813,35.8918,0.0,10.0,-0.032992383238153,-0.028775638918721758,0.00421674,-0.47044308523375944,-0.4434521206810972,0.02699096,0.4126860163103684,0.4943829770709463,0.08169696,-0.004118717674390396,-0.004559689581812976,-0.00044097,1.060022778983874,1.2263102460530069,0.16628747,computed_from_action_before_after_weights,,19.9999,90.0001,5.0,PASS,stress worsened,"지정학·공급망 충격 취약성을 만든 005930.KS, NVDA, 035720.KS에 대해 VXUS로 추가 헷지를 적용하면 sleeve 취약도 변화가 -0.0640입니다. 정식 추천 기준은 미달해 검토 후보입니다.",기준 미통과: stress worsened,"VXUS 조정은 지정학·공급망 충격 취약성은 일부 낮춰도 핵심 리스크 지표가 악화되어 실행 기준 미통과입니다. (CVaR 개선, MDD 개선, stress 악화)",취약성 0.0640 감소; CVaR 0.42%p 개선; MDD 2.70%p 개선; stress 0.04%p 악화; Sharpe 0.17 개선,stress worsened,False,False,,기준 미통과: stress worsened,"{""005930.KS"": 39.879813, ""035420.KS"": 17.841838, ""035720.KS"": 14.04439, ""NVDA"": 28.233959}","{""005930.KS"": 35.8918, ""035420.KS"": 16.0577, ""035720.KS"": 12.64, ""NVDA"": 25.4106, ""VXUS"": 10.0}"
action_091,REVIEW_ACTION,ADD_HEDGE,,REVIEW,B,B. 조건부 처방,"핵심 취약점 보완 효과는 있으나 검증 샘플, 비용, 유동성, cash baseline 중 일부 확인이 필요합니다.",Y,LOW,100.0,0.0,growth_beta|korea_domestic_credit|korea_equity|krw_exposure|usdkrw_fx_korea|semiconductor_ai_cycle,consumer_staples|defensive_equity|rate_shock_growth_duration|recession_liquidity_stress,N,N,N,C,formal_rebalance_hedge_gate,FAIL,cash_baseline_lag|linked_formal_gate_blocked|linked_recommendation_not_formal|not_trim_and_hedge,geopolitical_supply_chain,지정학·공급망 충격,geopolitical_supply_chain,china_trade_fragmentation_shock|geopolitical_escalation_supply_shock,005930.KS|NVDA|035720.KS|035420.KS,005930.KS,,XLP,XLP,XLP,FAIL_GATE,FAIL_GATE,VALIDATION_NOT_ELIGIBLE,fail_gate|validation_not_eligible,하드 게이트 실패 - Do not promote until the failing gate is resolved.; validation not eligible - Keep blocked or rebuild the candidate with valid backtest inputs.,0,0,0,0,linked_recommendation_evidence_after_backtest,,"Action formal gate failed: cash_baseline_lag, linked_formal_gate_blocked, linked_recommendation_not_formal, not_trim_and_hedge","{""alternatives"": [{""available"": true, ""cvar"": -0.032992383238153, ""estimated_cost_bps"": 0.0, ""mdd"": -0.47044308523375944, ""name"": ""current"", ""stress"": -0.004118717674390396, ""turnover_pct"": 0.0, ""why_not_chosen_ko"": ""baseline portfolio""}, {""available"": true, ""cvar_delta_after_cost"": 0.00280578, ""estimated_cost_bps"": 25.0, ""mdd_delta_after_cost"": 0.04228924, ""name"": ""trim_hedge"", ""stress_delta_after_cost"": 0.00027431, ""turnover_pct"": 19.9999, ""why_not_chosen_ko"": """"}, {""available"": true, ""cvar_delta_after_cost"": 0.0032992, ""estimated_cost_bps"": 25.0, ""mdd_delta_after_cost"": 0.03803853, ""name"": ""trim_cash"", ""stress_delta_after_cost"": 0.00041187, ""turnover_pct"": 19.9999, ""why_not_chosen_ko"": ""cash baseline was compared against the trim+hedge action""}, {""available"": true, ""cvar_delta_after_cost"": 0.0, ""estimated_cost_bps"": 0.0, ""mdd_delta_after_cost"": 0.0, ""name"": ""hold"", ""stress_delta_after_cost"": 0.0, ""turnover_pct"": 0.0, ""why_not_chosen_ko"": ""does not reduce the active scenario vulnerability""}]}",4,0.00280578,0.04228924,0.00027431,25.0,0.0005,ASSUMED_LIQUID_UNIVERSE,Y,Y,Y,Y,LAGS_CASH,ROBUST_IMPROVE,UNCERTAIN,Y,"{""concentration_cap_pct"": 50.0, ""max_candidate_weight_pct"": 20.0, ""max_turnover_pct"": 20.0, ""min_existing_kept_pct"": 80.0, ""profile_source"": ""system_default""}",,0.68379911,0.62041038,-0.06338873,9.2701,100.0,100.0,100.0,39.879813,35.8918,39.879813,35.8918,0.0,10.0,-0.032992383238153,-0.03018660401814264,0.00280578,-0.47044308523375944,-0.42815384788046706,0.04228924,0.4126860163103684,0.43845676523074206,0.02577075,-0.004118717674390396,-0.00384440978622773,0.00027431,1.060022778983874,1.1065951188771517,0.04657234,computed_from_action_before_after_weights,,19.9999,90.0001,5.0,PASS,,"지정학·공급망 충격 취약성을 만든 005930.KS, NVDA, 035720.KS에 대해 XLP로 추가 헷지를 적용하면 sleeve 취약도 변화가 -0.0634입니다. 정식 추천 기준은 미달해 검토 후보입니다.",Action formal gate did not pass. Blockers: cash_baseline_lag|linked_formal_gate_blocked|linked_recommendation_not_formal|not_trim_and_hedge. Linked recommendation status is evidence only: FAIL_GATE.,"XLP 조정은 지정학·공급망 충격 취약성을 낮추는 검토안이며 전후 지표는 CVaR 개선, MDD 개선, stress 개선으로 확인됩니다.",취약성 0.0634 감소; CVaR 0.28%p 개선; MDD 4.23%p 개선; stress 0.03%p 개선; Sharpe 0.05 개선,FORMAL_ACTION excluded by action-level gate: cash_baseline_lag|linked_formal_gate_blocked|linked_recommendation_not_formal|not_trim_and_hedge,False,True,"상위 sleeve 커버리지 이후 남은 후보 중 상태, 개선폭, turnover 기준으로 선택했습니다.",,"{""005930.KS"": 39.879813, ""035420.KS"": 17.841838, ""035720.KS"": 14.04439, ""NVDA"": 28.233959}","{""005930.KS"": 35.8918, ""035420.KS"": 16.0577, ""035720.KS"": 12.64, ""NVDA"": 25.4106, ""XLP"": 10.0}"
action_079,FAIL_ACTION,ADD_HEDGE,,REVIEW,,,,Y,LOW,85.0,1.0,growth_beta|korea_domestic_credit|korea_equity|krw_exposure|usdkrw_fx_korea|semiconductor_ai_cycle,geopolitical_supply_chain|global_beta|india_equity|usdkrw_fx_korea,N,N,N,C,formal_rebalance_hedge_gate,FAIL,base_action_status_fail_action|cash_baseline_lag|linked_formal_gate_blocked|linked_recommendation_not_formal|not_trim_and_hedge|stress_after_cost_not_improved,geopolitical_supply_chain,지정학·공급망 충격,geopolitical_supply_chain,china_trade_fragmentation_shock|geopolitical_escalation_supply_shock,005930.KS|NVDA|035720.KS|035420.KS,005930.KS,,INDA,INDA,INDA,FAIL_GATE,FAIL_GATE,VALIDATION_NOT_ELIGIBLE,fail_gate|validation_not_eligible,하드 게이트 실패 - Do not promote until the failing gate is resolved.; validation not eligible - Keep blocked or rebuild the candidate with valid backtest inputs.,0,0,0,0,linked_recommendation_evidence_after_backtest,,"Action formal gate failed: base_action_status_fail_action, cash_baseline_lag, linked_formal_gate_blocked, linked_recommendation_not_formal, not_trim_and_hedge, stress_after_cost_not_improved","{""alternatives"": [{""available"": true, ""cvar"": -0.032992383238153, ""estimated_cost_bps"": 0.0, ""mdd"": -0.47044308523375944, ""name"": ""current"", ""stress"": -0.004118717674390396, ""turnover_pct"": 0.0, ""why_not_chosen_ko"": ""baseline portfolio""}, {""available"": true, ""cvar_delta_after_cost"": 0.00448267, ""estimated_cost_bps"": 25.0, ""mdd_delta_after_cost"": 0.0371157, ""name"": ""trim_hedge"", ""stress_delta_after_cost"": -0.0012958, ""turnover_pct"": 19.9999, ""why_not_chosen_ko"": """"}, {""available"": true, ""cvar_delta_after_cost"": 0.0032992, ""estimated_cost_bps"": 25.0, ""mdd_delta_after_cost"": 0.03803853, ""name"": ""trim_cash"", ""stress_delta_after_cost"": 0.00041187, ""turnover_pct"": 19.9999, ""why_not_chosen_ko"": ""cash baseline was compared against the trim+hedge action""}, {""available"": true, ""cvar_delta_after_cost"": 0.0, ""estimated_cost_bps"": 0.0, ""mdd_delta_after_cost"": 0.0, ""name"": ""hold"", ""stress_delta_after_cost"": 0.0, ""turnover_pct"": 0.0, ""why_not_chosen_ko"": ""does not reduce the active scenario vulnerability""}]}",4,0.00448267,0.0371157,-0.0012958,25.0,0.0005,ASSUMED_LIQUID_UNIVERSE,Y,Y,Y,Y,LAGS_CASH,ROBUST_IMPROVE,UNCERTAIN,Y,"{""concentration_cap_pct"": 50.0, ""max_candidate_weight_pct"": 20.0, ""max_turnover_pct"": 20.0, ""min_existing_kept_pct"": 80.0, ""profile_source"": ""system_default""}",,0.68379911,0.62112282,-0.06267628,9.1659,100.0,100.0,100.0,39.879813,35.8918,39.879813,35.8918,0.0,10.0,-0.032992383238153,-0.028509715011242442,0.00448267,-0.47044308523375944,-0.4333273819611877,0.0371157,0.4126860163103684,0.493725567528036,0.08103955,-0.004118717674390396,-0.0054145196399780155,-0.0012958,1.060022778983874,1.313055982340091,0.2530332,computed_from_action_before_after_weights,,19.9999,90.0001,5.0,PASS,stress worsened,"지정학·공급망 충격 취약성을 만든 005930.KS, NVDA, 035720.KS에 대해 INDA로 추가 헷지를 적용하면 sleeve 취약도 변화가 -0.0627입니다. 정식 추천 기준은 미달해 검토 후보입니다.",기준 미통과: stress worsened,"INDA 조정은 지정학·공급망 충격 취약성은 일부 낮춰도 핵심 리스크 지표가 악화되어 실행 기준 미통과입니다. (CVaR 개선, MDD 개선, stress 악화)",취약성 0.0627 감소; CVaR 0.45%p 개선; MDD 3.71%p 개선; stress 0.13%p 악화; Sharpe 0.25 개선,stress worsened,False,False,,기준 미통과: stress worsened,"{""005930.KS"": 39.879813, ""035420.KS"": 17.841838, ""035720.KS"": 14.04439, ""NVDA"": 28.233959}","{""005930.KS"": 35.8918, ""035420.KS"": 16.0577, ""035720.KS"": 12.64, ""INDA"": 10.0, ""NVDA"": 25.4106}"
action_077,FAIL_ACTION,ADD_HEDGE,,REVIEW,,,,Y,LOW,85.0,1.0,growth_beta|korea_domestic_credit|korea_equity|krw_exposure|usdkrw_fx_korea|semiconductor_ai_cycle,fx_hedge|geopolitical_supply_chain|gold|inflation_energy_shock|korea_domestic_credit|kr_listed|swiss_franc|usdkrw_fx_korea,N,N,N,C,formal_rebalance_hedge_gate,FAIL,base_action_status_fail_action|linked_formal_gate_blocked|linked_recommendation_not_formal|not_trim_and_hedge|stress_after_cost_not_improved,geopolitical_supply_chain,지정학·공급망 충격,geopolitical_supply_chain,china_trade_fragmentation_shock|geopolitical_escalation_supply_shock,005930.KS|NVDA|035720.KS|035420.KS,005930.KS,,FXF|132030.KS,FXF,FXF + 132030.KS,REFERENCE_ONLY,FAIL_GATE,VALIDATION_INSUFFICIENT,validation_insufficient|liquidity_below_formal|return_drag_reference|reference_only,"검증 이력 부족 - Add enough target stress validation history before formal promotion.; 유동성 기준 미달 - Refresh ADV evidence or exclude the candidate from formal recommendations.; 수익률 훼손 검토 필요 - Confirm risk reduction compensates for return drag before promotion.; 참고 후보 - Use as research context, not an execution recommendation.",0,0,0,0,linked_recommendation_evidence_after_backtest,,"Action formal gate failed: base_action_status_fail_action, linked_formal_gate_blocked, linked_recommendation_not_formal, not_trim_and_hedge, stress_after_cost_not_improved","{""alternatives"": [{""available"": true, ""cvar"": -0.032992383238153, ""estimated_cost_bps"": 0.0, ""mdd"": -0.47044308523375944, ""name"": ""current"", ""stress"": -0.004118717674390396, ""turnover_pct"": 0.0, ""why_not_chosen_ko"": ""baseline portfolio""}, {""available"": true, ""cvar_delta_after_cost"": 0.00558606, ""estimated_cost_bps"": 25.0, ""mdd_delta_after_cost"": 0.04428485, ""name"": ""trim_hedge"", ""stress_delta_after_cost"": -0.00026138, ""turnover_pct"": 19.9999, ""why_not_chosen_ko"": """"}, {""available"": true, ""cvar_delta_after_cost"": 0.0032992, ""estimated_cost_bps"": 25.0, ""mdd_delta_after_cost"": 0.03803853, ""name"": ""trim_cash"", ""stress_delta_after_cost"": 0.00041187, ""turnover_pct"": 19.9999, ""why_not_chosen_ko"": ""cash baseline was compared against the trim+hedge action""}, {""available"": true, ""cvar_delta_after_cost"": 0.0, ""estimated_cost_bps"": 0.0, ""mdd_delta_after_cost"": 0.0, ""name"": ""hold"", ""stress_delta_after_cost"": 0.0, ""turnover_pct"": 0.0, ""why_not_chosen_ko"": ""does not reduce the active scenario vulnerability""}]}",4,0.00558606,0.04428485,-0.00026138,25.0,0.0005,ASSUMED_LIQUID_UNIVERSE,Y,Y,Y,Y,BEATS_CASH,ROBUST_IMPROVE,UNCERTAIN,Y,"{""concentration_cap_pct"": 50.0, ""max_candidate_weight_pct"": 20.0, ""max_turnover_pct"": 20.0, ""min_existing_kept_pct"": 80.0, ""profile_source"": ""system_default""}",,0.68379911,0.62117045,-0.06262866,9.1589,100.0,100.0,100.0,39.879813,35.8918,39.879813,35.8918,0.0,8.0,-0.032992383238153,-0.027406325502846645,0.00558606,-0.47044308523375944,-0.4261582401140056,0.04428485,0.4126860163103684,0.4234129810593748,0.01072696,-0.004118717674390396,-0.004380097198863782,-0.00026138,1.060022778983874,1.3382142980956717,0.27819152,computed_from_action_before_after_weights,,19.9999,90.0001,5.0,PASS,stress worsened,"지정학·공급망 충격 취약성을 만든 005930.KS, NVDA, 035720.KS에 대해 FXF, 132030.KS로 추가 헷지를 적용하면 sleeve 취약도 변화가 -0.0626입니다. 정식 추천 기준은 미달해 검토 후보입니다.",기준 미통과: stress worsened,"FXF + 132030.KS 조정은 지정학·공급망 충격 취약성은 일부 낮춰도 핵심 리스크 지표가 악화되어 실행 기준 미통과입니다. (CVaR 개선, MDD 개선, stress 악화)",취약성 0.0626 감소; CVaR 0.56%p 개선; MDD 4.43%p 개선; stress 0.03%p 악화; Sharpe 0.28 개선,stress worsened,False,False,,기준 미통과: stress worsened,"{""005930.KS"": 39.879813, ""035420.KS"": 17.841838, ""035720.KS"": 14.04439, ""NVDA"": 28.233959}","{""005930.KS"": 35.8918, ""035420.KS"": 16.0577, ""035720.KS"": 12.64, ""132030.KS"": 2.0, ""FXF"": 8.0, ""NVDA"": 25.4106}"
action_132,REVIEW_ACTION,TRIM_AND_HEDGE,,REVIEW,C,C. 검토 후보,방향성은 맞지만 공식 처방이라 부르기에는 근거 또는 제약 검증이 부족합니다.,Y,LOW,100.0,1.0,growth_beta|korea_domestic_credit|korea_equity|krw_exposure|usdkrw_fx_korea|semiconductor_ai_cycle,fx_hedge|usdkrw_fx_korea|yen,N,N,N,C,formal_rebalance_hedge_gate,FAIL,linked_formal_gate_blocked|linked_recommendation_not_formal,rate_shock_growth_duration,장기금리·성장주 듀레이션,rate_shock_growth_duration,higher_for_longer_long_rate_shock,NVDA,NVDA,,FXY,FXY,FXY,REFERENCE_ONLY,REFERENCE_ONLY,VALIDATION_THIN,validation_thin|cash_baseline_lag|bootstrap_not_robust|cash_bootstrap_not_robust|liquidity_below_formal|return_drag_reference|reference_only,"검증 표본 부족 - Keep review-only until the stress sample is thick enough.; 현금 기준 대비 열위 - Improve the cash-baseline comparison or keep the candidate review-only.; 부트스트랩 신뢰도 부족 - Increase sample coverage or downgrade fragile candidates.; 현금 기준 부트스트랩 부족 - Add stronger cash-baseline evidence before formal use.; 유동성 기준 미달 - Refresh ADV evidence or exclude the candidate from formal recommendations.; 수익률 훼손 검토 필요 - Confirm risk reduction compensates for return drag before promotion.; 참고 후보 - Use as research context, not an execution recommendation.",1,1,0,0,linked_recommendation_evidence_after_backtest,,"Action formal gate failed: linked_formal_gate_blocked, linked_recommendation_not_formal","{""alternatives"": [{""available"": true, ""cvar"": -0.032992383238153, ""estimated_cost_bps"": 0.0, ""mdd"": -0.47044308523375944, ""name"": ""current"", ""stress"": -0.004118717674390396, ""turnover_pct"": 0.0, ""why_not_chosen_ko"": ""baseline portfolio""}, {""available"": true, ""cvar_delta_after_cost"": 0.00226529, ""estimated_cost_bps"": 25.0, ""mdd_delta_after_cost"": 0.02224701, ""name"": ""trim_hedge"", ""stress_delta_after_cost"": 4.048e-05, ""turnover_pct"": 10.000001, ""why_not_chosen_ko"": """"}, {""available"": true, ""cvar_delta_after_cost"": 0.00207211, ""estimated_cost_bps"": 25.0, ""mdd_delta_after_cost"": 0.02525293, ""name"": ""trim_cash"", ""stress_delta_after_cost"": 3.253e-05, ""turnover_pct"": 10.000001, ""why_not_chosen_ko"": ""cash baseline was compared against the trim+hedge action""}, {""available"": true, ""cvar_delta_after_cost"": 0.0, ""estimated_cost_bps"": 0.0, ""mdd_delta_after_cost"": 0.0, ""name"": ""hold"", ""stress_delta_after_cost"": 0.0, ""turnover_pct"": 0.0, ""why_not_chosen_ko"": ""does not reduce the active scenario vulnerability""}]}",4,0.00226529,0.02224701,4.048e-05,25.0,0.00025,ASSUMED_LIQUID_UNIVERSE,Y,Y,Y,Y,BEATS_CASH,ACTION_BOOTSTRAP_PASS,UNCERTAIN,Y,"{""concentration_cap_pct"": 50.0, ""max_candidate_weight_pct"": 20.0, ""max_turnover_pct"": 20.0, ""min_existing_kept_pct"": 80.0, ""profile_source"": ""system_default""}",,0.51671815,0.45938309,-0.05733506,11.096,60.8768,60.8768,60.8768,28.233959,23.233959,28.233959,23.233959,0.0,5.0,-0.032992383238153,-0.030727088649175862,0.00226529,-0.47044308523375944,-0.4481960764455887,0.02224701,0.4126860163103684,0.34551494973477764,-0.06717107,-0.004118717674390396,-0.004078240521322204,4.048e-05,1.060022778983874,1.0422802915652047,-0.01774249,computed_from_action_before_after_weights,,10.000001,95.0,5.0,PASS,,장기금리·성장주 듀레이션 취약성을 만든 NVDA에 대해 FXY로 원인 보유자산 일부 축소 후 헷지를 적용하면 sleeve 취약도 변화가 -0.0573입니다. 정식 추천 기준은 미달해 검토 후보입니다.,Action formal gate did not pass. Blockers: linked_formal_gate_blocked|linked_recommendation_not_formal. Linked recommendation status is evidence only: REFERENCE_ONLY.,"FXY 조정은 장기금리·성장주 듀레이션 취약성을 낮추는 검토안이며 전후 지표는 CVaR 개선, MDD 개선, stress 개선으로 확인됩니다.",취약성 0.0573 감소; CVaR 0.23%p 개선; MDD 2.22%p 개선; stress 0.00%p 개선; Sharpe 0.02 악화,FORMAL_ACTION excluded by action-level gate: linked_formal_gate_blocked|linked_recommendation_not_formal,False,True,취약성 기여가 큰 보유자산이 확인되어 단순 추가 헷지보다 TRIM_AND_HEDGE가 우선입니다.,,"{""005930.KS"": 39.879813, ""035420.KS"": 17.841838, ""035720.KS"": 14.04439, ""NVDA"": 28.233959}","{""005930.KS"": 39.879813, ""035420.KS"": 17.841838, ""035720.KS"": 14.04439, ""FXY"": 5.0, ""NVDA"": 23.233959}"
action_120,FAIL_ACTION,TRIM_AND_HEDGE,,REVIEW,,,,Y,LOW,85.0,1.0,growth_beta|korea_domestic_credit|korea_equity|krw_exposure|usdkrw_fx_korea|semiconductor_ai_cycle,fx_hedge|geopolitical_supply_chain|gold|inflation_energy_shock|korea_domestic_credit|kr_listed|usdkrw_fx_korea|yen,N,N,N,C,formal_rebalance_hedge_gate,FAIL,base_action_status_fail_action|linked_formal_gate_blocked|linked_recommendation_not_formal|stress_after_cost_not_improved,rate_shock_growth_duration,장기금리·성장주 듀레이션,rate_shock_growth_duration,higher_for_longer_long_rate_shock,NVDA,NVDA,,FXY|132030.KS,FXY,FXY + 132030.KS,REFERENCE_ONLY,REFERENCE_ONLY,VALIDATION_THIN,validation_thin|cash_baseline_lag|bootstrap_not_robust|cash_bootstrap_not_robust|liquidity_below_formal|return_drag_reference|reference_only,"검증 표본 부족 - Keep review-only until the stress sample is thick enough.; 현금 기준 대비 열위 - Improve the cash-baseline comparison or keep the candidate review-only.; 부트스트랩 신뢰도 부족 - Increase sample coverage or downgrade fragile candidates.; 현금 기준 부트스트랩 부족 - Add stronger cash-baseline evidence before formal use.; 유동성 기준 미달 - Refresh ADV evidence or exclude the candidate from formal recommendations.; 수익률 훼손 검토 필요 - Confirm risk reduction compensates for return drag before promotion.; 참고 후보 - Use as research context, not an execution recommendation.",1,1,0,0,linked_recommendation_evidence_after_backtest,,"Action formal gate failed: base_action_status_fail_action, linked_formal_gate_blocked, linked_recommendation_not_formal, stress_after_cost_not_improved","{""alternatives"": [{""available"": true, ""cvar"": -0.032992383238153, ""estimated_cost_bps"": 0.0, ""mdd"": -0.47044308523375944, ""name"": ""current"", ""stress"": -0.004118717674390396, ""turnover_pct"": 0.0, ""why_not_chosen_ko"": ""baseline portfolio""}, {""available"": true, ""cvar_delta_after_cost"": 0.00441193, ""estimated_cost_bps"": 25.0, ""mdd_delta_after_cost"": 0.02659886, ""name"": ""trim_hedge"", ""stress_delta_after_cost"": -0.0006552, ""turnover_pct"": 10.000001, ""why_not_chosen_ko"": """"}, {""available"": true, ""cvar_delta_after_cost"": 0.00207211, ""estimated_cost_bps"": 25.0, ""mdd_delta_after_cost"": 0.02525293, ""name"": ""trim_cash"", ""stress_delta_after_cost"": 3.253e-05, ""turnover_pct"": 10.000001, ""why_not_chosen_ko"": ""cash baseline was compared against the trim+hedge action""}, {""available"": true, ""cvar_delta_after_cost"": 0.0, ""estimated_cost_bps"": 0.0, ""mdd_delta_after_cost"": 0.0, ""name"": ""hold"", ""stress_delta_after_cost"": 0.0, ""turnover_pct"": 0.0, ""why_not_chosen_ko"": ""does not reduce the active scenario vulnerability""}]}",4,0.00441193,0.02659886,-0.0006552,25.0,0.00025,ASSUMED_LIQUID_UNIVERSE,Y,Y,Y,Y,BEATS_CASH,ACTION_BOOTSTRAP_PASS,ACTION_BOOTSTRAP_PASS,Y,"{""concentration_cap_pct"": 50.0, ""max_candidate_weight_pct"": 20.0, ""max_turnover_pct"": 20.0, ""min_existing_kept_pct"": 80.0, ""profile_source"": ""system_default""}",,0.51671815,0.46019751,-0.05652064,10.9384,60.8768,60.8768,60.8768,28.233959,23.233959,28.233959,23.233959,0.0,2.5,-0.032992383238153,-0.02858045639381898,0.00441193,-0.47044308523375944,-0.44384422739603424,0.02659886,0.4126860163103684,0.37920292668692696,-0.03348309,-0.004118717674390396,-0.004773913025401674,-0.0006552,1.060022778983874,1.2670616667984018,0.20703889,computed_from_action_before_after_weights,,10.000001,95.0,5.0,PASS,stress worsened,"장기금리·성장주 듀레이션 취약성을 만든 NVDA에 대해 FXY, 132030.KS로 원인 보유자산 일부 축소 후 헷지를 적용하면 sleeve 취약도 변화가 -0.0565입니다. 정식 추천 기준은 미달해 검토 후보입니다.",기준 미통과: stress worsened,"FXY + 132030.KS 조정은 장기금리·성장주 듀레이션 취약성은 일부 낮춰도 핵심 리스크 지표가 악화되어 실행 기준 미통과입니다. (CVaR 개선, MDD 개선, stress 악화)",취약성 0.0565 감소; CVaR 0.44%p 개선; MDD 2.66%p 개선; stress 0.07%p 악화; Sharpe 0.21 개선,stress worsened,False,False,,기준 미통과: stress worsened,"{""005930.KS"": 39.879813, ""035420.KS"": 17.841838, ""035720.KS"": 14.04439, ""NVDA"": 28.233959}","{""005930.KS"": 39.879813, ""035420.KS"": 17.841838, ""035720.KS"": 14.04439, ""132030.KS"": 2.5, ""FXY"": 2.5, ""NVDA"": 23.233959}"
action_112,FAIL_ACTION,TRIM_AND_HEDGE,,REVIEW,,,,Y,LOW,85.0,1.0,growth_beta|korea_domestic_credit|korea_equity|krw_exposure|usdkrw_fx_korea|semiconductor_ai_cycle,fx_hedge|korea_domestic_credit|krw_weakness|usd_hedge|usdkrw_fx_korea|yen,N,N,N,C,formal_rebalance_hedge_gate,FAIL,base_action_status_fail_action|linked_formal_gate_blocked|linked_recommendation_not_formal|stress_after_cost_not_improved,rate_shock_growth_duration,장기금리·성장주 듀레이션,rate_shock_growth_duration,higher_for_longer_long_rate_shock,NVDA,NVDA,,261240.KS|FXY,261240.KS,261240.KS + FXY,REFERENCE_ONLY,PASS_RECOMMEND,VALIDATION_THIN,validation_thin|bootstrap_not_robust|cash_bootstrap_not_robust|liquidity_below_formal|reference_only,"검증 표본 부족 - Keep review-only until the stress sample is thick enough.; 부트스트랩 신뢰도 부족 - Increase sample coverage or downgrade fragile candidates.; 현금 기준 부트스트랩 부족 - Add stronger cash-baseline evidence before formal use.; 유동성 기준 미달 - Refresh ADV evidence or exclude the candidate from formal recommendations.; 참고 후보 - Use as research context, not an execution recommendation.",1,0,0,0,linked_recommendation_evidence,,"Action formal gate failed: base_action_status_fail_action, linked_formal_gate_blocked, linked_recommendation_not_formal, stress_after_cost_not_improved","{""alternatives"": [{""available"": true, ""cvar"": -0.032992383238153, ""estimated_cost_bps"": 0.0, ""mdd"": -0.47044308523375944, ""name"": ""current"", ""stress"": -0.004118717674390396, ""turnover_pct"": 0.0, ""why_not_chosen_ko"": ""baseline portfolio""}, {""available"": true, ""cvar_delta_after_cost"": 0.00286301, ""estimated_cost_bps"": 25.0, ""mdd_delta_after_cost"": 0.03104346, ""name"": ""trim_hedge"", ""stress_delta_after_cost"": -0.000802, ""turnover_pct"": 10.000001, ""why_not_chosen_ko"": """"}, {""available"": true, ""cvar_delta_after_cost"": 0.00207211, ""estimated_cost_bps"": 25.0, ""mdd_delta_after_cost"": 0.02525293, ""name"": ""trim_cash"", ""stress_delta_after_cost"": 3.253e-05, ""turnover_pct"": 10.000001, ""why_not_chosen_ko"": ""cash baseline was compared against the trim+hedge action""}, {""available"": true, ""cvar_delta_after_cost"": 0.0, ""estimated_cost_bps"": 0.0, ""mdd_delta_after_cost"": 0.0, ""name"": ""hold"", ""stress_delta_after_cost"": 0.0, ""turnover_pct"": 0.0, ""why_not_chosen_ko"": ""does not reduce the active scenario vulnerability""}]}",4,0.00286301,0.03104346,-0.000802,25.0,0.00025,ASSUMED_LIQUID_UNIVERSE,Y,Y,Y,Y,BEATS_CASH,ACTION_BOOTSTRAP_PASS,ACTION_BOOTSTRAP_PASS,Y,"{""concentration_cap_pct"": 50.0, ""max_candidate_weight_pct"": 20.0, ""max_turnover_pct"": 20.0, ""min_existing_kept_pct"": 80.0, ""profile_source"": ""system_default""}",,0.51671815,0.46079164,-0.05592651,10.8234,60.8768,60.8768,60.8768,28.233959,23.233959,28.233959,23.233959,0.0,2.5,-0.032992383238153,-0.03012937653957986,0.00286301,-0.47044308523375944,-0.4393996250987724,0.03104346,0.4126860163103684,0.4125262474892022,-0.00015977,-0.004118717674390396,-0.004920722213329961,-0.000802,1.060022778983874,1.3439293029912862,0.28390652,computed_from_action_before_after_weights,,10.000001,95.0,5.0,PASS,stress worsened,"장기금리·성장주 듀레이션 취약성을 만든 NVDA에 대해 261240.KS, FXY로 원인 보유자산 일부 축소 후 헷지를 적용하면 sleeve 취약도 변화가 -0.0559입니다. 기존 formal gate 통과 후보입니다.",기준 미통과: stress worsened,"261240.KS + FXY 조정은 장기금리·성장주 듀레이션 취약성은 일부 낮춰도 핵심 리스크 지표가 악화되어 실행 기준 미통과입니다. (CVaR 개선, MDD 개선, stress 악화)",취약성 0.0559 감소; CVaR 0.29%p 개선; MDD 3.10%p 개선; stress 0.08%p 악화; Sharpe 0.28 개선,stress worsened,False,False,,기준 미통과: stress worsened,"{""005930.KS"": 39.879813, ""035420.KS"": 17.841838, ""035720.KS"": 14.04439, ""NVDA"": 28.233959}","{""005930.KS"": 39.879813, ""035420.KS"": 17.841838, ""035720.KS"": 14.04439, ""261240.KS"": 2.5, ""FXY"": 2.5, ""NVDA"": 23.233959}"
action_145,REVIEW_ACTION,ADD_HEDGE,,REVIEW,C,C. 검토 후보,방향성은 맞지만 공식 처방이라 부르기에는 근거 또는 제약 검증이 부족합니다.,Y,LOW,100.0,1.0,growth_beta|korea_domestic_credit|korea_equity|krw_exposure|usdkrw_fx_korea|semiconductor_ai_cycle,fx_hedge|usdkrw_fx_korea|yen,N,N,N,C,formal_rebalance_hedge_gate,FAIL,linked_formal_gate_blocked|linked_recommendation_not_formal|not_trim_and_hedge,rate_shock_growth_duration,장기금리·성장주 듀레이션,rate_shock_growth_duration,higher_for_longer_long_rate_shock,NVDA|005930.KS|035420.KS|035720.KS,NVDA,,FXY,FXY,FXY,REFERENCE_ONLY,REFERENCE_ONLY,VALIDATION_THIN,validation_thin|cash_baseline_lag|bootstrap_not_robust|cash_bootstrap_not_robust|liquidity_below_formal|return_drag_reference|reference_only,"검증 표본 부족 - Keep review-only until the stress sample is thick enough.; 현금 기준 대비 열위 - Improve the cash-baseline comparison or keep the candidate review-only.; 부트스트랩 신뢰도 부족 - Increase sample coverage or downgrade fragile candidates.; 현금 기준 부트스트랩 부족 - Add stronger cash-baseline evidence before formal use.; 유동성 기준 미달 - Refresh ADV evidence or exclude the candidate from formal recommendations.; 수익률 훼손 검토 필요 - Confirm risk reduction compensates for return drag before promotion.; 참고 후보 - Use as research context, not an execution recommendation.",1,1,0,0,linked_recommendation_evidence_after_backtest,,"Action formal gate failed: linked_formal_gate_blocked, linked_recommendation_not_formal, not_trim_and_hedge","{""alternatives"": [{""available"": true, ""cvar"": -0.032992383238153, ""estimated_cost_bps"": 0.0, ""mdd"": -0.47044308523375944, ""name"": ""current"", ""stress"": -0.004118717674390396, ""turnover_pct"": 0.0, ""why_not_chosen_ko"": ""baseline portfolio""}, {""available"": true, ""cvar_delta_after_cost"": 0.00362317, ""estimated_cost_bps"": 25.0, ""mdd_delta_after_cost"": 0.03301256, ""name"": ""trim_hedge"", ""stress_delta_after_cost"": 0.00042776, ""turnover_pct"": 19.9999, ""why_not_chosen_ko"": """"}, {""available"": true, ""cvar_delta_after_cost"": 0.0032992, ""estimated_cost_bps"": 25.0, ""mdd_delta_after_cost"": 0.03803853, ""name"": ""trim_cash"", ""stress_delta_after_cost"": 0.00041187, ""turnover_pct"": 19.9999, ""why_not_chosen_ko"": ""cash baseline was compared against the trim+hedge action""}, {""available"": true, ""cvar_delta_after_cost"": 0.0, ""estimated_cost_bps"": 0.0, ""mdd_delta_after_cost"": 0.0, ""name"": ""hold"", ""stress_delta_after_cost"": 0.0, ""turnover_pct"": 0.0, ""why_not_chosen_ko"": ""does not reduce the active scenario vulnerability""}]}",4,0.00362317,0.03301256,0.00042776,25.0,0.0005,ASSUMED_LIQUID_UNIVERSE,Y,Y,Y,Y,BEATS_CASH,ACTION_BOOTSTRAP_PASS,UNCERTAIN,Y,"{""concentration_cap_pct"": 50.0, ""max_candidate_weight_pct"": 20.0, ""max_turnover_pct"": 20.0, ""min_existing_kept_pct"": 80.0, ""profile_source"": ""system_default""}",,0.51671815,0.46178935,-0.05492879,10.6303,100.0,100.0,100.0,28.233959,25.4106,28.233959,25.4106,0.0,10.0,-0.032992383238153,-0.02936921261154335,0.00362317,-0.47044308523375944,-0.4374305247861804,0.03301256,0.4126860163103684,0.38129178122499024,-0.03139424,-0.004118717674390396,-0.003690961730570917,0.00042776,1.060022778983874,1.083123380627475,0.0231006,computed_from_action_before_after_weights,,19.9999,90.0001,5.0,PASS,,"장기금리·성장주 듀레이션 취약성을 만든 NVDA, 005930.KS, 035420.KS에 대해 FXY로 추가 헷지를 적용하면 sleeve 취약도 변화가 -0.0549입니다. 정식 추천 기준은 미달해 검토 후보입니다.",Action formal gate did not pass. Blockers: linked_formal_gate_blocked|linked_recommendation_not_formal|not_trim_and_hedge. Linked recommendation status is evidence only: REFERENCE_ONLY.,"FXY 조정은 장기금리·성장주 듀레이션 취약성을 낮추는 검토안이며 전후 지표는 CVaR 개선, MDD 개선, stress 개선으로 확인됩니다.",취약성 0.0549 감소; CVaR 0.36%p 개선; MDD 3.30%p 개선; stress 0.04%p 개선; Sharpe 0.02 개선,FORMAL_ACTION excluded by action-level gate: linked_formal_gate_blocked|linked_recommendation_not_formal|not_trim_and_hedge,False,False,,같은 risk sleeve에서 더 적합한 액션이 선택되어 후보 감사 목록에만 남겼습니다.,"{""005930.KS"": 39.879813, ""035420.KS"": 17.841838, ""035720.KS"": 14.04439, ""NVDA"": 28.233959}","{""005930.KS"": 35.8918, ""035420.KS"": 16.0577, ""035720.KS"": 12.64, ""FXY"": 10.0, ""NVDA"": 25.4106}"
action_249,FAIL_ACTION,ADD_HEDGE,,REVIEW,,,,Y,LOW,85.0,1.0,growth_beta|korea_domestic_credit|korea_equity|krw_exposure|usdkrw_fx_korea|semiconductor_ai_cycle,fx_hedge|geopolitical_supply_chain|gold|inflation_energy_shock|korea_domestic_credit|kr_listed|usdkrw_fx_korea|yen,N,N,N,C,formal_rebalance_hedge_gate,FAIL,base_action_status_fail_action|cash_baseline_lag|linked_formal_gate_blocked|linked_recommendation_not_formal|not_trim_and_hedge|stress_after_cost_not_improved,rate_shock_growth_duration,장기금리·성장주 듀레이션,rate_shock_growth_duration,higher_for_longer_long_rate_shock,NVDA|005930.KS|035420.KS|035720.KS,NVDA,,FXY|132030.KS,FXY,FXY + 132030.KS,REFERENCE_ONLY,FAIL_GATE,VALIDATION_THIN,validation_thin|cash_baseline_lag|bootstrap_not_robust|cash_bootstrap_not_robust|liquidity_below_formal|return_drag_reference|reference_only,"검증 표본 부족 - Keep review-only until the stress sample is thick enough.; 현금 기준 대비 열위 - Improve the cash-baseline comparison or keep the candidate review-only.; 부트스트랩 신뢰도 부족 - Increase sample coverage or downgrade fragile candidates.; 현금 기준 부트스트랩 부족 - Add stronger cash-baseline evidence before formal use.; 유동성 기준 미달 - Refresh ADV evidence or exclude the candidate from formal recommendations.; 수익률 훼손 검토 필요 - Confirm risk reduction compensates for return drag before promotion.; 참고 후보 - Use as research context, not an execution recommendation.",1,1,0,0,linked_recommendation_evidence_after_backtest,,"Action formal gate failed: base_action_status_fail_action, cash_baseline_lag, linked_formal_gate_blocked, linked_recommendation_not_formal, not_trim_and_hedge, stress_after_cost_not_improved","{""alternatives"": [{""available"": true, ""cvar"": -0.032992383238153, ""estimated_cost_bps"": 0.0, ""mdd"": -0.47044308523375944, ""name"": ""current"", ""stress"": -0.004118717674390396, ""turnover_pct"": 0.0, ""why_not_chosen_ko"": ""baseline portfolio""}, {""available"": true, ""cvar_delta_after_cost"": 0.00576569, ""estimated_cost_bps"": 25.0, ""mdd_delta_after_cost"": 0.03613649, ""name"": ""trim_hedge"", ""stress_delta_after_cost"": -0.00018165, ""turnover_pct"": 19.9999, ""why_not_chosen_ko"": """"}, {""available"": true, ""cvar_delta_after_cost"": 0.0032992, ""estimated_cost_bps"": 25.0, ""mdd_delta_after_cost"": 0.03803853, ""name"": ""trim_cash"", ""stress_delta_after_cost"": 0.00041187, ""turnover_pct"": 19.9999, ""why_not_chosen_ko"": ""cash baseline was compared against the trim+hedge action""}, {""available"": true, ""cvar_delta_after_cost"": 0.0, ""estimated_cost_bps"": 0.0, ""mdd_delta_after_cost"": 0.0, ""name"": ""hold"", ""stress_delta_after_cost"": 0.0, ""turnover_pct"": 0.0, ""why_not_chosen_ko"": ""does not reduce the active scenario vulnerability""}]}",4,0.00576569,0.03613649,-0.00018165,25.0,0.0005,ASSUMED_LIQUID_UNIVERSE,Y,Y,Y,Y,LAGS_CASH,ROBUST_IMPROVE,ACTION_BOOTSTRAP_PASS,Y,"{""concentration_cap_pct"": 50.0, ""max_candidate_weight_pct"": 20.0, ""max_turnover_pct"": 20.0, ""min_existing_kept_pct"": 80.0, ""profile_source"": ""system_default""}",,0.51671815,0.46244089,-0.05427726,10.5042,100.0,100.0,100.0,28.233959,25.4106,28.233959,25.4106,0.0,8.0,-0.032992383238153,-0.02722669321909024,0.00576569,-0.47044308523375944,-0.43430659663120474,0.03613649,0.4126860163103684,0.4168376534613364,0.00415164,-0.004118717674390396,-0.0043003645652571944,-0.00018165,1.060022778983874,1.316554638860054,0.25653186,computed_from_action_before_after_weights,,19.9999,90.0001,5.0,PASS,stress worsened,"장기금리·성장주 듀레이션 취약성을 만든 NVDA, 005930.KS, 035420.KS에 대해 FXY, 132030.KS로 추가 헷지를 적용하면 sleeve 취약도 변화가 -0.0543입니다. 정식 추천 기준은 미달해 검토 후보입니다.",기준 미통과: stress worsened,"FXY + 132030.KS 조정은 장기금리·성장주 듀레이션 취약성은 일부 낮춰도 핵심 리스크 지표가 악화되어 실행 기준 미통과입니다. (CVaR 개선, MDD 개선, stress 악화)",취약성 0.0543 감소; CVaR 0.58%p 개선; MDD 3.61%p 개선; stress 0.02%p 악화; Sharpe 0.26 개선,stress worsened,False,False,,기준 미통과: stress worsened,"{""005930.KS"": 39.879813, ""035420.KS"": 17.841838, ""035720.KS"": 14.04439, ""NVDA"": 28.233959}","{""005930.KS"": 35.8918, ""035420.KS"": 16.0577, ""035720.KS"": 12.64, ""132030.KS"": 2.0, ""FXY"": 8.0, ""NVDA"": 25.4106}"
action_247,FAIL_ACTION,ADD_HEDGE,,REVIEW,,,,Y,LOW,85.0,1.0,growth_beta|korea_domestic_credit|korea_equity|krw_exposure|usdkrw_fx_korea|semiconductor_ai_cycle,fx_hedge|korea_domestic_credit|krw_weakness|usd_hedge|usdkrw_fx_korea|yen,N,N,N,C,formal_rebalance_hedge_gate,FAIL,base_action_status_fail_action|linked_formal_gate_blocked|linked_recommendation_not_formal|not_trim_and_hedge|stress_after_cost_not_improved,rate_shock_growth_duration,장기금리·성장주 듀레이션,rate_shock_growth_duration,higher_for_longer_long_rate_shock,NVDA|005930.KS|035420.KS|035720.KS,NVDA,,261240.KS|FXY,261240.KS,261240.KS + FXY,REFERENCE_ONLY,FAIL_GATE,VALIDATION_THIN,validation_thin|bootstrap_not_robust|cash_bootstrap_not_robust|liquidity_below_formal|reference_only,"검증 표본 부족 - Keep review-only until the stress sample is thick enough.; 부트스트랩 신뢰도 부족 - Increase sample coverage or downgrade fragile candidates.; 현금 기준 부트스트랩 부족 - Add stronger cash-baseline evidence before formal use.; 유동성 기준 미달 - Refresh ADV evidence or exclude the candidate from formal recommendations.; 참고 후보 - Use as research context, not an execution recommendation.",1,0,0,0,linked_recommendation_evidence_after_backtest,,"Action formal gate failed: base_action_status_fail_action, linked_formal_gate_blocked, linked_recommendation_not_formal, not_trim_and_hedge, stress_after_cost_not_improved","{""alternatives"": [{""available"": true, ""cvar"": -0.032992383238153, ""estimated_cost_bps"": 0.0, ""mdd"": -0.47044308523375944, ""name"": ""current"", ""stress"": -0.004118717674390396, ""turnover_pct"": 0.0, ""why_not_chosen_ko"": ""baseline portfolio""}, {""available"": true, ""cvar_delta_after_cost"": 0.00417136, ""estimated_cost_bps"": 25.0, ""mdd_delta_after_cost"": 0.05004311, ""name"": ""trim_hedge"", ""stress_delta_after_cost"": -0.00023141, ""turnover_pct"": 19.9999, ""why_not_chosen_ko"": """"}, {""available"": true, ""cvar_delta_after_cost"": 0.0032992, ""estimated_cost_bps"": 25.0, ""mdd_delta_after_cost"": 0.03803853, ""name"": ""trim_cash"", ""stress_delta_after_cost"": 0.00041187, ""turnover_pct"": 19.9999, ""why_not_chosen_ko"": ""cash baseline was compared against the trim+hedge action""}, {""available"": true, ""cvar_delta_after_cost"": 0.0, ""estimated_cost_bps"": 0.0, ""mdd_delta_after_cost"": 0.0, ""name"": ""hold"", ""stress_delta_after_cost"": 0.0, ""turnover_pct"": 0.0, ""why_not_chosen_ko"": ""does not reduce the active scenario vulnerability""}]}",4,0.00417136,0.05004311,-0.00023141,25.0,0.0005,ASSUMED_LIQUID_UNIVERSE,Y,Y,Y,Y,BEATS_CASH,ROBUST_IMPROVE,ACTION_BOOTSTRAP_PASS,Y,"{""concentration_cap_pct"": 50.0, ""max_candidate_weight_pct"": 20.0, ""max_turnover_pct"": 20.0, ""min_existing_kept_pct"": 80.0, ""profile_source"": ""system_default""}",,0.51671815,0.46629671,-0.05042144,9.758,100.0,100.0,100.0,28.233959,25.4106,28.233959,25.4106,0.0,8.0,-0.032992383238153,-0.028821019319411903,0.00417136,-0.47044308523375944,-0.42039997111721905,0.05004311,0.4126860163103684,0.45003136963651585,0.03734535,-0.004118717674390396,-0.004350130011863733,-0.00023141,1.060022778983874,1.4242655829324409,0.3642428,computed_from_action_before_after_weights,,19.9999,90.0001,5.0,PASS,stress worsened,"장기금리·성장주 듀레이션 취약성을 만든 NVDA, 005930.KS, 035420.KS에 대해 261240.KS, FXY로 추가 헷지를 적용하면 sleeve 취약도 변화가 -0.0504입니다. 정식 추천 기준은 미달해 검토 후보입니다.",기준 미통과: stress worsened,"261240.KS + FXY 조정은 장기금리·성장주 듀레이션 취약성은 일부 낮춰도 핵심 리스크 지표가 악화되어 실행 기준 미통과입니다. (CVaR 개선, MDD 개선, stress 악화)",취약성 0.0504 감소; CVaR 0.42%p 개선; MDD 5.00%p 개선; stress 0.02%p 악화; Sharpe 0.36 개선,stress worsened,False,False,,기준 미통과: stress worsened,"{""005930.KS"": 39.879813, ""035420.KS"": 17.841838, ""035720.KS"": 14.04439, ""NVDA"": 28.233959}","{""005930.KS"": 35.8918, ""035420.KS"": 16.0577, ""035720.KS"": 12.64, ""261240.KS"": 8.0, ""FXY"": 2.0, ""NVDA"": 25.4106}"
action_174,FAIL_ACTION,TRIM_AND_HEDGE,,REVIEW,,,,Y,LOW,85.0,1.0,growth_beta|korea_domestic_credit|korea_equity|krw_exposure|usdkrw_fx_korea|semiconductor_ai_cycle,cash_like|fx_hedge|korea_domestic_credit|kr_short_bond|rate_shock_growth_duration|usdkrw_fx_korea|yen,N,Y,N,C,formal_rebalance_hedge_gate,FAIL,base_action_status_fail_action|linked_formal_gate_blocked|linked_recommendation_not_formal|stress_after_cost_not_improved,rate_shock_growth_duration,장기금리·성장주 듀레이션,rate_shock_growth_duration,higher_for_longer_long_rate_shock,NVDA,NVDA,,FXY|153130.KS,FXY,FXY + 153130.KS,REFERENCE_ONLY,FAIL_GATE,VALIDATION_THIN,validation_thin|cash_baseline_lag|bootstrap_not_robust|cash_bootstrap_not_robust|liquidity_below_formal|return_drag_reference|reference_only,"검증 표본 부족 - Keep review-only until the stress sample is thick enough.; 현금 기준 대비 열위 - Improve the cash-baseline comparison or keep the candidate review-only.; 부트스트랩 신뢰도 부족 - Increase sample coverage or downgrade fragile candidates.; 현금 기준 부트스트랩 부족 - Add stronger cash-baseline evidence before formal use.; 유동성 기준 미달 - Refresh ADV evidence or exclude the candidate from formal recommendations.; 수익률 훼손 검토 필요 - Confirm risk reduction compensates for return drag before promotion.; 참고 후보 - Use as research context, not an execution recommendation.",1,1,0,0,linked_recommendation_evidence_after_backtest,,"Action formal gate failed: base_action_status_fail_action, linked_formal_gate_blocked, linked_recommendation_not_formal, stress_after_cost_not_improved","{""alternatives"": [{""available"": true, ""cvar"": -0.032992383238153, ""estimated_cost_bps"": 0.0, ""mdd"": -0.47044308523375944, ""name"": ""current"", ""stress"": -0.004118717674390396, ""turnover_pct"": 0.0, ""why_not_chosen_ko"": ""baseline portfolio""}, {""available"": true, ""cvar_delta_after_cost"": 0.00452084, ""estimated_cost_bps"": 25.0, ""mdd_delta_after_cost"": 0.02824385, ""name"": ""trim_hedge"", ""stress_delta_after_cost"": -0.00147941, ""turnover_pct"": 10.000001, ""why_not_chosen_ko"": """"}, {""available"": true, ""cvar_delta_after_cost"": 0.00207211, ""estimated_cost_bps"": 25.0, ""mdd_delta_after_cost"": 0.02525293, ""name"": ""trim_cash"", ""stress_delta_after_cost"": 3.253e-05, ""turnover_pct"": 10.000001, ""why_not_chosen_ko"": ""cash baseline was compared against the trim+hedge action""}, {""available"": true, ""cvar_delta_after_cost"": 0.0, ""estimated_cost_bps"": 0.0, ""mdd_delta_after_cost"": 0.0, ""name"": ""hold"", ""stress_delta_after_cost"": 0.0, ""turnover_pct"": 0.0, ""why_not_chosen_ko"": ""does not reduce the active scenario vulnerability""}]}",4,0.00452084,0.02824385,-0.00147941,25.0,0.00025,ASSUMED_LIQUID_UNIVERSE,Y,Y,Y,Y,BEATS_CASH,ACTION_BOOTSTRAP_PASS,ACTION_BOOTSTRAP_PASS,Y,"{""concentration_cap_pct"": 50.0, ""max_candidate_weight_pct"": 20.0, ""max_turnover_pct"": 20.0, ""min_existing_kept_pct"": 80.0, ""profile_source"": ""system_default""}",,0.51671815,0.46919996,-0.04751818,9.1962,60.8768,60.8768,60.8768,28.233959,23.233959,28.233959,23.233959,0.0,2.5,-0.032992383238153,-0.028471545165073407,0.00452084,-0.47044308523375944,-0.44219923346437995,0.02824385,0.4126860163103684,0.38233630827281007,-0.03034971,-0.004118717674390396,-0.005598130304251176,-0.00147941,1.060022778983874,1.2285496556935505,0.16852688,computed_from_action_before_after_weights,,10.000001,95.0,5.0,PASS,stress worsened,"장기금리·성장주 듀레이션 취약성을 만든 NVDA에 대해 FXY, 153130.KS로 원인 보유자산 일부 축소 후 헷지를 적용하면 sleeve 취약도 변화가 -0.0475입니다. 정식 추천 기준은 미달해 검토 후보입니다.",기준 미통과: stress worsened,"FXY + 153130.KS 조정은 장기금리·성장주 듀레이션 취약성은 일부 낮춰도 핵심 리스크 지표가 악화되어 실행 기준 미통과입니다. (CVaR 개선, MDD 개선, stress 악화)",취약성 0.0475 감소; CVaR 0.45%p 개선; MDD 2.82%p 개선; stress 0.15%p 악화; Sharpe 0.17 개선,stress worsened,False,False,,기준 미통과: stress worsened,"{""005930.KS"": 39.879813, ""035420.KS"": 17.841838, ""035720.KS"": 14.04439, ""NVDA"": 28.233959}","{""005930.KS"": 39.879813, ""035420.KS"": 17.841838, ""035720.KS"": 14.04439, ""153130.KS"": 2.5, ""FXY"": 2.5, ""NVDA"": 23.233959}"
action_283,FAIL_ACTION,ADD_HEDGE,,REVIEW,,,,Y,LOW,85.0,1.0,growth_beta|korea_domestic_credit|korea_equity|krw_exposure|usdkrw_fx_korea|semiconductor_ai_cycle,cash_like|fx_hedge|korea_domestic_credit|kr_short_bond|rate_shock_growth_duration|usdkrw_fx_korea|yen,N,Y,N,C,formal_rebalance_hedge_gate,FAIL,base_action_status_fail_action|cash_baseline_lag|linked_formal_gate_blocked|linked_recommendation_not_formal|not_trim_and_hedge|stress_after_cost_not_improved,rate_shock_growth_duration,장기금리·성장주 듀레이션,rate_shock_growth_duration,higher_for_longer_long_rate_shock,NVDA|005930.KS|035420.KS|035720.KS,NVDA,,FXY|153130.KS,FXY,FXY + 153130.KS,REFERENCE_ONLY,FAIL_GATE,VALIDATION_THIN,validation_thin|cash_baseline_lag|bootstrap_not_robust|cash_bootstrap_not_robust|liquidity_below_formal|return_drag_reference|reference_only,"검증 표본 부족 - Keep review-only until the stress sample is thick enough.; 현금 기준 대비 열위 - Improve the cash-baseline comparison or keep the candidate review-only.; 부트스트랩 신뢰도 부족 - Increase sample coverage or downgrade fragile candidates.; 현금 기준 부트스트랩 부족 - Add stronger cash-baseline evidence before formal use.; 유동성 기준 미달 - Refresh ADV evidence or exclude the candidate from formal recommendations.; 수익률 훼손 검토 필요 - Confirm risk reduction compensates for return drag before promotion.; 참고 후보 - Use as research context, not an execution recommendation.",1,1,0,0,linked_recommendation_evidence_after_backtest,,"Action formal gate failed: base_action_status_fail_action, cash_baseline_lag, linked_formal_gate_blocked, linked_recommendation_not_formal, not_trim_and_hedge, stress_after_cost_not_improved","{""alternatives"": [{""available"": true, ""cvar"": -0.032992383238153, ""estimated_cost_bps"": 0.0, ""mdd"": -0.47044308523375944, ""name"": ""current"", ""stress"": -0.004118717674390396, ""turnover_pct"": 0.0, ""why_not_chosen_ko"": ""baseline portfolio""}, {""available"": true, ""cvar_delta_after_cost"": 0.00585266, ""estimated_cost_bps"": 25.0, ""mdd_delta_after_cost"": 0.03712702, ""name"": ""trim_hedge"", ""stress_delta_after_cost"": -0.00096545, ""turnover_pct"": 19.9999, ""why_not_chosen_ko"": """"}, {""available"": true, ""cvar_delta_after_cost"": 0.0032992, ""estimated_cost_bps"": 25.0, ""mdd_delta_after_cost"": 0.03803853, ""name"": ""trim_cash"", ""stress_delta_after_cost"": 0.00041187, ""turnover_pct"": 19.9999, ""why_not_chosen_ko"": ""cash baseline was compared against the trim+hedge action""}, {""available"": true, ""cvar_delta_after_cost"": 0.0, ""estimated_cost_bps"": 0.0, ""mdd_delta_after_cost"": 0.0, ""name"": ""hold"", ""stress_delta_after_cost"": 0.0, ""turnover_pct"": 0.0, ""why_not_chosen_ko"": ""does not reduce the active scenario vulnerability""}]}",4,0.00585266,0.03712702,-0.00096545,25.0,0.0005,ASSUMED_LIQUID_UNIVERSE,Y,Y,Y,Y,LAGS_CASH,ROBUST_IMPROVE,UNCERTAIN,Y,"{""concentration_cap_pct"": 50.0, ""max_candidate_weight_pct"": 20.0, ""max_turnover_pct"": 20.0, ""min_existing_kept_pct"": 80.0, ""profile_source"": ""system_default""}",,0.51671815,0.46964285,-0.0470753,9.1104,100.0,100.0,100.0,28.233959,25.4106,28.233959,25.4106,0.0,8.0,-0.032992383238153,-0.027139723488274793,0.00585266,-0.47044308523375944,-0.43331606838661707,0.03712702,0.4126860163103684,0.41869137210977586,0.00600536,-0.004118717674390396,-0.005084168639723394,-0.00096545,1.060022778983874,1.2870658203917875,0.22704304,computed_from_action_before_after_weights,,19.9999,90.0001,5.0,PASS,stress worsened,"장기금리·성장주 듀레이션 취약성을 만든 NVDA, 005930.KS, 035420.KS에 대해 FXY, 153130.KS로 추가 헷지를 적용하면 sleeve 취약도 변화가 -0.0471입니다. 정식 추천 기준은 미달해 검토 후보입니다.",기준 미통과: stress worsened,"FXY + 153130.KS 조정은 장기금리·성장주 듀레이션 취약성은 일부 낮춰도 핵심 리스크 지표가 악화되어 실행 기준 미통과입니다. (CVaR 개선, MDD 개선, stress 악화)",취약성 0.0471 감소; CVaR 0.59%p 개선; MDD 3.71%p 개선; stress 0.10%p 악화; Sharpe 0.23 개선,stress worsened,False,False,,기준 미통과: stress worsened,"{""005930.KS"": 39.879813, ""035420.KS"": 17.841838, ""035720.KS"": 14.04439, ""NVDA"": 28.233959}","{""005930.KS"": 35.8918, ""035420.KS"": 16.0577, ""035720.KS"": 12.64, ""153130.KS"": 2.0, ""FXY"": 8.0, ""NVDA"": 25.4106}"
action_130,FAIL_ACTION,TRIM_AND_HEDGE,,REVIEW,,,,Y,LOW,85.0,1.0,growth_beta|korea_domestic_credit|korea_equity|krw_exposure|usdkrw_fx_korea|semiconductor_ai_cycle,cash_like|fx_hedge|korea_domestic_credit|kr_short_bond|rate_shock_growth_duration|swiss_franc|usdkrw_fx_korea,N,Y,N,C,formal_rebalance_hedge_gate,FAIL,base_action_status_fail_action|linked_formal_gate_blocked|linked_recommendation_not_formal|stress_after_cost_not_improved,rate_shock_growth_duration,장기금리·성장주 듀레이션,rate_shock_growth_duration,higher_for_longer_long_rate_shock,NVDA,NVDA,,FXF|153130.KS,FXF,FXF + 153130.KS,REFERENCE_ONLY,REFERENCE_ONLY,VALIDATION_INSUFFICIENT,validation_insufficient|liquidity_below_formal|return_drag_reference|reference_only,"검증 이력 부족 - Add enough target stress validation history before formal promotion.; 유동성 기준 미달 - Refresh ADV evidence or exclude the candidate from formal recommendations.; 수익률 훼손 검토 필요 - Confirm risk reduction compensates for return drag before promotion.; 참고 후보 - Use as research context, not an execution recommendation.",0,0,0,0,linked_recommendation_evidence_after_backtest,,"Action formal gate failed: base_action_status_fail_action, linked_formal_gate_blocked, linked_recommendation_not_formal, stress_after_cost_not_improved","{""alternatives"": [{""available"": true, ""cvar"": -0.032992383238153, ""estimated_cost_bps"": 0.0, ""mdd"": -0.47044308523375944, ""name"": ""current"", ""stress"": -0.004118717674390396, ""turnover_pct"": 0.0, ""why_not_chosen_ko"": ""baseline portfolio""}, {""available"": true, ""cvar_delta_after_cost"": 0.00446618, ""estimated_cost_bps"": 25.0, ""mdd_delta_after_cost"": 0.03076491, ""name"": ""trim_hedge"", ""stress_delta_after_cost"": -0.00149233, ""turnover_pct"": 10.000001, ""why_not_chosen_ko"": """"}, {""available"": true, ""cvar_delta_after_cost"": 0.00207211, ""estimated_cost_bps"": 25.0, ""mdd_delta_after_cost"": 0.02525293, ""name"": ""trim_cash"", ""stress_delta_after_cost"": 3.253e-05, ""turnover_pct"": 10.000001, ""why_not_chosen_ko"": ""cash baseline was compared against the trim+hedge action""}, {""available"": true, ""cvar_delta_after_cost"": 0.0, ""estimated_cost_bps"": 0.0, ""mdd_delta_after_cost"": 0.0, ""name"": ""hold"", ""stress_delta_after_cost"": 0.0, ""turnover_pct"": 0.0, ""why_not_chosen_ko"": ""does not reduce the active scenario vulnerability""}]}",4,0.00446618,0.03076491,-0.00149233,25.0,0.00025,ASSUMED_LIQUID_UNIVERSE,Y,Y,Y,Y,BEATS_CASH,ACTION_BOOTSTRAP_PASS,UNCERTAIN,Y,"{""concentration_cap_pct"": 50.0, ""max_candidate_weight_pct"": 20.0, ""max_turnover_pct"": 20.0, ""min_existing_kept_pct"": 80.0, ""profile_source"": ""system_default""}",,0.51671815,0.47035358,-0.04636457,8.9729,60.8768,60.8768,60.8768,28.233959,23.233959,28.233959,23.233959,0.0,2.5,-0.032992383238153,-0.02852620005106757,0.00446618,-0.47044308523375944,-0.4396781768409337,0.03076491,0.4126860163103684,0.38459372120668167,-0.0280923,-0.004118717674390396,-0.005611044649849876,-0.00149233,1.060022778983874,1.234810172614805,0.17478739,computed_from_action_before_after_weights,,10.000001,95.0,5.0,PASS,stress worsened,"장기금리·성장주 듀레이션 취약성을 만든 NVDA에 대해 FXF, 153130.KS로 원인 보유자산 일부 축소 후 헷지를 적용하면 sleeve 취약도 변화가 -0.0464입니다. 정식 추천 기준은 미달해 검토 후보입니다.",기준 미통과: stress worsened,"FXF + 153130.KS 조정은 장기금리·성장주 듀레이션 취약성은 일부 낮춰도 핵심 리스크 지표가 악화되어 실행 기준 미통과입니다. (CVaR 개선, MDD 개선, stress 악화)",취약성 0.0464 감소; CVaR 0.45%p 개선; MDD 3.08%p 개선; stress 0.15%p 악화; Sharpe 0.17 개선,stress worsened,False,False,,기준 미통과: stress worsened,"{""005930.KS"": 39.879813, ""035420.KS"": 17.841838, ""035720.KS"": 14.04439, ""NVDA"": 28.233959}","{""005930.KS"": 39.879813, ""035420.KS"": 17.841838, ""035720.KS"": 14.04439, ""153130.KS"": 2.5, ""FXF"": 2.5, ""NVDA"": 23.233959}"
action_176,FAIL_ACTION,TRIM_AND_HEDGE,REVIEW_REQUIRED,REVIEW,,,,Y,LOW,85.0,1.0,growth_beta|korea_domestic_credit|korea_equity|krw_exposure|usdkrw_fx_korea|semiconductor_ai_cycle,cash_like|euro|fx_hedge|korea_domestic_credit|kr_short_bond|rate_shock_growth_duration|usdkrw_fx_korea,N,Y,N,C,formal_rebalance_hedge_gate,FAIL,base_action_status_fail_action|bootstrap_not_robust|linked_formal_gate_blocked|linked_recommendation_not_formal|stress_after_cost_not_improved,rate_shock_growth_duration,장기금리·성장주 듀레이션,rate_shock_growth_duration,higher_for_longer_long_rate_shock,NVDA,NVDA,,FXE|153130.KS,FXE,FXE + 153130.KS,REFERENCE_ONLY,FAIL_GATE,VALIDATION_THIN,validation_thin|cash_baseline_lag|bootstrap_not_robust|cash_bootstrap_not_robust|liquidity_below_formal|return_drag_reference|reference_only,"검증 표본 부족 - Keep review-only until the stress sample is thick enough.; 현금 기준 대비 열위 - Improve the cash-baseline comparison or keep the candidate review-only.; 부트스트랩 신뢰도 부족 - Increase sample coverage or downgrade fragile candidates.; 현금 기준 부트스트랩 부족 - Add stronger cash-baseline evidence before formal use.; 유동성 기준 미달 - Refresh ADV evidence or exclude the candidate from formal recommendations.; 수익률 훼손 검토 필요 - Confirm risk reduction compensates for return drag before promotion.; 참고 후보 - Use as research context, not an execution recommendation.",1,1,0,0,linked_recommendation_evidence_after_backtest,,"Action formal gate failed: base_action_status_fail_action, bootstrap_not_robust, linked_formal_gate_blocked, linked_recommendation_not_formal, stress_after_cost_not_improved","{""alternatives"": [{""available"": true, ""cvar"": -0.032992383238153, ""estimated_cost_bps"": 0.0, ""mdd"": -0.47044308523375944, ""name"": ""current"", ""stress"": -0.004118717674390396, ""turnover_pct"": 0.0, ""why_not_chosen_ko"": ""baseline portfolio""}, {""available"": true, ""cvar_delta_after_cost"": 0.00446023, ""estimated_cost_bps"": 25.0, ""mdd_delta_after_cost"": 0.02947356, ""name"": ""trim_hedge"", ""stress_delta_after_cost"": -0.00148823, ""turnover_pct"": 10.000001, ""why_not_chosen_ko"": """"}, {""available"": true, ""cvar_delta_after_cost"": 0.00207211, ""estimated_cost_bps"": 25.0, ""mdd_delta_after_cost"": 0.02525293, ""name"": ""trim_cash"", ""stress_delta_after_cost"": 3.253e-05, ""turnover_pct"": 10.000001, ""why_not_chosen_ko"": ""cash baseline was compared against the trim+hedge action""}, {""available"": true, ""cvar_delta_after_cost"": 0.0, ""estimated_cost_bps"": 0.0, ""mdd_delta_after_cost"": 0.0, ""name"": ""hold"", ""stress_delta_after_cost"": 0.0, ""turnover_pct"": 0.0, ""why_not_chosen_ko"": ""does not reduce the active scenario vulnerability""}]}",4,0.00446023,0.02947356,-0.00148823,25.0,0.00025,ASSUMED_LIQUID_UNIVERSE,Y,Y,Y,Y,BEATS_CASH,UNCERTAIN,UNCERTAIN,Y,"{""concentration_cap_pct"": 50.0, ""max_candidate_weight_pct"": 20.0, ""max_turnover_pct"": 20.0, ""min_existing_kept_pct"": 80.0, ""profile_source"": ""system_default""}",,0.51671815,0.47122284,-0.04549531,8.8047,60.8768,60.8768,60.8768,28.233959,23.233959,28.233959,23.233959,0.0,2.5,-0.032992383238153,-0.02853215407122548,0.00446023,-0.47044308523375944,-0.4409695232212165,0.02947356,0.4126860163103684,0.38583342920553537,-0.02685259,-0.004118717674390396,-0.005606951461850117,-0.00148823,1.060022778983874,1.2318791367761113,0.17185636,computed_from_action_before_after_weights,,10.000001,95.0,5.0,PASS,stress worsened,"장기금리·성장주 듀레이션 취약성을 만든 NVDA에 대해 FXE, 153130.KS로 원인 보유자산 일부 축소 후 헷지를 적용하면 sleeve 취약도 변화가 -0.0455입니다. 정식 추천 기준은 미달해 검토 후보입니다.",기준 미통과: stress worsened,"FXE + 153130.KS 조정은 장기금리·성장주 듀레이션 취약성은 일부 낮춰도 핵심 리스크 지표가 악화되어 실행 기준 미통과입니다. (CVaR 개선, MDD 개선, stress 악화)",취약성 0.0455 감소; CVaR 0.45%p 개선; MDD 2.95%p 개선; stress 0.15%p 악화; Sharpe 0.17 개선,stress worsened,False,False,,기준 미통과: stress worsened,"{""005930.KS"": 39.879813, ""035420.KS"": 17.841838, ""035720.KS"": 14.04439, ""NVDA"": 28.233959}","{""005930.KS"": 39.879813, ""035420.KS"": 17.841838, ""035720.KS"": 14.04439, ""153130.KS"": 2.5, ""FXE"": 2.5, ""NVDA"": 23.233959}"
action_162,FAIL_ACTION,TRIM_AND_HEDGE,REVIEW_REQUIRED,REVIEW,,,,Y,LOW,85.0,1.0,growth_beta|korea_domestic_credit|korea_equity|krw_exposure|usdkrw_fx_korea|semiconductor_ai_cycle,fx_hedge|growth_beta_offset|low_beta|market_neutral|rate_shock_growth_duration|recession_liquidity_stress|semiconductor_ai_cycle|usdkrw_fx_korea|yen,N,N,N,C,formal_rebalance_hedge_gate,FAIL,base_action_status_fail_action|bootstrap_not_robust|linked_formal_gate_blocked|linked_recommendation_not_formal|stress_after_cost_not_improved,rate_shock_growth_duration,장기금리·성장주 듀레이션,rate_shock_growth_duration,higher_for_longer_long_rate_shock,NVDA,NVDA,,FXY|BTAL,FXY,FXY + BTAL,FAIL_GATE,FAIL_GATE,VALIDATION_NOT_ELIGIBLE,fail_gate|validation_not_eligible|liquidity_below_formal,하드 게이트 실패 - Do not promote until the failing gate is resolved.; validation not eligible - Keep blocked or rebuild the candidate with valid backtest inputs.; 유동성 기준 미달 - Refresh ADV evidence or exclude the candidate from formal recommendations.,0,0,0,0,linked_recommendation_evidence_after_backtest,,"Action formal gate failed: base_action_status_fail_action, bootstrap_not_robust, linked_formal_gate_blocked, linked_recommendation_not_formal, stress_after_cost_not_improved","{""alternatives"": [{""available"": true, ""cvar"": -0.032992383238153, ""estimated_cost_bps"": 0.0, ""mdd"": -0.47044308523375944, ""name"": ""current"", ""stress"": -0.004118717674390396, ""turnover_pct"": 0.0, ""why_not_chosen_ko"": ""baseline portfolio""}, {""available"": true, ""cvar_delta_after_cost"": 0.0047011, ""estimated_cost_bps"": 25.0, ""mdd_delta_after_cost"": 0.02900923, ""name"": ""trim_hedge"", ""stress_delta_after_cost"": -0.00137508, ""turnover_pct"": 10.000001, ""why_not_chosen_ko"": """"}, {""available"": true, ""cvar_delta_after_cost"": 0.00207211, ""estimated_cost_bps"": 25.0, ""mdd_delta_after_cost"": 0.02525293, ""name"": ""trim_cash"", ""stress_delta_after_cost"": 3.253e-05, ""turnover_pct"": 10.000001, ""why_not_chosen_ko"": ""cash baseline was compared against the trim+hedge action""}, {""available"": true, ""cvar_delta_after_cost"": 0.0, ""estimated_cost_bps"": 0.0, ""mdd_delta_after_cost"": 0.0, ""name"": ""hold"", ""stress_delta_after_cost"": 0.0, ""turnover_pct"": 0.0, ""why_not_chosen_ko"": ""does not reduce the active scenario vulnerability""}]}",4,0.0047011,0.02900923,-0.00137508,25.0,0.00025,ASSUMED_LIQUID_UNIVERSE,Y,Y,Y,Y,BEATS_CASH,UNCERTAIN,ACTION_BOOTSTRAP_PASS,Y,"{""concentration_cap_pct"": 50.0, ""max_candidate_weight_pct"": 20.0, ""max_turnover_pct"": 20.0, ""min_existing_kept_pct"": 80.0, ""profile_source"": ""system_default""}",,0.51671815,0.47219751,-0.04452064,8.616,60.8768,60.8768,60.8768,28.233959,23.233959,28.233959,23.233959,0.0,2.5,-0.032992383238153,-0.02829128133027262,0.0047011,-0.47044308523375944,-0.4414338562418689,0.02900923,0.4126860163103684,0.37334555183843715,-0.03934046,-0.004118717674390396,-0.005493794834713188,-0.00137508,1.060022778983874,1.285444617984475,0.22542184,computed_from_action_before_after_weights,,10.000001,95.0,5.0,PASS,stress worsened,"장기금리·성장주 듀레이션 취약성을 만든 NVDA에 대해 FXY, BTAL로 원인 보유자산 일부 축소 후 헷지를 적용하면 sleeve 취약도 변화가 -0.0445입니다. 정식 추천 기준은 미달해 검토 후보입니다.",기준 미통과: stress worsened,"FXY + BTAL 조정은 장기금리·성장주 듀레이션 취약성은 일부 낮춰도 핵심 리스크 지표가 악화되어 실행 기준 미통과입니다. (CVaR 개선, MDD 개선, stress 악화)",취약성 0.0445 감소; CVaR 0.47%p 개선; MDD 2.90%p 개선; stress 0.14%p 악화; Sharpe 0.23 개선,stress worsened,False,False,,기준 미통과: stress worsened,"{""005930.KS"": 39.879813, ""035420.KS"": 17.841838, ""035720.KS"": 14.04439, ""NVDA"": 28.233959}","{""005930.KS"": 39.879813, ""035420.KS"": 17.841838, ""035720.KS"": 14.04439, ""BTAL"": 2.5, ""FXY"": 2.5, ""NVDA"": 23.233959}"
action_126,FAIL_ACTION,TRIM_AND_HEDGE,,REVIEW,,,,Y,LOW,85.0,1.0,growth_beta|korea_domestic_credit|korea_equity|krw_exposure|usdkrw_fx_korea|semiconductor_ai_cycle,geopolitical_supply_chain|gold|growth_beta_offset|inflation_energy_shock|korea_domestic_credit|kr_listed|low_beta|market_neutral|rate_shock_growth_duration|recession_liquidity_stress|semiconductor_ai_cycle|usdkrw_fx_korea,N,N,N,C,formal_rebalance_hedge_gate,FAIL,base_action_status_fail_action|linked_formal_gate_blocked|linked_recommendation_not_formal|stress_after_cost_not_improved,rate_shock_growth_duration,장기금리·성장주 듀레이션,rate_shock_growth_duration,higher_for_longer_long_rate_shock,NVDA,NVDA,,BTAL|132030.KS,BTAL,BTAL + 132030.KS,REFERENCE_ONLY,REFERENCE_ONLY,VALIDATION_INSUFFICIENT,validation_insufficient|liquidity_below_formal|return_drag_reference|reference_only,"검증 이력 부족 - Add enough target stress validation history before formal promotion.; 유동성 기준 미달 - Refresh ADV evidence or exclude the candidate from formal recommendations.; 수익률 훼손 검토 필요 - Confirm risk reduction compensates for return drag before promotion.; 참고 후보 - Use as research context, not an execution recommendation.",0,0,0,0,linked_recommendation_evidence_after_backtest,,"Action formal gate failed: base_action_status_fail_action, linked_formal_gate_blocked, linked_recommendation_not_formal, stress_after_cost_not_improved","{""alternatives"": [{""available"": true, ""cvar"": -0.032992383238153, ""estimated_cost_bps"": 0.0, ""mdd"": -0.47044308523375944, ""name"": ""current"", ""stress"": -0.004118717674390396, ""turnover_pct"": 0.0, ""why_not_chosen_ko"": ""baseline portfolio""}, {""available"": true, ""cvar_delta_after_cost"": 0.00453317, ""estimated_cost_bps"": 25.0, ""mdd_delta_after_cost"": 0.03368068, ""name"": ""trim_hedge"", ""stress_delta_after_cost"": -0.00126717, ""turnover_pct"": 10.000001, ""why_not_chosen_ko"": """"}, {""available"": true, ""cvar_delta_after_cost"": 0.00207211, ""estimated_cost_bps"": 25.0, ""mdd_delta_after_cost"": 0.02525293, ""name"": ""trim_cash"", ""stress_delta_after_cost"": 3.253e-05, ""turnover_pct"": 10.000001, ""why_not_chosen_ko"": ""cash baseline was compared against the trim+hedge action""}, {""available"": true, ""cvar_delta_after_cost"": 0.0, ""estimated_cost_bps"": 0.0, ""mdd_delta_after_cost"": 0.0, ""name"": ""hold"", ""stress_delta_after_cost"": 0.0, ""turnover_pct"": 0.0, ""why_not_chosen_ko"": ""does not reduce the active scenario vulnerability""}]}",4,0.00453317,0.03368068,-0.00126717,25.0,0.00025,ASSUMED_LIQUID_UNIVERSE,Y,Y,Y,Y,BEATS_CASH,ACTION_BOOTSTRAP_PASS,ACTION_BOOTSTRAP_PASS,Y,"{""concentration_cap_pct"": 50.0, ""max_candidate_weight_pct"": 20.0, ""max_turnover_pct"": 20.0, ""min_existing_kept_pct"": 80.0, ""profile_source"": ""system_default""}",,0.51671815,0.47301192,-0.04370622,8.4584,60.8768,60.8768,60.8768,28.233959,23.233959,28.233959,23.233959,0.0,2.5,-0.032992383238153,-0.028459217549799756,0.00453317,-0.47044308523375944,-0.43676240273309375,0.03368068,0.4126860163103684,0.36907829218387816,-0.04360772,-0.004118717674390396,-0.005385890988992467,-0.00126717,1.060022778983874,1.2897692909289262,0.22974651,computed_from_action_before_after_weights,,10.000001,95.0,5.0,PASS,stress worsened,"장기금리·성장주 듀레이션 취약성을 만든 NVDA에 대해 BTAL, 132030.KS로 원인 보유자산 일부 축소 후 헷지를 적용하면 sleeve 취약도 변화가 -0.0437입니다. 정식 추천 기준은 미달해 검토 후보입니다.",기준 미통과: stress worsened,"BTAL + 132030.KS 조정은 장기금리·성장주 듀레이션 취약성은 일부 낮춰도 핵심 리스크 지표가 악화되어 실행 기준 미통과입니다. (CVaR 개선, MDD 개선, stress 악화)",취약성 0.0437 감소; CVaR 0.45%p 개선; MDD 3.37%p 개선; stress 0.13%p 악화; Sharpe 0.23 개선,stress worsened,False,False,,기준 미통과: stress worsened,"{""005930.KS"": 39.879813, ""035420.KS"": 17.841838, ""035720.KS"": 14.04439, ""NVDA"": 28.233959}","{""005930.KS"": 39.879813, ""035420.KS"": 17.841838, ""035720.KS"": 14.04439, ""132030.KS"": 2.5, ""BTAL"": 2.5, ""NVDA"": 23.233959}"
action_508,FAIL_ACTION,ADD_HEDGE,,REVIEW,,,,Y,LOW,85.0,1.0,growth_beta|korea_domestic_credit|korea_equity|krw_exposure|usdkrw_fx_korea|semiconductor_ai_cycle,growth_beta_offset|low_beta|market_neutral|rate_shock_growth_duration|recession_liquidity_stress|semiconductor_ai_cycle,N,N,N,C,formal_rebalance_hedge_gate,FAIL,base_action_status_fail_action|linked_formal_gate_blocked|linked_recommendation_not_formal|not_trim_and_hedge|stress_after_cost_not_improved,usdkrw_fx_korea,달러강세·원화약세,usdkrw_fx_korea,usd_strength_krw_weakness,005930.KS|035420.KS|035720.KS|NVDA,005930.KS,,BTAL,BTAL,BTAL,FAIL_GATE,FAIL_GATE,VALIDATION_NOT_ELIGIBLE,fail_gate|validation_not_eligible|liquidity_below_formal,하드 게이트 실패 - Do not promote until the failing gate is resolved.; validation not eligible - Keep blocked or rebuild the candidate with valid backtest inputs.; 유동성 기준 미달 - Refresh ADV evidence or exclude the candidate from formal recommendations.,0,0,0,0,linked_recommendation_evidence_after_backtest,,"Action formal gate failed: base_action_status_fail_action, linked_formal_gate_blocked, linked_recommendation_not_formal, not_trim_and_hedge, stress_after_cost_not_improved","{""alternatives"": [{""available"": true, ""cvar"": -0.032992383238153, ""estimated_cost_bps"": 0.0, ""mdd"": -0.47044308523375944, ""name"": ""current"", ""stress"": -0.004118717674390396, ""turnover_pct"": 0.0, ""why_not_chosen_ko"": ""baseline portfolio""}, {""available"": true, ""cvar_delta_after_cost"": 0.00615986, ""estimated_cost_bps"": 25.0, ""mdd_delta_after_cost"": 0.06060273, ""name"": ""trim_hedge"", ""stress_delta_after_cost"": -0.00080924, ""turnover_pct"": 19.9999, ""why_not_chosen_ko"": """"}, {""available"": true, ""cvar_delta_after_cost"": 0.0032992, ""estimated_cost_bps"": 25.0, ""mdd_delta_after_cost"": 0.03803853, ""name"": ""trim_cash"", ""stress_delta_after_cost"": 0.00041187, ""turnover_pct"": 19.9999, ""why_not_chosen_ko"": ""cash baseline was compared against the trim+hedge action""}, {""available"": true, ""cvar_delta_after_cost"": 0.0, ""estimated_cost_bps"": 0.0, ""mdd_delta_after_cost"": 0.0, ""name"": ""hold"", ""stress_delta_after_cost"": 0.0, ""turnover_pct"": 0.0, ""why_not_chosen_ko"": ""does not reduce the active scenario vulnerability""}]}",4,0.00615986,0.06060273,-0.00080924,25.0,0.0005,ASSUMED_LIQUID_UNIVERSE,Y,Y,Y,Y,BEATS_CASH,ROBUST_IMPROVE,ACTION_BOOTSTRAP_PASS,Y,"{""concentration_cap_pct"": 50.0, ""max_candidate_weight_pct"": 20.0, ""max_turnover_pct"": 20.0, ""min_existing_kept_pct"": 80.0, ""profile_source"": ""system_default""}",,0.47020644,0.38818614,-0.08202029,17.4435,100.0,100.0,100.0,39.879813,35.8918,39.879813,35.8918,0.0,10.0,-0.032992383238153,-0.02683252456580638,0.00615986,-0.47044308523375944,-0.4098403565845363,0.06060273,0.4126860163103684,0.3930457109883863,-0.01964031,-0.004118717674390396,-0.004927962476655751,-0.00080924,1.060022778983874,1.3643787912301384,0.30435601,computed_from_action_before_after_weights,,19.9999,90.0001,5.0,PASS,stress worsened,"달러강세·원화약세 취약성을 만든 005930.KS, 035420.KS, 035720.KS에 대해 BTAL로 추가 헷지를 적용하면 sleeve 취약도 변화가 -0.0820입니다. 정식 추천 기준은 미달해 검토 후보입니다.",기준 미통과: stress worsened,"BTAL 조정은 달러강세·원화약세 취약성은 일부 낮춰도 핵심 리스크 지표가 악화되어 실행 기준 미통과입니다. (CVaR 개선, MDD 개선, stress 악화)",취약성 0.0820 감소; CVaR 0.62%p 개선; MDD 6.06%p 개선; stress 0.08%p 악화; Sharpe 0.30 개선,stress worsened,False,False,,기준 미통과: stress worsened,"{""005930.KS"": 39.879813, ""035420.KS"": 17.841838, ""035720.KS"": 14.04439, ""NVDA"": 28.233959}","{""005930.KS"": 35.8918, ""035420.KS"": 16.0577, ""035720.KS"": 12.64, ""BTAL"": 10.0, ""NVDA"": 25.4106}"
action_550,FAIL_ACTION,ADD_HEDGE,,REVIEW,,,,Y,LOW,85.0,1.0,growth_beta|korea_domestic_credit|korea_equity|krw_exposure|usdkrw_fx_korea|semiconductor_ai_cycle,fx_hedge|growth_beta_offset|low_beta|market_neutral|rate_shock_growth_duration|recession_liquidity_stress|semiconductor_ai_cycle|usdkrw_fx_korea|yen,N,N,N,C,formal_rebalance_hedge_gate,FAIL,base_action_status_fail_action|linked_formal_gate_blocked|linked_recommendation_not_formal|not_trim_and_hedge|stress_after_cost_not_improved,usdkrw_fx_korea,달러강세·원화약세,usdkrw_fx_korea,usd_strength_krw_weakness,005930.KS|035420.KS|035720.KS|NVDA,005930.KS,,FXY|BTAL,FXY,FXY + BTAL,FAIL_GATE,FAIL_GATE,VALIDATION_NOT_ELIGIBLE,fail_gate|validation_not_eligible|liquidity_below_formal,하드 게이트 실패 - Do not promote until the failing gate is resolved.; validation not eligible - Keep blocked or rebuild the candidate with valid backtest inputs.; 유동성 기준 미달 - Refresh ADV evidence or exclude the candidate from formal recommendations.,0,0,0,0,linked_recommendation_evidence_after_backtest,,"Action formal gate failed: base_action_status_fail_action, linked_formal_gate_blocked, linked_recommendation_not_formal, not_trim_and_hedge, stress_after_cost_not_improved","{""alternatives"": [{""available"": true, ""cvar"": -0.032992383238153, ""estimated_cost_bps"": 0.0, ""mdd"": -0.47044308523375944, ""name"": ""current"", ""stress"": -0.004118717674390396, ""turnover_pct"": 0.0, ""why_not_chosen_ko"": ""baseline portfolio""}, {""available"": true, ""cvar_delta_after_cost"": 0.00614475, ""estimated_cost_bps"": 25.0, ""mdd_delta_after_cost"": 0.05511229, ""name"": ""trim_hedge"", ""stress_delta_after_cost"": -0.00081439, ""turnover_pct"": 19.9999, ""why_not_chosen_ko"": """"}, {""available"": true, ""cvar_delta_after_cost"": 0.0032992, ""estimated_cost_bps"": 25.0, ""mdd_delta_after_cost"": 0.03803853, ""name"": ""trim_cash"", ""stress_delta_after_cost"": 0.00041187, ""turnover_pct"": 19.9999, ""why_not_chosen_ko"": ""cash baseline was compared against the trim+hedge action""}, {""available"": true, ""cvar_delta_after_cost"": 0.0, ""estimated_cost_bps"": 0.0, ""mdd_delta_after_cost"": 0.0, ""name"": ""hold"", ""stress_delta_after_cost"": 0.0, ""turnover_pct"": 0.0, ""why_not_chosen_ko"": ""does not reduce the active scenario vulnerability""}]}",4,0.00614475,0.05511229,-0.00081439,25.0,0.0005,ASSUMED_LIQUID_UNIVERSE,Y,Y,Y,Y,BEATS_CASH,ROBUST_IMPROVE,UNCERTAIN,Y,"{""concentration_cap_pct"": 50.0, ""max_candidate_weight_pct"": 20.0, ""max_turnover_pct"": 20.0, ""min_existing_kept_pct"": 80.0, ""profile_source"": ""system_default""}",,0.47020644,0.38872504,-0.08148139,17.3289,100.0,100.0,100.0,39.879813,35.8918,39.879813,35.8918,0.0,2.0,-0.032992383238153,-0.026847630388077727,0.00614475,-0.47044308523375944,-0.4153307925830969,0.05511229,0.4126860163103684,0.3975440806427174,-0.01514194,-0.004118717674390396,-0.004933107968247099,-0.00081439,1.060022778983874,1.3599080672681585,0.29988529,computed_from_action_before_after_weights,,19.9999,90.0001,5.0,PASS,stress worsened,"달러강세·원화약세 취약성을 만든 005930.KS, 035420.KS, 035720.KS에 대해 FXY, BTAL로 추가 헷지를 적용하면 sleeve 취약도 변화가 -0.0815입니다. 정식 추천 기준은 미달해 검토 후보입니다.",기준 미통과: stress worsened,"FXY + BTAL 조정은 달러강세·원화약세 취약성은 일부 낮춰도 핵심 리스크 지표가 악화되어 실행 기준 미통과입니다. (CVaR 개선, MDD 개선, stress 악화)",취약성 0.0815 감소; CVaR 0.61%p 개선; MDD 5.51%p 개선; stress 0.08%p 악화; Sharpe 0.30 개선,stress worsened,False,False,,기준 미통과: stress worsened,"{""005930.KS"": 39.879813, ""035420.KS"": 17.841838, ""035720.KS"": 14.04439, ""NVDA"": 28.233959}","{""005930.KS"": 35.8918, ""035420.KS"": 16.0577, ""035720.KS"": 12.64, ""BTAL"": 8.0, ""FXY"": 2.0, ""NVDA"": 25.4106}"
action_552,FAIL_ACTION,ADD_HEDGE,,REVIEW,,,,Y,LOW,85.0,1.0,growth_beta|korea_domestic_credit|korea_equity|krw_exposure|usdkrw_fx_korea|semiconductor_ai_cycle,fx_hedge|growth_beta_offset|low_beta|market_neutral|rate_shock_growth_duration|recession_liquidity_stress|semiconductor_ai_cycle|swiss_franc|usdkrw_fx_korea,N,N,N,C,formal_rebalance_hedge_gate,FAIL,base_action_status_fail_action|linked_formal_gate_blocked|linked_recommendation_not_formal|not_trim_and_hedge|stress_after_cost_not_improved,usdkrw_fx_korea,달러강세·원화약세,usdkrw_fx_korea,usd_strength_krw_weakness,005930.KS|035420.KS|035720.KS|NVDA,005930.KS,,BTAL|FXF,BTAL,BTAL + FXF,REFERENCE_ONLY,FAIL_GATE,VALIDATION_INSUFFICIENT,validation_insufficient|liquidity_below_formal|return_drag_reference|reference_only,"검증 이력 부족 - Add enough target stress validation history before formal promotion.; 유동성 기준 미달 - Refresh ADV evidence or exclude the candidate from formal recommendations.; 수익률 훼손 검토 필요 - Confirm risk reduction compensates for return drag before promotion.; 참고 후보 - Use as research context, not an execution recommendation.",0,0,0,0,linked_recommendation_evidence_after_backtest,,"Action formal gate failed: base_action_status_fail_action, linked_formal_gate_blocked, linked_recommendation_not_formal, not_trim_and_hedge, stress_after_cost_not_improved","{""alternatives"": [{""available"": true, ""cvar"": -0.032992383238153, ""estimated_cost_bps"": 0.0, ""mdd"": -0.47044308523375944, ""name"": ""current"", ""stress"": -0.004118717674390396, ""turnover_pct"": 0.0, ""why_not_chosen_ko"": ""baseline portfolio""}, {""available"": true, ""cvar_delta_after_cost"": 0.00609597, ""estimated_cost_bps"": 25.0, ""mdd_delta_after_cost"": 0.05716343, ""name"": ""trim_hedge"", ""stress_delta_after_cost"": -0.00082417, ""turnover_pct"": 19.9999, ""why_not_chosen_ko"": """"}, {""available"": true, ""cvar_delta_after_cost"": 0.0032992, ""estimated_cost_bps"": 25.0, ""mdd_delta_after_cost"": 0.03803853, ""name"": ""trim_cash"", ""stress_delta_after_cost"": 0.00041187, ""turnover_pct"": 19.9999, ""why_not_chosen_ko"": ""cash baseline was compared against the trim+hedge action""}, {""available"": true, ""cvar_delta_after_cost"": 0.0, ""estimated_cost_bps"": 0.0, ""mdd_delta_after_cost"": 0.0, ""name"": ""hold"", ""stress_delta_after_cost"": 0.0, ""turnover_pct"": 0.0, ""why_not_chosen_ko"": ""does not reduce the active scenario vulnerability""}]}",4,0.00609597,0.05716343,-0.00082417,25.0,0.0005,ASSUMED_LIQUID_UNIVERSE,Y,Y,Y,Y,BEATS_CASH,ROBUST_IMPROVE,ACTION_BOOTSTRAP_PASS,Y,"{""concentration_cap_pct"": 50.0, ""max_candidate_weight_pct"": 20.0, ""max_turnover_pct"": 20.0, ""min_existing_kept_pct"": 80.0, ""profile_source"": ""system_default""}",,0.47020644,0.38924942,-0.08095702,17.2173,100.0,100.0,100.0,39.879813,35.8918,39.879813,35.8918,0.0,8.0,-0.032992383238153,-0.026896418154771395,0.00609597,-0.47044308523375944,-0.41327965113296716,0.05716343,0.4126860163103684,0.399438205589767,-0.01324781,-0.004118717674390396,-0.004942891295452469,-0.00082417,1.060022778983874,1.3649382612946797,0.30491548,computed_from_action_before_after_weights,,19.9999,90.0001,5.0,PASS,stress worsened,"달러강세·원화약세 취약성을 만든 005930.KS, 035420.KS, 035720.KS에 대해 BTAL, FXF로 추가 헷지를 적용하면 sleeve 취약도 변화가 -0.0810입니다. 정식 추천 기준은 미달해 검토 후보입니다.",기준 미통과: stress worsened,"BTAL + FXF 조정은 달러강세·원화약세 취약성은 일부 낮춰도 핵심 리스크 지표가 악화되어 실행 기준 미통과입니다. (CVaR 개선, MDD 개선, stress 악화)",취약성 0.0810 감소; CVaR 0.61%p 개선; MDD 5.72%p 개선; stress 0.08%p 악화; Sharpe 0.30 개선,stress worsened,False,False,,기준 미통과: stress worsened,"{""005930.KS"": 39.879813, ""035420.KS"": 17.841838, ""035720.KS"": 14.04439, ""NVDA"": 28.233959}","{""005930.KS"": 35.8918, ""035420.KS"": 16.0577, ""035720.KS"": 12.64, ""BTAL"": 8.0, ""FXF"": 2.0, ""NVDA"": 25.4106}"
action_548,FAIL_ACTION,ADD_HEDGE,,REVIEW,,,,Y,LOW,85.0,1.0,growth_beta|korea_domestic_credit|korea_equity|krw_exposure|usdkrw_fx_korea|semiconductor_ai_cycle,euro|fx_hedge|growth_beta_offset|low_beta|market_neutral|rate_shock_growth_duration|recession_liquidity_stress|semiconductor_ai_cycle|usdkrw_fx_korea,N,N,N,C,formal_rebalance_hedge_gate,FAIL,base_action_status_fail_action|linked_formal_gate_blocked|linked_recommendation_not_formal|not_trim_and_hedge|stress_after_cost_not_improved,usdkrw_fx_korea,달러강세·원화약세,usdkrw_fx_korea,usd_strength_krw_weakness,005930.KS|035420.KS|035720.KS|NVDA,005930.KS,,BTAL|FXE,BTAL,BTAL + FXE,FAIL_GATE,FAIL_GATE,VALIDATION_NOT_ELIGIBLE,fail_gate|validation_not_eligible|liquidity_below_formal,하드 게이트 실패 - Do not promote until the failing gate is resolved.; validation not eligible - Keep blocked or rebuild the candidate with valid backtest inputs.; 유동성 기준 미달 - Refresh ADV evidence or exclude the candidate from formal recommendations.,0,0,0,0,linked_recommendation_evidence_after_backtest,,"Action formal gate failed: base_action_status_fail_action, linked_formal_gate_blocked, linked_recommendation_not_formal, not_trim_and_hedge, stress_after_cost_not_improved","{""alternatives"": [{""available"": true, ""cvar"": -0.032992383238153, ""estimated_cost_bps"": 0.0, ""mdd"": -0.47044308523375944, ""name"": ""current"", ""stress"": -0.004118717674390396, ""turnover_pct"": 0.0, ""why_not_chosen_ko"": ""baseline portfolio""}, {""available"": true, ""cvar_delta_after_cost"": 0.00608984, ""estimated_cost_bps"": 25.0, ""mdd_delta_after_cost"": 0.05599686, ""name"": ""trim_hedge"", ""stress_delta_after_cost"": -0.00081874, ""turnover_pct"": 19.9999, ""why_not_chosen_ko"": """"}, {""available"": true, ""cvar_delta_after_cost"": 0.0032992, ""estimated_cost_bps"": 25.0, ""mdd_delta_after_cost"": 0.03803853, ""name"": ""trim_cash"", ""stress_delta_after_cost"": 0.00041187, ""turnover_pct"": 19.9999, ""why_not_chosen_ko"": ""cash baseline was compared against the trim+hedge action""}, {""available"": true, ""cvar_delta_after_cost"": 0.0, ""estimated_cost_bps"": 0.0, ""mdd_delta_after_cost"": 0.0, ""name"": ""hold"", ""stress_delta_after_cost"": 0.0, ""turnover_pct"": 0.0, ""why_not_chosen_ko"": ""does not reduce the active scenario vulnerability""}]}",4,0.00608984,0.05599686,-0.00081874,25.0,0.0005,ASSUMED_LIQUID_UNIVERSE,Y,Y,Y,Y,BEATS_CASH,ROBUST_IMPROVE,ACTION_BOOTSTRAP_PASS,Y,"{""concentration_cap_pct"": 50.0, ""max_candidate_weight_pct"": 20.0, ""max_turnover_pct"": 20.0, ""min_existing_kept_pct"": 80.0, ""profile_source"": ""system_default""}",,0.47020644,0.38964453,-0.0805619,17.1333,100.0,100.0,100.0,39.879813,35.8918,39.879813,35.8918,0.0,8.0,-0.032992383238153,-0.026902545522012624,0.00608984,-0.47044308523375944,-0.4144462208155044,0.05599686,0.4126860163103684,0.40040277649491796,-0.01228324,-0.004118717674390396,-0.00493745277447939,-0.00081874,1.060022778983874,1.3623527371568382,0.30232996,computed_from_action_before_after_weights,,19.9999,90.0001,5.0,PASS,stress worsened,"달러강세·원화약세 취약성을 만든 005930.KS, 035420.KS, 035720.KS에 대해 BTAL, FXE로 추가 헷지를 적용하면 sleeve 취약도 변화가 -0.0806입니다. 정식 추천 기준은 미달해 검토 후보입니다.",기준 미통과: stress worsened,"BTAL + FXE 조정은 달러강세·원화약세 취약성은 일부 낮춰도 핵심 리스크 지표가 악화되어 실행 기준 미통과입니다. (CVaR 개선, MDD 개선, stress 악화)",취약성 0.0806 감소; CVaR 0.61%p 개선; MDD 5.60%p 개선; stress 0.08%p 악화; Sharpe 0.30 개선,stress worsened,False,False,,기준 미통과: stress worsened,"{""005930.KS"": 39.879813, ""035420.KS"": 17.841838, ""035720.KS"": 14.04439, ""NVDA"": 28.233959}","{""005930.KS"": 35.8918, ""035420.KS"": 16.0577, ""035720.KS"": 12.64, ""BTAL"": 8.0, ""FXE"": 2.0, ""NVDA"": 25.4106}"
action_358,REVIEW_ACTION,ADD_HEDGE,,REVIEW,C,C. 검토 후보,방향성은 맞지만 공식 처방이라 부르기에는 근거 또는 제약 검증이 부족합니다.,Y,LOW,100.0,1.0,growth_beta|korea_domestic_credit|korea_equity|krw_exposure|usdkrw_fx_korea|semiconductor_ai_cycle,fx_hedge|usdkrw_fx_korea|yen,N,N,N,C,formal_rebalance_hedge_gate,FAIL,linked_formal_gate_blocked|linked_recommendation_not_formal|not_trim_and_hedge,usdkrw_fx_korea,달러강세·원화약세,usdkrw_fx_korea,usd_strength_krw_weakness,005930.KS|035420.KS|035720.KS|NVDA,005930.KS,,FXY,FXY,FXY,REFERENCE_ONLY,REFERENCE_ONLY,VALIDATION_THIN,validation_thin|cash_baseline_lag|bootstrap_not_robust|cash_bootstrap_not_robust|liquidity_below_formal|return_drag_reference|reference_only,"검증 표본 부족 - Keep review-only until the stress sample is thick enough.; 현금 기준 대비 열위 - Improve the cash-baseline comparison or keep the candidate review-only.; 부트스트랩 신뢰도 부족 - Increase sample coverage or downgrade fragile candidates.; 현금 기준 부트스트랩 부족 - Add stronger cash-baseline evidence before formal use.; 유동성 기준 미달 - Refresh ADV evidence or exclude the candidate from formal recommendations.; 수익률 훼손 검토 필요 - Confirm risk reduction compensates for return drag before promotion.; 참고 후보 - Use as research context, not an execution recommendation.",1,1,0,0,linked_recommendation_evidence_after_backtest,,"Action formal gate failed: linked_formal_gate_blocked, linked_recommendation_not_formal, not_trim_and_hedge","{""alternatives"": [{""available"": true, ""cvar"": -0.032992383238153, ""estimated_cost_bps"": 0.0, ""mdd"": -0.47044308523375944, ""name"": ""current"", ""stress"": -0.004118717674390396, ""turnover_pct"": 0.0, ""why_not_chosen_ko"": ""baseline portfolio""}, {""available"": true, ""cvar_delta_after_cost"": 0.00362317, ""estimated_cost_bps"": 25.0, ""mdd_delta_after_cost"": 0.03301256, ""name"": ""trim_hedge"", ""stress_delta_after_cost"": 0.00042776, ""turnover_pct"": 19.9999, ""why_not_chosen_ko"": """"}, {""available"": true, ""cvar_delta_after_cost"": 0.0032992, ""estimated_cost_bps"": 25.0, ""mdd_delta_after_cost"": 0.03803853, ""name"": ""trim_cash"", ""stress_delta_after_cost"": 0.00041187, ""turnover_pct"": 19.9999, ""why_not_chosen_ko"": ""cash baseline was compared against the trim+hedge action""}, {""available"": true, ""cvar_delta_after_cost"": 0.0, ""estimated_cost_bps"": 0.0, ""mdd_delta_after_cost"": 0.0, ""name"": ""hold"", ""stress_delta_after_cost"": 0.0, ""turnover_pct"": 0.0, ""why_not_chosen_ko"": ""does not reduce the active scenario vulnerability""}]}",4,0.00362317,0.03301256,0.00042776,25.0,0.0005,ASSUMED_LIQUID_UNIVERSE,Y,Y,Y,Y,BEATS_CASH,ROBUST_IMPROVE,UNCERTAIN,Y,"{""concentration_cap_pct"": 50.0, ""max_candidate_weight_pct"": 20.0, ""max_turnover_pct"": 20.0, ""min_existing_kept_pct"": 80.0, ""profile_source"": ""system_default""}",,0.47020644,0.39088065,-0.07932579,16.8704,100.0,100.0,100.0,39.879813,35.8918,39.879813,35.8918,0.0,10.0,-0.032992383238153,-0.02936921261154335,0.00362317,-0.47044308523375944,-0.4374305247861804,0.03301256,0.4126860163103684,0.38129178122499024,-0.03139424,-0.004118717674390396,-0.003690961730570917,0.00042776,1.060022778983874,1.083123380627475,0.0231006,computed_from_action_before_after_weights,,19.9999,90.0001,5.0,PASS,,"달러강세·원화약세 취약성을 만든 005930.KS, 035420.KS, 035720.KS에 대해 FXY로 추가 헷지를 적용하면 sleeve 취약도 변화가 -0.0793입니다. 정식 추천 기준은 미달해 검토 후보입니다.",Action formal gate did not pass. Blockers: linked_formal_gate_blocked|linked_recommendation_not_formal|not_trim_and_hedge. Linked recommendation status is evidence only: REFERENCE_ONLY.,"FXY 조정은 달러강세·원화약세 취약성을 낮추는 검토안이며 전후 지표는 CVaR 개선, MDD 개선, stress 개선으로 확인됩니다.",취약성 0.0793 감소; CVaR 0.36%p 개선; MDD 3.30%p 개선; stress 0.04%p 개선; Sharpe 0.02 개선,FORMAL_ACTION excluded by action-level gate: linked_formal_gate_blocked|linked_recommendation_not_formal|not_trim_and_hedge,False,False,,같은 risk sleeve에서 더 적합한 액션이 선택되어 후보 감사 목록에만 남겼습니다.,"{""005930.KS"": 39.879813, ""035420.KS"": 17.841838, ""035720.KS"": 14.04439, ""NVDA"": 28.233959}","{""005930.KS"": 35.8918, ""035420.KS"": 16.0577, ""035720.KS"": 12.64, ""FXY"": 10.0, ""NVDA"": 25.4106}"
action_360,REVIEW_ACTION,ADD_HEDGE,,REVIEW,C,C. 검토 후보,방향성은 맞지만 공식 처방이라 부르기에는 근거 또는 제약 검증이 부족합니다.,Y,LOW,100.0,1.0,growth_beta|korea_domestic_credit|korea_equity|krw_exposure|usdkrw_fx_korea|semiconductor_ai_cycle,fx_hedge|swiss_franc|usdkrw_fx_korea,N,N,N,C,formal_rebalance_hedge_gate,FAIL,linked_formal_gate_blocked|linked_recommendation_not_formal|not_trim_and_hedge,usdkrw_fx_korea,달러강세·원화약세,usdkrw_fx_korea,usd_strength_krw_weakness,005930.KS|035420.KS|035720.KS|NVDA,005930.KS,,FXF,FXF,FXF,REFERENCE_ONLY,REFERENCE_ONLY,VALIDATION_INSUFFICIENT,validation_insufficient|liquidity_below_formal|return_drag_reference|reference_only,"검증 이력 부족 - Add enough target stress validation history before formal promotion.; 유동성 기준 미달 - Refresh ADV evidence or exclude the candidate from formal recommendations.; 수익률 훼손 검토 필요 - Confirm risk reduction compensates for return drag before promotion.; 참고 후보 - Use as research context, not an execution recommendation.",0,0,0,0,linked_recommendation_evidence_after_backtest,,"Action formal gate failed: linked_formal_gate_blocked, linked_recommendation_not_formal, not_trim_and_hedge","{""alternatives"": [{""available"": true, ""cvar"": -0.032992383238153, ""estimated_cost_bps"": 0.0, ""mdd"": -0.47044308523375944, ""name"": ""current"", ""stress"": -0.004118717674390396, ""turnover_pct"": 0.0, ""why_not_chosen_ko"": ""baseline portfolio""}, {""available"": true, ""cvar_delta_after_cost"": 0.00330134, ""estimated_cost_bps"": 25.0, ""mdd_delta_after_cost"": 0.04330867, ""name"": ""trim_hedge"", ""stress_delta_after_cost"": 0.00030379, ""turnover_pct"": 19.9999, ""why_not_chosen_ko"": """"}, {""available"": true, ""cvar_delta_after_cost"": 0.0032992, ""estimated_cost_bps"": 25.0, ""mdd_delta_after_cost"": 0.03803853, ""name"": ""trim_cash"", ""stress_delta_after_cost"": 0.00041187, ""turnover_pct"": 19.9999, ""why_not_chosen_ko"": ""cash baseline was compared against the trim+hedge action""}, {""available"": true, ""cvar_delta_after_cost"": 0.0, ""estimated_cost_bps"": 0.0, ""mdd_delta_after_cost"": 0.0, ""name"": ""hold"", ""stress_delta_after_cost"": 0.0, ""turnover_pct"": 0.0, ""why_not_chosen_ko"": ""does not reduce the active scenario vulnerability""}]}",4,0.00330134,0.04330867,0.00030379,25.0,0.0005,ASSUMED_LIQUID_UNIVERSE,Y,Y,Y,Y,BEATS_CASH,ROBUST_IMPROVE,UNCERTAIN,Y,"{""concentration_cap_pct"": 50.0, ""max_candidate_weight_pct"": 20.0, ""max_turnover_pct"": 20.0, ""min_existing_kept_pct"": 80.0, ""profile_source"": ""system_default""}",,0.47020644,0.39350251,-0.07670393,16.3128,100.0,100.0,100.0,39.879813,35.8918,39.879813,35.8918,0.0,10.0,-0.032992383238153,-0.02969103891519375,0.00330134,-0.47044308523375944,-0.42713441632748617,0.04330867,0.4126860163103684,0.3925179110074382,-0.02016811,-0.004118717674390396,-0.00381492609309753,0.00030379,1.060022778983874,1.084331370990656,0.02430859,computed_from_action_before_after_weights,,19.9999,90.0001,5.0,PASS,,"달러강세·원화약세 취약성을 만든 005930.KS, 035420.KS, 035720.KS에 대해 FXF로 추가 헷지를 적용하면 sleeve 취약도 변화가 -0.0767입니다. 정식 추천 기준은 미달해 검토 후보입니다.",Action formal gate did not pass. Blockers: linked_formal_gate_blocked|linked_recommendation_not_formal|not_trim_and_hedge. Linked recommendation status is evidence only: REFERENCE_ONLY.,"FXF 조정은 달러강세·원화약세 취약성을 낮추는 검토안이며 전후 지표는 CVaR 개선, MDD 개선, stress 개선으로 확인됩니다.",취약성 0.0767 감소; CVaR 0.33%p 개선; MDD 4.33%p 개선; stress 0.03%p 개선; Sharpe 0.02 개선,FORMAL_ACTION excluded by action-level gate: linked_formal_gate_blocked|linked_recommendation_not_formal|not_trim_and_hedge,False,True,"상위 sleeve 커버리지 이후 남은 후보 중 상태, 개선폭, turnover 기준으로 선택했습니다.",,"{""005930.KS"": 39.879813, ""035420.KS"": 17.841838, ""035720.KS"": 14.04439, ""NVDA"": 28.233959}","{""005930.KS"": 35.8918, ""035420.KS"": 16.0577, ""035720.KS"": 12.64, ""FXF"": 10.0, ""NVDA"": 25.4106}"
action_532,FAIL_ACTION,ADD_HEDGE,,REVIEW,,,,Y,LOW,85.0,1.0,growth_beta|korea_domestic_credit|korea_equity|krw_exposure|usdkrw_fx_korea|semiconductor_ai_cycle,defensive_equity|fx_hedge|growth_beta_offset|low_volatility|rate_shock_growth_duration|recession_liquidity_stress|semiconductor_ai_cycle|usdkrw_fx_korea|yen,N,N,N,C,formal_rebalance_hedge_gate,FAIL,base_action_status_fail_action|cash_baseline_lag|linked_formal_gate_blocked|linked_recommendation_not_formal|not_trim_and_hedge|stress_after_cost_not_improved,usdkrw_fx_korea,달러강세·원화약세,usdkrw_fx_korea,usd_strength_krw_weakness,005930.KS|035420.KS|035720.KS|NVDA,005930.KS,,FXY|SPLV,FXY,FXY + SPLV,REFERENCE_ONLY,FAIL_GATE,VALIDATION_THIN,validation_thin|cash_baseline_lag|bootstrap_not_robust|cash_bootstrap_not_robust|liquidity_below_formal|return_drag_reference|reference_only,"검증 표본 부족 - Keep review-only until the stress sample is thick enough.; 현금 기준 대비 열위 - Improve the cash-baseline comparison or keep the candidate review-only.; 부트스트랩 신뢰도 부족 - Increase sample coverage or downgrade fragile candidates.; 현금 기준 부트스트랩 부족 - Add stronger cash-baseline evidence before formal use.; 유동성 기준 미달 - Refresh ADV evidence or exclude the candidate from formal recommendations.; 수익률 훼손 검토 필요 - Confirm risk reduction compensates for return drag before promotion.; 참고 후보 - Use as research context, not an execution recommendation.",1,1,0,0,linked_recommendation_evidence_after_backtest,,"Action formal gate failed: base_action_status_fail_action, cash_baseline_lag, linked_formal_gate_blocked, linked_recommendation_not_formal, not_trim_and_hedge, stress_after_cost_not_improved","{""alternatives"": [{""available"": true, ""cvar"": -0.032992383238153, ""estimated_cost_bps"": 0.0, ""mdd"": -0.47044308523375944, ""name"": ""current"", ""stress"": -0.004118717674390396, ""turnover_pct"": 0.0, ""why_not_chosen_ko"": ""baseline portfolio""}, {""available"": true, ""cvar_delta_after_cost"": 0.00561424, ""estimated_cost_bps"": 25.0, ""mdd_delta_after_cost"": 0.03459837, ""name"": ""trim_hedge"", ""stress_delta_after_cost"": -0.00031932, ""turnover_pct"": 19.9999, ""why_not_chosen_ko"": """"}, {""available"": true, ""cvar_delta_after_cost"": 0.0032992, ""estimated_cost_bps"": 25.0, ""mdd_delta_after_cost"": 0.03803853, ""name"": ""trim_cash"", ""stress_delta_after_cost"": 0.00041187, ""turnover_pct"": 19.9999, ""why_not_chosen_ko"": ""cash baseline was compared against the trim+hedge action""}, {""available"": true, ""cvar_delta_after_cost"": 0.0, ""estimated_cost_bps"": 0.0, ""mdd_delta_after_cost"": 0.0, ""name"": ""hold"", ""stress_delta_after_cost"": 0.0, ""turnover_pct"": 0.0, ""why_not_chosen_ko"": ""does not reduce the active scenario vulnerability""}]}",4,0.00561424,0.03459837,-0.00031932,25.0,0.0005,ASSUMED_LIQUID_UNIVERSE,Y,Y,Y,Y,LAGS_CASH,ROBUST_IMPROVE,UNCERTAIN,Y,"{""concentration_cap_pct"": 50.0, ""max_candidate_weight_pct"": 20.0, ""max_turnover_pct"": 20.0, ""min_existing_kept_pct"": 80.0, ""profile_source"": ""system_default""}",,0.47020644,0.39415677,-0.07604967,16.1737,100.0,100.0,100.0,39.879813,35.8918,39.879813,35.8918,0.0,8.0,-0.032992383238153,-0.027378143409980807,0.00561424,-0.47044308523375944,-0.4358447139285798,0.03459837,0.4126860163103684,0.4292447433661144,0.01655873,-0.004118717674390396,-0.0044380399865603,-0.00031932,1.060022778983874,1.266548678673788,0.2065259,computed_from_action_before_after_weights,,19.9999,90.0001,5.0,PASS,stress worsened,"달러강세·원화약세 취약성을 만든 005930.KS, 035420.KS, 035720.KS에 대해 FXY, SPLV로 추가 헷지를 적용하면 sleeve 취약도 변화가 -0.0760입니다. 정식 추천 기준은 미달해 검토 후보입니다.",기준 미통과: stress worsened,"FXY + SPLV 조정은 달러강세·원화약세 취약성은 일부 낮춰도 핵심 리스크 지표가 악화되어 실행 기준 미통과입니다. (CVaR 개선, MDD 개선, stress 악화)",취약성 0.0760 감소; CVaR 0.56%p 개선; MDD 3.46%p 개선; stress 0.03%p 악화; Sharpe 0.21 개선,stress worsened,False,False,,기준 미통과: stress worsened,"{""005930.KS"": 39.879813, ""035420.KS"": 17.841838, ""035720.KS"": 14.04439, ""NVDA"": 28.233959}","{""005930.KS"": 35.8918, ""035420.KS"": 16.0577, ""035720.KS"": 12.64, ""FXY"": 8.0, ""NVDA"": 25.4106, ""SPLV"": 2.0}"
action_384,REVIEW_ACTION,ADD_HEDGE,,REVIEW,B,B. 조건부 처방,"핵심 취약점 보완 효과는 있으나 검증 샘플, 비용, 유동성, cash baseline 중 일부 확인이 필요합니다.",Y,MEDIUM,100.0,0.0,growth_beta|korea_domestic_credit|korea_equity|krw_exposure|usdkrw_fx_korea|semiconductor_ai_cycle,geopolitical_supply_chain|gold|inflation_energy_shock|precious_metal,Y,N,Y,D,formal_rebalance_hedge_gate,FAIL,cash_baseline_lag|linked_formal_gate_blocked|linked_recommendation_not_formal|not_trim_and_hedge,usdkrw_fx_korea,달러강세·원화약세,usdkrw_fx_korea,usd_strength_krw_weakness,005930.KS|035420.KS|035720.KS|NVDA,005930.KS,,IAU,IAU,IAU,REFERENCE_ONLY,REFERENCE_ONLY,VALIDATION_THIN,validation_thin|bootstrap_not_robust|cash_bootstrap_not_robust|reference_only,"검증 표본 부족 - Keep review-only until the stress sample is thick enough.; 부트스트랩 신뢰도 부족 - Increase sample coverage or downgrade fragile candidates.; 현금 기준 부트스트랩 부족 - Add stronger cash-baseline evidence before formal use.; 참고 후보 - Use as research context, not an execution recommendation.",1,0,0,0,linked_recommendation_evidence_after_backtest,,"Action formal gate failed: cash_baseline_lag, linked_formal_gate_blocked, linked_recommendation_not_formal, not_trim_and_hedge","{""alternatives"": [{""available"": true, ""cvar"": -0.032992383238153, ""estimated_cost_bps"": 0.0, ""mdd"": -0.47044308523375944, ""name"": ""current"", ""stress"": -0.004118717674390396, ""turnover_pct"": 0.0, ""why_not_chosen_ko"": ""baseline portfolio""}, {""available"": true, ""cvar_delta_after_cost"": 0.00307077, ""estimated_cost_bps"": 25.0, ""mdd_delta_after_cost"": 0.04382578, ""name"": ""trim_hedge"", ""stress_delta_after_cost"": 0.00036624, ""turnover_pct"": 19.9999, ""why_not_chosen_ko"": """"}, {""available"": true, ""cvar_delta_after_cost"": 0.0032992, ""estimated_cost_bps"": 25.0, ""mdd_delta_after_cost"": 0.03803853, ""name"": ""trim_cash"", ""stress_delta_after_cost"": 0.00041187, ""turnover_pct"": 19.9999, ""why_not_chosen_ko"": ""cash baseline was compared against the trim+hedge action""}, {""available"": true, ""cvar_delta_after_cost"": 0.0, ""estimated_cost_bps"": 0.0, ""mdd_delta_after_cost"": 0.0, ""name"": ""hold"", ""stress_delta_after_cost"": 0.0, ""turnover_pct"": 0.0, ""why_not_chosen_ko"": ""does not reduce the active scenario vulnerability""}]}",4,0.00307077,0.04382578,0.00036624,25.0,0.0005,ASSUMED_LIQUID_UNIVERSE,Y,Y,Y,Y,LAGS_CASH,ROBUST_IMPROVE,UNCERTAIN,Y,"{""concentration_cap_pct"": 50.0, ""max_candidate_weight_pct"": 20.0, ""max_turnover_pct"": 20.0, ""min_existing_kept_pct"": 80.0, ""profile_source"": ""system_default""}",,0.47020644,0.39476083,-0.07544561,16.0452,100.0,100.0,100.0,39.879813,35.8918,39.879813,35.8918,0.0,10.0,-0.032992383238153,-0.029921609628126702,0.00307077,-0.47044308523375944,-0.4266173102230477,0.04382578,0.4126860163103684,0.39782809868135544,-0.01485792,-0.004118717674390396,-0.0037524821580005286,0.00036624,1.060022778983874,1.125225697495942,0.06520292,computed_from_action_before_after_weights,,19.9999,90.0001,5.0,PASS,,"달러강세·원화약세 취약성을 만든 005930.KS, 035420.KS, 035720.KS에 대해 IAU로 추가 헷지를 적용하면 sleeve 취약도 변화가 -0.0754입니다. 정식 추천 기준은 미달해 검토 후보입니다.",Action formal gate did not pass. Blockers: cash_baseline_lag|linked_formal_gate_blocked|linked_recommendation_not_formal|not_trim_and_hedge. Linked recommendation status is evidence only: REFERENCE_ONLY.,"IAU 조정은 달러강세·원화약세 취약성을 낮추는 검토안이며 전후 지표는 CVaR 개선, MDD 개선, stress 개선으로 확인됩니다.",취약성 0.0754 감소; CVaR 0.31%p 개선; MDD 4.38%p 개선; stress 0.04%p 개선; Sharpe 0.07 개선,FORMAL_ACTION excluded by action-level gate: cash_baseline_lag|linked_formal_gate_blocked|linked_recommendation_not_formal|not_trim_and_hedge,False,False,,같은 risk sleeve에서 더 적합한 액션이 선택되어 후보 감사 목록에만 남겼습니다.,"{""005930.KS"": 39.879813, ""035420.KS"": 17.841838, ""035720.KS"": 14.04439, ""NVDA"": 28.233959}","{""005930.KS"": 35.8918, ""035420.KS"": 16.0577, ""035720.KS"": 12.64, ""IAU"": 10.0, ""NVDA"": 25.4106}"
action_386,REVIEW_ACTION,ADD_HEDGE,,REVIEW,B,B. 조건부 처방,"핵심 취약점 보완 효과는 있으나 검증 샘플, 비용, 유동성, cash baseline 중 일부 확인이 필요합니다.",Y,MEDIUM,100.0,0.0,growth_beta|korea_domestic_credit|korea_equity|krw_exposure|usdkrw_fx_korea|semiconductor_ai_cycle,geopolitical_supply_chain|gold|inflation_energy_shock|precious_metal,Y,N,Y,D,formal_rebalance_hedge_gate,FAIL,cash_baseline_lag|linked_formal_gate_blocked|linked_recommendation_not_formal|not_trim_and_hedge,usdkrw_fx_korea,달러강세·원화약세,usdkrw_fx_korea,usd_strength_krw_weakness,005930.KS|035420.KS|035720.KS|NVDA,005930.KS,,GLD,GLD,GLD,REFERENCE_ONLY,REFERENCE_ONLY,VALIDATION_THIN,validation_thin|bootstrap_not_robust|cash_bootstrap_not_robust|reference_only,"검증 표본 부족 - Keep review-only until the stress sample is thick enough.; 부트스트랩 신뢰도 부족 - Increase sample coverage or downgrade fragile candidates.; 현금 기준 부트스트랩 부족 - Add stronger cash-baseline evidence before formal use.; 참고 후보 - Use as research context, not an execution recommendation.",1,0,0,0,linked_recommendation_evidence_after_backtest,,"Action formal gate failed: cash_baseline_lag, linked_formal_gate_blocked, linked_recommendation_not_formal, not_trim_and_hedge","{""alternatives"": [{""available"": true, ""cvar"": -0.032992383238153, ""estimated_cost_bps"": 0.0, ""mdd"": -0.47044308523375944, ""name"": ""current"", ""stress"": -0.004118717674390396, ""turnover_pct"": 0.0, ""why_not_chosen_ko"": ""baseline portfolio""}, {""available"": true, ""cvar_delta_after_cost"": 0.00307569, ""estimated_cost_bps"": 25.0, ""mdd_delta_after_cost"": 0.04370442, ""name"": ""trim_hedge"", ""stress_delta_after_cost"": 0.00035613, ""turnover_pct"": 19.9999, ""why_not_chosen_ko"": """"}, {""available"": true, ""cvar_delta_after_cost"": 0.0032992, ""estimated_cost_bps"": 25.0, ""mdd_delta_after_cost"": 0.03803853, ""name"": ""trim_cash"", ""stress_delta_after_cost"": 0.00041187, ""turnover_pct"": 19.9999, ""why_not_chosen_ko"": ""cash baseline was compared against the trim+hedge action""}, {""available"": true, ""cvar_delta_after_cost"": 0.0, ""estimated_cost_bps"": 0.0, ""mdd_delta_after_cost"": 0.0, ""name"": ""hold"", ""stress_delta_after_cost"": 0.0, ""turnover_pct"": 0.0, ""why_not_chosen_ko"": ""does not reduce the active scenario vulnerability""}]}",4,0.00307569,0.04370442,0.00035613,25.0,0.0005,ASSUMED_LIQUID_UNIVERSE,Y,Y,Y,Y,LAGS_CASH,ROBUST_IMPROVE,UNCERTAIN,Y,"{""concentration_cap_pct"": 50.0, ""max_candidate_weight_pct"": 20.0, ""max_turnover_pct"": 20.0, ""min_existing_kept_pct"": 80.0, ""profile_source"": ""system_default""}",,0.47020644,0.39479796,-0.07540848,16.0373,100.0,100.0,100.0,39.879813,35.8918,39.879813,35.8918,0.0,10.0,-0.032992383238153,-0.029916691766663703,0.00307569,-0.47044308523375944,-0.42673866284806095,0.04370442,0.4126860163103684,0.3979823335852127,-0.01470368,-0.004118717674390396,-0.003762592333476774,0.00035613,1.060022778983874,1.1240557169997523,0.06403294,computed_from_action_before_after_weights,,19.9999,90.0001,5.0,PASS,,"달러강세·원화약세 취약성을 만든 005930.KS, 035420.KS, 035720.KS에 대해 GLD로 추가 헷지를 적용하면 sleeve 취약도 변화가 -0.0754입니다. 정식 추천 기준은 미달해 검토 후보입니다.",Action formal gate did not pass. Blockers: cash_baseline_lag|linked_formal_gate_blocked|linked_recommendation_not_formal|not_trim_and_hedge. Linked recommendation status is evidence only: REFERENCE_ONLY.,"GLD 조정은 달러강세·원화약세 취약성을 낮추는 검토안이며 전후 지표는 CVaR 개선, MDD 개선, stress 개선으로 확인됩니다.",취약성 0.0754 감소; CVaR 0.31%p 개선; MDD 4.37%p 개선; stress 0.04%p 개선; Sharpe 0.06 개선,FORMAL_ACTION excluded by action-level gate: cash_baseline_lag|linked_formal_gate_blocked|linked_recommendation_not_formal|not_trim_and_hedge,False,True,trim 가능한 source holding이 제한적이어서 ADD_HEDGE를 선택했습니다.,,"{""005930.KS"": 39.879813, ""035420.KS"": 17.841838, ""035720.KS"": 14.04439, ""NVDA"": 28.233959}","{""005930.KS"": 35.8918, ""035420.KS"": 16.0577, ""035720.KS"": 12.64, ""GLD"": 10.0, ""NVDA"": 25.4106}"
action_362,REVIEW_ACTION,ADD_HEDGE,,REVIEW,B,B. 조건부 처방,"핵심 취약점 보완 효과는 있으나 검증 샘플, 비용, 유동성, cash baseline 중 일부 확인이 필요합니다.",Y,LOW,100.0,1.0,growth_beta|korea_domestic_credit|korea_equity|krw_exposure|usdkrw_fx_korea|semiconductor_ai_cycle,euro|fx_hedge|usdkrw_fx_korea,N,N,N,C,formal_rebalance_hedge_gate,FAIL,cash_baseline_lag|linked_formal_gate_blocked|linked_recommendation_not_formal|not_trim_and_hedge,usdkrw_fx_korea,달러강세·원화약세,usdkrw_fx_korea,usd_strength_krw_weakness,005930.KS|035420.KS|035720.KS|NVDA,005930.KS,,FXE,FXE,FXE,REFERENCE_ONLY,REFERENCE_ONLY,VALIDATION_THIN,validation_thin|cash_baseline_lag|bootstrap_not_robust|cash_bootstrap_not_robust|liquidity_below_formal|return_drag_reference|reference_only,"검증 표본 부족 - Keep review-only until the stress sample is thick enough.; 현금 기준 대비 열위 - Improve the cash-baseline comparison or keep the candidate review-only.; 부트스트랩 신뢰도 부족 - Increase sample coverage or downgrade fragile candidates.; 현금 기준 부트스트랩 부족 - Add stronger cash-baseline evidence before formal use.; 유동성 기준 미달 - Refresh ADV evidence or exclude the candidate from formal recommendations.; 수익률 훼손 검토 필요 - Confirm risk reduction compensates for return drag before promotion.; 참고 후보 - Use as research context, not an execution recommendation.",1,1,0,0,linked_recommendation_evidence_after_backtest,,"Action formal gate failed: cash_baseline_lag, linked_formal_gate_blocked, linked_recommendation_not_formal, not_trim_and_hedge","{""alternatives"": [{""available"": true, ""cvar"": -0.032992383238153, ""estimated_cost_bps"": 0.0, ""mdd"": -0.47044308523375944, ""name"": ""current"", ""stress"": -0.004118717674390396, ""turnover_pct"": 0.0, ""why_not_chosen_ko"": ""baseline portfolio""}, {""available"": true, ""cvar_delta_after_cost"": 0.00319319, ""estimated_cost_bps"": 25.0, ""mdd_delta_after_cost"": 0.03776488, ""name"": ""trim_hedge"", ""stress_delta_after_cost"": 0.00033343, ""turnover_pct"": 19.9999, ""why_not_chosen_ko"": """"}, {""available"": true, ""cvar_delta_after_cost"": 0.0032992, ""estimated_cost_bps"": 25.0, ""mdd_delta_after_cost"": 0.03803853, ""name"": ""trim_cash"", ""stress_delta_after_cost"": 0.00041187, ""turnover_pct"": 19.9999, ""why_not_chosen_ko"": ""cash baseline was compared against the trim+hedge action""}, {""available"": true, ""cvar_delta_after_cost"": 0.0, ""estimated_cost_bps"": 0.0, ""mdd_delta_after_cost"": 0.0, ""name"": ""hold"", ""stress_delta_after_cost"": 0.0, ""turnover_pct"": 0.0, ""why_not_chosen_ko"": ""does not reduce the active scenario vulnerability""}]}",4,0.00319319,0.03776488,0.00033343,25.0,0.0005,ASSUMED_LIQUID_UNIVERSE,Y,Y,Y,Y,LAGS_CASH,ROBUST_IMPROVE,UNCERTAIN,Y,"{""concentration_cap_pct"": 50.0, ""max_candidate_weight_pct"": 20.0, ""max_turnover_pct"": 20.0, ""min_existing_kept_pct"": 80.0, ""profile_source"": ""system_default""}",,0.47020644,0.39547809,-0.07472834,15.8927,100.0,100.0,100.0,39.879813,35.8918,39.879813,35.8918,0.0,10.0,-0.032992383238153,-0.029799191152411038,0.00319319,-0.47044308523375944,-0.4326782064599225,0.03776488,0.4126860163103684,0.40042861277298997,-0.0122574,-0.004118717674390396,-0.0037852896251298744,0.00033343,1.060022778983874,1.064948169123418,0.00492539,computed_from_action_before_after_weights,,19.9999,90.0001,5.0,PASS,,"달러강세·원화약세 취약성을 만든 005930.KS, 035420.KS, 035720.KS에 대해 FXE로 추가 헷지를 적용하면 sleeve 취약도 변화가 -0.0747입니다. 정식 추천 기준은 미달해 검토 후보입니다.",Action formal gate did not pass. Blockers: cash_baseline_lag|linked_formal_gate_blocked|linked_recommendation_not_formal|not_trim_and_hedge. Linked recommendation status is evidence only: REFERENCE_ONLY.,"FXE 조정은 달러강세·원화약세 취약성을 낮추는 검토안이며 전후 지표는 CVaR 개선, MDD 개선, stress 개선으로 확인됩니다.",취약성 0.0747 감소; CVaR 0.32%p 개선; MDD 3.78%p 개선; stress 0.03%p 개선; Sharpe 0.00 개선,FORMAL_ACTION excluded by action-level gate: cash_baseline_lag|linked_formal_gate_blocked|linked_recommendation_not_formal|not_trim_and_hedge,False,True,"상위 sleeve 커버리지 이후 남은 후보 중 상태, 개선폭, turnover 기준으로 선택했습니다.",,"{""005930.KS"": 39.879813, ""035420.KS"": 17.841838, ""035720.KS"": 14.04439, ""NVDA"": 28.233959}","{""005930.KS"": 35.8918, ""035420.KS"": 16.0577, ""035720.KS"": 12.64, ""FXE"": 10.0, ""NVDA"": 25.4106}"
action_538,FAIL_ACTION,ADD_HEDGE,,REVIEW,,,,Y,LOW,85.0,1.0,growth_beta|korea_domestic_credit|korea_equity|krw_exposure|usdkrw_fx_korea|semiconductor_ai_cycle,defensive_equity|fx_hedge|growth_beta_offset|low_volatility|rate_shock_growth_duration|recession_liquidity_stress|semiconductor_ai_cycle|swiss_franc|usdkrw_fx_korea,N,N,N,C,formal_rebalance_hedge_gate,FAIL,base_action_status_fail_action|linked_formal_gate_blocked|linked_recommendation_not_formal|not_trim_and_hedge|stress_after_cost_not_improved,usdkrw_fx_korea,달러강세·원화약세,usdkrw_fx_korea,usd_strength_krw_weakness,005930.KS|035420.KS|035720.KS|NVDA,005930.KS,,FXF|SPLV,FXF,FXF + SPLV,REFERENCE_ONLY,FAIL_GATE,VALIDATION_INSUFFICIENT,validation_insufficient|liquidity_below_formal|return_drag_reference|reference_only,"검증 이력 부족 - Add enough target stress validation history before formal promotion.; 유동성 기준 미달 - Refresh ADV evidence or exclude the candidate from formal recommendations.; 수익률 훼손 검토 필요 - Confirm risk reduction compensates for return drag before promotion.; 참고 후보 - Use as research context, not an execution recommendation.",0,0,0,0,linked_recommendation_evidence_after_backtest,,"Action formal gate failed: base_action_status_fail_action, linked_formal_gate_blocked, linked_recommendation_not_formal, not_trim_and_hedge, stress_after_cost_not_improved","{""alternatives"": [{""available"": true, ""cvar"": -0.032992383238153, ""estimated_cost_bps"": 0.0, ""mdd"": -0.47044308523375944, ""name"": ""current"", ""stress"": -0.004118717674390396, ""turnover_pct"": 0.0, ""why_not_chosen_ko"": ""baseline portfolio""}, {""available"": true, ""cvar_delta_after_cost"": 0.00542011, ""estimated_cost_bps"": 25.0, ""mdd_delta_after_cost"": 0.04284042, ""name"": ""trim_hedge"", ""stress_delta_after_cost"": -0.00039592, ""turnover_pct"": 19.9999, ""why_not_chosen_ko"": """"}, {""available"": true, ""cvar_delta_after_cost"": 0.0032992, ""estimated_cost_bps"": 25.0, ""mdd_delta_after_cost"": 0.03803853, ""name"": ""trim_cash"", ""stress_delta_after_cost"": 0.00041187, ""turnover_pct"": 19.9999, ""why_not_chosen_ko"": ""cash baseline was compared against the trim+hedge action""}, {""available"": true, ""cvar_delta_after_cost"": 0.0, ""estimated_cost_bps"": 0.0, ""mdd_delta_after_cost"": 0.0, ""name"": ""hold"", ""stress_delta_after_cost"": 0.0, ""turnover_pct"": 0.0, ""why_not_chosen_ko"": ""does not reduce the active scenario vulnerability""}]}",4,0.00542011,0.04284042,-0.00039592,25.0,0.0005,ASSUMED_LIQUID_UNIVERSE,Y,Y,Y,Y,BEATS_CASH,ROBUST_IMPROVE,UNCERTAIN,Y,"{""concentration_cap_pct"": 50.0, ""max_candidate_weight_pct"": 20.0, ""max_turnover_pct"": 20.0, ""min_existing_kept_pct"": 80.0, ""profile_source"": ""system_default""}",,0.47020644,0.39625426,-0.07395218,15.7276,100.0,100.0,100.0,39.879813,35.8918,39.879813,35.8918,0.0,8.0,-0.032992383238153,-0.027572273321730196,0.00542011,-0.47044308523375944,-0.4276026636907684,0.04284042,0.4126860163103684,0.4358543275904145,0.02316831,-0.004118717674390396,-0.004514637932207034,-0.00039592,1.060022778983874,1.2850816939630285,0.22505891,computed_from_action_before_after_weights,,19.9999,90.0001,5.0,PASS,stress worsened,"달러강세·원화약세 취약성을 만든 005930.KS, 035420.KS, 035720.KS에 대해 FXF, SPLV로 추가 헷지를 적용하면 sleeve 취약도 변화가 -0.0740입니다. 정식 추천 기준은 미달해 검토 후보입니다.",기준 미통과: stress worsened,"FXF + SPLV 조정은 달러강세·원화약세 취약성은 일부 낮춰도 핵심 리스크 지표가 악화되어 실행 기준 미통과입니다. (CVaR 개선, MDD 개선, stress 악화)",취약성 0.0740 감소; CVaR 0.54%p 개선; MDD 4.28%p 개선; stress 0.04%p 악화; Sharpe 0.23 개선,stress worsened,False,False,,기준 미통과: stress worsened,"{""005930.KS"": 39.879813, ""035420.KS"": 17.841838, ""035720.KS"": 14.04439, ""NVDA"": 28.233959}","{""005930.KS"": 35.8918, ""035420.KS"": 16.0577, ""035720.KS"": 12.64, ""FXF"": 8.0, ""NVDA"": 25.4106, ""SPLV"": 2.0}"
action_510,FAIL_ACTION,ADD_HEDGE,,REVIEW,,,,Y,LOW,85.0,1.0,growth_beta|korea_domestic_credit|korea_equity|krw_exposure|usdkrw_fx_korea|semiconductor_ai_cycle,defensive_equity|euro|fx_hedge|growth_beta_offset|low_volatility|rate_shock_growth_duration|recession_liquidity_stress|semiconductor_ai_cycle|usdkrw_fx_korea,N,N,N,C,formal_rebalance_hedge_gate,FAIL,base_action_status_fail_action|linked_formal_gate_blocked|linked_recommendation_not_formal|not_trim_and_hedge|stress_after_cost_not_improved,usdkrw_fx_korea,달러강세·원화약세,usdkrw_fx_korea,usd_strength_krw_weakness,005930.KS|035420.KS|035720.KS|NVDA,005930.KS,,FXE|SPLV,FXE,FXE + SPLV,FAIL_GATE,FAIL_GATE,VALIDATION_NOT_ELIGIBLE,fail_gate|validation_not_eligible|liquidity_below_formal,하드 게이트 실패 - Do not promote until the failing gate is resolved.; validation not eligible - Keep blocked or rebuild the candidate with valid backtest inputs.; 유동성 기준 미달 - Refresh ADV evidence or exclude the candidate from formal recommendations.,0,0,0,0,linked_recommendation_evidence_after_backtest,,"Action formal gate failed: base_action_status_fail_action, linked_formal_gate_blocked, linked_recommendation_not_formal, not_trim_and_hedge, stress_after_cost_not_improved","{""alternatives"": [{""available"": true, ""cvar"": -0.032992383238153, ""estimated_cost_bps"": 0.0, ""mdd"": -0.47044308523375944, ""name"": ""current"", ""stress"": -0.004118717674390396, ""turnover_pct"": 0.0, ""why_not_chosen_ko"": ""baseline portfolio""}, {""available"": true, ""cvar_delta_after_cost"": 0.00537183, ""estimated_cost_bps"": 25.0, ""mdd_delta_after_cost"": 0.0383, ""name"": ""trim_hedge"", ""stress_delta_after_cost"": -0.0003485, ""turnover_pct"": 19.9999, ""why_not_chosen_ko"": """"}, {""available"": true, ""cvar_delta_after_cost"": 0.0032992, ""estimated_cost_bps"": 25.0, ""mdd_delta_after_cost"": 0.03803853, ""name"": ""trim_cash"", ""stress_delta_after_cost"": 0.00041187, ""turnover_pct"": 19.9999, ""why_not_chosen_ko"": ""cash baseline was compared against the trim+hedge action""}, {""available"": true, ""cvar_delta_after_cost"": 0.0, ""estimated_cost_bps"": 0.0, ""mdd_delta_after_cost"": 0.0, ""name"": ""hold"", ""stress_delta_after_cost"": 0.0, ""turnover_pct"": 0.0, ""why_not_chosen_ko"": ""does not reduce the active scenario vulnerability""}]}",4,0.00537183,0.0383,-0.0003485,25.0,0.0005,ASSUMED_LIQUID_UNIVERSE,Y,Y,Y,Y,BEATS_CASH,ROBUST_IMPROVE,UNCERTAIN,Y,"{""concentration_cap_pct"": 50.0, ""max_candidate_weight_pct"": 20.0, ""max_turnover_pct"": 20.0, ""min_existing_kept_pct"": 80.0, ""profile_source"": ""system_default""}",,0.47020644,0.39783472,-0.07237171,15.3915,100.0,100.0,100.0,39.879813,35.8918,39.879813,35.8918,0.0,8.0,-0.032992383238153,-0.027620553121916865,0.00537183,-0.47044308523375944,-0.4321430805840015,0.0383,0.4126860163103684,0.4408393961350148,0.02815338,-0.004118717674390396,-0.004467221321199461,-0.0003485,1.060022778983874,1.2714183915878539,0.21139561,computed_from_action_before_after_weights,,19.9999,90.0001,5.0,PASS,stress worsened,"달러강세·원화약세 취약성을 만든 005930.KS, 035420.KS, 035720.KS에 대해 FXE, SPLV로 추가 헷지를 적용하면 sleeve 취약도 변화가 -0.0724입니다. 정식 추천 기준은 미달해 검토 후보입니다.",기준 미통과: stress worsened,"FXE + SPLV 조정은 달러강세·원화약세 취약성은 일부 낮춰도 핵심 리스크 지표가 악화되어 실행 기준 미통과입니다. (CVaR 개선, MDD 개선, stress 악화)",취약성 0.0724 감소; CVaR 0.54%p 개선; MDD 3.83%p 개선; stress 0.03%p 악화; Sharpe 0.21 개선,stress worsened,False,False,,기준 미통과: stress worsened,"{""005930.KS"": 39.879813, ""035420.KS"": 17.841838, ""035720.KS"": 14.04439, ""NVDA"": 28.233959}","{""005930.KS"": 35.8918, ""035420.KS"": 16.0577, ""035720.KS"": 12.64, ""FXE"": 8.0, ""NVDA"": 25.4106, ""SPLV"": 2.0}"
action_750,FAIL_ACTION,ADD_HEDGE,,REVIEW,,,,Y,LOW,85.0,1.0,growth_beta|korea_domestic_credit|korea_equity|krw_exposure|usdkrw_fx_korea|semiconductor_ai_cycle,growth_beta_offset|low_beta|market_neutral|rate_shock_growth_duration|recession_liquidity_stress|semiconductor_ai_cycle,N,N,N,C,formal_rebalance_hedge_gate,FAIL,base_action_status_fail_action|linked_formal_gate_blocked|linked_recommendation_not_formal|not_trim_and_hedge|stress_after_cost_not_improved,recession_liquidity_stress,침체·유동성 스트레스,recession_liquidity_stress,acute_global_stress_liquidity_crunch|slowdown_recession_deflation_risk,NVDA|005930.KS|035720.KS|035420.KS,NVDA,,BTAL,BTAL,BTAL,FAIL_GATE,FAIL_GATE,VALIDATION_NOT_ELIGIBLE,fail_gate|validation_not_eligible|liquidity_below_formal,하드 게이트 실패 - Do not promote until the failing gate is resolved.; validation not eligible - Keep blocked or rebuild the candidate with valid backtest inputs.; 유동성 기준 미달 - Refresh ADV evidence or exclude the candidate from formal recommendations.,0,0,0,0,linked_recommendation_evidence_after_backtest,,"Action formal gate failed: base_action_status_fail_action, linked_formal_gate_blocked, linked_recommendation_not_formal, not_trim_and_hedge, stress_after_cost_not_improved","{""alternatives"": [{""available"": true, ""cvar"": -0.032992383238153, ""estimated_cost_bps"": 0.0, ""mdd"": -0.47044308523375944, ""name"": ""current"", ""stress"": -0.004118717674390396, ""turnover_pct"": 0.0, ""why_not_chosen_ko"": ""baseline portfolio""}, {""available"": true, ""cvar_delta_after_cost"": 0.00615986, ""estimated_cost_bps"": 25.0, ""mdd_delta_after_cost"": 0.06060273, ""name"": ""trim_hedge"", ""stress_delta_after_cost"": -0.00080924, ""turnover_pct"": 19.9999, ""why_not_chosen_ko"": """"}, {""available"": true, ""cvar_delta_after_cost"": 0.0032992, ""estimated_cost_bps"": 25.0, ""mdd_delta_after_cost"": 0.03803853, ""name"": ""trim_cash"", ""stress_delta_after_cost"": 0.00041187, ""turnover_pct"": 19.9999, ""why_not_chosen_ko"": ""cash baseline was compared against the trim+hedge action""}, {""available"": true, ""cvar_delta_after_cost"": 0.0, ""estimated_cost_bps"": 0.0, ""mdd_delta_after_cost"": 0.0, ""name"": ""hold"", ""stress_delta_after_cost"": 0.0, ""turnover_pct"": 0.0, ""why_not_chosen_ko"": ""does not reduce the active scenario vulnerability""}]}",4,0.00615986,0.06060273,-0.00080924,25.0,0.0005,ASSUMED_LIQUID_UNIVERSE,Y,Y,Y,Y,BEATS_CASH,ROBUST_IMPROVE,ACTION_BOOTSTRAP_PASS,Y,"{""concentration_cap_pct"": 50.0, ""max_candidate_weight_pct"": 20.0, ""max_turnover_pct"": 20.0, ""min_existing_kept_pct"": 80.0, ""profile_source"": ""system_default""}",,0.19094216,0.15717403,-0.03376813,17.685,100.0,100.0,100.0,28.233959,25.4106,28.233959,25.4106,0.0,10.0,-0.032992383238153,-0.02683252456580638,0.00615986,-0.47044308523375944,-0.4098403565845363,0.06060273,0.4126860163103684,0.3930457109883863,-0.01964031,-0.004118717674390396,-0.004927962476655751,-0.00080924,1.060022778983874,1.3643787912301384,0.30435601,computed_from_action_before_after_weights,,19.9999,90.0001,5.0,PASS,stress worsened,"침체·유동성 스트레스 취약성을 만든 NVDA, 005930.KS, 035720.KS에 대해 BTAL로 추가 헷지를 적용하면 sleeve 취약도 변화가 -0.0338입니다. 정식 추천 기준은 미달해 검토 후보입니다.",기준 미통과: stress worsened,"BTAL 조정은 침체·유동성 스트레스 취약성은 일부 낮춰도 핵심 리스크 지표가 악화되어 실행 기준 미통과입니다. (CVaR 개선, MDD 개선, stress 악화)",취약성 0.0338 감소; CVaR 0.62%p 개선; MDD 6.06%p 개선; stress 0.08%p 악화; Sharpe 0.30 개선,stress worsened,False,False,,기준 미통과: stress worsened,"{""005930.KS"": 39.879813, ""035420.KS"": 17.841838, ""035720.KS"": 14.04439, ""NVDA"": 28.233959}","{""005930.KS"": 35.8918, ""035420.KS"": 16.0577, ""035720.KS"": 12.64, ""BTAL"": 10.0, ""NVDA"": 25.4106}"
action_801,FAIL_ACTION,TRIM_AND_HEDGE,,REVIEW,,,,Y,LOW,85.0,,,,,,,,formal_rebalance_hedge_gate,FAIL,base_action_status_fail_action|linked_formal_gate_blocked|linked_recommendation_not_formal|stress_after_cost_not_improved,recession_liquidity_stress,침체·유동성 스트레스,recession_liquidity_stress,acute_global_stress_liquidity_crunch|slowdown_recession_deflation_risk,NVDA,NVDA,,114800.KS,114800.KS,114800.KS,REFERENCE_ONLY,FAIL_GATE,VALIDATION_INSUFFICIENT,validation_insufficient|return_drag_reference|reference_only,"검증 이력 부족 - Add enough target stress validation history before formal promotion.; 수익률 훼손 검토 필요 - Confirm risk reduction compensates for return drag before promotion.; 참고 후보 - Use as research context, not an execution recommendation.",0,0,0,0,linked_recommendation_evidence_after_backtest,,"Action formal gate failed: base_action_status_fail_action, linked_formal_gate_blocked, linked_recommendation_not_formal, stress_after_cost_not_improved","{""alternatives"": [{""available"": true, ""cvar"": -0.032992383238153, ""estimated_cost_bps"": 0.0, ""mdd"": -0.47044308523375944, ""name"": ""current"", ""stress"": -0.004118717674390396, ""turnover_pct"": 0.0, ""why_not_chosen_ko"": ""baseline portfolio""}, {""available"": true, ""cvar_delta_after_cost"": 0.00553483, ""estimated_cost_bps"": 25.0, ""mdd_delta_after_cost"": 0.0385897, ""name"": ""trim_hedge"", ""stress_delta_after_cost"": -0.00019665, ""turnover_pct"": 10.000001, ""why_not_chosen_ko"": """"}, {""available"": true, ""cvar_delta_after_cost"": 0.00207211, ""estimated_cost_bps"": 25.0, ""mdd_delta_after_cost"": 0.02525293, ""name"": ""trim_cash"", ""stress_delta_after_cost"": 3.253e-05, ""turnover_pct"": 10.000001, ""why_not_chosen_ko"": ""cash baseline was compared against the trim+hedge action""}, {""available"": true, ""cvar_delta_after_cost"": 0.0, ""estimated_cost_bps"": 0.0, ""mdd_delta_after_cost"": 0.0, ""name"": ""hold"", ""stress_delta_after_cost"": 0.0, ""turnover_pct"": 0.0, ""why_not_chosen_ko"": ""does not reduce the active scenario vulnerability""}]}",4,0.00553483,0.0385897,-0.00019665,25.0,0.00025,ASSUMED_LIQUID_UNIVERSE,Y,Y,Y,Y,BEATS_CASH,ROBUST_IMPROVE,ROBUST_IMPROVE,Y,"{""concentration_cap_pct"": 50.0, ""max_candidate_weight_pct"": 20.0, ""max_turnover_pct"": 20.0, ""min_existing_kept_pct"": 80.0, ""profile_source"": ""system_default""}",,0.19094216,0.15855183,-0.03239033,16.9634,54.8388,54.8388,54.8388,28.233959,23.233959,28.233959,23.233959,0.0,5.0,-0.032992383238153,-0.027457558128683907,0.00553483,-0.47044308523375944,-0.4318533854251837,0.0385897,0.4126860163103684,0.36353488662713224,-0.04915113,-0.004118717674390396,-0.004315367621034423,-0.00019665,1.060022778983874,1.1766476329035938,0.11662485,computed_from_action_before_after_weights,,10.000001,95.0,5.0,PASS,stress worsened,침체·유동성 스트레스 취약성을 만든 NVDA에 대해 114800.KS로 원인 보유자산 일부 축소 후 헷지를 적용하면 sleeve 취약도 변화가 -0.0324입니다. 정식 추천 기준은 미달해 검토 후보입니다.,기준 미통과: stress worsened,"114800.KS 조정은 침체·유동성 스트레스 취약성은 일부 낮춰도 핵심 리스크 지표가 악화되어 실행 기준 미통과입니다. (CVaR 개선, MDD 개선, stress 악화)",취약성 0.0324 감소; CVaR 0.55%p 개선; MDD 3.86%p 개선; stress 0.02%p 악화; Sharpe 0.12 개선,stress worsened,False,False,,기준 미통과: stress worsened,"{""005930.KS"": 39.879813, ""035420.KS"": 17.841838, ""035720.KS"": 14.04439, ""NVDA"": 28.233959}","{""005930.KS"": 39.879813, ""035420.KS"": 17.841838, ""035720.KS"": 14.04439, ""114800.KS"": 5.0, ""NVDA"": 23.233959}"
action_812,REVIEW_ACTION,REPLACE_SLEEVE,,REVIEW,C,C. 검토 후보,방향성은 맞지만 공식 처방이라 부르기에는 근거 또는 제약 검증이 부족합니다.,Y,MEDIUM,100.0,,,,,,,,formal_rebalance_hedge_gate,FAIL,linked_recommendation_not_formal|not_trim_and_hedge,recession_liquidity_stress,침체·유동성 스트레스,recession_liquidity_stress,acute_global_stress_liquidity_crunch|slowdown_recession_deflation_risk,NVDA|005930.KS,NVDA,,BIL,BIL,BIL,REFERENCE_ONLY,,,,,,,,,,,"Action formal gate failed: linked_recommendation_not_formal, not_trim_and_hedge","{""alternatives"": [{""available"": true, ""cvar"": -0.032992383238153, ""estimated_cost_bps"": 0.0, ""mdd"": -0.47044308523375944, ""name"": ""current"", ""stress"": -0.004118717674390396, ""turnover_pct"": 0.0, ""why_not_chosen_ko"": ""baseline portfolio""}, {""available"": true, ""cvar_delta_after_cost"": 0.00349523, ""estimated_cost_bps"": 25.0, ""mdd_delta_after_cost"": 0.04105584, ""name"": ""trim_hedge"", ""stress_delta_after_cost"": 0.00029194, ""turnover_pct"": 20.0, ""why_not_chosen_ko"": """"}, {""available"": true, ""cvar_delta_after_cost"": 0.00347653, ""estimated_cost_bps"": 25.0, ""mdd_delta_after_cost"": 0.03312166, ""name"": ""trim_cash"", ""stress_delta_after_cost"": 0.00029872, ""turnover_pct"": 20.0, ""why_not_chosen_ko"": ""cash baseline was compared against the trim+hedge action""}, {""available"": true, ""cvar_delta_after_cost"": 0.0, ""estimated_cost_bps"": 0.0, ""mdd_delta_after_cost"": 0.0, ""name"": ""hold"", ""stress_delta_after_cost"": 0.0, ""turnover_pct"": 0.0, ""why_not_chosen_ko"": ""does not reduce the active scenario vulnerability""}]}",4,0.00349523,0.04105584,0.00029194,25.0,0.0005,ASSUMED_LIQUID_UNIVERSE,Y,Y,Y,Y,BEATS_CASH,ACTION_BOOTSTRAP_PASS,ACTION_BOOTSTRAP_PASS,Y,"{""concentration_cap_pct"": 50.0, ""max_candidate_weight_pct"": 20.0, ""max_turnover_pct"": 20.0, ""min_existing_kept_pct"": 80.0, ""profile_source"": ""system_default""}",,0.19094216,0.15898475,-0.03195742,16.7367,79.6069,79.6069,79.6069,28.233959,23.233959,28.233959,23.233959,0.0,10.0,-0.032992383238153,-0.029497155150210723,0.00349523,-0.47044308523375944,-0.42938724416067553,0.04105584,0.4126860163103684,0.36404154210998557,-0.04864447,-0.004118717674390396,-0.003826780976815971,0.00029194,1.060022778983874,1.0485220576760597,-0.01150072,computed_from_action_before_after_weights,,20.0,90.0,5.0,PASS,,"침체·유동성 스트레스 취약성을 만든 NVDA, 005930.KS에 대해 BIL로 위험 sleeve 일부 교체를 적용하면 sleeve 취약도 변화가 -0.0320입니다. 정식 추천 기준은 미달해 검토 후보입니다.",Action formal gate did not pass. Blockers: linked_recommendation_not_formal|not_trim_and_hedge. Linked recommendation status is evidence only: REFERENCE_ONLY.,"BIL 조정은 침체·유동성 스트레스 취약성을 낮추는 검토안이며 전후 지표는 CVaR 개선, MDD 개선, stress 개선으로 확인됩니다.",취약성 0.0320 감소; CVaR 0.35%p 개선; MDD 4.11%p 개선; stress 0.03%p 개선; Sharpe 0.01 악화,FORMAL_ACTION excluded by action-level gate: linked_recommendation_not_formal|not_trim_and_hedge,False,False,,같은 risk sleeve에서 더 적합한 액션이 선택되어 후보 감사 목록에만 남겼습니다.,"{""005930.KS"": 39.879813, ""035420.KS"": 17.841838, ""035720.KS"": 14.04439, ""NVDA"": 28.233959}","{""005930.KS"": 34.879813, ""035420.KS"": 17.841838, ""035720.KS"": 14.04439, ""BIL"": 10.0, ""NVDA"": 23.233959}"
action_770,FAIL_ACTION,ADD_HEDGE,,REVIEW,,,,Y,LOW,85.0,1.0,growth_beta|korea_domestic_credit|korea_equity|krw_exposure|usdkrw_fx_korea|semiconductor_ai_cycle,geopolitical_supply_chain|gold|growth_beta_offset|inflation_energy_shock|korea_domestic_credit|kr_listed|low_beta|market_neutral|rate_shock_growth_duration|recession_liquidity_stress|semiconductor_ai_cycle|usdkrw_fx_korea,N,N,N,C,formal_rebalance_hedge_gate,FAIL,base_action_status_fail_action|linked_formal_gate_blocked|linked_recommendation_not_formal|not_trim_and_hedge|stress_after_cost_not_improved,recession_liquidity_stress,침체·유동성 스트레스,recession_liquidity_stress,acute_global_stress_liquidity_crunch|slowdown_recession_deflation_risk,NVDA|005930.KS|035720.KS|035420.KS,NVDA,,BTAL|132030.KS,BTAL,BTAL + 132030.KS,REFERENCE_ONLY,FAIL_GATE,VALIDATION_INSUFFICIENT,validation_insufficient|liquidity_below_formal|return_drag_reference|reference_only,"검증 이력 부족 - Add enough target stress validation history before formal promotion.; 유동성 기준 미달 - Refresh ADV evidence or exclude the candidate from formal recommendations.; 수익률 훼손 검토 필요 - Confirm risk reduction compensates for return drag before promotion.; 참고 후보 - Use as research context, not an execution recommendation.",0,0,0,0,linked_recommendation_evidence_after_backtest,,"Action formal gate failed: base_action_status_fail_action, linked_formal_gate_blocked, linked_recommendation_not_formal, not_trim_and_hedge, stress_after_cost_not_improved","{""alternatives"": [{""available"": true, ""cvar"": -0.032992383238153, ""estimated_cost_bps"": 0.0, ""mdd"": -0.47044308523375944, ""name"": ""current"", ""stress"": -0.004118717674390396, ""turnover_pct"": 0.0, ""why_not_chosen_ko"": ""baseline portfolio""}, {""available"": true, ""cvar_delta_after_cost"": 0.00603289, ""estimated_cost_bps"": 25.0, ""mdd_delta_after_cost"": 0.05853884, ""name"": ""trim_hedge"", ""stress_delta_after_cost"": -0.00071721, ""turnover_pct"": 19.9999, ""why_not_chosen_ko"": """"}, {""available"": true, ""cvar_delta_after_cost"": 0.0032992, ""estimated_cost_bps"": 25.0, ""mdd_delta_after_cost"": 0.03803853, ""name"": ""trim_cash"", ""stress_delta_after_cost"": 0.00041187, ""turnover_pct"": 19.9999, ""why_not_chosen_ko"": ""cash baseline was compared against the trim+hedge action""}, {""available"": true, ""cvar_delta_after_cost"": 0.0, ""estimated_cost_bps"": 0.0, ""mdd_delta_after_cost"": 0.0, ""name"": ""hold"", ""stress_delta_after_cost"": 0.0, ""turnover_pct"": 0.0, ""why_not_chosen_ko"": ""does not reduce the active scenario vulnerability""}]}",4,0.00603289,0.05853884,-0.00071721,25.0,0.0005,ASSUMED_LIQUID_UNIVERSE,Y,Y,Y,Y,BEATS_CASH,ROBUST_IMPROVE,UNCERTAIN,Y,"{""concentration_cap_pct"": 50.0, ""max_candidate_weight_pct"": 20.0, ""max_turnover_pct"": 20.0, ""min_existing_kept_pct"": 80.0, ""profile_source"": ""system_default""}",,0.19094216,0.15973725,-0.03120491,16.3426,100.0,100.0,100.0,28.233959,25.4106,28.233959,25.4106,0.0,8.0,-0.032992383238153,-0.02695949383397142,0.00603289,-0.47044308523375944,-0.41190424986602436,0.05853884,0.4126860163103684,0.39416460375441487,-0.01852141,-0.004118717674390396,-0.004835930936480196,-0.00071721,1.060022778983874,1.3638921285451262,0.30386935,computed_from_action_before_after_weights,,19.9999,90.0001,5.0,PASS,stress worsened,"침체·유동성 스트레스 취약성을 만든 NVDA, 005930.KS, 035720.KS에 대해 BTAL, 132030.KS로 추가 헷지를 적용하면 sleeve 취약도 변화가 -0.0312입니다. 정식 추천 기준은 미달해 검토 후보입니다.",기준 미통과: stress worsened,"BTAL + 132030.KS 조정은 침체·유동성 스트레스 취약성은 일부 낮춰도 핵심 리스크 지표가 악화되어 실행 기준 미통과입니다. (CVaR 개선, MDD 개선, stress 악화)",취약성 0.0312 감소; CVaR 0.60%p 개선; MDD 5.85%p 개선; stress 0.07%p 악화; Sharpe 0.30 개선,stress worsened,False,False,,기준 미통과: stress worsened,"{""005930.KS"": 39.879813, ""035420.KS"": 17.841838, ""035720.KS"": 14.04439, ""NVDA"": 28.233959}","{""005930.KS"": 35.8918, ""035420.KS"": 16.0577, ""035720.KS"": 12.64, ""132030.KS"": 2.0, ""BTAL"": 8.0, ""NVDA"": 25.4106}"
action_756,FAIL_ACTION,ADD_HEDGE,,REVIEW,,,,Y,LOW,85.0,1.0,growth_beta|korea_domestic_credit|korea_equity|krw_exposure|usdkrw_fx_korea|semiconductor_ai_cycle,growth_beta_offset|korea_domestic_credit|krw_weakness|low_beta|market_neutral|rate_shock_growth_duration|recession_liquidity_stress|semiconductor_ai_cycle|usd_hedge|usdkrw_fx_korea,N,N,N,C,formal_rebalance_hedge_gate,FAIL,base_action_status_fail_action|linked_formal_gate_blocked|linked_recommendation_not_formal|not_trim_and_hedge|stress_after_cost_not_improved,recession_liquidity_stress,침체·유동성 스트레스,recession_liquidity_stress,acute_global_stress_liquidity_crunch|slowdown_recession_deflation_risk,NVDA|005930.KS|035720.KS|035420.KS,NVDA,,261240.KS|BTAL,261240.KS,261240.KS + BTAL,REFERENCE_ONLY,FAIL_GATE,VALIDATION_THIN,validation_thin|bootstrap_not_robust|liquidity_below_formal|reference_only,"검증 표본 부족 - Keep review-only until the stress sample is thick enough.; 부트스트랩 신뢰도 부족 - Increase sample coverage or downgrade fragile candidates.; 유동성 기준 미달 - Refresh ADV evidence or exclude the candidate from formal recommendations.; 참고 후보 - Use as research context, not an execution recommendation.",1,0,0,1,linked_recommendation_evidence_after_backtest,,"Action formal gate failed: base_action_status_fail_action, linked_formal_gate_blocked, linked_recommendation_not_formal, not_trim_and_hedge, stress_after_cost_not_improved","{""alternatives"": [{""available"": true, ""cvar"": -0.032992383238153, ""estimated_cost_bps"": 0.0, ""mdd"": -0.47044308523375944, ""name"": ""current"", ""stress"": -0.004118717674390396, ""turnover_pct"": 0.0, ""why_not_chosen_ko"": ""baseline portfolio""}, {""available"": true, ""cvar_delta_after_cost"": 0.00439224, ""estimated_cost_bps"": 25.0, ""mdd_delta_after_cost"": 0.06198399, ""name"": ""trim_hedge"", ""stress_delta_after_cost"": -0.00028351, ""turnover_pct"": 19.9999, ""why_not_chosen_ko"": """"}, {""available"": true, ""cvar_delta_after_cost"": 0.0032992, ""estimated_cost_bps"": 25.0, ""mdd_delta_after_cost"": 0.03803853, ""name"": ""trim_cash"", ""stress_delta_after_cost"": 0.00041187, ""turnover_pct"": 19.9999, ""why_not_chosen_ko"": ""cash baseline was compared against the trim+hedge action""}, {""available"": true, ""cvar_delta_after_cost"": 0.0, ""estimated_cost_bps"": 0.0, ""mdd_delta_after_cost"": 0.0, ""name"": ""hold"", ""stress_delta_after_cost"": 0.0, ""turnover_pct"": 0.0, ""why_not_chosen_ko"": ""does not reduce the active scenario vulnerability""}]}",4,0.00439224,0.06198399,-0.00028351,25.0,0.0005,ASSUMED_LIQUID_UNIVERSE,Y,Y,Y,Y,BEATS_CASH,ROBUST_IMPROVE,ACTION_BOOTSTRAP_PASS,Y,"{""concentration_cap_pct"": 50.0, ""max_candidate_weight_pct"": 20.0, ""max_turnover_pct"": 20.0, ""min_existing_kept_pct"": 80.0, ""profile_source"": ""system_default""}",,0.19094216,0.15984663,-0.03109553,16.2853,100.0,100.0,100.0,28.233959,25.4106,28.233959,25.4106,0.0,2.0,-0.032992383238153,-0.028600143328368487,0.00439224,-0.47044308523375944,-0.40845909828222815,0.06198399,0.4126860163103684,0.4277756990675416,0.01508968,-0.004118717674390396,-0.004402230743219046,-0.00028351,1.060022778983874,1.4172554116558853,0.35723263,computed_from_action_before_after_weights,,19.9999,90.0001,5.0,PASS,stress worsened,"침체·유동성 스트레스 취약성을 만든 NVDA, 005930.KS, 035720.KS에 대해 261240.KS, BTAL로 추가 헷지를 적용하면 sleeve 취약도 변화가 -0.0311입니다. 정식 추천 기준은 미달해 검토 후보입니다.",기준 미통과: stress worsened,"261240.KS + BTAL 조정은 침체·유동성 스트레스 취약성은 일부 낮춰도 핵심 리스크 지표가 악화되어 실행 기준 미통과입니다. (CVaR 개선, MDD 개선, stress 악화)",취약성 0.0311 감소; CVaR 0.44%p 개선; MDD 6.20%p 개선; stress 0.03%p 악화; Sharpe 0.36 개선,stress worsened,False,False,,기준 미통과: stress worsened,"{""005930.KS"": 39.879813, ""035420.KS"": 17.841838, ""035720.KS"": 14.04439, ""NVDA"": 28.233959}","{""005930.KS"": 35.8918, ""035420.KS"": 16.0577, ""035720.KS"": 12.64, ""261240.KS"": 2.0, ""BTAL"": 8.0, ""NVDA"": 25.4106}"
action_778,FAIL_ACTION,ADD_HEDGE,,REVIEW,,,,Y,LOW,85.0,1.0,growth_beta|korea_domestic_credit|korea_equity|krw_exposure|usdkrw_fx_korea|semiconductor_ai_cycle,cash_like|growth_beta_offset|korea_domestic_credit|kr_short_bond|low_beta|market_neutral|rate_shock_growth_duration|recession_liquidity_stress|semiconductor_ai_cycle|usdkrw_fx_korea,N,Y,N,C,formal_rebalance_hedge_gate,FAIL,base_action_status_fail_action|linked_formal_gate_blocked|linked_recommendation_not_formal|not_trim_and_hedge|stress_after_cost_not_improved,recession_liquidity_stress,침체·유동성 스트레스,recession_liquidity_stress,acute_global_stress_liquidity_crunch|slowdown_recession_deflation_risk,NVDA|005930.KS|035720.KS|035420.KS,NVDA,,BTAL|153130.KS,BTAL,BTAL + 153130.KS,FAIL_GATE,FAIL_GATE,VALIDATION_NOT_ELIGIBLE,fail_gate|validation_not_eligible|liquidity_below_formal,하드 게이트 실패 - Do not promote until the failing gate is resolved.; validation not eligible - Keep blocked or rebuild the candidate with valid backtest inputs.; 유동성 기준 미달 - Refresh ADV evidence or exclude the candidate from formal recommendations.,0,0,0,0,linked_recommendation_evidence_after_backtest,,"Action formal gate failed: base_action_status_fail_action, linked_formal_gate_blocked, linked_recommendation_not_formal, not_trim_and_hedge, stress_after_cost_not_improved","{""alternatives"": [{""available"": true, ""cvar"": -0.032992383238153, ""estimated_cost_bps"": 0.0, ""mdd"": -0.47044308523375944, ""name"": ""current"", ""stress"": -0.004118717674390396, ""turnover_pct"": 0.0, ""why_not_chosen_ko"": ""baseline portfolio""}, {""available"": true, ""cvar_delta_after_cost"": 0.00604108, ""estimated_cost_bps"": 25.0, ""mdd_delta_after_cost"": 0.0595544, ""name"": ""trim_hedge"", ""stress_delta_after_cost"": -0.00093065, ""turnover_pct"": 19.9999, ""why_not_chosen_ko"": """"}, {""available"": true, ""cvar_delta_after_cost"": 0.0032992, ""estimated_cost_bps"": 25.0, ""mdd_delta_after_cost"": 0.03803853, ""name"": ""trim_cash"", ""stress_delta_after_cost"": 0.00041187, ""turnover_pct"": 19.9999, ""why_not_chosen_ko"": ""cash baseline was compared against the trim+hedge action""}, {""available"": true, ""cvar_delta_after_cost"": 0.0, ""estimated_cost_bps"": 0.0, ""mdd_delta_after_cost"": 0.0, ""name"": ""hold"", ""stress_delta_after_cost"": 0.0, ""turnover_pct"": 0.0, ""why_not_chosen_ko"": ""does not reduce the active scenario vulnerability""}]}",4,0.00604108,0.0595544,-0.00093065,25.0,0.0005,ASSUMED_LIQUID_UNIVERSE,Y,Y,Y,Y,BEATS_CASH,ROBUST_IMPROVE,ACTION_BOOTSTRAP_PASS,Y,"{""concentration_cap_pct"": 50.0, ""max_candidate_weight_pct"": 20.0, ""max_turnover_pct"": 20.0, ""min_existing_kept_pct"": 80.0, ""profile_source"": ""system_default""}",,0.19094216,0.16007092,-0.03087124,16.1679,100.0,100.0,100.0,28.233959,25.4106,28.233959,25.4106,0.0,8.0,-0.032992383238153,-0.026951305335513934,0.00604108,-0.47044308523375944,-0.4108886850339212,0.0595544,0.4126860163103684,0.40186529968788953,-0.01082072,-0.004118717674390396,-0.005049367298593892,-0.00093065,1.060022778983874,1.3202405278760079,0.26021775,computed_from_action_before_after_weights,,19.9999,90.0001,5.0,PASS,stress worsened,"침체·유동성 스트레스 취약성을 만든 NVDA, 005930.KS, 035720.KS에 대해 BTAL, 153130.KS로 추가 헷지를 적용하면 sleeve 취약도 변화가 -0.0309입니다. 정식 추천 기준은 미달해 검토 후보입니다.",기준 미통과: stress worsened,"BTAL + 153130.KS 조정은 침체·유동성 스트레스 취약성은 일부 낮춰도 핵심 리스크 지표가 악화되어 실행 기준 미통과입니다. (CVaR 개선, MDD 개선, stress 악화)",취약성 0.0309 감소; CVaR 0.60%p 개선; MDD 5.96%p 개선; stress 0.09%p 악화; Sharpe 0.26 개선,stress worsened,False,False,,기준 미통과: stress worsened,"{""005930.KS"": 39.879813, ""035420.KS"": 17.841838, ""035720.KS"": 14.04439, ""NVDA"": 28.233959}","{""005930.KS"": 35.8918, ""035420.KS"": 16.0577, ""035720.KS"": 12.64, ""153130.KS"": 2.0, ""BTAL"": 8.0, ""NVDA"": 25.4106}"
action_774,FAIL_ACTION,ADD_HEDGE,,REVIEW,,,,Y,LOW,85.0,1.0,growth_beta|korea_domestic_credit|korea_equity|krw_exposure|usdkrw_fx_korea|semiconductor_ai_cycle,fx_hedge|growth_beta_offset|low_beta|market_neutral|rate_shock_growth_duration|recession_liquidity_stress|semiconductor_ai_cycle|usdkrw_fx_korea|yen,N,N,N,C,formal_rebalance_hedge_gate,FAIL,base_action_status_fail_action|linked_formal_gate_blocked|linked_recommendation_not_formal|not_trim_and_hedge|stress_after_cost_not_improved,recession_liquidity_stress,침체·유동성 스트레스,recession_liquidity_stress,acute_global_stress_liquidity_crunch|slowdown_recession_deflation_risk,NVDA|005930.KS|035720.KS|035420.KS,NVDA,,FXY|BTAL,FXY,FXY + BTAL,FAIL_GATE,FAIL_GATE,VALIDATION_NOT_ELIGIBLE,fail_gate|validation_not_eligible|liquidity_below_formal,하드 게이트 실패 - Do not promote until the failing gate is resolved.; validation not eligible - Keep blocked or rebuild the candidate with valid backtest inputs.; 유동성 기준 미달 - Refresh ADV evidence or exclude the candidate from formal recommendations.,0,0,0,0,linked_recommendation_evidence_after_backtest,,"Action formal gate failed: base_action_status_fail_action, linked_formal_gate_blocked, linked_recommendation_not_formal, not_trim_and_hedge, stress_after_cost_not_improved","{""alternatives"": [{""available"": true, ""cvar"": -0.032992383238153, ""estimated_cost_bps"": 0.0, ""mdd"": -0.47044308523375944, ""name"": ""current"", ""stress"": -0.004118717674390396, ""turnover_pct"": 0.0, ""why_not_chosen_ko"": ""baseline portfolio""}, {""available"": true, ""cvar_delta_after_cost"": 0.00614475, ""estimated_cost_bps"": 25.0, ""mdd_delta_after_cost"": 0.05511229, ""name"": ""trim_hedge"", ""stress_delta_after_cost"": -0.00081439, ""turnover_pct"": 19.9999, ""why_not_chosen_ko"": """"}, {""available"": true, ""cvar_delta_after_cost"": 0.0032992, ""estimated_cost_bps"": 25.0, ""mdd_delta_after_cost"": 0.03803853, ""name"": ""trim_cash"", ""stress_delta_after_cost"": 0.00041187, ""turnover_pct"": 19.9999, ""why_not_chosen_ko"": ""cash baseline was compared against the trim+hedge action""}, {""available"": true, ""cvar_delta_after_cost"": 0.0, ""estimated_cost_bps"": 0.0, ""mdd_delta_after_cost"": 0.0, ""name"": ""hold"", ""stress_delta_after_cost"": 0.0, ""turnover_pct"": 0.0, ""why_not_chosen_ko"": ""does not reduce the active scenario vulnerability""}]}",4,0.00614475,0.05511229,-0.00081439,25.0,0.0005,ASSUMED_LIQUID_UNIVERSE,Y,Y,Y,Y,BEATS_CASH,ROBUST_IMPROVE,UNCERTAIN,Y,"{""concentration_cap_pct"": 50.0, ""max_candidate_weight_pct"": 20.0, ""max_turnover_pct"": 20.0, ""min_existing_kept_pct"": 80.0, ""profile_source"": ""system_default""}",,0.19094216,0.16059847,-0.03034369,15.8916,100.0,100.0,100.0,28.233959,25.4106,28.233959,25.4106,0.0,2.0,-0.032992383238153,-0.026847630388077727,0.00614475,-0.47044308523375944,-0.4153307925830969,0.05511229,0.4126860163103684,0.3975440806427174,-0.01514194,-0.004118717674390396,-0.004933107968247099,-0.00081439,1.060022778983874,1.3599080672681585,0.29988529,computed_from_action_before_after_weights,,19.9999,90.0001,5.0,PASS,stress worsened,"침체·유동성 스트레스 취약성을 만든 NVDA, 005930.KS, 035720.KS에 대해 FXY, BTAL로 추가 헷지를 적용하면 sleeve 취약도 변화가 -0.0303입니다. 정식 추천 기준은 미달해 검토 후보입니다.",기준 미통과: stress worsened,"FXY + BTAL 조정은 침체·유동성 스트레스 취약성은 일부 낮춰도 핵심 리스크 지표가 악화되어 실행 기준 미통과입니다. (CVaR 개선, MDD 개선, stress 악화)",취약성 0.0303 감소; CVaR 0.61%p 개선; MDD 5.51%p 개선; stress 0.08%p 악화; Sharpe 0.30 개선,stress worsened,False,False,,기준 미통과: stress worsened,"{""005930.KS"": 39.879813, ""035420.KS"": 17.841838, ""035720.KS"": 14.04439, ""NVDA"": 28.233959}","{""005930.KS"": 35.8918, ""035420.KS"": 16.0577, ""035720.KS"": 12.64, ""BTAL"": 8.0, ""FXY"": 2.0, ""NVDA"": 25.4106}"
action_776,FAIL_ACTION,ADD_HEDGE,,REVIEW,,,,Y,LOW,85.0,1.0,growth_beta|korea_domestic_credit|korea_equity|krw_exposure|usdkrw_fx_korea|semiconductor_ai_cycle,fx_hedge|growth_beta_offset|low_beta|market_neutral|rate_shock_growth_duration|recession_liquidity_stress|semiconductor_ai_cycle|swiss_franc|usdkrw_fx_korea,N,N,N,C,formal_rebalance_hedge_gate,FAIL,base_action_status_fail_action|linked_formal_gate_blocked|linked_recommendation_not_formal|not_trim_and_hedge|stress_after_cost_not_improved,recession_liquidity_stress,침체·유동성 스트레스,recession_liquidity_stress,acute_global_stress_liquidity_crunch|slowdown_recession_deflation_risk,NVDA|005930.KS|035720.KS|035420.KS,NVDA,,BTAL|FXF,BTAL,BTAL + FXF,REFERENCE_ONLY,FAIL_GATE,VALIDATION_INSUFFICIENT,validation_insufficient|liquidity_below_formal|return_drag_reference|reference_only,"검증 이력 부족 - Add enough target stress validation history before formal promotion.; 유동성 기준 미달 - Refresh ADV evidence or exclude the candidate from formal recommendations.; 수익률 훼손 검토 필요 - Confirm risk reduction compensates for return drag before promotion.; 참고 후보 - Use as research context, not an execution recommendation.",0,0,0,0,linked_recommendation_evidence_after_backtest,,"Action formal gate failed: base_action_status_fail_action, linked_formal_gate_blocked, linked_recommendation_not_formal, not_trim_and_hedge, stress_after_cost_not_improved","{""alternatives"": [{""available"": true, ""cvar"": -0.032992383238153, ""estimated_cost_bps"": 0.0, ""mdd"": -0.47044308523375944, ""name"": ""current"", ""stress"": -0.004118717674390396, ""turnover_pct"": 0.0, ""why_not_chosen_ko"": ""baseline portfolio""}, {""available"": true, ""cvar_delta_after_cost"": 0.00609597, ""estimated_cost_bps"": 25.0, ""mdd_delta_after_cost"": 0.05716343, ""name"": ""trim_hedge"", ""stress_delta_after_cost"": -0.00082417, ""turnover_pct"": 19.9999, ""why_not_chosen_ko"": """"}, {""available"": true, ""cvar_delta_after_cost"": 0.0032992, ""estimated_cost_bps"": 25.0, ""mdd_delta_after_cost"": 0.03803853, ""name"": ""trim_cash"", ""stress_delta_after_cost"": 0.00041187, ""turnover_pct"": 19.9999, ""why_not_chosen_ko"": ""cash baseline was compared against the trim+hedge action""}, {""available"": true, ""cvar_delta_after_cost"": 0.0, ""estimated_cost_bps"": 0.0, ""mdd_delta_after_cost"": 0.0, ""name"": ""hold"", ""stress_delta_after_cost"": 0.0, ""turnover_pct"": 0.0, ""why_not_chosen_ko"": ""does not reduce the active scenario vulnerability""}]}",4,0.00609597,0.05716343,-0.00082417,25.0,0.0005,ASSUMED_LIQUID_UNIVERSE,Y,Y,Y,Y,BEATS_CASH,ROBUST_IMPROVE,UNCERTAIN,Y,"{""concentration_cap_pct"": 50.0, ""max_candidate_weight_pct"": 20.0, ""max_turnover_pct"": 20.0, ""min_existing_kept_pct"": 80.0, ""profile_source"": ""system_default""}",,0.19094216,0.16164143,-0.02930073,15.3453,100.0,100.0,100.0,28.233959,25.4106,28.233959,25.4106,0.0,8.0,-0.032992383238153,-0.026896418154771395,0.00609597,-0.47044308523375944,-0.41327965113296716,0.05716343,0.4126860163103684,0.399438205589767,-0.01324781,-0.004118717674390396,-0.004942891295452469,-0.00082417,1.060022778983874,1.3649382612946797,0.30491548,computed_from_action_before_after_weights,,19.9999,90.0001,5.0,PASS,stress worsened,"침체·유동성 스트레스 취약성을 만든 NVDA, 005930.KS, 035720.KS에 대해 BTAL, FXF로 추가 헷지를 적용하면 sleeve 취약도 변화가 -0.0293입니다. 정식 추천 기준은 미달해 검토 후보입니다.",기준 미통과: stress worsened,"BTAL + FXF 조정은 침체·유동성 스트레스 취약성은 일부 낮춰도 핵심 리스크 지표가 악화되어 실행 기준 미통과입니다. (CVaR 개선, MDD 개선, stress 악화)",취약성 0.0293 감소; CVaR 0.61%p 개선; MDD 5.72%p 개선; stress 0.08%p 악화; Sharpe 0.30 개선,stress worsened,False,False,,기준 미통과: stress worsened,"{""005930.KS"": 39.879813, ""035420.KS"": 17.841838, ""035720.KS"": 14.04439, ""NVDA"": 28.233959}","{""005930.KS"": 35.8918, ""035420.KS"": 16.0577, ""035720.KS"": 12.64, ""BTAL"": 8.0, ""FXF"": 2.0, ""NVDA"": 25.4106}"
action_772,FAIL_ACTION,ADD_HEDGE,,REVIEW,,,,Y,LOW,85.0,1.0,growth_beta|korea_domestic_credit|korea_equity|krw_exposure|usdkrw_fx_korea|semiconductor_ai_cycle,euro|fx_hedge|growth_beta_offset|low_beta|market_neutral|rate_shock_growth_duration|recession_liquidity_stress|semiconductor_ai_cycle|usdkrw_fx_korea,N,N,N,C,formal_rebalance_hedge_gate,FAIL,base_action_status_fail_action|linked_formal_gate_blocked|linked_recommendation_not_formal|not_trim_and_hedge|stress_after_cost_not_improved,recession_liquidity_stress,침체·유동성 스트레스,recession_liquidity_stress,acute_global_stress_liquidity_crunch|slowdown_recession_deflation_risk,NVDA|005930.KS|035720.KS|035420.KS,NVDA,,BTAL|FXE,BTAL,BTAL + FXE,FAIL_GATE,FAIL_GATE,VALIDATION_NOT_ELIGIBLE,fail_gate|validation_not_eligible|liquidity_below_formal,하드 게이트 실패 - Do not promote until the failing gate is resolved.; validation not eligible - Keep blocked or rebuild the candidate with valid backtest inputs.; 유동성 기준 미달 - Refresh ADV evidence or exclude the candidate from formal recommendations.,0,0,0,0,linked_recommendation_evidence_after_backtest,,"Action formal gate failed: base_action_status_fail_action, linked_formal_gate_blocked, linked_recommendation_not_formal, not_trim_and_hedge, stress_after_cost_not_improved","{""alternatives"": [{""available"": true, ""cvar"": -0.032992383238153, ""estimated_cost_bps"": 0.0, ""mdd"": -0.47044308523375944, ""name"": ""current"", ""stress"": -0.004118717674390396, ""turnover_pct"": 0.0, ""why_not_chosen_ko"": ""baseline portfolio""}, {""available"": true, ""cvar_delta_after_cost"": 0.00608984, ""estimated_cost_bps"": 25.0, ""mdd_delta_after_cost"": 0.05599686, ""name"": ""trim_hedge"", ""stress_delta_after_cost"": -0.00081874, ""turnover_pct"": 19.9999, ""why_not_chosen_ko"": """"}, {""available"": true, ""cvar_delta_after_cost"": 0.0032992, ""estimated_cost_bps"": 25.0, ""mdd_delta_after_cost"": 0.03803853, ""name"": ""trim_cash"", ""stress_delta_after_cost"": 0.00041187, ""turnover_pct"": 19.9999, ""why_not_chosen_ko"": ""cash baseline was compared against the trim+hedge action""}, {""available"": true, ""cvar_delta_after_cost"": 0.0, ""estimated_cost_bps"": 0.0, ""mdd_delta_after_cost"": 0.0, ""name"": ""hold"", ""stress_delta_after_cost"": 0.0, ""turnover_pct"": 0.0, ""why_not_chosen_ko"": ""does not reduce the active scenario vulnerability""}]}",4,0.00608984,0.05599686,-0.00081874,25.0,0.0005,ASSUMED_LIQUID_UNIVERSE,Y,Y,Y,Y,BEATS_CASH,ROBUST_IMPROVE,UNCERTAIN,Y,"{""concentration_cap_pct"": 50.0, ""max_candidate_weight_pct"": 20.0, ""max_turnover_pct"": 20.0, ""min_existing_kept_pct"": 80.0, ""profile_source"": ""system_default""}",,0.19094216,0.16187541,-0.02906675,15.2228,100.0,100.0,100.0,28.233959,25.4106,28.233959,25.4106,0.0,8.0,-0.032992383238153,-0.026902545522012624,0.00608984,-0.47044308523375944,-0.4144462208155044,0.05599686,0.4126860163103684,0.40040277649491796,-0.01228324,-0.004118717674390396,-0.00493745277447939,-0.00081874,1.060022778983874,1.3623527371568382,0.30232996,computed_from_action_before_after_weights,,19.9999,90.0001,5.0,PASS,stress worsened,"침체·유동성 스트레스 취약성을 만든 NVDA, 005930.KS, 035720.KS에 대해 BTAL, FXE로 추가 헷지를 적용하면 sleeve 취약도 변화가 -0.0291입니다. 정식 추천 기준은 미달해 검토 후보입니다.",기준 미통과: stress worsened,"BTAL + FXE 조정은 침체·유동성 스트레스 취약성은 일부 낮춰도 핵심 리스크 지표가 악화되어 실행 기준 미통과입니다. (CVaR 개선, MDD 개선, stress 악화)",취약성 0.0291 감소; CVaR 0.61%p 개선; MDD 5.60%p 개선; stress 0.08%p 악화; Sharpe 0.30 개선,stress worsened,False,False,,기준 미통과: stress worsened,"{""005930.KS"": 39.879813, ""035420.KS"": 17.841838, ""035720.KS"": 14.04439, ""NVDA"": 28.233959}","{""005930.KS"": 35.8918, ""035420.KS"": 16.0577, ""035720.KS"": 12.64, ""BTAL"": 8.0, ""FXE"": 2.0, ""NVDA"": 25.4106}"
action_662,REVIEW_ACTION,ADD_HEDGE,REVIEW_REQUIRED,REVIEW,B,B. 조건부 처방,"핵심 취약점 보완 효과는 있으나 검증 샘플, 비용, 유동성, cash baseline 중 일부 확인이 필요합니다.",Y,LOW,100.0,1.0,growth_beta|korea_domestic_credit|korea_equity|krw_exposure|usdkrw_fx_korea|semiconductor_ai_cycle,defensive_equity|korea_domestic_credit|korea_equity|recession_liquidity_stress|usdkrw_fx_korea,N,N,N,C,formal_rebalance_hedge_gate,FAIL,cash_baseline_lag|cash_bootstrap_not_robust|linked_formal_gate_blocked|linked_recommendation_not_formal|not_trim_and_hedge,recession_liquidity_stress,침체·유동성 스트레스,recession_liquidity_stress,acute_global_stress_liquidity_crunch|slowdown_recession_deflation_risk,NVDA|005930.KS|035720.KS|035420.KS,NVDA,,017670.KS,017670.KS,017670.KS,REFERENCE_ONLY,REFERENCE_ONLY,VALIDATION_INSUFFICIENT,validation_insufficient|reference_only,"검증 이력 부족 - Add enough target stress validation history before formal promotion.; 참고 후보 - Use as research context, not an execution recommendation.",0,0,0,0,linked_recommendation_evidence_after_backtest,,"Action formal gate failed: cash_baseline_lag, cash_bootstrap_not_robust, linked_formal_gate_blocked, linked_recommendation_not_formal, not_trim_and_hedge","{""alternatives"": [{""available"": true, ""cvar"": -0.032992383238153, ""estimated_cost_bps"": 0.0, ""mdd"": -0.47044308523375944, ""name"": ""current"", ""stress"": -0.004118717674390396, ""turnover_pct"": 0.0, ""why_not_chosen_ko"": ""baseline portfolio""}, {""available"": true, ""cvar_delta_after_cost"": 0.00241044, ""estimated_cost_bps"": 25.0, ""mdd_delta_after_cost"": 0.02626943, ""name"": ""trim_hedge"", ""stress_delta_after_cost"": 0.00019624, ""turnover_pct"": 19.9999, ""why_not_chosen_ko"": """"}, {""available"": true, ""cvar_delta_after_cost"": 0.0032992, ""estimated_cost_bps"": 25.0, ""mdd_delta_after_cost"": 0.03803853, ""name"": ""trim_cash"", ""stress_delta_after_cost"": 0.00041187, ""turnover_pct"": 19.9999, ""why_not_chosen_ko"": ""cash baseline was compared against the trim+hedge action""}, {""available"": true, ""cvar_delta_after_cost"": 0.0, ""estimated_cost_bps"": 0.0, ""mdd_delta_after_cost"": 0.0, ""name"": ""hold"", ""stress_delta_after_cost"": 0.0, ""turnover_pct"": 0.0, ""why_not_chosen_ko"": ""does not reduce the active scenario vulnerability""}]}",4,0.00241044,0.02626943,0.00019624,25.0,0.0005,ASSUMED_LIQUID_UNIVERSE,Y,Y,Y,Y,LAGS_CASH,ACTION_BOOTSTRAP_PASS,ROBUST_WORSE,Y,"{""concentration_cap_pct"": 50.0, ""max_candidate_weight_pct"": 20.0, ""max_turnover_pct"": 20.0, ""min_existing_kept_pct"": 80.0, ""profile_source"": ""system_default""}",,0.19094216,0.1619109,-0.02903126,15.2042,100.0,100.0,100.0,28.233959,25.4106,28.233959,25.4106,0.0,10.0,-0.032992383238153,-0.03058194079948572,0.00241044,-0.47044308523375944,-0.4441736543279404,0.02626943,0.4126860163103684,0.3713791931966248,-0.04130682,-0.004118717674390396,-0.003922479154205335,0.00019624,1.060022778983874,1.0885085301797497,0.02848575,computed_from_action_before_after_weights,,19.9999,90.0001,5.0,PASS,,"침체·유동성 스트레스 취약성을 만든 NVDA, 005930.KS, 035720.KS에 대해 017670.KS로 추가 헷지를 적용하면 sleeve 취약도 변화가 -0.0290입니다. 정식 추천 기준은 미달해 검토 후보입니다.",Action formal gate did not pass. Blockers: cash_baseline_lag|cash_bootstrap_not_robust|linked_formal_gate_blocked|linked_recommendation_not_formal|not_trim_and_hedge. Linked recommendation status is evidence only: REFERENCE_ONLY.,"017670.KS 조정은 침체·유동성 스트레스 취약성을 낮추는 검토안이며 전후 지표는 CVaR 개선, MDD 개선, stress 개선으로 확인됩니다.",취약성 0.0290 감소; CVaR 0.24%p 개선; MDD 2.63%p 개선; stress 0.02%p 개선; Sharpe 0.03 개선,FORMAL_ACTION excluded by action-level gate: cash_baseline_lag|cash_bootstrap_not_robust|linked_formal_gate_blocked|linked_recommendation_not_formal|not_trim_and_hedge,False,True,"상위 sleeve 커버리지 이후 남은 후보 중 상태, 개선폭, turnover 기준으로 선택했습니다.",,"{""005930.KS"": 39.879813, ""035420.KS"": 17.841838, ""035720.KS"": 14.04439, ""NVDA"": 28.233959}","{""005930.KS"": 35.8918, ""017670.KS"": 10.0, ""035420.KS"": 16.0577, ""035720.KS"": 12.64, ""NVDA"": 25.4106}"
action_803,REVIEW_ACTION,TRIM_AND_HEDGE,,REVIEW,C,C. 검토 후보,방향성은 맞지만 공식 처방이라 부르기에는 근거 또는 제약 검증이 부족합니다.,Y,LOW,100.0,,,,,,,,formal_rebalance_hedge_gate,FAIL,linked_formal_gate_blocked|linked_recommendation_not_formal,recession_liquidity_stress,침체·유동성 스트레스,recession_liquidity_stress,acute_global_stress_liquidity_crunch|slowdown_recession_deflation_risk,NVDA,NVDA,,SH,SH,SH,REFERENCE_ONLY,FAIL_GATE,VALIDATION_INSUFFICIENT,validation_insufficient|return_drag_reference|reference_only,"검증 이력 부족 - Add enough target stress validation history before formal promotion.; 수익률 훼손 검토 필요 - Confirm risk reduction compensates for return drag before promotion.; 참고 후보 - Use as research context, not an execution recommendation.",0,0,0,0,linked_recommendation_evidence_after_backtest,,"Action formal gate failed: linked_formal_gate_blocked, linked_recommendation_not_formal","{""alternatives"": [{""available"": true, ""cvar"": -0.032992383238153, ""estimated_cost_bps"": 0.0, ""mdd"": -0.47044308523375944, ""name"": ""current"", ""stress"": -0.004118717674390396, ""turnover_pct"": 0.0, ""why_not_chosen_ko"": ""baseline portfolio""}, {""available"": true, ""cvar_delta_after_cost"": 0.00280097, ""estimated_cost_bps"": 25.0, ""mdd_delta_after_cost"": 0.03672278, ""name"": ""trim_hedge"", ""stress_delta_after_cost"": 0.00010474, ""turnover_pct"": 10.000001, ""why_not_chosen_ko"": """"}, {""available"": true, ""cvar_delta_after_cost"": 0.00207211, ""estimated_cost_bps"": 25.0, ""mdd_delta_after_cost"": 0.02525293, ""name"": ""trim_cash"", ""stress_delta_after_cost"": 3.253e-05, ""turnover_pct"": 10.000001, ""why_not_chosen_ko"": ""cash baseline was compared against the trim+hedge action""}, {""available"": true, ""cvar_delta_after_cost"": 0.0, ""estimated_cost_bps"": 0.0, ""mdd_delta_after_cost"": 0.0, ""name"": ""hold"", ""stress_delta_after_cost"": 0.0, ""turnover_pct"": 0.0, ""why_not_chosen_ko"": ""does not reduce the active scenario vulnerability""}]}",4,0.00280097,0.03672278,0.00010474,25.0,0.00025,ASSUMED_LIQUID_UNIVERSE,Y,Y,Y,Y,BEATS_CASH,ACTION_BOOTSTRAP_PASS,ACTION_BOOTSTRAP_PASS,Y,"{""concentration_cap_pct"": 50.0, ""max_candidate_weight_pct"": 20.0, ""max_turnover_pct"": 20.0, ""min_existing_kept_pct"": 80.0, ""profile_source"": ""system_default""}",,0.19094216,0.16435454,-0.02658762,13.9244,54.8388,54.8388,54.8388,28.233959,23.233959,28.233959,23.233959,0.0,5.0,-0.032992383238153,-0.030191411289503114,0.00280097,-0.47044308523375944,-0.4337203082341009,0.03672278,0.4126860163103684,0.3151929504133089,-0.09749307,-0.004118717674390396,-0.004013980229381345,0.00010474,1.060022778983874,1.0243597626978866,-0.03566302,computed_from_action_before_after_weights,,10.000001,95.0,5.0,PASS,,침체·유동성 스트레스 취약성을 만든 NVDA에 대해 SH로 원인 보유자산 일부 축소 후 헷지를 적용하면 sleeve 취약도 변화가 -0.0266입니다. 정식 추천 기준은 미달해 검토 후보입니다.,Action formal gate did not pass. Blockers: linked_formal_gate_blocked|linked_recommendation_not_formal. Linked recommendation status is evidence only: REFERENCE_ONLY.,"SH 조정은 침체·유동성 스트레스 취약성을 낮추는 검토안이며 전후 지표는 CVaR 개선, MDD 개선, stress 개선으로 확인됩니다.",취약성 0.0266 감소; CVaR 0.28%p 개선; MDD 3.67%p 개선; stress 0.01%p 개선; Sharpe 0.04 악화,FORMAL_ACTION excluded by action-level gate: linked_formal_gate_blocked|linked_recommendation_not_formal,False,True,취약성 기여가 큰 보유자산이 확인되어 단순 추가 헷지보다 TRIM_AND_HEDGE가 우선입니다.,,"{""005930.KS"": 39.879813, ""035420.KS"": 17.841838, ""035720.KS"": 14.04439, ""NVDA"": 28.233959}","{""005930.KS"": 39.879813, ""035420.KS"": 17.841838, ""035720.KS"": 14.04439, ""NVDA"": 23.233959, ""SH"": 5.0}"
action_805,REVIEW_ACTION,TRIM_AND_HEDGE,,REVIEW,C,C. 검토 후보,방향성은 맞지만 공식 처방이라 부르기에는 근거 또는 제약 검증이 부족합니다.,Y,LOW,100.0,,,,,,,,formal_rebalance_hedge_gate,FAIL,linked_formal_gate_blocked|linked_recommendation_not_formal,recession_liquidity_stress,침체·유동성 스트레스,recession_liquidity_stress,acute_global_stress_liquidity_crunch|slowdown_recession_deflation_risk,NVDA,NVDA,,PSQ,PSQ,PSQ,REFERENCE_ONLY,FAIL_GATE,VALIDATION_INSUFFICIENT,validation_insufficient|return_drag_reference|reference_only,"검증 이력 부족 - Add enough target stress validation history before formal promotion.; 수익률 훼손 검토 필요 - Confirm risk reduction compensates for return drag before promotion.; 참고 후보 - Use as research context, not an execution recommendation.",0,0,0,0,linked_recommendation_evidence_after_backtest,,"Action formal gate failed: linked_formal_gate_blocked, linked_recommendation_not_formal","{""alternatives"": [{""available"": true, ""cvar"": -0.032992383238153, ""estimated_cost_bps"": 0.0, ""mdd"": -0.47044308523375944, ""name"": ""current"", ""stress"": -0.004118717674390396, ""turnover_pct"": 0.0, ""why_not_chosen_ko"": ""baseline portfolio""}, {""available"": true, ""cvar_delta_after_cost"": 0.00289346, ""estimated_cost_bps"": 25.0, ""mdd_delta_after_cost"": 0.04110387, ""name"": ""trim_hedge"", ""stress_delta_after_cost"": 9.561e-05, ""turnover_pct"": 10.000001, ""why_not_chosen_ko"": """"}, {""available"": true, ""cvar_delta_after_cost"": 0.00207211, ""estimated_cost_bps"": 25.0, ""mdd_delta_after_cost"": 0.02525293, ""name"": ""trim_cash"", ""stress_delta_after_cost"": 3.253e-05, ""turnover_pct"": 10.000001, ""why_not_chosen_ko"": ""cash baseline was compared against the trim+hedge action""}, {""available"": true, ""cvar_delta_after_cost"": 0.0, ""estimated_cost_bps"": 0.0, ""mdd_delta_after_cost"": 0.0, ""name"": ""hold"", ""stress_delta_after_cost"": 0.0, ""turnover_pct"": 0.0, ""why_not_chosen_ko"": ""does not reduce the active scenario vulnerability""}]}",4,0.00289346,0.04110387,9.561e-05,25.0,0.00025,ASSUMED_LIQUID_UNIVERSE,Y,Y,Y,Y,BEATS_CASH,ACTION_BOOTSTRAP_PASS,ACTION_BOOTSTRAP_PASS,Y,"{""concentration_cap_pct"": 50.0, ""max_candidate_weight_pct"": 20.0, ""max_turnover_pct"": 20.0, ""min_existing_kept_pct"": 80.0, ""profile_source"": ""system_default""}",,0.19094216,0.1644947,-0.02644746,13.851,54.8388,54.8388,54.8388,28.233959,23.233959,28.233959,23.233959,0.0,5.0,-0.032992383238153,-0.030098921354313364,0.00289346,-0.47044308523375944,-0.42933921198260483,0.04110387,0.4126860163103684,0.3134659996786202,-0.09922002,-0.004118717674390396,-0.0040231084190088156,9.561e-05,1.060022778983874,1.014337969382678,-0.04568481,computed_from_action_before_after_weights,,10.000001,95.0,5.0,PASS,,침체·유동성 스트레스 취약성을 만든 NVDA에 대해 PSQ로 원인 보유자산 일부 축소 후 헷지를 적용하면 sleeve 취약도 변화가 -0.0264입니다. 정식 추천 기준은 미달해 검토 후보입니다.,Action formal gate did not pass. Blockers: linked_formal_gate_blocked|linked_recommendation_not_formal. Linked recommendation status is evidence only: REFERENCE_ONLY.,"PSQ 조정은 침체·유동성 스트레스 취약성을 낮추는 검토안이며 전후 지표는 CVaR 개선, MDD 개선, stress 개선으로 확인됩니다.",취약성 0.0264 감소; CVaR 0.29%p 개선; MDD 4.11%p 개선; stress 0.01%p 개선; Sharpe 0.05 악화,FORMAL_ACTION excluded by action-level gate: linked_formal_gate_blocked|linked_recommendation_not_formal,False,False,,같은 risk sleeve에서 더 적합한 액션이 선택되어 후보 감사 목록에만 남겼습니다.,"{""005930.KS"": 39.879813, ""035420.KS"": 17.841838, ""035720.KS"": 14.04439, ""NVDA"": 28.233959}","{""005930.KS"": 39.879813, ""035420.KS"": 17.841838, ""035720.KS"": 14.04439, ""NVDA"": 23.233959, ""PSQ"": 5.0}"
