action_id,action_status,action_type,formal_action_type,action_family,recommendation_grade,recommendation_grade_label_ko,recommendation_grade_reason_ko,direct_vulnerability_prescription,basis_risk_level,prescription_score,raw_linked_final_score,action_quality_score,score_driver_source,linked_final_score,user_display_score,score_band,score_method_version,input_aware_score,direct_vulnerability_match_score,portfolio_vulnerability_tags,candidate_vulnerability_tags,generic_safe_asset_flag,cash_like_flag,benchmark_role_default,max_grade_without_direct_match,formal_gate_name,formal_gate_status,formal_gate_blockers,risk_sleeve,risk_sleeve_label_ko,scenario,risk_scenario_codes,source_tickers,source_asset,offset_tickers,candidate_tickers,hedge_asset,candidate_label,linked_recommendation_status,pre_backtest_linked_recommendation_status,linked_backtest_gate_status,linked_formal_gate_blockers,linked_formal_gate_blocker_summary,linked_target_evaluated_count,linked_target_lags_cash_count,linked_target_bootstrap_robust_count,linked_target_cash_bootstrap_robust_count,formal_gate_source,why_formal_ko,why_review_only_ko,alternatives_compared_json,alternatives_compared_count,expected_cvar_delta_after_cost,expected_mdd_delta_after_cost,expected_stress_delta_after_cost,estimated_cost_bps,implementation_cost_estimate,liquidity_status,liquidity_pass,concentration_pass,source_trim_pass,risk_sleeve_offset_pass,cash_baseline_verdict,bootstrap_verdict,cash_bootstrap_verdict,tax_unknown_warning,profile_constraint_snapshot,scenario_weight,before_sleeve_vulnerability,after_sleeve_vulnerability,vulnerability_delta,vulnerability_improve_pct,source_contribution_pct,contribution_pct,contribution_pct_of_sleeve,current_weight,proposed_weight,source_current_weight_pct,source_proposed_weight_pct,hedge_current_weight_pct,hedge_proposed_weight_pct,base_cvar_95,proposed_cvar_95,cvar_delta,base_mdd,proposed_mdd,mdd_delta,base_beta_sp500_krw,proposed_beta_sp500_krw,beta_delta,base_stress_avg_ret_krw,proposed_stress_avg_ret_krw,stress_delta,base_sharpe_krw_proxy,proposed_sharpe_krw_proxy,sharpe_delta,metric_source,metric_coverage_reason,turnover_pct,existing_portfolio_kept_pct,max_single_trim_pct,constraint_status,constraint_reasons,action_reason_ko,status_reason_ko,plain_korean_reason,expected_effect,rejected_reason_ko,can_execute_action,selected_in_action_plan,selection_reason_ko,not_selected_reason_ko,before_weights_json,after_weights_json
action_031,REVIEW_ACTION,ADD_HEDGE,,REVIEW,B,B. 조건부 처방,"핵심 취약점 보완 효과는 있으나 검증 샘플, 비용, 유동성, cash baseline 중 일부 확인이 필요합니다.",Y,MEDIUM,100.0,0.2,0.510111,linked_final_score,0.2,74,B:70-89,grade_banded_final_score_v1,0.1096689393327201,,,,,,,,formal_rebalance_hedge_gate,FAIL,cash_baseline_lag|linked_formal_gate_blocked|linked_recommendation_not_formal|not_trim_and_hedge,geopolitical_supply_chain,지정학·공급망 충격,geopolitical_supply_chain,china_trade_fragmentation_shock|geopolitical_escalation_supply_shock,005930.KS|NVDA|035420.KS|035720.KS,005930.KS,,GLD,GLD,GLD,FAIL_GATE,FAIL_GATE,VALIDATION_NOT_ELIGIBLE,fail_gate|validation_not_eligible|liquidity_below_formal,하드 게이트 실패 - Do not promote until the failing gate is resolved.; validation not eligible - Keep blocked or rebuild the candidate with valid backtest inputs.; 유동성 기준 미달 - Refresh ADV evidence or exclude the candidate from formal recommendations.,0,0,0,0,linked_recommendation_evidence_after_backtest,,"Action formal gate failed: cash_baseline_lag, linked_formal_gate_blocked, linked_recommendation_not_formal, not_trim_and_hedge","{""alternatives"": [{""available"": true, ""cvar"": -0.03285017511171164, ""estimated_cost_bps"": 0.0, ""mdd"": -0.46850959194183084, ""name"": ""current"", ""stress"": -0.0041445541192071614, ""turnover_pct"": 0.0, ""why_not_chosen_ko"": ""baseline portfolio""}, {""available"": true, ""cvar_delta_after_cost"": 0.00287657, ""estimated_cost_bps"": 25.0, ""mdd_delta_after_cost"": 0.03735932, ""name"": ""trim_hedge"", ""stress_delta_after_cost"": 0.00033347, ""turnover_pct"": 18.592526, ""why_not_chosen_ko"": """"}, {""available"": true, ""cvar_delta_after_cost"": 0.00305384, ""estimated_cost_bps"": 25.0, ""mdd_delta_after_cost"": 0.03348248, ""name"": ""trim_cash"", ""stress_delta_after_cost"": 0.00038529, ""turnover_pct"": 18.592526, ""why_not_chosen_ko"": ""cash baseline was compared against the trim+hedge action""}, {""available"": true, ""cvar_delta_after_cost"": 0.0, ""estimated_cost_bps"": 0.0, ""mdd_delta_after_cost"": 0.0, ""name"": ""hold"", ""stress_delta_after_cost"": 0.0, ""turnover_pct"": 0.0, ""why_not_chosen_ko"": ""does not reduce the active scenario vulnerability""}]}",4,0.00287657,0.03735932,0.00033347,25.0,0.00046481,ASSUMED_LIQUID_UNIVERSE,Y,Y,Y,Y,LAGS_CASH,ACTION_BOOTSTRAP_PASS,UNCERTAIN,Y,"{""concentration_cap_pct"": 50.0, ""max_candidate_weight_pct"": 20.0, ""max_turnover_pct"": 20.0, ""min_existing_kept_pct"": 80.0, ""profile_source"": ""system_default""}",,0.68085827,0.59100201,-0.08985626,13.1975,100.0,100.0,100.0,39.83559,36.132369,39.83559,36.132369,0.0,9.296263,-0.03285017511171164,-0.029973602862561788,0.00287657,-0.46850959194183084,-0.4311502739769132,0.03735932,0.38676029548259583,0.37550102505446603,-0.01125927,-0.0041445541192071614,-0.00381108494328595,0.00033347,1.044823969603441,1.1052337704873256,0.0604098,computed_from_action_before_after_weights,,18.592526,90.703737,5.0,PASS,,"지정학·공급망 충격 취약성을 만든 005930.KS, NVDA, 035420.KS에 대해 GLD로 추가 헷지를 적용하면 sleeve 취약도 변화가 -0.0899입니다. 정식 추천 기준은 미달해 검토 후보입니다.",Action formal gate did not pass. Blockers: cash_baseline_lag|linked_formal_gate_blocked|linked_recommendation_not_formal|not_trim_and_hedge. Linked recommendation status is evidence only: FAIL_GATE.,"GLD 조정은 지정학·공급망 충격 취약성을 낮추는 검토안이며 전후 지표는 CVaR 개선, MDD 개선, stress 개선으로 확인됩니다.",취약성 0.0899 감소; CVaR 0.29%p 개선; MDD 3.74%p 개선; stress 0.03%p 개선; Sharpe 0.06 개선,FORMAL_ACTION excluded by action-level gate: cash_baseline_lag|linked_formal_gate_blocked|linked_recommendation_not_formal|not_trim_and_hedge,False,False,,같은 risk sleeve에서 더 적합한 액션이 선택되어 후보 감사 목록에만 남겼습니다.,"{""005930.KS"": 39.83559, ""035420.KS"": 20.6241, ""035720.KS"": 12.996008, ""NVDA"": 26.544302}","{""005930.KS"": 36.132369, ""035420.KS"": 18.706829, ""035720.KS"": 11.787865, ""GLD"": 9.296263, ""NVDA"": 24.076674}"
action_005,REVIEW_ACTION,ADD_HEDGE,,REVIEW,B,B. 조건부 처방,"핵심 취약점 보완 효과는 있으나 검증 샘플, 비용, 유동성, cash baseline 중 일부 확인이 필요합니다.",Y,MEDIUM,100.0,0.35,0.371782,linked_final_score,0.35,77,B:70-89,grade_banded_final_score_v1,0.10999305401571469,0.0,growth_beta|korea_domestic_credit|korea_equity|krw_exposure|usdkrw_fx_korea|semiconductor_ai_cycle,geopolitical_supply_chain|gold|inflation_energy_shock|precious_metal,Y,N,Y,D,formal_rebalance_hedge_gate,FAIL,cash_baseline_lag|linked_formal_gate_blocked|linked_recommendation_not_formal|not_trim_and_hedge,geopolitical_supply_chain,지정학·공급망 충격,geopolitical_supply_chain,china_trade_fragmentation_shock|geopolitical_escalation_supply_shock,005930.KS|NVDA|035420.KS|035720.KS,005930.KS,,IAU,IAU,IAU,REFERENCE_ONLY,REFERENCE_ONLY,VALIDATION_THIN,validation_thin|bootstrap_not_robust|cash_bootstrap_not_robust|return_drag_reference|reference_only,"검증 표본 부족 - Keep review-only until the stress sample is thick enough.; 부트스트랩 신뢰도 부족 - Increase sample coverage or downgrade fragile candidates.; 현금 기준 부트스트랩 부족 - Add stronger cash-baseline evidence before formal use.; 수익률 훼손 검토 필요 - Confirm risk reduction compensates for return drag before promotion.; 참고 후보 - Use as research context, not an execution recommendation.",1,0,0,0,linked_recommendation_evidence_after_backtest,,"Action formal gate failed: cash_baseline_lag, linked_formal_gate_blocked, linked_recommendation_not_formal, not_trim_and_hedge","{""alternatives"": [{""available"": true, ""cvar"": -0.03285017511171164, ""estimated_cost_bps"": 0.0, ""mdd"": -0.46850959194183084, ""name"": ""current"", ""stress"": -0.0041445541192071614, ""turnover_pct"": 0.0, ""why_not_chosen_ko"": ""baseline portfolio""}, {""available"": true, ""cvar_delta_after_cost"": 0.00273212, ""estimated_cost_bps"": 25.0, ""mdd_delta_after_cost"": 0.03260527, ""name"": ""trim_hedge"", ""stress_delta_after_cost"": 0.00033079, ""turnover_pct"": 17.0112, ""why_not_chosen_ko"": """"}, {""available"": true, ""cvar_delta_after_cost"": 0.0027941, ""estimated_cost_bps"": 25.0, ""mdd_delta_after_cost"": 0.0305649, ""name"": ""trim_cash"", ""stress_delta_after_cost"": 0.00035252, ""turnover_pct"": 17.0112, ""why_not_chosen_ko"": ""cash baseline was compared against the trim+hedge action""}, {""available"": true, ""cvar_delta_after_cost"": 0.0, ""estimated_cost_bps"": 0.0, ""mdd_delta_after_cost"": 0.0, ""name"": ""hold"", ""stress_delta_after_cost"": 0.0, ""turnover_pct"": 0.0, ""why_not_chosen_ko"": ""does not reduce the active scenario vulnerability""}]}",4,0.00273212,0.03260527,0.00033079,25.0,0.00042528,ASSUMED_LIQUID_UNIVERSE,Y,Y,Y,Y,LAGS_CASH,ROBUST_IMPROVE,UNCERTAIN,Y,"{""concentration_cap_pct"": 50.0, ""max_candidate_weight_pct"": 20.0, ""max_turnover_pct"": 20.0, ""min_existing_kept_pct"": 80.0, ""profile_source"": ""system_default""}",,0.68085827,0.60917534,-0.07168293,10.5283,100.0,100.0,100.0,39.83559,36.4473,39.83559,36.4473,0.0,4.7621,-0.03285017511171164,-0.030118057728250356,0.00273212,-0.46850959194183084,-0.4359043225578666,0.03260527,0.38676029548259583,0.36644150674129095,-0.02031879,-0.0041445541192071614,-0.003813762573291353,0.00033079,1.044823969603441,1.0724796846971931,0.02765572,computed_from_action_before_after_weights,,17.0112,91.4944,5.0,PASS,,"지정학·공급망 충격 취약성을 만든 005930.KS, NVDA, 035420.KS에 대해 IAU로 추가 헷지를 적용하면 sleeve 취약도 변화가 -0.0717입니다. 정식 추천 기준은 미달해 검토 후보입니다.",Action formal gate did not pass. Blockers: cash_baseline_lag|linked_formal_gate_blocked|linked_recommendation_not_formal|not_trim_and_hedge. Linked recommendation status is evidence only: REFERENCE_ONLY.,"IAU 조정은 지정학·공급망 충격 취약성을 낮추는 검토안이며 전후 지표는 CVaR 개선, MDD 개선, stress 개선으로 확인됩니다.",취약성 0.0717 감소; CVaR 0.27%p 개선; MDD 3.26%p 개선; stress 0.03%p 개선; Sharpe 0.03 개선,FORMAL_ACTION excluded by action-level gate: cash_baseline_lag|linked_formal_gate_blocked|linked_recommendation_not_formal|not_trim_and_hedge,False,False,,같은 risk sleeve에서 더 적합한 액션이 선택되어 후보 감사 목록에만 남겼습니다.,"{""005930.KS"": 39.83559, ""035420.KS"": 20.6241, ""035720.KS"": 12.996008, ""NVDA"": 26.544302}","{""005930.KS"": 36.4473, ""035420.KS"": 18.8699, ""035720.KS"": 11.8906, ""IAU"": 4.7621, ""NVDA"": 24.2866, ""__CASH__"": 3.7435}"
action_029,FAIL_ACTION,ADD_HEDGE,,REVIEW,,,,Y,LOW,77.5,0.2,0.428713,linked_final_score,0.2,10,D:0-49,grade_banded_final_score_v1,0.6282070124837822,,,,,,,,formal_rebalance_hedge_gate,FAIL,base_action_status_fail_action|cash_baseline_lag|linked_formal_gate_blocked|linked_recommendation_not_formal|mdd_after_cost_not_improved|not_trim_and_hedge|stress_after_cost_not_improved,geopolitical_supply_chain,지정학·공급망 충격,geopolitical_supply_chain,china_trade_fragmentation_shock|geopolitical_escalation_supply_shock,005930.KS|NVDA|035420.KS|035720.KS,005930.KS,,BTC-USD,BTC-USD,BTC-USD,FAIL_GATE,FAIL_GATE,VALIDATION_NOT_ELIGIBLE,fail_gate|validation_not_eligible|liquidity_below_formal,하드 게이트 실패 - Do not promote until the failing gate is resolved.; validation not eligible - Keep blocked or rebuild the candidate with valid backtest inputs.; 유동성 기준 미달 - Refresh ADV evidence or exclude the candidate from formal recommendations.,0,0,0,0,linked_recommendation_evidence_after_backtest,,"Action formal gate failed: base_action_status_fail_action, cash_baseline_lag, linked_formal_gate_blocked, linked_recommendation_not_formal, mdd_after_cost_not_improved, not_trim_and_hedge, stress_after_cost_not_improved","{""alternatives"": [{""available"": true, ""cvar"": -0.03285017511171164, ""estimated_cost_bps"": 0.0, ""mdd"": -0.46850959194183084, ""name"": ""current"", ""stress"": -0.0041445541192071614, ""turnover_pct"": 0.0, ""why_not_chosen_ko"": ""baseline portfolio""}, {""available"": true, ""cvar_delta_after_cost"": 0.00264704, ""estimated_cost_bps"": 25.0, ""mdd_delta_after_cost"": -0.00743944, ""name"": ""trim_hedge"", ""stress_delta_after_cost"": -0.00047315, ""turnover_pct"": 18.592526, ""why_not_chosen_ko"": """"}, {""available"": true, ""cvar_delta_after_cost"": 0.00305384, ""estimated_cost_bps"": 25.0, ""mdd_delta_after_cost"": 0.03348248, ""name"": ""trim_cash"", ""stress_delta_after_cost"": 0.00038529, ""turnover_pct"": 18.592526, ""why_not_chosen_ko"": ""cash baseline was compared against the trim+hedge action""}, {""available"": true, ""cvar_delta_after_cost"": 0.0, ""estimated_cost_bps"": 0.0, ""mdd_delta_after_cost"": 0.0, ""name"": ""hold"", ""stress_delta_after_cost"": 0.0, ""turnover_pct"": 0.0, ""why_not_chosen_ko"": ""does not reduce the active scenario vulnerability""}]}",4,0.00264704,-0.00743944,-0.00047315,25.0,0.00046481,ASSUMED_LIQUID_UNIVERSE,Y,Y,Y,Y,LAGS_CASH,ROBUST_IMPROVE,ACTION_BOOTSTRAP_PASS,Y,"{""concentration_cap_pct"": 50.0, ""max_candidate_weight_pct"": 20.0, ""max_turnover_pct"": 20.0, ""min_existing_kept_pct"": 80.0, ""profile_source"": ""system_default""}",,0.68085827,0.60944328,-0.07141499,10.489,100.0,100.0,100.0,39.83559,36.132369,39.83559,36.132369,0.0,9.296263,-0.03285017511171164,-0.030203130460927777,0.00264704,-0.46850959194183084,-0.4759490320760106,-0.00743944,0.38676029548259583,0.4829275379894204,0.09616724,-0.0041445541192071614,-0.004617705847320615,-0.00047315,1.044823969603441,1.592952372730069,0.5481284,computed_from_action_before_after_weights,,18.592526,90.703737,5.0,PASS,MDD worsened; stress worsened,"지정학·공급망 충격 취약성을 만든 005930.KS, NVDA, 035420.KS에 대해 BTC-USD로 추가 헷지를 적용하면 sleeve 취약도 변화가 -0.0714입니다. 정식 추천 기준은 미달해 검토 후보입니다.",기준 미통과: MDD worsened; stress worsened,"BTC-USD 조정은 지정학·공급망 충격 취약성은 일부 낮춰도 핵심 리스크 지표가 악화되어 실행 기준 미통과입니다. (CVaR 개선, MDD 악화, stress 악화)",취약성 0.0714 감소; CVaR 0.26%p 개선; MDD 0.74%p 악화; stress 0.05%p 악화; Sharpe 0.55 개선,MDD worsened; stress worsened,False,False,,기준 미통과: MDD worsened; stress worsened,"{""005930.KS"": 39.83559, ""035420.KS"": 20.6241, ""035720.KS"": 12.996008, ""NVDA"": 26.544302}","{""005930.KS"": 36.132369, ""035420.KS"": 18.706829, ""035720.KS"": 11.787865, ""BTC-USD"": 9.296263, ""NVDA"": 24.076674}"
action_006,REVIEW_ACTION,TRIM_AND_HEDGE,,REVIEW,B,B. 조건부 처방,"핵심 취약점 보완 효과는 있으나 검증 샘플, 비용, 유동성, cash baseline 중 일부 확인이 필요합니다.",Y,MEDIUM,100.0,0.35,0.185087,linked_final_score,0.35,77,B:70-89,grade_banded_final_score_v1,0.10999305401571469,0.0,growth_beta|korea_domestic_credit|korea_equity|krw_exposure|usdkrw_fx_korea|semiconductor_ai_cycle,geopolitical_supply_chain|gold|inflation_energy_shock|precious_metal,Y,N,Y,D,formal_rebalance_hedge_gate,FAIL,cash_baseline_lag|linked_formal_gate_blocked|linked_recommendation_not_formal,geopolitical_supply_chain,지정학·공급망 충격,geopolitical_supply_chain,china_trade_fragmentation_shock|geopolitical_escalation_supply_shock,005930.KS,005930.KS,,IAU,IAU,IAU,REFERENCE_ONLY,REFERENCE_ONLY,VALIDATION_THIN,validation_thin|bootstrap_not_robust|cash_bootstrap_not_robust|return_drag_reference|reference_only,"검증 표본 부족 - Keep review-only until the stress sample is thick enough.; 부트스트랩 신뢰도 부족 - Increase sample coverage or downgrade fragile candidates.; 현금 기준 부트스트랩 부족 - Add stronger cash-baseline evidence before formal use.; 수익률 훼손 검토 필요 - Confirm risk reduction compensates for return drag before promotion.; 참고 후보 - Use as research context, not an execution recommendation.",1,0,0,0,linked_recommendation_evidence_after_backtest,,"Action formal gate failed: cash_baseline_lag, linked_formal_gate_blocked, linked_recommendation_not_formal","{""alternatives"": [{""available"": true, ""cvar"": -0.03285017511171164, ""estimated_cost_bps"": 0.0, ""mdd"": -0.46850959194183084, ""name"": ""current"", ""stress"": -0.0041445541192071614, ""turnover_pct"": 0.0, ""why_not_chosen_ko"": ""baseline portfolio""}, {""available"": true, ""cvar_delta_after_cost"": 0.0012827, ""estimated_cost_bps"": 25.0, ""mdd_delta_after_cost"": 0.00955046, ""name"": ""trim_hedge"", ""stress_delta_after_cost"": 0.00024337, ""turnover_pct"": 10.0, ""why_not_chosen_ko"": """"}, {""available"": true, ""cvar_delta_after_cost"": 0.0013538, ""estimated_cost_bps"": 25.0, ""mdd_delta_after_cost"": 0.00743727, ""name"": ""trim_cash"", ""stress_delta_after_cost"": 0.00026619, ""turnover_pct"": 10.0, ""why_not_chosen_ko"": ""cash baseline was compared against the trim+hedge action""}, {""available"": true, ""cvar_delta_after_cost"": 0.0, ""estimated_cost_bps"": 0.0, ""mdd_delta_after_cost"": 0.0, ""name"": ""hold"", ""stress_delta_after_cost"": 0.0, ""turnover_pct"": 0.0, ""why_not_chosen_ko"": ""does not reduce the active scenario vulnerability""}]}",4,0.0012827,0.00955046,0.00024337,25.0,0.00025,ASSUMED_LIQUID_UNIVERSE,Y,Y,Y,Y,LAGS_CASH,ROBUST_IMPROVE,UNCERTAIN,Y,"{""concentration_cap_pct"": 50.0, ""max_candidate_weight_pct"": 20.0, ""max_turnover_pct"": 20.0, ""min_existing_kept_pct"": 80.0, ""profile_source"": ""system_default""}",,0.68085827,0.6194114,-0.06144688,9.0249,54.9824,54.9824,54.9824,39.83559,34.83559,39.83559,34.83559,0.0,5.0,-0.03285017511171164,-0.03156747112350695,0.0012827,-0.46850959194183084,-0.45895913526756404,0.00955046,0.38676029548259583,0.3979486437109753,0.01118835,-0.0041445541192071614,-0.0039011850019052443,0.00024337,1.044823969603441,1.0791434949919978,0.03431953,computed_from_action_before_after_weights,,10.0,95.0,5.0,PASS,,지정학·공급망 충격 취약성을 만든 005930.KS에 대해 IAU로 원인 보유자산 일부 축소 후 헷지를 적용하면 sleeve 취약도 변화가 -0.0614입니다. 정식 추천 기준은 미달해 검토 후보입니다.,Action formal gate did not pass. Blockers: cash_baseline_lag|linked_formal_gate_blocked|linked_recommendation_not_formal. Linked recommendation status is evidence only: REFERENCE_ONLY.,"IAU 조정은 지정학·공급망 충격 취약성을 낮추는 검토안이며 전후 지표는 CVaR 개선, MDD 개선, stress 개선으로 확인됩니다.",취약성 0.0614 감소; CVaR 0.13%p 개선; MDD 0.96%p 개선; stress 0.02%p 개선; Sharpe 0.03 개선,FORMAL_ACTION excluded by action-level gate: cash_baseline_lag|linked_formal_gate_blocked|linked_recommendation_not_formal,False,True,취약성 기여가 큰 보유자산이 확인되어 단순 추가 헷지보다 TRIM_AND_HEDGE가 우선입니다.,,"{""005930.KS"": 39.83559, ""035420.KS"": 20.6241, ""035720.KS"": 12.996008, ""NVDA"": 26.544302}","{""005930.KS"": 34.83559, ""035420.KS"": 20.6241, ""035720.KS"": 12.996008, ""IAU"": 5.0, ""NVDA"": 26.544302}"
action_032,REVIEW_ACTION,TRIM_AND_HEDGE,,REVIEW,B,B. 조건부 처방,"핵심 취약점 보완 효과는 있으나 검증 샘플, 비용, 유동성, cash baseline 중 일부 확인이 필요합니다.",Y,MEDIUM,100.0,0.2,0.182128,linked_final_score,0.2,74,B:70-89,grade_banded_final_score_v1,0.1096689393327201,,,,,,,,formal_rebalance_hedge_gate,FAIL,cash_baseline_lag|linked_formal_gate_blocked|linked_recommendation_not_formal,geopolitical_supply_chain,지정학·공급망 충격,geopolitical_supply_chain,china_trade_fragmentation_shock|geopolitical_escalation_supply_shock,005930.KS,005930.KS,,GLD,GLD,GLD,FAIL_GATE,FAIL_GATE,VALIDATION_NOT_ELIGIBLE,fail_gate|validation_not_eligible|liquidity_below_formal,하드 게이트 실패 - Do not promote until the failing gate is resolved.; validation not eligible - Keep blocked or rebuild the candidate with valid backtest inputs.; 유동성 기준 미달 - Refresh ADV evidence or exclude the candidate from formal recommendations.,0,0,0,0,linked_recommendation_evidence_after_backtest,,"Action formal gate failed: cash_baseline_lag, linked_formal_gate_blocked, linked_recommendation_not_formal","{""alternatives"": [{""available"": true, ""cvar"": -0.03285017511171164, ""estimated_cost_bps"": 0.0, ""mdd"": -0.46850959194183084, ""name"": ""current"", ""stress"": -0.0041445541192071614, ""turnover_pct"": 0.0, ""why_not_chosen_ko"": ""baseline portfolio""}, {""available"": true, ""cvar_delta_after_cost"": 0.00128358, ""estimated_cost_bps"": 25.0, ""mdd_delta_after_cost"": 0.00949391, ""name"": ""trim_hedge"", ""stress_delta_after_cost"": 0.00023831, ""turnover_pct"": 10.0, ""why_not_chosen_ko"": """"}, {""available"": true, ""cvar_delta_after_cost"": 0.0013538, ""estimated_cost_bps"": 25.0, ""mdd_delta_after_cost"": 0.00743727, ""name"": ""trim_cash"", ""stress_delta_after_cost"": 0.00026619, ""turnover_pct"": 10.0, ""why_not_chosen_ko"": ""cash baseline was compared against the trim+hedge action""}, {""available"": true, ""cvar_delta_after_cost"": 0.0, ""estimated_cost_bps"": 0.0, ""mdd_delta_after_cost"": 0.0, ""name"": ""hold"", ""stress_delta_after_cost"": 0.0, ""turnover_pct"": 0.0, ""why_not_chosen_ko"": ""does not reduce the active scenario vulnerability""}]}",4,0.00128358,0.00949391,0.00023831,25.0,0.00025,ASSUMED_LIQUID_UNIVERSE,Y,Y,Y,Y,LAGS_CASH,ROBUST_IMPROVE,UNCERTAIN,Y,"{""concentration_cap_pct"": 50.0, ""max_candidate_weight_pct"": 20.0, ""max_turnover_pct"": 20.0, ""min_existing_kept_pct"": 80.0, ""profile_source"": ""system_default""}",,0.68085827,0.61958476,-0.06127351,8.9995,54.9824,54.9824,54.9824,39.83559,34.83559,39.83559,34.83559,0.0,5.0,-0.03285017511171164,-0.03156659317657003,0.00128358,-0.46850959194183084,-0.45901568579743846,0.00949391,0.38676029548259583,0.39802576116389077,0.01126547,-0.0041445541192071614,-0.003906240089644462,0.00023831,1.044823969603441,1.0785854048902301,0.03376144,computed_from_action_before_after_weights,,10.0,95.0,5.0,PASS,,지정학·공급망 충격 취약성을 만든 005930.KS에 대해 GLD로 원인 보유자산 일부 축소 후 헷지를 적용하면 sleeve 취약도 변화가 -0.0613입니다. 정식 추천 기준은 미달해 검토 후보입니다.,Action formal gate did not pass. Blockers: cash_baseline_lag|linked_formal_gate_blocked|linked_recommendation_not_formal. Linked recommendation status is evidence only: FAIL_GATE.,"GLD 조정은 지정학·공급망 충격 취약성을 낮추는 검토안이며 전후 지표는 CVaR 개선, MDD 개선, stress 개선으로 확인됩니다.",취약성 0.0613 감소; CVaR 0.13%p 개선; MDD 0.95%p 개선; stress 0.02%p 개선; Sharpe 0.03 개선,FORMAL_ACTION excluded by action-level gate: cash_baseline_lag|linked_formal_gate_blocked|linked_recommendation_not_formal,False,False,,같은 risk sleeve에서 더 적합한 액션이 선택되어 후보 감사 목록에만 남겼습니다.,"{""005930.KS"": 39.83559, ""035420.KS"": 20.6241, ""035720.KS"": 12.996008, ""NVDA"": 26.544302}","{""005930.KS"": 34.83559, ""035420.KS"": 20.6241, ""035720.KS"": 12.996008, ""GLD"": 5.0, ""NVDA"": 26.544302}"
action_001,REVIEW_ACTION,ADD_HEDGE,,REVIEW,C,C. 검토 후보,방향성은 맞지만 공식 처방이라 부르기에는 근거 또는 제약 검증이 부족합니다.,Y,LOW,100.0,0.7449843621175325,0.50418,linked_final_score,0.7449843621175325,64,C:50-69,grade_banded_final_score_v1,0.789873327468917,1.0,growth_beta|korea_domestic_credit|korea_equity|krw_exposure|usdkrw_fx_korea|semiconductor_ai_cycle,fx_hedge|usdkrw_fx_korea|yen,N,N,N,C,formal_rebalance_hedge_gate,FAIL,linked_formal_gate_blocked|linked_recommendation_not_formal|not_trim_and_hedge,geopolitical_supply_chain,지정학·공급망 충격,geopolitical_supply_chain,china_trade_fragmentation_shock|geopolitical_escalation_supply_shock,005930.KS|NVDA|035420.KS|035720.KS,005930.KS,,FXY,FXY,FXY,REFERENCE_ONLY,REFERENCE_ONLY,VALIDATION_THIN,validation_thin|cash_baseline_lag|bootstrap_not_robust|cash_bootstrap_not_robust|return_drag_reference|reference_only,"검증 표본 부족 - Keep review-only until the stress sample is thick enough.; 현금 기준 대비 열위 - Improve the cash-baseline comparison or keep the candidate review-only.; 부트스트랩 신뢰도 부족 - Increase sample coverage or downgrade fragile candidates.; 현금 기준 부트스트랩 부족 - Add stronger cash-baseline evidence before formal use.; 수익률 훼손 검토 필요 - Confirm risk reduction compensates for return drag before promotion.; 참고 후보 - Use as research context, not an execution recommendation.",1,1,0,0,linked_recommendation_evidence_after_backtest,,"Action formal gate failed: linked_formal_gate_blocked, linked_recommendation_not_formal, not_trim_and_hedge","{""alternatives"": [{""available"": true, ""cvar"": -0.03285017511171164, ""estimated_cost_bps"": 0.0, ""mdd"": -0.46850959194183084, ""name"": ""current"", ""stress"": -0.0041445541192071614, ""turnover_pct"": 0.0, ""why_not_chosen_ko"": ""baseline portfolio""}, {""available"": true, ""cvar_delta_after_cost"": 0.00302042, ""estimated_cost_bps"": 25.0, ""mdd_delta_after_cost"": 0.02664158, ""name"": ""trim_hedge"", ""stress_delta_after_cost"": 0.00036282, ""turnover_pct"": 17.0112, ""why_not_chosen_ko"": """"}, {""available"": true, ""cvar_delta_after_cost"": 0.0027941, ""estimated_cost_bps"": 25.0, ""mdd_delta_after_cost"": 0.0305649, ""name"": ""trim_cash"", ""stress_delta_after_cost"": 0.00035252, ""turnover_pct"": 17.0112, ""why_not_chosen_ko"": ""cash baseline was compared against the trim+hedge action""}, {""available"": true, ""cvar_delta_after_cost"": 0.0, ""estimated_cost_bps"": 0.0, ""mdd_delta_after_cost"": 0.0, ""name"": ""hold"", ""stress_delta_after_cost"": 0.0, ""turnover_pct"": 0.0, ""why_not_chosen_ko"": ""does not reduce the active scenario vulnerability""}]}",4,0.00302042,0.02664158,0.00036282,25.0,0.00042528,ASSUMED_LIQUID_UNIVERSE,Y,Y,Y,Y,BEATS_CASH,ROBUST_IMPROVE,ACTION_BOOTSTRAP_PASS,Y,"{""concentration_cap_pct"": 50.0, ""max_candidate_weight_pct"": 20.0, ""max_turnover_pct"": 20.0, ""min_existing_kept_pct"": 80.0, ""profile_source"": ""system_default""}",,0.68085827,0.61959855,-0.06125972,8.9974,100.0,100.0,100.0,39.83559,36.4473,39.83559,36.4473,0.0,6.4809,-0.03285017511171164,-0.029829757537305532,0.00302042,-0.46850959194183084,-0.441868015041719,0.02664158,0.38676029548259583,0.36003034246990334,-0.02672995,-0.0041445541192071614,-0.003781735042280828,0.00036282,1.044823969603441,1.060504641815321,0.01568067,computed_from_action_before_after_weights,,17.0112,91.4944,5.0,PASS,,"지정학·공급망 충격 취약성을 만든 005930.KS, NVDA, 035420.KS에 대해 FXY로 추가 헷지를 적용하면 sleeve 취약도 변화가 -0.0613입니다. 정식 추천 기준은 미달해 검토 후보입니다.",Action formal gate did not pass. Blockers: linked_formal_gate_blocked|linked_recommendation_not_formal|not_trim_and_hedge. Linked recommendation status is evidence only: REFERENCE_ONLY.,"FXY 조정은 지정학·공급망 충격 취약성을 낮추는 검토안이며 전후 지표는 CVaR 개선, MDD 개선, stress 개선으로 확인됩니다.",취약성 0.0613 감소; CVaR 0.30%p 개선; MDD 2.66%p 개선; stress 0.04%p 개선; Sharpe 0.02 개선,FORMAL_ACTION excluded by action-level gate: linked_formal_gate_blocked|linked_recommendation_not_formal|not_trim_and_hedge,False,False,,같은 risk sleeve에서 더 적합한 액션이 선택되어 후보 감사 목록에만 남겼습니다.,"{""005930.KS"": 39.83559, ""035420.KS"": 20.6241, ""035720.KS"": 12.996008, ""NVDA"": 26.544302}","{""005930.KS"": 36.4473, ""035420.KS"": 18.8699, ""035720.KS"": 11.8906, ""FXY"": 6.4809, ""NVDA"": 24.2866, ""__CASH__"": 2.0247}"
action_015,REVIEW_ACTION,ADD_HEDGE,,REVIEW,B,B. 조건부 처방,"핵심 취약점 보완 효과는 있으나 검증 샘플, 비용, 유동성, cash baseline 중 일부 확인이 필요합니다.",Y,LOW,100.0,0.7262874403679834,0.37782,linked_final_score,0.7262874403679834,84,B:70-89,grade_banded_final_score_v1,0.6278955762419873,1.0,growth_beta|korea_domestic_credit|korea_equity|krw_exposure|usdkrw_fx_korea|semiconductor_ai_cycle,geopolitical_supply_chain|japan_equity|usdkrw_fx_korea|yen_proxy,N,N,N,C,formal_rebalance_hedge_gate,FAIL,cash_baseline_lag|linked_formal_gate_blocked|linked_recommendation_not_formal|not_trim_and_hedge,geopolitical_supply_chain,지정학·공급망 충격,geopolitical_supply_chain,china_trade_fragmentation_shock|geopolitical_escalation_supply_shock,005930.KS|NVDA|035420.KS|035720.KS,005930.KS,,EWJ,EWJ,EWJ,FAIL_GATE,FAIL_GATE,VALIDATION_NOT_ELIGIBLE,fail_gate|validation_not_eligible|return_drag_reference,하드 게이트 실패 - Do not promote until the failing gate is resolved.; validation not eligible - Keep blocked or rebuild the candidate with valid backtest inputs.; 수익률 훼손 검토 필요 - Confirm risk reduction compensates for return drag before promotion.,0,0,0,0,linked_recommendation_evidence_after_backtest,,"Action formal gate failed: cash_baseline_lag, linked_formal_gate_blocked, linked_recommendation_not_formal, not_trim_and_hedge","{""alternatives"": [{""available"": true, ""cvar"": -0.03285017511171164, ""estimated_cost_bps"": 0.0, ""mdd"": -0.46850959194183084, ""name"": ""current"", ""stress"": -0.0041445541192071614, ""turnover_pct"": 0.0, ""why_not_chosen_ko"": ""baseline portfolio""}, {""available"": true, ""cvar_delta_after_cost"": 0.00218039, ""estimated_cost_bps"": 25.0, ""mdd_delta_after_cost"": 0.02342878, ""name"": ""trim_hedge"", ""stress_delta_after_cost"": 0.00030462, ""turnover_pct"": 17.0111, ""why_not_chosen_ko"": """"}, {""available"": true, ""cvar_delta_after_cost"": 0.0027941, ""estimated_cost_bps"": 25.0, ""mdd_delta_after_cost"": 0.0305649, ""name"": ""trim_cash"", ""stress_delta_after_cost"": 0.00035252, ""turnover_pct"": 17.0111, ""why_not_chosen_ko"": ""cash baseline was compared against the trim+hedge action""}, {""available"": true, ""cvar_delta_after_cost"": 0.0, ""estimated_cost_bps"": 0.0, ""mdd_delta_after_cost"": 0.0, ""name"": ""hold"", ""stress_delta_after_cost"": 0.0, ""turnover_pct"": 0.0, ""why_not_chosen_ko"": ""does not reduce the active scenario vulnerability""}]}",4,0.00218039,0.02342878,0.00030462,25.0,0.00042528,ASSUMED_LIQUID_UNIVERSE,Y,Y,Y,Y,LAGS_CASH,ROBUST_IMPROVE,UNCERTAIN,Y,"{""concentration_cap_pct"": 50.0, ""max_candidate_weight_pct"": 20.0, ""max_turnover_pct"": 20.0, ""min_existing_kept_pct"": 80.0, ""profile_source"": ""system_default""}",,0.68085827,0.62420269,-0.05665558,8.3212,100.0,100.0,100.0,39.83559,36.4473,39.83559,36.4473,0.0,5.3186,-0.03285017511171164,-0.030669784435380418,0.00218039,-0.46850959194183084,-0.44508081605252003,0.02342878,0.38676029548259583,0.39706434219764364,0.01030405,-0.0041445541192071614,-0.0038399365434183988,0.00030462,1.044823969603441,1.040103153040229,-0.00472082,computed_from_action_before_after_weights,,17.0111,91.4944,5.0,PASS,,"지정학·공급망 충격 취약성을 만든 005930.KS, NVDA, 035420.KS에 대해 EWJ로 추가 헷지를 적용하면 sleeve 취약도 변화가 -0.0567입니다. 정식 추천 기준은 미달해 검토 후보입니다.",Action formal gate did not pass. Blockers: cash_baseline_lag|linked_formal_gate_blocked|linked_recommendation_not_formal|not_trim_and_hedge. Linked recommendation status is evidence only: FAIL_GATE.,"EWJ 조정은 지정학·공급망 충격 취약성을 낮추는 검토안이며 전후 지표는 CVaR 개선, MDD 개선, stress 개선으로 확인됩니다.",취약성 0.0567 감소; CVaR 0.22%p 개선; MDD 2.34%p 개선; stress 0.03%p 개선; Sharpe 0.00 악화,FORMAL_ACTION excluded by action-level gate: cash_baseline_lag|linked_formal_gate_blocked|linked_recommendation_not_formal|not_trim_and_hedge,False,True,"상위 sleeve 커버리지 이후 남은 후보 중 상태, 개선폭, turnover 기준으로 선택했습니다.",,"{""005930.KS"": 39.83559, ""035420.KS"": 20.6241, ""035720.KS"": 12.996008, ""NVDA"": 26.544302}","{""005930.KS"": 36.4473, ""035420.KS"": 18.8699, ""035720.KS"": 11.8906, ""EWJ"": 5.3186, ""NVDA"": 24.2866, ""__CASH__"": 3.1869}"
action_019,FAIL_ACTION,ADD_HEDGE,,REVIEW,,,,Y,LOW,85.0,0.7227842403514285,0.351466,linked_final_score,0.7227842403514285,35,D:0-49,grade_banded_final_score_v1,0.5824668280204232,1.0,growth_beta|korea_domestic_credit|korea_equity|krw_exposure|usdkrw_fx_korea|semiconductor_ai_cycle,geopolitical_supply_chain|global_equity|usd_exposure|usdkrw_fx_korea,N,N,N,C,formal_rebalance_hedge_gate,FAIL,base_action_status_fail_action|cash_baseline_lag|linked_formal_gate_blocked|linked_recommendation_not_formal|not_trim_and_hedge|stress_after_cost_not_improved,geopolitical_supply_chain,지정학·공급망 충격,geopolitical_supply_chain,china_trade_fragmentation_shock|geopolitical_escalation_supply_shock,005930.KS|NVDA|035420.KS|035720.KS,005930.KS,,VXUS,VXUS,VXUS,FAIL_GATE,FAIL_GATE,VALIDATION_NOT_ELIGIBLE,fail_gate|validation_not_eligible,하드 게이트 실패 - Do not promote until the failing gate is resolved.; validation not eligible - Keep blocked or rebuild the candidate with valid backtest inputs.,0,0,0,0,linked_recommendation_evidence_after_backtest,,"Action formal gate failed: base_action_status_fail_action, cash_baseline_lag, linked_formal_gate_blocked, linked_recommendation_not_formal, not_trim_and_hedge, stress_after_cost_not_improved","{""alternatives"": [{""available"": true, ""cvar"": -0.03285017511171164, ""estimated_cost_bps"": 0.0, ""mdd"": -0.46850959194183084, ""name"": ""current"", ""stress"": -0.0041445541192071614, ""turnover_pct"": 0.0, ""why_not_chosen_ko"": ""baseline portfolio""}, {""available"": true, ""cvar_delta_after_cost"": 0.00440887, ""estimated_cost_bps"": 25.0, ""mdd_delta_after_cost"": 0.02452564, ""name"": ""trim_hedge"", ""stress_delta_after_cost"": -0.00044852, ""turnover_pct"": 17.0112, ""why_not_chosen_ko"": """"}, {""available"": true, ""cvar_delta_after_cost"": 0.0027941, ""estimated_cost_bps"": 25.0, ""mdd_delta_after_cost"": 0.0305649, ""name"": ""trim_cash"", ""stress_delta_after_cost"": 0.00035252, ""turnover_pct"": 17.0112, ""why_not_chosen_ko"": ""cash baseline was compared against the trim+hedge action""}, {""available"": true, ""cvar_delta_after_cost"": 0.0, ""estimated_cost_bps"": 0.0, ""mdd_delta_after_cost"": 0.0, ""name"": ""hold"", ""stress_delta_after_cost"": 0.0, ""turnover_pct"": 0.0, ""why_not_chosen_ko"": ""does not reduce the active scenario vulnerability""}]}",4,0.00440887,0.02452564,-0.00044852,25.0,0.00042528,ASSUMED_LIQUID_UNIVERSE,Y,Y,Y,Y,LAGS_CASH,ROBUST_IMPROVE,UNCERTAIN,Y,"{""concentration_cap_pct"": 50.0, ""max_candidate_weight_pct"": 20.0, ""max_turnover_pct"": 20.0, ""min_existing_kept_pct"": 80.0, ""profile_source"": ""system_default""}",,0.68085827,0.62509021,-0.05576806,8.1908,100.0,100.0,100.0,39.83559,36.4473,39.83559,36.4473,0.0,4.8734,-0.03285017511171164,-0.028441300321221726,0.00440887,-0.46850959194183084,-0.44398395440562133,0.02452564,0.38676029548259583,0.43121865219112554,0.04445836,-0.0041445541192071614,-0.004593070926509208,-0.00044852,1.044823969603441,1.1974196284397336,0.15259566,computed_from_action_before_after_weights,,17.0112,91.4944,5.0,PASS,stress worsened,"지정학·공급망 충격 취약성을 만든 005930.KS, NVDA, 035420.KS에 대해 VXUS로 추가 헷지를 적용하면 sleeve 취약도 변화가 -0.0558입니다. 정식 추천 기준은 미달해 검토 후보입니다.",기준 미통과: stress worsened,"VXUS 조정은 지정학·공급망 충격 취약성은 일부 낮춰도 핵심 리스크 지표가 악화되어 실행 기준 미통과입니다. (CVaR 개선, MDD 개선, stress 악화)",취약성 0.0558 감소; CVaR 0.44%p 개선; MDD 2.45%p 개선; stress 0.04%p 악화; Sharpe 0.15 개선,stress worsened,False,False,,기준 미통과: stress worsened,"{""005930.KS"": 39.83559, ""035420.KS"": 20.6241, ""035720.KS"": 12.996008, ""NVDA"": 26.544302}","{""005930.KS"": 36.4473, ""035420.KS"": 18.8699, ""035720.KS"": 11.8906, ""NVDA"": 24.2866, ""VXUS"": 4.8734, ""__CASH__"": 3.6322}"
action_007,REVIEW_ACTION,ADD_HEDGE,,REVIEW,B,B. 조건부 처방,"핵심 취약점 보완 효과는 있으나 검증 샘플, 비용, 유동성, cash baseline 중 일부 확인이 필요합니다.",Y,LOW,100.0,0.34869114133787477,0.309656,linked_final_score,0.34869114133787477,77,B:70-89,grade_banded_final_score_v1,0.31310366811582135,0.0,growth_beta|korea_domestic_credit|korea_equity|krw_exposure|usdkrw_fx_korea|semiconductor_ai_cycle,consumer_staples|defensive_equity|rate_shock_growth_duration|recession_liquidity_stress,N,N,N,C,formal_rebalance_hedge_gate,FAIL,cash_baseline_lag|linked_formal_gate_blocked|linked_recommendation_not_formal|not_trim_and_hedge,geopolitical_supply_chain,지정학·공급망 충격,geopolitical_supply_chain,china_trade_fragmentation_shock|geopolitical_escalation_supply_shock,005930.KS|NVDA|035420.KS|035720.KS,005930.KS,,XLP,XLP,XLP,REFERENCE_ONLY,REFERENCE_ONLY,VALIDATION_SKIPPED,validation_skipped|return_drag_reference|reference_only,"validation skipped - Run a full backtest before any formal promotion.; 수익률 훼손 검토 필요 - Confirm risk reduction compensates for return drag before promotion.; 참고 후보 - Use as research context, not an execution recommendation.",0,0,0,0,linked_recommendation_evidence_after_backtest,,"Action formal gate failed: cash_baseline_lag, linked_formal_gate_blocked, linked_recommendation_not_formal, not_trim_and_hedge","{""alternatives"": [{""available"": true, ""cvar"": -0.03285017511171164, ""estimated_cost_bps"": 0.0, ""mdd"": -0.46850959194183084, ""name"": ""current"", ""stress"": -0.0041445541192071614, ""turnover_pct"": 0.0, ""why_not_chosen_ko"": ""baseline portfolio""}, {""available"": true, ""cvar_delta_after_cost"": 0.00259777, ""estimated_cost_bps"": 25.0, ""mdd_delta_after_cost"": 0.03190891, ""name"": ""trim_hedge"", ""stress_delta_after_cost"": 0.00028876, ""turnover_pct"": 17.0112, ""why_not_chosen_ko"": """"}, {""available"": true, ""cvar_delta_after_cost"": 0.0027941, ""estimated_cost_bps"": 25.0, ""mdd_delta_after_cost"": 0.0305649, ""name"": ""trim_cash"", ""stress_delta_after_cost"": 0.00035252, ""turnover_pct"": 17.0112, ""why_not_chosen_ko"": ""cash baseline was compared against the trim+hedge action""}, {""available"": true, ""cvar_delta_after_cost"": 0.0, ""estimated_cost_bps"": 0.0, ""mdd_delta_after_cost"": 0.0, ""name"": ""hold"", ""stress_delta_after_cost"": 0.0, ""turnover_pct"": 0.0, ""why_not_chosen_ko"": ""does not reduce the active scenario vulnerability""}]}",4,0.00259777,0.03190891,0.00028876,25.0,0.00042528,ASSUMED_LIQUID_UNIVERSE,Y,Y,Y,Y,LAGS_CASH,ROBUST_IMPROVE,UNCERTAIN,Y,"{""concentration_cap_pct"": 50.0, ""max_candidate_weight_pct"": 20.0, ""max_turnover_pct"": 20.0, ""min_existing_kept_pct"": 80.0, ""profile_source"": ""system_default""}",,0.68085827,0.62526052,-0.05559775,8.1658,100.0,100.0,100.0,39.83559,36.4473,39.83559,36.4473,0.0,4.6355,-0.03285017511171164,-0.030252405780461684,0.00259777,-0.46850959194183084,-0.4366006845949667,0.03190891,0.38676029548259583,0.3849405721727842,-0.00181972,-0.0041445541192071614,-0.003855797923142907,0.00028876,1.044823969603441,1.0629843962028394,0.01816043,computed_from_action_before_after_weights,,17.0112,91.4944,5.0,PASS,,"지정학·공급망 충격 취약성을 만든 005930.KS, NVDA, 035420.KS에 대해 XLP로 추가 헷지를 적용하면 sleeve 취약도 변화가 -0.0556입니다. 정식 추천 기준은 미달해 검토 후보입니다.",Action formal gate did not pass. Blockers: cash_baseline_lag|linked_formal_gate_blocked|linked_recommendation_not_formal|not_trim_and_hedge. Linked recommendation status is evidence only: REFERENCE_ONLY.,"XLP 조정은 지정학·공급망 충격 취약성을 낮추는 검토안이며 전후 지표는 CVaR 개선, MDD 개선, stress 개선으로 확인됩니다.",취약성 0.0556 감소; CVaR 0.26%p 개선; MDD 3.19%p 개선; stress 0.03%p 개선; Sharpe 0.02 개선,FORMAL_ACTION excluded by action-level gate: cash_baseline_lag|linked_formal_gate_blocked|linked_recommendation_not_formal|not_trim_and_hedge,False,True,"상위 sleeve 커버리지 이후 남은 후보 중 상태, 개선폭, turnover 기준으로 선택했습니다.",,"{""005930.KS"": 39.83559, ""035420.KS"": 20.6241, ""035720.KS"": 12.996008, ""NVDA"": 26.544302}","{""005930.KS"": 36.4473, ""035420.KS"": 18.8699, ""035720.KS"": 11.8906, ""NVDA"": 24.2866, ""XLP"": 4.6355, ""__CASH__"": 3.8701}"
action_013,REVIEW_ACTION,ADD_HEDGE,,REVIEW,B,B. 조건부 처방,"핵심 취약점 보완 효과는 있으나 검증 샘플, 비용, 유동성, cash baseline 중 일부 확인이 필요합니다.",Y,LOW,100.0,0.7294744136773045,0.323311,linked_final_score,0.7294744136773045,84,B:70-89,grade_banded_final_score_v1,0.5743130001962089,1.0,growth_beta|korea_domestic_credit|korea_equity|krw_exposure|usdkrw_fx_korea|semiconductor_ai_cycle,developed_ex_us|geopolitical_supply_chain|usd_exposure|usdkrw_fx_korea,N,N,N,C,formal_rebalance_hedge_gate,FAIL,cash_baseline_lag|linked_formal_gate_blocked|linked_recommendation_not_formal|not_trim_and_hedge,geopolitical_supply_chain,지정학·공급망 충격,geopolitical_supply_chain,china_trade_fragmentation_shock|geopolitical_escalation_supply_shock,005930.KS|NVDA|035420.KS|035720.KS,005930.KS,,EFA,EFA,EFA,FAIL_GATE,FAIL_GATE,VALIDATION_NOT_ELIGIBLE,fail_gate|validation_not_eligible|return_drag_reference,하드 게이트 실패 - Do not promote until the failing gate is resolved.; validation not eligible - Keep blocked or rebuild the candidate with valid backtest inputs.; 수익률 훼손 검토 필요 - Confirm risk reduction compensates for return drag before promotion.,0,0,0,0,linked_recommendation_evidence_after_backtest,,"Action formal gate failed: cash_baseline_lag, linked_formal_gate_blocked, linked_recommendation_not_formal, not_trim_and_hedge","{""alternatives"": [{""available"": true, ""cvar"": -0.03285017511171164, ""estimated_cost_bps"": 0.0, ""mdd"": -0.46850959194183084, ""name"": ""current"", ""stress"": -0.0041445541192071614, ""turnover_pct"": 0.0, ""why_not_chosen_ko"": ""baseline portfolio""}, {""available"": true, ""cvar_delta_after_cost"": 0.0019983, ""estimated_cost_bps"": 25.0, ""mdd_delta_after_cost"": 0.02306839, ""name"": ""trim_hedge"", ""stress_delta_after_cost"": 0.00025968, ""turnover_pct"": 17.0112, ""why_not_chosen_ko"": """"}, {""available"": true, ""cvar_delta_after_cost"": 0.0027941, ""estimated_cost_bps"": 25.0, ""mdd_delta_after_cost"": 0.0305649, ""name"": ""trim_cash"", ""stress_delta_after_cost"": 0.00035252, ""turnover_pct"": 17.0112, ""why_not_chosen_ko"": ""cash baseline was compared against the trim+hedge action""}, {""available"": true, ""cvar_delta_after_cost"": 0.0, ""estimated_cost_bps"": 0.0, ""mdd_delta_after_cost"": 0.0, ""name"": ""hold"", ""stress_delta_after_cost"": 0.0, ""turnover_pct"": 0.0, ""why_not_chosen_ko"": ""does not reduce the active scenario vulnerability""}]}",4,0.0019983,0.02306839,0.00025968,25.0,0.00042528,ASSUMED_LIQUID_UNIVERSE,Y,Y,Y,Y,LAGS_CASH,ROBUST_IMPROVE,UNCERTAIN,Y,"{""concentration_cap_pct"": 50.0, ""max_candidate_weight_pct"": 20.0, ""max_turnover_pct"": 20.0, ""min_existing_kept_pct"": 80.0, ""profile_source"": ""system_default""}",,0.68085827,0.627308,-0.05355027,7.8651,100.0,100.0,100.0,39.83559,36.4473,39.83559,36.4473,0.0,5.93,-0.03285017511171164,-0.030851870307992864,0.0019983,-0.46850959194183084,-0.44544119833619433,0.02306839,0.38676029548259583,0.409476340284633,0.02271604,-0.0041445541192071614,-0.0038848746246484306,0.00025968,1.044823969603441,1.0421033560718684,-0.00272061,computed_from_action_before_after_weights,,17.0112,91.4944,5.0,PASS,,"지정학·공급망 충격 취약성을 만든 005930.KS, NVDA, 035420.KS에 대해 EFA로 추가 헷지를 적용하면 sleeve 취약도 변화가 -0.0536입니다. 정식 추천 기준은 미달해 검토 후보입니다.",Action formal gate did not pass. Blockers: cash_baseline_lag|linked_formal_gate_blocked|linked_recommendation_not_formal|not_trim_and_hedge. Linked recommendation status is evidence only: FAIL_GATE.,"EFA 조정은 지정학·공급망 충격 취약성을 낮추는 검토안이며 전후 지표는 CVaR 개선, MDD 개선, stress 개선으로 확인됩니다.",취약성 0.0536 감소; CVaR 0.20%p 개선; MDD 2.31%p 개선; stress 0.03%p 개선; Sharpe 0.00 악화,FORMAL_ACTION excluded by action-level gate: cash_baseline_lag|linked_formal_gate_blocked|linked_recommendation_not_formal|not_trim_and_hedge,False,True,"상위 sleeve 커버리지 이후 남은 후보 중 상태, 개선폭, turnover 기준으로 선택했습니다.",,"{""005930.KS"": 39.83559, ""035420.KS"": 20.6241, ""035720.KS"": 12.996008, ""NVDA"": 26.544302}","{""005930.KS"": 36.4473, ""035420.KS"": 18.8699, ""035720.KS"": 11.8906, ""EFA"": 5.93, ""NVDA"": 24.2866, ""__CASH__"": 2.5756}"
action_027,REVIEW_ACTION,ADD_HEDGE,,REVIEW,B,B. 조건부 처방,"핵심 취약점 보완 효과는 있으나 검증 샘플, 비용, 유동성, cash baseline 중 일부 확인이 필요합니다.",Y,LOW,100.0,0.33854724872455055,0.256972,linked_final_score,0.33854724872455055,76,B:70-89,grade_banded_final_score_v1,0.30691666098395654,0.0,growth_beta|korea_domestic_credit|korea_equity|krw_exposure|usdkrw_fx_korea|semiconductor_ai_cycle,defensive_equity|low_beta|rate_shock_growth_duration|recession_liquidity_stress,N,N,N,C,formal_rebalance_hedge_gate,FAIL,cash_baseline_lag|linked_formal_gate_blocked|linked_recommendation_not_formal|not_trim_and_hedge,geopolitical_supply_chain,지정학·공급망 충격,geopolitical_supply_chain,china_trade_fragmentation_shock|geopolitical_escalation_supply_shock,005930.KS|NVDA|035420.KS|035720.KS,005930.KS,,XLU,XLU,XLU,FAIL_GATE,FAIL_GATE,VALIDATION_NOT_ELIGIBLE,fail_gate|validation_not_eligible,하드 게이트 실패 - Do not promote until the failing gate is resolved.; validation not eligible - Keep blocked or rebuild the candidate with valid backtest inputs.,0,0,0,0,linked_recommendation_evidence_after_backtest,,"Action formal gate failed: cash_baseline_lag, linked_formal_gate_blocked, linked_recommendation_not_formal, not_trim_and_hedge","{""alternatives"": [{""available"": true, ""cvar"": -0.03285017511171164, ""estimated_cost_bps"": 0.0, ""mdd"": -0.46850959194183084, ""name"": ""current"", ""stress"": -0.0041445541192071614, ""turnover_pct"": 0.0, ""why_not_chosen_ko"": ""baseline portfolio""}, {""available"": true, ""cvar_delta_after_cost"": 0.00234657, ""estimated_cost_bps"": 25.0, ""mdd_delta_after_cost"": 0.03290156, ""name"": ""trim_hedge"", ""stress_delta_after_cost"": 0.00019413, ""turnover_pct"": 17.0111, ""why_not_chosen_ko"": """"}, {""available"": true, ""cvar_delta_after_cost"": 0.0027941, ""estimated_cost_bps"": 25.0, ""mdd_delta_after_cost"": 0.0305649, ""name"": ""trim_cash"", ""stress_delta_after_cost"": 0.00035252, ""turnover_pct"": 17.0111, ""why_not_chosen_ko"": ""cash baseline was compared against the trim+hedge action""}, {""available"": true, ""cvar_delta_after_cost"": 0.0, ""estimated_cost_bps"": 0.0, ""mdd_delta_after_cost"": 0.0, ""name"": ""hold"", ""stress_delta_after_cost"": 0.0, ""turnover_pct"": 0.0, ""why_not_chosen_ko"": ""does not reduce the active scenario vulnerability""}]}",4,0.00234657,0.03290156,0.00019413,25.0,0.00042528,ASSUMED_LIQUID_UNIVERSE,Y,Y,Y,Y,LAGS_CASH,ROBUST_IMPROVE,UNCERTAIN,Y,"{""concentration_cap_pct"": 50.0, ""max_candidate_weight_pct"": 20.0, ""max_turnover_pct"": 20.0, ""min_existing_kept_pct"": 80.0, ""profile_source"": ""system_default""}",,0.68085827,0.62863455,-0.05222372,7.6703,100.0,100.0,100.0,39.83559,36.4473,39.83559,36.4473,0.0,7.4482,-0.03285017511171164,-0.030503607838261514,0.00234657,-0.46850959194183084,-0.43560803163462647,0.03290156,0.38676029548259583,0.40646558913817316,0.01970529,-0.0041445541192071614,-0.003950423134991861,0.00019413,1.044823969603441,1.0781114431689038,0.03328747,computed_from_action_before_after_weights,,17.0111,91.4944,5.0,PASS,,"지정학·공급망 충격 취약성을 만든 005930.KS, NVDA, 035420.KS에 대해 XLU로 추가 헷지를 적용하면 sleeve 취약도 변화가 -0.0522입니다. 정식 추천 기준은 미달해 검토 후보입니다.",Action formal gate did not pass. Blockers: cash_baseline_lag|linked_formal_gate_blocked|linked_recommendation_not_formal|not_trim_and_hedge. Linked recommendation status is evidence only: FAIL_GATE.,"XLU 조정은 지정학·공급망 충격 취약성을 낮추는 검토안이며 전후 지표는 CVaR 개선, MDD 개선, stress 개선으로 확인됩니다.",취약성 0.0522 감소; CVaR 0.23%p 개선; MDD 3.29%p 개선; stress 0.02%p 개선; Sharpe 0.03 개선,FORMAL_ACTION excluded by action-level gate: cash_baseline_lag|linked_formal_gate_blocked|linked_recommendation_not_formal|not_trim_and_hedge,False,True,"상위 sleeve 커버리지 이후 남은 후보 중 상태, 개선폭, turnover 기준으로 선택했습니다.",,"{""005930.KS"": 39.83559, ""035420.KS"": 20.6241, ""035720.KS"": 12.996008, ""NVDA"": 26.544302}","{""005930.KS"": 36.4473, ""035420.KS"": 18.8699, ""035720.KS"": 11.8906, ""NVDA"": 24.2866, ""XLU"": 7.4482, ""__CASH__"": 1.0573}"
action_030,FAIL_ACTION,TRIM_AND_HEDGE,,REVIEW,,,,Y,LOW,77.5,0.2,0.273992,linked_final_score,0.2,10,D:0-49,grade_banded_final_score_v1,0.6282070124837822,,,,,,,,formal_rebalance_hedge_gate,FAIL,base_action_status_fail_action|cash_baseline_lag|linked_formal_gate_blocked|linked_recommendation_not_formal|mdd_after_cost_not_improved|stress_after_cost_not_improved,geopolitical_supply_chain,지정학·공급망 충격,geopolitical_supply_chain,china_trade_fragmentation_shock|geopolitical_escalation_supply_shock,005930.KS,005930.KS,,BTC-USD,BTC-USD,BTC-USD,FAIL_GATE,FAIL_GATE,VALIDATION_NOT_ELIGIBLE,fail_gate|validation_not_eligible|liquidity_below_formal,하드 게이트 실패 - Do not promote until the failing gate is resolved.; validation not eligible - Keep blocked or rebuild the candidate with valid backtest inputs.; 유동성 기준 미달 - Refresh ADV evidence or exclude the candidate from formal recommendations.,0,0,0,0,linked_recommendation_evidence_after_backtest,,"Action formal gate failed: base_action_status_fail_action, cash_baseline_lag, linked_formal_gate_blocked, linked_recommendation_not_formal, mdd_after_cost_not_improved, stress_after_cost_not_improved","{""alternatives"": [{""available"": true, ""cvar"": -0.03285017511171164, ""estimated_cost_bps"": 0.0, ""mdd"": -0.46850959194183084, ""name"": ""current"", ""stress"": -0.0041445541192071614, ""turnover_pct"": 0.0, ""why_not_chosen_ko"": ""baseline portfolio""}, {""available"": true, ""cvar_delta_after_cost"": 0.00208563, ""estimated_cost_bps"": 25.0, ""mdd_delta_after_cost"": -0.01388332, ""name"": ""trim_hedge"", ""stress_delta_after_cost"": -0.00083626, ""turnover_pct"": 10.0, ""why_not_chosen_ko"": """"}, {""available"": true, ""cvar_delta_after_cost"": 0.0013538, ""estimated_cost_bps"": 25.0, ""mdd_delta_after_cost"": 0.00743727, ""name"": ""trim_cash"", ""stress_delta_after_cost"": 0.00026619, ""turnover_pct"": 10.0, ""why_not_chosen_ko"": ""cash baseline was compared against the trim+hedge action""}, {""available"": true, ""cvar_delta_after_cost"": 0.0, ""estimated_cost_bps"": 0.0, ""mdd_delta_after_cost"": 0.0, ""name"": ""hold"", ""stress_delta_after_cost"": 0.0, ""turnover_pct"": 0.0, ""why_not_chosen_ko"": ""does not reduce the active scenario vulnerability""}]}",4,0.00208563,-0.01388332,-0.00083626,25.0,0.00025,ASSUMED_LIQUID_UNIVERSE,Y,Y,Y,Y,LAGS_CASH,ROBUST_IMPROVE,ACTION_BOOTSTRAP_PASS,Y,"{""concentration_cap_pct"": 50.0, ""max_candidate_weight_pct"": 20.0, ""max_turnover_pct"": 20.0, ""min_existing_kept_pct"": 80.0, ""profile_source"": ""system_default""}",,0.68085827,0.62950341,-0.05135486,7.5427,54.9824,54.9824,54.9824,39.83559,34.83559,39.83559,34.83559,0.0,5.0,-0.03285017511171164,-0.030764547208777256,0.00208563,-0.46850959194183084,-0.4823929098562102,-0.01388332,0.38676029548259583,0.48678468273722375,0.10002439,-0.0041445541192071614,-0.004980813418052132,-0.00083626,1.044823969603441,1.5188091656890519,0.4739852,computed_from_action_before_after_weights,,10.0,95.0,5.0,PASS,MDD worsened; stress worsened,지정학·공급망 충격 취약성을 만든 005930.KS에 대해 BTC-USD로 원인 보유자산 일부 축소 후 헷지를 적용하면 sleeve 취약도 변화가 -0.0514입니다. 정식 추천 기준은 미달해 검토 후보입니다.,기준 미통과: MDD worsened; stress worsened,"BTC-USD 조정은 지정학·공급망 충격 취약성은 일부 낮춰도 핵심 리스크 지표가 악화되어 실행 기준 미통과입니다. (CVaR 개선, MDD 악화, stress 악화)",취약성 0.0514 감소; CVaR 0.21%p 개선; MDD 1.39%p 악화; stress 0.08%p 악화; Sharpe 0.47 개선,MDD worsened; stress worsened,False,False,,기준 미통과: MDD worsened; stress worsened,"{""005930.KS"": 39.83559, ""035420.KS"": 20.6241, ""035720.KS"": 12.996008, ""NVDA"": 26.544302}","{""005930.KS"": 34.83559, ""035420.KS"": 20.6241, ""035720.KS"": 12.996008, ""BTC-USD"": 5.0, ""NVDA"": 26.544302}"
action_042,REVIEW_ACTION,TRIM_AND_HEDGE,REVIEW_REQUIRED,REVIEW,B,B. 조건부 처방,"핵심 취약점 보완 효과는 있으나 검증 샘플, 비용, 유동성, cash baseline 중 일부 확인이 필요합니다.",Y,LOW,100.0,0.7449843621175325,0.464458,linked_final_score,0.7449843621175325,84,B:70-89,grade_banded_final_score_v1,0.789873327468917,1.0,growth_beta|korea_domestic_credit|korea_equity|krw_exposure|usdkrw_fx_korea|semiconductor_ai_cycle,fx_hedge|usdkrw_fx_korea|yen,N,N,N,C,formal_rebalance_hedge_gate,FAIL,bootstrap_not_robust|linked_formal_gate_blocked|linked_recommendation_not_formal,rate_shock_growth_duration,장기금리·성장주 듀레이션,rate_shock_growth_duration,higher_for_longer_long_rate_shock,NVDA,NVDA,,FXY,FXY,FXY,REFERENCE_ONLY,REFERENCE_ONLY,VALIDATION_THIN,validation_thin|cash_baseline_lag|bootstrap_not_robust|cash_bootstrap_not_robust|return_drag_reference|reference_only,"검증 표본 부족 - Keep review-only until the stress sample is thick enough.; 현금 기준 대비 열위 - Improve the cash-baseline comparison or keep the candidate review-only.; 부트스트랩 신뢰도 부족 - Increase sample coverage or downgrade fragile candidates.; 현금 기준 부트스트랩 부족 - Add stronger cash-baseline evidence before formal use.; 수익률 훼손 검토 필요 - Confirm risk reduction compensates for return drag before promotion.; 참고 후보 - Use as research context, not an execution recommendation.",1,1,0,0,linked_recommendation_evidence_after_backtest,,"Action formal gate failed: bootstrap_not_robust, linked_formal_gate_blocked, linked_recommendation_not_formal","{""alternatives"": [{""available"": true, ""cvar"": -0.03285017511171164, ""estimated_cost_bps"": 0.0, ""mdd"": -0.46850959194183084, ""name"": ""current"", ""stress"": -0.0041445541192071614, ""turnover_pct"": 0.0, ""why_not_chosen_ko"": ""baseline portfolio""}, {""available"": true, ""cvar_delta_after_cost"": 0.00215172, ""estimated_cost_bps"": 25.0, ""mdd_delta_after_cost"": 0.01873477, ""name"": ""trim_hedge"", ""stress_delta_after_cost"": 4.048e-05, ""turnover_pct"": 10.0, ""why_not_chosen_ko"": """"}, {""available"": true, ""cvar_delta_after_cost"": 0.00194873, ""estimated_cost_bps"": 25.0, ""mdd_delta_after_cost"": 0.02165988, ""name"": ""trim_cash"", ""stress_delta_after_cost"": 3.253e-05, ""turnover_pct"": 10.0, ""why_not_chosen_ko"": ""cash baseline was compared against the trim+hedge action""}, {""available"": true, ""cvar_delta_after_cost"": 0.0, ""estimated_cost_bps"": 0.0, ""mdd_delta_after_cost"": 0.0, ""name"": ""hold"", ""stress_delta_after_cost"": 0.0, ""turnover_pct"": 0.0, ""why_not_chosen_ko"": ""does not reduce the active scenario vulnerability""}]}",4,0.00215172,0.01873477,4.048e-05,25.0,0.00025,ASSUMED_LIQUID_UNIVERSE,Y,Y,Y,Y,BEATS_CASH,UNCERTAIN,ACTION_BOOTSTRAP_PASS,Y,"{""concentration_cap_pct"": 50.0, ""max_candidate_weight_pct"": 20.0, ""max_turnover_pct"": 20.0, ""min_existing_kept_pct"": 80.0, ""profile_source"": ""system_default""}",,0.50399945,0.44666439,-0.05733506,11.376,58.678,58.678,58.678,26.544302,21.544302,26.544302,21.544302,0.0,5.0,-0.03285017511171164,-0.03069845154286016,0.00215172,-0.46850959194183084,-0.44977481902889194,0.01873477,0.38676029548259583,0.3196113165505403,-0.06714898,-0.0041445541192071614,-0.004104076981171833,4.048e-05,1.044823969603441,1.020395801594564,-0.02442817,computed_from_action_before_after_weights,,10.0,95.0,5.0,PASS,,장기금리·성장주 듀레이션 취약성을 만든 NVDA에 대해 FXY로 원인 보유자산 일부 축소 후 헷지를 적용하면 sleeve 취약도 변화가 -0.0573입니다. 정식 추천 기준은 미달해 검토 후보입니다.,Action formal gate did not pass. Blockers: bootstrap_not_robust|linked_formal_gate_blocked|linked_recommendation_not_formal. Linked recommendation status is evidence only: REFERENCE_ONLY.,"FXY 조정은 장기금리·성장주 듀레이션 취약성을 낮추는 검토안이며 전후 지표는 CVaR 개선, MDD 개선, stress 개선으로 확인됩니다.",취약성 0.0573 감소; CVaR 0.22%p 개선; MDD 1.87%p 개선; stress 0.00%p 개선; Sharpe 0.02 악화,FORMAL_ACTION excluded by action-level gate: bootstrap_not_robust|linked_formal_gate_blocked|linked_recommendation_not_formal,False,True,취약성 기여가 큰 보유자산이 확인되어 단순 추가 헷지보다 TRIM_AND_HEDGE가 우선입니다.,,"{""005930.KS"": 39.83559, ""035420.KS"": 20.6241, ""035720.KS"": 12.996008, ""NVDA"": 26.544302}","{""005930.KS"": 39.83559, ""035420.KS"": 20.6241, ""035720.KS"": 12.996008, ""FXY"": 5.0, ""NVDA"": 21.544302}"
action_054,FAIL_ACTION,TRIM_AND_HEDGE,,REVIEW,,,,Y,LOW,85.0,0.7534291359839129,0.429019,linked_final_score,0.7534291359839129,37,D:0-49,grade_banded_final_score_v1,,1.0,growth_beta|korea_domestic_credit|korea_equity|krw_exposure|usdkrw_fx_korea|semiconductor_ai_cycle,fx_hedge|geopolitical_supply_chain|gold|inflation_energy_shock|korea_domestic_credit|kr_listed|usdkrw_fx_korea|yen,N,N,N,C,formal_rebalance_hedge_gate,FAIL,base_action_status_fail_action|linked_formal_gate_blocked|linked_recommendation_not_formal|stress_after_cost_not_improved,rate_shock_growth_duration,장기금리·성장주 듀레이션,rate_shock_growth_duration,higher_for_longer_long_rate_shock,NVDA,NVDA,,FXY|132030.KS,FXY,FXY + 132030.KS,REFERENCE_ONLY,FAIL_GATE,VALIDATION_THIN,validation_thin|cash_baseline_lag|bootstrap_not_robust|cash_bootstrap_not_robust|return_drag_reference|reference_only,"검증 표본 부족 - Keep review-only until the stress sample is thick enough.; 현금 기준 대비 열위 - Improve the cash-baseline comparison or keep the candidate review-only.; 부트스트랩 신뢰도 부족 - Increase sample coverage or downgrade fragile candidates.; 현금 기준 부트스트랩 부족 - Add stronger cash-baseline evidence before formal use.; 수익률 훼손 검토 필요 - Confirm risk reduction compensates for return drag before promotion.; 참고 후보 - Use as research context, not an execution recommendation.",1,1,0,0,linked_recommendation_evidence_after_backtest,,"Action formal gate failed: base_action_status_fail_action, linked_formal_gate_blocked, linked_recommendation_not_formal, stress_after_cost_not_improved","{""alternatives"": [{""available"": true, ""cvar"": -0.03285017511171164, ""estimated_cost_bps"": 0.0, ""mdd"": -0.46850959194183084, ""name"": ""current"", ""stress"": -0.0041445541192071614, ""turnover_pct"": 0.0, ""why_not_chosen_ko"": ""baseline portfolio""}, {""available"": true, ""cvar_delta_after_cost"": 0.00426396, ""estimated_cost_bps"": 25.0, ""mdd_delta_after_cost"": 0.02374632, ""name"": ""trim_hedge"", ""stress_delta_after_cost"": -0.00065022, ""turnover_pct"": 10.0, ""why_not_chosen_ko"": """"}, {""available"": true, ""cvar_delta_after_cost"": 0.00194873, ""estimated_cost_bps"": 25.0, ""mdd_delta_after_cost"": 0.02165988, ""name"": ""trim_cash"", ""stress_delta_after_cost"": 3.253e-05, ""turnover_pct"": 10.0, ""why_not_chosen_ko"": ""cash baseline was compared against the trim+hedge action""}, {""available"": true, ""cvar_delta_after_cost"": 0.0, ""estimated_cost_bps"": 0.0, ""mdd_delta_after_cost"": 0.0, ""name"": ""hold"", ""stress_delta_after_cost"": 0.0, ""turnover_pct"": 0.0, ""why_not_chosen_ko"": ""does not reduce the active scenario vulnerability""}]}",4,0.00426396,0.02374632,-0.00065022,25.0,0.00025,ASSUMED_LIQUID_UNIVERSE,Y,Y,Y,Y,BEATS_CASH,ACTION_BOOTSTRAP_PASS,ACTION_BOOTSTRAP_PASS,Y,"{""concentration_cap_pct"": 50.0, ""max_candidate_weight_pct"": 20.0, ""max_turnover_pct"": 20.0, ""min_existing_kept_pct"": 80.0, ""profile_source"": ""system_default""}",,0.50399945,0.44747881,-0.05652064,11.2144,58.678,58.678,58.678,26.544302,21.544302,26.544302,21.544302,0.0,2.5,-0.03285017511171164,-0.02858621705342975,0.00426396,-0.46850959194183084,-0.4447632753228121,0.02374632,0.38676029548259583,0.35173339880523025,-0.0350269,-0.0041445541192071614,-0.004794777939444342,-0.00065022,1.044823969603441,1.2274952887301336,0.18267132,computed_from_action_before_after_weights,,10.0,95.0,5.0,PASS,stress worsened,"장기금리·성장주 듀레이션 취약성을 만든 NVDA에 대해 FXY, 132030.KS로 원인 보유자산 일부 축소 후 헷지를 적용하면 sleeve 취약도 변화가 -0.0565입니다. 정식 추천 기준은 미달해 검토 후보입니다.",기준 미통과: stress worsened,"FXY + 132030.KS 조정은 장기금리·성장주 듀레이션 취약성은 일부 낮춰도 핵심 리스크 지표가 악화되어 실행 기준 미통과입니다. (CVaR 개선, MDD 개선, stress 악화)",취약성 0.0565 감소; CVaR 0.43%p 개선; MDD 2.37%p 개선; stress 0.07%p 악화; Sharpe 0.18 개선,stress worsened,False,False,,기준 미통과: stress worsened,"{""005930.KS"": 39.83559, ""035420.KS"": 20.6241, ""035720.KS"": 12.996008, ""NVDA"": 26.544302}","{""005930.KS"": 39.83559, ""035420.KS"": 20.6241, ""035720.KS"": 12.996008, ""132030.KS"": 2.5, ""FXY"": 2.5, ""NVDA"": 21.544302}"
action_062,FAIL_ACTION,TRIM_AND_HEDGE,,REVIEW,,,,Y,LOW,85.0,0.7204224112421053,0.41087,linked_final_score,0.7204224112421053,35,D:0-49,grade_banded_final_score_v1,,1.0,growth_beta|korea_domestic_credit|korea_equity|krw_exposure|usdkrw_fx_korea|semiconductor_ai_cycle,fx_hedge|korea_domestic_credit|krw_weakness|usd_hedge|usdkrw_fx_korea|yen,N,N,N,C,formal_rebalance_hedge_gate,FAIL,base_action_status_fail_action|linked_formal_gate_blocked|linked_recommendation_not_formal|stress_after_cost_not_improved,rate_shock_growth_duration,장기금리·성장주 듀레이션,rate_shock_growth_duration,higher_for_longer_long_rate_shock,NVDA,NVDA,,261240.KS|FXY,261240.KS,261240.KS + FXY,FAIL_GATE,FAIL_GATE,VALIDATION_NOT_ELIGIBLE,fail_gate|validation_not_eligible,하드 게이트 실패 - Do not promote until the failing gate is resolved.; validation not eligible - Keep blocked or rebuild the candidate with valid backtest inputs.,0,0,0,0,linked_recommendation_evidence_after_backtest,,"Action formal gate failed: base_action_status_fail_action, linked_formal_gate_blocked, linked_recommendation_not_formal, stress_after_cost_not_improved","{""alternatives"": [{""available"": true, ""cvar"": -0.03285017511171164, ""estimated_cost_bps"": 0.0, ""mdd"": -0.46850959194183084, ""name"": ""current"", ""stress"": -0.0041445541192071614, ""turnover_pct"": 0.0, ""why_not_chosen_ko"": ""baseline portfolio""}, {""available"": true, ""cvar_delta_after_cost"": 0.00289267, ""estimated_cost_bps"": 25.0, ""mdd_delta_after_cost"": 0.02818596, ""name"": ""trim_hedge"", ""stress_delta_after_cost"": -0.00086218, ""turnover_pct"": 10.0, ""why_not_chosen_ko"": """"}, {""available"": true, ""cvar_delta_after_cost"": 0.00194873, ""estimated_cost_bps"": 25.0, ""mdd_delta_after_cost"": 0.02165988, ""name"": ""trim_cash"", ""stress_delta_after_cost"": 3.253e-05, ""turnover_pct"": 10.0, ""why_not_chosen_ko"": ""cash baseline was compared against the trim+hedge action""}, {""available"": true, ""cvar_delta_after_cost"": 0.0, ""estimated_cost_bps"": 0.0, ""mdd_delta_after_cost"": 0.0, ""name"": ""hold"", ""stress_delta_after_cost"": 0.0, ""turnover_pct"": 0.0, ""why_not_chosen_ko"": ""does not reduce the active scenario vulnerability""}]}",4,0.00289267,0.02818596,-0.00086218,25.0,0.00025,ASSUMED_LIQUID_UNIVERSE,Y,Y,Y,Y,BEATS_CASH,ACTION_BOOTSTRAP_PASS,ACTION_BOOTSTRAP_PASS,Y,"{""concentration_cap_pct"": 50.0, ""max_candidate_weight_pct"": 20.0, ""max_turnover_pct"": 20.0, ""min_existing_kept_pct"": 80.0, ""profile_source"": ""system_default""}",,0.50399945,0.44807294,-0.05592651,11.0965,58.678,58.678,58.678,26.544302,21.544302,26.544302,21.544302,0.0,2.5,-0.03285017511171164,-0.029957502854919226,0.00289267,-0.46850959194183084,-0.4403236276374992,0.02818596,0.38676029548259583,0.3836928796072109,-0.00306742,-0.0041445541192071614,-0.0050067387437353235,-0.00086218,1.044823969603441,1.294457654031132,0.24963368,computed_from_action_before_after_weights,,10.0,95.0,5.0,PASS,stress worsened,"장기금리·성장주 듀레이션 취약성을 만든 NVDA에 대해 261240.KS, FXY로 원인 보유자산 일부 축소 후 헷지를 적용하면 sleeve 취약도 변화가 -0.0559입니다. 정식 추천 기준은 미달해 검토 후보입니다.",기준 미통과: stress worsened,"261240.KS + FXY 조정은 장기금리·성장주 듀레이션 취약성은 일부 낮춰도 핵심 리스크 지표가 악화되어 실행 기준 미통과입니다. (CVaR 개선, MDD 개선, stress 악화)",취약성 0.0559 감소; CVaR 0.29%p 개선; MDD 2.82%p 개선; stress 0.09%p 악화; Sharpe 0.25 개선,stress worsened,False,False,,기준 미통과: stress worsened,"{""005930.KS"": 39.83559, ""035420.KS"": 20.6241, ""035720.KS"": 12.996008, ""NVDA"": 26.544302}","{""005930.KS"": 39.83559, ""035420.KS"": 20.6241, ""035720.KS"": 12.996008, ""261240.KS"": 2.5, ""FXY"": 2.5, ""NVDA"": 21.544302}"
action_080,FAIL_ACTION,TRIM_AND_HEDGE,,REVIEW,,,,Y,LOW,85.0,0.5722272844973371,0.332787,linked_final_score,0.5722272844973371,28,D:0-49,grade_banded_final_score_v1,,1.0,growth_beta|korea_domestic_credit|korea_equity|krw_exposure|usdkrw_fx_korea|semiconductor_ai_cycle,cash_like|fx_hedge|korea_domestic_credit|kr_short_bond|rate_shock_growth_duration|usdkrw_fx_korea|yen,N,Y,N,C,formal_rebalance_hedge_gate,FAIL,base_action_status_fail_action|linked_formal_gate_blocked|linked_recommendation_not_formal|stress_after_cost_not_improved,rate_shock_growth_duration,장기금리·성장주 듀레이션,rate_shock_growth_duration,higher_for_longer_long_rate_shock,NVDA,NVDA,,FXY|153130.KS,FXY,FXY + 153130.KS,FAIL_GATE,FAIL_GATE,VALIDATION_NOT_ELIGIBLE,fail_gate|validation_not_eligible,하드 게이트 실패 - Do not promote until the failing gate is resolved.; validation not eligible - Keep blocked or rebuild the candidate with valid backtest inputs.,0,0,0,0,linked_recommendation_evidence_after_backtest,,"Action formal gate failed: base_action_status_fail_action, linked_formal_gate_blocked, linked_recommendation_not_formal, stress_after_cost_not_improved","{""alternatives"": [{""available"": true, ""cvar"": -0.03285017511171164, ""estimated_cost_bps"": 0.0, ""mdd"": -0.46850959194183084, ""name"": ""current"", ""stress"": -0.0041445541192071614, ""turnover_pct"": 0.0, ""why_not_chosen_ko"": ""baseline portfolio""}, {""available"": true, ""cvar_delta_after_cost"": 0.00439882, ""estimated_cost_bps"": 25.0, ""mdd_delta_after_cost"": 0.02546226, ""name"": ""trim_hedge"", ""stress_delta_after_cost"": -0.00149522, ""turnover_pct"": 10.0, ""why_not_chosen_ko"": """"}, {""available"": true, ""cvar_delta_after_cost"": 0.00194873, ""estimated_cost_bps"": 25.0, ""mdd_delta_after_cost"": 0.02165988, ""name"": ""trim_cash"", ""stress_delta_after_cost"": 3.253e-05, ""turnover_pct"": 10.0, ""why_not_chosen_ko"": ""cash baseline was compared against the trim+hedge action""}, {""available"": true, ""cvar_delta_after_cost"": 0.0, ""estimated_cost_bps"": 0.0, ""mdd_delta_after_cost"": 0.0, ""name"": ""hold"", ""stress_delta_after_cost"": 0.0, ""turnover_pct"": 0.0, ""why_not_chosen_ko"": ""does not reduce the active scenario vulnerability""}]}",4,0.00439882,0.02546226,-0.00149522,25.0,0.00025,ASSUMED_LIQUID_UNIVERSE,Y,Y,Y,Y,BEATS_CASH,ACTION_BOOTSTRAP_PASS,UNCERTAIN,Y,"{""concentration_cap_pct"": 50.0, ""max_candidate_weight_pct"": 20.0, ""max_turnover_pct"": 20.0, ""min_existing_kept_pct"": 80.0, ""profile_source"": ""system_default""}",,0.50399945,0.45648126,-0.04751819,9.4282,58.678,58.678,58.678,26.544302,21.544302,26.544302,21.544302,0.0,2.5,-0.03285017511171164,-0.028451351949932625,0.00439882,-0.46850959194183084,-0.4430473304830703,0.02546226,0.38676029548259583,0.35514349208840446,-0.0316168,-0.0041445541192071614,-0.005639775427015671,-0.00149522,1.044823969603441,1.1863841545585228,0.14156018,computed_from_action_before_after_weights,,10.0,95.0,5.0,PASS,stress worsened,"장기금리·성장주 듀레이션 취약성을 만든 NVDA에 대해 FXY, 153130.KS로 원인 보유자산 일부 축소 후 헷지를 적용하면 sleeve 취약도 변화가 -0.0475입니다. 정식 추천 기준은 미달해 검토 후보입니다.",기준 미통과: stress worsened,"FXY + 153130.KS 조정은 장기금리·성장주 듀레이션 취약성은 일부 낮춰도 핵심 리스크 지표가 악화되어 실행 기준 미통과입니다. (CVaR 개선, MDD 개선, stress 악화)",취약성 0.0475 감소; CVaR 0.44%p 개선; MDD 2.55%p 개선; stress 0.15%p 악화; Sharpe 0.14 개선,stress worsened,False,False,,기준 미통과: stress worsened,"{""005930.KS"": 39.83559, ""035420.KS"": 20.6241, ""035720.KS"": 12.996008, ""NVDA"": 26.544302}","{""005930.KS"": 39.83559, ""035420.KS"": 20.6241, ""035720.KS"": 12.996008, ""153130.KS"": 2.5, ""FXY"": 2.5, ""NVDA"": 21.544302}"
action_041,REVIEW_ACTION,ADD_HEDGE,,REVIEW,C,C. 검토 후보,방향성은 맞지만 공식 처방이라 부르기에는 근거 또는 제약 검증이 부족합니다.,Y,LOW,100.0,0.7449843621175325,0.50102,linked_final_score,0.7449843621175325,64,C:50-69,grade_banded_final_score_v1,0.789873327468917,1.0,growth_beta|korea_domestic_credit|korea_equity|krw_exposure|usdkrw_fx_korea|semiconductor_ai_cycle,fx_hedge|usdkrw_fx_korea|yen,N,N,N,C,formal_rebalance_hedge_gate,FAIL,linked_formal_gate_blocked|linked_recommendation_not_formal|not_trim_and_hedge,rate_shock_growth_duration,장기금리·성장주 듀레이션,rate_shock_growth_duration,higher_for_longer_long_rate_shock,NVDA|005930.KS|035420.KS|035720.KS,NVDA,,FXY,FXY,FXY,REFERENCE_ONLY,REFERENCE_ONLY,VALIDATION_THIN,validation_thin|cash_baseline_lag|bootstrap_not_robust|cash_bootstrap_not_robust|return_drag_reference|reference_only,"검증 표본 부족 - Keep review-only until the stress sample is thick enough.; 현금 기준 대비 열위 - Improve the cash-baseline comparison or keep the candidate review-only.; 부트스트랩 신뢰도 부족 - Increase sample coverage or downgrade fragile candidates.; 현금 기준 부트스트랩 부족 - Add stronger cash-baseline evidence before formal use.; 수익률 훼손 검토 필요 - Confirm risk reduction compensates for return drag before promotion.; 참고 후보 - Use as research context, not an execution recommendation.",1,1,0,0,linked_recommendation_evidence_after_backtest,,"Action formal gate failed: linked_formal_gate_blocked, linked_recommendation_not_formal, not_trim_and_hedge","{""alternatives"": [{""available"": true, ""cvar"": -0.03285017511171164, ""estimated_cost_bps"": 0.0, ""mdd"": -0.46850959194183084, ""name"": ""current"", ""stress"": -0.0041445541192071614, ""turnover_pct"": 0.0, ""why_not_chosen_ko"": ""baseline portfolio""}, {""available"": true, ""cvar_delta_after_cost"": 0.00302042, ""estimated_cost_bps"": 25.0, ""mdd_delta_after_cost"": 0.02664158, ""name"": ""trim_hedge"", ""stress_delta_after_cost"": 0.00036282, ""turnover_pct"": 17.0112, ""why_not_chosen_ko"": """"}, {""available"": true, ""cvar_delta_after_cost"": 0.0027941, ""estimated_cost_bps"": 25.0, ""mdd_delta_after_cost"": 0.0305649, ""name"": ""trim_cash"", ""stress_delta_after_cost"": 0.00035252, ""turnover_pct"": 17.0112, ""why_not_chosen_ko"": ""cash baseline was compared against the trim+hedge action""}, {""available"": true, ""cvar_delta_after_cost"": 0.0, ""estimated_cost_bps"": 0.0, ""mdd_delta_after_cost"": 0.0, ""name"": ""hold"", ""stress_delta_after_cost"": 0.0, ""turnover_pct"": 0.0, ""why_not_chosen_ko"": ""does not reduce the active scenario vulnerability""}]}",4,0.00302042,0.02664158,0.00036282,25.0,0.00042528,ASSUMED_LIQUID_UNIVERSE,Y,Y,Y,Y,BEATS_CASH,ROBUST_IMPROVE,UNCERTAIN,Y,"{""concentration_cap_pct"": 50.0, ""max_candidate_weight_pct"": 20.0, ""max_turnover_pct"": 20.0, ""min_existing_kept_pct"": 80.0, ""profile_source"": ""system_default""}",,0.50399945,0.45902044,-0.04497901,8.9244,100.0,100.0,100.0,26.544302,24.2866,26.544302,24.2866,0.0,6.4809,-0.03285017511171164,-0.029829757537305532,0.00302042,-0.46850959194183084,-0.441868015041719,0.02664158,0.38676029548259583,0.36003034246990334,-0.02672995,-0.0041445541192071614,-0.003781735042280828,0.00036282,1.044823969603441,1.060504641815321,0.01568067,computed_from_action_before_after_weights,,17.0112,91.4944,5.0,PASS,,"장기금리·성장주 듀레이션 취약성을 만든 NVDA, 005930.KS, 035420.KS에 대해 FXY로 추가 헷지를 적용하면 sleeve 취약도 변화가 -0.0450입니다. 정식 추천 기준은 미달해 검토 후보입니다.",Action formal gate did not pass. Blockers: linked_formal_gate_blocked|linked_recommendation_not_formal|not_trim_and_hedge. Linked recommendation status is evidence only: REFERENCE_ONLY.,"FXY 조정은 장기금리·성장주 듀레이션 취약성을 낮추는 검토안이며 전후 지표는 CVaR 개선, MDD 개선, stress 개선으로 확인됩니다.",취약성 0.0450 감소; CVaR 0.30%p 개선; MDD 2.66%p 개선; stress 0.04%p 개선; Sharpe 0.02 개선,FORMAL_ACTION excluded by action-level gate: linked_formal_gate_blocked|linked_recommendation_not_formal|not_trim_and_hedge,False,False,,같은 risk sleeve에서 더 적합한 액션이 선택되어 후보 감사 목록에만 남겼습니다.,"{""005930.KS"": 39.83559, ""035420.KS"": 20.6241, ""035720.KS"": 12.996008, ""NVDA"": 26.544302}","{""005930.KS"": 36.4473, ""035420.KS"": 18.8699, ""035720.KS"": 11.8906, ""FXY"": 6.4809, ""NVDA"": 24.2866, ""__CASH__"": 2.0247}"
action_072,FAIL_ACTION,TRIM_AND_HEDGE,REVIEW_REQUIRED,REVIEW,,,,Y,LOW,85.0,0.6806143510221117,0.319789,linked_final_score,0.6806143510221117,33,D:0-49,grade_banded_final_score_v1,,1.0,growth_beta|korea_domestic_credit|korea_equity|krw_exposure|usdkrw_fx_korea|semiconductor_ai_cycle,fx_hedge|growth_beta_offset|low_beta|market_neutral|rate_shock_growth_duration|recession_liquidity_stress|semiconductor_ai_cycle|usdkrw_fx_korea|yen,N,N,N,C,formal_rebalance_hedge_gate,FAIL,base_action_status_fail_action|bootstrap_not_robust|linked_formal_gate_blocked|linked_recommendation_not_formal|stress_after_cost_not_improved,rate_shock_growth_duration,장기금리·성장주 듀레이션,rate_shock_growth_duration,higher_for_longer_long_rate_shock,NVDA,NVDA,,FXY|BTAL,FXY,FXY + BTAL,REFERENCE_ONLY,FAIL_GATE,VALIDATION_THIN,validation_thin|cash_baseline_lag|bootstrap_not_robust|cash_bootstrap_not_robust|return_drag_reference|reference_only,"검증 표본 부족 - Keep review-only until the stress sample is thick enough.; 현금 기준 대비 열위 - Improve the cash-baseline comparison or keep the candidate review-only.; 부트스트랩 신뢰도 부족 - Increase sample coverage or downgrade fragile candidates.; 현금 기준 부트스트랩 부족 - Add stronger cash-baseline evidence before formal use.; 수익률 훼손 검토 필요 - Confirm risk reduction compensates for return drag before promotion.; 참고 후보 - Use as research context, not an execution recommendation.",1,1,0,0,linked_recommendation_evidence_after_backtest,,"Action formal gate failed: base_action_status_fail_action, bootstrap_not_robust, linked_formal_gate_blocked, linked_recommendation_not_formal, stress_after_cost_not_improved","{""alternatives"": [{""available"": true, ""cvar"": -0.03285017511171164, ""estimated_cost_bps"": 0.0, ""mdd"": -0.46850959194183084, ""name"": ""current"", ""stress"": -0.0041445541192071614, ""turnover_pct"": 0.0, ""why_not_chosen_ko"": ""baseline portfolio""}, {""available"": true, ""cvar_delta_after_cost"": 0.00456614, ""estimated_cost_bps"": 25.0, ""mdd_delta_after_cost"": 0.02564633, ""name"": ""trim_hedge"", ""stress_delta_after_cost"": -0.00139185, ""turnover_pct"": 10.0, ""why_not_chosen_ko"": """"}, {""available"": true, ""cvar_delta_after_cost"": 0.00194873, ""estimated_cost_bps"": 25.0, ""mdd_delta_after_cost"": 0.02165988, ""name"": ""trim_cash"", ""stress_delta_after_cost"": 3.253e-05, ""turnover_pct"": 10.0, ""why_not_chosen_ko"": ""cash baseline was compared against the trim+hedge action""}, {""available"": true, ""cvar_delta_after_cost"": 0.0, ""estimated_cost_bps"": 0.0, ""mdd_delta_after_cost"": 0.0, ""name"": ""hold"", ""stress_delta_after_cost"": 0.0, ""turnover_pct"": 0.0, ""why_not_chosen_ko"": ""does not reduce the active scenario vulnerability""}]}",4,0.00456614,0.02564633,-0.00139185,25.0,0.00025,ASSUMED_LIQUID_UNIVERSE,Y,Y,Y,Y,BEATS_CASH,UNCERTAIN,UNCERTAIN,Y,"{""concentration_cap_pct"": 50.0, ""max_candidate_weight_pct"": 20.0, ""max_turnover_pct"": 20.0, ""min_existing_kept_pct"": 80.0, ""profile_source"": ""system_default""}",,0.50399945,0.45947881,-0.04452064,8.8335,58.678,58.678,58.678,26.544302,21.544302,26.544302,21.544302,0.0,2.5,-0.03285017511171164,-0.02828403881590643,0.00456614,-0.46850959194183084,-0.44286326445089463,0.02564633,0.38676029548259583,0.3460747888007576,-0.04068551,-0.0041445541192071614,-0.005536404651019777,-0.00139185,1.044823969603441,1.2454737973960242,0.20064983,computed_from_action_before_after_weights,,10.0,95.0,5.0,PASS,stress worsened,"장기금리·성장주 듀레이션 취약성을 만든 NVDA에 대해 FXY, BTAL로 원인 보유자산 일부 축소 후 헷지를 적용하면 sleeve 취약도 변화가 -0.0445입니다. 정식 추천 기준은 미달해 검토 후보입니다.",기준 미통과: stress worsened,"FXY + BTAL 조정은 장기금리·성장주 듀레이션 취약성은 일부 낮춰도 핵심 리스크 지표가 악화되어 실행 기준 미통과입니다. (CVaR 개선, MDD 개선, stress 악화)",취약성 0.0445 감소; CVaR 0.46%p 개선; MDD 2.56%p 개선; stress 0.14%p 악화; Sharpe 0.20 개선,stress worsened,False,False,,기준 미통과: stress worsened,"{""005930.KS"": 39.83559, ""035420.KS"": 20.6241, ""035720.KS"": 12.996008, ""NVDA"": 26.544302}","{""005930.KS"": 39.83559, ""035420.KS"": 20.6241, ""035720.KS"": 12.996008, ""BTAL"": 2.5, ""FXY"": 2.5, ""NVDA"": 21.544302}"
action_053,FAIL_ACTION,ADD_HEDGE,,REVIEW,,,,Y,LOW,85.0,0.7534291359839129,0.35331,linked_final_score,0.7534291359839129,37,D:0-49,grade_banded_final_score_v1,,1.0,growth_beta|korea_domestic_credit|korea_equity|krw_exposure|usdkrw_fx_korea|semiconductor_ai_cycle,fx_hedge|geopolitical_supply_chain|gold|inflation_energy_shock|korea_domestic_credit|kr_listed|usdkrw_fx_korea|yen,N,N,N,C,formal_rebalance_hedge_gate,FAIL,base_action_status_fail_action|cash_baseline_lag|linked_formal_gate_blocked|linked_recommendation_not_formal|not_trim_and_hedge|stress_after_cost_not_improved,rate_shock_growth_duration,장기금리·성장주 듀레이션,rate_shock_growth_duration,higher_for_longer_long_rate_shock,NVDA|005930.KS|035420.KS|035720.KS,NVDA,,FXY|132030.KS,FXY,FXY + 132030.KS,REFERENCE_ONLY,FAIL_GATE,VALIDATION_THIN,validation_thin|cash_baseline_lag|bootstrap_not_robust|cash_bootstrap_not_robust|return_drag_reference|reference_only,"검증 표본 부족 - Keep review-only until the stress sample is thick enough.; 현금 기준 대비 열위 - Improve the cash-baseline comparison or keep the candidate review-only.; 부트스트랩 신뢰도 부족 - Increase sample coverage or downgrade fragile candidates.; 현금 기준 부트스트랩 부족 - Add stronger cash-baseline evidence before formal use.; 수익률 훼손 검토 필요 - Confirm risk reduction compensates for return drag before promotion.; 참고 후보 - Use as research context, not an execution recommendation.",1,1,0,0,linked_recommendation_evidence_after_backtest,,"Action formal gate failed: base_action_status_fail_action, cash_baseline_lag, linked_formal_gate_blocked, linked_recommendation_not_formal, not_trim_and_hedge, stress_after_cost_not_improved","{""alternatives"": [{""available"": true, ""cvar"": -0.03285017511171164, ""estimated_cost_bps"": 0.0, ""mdd"": -0.46850959194183084, ""name"": ""current"", ""stress"": -0.0041445541192071614, ""turnover_pct"": 0.0, ""why_not_chosen_ko"": ""baseline portfolio""}, {""available"": true, ""cvar_delta_after_cost"": 0.00512437, ""estimated_cost_bps"": 25.0, ""mdd_delta_after_cost"": 0.02947188, ""name"": ""trim_hedge"", ""stress_delta_after_cost"": -0.00025906, ""turnover_pct"": 17.0111, ""why_not_chosen_ko"": """"}, {""available"": true, ""cvar_delta_after_cost"": 0.0027941, ""estimated_cost_bps"": 25.0, ""mdd_delta_after_cost"": 0.0305649, ""name"": ""trim_cash"", ""stress_delta_after_cost"": 0.00035252, ""turnover_pct"": 17.0111, ""why_not_chosen_ko"": ""cash baseline was compared against the trim+hedge action""}, {""available"": true, ""cvar_delta_after_cost"": 0.0, ""estimated_cost_bps"": 0.0, ""mdd_delta_after_cost"": 0.0, ""name"": ""hold"", ""stress_delta_after_cost"": 0.0, ""turnover_pct"": 0.0, ""why_not_chosen_ko"": ""does not reduce the active scenario vulnerability""}]}",4,0.00512437,0.02947188,-0.00025906,25.0,0.00042528,ASSUMED_LIQUID_UNIVERSE,Y,Y,Y,Y,LAGS_CASH,ROBUST_IMPROVE,ACTION_BOOTSTRAP_PASS,Y,"{""concentration_cap_pct"": 50.0, ""max_candidate_weight_pct"": 20.0, ""max_turnover_pct"": 20.0, ""min_existing_kept_pct"": 80.0, ""profile_source"": ""system_default""}",,0.50399945,0.46007608,-0.04392337,8.715,100.0,100.0,100.0,26.544302,24.2866,26.544302,24.2866,0.0,3.2404,-0.03285017511171164,-0.02772581000574633,0.00512437,-0.46850959194183084,-0.43903770700775413,0.02947188,0.38676029548259583,0.3922309634182751,0.00547067,-0.0041445541192071614,-0.004403615922582162,-0.00025906,1.044823969603441,1.2905607296584545,0.24573676,computed_from_action_before_after_weights,,17.0111,91.4944,5.0,PASS,stress worsened,"장기금리·성장주 듀레이션 취약성을 만든 NVDA, 005930.KS, 035420.KS에 대해 FXY, 132030.KS로 추가 헷지를 적용하면 sleeve 취약도 변화가 -0.0439입니다. 정식 추천 기준은 미달해 검토 후보입니다.",기준 미통과: stress worsened,"FXY + 132030.KS 조정은 장기금리·성장주 듀레이션 취약성은 일부 낮춰도 핵심 리스크 지표가 악화되어 실행 기준 미통과입니다. (CVaR 개선, MDD 개선, stress 악화)",취약성 0.0439 감소; CVaR 0.51%p 개선; MDD 2.95%p 개선; stress 0.03%p 악화; Sharpe 0.25 개선,stress worsened,False,False,,기준 미통과: stress worsened,"{""005930.KS"": 39.83559, ""035420.KS"": 20.6241, ""035720.KS"": 12.996008, ""NVDA"": 26.544302}","{""005930.KS"": 36.4473, ""035420.KS"": 18.8699, ""035720.KS"": 11.8906, ""132030.KS"": 3.7289, ""FXY"": 3.2404, ""NVDA"": 24.2866, ""__CASH__"": 1.5362}"
action_070,FAIL_ACTION,TRIM_AND_HEDGE,,REVIEW,,,,Y,LOW,85.0,0.6842625302284479,0.323019,linked_final_score,0.6842625302284479,34,D:0-49,grade_banded_final_score_v1,,1.0,growth_beta|korea_domestic_credit|korea_equity|krw_exposure|usdkrw_fx_korea|semiconductor_ai_cycle,geopolitical_supply_chain|gold|growth_beta_offset|inflation_energy_shock|korea_domestic_credit|kr_listed|low_beta|market_neutral|rate_shock_growth_duration|recession_liquidity_stress|semiconductor_ai_cycle|usdkrw_fx_korea,N,N,N,C,formal_rebalance_hedge_gate,FAIL,base_action_status_fail_action|linked_formal_gate_blocked|linked_recommendation_not_formal|stress_after_cost_not_improved,rate_shock_growth_duration,장기금리·성장주 듀레이션,rate_shock_growth_duration,higher_for_longer_long_rate_shock,NVDA,NVDA,,BTAL|132030.KS,BTAL,BTAL + 132030.KS,FAIL_GATE,FAIL_GATE,VALIDATION_NOT_ELIGIBLE,fail_gate|validation_not_eligible,하드 게이트 실패 - Do not promote until the failing gate is resolved.; validation not eligible - Keep blocked or rebuild the candidate with valid backtest inputs.,0,0,0,0,linked_recommendation_evidence_after_backtest,,"Action formal gate failed: base_action_status_fail_action, linked_formal_gate_blocked, linked_recommendation_not_formal, stress_after_cost_not_improved","{""alternatives"": [{""available"": true, ""cvar"": -0.03285017511171164, ""estimated_cost_bps"": 0.0, ""mdd"": -0.46850959194183084, ""name"": ""current"", ""stress"": -0.0041445541192071614, ""turnover_pct"": 0.0, ""why_not_chosen_ko"": ""baseline portfolio""}, {""available"": true, ""cvar_delta_after_cost"": 0.00437418, ""estimated_cost_bps"": 25.0, ""mdd_delta_after_cost"": 0.03080389, ""name"": ""trim_hedge"", ""stress_delta_after_cost"": -0.00128371, ""turnover_pct"": 10.0, ""why_not_chosen_ko"": """"}, {""available"": true, ""cvar_delta_after_cost"": 0.00194873, ""estimated_cost_bps"": 25.0, ""mdd_delta_after_cost"": 0.02165988, ""name"": ""trim_cash"", ""stress_delta_after_cost"": 3.253e-05, ""turnover_pct"": 10.0, ""why_not_chosen_ko"": ""cash baseline was compared against the trim+hedge action""}, {""available"": true, ""cvar_delta_after_cost"": 0.0, ""estimated_cost_bps"": 0.0, ""mdd_delta_after_cost"": 0.0, ""name"": ""hold"", ""stress_delta_after_cost"": 0.0, ""turnover_pct"": 0.0, ""why_not_chosen_ko"": ""does not reduce the active scenario vulnerability""}]}",4,0.00437418,0.03080389,-0.00128371,25.0,0.00025,ASSUMED_LIQUID_UNIVERSE,Y,Y,Y,Y,BEATS_CASH,ACTION_BOOTSTRAP_PASS,UNCERTAIN,Y,"{""concentration_cap_pct"": 50.0, ""max_candidate_weight_pct"": 20.0, ""max_turnover_pct"": 20.0, ""min_existing_kept_pct"": 80.0, ""profile_source"": ""system_default""}",,0.50399945,0.46029322,-0.04370623,8.6719,58.678,58.678,58.678,26.544302,21.544302,26.544302,21.544302,0.0,2.5,-0.03285017511171164,-0.028475998225863455,0.00437418,-0.46850959194183084,-0.43770569725487474,0.03080389,0.38676029548259583,0.34183662709103685,-0.04492367,-0.0041445541192071614,-0.00542826186776049,-0.00128371,1.044823969603441,1.2487419486889384,0.20391798,computed_from_action_before_after_weights,,10.0,95.0,5.0,PASS,stress worsened,"장기금리·성장주 듀레이션 취약성을 만든 NVDA에 대해 BTAL, 132030.KS로 원인 보유자산 일부 축소 후 헷지를 적용하면 sleeve 취약도 변화가 -0.0437입니다. 정식 추천 기준은 미달해 검토 후보입니다.",기준 미통과: stress worsened,"BTAL + 132030.KS 조정은 장기금리·성장주 듀레이션 취약성은 일부 낮춰도 핵심 리스크 지표가 악화되어 실행 기준 미통과입니다. (CVaR 개선, MDD 개선, stress 악화)",취약성 0.0437 감소; CVaR 0.44%p 개선; MDD 3.08%p 개선; stress 0.13%p 악화; Sharpe 0.20 개선,stress worsened,False,False,,기준 미통과: stress worsened,"{""005930.KS"": 39.83559, ""035420.KS"": 20.6241, ""035720.KS"": 12.996008, ""NVDA"": 26.544302}","{""005930.KS"": 39.83559, ""035420.KS"": 20.6241, ""035720.KS"": 12.996008, ""132030.KS"": 2.5, ""BTAL"": 2.5, ""NVDA"": 21.544302}"
action_052,FAIL_ACTION,TRIM_AND_HEDGE,,REVIEW,,,,Y,LOW,85.0,0.7764779340579246,0.301129,linked_final_score,0.7764779340579246,38,D:0-49,grade_banded_final_score_v1,,1.0,growth_beta|korea_domestic_credit|korea_equity|krw_exposure|usdkrw_fx_korea|semiconductor_ai_cycle,growth_beta_offset|korea_domestic_credit|krw_weakness|low_beta|market_neutral|rate_shock_growth_duration|recession_liquidity_stress|semiconductor_ai_cycle|usd_hedge|usdkrw_fx_korea,N,N,N,C,formal_rebalance_hedge_gate,FAIL,base_action_status_fail_action|linked_formal_gate_blocked|linked_recommendation_not_formal|stress_after_cost_not_improved,rate_shock_growth_duration,장기금리·성장주 듀레이션,rate_shock_growth_duration,higher_for_longer_long_rate_shock,NVDA,NVDA,,261240.KS|BTAL,261240.KS,261240.KS + BTAL,FAIL_GATE,FAIL_GATE,VALIDATION_NOT_ELIGIBLE,fail_gate|validation_not_eligible,하드 게이트 실패 - Do not promote until the failing gate is resolved.; validation not eligible - Keep blocked or rebuild the candidate with valid backtest inputs.,0,0,0,0,linked_recommendation_evidence_after_backtest,,"Action formal gate failed: base_action_status_fail_action, linked_formal_gate_blocked, linked_recommendation_not_formal, stress_after_cost_not_improved","{""alternatives"": [{""available"": true, ""cvar"": -0.03285017511171164, ""estimated_cost_bps"": 0.0, ""mdd"": -0.46850959194183084, ""name"": ""current"", ""stress"": -0.0041445541192071614, ""turnover_pct"": 0.0, ""why_not_chosen_ko"": ""baseline portfolio""}, {""available"": true, ""cvar_delta_after_cost"": 0.00298813, ""estimated_cost_bps"": 25.0, ""mdd_delta_after_cost"": 0.03529853, ""name"": ""trim_hedge"", ""stress_delta_after_cost"": -0.00085205, ""turnover_pct"": 10.0, ""why_not_chosen_ko"": """"}, {""available"": true, ""cvar_delta_after_cost"": 0.00194873, ""estimated_cost_bps"": 25.0, ""mdd_delta_after_cost"": 0.02165988, ""name"": ""trim_cash"", ""stress_delta_after_cost"": 3.253e-05, ""turnover_pct"": 10.0, ""why_not_chosen_ko"": ""cash baseline was compared against the trim+hedge action""}, {""available"": true, ""cvar_delta_after_cost"": 0.0, ""estimated_cost_bps"": 0.0, ""mdd_delta_after_cost"": 0.0, ""name"": ""hold"", ""stress_delta_after_cost"": 0.0, ""turnover_pct"": 0.0, ""why_not_chosen_ko"": ""does not reduce the active scenario vulnerability""}]}",4,0.00298813,0.03529853,-0.00085205,25.0,0.00025,ASSUMED_LIQUID_UNIVERSE,Y,Y,Y,Y,BEATS_CASH,ACTION_BOOTSTRAP_PASS,ACTION_BOOTSTRAP_PASS,Y,"{""concentration_cap_pct"": 50.0, ""max_candidate_weight_pct"": 20.0, ""max_turnover_pct"": 20.0, ""min_existing_kept_pct"": 80.0, ""profile_source"": ""system_default""}",,0.50399945,0.46088735,-0.04311209,8.554,58.678,58.678,58.678,26.544302,21.544302,26.544302,21.544302,0.0,2.5,-0.03285017511171164,-0.029862045588239332,0.00298813,-0.46850959194183084,-0.4332110643015281,0.03529853,0.38676029548259583,0.37682836048222085,-0.00993194,-0.0041445541192071614,-0.004996608071109895,-0.00085205,1.044823969603441,1.300472081632401,0.25564811,computed_from_action_before_after_weights,,10.0,95.0,5.0,PASS,stress worsened,"장기금리·성장주 듀레이션 취약성을 만든 NVDA에 대해 261240.KS, BTAL로 원인 보유자산 일부 축소 후 헷지를 적용하면 sleeve 취약도 변화가 -0.0431입니다. 정식 추천 기준은 미달해 검토 후보입니다.",기준 미통과: stress worsened,"261240.KS + BTAL 조정은 장기금리·성장주 듀레이션 취약성은 일부 낮춰도 핵심 리스크 지표가 악화되어 실행 기준 미통과입니다. (CVaR 개선, MDD 개선, stress 악화)",취약성 0.0431 감소; CVaR 0.30%p 개선; MDD 3.53%p 개선; stress 0.09%p 악화; Sharpe 0.26 개선,stress worsened,False,False,,기준 미통과: stress worsened,"{""005930.KS"": 39.83559, ""035420.KS"": 20.6241, ""035720.KS"": 12.996008, ""NVDA"": 26.544302}","{""005930.KS"": 39.83559, ""035420.KS"": 20.6241, ""035720.KS"": 12.996008, ""261240.KS"": 2.5, ""BTAL"": 2.5, ""NVDA"": 21.544302}"
action_061,FAIL_ACTION,ADD_HEDGE,,REVIEW,,,,Y,LOW,85.0,0.7204224112421053,0.338999,linked_final_score,0.7204224112421053,35,D:0-49,grade_banded_final_score_v1,,1.0,growth_beta|korea_domestic_credit|korea_equity|krw_exposure|usdkrw_fx_korea|semiconductor_ai_cycle,fx_hedge|korea_domestic_credit|krw_weakness|usd_hedge|usdkrw_fx_korea|yen,N,N,N,C,formal_rebalance_hedge_gate,FAIL,base_action_status_fail_action|linked_formal_gate_blocked|linked_recommendation_not_formal|not_trim_and_hedge|stress_after_cost_not_improved,rate_shock_growth_duration,장기금리·성장주 듀레이션,rate_shock_growth_duration,higher_for_longer_long_rate_shock,NVDA|005930.KS|035420.KS|035720.KS,NVDA,,261240.KS|FXY,261240.KS,261240.KS + FXY,FAIL_GATE,FAIL_GATE,VALIDATION_NOT_ELIGIBLE,fail_gate|validation_not_eligible,하드 게이트 실패 - Do not promote until the failing gate is resolved.; validation not eligible - Keep blocked or rebuild the candidate with valid backtest inputs.,0,0,0,0,linked_recommendation_evidence_after_backtest,,"Action formal gate failed: base_action_status_fail_action, linked_formal_gate_blocked, linked_recommendation_not_formal, not_trim_and_hedge, stress_after_cost_not_improved","{""alternatives"": [{""available"": true, ""cvar"": -0.03285017511171164, ""estimated_cost_bps"": 0.0, ""mdd"": -0.46850959194183084, ""name"": ""current"", ""stress"": -0.0041445541192071614, ""turnover_pct"": 0.0, ""why_not_chosen_ko"": ""baseline portfolio""}, {""available"": true, ""cvar_delta_after_cost"": 0.0036699, ""estimated_cost_bps"": 25.0, ""mdd_delta_after_cost"": 0.03653519, ""name"": ""trim_hedge"", ""stress_delta_after_cost"": -0.00040989, ""turnover_pct"": 17.0111, ""why_not_chosen_ko"": """"}, {""available"": true, ""cvar_delta_after_cost"": 0.0027941, ""estimated_cost_bps"": 25.0, ""mdd_delta_after_cost"": 0.0305649, ""name"": ""trim_cash"", ""stress_delta_after_cost"": 0.00035252, ""turnover_pct"": 17.0111, ""why_not_chosen_ko"": ""cash baseline was compared against the trim+hedge action""}, {""available"": true, ""cvar_delta_after_cost"": 0.0, ""estimated_cost_bps"": 0.0, ""mdd_delta_after_cost"": 0.0, ""name"": ""hold"", ""stress_delta_after_cost"": 0.0, ""turnover_pct"": 0.0, ""why_not_chosen_ko"": ""does not reduce the active scenario vulnerability""}]}",4,0.0036699,0.03653519,-0.00040989,25.0,0.00042528,ASSUMED_LIQUID_UNIVERSE,Y,Y,Y,Y,BEATS_CASH,ROBUST_IMPROVE,ACTION_BOOTSTRAP_PASS,Y,"{""concentration_cap_pct"": 50.0, ""max_candidate_weight_pct"": 20.0, ""max_turnover_pct"": 20.0, ""min_existing_kept_pct"": 80.0, ""profile_source"": ""system_default""}",,0.50399945,0.46103962,-0.04295983,8.5238,100.0,100.0,100.0,26.544302,24.2866,26.544302,24.2866,0.0,4.0544,-0.03285017511171164,-0.029180274278035077,0.0036699,-0.46850959194183084,-0.43197439708893837,0.03653519,0.38676029548259583,0.4295156888045804,0.04275539,-0.0041445541192071614,-0.004554446061500799,-0.00040989,1.044823969603441,1.3647624250091224,0.31993846,computed_from_action_before_after_weights,,17.0111,91.4944,5.0,PASS,stress worsened,"장기금리·성장주 듀레이션 취약성을 만든 NVDA, 005930.KS, 035420.KS에 대해 261240.KS, FXY로 추가 헷지를 적용하면 sleeve 취약도 변화가 -0.0430입니다. 정식 추천 기준은 미달해 검토 후보입니다.",기준 미통과: stress worsened,"261240.KS + FXY 조정은 장기금리·성장주 듀레이션 취약성은 일부 낮춰도 핵심 리스크 지표가 악화되어 실행 기준 미통과입니다. (CVaR 개선, MDD 개선, stress 악화)",취약성 0.0430 감소; CVaR 0.37%p 개선; MDD 3.65%p 개선; stress 0.04%p 악화; Sharpe 0.32 개선,stress worsened,False,False,,기준 미통과: stress worsened,"{""005930.KS"": 39.83559, ""035420.KS"": 20.6241, ""035720.KS"": 12.996008, ""NVDA"": 26.544302}","{""005930.KS"": 36.4473, ""035420.KS"": 18.8699, ""035720.KS"": 11.8906, ""261240.KS"": 4.0544, ""FXY"": 3.2404, ""NVDA"": 24.2866, ""__CASH__"": 1.2107}"
action_044,REVIEW_ACTION,TRIM_AND_HEDGE,REVIEW_REQUIRED,REVIEW,B,B. 조건부 처방,"핵심 취약점 보완 효과는 있으나 검증 샘플, 비용, 유동성, cash baseline 중 일부 확인이 필요합니다.",Y,LOW,85.0,0.7084062244736602,0.220644,linked_final_score,0.7084062244736602,83,B:70-89,grade_banded_final_score_v1,0.6928431963610454,1.0,growth_beta|korea_domestic_credit|korea_equity|krw_exposure|usdkrw_fx_korea|semiconductor_ai_cycle,korea_domestic_credit|korea_equity|quality_growth|rate_shock_growth_duration|usdkrw_fx_korea,N,N,N,C,formal_rebalance_hedge_gate,FAIL,bootstrap_not_robust|cash_baseline_lag|linked_formal_gate_blocked|linked_recommendation_not_formal|stress_after_cost_not_improved,rate_shock_growth_duration,장기금리·성장주 듀레이션,rate_shock_growth_duration,higher_for_longer_long_rate_shock,NVDA,NVDA,,068270.KS,068270.KS,068270.KS,REFERENCE_ONLY,REFERENCE_ONLY,VALIDATION_INSUFFICIENT,validation_insufficient|reference_only,"검증 이력 부족 - Add enough target stress validation history before formal promotion.; 참고 후보 - Use as research context, not an execution recommendation.",0,0,0,0,linked_recommendation_evidence_after_backtest,,"Action formal gate failed: bootstrap_not_robust, cash_baseline_lag, linked_formal_gate_blocked, linked_recommendation_not_formal, stress_after_cost_not_improved","{""alternatives"": [{""available"": true, ""cvar"": -0.03285017511171164, ""estimated_cost_bps"": 0.0, ""mdd"": -0.46850959194183084, ""name"": ""current"", ""stress"": -0.0041445541192071614, ""turnover_pct"": 0.0, ""why_not_chosen_ko"": ""baseline portfolio""}, {""available"": true, ""cvar_delta_after_cost"": 0.0007549, ""estimated_cost_bps"": 25.0, ""mdd_delta_after_cost"": 0.01838643, ""name"": ""trim_hedge"", ""stress_delta_after_cost"": -5.192e-05, ""turnover_pct"": 10.0, ""why_not_chosen_ko"": """"}, {""available"": true, ""cvar_delta_after_cost"": 0.00194873, ""estimated_cost_bps"": 25.0, ""mdd_delta_after_cost"": 0.02165988, ""name"": ""trim_cash"", ""stress_delta_after_cost"": 3.253e-05, ""turnover_pct"": 10.0, ""why_not_chosen_ko"": ""cash baseline was compared against the trim+hedge action""}, {""available"": true, ""cvar_delta_after_cost"": 0.0, ""estimated_cost_bps"": 0.0, ""mdd_delta_after_cost"": 0.0, ""name"": ""hold"", ""stress_delta_after_cost"": 0.0, ""turnover_pct"": 0.0, ""why_not_chosen_ko"": ""does not reduce the active scenario vulnerability""}]}",4,0.0007549,0.01838643,-5.192e-05,25.0,0.00025,ASSUMED_LIQUID_UNIVERSE,Y,Y,Y,Y,LAGS_CASH,UNCERTAIN,UNCERTAIN,Y,"{""concentration_cap_pct"": 50.0, ""max_candidate_weight_pct"": 20.0, ""max_turnover_pct"": 20.0, ""min_existing_kept_pct"": 80.0, ""profile_source"": ""system_default""}",,0.50399945,0.46629322,-0.03770623,7.4814,58.678,58.678,58.678,26.544302,21.544302,26.544302,21.544302,0.0,5.0,-0.03285017511171164,-0.03209527401597194,0.0007549,-0.46850959194183084,-0.4501231643989484,0.01838643,0.38676029548259583,0.3128945149776946,-0.07386578,-0.0041445541192071614,-0.004196471215736315,-5.192e-05,1.044823969603441,1.04751065888808,0.00268669,computed_from_action_before_after_weights,,10.0,95.0,5.0,PASS,,장기금리·성장주 듀레이션 취약성을 만든 NVDA에 대해 068270.KS로 원인 보유자산 일부 축소 후 헷지를 적용하면 sleeve 취약도 변화가 -0.0377입니다. 정식 추천 기준은 미달해 검토 후보입니다.,Action formal gate did not pass. Blockers: bootstrap_not_robust|cash_baseline_lag|linked_formal_gate_blocked|linked_recommendation_not_formal|stress_after_cost_not_improved. Linked recommendation status is evidence only: REFERENCE_ONLY.,"068270.KS 조정은 장기금리·성장주 듀레이션 취약성을 낮추는 검토안이며 전후 지표는 CVaR 개선, MDD 개선, stress 악화으로 확인됩니다.",취약성 0.0377 감소; CVaR 0.08%p 개선; MDD 1.84%p 개선; stress 0.01%p 악화; Sharpe 0.00 개선,FORMAL_ACTION excluded by action-level gate: bootstrap_not_robust|cash_baseline_lag|linked_formal_gate_blocked|linked_recommendation_not_formal|stress_after_cost_not_improved,False,True,"상위 sleeve 커버리지 이후 남은 후보 중 상태, 개선폭, turnover 기준으로 선택했습니다.",,"{""005930.KS"": 39.83559, ""035420.KS"": 20.6241, ""035720.KS"": 12.996008, ""NVDA"": 26.544302}","{""005930.KS"": 39.83559, ""035420.KS"": 20.6241, ""035720.KS"": 12.996008, ""068270.KS"": 5.0, ""NVDA"": 21.544302}"
action_048,FAIL_ACTION,TRIM_AND_HEDGE,REVIEW_REQUIRED,REVIEW,,,,Y,LOW,84.5601,0.6400701941556733,0.224939,linked_final_score,0.6400701941556733,31,D:0-49,grade_banded_final_score_v1,0.6886038537928403,1.0,growth_beta|korea_domestic_credit|korea_equity|krw_exposure|usdkrw_fx_korea|semiconductor_ai_cycle,credit_cycle|korea_domestic_credit|korea_financial|rate_shock_growth_duration|usdkrw_fx_korea,N,N,N,C,formal_rebalance_hedge_gate,FAIL,base_action_status_fail_action|bootstrap_not_robust|cash_baseline_lag|cash_bootstrap_not_robust|linked_formal_gate_blocked|linked_recommendation_not_formal|stress_after_cost_not_improved,rate_shock_growth_duration,장기금리·성장주 듀레이션,rate_shock_growth_duration,higher_for_longer_long_rate_shock,NVDA,NVDA,,055550.KS,055550.KS,055550.KS,REFERENCE_ONLY,REFERENCE_ONLY,VALIDATION_INSUFFICIENT,validation_insufficient|reference_only,"검증 이력 부족 - Add enough target stress validation history before formal promotion.; 참고 후보 - Use as research context, not an execution recommendation.",0,0,0,0,linked_recommendation_evidence_after_backtest,,"Action formal gate failed: base_action_status_fail_action, bootstrap_not_robust, cash_baseline_lag, cash_bootstrap_not_robust, linked_formal_gate_blocked, linked_recommendation_not_formal, stress_after_cost_not_improved","{""alternatives"": [{""available"": true, ""cvar"": -0.03285017511171164, ""estimated_cost_bps"": 0.0, ""mdd"": -0.46850959194183084, ""name"": ""current"", ""stress"": -0.0041445541192071614, ""turnover_pct"": 0.0, ""why_not_chosen_ko"": ""baseline portfolio""}, {""available"": true, ""cvar_delta_after_cost"": 0.00102232, ""estimated_cost_bps"": 25.0, ""mdd_delta_after_cost"": 0.01820531, ""name"": ""trim_hedge"", ""stress_delta_after_cost"": -0.00019764, ""turnover_pct"": 10.0, ""why_not_chosen_ko"": """"}, {""available"": true, ""cvar_delta_after_cost"": 0.00194873, ""estimated_cost_bps"": 25.0, ""mdd_delta_after_cost"": 0.02165988, ""name"": ""trim_cash"", ""stress_delta_after_cost"": 3.253e-05, ""turnover_pct"": 10.0, ""why_not_chosen_ko"": ""cash baseline was compared against the trim+hedge action""}, {""available"": true, ""cvar_delta_after_cost"": 0.0, ""estimated_cost_bps"": 0.0, ""mdd_delta_after_cost"": 0.0, ""name"": ""hold"", ""stress_delta_after_cost"": 0.0, ""turnover_pct"": 0.0, ""why_not_chosen_ko"": ""does not reduce the active scenario vulnerability""}]}",4,0.00102232,0.01820531,-0.00019764,25.0,0.00025,ASSUMED_LIQUID_UNIVERSE,Y,Y,Y,Y,LAGS_CASH,UNCERTAIN,ROBUST_WORSE,Y,"{""concentration_cap_pct"": 50.0, ""max_candidate_weight_pct"": 20.0, ""max_turnover_pct"": 20.0, ""min_existing_kept_pct"": 80.0, ""profile_source"": ""system_default""}",,0.50399945,0.46629322,-0.03770623,7.4814,58.678,58.678,58.678,26.544302,21.544302,26.544302,21.544302,0.0,5.0,-0.03285017511171164,-0.03182785702896509,0.00102232,-0.46850959194183084,-0.45030427807795526,0.01820531,0.38676029548259583,0.3145280995821209,-0.0722322,-0.0041445541192071614,-0.004342189424205653,-0.00019764,1.044823969603441,1.0008333874237014,-0.04399058,computed_from_action_before_after_weights,,10.0,95.0,5.0,PASS,stress worsened,장기금리·성장주 듀레이션 취약성을 만든 NVDA에 대해 055550.KS로 원인 보유자산 일부 축소 후 헷지를 적용하면 sleeve 취약도 변화가 -0.0377입니다. 정식 추천 기준은 미달해 검토 후보입니다.,기준 미통과: stress worsened,"055550.KS 조정은 장기금리·성장주 듀레이션 취약성은 일부 낮춰도 핵심 리스크 지표가 악화되어 실행 기준 미통과입니다. (CVaR 개선, MDD 개선, stress 악화)",취약성 0.0377 감소; CVaR 0.10%p 개선; MDD 1.82%p 개선; stress 0.02%p 악화; Sharpe 0.04 악화,stress worsened,False,False,,기준 미통과: stress worsened,"{""005930.KS"": 39.83559, ""035420.KS"": 20.6241, ""035720.KS"": 12.996008, ""NVDA"": 26.544302}","{""005930.KS"": 39.83559, ""035420.KS"": 20.6241, ""035720.KS"": 12.996008, ""055550.KS"": 5.0, ""NVDA"": 21.544302}"
action_182,FAIL_ACTION,ADD_HEDGE,,REVIEW,,,,Y,LOW,85.0,0.2,0.802812,linked_final_score,0.2,10,D:0-49,grade_banded_final_score_v1,,,,,,,,,formal_rebalance_hedge_gate,FAIL,base_action_status_fail_action|linked_formal_gate_blocked|linked_recommendation_not_formal|not_trim_and_hedge|stress_after_cost_not_improved,usdkrw_fx_korea,달러강세·원화약세,usdkrw_fx_korea,usd_strength_krw_weakness,005930.KS|035420.KS|035720.KS|NVDA,005930.KS,,BTAL|FXF,BTAL,BTAL + FXF,FAIL_GATE,FAIL_GATE,VALIDATION_NOT_ELIGIBLE,fail_gate|validation_not_eligible,하드 게이트 실패 - Do not promote until the failing gate is resolved.; validation not eligible - Keep blocked or rebuild the candidate with valid backtest inputs.,0,0,0,0,linked_recommendation_evidence_after_backtest,,"Action formal gate failed: base_action_status_fail_action, linked_formal_gate_blocked, linked_recommendation_not_formal, not_trim_and_hedge, stress_after_cost_not_improved","{""alternatives"": [{""available"": true, ""cvar"": -0.03285017511171164, ""estimated_cost_bps"": 0.0, ""mdd"": -0.46850959194183084, ""name"": ""current"", ""stress"": -0.0041445541192071614, ""turnover_pct"": 0.0, ""why_not_chosen_ko"": ""baseline portfolio""}, {""available"": true, ""cvar_delta_after_cost"": 0.00568347, ""estimated_cost_bps"": 25.0, ""mdd_delta_after_cost"": 0.04532088, ""name"": ""trim_hedge"", ""stress_delta_after_cost"": -0.00089799, ""turnover_pct"": 18.592525, ""why_not_chosen_ko"": """"}, {""available"": true, ""cvar_delta_after_cost"": 0.00305384, ""estimated_cost_bps"": 25.0, ""mdd_delta_after_cost"": 0.03348248, ""name"": ""trim_cash"", ""stress_delta_after_cost"": 0.00038529, ""turnover_pct"": 18.592525, ""why_not_chosen_ko"": ""cash baseline was compared against the trim+hedge action""}, {""available"": true, ""cvar_delta_after_cost"": 0.0, ""estimated_cost_bps"": 0.0, ""mdd_delta_after_cost"": 0.0, ""name"": ""hold"", ""stress_delta_after_cost"": 0.0, ""turnover_pct"": 0.0, ""why_not_chosen_ko"": ""does not reduce the active scenario vulnerability""}]}",4,0.00568347,0.04532088,-0.00089799,25.0,0.00046481,ASSUMED_LIQUID_UNIVERSE,Y,Y,Y,Y,BEATS_CASH,ROBUST_IMPROVE,UNCERTAIN,Y,"{""concentration_cap_pct"": 50.0, ""max_candidate_weight_pct"": 20.0, ""max_turnover_pct"": 20.0, ""min_existing_kept_pct"": 80.0, ""profile_source"": ""system_default""}",,0.47941142,0.40477827,-0.07463315,15.5677,100.0,100.0,100.0,39.83559,36.132369,39.83559,36.132369,0.0,4.648131,-0.03285017511171164,-0.027166708052618737,0.00568347,-0.46850959194183084,-0.42318871094537747,0.04532088,0.38676029548259583,0.38721316659339533,0.00045287,-0.0041445541192071614,-0.005042545954476845,-0.00089799,1.044823969603441,1.3312201026302495,0.28639613,computed_from_action_before_after_weights,,18.592525,90.703737,5.0,PASS,stress worsened,"달러강세·원화약세 취약성을 만든 005930.KS, 035420.KS, 035720.KS에 대해 BTAL, FXF로 추가 헷지를 적용하면 sleeve 취약도 변화가 -0.0746입니다. 정식 추천 기준은 미달해 검토 후보입니다.",기준 미통과: stress worsened,"BTAL + FXF 조정은 달러강세·원화약세 취약성은 일부 낮춰도 핵심 리스크 지표가 악화되어 실행 기준 미통과입니다. (CVaR 개선, MDD 개선, stress 악화)",취약성 0.0746 감소; CVaR 0.57%p 개선; MDD 4.53%p 개선; stress 0.09%p 악화; Sharpe 0.29 개선,stress worsened,False,False,,기준 미통과: stress worsened,"{""005930.KS"": 39.83559, ""035420.KS"": 20.6241, ""035720.KS"": 12.996008, ""NVDA"": 26.544302}","{""005930.KS"": 36.132369, ""035420.KS"": 18.706829, ""035720.KS"": 11.787865, ""BTAL"": 4.648131, ""FXF"": 4.648131, ""NVDA"": 24.076674}"
action_184,FAIL_ACTION,ADD_HEDGE,,REVIEW,,,,Y,LOW,85.0,0.2,0.781925,linked_final_score,0.2,10,D:0-49,grade_banded_final_score_v1,,,,,,,,,formal_rebalance_hedge_gate,FAIL,base_action_status_fail_action|linked_formal_gate_blocked|linked_recommendation_not_formal|not_trim_and_hedge|stress_after_cost_not_improved,usdkrw_fx_korea,달러강세·원화약세,usdkrw_fx_korea,usd_strength_krw_weakness,005930.KS|035420.KS|035720.KS|NVDA,005930.KS,,BTAL|FXE,BTAL,BTAL + FXE,FAIL_GATE,FAIL_GATE,VALIDATION_NOT_ELIGIBLE,fail_gate|validation_not_eligible,하드 게이트 실패 - Do not promote until the failing gate is resolved.; validation not eligible - Keep blocked or rebuild the candidate with valid backtest inputs.,0,0,0,0,linked_recommendation_evidence_after_backtest,,"Action formal gate failed: base_action_status_fail_action, linked_formal_gate_blocked, linked_recommendation_not_formal, not_trim_and_hedge, stress_after_cost_not_improved","{""alternatives"": [{""available"": true, ""cvar"": -0.03285017511171164, ""estimated_cost_bps"": 0.0, ""mdd"": -0.46850959194183084, ""name"": ""current"", ""stress"": -0.0041445541192071614, ""turnover_pct"": 0.0, ""why_not_chosen_ko"": ""baseline portfolio""}, {""available"": true, ""cvar_delta_after_cost"": 0.00567112, ""estimated_cost_bps"": 25.0, ""mdd_delta_after_cost"": 0.04265769, ""name"": ""trim_hedge"", ""stress_delta_after_cost"": -0.00088535, ""turnover_pct"": 18.592525, ""why_not_chosen_ko"": """"}, {""available"": true, ""cvar_delta_after_cost"": 0.00305384, ""estimated_cost_bps"": 25.0, ""mdd_delta_after_cost"": 0.03348248, ""name"": ""trim_cash"", ""stress_delta_after_cost"": 0.00038529, ""turnover_pct"": 18.592525, ""why_not_chosen_ko"": ""cash baseline was compared against the trim+hedge action""}, {""available"": true, ""cvar_delta_after_cost"": 0.0, ""estimated_cost_bps"": 0.0, ""mdd_delta_after_cost"": 0.0, ""name"": ""hold"", ""stress_delta_after_cost"": 0.0, ""turnover_pct"": 0.0, ""why_not_chosen_ko"": ""does not reduce the active scenario vulnerability""}]}",4,0.00567112,0.04265769,-0.00088535,25.0,0.00046481,ASSUMED_LIQUID_UNIVERSE,Y,Y,Y,Y,BEATS_CASH,ROBUST_IMPROVE,ACTION_BOOTSTRAP_PASS,Y,"{""concentration_cap_pct"": 50.0, ""max_candidate_weight_pct"": 20.0, ""max_turnover_pct"": 20.0, ""min_existing_kept_pct"": 80.0, ""profile_source"": ""system_default""}",,0.47941142,0.40569655,-0.07371487,15.3761,100.0,100.0,100.0,39.83559,36.132369,39.83559,36.132369,0.0,4.648131,-0.03285017511171164,-0.027179054134704818,0.00567112,-0.46850959194183084,-0.4258519007618996,0.04265769,0.38676029548259583,0.3894548925638225,0.0026946,-0.0041445541192071614,-0.0050299064755087546,-0.00088535,1.044823969603441,1.325385581728966,0.28056161,computed_from_action_before_after_weights,,18.592525,90.703737,5.0,PASS,stress worsened,"달러강세·원화약세 취약성을 만든 005930.KS, 035420.KS, 035720.KS에 대해 BTAL, FXE로 추가 헷지를 적용하면 sleeve 취약도 변화가 -0.0737입니다. 정식 추천 기준은 미달해 검토 후보입니다.",기준 미통과: stress worsened,"BTAL + FXE 조정은 달러강세·원화약세 취약성은 일부 낮춰도 핵심 리스크 지표가 악화되어 실행 기준 미통과입니다. (CVaR 개선, MDD 개선, stress 악화)",취약성 0.0737 감소; CVaR 0.57%p 개선; MDD 4.27%p 개선; stress 0.09%p 악화; Sharpe 0.28 개선,stress worsened,False,False,,기준 미통과: stress worsened,"{""005930.KS"": 39.83559, ""035420.KS"": 20.6241, ""035720.KS"": 12.996008, ""NVDA"": 26.544302}","{""005930.KS"": 36.132369, ""035420.KS"": 18.706829, ""035720.KS"": 11.787865, ""BTAL"": 4.648131, ""FXE"": 4.648131, ""NVDA"": 24.076674}"
action_176,REVIEW_ACTION,ADD_HEDGE,,REVIEW,B,B. 조건부 처방,"핵심 취약점 보완 효과는 있으나 검증 샘플, 비용, 유동성, cash baseline 중 일부 확인이 필요합니다.",Y,MEDIUM,100.0,0.2,0.579515,linked_final_score,0.2,74,B:70-89,grade_banded_final_score_v1,0.1096689393327201,,,,,,,,formal_rebalance_hedge_gate,FAIL,cash_baseline_lag|linked_formal_gate_blocked|linked_recommendation_not_formal|not_trim_and_hedge,usdkrw_fx_korea,달러강세·원화약세,usdkrw_fx_korea,usd_strength_krw_weakness,005930.KS|035420.KS|035720.KS|NVDA,005930.KS,,GLD,GLD,GLD,FAIL_GATE,FAIL_GATE,VALIDATION_NOT_ELIGIBLE,fail_gate|validation_not_eligible|liquidity_below_formal,하드 게이트 실패 - Do not promote until the failing gate is resolved.; validation not eligible - Keep blocked or rebuild the candidate with valid backtest inputs.; 유동성 기준 미달 - Refresh ADV evidence or exclude the candidate from formal recommendations.,0,0,0,0,linked_recommendation_evidence_after_backtest,,"Action formal gate failed: cash_baseline_lag, linked_formal_gate_blocked, linked_recommendation_not_formal, not_trim_and_hedge","{""alternatives"": [{""available"": true, ""cvar"": -0.03285017511171164, ""estimated_cost_bps"": 0.0, ""mdd"": -0.46850959194183084, ""name"": ""current"", ""stress"": -0.0041445541192071614, ""turnover_pct"": 0.0, ""why_not_chosen_ko"": ""baseline portfolio""}, {""available"": true, ""cvar_delta_after_cost"": 0.00287657, ""estimated_cost_bps"": 25.0, ""mdd_delta_after_cost"": 0.03735932, ""name"": ""trim_hedge"", ""stress_delta_after_cost"": 0.00033347, ""turnover_pct"": 18.592526, ""why_not_chosen_ko"": """"}, {""available"": true, ""cvar_delta_after_cost"": 0.00305384, ""estimated_cost_bps"": 25.0, ""mdd_delta_after_cost"": 0.03348248, ""name"": ""trim_cash"", ""stress_delta_after_cost"": 0.00038529, ""turnover_pct"": 18.592526, ""why_not_chosen_ko"": ""cash baseline was compared against the trim+hedge action""}, {""available"": true, ""cvar_delta_after_cost"": 0.0, ""estimated_cost_bps"": 0.0, ""mdd_delta_after_cost"": 0.0, ""name"": ""hold"", ""stress_delta_after_cost"": 0.0, ""turnover_pct"": 0.0, ""why_not_chosen_ko"": ""does not reduce the active scenario vulnerability""}]}",4,0.00287657,0.03735932,0.00033347,25.0,0.00046481,ASSUMED_LIQUID_UNIVERSE,Y,Y,Y,Y,LAGS_CASH,ROBUST_IMPROVE,UNCERTAIN,Y,"{""concentration_cap_pct"": 50.0, ""max_candidate_weight_pct"": 20.0, ""max_turnover_pct"": 20.0, ""min_existing_kept_pct"": 80.0, ""profile_source"": ""system_default""}",,0.47941142,0.40845367,-0.07095775,14.801,100.0,100.0,100.0,39.83559,36.132369,39.83559,36.132369,0.0,9.296263,-0.03285017511171164,-0.029973602862561788,0.00287657,-0.46850959194183084,-0.4311502739769132,0.03735932,0.38676029548259583,0.37550102505446603,-0.01125927,-0.0041445541192071614,-0.00381108494328595,0.00033347,1.044823969603441,1.1052337704873256,0.0604098,computed_from_action_before_after_weights,,18.592526,90.703737,5.0,PASS,,"달러강세·원화약세 취약성을 만든 005930.KS, 035420.KS, 035720.KS에 대해 GLD로 추가 헷지를 적용하면 sleeve 취약도 변화가 -0.0710입니다. 정식 추천 기준은 미달해 검토 후보입니다.",Action formal gate did not pass. Blockers: cash_baseline_lag|linked_formal_gate_blocked|linked_recommendation_not_formal|not_trim_and_hedge. Linked recommendation status is evidence only: FAIL_GATE.,"GLD 조정은 달러강세·원화약세 취약성을 낮추는 검토안이며 전후 지표는 CVaR 개선, MDD 개선, stress 개선으로 확인됩니다.",취약성 0.0710 감소; CVaR 0.29%p 개선; MDD 3.74%p 개선; stress 0.03%p 개선; Sharpe 0.06 개선,FORMAL_ACTION excluded by action-level gate: cash_baseline_lag|linked_formal_gate_blocked|linked_recommendation_not_formal|not_trim_and_hedge,False,True,trim 가능한 source holding이 제한적이어서 ADD_HEDGE를 선택했습니다.,,"{""005930.KS"": 39.83559, ""035420.KS"": 20.6241, ""035720.KS"": 12.996008, ""NVDA"": 26.544302}","{""005930.KS"": 36.132369, ""035420.KS"": 18.706829, ""035720.KS"": 11.787865, ""GLD"": 9.296263, ""NVDA"": 24.076674}"
action_186,FAIL_ACTION,ADD_HEDGE,,REVIEW,,,,Y,LOW,85.0,0.2,0.636576,linked_final_score,0.2,10,D:0-49,grade_banded_final_score_v1,,,,,,,,,formal_rebalance_hedge_gate,FAIL,base_action_status_fail_action|linked_formal_gate_blocked|linked_recommendation_not_formal|not_trim_and_hedge|stress_after_cost_not_improved,usdkrw_fx_korea,달러강세·원화약세,usdkrw_fx_korea,usd_strength_krw_weakness,005930.KS|035420.KS|035720.KS|NVDA,005930.KS,,FXF|SPLV,FXF,FXF + SPLV,REFERENCE_ONLY,FAIL_GATE,VALIDATION_INSUFFICIENT,validation_insufficient|return_drag_reference|reference_only,"검증 이력 부족 - Add enough target stress validation history before formal promotion.; 수익률 훼손 검토 필요 - Confirm risk reduction compensates for return drag before promotion.; 참고 후보 - Use as research context, not an execution recommendation.",0,0,0,0,linked_recommendation_evidence_after_backtest,,"Action formal gate failed: base_action_status_fail_action, linked_formal_gate_blocked, linked_recommendation_not_formal, not_trim_and_hedge, stress_after_cost_not_improved","{""alternatives"": [{""available"": true, ""cvar"": -0.03285017511171164, ""estimated_cost_bps"": 0.0, ""mdd"": -0.46850959194183084, ""name"": ""current"", ""stress"": -0.0041445541192071614, ""turnover_pct"": 0.0, ""why_not_chosen_ko"": ""baseline portfolio""}, {""available"": true, ""cvar_delta_after_cost"": 0.00501603, ""estimated_cost_bps"": 25.0, ""mdd_delta_after_cost"": 0.03597011, ""name"": ""trim_hedge"", ""stress_delta_after_cost"": -0.00043843, ""turnover_pct"": 18.592525, ""why_not_chosen_ko"": """"}, {""available"": true, ""cvar_delta_after_cost"": 0.00305384, ""estimated_cost_bps"": 25.0, ""mdd_delta_after_cost"": 0.03348248, ""name"": ""trim_cash"", ""stress_delta_after_cost"": 0.00038529, ""turnover_pct"": 18.592525, ""why_not_chosen_ko"": ""cash baseline was compared against the trim+hedge action""}, {""available"": true, ""cvar_delta_after_cost"": 0.0, ""estimated_cost_bps"": 0.0, ""mdd_delta_after_cost"": 0.0, ""name"": ""hold"", ""stress_delta_after_cost"": 0.0, ""turnover_pct"": 0.0, ""why_not_chosen_ko"": ""does not reduce the active scenario vulnerability""}]}",4,0.00501603,0.03597011,-0.00043843,25.0,0.00046481,ASSUMED_LIQUID_UNIVERSE,Y,Y,Y,Y,BEATS_CASH,ROBUST_IMPROVE,UNCERTAIN,Y,"{""concentration_cap_pct"": 50.0, ""max_candidate_weight_pct"": 20.0, ""max_turnover_pct"": 20.0, ""min_existing_kept_pct"": 80.0, ""profile_source"": ""system_default""}",,0.47941142,0.41364463,-0.06576679,13.7182,100.0,100.0,100.0,39.83559,36.132369,39.83559,36.132369,0.0,4.648131,-0.03285017511171164,-0.027834146372082078,0.00501603,-0.46850959194183084,-0.43253947802179105,0.03597011,0.38676029548259583,0.42833825695991296,0.04157796,-0.0041445541192071614,-0.004582984206383431,-0.00043843,1.044823969603441,1.2658442445438944,0.22102027,computed_from_action_before_after_weights,,18.592525,90.703737,5.0,PASS,stress worsened,"달러강세·원화약세 취약성을 만든 005930.KS, 035420.KS, 035720.KS에 대해 FXF, SPLV로 추가 헷지를 적용하면 sleeve 취약도 변화가 -0.0658입니다. 정식 추천 기준은 미달해 검토 후보입니다.",기준 미통과: stress worsened,"FXF + SPLV 조정은 달러강세·원화약세 취약성은 일부 낮춰도 핵심 리스크 지표가 악화되어 실행 기준 미통과입니다. (CVaR 개선, MDD 개선, stress 악화)",취약성 0.0658 감소; CVaR 0.50%p 개선; MDD 3.60%p 개선; stress 0.04%p 악화; Sharpe 0.22 개선,stress worsened,False,False,,기준 미통과: stress worsened,"{""005930.KS"": 39.83559, ""035420.KS"": 20.6241, ""035720.KS"": 12.996008, ""NVDA"": 26.544302}","{""005930.KS"": 36.132369, ""035420.KS"": 18.706829, ""035720.KS"": 11.787865, ""FXF"": 4.648131, ""NVDA"": 24.076674, ""SPLV"": 4.648131}"
action_144,FAIL_ACTION,ADD_HEDGE,,REVIEW,,,,Y,LOW,85.0,0.6806143510221117,0.657039,linked_final_score,0.6806143510221117,33,D:0-49,grade_banded_final_score_v1,,1.0,growth_beta|korea_domestic_credit|korea_equity|krw_exposure|usdkrw_fx_korea|semiconductor_ai_cycle,fx_hedge|growth_beta_offset|low_beta|market_neutral|rate_shock_growth_duration|recession_liquidity_stress|semiconductor_ai_cycle|usdkrw_fx_korea|yen,N,N,N,C,formal_rebalance_hedge_gate,FAIL,base_action_status_fail_action|linked_formal_gate_blocked|linked_recommendation_not_formal|not_trim_and_hedge|stress_after_cost_not_improved,usdkrw_fx_korea,달러강세·원화약세,usdkrw_fx_korea,usd_strength_krw_weakness,005930.KS|035420.KS|035720.KS|NVDA,005930.KS,,FXY|BTAL,FXY,FXY + BTAL,REFERENCE_ONLY,FAIL_GATE,VALIDATION_THIN,validation_thin|cash_baseline_lag|bootstrap_not_robust|cash_bootstrap_not_robust|return_drag_reference|reference_only,"검증 표본 부족 - Keep review-only until the stress sample is thick enough.; 현금 기준 대비 열위 - Improve the cash-baseline comparison or keep the candidate review-only.; 부트스트랩 신뢰도 부족 - Increase sample coverage or downgrade fragile candidates.; 현금 기준 부트스트랩 부족 - Add stronger cash-baseline evidence before formal use.; 수익률 훼손 검토 필요 - Confirm risk reduction compensates for return drag before promotion.; 참고 후보 - Use as research context, not an execution recommendation.",1,1,0,0,linked_recommendation_evidence_after_backtest,,"Action formal gate failed: base_action_status_fail_action, linked_formal_gate_blocked, linked_recommendation_not_formal, not_trim_and_hedge, stress_after_cost_not_improved","{""alternatives"": [{""available"": true, ""cvar"": -0.03285017511171164, ""estimated_cost_bps"": 0.0, ""mdd"": -0.46850959194183084, ""name"": ""current"", ""stress"": -0.0041445541192071614, ""turnover_pct"": 0.0, ""why_not_chosen_ko"": ""baseline portfolio""}, {""available"": true, ""cvar_delta_after_cost"": 0.00550301, ""estimated_cost_bps"": 25.0, ""mdd_delta_after_cost"": 0.03693546, ""name"": ""trim_hedge"", ""stress_delta_after_cost"": -0.00092303, ""turnover_pct"": 17.0111, ""why_not_chosen_ko"": """"}, {""available"": true, ""cvar_delta_after_cost"": 0.0027941, ""estimated_cost_bps"": 25.0, ""mdd_delta_after_cost"": 0.0305649, ""name"": ""trim_cash"", ""stress_delta_after_cost"": 0.00035252, ""turnover_pct"": 17.0111, ""why_not_chosen_ko"": ""cash baseline was compared against the trim+hedge action""}, {""available"": true, ""cvar_delta_after_cost"": 0.0, ""estimated_cost_bps"": 0.0, ""mdd_delta_after_cost"": 0.0, ""name"": ""hold"", ""stress_delta_after_cost"": 0.0, ""turnover_pct"": 0.0, ""why_not_chosen_ko"": ""does not reduce the active scenario vulnerability""}]}",4,0.00550301,0.03693546,-0.00092303,25.0,0.00042528,ASSUMED_LIQUID_UNIVERSE,Y,Y,Y,Y,BEATS_CASH,ROBUST_IMPROVE,ACTION_BOOTSTRAP_PASS,Y,"{""concentration_cap_pct"": 50.0, ""max_candidate_weight_pct"": 20.0, ""max_turnover_pct"": 20.0, ""min_existing_kept_pct"": 80.0, ""profile_source"": ""system_default""}",,0.47941142,0.41450865,-0.06490277,13.538,100.0,100.0,100.0,39.83559,36.4473,39.83559,36.4473,0.0,3.2404,-0.03285017511171164,-0.027347169837425425,0.00550301,-0.46850959194183084,-0.4315741330095535,0.03693546,0.38676029548259583,0.3856742829201188,-0.00108601,-0.0041445541192071614,-0.00506758306603689,-0.00092303,1.044823969603441,1.3193232188069128,0.27449925,computed_from_action_before_after_weights,,17.0111,91.4944,5.0,PASS,stress worsened,"달러강세·원화약세 취약성을 만든 005930.KS, 035420.KS, 035720.KS에 대해 FXY, BTAL로 추가 헷지를 적용하면 sleeve 취약도 변화가 -0.0649입니다. 정식 추천 기준은 미달해 검토 후보입니다.",기준 미통과: stress worsened,"FXY + BTAL 조정은 달러강세·원화약세 취약성은 일부 낮춰도 핵심 리스크 지표가 악화되어 실행 기준 미통과입니다. (CVaR 개선, MDD 개선, stress 악화)",취약성 0.0649 감소; CVaR 0.55%p 개선; MDD 3.69%p 개선; stress 0.09%p 악화; Sharpe 0.27 개선,stress worsened,False,False,,기준 미통과: stress worsened,"{""005930.KS"": 39.83559, ""035420.KS"": 20.6241, ""035720.KS"": 12.996008, ""NVDA"": 26.544302}","{""005930.KS"": 36.4473, ""035420.KS"": 18.8699, ""035720.KS"": 11.8906, ""BTAL"": 3.9021, ""FXY"": 3.2404, ""NVDA"": 24.2866, ""__CASH__"": 1.363}"
action_192,FAIL_ACTION,ADD_HEDGE,,REVIEW,,,,Y,LOW,85.0,0.2,0.614404,linked_final_score,0.2,10,D:0-49,grade_banded_final_score_v1,,,,,,,,,formal_rebalance_hedge_gate,FAIL,base_action_status_fail_action|cash_baseline_lag|linked_formal_gate_blocked|linked_recommendation_not_formal|not_trim_and_hedge|stress_after_cost_not_improved,usdkrw_fx_korea,달러강세·원화약세,usdkrw_fx_korea,usd_strength_krw_weakness,005930.KS|035420.KS|035720.KS|NVDA,005930.KS,,FXE|SPLV,FXE,FXE + SPLV,REFERENCE_ONLY,FAIL_GATE,VALIDATION_THIN,validation_thin|cash_baseline_lag|bootstrap_not_robust|cash_bootstrap_not_robust|return_drag_reference|reference_only,"검증 표본 부족 - Keep review-only until the stress sample is thick enough.; 현금 기준 대비 열위 - Improve the cash-baseline comparison or keep the candidate review-only.; 부트스트랩 신뢰도 부족 - Increase sample coverage or downgrade fragile candidates.; 현금 기준 부트스트랩 부족 - Add stronger cash-baseline evidence before formal use.; 수익률 훼손 검토 필요 - Confirm risk reduction compensates for return drag before promotion.; 참고 후보 - Use as research context, not an execution recommendation.",1,1,0,0,linked_recommendation_evidence_after_backtest,,"Action formal gate failed: base_action_status_fail_action, cash_baseline_lag, linked_formal_gate_blocked, linked_recommendation_not_formal, not_trim_and_hedge, stress_after_cost_not_improved","{""alternatives"": [{""available"": true, ""cvar"": -0.03285017511171164, ""estimated_cost_bps"": 0.0, ""mdd"": -0.46850959194183084, ""name"": ""current"", ""stress"": -0.0041445541192071614, ""turnover_pct"": 0.0, ""why_not_chosen_ko"": ""baseline portfolio""}, {""available"": true, ""cvar_delta_after_cost"": 0.00499119, ""estimated_cost_bps"": 25.0, ""mdd_delta_after_cost"": 0.03317249, ""name"": ""trim_hedge"", ""stress_delta_after_cost"": -0.00041088, ""turnover_pct"": 18.592525, ""why_not_chosen_ko"": """"}, {""available"": true, ""cvar_delta_after_cost"": 0.00305384, ""estimated_cost_bps"": 25.0, ""mdd_delta_after_cost"": 0.03348248, ""name"": ""trim_cash"", ""stress_delta_after_cost"": 0.00038529, ""turnover_pct"": 18.592525, ""why_not_chosen_ko"": ""cash baseline was compared against the trim+hedge action""}, {""available"": true, ""cvar_delta_after_cost"": 0.0, ""estimated_cost_bps"": 0.0, ""mdd_delta_after_cost"": 0.0, ""name"": ""hold"", ""stress_delta_after_cost"": 0.0, ""turnover_pct"": 0.0, ""why_not_chosen_ko"": ""does not reduce the active scenario vulnerability""}]}",4,0.00499119,0.03317249,-0.00041088,25.0,0.00046481,ASSUMED_LIQUID_UNIVERSE,Y,Y,Y,Y,LAGS_CASH,ROBUST_IMPROVE,UNCERTAIN,Y,"{""concentration_cap_pct"": 50.0, ""max_candidate_weight_pct"": 20.0, ""max_turnover_pct"": 20.0, ""min_existing_kept_pct"": 80.0, ""profile_source"": ""system_default""}",,0.47941142,0.41456291,-0.06484851,13.5267,100.0,100.0,100.0,39.83559,36.132369,39.83559,36.132369,0.0,4.648131,-0.03285017511171164,-0.0278589836233533,0.00499119,-0.46850959194183084,-0.4353371064099396,0.03317249,0.38676029548259583,0.43123466341788524,0.04447437,-0.0041445541192071614,-0.0045554343789360055,-0.00041088,1.044823969603441,1.2579688856861189,0.21314492,computed_from_action_before_after_weights,,18.592525,90.703737,5.0,PASS,stress worsened,"달러강세·원화약세 취약성을 만든 005930.KS, 035420.KS, 035720.KS에 대해 FXE, SPLV로 추가 헷지를 적용하면 sleeve 취약도 변화가 -0.0648입니다. 정식 추천 기준은 미달해 검토 후보입니다.",기준 미통과: stress worsened,"FXE + SPLV 조정은 달러강세·원화약세 취약성은 일부 낮춰도 핵심 리스크 지표가 악화되어 실행 기준 미통과입니다. (CVaR 개선, MDD 개선, stress 악화)",취약성 0.0648 감소; CVaR 0.50%p 개선; MDD 3.32%p 개선; stress 0.04%p 악화; Sharpe 0.21 개선,stress worsened,False,False,,기준 미통과: stress worsened,"{""005930.KS"": 39.83559, ""035420.KS"": 20.6241, ""035720.KS"": 12.996008, ""NVDA"": 26.544302}","{""005930.KS"": 36.132369, ""035420.KS"": 18.706829, ""035720.KS"": 11.787865, ""FXE"": 4.648131, ""NVDA"": 24.076674, ""SPLV"": 4.648131}"
action_092,REVIEW_ACTION,ADD_HEDGE,,REVIEW,C,C. 검토 후보,방향성은 맞지만 공식 처방이라 부르기에는 근거 또는 제약 검증이 부족합니다.,Y,LOW,100.0,0.7449843621175325,0.671923,linked_final_score,0.7449843621175325,64,C:50-69,grade_banded_final_score_v1,0.789873327468917,1.0,growth_beta|korea_domestic_credit|korea_equity|krw_exposure|usdkrw_fx_korea|semiconductor_ai_cycle,fx_hedge|usdkrw_fx_korea|yen,N,N,N,C,formal_rebalance_hedge_gate,FAIL,linked_formal_gate_blocked|linked_recommendation_not_formal|not_trim_and_hedge,usdkrw_fx_korea,달러강세·원화약세,usdkrw_fx_korea,usd_strength_krw_weakness,005930.KS|035420.KS|035720.KS|NVDA,005930.KS,,FXY,FXY,FXY,REFERENCE_ONLY,REFERENCE_ONLY,VALIDATION_THIN,validation_thin|cash_baseline_lag|bootstrap_not_robust|cash_bootstrap_not_robust|return_drag_reference|reference_only,"검증 표본 부족 - Keep review-only until the stress sample is thick enough.; 현금 기준 대비 열위 - Improve the cash-baseline comparison or keep the candidate review-only.; 부트스트랩 신뢰도 부족 - Increase sample coverage or downgrade fragile candidates.; 현금 기준 부트스트랩 부족 - Add stronger cash-baseline evidence before formal use.; 수익률 훼손 검토 필요 - Confirm risk reduction compensates for return drag before promotion.; 참고 후보 - Use as research context, not an execution recommendation.",1,1,0,0,linked_recommendation_evidence_after_backtest,,"Action formal gate failed: linked_formal_gate_blocked, linked_recommendation_not_formal, not_trim_and_hedge","{""alternatives"": [{""available"": true, ""cvar"": -0.03285017511171164, ""estimated_cost_bps"": 0.0, ""mdd"": -0.46850959194183084, ""name"": ""current"", ""stress"": -0.0041445541192071614, ""turnover_pct"": 0.0, ""why_not_chosen_ko"": ""baseline portfolio""}, {""available"": true, ""cvar_delta_after_cost"": 0.00302042, ""estimated_cost_bps"": 25.0, ""mdd_delta_after_cost"": 0.02664158, ""name"": ""trim_hedge"", ""stress_delta_after_cost"": 0.00036282, ""turnover_pct"": 17.0112, ""why_not_chosen_ko"": """"}, {""available"": true, ""cvar_delta_after_cost"": 0.0027941, ""estimated_cost_bps"": 25.0, ""mdd_delta_after_cost"": 0.0305649, ""name"": ""trim_cash"", ""stress_delta_after_cost"": 0.00035252, ""turnover_pct"": 17.0112, ""why_not_chosen_ko"": ""cash baseline was compared against the trim+hedge action""}, {""available"": true, ""cvar_delta_after_cost"": 0.0, ""estimated_cost_bps"": 0.0, ""mdd_delta_after_cost"": 0.0, ""name"": ""hold"", ""stress_delta_after_cost"": 0.0, ""turnover_pct"": 0.0, ""why_not_chosen_ko"": ""does not reduce the active scenario vulnerability""}]}",4,0.00302042,0.02664158,0.00036282,25.0,0.00042528,ASSUMED_LIQUID_UNIVERSE,Y,Y,Y,Y,BEATS_CASH,ROBUST_IMPROVE,ACTION_BOOTSTRAP_PASS,Y,"{""concentration_cap_pct"": 50.0, ""max_candidate_weight_pct"": 20.0, ""max_turnover_pct"": 20.0, ""min_existing_kept_pct"": 80.0, ""profile_source"": ""system_default""}",,0.47941142,0.41769741,-0.06171402,12.8729,100.0,100.0,100.0,39.83559,36.4473,39.83559,36.4473,0.0,6.4809,-0.03285017511171164,-0.029829757537305532,0.00302042,-0.46850959194183084,-0.441868015041719,0.02664158,0.38676029548259583,0.36003034246990334,-0.02672995,-0.0041445541192071614,-0.003781735042280828,0.00036282,1.044823969603441,1.060504641815321,0.01568067,computed_from_action_before_after_weights,,17.0112,91.4944,5.0,PASS,,"달러강세·원화약세 취약성을 만든 005930.KS, 035420.KS, 035720.KS에 대해 FXY로 추가 헷지를 적용하면 sleeve 취약도 변화가 -0.0617입니다. 정식 추천 기준은 미달해 검토 후보입니다.",Action formal gate did not pass. Blockers: linked_formal_gate_blocked|linked_recommendation_not_formal|not_trim_and_hedge. Linked recommendation status is evidence only: REFERENCE_ONLY.,"FXY 조정은 달러강세·원화약세 취약성을 낮추는 검토안이며 전후 지표는 CVaR 개선, MDD 개선, stress 개선으로 확인됩니다.",취약성 0.0617 감소; CVaR 0.30%p 개선; MDD 2.66%p 개선; stress 0.04%p 개선; Sharpe 0.02 개선,FORMAL_ACTION excluded by action-level gate: linked_formal_gate_blocked|linked_recommendation_not_formal|not_trim_and_hedge,False,False,,같은 risk sleeve에서 더 적합한 액션이 선택되어 후보 감사 목록에만 남겼습니다.,"{""005930.KS"": 39.83559, ""035420.KS"": 20.6241, ""035720.KS"": 12.996008, ""NVDA"": 26.544302}","{""005930.KS"": 36.4473, ""035420.KS"": 18.8699, ""035720.KS"": 11.8906, ""FXY"": 6.4809, ""NVDA"": 24.2866, ""__CASH__"": 2.0247}"
action_094,REVIEW_ACTION,ADD_HEDGE,,REVIEW,C,C. 검토 후보,방향성은 맞지만 공식 처방이라 부르기에는 근거 또는 제약 검증이 부족합니다.,Y,LOW,100.0,0.7429338809387858,0.635643,linked_final_score,0.7429338809387858,64,C:50-69,grade_banded_final_score_v1,0.7736222290261002,1.0,growth_beta|korea_domestic_credit|korea_equity|krw_exposure|usdkrw_fx_korea|semiconductor_ai_cycle,fx_hedge|swiss_franc|usdkrw_fx_korea,N,N,N,C,formal_rebalance_hedge_gate,FAIL,linked_formal_gate_blocked|linked_recommendation_not_formal|not_trim_and_hedge,usdkrw_fx_korea,달러강세·원화약세,usdkrw_fx_korea,usd_strength_krw_weakness,005930.KS|035420.KS|035720.KS|NVDA,005930.KS,,FXF,FXF,FXF,REFERENCE_ONLY,REFERENCE_ONLY,VALIDATION_INSUFFICIENT,validation_insufficient|return_drag_reference|reference_only,"검증 이력 부족 - Add enough target stress validation history before formal promotion.; 수익률 훼손 검토 필요 - Confirm risk reduction compensates for return drag before promotion.; 참고 후보 - Use as research context, not an execution recommendation.",0,0,0,0,linked_recommendation_evidence_after_backtest,,"Action formal gate failed: linked_formal_gate_blocked, linked_recommendation_not_formal, not_trim_and_hedge","{""alternatives"": [{""available"": true, ""cvar"": -0.03285017511171164, ""estimated_cost_bps"": 0.0, ""mdd"": -0.46850959194183084, ""name"": ""current"", ""stress"": -0.0041445541192071614, ""turnover_pct"": 0.0, ""why_not_chosen_ko"": ""baseline portfolio""}, {""available"": true, ""cvar_delta_after_cost"": 0.00282892, ""estimated_cost_bps"": 25.0, ""mdd_delta_after_cost"": 0.03314657, ""name"": ""trim_hedge"", ""stress_delta_after_cost"": 0.0002843, ""turnover_pct"": 17.0111, ""why_not_chosen_ko"": """"}, {""available"": true, ""cvar_delta_after_cost"": 0.0027941, ""estimated_cost_bps"": 25.0, ""mdd_delta_after_cost"": 0.0305649, ""name"": ""trim_cash"", ""stress_delta_after_cost"": 0.00035252, ""turnover_pct"": 17.0111, ""why_not_chosen_ko"": ""cash baseline was compared against the trim+hedge action""}, {""available"": true, ""cvar_delta_after_cost"": 0.0, ""estimated_cost_bps"": 0.0, ""mdd_delta_after_cost"": 0.0, ""name"": ""hold"", ""stress_delta_after_cost"": 0.0, ""turnover_pct"": 0.0, ""why_not_chosen_ko"": ""does not reduce the active scenario vulnerability""}]}",4,0.00282892,0.03314657,0.0002843,25.0,0.00042528,ASSUMED_LIQUID_UNIVERSE,Y,Y,Y,Y,BEATS_CASH,ROBUST_IMPROVE,UNCERTAIN,Y,"{""concentration_cap_pct"": 50.0, ""max_candidate_weight_pct"": 20.0, ""max_turnover_pct"": 20.0, ""min_existing_kept_pct"": 80.0, ""profile_source"": ""system_default""}",,0.47941142,0.41989648,-0.05951494,12.4142,100.0,100.0,100.0,39.83559,36.4473,39.83559,36.4473,0.0,6.3125,-0.03285017511171164,-0.03002125466037287,0.00282892,-0.46850959194183084,-0.4353630231267831,0.03314657,0.38676029548259583,0.3671840859355306,-0.01957621,-0.0041445541192071614,-0.0038602551058096535,0.0002843,1.044823969603441,1.058291456309079,0.01346749,computed_from_action_before_after_weights,,17.0111,91.4944,5.0,PASS,,"달러강세·원화약세 취약성을 만든 005930.KS, 035420.KS, 035720.KS에 대해 FXF로 추가 헷지를 적용하면 sleeve 취약도 변화가 -0.0595입니다. 정식 추천 기준은 미달해 검토 후보입니다.",Action formal gate did not pass. Blockers: linked_formal_gate_blocked|linked_recommendation_not_formal|not_trim_and_hedge. Linked recommendation status is evidence only: REFERENCE_ONLY.,"FXF 조정은 달러강세·원화약세 취약성을 낮추는 검토안이며 전후 지표는 CVaR 개선, MDD 개선, stress 개선으로 확인됩니다.",취약성 0.0595 감소; CVaR 0.28%p 개선; MDD 3.31%p 개선; stress 0.03%p 개선; Sharpe 0.01 개선,FORMAL_ACTION excluded by action-level gate: linked_formal_gate_blocked|linked_recommendation_not_formal|not_trim_and_hedge,False,False,,같은 risk sleeve에서 더 적합한 액션이 선택되어 후보 감사 목록에만 남겼습니다.,"{""005930.KS"": 39.83559, ""035420.KS"": 20.6241, ""035720.KS"": 12.996008, ""NVDA"": 26.544302}","{""005930.KS"": 36.4473, ""035420.KS"": 18.8699, ""035720.KS"": 11.8906, ""FXF"": 6.3125, ""NVDA"": 24.2866, ""__CASH__"": 2.193}"
action_134,FAIL_ACTION,ADD_HEDGE,,REVIEW,,,,Y,LOW,85.0,0.7186488489601649,0.517154,linked_final_score,0.7186488489601649,35,D:0-49,grade_banded_final_score_v1,,1.0,growth_beta|korea_domestic_credit|korea_equity|krw_exposure|usdkrw_fx_korea|semiconductor_ai_cycle,defensive_equity|fx_hedge|growth_beta_offset|low_volatility|rate_shock_growth_duration|recession_liquidity_stress|semiconductor_ai_cycle|usdkrw_fx_korea|yen,N,N,N,C,formal_rebalance_hedge_gate,FAIL,base_action_status_fail_action|cash_baseline_lag|linked_formal_gate_blocked|linked_recommendation_not_formal|not_trim_and_hedge|stress_after_cost_not_improved,usdkrw_fx_korea,달러강세·원화약세,usdkrw_fx_korea,usd_strength_krw_weakness,005930.KS|035420.KS|035720.KS|NVDA,005930.KS,,FXY|SPLV,FXY,FXY + SPLV,FAIL_GATE,FAIL_GATE,VALIDATION_NOT_ELIGIBLE,fail_gate|validation_not_eligible,하드 게이트 실패 - Do not promote until the failing gate is resolved.; validation not eligible - Keep blocked or rebuild the candidate with valid backtest inputs.,0,0,0,0,linked_recommendation_evidence_after_backtest,,"Action formal gate failed: base_action_status_fail_action, cash_baseline_lag, linked_formal_gate_blocked, linked_recommendation_not_formal, not_trim_and_hedge, stress_after_cost_not_improved","{""alternatives"": [{""available"": true, ""cvar"": -0.03285017511171164, ""estimated_cost_bps"": 0.0, ""mdd"": -0.46850959194183084, ""name"": ""current"", ""stress"": -0.0041445541192071614, ""turnover_pct"": 0.0, ""why_not_chosen_ko"": ""baseline portfolio""}, {""available"": true, ""cvar_delta_after_cost"": 0.00489326, ""estimated_cost_bps"": 25.0, ""mdd_delta_after_cost"": 0.02920664, ""name"": ""trim_hedge"", ""stress_delta_after_cost"": -0.00043136, ""turnover_pct"": 17.0111, ""why_not_chosen_ko"": """"}, {""available"": true, ""cvar_delta_after_cost"": 0.0027941, ""estimated_cost_bps"": 25.0, ""mdd_delta_after_cost"": 0.0305649, ""name"": ""trim_cash"", ""stress_delta_after_cost"": 0.00035252, ""turnover_pct"": 17.0111, ""why_not_chosen_ko"": ""cash baseline was compared against the trim+hedge action""}, {""available"": true, ""cvar_delta_after_cost"": 0.0, ""estimated_cost_bps"": 0.0, ""mdd_delta_after_cost"": 0.0, ""name"": ""hold"", ""stress_delta_after_cost"": 0.0, ""turnover_pct"": 0.0, ""why_not_chosen_ko"": ""does not reduce the active scenario vulnerability""}]}",4,0.00489326,0.02920664,-0.00043136,25.0,0.00042528,ASSUMED_LIQUID_UNIVERSE,Y,Y,Y,Y,LAGS_CASH,ROBUST_IMPROVE,UNCERTAIN,Y,"{""concentration_cap_pct"": 50.0, ""max_candidate_weight_pct"": 20.0, ""max_turnover_pct"": 20.0, ""min_existing_kept_pct"": 80.0, ""profile_source"": ""system_default""}",,0.47941142,0.42164969,-0.05776173,12.0485,100.0,100.0,100.0,39.83559,36.4473,39.83559,36.4473,0.0,3.2404,-0.03285017511171164,-0.027956911858184396,0.00489326,-0.46850959194183084,-0.4393029473779113,0.02920664,0.38676029548259583,0.4222107688944057,0.03545047,-0.0041445541192071614,-0.004575916573443077,-0.00043136,1.044823969603441,1.252851338865876,0.20802737,computed_from_action_before_after_weights,,17.0111,91.4944,5.0,PASS,stress worsened,"달러강세·원화약세 취약성을 만든 005930.KS, 035420.KS, 035720.KS에 대해 FXY, SPLV로 추가 헷지를 적용하면 sleeve 취약도 변화가 -0.0578입니다. 정식 추천 기준은 미달해 검토 후보입니다.",기준 미통과: stress worsened,"FXY + SPLV 조정은 달러강세·원화약세 취약성은 일부 낮춰도 핵심 리스크 지표가 악화되어 실행 기준 미통과입니다. (CVaR 개선, MDD 개선, stress 악화)",취약성 0.0578 감소; CVaR 0.49%p 개선; MDD 2.92%p 개선; stress 0.04%p 악화; Sharpe 0.21 개선,stress worsened,False,False,,기준 미통과: stress worsened,"{""005930.KS"": 39.83559, ""035420.KS"": 20.6241, ""035720.KS"": 12.996008, ""NVDA"": 26.544302}","{""005930.KS"": 36.4473, ""035420.KS"": 18.8699, ""035720.KS"": 11.8906, ""FXY"": 3.2404, ""NVDA"": 24.2866, ""SPLV"": 4.0919, ""__CASH__"": 1.1732}"
action_160,FAIL_ACTION,ADD_HEDGE,,REVIEW,,,,Y,LOW,77.5,0.2,0.495616,linked_final_score,0.2,10,D:0-49,grade_banded_final_score_v1,0.6282070124837822,,,,,,,,formal_rebalance_hedge_gate,FAIL,base_action_status_fail_action|cash_baseline_lag|linked_formal_gate_blocked|linked_recommendation_not_formal|mdd_after_cost_not_improved|not_trim_and_hedge|stress_after_cost_not_improved,usdkrw_fx_korea,달러강세·원화약세,usdkrw_fx_korea,usd_strength_krw_weakness,005930.KS|035420.KS|035720.KS|NVDA,005930.KS,,BTC-USD,BTC-USD,BTC-USD,FAIL_GATE,FAIL_GATE,VALIDATION_NOT_ELIGIBLE,fail_gate|validation_not_eligible|liquidity_below_formal,하드 게이트 실패 - Do not promote until the failing gate is resolved.; validation not eligible - Keep blocked or rebuild the candidate with valid backtest inputs.; 유동성 기준 미달 - Refresh ADV evidence or exclude the candidate from formal recommendations.,0,0,0,0,linked_recommendation_evidence_after_backtest,,"Action formal gate failed: base_action_status_fail_action, cash_baseline_lag, linked_formal_gate_blocked, linked_recommendation_not_formal, mdd_after_cost_not_improved, not_trim_and_hedge, stress_after_cost_not_improved","{""alternatives"": [{""available"": true, ""cvar"": -0.03285017511171164, ""estimated_cost_bps"": 0.0, ""mdd"": -0.46850959194183084, ""name"": ""current"", ""stress"": -0.0041445541192071614, ""turnover_pct"": 0.0, ""why_not_chosen_ko"": ""baseline portfolio""}, {""available"": true, ""cvar_delta_after_cost"": 0.00264704, ""estimated_cost_bps"": 25.0, ""mdd_delta_after_cost"": -0.00743944, ""name"": ""trim_hedge"", ""stress_delta_after_cost"": -0.00047315, ""turnover_pct"": 18.592526, ""why_not_chosen_ko"": """"}, {""available"": true, ""cvar_delta_after_cost"": 0.00305384, ""estimated_cost_bps"": 25.0, ""mdd_delta_after_cost"": 0.03348248, ""name"": ""trim_cash"", ""stress_delta_after_cost"": 0.00038529, ""turnover_pct"": 18.592526, ""why_not_chosen_ko"": ""cash baseline was compared against the trim+hedge action""}, {""available"": true, ""cvar_delta_after_cost"": 0.0, ""estimated_cost_bps"": 0.0, ""mdd_delta_after_cost"": 0.0, ""name"": ""hold"", ""stress_delta_after_cost"": 0.0, ""turnover_pct"": 0.0, ""why_not_chosen_ko"": ""does not reduce the active scenario vulnerability""}]}",4,0.00264704,-0.00743944,-0.00047315,25.0,0.00046481,ASSUMED_LIQUID_UNIVERSE,Y,Y,Y,Y,LAGS_CASH,ROBUST_IMPROVE,ACTION_BOOTSTRAP_PASS,Y,"{""concentration_cap_pct"": 50.0, ""max_candidate_weight_pct"": 20.0, ""max_turnover_pct"": 20.0, ""min_existing_kept_pct"": 80.0, ""profile_source"": ""system_default""}",,0.47941142,0.42171556,-0.05769586,12.0347,100.0,100.0,100.0,39.83559,36.132369,39.83559,36.132369,0.0,9.296263,-0.03285017511171164,-0.030203130460927777,0.00264704,-0.46850959194183084,-0.4759490320760106,-0.00743944,0.38676029548259583,0.4829275379894204,0.09616724,-0.0041445541192071614,-0.004617705847320615,-0.00047315,1.044823969603441,1.592952372730069,0.5481284,computed_from_action_before_after_weights,,18.592526,90.703737,5.0,PASS,MDD worsened; stress worsened,"달러강세·원화약세 취약성을 만든 005930.KS, 035420.KS, 035720.KS에 대해 BTC-USD로 추가 헷지를 적용하면 sleeve 취약도 변화가 -0.0577입니다. 정식 추천 기준은 미달해 검토 후보입니다.",기준 미통과: MDD worsened; stress worsened,"BTC-USD 조정은 달러강세·원화약세 취약성은 일부 낮춰도 핵심 리스크 지표가 악화되어 실행 기준 미통과입니다. (CVaR 개선, MDD 악화, stress 악화)",취약성 0.0577 감소; CVaR 0.26%p 개선; MDD 0.74%p 악화; stress 0.05%p 악화; Sharpe 0.55 개선,MDD worsened; stress worsened,False,False,,기준 미통과: MDD worsened; stress worsened,"{""005930.KS"": 39.83559, ""035420.KS"": 20.6241, ""035720.KS"": 12.996008, ""NVDA"": 26.544302}","{""005930.KS"": 36.132369, ""035420.KS"": 18.706829, ""035720.KS"": 11.787865, ""BTC-USD"": 9.296263, ""NVDA"": 24.076674}"
action_096,REVIEW_ACTION,ADD_HEDGE,,REVIEW,B,B. 조건부 처방,"핵심 취약점 보완 효과는 있으나 검증 샘플, 비용, 유동성, cash baseline 중 일부 확인이 필요합니다.",Y,LOW,100.0,0.737509646608836,0.607937,linked_final_score,0.737509646608836,84,B:70-89,grade_banded_final_score_v1,0.7643070440508308,1.0,growth_beta|korea_domestic_credit|korea_equity|krw_exposure|usdkrw_fx_korea|semiconductor_ai_cycle,euro|fx_hedge|usdkrw_fx_korea,N,N,N,C,formal_rebalance_hedge_gate,FAIL,cash_baseline_lag|linked_formal_gate_blocked|linked_recommendation_not_formal|not_trim_and_hedge,usdkrw_fx_korea,달러강세·원화약세,usdkrw_fx_korea,usd_strength_krw_weakness,005930.KS|035420.KS|035720.KS|NVDA,005930.KS,,FXE,FXE,FXE,REFERENCE_ONLY,REFERENCE_ONLY,VALIDATION_THIN,validation_thin|cash_baseline_lag|bootstrap_not_robust|cash_bootstrap_not_robust|return_drag_reference|reference_only,"검증 표본 부족 - Keep review-only until the stress sample is thick enough.; 현금 기준 대비 열위 - Improve the cash-baseline comparison or keep the candidate review-only.; 부트스트랩 신뢰도 부족 - Increase sample coverage or downgrade fragile candidates.; 현금 기준 부트스트랩 부족 - Add stronger cash-baseline evidence before formal use.; 수익률 훼손 검토 필요 - Confirm risk reduction compensates for return drag before promotion.; 참고 후보 - Use as research context, not an execution recommendation.",1,1,0,0,linked_recommendation_evidence_after_backtest,,"Action formal gate failed: cash_baseline_lag, linked_formal_gate_blocked, linked_recommendation_not_formal, not_trim_and_hedge","{""alternatives"": [{""available"": true, ""cvar"": -0.03285017511171164, ""estimated_cost_bps"": 0.0, ""mdd"": -0.46850959194183084, ""name"": ""current"", ""stress"": -0.0041445541192071614, ""turnover_pct"": 0.0, ""why_not_chosen_ko"": ""baseline portfolio""}, {""available"": true, ""cvar_delta_after_cost"": 0.00276174, ""estimated_cost_bps"": 25.0, ""mdd_delta_after_cost"": 0.02951566, ""name"": ""trim_hedge"", ""stress_delta_after_cost"": 0.00030503, ""turnover_pct"": 17.0112, ""why_not_chosen_ko"": """"}, {""available"": true, ""cvar_delta_after_cost"": 0.0027941, ""estimated_cost_bps"": 25.0, ""mdd_delta_after_cost"": 0.0305649, ""name"": ""trim_cash"", ""stress_delta_after_cost"": 0.00035252, ""turnover_pct"": 17.0112, ""why_not_chosen_ko"": ""cash baseline was compared against the trim+hedge action""}, {""available"": true, ""cvar_delta_after_cost"": 0.0, ""estimated_cost_bps"": 0.0, ""mdd_delta_after_cost"": 0.0, ""name"": ""hold"", ""stress_delta_after_cost"": 0.0, ""turnover_pct"": 0.0, ""why_not_chosen_ko"": ""does not reduce the active scenario vulnerability""}]}",4,0.00276174,0.02951566,0.00030503,25.0,0.00042528,ASSUMED_LIQUID_UNIVERSE,Y,Y,Y,Y,LAGS_CASH,ROBUST_IMPROVE,UNCERTAIN,Y,"{""concentration_cap_pct"": 50.0, ""max_candidate_weight_pct"": 20.0, ""max_turnover_pct"": 20.0, ""min_existing_kept_pct"": 80.0, ""profile_source"": ""system_default""}",,0.47941142,0.42185899,-0.05755243,12.0048,100.0,100.0,100.0,39.83559,36.4473,39.83559,36.4473,0.0,6.0543,-0.03285017511171164,-0.03008844007322523,0.00276174,-0.46850959194183084,-0.4389939314558555,0.02951566,0.38676029548259583,0.37142866016172943,-0.01533164,-0.0041445541192071614,-0.003839521776158143,0.00030503,1.044823969603441,1.0457830088446756,0.00095904,computed_from_action_before_after_weights,,17.0112,91.4944,5.0,PASS,,"달러강세·원화약세 취약성을 만든 005930.KS, 035420.KS, 035720.KS에 대해 FXE로 추가 헷지를 적용하면 sleeve 취약도 변화가 -0.0576입니다. 정식 추천 기준은 미달해 검토 후보입니다.",Action formal gate did not pass. Blockers: cash_baseline_lag|linked_formal_gate_blocked|linked_recommendation_not_formal|not_trim_and_hedge. Linked recommendation status is evidence only: REFERENCE_ONLY.,"FXE 조정은 달러강세·원화약세 취약성을 낮추는 검토안이며 전후 지표는 CVaR 개선, MDD 개선, stress 개선으로 확인됩니다.",취약성 0.0576 감소; CVaR 0.28%p 개선; MDD 2.95%p 개선; stress 0.03%p 개선; Sharpe 0.00 개선,FORMAL_ACTION excluded by action-level gate: cash_baseline_lag|linked_formal_gate_blocked|linked_recommendation_not_formal|not_trim_and_hedge,False,True,"상위 sleeve 커버리지 이후 남은 후보 중 상태, 개선폭, turnover 기준으로 선택했습니다.",,"{""005930.KS"": 39.83559, ""035420.KS"": 20.6241, ""035720.KS"": 12.996008, ""NVDA"": 26.544302}","{""005930.KS"": 36.4473, ""035420.KS"": 18.8699, ""035720.KS"": 11.8906, ""FXE"": 6.0543, ""NVDA"": 24.2866, ""__CASH__"": 2.4513}"
action_108,REVIEW_ACTION,ADD_HEDGE,,REVIEW,B,B. 조건부 처방,"핵심 취약점 보완 효과는 있으나 검증 샘플, 비용, 유동성, cash baseline 중 일부 확인이 필요합니다.",Y,MEDIUM,100.0,0.35,0.406447,linked_final_score,0.35,77,B:70-89,grade_banded_final_score_v1,0.10999305401571469,0.0,growth_beta|korea_domestic_credit|korea_equity|krw_exposure|usdkrw_fx_korea|semiconductor_ai_cycle,geopolitical_supply_chain|gold|inflation_energy_shock|precious_metal,Y,N,Y,D,formal_rebalance_hedge_gate,FAIL,cash_baseline_lag|linked_formal_gate_blocked|linked_recommendation_not_formal|not_trim_and_hedge,usdkrw_fx_korea,달러강세·원화약세,usdkrw_fx_korea,usd_strength_krw_weakness,005930.KS|035420.KS|035720.KS|NVDA,005930.KS,,IAU,IAU,IAU,REFERENCE_ONLY,REFERENCE_ONLY,VALIDATION_THIN,validation_thin|bootstrap_not_robust|cash_bootstrap_not_robust|return_drag_reference|reference_only,"검증 표본 부족 - Keep review-only until the stress sample is thick enough.; 부트스트랩 신뢰도 부족 - Increase sample coverage or downgrade fragile candidates.; 현금 기준 부트스트랩 부족 - Add stronger cash-baseline evidence before formal use.; 수익률 훼손 검토 필요 - Confirm risk reduction compensates for return drag before promotion.; 참고 후보 - Use as research context, not an execution recommendation.",1,0,0,0,linked_recommendation_evidence_after_backtest,,"Action formal gate failed: cash_baseline_lag, linked_formal_gate_blocked, linked_recommendation_not_formal, not_trim_and_hedge","{""alternatives"": [{""available"": true, ""cvar"": -0.03285017511171164, ""estimated_cost_bps"": 0.0, ""mdd"": -0.46850959194183084, ""name"": ""current"", ""stress"": -0.0041445541192071614, ""turnover_pct"": 0.0, ""why_not_chosen_ko"": ""baseline portfolio""}, {""available"": true, ""cvar_delta_after_cost"": 0.00273212, ""estimated_cost_bps"": 25.0, ""mdd_delta_after_cost"": 0.03260527, ""name"": ""trim_hedge"", ""stress_delta_after_cost"": 0.00033079, ""turnover_pct"": 17.0112, ""why_not_chosen_ko"": """"}, {""available"": true, ""cvar_delta_after_cost"": 0.0027941, ""estimated_cost_bps"": 25.0, ""mdd_delta_after_cost"": 0.0305649, ""name"": ""trim_cash"", ""stress_delta_after_cost"": 0.00035252, ""turnover_pct"": 17.0112, ""why_not_chosen_ko"": ""cash baseline was compared against the trim+hedge action""}, {""available"": true, ""cvar_delta_after_cost"": 0.0, ""estimated_cost_bps"": 0.0, ""mdd_delta_after_cost"": 0.0, ""name"": ""hold"", ""stress_delta_after_cost"": 0.0, ""turnover_pct"": 0.0, ""why_not_chosen_ko"": ""does not reduce the active scenario vulnerability""}]}",4,0.00273212,0.03260527,0.00033079,25.0,0.00042528,ASSUMED_LIQUID_UNIVERSE,Y,Y,Y,Y,LAGS_CASH,ROBUST_IMPROVE,UNCERTAIN,Y,"{""concentration_cap_pct"": 50.0, ""max_candidate_weight_pct"": 20.0, ""max_turnover_pct"": 20.0, ""min_existing_kept_pct"": 80.0, ""profile_source"": ""system_default""}",,0.47941142,0.42509785,-0.05431357,11.3292,100.0,100.0,100.0,39.83559,36.4473,39.83559,36.4473,0.0,4.7621,-0.03285017511171164,-0.030118057728250356,0.00273212,-0.46850959194183084,-0.4359043225578666,0.03260527,0.38676029548259583,0.36644150674129095,-0.02031879,-0.0041445541192071614,-0.003813762573291353,0.00033079,1.044823969603441,1.0724796846971931,0.02765572,computed_from_action_before_after_weights,,17.0112,91.4944,5.0,PASS,,"달러강세·원화약세 취약성을 만든 005930.KS, 035420.KS, 035720.KS에 대해 IAU로 추가 헷지를 적용하면 sleeve 취약도 변화가 -0.0543입니다. 정식 추천 기준은 미달해 검토 후보입니다.",Action formal gate did not pass. Blockers: cash_baseline_lag|linked_formal_gate_blocked|linked_recommendation_not_formal|not_trim_and_hedge. Linked recommendation status is evidence only: REFERENCE_ONLY.,"IAU 조정은 달러강세·원화약세 취약성을 낮추는 검토안이며 전후 지표는 CVaR 개선, MDD 개선, stress 개선으로 확인됩니다.",취약성 0.0543 감소; CVaR 0.27%p 개선; MDD 3.26%p 개선; stress 0.03%p 개선; Sharpe 0.03 개선,FORMAL_ACTION excluded by action-level gate: cash_baseline_lag|linked_formal_gate_blocked|linked_recommendation_not_formal|not_trim_and_hedge,False,False,,같은 risk sleeve에서 더 적합한 액션이 선택되어 후보 감사 목록에만 남겼습니다.,"{""005930.KS"": 39.83559, ""035420.KS"": 20.6241, ""035720.KS"": 12.996008, ""NVDA"": 26.544302}","{""005930.KS"": 36.4473, ""035420.KS"": 18.8699, ""035720.KS"": 11.8906, ""IAU"": 4.7621, ""NVDA"": 24.2866, ""__CASH__"": 3.7435}"
action_225,FAIL_ACTION,TRIM_AND_HEDGE,REVIEW_REQUIRED,REVIEW,,,,Y,LOW,85.0,0.6992057463778639,0.695645,linked_final_score,0.6992057463778639,34,D:0-49,grade_banded_final_score_v1,0.780976514538672,1.0,growth_beta|korea_domestic_credit|korea_equity|krw_exposure|usdkrw_fx_korea|semiconductor_ai_cycle,growth_beta_offset|low_beta|market_neutral|rate_shock_growth_duration|recession_liquidity_stress|semiconductor_ai_cycle,N,N,N,C,formal_rebalance_hedge_gate,FAIL,base_action_status_fail_action|bootstrap_not_robust|linked_formal_gate_blocked|linked_recommendation_not_formal|stress_after_cost_not_improved,recession_liquidity_stress,침체·유동성 스트레스,recession_liquidity_stress,acute_global_stress_liquidity_crunch|slowdown_recession_deflation_risk,NVDA,NVDA,,BTAL,BTAL,BTAL,FAIL_GATE,FAIL_GATE,VALIDATION_NOT_ELIGIBLE,fail_gate|validation_not_eligible,하드 게이트 실패 - Do not promote until the failing gate is resolved.; validation not eligible - Keep blocked or rebuild the candidate with valid backtest inputs.,0,0,0,0,linked_recommendation_evidence_after_backtest,,"Action formal gate failed: base_action_status_fail_action, bootstrap_not_robust, linked_formal_gate_blocked, linked_recommendation_not_formal, stress_after_cost_not_improved","{""alternatives"": [{""available"": true, ""cvar"": -0.03285017511171164, ""estimated_cost_bps"": 0.0, ""mdd"": -0.46850959194183084, ""name"": ""current"", ""stress"": -0.0041445541192071614, ""turnover_pct"": 0.0, ""why_not_chosen_ko"": ""baseline portfolio""}, {""available"": true, ""cvar_delta_after_cost"": 0.00463038, ""estimated_cost_bps"": 25.0, ""mdd_delta_after_cost"": 0.03254268, ""name"": ""trim_hedge"", ""stress_delta_after_cost"": -0.00138542, ""turnover_pct"": 10.0, ""why_not_chosen_ko"": """"}, {""available"": true, ""cvar_delta_after_cost"": 0.00194873, ""estimated_cost_bps"": 25.0, ""mdd_delta_after_cost"": 0.02165988, ""name"": ""trim_cash"", ""stress_delta_after_cost"": 3.253e-05, ""turnover_pct"": 10.0, ""why_not_chosen_ko"": ""cash baseline was compared against the trim+hedge action""}, {""available"": true, ""cvar_delta_after_cost"": 0.0, ""estimated_cost_bps"": 0.0, ""mdd_delta_after_cost"": 0.0, ""name"": ""hold"", ""stress_delta_after_cost"": 0.0, ""turnover_pct"": 0.0, ""why_not_chosen_ko"": ""does not reduce the active scenario vulnerability""}]}",4,0.00463038,0.03254268,-0.00138542,25.0,0.00025,ASSUMED_LIQUID_UNIVERSE,Y,Y,Y,Y,BEATS_CASH,UNCERTAIN,UNCERTAIN,Y,"{""concentration_cap_pct"": 50.0, ""max_candidate_weight_pct"": 20.0, ""max_turnover_pct"": 20.0, ""min_existing_kept_pct"": 80.0, ""profile_source"": ""system_default""}",,0.18556804,0.15968762,-0.02588042,13.9466,53.0501,53.0501,53.0501,26.544302,21.544302,26.544302,21.544302,0.0,5.0,-0.03285017511171164,-0.02821979553209162,0.00463038,-0.46850959194183084,-0.4359669111673514,0.03254268,0.38676029548259583,0.34045182675524377,-0.04630847,-0.0041445541192071614,-0.005529972786512404,-0.00138542,1.044823969603441,1.2525744511056767,0.20775048,computed_from_action_before_after_weights,,10.0,95.0,5.0,PASS,stress worsened,침체·유동성 스트레스 취약성을 만든 NVDA에 대해 BTAL로 원인 보유자산 일부 축소 후 헷지를 적용하면 sleeve 취약도 변화가 -0.0259입니다. 정식 추천 기준은 미달해 검토 후보입니다.,기준 미통과: stress worsened,"BTAL 조정은 침체·유동성 스트레스 취약성은 일부 낮춰도 핵심 리스크 지표가 악화되어 실행 기준 미통과입니다. (CVaR 개선, MDD 개선, stress 악화)",취약성 0.0259 감소; CVaR 0.46%p 개선; MDD 3.25%p 개선; stress 0.14%p 악화; Sharpe 0.21 개선,stress worsened,False,False,,기준 미통과: stress worsened,"{""005930.KS"": 39.83559, ""035420.KS"": 20.6241, ""035720.KS"": 12.996008, ""NVDA"": 26.544302}","{""005930.KS"": 39.83559, ""035420.KS"": 20.6241, ""035720.KS"": 12.996008, ""BTAL"": 5.0, ""NVDA"": 21.544302}"
action_203,REVIEW_ACTION,TRIM_AND_HEDGE,REVIEW_REQUIRED,REVIEW,B,B. 조건부 처방,"핵심 취약점 보완 효과는 있으나 검증 샘플, 비용, 유동성, cash baseline 중 일부 확인이 필요합니다.",Y,LOW,84.7528,0.6715857673887177,0.454087,linked_final_score,0.6715857673887177,83,B:70-89,grade_banded_final_score_v1,0.691810722479809,1.0,growth_beta|korea_domestic_credit|korea_equity|krw_exposure|usdkrw_fx_korea|semiconductor_ai_cycle,defensive_equity|korea_domestic_credit|korea_equity|recession_liquidity_stress|usdkrw_fx_korea,N,N,N,C,formal_rebalance_hedge_gate,FAIL,bootstrap_not_robust|cash_baseline_lag|cash_bootstrap_not_robust|linked_formal_gate_blocked|linked_recommendation_not_formal|stress_after_cost_not_improved,recession_liquidity_stress,침체·유동성 스트레스,recession_liquidity_stress,acute_global_stress_liquidity_crunch|slowdown_recession_deflation_risk,NVDA,NVDA,,017670.KS,017670.KS,017670.KS,REFERENCE_ONLY,REFERENCE_ONLY,VALIDATION_INSUFFICIENT,validation_insufficient|reference_only,"검증 이력 부족 - Add enough target stress validation history before formal promotion.; 참고 후보 - Use as research context, not an execution recommendation.",0,0,0,0,linked_recommendation_evidence_after_backtest,,"Action formal gate failed: bootstrap_not_robust, cash_baseline_lag, cash_bootstrap_not_robust, linked_formal_gate_blocked, linked_recommendation_not_formal, stress_after_cost_not_improved","{""alternatives"": [{""available"": true, ""cvar"": -0.03285017511171164, ""estimated_cost_bps"": 0.0, ""mdd"": -0.46850959194183084, ""name"": ""current"", ""stress"": -0.0041445541192071614, ""turnover_pct"": 0.0, ""why_not_chosen_ko"": ""baseline portfolio""}, {""available"": true, ""cvar_delta_after_cost"": 0.00149915, ""estimated_cost_bps"": 25.0, ""mdd_delta_after_cost"": 0.01518561, ""name"": ""trim_hedge"", ""stress_delta_after_cost"": -7.528e-05, ""turnover_pct"": 10.0, ""why_not_chosen_ko"": """"}, {""available"": true, ""cvar_delta_after_cost"": 0.00194873, ""estimated_cost_bps"": 25.0, ""mdd_delta_after_cost"": 0.02165988, ""name"": ""trim_cash"", ""stress_delta_after_cost"": 3.253e-05, ""turnover_pct"": 10.0, ""why_not_chosen_ko"": ""cash baseline was compared against the trim+hedge action""}, {""available"": true, ""cvar_delta_after_cost"": 0.0, ""estimated_cost_bps"": 0.0, ""mdd_delta_after_cost"": 0.0, ""name"": ""hold"", ""stress_delta_after_cost"": 0.0, ""turnover_pct"": 0.0, ""why_not_chosen_ko"": ""does not reduce the active scenario vulnerability""}]}",4,0.00149915,0.01518561,-7.528e-05,25.0,0.00025,ASSUMED_LIQUID_UNIVERSE,Y,Y,Y,Y,LAGS_CASH,UNCERTAIN,ROBUST_WORSE,Y,"{""concentration_cap_pct"": 50.0, ""max_candidate_weight_pct"": 20.0, ""max_turnover_pct"": 20.0, ""min_existing_kept_pct"": 80.0, ""profile_source"": ""system_default""}",,0.18556804,0.16205606,-0.02351198,12.6703,53.0501,53.0501,53.0501,26.544302,21.544302,26.544302,21.544302,0.0,5.0,-0.03285017511171164,-0.03135102355067631,0.00149915,-0.46850959194183084,-0.4533239817335548,0.01518561,0.38676029548259583,0.31495013241960496,-0.07181016,-0.0041445541192071614,-0.004219835692740902,-7.528e-05,1.044823969603441,1.020103528807154,-0.02472044,computed_from_action_before_after_weights,,10.0,95.0,5.0,PASS,,침체·유동성 스트레스 취약성을 만든 NVDA에 대해 017670.KS로 원인 보유자산 일부 축소 후 헷지를 적용하면 sleeve 취약도 변화가 -0.0235입니다. 정식 추천 기준은 미달해 검토 후보입니다.,Action formal gate did not pass. Blockers: bootstrap_not_robust|cash_baseline_lag|cash_bootstrap_not_robust|linked_formal_gate_blocked|linked_recommendation_not_formal|stress_after_cost_not_improved. Linked recommendation status is evidence only: REFERENCE_ONLY.,"017670.KS 조정은 침체·유동성 스트레스 취약성을 낮추는 검토안이며 전후 지표는 CVaR 개선, MDD 개선, stress 악화으로 확인됩니다.",취약성 0.0235 감소; CVaR 0.15%p 개선; MDD 1.52%p 개선; stress 0.01%p 악화; Sharpe 0.02 악화,FORMAL_ACTION excluded by action-level gate: bootstrap_not_robust|cash_baseline_lag|cash_bootstrap_not_robust|linked_formal_gate_blocked|linked_recommendation_not_formal|stress_after_cost_not_improved,False,True,취약성 기여가 큰 보유자산이 확인되어 단순 추가 헷지보다 TRIM_AND_HEDGE가 우선입니다.,,"{""005930.KS"": 39.83559, ""035420.KS"": 20.6241, ""035720.KS"": 12.996008, ""NVDA"": 26.544302}","{""005930.KS"": 39.83559, ""017670.KS"": 5.0, ""035420.KS"": 20.6241, ""035720.KS"": 12.996008, ""NVDA"": 21.544302}"
action_227,FAIL_ACTION,TRIM_AND_HEDGE,REVIEW_REQUIRED,REVIEW,,,,Y,LOW,85.0,0.6842625302284479,0.514984,linked_final_score,0.6842625302284479,34,D:0-49,grade_banded_final_score_v1,,1.0,growth_beta|korea_domestic_credit|korea_equity|krw_exposure|usdkrw_fx_korea|semiconductor_ai_cycle,geopolitical_supply_chain|gold|growth_beta_offset|inflation_energy_shock|korea_domestic_credit|kr_listed|low_beta|market_neutral|rate_shock_growth_duration|recession_liquidity_stress|semiconductor_ai_cycle|usdkrw_fx_korea,N,N,N,C,formal_rebalance_hedge_gate,FAIL,base_action_status_fail_action|bootstrap_not_robust|linked_formal_gate_blocked|linked_recommendation_not_formal|stress_after_cost_not_improved,recession_liquidity_stress,침체·유동성 스트레스,recession_liquidity_stress,acute_global_stress_liquidity_crunch|slowdown_recession_deflation_risk,NVDA,NVDA,,BTAL|132030.KS,BTAL,BTAL + 132030.KS,FAIL_GATE,FAIL_GATE,VALIDATION_NOT_ELIGIBLE,fail_gate|validation_not_eligible,하드 게이트 실패 - Do not promote until the failing gate is resolved.; validation not eligible - Keep blocked or rebuild the candidate with valid backtest inputs.,0,0,0,0,linked_recommendation_evidence_after_backtest,,"Action formal gate failed: base_action_status_fail_action, bootstrap_not_robust, linked_formal_gate_blocked, linked_recommendation_not_formal, stress_after_cost_not_improved","{""alternatives"": [{""available"": true, ""cvar"": -0.03285017511171164, ""estimated_cost_bps"": 0.0, ""mdd"": -0.46850959194183084, ""name"": ""current"", ""stress"": -0.0041445541192071614, ""turnover_pct"": 0.0, ""why_not_chosen_ko"": ""baseline portfolio""}, {""available"": true, ""cvar_delta_after_cost"": 0.00437418, ""estimated_cost_bps"": 25.0, ""mdd_delta_after_cost"": 0.03080389, ""name"": ""trim_hedge"", ""stress_delta_after_cost"": -0.00128371, ""turnover_pct"": 10.0, ""why_not_chosen_ko"": """"}, {""available"": true, ""cvar_delta_after_cost"": 0.00194873, ""estimated_cost_bps"": 25.0, ""mdd_delta_after_cost"": 0.02165988, ""name"": ""trim_cash"", ""stress_delta_after_cost"": 3.253e-05, ""turnover_pct"": 10.0, ""why_not_chosen_ko"": ""cash baseline was compared against the trim+hedge action""}, {""available"": true, ""cvar_delta_after_cost"": 0.0, ""estimated_cost_bps"": 0.0, ""mdd_delta_after_cost"": 0.0, ""name"": ""hold"", ""stress_delta_after_cost"": 0.0, ""turnover_pct"": 0.0, ""why_not_chosen_ko"": ""does not reduce the active scenario vulnerability""}]}",4,0.00437418,0.03080389,-0.00128371,25.0,0.00025,ASSUMED_LIQUID_UNIVERSE,Y,Y,Y,Y,BEATS_CASH,UNCERTAIN,UNCERTAIN,Y,"{""concentration_cap_pct"": 50.0, ""max_candidate_weight_pct"": 20.0, ""max_turnover_pct"": 20.0, ""min_existing_kept_pct"": 80.0, ""profile_source"": ""system_default""}",,0.18556804,0.16289164,-0.0226764,12.22,53.0501,53.0501,53.0501,26.544302,21.544302,26.544302,21.544302,0.0,2.5,-0.03285017511171164,-0.028475998225863455,0.00437418,-0.46850959194183084,-0.43770569725487474,0.03080389,0.38676029548259583,0.34183662709103685,-0.04492367,-0.0041445541192071614,-0.00542826186776049,-0.00128371,1.044823969603441,1.2487419486889384,0.20391798,computed_from_action_before_after_weights,,10.0,95.0,5.0,PASS,stress worsened,"침체·유동성 스트레스 취약성을 만든 NVDA에 대해 BTAL, 132030.KS로 원인 보유자산 일부 축소 후 헷지를 적용하면 sleeve 취약도 변화가 -0.0227입니다. 정식 추천 기준은 미달해 검토 후보입니다.",기준 미통과: stress worsened,"BTAL + 132030.KS 조정은 침체·유동성 스트레스 취약성은 일부 낮춰도 핵심 리스크 지표가 악화되어 실행 기준 미통과입니다. (CVaR 개선, MDD 개선, stress 악화)",취약성 0.0227 감소; CVaR 0.44%p 개선; MDD 3.08%p 개선; stress 0.13%p 악화; Sharpe 0.20 개선,stress worsened,False,False,,기준 미통과: stress worsened,"{""005930.KS"": 39.83559, ""035420.KS"": 20.6241, ""035720.KS"": 12.996008, ""NVDA"": 26.544302}","{""005930.KS"": 39.83559, ""035420.KS"": 20.6241, ""035720.KS"": 12.996008, ""132030.KS"": 2.5, ""BTAL"": 2.5, ""NVDA"": 21.544302}"
action_209,FAIL_ACTION,TRIM_AND_HEDGE,REVIEW_REQUIRED,REVIEW,,,,Y,LOW,85.0,0.7764779340579246,0.495486,linked_final_score,0.7764779340579246,38,D:0-49,grade_banded_final_score_v1,,1.0,growth_beta|korea_domestic_credit|korea_equity|krw_exposure|usdkrw_fx_korea|semiconductor_ai_cycle,growth_beta_offset|korea_domestic_credit|krw_weakness|low_beta|market_neutral|rate_shock_growth_duration|recession_liquidity_stress|semiconductor_ai_cycle|usd_hedge|usdkrw_fx_korea,N,N,N,C,formal_rebalance_hedge_gate,FAIL,base_action_status_fail_action|bootstrap_not_robust|linked_formal_gate_blocked|linked_recommendation_not_formal|stress_after_cost_not_improved,recession_liquidity_stress,침체·유동성 스트레스,recession_liquidity_stress,acute_global_stress_liquidity_crunch|slowdown_recession_deflation_risk,NVDA,NVDA,,261240.KS|BTAL,261240.KS,261240.KS + BTAL,FAIL_GATE,FAIL_GATE,VALIDATION_NOT_ELIGIBLE,fail_gate|validation_not_eligible,하드 게이트 실패 - Do not promote until the failing gate is resolved.; validation not eligible - Keep blocked or rebuild the candidate with valid backtest inputs.,0,0,0,0,linked_recommendation_evidence_after_backtest,,"Action formal gate failed: base_action_status_fail_action, bootstrap_not_robust, linked_formal_gate_blocked, linked_recommendation_not_formal, stress_after_cost_not_improved","{""alternatives"": [{""available"": true, ""cvar"": -0.03285017511171164, ""estimated_cost_bps"": 0.0, ""mdd"": -0.46850959194183084, ""name"": ""current"", ""stress"": -0.0041445541192071614, ""turnover_pct"": 0.0, ""why_not_chosen_ko"": ""baseline portfolio""}, {""available"": true, ""cvar_delta_after_cost"": 0.00298813, ""estimated_cost_bps"": 25.0, ""mdd_delta_after_cost"": 0.03529853, ""name"": ""trim_hedge"", ""stress_delta_after_cost"": -0.00085205, ""turnover_pct"": 10.0, ""why_not_chosen_ko"": """"}, {""available"": true, ""cvar_delta_after_cost"": 0.00194873, ""estimated_cost_bps"": 25.0, ""mdd_delta_after_cost"": 0.02165988, ""name"": ""trim_cash"", ""stress_delta_after_cost"": 3.253e-05, ""turnover_pct"": 10.0, ""why_not_chosen_ko"": ""cash baseline was compared against the trim+hedge action""}, {""available"": true, ""cvar_delta_after_cost"": 0.0, ""estimated_cost_bps"": 0.0, ""mdd_delta_after_cost"": 0.0, ""name"": ""hold"", ""stress_delta_after_cost"": 0.0, ""turnover_pct"": 0.0, ""why_not_chosen_ko"": ""does not reduce the active scenario vulnerability""}]}",4,0.00298813,0.03529853,-0.00085205,25.0,0.00025,ASSUMED_LIQUID_UNIVERSE,Y,Y,Y,Y,BEATS_CASH,UNCERTAIN,ACTION_BOOTSTRAP_PASS,Y,"{""concentration_cap_pct"": 50.0, ""max_candidate_weight_pct"": 20.0, ""max_turnover_pct"": 20.0, ""min_existing_kept_pct"": 80.0, ""profile_source"": ""system_default""}",,0.18556804,0.16302837,-0.02253967,12.1463,53.0501,53.0501,53.0501,26.544302,21.544302,26.544302,21.544302,0.0,2.5,-0.03285017511171164,-0.029862045588239332,0.00298813,-0.46850959194183084,-0.4332110643015281,0.03529853,0.38676029548259583,0.37682836048222085,-0.00993194,-0.0041445541192071614,-0.004996608071109895,-0.00085205,1.044823969603441,1.300472081632401,0.25564811,computed_from_action_before_after_weights,,10.0,95.0,5.0,PASS,stress worsened,"침체·유동성 스트레스 취약성을 만든 NVDA에 대해 261240.KS, BTAL로 원인 보유자산 일부 축소 후 헷지를 적용하면 sleeve 취약도 변화가 -0.0225입니다. 정식 추천 기준은 미달해 검토 후보입니다.",기준 미통과: stress worsened,"261240.KS + BTAL 조정은 침체·유동성 스트레스 취약성은 일부 낮춰도 핵심 리스크 지표가 악화되어 실행 기준 미통과입니다. (CVaR 개선, MDD 개선, stress 악화)",취약성 0.0225 감소; CVaR 0.30%p 개선; MDD 3.53%p 개선; stress 0.09%p 악화; Sharpe 0.26 개선,stress worsened,False,False,,기준 미통과: stress worsened,"{""005930.KS"": 39.83559, ""035420.KS"": 20.6241, ""035720.KS"": 12.996008, ""NVDA"": 26.544302}","{""005930.KS"": 39.83559, ""035420.KS"": 20.6241, ""035720.KS"": 12.996008, ""261240.KS"": 2.5, ""BTAL"": 2.5, ""NVDA"": 21.544302}"
action_242,REVIEW_ACTION,ADD_HEDGE,,REVIEW,B,B. 조건부 처방,"핵심 취약점 보완 효과는 있으나 검증 샘플, 비용, 유동성, cash baseline 중 일부 확인이 필요합니다.",Y,MEDIUM,100.0,0.2,0.464495,linked_final_score,0.2,74,B:70-89,grade_banded_final_score_v1,0.1096689393327201,,,,,,,,formal_rebalance_hedge_gate,FAIL,cash_baseline_lag|linked_formal_gate_blocked|linked_recommendation_not_formal|not_trim_and_hedge,recession_liquidity_stress,침체·유동성 스트레스,recession_liquidity_stress,acute_global_stress_liquidity_crunch|slowdown_recession_deflation_risk,NVDA|005930.KS|035720.KS|035420.KS,NVDA,,GLD,GLD,GLD,FAIL_GATE,FAIL_GATE,VALIDATION_NOT_ELIGIBLE,fail_gate|validation_not_eligible|liquidity_below_formal,하드 게이트 실패 - Do not promote until the failing gate is resolved.; validation not eligible - Keep blocked or rebuild the candidate with valid backtest inputs.; 유동성 기준 미달 - Refresh ADV evidence or exclude the candidate from formal recommendations.,0,0,0,0,linked_recommendation_evidence_after_backtest,,"Action formal gate failed: cash_baseline_lag, linked_formal_gate_blocked, linked_recommendation_not_formal, not_trim_and_hedge","{""alternatives"": [{""available"": true, ""cvar"": -0.03285017511171164, ""estimated_cost_bps"": 0.0, ""mdd"": -0.46850959194183084, ""name"": ""current"", ""stress"": -0.0041445541192071614, ""turnover_pct"": 0.0, ""why_not_chosen_ko"": ""baseline portfolio""}, {""available"": true, ""cvar_delta_after_cost"": 0.00287657, ""estimated_cost_bps"": 25.0, ""mdd_delta_after_cost"": 0.03735932, ""name"": ""trim_hedge"", ""stress_delta_after_cost"": 0.00033347, ""turnover_pct"": 18.592526, ""why_not_chosen_ko"": """"}, {""available"": true, ""cvar_delta_after_cost"": 0.00305384, ""estimated_cost_bps"": 25.0, ""mdd_delta_after_cost"": 0.03348248, ""name"": ""trim_cash"", ""stress_delta_after_cost"": 0.00038529, ""turnover_pct"": 18.592526, ""why_not_chosen_ko"": ""cash baseline was compared against the trim+hedge action""}, {""available"": true, ""cvar_delta_after_cost"": 0.0, ""estimated_cost_bps"": 0.0, ""mdd_delta_after_cost"": 0.0, ""name"": ""hold"", ""stress_delta_after_cost"": 0.0, ""turnover_pct"": 0.0, ""why_not_chosen_ko"": ""does not reduce the active scenario vulnerability""}]}",4,0.00287657,0.03735932,0.00033347,25.0,0.00046481,ASSUMED_LIQUID_UNIVERSE,Y,Y,Y,Y,LAGS_CASH,ACTION_BOOTSTRAP_PASS,UNCERTAIN,Y,"{""concentration_cap_pct"": 50.0, ""max_candidate_weight_pct"": 20.0, ""max_turnover_pct"": 20.0, ""min_existing_kept_pct"": 80.0, ""profile_source"": ""system_default""}",,0.18556804,0.16303339,-0.02253465,12.1436,100.0,100.0,100.0,26.544302,24.076674,26.544302,24.076674,0.0,9.296263,-0.03285017511171164,-0.029973602862561788,0.00287657,-0.46850959194183084,-0.4311502739769132,0.03735932,0.38676029548259583,0.37550102505446603,-0.01125927,-0.0041445541192071614,-0.00381108494328595,0.00033347,1.044823969603441,1.1052337704873256,0.0604098,computed_from_action_before_after_weights,,18.592526,90.703737,5.0,PASS,,"침체·유동성 스트레스 취약성을 만든 NVDA, 005930.KS, 035720.KS에 대해 GLD로 추가 헷지를 적용하면 sleeve 취약도 변화가 -0.0225입니다. 정식 추천 기준은 미달해 검토 후보입니다.",Action formal gate did not pass. Blockers: cash_baseline_lag|linked_formal_gate_blocked|linked_recommendation_not_formal|not_trim_and_hedge. Linked recommendation status is evidence only: FAIL_GATE.,"GLD 조정은 침체·유동성 스트레스 취약성을 낮추는 검토안이며 전후 지표는 CVaR 개선, MDD 개선, stress 개선으로 확인됩니다.",취약성 0.0225 감소; CVaR 0.29%p 개선; MDD 3.74%p 개선; stress 0.03%p 개선; Sharpe 0.06 개선,FORMAL_ACTION excluded by action-level gate: cash_baseline_lag|linked_formal_gate_blocked|linked_recommendation_not_formal|not_trim_and_hedge,False,False,,같은 risk sleeve에서 더 적합한 액션이 선택되어 후보 감사 목록에만 남겼습니다.,"{""005930.KS"": 39.83559, ""035420.KS"": 20.6241, ""035720.KS"": 12.996008, ""NVDA"": 26.544302}","{""005930.KS"": 36.132369, ""035420.KS"": 18.706829, ""035720.KS"": 11.787865, ""GLD"": 9.296263, ""NVDA"": 24.076674}"
action_235,FAIL_ACTION,TRIM_AND_HEDGE,REVIEW_REQUIRED,REVIEW,,,,Y,LOW,85.0,0.6284014963698522,0.499467,linked_final_score,0.6284014963698522,31,D:0-49,grade_banded_final_score_v1,,1.0,growth_beta|korea_domestic_credit|korea_equity|krw_exposure|usdkrw_fx_korea|semiconductor_ai_cycle,cash_like|growth_beta_offset|korea_domestic_credit|kr_short_bond|low_beta|market_neutral|rate_shock_growth_duration|recession_liquidity_stress|semiconductor_ai_cycle|usdkrw_fx_korea,N,Y,N,C,formal_rebalance_hedge_gate,FAIL,base_action_status_fail_action|bootstrap_not_robust|linked_formal_gate_blocked|linked_recommendation_not_formal|stress_after_cost_not_improved,recession_liquidity_stress,침체·유동성 스트레스,recession_liquidity_stress,acute_global_stress_liquidity_crunch|slowdown_recession_deflation_risk,NVDA,NVDA,,BTAL|153130.KS,BTAL,BTAL + 153130.KS,FAIL_GATE,FAIL_GATE,VALIDATION_NOT_ELIGIBLE,fail_gate|validation_not_eligible,하드 게이트 실패 - Do not promote until the failing gate is resolved.; validation not eligible - Keep blocked or rebuild the candidate with valid backtest inputs.,0,0,0,0,linked_recommendation_evidence_after_backtest,,"Action formal gate failed: base_action_status_fail_action, bootstrap_not_robust, linked_formal_gate_blocked, linked_recommendation_not_formal, stress_after_cost_not_improved","{""alternatives"": [{""available"": true, ""cvar"": -0.03285017511171164, ""estimated_cost_bps"": 0.0, ""mdd"": -0.46850959194183084, ""name"": ""current"", ""stress"": -0.0041445541192071614, ""turnover_pct"": 0.0, ""why_not_chosen_ko"": ""baseline portfolio""}, {""available"": true, ""cvar_delta_after_cost"": 0.00446635, ""estimated_cost_bps"": 25.0, ""mdd_delta_after_cost"": 0.03254151, ""name"": ""trim_hedge"", ""stress_delta_after_cost"": -0.00148435, ""turnover_pct"": 10.0, ""why_not_chosen_ko"": """"}, {""available"": true, ""cvar_delta_after_cost"": 0.00194873, ""estimated_cost_bps"": 25.0, ""mdd_delta_after_cost"": 0.02165988, ""name"": ""trim_cash"", ""stress_delta_after_cost"": 3.253e-05, ""turnover_pct"": 10.0, ""why_not_chosen_ko"": ""cash baseline was compared against the trim+hedge action""}, {""available"": true, ""cvar_delta_after_cost"": 0.0, ""estimated_cost_bps"": 0.0, ""mdd_delta_after_cost"": 0.0, ""name"": ""hold"", ""stress_delta_after_cost"": 0.0, ""turnover_pct"": 0.0, ""why_not_chosen_ko"": ""does not reduce the active scenario vulnerability""}]}",4,0.00446635,0.03254151,-0.00148435,25.0,0.00025,ASSUMED_LIQUID_UNIVERSE,Y,Y,Y,Y,BEATS_CASH,UNCERTAIN,ACTION_BOOTSTRAP_PASS,Y,"{""concentration_cap_pct"": 50.0, ""max_candidate_weight_pct"": 20.0, ""max_turnover_pct"": 20.0, ""min_existing_kept_pct"": 80.0, ""profile_source"": ""system_default""}",,0.18556804,0.16330873,-0.02225931,11.9952,53.0501,53.0501,53.0501,26.544302,21.544302,26.544302,21.544302,0.0,2.5,-0.03285017511171164,-0.028383823258628624,0.00446635,-0.46850959194183084,-0.43596808122996944,0.03254151,0.38676029548259583,0.34988534448093017,-0.03687495,-0.0041445541192071614,-0.005628900007895492,-0.00148435,1.044823969603441,1.1965120698676188,0.1516881,computed_from_action_before_after_weights,,10.0,95.0,5.0,PASS,stress worsened,"침체·유동성 스트레스 취약성을 만든 NVDA에 대해 BTAL, 153130.KS로 원인 보유자산 일부 축소 후 헷지를 적용하면 sleeve 취약도 변화가 -0.0223입니다. 정식 추천 기준은 미달해 검토 후보입니다.",기준 미통과: stress worsened,"BTAL + 153130.KS 조정은 침체·유동성 스트레스 취약성은 일부 낮춰도 핵심 리스크 지표가 악화되어 실행 기준 미통과입니다. (CVaR 개선, MDD 개선, stress 악화)",취약성 0.0223 감소; CVaR 0.45%p 개선; MDD 3.25%p 개선; stress 0.15%p 악화; Sharpe 0.15 개선,stress worsened,False,False,,기준 미통과: stress worsened,"{""005930.KS"": 39.83559, ""035420.KS"": 20.6241, ""035720.KS"": 12.996008, ""NVDA"": 26.544302}","{""005930.KS"": 39.83559, ""035420.KS"": 20.6241, ""035720.KS"": 12.996008, ""153130.KS"": 2.5, ""BTAL"": 2.5, ""NVDA"": 21.544302}"
action_229,FAIL_ACTION,TRIM_AND_HEDGE,,REVIEW,,,,Y,LOW,85.0,0.6806143510221117,0.471626,linked_final_score,0.6806143510221117,33,D:0-49,grade_banded_final_score_v1,,1.0,growth_beta|korea_domestic_credit|korea_equity|krw_exposure|usdkrw_fx_korea|semiconductor_ai_cycle,fx_hedge|growth_beta_offset|low_beta|market_neutral|rate_shock_growth_duration|recession_liquidity_stress|semiconductor_ai_cycle|usdkrw_fx_korea|yen,N,N,N,C,formal_rebalance_hedge_gate,FAIL,base_action_status_fail_action|linked_formal_gate_blocked|linked_recommendation_not_formal|stress_after_cost_not_improved,recession_liquidity_stress,침체·유동성 스트레스,recession_liquidity_stress,acute_global_stress_liquidity_crunch|slowdown_recession_deflation_risk,NVDA,NVDA,,FXY|BTAL,FXY,FXY + BTAL,REFERENCE_ONLY,FAIL_GATE,VALIDATION_THIN,validation_thin|cash_baseline_lag|bootstrap_not_robust|cash_bootstrap_not_robust|return_drag_reference|reference_only,"검증 표본 부족 - Keep review-only until the stress sample is thick enough.; 현금 기준 대비 열위 - Improve the cash-baseline comparison or keep the candidate review-only.; 부트스트랩 신뢰도 부족 - Increase sample coverage or downgrade fragile candidates.; 현금 기준 부트스트랩 부족 - Add stronger cash-baseline evidence before formal use.; 수익률 훼손 검토 필요 - Confirm risk reduction compensates for return drag before promotion.; 참고 후보 - Use as research context, not an execution recommendation.",1,1,0,0,linked_recommendation_evidence_after_backtest,,"Action formal gate failed: base_action_status_fail_action, linked_formal_gate_blocked, linked_recommendation_not_formal, stress_after_cost_not_improved","{""alternatives"": [{""available"": true, ""cvar"": -0.03285017511171164, ""estimated_cost_bps"": 0.0, ""mdd"": -0.46850959194183084, ""name"": ""current"", ""stress"": -0.0041445541192071614, ""turnover_pct"": 0.0, ""why_not_chosen_ko"": ""baseline portfolio""}, {""available"": true, ""cvar_delta_after_cost"": 0.00456614, ""estimated_cost_bps"": 25.0, ""mdd_delta_after_cost"": 0.02564633, ""name"": ""trim_hedge"", ""stress_delta_after_cost"": -0.00139185, ""turnover_pct"": 10.0, ""why_not_chosen_ko"": """"}, {""available"": true, ""cvar_delta_after_cost"": 0.00194873, ""estimated_cost_bps"": 25.0, ""mdd_delta_after_cost"": 0.02165988, ""name"": ""trim_cash"", ""stress_delta_after_cost"": 3.253e-05, ""turnover_pct"": 10.0, ""why_not_chosen_ko"": ""cash baseline was compared against the trim+hedge action""}, {""available"": true, ""cvar_delta_after_cost"": 0.0, ""estimated_cost_bps"": 0.0, ""mdd_delta_after_cost"": 0.0, ""name"": ""hold"", ""stress_delta_after_cost"": 0.0, ""turnover_pct"": 0.0, ""why_not_chosen_ko"": ""does not reduce the active scenario vulnerability""}]}",4,0.00456614,0.02564633,-0.00139185,25.0,0.00025,ASSUMED_LIQUID_UNIVERSE,Y,Y,Y,Y,BEATS_CASH,ACTION_BOOTSTRAP_PASS,ACTION_BOOTSTRAP_PASS,Y,"{""concentration_cap_pct"": 50.0, ""max_candidate_weight_pct"": 20.0, ""max_turnover_pct"": 20.0, ""min_existing_kept_pct"": 80.0, ""profile_source"": ""system_default""}",,0.18556804,0.16396817,-0.02159987,11.6399,53.0501,53.0501,53.0501,26.544302,21.544302,26.544302,21.544302,0.0,2.5,-0.03285017511171164,-0.02828403881590643,0.00456614,-0.46850959194183084,-0.44286326445089463,0.02564633,0.38676029548259583,0.3460747888007576,-0.04068551,-0.0041445541192071614,-0.005536404651019777,-0.00139185,1.044823969603441,1.2454737973960242,0.20064983,computed_from_action_before_after_weights,,10.0,95.0,5.0,PASS,stress worsened,"침체·유동성 스트레스 취약성을 만든 NVDA에 대해 FXY, BTAL로 원인 보유자산 일부 축소 후 헷지를 적용하면 sleeve 취약도 변화가 -0.0216입니다. 정식 추천 기준은 미달해 검토 후보입니다.",기준 미통과: stress worsened,"FXY + BTAL 조정은 침체·유동성 스트레스 취약성은 일부 낮춰도 핵심 리스크 지표가 악화되어 실행 기준 미통과입니다. (CVaR 개선, MDD 개선, stress 악화)",취약성 0.0216 감소; CVaR 0.46%p 개선; MDD 2.56%p 개선; stress 0.14%p 악화; Sharpe 0.20 개선,stress worsened,False,False,,기준 미통과: stress worsened,"{""005930.KS"": 39.83559, ""035420.KS"": 20.6241, ""035720.KS"": 12.996008, ""NVDA"": 26.544302}","{""005930.KS"": 39.83559, ""035420.KS"": 20.6241, ""035720.KS"": 12.996008, ""BTAL"": 2.5, ""FXY"": 2.5, ""NVDA"": 21.544302}"
action_205,REVIEW_ACTION,TRIM_AND_HEDGE,REVIEW_REQUIRED,REVIEW,B,B. 조건부 처방,"핵심 취약점 보완 효과는 있으나 검증 샘플, 비용, 유동성, cash baseline 중 일부 확인이 필요합니다.",Y,MEDIUM,100.0,0.35,0.271821,linked_final_score,0.35,77,B:70-89,grade_banded_final_score_v1,0.10999305401571469,0.0,growth_beta|korea_domestic_credit|korea_equity|krw_exposure|usdkrw_fx_korea|semiconductor_ai_cycle,geopolitical_supply_chain|gold|inflation_energy_shock|precious_metal,Y,N,Y,D,formal_rebalance_hedge_gate,FAIL,bootstrap_not_robust|cash_baseline_lag|linked_formal_gate_blocked|linked_recommendation_not_formal,recession_liquidity_stress,침체·유동성 스트레스,recession_liquidity_stress,acute_global_stress_liquidity_crunch|slowdown_recession_deflation_risk,NVDA,NVDA,,IAU,IAU,IAU,REFERENCE_ONLY,REFERENCE_ONLY,VALIDATION_THIN,validation_thin|bootstrap_not_robust|cash_bootstrap_not_robust|return_drag_reference|reference_only,"검증 표본 부족 - Keep review-only until the stress sample is thick enough.; 부트스트랩 신뢰도 부족 - Increase sample coverage or downgrade fragile candidates.; 현금 기준 부트스트랩 부족 - Add stronger cash-baseline evidence before formal use.; 수익률 훼손 검토 필요 - Confirm risk reduction compensates for return drag before promotion.; 참고 후보 - Use as research context, not an execution recommendation.",1,0,0,0,linked_recommendation_evidence_after_backtest,,"Action formal gate failed: bootstrap_not_robust, cash_baseline_lag, linked_formal_gate_blocked, linked_recommendation_not_formal","{""alternatives"": [{""available"": true, ""cvar"": -0.03285017511171164, ""estimated_cost_bps"": 0.0, ""mdd"": -0.46850959194183084, ""name"": ""current"", ""stress"": -0.0041445541192071614, ""turnover_pct"": 0.0, ""why_not_chosen_ko"": ""baseline portfolio""}, {""available"": true, ""cvar_delta_after_cost"": 0.00190792, ""estimated_cost_bps"": 25.0, ""mdd_delta_after_cost"": 0.02376471, ""name"": ""trim_hedge"", ""stress_delta_after_cost"": 9.72e-06, ""turnover_pct"": 10.0, ""why_not_chosen_ko"": """"}, {""available"": true, ""cvar_delta_after_cost"": 0.00194873, ""estimated_cost_bps"": 25.0, ""mdd_delta_after_cost"": 0.02165988, ""name"": ""trim_cash"", ""stress_delta_after_cost"": 3.253e-05, ""turnover_pct"": 10.0, ""why_not_chosen_ko"": ""cash baseline was compared against the trim+hedge action""}, {""available"": true, ""cvar_delta_after_cost"": 0.0, ""estimated_cost_bps"": 0.0, ""mdd_delta_after_cost"": 0.0, ""name"": ""hold"", ""stress_delta_after_cost"": 0.0, ""turnover_pct"": 0.0, ""why_not_chosen_ko"": ""does not reduce the active scenario vulnerability""}]}",4,0.00190792,0.02376471,9.72e-06,25.0,0.00025,ASSUMED_LIQUID_UNIVERSE,Y,Y,Y,Y,LAGS_CASH,UNCERTAIN,UNCERTAIN,Y,"{""concentration_cap_pct"": 50.0, ""max_candidate_weight_pct"": 20.0, ""max_turnover_pct"": 20.0, ""min_existing_kept_pct"": 80.0, ""profile_source"": ""system_default""}",,0.18556804,0.16406287,-0.02150517,11.5888,53.0501,53.0501,53.0501,26.544302,21.544302,26.544302,21.544302,0.0,5.0,-0.03285017511171164,-0.03094225243568842,0.00190792,-0.46850959194183084,-0.4447448778197265,0.02376471,0.38676029548259583,0.32817458515097614,-0.05858571,-0.0041445541192071614,-0.00413483719487848,9.72e-06,1.044823969603441,1.038667257129368,-0.00615671,computed_from_action_before_after_weights,,10.0,95.0,5.0,PASS,,침체·유동성 스트레스 취약성을 만든 NVDA에 대해 IAU로 원인 보유자산 일부 축소 후 헷지를 적용하면 sleeve 취약도 변화가 -0.0215입니다. 정식 추천 기준은 미달해 검토 후보입니다.,Action formal gate did not pass. Blockers: bootstrap_not_robust|cash_baseline_lag|linked_formal_gate_blocked|linked_recommendation_not_formal. Linked recommendation status is evidence only: REFERENCE_ONLY.,"IAU 조정은 침체·유동성 스트레스 취약성을 낮추는 검토안이며 전후 지표는 CVaR 개선, MDD 개선, stress 개선으로 확인됩니다.",취약성 0.0215 감소; CVaR 0.19%p 개선; MDD 2.38%p 개선; stress 0.00%p 개선; Sharpe 0.01 악화,FORMAL_ACTION excluded by action-level gate: bootstrap_not_robust|cash_baseline_lag|linked_formal_gate_blocked|linked_recommendation_not_formal,False,False,,같은 risk sleeve에서 더 적합한 액션이 선택되어 후보 감사 목록에만 남겼습니다.,"{""005930.KS"": 39.83559, ""035420.KS"": 20.6241, ""035720.KS"": 12.996008, ""NVDA"": 26.544302}","{""005930.KS"": 39.83559, ""035420.KS"": 20.6241, ""035720.KS"": 12.996008, ""IAU"": 5.0, ""NVDA"": 21.544302}"
action_243,REVIEW_ACTION,TRIM_AND_HEDGE,REVIEW_REQUIRED,REVIEW,B,B. 조건부 처방,"핵심 취약점 보완 효과는 있으나 검증 샘플, 비용, 유동성, cash baseline 중 일부 확인이 필요합니다.",Y,MEDIUM,100.0,0.2,0.267342,linked_final_score,0.2,74,B:70-89,grade_banded_final_score_v1,0.1096689393327201,,,,,,,,formal_rebalance_hedge_gate,FAIL,bootstrap_not_robust|cash_baseline_lag|linked_formal_gate_blocked|linked_recommendation_not_formal,recession_liquidity_stress,침체·유동성 스트레스,recession_liquidity_stress,acute_global_stress_liquidity_crunch|slowdown_recession_deflation_risk,NVDA,NVDA,,GLD,GLD,GLD,FAIL_GATE,FAIL_GATE,VALIDATION_NOT_ELIGIBLE,fail_gate|validation_not_eligible|liquidity_below_formal,하드 게이트 실패 - Do not promote until the failing gate is resolved.; validation not eligible - Keep blocked or rebuild the candidate with valid backtest inputs.; 유동성 기준 미달 - Refresh ADV evidence or exclude the candidate from formal recommendations.,0,0,0,0,linked_recommendation_evidence_after_backtest,,"Action formal gate failed: bootstrap_not_robust, cash_baseline_lag, linked_formal_gate_blocked, linked_recommendation_not_formal","{""alternatives"": [{""available"": true, ""cvar"": -0.03285017511171164, ""estimated_cost_bps"": 0.0, ""mdd"": -0.46850959194183084, ""name"": ""current"", ""stress"": -0.0041445541192071614, ""turnover_pct"": 0.0, ""why_not_chosen_ko"": ""baseline portfolio""}, {""available"": true, ""cvar_delta_after_cost"": 0.00191219, ""estimated_cost_bps"": 25.0, ""mdd_delta_after_cost"": 0.02370546, ""name"": ""trim_hedge"", ""stress_delta_after_cost"": 4.66e-06, ""turnover_pct"": 10.0, ""why_not_chosen_ko"": """"}, {""available"": true, ""cvar_delta_after_cost"": 0.00194873, ""estimated_cost_bps"": 25.0, ""mdd_delta_after_cost"": 0.02165988, ""name"": ""trim_cash"", ""stress_delta_after_cost"": 3.253e-05, ""turnover_pct"": 10.0, ""why_not_chosen_ko"": ""cash baseline was compared against the trim+hedge action""}, {""available"": true, ""cvar_delta_after_cost"": 0.0, ""estimated_cost_bps"": 0.0, ""mdd_delta_after_cost"": 0.0, ""name"": ""hold"", ""stress_delta_after_cost"": 0.0, ""turnover_pct"": 0.0, ""why_not_chosen_ko"": ""does not reduce the active scenario vulnerability""}]}",4,0.00191219,0.02370546,4.66e-06,25.0,0.00025,ASSUMED_LIQUID_UNIVERSE,Y,Y,Y,Y,LAGS_CASH,UNCERTAIN,UNCERTAIN,Y,"{""concentration_cap_pct"": 50.0, ""max_candidate_weight_pct"": 20.0, ""max_turnover_pct"": 20.0, ""min_existing_kept_pct"": 80.0, ""profile_source"": ""system_default""}",,0.18556804,0.16418281,-0.02138523,11.5242,53.0501,53.0501,53.0501,26.544302,21.544302,26.544302,21.544302,0.0,5.0,-0.03285017511171164,-0.030937981673815833,0.00191219,-0.46850959194183084,-0.4448041322205498,0.02370546,0.38676029548259583,0.32825170260389164,-0.05850859,-0.0041445541192071614,-0.004139892282617699,4.66e-06,1.044823969603441,1.0381159533247626,-0.00670802,computed_from_action_before_after_weights,,10.0,95.0,5.0,PASS,,침체·유동성 스트레스 취약성을 만든 NVDA에 대해 GLD로 원인 보유자산 일부 축소 후 헷지를 적용하면 sleeve 취약도 변화가 -0.0214입니다. 정식 추천 기준은 미달해 검토 후보입니다.,Action formal gate did not pass. Blockers: bootstrap_not_robust|cash_baseline_lag|linked_formal_gate_blocked|linked_recommendation_not_formal. Linked recommendation status is evidence only: FAIL_GATE.,"GLD 조정은 침체·유동성 스트레스 취약성을 낮추는 검토안이며 전후 지표는 CVaR 개선, MDD 개선, stress 개선으로 확인됩니다.",취약성 0.0214 감소; CVaR 0.19%p 개선; MDD 2.37%p 개선; stress 0.00%p 개선; Sharpe 0.01 악화,FORMAL_ACTION excluded by action-level gate: bootstrap_not_robust|cash_baseline_lag|linked_formal_gate_blocked|linked_recommendation_not_formal,False,False,,같은 risk sleeve에서 더 적합한 액션이 선택되어 후보 감사 목록에만 남겼습니다.,"{""005930.KS"": 39.83559, ""035420.KS"": 20.6241, ""035720.KS"": 12.996008, ""NVDA"": 26.544302}","{""005930.KS"": 39.83559, ""035420.KS"": 20.6241, ""035720.KS"": 12.996008, ""GLD"": 5.0, ""NVDA"": 21.544302}"
action_228,FAIL_ACTION,ADD_HEDGE,,REVIEW,,,,Y,LOW,85.0,0.6806143510221117,0.52858,linked_final_score,0.6806143510221117,33,D:0-49,grade_banded_final_score_v1,,1.0,growth_beta|korea_domestic_credit|korea_equity|krw_exposure|usdkrw_fx_korea|semiconductor_ai_cycle,fx_hedge|growth_beta_offset|low_beta|market_neutral|rate_shock_growth_duration|recession_liquidity_stress|semiconductor_ai_cycle|usdkrw_fx_korea|yen,N,N,N,C,formal_rebalance_hedge_gate,FAIL,base_action_status_fail_action|linked_formal_gate_blocked|linked_recommendation_not_formal|not_trim_and_hedge|stress_after_cost_not_improved,recession_liquidity_stress,침체·유동성 스트레스,recession_liquidity_stress,acute_global_stress_liquidity_crunch|slowdown_recession_deflation_risk,NVDA|005930.KS|035720.KS|035420.KS,NVDA,,FXY|BTAL,FXY,FXY + BTAL,REFERENCE_ONLY,FAIL_GATE,VALIDATION_THIN,validation_thin|cash_baseline_lag|bootstrap_not_robust|cash_bootstrap_not_robust|return_drag_reference|reference_only,"검증 표본 부족 - Keep review-only until the stress sample is thick enough.; 현금 기준 대비 열위 - Improve the cash-baseline comparison or keep the candidate review-only.; 부트스트랩 신뢰도 부족 - Increase sample coverage or downgrade fragile candidates.; 현금 기준 부트스트랩 부족 - Add stronger cash-baseline evidence before formal use.; 수익률 훼손 검토 필요 - Confirm risk reduction compensates for return drag before promotion.; 참고 후보 - Use as research context, not an execution recommendation.",1,1,0,0,linked_recommendation_evidence_after_backtest,,"Action formal gate failed: base_action_status_fail_action, linked_formal_gate_blocked, linked_recommendation_not_formal, not_trim_and_hedge, stress_after_cost_not_improved","{""alternatives"": [{""available"": true, ""cvar"": -0.03285017511171164, ""estimated_cost_bps"": 0.0, ""mdd"": -0.46850959194183084, ""name"": ""current"", ""stress"": -0.0041445541192071614, ""turnover_pct"": 0.0, ""why_not_chosen_ko"": ""baseline portfolio""}, {""available"": true, ""cvar_delta_after_cost"": 0.00550301, ""estimated_cost_bps"": 25.0, ""mdd_delta_after_cost"": 0.03693546, ""name"": ""trim_hedge"", ""stress_delta_after_cost"": -0.00092303, ""turnover_pct"": 17.0111, ""why_not_chosen_ko"": """"}, {""available"": true, ""cvar_delta_after_cost"": 0.0027941, ""estimated_cost_bps"": 25.0, ""mdd_delta_after_cost"": 0.0305649, ""name"": ""trim_cash"", ""stress_delta_after_cost"": 0.00035252, ""turnover_pct"": 17.0111, ""why_not_chosen_ko"": ""cash baseline was compared against the trim+hedge action""}, {""available"": true, ""cvar_delta_after_cost"": 0.0, ""estimated_cost_bps"": 0.0, ""mdd_delta_after_cost"": 0.0, ""name"": ""hold"", ""stress_delta_after_cost"": 0.0, ""turnover_pct"": 0.0, ""why_not_chosen_ko"": ""does not reduce the active scenario vulnerability""}]}",4,0.00550301,0.03693546,-0.00092303,25.0,0.00042528,ASSUMED_LIQUID_UNIVERSE,Y,Y,Y,Y,BEATS_CASH,ROBUST_IMPROVE,ACTION_BOOTSTRAP_PASS,Y,"{""concentration_cap_pct"": 50.0, ""max_candidate_weight_pct"": 20.0, ""max_turnover_pct"": 20.0, ""min_existing_kept_pct"": 80.0, ""profile_source"": ""system_default""}",,0.18556804,0.16485175,-0.02071628,11.1637,100.0,100.0,100.0,26.544302,24.2866,26.544302,24.2866,0.0,3.2404,-0.03285017511171164,-0.027347169837425425,0.00550301,-0.46850959194183084,-0.4315741330095535,0.03693546,0.38676029548259583,0.3856742829201188,-0.00108601,-0.0041445541192071614,-0.00506758306603689,-0.00092303,1.044823969603441,1.3193232188069128,0.27449925,computed_from_action_before_after_weights,,17.0111,91.4944,5.0,PASS,stress worsened,"침체·유동성 스트레스 취약성을 만든 NVDA, 005930.KS, 035720.KS에 대해 FXY, BTAL로 추가 헷지를 적용하면 sleeve 취약도 변화가 -0.0207입니다. 정식 추천 기준은 미달해 검토 후보입니다.",기준 미통과: stress worsened,"FXY + BTAL 조정은 침체·유동성 스트레스 취약성은 일부 낮춰도 핵심 리스크 지표가 악화되어 실행 기준 미통과입니다. (CVaR 개선, MDD 개선, stress 악화)",취약성 0.0207 감소; CVaR 0.55%p 개선; MDD 3.69%p 개선; stress 0.09%p 악화; Sharpe 0.27 개선,stress worsened,False,False,,기준 미통과: stress worsened,"{""005930.KS"": 39.83559, ""035420.KS"": 20.6241, ""035720.KS"": 12.996008, ""NVDA"": 26.544302}","{""005930.KS"": 36.4473, ""035420.KS"": 18.8699, ""035720.KS"": 11.8906, ""BTAL"": 3.9021, ""FXY"": 3.2404, ""NVDA"": 24.2866, ""__CASH__"": 1.363}"
action_244,FAIL_ACTION,ADD_HEDGE,,REVIEW,,,,Y,LOW,85.0,0.2,0.558523,linked_final_score,0.2,10,D:0-49,grade_banded_final_score_v1,,,,,,,,,formal_rebalance_hedge_gate,FAIL,base_action_status_fail_action|linked_formal_gate_blocked|linked_recommendation_not_formal|not_trim_and_hedge|stress_after_cost_not_improved,recession_liquidity_stress,침체·유동성 스트레스,recession_liquidity_stress,acute_global_stress_liquidity_crunch|slowdown_recession_deflation_risk,NVDA|005930.KS|035720.KS|035420.KS,NVDA,,BTAL|FXF,BTAL,BTAL + FXF,FAIL_GATE,FAIL_GATE,VALIDATION_NOT_ELIGIBLE,fail_gate|validation_not_eligible,하드 게이트 실패 - Do not promote until the failing gate is resolved.; validation not eligible - Keep blocked or rebuild the candidate with valid backtest inputs.,0,0,0,0,linked_recommendation_evidence_after_backtest,,"Action formal gate failed: base_action_status_fail_action, linked_formal_gate_blocked, linked_recommendation_not_formal, not_trim_and_hedge, stress_after_cost_not_improved","{""alternatives"": [{""available"": true, ""cvar"": -0.03285017511171164, ""estimated_cost_bps"": 0.0, ""mdd"": -0.46850959194183084, ""name"": ""current"", ""stress"": -0.0041445541192071614, ""turnover_pct"": 0.0, ""why_not_chosen_ko"": ""baseline portfolio""}, {""available"": true, ""cvar_delta_after_cost"": 0.00568347, ""estimated_cost_bps"": 25.0, ""mdd_delta_after_cost"": 0.04532088, ""name"": ""trim_hedge"", ""stress_delta_after_cost"": -0.00089799, ""turnover_pct"": 18.592525, ""why_not_chosen_ko"": """"}, {""available"": true, ""cvar_delta_after_cost"": 0.00305384, ""estimated_cost_bps"": 25.0, ""mdd_delta_after_cost"": 0.03348248, ""name"": ""trim_cash"", ""stress_delta_after_cost"": 0.00038529, ""turnover_pct"": 18.592525, ""why_not_chosen_ko"": ""cash baseline was compared against the trim+hedge action""}, {""available"": true, ""cvar_delta_after_cost"": 0.0, ""estimated_cost_bps"": 0.0, ""mdd_delta_after_cost"": 0.0, ""name"": ""hold"", ""stress_delta_after_cost"": 0.0, ""turnover_pct"": 0.0, ""why_not_chosen_ko"": ""does not reduce the active scenario vulnerability""}]}",4,0.00568347,0.04532088,-0.00089799,25.0,0.00046481,ASSUMED_LIQUID_UNIVERSE,Y,Y,Y,Y,BEATS_CASH,ROBUST_IMPROVE,UNCERTAIN,Y,"{""concentration_cap_pct"": 50.0, ""max_candidate_weight_pct"": 20.0, ""max_turnover_pct"": 20.0, ""min_existing_kept_pct"": 80.0, ""profile_source"": ""system_default""}",,0.18556804,0.16505821,-0.02050982,11.0525,100.0,100.0,100.0,26.544302,24.076674,26.544302,24.076674,0.0,4.648131,-0.03285017511171164,-0.027166708052618737,0.00568347,-0.46850959194183084,-0.42318871094537747,0.04532088,0.38676029548259583,0.38721316659339533,0.00045287,-0.0041445541192071614,-0.005042545954476845,-0.00089799,1.044823969603441,1.3312201026302495,0.28639613,computed_from_action_before_after_weights,,18.592525,90.703737,5.0,PASS,stress worsened,"침체·유동성 스트레스 취약성을 만든 NVDA, 005930.KS, 035720.KS에 대해 BTAL, FXF로 추가 헷지를 적용하면 sleeve 취약도 변화가 -0.0205입니다. 정식 추천 기준은 미달해 검토 후보입니다.",기준 미통과: stress worsened,"BTAL + FXF 조정은 침체·유동성 스트레스 취약성은 일부 낮춰도 핵심 리스크 지표가 악화되어 실행 기준 미통과입니다. (CVaR 개선, MDD 개선, stress 악화)",취약성 0.0205 감소; CVaR 0.57%p 개선; MDD 4.53%p 개선; stress 0.09%p 악화; Sharpe 0.29 개선,stress worsened,False,False,,기준 미통과: stress worsened,"{""005930.KS"": 39.83559, ""035420.KS"": 20.6241, ""035720.KS"": 12.996008, ""NVDA"": 26.544302}","{""005930.KS"": 36.132369, ""035420.KS"": 18.706829, ""035720.KS"": 11.787865, ""BTAL"": 4.648131, ""FXF"": 4.648131, ""NVDA"": 24.076674}"
action_245,FAIL_ACTION,TRIM_AND_HEDGE,REVIEW_REQUIRED,REVIEW,,,,Y,LOW,85.0,0.2,0.441522,linked_final_score,0.2,10,D:0-49,grade_banded_final_score_v1,,,,,,,,,formal_rebalance_hedge_gate,FAIL,base_action_status_fail_action|bootstrap_not_robust|linked_formal_gate_blocked|linked_recommendation_not_formal|stress_after_cost_not_improved,recession_liquidity_stress,침체·유동성 스트레스,recession_liquidity_stress,acute_global_stress_liquidity_crunch|slowdown_recession_deflation_risk,NVDA,NVDA,,BTAL|FXF,BTAL,BTAL + FXF,FAIL_GATE,FAIL_GATE,VALIDATION_NOT_ELIGIBLE,fail_gate|validation_not_eligible,하드 게이트 실패 - Do not promote until the failing gate is resolved.; validation not eligible - Keep blocked or rebuild the candidate with valid backtest inputs.,0,0,0,0,linked_recommendation_evidence_after_backtest,,"Action formal gate failed: base_action_status_fail_action, bootstrap_not_robust, linked_formal_gate_blocked, linked_recommendation_not_formal, stress_after_cost_not_improved","{""alternatives"": [{""available"": true, ""cvar"": -0.03285017511171164, ""estimated_cost_bps"": 0.0, ""mdd"": -0.46850959194183084, ""name"": ""current"", ""stress"": -0.0041445541192071614, ""turnover_pct"": 0.0, ""why_not_chosen_ko"": ""baseline portfolio""}, {""available"": true, ""cvar_delta_after_cost"": 0.00450935, ""estimated_cost_bps"": 25.0, ""mdd_delta_after_cost"": 0.0281414, ""name"": ""trim_hedge"", ""stress_delta_after_cost"": -0.00140408, ""turnover_pct"": 10.0, ""why_not_chosen_ko"": """"}, {""available"": true, ""cvar_delta_after_cost"": 0.00194873, ""estimated_cost_bps"": 25.0, ""mdd_delta_after_cost"": 0.02165988, ""name"": ""trim_cash"", ""stress_delta_after_cost"": 3.253e-05, ""turnover_pct"": 10.0, ""why_not_chosen_ko"": ""cash baseline was compared against the trim+hedge action""}, {""available"": true, ""cvar_delta_after_cost"": 0.0, ""estimated_cost_bps"": 0.0, ""mdd_delta_after_cost"": 0.0, ""name"": ""hold"", ""stress_delta_after_cost"": 0.0, ""turnover_pct"": 0.0, ""why_not_chosen_ko"": ""does not reduce the active scenario vulnerability""}]}",4,0.00450935,0.0281414,-0.00140408,25.0,0.00025,ASSUMED_LIQUID_UNIVERSE,Y,Y,Y,Y,BEATS_CASH,UNCERTAIN,UNCERTAIN,Y,"{""concentration_cap_pct"": 50.0, ""max_candidate_weight_pct"": 20.0, ""max_turnover_pct"": 20.0, ""min_existing_kept_pct"": 80.0, ""profile_source"": ""system_default""}",,0.18556804,0.16527187,-0.02029617,10.9373,53.0501,53.0501,53.0501,26.544302,21.544302,26.544302,21.544302,0.0,2.5,-0.03285017511171164,-0.028340826614800915,0.00450935,-0.46850959194183084,-0.44036818889912777,0.0281414,0.38676029548259583,0.3484424449764057,-0.03831785,-0.0041445541192071614,-0.005548633810027154,-0.00140408,1.044823969603441,1.2515235285253883,0.20669956,computed_from_action_before_after_weights,,10.0,95.0,5.0,PASS,stress worsened,"침체·유동성 스트레스 취약성을 만든 NVDA에 대해 BTAL, FXF로 원인 보유자산 일부 축소 후 헷지를 적용하면 sleeve 취약도 변화가 -0.0203입니다. 정식 추천 기준은 미달해 검토 후보입니다.",기준 미통과: stress worsened,"BTAL + FXF 조정은 침체·유동성 스트레스 취약성은 일부 낮춰도 핵심 리스크 지표가 악화되어 실행 기준 미통과입니다. (CVaR 개선, MDD 개선, stress 악화)",취약성 0.0203 감소; CVaR 0.45%p 개선; MDD 2.81%p 개선; stress 0.14%p 악화; Sharpe 0.21 개선,stress worsened,False,False,,기준 미통과: stress worsened,"{""005930.KS"": 39.83559, ""035420.KS"": 20.6241, ""035720.KS"": 12.996008, ""NVDA"": 26.544302}","{""005930.KS"": 39.83559, ""035420.KS"": 20.6241, ""035720.KS"": 12.996008, ""BTAL"": 2.5, ""FXF"": 2.5, ""NVDA"": 21.544302}"
