candidate_ticker,candidate_bucket,risk_bucket_match,input_aware_score,status,message,hedge_weight_pct,hedge_budget_pct,hedge_budget_krw,hedge_invested_krw,hedge_cash_left_krw,hedge_share_counts,combo_size,allocation_method,allocation_weights,allocation_objective_reason,base_vol_annual,proposed_vol_annual,base_mdd,proposed_mdd,base_cvar_95,proposed_cvar_95,base_annual_return_krw,proposed_annual_return_krw,base_sharpe_krw_proxy,proposed_sharpe_krw_proxy,base_stress_avg_ret_krw,proposed_stress_avg_ret_krw,base_corr_sp500_krw,proposed_corr_sp500_krw,base_beta_sp500_krw,proposed_beta_sp500_krw,base_downside_beta_sp500_krw,proposed_downside_beta_sp500_krw,base_corr_kospi200_krw,proposed_corr_kospi200_krw,vol_improve_pct,mdd_improve_pct,cvar_improve_pct,stress_improve,corr_improve,beta_improve,exposure_improve,sharpe_improve,sharpe_improve_pct,annual_return_improve,annual_return_improve_pct,downside_beta_improve,kospi_corr_improve,combo_min_adv_60,score_component_cvar,score_component_mdd,score_component_stress,score_component_exposure,score_component_sharpe,score_component_liquidity,score_component_scenario,score_component_concentration,recommendation_status,gate_fail_reasons,reference_reason,dq_warning_reasons,dq_blocking_reasons,dq_penalty,concentration_warning,recommendation_confidence_score,base_scenario_vulnerability,proposed_scenario_vulnerability,base_gate_vulnerability,proposed_gate_vulnerability,scenario_vulnerability_delta,gate_vulnerability_delta,scenario_score_component,scenario_vulnerability_reduction,adverse_scenario_penalty,factor_concentration_penalty,direct_vulnerability_match_score,portfolio_vulnerability_tags,candidate_vulnerability_tags,generic_safe_asset_flag,cash_like_flag,benchmark_role_default,max_grade_without_direct_match,recommended_role,candidate_role,candidate_role_reason_ko,scenario_reason_ko,final_score,recommendation_reason,weights_snapshot
261240.KS,kr_etf,usd_strength_krw_weakness,0.799416,FAIL,FAIL: Stress 개선 미달; beta/corr 감소 미달,10.0,10.0,,,,,1,single_asset_budget,"{""261240.KS"": 10.0}",single candidate allocation,0.241523,0.216842,-0.470443,-0.416937,-0.032992,-0.028805,0.28602,0.340798,1.060023,1.433297,-0.004119,-0.004322,0.149971,0.159629,0.412686,0.450127,0.453714,0.493873,0.872503,0.864757,10.219199,11.373643,12.691926,-0.000203,-0.009658,-0.037441,-0.009658,0.373275,35.213828,0.054778,19.151875,-0.040159,0.007746,1934901095.5,0.316845,0.489989,0.360433,0.351549,0.695609,0.0,0.529336,1.0,FAIL_GATE,Stress 개선 미달; beta/corr 감소 미달,,DQ WARN non-blocking - 261240.KS: calendar_coverage_warn,,0.1,집중위험 완화 중 - 005930.KS 39.88% -> 35.89% (기준 20.0% 초과); 집중위험 완화 중 - NVDA 28.23% -> 25.41% (기준 20.0% 초과),0.9,0.535533,0.506197,0.583,0.562952,-0.029336,-0.020047,0.529336,0.029336,0.0,0.0,1.0,growth_beta|korea_domestic_credit|korea_equity|krw_exposure|usdkrw_fx_korea|semiconductor_ai_cycle,korea_domestic_credit|krw_weakness|usd_hedge|usdkrw_fx_korea,N,N,N,C,scenario_vulnerability_reducer,hedge_candidate,261240.KS: 핵심 취약점 직접 완화 후보,"달러강세/원화약세장, 중국·무역분절 충격장, 장기금리 부담장 기준 취약도를 낮추는 후보입니다.",0.651799,"핵심 취약점 직접 완화, factor 집중 완화, Sharpe 개선 / 달러강세/원화약세장, 중국·무역분절 충격장, 장기금리 부담장 기준 취약도를 낮추는 후보입니다.","{""NVDA"": 25.4106, ""005930.KS"": 35.8918, ""035420.KS"": 16.0577, ""035720.KS"": 12.64, ""261240.KS"": 10.0}"
FXY,fx_etf,usd_strength_krw_weakness,0.792893,PASS,PASS,10.0,10.0,,,,,1,single_asset_budget,"{""FXY"": 10.0}",single candidate allocation,0.241523,0.215863,-0.470443,-0.43743,-0.032992,-0.029369,0.28602,0.263806,1.060023,1.083124,-0.004119,-0.003691,0.149971,0.172382,0.412686,0.381291,0.453714,0.415277,0.872503,0.867793,10.624544,7.01746,10.98195,0.000428,-0.022411,0.031395,0.031395,0.023101,2.179267,-0.022214,-7.766723,0.038437,0.00471,16328772448.012259,0.269589,0.380009,0.568597,0.483393,0.287747,0.0,0.552572,1.0,REFERENCE_ONLY,,annual return drag soft warning,DQ WARN non-blocking - FXY: fx_missing_warn,,0.1,집중위험 완화 중 - 005930.KS 39.88% -> 35.89% (기준 20.0% 초과); 집중위험 완화 중 - NVDA 28.23% -> 25.41% (기준 20.0% 초과),0.9,0.535533,0.482961,0.583,0.5247,-0.052572,-0.0583,0.552572,0.052572,0.0,0.0,1.0,growth_beta|korea_domestic_credit|korea_equity|krw_exposure|usdkrw_fx_korea|semiconductor_ai_cycle,fx_hedge|usdkrw_fx_korea|yen,N,N,N,C,scenario_vulnerability_reducer,hedge_candidate,FXY: 핵심 취약점 직접 완화 후보,"달러강세/원화약세장, 중국·무역분절 충격장, 장기금리 부담장 기준 취약도를 낮추는 후보입니다.",0.665042,"핵심 취약점 직접 완화, factor 집중 완화, Stress 방어 / 달러강세/원화약세장, 중국·무역분절 충격장, 장기금리 부담장 기준 취약도를 낮추는 후보입니다.","{""NVDA"": 25.4106, ""005930.KS"": 35.8918, ""035420.KS"": 16.0577, ""035720.KS"": 12.64, ""FXY"": 10.0}"
BTAL,equity_etf,metadata_direct_match,0.783996,FAIL,FAIL: Stress 개선 미달,10.0,10.0,,,,,1,single_asset_budget,"{""BTAL"": 10.0}",single candidate allocation,0.241523,0.202004,-0.470443,-0.40984,-0.032992,-0.026832,0.28602,0.305611,1.060023,1.364379,-0.004119,-0.004928,0.149971,0.145874,0.412686,0.393045,0.453714,0.478996,0.872503,0.862824,16.362333,12.882184,18.670645,-0.000809,0.004097,0.019641,0.019641,0.304356,28.712237,0.01959,6.849321,-0.025283,0.009679,17558403987.19082,0.48207,0.528075,0.160514,0.445645,0.615337,0.0,0.534509,1.0,FAIL_GATE,Stress 개선 미달,,DQ WARN non-blocking - BTAL: extreme_return_outlier_warn,,0.1,집중위험 완화 중 - 005930.KS 39.88% -> 35.89% (기준 20.0% 초과); 집중위험 완화 중 - NVDA 28.23% -> 25.41% (기준 20.0% 초과),0.9,0.535533,0.501024,0.583,0.534986,-0.034509,-0.048013,0.534509,0.034509,0.0,0.0,1.0,growth_beta|korea_domestic_credit|korea_equity|krw_exposure|usdkrw_fx_korea|semiconductor_ai_cycle,growth_beta_offset|low_beta|market_neutral|rate_shock_growth_duration|recession_liquidity_stress|semiconductor_ai_cycle,N,N,N,C,scenario_vulnerability_reducer,hedge_candidate,BTAL: 핵심 취약점 직접 완화 후보,"달러강세/원화약세장, 중국·무역분절 충격장, 장기금리 부담장 기준 취약도를 낮추는 후보입니다.",0.621587,"핵심 취약점 직접 완화, factor 집중 완화, Sharpe 개선 / 달러강세/원화약세장, 중국·무역분절 충격장, 장기금리 부담장 기준 취약도를 낮추는 후보입니다.","{""NVDA"": 25.4106, ""005930.KS"": 35.8918, ""035420.KS"": 16.0577, ""035720.KS"": 12.64, ""BTAL"": 10.0}"
FXF,fx_etf,metadata_direct_match,0.776642,PASS,PASS,10.0,10.0,,,,,1,single_asset_budget,"{""FXF"": 10.0}",single candidate allocation,0.241523,0.217376,-0.470443,-0.427134,-0.032992,-0.029691,0.28602,0.265707,1.060023,1.084331,-0.004119,-0.003815,0.149971,0.172341,0.412686,0.392517,0.453714,0.427534,0.872503,0.869005,9.99804,9.206061,10.006492,0.000304,-0.02237,0.020169,0.020169,0.024309,2.293222,-0.020313,-7.101906,0.026179,0.003498,12866218139.350985,0.242632,0.435264,0.527701,0.44734,0.289154,0.0,0.550247,1.0,REFERENCE_ONLY,,annual return drag soft warning,DQ WARN non-blocking - FXF: fx_missing_warn,,0.1,집중위험 완화 중 - 005930.KS 39.88% -> 35.89% (기준 20.0% 초과); 집중위험 완화 중 - NVDA 28.23% -> 25.41% (기준 20.0% 초과),0.9,0.535533,0.485286,0.583,0.5247,-0.050247,-0.0583,0.550247,0.050247,0.0,0.0,1.0,growth_beta|korea_domestic_credit|korea_equity|krw_exposure|usdkrw_fx_korea|semiconductor_ai_cycle,fx_hedge|swiss_franc|usdkrw_fx_korea,N,N,N,C,scenario_vulnerability_reducer,hedge_candidate,FXF: 핵심 취약점 직접 완화 후보,"달러강세/원화약세장, 중국·무역분절 충격장, 장기금리 부담장 기준 취약도를 낮추는 후보입니다.",0.659004,"핵심 취약점 직접 완화, factor 집중 완화, 현재 장세 취약도 개선 / 달러강세/원화약세장, 중국·무역분절 충격장, 장기금리 부담장 기준 취약도를 낮추는 후보입니다.","{""NVDA"": 25.4106, ""005930.KS"": 35.8918, ""035420.KS"": 16.0577, ""035720.KS"": 12.64, ""FXF"": 10.0}"
FXE,fx_etf,usd_strength_krw_weakness,0.767326,PASS,PASS,10.0,10.0,,,,,1,single_asset_budget,"{""FXE"": 10.0}",single candidate allocation,0.241523,0.217912,-0.470443,-0.432678,-0.032992,-0.029799,0.28602,0.262065,1.060023,1.064948,-0.004119,-0.003785,0.149971,0.172434,0.412686,0.400428,0.453714,0.434789,0.872503,0.867692,9.776145,8.027649,9.678682,0.000333,-0.022463,0.012258,0.012258,0.004925,0.464656,-0.023956,-8.375489,0.018924,0.004811,36392128387.92442,0.233572,0.405513,0.537478,0.421935,0.266577,0.0,0.548813,1.0,REFERENCE_ONLY,,annual return drag soft warning,DQ WARN non-blocking - FXE: fx_missing_warn,,0.1,집중위험 완화 중 - 005930.KS 39.88% -> 35.89% (기준 20.0% 초과); 집중위험 완화 중 - NVDA 28.23% -> 25.41% (기준 20.0% 초과),0.9,0.535533,0.48672,0.583,0.5247,-0.048813,-0.0583,0.548813,0.048813,0.0,0.0,1.0,growth_beta|korea_domestic_credit|korea_equity|krw_exposure|usdkrw_fx_korea|semiconductor_ai_cycle,euro|fx_hedge|usdkrw_fx_korea,N,N,N,C,scenario_vulnerability_reducer,hedge_candidate,FXE: 핵심 취약점 직접 완화 후보,"달러강세/원화약세장, 중국·무역분절 충격장, 장기금리 부담장 기준 취약도를 낮추는 후보입니다.",0.656928,"핵심 취약점 직접 완화, factor 집중 완화, 현재 장세 취약도 개선 / 달러강세/원화약세장, 중국·무역분절 충격장, 장기금리 부담장 기준 취약도를 낮추는 후보입니다.","{""NVDA"": 25.4106, ""005930.KS"": 35.8918, ""035420.KS"": 16.0577, ""035720.KS"": 12.64, ""FXE"": 10.0}"
153130.KS,kr_etf,metadata_direct_match,0.746406,FAIL,FAIL: Stress 개선 미달,10.0,10.0,,,,,1,single_asset_budget,"{""153130.KS"": 10.0}",single candidate allocation,0.241523,0.205042,-0.470443,-0.428496,-0.032992,-0.027311,0.28602,0.295891,1.060023,1.296762,-0.004119,-0.005092,0.149971,0.150069,0.412686,0.41167,0.453714,0.500442,0.872503,0.872524,15.104533,8.91653,17.220084,-0.000974,-9.9e-05,0.001016,0.001016,0.236739,22.333374,0.009871,3.451096,-0.046729,-2.1e-05,4021733917.271337,0.441983,0.427955,0.106277,0.38583,0.53658,0.0,0.520701,1.0,FAIL_GATE,Stress 개선 미달,,DQ WARN non-blocking - 153130.KS: calendar_coverage_warn,,0.1,집중위험 완화 중 - 005930.KS 39.88% -> 35.89% (기준 20.0% 초과); 집중위험 완화 중 - NVDA 28.23% -> 25.41% (기준 20.0% 초과),0.9,0.535533,0.514832,0.583,0.566849,-0.020701,-0.01615,0.520701,0.020701,0.0,0.0,1.0,growth_beta|korea_domestic_credit|korea_equity|krw_exposure|usdkrw_fx_korea|semiconductor_ai_cycle,cash_like|korea_domestic_credit|kr_short_bond|rate_shock_growth_duration|usdkrw_fx_korea,Y,Y,Y,D,scenario_vulnerability_reducer,benchmark_candidate,153130.KS: 범용 방어 benchmark입니다,"달러강세/원화약세장, 중국·무역분절 충격장, 장기금리 부담장 기준 취약도를 낮추는 후보입니다.",0.595773,"핵심 취약점 직접 완화, factor 집중 완화, Sharpe 개선 / 달러강세/원화약세장, 중국·무역분절 충격장, 장기금리 부담장 기준 취약도를 낮추는 후보입니다.","{""NVDA"": 25.4106, ""005930.KS"": 35.8918, ""035420.KS"": 16.0577, ""035720.KS"": 12.64, ""153130.KS"": 10.0}"
132030.KS,kr_etf,metadata_direct_match,0.739351,FAIL,FAIL: Stress 개선 미달,10.0,10.0,,,,,1,single_asset_budget,"{""132030.KS"": 10.0}",single candidate allocation,0.241523,0.207901,-0.470443,-0.43519,-0.032992,-0.027579,0.28602,0.30599,1.060023,1.327503,-0.004119,-0.004292,0.149971,0.141833,0.412686,0.403512,0.453714,0.497736,0.872503,0.879043,13.920803,7.493513,16.407357,-0.000174,0.008138,0.009174,0.009174,0.267481,25.233467,0.019969,6.981843,-0.044023,-0.00654,5987808271.5,0.419523,0.392028,0.370195,0.412031,0.572386,0.0,0.526094,1.0,FAIL_GATE,Stress 개선 미달,,DQ WARN non-blocking - 132030.KS: calendar_coverage_warn,,0.1,집중위험 완화 중 - 005930.KS 39.88% -> 35.89% (기준 20.0% 초과); 집중위험 완화 중 - NVDA 28.23% -> 25.41% (기준 20.0% 초과),0.9,0.535533,0.509439,0.583,0.575628,-0.026094,-0.007371,0.526094,0.026094,0.0,0.0,1.0,growth_beta|korea_domestic_credit|korea_equity|krw_exposure|usdkrw_fx_korea|semiconductor_ai_cycle,geopolitical_supply_chain|gold|inflation_energy_shock|korea_domestic_credit|kr_listed|usdkrw_fx_korea,Y,N,Y,D,scenario_vulnerability_reducer,benchmark_candidate,132030.KS: 범용 방어 benchmark입니다,"달러강세/원화약세장, 중국·무역분절 충격장, 장기금리 부담장 기준 취약도를 낮추는 후보입니다.",0.646756,"핵심 취약점 직접 완화, factor 집중 완화, Sharpe 개선 / 달러강세/원화약세장, 중국·무역분절 충격장, 장기금리 부담장 기준 취약도를 낮추는 후보입니다.","{""NVDA"": 25.4106, ""005930.KS"": 35.8918, ""035420.KS"": 16.0577, ""035720.KS"": 12.64, ""132030.KS"": 10.0}"
SPLV,equity_etf,metadata_direct_match,0.699294,FAIL,FAIL: Stress 개선 미달; beta/corr 감소 미달; downside beta 증가 하드 게이트,10.0,10.0,,,,,1,single_asset_budget,"{""SPLV"": 10.0}",single candidate allocation,0.241523,0.209624,-0.470443,-0.430237,-0.032992,-0.028106,0.28602,0.304939,1.060023,1.311581,-0.004119,-0.00457,0.149971,0.175502,0.412686,0.482741,0.453714,0.578978,0.872503,0.86683,13.207655,8.546421,14.810788,-0.000451,-0.025531,-0.070055,-0.025531,0.251559,23.731432,0.018918,6.614353,-0.125264,0.005673,287491210110.17834,0.375401,0.418611,0.278608,0.300573,0.553841,0.0,0.518242,1.0,FAIL_GATE,Stress 개선 미달; beta/corr 감소 미달; downside beta 증가 하드 게이트,,,,0.0,집중위험 완화 중 - 005930.KS 39.88% -> 35.89% (기준 20.0% 초과); 집중위험 완화 중 - NVDA 28.23% -> 25.41% (기준 20.0% 초과),1.0,0.535533,0.517291,0.583,0.543563,-0.018242,-0.039437,0.518242,0.018242,0.0,0.0,1.0,growth_beta|korea_domestic_credit|korea_equity|krw_exposure|usdkrw_fx_korea|semiconductor_ai_cycle,defensive_equity|growth_beta_offset|low_volatility|rate_shock_growth_duration|recession_liquidity_stress|semiconductor_ai_cycle,N,N,N,C,scenario_vulnerability_reducer,hedge_candidate,SPLV: 핵심 취약점 직접 완화 후보,"달러강세/원화약세장, 중국·무역분절 충격장, 장기금리 부담장 기준 취약도를 낮추는 후보입니다.",0.659089,"핵심 취약점 직접 완화, factor 집중 완화, DQ confidence / 달러강세/원화약세장, 중국·무역분절 충격장, 장기금리 부담장 기준 취약도를 낮추는 후보입니다.","{""NVDA"": 25.4106, ""005930.KS"": 35.8918, ""035420.KS"": 16.0577, ""035720.KS"": 12.64, ""SPLV"": 10.0}"
USMV,equity_etf,usd_strength_krw_weakness,0.69632,FAIL,FAIL: Stress 개선 미달; beta/corr 감소 미달; downside beta 증가 하드 게이트,10.0,10.0,,,,,1,single_asset_budget,"{""USMV"": 10.0}",single candidate allocation,0.241523,0.209272,-0.470443,-0.433246,-0.032992,-0.028043,0.28602,0.312937,1.060023,1.352003,-0.004119,-0.005351,0.149971,0.180383,0.412686,0.484632,0.453714,0.575465,0.872503,0.864315,13.353143,7.906748,15.00132,-0.001233,-0.030412,-0.071946,-0.030412,0.29198,27.544673,0.026917,9.410719,-0.121751,0.008188,334602387749.069,0.380666,0.402461,0.020837,0.284897,0.600921,0.0,0.517507,1.0,FAIL_GATE,Stress 개선 미달; beta/corr 감소 미달; downside beta 증가 하드 게이트,,,,0.0,집중위험 완화 중 - 005930.KS 39.88% -> 35.89% (기준 20.0% 초과); 집중위험 완화 중 - NVDA 28.23% -> 25.41% (기준 20.0% 초과),1.0,0.535533,0.518027,0.583,0.543883,-0.017507,-0.039116,0.517507,0.017507,0.0,0.0,1.0,growth_beta|korea_domestic_credit|korea_equity|krw_exposure|usdkrw_fx_korea|semiconductor_ai_cycle,defensive_equity|growth_beta_offset|low_volatility|rate_shock_growth_duration|recession_liquidity_stress|semiconductor_ai_cycle,N,N,N,C,scenario_vulnerability_reducer,hedge_candidate,USMV: 핵심 취약점 직접 완화 후보,"달러강세/원화약세장, 중국·무역분절 충격장, 장기금리 부담장 기준 취약도를 낮추는 후보입니다.",0.608728,"핵심 취약점 직접 완화, factor 집중 완화, DQ confidence / 달러강세/원화약세장, 중국·무역분절 충격장, 장기금리 부담장 기준 취약도를 낮추는 후보입니다.","{""NVDA"": 25.4106, ""005930.KS"": 35.8918, ""035420.KS"": 16.0577, ""035720.KS"": 12.64, ""USMV"": 10.0}"
068270.KS,kr_stock,metadata_direct_match,0.695863,PASS,PASS,10.0,10.0,,,,,1,single_asset_budget,"{""068270.KS"": 10.0}",single candidate allocation,0.241523,0.232814,-0.470443,-0.449764,-0.032992,-0.032222,0.28602,0.293982,1.060023,1.133872,-0.004119,-0.003876,0.149971,0.122379,0.412686,0.367267,0.453714,0.408195,0.872503,0.887508,3.60581,4.395559,2.334243,0.000243,0.027591,0.045419,0.045419,0.073849,6.966775,0.007962,2.783581,0.045518,-0.015005,111929123781.6099,0.030605,0.313814,0.507635,0.528431,0.346856,0.0,0.514025,0.5,REFERENCE_ONLY,,068270.KS: 장세 해석용 자산으로 기본 헤지 후보에서 제외,DQ WARN non-blocking - 068270.KS: calendar_coverage_warn,,0.1,집중위험 완화 중 - 005930.KS 39.88% -> 35.89% (기준 20.0% 초과); 집중위험 완화 중 - NVDA 28.23% -> 25.41% (기준 20.0% 초과),0.9,0.535533,0.521508,0.583,0.576922,-0.014025,-0.006078,0.514025,0.014025,0.0,0.028234,1.0,growth_beta|korea_domestic_credit|korea_equity|krw_exposure|usdkrw_fx_korea|semiconductor_ai_cycle,korea_domestic_credit|korea_equity|quality_growth|rate_shock_growth_duration|usdkrw_fx_korea,N,N,N,C,scenario_vulnerability_reducer,diagnostic_only,068270.KS: 장세 해석용 자산으로 기본 헤지 후보에서 제외,"달러강세/원화약세장, 중국·무역분절 충격장, 장기금리 부담장 기준 취약도를 낮추는 후보입니다.",0.614337,"핵심 취약점 직접 완화, Downside beta reduction, 노출(beta/corr) 감소 / 달러강세/원화약세장, 중국·무역분절 충격장, 장기금리 부담장 기준 취약도를 낮추는 후보입니다.","{""NVDA"": 25.4106, ""005930.KS"": 35.8918, ""035420.KS"": 16.0577, ""035720.KS"": 12.64, ""068270.KS"": 10.0}"
017670.KS,kr_stock,metadata_direct_match,0.69483,PASS,PASS,10.0,10.0,,,,,1,single_asset_budget,"{""017670.KS"": 10.0}",single candidate allocation,0.241523,0.223617,-0.470443,-0.444173,-0.032992,-0.030582,0.28602,0.273409,1.060023,1.088509,-0.004119,-0.003922,0.149971,0.154494,0.412686,0.371379,0.453714,0.412005,0.872503,0.869685,7.414042,5.584111,7.306166,0.000196,-0.004523,0.041307,0.041307,0.028486,2.687284,-0.012612,-4.409318,0.041708,0.002818,116274081861.45076,0.168007,0.343822,0.49222,0.515228,0.294019,0.0,0.526266,0.5,REFERENCE_ONLY,,017670.KS: 장세 해석용 자산으로 기본 헤지 후보에서 제외,DQ WARN non-blocking - 017670.KS: calendar_coverage_warn,,0.1,집중위험 완화 중 - 005930.KS 39.88% -> 35.89% (기준 20.0% 초과); 집중위험 완화 중 - NVDA 28.23% -> 25.41% (기준 20.0% 초과),0.9,0.535533,0.509267,0.583,0.57531,-0.026266,-0.007689,0.526266,0.026266,0.0,0.028234,1.0,growth_beta|korea_domestic_credit|korea_equity|krw_exposure|usdkrw_fx_korea|semiconductor_ai_cycle,defensive_equity|korea_domestic_credit|korea_equity|recession_liquidity_stress|usdkrw_fx_korea,N,N,N,C,scenario_vulnerability_reducer,diagnostic_only,017670.KS: 장세 해석용 자산으로 기본 헤지 후보에서 제외,"달러강세/원화약세장, 중국·무역분절 충격장, 장기금리 부담장 기준 취약도를 낮추는 후보입니다.",0.621382,"핵심 취약점 직접 완화, Downside beta reduction, 현재 장세 취약도 개선 / 달러강세/원화약세장, 중국·무역분절 충격장, 장기금리 부담장 기준 취약도를 낮추는 후보입니다.","{""NVDA"": 25.4106, ""005930.KS"": 35.8918, ""035420.KS"": 16.0577, ""035720.KS"": 12.64, ""017670.KS"": 10.0}"
207940.KS,kr_stock,metadata_direct_match,0.692292,FAIL,FAIL: Stress 개선 미달,10.0,10.0,,,,,1,single_asset_budget,"{""207940.KS"": 10.0}",single candidate allocation,0.241523,0.231237,-0.470443,-0.432797,-0.032992,-0.030972,0.28602,0.375613,1.060023,1.494629,-0.004119,-0.004762,0.149971,0.13436,0.412686,0.44351,0.453714,0.492032,0.872503,0.880794,4.259122,8.00236,6.122945,-0.000644,0.01561,-0.030824,0.01561,0.434606,40.999665,0.089593,31.323844,-0.038319,-0.008291,81610677483.33333,0.135308,0.404875,0.215111,0.432701,0.767044,0.0,0.513975,0.5,FAIL_GATE,Stress 개선 미달,,,,0.0,집중위험 완화 중 - 005930.KS 39.88% -> 35.89% (기준 20.0% 초과); 집중위험 완화 중 - NVDA 28.23% -> 25.41% (기준 20.0% 초과),1.0,0.535533,0.521558,0.583,0.577491,-0.013975,-0.005508,0.513975,0.013975,0.0,0.028234,1.0,growth_beta|korea_domestic_credit|korea_equity|krw_exposure|usdkrw_fx_korea|semiconductor_ai_cycle,korea_domestic_credit|korea_equity|quality_growth|rate_shock_growth_duration|usdkrw_fx_korea,N,N,N,C,scenario_vulnerability_reducer,diagnostic_only,207940.KS: 장세 해석용 자산으로 기본 헤지 후보에서 제외,"달러강세/원화약세장, 중국·무역분절 충격장, 장기금리 부담장 기준 취약도를 낮추는 후보입니다.",0.623597,"핵심 취약점 직접 완화, DQ confidence, Return drag control / 달러강세/원화약세장, 중국·무역분절 충격장, 장기금리 부담장 기준 취약도를 낮추는 후보입니다.","{""NVDA"": 25.4106, ""005930.KS"": 35.8918, ""035420.KS"": 16.0577, ""035720.KS"": 12.64, ""207940.KS"": 10.0}"
055550.KS,kr_stock,metadata_direct_match,0.691623,PASS,PASS,10.0,10.0,,,,,1,single_asset_budget,"{""055550.KS"": 10.0}",single candidate allocation,0.241523,0.22975,-0.470443,-0.465873,-0.032992,-0.031507,0.28602,0.270754,1.060023,1.047896,-0.004119,-0.004167,0.149971,0.131397,0.412686,0.370535,0.453714,0.415407,0.872503,0.880699,4.874506,0.971492,4.5034,-4.8e-05,0.018574,0.042151,0.042151,-0.012127,-1.144045,-0.015266,-5.337362,0.038307,-0.008195,128405150654.80463,0.090551,0.227367,0.411491,0.517939,0.246715,0.0,0.510527,0.5,REFERENCE_ONLY,,annual return drag soft warning; 055550.KS: 장세 해석용 자산으로 기본 헤지 후보에서 제외,DQ WARN non-blocking - 055550.KS: calendar_coverage_warn,,0.1,집중위험 완화 중 - 005930.KS 39.88% -> 35.89% (기준 20.0% 초과); 집중위험 완화 중 - NVDA 28.23% -> 25.41% (기준 20.0% 초과),0.9,0.535533,0.525006,0.583,0.579083,-0.010527,-0.003916,0.510527,0.010527,0.0,0.028234,1.0,growth_beta|korea_domestic_credit|korea_equity|krw_exposure|usdkrw_fx_korea|semiconductor_ai_cycle,credit_cycle|korea_domestic_credit|korea_financial|rate_shock_growth_duration|usdkrw_fx_korea,N,N,N,C,scenario_vulnerability_reducer,diagnostic_only,055550.KS: 장세 해석용 자산으로 기본 헤지 후보에서 제외,"달러강세/원화약세장, 중국·무역분절 충격장, 장기금리 부담장 기준 취약도를 낮추는 후보입니다.",0.587636,"핵심 취약점 직접 완화, Downside beta reduction, 노출(beta/corr) 감소 / 달러강세/원화약세장, 중국·무역분절 충격장, 장기금리 부담장 기준 취약도를 낮추는 후보입니다.","{""NVDA"": 25.4106, ""005930.KS"": 35.8918, ""035420.KS"": 16.0577, ""035720.KS"": 12.64, ""055550.KS"": 10.0}"
011200.KS,kr_stock,metadata_direct_match,0.691136,PASS,PASS,10.0,10.0,,,,,1,single_asset_budget,"{""011200.KS"": 10.0}",single candidate allocation,0.241523,0.23298,-0.470443,-0.439952,-0.032992,-0.031766,0.28602,0.258924,1.060023,0.982591,-0.004119,-0.003719,0.149971,0.132619,0.412686,0.366729,0.453714,0.398696,0.872503,0.879873,3.537125,6.481273,3.715946,0.0004,0.017352,0.045957,0.045957,-0.077432,-7.304739,-0.027096,-9.473409,0.055017,-0.00737,31112268062.333332,0.068789,0.366472,0.559294,0.530162,0.170652,0.0,0.526368,0.5,REFERENCE_ONLY,,Sharpe soft warning; annual return drag soft warning; 011200.KS: 장세 해석용 자산으로 기본 헤지 후보에서 제외,DQ WARN non-blocking - 011200.KS: calendar_coverage_warn,,0.1,집중위험 완화 중 - 005930.KS 39.88% -> 35.89% (기준 20.0% 초과); 집중위험 완화 중 - NVDA 28.23% -> 25.41% (기준 20.0% 초과),0.9,0.535533,0.509165,0.583,0.574414,-0.026368,-0.008585,0.526368,0.026368,0.0,0.028234,1.0,growth_beta|korea_domestic_credit|korea_equity|krw_exposure|usdkrw_fx_korea|semiconductor_ai_cycle,geopolitical_supply_chain|global_trade|inflation_energy_shock|korea_domestic_credit|shipping|usdkrw_fx_korea,N,N,N,C,scenario_vulnerability_reducer,diagnostic_only,011200.KS: 장세 해석용 자산으로 기본 헤지 후보에서 제외,"달러강세/원화약세장, 중국·무역분절 충격장, 장기금리 부담장 기준 취약도를 낮추는 후보입니다.",0.624339,"핵심 취약점 직접 완화, Downside beta reduction, Stress 방어 / 달러강세/원화약세장, 중국·무역분절 충격장, 장기금리 부담장 기준 취약도를 낮추는 후보입니다.","{""NVDA"": 25.4106, ""005930.KS"": 35.8918, ""035420.KS"": 16.0577, ""035720.KS"": 12.64, ""011200.KS"": 10.0}"
005490.KS,kr_stock,metadata_direct_match,0.68897,PASS,PASS,10.0,10.0,,,,,1,single_asset_budget,"{""005490.KS"": 10.0}",single candidate allocation,0.241523,0.231891,-0.470443,-0.468675,-0.032992,-0.031908,0.28602,0.264686,1.060023,1.012053,-0.004119,-0.004203,0.149971,0.111861,0.412686,0.372128,0.453714,0.418542,0.872503,0.895471,3.987993,0.375936,3.288273,-8.5e-05,0.03811,0.040559,0.040559,-0.04797,-4.52538,-0.021334,-7.458883,0.035172,-0.022968,202782049162.8724,0.05697,0.212331,0.399577,0.512823,0.204967,0.0,0.520216,0.5,REFERENCE_ONLY,,annual return drag soft warning; 005490.KS: 장세 해석용 자산으로 기본 헤지 후보에서 제외,DQ WARN non-blocking - 005490.KS: calendar_coverage_warn,,0.1,집중위험 완화 중 - 005930.KS 39.88% -> 35.89% (기준 20.0% 초과); 집중위험 완화 중 - NVDA 28.23% -> 25.41% (기준 20.0% 초과),0.9,0.535533,0.515317,0.583,0.581254,-0.020216,-0.001745,0.520216,0.020216,0.0,0.028234,1.0,growth_beta|korea_domestic_credit|korea_equity|krw_exposure|usdkrw_fx_korea|semiconductor_ai_cycle,geopolitical_supply_chain|inflation_energy_shock|korea_domestic_credit|korea_equity|materials_cycle|usdkrw_fx_korea,N,N,N,C,scenario_vulnerability_reducer,diagnostic_only,005490.KS: 장세 해석용 자산으로 기본 헤지 후보에서 제외,"달러강세/원화약세장, 중국·무역분절 충격장, 장기금리 부담장 기준 취약도를 낮추는 후보입니다.",0.580844,"핵심 취약점 직접 완화, Downside beta reduction, 현재 장세 취약도 개선 / 달러강세/원화약세장, 중국·무역분절 충격장, 장기금리 부담장 기준 취약도를 낮추는 후보입니다.","{""NVDA"": 25.4106, ""005930.KS"": 35.8918, ""035420.KS"": 16.0577, ""035720.KS"": 12.64, ""005490.KS"": 10.0}"
114800.KS,kr_etf,metadata_direct_match,0.687518,PASS,PASS,10.0,10.0,,,,,1,single_asset_budget,"{""114800.KS"": 10.0}",single candidate allocation,0.241523,0.191141,-0.470443,-0.410797,-0.032992,-0.025367,0.28602,0.26371,1.060023,1.222708,-0.004119,-0.003525,0.149971,0.177528,0.412686,0.391559,0.453714,0.468422,0.872503,0.833198,20.860183,12.67877,23.111539,0.000593,-0.027557,0.021127,0.021127,0.162685,15.347359,-0.02231,-7.800287,-0.014708,0.039305,593222364572.8167,0.604796,0.522939,0.623234,0.450419,0.450327,0.0,0.51296,1.0,REFERENCE_ONLY,,annual return drag soft warning; 114800.KS: 리서치 전용 후보,DQ WARN non-blocking - 114800.KS: calendar_coverage_warn,,0.1,집중위험 완화 중 - 005930.KS 39.88% -> 35.89% (기준 20.0% 초과); 집중위험 완화 중 - NVDA 28.23% -> 25.41% (기준 20.0% 초과),0.9,0.535533,0.522573,0.583,0.570781,-0.01296,-0.012218,0.51296,0.01296,0.0,0.0,1.0,growth_beta|korea_domestic_credit|korea_equity|krw_exposure|usdkrw_fx_korea|semiconductor_ai_cycle,inverse_korea|korea_beta_offset|korea_domestic_credit|rate_shock_growth_duration|recession_liquidity_stress|semiconductor_ai_cycle|usdkrw_fx_korea,N,N,N,C,scenario_vulnerability_reducer,research_only,114800.KS: 리서치 전용 후보,"달러강세/원화약세장, 중국·무역분절 충격장, 장기금리 부담장 기준 취약도를 낮추는 후보입니다.",0.711922,"핵심 취약점 직접 완화, factor 집중 완화, Stress 방어 / 달러강세/원화약세장, 중국·무역분절 충격장, 장기금리 부담장 기준 취약도를 낮추는 후보입니다.","{""NVDA"": 25.4106, ""005930.KS"": 35.8918, ""035420.KS"": 16.0577, ""035720.KS"": 12.64, ""114800.KS"": 10.0}"
105560.KS,kr_stock,metadata_direct_match,0.686297,FAIL,FAIL: MDD 개선 미달; Stress 개선 미달,10.0,10.0,,,,,1,single_asset_budget,"{""105560.KS"": 10.0}",single candidate allocation,0.241523,0.229889,-0.470443,-0.488909,-0.032992,-0.031386,0.28602,0.270182,1.060023,1.044777,-0.004119,-0.004289,0.149971,0.134078,0.412686,0.371891,0.453714,0.419225,0.872503,0.878516,4.81724,-3.925204,4.868125,-0.00017,0.015893,0.040795,0.040795,-0.015246,-1.438295,-0.015838,-5.537387,0.034489,-0.006013,184587524517.78204,0.10063,0.103741,0.371248,0.513582,0.243082,0.0,0.508258,0.5,FAIL_GATE,MDD 개선 미달; Stress 개선 미달,annual return drag soft warning,DQ WARN non-blocking - 105560.KS: calendar_coverage_warn,,0.1,집중위험 완화 중 - 005930.KS 39.88% -> 35.89% (기준 20.0% 초과); 집중위험 완화 중 - NVDA 28.23% -> 25.41% (기준 20.0% 초과),0.9,0.535533,0.527276,0.583,0.581654,-0.008258,-0.001345,0.508258,0.008258,0.0,0.028234,1.0,growth_beta|korea_domestic_credit|korea_equity|krw_exposure|usdkrw_fx_korea|semiconductor_ai_cycle,credit_cycle|korea_domestic_credit|korea_financial|rate_shock_growth_duration|usdkrw_fx_korea,N,N,N,C,scenario_vulnerability_reducer,diagnostic_only,105560.KS: 장세 해석용 자산으로 기본 헤지 후보에서 제외,"달러강세/원화약세장, 중국·무역분절 충격장, 장기금리 부담장 기준 취약도를 낮추는 후보입니다.",0.570688,"핵심 취약점 직접 완화, Downside beta reduction, 노출(beta/corr) 감소 / 달러강세/원화약세장, 중국·무역분절 충격장, 장기금리 부담장 기준 취약도를 낮추는 후보입니다.","{""NVDA"": 25.4106, ""005930.KS"": 35.8918, ""035420.KS"": 16.0577, ""035720.KS"": 12.64, ""105560.KS"": 10.0}"
032830.KS,kr_stock,metadata_direct_match,0.684501,FAIL,FAIL: Stress 개선 미달; downside beta 증가 하드 게이트; active adverse scenario 민감도 증가,10.0,10.0,,,,,1,single_asset_budget,"{""032830.KS"": 10.0}",single candidate allocation,0.241523,0.21473,-0.470443,-0.427546,-0.032992,-0.028539,0.28602,0.301968,1.060023,1.266561,-0.004119,-0.004783,0.149971,0.11902,0.412686,0.402366,0.453714,0.509605,0.872503,0.881378,11.09361,9.118501,13.498025,-0.000664,0.030951,0.01032,0.030951,0.206538,19.48431,0.015948,5.575821,-0.055891,-0.008875,123218727608.33333,0.339122,0.433054,0.208306,0.481968,0.501404,0.0,0.507833,0.5,FAIL_GATE,Stress 개선 미달; downside beta 증가 하드 게이트; active adverse scenario 민감도 증가,,DQ WARN non-blocking - 032830.KS: calendar_coverage_warn,,0.1,집중위험 완화 중 - 005930.KS 39.88% -> 35.89% (기준 20.0% 초과); 집중위험 완화 중 - NVDA 28.23% -> 25.41% (기준 20.0% 초과),0.9,0.535533,0.5277,0.583,0.584774,-0.007833,0.001774,0.507833,0.007833,0.001774,0.028234,1.0,growth_beta|korea_domestic_credit|korea_equity|krw_exposure|usdkrw_fx_korea|semiconductor_ai_cycle,insurance|korea_domestic_credit|korea_financial|rate_shock_growth_duration|usdkrw_fx_korea,N,N,N,C,adverse_scenario_sensitive,diagnostic_only,032830.KS: 장세 해석용 자산으로 기본 헤지 후보에서 제외,"달러강세/원화약세장, 중국·무역분절 충격장, 장기금리 부담장 기준 취약도를 늘릴 수 있어 감점됩니다.",0.590702,"핵심 취약점 직접 완화, 현재 장세 취약도 개선, Sharpe 개선 / 달러강세/원화약세장, 중국·무역분절 충격장, 장기금리 부담장 기준 취약도를 늘릴 수 있어 감점됩니다.","{""NVDA"": 25.4106, ""005930.KS"": 35.8918, ""035420.KS"": 16.0577, ""035720.KS"": 12.64, ""032830.KS"": 10.0}"
SH,inverse_etf,metadata_direct_match,0.647489,PASS,PASS,10.0,10.0,,,,,1,single_asset_budget,"{""SH"": 10.0}",single candidate allocation,0.241523,0.209738,-0.470443,-0.407242,-0.032992,-0.028266,0.28602,0.251434,1.060023,1.055761,-0.004119,-0.003562,0.149971,0.142321,0.412686,0.320013,0.453714,0.348473,0.872503,0.869806,13.16018,13.434305,14.326266,0.000556,0.00765,0.092673,0.092673,-0.004262,-0.402078,-0.034587,-12.09238,0.105241,0.002697,605942164162.4667,0.362011,0.542014,0.610995,0.680192,0.255876,0.0,0.534921,1.0,REFERENCE_ONLY,,annual return drag soft warning; SH: 리서치 전용 후보,DQ WARN non-blocking - SH: fx_missing_warn,,0.1,집중위험 완화 중 - 005930.KS 39.88% -> 35.89% (기준 20.0% 초과); 집중위험 완화 중 - NVDA 28.23% -> 25.41% (기준 20.0% 초과),0.9,0.535533,0.500612,0.583,0.534223,-0.034921,-0.048776,0.534921,0.034921,0.0,0.0,1.0,growth_beta|korea_domestic_credit|korea_equity|krw_exposure|usdkrw_fx_korea|semiconductor_ai_cycle,inverse_equity|rate_shock_growth_duration|recession_liquidity_stress|semiconductor_ai_cycle|tail_hedge,N,N,N,C,scenario_vulnerability_reducer,research_only,SH: 리서치 전용 후보,"달러강세/원화약세장, 중국·무역분절 충격장, 장기금리 부담장 기준 취약도를 낮추는 후보입니다.",0.68864,"핵심 취약점 직접 완화, factor 집중 완화, Downside beta reduction / 달러강세/원화약세장, 중국·무역분절 충격장, 장기금리 부담장 기준 취약도를 낮추는 후보입니다.","{""NVDA"": 25.4106, ""005930.KS"": 35.8918, ""035420.KS"": 16.0577, ""035720.KS"": 12.64, ""SH"": 10.0}"
PSQ,inverse_etf,metadata_direct_match,0.645652,PASS,PASS,10.0,10.0,,,,,1,single_asset_budget,"{""PSQ"": 10.0}",single candidate allocation,0.241523,0.207945,-0.470443,-0.398127,-0.032992,-0.028076,0.28602,0.245333,1.060023,1.03553,-0.004119,-0.003581,0.149971,0.13596,0.412686,0.316559,0.453714,0.349043,0.872503,0.869797,13.902783,15.371971,14.900189,0.000538,0.014011,0.096127,0.096127,-0.024493,-2.310566,-0.040687,-14.225229,0.104671,0.002706,414894808390.2252,0.377871,0.590934,0.604972,0.691284,0.232313,0.0,0.534839,1.0,REFERENCE_ONLY,,annual return drag soft warning; PSQ: 리서치 전용 후보,DQ WARN non-blocking - PSQ: fx_missing_warn,,0.1,집중위험 완화 중 - 005930.KS 39.88% -> 35.89% (기준 20.0% 초과); 집중위험 완화 중 - NVDA 28.23% -> 25.41% (기준 20.0% 초과),0.9,0.535533,0.500694,0.583,0.534375,-0.034839,-0.048625,0.534839,0.034839,0.0,0.0,1.0,growth_beta|korea_domestic_credit|korea_equity|krw_exposure|usdkrw_fx_korea|semiconductor_ai_cycle,growth_beta_offset|inverse_nasdaq|rate_shock_growth_duration|recession_liquidity_stress|semiconductor_ai_cycle,N,N,N,C,scenario_vulnerability_reducer,research_only,PSQ: 리서치 전용 후보,"달러강세/원화약세장, 중국·무역분절 충격장, 장기금리 부담장 기준 취약도를 낮추는 후보입니다.",0.691006,"핵심 취약점 직접 완화, factor 집중 완화, Downside beta reduction / 달러강세/원화약세장, 중국·무역분절 충격장, 장기금리 부담장 기준 취약도를 낮추는 후보입니다.","{""NVDA"": 25.4106, ""005930.KS"": 35.8918, ""035420.KS"": 16.0577, ""035720.KS"": 12.64, ""PSQ"": 10.0}"
BTC-USD,crypto,metadata_direct_match,0.631226,FAIL,FAIL: MDD 개선 미달; Stress 개선 미달; downside beta 증가 하드 게이트,10.0,10.0,,,,,1,single_asset_budget,"{""BTC-USD"": 10.0}",single candidate allocation,0.241523,0.224771,-0.470443,-0.475258,-0.032992,-0.03037,0.28602,0.399439,1.060023,1.643628,-0.004119,-0.004449,0.149971,0.108332,0.412686,0.510847,0.453714,0.601461,0.872503,0.874608,6.936279,-1.023502,7.947121,-0.00033,0.041639,-0.098161,0.041639,0.583605,55.055894,0.113419,39.654179,-0.147747,-0.002105,3.8844455092281856e+18,0.18572,0.177,0.318677,0.516294,0.94059,1.0,0.54547,1.0,FAIL_GATE,MDD 개선 미달; Stress 개선 미달; downside beta 증가 하드 게이트,,,,0.0,집중위험 완화 중 - 005930.KS 39.88% -> 35.89% (기준 20.0% 초과); 집중위험 완화 중 - NVDA 28.23% -> 25.41% (기준 20.0% 초과),1.0,0.535533,0.490063,0.583,0.5247,-0.04547,-0.0583,0.54547,0.04547,0.0,0.0,1.0,growth_beta|korea_domestic_credit|korea_equity|krw_exposure|usdkrw_fx_korea|semiconductor_ai_cycle,crypto|high_beta|recession_liquidity_stress|usdkrw_fx_korea,N,N,N,C,scenario_vulnerability_reducer,conditional_candidate,BTC-USD: 위험자산 성격이 강해 all 모드에서만 비교합니다,"달러강세/원화약세장, 중국·무역분절 충격장, 장기금리 부담장 기준 취약도를 낮추는 후보입니다.",0.691188,"핵심 취약점 직접 완화, 유동성 양호, factor 집중 완화 / 달러강세/원화약세장, 중국·무역분절 충격장, 장기금리 부담장 기준 취약도를 낮추는 후보입니다.","{""NVDA"": 25.4106, ""005930.KS"": 35.8918, ""035420.KS"": 16.0577, ""035720.KS"": 12.64, ""BTC-USD"": 10.0}"
EWJ,equity_etf,metadata_direct_match,0.630915,FAIL,FAIL: beta/corr 감소 미달,10.0,10.0,,,,,1,single_asset_budget,"{""EWJ"": 10.0}",single candidate allocation,0.241523,0.224989,-0.470443,-0.444478,-0.032992,-0.030946,0.28602,0.267102,1.060023,1.053835,-0.004119,-0.003797,0.149971,0.196753,0.412686,0.452641,0.453714,0.489139,0.872503,0.866316,6.845716,5.51927,6.201459,0.000322,-0.046782,-0.039955,-0.039955,-0.006187,-0.583699,-0.018919,-6.614394,-0.035426,0.006187,963459347407.94,0.137478,0.342185,0.533641,0.25425,0.253634,0.0,0.538108,1.0,FAIL_GATE,beta/corr 감소 미달,annual return drag soft warning,DQ WARN non-blocking - EWJ: fx_missing_warn,,0.1,집중위험 완화 중 - 005930.KS 39.88% -> 35.89% (기준 20.0% 초과); 집중위험 완화 중 - NVDA 28.23% -> 25.41% (기준 20.0% 초과),0.9,0.535533,0.497425,0.583,0.52845,-0.038108,-0.05455,0.538108,0.038108,0.0,0.0,1.0,growth_beta|korea_domestic_credit|korea_equity|krw_exposure|usdkrw_fx_korea|semiconductor_ai_cycle,geopolitical_supply_chain|japan_equity|usdkrw_fx_korea|yen_proxy,N,N,N,C,scenario_vulnerability_reducer,conditional_candidate,EWJ: 취약점 보완 근거가 있을 때만 검토 후보,"달러강세/원화약세장, 중국·무역분절 충격장, 장기금리 부담장 기준 취약도를 낮추는 후보입니다.",0.64338,"핵심 취약점 직접 완화, factor 집중 완화, 현재 장세 취약도 개선 / 달러강세/원화약세장, 중국·무역분절 충격장, 장기금리 부담장 기준 취약도를 낮추는 후보입니다.","{""NVDA"": 25.4106, ""005930.KS"": 35.8918, ""035420.KS"": 16.0577, ""035720.KS"": 12.64, ""EWJ"": 10.0}"
INDA,equity_etf,metadata_direct_match,0.626674,FAIL,FAIL: Stress 개선 미달; downside beta 증가 하드 게이트,10.0,10.0,,,,,1,single_asset_budget,"{""INDA"": 10.0}",single candidate allocation,0.241523,0.21183,-0.470443,-0.433327,-0.032992,-0.02851,0.28602,0.308145,1.060023,1.313056,-0.004119,-0.005415,0.149971,0.110557,0.412686,0.493725,0.453714,0.58908,0.872503,0.872267,12.294063,7.889657,13.587076,-0.001296,0.039414,-0.081039,0.039414,0.253033,23.870556,0.022125,7.73541,-0.135366,0.000236,577762769162.2196,0.341583,0.402029,0.0,0.509146,0.555559,0.0,0.536995,1.0,FAIL_GATE,Stress 개선 미달; downside beta 증가 하드 게이트,,,,0.0,집중위험 완화 중 - 005930.KS 39.88% -> 35.89% (기준 20.0% 초과); 집중위험 완화 중 - NVDA 28.23% -> 25.41% (기준 20.0% 초과),1.0,0.535533,0.498538,0.583,0.529523,-0.036995,-0.053476,0.536995,0.036995,0.0,0.0,1.0,growth_beta|korea_domestic_credit|korea_equity|krw_exposure|usdkrw_fx_korea|semiconductor_ai_cycle,geopolitical_supply_chain|global_beta|india_equity|usdkrw_fx_korea,N,N,N,C,scenario_vulnerability_reducer,conditional_candidate,INDA: 취약점 보완 근거가 있을 때만 검토 후보,"달러강세/원화약세장, 중국·무역분절 충격장, 장기금리 부담장 기준 취약도를 낮추는 후보입니다.",0.601869,"핵심 취약점 직접 완화, factor 집중 완화, DQ confidence / 달러강세/원화약세장, 중국·무역분절 충격장, 장기금리 부담장 기준 취약도를 낮추는 후보입니다.","{""NVDA"": 25.4106, ""005930.KS"": 35.8918, ""035420.KS"": 16.0577, ""035720.KS"": 12.64, ""INDA"": 10.0}"
VXUS,equity_etf,metadata_direct_match,0.585486,FAIL,FAIL: Stress 개선 미달; beta/corr 감소 미달; downside beta 증가 하드 게이트,10.0,10.0,,,,,1,single_asset_budget,"{""VXUS"": 10.0}",single candidate allocation,0.241523,0.213521,-0.470443,-0.443451,-0.032992,-0.028776,0.28602,0.291843,1.060023,1.22631,-0.004119,-0.00456,0.149971,0.197862,0.412686,0.494382,0.453714,0.593567,0.872503,0.864682,11.594048,5.737483,12.781058,-0.000441,-0.047892,-0.081696,-0.047892,0.166288,15.687168,0.005823,2.035792,-0.139853,0.007821,804299938461.0131,0.319308,0.347694,0.282006,0.228762,0.454522,0.0,0.536487,1.0,FAIL_GATE,Stress 개선 미달; beta/corr 감소 미달; downside beta 증가 하드 게이트,,,,0.0,집중위험 완화 중 - 005930.KS 39.88% -> 35.89% (기준 20.0% 초과); 집중위험 완화 중 - NVDA 28.23% -> 25.41% (기준 20.0% 초과),1.0,0.535533,0.499046,0.583,0.529197,-0.036487,-0.053803,0.536487,0.036487,0.0,0.0,1.0,growth_beta|korea_domestic_credit|korea_equity|krw_exposure|usdkrw_fx_korea|semiconductor_ai_cycle,geopolitical_supply_chain|global_equity|usd_exposure|usdkrw_fx_korea,N,N,N,C,scenario_vulnerability_reducer,diagnostic_only,VXUS: 장세 해석용 자산으로 기본 헤지 후보에서 제외,"달러강세/원화약세장, 중국·무역분절 충격장, 장기금리 부담장 기준 취약도를 낮추는 후보입니다.",0.6481,"핵심 취약점 직접 완화, factor 집중 완화, DQ confidence / 달러강세/원화약세장, 중국·무역분절 충격장, 장기금리 부담장 기준 취약도를 낮추는 후보입니다.","{""NVDA"": 25.4106, ""005930.KS"": 35.8918, ""035420.KS"": 16.0577, ""035720.KS"": 12.64, ""VXUS"": 10.0}"
NFLX,us_stock,,0.577681,FAIL,FAIL: MDD 개선 미달; beta/corr 감소 미달,10.0,10.0,,,,,1,single_asset_budget,"{""NFLX"": 10.0}",single candidate allocation,0.241523,0.231696,-0.470443,-0.47905,-0.032992,-0.031832,0.28602,0.301397,1.060023,1.171351,-0.004119,-0.003545,0.149971,0.16785,0.412686,0.469487,0.453714,0.502653,0.872503,0.862778,4.069053,-1.829538,3.516023,0.000574,-0.01788,-0.056801,-0.01788,0.111328,10.502432,0.015377,5.376071,-0.048939,0.009725,5216576911503.606,0.063264,0.15665,0.616874,0.325147,0.390509,1e-06,0.530475,1.0,FAIL_GATE,MDD 개선 미달; beta/corr 감소 미달,,DQ WARN non-blocking - NFLX: extreme_return_outlier_warn|fx_missing_warn,,0.1,집중위험 완화 중 - 005930.KS 39.88% -> 35.89% (기준 20.0% 초과); 집중위험 완화 중 - NVDA 28.23% -> 25.41% (기준 20.0% 초과),0.9,0.535533,0.505058,0.583,0.526925,-0.030475,-0.056074,0.530475,0.030475,0.0,0.0,1.0,growth_beta|korea_domestic_credit|korea_equity|krw_exposure|usdkrw_fx_korea|semiconductor_ai_cycle,consumer_cycle|growth_beta|rate_shock_growth_duration|recession_liquidity_stress|usd_exposure,N,N,N,C,scenario_vulnerability_reducer,diagnostic_only,NFLX: 장세 해석용 자산으로 기본 헤지 후보에서 제외,"달러강세/원화약세장, 중국·무역분절 충격장, 장기금리 부담장 기준 취약도를 낮추는 후보입니다.",0.64709,"핵심 취약점 직접 완화, factor 집중 완화, Stress 방어 / 달러강세/원화약세장, 중국·무역분절 충격장, 장기금리 부담장 기준 취약도를 낮추는 후보입니다.","{""NVDA"": 25.4106, ""005930.KS"": 35.8918, ""035420.KS"": 16.0577, ""035720.KS"": 12.64, ""NFLX"": 10.0}"
EFA,equity_etf,metadata_direct_match,0.577332,FAIL,FAIL: beta/corr 감소 미달; downside beta 증가 하드 게이트,10.0,10.0,,,,,1,single_asset_budget,"{""EFA"": 10.0}",single candidate allocation,0.241523,0.225749,-0.470443,-0.450186,-0.032992,-0.031135,0.28602,0.268351,1.060023,1.055823,-0.004119,-0.003863,0.149971,0.195165,0.412686,0.465198,0.453714,0.505055,0.872503,0.865127,6.531067,4.305977,5.630948,0.000255,-0.045195,-0.052512,-0.045195,-0.0042,-0.396225,-0.017669,-6.177541,-0.051341,0.007376,2612824970199.127,0.121711,0.311553,0.511705,0.237424,0.255948,1e-06,0.53454,1.0,FAIL_GATE,beta/corr 감소 미달; downside beta 증가 하드 게이트,annual return drag soft warning,DQ WARN non-blocking - EFA: fx_missing_warn,,0.1,집중위험 완화 중 - 005930.KS 39.88% -> 35.89% (기준 20.0% 초과); 집중위험 완화 중 - NVDA 28.23% -> 25.41% (기준 20.0% 초과),0.9,0.535533,0.500993,0.583,0.530197,-0.03454,-0.052803,0.53454,0.03454,0.0,0.0,1.0,growth_beta|korea_domestic_credit|korea_equity|krw_exposure|usdkrw_fx_korea|semiconductor_ai_cycle,developed_ex_us|geopolitical_supply_chain|usd_exposure|usdkrw_fx_korea,N,N,N,C,scenario_vulnerability_reducer,diagnostic_only,EFA: 장세 해석용 자산으로 기본 헤지 후보에서 제외,"달러강세/원화약세장, 중국·무역분절 충격장, 장기금리 부담장 기준 취약도를 낮추는 후보입니다.",0.635356,"핵심 취약점 직접 완화, factor 집중 완화, 현재 장세 취약도 개선 / 달러강세/원화약세장, 중국·무역분절 충격장, 장기금리 부담장 기준 취약도를 낮추는 후보입니다.","{""NVDA"": 25.4106, ""005930.KS"": 35.8918, ""035420.KS"": 16.0577, ""035720.KS"": 12.64, ""EFA"": 10.0}"
FXI,equity_etf,china_trade_fragmentation_shock,0.574854,FAIL,FAIL: beta/corr 감소 미달,10.0,10.0,,,,,1,single_asset_budget,"{""FXI"": 10.0}",single candidate allocation,0.241523,0.230658,-0.470443,-0.456206,-0.032992,-0.031757,0.28602,0.26606,1.060023,1.023421,-0.004119,-0.00369,0.149971,0.190938,0.412686,0.472354,0.453714,0.503654,0.872503,0.862814,4.498827,3.026295,3.743745,0.000429,-0.040967,-0.059668,-0.040967,-0.036602,-3.452912,-0.01996,-6.978652,-0.04994,0.00969,1605805685379.7031,0.069558,0.279245,0.568841,0.251,0.218209,0.0,0.534695,1.0,FAIL_GATE,beta/corr 감소 미달,annual return drag soft warning,DQ WARN non-blocking - FXI: fx_missing_warn,,0.1,집중위험 완화 중 - 005930.KS 39.88% -> 35.89% (기준 20.0% 초과); 집중위험 완화 중 - NVDA 28.23% -> 25.41% (기준 20.0% 초과),0.9,0.535533,0.500838,0.583,0.529009,-0.034695,-0.053991,0.534695,0.034695,0.0,0.0,1.0,growth_beta|korea_domestic_credit|korea_equity|krw_exposure|usdkrw_fx_korea|semiconductor_ai_cycle,china_equity|geopolitical_supply_chain|global_trade|usdkrw_fx_korea,N,N,N,C,scenario_vulnerability_reducer,diagnostic_only,FXI: 장세 해석용 자산으로 기본 헤지 후보에서 제외,"달러강세/원화약세장, 중국·무역분절 충격장, 장기금리 부담장 기준 취약도를 낮추는 후보입니다.",0.639261,"핵심 취약점 직접 완화, factor 집중 완화, Stress 방어 / 달러강세/원화약세장, 중국·무역분절 충격장, 장기금리 부담장 기준 취약도를 낮추는 후보입니다.","{""NVDA"": 25.4106, ""005930.KS"": 35.8918, ""035420.KS"": 16.0577, ""035720.KS"": 12.64, ""FXI"": 10.0}"
ORCL,us_stock,,0.573109,FAIL,FAIL: beta/corr 감소 미달,10.0,10.0,,,,,1,single_asset_budget,"{""ORCL"": 10.0}",single candidate allocation,0.241523,0.22839,-0.470443,-0.449505,-0.032992,-0.031239,0.28602,0.282426,1.060023,1.105243,-0.004119,-0.003821,0.149971,0.211694,0.412686,0.472247,0.453714,0.500192,0.872503,0.842178,5.437877,4.450641,5.315223,0.000298,-0.061724,-0.059561,-0.059561,0.04522,4.26596,-0.003594,-1.256643,-0.046479,0.030325,6990032827773.433,0.112986,0.315205,0.525722,0.191284,0.31351,2e-06,0.525629,1.0,FAIL_GATE,beta/corr 감소 미달,,DQ WARN non-blocking - ORCL: fx_missing_warn,,0.1,집중위험 완화 중 - 005930.KS 39.88% -> 35.89% (기준 20.0% 초과); 집중위험 완화 중 - NVDA 28.23% -> 25.41% (기준 20.0% 초과),0.9,0.535533,0.509904,0.583,0.530434,-0.025629,-0.052565,0.525629,0.025629,0.0,0.0,1.0,growth_beta|korea_domestic_credit|korea_equity|krw_exposure|usdkrw_fx_korea|semiconductor_ai_cycle,growth_beta|quality_growth|rate_shock_growth_duration|recession_liquidity_stress|software|usd_exposure,N,N,N,C,scenario_vulnerability_reducer,diagnostic_only,ORCL: 장세 해석용 자산으로 기본 헤지 후보에서 제외,"달러강세/원화약세장, 중국·무역분절 충격장, 장기금리 부담장 기준 취약도를 낮추는 후보입니다.",0.639921,"핵심 취약점 직접 완화, factor 집중 완화, Stress 방어 / 달러강세/원화약세장, 중국·무역분절 충격장, 장기금리 부담장 기준 취약도를 낮추는 후보입니다.","{""NVDA"": 25.4106, ""005930.KS"": 35.8918, ""035420.KS"": 16.0577, ""035720.KS"": 12.64, ""ORCL"": 10.0}"
GOOGL,us_stock,,0.570796,FAIL,FAIL: beta/corr 감소 미달; downside beta 증가 하드 게이트,10.0,10.0,,,,,1,single_asset_budget,"{""GOOGL"": 10.0}",single candidate allocation,0.241523,0.228287,-0.470443,-0.457458,-0.032992,-0.031418,0.28602,0.286047,1.060023,1.121603,-0.004119,-0.004047,0.149971,0.197207,0.412686,0.47364,0.453714,0.507253,0.872503,0.868647,5.480435,2.76026,4.771002,7.2e-05,-0.047236,-0.060954,-0.047236,0.06158,5.809335,2.7e-05,0.00942,-0.053539,0.003857,14975671783875.78,0.097946,0.272528,0.451239,0.230868,0.332565,4e-06,0.521862,1.0,FAIL_GATE,beta/corr 감소 미달; downside beta 증가 하드 게이트,,DQ WARN non-blocking - GOOGL: fx_missing_warn,,0.1,집중위험 완화 중 - 005930.KS 39.88% -> 35.89% (기준 20.0% 초과); 집중위험 완화 중 - NVDA 28.23% -> 25.41% (기준 20.0% 초과),0.9,0.535533,0.513671,0.583,0.533105,-0.021862,-0.049894,0.521862,0.021862,0.0,0.0,1.0,growth_beta|korea_domestic_credit|korea_equity|krw_exposure|usdkrw_fx_korea|semiconductor_ai_cycle,growth_beta|platform|rate_shock_growth_duration|recession_liquidity_stress|usd_exposure,N,N,N,C,scenario_vulnerability_reducer,diagnostic_only,GOOGL: 장세 해석용 자산으로 기본 헤지 후보에서 제외,"달러강세/원화약세장, 중국·무역분절 충격장, 장기금리 부담장 기준 취약도를 낮추는 후보입니다.",0.621206,"핵심 취약점 직접 완화, factor 집중 완화, 현재 장세 취약도 개선 / 달러강세/원화약세장, 중국·무역분절 충격장, 장기금리 부담장 기준 취약도를 낮추는 후보입니다.","{""NVDA"": 25.4106, ""005930.KS"": 35.8918, ""035420.KS"": 16.0577, ""035720.KS"": 12.64, ""GOOGL"": 10.0}"
AAPL,us_stock,,0.568575,FAIL,FAIL: beta/corr 감소 미달; downside beta 증가 하드 게이트,10.0,10.0,,,,,1,single_asset_budget,"{""AAPL"": 10.0}",single candidate allocation,0.241523,0.228696,-0.470443,-0.454301,-0.032992,-0.031332,0.28602,0.292748,1.060023,1.148898,-0.004119,-0.003888,0.149971,0.186051,0.412686,0.476722,0.453714,0.507646,0.872503,0.86593,5.31106,3.431305,5.033046,0.000231,-0.03608,-0.064036,-0.03608,0.088876,8.384301,0.006728,2.352307,-0.053932,0.006573,18519409345850.41,0.105188,0.28947,0.503647,0.266696,0.364357,5e-06,0.52354,1.0,FAIL_GATE,beta/corr 감소 미달; downside beta 증가 하드 게이트,,DQ WARN non-blocking - AAPL: fx_missing_warn,,0.1,집중위험 완화 중 - 005930.KS 39.88% -> 35.89% (기준 20.0% 초과); 집중위험 완화 중 - NVDA 28.23% -> 25.41% (기준 20.0% 초과),0.9,0.535533,0.511993,0.583,0.531442,-0.02354,-0.051558,0.52354,0.02354,0.0,0.0,1.0,growth_beta|korea_domestic_credit|korea_equity|krw_exposure|usdkrw_fx_korea|semiconductor_ai_cycle,growth_beta|mega_cap|rate_shock_growth_duration|recession_liquidity_stress|usd_exposure,N,N,N,C,scenario_vulnerability_reducer,diagnostic_only,AAPL: 장세 해석용 자산으로 기본 헤지 후보에서 제외,"달러강세/원화약세장, 중국·무역분절 충격장, 장기금리 부담장 기준 취약도를 낮추는 후보입니다.",0.635223,"핵심 취약점 직접 완화, factor 집중 완화, 현재 장세 취약도 개선 / 달러강세/원화약세장, 중국·무역분절 충격장, 장기금리 부담장 기준 취약도를 낮추는 후보입니다.","{""NVDA"": 25.4106, ""005930.KS"": 35.8918, ""035420.KS"": 16.0577, ""035720.KS"": 12.64, ""AAPL"": 10.0}"
TSM,us_stock,metadata_direct_match,0.565821,FAIL,FAIL: beta/corr 감소 미달; downside beta 증가 하드 게이트,10.0,10.0,,,,,1,single_asset_budget,"{""TSM"": 10.0}",single candidate allocation,0.241523,0.234187,-0.470443,-0.464712,-0.032992,-0.031955,0.28602,0.292482,1.060023,1.120824,-0.004119,-0.003765,0.149971,0.204224,0.412686,0.475802,0.453714,0.509844,0.872503,0.855974,3.037707,1.218211,3.144938,0.000354,-0.054253,-0.063116,-0.054253,0.060801,5.735854,0.006462,2.259182,-0.05613,0.016529,7561203290142.446,0.053009,0.233596,0.544107,0.208331,0.331658,2e-06,0.518936,1.0,FAIL_GATE,beta/corr 감소 미달; downside beta 증가 하드 게이트,,DQ WARN non-blocking - TSM: fx_missing_warn,,0.1,집중위험 완화 중 - 005930.KS 39.88% -> 35.89% (기준 20.0% 초과); 집중위험 완화 중 - NVDA 28.23% -> 25.41% (기준 20.0% 초과),0.9,0.535533,0.516597,0.583,0.545578,-0.018936,-0.037421,0.518936,0.018936,0.0,0.0,1.0,growth_beta|korea_domestic_credit|korea_equity|krw_exposure|usdkrw_fx_korea|semiconductor_ai_cycle,geopolitical_supply_chain|growth_beta|semiconductor_ai_cycle|taiwan_supply_chain|usd_exposure,N,N,N,C,scenario_vulnerability_reducer,diagnostic_only,TSM: 장세 해석용 자산으로 기본 헤지 후보에서 제외,"달러강세/원화약세장, 중국·무역분절 충격장, 장기금리 부담장 기준 취약도를 낮추는 후보입니다.",0.633903,"핵심 취약점 직접 완화, factor 집중 완화, Stress 방어 / 달러강세/원화약세장, 중국·무역분절 충격장, 장기금리 부담장 기준 취약도를 낮추는 후보입니다.","{""NVDA"": 25.4106, ""005930.KS"": 35.8918, ""035420.KS"": 16.0577, ""035720.KS"": 12.64, ""TSM"": 10.0}"
MSFT,us_stock,,0.564049,FAIL,FAIL: beta/corr 감소 미달; downside beta 증가 하드 게이트,10.0,10.0,,,,,1,single_asset_budget,"{""MSFT"": 10.0}",single candidate allocation,0.241523,0.227832,-0.470443,-0.446093,-0.032992,-0.031362,0.28602,0.282631,1.060023,1.108847,-0.004119,-0.003929,0.149971,0.190573,0.412686,0.476492,0.453714,0.512092,0.872503,0.854997,5.668743,5.175913,4.941359,0.00019,-0.040602,-0.063806,-0.040602,0.048824,4.605928,-0.003389,-1.185051,-0.058378,0.017506,20899576777427.273,0.102654,0.333516,0.490195,0.252172,0.317707,5e-06,0.52288,1.0,FAIL_GATE,beta/corr 감소 미달; downside beta 증가 하드 게이트,,DQ WARN non-blocking - MSFT: fx_missing_warn,,0.1,집중위험 완화 중 - 005930.KS 39.88% -> 35.89% (기준 20.0% 초과); 집중위험 완화 중 - NVDA 28.23% -> 25.41% (기준 20.0% 초과),0.9,0.535533,0.512653,0.583,0.531955,-0.02288,-0.051045,0.52288,0.02288,0.0,0.0,1.0,growth_beta|korea_domestic_credit|korea_equity|krw_exposure|usdkrw_fx_korea|semiconductor_ai_cycle,ai_capex|growth_beta|rate_shock_growth_duration|recession_liquidity_stress|usd_exposure,N,N,N,C,scenario_vulnerability_reducer,diagnostic_only,MSFT: 장세 해석용 자산으로 기본 헤지 후보에서 제외,"달러강세/원화약세장, 중국·무역분절 충격장, 장기금리 부담장 기준 취약도를 낮추는 후보입니다.",0.633268,"핵심 취약점 직접 완화, factor 집중 완화, 현재 장세 취약도 개선 / 달러강세/원화약세장, 중국·무역분절 충격장, 장기금리 부담장 기준 취약도를 낮추는 후보입니다.","{""NVDA"": 25.4106, ""005930.KS"": 35.8918, ""035420.KS"": 16.0577, ""035720.KS"": 12.64, ""MSFT"": 10.0}"
QCOM,us_stock,metadata_direct_match,0.561016,FAIL,FAIL: beta/corr 감소 미달; downside beta 증가 하드 게이트,10.0,10.0,,,,,1,single_asset_budget,"{""QCOM"": 10.0}",single candidate allocation,0.241523,0.230612,-0.470443,-0.452248,-0.032992,-0.031613,0.28602,0.279631,1.060023,1.082475,-0.004119,-0.003808,0.149971,0.1872,0.412686,0.48161,0.453714,0.513085,0.872503,0.880982,4.517881,3.867555,4.180421,0.000311,-0.037229,-0.068924,-0.037229,0.022452,2.118061,-0.006389,-2.233763,-0.059371,-0.008479,5461565313343.565,0.081625,0.300484,0.529999,0.263004,0.286991,1e-06,0.517133,1.0,FAIL_GATE,beta/corr 감소 미달; downside beta 증가 하드 게이트,,DQ WARN non-blocking - QCOM: fx_missing_warn,,0.1,집중위험 완화 중 - 005930.KS 39.88% -> 35.89% (기준 20.0% 초과); 집중위험 완화 중 - NVDA 28.23% -> 25.41% (기준 20.0% 초과),0.9,0.535533,0.5184,0.583,0.546577,-0.017133,-0.036423,0.517133,0.017133,0.0,0.0,1.0,growth_beta|korea_domestic_credit|korea_equity|krw_exposure|usdkrw_fx_korea|semiconductor_ai_cycle,geopolitical_supply_chain|global_trade|growth_beta|semiconductor_ai_cycle|usd_exposure,N,N,N,C,scenario_vulnerability_reducer,diagnostic_only,QCOM: 장세 해석용 자산으로 기본 헤지 후보에서 제외,"달러강세/원화약세장, 중국·무역분절 충격장, 장기금리 부담장 기준 취약도를 낮추는 후보입니다.",0.635491,"핵심 취약점 직접 완화, factor 집중 완화, Stress 방어 / 달러강세/원화약세장, 중국·무역분절 충격장, 장기금리 부담장 기준 취약도를 낮추는 후보입니다.","{""NVDA"": 25.4106, ""005930.KS"": 35.8918, ""035420.KS"": 16.0577, ""035720.KS"": 12.64, ""QCOM"": 10.0}"
AMZN,us_stock,,0.559475,FAIL,FAIL: beta/corr 감소 미달; downside beta 증가 하드 게이트,10.0,10.0,,,,,1,single_asset_budget,"{""AMZN"": 10.0}",single candidate allocation,0.241523,0.230505,-0.470443,-0.453309,-0.032992,-0.031629,0.28602,0.300331,1.060023,1.172775,-0.004119,-0.0037,0.149971,0.196338,0.412686,0.483205,0.453714,0.51293,0.872503,0.871509,4.561821,3.64219,4.132771,0.000419,-0.046367,-0.070519,-0.046367,0.112753,10.636816,0.014311,5.003465,-0.059216,0.000994,16111512169632.06,0.080309,0.294794,0.565578,0.233657,0.392168,4e-06,0.524157,1.0,FAIL_GATE,beta/corr 감소 미달; downside beta 증가 하드 게이트,,DQ WARN non-blocking - AMZN: fx_missing_warn,,0.1,집중위험 완화 중 - 005930.KS 39.88% -> 35.89% (기준 20.0% 초과); 집중위험 완화 중 - NVDA 28.23% -> 25.41% (기준 20.0% 초과),0.9,0.535533,0.511376,0.583,0.530095,-0.024157,-0.052904,0.524157,0.024157,0.0,0.0,1.0,growth_beta|korea_domestic_credit|korea_equity|krw_exposure|usdkrw_fx_korea|semiconductor_ai_cycle,consumer_cycle|growth_beta|rate_shock_growth_duration|recession_liquidity_stress|usd_exposure,N,N,N,C,scenario_vulnerability_reducer,diagnostic_only,AMZN: 장세 해석용 자산으로 기본 헤지 후보에서 제외,"달러강세/원화약세장, 중국·무역분절 충격장, 장기금리 부담장 기준 취약도를 낮추는 후보입니다.",0.647759,"핵심 취약점 직접 완화, factor 집중 완화, Stress 방어 / 달러강세/원화약세장, 중국·무역분절 충격장, 장기금리 부담장 기준 취약도를 낮추는 후보입니다.","{""NVDA"": 25.4106, ""005930.KS"": 35.8918, ""035420.KS"": 16.0577, ""035720.KS"": 12.64, ""AMZN"": 10.0}"
XLP,defensive,china_trade_fragmentation_shock,0.316123,FAIL,FAIL: beta/corr 감소 미달,10.0,10.0,,,,,1,single_asset_budget,"{""XLP"": 10.0}",single candidate allocation,0.241523,0.2205,-0.470443,-0.428153,-0.032992,-0.030187,0.28602,0.274004,1.060023,1.106595,-0.004119,-0.003844,0.149971,0.172802,0.412686,0.438456,0.453714,0.475864,0.872503,0.866658,8.704444,8.989363,8.504433,0.000274,-0.022831,-0.02577,-0.022831,0.046572,4.393533,-0.012016,-4.20107,-0.02215,0.005845,1684081186663.8516,0.201122,0.429793,0.517974,0.309245,0.315085,0.0,0.53435,1.0,FAIL_GATE,beta/corr 감소 미달,,DQ WARN non-blocking - XLP: fx_missing_warn,,0.1,집중위험 완화 중 - 005930.KS 39.88% -> 35.89% (기준 20.0% 초과); 집중위험 완화 중 - NVDA 28.23% -> 25.41% (기준 20.0% 초과),0.9,0.535533,0.501183,0.583,0.527637,-0.03435,-0.055362,0.53435,0.03435,0.0,0.0,0.0,growth_beta|korea_domestic_credit|korea_equity|krw_exposure|usdkrw_fx_korea|semiconductor_ai_cycle,consumer_staples|defensive_equity|rate_shock_growth_duration|recession_liquidity_stress,N,N,N,C,scenario_vulnerability_reducer,hedge_candidate,XLP: 핵심 취약점 직접 완화 후보,"달러강세/원화약세장, 중국·무역분절 충격장, 장기금리 부담장 기준 취약도를 낮추는 후보입니다.",0.253533,"factor 집중 완화, 현재 장세 취약도 개선, Stress 방어 / 달러강세/원화약세장, 중국·무역분절 충격장, 장기금리 부담장 기준 취약도를 낮추는 후보입니다.","{""NVDA"": 25.4106, ""005930.KS"": 35.8918, ""035420.KS"": 16.0577, ""035720.KS"": 12.64, ""XLP"": 10.0}"
XLU,defensive,china_trade_fragmentation_shock,0.309936,FAIL,FAIL: beta/corr 감소 미달,10.0,10.0,,,,,1,single_asset_budget,"{""XLU"": 10.0}",single candidate allocation,0.241523,0.221473,-0.470443,-0.433401,-0.032992,-0.030338,0.28602,0.274416,1.060023,1.103592,-0.004119,-0.00392,0.149971,0.176064,0.412686,0.44204,0.453714,0.480236,0.872503,0.868198,8.301612,7.873893,8.045435,0.000199,-0.026093,-0.029354,-0.026093,0.043569,4.110194,-0.011604,-4.057213,-0.026522,0.004305,1520237138086.3286,0.188437,0.401631,0.4932,0.298767,0.311587,0.0,0.532626,1.0,FAIL_GATE,beta/corr 감소 미달,,DQ WARN non-blocking - XLU: fx_missing_warn,,0.1,집중위험 완화 중 - 005930.KS 39.88% -> 35.89% (기준 20.0% 초과); 집중위험 완화 중 - NVDA 28.23% -> 25.41% (기준 20.0% 초과),0.9,0.535533,0.502907,0.583,0.528719,-0.032626,-0.054281,0.532626,0.032626,0.0,0.0,0.0,growth_beta|korea_domestic_credit|korea_equity|krw_exposure|usdkrw_fx_korea|semiconductor_ai_cycle,defensive_equity|low_beta|rate_shock_growth_duration|recession_liquidity_stress,N,N,N,C,scenario_vulnerability_reducer,hedge_candidate,XLU: 핵심 취약점 직접 완화 후보,"달러강세/원화약세장, 중국·무역분절 충격장, 장기금리 부담장 기준 취약도를 낮추는 후보입니다.",0.245302,"factor 집중 완화, 현재 장세 취약도 개선, Stress 방어 / 달러강세/원화약세장, 중국·무역분절 충격장, 장기금리 부담장 기준 취약도를 낮추는 후보입니다.","{""NVDA"": 25.4106, ""005930.KS"": 35.8918, ""035420.KS"": 16.0577, ""035720.KS"": 12.64, ""XLU"": 10.0}"
IAU,gold,china_trade_fragmentation_shock,0.113012,PASS,PASS,10.0,10.0,,,,,1,single_asset_budget,"{""IAU"": 10.0}",single candidate allocation,0.241523,0.218911,-0.470443,-0.426617,-0.032992,-0.029922,0.28602,0.276325,1.060023,1.125226,-0.004119,-0.003752,0.149971,0.180056,0.412686,0.397828,0.453714,0.434918,0.872503,0.864862,9.362246,9.31599,9.307633,0.000366,-0.030085,0.014858,0.014858,0.065203,6.151098,-0.009696,-3.389816,0.018795,0.007641,1134612250656.9558,0.223318,0.43804,0.548301,0.430286,0.336785,0.0,0.552549,1.0,REFERENCE_ONLY,,IAU: 범용 방어 benchmark입니다,DQ WARN non-blocking - IAU: fx_missing_warn,,0.1,집중위험 완화 중 - 005930.KS 39.88% -> 35.89% (기준 20.0% 초과); 집중위험 완화 중 - NVDA 28.23% -> 25.41% (기준 20.0% 초과),0.9,0.535533,0.482984,0.583,0.5247,-0.052549,-0.0583,0.552549,0.052549,0.0,0.0,0.0,growth_beta|korea_domestic_credit|korea_equity|krw_exposure|usdkrw_fx_korea|semiconductor_ai_cycle,geopolitical_supply_chain|gold|inflation_energy_shock|precious_metal,Y,N,Y,D,scenario_vulnerability_reducer,benchmark_candidate,IAU: 범용 방어 benchmark입니다,"달러강세/원화약세장, 중국·무역분절 충격장, 장기금리 부담장 기준 취약도를 낮추는 후보입니다.",0.264507,"factor 집중 완화, 현재 장세 취약도 개선, Stress 방어 / 달러강세/원화약세장, 중국·무역분절 충격장, 장기금리 부담장 기준 취약도를 낮추는 후보입니다.","{""NVDA"": 25.4106, ""005930.KS"": 35.8918, ""035420.KS"": 16.0577, ""035720.KS"": 12.64, ""IAU"": 10.0}"
GLD,gold,china_trade_fragmentation_shock,0.112688,PASS,PASS,10.0,10.0,,,,,1,single_asset_budget,"{""GLD"": 10.0}",single candidate allocation,0.241523,0.218917,-0.470443,-0.426738,-0.032992,-0.029917,0.28602,0.276075,1.060023,1.124056,-0.004119,-0.003763,0.149971,0.179965,0.412686,0.397982,0.453714,0.435147,0.872503,0.864808,9.360012,9.290194,9.322539,0.000356,-0.029994,0.014704,0.014704,0.064033,6.040725,-0.009946,-3.477243,0.018567,0.007695,5833496547834.815,0.22373,0.437389,0.544966,0.429791,0.335422,2e-06,0.552531,1.0,REFERENCE_ONLY,,GLD: 범용 방어 benchmark입니다,DQ WARN non-blocking - GLD: fx_missing_warn,,0.1,집중위험 완화 중 - 005930.KS 39.88% -> 35.89% (기준 20.0% 초과); 집중위험 완화 중 - NVDA 28.23% -> 25.41% (기준 20.0% 초과),0.9,0.535533,0.483002,0.583,0.5247,-0.052531,-0.0583,0.552531,0.052531,0.0,0.0,0.0,growth_beta|korea_domestic_credit|korea_equity|krw_exposure|usdkrw_fx_korea|semiconductor_ai_cycle,geopolitical_supply_chain|gold|inflation_energy_shock|precious_metal,Y,N,Y,D,scenario_vulnerability_reducer,benchmark_candidate,GLD: 범용 방어 benchmark입니다,"달러강세/원화약세장, 중국·무역분절 충격장, 장기금리 부담장 기준 취약도를 낮추는 후보입니다.",0.263758,"factor 집중 완화, 현재 장세 취약도 개선, Stress 방어 / 달러강세/원화약세장, 중국·무역분절 충격장, 장기금리 부담장 기준 취약도를 낮추는 후보입니다.","{""NVDA"": 25.4106, ""005930.KS"": 35.8918, ""035420.KS"": 16.0577, ""035720.KS"": 12.64, ""GLD"": 10.0}"
261240.KS,kr_etf,usd_strength_krw_weakness,0.799416,PASS,PASS,20.0,20.0,,,,,1,single_asset_budget,"{""261240.KS"": 20.0}",single candidate allocation,0.241523,0.190731,-0.470443,-0.365549,-0.032992,-0.025274,0.28602,0.310533,1.060023,1.470831,-0.004119,-0.003701,0.149971,0.172113,0.412686,0.406108,0.453714,0.441289,0.872503,0.853852,21.029896,22.296942,23.394967,0.000418,-0.022142,0.006578,0.006578,0.410808,38.754628,0.024513,8.570409,0.012424,0.018651,1934901095.5,0.612628,0.765768,0.565309,0.403692,0.739326,0.0,0.558672,1.0,PASS_RECOMMEND,,,DQ WARN non-blocking - 261240.KS: calendar_coverage_warn,,0.1,집중위험 완화 중 - 005930.KS 39.88% -> 31.90% (기준 20.0% 초과); 집중위험 완화 중 - NVDA 28.23% -> 22.59% (기준 20.0% 초과),0.9,0.535533,0.476861,0.583,0.542905,-0.058672,-0.040095,0.558672,0.058672,0.0,0.0,1.0,growth_beta|korea_domestic_credit|korea_equity|krw_exposure|usdkrw_fx_korea|semiconductor_ai_cycle,korea_domestic_credit|krw_weakness|usd_hedge|usdkrw_fx_korea,N,N,N,C,scenario_vulnerability_reducer,hedge_candidate,261240.KS: 핵심 취약점 직접 완화 후보,"달러강세/원화약세장, 중국·무역분절 충격장, 장기금리 부담장 기준 취약도를 낮추는 후보입니다.",0.736239,"핵심 취약점 직접 완화, factor 집중 완화, MDD 개선 / 달러강세/원화약세장, 중국·무역분절 충격장, 장기금리 부담장 기준 취약도를 낮추는 후보입니다.","{""NVDA"": 22.5872, ""005930.KS"": 31.9039, ""035420.KS"": 14.2735, ""035720.KS"": 11.2355, ""261240.KS"": 20.0}"
FXY,fx_etf,usd_strength_krw_weakness,0.792893,PASS,PASS,20.0,20.0,,,,,1,single_asset_budget,"{""FXY"": 20.0}",single candidate allocation,0.241523,0.191581,-0.470443,-0.406338,-0.032992,-0.025973,0.28602,0.238343,1.060023,1.087494,-0.004119,-0.003263,0.149971,0.200291,0.412686,0.350662,0.453714,0.375336,0.872503,0.86052,20.678071,13.626563,21.274435,0.000856,-0.05032,0.062024,0.062024,0.027471,2.591547,-0.047677,-16.669145,0.078378,0.011983,16328772448.012259,0.554027,0.546868,0.709713,0.581762,0.292837,0.0,0.605144,1.0,REFERENCE_ONLY,,annual return drag soft warning,DQ WARN non-blocking - FXY: fx_missing_warn,,0.1,집중위험 완화 중 - 005930.KS 39.88% -> 31.90% (기준 20.0% 초과); 집중위험 완화 중 - NVDA 28.23% -> 22.59% (기준 20.0% 초과),0.9,0.535533,0.430389,0.583,0.4664,-0.105144,-0.1166,0.605144,0.105144,0.0,0.0,1.0,growth_beta|korea_domestic_credit|korea_equity|krw_exposure|usdkrw_fx_korea|semiconductor_ai_cycle,fx_hedge|usdkrw_fx_korea|yen,N,N,N,C,scenario_vulnerability_reducer,hedge_candidate,FXY: 핵심 취약점 직접 완화 후보,"달러강세/원화약세장, 중국·무역분절 충격장, 장기금리 부담장 기준 취약도를 낮추는 후보입니다.",0.729612,"핵심 취약점 직접 완화, factor 집중 완화, Stress 방어 / 달러강세/원화약세장, 중국·무역분절 충격장, 장기금리 부담장 기준 취약도를 낮추는 후보입니다.","{""NVDA"": 22.5872, ""005930.KS"": 31.9039, ""035420.KS"": 14.2735, ""035720.KS"": 11.2355, ""FXY"": 20.0}"
BTAL,equity_etf,metadata_direct_match,0.783996,FAIL,FAIL: Stress 개선 미달,20.0,20.0,,,,,1,single_asset_budget,"{""BTAL"": 20.0}",single candidate allocation,0.241523,0.180222,-0.470443,-0.347318,-0.032992,-0.023814,0.28602,0.271324,1.060023,1.339035,-0.004119,-0.004342,0.149971,0.139468,0.412686,0.335537,0.453714,0.405059,0.872503,0.843491,25.381033,26.172169,27.818616,-0.000223,0.010503,0.077149,0.077149,0.279012,26.321361,-0.014696,-5.138217,0.048655,0.029012,17558403987.19082,0.734878,0.863606,0.353856,0.630334,0.585818,0.0,0.569019,1.0,FAIL_GATE,Stress 개선 미달,annual return drag soft warning,DQ WARN non-blocking - BTAL: extreme_return_outlier_warn,,0.1,집중위험 완화 중 - 005930.KS 39.88% -> 31.90% (기준 20.0% 초과); 집중위험 완화 중 - NVDA 28.23% -> 22.59% (기준 20.0% 초과),0.9,0.535533,0.466514,0.583,0.486973,-0.069019,-0.096027,0.569019,0.069019,0.0,0.0,1.0,growth_beta|korea_domestic_credit|korea_equity|krw_exposure|usdkrw_fx_korea|semiconductor_ai_cycle,growth_beta_offset|low_beta|market_neutral|rate_shock_growth_duration|recession_liquidity_stress|semiconductor_ai_cycle,N,N,N,C,scenario_vulnerability_reducer,hedge_candidate,BTAL: 핵심 취약점 직접 완화 후보,"달러강세/원화약세장, 중국·무역분절 충격장, 장기금리 부담장 기준 취약도를 낮추는 후보입니다.",0.703209,"핵심 취약점 직접 완화, factor 집중 완화, MDD 개선 / 달러강세/원화약세장, 중국·무역분절 충격장, 장기금리 부담장 기준 취약도를 낮추는 후보입니다.","{""NVDA"": 22.5872, ""005930.KS"": 31.9039, ""035420.KS"": 14.2735, ""035720.KS"": 11.2355, ""BTAL"": 20.0}"
FXF,fx_etf,metadata_direct_match,0.776642,PASS,PASS,20.0,20.0,,,,,1,single_asset_budget,"{""FXF"": 20.0}",single candidate allocation,0.241523,0.194667,-0.470443,-0.384344,-0.032992,-0.026599,0.28602,0.244645,1.060023,1.102628,-0.004119,-0.003511,0.149971,0.200052,0.412686,0.372349,0.453714,0.401355,0.872503,0.863342,19.400408,18.301785,19.379845,0.000608,-0.050081,0.040337,0.040337,0.042605,4.019291,-0.041375,-14.465799,0.052358,0.009161,12866218139.350985,0.501669,0.664903,0.627922,0.512112,0.310465,0.0,0.600495,1.0,REFERENCE_ONLY,,annual return drag soft warning,DQ WARN non-blocking - FXF: fx_missing_warn,,0.1,집중위험 완화 중 - 005930.KS 39.88% -> 31.90% (기준 20.0% 초과); 집중위험 완화 중 - NVDA 28.23% -> 22.59% (기준 20.0% 초과),0.9,0.535533,0.435038,0.583,0.4664,-0.100495,-0.1166,0.600495,0.100495,0.0,0.0,1.0,growth_beta|korea_domestic_credit|korea_equity|krw_exposure|usdkrw_fx_korea|semiconductor_ai_cycle,fx_hedge|swiss_franc|usdkrw_fx_korea,N,N,N,C,scenario_vulnerability_reducer,hedge_candidate,FXF: 핵심 취약점 직접 완화 후보,"달러강세/원화약세장, 중국·무역분절 충격장, 장기금리 부담장 기준 취약도를 낮추는 후보입니다.",0.71887,"핵심 취약점 직접 완화, factor 집중 완화, MDD 개선 / 달러강세/원화약세장, 중국·무역분절 충격장, 장기금리 부담장 기준 취약도를 낮추는 후보입니다.","{""NVDA"": 22.5872, ""005930.KS"": 31.9039, ""035420.KS"": 14.2735, ""035720.KS"": 11.2355, ""FXF"": 20.0}"
FXE,fx_etf,usd_strength_krw_weakness,0.767326,PASS,PASS,20.0,20.0,,,,,1,single_asset_budget,"{""FXE"": 20.0}",single candidate allocation,0.241523,0.195477,-0.470443,-0.396546,-0.032992,-0.026799,0.28602,0.237583,1.060023,1.06193,-0.004119,-0.003452,0.149971,0.200268,0.412686,0.38817,0.453714,0.415865,0.872503,0.860433,19.064901,15.70795,18.773307,0.000667,-0.050297,0.024516,0.024516,0.001908,0.17996,-0.048437,-16.934854,0.037849,0.01207,36392128387.92442,0.484907,0.599417,0.647476,0.461301,0.263062,0.0,0.597625,1.0,REFERENCE_ONLY,,annual return drag soft warning,DQ WARN non-blocking - FXE: fx_missing_warn,,0.1,집중위험 완화 중 - 005930.KS 39.88% -> 31.90% (기준 20.0% 초과); 집중위험 완화 중 - NVDA 28.23% -> 22.59% (기준 20.0% 초과),0.9,0.535533,0.437908,0.583,0.4664,-0.097625,-0.1166,0.597625,0.097625,0.0,0.0,1.0,growth_beta|korea_domestic_credit|korea_equity|krw_exposure|usdkrw_fx_korea|semiconductor_ai_cycle,euro|fx_hedge|usdkrw_fx_korea,N,N,N,C,scenario_vulnerability_reducer,hedge_candidate,FXE: 핵심 취약점 직접 완화 후보,"달러강세/원화약세장, 중국·무역분절 충격장, 장기금리 부담장 기준 취약도를 낮추는 후보입니다.",0.71434,"핵심 취약점 직접 완화, factor 집중 완화, Stress 방어 / 달러강세/원화약세장, 중국·무역분절 충격장, 장기금리 부담장 기준 취약도를 낮추는 후보입니다.","{""NVDA"": 22.5872, ""005930.KS"": 31.9039, ""035420.KS"": 14.2735, ""035720.KS"": 11.2355, ""FXE"": 20.0}"
153130.KS,kr_etf,metadata_direct_match,0.746406,FAIL,FAIL: Stress 개선 미달,20.0,20.0,,,,,1,single_asset_budget,"{""153130.KS"": 20.0}",single candidate allocation,0.241523,0.18226,-0.470443,-0.389991,-0.032992,-0.024265,0.28602,0.264603,1.060023,1.287184,-0.004119,-0.004516,0.149971,0.150192,0.412686,0.365954,0.453714,0.444847,0.872503,0.872551,24.537161,17.101414,26.452692,-0.000397,-0.000222,0.046732,0.046732,0.227161,21.429809,-0.021418,-7.488169,0.008867,-4.8e-05,4021733917.271337,0.69713,0.634597,0.29643,0.53265,0.525424,0.0,0.541403,1.0,FAIL_GATE,Stress 개선 미달,annual return drag soft warning,DQ WARN non-blocking - 153130.KS: calendar_coverage_warn,,0.1,집중위험 완화 중 - 005930.KS 39.88% -> 31.90% (기준 20.0% 초과); 집중위험 완화 중 - NVDA 28.23% -> 22.59% (기준 20.0% 초과),0.9,0.535533,0.49413,0.583,0.550699,-0.041403,-0.0323,0.541403,0.041403,0.0,0.0,1.0,growth_beta|korea_domestic_credit|korea_equity|krw_exposure|usdkrw_fx_korea|semiconductor_ai_cycle,cash_like|korea_domestic_credit|kr_short_bond|rate_shock_growth_duration|usdkrw_fx_korea,Y,Y,Y,D,scenario_vulnerability_reducer,benchmark_candidate,153130.KS: 범용 방어 benchmark입니다,"달러강세/원화약세장, 중국·무역분절 충격장, 장기금리 부담장 기준 취약도를 낮추는 후보입니다.",0.666684,"핵심 취약점 직접 완화, factor 집중 완화, CVaR 개선 / 달러강세/원화약세장, 중국·무역분절 충격장, 장기금리 부담장 기준 취약도를 낮추는 후보입니다.","{""NVDA"": 22.5872, ""005930.KS"": 31.9039, ""035420.KS"": 14.2735, ""035720.KS"": 11.2355, ""153130.KS"": 20.0}"
132030.KS,kr_etf,metadata_direct_match,0.739351,PASS,PASS,20.0,20.0,,,,,1,single_asset_budget,"{""132030.KS"": 20.0}",single candidate allocation,0.241523,0.189038,-0.470443,-0.404638,-0.032992,-0.02508,0.28602,0.277396,1.060023,1.308711,-0.004119,-0.003754,0.149971,0.131964,0.412686,0.352581,0.453714,0.437122,0.872503,0.882243,21.731067,13.987931,23.982583,0.000365,0.018007,0.060105,0.060105,0.248688,23.460618,-0.008625,-3.015357,0.016591,-0.00974,5987808271.5,0.628868,0.555992,0.547776,0.575597,0.550498,0.0,0.552189,1.0,REFERENCE_ONLY,,132030.KS: 범용 방어 benchmark입니다,DQ WARN non-blocking - 132030.KS: calendar_coverage_warn,,0.1,집중위험 완화 중 - 005930.KS 39.88% -> 31.90% (기준 20.0% 초과); 집중위험 완화 중 - NVDA 28.23% -> 22.59% (기준 20.0% 초과),0.9,0.535533,0.483344,0.583,0.568257,-0.052189,-0.014743,0.552189,0.052189,0.0,0.0,1.0,growth_beta|korea_domestic_credit|korea_equity|krw_exposure|usdkrw_fx_korea|semiconductor_ai_cycle,geopolitical_supply_chain|gold|inflation_energy_shock|korea_domestic_credit|kr_listed|usdkrw_fx_korea,Y,N,Y,D,scenario_vulnerability_reducer,benchmark_candidate,132030.KS: 범용 방어 benchmark입니다,"달러강세/원화약세장, 중국·무역분절 충격장, 장기금리 부담장 기준 취약도를 낮추는 후보입니다.",0.709093,"핵심 취약점 직접 완화, factor 집중 완화, CVaR 개선 / 달러강세/원화약세장, 중국·무역분절 충격장, 장기금리 부담장 기준 취약도를 낮추는 후보입니다.","{""NVDA"": 22.5872, ""005930.KS"": 31.9039, ""035420.KS"": 14.2735, ""035720.KS"": 11.2355, ""132030.KS"": 20.0}"
SPLV,equity_etf,metadata_direct_match,0.699294,FAIL,FAIL: beta/corr 감소 미달; downside beta 증가 하드 게이트,20.0,20.0,,,,,1,single_asset_budget,"{""SPLV"": 20.0}",single candidate allocation,0.241523,0.19212,-0.470443,-0.391742,-0.032992,-0.02587,0.28602,0.28841,1.060023,1.345044,-0.004119,-0.004204,0.149971,0.207398,0.412686,0.514258,0.453714,0.601729,0.872503,0.857526,20.454843,16.729245,21.587335,-8.5e-05,-0.057427,-0.101572,-0.057427,0.285021,26.888205,0.00239,0.835517,-0.148015,0.014977,287491210110.17834,0.562674,0.625201,0.399503,0.198138,0.592816,0.0,0.536485,1.0,FAIL_GATE,beta/corr 감소 미달; downside beta 증가 하드 게이트,,,,0.0,집중위험 완화 중 - 005930.KS 39.88% -> 31.90% (기준 20.0% 초과); 집중위험 완화 중 - NVDA 28.23% -> 22.59% (기준 20.0% 초과),1.0,0.535533,0.499048,0.583,0.504126,-0.036485,-0.078873,0.536485,0.036485,0.0,0.0,1.0,growth_beta|korea_domestic_credit|korea_equity|krw_exposure|usdkrw_fx_korea|semiconductor_ai_cycle,defensive_equity|growth_beta_offset|low_volatility|rate_shock_growth_duration|recession_liquidity_stress|semiconductor_ai_cycle,N,N,N,C,scenario_vulnerability_reducer,hedge_candidate,SPLV: 핵심 취약점 직접 완화 후보,"달러강세/원화약세장, 중국·무역분절 충격장, 장기금리 부담장 기준 취약도를 낮추는 후보입니다.",0.713734,"핵심 취약점 직접 완화, factor 집중 완화, DQ confidence / 달러강세/원화약세장, 중국·무역분절 충격장, 장기금리 부담장 기준 취약도를 낮추는 후보입니다.","{""NVDA"": 22.5872, ""005930.KS"": 31.9039, ""035420.KS"": 14.2735, ""035720.KS"": 11.2355, ""SPLV"": 20.0}"
USMV,equity_etf,usd_strength_krw_weakness,0.69632,FAIL,FAIL: Stress 개선 미달; beta/corr 감소 미달; downside beta 증가 하드 게이트,20.0,20.0,,,,,1,single_asset_budget,"{""USMV"": 20.0}",single candidate allocation,0.241523,0.192165,-0.470443,-0.397625,-0.032992,-0.025859,0.28602,0.296533,1.060023,1.387002,-0.004119,-0.00492,0.149971,0.218084,0.412686,0.517989,0.453714,0.599115,0.872503,0.852041,20.436408,15.478553,21.621642,-0.000802,-0.068113,-0.105303,-0.068113,0.326979,30.846437,0.010513,3.675443,-0.145401,0.020462,334602387749.069,0.563622,0.593625,0.163008,0.16382,0.641687,0.0,0.535013,1.0,FAIL_GATE,Stress 개선 미달; beta/corr 감소 미달; downside beta 증가 하드 게이트,,,,0.0,집중위험 완화 중 - 005930.KS 39.88% -> 31.90% (기준 20.0% 초과); 집중위험 완화 중 - NVDA 28.23% -> 22.59% (기준 20.0% 초과),1.0,0.535533,0.50052,0.583,0.504767,-0.035013,-0.078233,0.535013,0.035013,0.0,0.0,1.0,growth_beta|korea_domestic_credit|korea_equity|krw_exposure|usdkrw_fx_korea|semiconductor_ai_cycle,defensive_equity|growth_beta_offset|low_volatility|rate_shock_growth_duration|recession_liquidity_stress|semiconductor_ai_cycle,N,N,N,C,scenario_vulnerability_reducer,hedge_candidate,USMV: 핵심 취약점 직접 완화 후보,"달러강세/원화약세장, 중국·무역분절 충격장, 장기금리 부담장 기준 취약도를 낮추는 후보입니다.",0.666132,"핵심 취약점 직접 완화, factor 집중 완화, DQ confidence / 달러강세/원화약세장, 중국·무역분절 충격장, 장기금리 부담장 기준 취약도를 낮추는 후보입니다.","{""NVDA"": 22.5872, ""005930.KS"": 31.9039, ""035420.KS"": 14.2735, ""035720.KS"": 11.2355, ""USMV"": 20.0}"
068270.KS,kr_stock,metadata_direct_match,0.695863,PASS,PASS,20.0,20.0,,,,,1,single_asset_budget,"{""068270.KS"": 20.0}",single candidate allocation,0.241523,0.234387,-0.470443,-0.451191,-0.032992,-0.032588,0.28602,0.29885,1.060023,1.147035,-0.004119,-0.003633,0.149971,0.089918,0.412686,0.321849,0.453714,0.362677,0.872503,0.894682,2.954715,4.092283,1.226774,0.000486,0.060052,0.090837,0.090837,0.087012,8.208525,0.01283,4.485651,0.091037,-0.022179,111929123781.6099,0.0,0.306158,0.587791,0.674295,0.362187,0.0,0.52805,0.0,REFERENCE_ONLY,,068270.KS: 장세 해석용 자산으로 기본 헤지 후보에서 제외,DQ WARN non-blocking - 068270.KS: calendar_coverage_warn,,0.1,집중위험 완화 중 - 005930.KS 39.88% -> 31.90% (기준 20.0% 초과); 집중위험 완화 중 - NVDA 28.23% -> 22.59% (기준 20.0% 초과),0.9,0.535533,0.507483,0.583,0.570844,-0.02805,-0.012155,0.52805,0.02805,0.0,0.056468,1.0,growth_beta|korea_domestic_credit|korea_equity|krw_exposure|usdkrw_fx_korea|semiconductor_ai_cycle,korea_domestic_credit|korea_equity|quality_growth|rate_shock_growth_duration|usdkrw_fx_korea,N,N,N,C,scenario_vulnerability_reducer,diagnostic_only,068270.KS: 장세 해석용 자산으로 기본 헤지 후보에서 제외,"달러강세/원화약세장, 중국·무역분절 충격장, 장기금리 부담장 기준 취약도를 낮추는 후보입니다.",0.613169,"핵심 취약점 직접 완화, Downside beta reduction, 노출(beta/corr) 감소 / 달러강세/원화약세장, 중국·무역분절 충격장, 장기금리 부담장 기준 취약도를 낮추는 후보입니다.","{""NVDA"": 22.5872, ""005930.KS"": 31.9039, ""035420.KS"": 14.2735, ""035720.KS"": 11.2355, ""068270.KS"": 20.0}"
017670.KS,kr_stock,metadata_direct_match,0.69483,PASS,PASS,20.0,20.0,,,,,1,single_asset_budget,"{""017670.KS"": 20.0}",single candidate allocation,0.241523,0.209129,-0.470443,-0.421063,-0.032992,-0.028573,0.28602,0.25963,1.060023,1.098027,-0.004119,-0.003726,0.149971,0.156613,0.412686,0.330071,0.453714,0.370297,0.872503,0.85229,13.41241,10.4966,13.394642,0.000392,-0.006642,0.082615,0.082615,0.038004,3.585228,-0.026391,-9.22686,0.083417,0.020213,116274081861.45076,0.336265,0.467846,0.556959,0.647888,0.305105,0.0,0.552531,0.0,REFERENCE_ONLY,,annual return drag soft warning; 017670.KS: 장세 해석용 자산으로 기본 헤지 후보에서 제외,DQ WARN non-blocking - 017670.KS: calendar_coverage_warn,,0.1,집중위험 완화 중 - 005930.KS 39.88% -> 31.90% (기준 20.0% 초과); 집중위험 완화 중 - NVDA 28.23% -> 22.59% (기준 20.0% 초과),0.9,0.535533,0.483002,0.583,0.567621,-0.052531,-0.015378,0.552531,0.052531,0.0,0.056468,1.0,growth_beta|korea_domestic_credit|korea_equity|krw_exposure|usdkrw_fx_korea|semiconductor_ai_cycle,defensive_equity|korea_domestic_credit|korea_equity|recession_liquidity_stress|usdkrw_fx_korea,N,N,N,C,scenario_vulnerability_reducer,diagnostic_only,017670.KS: 장세 해석용 자산으로 기본 헤지 후보에서 제외,"달러강세/원화약세장, 중국·무역분절 충격장, 장기금리 부담장 기준 취약도를 낮추는 후보입니다.",0.640927,"핵심 취약점 직접 완화, Downside beta reduction, 노출(beta/corr) 감소 / 달러강세/원화약세장, 중국·무역분절 충격장, 장기금리 부담장 기준 취약도를 낮추는 후보입니다.","{""NVDA"": 22.5872, ""005930.KS"": 31.9039, ""035420.KS"": 14.2735, ""035720.KS"": 11.2355, ""017670.KS"": 20.0}"
207940.KS,kr_stock,metadata_direct_match,0.692292,FAIL,FAIL: Stress 개선 미달,20.0,20.0,,,,,1,single_asset_budget,"{""207940.KS"": 20.0}",single candidate allocation,0.241523,0.225537,-0.470443,-0.398798,-0.032992,-0.030413,0.28602,0.36258,1.060023,1.474617,-0.004119,-0.004429,0.149971,0.11588,0.412686,0.39512,0.453714,0.430965,0.872503,0.88506,6.619094,15.229186,7.817208,-0.00031,0.034091,0.017566,0.034091,0.414595,39.111849,0.07656,26.767354,0.022749,-0.012557,81610677483.33333,0.18213,0.587329,0.325265,0.492053,0.743736,0.0,0.52795,0.0,FAIL_GATE,Stress 개선 미달,,,,0.0,집중위험 완화 중 - 005930.KS 39.88% -> 31.90% (기준 20.0% 초과); 집중위험 완화 중 - NVDA 28.23% -> 22.59% (기준 20.0% 초과),1.0,0.535533,0.507583,0.583,0.571983,-0.02795,-0.011017,0.52795,0.02795,0.0,0.056468,1.0,growth_beta|korea_domestic_credit|korea_equity|krw_exposure|usdkrw_fx_korea|semiconductor_ai_cycle,korea_domestic_credit|korea_equity|quality_growth|rate_shock_growth_duration|usdkrw_fx_korea,N,N,N,C,scenario_vulnerability_reducer,diagnostic_only,207940.KS: 장세 해석용 자산으로 기본 헤지 후보에서 제외,"달러강세/원화약세장, 중국·무역분절 충격장, 장기금리 부담장 기준 취약도를 낮추는 후보입니다.",0.645495,"핵심 취약점 직접 완화, DQ confidence, Sharpe 개선 / 달러강세/원화약세장, 중국·무역분절 충격장, 장기금리 부담장 기준 취약도를 낮추는 후보입니다.","{""NVDA"": 22.5872, ""005930.KS"": 31.9039, ""035420.KS"": 14.2735, ""035720.KS"": 11.2355, ""207940.KS"": 20.0}"
055550.KS,kr_stock,metadata_direct_match,0.691623,PASS,PASS,20.0,20.0,,,,,1,single_asset_budget,"{""055550.KS"": 20.0}",single candidate allocation,0.241523,0.222689,-0.470443,-0.462889,-0.032992,-0.030636,0.28602,0.2542,1.060023,1.006788,-0.004119,-0.004216,0.149971,0.109119,0.412686,0.328383,0.453714,0.3771,0.872503,0.882942,7.798323,1.605671,7.142569,-9.7e-05,0.040852,0.084303,0.084303,-0.053235,-5.022025,-0.03182,-11.125095,0.076614,-0.010439,128405150654.80463,0.163486,0.243378,0.395503,0.65331,0.198836,0.0,0.521055,0.0,REFERENCE_ONLY,,Sharpe soft warning; annual return drag soft warning; 055550.KS: 장세 해석용 자산으로 기본 헤지 후보에서 제외,DQ WARN non-blocking - 055550.KS: calendar_coverage_warn,,0.1,집중위험 완화 중 - 005930.KS 39.88% -> 31.90% (기준 20.0% 초과); 집중위험 완화 중 - NVDA 28.23% -> 22.59% (기준 20.0% 초과),0.9,0.535533,0.514479,0.583,0.575167,-0.021055,-0.007832,0.521055,0.021055,0.0,0.056468,1.0,growth_beta|korea_domestic_credit|korea_equity|krw_exposure|usdkrw_fx_korea|semiconductor_ai_cycle,credit_cycle|korea_domestic_credit|korea_financial|rate_shock_growth_duration|usdkrw_fx_korea,N,N,N,C,scenario_vulnerability_reducer,diagnostic_only,055550.KS: 장세 해석용 자산으로 기본 헤지 후보에서 제외,"달러강세/원화약세장, 중국·무역분절 충격장, 장기금리 부담장 기준 취약도를 낮추는 후보입니다.",0.572422,"핵심 취약점 직접 완화, Downside beta reduction, 노출(beta/corr) 감소 / 달러강세/원화약세장, 중국·무역분절 충격장, 장기금리 부담장 기준 취약도를 낮추는 후보입니다.","{""NVDA"": 22.5872, ""005930.KS"": 31.9039, ""035420.KS"": 14.2735, ""035720.KS"": 11.2355, ""055550.KS"": 20.0}"
011200.KS,kr_stock,metadata_direct_match,0.691136,FAIL,FAIL: Sharpe 악화 하드 게이트; 연환산 수익률 훼손 하드 게이트,20.0,20.0,,,,,1,single_asset_budget,"{""011200.KS"": 20.0}",single candidate allocation,0.241523,0.237541,-0.470443,-0.420575,-0.032992,-0.032126,0.28602,0.228602,1.060023,0.836076,-0.004119,-0.00332,0.149971,0.111686,0.412686,0.320771,0.453714,0.343679,0.872503,0.883796,1.648922,10.600152,2.625796,0.000799,0.038285,0.091915,0.091915,-0.223947,-21.126594,-0.057418,-20.074823,0.110034,-0.011293,31112268062.333332,0.038663,0.470461,0.691109,0.677756,0.0,0.0,0.552736,0.0,FAIL_GATE,Sharpe 악화 하드 게이트; 연환산 수익률 훼손 하드 게이트,,DQ WARN non-blocking - 011200.KS: calendar_coverage_warn,,0.1,집중위험 완화 중 - 005930.KS 39.88% -> 31.90% (기준 20.0% 초과); 집중위험 완화 중 - NVDA 28.23% -> 22.59% (기준 20.0% 초과),0.9,0.535533,0.482797,0.583,0.565829,-0.052736,-0.01717,0.552736,0.052736,0.0,0.056468,1.0,growth_beta|korea_domestic_credit|korea_equity|krw_exposure|usdkrw_fx_korea|semiconductor_ai_cycle,geopolitical_supply_chain|global_trade|inflation_energy_shock|korea_domestic_credit|shipping|usdkrw_fx_korea,N,N,N,C,scenario_vulnerability_reducer,diagnostic_only,011200.KS: 장세 해석용 자산으로 기본 헤지 후보에서 제외,"달러강세/원화약세장, 중국·무역분절 충격장, 장기금리 부담장 기준 취약도를 낮추는 후보입니다.",0.63451,"핵심 취약점 직접 완화, Downside beta reduction, Stress 방어 / 달러강세/원화약세장, 중국·무역분절 충격장, 장기금리 부담장 기준 취약도를 낮추는 후보입니다.","{""NVDA"": 22.5872, ""005930.KS"": 31.9039, ""035420.KS"": 14.2735, ""035720.KS"": 11.2355, ""011200.KS"": 20.0}"
005490.KS,kr_stock,metadata_direct_match,0.68897,FAIL,FAIL: Stress 개선 미달; Sharpe 악화 하드 게이트,20.0,20.0,,,,,1,single_asset_budget,"{""005490.KS"": 20.0}",single candidate allocation,0.241523,0.227696,-0.470443,-0.469337,-0.032992,-0.03139,0.28602,0.242083,1.060023,0.931427,-0.004119,-0.004288,0.149971,0.068409,0.412686,0.331569,0.453714,0.383371,0.872503,0.904737,5.724913,0.235136,4.85811,-0.000169,0.081561,0.081117,0.081561,-0.128596,-12.131415,-0.043938,-15.361752,0.070343,-0.032234,202782049162.8724,0.100354,0.208777,0.371674,0.644505,0.111059,0.0,0.540432,0.0,FAIL_GATE,Stress 개선 미달; Sharpe 악화 하드 게이트,annual return drag soft warning,DQ WARN non-blocking - 005490.KS: calendar_coverage_warn,,0.1,집중위험 완화 중 - 005930.KS 39.88% -> 31.90% (기준 20.0% 초과); 집중위험 완화 중 - NVDA 28.23% -> 22.59% (기준 20.0% 초과),0.9,0.535533,0.495101,0.583,0.579509,-0.040432,-0.00349,0.540432,0.040432,0.0,0.056468,1.0,growth_beta|korea_domestic_credit|korea_equity|krw_exposure|usdkrw_fx_korea|semiconductor_ai_cycle,geopolitical_supply_chain|inflation_energy_shock|korea_domestic_credit|korea_equity|materials_cycle|usdkrw_fx_korea,N,N,N,C,scenario_vulnerability_reducer,diagnostic_only,005490.KS: 장세 해석용 자산으로 기본 헤지 후보에서 제외,"달러강세/원화약세장, 중국·무역분절 충격장, 장기금리 부담장 기준 취약도를 낮추는 후보입니다.",0.558697,"핵심 취약점 직접 완화, Downside beta reduction, 노출(beta/corr) 감소 / 달러강세/원화약세장, 중국·무역분절 충격장, 장기금리 부담장 기준 취약도를 낮추는 후보입니다.","{""NVDA"": 22.5872, ""005930.KS"": 31.9039, ""035420.KS"": 14.2735, ""035720.KS"": 11.2355, ""005490.KS"": 20.0}"
114800.KS,kr_etf,metadata_direct_match,0.687518,FAIL,FAIL: 연환산 수익률 훼손 하드 게이트,20.0,20.0,,,,,1,single_asset_budget,"{""114800.KS"": 20.0}",single candidate allocation,0.241523,0.1575,-0.470443,-0.352153,-0.032992,-0.020649,0.28602,0.220613,1.060023,1.21024,-0.004119,-0.002383,0.149971,0.22196,0.412686,0.33983,0.453714,0.393812,0.872503,0.755403,34.789003,25.144333,37.412152,0.001735,-0.071989,0.072856,0.072856,0.150217,14.171127,-0.065408,-22.868213,0.059901,0.1171,593222364572.8167,1.0,0.837656,1.0,0.616547,0.435805,0.0,0.52592,1.0,FAIL_GATE,연환산 수익률 훼손 하드 게이트,,DQ WARN non-blocking - 114800.KS: calendar_coverage_warn,,0.1,집중위험 완화 중 - 005930.KS 39.88% -> 31.90% (기준 20.0% 초과); 집중위험 완화 중 - NVDA 28.23% -> 22.59% (기준 20.0% 초과),0.9,0.535533,0.509613,0.583,0.558563,-0.02592,-0.024436,0.52592,0.02592,0.0,0.0,1.0,growth_beta|korea_domestic_credit|korea_equity|krw_exposure|usdkrw_fx_korea|semiconductor_ai_cycle,inverse_korea|korea_beta_offset|korea_domestic_credit|rate_shock_growth_duration|recession_liquidity_stress|semiconductor_ai_cycle|usdkrw_fx_korea,N,N,N,C,scenario_vulnerability_reducer,research_only,114800.KS: 리서치 전용 후보,"달러강세/원화약세장, 중국·무역분절 충격장, 장기금리 부담장 기준 취약도를 낮추는 후보입니다.",0.83657,"핵심 취약점 직접 완화, CVaR 개선, Stress 방어 / 달러강세/원화약세장, 중국·무역분절 충격장, 장기금리 부담장 기준 취약도를 낮추는 후보입니다.","{""NVDA"": 22.5872, ""005930.KS"": 31.9039, ""035420.KS"": 14.2735, ""035720.KS"": 11.2355, ""114800.KS"": 20.0}"
105560.KS,kr_stock,metadata_direct_match,0.686297,FAIL,FAIL: MDD 개선 미달; Stress 개선 미달,20.0,20.0,,,,,1,single_asset_budget,"{""105560.KS"": 20.0}",single candidate allocation,0.241523,0.223771,-0.470443,-0.50824,-0.032992,-0.030571,0.28602,0.252846,1.060023,0.995868,-0.004119,-0.00446,0.149971,0.11533,0.412686,0.331097,0.453714,0.384736,0.872503,0.879286,7.350306,-8.034272,7.33777,-0.000341,0.03464,0.081589,0.081589,-0.064155,-6.052201,-0.033174,-11.598553,0.068978,-0.006783,184587524517.78204,0.16888,0.0,0.315017,0.644595,0.186117,0.0,0.516515,0.0,FAIL_GATE,MDD 개선 미달; Stress 개선 미달,Sharpe soft warning; annual return drag soft warning,DQ WARN non-blocking - 105560.KS: calendar_coverage_warn,,0.1,집중위험 완화 중 - 005930.KS 39.88% -> 31.90% (기준 20.0% 초과); 집중위험 완화 중 - NVDA 28.23% -> 22.59% (기준 20.0% 초과),0.9,0.535533,0.519018,0.583,0.580309,-0.016515,-0.002691,0.516515,0.016515,0.0,0.056468,1.0,growth_beta|korea_domestic_credit|korea_equity|krw_exposure|usdkrw_fx_korea|semiconductor_ai_cycle,credit_cycle|korea_domestic_credit|korea_financial|rate_shock_growth_duration|usdkrw_fx_korea,N,N,N,C,scenario_vulnerability_reducer,diagnostic_only,105560.KS: 장세 해석용 자산으로 기본 헤지 후보에서 제외,"달러강세/원화약세장, 중국·무역분절 충격장, 장기금리 부담장 기준 취약도를 낮추는 후보입니다.",0.537551,"핵심 취약점 직접 완화, 노출(beta/corr) 감소, Downside beta reduction / 달러강세/원화약세장, 중국·무역분절 충격장, 장기금리 부담장 기준 취약도를 낮추는 후보입니다.","{""NVDA"": 22.5872, ""005930.KS"": 31.9039, ""035420.KS"": 14.2735, ""035720.KS"": 11.2355, ""105560.KS"": 20.0}"
032830.KS,kr_stock,metadata_direct_match,0.684501,FAIL,FAIL: Stress 개선 미달; active adverse scenario 민감도 증가,20.0,20.0,,,,,1,single_asset_budget,"{""032830.KS"": 20.0}",single candidate allocation,0.241523,0.206894,-0.470443,-0.385367,-0.032992,-0.027288,0.28602,0.286009,1.060023,1.237389,-0.004119,-0.004757,0.149971,0.089167,0.412686,0.355036,0.453714,0.467946,0.872503,0.878833,14.337813,18.084335,17.289017,-0.000638,0.060803,0.05765,0.060803,0.177366,16.732322,-1.2e-05,-0.004064,-0.014232,-0.006329,123218727608.33333,0.443888,0.659413,0.216845,0.57784,0.467426,0.0,0.515666,0.0,FAIL_GATE,Stress 개선 미달; active adverse scenario 민감도 증가,,DQ WARN non-blocking - 032830.KS: calendar_coverage_warn,,0.1,집중위험 완화 중 - 005930.KS 39.88% -> 31.90% (기준 20.0% 초과); 집중위험 완화 중 - NVDA 28.23% -> 22.59% (기준 20.0% 초과),0.9,0.535533,0.519867,0.583,0.586548,-0.015666,0.003549,0.515666,0.015666,0.003549,0.056468,1.0,growth_beta|korea_domestic_credit|korea_equity|krw_exposure|usdkrw_fx_korea|semiconductor_ai_cycle,insurance|korea_domestic_credit|korea_financial|rate_shock_growth_duration|usdkrw_fx_korea,N,N,N,C,adverse_scenario_sensitive,diagnostic_only,032830.KS: 장세 해석용 자산으로 기본 헤지 후보에서 제외,"달러강세/원화약세장, 중국·무역분절 충격장, 장기금리 부담장 기준 취약도를 늘릴 수 있어 감점됩니다.",0.598703,"핵심 취약점 직접 완화, MDD 개선, 노출(beta/corr) 감소 / 달러강세/원화약세장, 중국·무역분절 충격장, 장기금리 부담장 기준 취약도를 늘릴 수 있어 감점됩니다.","{""NVDA"": 22.5872, ""005930.KS"": 31.9039, ""035420.KS"": 14.2735, ""035720.KS"": 11.2355, ""032830.KS"": 20.0}"
SH,inverse_etf,metadata_direct_match,0.647489,FAIL,FAIL: 연환산 수익률 훼손 하드 게이트,20.0,20.0,,,,,1,single_asset_budget,"{""SH"": 20.0}",single candidate allocation,0.241523,0.181828,-0.470443,-0.342047,-0.032992,-0.024167,0.28602,0.215696,1.060023,1.021277,-0.004119,-0.003006,0.149971,0.132042,0.412686,0.22734,0.453714,0.243232,0.872503,0.862958,24.716314,27.292671,26.751236,0.001113,0.017929,0.185346,0.185346,-0.038746,-3.65516,-0.070324,-24.586993,0.210481,0.009545,605942164162.4667,0.705381,0.891895,0.79451,0.977815,0.215712,0.0,0.569841,1.0,FAIL_GATE,연환산 수익률 훼손 하드 게이트,,DQ WARN non-blocking - SH: fx_missing_warn,,0.1,집중위험 완화 중 - 005930.KS 39.88% -> 31.90% (기준 20.0% 초과); 집중위험 완화 중 - NVDA 28.23% -> 22.59% (기준 20.0% 초과),0.9,0.535533,0.465692,0.583,0.485447,-0.069841,-0.097552,0.569841,0.069841,0.0,0.0,1.0,growth_beta|korea_domestic_credit|korea_equity|krw_exposure|usdkrw_fx_korea|semiconductor_ai_cycle,inverse_equity|rate_shock_growth_duration|recession_liquidity_stress|semiconductor_ai_cycle|tail_hedge,N,N,N,C,scenario_vulnerability_reducer,research_only,SH: 리서치 전용 후보,"달러강세/원화약세장, 중국·무역분절 충격장, 장기금리 부담장 기준 취약도를 낮추는 후보입니다.",0.775776,"핵심 취약점 직접 완화, factor 집중 완화, Downside beta reduction / 달러강세/원화약세장, 중국·무역분절 충격장, 장기금리 부담장 기준 취약도를 낮추는 후보입니다.","{""NVDA"": 22.5872, ""005930.KS"": 31.9039, ""035420.KS"": 14.2735, ""035720.KS"": 11.2355, ""SH"": 20.0}"
PSQ,inverse_etf,metadata_direct_match,0.645652,FAIL,FAIL: 연환산 수익률 훼손 하드 게이트,20.0,20.0,,,,,1,single_asset_budget,"{""PSQ"": 20.0}",single candidate allocation,0.241523,0.178814,-0.470443,-0.321903,-0.032992,-0.023828,0.28602,0.203624,1.060023,0.970973,-0.004119,-0.003043,0.149971,0.117252,0.412686,0.220432,0.453714,0.244372,0.872503,0.861561,25.963899,31.5746,27.777184,0.001076,0.032719,0.192254,0.192254,-0.089049,-8.400703,-0.082396,-28.807805,0.209342,0.010942,414894808390.2252,0.733733,1.0,0.782465,1.0,0.157121,0.0,0.569678,1.0,FAIL_GATE,연환산 수익률 훼손 하드 게이트,Sharpe soft warning,DQ WARN non-blocking - PSQ: fx_missing_warn,,0.1,집중위험 완화 중 - 005930.KS 39.88% -> 31.90% (기준 20.0% 초과); 집중위험 완화 중 - NVDA 28.23% -> 22.59% (기준 20.0% 초과),0.9,0.535533,0.465855,0.583,0.48575,-0.069678,-0.09725,0.569678,0.069678,0.0,0.0,1.0,growth_beta|korea_domestic_credit|korea_equity|krw_exposure|usdkrw_fx_korea|semiconductor_ai_cycle,growth_beta_offset|inverse_nasdaq|rate_shock_growth_duration|recession_liquidity_stress|semiconductor_ai_cycle,N,N,N,C,scenario_vulnerability_reducer,research_only,PSQ: 리서치 전용 후보,"달러강세/원화약세장, 중국·무역분절 충격장, 장기금리 부담장 기준 취약도를 낮추는 후보입니다.",0.780752,"핵심 취약점 직접 완화, MDD 개선, 노출(beta/corr) 감소 / 달러강세/원화약세장, 중국·무역분절 충격장, 장기금리 부담장 기준 취약도를 낮추는 후보입니다.","{""NVDA"": 22.5872, ""005930.KS"": 31.9039, ""035420.KS"": 14.2735, ""035720.KS"": 11.2355, ""PSQ"": 20.0}"
BTC-USD,crypto,metadata_direct_match,0.631226,FAIL,FAIL: MDD 개선 미달; beta/corr 감소 미달; downside beta 증가 하드 게이트,20.0,20.0,,,,,1,single_asset_budget,"{""BTC-USD"": 20.0}",single candidate allocation,0.241523,0.232657,-0.470443,-0.49085,-0.032992,-0.03157,0.28602,0.424268,1.060023,1.694635,-0.004119,-0.003401,0.149971,0.160514,0.412686,0.546287,0.453714,0.639536,0.872503,0.850744,3.671165,-4.337866,4.310704,0.000718,-0.010544,-0.133601,-0.010544,0.634612,59.867793,0.138248,48.334975,-0.185822,0.021759,3.8844455092281856e+18,0.085226,0.093323,0.66433,0.348706,1.0,1.0,0.59094,1.0,FAIL_GATE,MDD 개선 미달; beta/corr 감소 미달; downside beta 증가 하드 게이트,,,,0.0,집중위험 완화 중 - 005930.KS 39.88% -> 31.90% (기준 20.0% 초과); 집중위험 완화 중 - NVDA 28.23% -> 22.59% (기준 20.0% 초과),1.0,0.535533,0.444593,0.583,0.4664,-0.09094,-0.1166,0.59094,0.09094,0.0,0.0,1.0,growth_beta|korea_domestic_credit|korea_equity|krw_exposure|usdkrw_fx_korea|semiconductor_ai_cycle,crypto|high_beta|recession_liquidity_stress|usdkrw_fx_korea,N,N,N,C,scenario_vulnerability_reducer,conditional_candidate,BTC-USD: 위험자산 성격이 강해 all 모드에서만 비교합니다,"달러강세/원화약세장, 중국·무역분절 충격장, 장기금리 부담장 기준 취약도를 낮추는 후보입니다.",0.755351,"핵심 취약점 직접 완화, Sharpe 개선, 유동성 양호 / 달러강세/원화약세장, 중국·무역분절 충격장, 장기금리 부담장 기준 취약도를 낮추는 후보입니다.","{""NVDA"": 22.5872, ""005930.KS"": 31.9039, ""035420.KS"": 14.2735, ""035720.KS"": 11.2355, ""BTC-USD"": 20.0}"
EWJ,equity_etf,metadata_direct_match,0.630915,FAIL,FAIL: beta/corr 감소 미달; downside beta 증가 하드 게이트,20.0,20.0,,,,,1,single_asset_budget,"{""EWJ"": 20.0}",single candidate allocation,0.241523,0.21059,-0.470443,-0.421448,-0.032992,-0.029166,0.28602,0.247563,1.060023,1.033109,-0.004119,-0.003475,0.149971,0.252451,0.412686,0.492596,0.453714,0.524565,0.872503,0.854976,12.807442,10.41467,11.599246,0.000644,-0.10248,-0.07991,-0.07991,-0.026913,-2.538938,-0.038457,-13.445668,-0.070851,0.017527,963459347407.94,0.286648,0.465778,0.639803,0.125933,0.229493,0.0,0.576216,1.0,FAIL_GATE,beta/corr 감소 미달; downside beta 증가 하드 게이트,annual return drag soft warning,DQ WARN non-blocking - EWJ: fx_missing_warn,,0.1,집중위험 완화 중 - 005930.KS 39.88% -> 31.90% (기준 20.0% 초과); 집중위험 완화 중 - NVDA 28.23% -> 22.59% (기준 20.0% 초과),0.9,0.535533,0.459317,0.583,0.4739,-0.076216,-0.109099,0.576216,0.076216,0.0,0.0,1.0,growth_beta|korea_domestic_credit|korea_equity|krw_exposure|usdkrw_fx_korea|semiconductor_ai_cycle,geopolitical_supply_chain|japan_equity|usdkrw_fx_korea|yen_proxy,N,N,N,C,scenario_vulnerability_reducer,conditional_candidate,EWJ: 취약점 보완 근거가 있을 때만 검토 후보,"달러강세/원화약세장, 중국·무역분절 충격장, 장기금리 부담장 기준 취약도를 낮추는 후보입니다.",0.686063,"핵심 취약점 직접 완화, factor 집중 완화, Stress 방어 / 달러강세/원화약세장, 중국·무역분절 충격장, 장기금리 부담장 기준 취약도를 낮추는 후보입니다.","{""NVDA"": 22.5872, ""005930.KS"": 31.9039, ""035420.KS"": 14.2735, ""035720.KS"": 11.2355, ""EWJ"": 20.0}"
INDA,equity_etf,metadata_direct_match,0.626674,FAIL,FAIL: Stress 개선 미달; beta/corr 감소 미달; downside beta 증가 하드 게이트,20.0,20.0,,,,,1,single_asset_budget,"{""INDA"": 20.0}",single candidate allocation,0.241523,0.19867,-0.470443,-0.397892,-0.032992,-0.026857,0.28602,0.282383,1.060023,1.270362,-0.004119,-0.005047,0.149971,0.161359,0.412686,0.529403,0.453714,0.618715,0.872503,0.858863,17.742928,15.42193,18.596083,-0.000928,-0.011388,-0.116717,-0.011388,0.210339,19.842851,-0.003637,-1.271757,-0.165001,0.01364,577762769162.2196,0.480009,0.592196,0.121334,0.345993,0.505831,0.0,0.573991,1.0,FAIL_GATE,Stress 개선 미달; beta/corr 감소 미달; downside beta 증가 하드 게이트,,,,0.0,집중위험 완화 중 - 005930.KS 39.88% -> 31.90% (기준 20.0% 초과); 집중위험 완화 중 - NVDA 28.23% -> 22.59% (기준 20.0% 초과),1.0,0.535533,0.461542,0.583,0.476047,-0.073991,-0.106953,0.573991,0.073991,0.0,0.0,1.0,growth_beta|korea_domestic_credit|korea_equity|krw_exposure|usdkrw_fx_korea|semiconductor_ai_cycle,geopolitical_supply_chain|global_beta|india_equity|usdkrw_fx_korea,N,N,N,C,scenario_vulnerability_reducer,conditional_candidate,INDA: 취약점 보완 근거가 있을 때만 검토 후보,"달러강세/원화약세장, 중국·무역분절 충격장, 장기금리 부담장 기준 취약도를 낮추는 후보입니다.",0.650317,"핵심 취약점 직접 완화, factor 집중 완화, DQ confidence / 달러강세/원화약세장, 중국·무역분절 충격장, 장기금리 부담장 기준 취약도를 낮추는 후보입니다.","{""NVDA"": 22.5872, ""005930.KS"": 31.9039, ""035420.KS"": 14.2735, ""035720.KS"": 11.2355, ""INDA"": 20.0}"
VXUS,equity_etf,metadata_direct_match,0.585486,FAIL,FAIL: beta/corr 감소 미달; downside beta 증가 하드 게이트,20.0,20.0,,,,,1,single_asset_budget,"{""VXUS"": 20.0}",single candidate allocation,0.241523,0.199668,-0.470443,-0.419108,-0.032992,-0.027148,0.28602,0.271458,1.060023,1.2093,-0.004119,-0.004183,0.149971,0.255132,0.412686,0.536332,0.453714,0.628171,0.872503,0.851624,17.329829,10.912053,17.713333,-6.4e-05,-0.105161,-0.123646,-0.105161,0.149277,14.082411,-0.014562,-5.091287,-0.174457,0.020879,804299938461.0131,0.455614,0.478335,0.406299,0.044838,0.434709,0.0,0.572973,1.0,FAIL_GATE,beta/corr 감소 미달; downside beta 증가 하드 게이트,annual return drag soft warning,,,0.0,집중위험 완화 중 - 005930.KS 39.88% -> 31.90% (기준 20.0% 초과); 집중위험 완화 중 - NVDA 28.23% -> 22.59% (기준 20.0% 초과),1.0,0.535533,0.46256,0.583,0.475394,-0.072973,-0.107606,0.572973,0.072973,0.0,0.0,1.0,growth_beta|korea_domestic_credit|korea_equity|krw_exposure|usdkrw_fx_korea|semiconductor_ai_cycle,geopolitical_supply_chain|global_equity|usd_exposure|usdkrw_fx_korea,N,N,N,C,scenario_vulnerability_reducer,diagnostic_only,VXUS: 장세 해석용 자산으로 기본 헤지 후보에서 제외,"달러강세/원화약세장, 중국·무역분절 충격장, 장기금리 부담장 기준 취약도를 낮추는 후보입니다.",0.693824,"핵심 취약점 직접 완화, factor 집중 완화, DQ confidence / 달러강세/원화약세장, 중국·무역분절 충격장, 장기금리 부담장 기준 취약도를 낮추는 후보입니다.","{""NVDA"": 22.5872, ""005930.KS"": 31.9039, ""035420.KS"": 14.2735, ""035720.KS"": 11.2355, ""VXUS"": 20.0}"
NFLX,us_stock,,0.577681,FAIL,FAIL: MDD 개선 미달; beta/corr 감소 미달; downside beta 증가 하드 게이트,20.0,20.0,,,,,1,single_asset_budget,"{""NFLX"": 20.0}",single candidate allocation,0.241523,0.233288,-0.470443,-0.4926,-0.032992,-0.032253,0.28602,0.31342,1.060023,1.214897,-0.004119,-0.002971,0.149971,0.188781,0.412686,0.526289,0.453714,0.551592,0.872503,0.84237,3.409928,-4.709735,2.239824,0.001148,-0.038811,-0.113603,-0.038811,0.154874,14.610468,0.0274,9.579791,-0.097878,0.030133,5216576911503.606,0.027996,0.083934,0.806269,0.257926,0.441229,1e-06,0.560949,1.0,FAIL_GATE,MDD 개선 미달; beta/corr 감소 미달; downside beta 증가 하드 게이트,,DQ WARN non-blocking - NFLX: extreme_return_outlier_warn|fx_missing_warn,,0.1,집중위험 완화 중 - 005930.KS 39.88% -> 31.90% (기준 20.0% 초과); 집중위험 완화 중 - NVDA 28.23% -> 22.59% (기준 20.0% 초과),0.9,0.535533,0.474584,0.583,0.470851,-0.060949,-0.112148,0.560949,0.060949,0.0,0.0,1.0,growth_beta|korea_domestic_credit|korea_equity|krw_exposure|usdkrw_fx_korea|semiconductor_ai_cycle,consumer_cycle|growth_beta|rate_shock_growth_duration|recession_liquidity_stress|usd_exposure,N,N,N,C,scenario_vulnerability_reducer,diagnostic_only,NFLX: 장세 해석용 자산으로 기본 헤지 후보에서 제외,"달러강세/원화약세장, 중국·무역분절 충격장, 장기금리 부담장 기준 취약도를 낮추는 후보입니다.",0.682548,"핵심 취약점 직접 완화, factor 집중 완화, Stress 방어 / 달러강세/원화약세장, 중국·무역분절 충격장, 장기금리 부담장 기준 취약도를 낮추는 후보입니다.","{""NVDA"": 22.5872, ""005930.KS"": 31.9039, ""035420.KS"": 14.2735, ""035720.KS"": 11.2355, ""NFLX"": 20.0}"
EFA,equity_etf,metadata_direct_match,0.577332,FAIL,FAIL: beta/corr 감소 미달; downside beta 증가 하드 게이트,20.0,20.0,,,,,1,single_asset_budget,"{""EFA"": 20.0}",single candidate allocation,0.241523,0.212159,-0.470443,-0.433145,-0.032992,-0.02952,0.28602,0.250039,1.060023,1.037145,-0.004119,-0.003608,0.149971,0.249647,0.412686,0.517709,0.453714,0.556396,0.872503,0.852724,12.158099,7.928236,10.52366,0.000511,-0.099676,-0.105023,-0.099676,-0.022878,-2.158218,-0.035981,-12.579835,-0.102682,0.019779,2612824970199.127,0.256924,0.403003,0.59593,0.062452,0.234194,1e-06,0.56908,1.0,FAIL_GATE,beta/corr 감소 미달; downside beta 증가 하드 게이트,annual return drag soft warning,DQ WARN non-blocking - EFA: fx_missing_warn,,0.1,집중위험 완화 중 - 005930.KS 39.88% -> 31.90% (기준 20.0% 초과); 집중위험 완화 중 - NVDA 28.23% -> 22.59% (기준 20.0% 초과),0.9,0.535533,0.466453,0.583,0.477393,-0.06908,-0.105606,0.56908,0.06908,0.0,0.0,1.0,growth_beta|korea_domestic_credit|korea_equity|krw_exposure|usdkrw_fx_korea|semiconductor_ai_cycle,developed_ex_us|geopolitical_supply_chain|usd_exposure|usdkrw_fx_korea,N,N,N,C,scenario_vulnerability_reducer,diagnostic_only,EFA: 장세 해석용 자산으로 기본 헤지 후보에서 제외,"달러강세/원화약세장, 중국·무역분절 충격장, 장기금리 부담장 기준 취약도를 낮추는 후보입니다.",0.670036,"핵심 취약점 직접 완화, factor 집중 완화, Stress 방어 / 달러강세/원화약세장, 중국·무역분절 충격장, 장기금리 부담장 기준 취약도를 낮추는 후보입니다.","{""NVDA"": 22.5872, ""005930.KS"": 31.9039, ""035420.KS"": 14.2735, ""035720.KS"": 11.2355, ""EFA"": 20.0}"
FXI,equity_etf,china_trade_fragmentation_shock,0.574854,FAIL,FAIL: beta/corr 감소 미달; downside beta 증가 하드 게이트,20.0,20.0,,,,,1,single_asset_budget,"{""FXI"": 20.0}",single candidate allocation,0.241523,0.224366,-0.470443,-0.444236,-0.032992,-0.030947,0.28602,0.245007,1.060023,0.95829,-0.004119,-0.003262,0.149971,0.240168,0.412686,0.532022,0.453714,0.553594,0.872503,0.846906,7.104005,5.570793,6.200086,0.000857,-0.090197,-0.119336,-0.090197,-0.101733,-9.597257,-0.041013,-14.339227,-0.09988,0.025597,1605805685379.7031,0.13744,0.343485,0.710202,0.092895,0.142347,0.0,0.569391,1.0,FAIL_GATE,beta/corr 감소 미달; downside beta 증가 하드 게이트,Sharpe soft warning; annual return drag soft warning,DQ WARN non-blocking - FXI: fx_missing_warn,,0.1,집중위험 완화 중 - 005930.KS 39.88% -> 31.90% (기준 20.0% 초과); 집중위험 완화 중 - NVDA 28.23% -> 22.59% (기준 20.0% 초과),0.9,0.535533,0.466142,0.583,0.475018,-0.069391,-0.107982,0.569391,0.069391,0.0,0.0,1.0,growth_beta|korea_domestic_credit|korea_equity|krw_exposure|usdkrw_fx_korea|semiconductor_ai_cycle,china_equity|geopolitical_supply_chain|global_trade|usdkrw_fx_korea,N,N,N,C,scenario_vulnerability_reducer,diagnostic_only,FXI: 장세 해석용 자산으로 기본 헤지 후보에서 제외,"달러강세/원화약세장, 중국·무역분절 충격장, 장기금리 부담장 기준 취약도를 낮추는 후보입니다.",0.67663,"핵심 취약점 직접 완화, factor 집중 완화, Stress 방어 / 달러강세/원화약세장, 중국·무역분절 충격장, 장기금리 부담장 기준 취약도를 낮추는 후보입니다.","{""NVDA"": 22.5872, ""005930.KS"": 31.9039, ""035420.KS"": 14.2735, ""035720.KS"": 11.2355, ""FXI"": 20.0}"
ORCL,us_stock,,0.573109,FAIL,FAIL: beta/corr 감소 미달; downside beta 증가 하드 게이트,20.0,20.0,,,,,1,single_asset_budget,"{""ORCL"": 20.0}",single candidate allocation,0.241523,0.220182,-0.470443,-0.434903,-0.032992,-0.029961,0.28602,0.277266,1.060023,1.123006,-0.004119,-0.003523,0.149971,0.273923,0.412686,0.531809,0.453714,0.546671,0.872503,0.788935,8.836131,7.554647,9.189315,0.000596,-0.123952,-0.119123,-0.119123,0.062983,5.941691,-0.008754,-3.060797,-0.092958,0.083568,6990032827773.433,0.220049,0.393571,0.623965,0.0,0.3342,2e-06,0.551257,1.0,FAIL_GATE,beta/corr 감소 미달; downside beta 증가 하드 게이트,,DQ WARN non-blocking - ORCL: fx_missing_warn,,0.1,집중위험 완화 중 - 005930.KS 39.88% -> 31.90% (기준 20.0% 초과); 집중위험 완화 중 - NVDA 28.23% -> 22.59% (기준 20.0% 초과),0.9,0.535533,0.484276,0.583,0.477869,-0.051257,-0.105131,0.551257,0.051257,0.0,0.0,1.0,growth_beta|korea_domestic_credit|korea_equity|krw_exposure|usdkrw_fx_korea|semiconductor_ai_cycle,growth_beta|quality_growth|rate_shock_growth_duration|recession_liquidity_stress|software|usd_exposure,N,N,N,C,scenario_vulnerability_reducer,diagnostic_only,ORCL: 장세 해석용 자산으로 기본 헤지 후보에서 제외,"달러강세/원화약세장, 중국·무역분절 충격장, 장기금리 부담장 기준 취약도를 낮추는 후보입니다.",0.675973,"핵심 취약점 직접 완화, factor 집중 완화, Stress 방어 / 달러강세/원화약세장, 중국·무역분절 충격장, 장기금리 부담장 기준 취약도를 낮추는 후보입니다.","{""NVDA"": 22.5872, ""005930.KS"": 31.9039, ""035420.KS"": 14.2735, ""035720.KS"": 11.2355, ""ORCL"": 20.0}"
GOOGL,us_stock,,0.570796,FAIL,FAIL: beta/corr 감소 미달; downside beta 증가 하드 게이트,20.0,20.0,,,,,1,single_asset_budget,"{""GOOGL"": 20.0}",single candidate allocation,0.241523,0.219308,-0.470443,-0.4462,-0.032992,-0.030411,0.28602,0.28467,1.060023,1.161245,-0.004119,-0.003975,0.149971,0.253529,0.412686,0.534595,0.453714,0.560792,0.872503,0.854731,9.198054,5.153286,7.824607,0.000144,-0.103558,-0.121909,-0.103558,0.101222,9.549066,-0.00135,-0.472008,-0.107079,0.017773,14975671783875.78,0.182334,0.332945,0.474998,0.049985,0.378738,4e-06,0.543725,1.0,FAIL_GATE,beta/corr 감소 미달; downside beta 증가 하드 게이트,,DQ WARN non-blocking - GOOGL: fx_missing_warn,,0.1,집중위험 완화 중 - 005930.KS 39.88% -> 31.90% (기준 20.0% 초과); 집중위험 완화 중 - NVDA 28.23% -> 22.59% (기준 20.0% 초과),0.9,0.535533,0.491809,0.583,0.483211,-0.043725,-0.099789,0.543725,0.043725,0.0,0.0,1.0,growth_beta|korea_domestic_credit|korea_equity|krw_exposure|usdkrw_fx_korea|semiconductor_ai_cycle,growth_beta|platform|rate_shock_growth_duration|recession_liquidity_stress|usd_exposure,N,N,N,C,scenario_vulnerability_reducer,diagnostic_only,GOOGL: 장세 해석용 자산으로 기본 헤지 후보에서 제외,"달러강세/원화약세장, 중국·무역분절 충격장, 장기금리 부담장 기준 취약도를 낮추는 후보입니다.",0.640003,"핵심 취약점 직접 완화, factor 집중 완화, 현재 장세 취약도 개선 / 달러강세/원화약세장, 중국·무역분절 충격장, 장기금리 부담장 기준 취약도를 낮추는 후보입니다.","{""NVDA"": 22.5872, ""005930.KS"": 31.9039, ""035420.KS"": 14.2735, ""035720.KS"": 11.2355, ""GOOGL"": 20.0}"
AAPL,us_stock,,0.568575,FAIL,FAIL: beta/corr 감소 미달; downside beta 증가 하드 게이트,20.0,20.0,,,,,1,single_asset_budget,"{""AAPL"": 20.0}",single candidate allocation,0.241523,0.220476,-0.470443,-0.441598,-0.032992,-0.030302,0.28602,0.297999,1.060023,1.21555,-0.004119,-0.003657,0.149971,0.230579,0.412686,0.540759,0.453714,0.561578,0.872503,0.85396,8.714559,6.131388,8.15342,0.000462,-0.080608,-0.128073,-0.080608,0.155527,14.672074,0.011979,4.188148,-0.107864,0.018543,18519409345850.41,0.191421,0.357639,0.579814,0.123692,0.441989,5e-06,0.54708,1.0,FAIL_GATE,beta/corr 감소 미달; downside beta 증가 하드 게이트,,DQ WARN non-blocking - AAPL: fx_missing_warn,,0.1,집중위험 완화 중 - 005930.KS 39.88% -> 31.90% (기준 20.0% 초과); 집중위험 완화 중 - NVDA 28.23% -> 22.59% (기준 20.0% 초과),0.9,0.535533,0.488453,0.583,0.479884,-0.04708,-0.103116,0.54708,0.04708,0.0,0.0,1.0,growth_beta|korea_domestic_credit|korea_equity|krw_exposure|usdkrw_fx_korea|semiconductor_ai_cycle,growth_beta|mega_cap|rate_shock_growth_duration|recession_liquidity_stress|usd_exposure,N,N,N,C,scenario_vulnerability_reducer,diagnostic_only,AAPL: 장세 해석용 자산으로 기본 헤지 후보에서 제외,"달러강세/원화약세장, 중국·무역분절 충격장, 장기금리 부담장 기준 취약도를 낮추는 후보입니다.",0.666927,"핵심 취약점 직접 완화, factor 집중 완화, Stress 방어 / 달러강세/원화약세장, 중국·무역분절 충격장, 장기금리 부담장 기준 취약도를 낮추는 후보입니다.","{""NVDA"": 22.5872, ""005930.KS"": 31.9039, ""035420.KS"": 14.2735, ""035720.KS"": 11.2355, ""AAPL"": 20.0}"
TSM,us_stock,metadata_direct_match,0.565821,FAIL,FAIL: beta/corr 감소 미달; downside beta 증가 하드 게이트,20.0,20.0,,,,,1,single_asset_budget,"{""TSM"": 20.0}",single candidate allocation,0.241523,0.231089,-0.470443,-0.462756,-0.032992,-0.031461,0.28602,0.297651,1.060023,1.158217,-0.004119,-0.003412,0.149971,0.263841,0.412686,0.538919,0.453714,0.565974,0.872503,0.827974,4.320276,1.633998,4.640564,0.000707,-0.11387,-0.126233,-0.11387,0.098194,9.263379,0.011631,4.066405,-0.112261,0.044529,7561203290142.446,0.094342,0.244094,0.660733,0.016868,0.375211,2e-06,0.537871,1.0,FAIL_GATE,beta/corr 감소 미달; downside beta 증가 하드 게이트,,DQ WARN non-blocking - TSM: fx_missing_warn,,0.1,집중위험 완화 중 - 005930.KS 39.88% -> 31.90% (기준 20.0% 초과); 집중위험 완화 중 - NVDA 28.23% -> 22.59% (기준 20.0% 초과),0.9,0.535533,0.497662,0.583,0.508157,-0.037871,-0.074842,0.537871,0.037871,0.0,0.0,1.0,growth_beta|korea_domestic_credit|korea_equity|krw_exposure|usdkrw_fx_korea|semiconductor_ai_cycle,geopolitical_supply_chain|growth_beta|semiconductor_ai_cycle|taiwan_supply_chain|usd_exposure,N,N,N,C,scenario_vulnerability_reducer,diagnostic_only,TSM: 장세 해석용 자산으로 기본 헤지 후보에서 제외,"달러강세/원화약세장, 중국·무역분절 충격장, 장기금리 부담장 기준 취약도를 낮추는 후보입니다.",0.664684,"핵심 취약점 직접 완화, factor 집중 완화, Stress 방어 / 달러강세/원화약세장, 중국·무역분절 충격장, 장기금리 부담장 기준 취약도를 낮추는 후보입니다.","{""NVDA"": 22.5872, ""005930.KS"": 31.9039, ""035420.KS"": 14.2735, ""035720.KS"": 11.2355, ""TSM"": 20.0}"
MSFT,us_stock,,0.564049,FAIL,FAIL: beta/corr 감소 미달; downside beta 증가 하드 게이트,20.0,20.0,,,,,1,single_asset_budget,"{""MSFT"": 20.0}",single candidate allocation,0.241523,0.217918,-0.470443,-0.424772,-0.032992,-0.030193,0.28602,0.277971,1.060023,1.13791,-0.004119,-0.003739,0.149971,0.237833,0.412686,0.540298,0.453714,0.570469,0.872503,0.826226,9.773482,9.708199,8.484267,0.00038,-0.087863,-0.127612,-0.087863,0.077888,7.347739,-0.008049,-2.814119,-0.116756,0.046277,20899576777427.273,0.200564,0.447942,0.55291,0.100393,0.351559,5e-06,0.54576,1.0,FAIL_GATE,beta/corr 감소 미달; downside beta 증가 하드 게이트,,DQ WARN non-blocking - MSFT: fx_missing_warn,,0.1,집중위험 완화 중 - 005930.KS 39.88% -> 31.90% (기준 20.0% 초과); 집중위험 완화 중 - NVDA 28.23% -> 22.59% (기준 20.0% 초과),0.9,0.535533,0.489773,0.583,0.480909,-0.04576,-0.10209,0.54576,0.04576,0.0,0.0,1.0,growth_beta|korea_domestic_credit|korea_equity|krw_exposure|usdkrw_fx_korea|semiconductor_ai_cycle,ai_capex|growth_beta|rate_shock_growth_duration|recession_liquidity_stress|usd_exposure,N,N,N,C,scenario_vulnerability_reducer,diagnostic_only,MSFT: 장세 해석용 자산으로 기본 헤지 후보에서 제외,"달러강세/원화약세장, 중국·무역분절 충격장, 장기금리 부담장 기준 취약도를 낮추는 후보입니다.",0.664342,"핵심 취약점 직접 완화, factor 집중 완화, Stress 방어 / 달러강세/원화약세장, 중국·무역분절 충격장, 장기금리 부담장 기준 취약도를 낮추는 후보입니다.","{""NVDA"": 22.5872, ""005930.KS"": 31.9039, ""035420.KS"": 14.2735, ""035720.KS"": 11.2355, ""MSFT"": 20.0}"
QCOM,us_stock,metadata_direct_match,0.561016,FAIL,FAIL: beta/corr 감소 미달; downside beta 증가 하드 게이트,20.0,20.0,,,,,1,single_asset_budget,"{""QCOM"": 20.0}",single candidate allocation,0.241523,0.225367,-0.470443,-0.438134,-0.032992,-0.030946,0.28602,0.271528,1.060023,1.071712,-0.004119,-0.003497,0.149971,0.225186,0.412686,0.550534,0.453714,0.572456,0.872503,0.854694,6.68939,6.867895,6.203489,0.000622,-0.075215,-0.137848,-0.075215,0.011689,1.102759,-0.014492,-5.066693,-0.118742,0.017809,5461565313343.565,0.137534,0.376233,0.632517,0.141011,0.274455,1e-06,0.534265,1.0,FAIL_GATE,beta/corr 감소 미달; downside beta 증가 하드 게이트,annual return drag soft warning,DQ WARN non-blocking - QCOM: fx_missing_warn,,0.1,집중위험 완화 중 - 005930.KS 39.88% -> 31.90% (기준 20.0% 초과); 집중위험 완화 중 - NVDA 28.23% -> 22.59% (기준 20.0% 초과),0.9,0.535533,0.501268,0.583,0.510154,-0.034265,-0.072846,0.534265,0.034265,0.0,0.0,1.0,growth_beta|korea_domestic_credit|korea_equity|krw_exposure|usdkrw_fx_korea|semiconductor_ai_cycle,geopolitical_supply_chain|global_trade|growth_beta|semiconductor_ai_cycle|usd_exposure,N,N,N,C,scenario_vulnerability_reducer,diagnostic_only,QCOM: 장세 해석용 자산으로 기본 헤지 후보에서 제외,"달러강세/원화약세장, 중국·무역분절 충격장, 장기금리 부담장 기준 취약도를 낮추는 후보입니다.",0.666351,"핵심 취약점 직접 완화, factor 집중 완화, Stress 방어 / 달러강세/원화약세장, 중국·무역분절 충격장, 장기금리 부담장 기준 취약도를 낮추는 후보입니다.","{""NVDA"": 22.5872, ""005930.KS"": 31.9039, ""035420.KS"": 14.2735, ""035720.KS"": 11.2355, ""QCOM"": 20.0}"
AMZN,us_stock,,0.559475,FAIL,FAIL: beta/corr 감소 미달; downside beta 증가 하드 게이트,20.0,20.0,,,,,1,single_asset_budget,"{""AMZN"": 20.0}",single candidate allocation,0.241523,0.226009,-0.470443,-0.44834,-0.032992,-0.030972,0.28602,0.31275,1.060023,1.251058,-0.004119,-0.003281,0.149971,0.252668,0.412686,0.553723,0.453714,0.572146,0.872503,0.863656,6.423529,4.698265,6.123629,0.000837,-0.102697,-0.141037,-0.102697,0.191035,18.021806,0.02673,9.345546,-0.118432,0.008847,16111512169632.06,0.135327,0.321457,0.703676,0.052752,0.483347,4e-06,0.548315,1.0,FAIL_GATE,beta/corr 감소 미달; downside beta 증가 하드 게이트,,DQ WARN non-blocking - AMZN: fx_missing_warn,,0.1,집중위험 완화 중 - 005930.KS 39.88% -> 31.90% (기준 20.0% 초과); 집중위험 완화 중 - NVDA 28.23% -> 22.59% (기준 20.0% 초과),0.9,0.535533,0.487218,0.583,0.477191,-0.048315,-0.105809,0.548315,0.048315,0.0,0.0,1.0,growth_beta|korea_domestic_credit|korea_equity|krw_exposure|usdkrw_fx_korea|semiconductor_ai_cycle,consumer_cycle|growth_beta|rate_shock_growth_duration|recession_liquidity_stress|usd_exposure,N,N,N,C,scenario_vulnerability_reducer,diagnostic_only,AMZN: 장세 해석용 자산으로 기본 헤지 후보에서 제외,"달러강세/원화약세장, 중국·무역분절 충격장, 장기금리 부담장 기준 취약도를 낮추는 후보입니다.",0.687607,"핵심 취약점 직접 완화, factor 집중 완화, Stress 방어 / 달러강세/원화약세장, 중국·무역분절 충격장, 장기금리 부담장 기준 취약도를 낮추는 후보입니다.","{""NVDA"": 22.5872, ""005930.KS"": 31.9039, ""035420.KS"": 14.2735, ""035720.KS"": 11.2355, ""AMZN"": 20.0}"
XLP,defensive,china_trade_fragmentation_shock,0.316123,FAIL,FAIL: beta/corr 감소 미달,20.0,20.0,,,,,1,single_asset_budget,"{""XLP"": 20.0}",single candidate allocation,0.241523,0.201227,-0.470443,-0.386707,-0.032992,-0.027627,0.28602,0.261104,1.060023,1.148473,-0.004119,-0.00357,0.149971,0.201439,0.412686,0.464227,0.453714,0.498014,0.872503,0.856735,16.684043,17.799377,16.261199,0.000549,-0.051468,-0.051541,-0.051468,0.08845,8.344191,-0.024916,-8.711233,-0.0443,0.015768,1684081186663.8516,0.415483,0.652219,0.608469,0.217275,0.363862,0.0,0.5687,1.0,FAIL_GATE,beta/corr 감소 미달,annual return drag soft warning,DQ WARN non-blocking - XLP: fx_missing_warn,,0.1,집중위험 완화 중 - 005930.KS 39.88% -> 31.90% (기준 20.0% 초과); 집중위험 완화 중 - NVDA 28.23% -> 22.59% (기준 20.0% 초과),0.9,0.535533,0.466833,0.583,0.472275,-0.0687,-0.110724,0.5687,0.0687,0.0,0.0,0.0,growth_beta|korea_domestic_credit|korea_equity|krw_exposure|usdkrw_fx_korea|semiconductor_ai_cycle,consumer_staples|defensive_equity|rate_shock_growth_duration|recession_liquidity_stress,N,N,N,C,scenario_vulnerability_reducer,hedge_candidate,XLP: 핵심 취약점 직접 완화 후보,"달러강세/원화약세장, 중국·무역분절 충격장, 장기금리 부담장 기준 취약도를 낮추는 후보입니다.",0.307584,"factor 집중 완화, MDD 개선, Stress 방어 / 달러강세/원화약세장, 중국·무역분절 충격장, 장기금리 부담장 기준 취약도를 낮추는 후보입니다.","{""NVDA"": 22.5872, ""005930.KS"": 31.9039, ""035420.KS"": 14.2735, ""035720.KS"": 11.2355, ""XLP"": 20.0}"
XLU,defensive,china_trade_fragmentation_shock,0.309936,FAIL,FAIL: beta/corr 감소 미달; downside beta 증가 하드 게이트,20.0,20.0,,,,,1,single_asset_budget,"{""XLU"": 20.0}",single candidate allocation,0.241523,0.20378,-0.470443,-0.397492,-0.032992,-0.027921,0.28602,0.261809,1.060023,1.137547,-0.004119,-0.00372,0.149971,0.208192,0.412686,0.471393,0.453714,0.506758,0.872503,0.858844,15.627148,15.506797,15.371353,0.000398,-0.058221,-0.058707,-0.058221,0.077524,7.313429,-0.024211,-8.464718,-0.053044,0.013659,1520237138086.3286,0.390892,0.594338,0.558921,0.195588,0.351136,0.0,0.565253,1.0,FAIL_GATE,beta/corr 감소 미달; downside beta 증가 하드 게이트,annual return drag soft warning,DQ WARN non-blocking - XLU: fx_missing_warn,,0.1,집중위험 완화 중 - 005930.KS 39.88% -> 31.90% (기준 20.0% 초과); 집중위험 완화 중 - NVDA 28.23% -> 22.59% (기준 20.0% 초과),0.9,0.535533,0.47028,0.583,0.474438,-0.065253,-0.108561,0.565253,0.065253,0.0,0.0,0.0,growth_beta|korea_domestic_credit|korea_equity|krw_exposure|usdkrw_fx_korea|semiconductor_ai_cycle,defensive_equity|low_beta|rate_shock_growth_duration|recession_liquidity_stress,N,N,N,C,scenario_vulnerability_reducer,hedge_candidate,XLU: 핵심 취약점 직접 완화 후보,"달러강세/원화약세장, 중국·무역분절 충격장, 장기금리 부담장 기준 취약도를 낮추는 후보입니다.",0.290906,"factor 집중 완화, MDD 개선, 현재 장세 취약도 개선 / 달러강세/원화약세장, 중국·무역분절 충격장, 장기금리 부담장 기준 취약도를 낮추는 후보입니다.","{""NVDA"": 22.5872, ""005930.KS"": 31.9039, ""035420.KS"": 14.2735, ""035720.KS"": 11.2355, ""XLU"": 20.0}"
IAU,gold,china_trade_fragmentation_shock,0.113012,PASS,PASS,20.0,20.0,,,,,1,single_asset_budget,"{""IAU"": 20.0}",single candidate allocation,0.241523,0.19895,-0.470443,-0.383669,-0.032992,-0.027261,0.28602,0.265395,1.060023,1.183185,-0.004119,-0.003386,0.149971,0.215128,0.412686,0.382969,0.453714,0.416123,0.872503,0.851212,17.62688,18.445164,17.370562,0.000732,-0.065158,0.029717,0.029717,0.123162,11.618854,-0.020625,-7.211085,0.037591,0.021291,1134612250656.9558,0.446141,0.668523,0.669122,0.478005,0.404293,0.0,0.605098,1.0,REFERENCE_ONLY,,annual return drag soft warning; IAU: 범용 방어 benchmark입니다,DQ WARN non-blocking - IAU: fx_missing_warn,,0.1,집중위험 완화 중 - 005930.KS 39.88% -> 31.90% (기준 20.0% 초과); 집중위험 완화 중 - NVDA 28.23% -> 22.59% (기준 20.0% 초과),0.9,0.535533,0.430435,0.583,0.4664,-0.105098,-0.1166,0.605098,0.105098,0.0,0.0,0.0,growth_beta|korea_domestic_credit|korea_equity|krw_exposure|usdkrw_fx_korea|semiconductor_ai_cycle,geopolitical_supply_chain|gold|inflation_energy_shock|precious_metal,Y,N,Y,D,scenario_vulnerability_reducer,benchmark_candidate,IAU: 범용 방어 benchmark입니다,"달러강세/원화약세장, 중국·무역분절 충격장, 장기금리 부담장 기준 취약도를 낮추는 후보입니다.",0.328374,"factor 집중 완화, Stress 방어, MDD 개선 / 달러강세/원화약세장, 중국·무역분절 충격장, 장기금리 부담장 기준 취약도를 낮추는 후보입니다.","{""NVDA"": 22.5872, ""005930.KS"": 31.9039, ""035420.KS"": 14.2735, ""035720.KS"": 11.2355, ""IAU"": 20.0}"
GLD,gold,china_trade_fragmentation_shock,0.112688,PASS,PASS,20.0,20.0,,,,,1,single_asset_budget,"{""GLD"": 20.0}",single candidate allocation,0.241523,0.19896,-0.470443,-0.383931,-0.032992,-0.027253,0.28602,0.2649,1.060023,1.180638,-0.004119,-0.003406,0.149971,0.214918,0.412686,0.383278,0.453714,0.416579,0.872503,0.851069,17.622964,18.38956,17.397276,0.000712,-0.064947,0.029408,0.029408,0.120616,11.378592,-0.021121,-7.384334,0.037134,0.021435,5833496547834.815,0.446879,0.667119,0.662452,0.477014,0.401326,2e-06,0.605061,1.0,REFERENCE_ONLY,,annual return drag soft warning; GLD: 범용 방어 benchmark입니다,DQ WARN non-blocking - GLD: fx_missing_warn,,0.1,집중위험 완화 중 - 005930.KS 39.88% -> 31.90% (기준 20.0% 초과); 집중위험 완화 중 - NVDA 28.23% -> 22.59% (기준 20.0% 초과),0.9,0.535533,0.430472,0.583,0.4664,-0.105061,-0.1166,0.605061,0.105061,0.0,0.0,0.0,growth_beta|korea_domestic_credit|korea_equity|krw_exposure|usdkrw_fx_korea|semiconductor_ai_cycle,geopolitical_supply_chain|gold|inflation_energy_shock|precious_metal,Y,N,Y,D,scenario_vulnerability_reducer,benchmark_candidate,GLD: 범용 방어 benchmark입니다,"달러강세/원화약세장, 중국·무역분절 충격장, 장기금리 부담장 기준 취약도를 낮추는 후보입니다.",0.326856,"factor 집중 완화, MDD 개선, Stress 방어 / 달러강세/원화약세장, 중국·무역분절 충격장, 장기금리 부담장 기준 취약도를 낮추는 후보입니다.","{""NVDA"": 22.5872, ""005930.KS"": 31.9039, ""035420.KS"": 14.2735, ""035720.KS"": 11.2355, ""GLD"": 20.0}"
261240.KS,kr_etf,usd_strength_krw_weakness,0.799416,FAIL,FAIL: 단일 자산 최대 20.0% 초과 - 261240.KS=30.0000%,30.0,30.0,,,,,1,single_asset_budget,"{""261240.KS"": 30.0}",single candidate allocation,,,,,,,,,,,,,,,,,,,,,,,,,,,,,,,,,,,,,,,,,,,FAIL_GATE,FAIL: 단일 자산 최대 20.0% 초과 - 261240.KS=30.0000%,,,,0.0,집중위험 완화 중 - 005930.KS 39.88% -> 27.92% (기준 20.0% 초과); 집중위험 완화 중 - NVDA 28.23% -> 19.76% (기준 20.0% 초과),1.0,,,,,,,,,,,,,,,,,,,,,,0.2,"DQ confidence, 핵심 취약점 직접 완화","{""NVDA"": 19.7638, ""005930.KS"": 27.9159, ""035420.KS"": 12.4893, ""035720.KS"": 9.8311, ""261240.KS"": 30.0}"
FXY,fx_etf,usd_strength_krw_weakness,0.792893,FAIL,FAIL: 단일 자산 최대 20.0% 초과 - FXY=30.0000%,30.0,30.0,,,,,1,single_asset_budget,"{""FXY"": 30.0}",single candidate allocation,,,,,,,,,,,,,,,,,,,,,,,,,,,,,,,,,,,,,,,,,,,FAIL_GATE,FAIL: 단일 자산 최대 20.0% 초과 - FXY=30.0000%,,,,0.0,집중위험 완화 중 - 005930.KS 39.88% -> 27.92% (기준 20.0% 초과); 집중위험 완화 중 - NVDA 28.23% -> 19.76% (기준 20.0% 초과),1.0,,,,,,,,,,,,,,,,,,,,,,0.2,"DQ confidence, 핵심 취약점 직접 완화","{""NVDA"": 19.7638, ""005930.KS"": 27.9159, ""035420.KS"": 12.4893, ""035720.KS"": 9.8311, ""FXY"": 30.0}"
BTAL,equity_etf,metadata_direct_match,0.783996,FAIL,FAIL: 단일 자산 최대 20.0% 초과 - BTAL=30.0000%,30.0,30.0,,,,,1,single_asset_budget,"{""BTAL"": 30.0}",single candidate allocation,,,,,,,,,,,,,,,,,,,,,,,,,,,,,,,,,,,,,,,,,,,FAIL_GATE,FAIL: 단일 자산 최대 20.0% 초과 - BTAL=30.0000%,,,,0.0,집중위험 완화 중 - 005930.KS 39.88% -> 27.92% (기준 20.0% 초과); 집중위험 완화 중 - NVDA 28.23% -> 19.76% (기준 20.0% 초과),1.0,,,,,,,,,,,,,,,,,,,,,,0.2,"DQ confidence, 핵심 취약점 직접 완화","{""NVDA"": 19.7638, ""005930.KS"": 27.9159, ""035420.KS"": 12.4893, ""035720.KS"": 9.8311, ""BTAL"": 30.0}"
FXF,fx_etf,metadata_direct_match,0.776642,FAIL,FAIL: 단일 자산 최대 20.0% 초과 - FXF=30.0000%,30.0,30.0,,,,,1,single_asset_budget,"{""FXF"": 30.0}",single candidate allocation,,,,,,,,,,,,,,,,,,,,,,,,,,,,,,,,,,,,,,,,,,,FAIL_GATE,FAIL: 단일 자산 최대 20.0% 초과 - FXF=30.0000%,,,,0.0,집중위험 완화 중 - 005930.KS 39.88% -> 27.92% (기준 20.0% 초과); 집중위험 완화 중 - NVDA 28.23% -> 19.76% (기준 20.0% 초과),1.0,,,,,,,,,,,,,,,,,,,,,,0.2,"DQ confidence, 핵심 취약점 직접 완화","{""NVDA"": 19.7638, ""005930.KS"": 27.9159, ""035420.KS"": 12.4893, ""035720.KS"": 9.8311, ""FXF"": 30.0}"
FXE,fx_etf,usd_strength_krw_weakness,0.767326,FAIL,FAIL: 단일 자산 최대 20.0% 초과 - FXE=30.0000%,30.0,30.0,,,,,1,single_asset_budget,"{""FXE"": 30.0}",single candidate allocation,,,,,,,,,,,,,,,,,,,,,,,,,,,,,,,,,,,,,,,,,,,FAIL_GATE,FAIL: 단일 자산 최대 20.0% 초과 - FXE=30.0000%,,,,0.0,집중위험 완화 중 - 005930.KS 39.88% -> 27.92% (기준 20.0% 초과); 집중위험 완화 중 - NVDA 28.23% -> 19.76% (기준 20.0% 초과),1.0,,,,,,,,,,,,,,,,,,,,,,0.2,"DQ confidence, 핵심 취약점 직접 완화","{""NVDA"": 19.7638, ""005930.KS"": 27.9159, ""035420.KS"": 12.4893, ""035720.KS"": 9.8311, ""FXE"": 30.0}"
153130.KS,kr_etf,metadata_direct_match,0.746406,FAIL,FAIL: 단일 자산 최대 20.0% 초과 - 153130.KS=30.0000%,30.0,30.0,,,,,1,single_asset_budget,"{""153130.KS"": 30.0}",single candidate allocation,,,,,,,,,,,,,,,,,,,,,,,,,,,,,,,,,,,,,,,,,,,FAIL_GATE,FAIL: 단일 자산 최대 20.0% 초과 - 153130.KS=30.0000%,,,,0.0,집중위험 완화 중 - 005930.KS 39.88% -> 27.92% (기준 20.0% 초과); 집중위험 완화 중 - NVDA 28.23% -> 19.76% (기준 20.0% 초과),1.0,,,,,,,,,,,,,,,,,,,,,,0.2,"DQ confidence, 핵심 취약점 직접 완화","{""NVDA"": 19.7638, ""005930.KS"": 27.9159, ""035420.KS"": 12.4893, ""035720.KS"": 9.8311, ""153130.KS"": 30.0}"
132030.KS,kr_etf,metadata_direct_match,0.739351,FAIL,FAIL: 단일 자산 최대 20.0% 초과 - 132030.KS=30.0000%,30.0,30.0,,,,,1,single_asset_budget,"{""132030.KS"": 30.0}",single candidate allocation,,,,,,,,,,,,,,,,,,,,,,,,,,,,,,,,,,,,,,,,,,,FAIL_GATE,FAIL: 단일 자산 최대 20.0% 초과 - 132030.KS=30.0000%,,,,0.0,집중위험 완화 중 - 005930.KS 39.88% -> 27.92% (기준 20.0% 초과); 집중위험 완화 중 - NVDA 28.23% -> 19.76% (기준 20.0% 초과),1.0,,,,,,,,,,,,,,,,,,,,,,0.2,"DQ confidence, 핵심 취약점 직접 완화","{""NVDA"": 19.7638, ""005930.KS"": 27.9159, ""035420.KS"": 12.4893, ""035720.KS"": 9.8311, ""132030.KS"": 30.0}"
SPLV,equity_etf,metadata_direct_match,0.699294,FAIL,FAIL: 단일 자산 최대 20.0% 초과 - SPLV=30.0000%,30.0,30.0,,,,,1,single_asset_budget,"{""SPLV"": 30.0}",single candidate allocation,,,,,,,,,,,,,,,,,,,,,,,,,,,,,,,,,,,,,,,,,,,FAIL_GATE,FAIL: 단일 자산 최대 20.0% 초과 - SPLV=30.0000%,,,,0.0,집중위험 완화 중 - 005930.KS 39.88% -> 27.92% (기준 20.0% 초과); 집중위험 완화 중 - NVDA 28.23% -> 19.76% (기준 20.0% 초과),1.0,,,,,,,,,,,,,,,,,,,,,,0.2,"DQ confidence, 핵심 취약점 직접 완화","{""NVDA"": 19.7638, ""005930.KS"": 27.9159, ""035420.KS"": 12.4893, ""035720.KS"": 9.8311, ""SPLV"": 30.0}"
USMV,equity_etf,usd_strength_krw_weakness,0.69632,FAIL,FAIL: 단일 자산 최대 20.0% 초과 - USMV=30.0000%,30.0,30.0,,,,,1,single_asset_budget,"{""USMV"": 30.0}",single candidate allocation,,,,,,,,,,,,,,,,,,,,,,,,,,,,,,,,,,,,,,,,,,,FAIL_GATE,FAIL: 단일 자산 최대 20.0% 초과 - USMV=30.0000%,,,,0.0,집중위험 완화 중 - 005930.KS 39.88% -> 27.92% (기준 20.0% 초과); 집중위험 완화 중 - NVDA 28.23% -> 19.76% (기준 20.0% 초과),1.0,,,,,,,,,,,,,,,,,,,,,,0.2,"DQ confidence, 핵심 취약점 직접 완화","{""NVDA"": 19.7638, ""005930.KS"": 27.9159, ""035420.KS"": 12.4893, ""035720.KS"": 9.8311, ""USMV"": 30.0}"
068270.KS,kr_stock,metadata_direct_match,0.695863,FAIL,FAIL: 단일 자산 최대 20.0% 초과 - 068270.KS=30.0000%,30.0,30.0,,,,,1,single_asset_budget,"{""068270.KS"": 30.0}",single candidate allocation,,,,,,,,,,,,,,,,,,,,,,,,,,,,,,,,,,,,,,,,,,,FAIL_GATE,FAIL: 단일 자산 최대 20.0% 초과 - 068270.KS=30.0000%,,,,0.0,집중위험 완화 중 - 005930.KS 39.88% -> 27.92% (기준 20.0% 초과); 집중위험 완화 중 - NVDA 28.23% -> 19.76% (기준 20.0% 초과),1.0,,,,,,,,,,,,,,,,,,,,,,0.2,"DQ confidence, 핵심 취약점 직접 완화","{""NVDA"": 19.7638, ""005930.KS"": 27.9159, ""035420.KS"": 12.4893, ""035720.KS"": 9.8311, ""068270.KS"": 30.0}"
017670.KS,kr_stock,metadata_direct_match,0.69483,FAIL,FAIL: 단일 자산 최대 20.0% 초과 - 017670.KS=30.0000%,30.0,30.0,,,,,1,single_asset_budget,"{""017670.KS"": 30.0}",single candidate allocation,,,,,,,,,,,,,,,,,,,,,,,,,,,,,,,,,,,,,,,,,,,FAIL_GATE,FAIL: 단일 자산 최대 20.0% 초과 - 017670.KS=30.0000%,,,,0.0,집중위험 완화 중 - 005930.KS 39.88% -> 27.92% (기준 20.0% 초과); 집중위험 완화 중 - NVDA 28.23% -> 19.76% (기준 20.0% 초과),1.0,,,,,,,,,,,,,,,,,,,,,,0.2,"DQ confidence, 핵심 취약점 직접 완화","{""NVDA"": 19.7638, ""005930.KS"": 27.9159, ""035420.KS"": 12.4893, ""035720.KS"": 9.8311, ""017670.KS"": 30.0}"
207940.KS,kr_stock,metadata_direct_match,0.692292,FAIL,FAIL: 단일 자산 최대 20.0% 초과 - 207940.KS=30.0000%,30.0,30.0,,,,,1,single_asset_budget,"{""207940.KS"": 30.0}",single candidate allocation,,,,,,,,,,,,,,,,,,,,,,,,,,,,,,,,,,,,,,,,,,,FAIL_GATE,FAIL: 단일 자산 최대 20.0% 초과 - 207940.KS=30.0000%,,,,0.0,집중위험 완화 중 - 005930.KS 39.88% -> 27.92% (기준 20.0% 초과); 집중위험 완화 중 - NVDA 28.23% -> 19.76% (기준 20.0% 초과),1.0,,,,,,,,,,,,,,,,,,,,,,0.2,"DQ confidence, 핵심 취약점 직접 완화","{""NVDA"": 19.7638, ""005930.KS"": 27.9159, ""035420.KS"": 12.4893, ""035720.KS"": 9.8311, ""207940.KS"": 30.0}"
055550.KS,kr_stock,metadata_direct_match,0.691623,FAIL,FAIL: 단일 자산 최대 20.0% 초과 - 055550.KS=30.0000%,30.0,30.0,,,,,1,single_asset_budget,"{""055550.KS"": 30.0}",single candidate allocation,,,,,,,,,,,,,,,,,,,,,,,,,,,,,,,,,,,,,,,,,,,FAIL_GATE,FAIL: 단일 자산 최대 20.0% 초과 - 055550.KS=30.0000%,,,,0.0,집중위험 완화 중 - 005930.KS 39.88% -> 27.92% (기준 20.0% 초과); 집중위험 완화 중 - NVDA 28.23% -> 19.76% (기준 20.0% 초과),1.0,,,,,,,,,,,,,,,,,,,,,,0.2,"DQ confidence, 핵심 취약점 직접 완화","{""NVDA"": 19.7638, ""005930.KS"": 27.9159, ""035420.KS"": 12.4893, ""035720.KS"": 9.8311, ""055550.KS"": 30.0}"
011200.KS,kr_stock,metadata_direct_match,0.691136,FAIL,FAIL: 단일 자산 최대 20.0% 초과 - 011200.KS=30.0000%,30.0,30.0,,,,,1,single_asset_budget,"{""011200.KS"": 30.0}",single candidate allocation,,,,,,,,,,,,,,,,,,,,,,,,,,,,,,,,,,,,,,,,,,,FAIL_GATE,FAIL: 단일 자산 최대 20.0% 초과 - 011200.KS=30.0000%,,,,0.0,집중위험 완화 중 - 005930.KS 39.88% -> 27.92% (기준 20.0% 초과); 집중위험 완화 중 - NVDA 28.23% -> 19.76% (기준 20.0% 초과),1.0,,,,,,,,,,,,,,,,,,,,,,0.2,"DQ confidence, 핵심 취약점 직접 완화","{""NVDA"": 19.7638, ""005930.KS"": 27.9159, ""035420.KS"": 12.4893, ""035720.KS"": 9.8311, ""011200.KS"": 30.0}"
005490.KS,kr_stock,metadata_direct_match,0.68897,FAIL,FAIL: 단일 자산 최대 20.0% 초과 - 005490.KS=30.0000%,30.0,30.0,,,,,1,single_asset_budget,"{""005490.KS"": 30.0}",single candidate allocation,,,,,,,,,,,,,,,,,,,,,,,,,,,,,,,,,,,,,,,,,,,FAIL_GATE,FAIL: 단일 자산 최대 20.0% 초과 - 005490.KS=30.0000%,,,,0.0,집중위험 완화 중 - 005930.KS 39.88% -> 27.92% (기준 20.0% 초과); 집중위험 완화 중 - NVDA 28.23% -> 19.76% (기준 20.0% 초과),1.0,,,,,,,,,,,,,,,,,,,,,,0.2,"DQ confidence, 핵심 취약점 직접 완화","{""NVDA"": 19.7638, ""005930.KS"": 27.9159, ""035420.KS"": 12.4893, ""035720.KS"": 9.8311, ""005490.KS"": 30.0}"
114800.KS,kr_etf,metadata_direct_match,0.687518,FAIL,FAIL: 단일 자산 최대 20.0% 초과 - 114800.KS=30.0000%,30.0,30.0,,,,,1,single_asset_budget,"{""114800.KS"": 30.0}",single candidate allocation,,,,,,,,,,,,,,,,,,,,,,,,,,,,,,,,,,,,,,,,,,,FAIL_GATE,FAIL: 단일 자산 최대 20.0% 초과 - 114800.KS=30.0000%,,,,0.0,집중위험 완화 중 - 005930.KS 39.88% -> 27.92% (기준 20.0% 초과); 집중위험 완화 중 - NVDA 28.23% -> 19.76% (기준 20.0% 초과),1.0,,,,,,,,,,,,,,,,,,,,,,0.2,"DQ confidence, 핵심 취약점 직접 완화","{""NVDA"": 19.7638, ""005930.KS"": 27.9159, ""035420.KS"": 12.4893, ""035720.KS"": 9.8311, ""114800.KS"": 30.0}"
105560.KS,kr_stock,metadata_direct_match,0.686297,FAIL,FAIL: 단일 자산 최대 20.0% 초과 - 105560.KS=30.0000%,30.0,30.0,,,,,1,single_asset_budget,"{""105560.KS"": 30.0}",single candidate allocation,,,,,,,,,,,,,,,,,,,,,,,,,,,,,,,,,,,,,,,,,,,FAIL_GATE,FAIL: 단일 자산 최대 20.0% 초과 - 105560.KS=30.0000%,,,,0.0,집중위험 완화 중 - 005930.KS 39.88% -> 27.92% (기준 20.0% 초과); 집중위험 완화 중 - NVDA 28.23% -> 19.76% (기준 20.0% 초과),1.0,,,,,,,,,,,,,,,,,,,,,,0.2,"DQ confidence, 핵심 취약점 직접 완화","{""NVDA"": 19.7638, ""005930.KS"": 27.9159, ""035420.KS"": 12.4893, ""035720.KS"": 9.8311, ""105560.KS"": 30.0}"
032830.KS,kr_stock,metadata_direct_match,0.684501,FAIL,FAIL: 단일 자산 최대 20.0% 초과 - 032830.KS=30.0000%,30.0,30.0,,,,,1,single_asset_budget,"{""032830.KS"": 30.0}",single candidate allocation,,,,,,,,,,,,,,,,,,,,,,,,,,,,,,,,,,,,,,,,,,,FAIL_GATE,FAIL: 단일 자산 최대 20.0% 초과 - 032830.KS=30.0000%,,,,0.0,집중위험 완화 중 - 005930.KS 39.88% -> 27.92% (기준 20.0% 초과); 집중위험 완화 중 - NVDA 28.23% -> 19.76% (기준 20.0% 초과),1.0,,,,,,,,,,,,,,,,,,,,,,0.2,"DQ confidence, 핵심 취약점 직접 완화","{""NVDA"": 19.7638, ""005930.KS"": 27.9159, ""035420.KS"": 12.4893, ""035720.KS"": 9.8311, ""032830.KS"": 30.0}"
SH,inverse_etf,metadata_direct_match,0.647489,FAIL,FAIL: 단일 자산 최대 20.0% 초과 - SH=30.0000%,30.0,30.0,,,,,1,single_asset_budget,"{""SH"": 30.0}",single candidate allocation,,,,,,,,,,,,,,,,,,,,,,,,,,,,,,,,,,,,,,,,,,,FAIL_GATE,FAIL: 단일 자산 최대 20.0% 초과 - SH=30.0000%,,,,0.0,집중위험 완화 중 - 005930.KS 39.88% -> 27.92% (기준 20.0% 초과); 집중위험 완화 중 - NVDA 28.23% -> 19.76% (기준 20.0% 초과),1.0,,,,,,,,,,,,,,,,,,,,,,0.2,"DQ confidence, 핵심 취약점 직접 완화","{""NVDA"": 19.7638, ""005930.KS"": 27.9159, ""035420.KS"": 12.4893, ""035720.KS"": 9.8311, ""SH"": 30.0}"
PSQ,inverse_etf,metadata_direct_match,0.645652,FAIL,FAIL: 단일 자산 최대 20.0% 초과 - PSQ=30.0000%,30.0,30.0,,,,,1,single_asset_budget,"{""PSQ"": 30.0}",single candidate allocation,,,,,,,,,,,,,,,,,,,,,,,,,,,,,,,,,,,,,,,,,,,FAIL_GATE,FAIL: 단일 자산 최대 20.0% 초과 - PSQ=30.0000%,,,,0.0,집중위험 완화 중 - 005930.KS 39.88% -> 27.92% (기준 20.0% 초과); 집중위험 완화 중 - NVDA 28.23% -> 19.76% (기준 20.0% 초과),1.0,,,,,,,,,,,,,,,,,,,,,,0.2,"DQ confidence, 핵심 취약점 직접 완화","{""NVDA"": 19.7638, ""005930.KS"": 27.9159, ""035420.KS"": 12.4893, ""035720.KS"": 9.8311, ""PSQ"": 30.0}"
BTC-USD,crypto,metadata_direct_match,0.631226,FAIL,FAIL: 단일 자산 최대 20.0% 초과 - BTC-USD=30.0000%,30.0,30.0,,,,,1,single_asset_budget,"{""BTC-USD"": 30.0}",single candidate allocation,,,,,,,,,,,,,,,,,,,,,,,,,,,,,,,,,,,,,,,,,,,FAIL_GATE,FAIL: 단일 자산 최대 20.0% 초과 - BTC-USD=30.0000%,,,,0.0,집중위험 완화 중 - 005930.KS 39.88% -> 27.92% (기준 20.0% 초과); 집중위험 완화 중 - NVDA 28.23% -> 19.76% (기준 20.0% 초과),1.0,,,,,,,,,,,,,,,,,,,,,,0.2,"DQ confidence, 핵심 취약점 직접 완화","{""NVDA"": 19.7638, ""005930.KS"": 27.9159, ""035420.KS"": 12.4893, ""035720.KS"": 9.8311, ""BTC-USD"": 30.0}"
EWJ,equity_etf,metadata_direct_match,0.630915,FAIL,FAIL: 단일 자산 최대 20.0% 초과 - EWJ=30.0000%,30.0,30.0,,,,,1,single_asset_budget,"{""EWJ"": 30.0}",single candidate allocation,,,,,,,,,,,,,,,,,,,,,,,,,,,,,,,,,,,,,,,,,,,FAIL_GATE,FAIL: 단일 자산 최대 20.0% 초과 - EWJ=30.0000%,,,,0.0,집중위험 완화 중 - 005930.KS 39.88% -> 27.92% (기준 20.0% 초과); 집중위험 완화 중 - NVDA 28.23% -> 19.76% (기준 20.0% 초과),1.0,,,,,,,,,,,,,,,,,,,,,,0.2,"DQ confidence, 핵심 취약점 직접 완화","{""NVDA"": 19.7638, ""005930.KS"": 27.9159, ""035420.KS"": 12.4893, ""035720.KS"": 9.8311, ""EWJ"": 30.0}"
INDA,equity_etf,metadata_direct_match,0.626674,FAIL,FAIL: 단일 자산 최대 20.0% 초과 - INDA=30.0000%,30.0,30.0,,,,,1,single_asset_budget,"{""INDA"": 30.0}",single candidate allocation,,,,,,,,,,,,,,,,,,,,,,,,,,,,,,,,,,,,,,,,,,,FAIL_GATE,FAIL: 단일 자산 최대 20.0% 초과 - INDA=30.0000%,,,,0.0,집중위험 완화 중 - 005930.KS 39.88% -> 27.92% (기준 20.0% 초과); 집중위험 완화 중 - NVDA 28.23% -> 19.76% (기준 20.0% 초과),1.0,,,,,,,,,,,,,,,,,,,,,,0.2,"DQ confidence, 핵심 취약점 직접 완화","{""NVDA"": 19.7638, ""005930.KS"": 27.9159, ""035420.KS"": 12.4893, ""035720.KS"": 9.8311, ""INDA"": 30.0}"
VXUS,equity_etf,metadata_direct_match,0.585486,FAIL,FAIL: 단일 자산 최대 20.0% 초과 - VXUS=30.0000%,30.0,30.0,,,,,1,single_asset_budget,"{""VXUS"": 30.0}",single candidate allocation,,,,,,,,,,,,,,,,,,,,,,,,,,,,,,,,,,,,,,,,,,,FAIL_GATE,FAIL: 단일 자산 최대 20.0% 초과 - VXUS=30.0000%,,,,0.0,집중위험 완화 중 - 005930.KS 39.88% -> 27.92% (기준 20.0% 초과); 집중위험 완화 중 - NVDA 28.23% -> 19.76% (기준 20.0% 초과),1.0,,,,,,,,,,,,,,,,,,,,,,0.2,"DQ confidence, 핵심 취약점 직접 완화","{""NVDA"": 19.7638, ""005930.KS"": 27.9159, ""035420.KS"": 12.4893, ""035720.KS"": 9.8311, ""VXUS"": 30.0}"
NFLX,us_stock,,0.577681,FAIL,FAIL: 단일 자산 최대 20.0% 초과 - NFLX=30.0000%,30.0,30.0,,,,,1,single_asset_budget,"{""NFLX"": 30.0}",single candidate allocation,,,,,,,,,,,,,,,,,,,,,,,,,,,,,,,,,,,,,,,,,,,FAIL_GATE,FAIL: 단일 자산 최대 20.0% 초과 - NFLX=30.0000%,,,,0.0,집중위험 완화 중 - 005930.KS 39.88% -> 27.92% (기준 20.0% 초과); 집중위험 완화 중 - NVDA 28.23% -> 19.76% (기준 20.0% 초과),1.0,,,,,,,,,,,,,,,,,,,,,,0.2,"DQ confidence, 핵심 취약점 직접 완화","{""NVDA"": 19.7638, ""005930.KS"": 27.9159, ""035420.KS"": 12.4893, ""035720.KS"": 9.8311, ""NFLX"": 30.0}"
EFA,equity_etf,metadata_direct_match,0.577332,FAIL,FAIL: 단일 자산 최대 20.0% 초과 - EFA=30.0000%,30.0,30.0,,,,,1,single_asset_budget,"{""EFA"": 30.0}",single candidate allocation,,,,,,,,,,,,,,,,,,,,,,,,,,,,,,,,,,,,,,,,,,,FAIL_GATE,FAIL: 단일 자산 최대 20.0% 초과 - EFA=30.0000%,,,,0.0,집중위험 완화 중 - 005930.KS 39.88% -> 27.92% (기준 20.0% 초과); 집중위험 완화 중 - NVDA 28.23% -> 19.76% (기준 20.0% 초과),1.0,,,,,,,,,,,,,,,,,,,,,,0.2,"DQ confidence, 핵심 취약점 직접 완화","{""NVDA"": 19.7638, ""005930.KS"": 27.9159, ""035420.KS"": 12.4893, ""035720.KS"": 9.8311, ""EFA"": 30.0}"
FXI,equity_etf,china_trade_fragmentation_shock,0.574854,FAIL,FAIL: 단일 자산 최대 20.0% 초과 - FXI=30.0000%,30.0,30.0,,,,,1,single_asset_budget,"{""FXI"": 30.0}",single candidate allocation,,,,,,,,,,,,,,,,,,,,,,,,,,,,,,,,,,,,,,,,,,,FAIL_GATE,FAIL: 단일 자산 최대 20.0% 초과 - FXI=30.0000%,,,,0.0,집중위험 완화 중 - 005930.KS 39.88% -> 27.92% (기준 20.0% 초과); 집중위험 완화 중 - NVDA 28.23% -> 19.76% (기준 20.0% 초과),1.0,,,,,,,,,,,,,,,,,,,,,,0.2,"DQ confidence, 핵심 취약점 직접 완화","{""NVDA"": 19.7638, ""005930.KS"": 27.9159, ""035420.KS"": 12.4893, ""035720.KS"": 9.8311, ""FXI"": 30.0}"
ORCL,us_stock,,0.573109,FAIL,FAIL: 단일 자산 최대 20.0% 초과 - ORCL=30.0000%,30.0,30.0,,,,,1,single_asset_budget,"{""ORCL"": 30.0}",single candidate allocation,,,,,,,,,,,,,,,,,,,,,,,,,,,,,,,,,,,,,,,,,,,FAIL_GATE,FAIL: 단일 자산 최대 20.0% 초과 - ORCL=30.0000%,,,,0.0,집중위험 완화 중 - 005930.KS 39.88% -> 27.92% (기준 20.0% 초과); 집중위험 완화 중 - NVDA 28.23% -> 19.76% (기준 20.0% 초과),1.0,,,,,,,,,,,,,,,,,,,,,,0.2,"DQ confidence, 핵심 취약점 직접 완화","{""NVDA"": 19.7638, ""005930.KS"": 27.9159, ""035420.KS"": 12.4893, ""035720.KS"": 9.8311, ""ORCL"": 30.0}"
GOOGL,us_stock,,0.570796,FAIL,FAIL: 단일 자산 최대 20.0% 초과 - GOOGL=30.0000%,30.0,30.0,,,,,1,single_asset_budget,"{""GOOGL"": 30.0}",single candidate allocation,,,,,,,,,,,,,,,,,,,,,,,,,,,,,,,,,,,,,,,,,,,FAIL_GATE,FAIL: 단일 자산 최대 20.0% 초과 - GOOGL=30.0000%,,,,0.0,집중위험 완화 중 - 005930.KS 39.88% -> 27.92% (기준 20.0% 초과); 집중위험 완화 중 - NVDA 28.23% -> 19.76% (기준 20.0% 초과),1.0,,,,,,,,,,,,,,,,,,,,,,0.2,"DQ confidence, 핵심 취약점 직접 완화","{""NVDA"": 19.7638, ""005930.KS"": 27.9159, ""035420.KS"": 12.4893, ""035720.KS"": 9.8311, ""GOOGL"": 30.0}"
AAPL,us_stock,,0.568575,FAIL,FAIL: 단일 자산 최대 20.0% 초과 - AAPL=30.0000%,30.0,30.0,,,,,1,single_asset_budget,"{""AAPL"": 30.0}",single candidate allocation,,,,,,,,,,,,,,,,,,,,,,,,,,,,,,,,,,,,,,,,,,,FAIL_GATE,FAIL: 단일 자산 최대 20.0% 초과 - AAPL=30.0000%,,,,0.0,집중위험 완화 중 - 005930.KS 39.88% -> 27.92% (기준 20.0% 초과); 집중위험 완화 중 - NVDA 28.23% -> 19.76% (기준 20.0% 초과),1.0,,,,,,,,,,,,,,,,,,,,,,0.2,"DQ confidence, 핵심 취약점 직접 완화","{""NVDA"": 19.7638, ""005930.KS"": 27.9159, ""035420.KS"": 12.4893, ""035720.KS"": 9.8311, ""AAPL"": 30.0}"
TSM,us_stock,metadata_direct_match,0.565821,FAIL,FAIL: 단일 자산 최대 20.0% 초과 - TSM=30.0000%,30.0,30.0,,,,,1,single_asset_budget,"{""TSM"": 30.0}",single candidate allocation,,,,,,,,,,,,,,,,,,,,,,,,,,,,,,,,,,,,,,,,,,,FAIL_GATE,FAIL: 단일 자산 최대 20.0% 초과 - TSM=30.0000%,,,,0.0,집중위험 완화 중 - 005930.KS 39.88% -> 27.92% (기준 20.0% 초과); 집중위험 완화 중 - NVDA 28.23% -> 19.76% (기준 20.0% 초과),1.0,,,,,,,,,,,,,,,,,,,,,,0.2,"DQ confidence, 핵심 취약점 직접 완화","{""NVDA"": 19.7638, ""005930.KS"": 27.9159, ""035420.KS"": 12.4893, ""035720.KS"": 9.8311, ""TSM"": 30.0}"
MSFT,us_stock,,0.564049,FAIL,FAIL: 단일 자산 최대 20.0% 초과 - MSFT=30.0000%,30.0,30.0,,,,,1,single_asset_budget,"{""MSFT"": 30.0}",single candidate allocation,,,,,,,,,,,,,,,,,,,,,,,,,,,,,,,,,,,,,,,,,,,FAIL_GATE,FAIL: 단일 자산 최대 20.0% 초과 - MSFT=30.0000%,,,,0.0,집중위험 완화 중 - 005930.KS 39.88% -> 27.92% (기준 20.0% 초과); 집중위험 완화 중 - NVDA 28.23% -> 19.76% (기준 20.0% 초과),1.0,,,,,,,,,,,,,,,,,,,,,,0.2,"DQ confidence, 핵심 취약점 직접 완화","{""NVDA"": 19.7638, ""005930.KS"": 27.9159, ""035420.KS"": 12.4893, ""035720.KS"": 9.8311, ""MSFT"": 30.0}"
QCOM,us_stock,metadata_direct_match,0.561016,FAIL,FAIL: 단일 자산 최대 20.0% 초과 - QCOM=30.0000%,30.0,30.0,,,,,1,single_asset_budget,"{""QCOM"": 30.0}",single candidate allocation,,,,,,,,,,,,,,,,,,,,,,,,,,,,,,,,,,,,,,,,,,,FAIL_GATE,FAIL: 단일 자산 최대 20.0% 초과 - QCOM=30.0000%,,,,0.0,집중위험 완화 중 - 005930.KS 39.88% -> 27.92% (기준 20.0% 초과); 집중위험 완화 중 - NVDA 28.23% -> 19.76% (기준 20.0% 초과),1.0,,,,,,,,,,,,,,,,,,,,,,0.2,"DQ confidence, 핵심 취약점 직접 완화","{""NVDA"": 19.7638, ""005930.KS"": 27.9159, ""035420.KS"": 12.4893, ""035720.KS"": 9.8311, ""QCOM"": 30.0}"
AMZN,us_stock,,0.559475,FAIL,FAIL: 단일 자산 최대 20.0% 초과 - AMZN=30.0000%,30.0,30.0,,,,,1,single_asset_budget,"{""AMZN"": 30.0}",single candidate allocation,,,,,,,,,,,,,,,,,,,,,,,,,,,,,,,,,,,,,,,,,,,FAIL_GATE,FAIL: 단일 자산 최대 20.0% 초과 - AMZN=30.0000%,,,,0.0,집중위험 완화 중 - 005930.KS 39.88% -> 27.92% (기준 20.0% 초과); 집중위험 완화 중 - NVDA 28.23% -> 19.76% (기준 20.0% 초과),1.0,,,,,,,,,,,,,,,,,,,,,,0.2,"DQ confidence, 핵심 취약점 직접 완화","{""NVDA"": 19.7638, ""005930.KS"": 27.9159, ""035420.KS"": 12.4893, ""035720.KS"": 9.8311, ""AMZN"": 30.0}"
XLP,defensive,china_trade_fragmentation_shock,0.316123,FAIL,FAIL: 단일 자산 최대 20.0% 초과 - XLP=30.0000%,30.0,30.0,,,,,1,single_asset_budget,"{""XLP"": 30.0}",single candidate allocation,,,,,,,,,,,,,,,,,,,,,,,,,,,,,,,,,,,,,,,,,,,FAIL_GATE,FAIL: 단일 자산 최대 20.0% 초과 - XLP=30.0000%,,,,0.0,집중위험 완화 중 - 005930.KS 39.88% -> 27.92% (기준 20.0% 초과); 집중위험 완화 중 - NVDA 28.23% -> 19.76% (기준 20.0% 초과),1.0,,,,,,,,,,,,,,,,,,,,,,0.2,"DQ confidence, 핵심 취약점 직접 완화","{""NVDA"": 19.7638, ""005930.KS"": 27.9159, ""035420.KS"": 12.4893, ""035720.KS"": 9.8311, ""XLP"": 30.0}"
XLU,defensive,china_trade_fragmentation_shock,0.309936,FAIL,FAIL: 단일 자산 최대 20.0% 초과 - XLU=30.0000%,30.0,30.0,,,,,1,single_asset_budget,"{""XLU"": 30.0}",single candidate allocation,,,,,,,,,,,,,,,,,,,,,,,,,,,,,,,,,,,,,,,,,,,FAIL_GATE,FAIL: 단일 자산 최대 20.0% 초과 - XLU=30.0000%,,,,0.0,집중위험 완화 중 - 005930.KS 39.88% -> 27.92% (기준 20.0% 초과); 집중위험 완화 중 - NVDA 28.23% -> 19.76% (기준 20.0% 초과),1.0,,,,,,,,,,,,,,,,,,,,,,0.2,"DQ confidence, 핵심 취약점 직접 완화","{""NVDA"": 19.7638, ""005930.KS"": 27.9159, ""035420.KS"": 12.4893, ""035720.KS"": 9.8311, ""XLU"": 30.0}"
IAU,gold,china_trade_fragmentation_shock,0.113012,FAIL,FAIL: 단일 자산 최대 20.0% 초과 - IAU=30.0000%,30.0,30.0,,,,,1,single_asset_budget,"{""IAU"": 30.0}",single candidate allocation,,,,,,,,,,,,,,,,,,,,,,,,,,,,,,,,,,,,,,,,,,,FAIL_GATE,FAIL: 단일 자산 최대 20.0% 초과 - IAU=30.0000%,,,,0.0,집중위험 완화 중 - 005930.KS 39.88% -> 27.92% (기준 20.0% 초과); 집중위험 완화 중 - NVDA 28.23% -> 19.76% (기준 20.0% 초과),1.0,,,,,,,,,,,,,,,,,,,,,,0.2,"DQ confidence, 핵심 취약점 직접 완화","{""NVDA"": 19.7638, ""005930.KS"": 27.9159, ""035420.KS"": 12.4893, ""035720.KS"": 9.8311, ""IAU"": 30.0}"
GLD,gold,china_trade_fragmentation_shock,0.112688,FAIL,FAIL: 단일 자산 최대 20.0% 초과 - GLD=30.0000%,30.0,30.0,,,,,1,single_asset_budget,"{""GLD"": 30.0}",single candidate allocation,,,,,,,,,,,,,,,,,,,,,,,,,,,,,,,,,,,,,,,,,,,FAIL_GATE,FAIL: 단일 자산 최대 20.0% 초과 - GLD=30.0000%,,,,0.0,집중위험 완화 중 - 005930.KS 39.88% -> 27.92% (기준 20.0% 초과); 집중위험 완화 중 - NVDA 28.23% -> 19.76% (기준 20.0% 초과),1.0,,,,,,,,,,,,,,,,,,,,,,0.2,"DQ confidence, 핵심 취약점 직접 완화","{""NVDA"": 19.7638, ""005930.KS"": 27.9159, ""035420.KS"": 12.4893, ""035720.KS"": 9.8311, ""GLD"": 30.0}"
