ticker,asset_name,asset_class,scenario_code,scenario_name,scenario_name_ko,lens,scenario_beta,conditional_return_hit,downside_capture,direction,magnitude,sensitivity_level,confidence,method,sensitivity_version,method_priority,sample_count,sample_count_actual,direct_metric_count,source_quality,beta_stability,event_or_seed_dependent,window_start,window_end,active_hit_count,scenario_context_weight,scenario_trade_gate_weight,evidence_quality,gate_eligible,gate_reason,context_reason,scenario_return_beta,scenario_downside_beta,scenario_conditional_return,recommended_role,notes
000270.KS,000270.KS,kr_stock,usd_strength_krw_weakness,USD Strength / KRW Weakness,달러강세/원화약세장,fx_krw,0.64475,-0.002846,0.89975,positive,0.64475,medium,70.962151,rolling_beta,v3,1,1078,1078,4,market,pass,N,,2026-06-09,1,0.975204,0.975204,high,Y,trade-gated adverse scenario with medium/high evidence,active market context,-0.455203,0.89975,-0.002846,krw_weakness_vulnerable,달러가 강하고 원화가 약해져 KRW 기준 투자자의 환율 리스크가 커지는 장세입니다. 한국 자산과 USD 노출의 역할을 분리해 봅니다.
000270.KS,000270.KS,kr_stock,china_trade_fragmentation_shock,China / Trade Fragmentation Shock,중국·무역분절 충격장,china_asia,0.526938,-0.002846,0.89975,positive,0.526938,medium,65.435166,rolling_beta,v3,1,1078,1078,5,market,pass,N,,2026-06-09,1,0.963122,0.963122,high,Y,trade-gated adverse scenario with medium/high evidence,active market context,0.795141,0.89975,-0.002846,china_asia_shock_vulnerable,중국 경기·무역갈등·공급망 충격이 한국/아시아와 반도체 자산에 번지는 장세입니다. 한국 반도체 factor와 원화 약세를 함께 확인합니다.
000270.KS,000270.KS,kr_stock,acute_global_stress_liquidity_crunch,Acute Global Stress / Liquidity Crunch,급성 리스크오프/유동성 경색장,us_global,0.128049,-0.002846,0.0,positive,0.128049,low,76.127067,rolling_beta,v3,1,1185,1185,3,market,pass,N,,2026-06-09,1,0.942163,0.942163,high,Y,trade-gated adverse scenario with medium/high evidence,active market context,-0.040102,-0.045022,-0.002846,liquidity_stress_vulnerable,변동성이 튀고 위험자산이 동반 약세를 보이는 단기 스트레스 장세입니다. 상관관계 상승과 유동성 악화를 우선 점검합니다.
000270.KS,000270.KS,kr_stock,higher_for_longer_long_rate_shock,Higher-for-Longer / Long-Rate Shock,장기금리 부담장,us_global,0.0,-0.002846,0.0,neutral,0.0,low,62.128209,rolling_beta,v3,1,1185,1185,3,market,pass,N,,2026-06-09,1,0.908767,0.908767,high,Y,trade-gated adverse scenario with medium/high evidence,active market context,-0.040102,-0.045022,-0.002846,rate_sensitive,장기금리와 달러 강세 부담이 채권·성장주·신용자산을 압박하는 장세입니다. 고밸류 성장주와 반도체 factor 민감도를 점검합니다.
000270.KS,000270.KS,kr_stock,semiconductor_ai_cycle_shock,Semiconductor / AI Cycle Shock,AI·반도체 사이클 충격장,korea_semiconductor,0.296574,-0.002846,0.14107,positive,0.296574,low,43.672,rolling_beta,v3,1,1078,1078,6,market,pass,N,,2026-06-09,1,0.377914,0.0,medium,N,context only: WATCH state,context only: WATCH state,0.03395,0.14107,-0.002846,semiconductor_ai_shock_vulnerable,"AI capex 기대와 반도체 모멘텀이 꺾이면서 미국 성장주와 한국 반도체 대형주가 동시에 압박받는 장세입니다. SOXX, AI leader basket, 한국 반도체 basket의 동반 약세와 원화 압력을 함께 봅니다."
000270.KS,000270.KS,kr_stock,korea_domestic_financial_stress,Korea Domestic Financial Stress,한국 내수 금융스트레스장,korea_market,0.978897,-0.002846,0.89975,positive,0.978897,high,61.630274,rolling_beta,v3,1,1078,1078,5,seed,pass,Y,,2026-06-09,1,0.401006,0.0,medium,N,context only: source_quality=seed,context only: source_quality=seed,0.795141,0.89975,-0.002846,korea_financial_stress_vulnerable,"가계부채, 부동산 PF, 비은행권, 금융주와 건설주 스트레스가 한국 자산 전반으로 번지는 장세입니다. 금융/건설 basket, 신용 spread, 단기자금 spread, 원화 약세를 함께 점검합니다."
000270.KS,000270.KS,kr_stock,geopolitical_escalation_supply_shock,Geopolitical Escalation / Supply Shock,지정학 확전·공급충격장,geopolitical,-0.078862,-0.002846,0.0,negative,0.078862,low,65.604388,rolling_beta,v3,1,1078,1078,3,manual,pass,Y,,2026-06-09,1,0.398559,0.0,medium,N,context only: source_quality=manual,context only: source_quality=manual,-0.017068,,-0.002846,geopolitical_supply_shock_hedge,"전쟁, 제재, 해상로 차질, 대만·중동·한반도 긴장처럼 유가·금·방산·변동성이 동시에 움직이는 이벤트성 충격 장세입니다. 뉴스 overlay는 가격 신호를 보강하는 용도로만 해석합니다."
000270.KS,000270.KS,kr_stock,slowdown_recession_deflation_risk,Slowdown / Recession / Deflation Risk,경기둔화/침체 우려장,us_global,0.073527,-0.002846,0.0,positive,0.073527,low,72.589407,rolling_beta,v3,1,1185,1185,3,market,pass,N,,2026-06-09,0,0.0,0.0,high,N,scenario inactive,inactive scenario,-0.040102,-0.045022,-0.002846,slowdown_vulnerable,수요 둔화와 침체/디플레이션 압력이 커지는 방어적 장세입니다. 주식 beta와 신용위험을 보수적으로 봅니다.
000270.KS,000270.KS,kr_stock,stagflation_reinflation_energy_shock,Stagflation / Reinflation / Energy Shock,물가·에너지 재상승장,us_global,-0.378862,-0.002846,0.0,negative,0.378862,medium,72.540929,rolling_beta,v3,1,1185,1185,2,market,pass,N,,2026-06-09,0,0.0,0.0,high,N,scenario inactive,inactive scenario,-0.017068,,-0.002846,inflation_hedge,성장 부담이 있는데 유가·원자재·인플레이션 압력이 다시 커지는 장세입니다. 에너지/원자재 수혜와 장기채 부담을 함께 봅니다.
000270.KS,000270.KS,kr_stock,soft_landing_goldilocks,Soft Landing / Goldilocks,우호적 위험선호장,us_global,-0.040102,-0.002846,0.0,neutral,0.040102,low,65.4571,rolling_beta,v3,1,1185,1185,3,market,pass,N,,2026-06-09,0,0.0,0.0,high,N,non-adverse scenario,inactive scenario,-0.040102,-0.045022,-0.002846,neutral_or_defensive,우호적 위험선호장 참여 민감도
000660.KS,000660.KS,kr_stock,usd_strength_krw_weakness,USD Strength / KRW Weakness,달러강세/원화약세장,fx_krw,0.68326,-0.005944,1.277738,positive,0.68326,medium,70.962151,rolling_beta,v3,1,1078,1078,4,market,pass,N,,2026-06-09,1,0.975204,0.975204,high,Y,trade-gated adverse scenario with medium/high evidence,active market context,-0.815826,1.277738,-0.005944,krw_weakness_vulnerable,달러가 강하고 원화가 약해져 KRW 기준 투자자의 환율 리스크가 커지는 장세입니다. 한국 자산과 USD 노출의 역할을 분리해 봅니다.
000660.KS,000660.KS,kr_stock,china_trade_fragmentation_shock,China / Trade Fragmentation Shock,중국·무역분절 충격장,china_asia,0.985199,-0.005944,1.277738,positive,0.985199,high,65.435166,rolling_beta,v3,1,1078,1078,5,market,pass,N,,2026-06-09,1,0.963122,0.963122,high,Y,trade-gated adverse scenario with medium/high evidence,active market context,1.458015,1.277738,-0.005944,china_asia_shock_vulnerable,중국 경기·무역갈등·공급망 충격이 한국/아시아와 반도체 자산에 번지는 장세입니다. 한국 반도체 factor와 원화 약세를 함께 확인합니다.
000660.KS,000660.KS,kr_stock,acute_global_stress_liquidity_crunch,Acute Global Stress / Liquidity Crunch,급성 리스크오프/유동성 경색장,us_global,0.267464,-0.005944,0.172471,positive,0.267464,low,76.127067,rolling_beta,v3,1,1185,1185,3,market,pass,N,,2026-06-09,1,0.942163,0.942163,high,Y,trade-gated adverse scenario with medium/high evidence,active market context,-0.000128,0.172471,-0.005944,liquidity_stress_vulnerable,변동성이 튀고 위험자산이 동반 약세를 보이는 단기 스트레스 장세입니다. 상관관계 상승과 유동성 악화를 우선 점검합니다.
000660.KS,000660.KS,kr_stock,higher_for_longer_long_rate_shock,Higher-for-Longer / Long-Rate Shock,장기금리 부담장,us_global,0.25,-0.005944,0.172471,positive,0.25,low,62.128209,rolling_beta,v3,1,1185,1185,3,market,pass,N,,2026-06-09,1,0.908767,0.908767,high,Y,trade-gated adverse scenario with medium/high evidence,active market context,-0.000128,0.172471,-0.005944,rate_sensitive,장기금리와 달러 강세 부담이 채권·성장주·신용자산을 압박하는 장세입니다. 고밸류 성장주와 반도체 factor 민감도를 점검합니다.
000660.KS,000660.KS,kr_stock,semiconductor_ai_cycle_shock,Semiconductor / AI Cycle Shock,AI·반도체 사이클 충격장,korea_semiconductor,0.988738,-0.005944,0.20459,positive,0.988738,high,43.672,rolling_beta,v3,1,1078,1078,6,market,pass,N,,2026-06-09,1,0.377914,0.0,medium,N,context only: WATCH state,context only: WATCH state,0.148631,0.20459,-0.005944,semiconductor_ai_shock_vulnerable,"AI capex 기대와 반도체 모멘텀이 꺾이면서 미국 성장주와 한국 반도체 대형주가 동시에 압박받는 장세입니다. SOXX, AI leader basket, 한국 반도체 basket의 동반 약세와 원화 압력을 함께 봅니다."
000660.KS,000660.KS,kr_stock,korea_domestic_financial_stress,Korea Domestic Financial Stress,한국 내수 금융스트레스장,korea_market,1.280242,-0.005944,1.277738,positive,1.280242,high,61.630274,rolling_beta,v3,1,1078,1078,5,seed,pass,Y,,2026-06-09,1,0.401006,0.0,medium,N,context only: source_quality=seed,context only: source_quality=seed,1.458015,1.277738,-0.005944,korea_financial_stress_vulnerable,"가계부채, 부동산 PF, 비은행권, 금융주와 건설주 스트레스가 한국 자산 전반으로 번지는 장세입니다. 금융/건설 basket, 신용 spread, 단기자금 spread, 원화 약세를 함께 점검합니다."
000660.KS,000660.KS,kr_stock,geopolitical_escalation_supply_shock,Geopolitical Escalation / Supply Shock,지정학 확전·공급충격장,geopolitical,0.348591,-0.005944,0.0,positive,0.348591,medium,65.604388,rolling_beta,v3,1,1078,1078,3,manual,pass,Y,,2026-06-09,1,0.398559,0.0,medium,N,context only: source_quality=manual,context only: source_quality=manual,-0.046433,,-0.005944,geopolitical_supply_shock_vulnerable,"전쟁, 제재, 해상로 차질, 대만·중동·한반도 긴장처럼 유가·금·방산·변동성이 동시에 움직이는 이벤트성 충격 장세입니다. 뉴스 overlay는 가격 신호를 보강하는 용도로만 해석합니다."
000660.KS,000660.KS,kr_stock,slowdown_recession_deflation_risk,Slowdown / Recession / Deflation Risk,경기둔화/침체 우려장,us_global,0.207944,-0.005944,0.172471,positive,0.207944,low,72.589407,rolling_beta,v3,1,1185,1185,3,market,pass,N,,2026-06-09,0,0.0,0.0,high,N,scenario inactive,inactive scenario,-0.000128,0.172471,-0.005944,slowdown_vulnerable,수요 둔화와 침체/디플레이션 압력이 커지는 방어적 장세입니다. 주식 beta와 신용위험을 보수적으로 봅니다.
000660.KS,000660.KS,kr_stock,stagflation_reinflation_energy_shock,Stagflation / Reinflation / Energy Shock,물가·에너지 재상승장,us_global,0.148591,-0.005944,0.0,positive,0.148591,low,72.540929,rolling_beta,v3,1,1185,1185,2,market,pass,N,,2026-06-09,0,0.0,0.0,high,N,scenario inactive,inactive scenario,-0.046433,,-0.005944,stagflation_vulnerable,성장 부담이 있는데 유가·원자재·인플레이션 압력이 다시 커지는 장세입니다. 에너지/원자재 수혜와 장기채 부담을 함께 봅니다.
000660.KS,000660.KS,kr_stock,soft_landing_goldilocks,Soft Landing / Goldilocks,우호적 위험선호장,us_global,-0.000128,-0.005944,0.172471,neutral,0.000128,low,65.4571,rolling_beta,v3,1,1185,1185,3,market,pass,N,,2026-06-09,0,0.0,0.0,high,N,non-adverse scenario,inactive scenario,-0.000128,0.172471,-0.005944,neutral_or_defensive,우호적 위험선호장 참여 민감도
000810.KS,000810.KS,kr_stock,usd_strength_krw_weakness,USD Strength / KRW Weakness,달러강세/원화약세장,fx_krw,0.558765,-0.002283,0.55879,positive,0.558765,medium,70.962151,rolling_beta,v3,1,1078,1078,4,market,pass,N,,2026-06-09,1,0.975204,0.975204,high,Y,trade-gated adverse scenario with medium/high evidence,active market context,-0.312928,0.55879,-0.002283,krw_weakness_vulnerable,달러가 강하고 원화가 약해져 KRW 기준 투자자의 환율 리스크가 커지는 장세입니다. 한국 자산과 USD 노출의 역할을 분리해 봅니다.
000810.KS,000810.KS,kr_stock,china_trade_fragmentation_shock,China / Trade Fragmentation Shock,중국·무역분절 충격장,china_asia,0.444091,-0.002283,0.55879,positive,0.444091,medium,65.435166,rolling_beta,v3,1,1078,1078,5,market,pass,N,,2026-06-09,1,0.963122,0.963122,high,Y,trade-gated adverse scenario with medium/high evidence,active market context,0.5258,0.55879,-0.002283,china_asia_shock_vulnerable,중국 경기·무역갈등·공급망 충격이 한국/아시아와 반도체 자산에 번지는 장세입니다. 한국 반도체 factor와 원화 약세를 함께 확인합니다.
000810.KS,000810.KS,kr_stock,acute_global_stress_liquidity_crunch,Acute Global Stress / Liquidity Crunch,급성 리스크오프/유동성 경색장,us_global,0.102742,-0.002283,0.0,positive,0.102742,low,76.127067,rolling_beta,v3,1,1185,1185,3,market,pass,N,,2026-06-09,1,0.942163,0.942163,high,Y,trade-gated adverse scenario with medium/high evidence,active market context,-0.067268,-0.043854,-0.002283,liquidity_stress_vulnerable,변동성이 튀고 위험자산이 동반 약세를 보이는 단기 스트레스 장세입니다. 상관관계 상승과 유동성 악화를 우선 점검합니다.
000810.KS,000810.KS,kr_stock,higher_for_longer_long_rate_shock,Higher-for-Longer / Long-Rate Shock,장기금리 부담장,us_global,0.45,-0.002283,0.0,positive,0.45,medium,62.128209,rolling_beta,v3,1,1185,1185,3,market,pass,N,,2026-06-09,1,0.908767,0.908767,high,Y,trade-gated adverse scenario with medium/high evidence,active market context,-0.067268,-0.043854,-0.002283,rate_sensitive,장기금리와 달러 강세 부담이 채권·성장주·신용자산을 압박하는 장세입니다. 고밸류 성장주와 반도체 factor 민감도를 점검합니다.
000810.KS,000810.KS,kr_stock,semiconductor_ai_cycle_shock,Semiconductor / AI Cycle Shock,AI·반도체 사이클 충격장,korea_semiconductor,-0.01384,-0.002283,0.137836,neutral,0.01384,low,43.672,rolling_beta,v3,1,1078,1078,6,market,pass,N,,2026-06-09,1,0.377914,0.0,medium,N,context only: WATCH state,context only: WATCH state,-0.017514,0.137836,-0.002283,semiconductor_ai_shock_hedge,"AI capex 기대와 반도체 모멘텀이 꺾이면서 미국 성장주와 한국 반도체 대형주가 동시에 압박받는 장세입니다. SOXX, AI leader basket, 한국 반도체 basket의 동반 약세와 원화 압력을 함께 봅니다."
000810.KS,000810.KS,kr_stock,korea_domestic_financial_stress,Korea Domestic Financial Stress,한국 내수 금융스트레스장,korea_market,0.579753,-0.002283,0.55879,positive,0.579753,medium,61.630274,rolling_beta,v3,1,1078,1078,5,seed,pass,Y,,2026-06-09,1,0.401006,0.0,medium,N,context only: source_quality=seed,context only: source_quality=seed,0.5258,0.55879,-0.002283,korea_financial_stress_vulnerable,"가계부채, 부동산 PF, 비은행권, 금융주와 건설주 스트레스가 한국 자산 전반으로 번지는 장세입니다. 금융/건설 basket, 신용 spread, 단기자금 spread, 원화 약세를 함께 점검합니다."
000810.KS,000810.KS,kr_stock,geopolitical_escalation_supply_shock,Geopolitical Escalation / Supply Shock,지정학 확전·공급충격장,geopolitical,-0.000329,-0.002283,0.0,neutral,0.000329,low,65.604388,rolling_beta,v3,1,1078,1078,3,manual,pass,Y,,2026-06-09,1,0.398559,0.0,medium,N,context only: source_quality=manual,context only: source_quality=manual,-0.014029,,-0.002283,geopolitical_supply_shock_hedge,"전쟁, 제재, 해상로 차질, 대만·중동·한반도 긴장처럼 유가·금·방산·변동성이 동시에 움직이는 이벤트성 충격 장세입니다. 뉴스 overlay는 가격 신호를 보강하는 용도로만 해석합니다."
000810.KS,000810.KS,kr_stock,slowdown_recession_deflation_risk,Slowdown / Recession / Deflation Risk,경기둔화/침체 우려장,us_global,-0.313814,-0.002283,0.0,negative,0.313814,medium,72.589407,rolling_beta,v3,1,1185,1185,3,market,pass,N,,2026-06-09,0,0.0,0.0,high,N,scenario inactive,inactive scenario,-0.067268,-0.043854,-0.002283,slowdown_defense,수요 둔화와 침체/디플레이션 압력이 커지는 방어적 장세입니다. 주식 beta와 신용위험을 보수적으로 봅니다.
000810.KS,000810.KS,kr_stock,stagflation_reinflation_energy_shock,Stagflation / Reinflation / Energy Shock,물가·에너지 재상승장,us_global,0.257079,-0.002283,0.0,positive,0.257079,low,72.540929,rolling_beta,v3,1,1185,1185,2,market,pass,N,,2026-06-09,0,0.0,0.0,high,N,scenario inactive,inactive scenario,-0.014029,,-0.002283,stagflation_vulnerable,성장 부담이 있는데 유가·원자재·인플레이션 압력이 다시 커지는 장세입니다. 에너지/원자재 수혜와 장기채 부담을 함께 봅니다.
000810.KS,000810.KS,kr_stock,soft_landing_goldilocks,Soft Landing / Goldilocks,우호적 위험선호장,us_global,-0.067268,-0.002283,0.0,negative,0.067268,low,65.4571,rolling_beta,v3,1,1185,1185,3,market,pass,N,,2026-06-09,0,0.0,0.0,high,N,non-adverse scenario,inactive scenario,-0.067268,-0.043854,-0.002283,neutral_or_defensive,우호적 위험선호장 참여 민감도
003670.KS,003670.KS,kr_stock,usd_strength_krw_weakness,USD Strength / KRW Weakness,달러강세/원화약세장,fx_krw,0.594888,-0.009102,1.104471,positive,0.594888,medium,70.962151,rolling_beta,v3,1,1078,1078,4,market,pass,N,,2026-06-09,1,0.975204,0.975204,high,Y,trade-gated adverse scenario with medium/high evidence,active market context,-0.798195,1.104471,-0.009102,krw_weakness_vulnerable,달러가 강하고 원화가 약해져 KRW 기준 투자자의 환율 리스크가 커지는 장세입니다. 한국 자산과 USD 노출의 역할을 분리해 봅니다.
003670.KS,003670.KS,kr_stock,china_trade_fragmentation_shock,China / Trade Fragmentation Shock,중국·무역분절 충격장,china_asia,0.643467,-0.009102,1.104471,positive,0.643467,medium,65.435166,rolling_beta,v3,1,1078,1078,5,market,pass,N,,2026-06-09,1,0.963122,0.963122,high,Y,trade-gated adverse scenario with medium/high evidence,active market context,0.994922,1.104471,-0.009102,china_asia_shock_vulnerable,중국 경기·무역갈등·공급망 충격이 한국/아시아와 반도체 자산에 번지는 장세입니다. 한국 반도체 factor와 원화 약세를 함께 확인합니다.
003670.KS,003670.KS,kr_stock,acute_global_stress_liquidity_crunch,Acute Global Stress / Liquidity Crunch,급성 리스크오프/유동성 경색장,us_global,0.409602,-0.009102,0.0,positive,0.409602,medium,76.127067,rolling_beta,v3,1,1185,1185,3,market,pass,N,,2026-06-09,1,0.942163,0.942163,high,Y,trade-gated adverse scenario with medium/high evidence,active market context,-0.098333,-0.123101,-0.009102,liquidity_stress_vulnerable,변동성이 튀고 위험자산이 동반 약세를 보이는 단기 스트레스 장세입니다. 상관관계 상승과 유동성 악화를 우선 점검합니다.
003670.KS,003670.KS,kr_stock,higher_for_longer_long_rate_shock,Higher-for-Longer / Long-Rate Shock,장기금리 부담장,us_global,0.45,-0.009102,0.0,positive,0.45,medium,62.128209,rolling_beta,v3,1,1185,1185,3,market,pass,N,,2026-06-09,1,0.908767,0.908767,high,Y,trade-gated adverse scenario with medium/high evidence,active market context,-0.098333,-0.123101,-0.009102,rate_sensitive,장기금리와 달러 강세 부담이 채권·성장주·신용자산을 압박하는 장세입니다. 고밸류 성장주와 반도체 factor 민감도를 점검합니다.
003670.KS,003670.KS,kr_stock,semiconductor_ai_cycle_shock,Semiconductor / AI Cycle Shock,AI·반도체 사이클 충격장,korea_semiconductor,0.3013,-0.009102,0.044156,positive,0.3013,medium,43.672,rolling_beta,v3,1,1078,1078,6,market,pass,N,,2026-06-09,1,0.377914,0.0,medium,N,context only: WATCH state,context only: WATCH state,-0.000607,0.044156,-0.009102,semiconductor_ai_shock_vulnerable,"AI capex 기대와 반도체 모멘텀이 꺾이면서 미국 성장주와 한국 반도체 대형주가 동시에 압박받는 장세입니다. SOXX, AI leader basket, 한국 반도체 basket의 동반 약세와 원화 압력을 함께 봅니다."
003670.KS,003670.KS,kr_stock,korea_domestic_financial_stress,Korea Domestic Financial Stress,한국 내수 금융스트레스장,korea_market,0.841967,-0.009102,1.104471,positive,0.841967,high,61.630274,rolling_beta,v3,1,1078,1078,5,seed,pass,Y,,2026-06-09,1,0.401006,0.0,medium,N,context only: source_quality=seed,context only: source_quality=seed,0.994922,1.104471,-0.009102,korea_financial_stress_vulnerable,"가계부채, 부동산 PF, 비은행권, 금융주와 건설주 스트레스가 한국 자산 전반으로 번지는 장세입니다. 금융/건설 basket, 신용 spread, 단기자금 spread, 원화 약세를 함께 점검합니다."
003670.KS,003670.KS,kr_stock,geopolitical_escalation_supply_shock,Geopolitical Escalation / Supply Shock,지정학 확전·공급충격장,geopolitical,-0.172443,-0.009102,0.0,negative,0.172443,low,65.604388,rolling_beta,v3,1,1078,1078,3,manual,pass,Y,,2026-06-09,1,0.398559,0.0,medium,N,context only: source_quality=manual,context only: source_quality=manual,-0.010356,,-0.009102,geopolitical_supply_shock_hedge,"전쟁, 제재, 해상로 차질, 대만·중동·한반도 긴장처럼 유가·금·방산·변동성이 동시에 움직이는 이벤트성 충격 장세입니다. 뉴스 overlay는 가격 신호를 보강하는 용도로만 해석합니다."
003670.KS,003670.KS,kr_stock,slowdown_recession_deflation_risk,Slowdown / Recession / Deflation Risk,경기둔화/침체 우려장,us_global,-0.095338,-0.009102,0.0,negative,0.095338,low,72.589407,rolling_beta,v3,1,1185,1185,3,market,pass,N,,2026-06-09,0,0.0,0.0,high,N,scenario inactive,inactive scenario,-0.098333,-0.123101,-0.009102,slowdown_defense,수요 둔화와 침체/디플레이션 압력이 커지는 방어적 장세입니다. 주식 beta와 신용위험을 보수적으로 봅니다.
003670.KS,003670.KS,kr_stock,stagflation_reinflation_energy_shock,Stagflation / Reinflation / Energy Shock,물가·에너지 재상승장,us_global,-0.022443,-0.009102,0.0,neutral,0.022443,low,72.540929,rolling_beta,v3,1,1185,1185,2,market,pass,N,,2026-06-09,0,0.0,0.0,high,N,scenario inactive,inactive scenario,-0.010356,,-0.009102,inflation_hedge,성장 부담이 있는데 유가·원자재·인플레이션 압력이 다시 커지는 장세입니다. 에너지/원자재 수혜와 장기채 부담을 함께 봅니다.
003670.KS,003670.KS,kr_stock,soft_landing_goldilocks,Soft Landing / Goldilocks,우호적 위험선호장,us_global,-0.098333,-0.009102,0.0,negative,0.098333,low,65.4571,rolling_beta,v3,1,1185,1185,3,market,pass,N,,2026-06-09,0,0.0,0.0,high,N,non-adverse scenario,inactive scenario,-0.098333,-0.123101,-0.009102,neutral_or_defensive,우호적 위험선호장 참여 민감도
005380.KS,005380.KS,kr_stock,usd_strength_krw_weakness,USD Strength / KRW Weakness,달러강세/원화약세장,fx_krw,0.640266,-0.004158,0.974958,positive,0.640266,medium,70.962151,rolling_beta,v3,1,1078,1078,4,market,pass,N,,2026-06-09,1,0.975204,0.975204,high,Y,trade-gated adverse scenario with medium/high evidence,active market context,-0.440116,0.974958,-0.004158,krw_weakness_vulnerable,달러가 강하고 원화가 약해져 KRW 기준 투자자의 환율 리스크가 커지는 장세입니다. 한국 자산과 USD 노출의 역할을 분리해 봅니다.
005380.KS,005380.KS,kr_stock,china_trade_fragmentation_shock,China / Trade Fragmentation Shock,중국·무역분절 충격장,china_asia,0.556164,-0.004158,0.974958,positive,0.556164,medium,65.435166,rolling_beta,v3,1,1078,1078,5,market,pass,N,,2026-06-09,1,0.963122,0.963122,high,Y,trade-gated adverse scenario with medium/high evidence,active market context,0.895988,0.974958,-0.004158,china_asia_shock_vulnerable,중국 경기·무역갈등·공급망 충격이 한국/아시아와 반도체 자산에 번지는 장세입니다. 한국 반도체 factor와 원화 약세를 함께 확인합니다.
005380.KS,005380.KS,kr_stock,acute_global_stress_liquidity_crunch,Acute Global Stress / Liquidity Crunch,급성 리스크오프/유동성 경색장,us_global,0.187111,-0.004158,0.015521,positive,0.187111,low,76.127067,rolling_beta,v3,1,1185,1185,3,market,pass,N,,2026-06-09,1,0.942163,0.942163,high,Y,trade-gated adverse scenario with medium/high evidence,active market context,-0.031956,0.015521,-0.004158,liquidity_stress_vulnerable,변동성이 튀고 위험자산이 동반 약세를 보이는 단기 스트레스 장세입니다. 상관관계 상승과 유동성 악화를 우선 점검합니다.
005380.KS,005380.KS,kr_stock,higher_for_longer_long_rate_shock,Higher-for-Longer / Long-Rate Shock,장기금리 부담장,us_global,0.0,-0.004158,0.015521,neutral,0.0,low,62.128209,rolling_beta,v3,1,1185,1185,3,market,pass,N,,2026-06-09,1,0.908767,0.908767,high,Y,trade-gated adverse scenario with medium/high evidence,active market context,-0.031956,0.015521,-0.004158,rate_sensitive,장기금리와 달러 강세 부담이 채권·성장주·신용자산을 압박하는 장세입니다. 고밸류 성장주와 반도체 factor 민감도를 점검합니다.
005380.KS,005380.KS,kr_stock,semiconductor_ai_cycle_shock,Semiconductor / AI Cycle Shock,AI·반도체 사이클 충격장,korea_semiconductor,0.333773,-0.004158,0.147406,positive,0.333773,medium,43.672,rolling_beta,v3,1,1078,1078,6,market,pass,N,,2026-06-09,1,0.377914,0.0,medium,N,context only: WATCH state,context only: WATCH state,0.052358,0.147406,-0.004158,semiconductor_ai_shock_vulnerable,"AI capex 기대와 반도체 모멘텀이 꺾이면서 미국 성장주와 한국 반도체 대형주가 동시에 압박받는 장세입니다. SOXX, AI leader basket, 한국 반도체 basket의 동반 약세와 원화 압력을 함께 봅니다."
005380.KS,005380.KS,kr_stock,korea_domestic_financial_stress,Korea Domestic Financial Stress,한국 내수 금융스트레스장,korea_market,1.049336,-0.004158,0.974958,positive,1.049336,high,61.630274,rolling_beta,v3,1,1078,1078,5,seed,pass,Y,,2026-06-09,1,0.401006,0.0,medium,N,context only: source_quality=seed,context only: source_quality=seed,0.895988,0.974958,-0.004158,korea_financial_stress_vulnerable,"가계부채, 부동산 PF, 비은행권, 금융주와 건설주 스트레스가 한국 자산 전반으로 번지는 장세입니다. 금융/건설 basket, 신용 spread, 단기자금 spread, 원화 약세를 함께 점검합니다."
005380.KS,005380.KS,kr_stock,geopolitical_escalation_supply_shock,Geopolitical Escalation / Supply Shock,지정학 확전·공급충격장,geopolitical,-0.050674,-0.004158,0.0,negative,0.050674,low,65.604388,rolling_beta,v3,1,1078,1078,3,manual,pass,Y,,2026-06-09,1,0.398559,0.0,medium,N,context only: source_quality=manual,context only: source_quality=manual,8.2e-05,,-0.004158,geopolitical_supply_shock_hedge,"전쟁, 제재, 해상로 차질, 대만·중동·한반도 긴장처럼 유가·금·방산·변동성이 동시에 움직이는 이벤트성 충격 장세입니다. 뉴스 overlay는 가격 신호를 보강하는 용도로만 해석합니다."
005380.KS,005380.KS,kr_stock,slowdown_recession_deflation_risk,Slowdown / Recession / Deflation Risk,경기둔화/침체 우려장,us_global,0.12476,-0.004158,0.015521,positive,0.12476,low,72.589407,rolling_beta,v3,1,1185,1185,3,market,pass,N,,2026-06-09,0,0.0,0.0,high,N,scenario inactive,inactive scenario,-0.031956,0.015521,-0.004158,slowdown_vulnerable,수요 둔화와 침체/디플레이션 압력이 커지는 방어적 장세입니다. 주식 beta와 신용위험을 보수적으로 봅니다.
005380.KS,005380.KS,kr_stock,stagflation_reinflation_energy_shock,Stagflation / Reinflation / Energy Shock,물가·에너지 재상승장,us_global,-0.346049,-0.004158,0.0,negative,0.346049,medium,72.540929,rolling_beta,v3,1,1185,1185,2,market,pass,N,,2026-06-09,0,0.0,0.0,high,N,scenario inactive,inactive scenario,8.2e-05,,-0.004158,inflation_hedge,성장 부담이 있는데 유가·원자재·인플레이션 압력이 다시 커지는 장세입니다. 에너지/원자재 수혜와 장기채 부담을 함께 봅니다.
005380.KS,005380.KS,kr_stock,soft_landing_goldilocks,Soft Landing / Goldilocks,우호적 위험선호장,us_global,-0.031956,-0.004158,0.015521,neutral,0.031956,low,65.4571,rolling_beta,v3,1,1185,1185,3,market,pass,N,,2026-06-09,0,0.0,0.0,high,N,non-adverse scenario,inactive scenario,-0.031956,0.015521,-0.004158,neutral_or_defensive,우호적 위험선호장 참여 민감도
005490.KS,005490.KS,kr_stock,usd_strength_krw_weakness,USD Strength / KRW Weakness,달러강세/원화약세장,fx_krw,0.591333,-0.006645,0.941702,positive,0.591333,medium,70.962151,rolling_beta,v3,1,1078,1078,4,market,pass,N,,2026-06-09,1,0.975204,0.975204,high,Y,trade-gated adverse scenario with medium/high evidence,active market context,-0.625093,0.941702,-0.006645,krw_weakness_vulnerable,달러가 강하고 원화가 약해져 KRW 기준 투자자의 환율 리스크가 커지는 장세입니다. 한국 자산과 USD 노출의 역할을 분리해 봅니다.
005490.KS,005490.KS,kr_stock,china_trade_fragmentation_shock,China / Trade Fragmentation Shock,중국·무역분절 충격장,china_asia,0.579197,-0.006645,0.941702,positive,0.579197,medium,65.435166,rolling_beta,v3,1,1078,1078,5,market,pass,N,,2026-06-09,1,0.963122,0.963122,high,Y,trade-gated adverse scenario with medium/high evidence,active market context,0.831791,0.941702,-0.006645,china_asia_shock_vulnerable,중국 경기·무역갈등·공급망 충격이 한국/아시아와 반도체 자산에 번지는 장세입니다. 한국 반도체 factor와 원화 약세를 함께 확인합니다.
005490.KS,005490.KS,kr_stock,acute_global_stress_liquidity_crunch,Acute Global Stress / Liquidity Crunch,급성 리스크오프/유동성 경색장,us_global,0.299036,-0.006645,0.0,positive,0.299036,low,76.127067,rolling_beta,v3,1,1185,1185,3,market,pass,N,,2026-06-09,1,0.942163,0.942163,high,Y,trade-gated adverse scenario with medium/high evidence,active market context,-0.099984,-0.110214,-0.006645,liquidity_stress_vulnerable,변동성이 튀고 위험자산이 동반 약세를 보이는 단기 스트레스 장세입니다. 상관관계 상승과 유동성 악화를 우선 점검합니다.
005490.KS,005490.KS,kr_stock,higher_for_longer_long_rate_shock,Higher-for-Longer / Long-Rate Shock,장기금리 부담장,us_global,0.0,-0.006645,0.0,neutral,0.0,low,62.128209,rolling_beta,v3,1,1185,1185,3,market,pass,N,,2026-06-09,1,0.908767,0.908767,high,Y,trade-gated adverse scenario with medium/high evidence,active market context,-0.099984,-0.110214,-0.006645,rate_sensitive,장기금리와 달러 강세 부담이 채권·성장주·신용자산을 압박하는 장세입니다. 고밸류 성장주와 반도체 factor 민감도를 점검합니다.
005490.KS,005490.KS,kr_stock,semiconductor_ai_cycle_shock,Semiconductor / AI Cycle Shock,AI·반도체 사이클 충격장,korea_semiconductor,0.291221,-0.006645,0.0,positive,0.291221,low,43.672,rolling_beta,v3,1,1078,1078,6,market,pass,N,,2026-06-09,1,0.377914,0.0,medium,N,context only: WATCH state,context only: WATCH state,-0.022875,-0.025065,-0.006645,semiconductor_ai_shock_vulnerable,"AI capex 기대와 반도체 모멘텀이 꺾이면서 미국 성장주와 한국 반도체 대형주가 동시에 압박받는 장세입니다. SOXX, AI leader basket, 한국 반도체 basket의 동반 약세와 원화 압력을 함께 봅니다."
005490.KS,005490.KS,kr_stock,korea_domestic_financial_stress,Korea Domestic Financial Stress,한국 내수 금융스트레스장,korea_market,1.088459,-0.006645,0.941702,positive,1.088459,high,61.630274,rolling_beta,v3,1,1078,1078,5,seed,pass,Y,,2026-06-09,1,0.401006,0.0,medium,N,context only: source_quality=seed,context only: source_quality=seed,0.831791,0.941702,-0.006645,korea_financial_stress_vulnerable,"가계부채, 부동산 PF, 비은행권, 금융주와 건설주 스트레스가 한국 자산 전반으로 번지는 장세입니다. 금융/건설 basket, 신용 spread, 단기자금 spread, 원화 약세를 함께 점검합니다."
005490.KS,005490.KS,kr_stock,geopolitical_escalation_supply_shock,Geopolitical Escalation / Supply Shock,지정학 확전·공급충격장,geopolitical,0.010441,-0.006645,0.0,neutral,0.010441,low,65.604388,rolling_beta,v3,1,1078,1078,3,manual,pass,Y,,2026-06-09,1,0.398559,0.0,medium,N,context only: source_quality=manual,context only: source_quality=manual,0.056899,,-0.006645,geopolitical_supply_shock_vulnerable,"전쟁, 제재, 해상로 차질, 대만·중동·한반도 긴장처럼 유가·금·방산·변동성이 동시에 움직이는 이벤트성 충격 장세입니다. 뉴스 overlay는 가격 신호를 보강하는 용도로만 해석합니다."
005490.KS,005490.KS,kr_stock,slowdown_recession_deflation_risk,Slowdown / Recession / Deflation Risk,경기둔화/침체 우려장,us_global,0.167594,-0.006645,0.0,positive,0.167594,low,72.589407,rolling_beta,v3,1,1185,1185,3,market,pass,N,,2026-06-09,0,0.0,0.0,high,N,scenario inactive,inactive scenario,-0.099984,-0.110214,-0.006645,slowdown_vulnerable,수요 둔화와 침체/디플레이션 압력이 커지는 방어적 장세입니다. 주식 beta와 신용위험을 보수적으로 봅니다.
005490.KS,005490.KS,kr_stock,stagflation_reinflation_energy_shock,Stagflation / Reinflation / Energy Shock,물가·에너지 재상승장,us_global,-0.283869,-0.006645,0.0,negative,0.283869,low,72.540929,rolling_beta,v3,1,1185,1185,2,market,pass,N,,2026-06-09,0,0.0,0.0,high,N,scenario inactive,inactive scenario,0.056899,,-0.006645,inflation_hedge,성장 부담이 있는데 유가·원자재·인플레이션 압력이 다시 커지는 장세입니다. 에너지/원자재 수혜와 장기채 부담을 함께 봅니다.
005490.KS,005490.KS,kr_stock,soft_landing_goldilocks,Soft Landing / Goldilocks,우호적 위험선호장,us_global,-0.099984,-0.006645,0.0,negative,0.099984,low,65.4571,rolling_beta,v3,1,1185,1185,3,market,pass,N,,2026-06-09,0,0.0,0.0,high,N,non-adverse scenario,inactive scenario,-0.099984,-0.110214,-0.006645,neutral_or_defensive,우호적 위험선호장 참여 민감도
005930.KS,005930.KS,kr_stock,usd_strength_krw_weakness,USD Strength / KRW Weakness,달러강세/원화약세장,fx_krw,0.685668,-0.007075,1.078485,positive,0.685668,medium,70.962151,rolling_beta,v3,1,1078,1078,4,market,pass,N,,2026-06-09,1,0.975204,0.975204,high,Y,trade-gated adverse scenario with medium/high evidence,active market context,-0.626063,1.078485,-0.007075,krw_weakness_vulnerable,달러가 강하고 원화가 약해져 KRW 기준 투자자의 환율 리스크가 커지는 장세입니다. 한국 자산과 USD 노출의 역할을 분리해 봅니다.
005930.KS,005930.KS,kr_stock,china_trade_fragmentation_shock,China / Trade Fragmentation Shock,중국·무역분절 충격장,china_asia,1.01542,-0.007075,1.078485,positive,1.01542,high,65.435166,rolling_beta,v3,1,1078,1078,5,market,pass,N,,2026-06-09,1,0.963122,0.963122,high,Y,trade-gated adverse scenario with medium/high evidence,active market context,1.167844,1.078485,-0.007075,china_asia_shock_vulnerable,중국 경기·무역갈등·공급망 충격이 한국/아시아와 반도체 자산에 번지는 장세입니다. 한국 반도체 factor와 원화 약세를 함께 확인합니다.
005930.KS,005930.KS,kr_stock,acute_global_stress_liquidity_crunch,Acute Global Stress / Liquidity Crunch,급성 리스크오프/유동성 경색장,us_global,0.318394,-0.007075,0.025664,positive,0.318394,medium,76.127067,rolling_beta,v3,1,1185,1185,3,market,pass,N,,2026-06-09,1,0.942163,0.942163,high,Y,trade-gated adverse scenario with medium/high evidence,active market context,-0.042724,0.025664,-0.007075,liquidity_stress_vulnerable,변동성이 튀고 위험자산이 동반 약세를 보이는 단기 스트레스 장세입니다. 상관관계 상승과 유동성 악화를 우선 점검합니다.
005930.KS,005930.KS,kr_stock,higher_for_longer_long_rate_shock,Higher-for-Longer / Long-Rate Shock,장기금리 부담장,us_global,0.25,-0.007075,0.025664,positive,0.25,low,62.128209,rolling_beta,v3,1,1185,1185,3,market,pass,N,,2026-06-09,1,0.908767,0.908767,high,Y,trade-gated adverse scenario with medium/high evidence,active market context,-0.042724,0.025664,-0.007075,rate_sensitive,장기금리와 달러 강세 부담이 채권·성장주·신용자산을 압박하는 장세입니다. 고밸류 성장주와 반도체 factor 민감도를 점검합니다.
005930.KS,005930.KS,kr_stock,semiconductor_ai_cycle_shock,Semiconductor / AI Cycle Shock,AI·반도체 사이클 충격장,korea_semiconductor,0.897769,-0.007075,0.096442,positive,0.897769,high,43.672,rolling_beta,v3,1,1078,1078,6,market,pass,N,,2026-06-09,1,0.377914,0.0,medium,N,context only: WATCH state,context only: WATCH state,0.069319,0.096442,-0.007075,semiconductor_ai_shock_vulnerable,"AI capex 기대와 반도체 모멘텀이 꺾이면서 미국 성장주와 한국 반도체 대형주가 동시에 압박받는 장세입니다. SOXX, AI leader basket, 한국 반도체 basket의 동반 약세와 원화 압력을 함께 봅니다."
005930.KS,005930.KS,kr_stock,korea_domestic_financial_stress,Korea Domestic Financial Stress,한국 내수 금융스트레스장,korea_market,1.190473,-0.007075,1.078485,positive,1.190473,high,61.630274,rolling_beta,v3,1,1078,1078,5,seed,pass,Y,,2026-06-09,1,0.401006,0.0,medium,N,context only: source_quality=seed,context only: source_quality=seed,1.167844,1.078485,-0.007075,korea_financial_stress_vulnerable,"가계부채, 부동산 PF, 비은행권, 금융주와 건설주 스트레스가 한국 자산 전반으로 번지는 장세입니다. 금융/건설 basket, 신용 spread, 단기자금 spread, 원화 약세를 함께 점검합니다."
005930.KS,005930.KS,kr_stock,geopolitical_escalation_supply_shock,Geopolitical Escalation / Supply Shock,지정학 확전·공급충격장,geopolitical,0.370587,-0.007075,0.0,positive,0.370587,medium,65.604388,rolling_beta,v3,1,1078,1078,3,manual,pass,Y,,2026-06-09,1,0.398559,0.0,medium,N,context only: source_quality=manual,context only: source_quality=manual,-0.023952,,-0.007075,geopolitical_supply_shock_vulnerable,"전쟁, 제재, 해상로 차질, 대만·중동·한반도 긴장처럼 유가·금·방산·변동성이 동시에 움직이는 이벤트성 충격 장세입니다. 뉴스 overlay는 가격 신호를 보강하는 용도로만 해석합니다."
005930.KS,005930.KS,kr_stock,slowdown_recession_deflation_risk,Slowdown / Recession / Deflation Risk,경기둔화/침체 우려장,us_global,0.219869,-0.007075,0.025664,positive,0.219869,low,72.589407,rolling_beta,v3,1,1185,1185,3,market,pass,N,,2026-06-09,0,0.0,0.0,high,N,scenario inactive,inactive scenario,-0.042724,0.025664,-0.007075,slowdown_vulnerable,수요 둔화와 침체/디플레이션 압력이 커지는 방어적 장세입니다. 주식 beta와 신용위험을 보수적으로 봅니다.
005930.KS,005930.KS,kr_stock,stagflation_reinflation_energy_shock,Stagflation / Reinflation / Energy Shock,물가·에너지 재상승장,us_global,0.176885,-0.007075,0.0,positive,0.176885,low,72.540929,rolling_beta,v3,1,1185,1185,2,market,pass,N,,2026-06-09,0,0.0,0.0,high,N,scenario inactive,inactive scenario,-0.023952,,-0.007075,stagflation_vulnerable,성장 부담이 있는데 유가·원자재·인플레이션 압력이 다시 커지는 장세입니다. 에너지/원자재 수혜와 장기채 부담을 함께 봅니다.
005930.KS,005930.KS,kr_stock,soft_landing_goldilocks,Soft Landing / Goldilocks,우호적 위험선호장,us_global,-0.042724,-0.007075,0.025664,neutral,0.042724,low,65.4571,rolling_beta,v3,1,1185,1185,3,market,pass,N,,2026-06-09,0,0.0,0.0,high,N,non-adverse scenario,inactive scenario,-0.042724,0.025664,-0.007075,neutral_or_defensive,우호적 위험선호장 참여 민감도
006400.KS,006400.KS,kr_stock,usd_strength_krw_weakness,USD Strength / KRW Weakness,달러강세/원화약세장,fx_krw,0.556573,-0.007502,1.087168,positive,0.556573,medium,70.962151,rolling_beta,v3,1,1078,1078,4,market,pass,N,,2026-06-09,1,0.975204,0.975204,high,Y,trade-gated adverse scenario with medium/high evidence,active market context,-0.635401,1.087168,-0.007502,krw_weakness_vulnerable,달러가 강하고 원화가 약해져 KRW 기준 투자자의 환율 리스크가 커지는 장세입니다. 한국 자산과 USD 노출의 역할을 분리해 봅니다.
006400.KS,006400.KS,kr_stock,china_trade_fragmentation_shock,China / Trade Fragmentation Shock,중국·무역분절 충격장,china_asia,0.572803,-0.007502,1.087168,positive,0.572803,medium,65.435166,rolling_beta,v3,1,1078,1078,5,market,pass,N,,2026-06-09,1,0.963122,0.963122,high,Y,trade-gated adverse scenario with medium/high evidence,active market context,0.968984,1.087168,-0.007502,china_asia_shock_vulnerable,중국 경기·무역갈등·공급망 충격이 한국/아시아와 반도체 자산에 번지는 장세입니다. 한국 반도체 factor와 원화 약세를 함께 확인합니다.
006400.KS,006400.KS,kr_stock,acute_global_stress_liquidity_crunch,Acute Global Stress / Liquidity Crunch,급성 리스크오프/유동성 경색장,us_global,0.337581,-0.007502,0.0,positive,0.337581,medium,76.127067,rolling_beta,v3,1,1185,1185,3,market,pass,N,,2026-06-09,1,0.942163,0.942163,high,Y,trade-gated adverse scenario with medium/high evidence,active market context,-0.129588,-0.124996,-0.007502,liquidity_stress_vulnerable,변동성이 튀고 위험자산이 동반 약세를 보이는 단기 스트레스 장세입니다. 상관관계 상승과 유동성 악화를 우선 점검합니다.
006400.KS,006400.KS,kr_stock,higher_for_longer_long_rate_shock,Higher-for-Longer / Long-Rate Shock,장기금리 부담장,us_global,0.45,-0.007502,0.0,positive,0.45,medium,62.128209,rolling_beta,v3,1,1185,1185,3,market,pass,N,,2026-06-09,1,0.908767,0.908767,high,Y,trade-gated adverse scenario with medium/high evidence,active market context,-0.129588,-0.124996,-0.007502,rate_sensitive,장기금리와 달러 강세 부담이 채권·성장주·신용자산을 압박하는 장세입니다. 고밸류 성장주와 반도체 factor 민감도를 점검합니다.
006400.KS,006400.KS,kr_stock,semiconductor_ai_cycle_shock,Semiconductor / AI Cycle Shock,AI·반도체 사이클 충격장,korea_semiconductor,0.273784,-0.007502,0.013674,positive,0.273784,low,43.672,rolling_beta,v3,1,1078,1078,6,market,pass,N,,2026-06-09,1,0.377914,0.0,medium,N,context only: WATCH state,context only: WATCH state,-0.022242,0.013674,-0.007502,semiconductor_ai_shock_vulnerable,"AI capex 기대와 반도체 모멘텀이 꺾이면서 미국 성장주와 한국 반도체 대형주가 동시에 압박받는 장세입니다. SOXX, AI leader basket, 한국 반도체 basket의 동반 약세와 원화 압력을 함께 봅니다."
006400.KS,006400.KS,kr_stock,korea_domestic_financial_stress,Korea Domestic Financial Stress,한국 내수 금융스트레스장,korea_market,0.825725,-0.007502,1.087168,positive,0.825725,high,61.630274,rolling_beta,v3,1,1078,1078,5,seed,pass,Y,,2026-06-09,1,0.401006,0.0,medium,N,context only: source_quality=seed,context only: source_quality=seed,0.968984,1.087168,-0.007502,korea_financial_stress_vulnerable,"가계부채, 부동산 PF, 비은행권, 금융주와 건설주 스트레스가 한국 자산 전반으로 번지는 장세입니다. 금융/건설 basket, 신용 spread, 단기자금 spread, 원화 약세를 함께 점검합니다."
006400.KS,006400.KS,kr_stock,geopolitical_escalation_supply_shock,Geopolitical Escalation / Supply Shock,지정학 확전·공급충격장,geopolitical,-0.215324,-0.007502,0.0,negative,0.215324,low,65.604388,rolling_beta,v3,1,1078,1078,3,manual,pass,Y,,2026-06-09,1,0.398559,0.0,medium,N,context only: source_quality=manual,context only: source_quality=manual,0.028686,,-0.007502,geopolitical_supply_shock_hedge,"전쟁, 제재, 해상로 차질, 대만·중동·한반도 긴장처럼 유가·금·방산·변동성이 동시에 움직이는 이벤트성 충격 장세입니다. 뉴스 overlay는 가격 신호를 보강하는 용도로만 해석합니다."
006400.KS,006400.KS,kr_stock,slowdown_recession_deflation_risk,Slowdown / Recession / Deflation Risk,경기둔화/침체 우려장,us_global,-0.17167,-0.007502,0.0,negative,0.17167,low,72.589407,rolling_beta,v3,1,1185,1185,3,market,pass,N,,2026-06-09,0,0.0,0.0,high,N,scenario inactive,inactive scenario,-0.129588,-0.124996,-0.007502,slowdown_defense,수요 둔화와 침체/디플레이션 압력이 커지는 방어적 장세입니다. 주식 beta와 신용위험을 보수적으로 봅니다.
006400.KS,006400.KS,kr_stock,stagflation_reinflation_energy_shock,Stagflation / Reinflation / Energy Shock,물가·에너지 재상승장,us_global,-0.062455,-0.007502,0.0,negative,0.062455,low,72.540929,rolling_beta,v3,1,1185,1185,2,market,pass,N,,2026-06-09,0,0.0,0.0,high,N,scenario inactive,inactive scenario,0.028686,,-0.007502,inflation_hedge,성장 부담이 있는데 유가·원자재·인플레이션 압력이 다시 커지는 장세입니다. 에너지/원자재 수혜와 장기채 부담을 함께 봅니다.
006400.KS,006400.KS,kr_stock,soft_landing_goldilocks,Soft Landing / Goldilocks,우호적 위험선호장,us_global,-0.129588,-0.007502,0.0,negative,0.129588,low,65.4571,rolling_beta,v3,1,1185,1185,3,market,pass,N,,2026-06-09,0,0.0,0.0,high,N,non-adverse scenario,inactive scenario,-0.129588,-0.124996,-0.007502,neutral_or_defensive,우호적 위험선호장 참여 민감도
011200.KS,011200.KS,kr_stock,usd_strength_krw_weakness,USD Strength / KRW Weakness,달러강세/원화약세장,fx_krw,0.56983,-0.004039,0.586397,positive,0.56983,medium,70.962151,rolling_beta,v3,1,1078,1078,4,market,pass,N,,2026-06-09,1,0.975204,0.975204,high,Y,trade-gated adverse scenario with medium/high evidence,active market context,-0.394502,0.586397,-0.004039,krw_weakness_vulnerable,달러가 강하고 원화가 약해져 KRW 기준 투자자의 환율 리스크가 커지는 장세입니다. 한국 자산과 USD 노출의 역할을 분리해 봅니다.
011200.KS,011200.KS,kr_stock,china_trade_fragmentation_shock,China / Trade Fragmentation Shock,중국·무역분절 충격장,china_asia,0.496836,-0.004039,0.586397,positive,0.496836,medium,65.435166,rolling_beta,v3,1,1078,1078,5,market,pass,N,,2026-06-09,1,0.963122,0.963122,high,Y,trade-gated adverse scenario with medium/high evidence,active market context,0.541964,0.586397,-0.004039,china_asia_shock_vulnerable,중국 경기·무역갈등·공급망 충격이 한국/아시아와 반도체 자산에 번지는 장세입니다. 한국 반도체 factor와 원화 약세를 함께 확인합니다.
011200.KS,011200.KS,kr_stock,acute_global_stress_liquidity_crunch,Acute Global Stress / Liquidity Crunch,급성 리스크오프/유동성 경색장,us_global,0.18175,-0.004039,0.0,positive,0.18175,low,76.127067,rolling_beta,v3,1,1185,1185,3,market,pass,N,,2026-06-09,1,0.942163,0.942163,high,Y,trade-gated adverse scenario with medium/high evidence,active market context,-0.176856,-0.168001,-0.004039,liquidity_stress_vulnerable,변동성이 튀고 위험자산이 동반 약세를 보이는 단기 스트레스 장세입니다. 상관관계 상승과 유동성 악화를 우선 점검합니다.
011200.KS,011200.KS,kr_stock,higher_for_longer_long_rate_shock,Higher-for-Longer / Long-Rate Shock,장기금리 부담장,us_global,0.0,-0.004039,0.0,neutral,0.0,low,62.128209,rolling_beta,v3,1,1185,1185,3,market,pass,N,,2026-06-09,1,0.908767,0.908767,high,Y,trade-gated adverse scenario with medium/high evidence,active market context,-0.176856,-0.168001,-0.004039,rate_sensitive,장기금리와 달러 강세 부담이 채권·성장주·신용자산을 압박하는 장세입니다. 고밸류 성장주와 반도체 factor 민감도를 점검합니다.
011200.KS,011200.KS,kr_stock,semiconductor_ai_cycle_shock,Semiconductor / AI Cycle Shock,AI·반도체 사이클 충격장,korea_semiconductor,0.221683,-0.004039,0.0,positive,0.221683,low,43.672,rolling_beta,v3,1,1078,1078,6,market,pass,N,,2026-06-09,1,0.377914,0.0,medium,N,context only: WATCH state,context only: WATCH state,-0.084505,-0.134025,-0.004039,semiconductor_ai_shock_vulnerable,"AI capex 기대와 반도체 모멘텀이 꺾이면서 미국 성장주와 한국 반도체 대형주가 동시에 압박받는 장세입니다. SOXX, AI leader basket, 한국 반도체 basket의 동반 약세와 원화 압력을 함께 봅니다."
011200.KS,011200.KS,kr_stock,korea_domestic_financial_stress,Korea Domestic Financial Stress,한국 내수 금융스트레스장,korea_market,0.893768,-0.004039,0.586397,positive,0.893768,high,61.630274,rolling_beta,v3,1,1078,1078,5,seed,pass,Y,,2026-06-09,1,0.401006,0.0,medium,N,context only: source_quality=seed,context only: source_quality=seed,0.541964,0.586397,-0.004039,korea_financial_stress_vulnerable,"가계부채, 부동산 PF, 비은행권, 금융주와 건설주 스트레스가 한국 자산 전반으로 번지는 장세입니다. 금융/건설 basket, 신용 spread, 단기자금 spread, 원화 약세를 함께 점검합니다."
011200.KS,011200.KS,kr_stock,geopolitical_escalation_supply_shock,Geopolitical Escalation / Supply Shock,지정학 확전·공급충격장,geopolitical,-0.051474,-0.004039,0.0,negative,0.051474,low,65.604388,rolling_beta,v3,1,1078,1078,3,manual,pass,Y,,2026-06-09,1,0.398559,0.0,medium,N,context only: source_quality=manual,context only: source_quality=manual,0.024462,,-0.004039,geopolitical_supply_shock_hedge,"전쟁, 제재, 해상로 차질, 대만·중동·한반도 긴장처럼 유가·금·방산·변동성이 동시에 움직이는 이벤트성 충격 장세입니다. 뉴스 overlay는 가격 신호를 보강하는 용도로만 해석합니다."
011200.KS,011200.KS,kr_stock,slowdown_recession_deflation_risk,Slowdown / Recession / Deflation Risk,경기둔화/침체 우려장,us_global,0.026405,-0.004039,0.0,neutral,0.026405,low,72.589407,rolling_beta,v3,1,1185,1185,3,market,pass,N,,2026-06-09,0,0.0,0.0,high,N,scenario inactive,inactive scenario,-0.176856,-0.168001,-0.004039,slowdown_vulnerable,수요 둔화와 침체/디플레이션 압력이 커지는 방어적 장세입니다. 주식 beta와 신용위험을 보수적으로 봅니다.
011200.KS,011200.KS,kr_stock,stagflation_reinflation_energy_shock,Stagflation / Reinflation / Energy Shock,물가·에너지 재상승장,us_global,-0.349028,-0.004039,0.0,negative,0.349028,medium,72.540929,rolling_beta,v3,1,1185,1185,2,market,pass,N,,2026-06-09,0,0.0,0.0,high,N,scenario inactive,inactive scenario,0.024462,,-0.004039,inflation_hedge,성장 부담이 있는데 유가·원자재·인플레이션 압력이 다시 커지는 장세입니다. 에너지/원자재 수혜와 장기채 부담을 함께 봅니다.
011200.KS,011200.KS,kr_stock,soft_landing_goldilocks,Soft Landing / Goldilocks,우호적 위험선호장,us_global,-0.176856,-0.004039,0.0,negative,0.176856,low,65.4571,rolling_beta,v3,1,1185,1185,3,market,pass,N,,2026-06-09,0,0.0,0.0,high,N,non-adverse scenario,inactive scenario,-0.176856,-0.168001,-0.004039,neutral_or_defensive,우호적 위험선호장 참여 민감도
017670.KS,017670.KS,kr_stock,usd_strength_krw_weakness,USD Strength / KRW Weakness,달러강세/원화약세장,fx_krw,0.559874,-0.001129,0.417689,positive,0.559874,medium,70.962151,rolling_beta,v3,1,1078,1078,4,market,pass,N,,2026-06-09,1,0.975204,0.975204,high,Y,trade-gated adverse scenario with medium/high evidence,active market context,-0.284503,0.417689,-0.001129,krw_weakness_vulnerable,달러가 강하고 원화가 약해져 KRW 기준 투자자의 환율 리스크가 커지는 장세입니다. 한국 자산과 USD 노출의 역할을 분리해 봅니다.
017670.KS,017670.KS,kr_stock,china_trade_fragmentation_shock,China / Trade Fragmentation Shock,중국·무역분절 충격장,china_asia,0.416131,-0.001129,0.417689,positive,0.416131,medium,65.435166,rolling_beta,v3,1,1078,1078,5,market,pass,N,,2026-06-09,1,0.963122,0.963122,high,Y,trade-gated adverse scenario with medium/high evidence,active market context,0.389916,0.417689,-0.001129,china_asia_shock_vulnerable,중국 경기·무역갈등·공급망 충격이 한국/아시아와 반도체 자산에 번지는 장세입니다. 한국 반도체 factor와 원화 약세를 함께 확인합니다.
017670.KS,017670.KS,kr_stock,acute_global_stress_liquidity_crunch,Acute Global Stress / Liquidity Crunch,급성 리스크오프/유동성 경색장,us_global,-0.249182,-0.001129,0.016271,negative,0.249182,low,76.127067,rolling_beta,v3,1,1185,1185,3,market,pass,N,,2026-06-09,1,0.942163,0.942163,high,Y,trade-gated adverse scenario with medium/high evidence,active market context,-0.094306,0.016271,-0.001129,liquidity_stress_defense,변동성이 튀고 위험자산이 동반 약세를 보이는 단기 스트레스 장세입니다. 상관관계 상승과 유동성 악화를 우선 점검합니다.
017670.KS,017670.KS,kr_stock,higher_for_longer_long_rate_shock,Higher-for-Longer / Long-Rate Shock,장기금리 부담장,us_global,0.0,-0.001129,0.016271,neutral,0.0,low,62.128209,rolling_beta,v3,1,1185,1185,3,market,pass,N,,2026-06-09,1,0.908767,0.908767,high,Y,trade-gated adverse scenario with medium/high evidence,active market context,-0.094306,0.016271,-0.001129,rate_sensitive,장기금리와 달러 강세 부담이 채권·성장주·신용자산을 압박하는 장세입니다. 고밸류 성장주와 반도체 factor 민감도를 점검합니다.
017670.KS,017670.KS,kr_stock,semiconductor_ai_cycle_shock,Semiconductor / AI Cycle Shock,AI·반도체 사이클 충격장,korea_semiconductor,-0.075594,-0.001129,0.018501,negative,0.075594,low,43.672,rolling_beta,v3,1,1078,1078,6,market,pass,N,,2026-06-09,1,0.377914,0.0,medium,N,context only: WATCH state,context only: WATCH state,-0.013022,0.018501,-0.001129,semiconductor_ai_shock_hedge,"AI capex 기대와 반도체 모멘텀이 꺾이면서 미국 성장주와 한국 반도체 대형주가 동시에 압박받는 장세입니다. SOXX, AI leader basket, 한국 반도체 basket의 동반 약세와 원화 압력을 함께 봅니다."
017670.KS,017670.KS,kr_stock,korea_domestic_financial_stress,Korea Domestic Financial Stress,한국 내수 금융스트레스장,korea_market,0.41873,-0.001129,0.417689,positive,0.41873,medium,61.630274,rolling_beta,v3,1,1078,1078,5,seed,pass,Y,,2026-06-09,1,0.401006,0.0,medium,N,context only: source_quality=seed,context only: source_quality=seed,0.389916,0.417689,-0.001129,korea_financial_stress_vulnerable,"가계부채, 부동산 PF, 비은행권, 금융주와 건설주 스트레스가 한국 자산 전반으로 번지는 장세입니다. 금융/건설 basket, 신용 spread, 단기자금 spread, 원화 약세를 함께 점검합니다."
017670.KS,017670.KS,kr_stock,geopolitical_escalation_supply_shock,Geopolitical Escalation / Supply Shock,지정학 확전·공급충격장,geopolitical,-0.022754,-0.001129,0.0,neutral,0.022754,low,65.604388,rolling_beta,v3,1,1078,1078,3,manual,pass,Y,,2026-06-09,1,0.398559,0.0,medium,N,context only: source_quality=manual,context only: source_quality=manual,0.009859,,-0.001129,geopolitical_supply_shock_hedge,"전쟁, 제재, 해상로 차질, 대만·중동·한반도 긴장처럼 유가·금·방산·변동성이 동시에 움직이는 이벤트성 충격 장세입니다. 뉴스 overlay는 가격 신호를 보강하는 용도로만 해석합니다."
017670.KS,017670.KS,kr_stock,slowdown_recession_deflation_risk,Slowdown / Recession / Deflation Risk,경기둔화/침체 우려장,us_global,-0.371774,-0.001129,0.016271,negative,0.371774,medium,72.589407,rolling_beta,v3,1,1185,1185,3,market,pass,N,,2026-06-09,0,0.0,0.0,high,N,scenario inactive,inactive scenario,-0.094306,0.016271,-0.001129,slowdown_defense,수요 둔화와 침체/디플레이션 압력이 커지는 방어적 장세입니다. 주식 beta와 신용위험을 보수적으로 봅니다.
017670.KS,017670.KS,kr_stock,stagflation_reinflation_energy_shock,Stagflation / Reinflation / Energy Shock,물가·에너지 재상승장,us_global,0.028232,-0.001129,0.0,neutral,0.028232,low,72.540929,rolling_beta,v3,1,1185,1185,2,market,pass,N,,2026-06-09,0,0.0,0.0,high,N,scenario inactive,inactive scenario,0.009859,,-0.001129,stagflation_vulnerable,성장 부담이 있는데 유가·원자재·인플레이션 압력이 다시 커지는 장세입니다. 에너지/원자재 수혜와 장기채 부담을 함께 봅니다.
017670.KS,017670.KS,kr_stock,soft_landing_goldilocks,Soft Landing / Goldilocks,우호적 위험선호장,us_global,-0.094306,-0.001129,0.016271,negative,0.094306,low,65.4571,rolling_beta,v3,1,1185,1185,3,market,pass,N,,2026-06-09,0,0.0,0.0,high,N,non-adverse scenario,inactive scenario,-0.094306,0.016271,-0.001129,neutral_or_defensive,우호적 위험선호장 참여 민감도
032830.KS,032830.KS,kr_stock,usd_strength_krw_weakness,USD Strength / KRW Weakness,달러강세/원화약세장,fx_krw,0.636821,-0.004532,0.795472,positive,0.636821,medium,70.962151,rolling_beta,v3,1,1078,1078,4,market,pass,N,,2026-06-09,1,0.975204,0.975204,high,Y,trade-gated adverse scenario with medium/high evidence,active market context,-0.404727,0.795472,-0.004532,krw_weakness_vulnerable,달러가 강하고 원화가 약해져 KRW 기준 투자자의 환율 리스크가 커지는 장세입니다. 한국 자산과 USD 노출의 역할을 분리해 봅니다.
032830.KS,032830.KS,kr_stock,china_trade_fragmentation_shock,China / Trade Fragmentation Shock,중국·무역분절 충격장,china_asia,0.562766,-0.004532,0.795472,positive,0.562766,medium,65.435166,rolling_beta,v3,1,1078,1078,5,market,pass,N,,2026-06-09,1,0.963122,0.963122,high,Y,trade-gated adverse scenario with medium/high evidence,active market context,0.803438,0.795472,-0.004532,china_asia_shock_vulnerable,중국 경기·무역갈등·공급망 충격이 한국/아시아와 반도체 자산에 번지는 장세입니다. 한국 반도체 factor와 원화 약세를 함께 확인합니다.
032830.KS,032830.KS,kr_stock,acute_global_stress_liquidity_crunch,Acute Global Stress / Liquidity Crunch,급성 리스크오프/유동성 경색장,us_global,0.203957,-0.004532,0.0,positive,0.203957,low,76.127067,rolling_beta,v3,1,1185,1185,3,market,pass,N,,2026-06-09,1,0.942163,0.942163,high,Y,trade-gated adverse scenario with medium/high evidence,active market context,-0.092268,-0.044581,-0.004532,liquidity_stress_vulnerable,변동성이 튀고 위험자산이 동반 약세를 보이는 단기 스트레스 장세입니다. 상관관계 상승과 유동성 악화를 우선 점검합니다.
032830.KS,032830.KS,kr_stock,higher_for_longer_long_rate_shock,Higher-for-Longer / Long-Rate Shock,장기금리 부담장,us_global,0.45,-0.004532,0.0,positive,0.45,medium,62.128209,rolling_beta,v3,1,1185,1185,3,market,pass,N,,2026-06-09,1,0.908767,0.908767,high,Y,trade-gated adverse scenario with medium/high evidence,active market context,-0.092268,-0.044581,-0.004532,rate_sensitive,장기금리와 달러 강세 부담이 채권·성장주·신용자산을 압박하는 장세입니다. 고밸류 성장주와 반도체 factor 민감도를 점검합니다.
032830.KS,032830.KS,kr_stock,semiconductor_ai_cycle_shock,Semiconductor / AI Cycle Shock,AI·반도체 사이클 충격장,korea_semiconductor,0.059807,-0.004532,0.164048,positive,0.059807,low,43.672,rolling_beta,v3,1,1078,1078,6,market,pass,N,,2026-06-09,1,0.377914,0.0,medium,N,context only: WATCH state,context only: WATCH state,0.00739,0.164048,-0.004532,semiconductor_ai_shock_vulnerable,"AI capex 기대와 반도체 모멘텀이 꺾이면서 미국 성장주와 한국 반도체 대형주가 동시에 압박받는 장세입니다. SOXX, AI leader basket, 한국 반도체 basket의 동반 약세와 원화 압력을 함께 봅니다."
032830.KS,032830.KS,kr_stock,korea_domestic_financial_stress,Korea Domestic Financial Stress,한국 내수 금융스트레스장,korea_market,0.828811,-0.004532,0.795472,positive,0.828811,high,61.630274,rolling_beta,v3,1,1078,1078,5,seed,pass,Y,,2026-06-09,1,0.401006,0.0,medium,N,context only: source_quality=seed,context only: source_quality=seed,0.803438,0.795472,-0.004532,korea_financial_stress_vulnerable,"가계부채, 부동산 PF, 비은행권, 금융주와 건설주 스트레스가 한국 자산 전반으로 번지는 장세입니다. 금융/건설 basket, 신용 spread, 단기자금 spread, 원화 약세를 함께 점검합니다."
032830.KS,032830.KS,kr_stock,geopolitical_escalation_supply_shock,Geopolitical Escalation / Supply Shock,지정학 확전·공급충격장,geopolitical,0.052892,-0.004532,0.0,positive,0.052892,low,65.604388,rolling_beta,v3,1,1078,1078,3,manual,pass,Y,,2026-06-09,1,0.398559,0.0,medium,N,context only: source_quality=manual,context only: source_quality=manual,-0.020267,,-0.004532,geopolitical_supply_shock_vulnerable,"전쟁, 제재, 해상로 차질, 대만·중동·한반도 긴장처럼 유가·금·방산·변동성이 동시에 움직이는 이벤트성 충격 장세입니다. 뉴스 overlay는 가격 신호를 보강하는 용도로만 해석합니다."
032830.KS,032830.KS,kr_stock,slowdown_recession_deflation_risk,Slowdown / Recession / Deflation Risk,경기둔화/침체 우려장,us_global,-0.251341,-0.004532,0.0,negative,0.251341,low,72.589407,rolling_beta,v3,1,1185,1185,3,market,pass,N,,2026-06-09,0,0.0,0.0,high,N,scenario inactive,inactive scenario,-0.092268,-0.044581,-0.004532,slowdown_defense,수요 둔화와 침체/디플레이션 압력이 커지는 방어적 장세입니다. 주식 beta와 신용위험을 보수적으로 봅니다.
032830.KS,032830.KS,kr_stock,stagflation_reinflation_energy_shock,Stagflation / Reinflation / Energy Shock,물가·에너지 재상승장,us_global,0.313309,-0.004532,0.0,positive,0.313309,medium,72.540929,rolling_beta,v3,1,1185,1185,2,market,pass,N,,2026-06-09,0,0.0,0.0,high,N,scenario inactive,inactive scenario,-0.020267,,-0.004532,stagflation_vulnerable,성장 부담이 있는데 유가·원자재·인플레이션 압력이 다시 커지는 장세입니다. 에너지/원자재 수혜와 장기채 부담을 함께 봅니다.
032830.KS,032830.KS,kr_stock,soft_landing_goldilocks,Soft Landing / Goldilocks,우호적 위험선호장,us_global,-0.092268,-0.004532,0.0,negative,0.092268,low,65.4571,rolling_beta,v3,1,1185,1185,3,market,pass,N,,2026-06-09,0,0.0,0.0,high,N,non-adverse scenario,inactive scenario,-0.092268,-0.044581,-0.004532,neutral_or_defensive,우호적 위험선호장 참여 민감도
034020.KS,034020.KS,kr_stock,usd_strength_krw_weakness,USD Strength / KRW Weakness,달러강세/원화약세장,fx_krw,0.611883,-0.006608,1.247021,positive,0.611883,medium,70.962151,rolling_beta,v3,1,1078,1078,4,market,pass,N,,2026-06-09,1,0.975204,0.975204,high,Y,trade-gated adverse scenario with medium/high evidence,active market context,-0.74258,1.247021,-0.006608,krw_weakness_vulnerable,달러가 강하고 원화가 약해져 KRW 기준 투자자의 환율 리스크가 커지는 장세입니다. 한국 자산과 USD 노출의 역할을 분리해 봅니다.
034020.KS,034020.KS,kr_stock,china_trade_fragmentation_shock,China / Trade Fragmentation Shock,중국·무역분절 충격장,china_asia,0.5947,-0.006608,1.247021,positive,0.5947,medium,65.435166,rolling_beta,v3,1,1078,1078,5,market,pass,N,,2026-06-09,1,0.963122,0.963122,high,Y,trade-gated adverse scenario with medium/high evidence,active market context,0.986872,1.247021,-0.006608,china_asia_shock_vulnerable,중국 경기·무역갈등·공급망 충격이 한국/아시아와 반도체 자산에 번지는 장세입니다. 한국 반도체 factor와 원화 약세를 함께 확인합니다.
034020.KS,034020.KS,kr_stock,acute_global_stress_liquidity_crunch,Acute Global Stress / Liquidity Crunch,급성 리스크오프/유동성 경색장,us_global,0.297348,-0.006608,0.10296,positive,0.297348,low,76.127067,rolling_beta,v3,1,1185,1185,3,market,pass,N,,2026-06-09,1,0.942163,0.942163,high,Y,trade-gated adverse scenario with medium/high evidence,active market context,-0.036134,0.10296,-0.006608,liquidity_stress_vulnerable,변동성이 튀고 위험자산이 동반 약세를 보이는 단기 스트레스 장세입니다. 상관관계 상승과 유동성 악화를 우선 점검합니다.
034020.KS,034020.KS,kr_stock,higher_for_longer_long_rate_shock,Higher-for-Longer / Long-Rate Shock,장기금리 부담장,us_global,0.0,-0.006608,0.10296,neutral,0.0,low,62.128209,rolling_beta,v3,1,1185,1185,3,market,pass,N,,2026-06-09,1,0.908767,0.908767,high,Y,trade-gated adverse scenario with medium/high evidence,active market context,-0.036134,0.10296,-0.006608,rate_sensitive,장기금리와 달러 강세 부담이 채권·성장주·신용자산을 압박하는 장세입니다. 고밸류 성장주와 반도체 factor 민감도를 점검합니다.
034020.KS,034020.KS,kr_stock,semiconductor_ai_cycle_shock,Semiconductor / AI Cycle Shock,AI·반도체 사이클 충격장,korea_semiconductor,0.35869,-0.006608,0.149831,positive,0.35869,medium,43.672,rolling_beta,v3,1,1078,1078,6,market,pass,N,,2026-06-09,1,0.377914,0.0,medium,N,context only: WATCH state,context only: WATCH state,0.017811,0.149831,-0.006608,semiconductor_ai_shock_vulnerable,"AI capex 기대와 반도체 모멘텀이 꺾이면서 미국 성장주와 한국 반도체 대형주가 동시에 압박받는 장세입니다. SOXX, AI leader basket, 한국 반도체 basket의 동반 약세와 원화 압력을 함께 봅니다."
034020.KS,034020.KS,kr_stock,korea_domestic_financial_stress,Korea Domestic Financial Stress,한국 내수 금융스트레스장,korea_market,1.155826,-0.006608,1.247021,positive,1.155826,high,61.630274,rolling_beta,v3,1,1078,1078,5,seed,pass,Y,,2026-06-09,1,0.401006,0.0,medium,N,context only: source_quality=seed,context only: source_quality=seed,0.986872,1.247021,-0.006608,korea_financial_stress_vulnerable,"가계부채, 부동산 PF, 비은행권, 금융주와 건설주 스트레스가 한국 자산 전반으로 번지는 장세입니다. 금융/건설 basket, 신용 spread, 단기자금 spread, 원화 약세를 함께 점검합니다."
034020.KS,034020.KS,kr_stock,geopolitical_escalation_supply_shock,Geopolitical Escalation / Supply Shock,지정학 확전·공급충격장,geopolitical,0.013259,-0.006608,0.0,neutral,0.013259,low,65.604388,rolling_beta,v3,1,1078,1078,3,manual,pass,Y,,2026-06-09,1,0.398559,0.0,medium,N,context only: source_quality=manual,context only: source_quality=manual,0.017956,,-0.006608,geopolitical_supply_shock_vulnerable,"전쟁, 제재, 해상로 차질, 대만·중동·한반도 긴장처럼 유가·금·방산·변동성이 동시에 움직이는 이벤트성 충격 장세입니다. 뉴스 overlay는 가격 신호를 보강하는 용도로만 해석합니다."
034020.KS,034020.KS,kr_stock,slowdown_recession_deflation_risk,Slowdown / Recession / Deflation Risk,경기둔화/침체 우려장,us_global,0.207784,-0.006608,0.10296,positive,0.207784,low,72.589407,rolling_beta,v3,1,1185,1185,3,market,pass,N,,2026-06-09,0,0.0,0.0,high,N,scenario inactive,inactive scenario,-0.036134,0.10296,-0.006608,slowdown_vulnerable,수요 둔화와 침체/디플레이션 압력이 커지는 방어적 장세입니다. 주식 beta와 신용위험을 보수적으로 봅니다.
034020.KS,034020.KS,kr_stock,stagflation_reinflation_energy_shock,Stagflation / Reinflation / Energy Shock,물가·에너지 재상승장,us_global,-0.284807,-0.006608,0.0,negative,0.284807,low,72.540929,rolling_beta,v3,1,1185,1185,2,market,pass,N,,2026-06-09,0,0.0,0.0,high,N,scenario inactive,inactive scenario,0.017956,,-0.006608,inflation_hedge,성장 부담이 있는데 유가·원자재·인플레이션 압력이 다시 커지는 장세입니다. 에너지/원자재 수혜와 장기채 부담을 함께 봅니다.
034020.KS,034020.KS,kr_stock,soft_landing_goldilocks,Soft Landing / Goldilocks,우호적 위험선호장,us_global,-0.036134,-0.006608,0.10296,neutral,0.036134,low,65.4571,rolling_beta,v3,1,1185,1185,3,market,pass,N,,2026-06-09,0,0.0,0.0,high,N,non-adverse scenario,inactive scenario,-0.036134,0.10296,-0.006608,neutral_or_defensive,우호적 위험선호장 참여 민감도
035420.KS,035420.KS,kr_stock,usd_strength_krw_weakness,USD Strength / KRW Weakness,달러강세/원화약세장,fx_krw,0.550051,-0.007373,0.662267,positive,0.550051,medium,70.962151,rolling_beta,v3,1,1078,1078,4,market,pass,N,,2026-06-09,1,0.975204,0.975204,high,Y,trade-gated adverse scenario with medium/high evidence,active market context,-0.58068,0.662267,-0.007373,krw_weakness_vulnerable,달러가 강하고 원화가 약해져 KRW 기준 투자자의 환율 리스크가 커지는 장세입니다. 한국 자산과 USD 노출의 역할을 분리해 봅니다.
035420.KS,035420.KS,kr_stock,china_trade_fragmentation_shock,China / Trade Fragmentation Shock,중국·무역분절 충격장,china_asia,0.564358,-0.007373,0.662267,positive,0.564358,medium,65.435166,rolling_beta,v3,1,1078,1078,5,market,pass,N,,2026-06-09,1,0.963122,0.963122,high,Y,trade-gated adverse scenario with medium/high evidence,active market context,0.702529,0.662267,-0.007373,china_asia_shock_vulnerable,중국 경기·무역갈등·공급망 충격이 한국/아시아와 반도체 자산에 번지는 장세입니다. 한국 반도체 factor와 원화 약세를 함께 확인합니다.
035420.KS,035420.KS,kr_stock,acute_global_stress_liquidity_crunch,Acute Global Stress / Liquidity Crunch,급성 리스크오프/유동성 경색장,us_global,0.33177,-0.007373,0.043882,positive,0.33177,medium,76.127067,rolling_beta,v3,1,1185,1185,3,market,pass,N,,2026-06-09,1,0.942163,0.942163,high,Y,trade-gated adverse scenario with medium/high evidence,active market context,-0.052537,0.043882,-0.007373,liquidity_stress_vulnerable,변동성이 튀고 위험자산이 동반 약세를 보이는 단기 스트레스 장세입니다. 상관관계 상승과 유동성 악화를 우선 점검합니다.
035420.KS,035420.KS,kr_stock,higher_for_longer_long_rate_shock,Higher-for-Longer / Long-Rate Shock,장기금리 부담장,us_global,0.45,-0.007373,0.043882,positive,0.45,medium,62.128209,rolling_beta,v3,1,1185,1185,3,market,pass,N,,2026-06-09,1,0.908767,0.908767,high,Y,trade-gated adverse scenario with medium/high evidence,active market context,-0.052537,0.043882,-0.007373,rate_sensitive,장기금리와 달러 강세 부담이 채권·성장주·신용자산을 압박하는 장세입니다. 고밸류 성장주와 반도체 factor 민감도를 점검합니다.
035420.KS,035420.KS,kr_stock,semiconductor_ai_cycle_shock,Semiconductor / AI Cycle Shock,AI·반도체 사이클 충격장,korea_semiconductor,0.275239,-0.007373,0.135931,positive,0.275239,low,43.672,rolling_beta,v3,1,1078,1078,6,market,pass,N,,2026-06-09,1,0.377914,0.0,medium,N,context only: WATCH state,context only: WATCH state,0.030375,0.135931,-0.007373,semiconductor_ai_shock_vulnerable,"AI capex 기대와 반도체 모멘텀이 꺾이면서 미국 성장주와 한국 반도체 대형주가 동시에 압박받는 장세입니다. SOXX, AI leader basket, 한국 반도체 basket의 동반 약세와 원화 압력을 함께 봅니다."
035420.KS,035420.KS,kr_stock,korea_domestic_financial_stress,Korea Domestic Financial Stress,한국 내수 금융스트레스장,korea_market,0.715618,-0.007373,0.662267,positive,0.715618,medium,61.630274,rolling_beta,v3,1,1078,1078,5,seed,pass,Y,,2026-06-09,1,0.401006,0.0,medium,N,context only: source_quality=seed,context only: source_quality=seed,0.702529,0.662267,-0.007373,korea_financial_stress_vulnerable,"가계부채, 부동산 PF, 비은행권, 금융주와 건설주 스트레스가 한국 자산 전반으로 번지는 장세입니다. 금융/건설 basket, 신용 spread, 단기자금 spread, 원화 약세를 함께 점검합니다."
035420.KS,035420.KS,kr_stock,geopolitical_escalation_supply_shock,Geopolitical Escalation / Supply Shock,지정학 확전·공급충격장,geopolitical,0.134317,-0.007373,0.0,positive,0.134317,low,65.604388,rolling_beta,v3,1,1078,1078,3,manual,pass,Y,,2026-06-09,1,0.398559,0.0,medium,N,context only: source_quality=manual,context only: source_quality=manual,-0.020902,,-0.007373,geopolitical_supply_shock_vulnerable,"전쟁, 제재, 해상로 차질, 대만·중동·한반도 긴장처럼 유가·금·방산·변동성이 동시에 움직이는 이벤트성 충격 장세입니다. 뉴스 overlay는 가격 신호를 보강하는 용도로만 해석합니다."
035420.KS,035420.KS,kr_stock,slowdown_recession_deflation_risk,Slowdown / Recession / Deflation Risk,경기둔화/침체 우려장,us_global,-0.126106,-0.007373,0.043882,negative,0.126106,low,72.589407,rolling_beta,v3,1,1185,1185,3,market,pass,N,,2026-06-09,0,0.0,0.0,high,N,scenario inactive,inactive scenario,-0.052537,0.043882,-0.007373,slowdown_defense,수요 둔화와 침체/디플레이션 압력이 커지는 방어적 장세입니다. 주식 beta와 신용위험을 보수적으로 봅니다.
035420.KS,035420.KS,kr_stock,stagflation_reinflation_energy_shock,Stagflation / Reinflation / Energy Shock,물가·에너지 재상승장,us_global,0.384317,-0.007373,0.0,positive,0.384317,medium,72.540929,rolling_beta,v3,1,1185,1185,2,market,pass,N,,2026-06-09,0,0.0,0.0,high,N,scenario inactive,inactive scenario,-0.020902,,-0.007373,stagflation_vulnerable,성장 부담이 있는데 유가·원자재·인플레이션 압력이 다시 커지는 장세입니다. 에너지/원자재 수혜와 장기채 부담을 함께 봅니다.
035420.KS,035420.KS,kr_stock,soft_landing_goldilocks,Soft Landing / Goldilocks,우호적 위험선호장,us_global,-0.052537,-0.007373,0.043882,negative,0.052537,low,65.4571,rolling_beta,v3,1,1185,1185,3,market,pass,N,,2026-06-09,0,0.0,0.0,high,N,non-adverse scenario,inactive scenario,-0.052537,0.043882,-0.007373,neutral_or_defensive,우호적 위험선호장 참여 민감도
035720.KS,035720.KS,kr_stock,usd_strength_krw_weakness,USD Strength / KRW Weakness,달러강세/원화약세장,fx_krw,0.612222,-0.009532,0.893867,positive,0.612222,medium,70.962151,rolling_beta,v3,1,1078,1078,4,market,pass,N,,2026-06-09,1,0.975204,0.975204,high,Y,trade-gated adverse scenario with medium/high evidence,active market context,-0.6472,0.893867,-0.009532,krw_weakness_vulnerable,달러가 강하고 원화가 약해져 KRW 기준 투자자의 환율 리스크가 커지는 장세입니다. 한국 자산과 USD 노출의 역할을 분리해 봅니다.
035720.KS,035720.KS,kr_stock,china_trade_fragmentation_shock,China / Trade Fragmentation Shock,중국·무역분절 충격장,china_asia,0.668068,-0.009532,0.893867,positive,0.668068,medium,65.435166,rolling_beta,v3,1,1078,1078,5,market,pass,N,,2026-06-09,1,0.963122,0.963122,high,Y,trade-gated adverse scenario with medium/high evidence,active market context,0.810175,0.893867,-0.009532,china_asia_shock_vulnerable,중국 경기·무역갈등·공급망 충격이 한국/아시아와 반도체 자산에 번지는 장세입니다. 한국 반도체 factor와 원화 약세를 함께 확인합니다.
035720.KS,035720.KS,kr_stock,acute_global_stress_liquidity_crunch,Acute Global Stress / Liquidity Crunch,급성 리스크오프/유동성 경색장,us_global,0.428923,-0.009532,0.0,positive,0.428923,medium,76.127067,rolling_beta,v3,1,1185,1185,3,market,pass,N,,2026-06-09,1,0.942163,0.942163,high,Y,trade-gated adverse scenario with medium/high evidence,active market context,-0.092519,-0.024498,-0.009532,liquidity_stress_vulnerable,변동성이 튀고 위험자산이 동반 약세를 보이는 단기 스트레스 장세입니다. 상관관계 상승과 유동성 악화를 우선 점검합니다.
035720.KS,035720.KS,kr_stock,higher_for_longer_long_rate_shock,Higher-for-Longer / Long-Rate Shock,장기금리 부담장,us_global,0.45,-0.009532,0.0,positive,0.45,medium,62.128209,rolling_beta,v3,1,1185,1185,3,market,pass,N,,2026-06-09,1,0.908767,0.908767,high,Y,trade-gated adverse scenario with medium/high evidence,active market context,-0.092519,-0.024498,-0.009532,rate_sensitive,장기금리와 달러 강세 부담이 채권·성장주·신용자산을 압박하는 장세입니다. 고밸류 성장주와 반도체 factor 민감도를 점검합니다.
035720.KS,035720.KS,kr_stock,semiconductor_ai_cycle_shock,Semiconductor / AI Cycle Shock,AI·반도체 사이클 충격장,korea_semiconductor,0.282749,-0.009532,0.024775,positive,0.282749,low,43.672,rolling_beta,v3,1,1078,1078,6,market,pass,N,,2026-06-09,1,0.377914,0.0,medium,N,context only: WATCH state,context only: WATCH state,0.024283,0.024775,-0.009532,semiconductor_ai_shock_vulnerable,"AI capex 기대와 반도체 모멘텀이 꺾이면서 미국 성장주와 한국 반도체 대형주가 동시에 압박받는 장세입니다. SOXX, AI leader basket, 한국 반도체 basket의 동반 약세와 원화 압력을 함께 봅니다."
035720.KS,035720.KS,kr_stock,korea_domestic_financial_stress,Korea Domestic Financial Stress,한국 내수 금융스트레스장,korea_market,0.80629,-0.009532,0.893867,positive,0.80629,high,61.630274,rolling_beta,v3,1,1078,1078,5,seed,pass,Y,,2026-06-09,1,0.401006,0.0,medium,N,context only: source_quality=seed,context only: source_quality=seed,0.810175,0.893867,-0.009532,korea_financial_stress_vulnerable,"가계부채, 부동산 PF, 비은행권, 금융주와 건설주 스트레스가 한국 자산 전반으로 번지는 장세입니다. 금융/건설 basket, 신용 spread, 단기자금 spread, 원화 약세를 함께 점검합니다."
035720.KS,035720.KS,kr_stock,geopolitical_escalation_supply_shock,Geopolitical Escalation / Supply Shock,지정학 확전·공급충격장,geopolitical,0.18829,-0.009532,0.0,positive,0.18829,low,65.604388,rolling_beta,v3,1,1078,1078,3,manual,pass,Y,,2026-06-09,1,0.398559,0.0,medium,N,context only: source_quality=manual,context only: source_quality=manual,-0.070175,,-0.009532,geopolitical_supply_shock_vulnerable,"전쟁, 제재, 해상로 차질, 대만·중동·한반도 긴장처럼 유가·금·방산·변동성이 동시에 움직이는 이벤트성 충격 장세입니다. 뉴스 overlay는 가격 신호를 보강하는 용도로만 해석합니다."
035720.KS,035720.KS,kr_stock,slowdown_recession_deflation_risk,Slowdown / Recession / Deflation Risk,경기둔화/침체 우려장,us_global,-0.076531,-0.009532,0.0,negative,0.076531,low,72.589407,rolling_beta,v3,1,1185,1185,3,market,pass,N,,2026-06-09,0,0.0,0.0,high,N,scenario inactive,inactive scenario,-0.092519,-0.024498,-0.009532,slowdown_defense,수요 둔화와 침체/디플레이션 압력이 커지는 방어적 장세입니다. 주식 beta와 신용위험을 보수적으로 봅니다.
035720.KS,035720.KS,kr_stock,stagflation_reinflation_energy_shock,Stagflation / Reinflation / Energy Shock,물가·에너지 재상승장,us_global,0.43829,-0.009532,0.0,positive,0.43829,medium,72.540929,rolling_beta,v3,1,1185,1185,2,market,pass,N,,2026-06-09,0,0.0,0.0,high,N,scenario inactive,inactive scenario,-0.070175,,-0.009532,stagflation_vulnerable,성장 부담이 있는데 유가·원자재·인플레이션 압력이 다시 커지는 장세입니다. 에너지/원자재 수혜와 장기채 부담을 함께 봅니다.
035720.KS,035720.KS,kr_stock,soft_landing_goldilocks,Soft Landing / Goldilocks,우호적 위험선호장,us_global,-0.092519,-0.009532,0.0,negative,0.092519,low,65.4571,rolling_beta,v3,1,1185,1185,3,market,pass,N,,2026-06-09,0,0.0,0.0,high,N,non-adverse scenario,inactive scenario,-0.092519,-0.024498,-0.009532,neutral_or_defensive,우호적 위험선호장 참여 민감도
051910.KS,051910.KS,kr_stock,usd_strength_krw_weakness,USD Strength / KRW Weakness,달러강세/원화약세장,fx_krw,0.602974,-0.007423,1.098104,positive,0.602974,medium,70.962151,rolling_beta,v3,1,1078,1078,4,market,pass,N,,2026-06-09,1,0.975204,0.975204,high,Y,trade-gated adverse scenario with medium/high evidence,active market context,-0.623358,1.098104,-0.007423,krw_weakness_vulnerable,달러가 강하고 원화가 약해져 KRW 기준 투자자의 환율 리스크가 커지는 장세입니다. 한국 자산과 USD 노출의 역할을 분리해 봅니다.
051910.KS,051910.KS,kr_stock,china_trade_fragmentation_shock,China / Trade Fragmentation Shock,중국·무역분절 충격장,china_asia,0.607962,-0.007423,1.098104,positive,0.607962,medium,65.435166,rolling_beta,v3,1,1078,1078,5,market,pass,N,,2026-06-09,1,0.963122,0.963122,high,Y,trade-gated adverse scenario with medium/high evidence,active market context,0.965656,1.098104,-0.007423,china_asia_shock_vulnerable,중국 경기·무역갈등·공급망 충격이 한국/아시아와 반도체 자산에 번지는 장세입니다. 한국 반도체 factor와 원화 약세를 함께 확인합니다.
051910.KS,051910.KS,kr_stock,acute_global_stress_liquidity_crunch,Acute Global Stress / Liquidity Crunch,급성 리스크오프/유동성 경색장,us_global,0.334049,-0.007423,0.0,positive,0.334049,medium,76.127067,rolling_beta,v3,1,1185,1185,3,market,pass,N,,2026-06-09,1,0.942163,0.942163,high,Y,trade-gated adverse scenario with medium/high evidence,active market context,-0.113761,-0.087243,-0.007423,liquidity_stress_vulnerable,변동성이 튀고 위험자산이 동반 약세를 보이는 단기 스트레스 장세입니다. 상관관계 상승과 유동성 악화를 우선 점검합니다.
051910.KS,051910.KS,kr_stock,higher_for_longer_long_rate_shock,Higher-for-Longer / Long-Rate Shock,장기금리 부담장,us_global,0.45,-0.007423,0.0,positive,0.45,medium,62.128209,rolling_beta,v3,1,1185,1185,3,market,pass,N,,2026-06-09,1,0.908767,0.908767,high,Y,trade-gated adverse scenario with medium/high evidence,active market context,-0.113761,-0.087243,-0.007423,rate_sensitive,장기금리와 달러 강세 부담이 채권·성장주·신용자산을 압박하는 장세입니다. 고밸류 성장주와 반도체 factor 민감도를 점검합니다.
051910.KS,051910.KS,kr_stock,semiconductor_ai_cycle_shock,Semiconductor / AI Cycle Shock,AI·반도체 사이클 충격장,korea_semiconductor,0.075819,-0.007423,0.026948,positive,0.075819,low,43.672,rolling_beta,v3,1,1078,1078,6,market,pass,N,,2026-06-09,1,0.377914,0.0,medium,N,context only: WATCH state,context only: WATCH state,-0.029074,0.026948,-0.007423,semiconductor_ai_shock_vulnerable,"AI capex 기대와 반도체 모멘텀이 꺾이면서 미국 성장주와 한국 반도체 대형주가 동시에 압박받는 장세입니다. SOXX, AI leader basket, 한국 반도체 basket의 동반 약세와 원화 압력을 함께 봅니다."
051910.KS,051910.KS,kr_stock,korea_domestic_financial_stress,Korea Domestic Financial Stress,한국 내수 금융스트레스장,korea_market,0.844485,-0.007423,1.098104,positive,0.844485,high,61.630274,rolling_beta,v3,1,1078,1078,5,seed,pass,Y,,2026-06-09,1,0.401006,0.0,medium,N,context only: source_quality=seed,context only: source_quality=seed,0.965656,1.098104,-0.007423,korea_financial_stress_vulnerable,"가계부채, 부동산 PF, 비은행권, 금융주와 건설주 스트레스가 한국 자산 전반으로 번지는 장세입니다. 금융/건설 basket, 신용 spread, 단기자금 spread, 원화 약세를 함께 점검합니다."
051910.KS,051910.KS,kr_stock,geopolitical_escalation_supply_shock,Geopolitical Escalation / Supply Shock,지정학 확전·공급충격장,geopolitical,-0.217832,-0.007423,0.0,negative,0.217832,low,65.604388,rolling_beta,v3,1,1078,1078,3,manual,pass,Y,,2026-06-09,1,0.398559,0.0,medium,N,context only: source_quality=manual,context only: source_quality=manual,0.034145,,-0.007423,geopolitical_supply_shock_hedge,"전쟁, 제재, 해상로 차질, 대만·중동·한반도 긴장처럼 유가·금·방산·변동성이 동시에 움직이는 이벤트성 충격 장세입니다. 뉴스 overlay는 가격 신호를 보강하는 용도로만 해석합니다."
051910.KS,051910.KS,kr_stock,slowdown_recession_deflation_risk,Slowdown / Recession / Deflation Risk,경기둔화/침체 우려장,us_global,-0.164129,-0.007423,0.0,negative,0.164129,low,72.589407,rolling_beta,v3,1,1185,1185,3,market,pass,N,,2026-06-09,0,0.0,0.0,high,N,scenario inactive,inactive scenario,-0.113761,-0.087243,-0.007423,slowdown_defense,수요 둔화와 침체/디플레이션 압력이 커지는 방어적 장세입니다. 주식 beta와 신용위험을 보수적으로 봅니다.
051910.KS,051910.KS,kr_stock,stagflation_reinflation_energy_shock,Stagflation / Reinflation / Energy Shock,물가·에너지 재상승장,us_global,-0.064417,-0.007423,0.0,negative,0.064417,low,72.540929,rolling_beta,v3,1,1185,1185,2,market,pass,N,,2026-06-09,0,0.0,0.0,high,N,scenario inactive,inactive scenario,0.034145,,-0.007423,inflation_hedge,성장 부담이 있는데 유가·원자재·인플레이션 압력이 다시 커지는 장세입니다. 에너지/원자재 수혜와 장기채 부담을 함께 봅니다.
051910.KS,051910.KS,kr_stock,soft_landing_goldilocks,Soft Landing / Goldilocks,우호적 위험선호장,us_global,-0.113761,-0.007423,0.0,negative,0.113761,low,65.4571,rolling_beta,v3,1,1185,1185,3,market,pass,N,,2026-06-09,0,0.0,0.0,high,N,non-adverse scenario,inactive scenario,-0.113761,-0.087243,-0.007423,neutral_or_defensive,우호적 위험선호장 참여 민감도
055550.KS,055550.KS,kr_stock,usd_strength_krw_weakness,USD Strength / KRW Weakness,달러강세/원화약세장,fx_krw,0.546566,-0.0054,0.585347,positive,0.546566,medium,70.962151,rolling_beta,v3,1,1078,1078,4,market,pass,N,,2026-06-09,1,0.975204,0.975204,high,Y,trade-gated adverse scenario with medium/high evidence,active market context,-0.299123,0.585347,-0.0054,krw_weakness_vulnerable,달러가 강하고 원화가 약해져 KRW 기준 투자자의 환율 리스크가 커지는 장세입니다. 한국 자산과 USD 노출의 역할을 분리해 봅니다.
055550.KS,055550.KS,kr_stock,china_trade_fragmentation_shock,China / Trade Fragmentation Shock,중국·무역분절 충격장,china_asia,0.512249,-0.0054,0.585347,positive,0.512249,medium,65.435166,rolling_beta,v3,1,1078,1078,5,market,pass,N,,2026-06-09,1,0.963122,0.963122,high,Y,trade-gated adverse scenario with medium/high evidence,active market context,0.55464,0.585347,-0.0054,china_asia_shock_vulnerable,중국 경기·무역갈등·공급망 충격이 한국/아시아와 반도체 자산에 번지는 장세입니다. 한국 반도체 factor와 원화 약세를 함께 확인합니다.
055550.KS,055550.KS,kr_stock,acute_global_stress_liquidity_crunch,Acute Global Stress / Liquidity Crunch,급성 리스크오프/유동성 경색장,us_global,0.242993,-0.0054,0.0,positive,0.242993,low,76.127067,rolling_beta,v3,1,1185,1185,3,market,pass,N,,2026-06-09,1,0.942163,0.942163,high,Y,trade-gated adverse scenario with medium/high evidence,active market context,-0.080858,-0.146797,-0.0054,liquidity_stress_vulnerable,변동성이 튀고 위험자산이 동반 약세를 보이는 단기 스트레스 장세입니다. 상관관계 상승과 유동성 악화를 우선 점검합니다.
055550.KS,055550.KS,kr_stock,higher_for_longer_long_rate_shock,Higher-for-Longer / Long-Rate Shock,장기금리 부담장,us_global,0.45,-0.0054,0.0,positive,0.45,medium,62.128209,rolling_beta,v3,1,1185,1185,3,market,pass,N,,2026-06-09,1,0.908767,0.908767,high,Y,trade-gated adverse scenario with medium/high evidence,active market context,-0.080858,-0.146797,-0.0054,rate_sensitive,장기금리와 달러 강세 부담이 채권·성장주·신용자산을 압박하는 장세입니다. 고밸류 성장주와 반도체 factor 민감도를 점검합니다.
055550.KS,055550.KS,kr_stock,semiconductor_ai_cycle_shock,Semiconductor / AI Cycle Shock,AI·반도체 사이클 충격장,korea_semiconductor,-0.012806,-0.0054,0.0,neutral,0.012806,low,43.672,rolling_beta,v3,1,1078,1078,6,market,pass,N,,2026-06-09,1,0.377914,0.0,medium,N,context only: WATCH state,context only: WATCH state,-0.015508,-0.051528,-0.0054,semiconductor_ai_shock_hedge,"AI capex 기대와 반도체 모멘텀이 꺾이면서 미국 성장주와 한국 반도체 대형주가 동시에 압박받는 장세입니다. SOXX, AI leader basket, 한국 반도체 basket의 동반 약세와 원화 압력을 함께 봅니다."
055550.KS,055550.KS,kr_stock,korea_domestic_financial_stress,Korea Domestic Financial Stress,한국 내수 금융스트레스장,korea_market,0.873903,-0.0054,0.585347,positive,0.873903,high,61.630274,rolling_beta,v3,1,1078,1078,5,seed,pass,Y,,2026-06-09,1,0.401006,0.0,medium,N,context only: source_quality=seed,context only: source_quality=seed,0.55464,0.585347,-0.0054,korea_financial_stress_vulnerable,"가계부채, 부동산 PF, 비은행권, 금융주와 건설주 스트레스가 한국 자산 전반으로 번지는 장세입니다. 금융/건설 basket, 신용 spread, 단기자금 spread, 원화 약세를 함께 점검합니다."
055550.KS,055550.KS,kr_stock,geopolitical_escalation_supply_shock,Geopolitical Escalation / Supply Shock,지정학 확전·공급충격장,geopolitical,0.084996,-0.0054,0.0,positive,0.084996,low,65.604388,rolling_beta,v3,1,1078,1078,3,manual,pass,Y,,2026-06-09,1,0.398559,0.0,medium,N,context only: source_quality=manual,context only: source_quality=manual,-0.012047,,-0.0054,geopolitical_supply_shock_vulnerable,"전쟁, 제재, 해상로 차질, 대만·중동·한반도 긴장처럼 유가·금·방산·변동성이 동시에 움직이는 이벤트성 충격 장세입니다. 뉴스 overlay는 가격 신호를 보강하는 용도로만 해석합니다."
055550.KS,055550.KS,kr_stock,slowdown_recession_deflation_risk,Slowdown / Recession / Deflation Risk,경기둔화/침체 우려장,us_global,-0.213563,-0.0054,0.0,negative,0.213563,low,72.589407,rolling_beta,v3,1,1185,1185,3,market,pass,N,,2026-06-09,0,0.0,0.0,high,N,scenario inactive,inactive scenario,-0.080858,-0.146797,-0.0054,slowdown_defense,수요 둔화와 침체/디플레이션 압력이 커지는 방어적 장세입니다. 주식 beta와 신용위험을 보수적으로 봅니다.
055550.KS,055550.KS,kr_stock,stagflation_reinflation_energy_shock,Stagflation / Reinflation / Energy Shock,물가·에너지 재상승장,us_global,0.334996,-0.0054,0.0,positive,0.334996,medium,72.540929,rolling_beta,v3,1,1185,1185,2,market,pass,N,,2026-06-09,0,0.0,0.0,high,N,scenario inactive,inactive scenario,-0.012047,,-0.0054,stagflation_vulnerable,성장 부담이 있는데 유가·원자재·인플레이션 압력이 다시 커지는 장세입니다. 에너지/원자재 수혜와 장기채 부담을 함께 봅니다.
055550.KS,055550.KS,kr_stock,soft_landing_goldilocks,Soft Landing / Goldilocks,우호적 위험선호장,us_global,-0.080858,-0.0054,0.0,negative,0.080858,low,65.4571,rolling_beta,v3,1,1185,1185,3,market,pass,N,,2026-06-09,0,0.0,0.0,high,N,non-adverse scenario,inactive scenario,-0.080858,-0.146797,-0.0054,neutral_or_defensive,우호적 위험선호장 참여 민감도
066570.KS,066570.KS,kr_stock,usd_strength_krw_weakness,USD Strength / KRW Weakness,달러강세/원화약세장,fx_krw,0.584424,-0.006836,0.893893,positive,0.584424,medium,70.962151,rolling_beta,v3,1,1078,1078,4,market,pass,N,,2026-06-09,1,0.975204,0.975204,high,Y,trade-gated adverse scenario with medium/high evidence,active market context,-0.410132,0.893893,-0.006836,krw_weakness_vulnerable,달러가 강하고 원화가 약해져 KRW 기준 투자자의 환율 리스크가 커지는 장세입니다. 한국 자산과 USD 노출의 역할을 분리해 봅니다.
066570.KS,066570.KS,kr_stock,china_trade_fragmentation_shock,China / Trade Fragmentation Shock,중국·무역분절 충격장,china_asia,0.578431,-0.006836,0.893893,positive,0.578431,medium,65.435166,rolling_beta,v3,1,1078,1078,5,market,pass,N,,2026-06-09,1,0.963122,0.963122,high,Y,trade-gated adverse scenario with medium/high evidence,active market context,0.999373,0.893893,-0.006836,china_asia_shock_vulnerable,중국 경기·무역갈등·공급망 충격이 한국/아시아와 반도체 자산에 번지는 장세입니다. 한국 반도체 factor와 원화 약세를 함께 확인합니다.
066570.KS,066570.KS,kr_stock,acute_global_stress_liquidity_crunch,Acute Global Stress / Liquidity Crunch,급성 리스크오프/유동성 경색장,us_global,0.322984,-0.006836,0.025808,positive,0.322984,medium,76.127067,rolling_beta,v3,1,1185,1185,3,market,pass,N,,2026-06-09,1,0.942163,0.942163,high,Y,trade-gated adverse scenario with medium/high evidence,active market context,0.027962,0.025808,-0.006836,liquidity_stress_vulnerable,변동성이 튀고 위험자산이 동반 약세를 보이는 단기 스트레스 장세입니다. 상관관계 상승과 유동성 악화를 우선 점검합니다.
066570.KS,066570.KS,kr_stock,higher_for_longer_long_rate_shock,Higher-for-Longer / Long-Rate Shock,장기금리 부담장,us_global,0.015379,-0.006836,0.025808,neutral,0.015379,low,62.128209,rolling_beta,v3,1,1185,1185,3,market,pass,N,,2026-06-09,1,0.908767,0.908767,high,Y,trade-gated adverse scenario with medium/high evidence,active market context,0.027962,0.025808,-0.006836,rate_sensitive,장기금리와 달러 강세 부담이 채권·성장주·신용자산을 압박하는 장세입니다. 고밸류 성장주와 반도체 factor 민감도를 점검합니다.
066570.KS,066570.KS,kr_stock,semiconductor_ai_cycle_shock,Semiconductor / AI Cycle Shock,AI·반도체 사이클 충격장,korea_semiconductor,0.348708,-0.006836,0.030372,positive,0.348708,medium,43.672,rolling_beta,v3,1,1078,1078,6,market,pass,N,,2026-06-09,1,0.377914,0.0,medium,N,context only: WATCH state,context only: WATCH state,0.050139,0.030372,-0.006836,semiconductor_ai_shock_vulnerable,"AI capex 기대와 반도체 모멘텀이 꺾이면서 미국 성장주와 한국 반도체 대형주가 동시에 압박받는 장세입니다. SOXX, AI leader basket, 한국 반도체 basket의 동반 약세와 원화 압력을 함께 봅니다."
066570.KS,066570.KS,kr_stock,korea_domestic_financial_stress,Korea Domestic Financial Stress,한국 내수 금융스트레스장,korea_market,1.137842,-0.006836,0.893893,positive,1.137842,high,61.630274,rolling_beta,v3,1,1078,1078,5,seed,pass,Y,,2026-06-09,1,0.401006,0.0,medium,N,context only: source_quality=seed,context only: source_quality=seed,0.999373,0.893893,-0.006836,korea_financial_stress_vulnerable,"가계부채, 부동산 PF, 비은행권, 금융주와 건설주 스트레스가 한국 자산 전반으로 번지는 장세입니다. 금융/건설 basket, 신용 spread, 단기자금 spread, 원화 약세를 함께 점검합니다."
066570.KS,066570.KS,kr_stock,geopolitical_escalation_supply_shock,Geopolitical Escalation / Supply Shock,지정학 확전·공급충격장,geopolitical,0.020462,-0.006836,0.027962,neutral,0.020462,low,65.604388,rolling_beta,v3,1,1078,1078,3,manual,pass,Y,,2026-06-09,1,0.398559,0.0,medium,N,context only: source_quality=manual,context only: source_quality=manual,0.036326,,-0.006836,geopolitical_supply_shock_vulnerable,"전쟁, 제재, 해상로 차질, 대만·중동·한반도 긴장처럼 유가·금·방산·변동성이 동시에 움직이는 이벤트성 충격 장세입니다. 뉴스 overlay는 가격 신호를 보강하는 용도로만 해석합니다."
066570.KS,066570.KS,kr_stock,slowdown_recession_deflation_risk,Slowdown / Recession / Deflation Risk,경기둔화/침체 우려장,us_global,0.257424,-0.006836,0.025808,positive,0.257424,low,72.589407,rolling_beta,v3,1,1185,1185,3,market,pass,N,,2026-06-09,0,0.0,0.0,high,N,scenario inactive,inactive scenario,0.027962,0.025808,-0.006836,slowdown_vulnerable,수요 둔화와 침체/디플레이션 압력이 커지는 방어적 장세입니다. 주식 beta와 신용위험을 보수적으로 봅니다.
066570.KS,066570.KS,kr_stock,stagflation_reinflation_energy_shock,Stagflation / Reinflation / Energy Shock,물가·에너지 재상승장,us_global,-0.269321,-0.006836,0.027962,negative,0.269321,low,72.540929,rolling_beta,v3,1,1185,1185,2,market,pass,N,,2026-06-09,0,0.0,0.0,high,N,scenario inactive,inactive scenario,0.036326,,-0.006836,inflation_hedge,성장 부담이 있는데 유가·원자재·인플레이션 압력이 다시 커지는 장세입니다. 에너지/원자재 수혜와 장기채 부담을 함께 봅니다.
066570.KS,066570.KS,kr_stock,soft_landing_goldilocks,Soft Landing / Goldilocks,우호적 위험선호장,us_global,0.027962,-0.006836,0.025808,neutral,0.027962,low,65.4571,rolling_beta,v3,1,1185,1185,3,market,pass,N,,2026-06-09,0,0.0,0.0,high,N,non-adverse scenario,inactive scenario,0.027962,0.025808,-0.006836,neutral_or_defensive,우호적 위험선호장 참여 민감도
068270.KS,068270.KS,kr_stock,usd_strength_krw_weakness,USD Strength / KRW Weakness,달러강세/원화약세장,fx_krw,0.584109,-0.002157,0.696157,positive,0.584109,medium,70.962151,rolling_beta,v3,1,1078,1078,4,market,pass,N,,2026-06-09,1,0.975204,0.975204,high,Y,trade-gated adverse scenario with medium/high evidence,active market context,-0.342975,0.696157,-0.002157,krw_weakness_vulnerable,달러가 강하고 원화가 약해져 KRW 기준 투자자의 환율 리스크가 커지는 장세입니다. 한국 자산과 USD 노출의 역할을 분리해 봅니다.
068270.KS,068270.KS,kr_stock,china_trade_fragmentation_shock,China / Trade Fragmentation Shock,중국·무역분절 충격장,china_asia,0.461205,-0.002157,0.696157,positive,0.461205,medium,65.435166,rolling_beta,v3,1,1078,1078,5,market,pass,N,,2026-06-09,1,0.963122,0.963122,high,Y,trade-gated adverse scenario with medium/high evidence,active market context,0.603926,0.696157,-0.002157,china_asia_shock_vulnerable,중국 경기·무역갈등·공급망 충격이 한국/아시아와 반도체 자산에 번지는 장세입니다. 한국 반도체 factor와 원화 약세를 함께 확인합니다.
068270.KS,068270.KS,kr_stock,acute_global_stress_liquidity_crunch,Acute Global Stress / Liquidity Crunch,급성 리스크오프/유동성 경색장,us_global,0.097052,-0.002157,0.0,positive,0.097052,low,76.127067,rolling_beta,v3,1,1185,1185,3,market,pass,N,,2026-06-09,1,0.942163,0.942163,high,Y,trade-gated adverse scenario with medium/high evidence,active market context,-0.135424,-0.159092,-0.002157,liquidity_stress_vulnerable,변동성이 튀고 위험자산이 동반 약세를 보이는 단기 스트레스 장세입니다. 상관관계 상승과 유동성 악화를 우선 점검합니다.
068270.KS,068270.KS,kr_stock,higher_for_longer_long_rate_shock,Higher-for-Longer / Long-Rate Shock,장기금리 부담장,us_global,0.45,-0.002157,0.0,positive,0.45,medium,62.128209,rolling_beta,v3,1,1185,1185,3,market,pass,N,,2026-06-09,1,0.908767,0.908767,high,Y,trade-gated adverse scenario with medium/high evidence,active market context,-0.135424,-0.159092,-0.002157,rate_sensitive,장기금리와 달러 강세 부담이 채권·성장주·신용자산을 압박하는 장세입니다. 고밸류 성장주와 반도체 factor 민감도를 점검합니다.
068270.KS,068270.KS,kr_stock,semiconductor_ai_cycle_shock,Semiconductor / AI Cycle Shock,AI·반도체 사이클 충격장,korea_semiconductor,-0.035779,-0.002157,0.008261,neutral,0.035779,low,43.672,rolling_beta,v3,1,1078,1078,6,market,pass,N,,2026-06-09,1,0.377914,0.0,medium,N,context only: WATCH state,context only: WATCH state,-0.068857,0.008261,-0.002157,semiconductor_ai_shock_hedge,"AI capex 기대와 반도체 모멘텀이 꺾이면서 미국 성장주와 한국 반도체 대형주가 동시에 압박받는 장세입니다. SOXX, AI leader basket, 한국 반도체 basket의 동반 약세와 원화 압력을 함께 봅니다."
068270.KS,068270.KS,kr_stock,korea_domestic_financial_stress,Korea Domestic Financial Stress,한국 내수 금융스트레스장,korea_market,0.541678,-0.002157,0.696157,positive,0.541678,medium,61.630274,rolling_beta,v3,1,1078,1078,5,seed,pass,Y,,2026-06-09,1,0.401006,0.0,medium,N,context only: source_quality=seed,context only: source_quality=seed,0.603926,0.696157,-0.002157,korea_financial_stress_vulnerable,"가계부채, 부동산 PF, 비은행권, 금융주와 건설주 스트레스가 한국 자산 전반으로 번지는 장세입니다. 금융/건설 basket, 신용 spread, 단기자금 spread, 원화 약세를 함께 점검합니다."
068270.KS,068270.KS,kr_stock,geopolitical_escalation_supply_shock,Geopolitical Escalation / Supply Shock,지정학 확전·공급충격장,geopolitical,0.001595,-0.002157,0.0,neutral,0.001595,low,65.604388,rolling_beta,v3,1,1078,1078,3,manual,pass,Y,,2026-06-09,1,0.398559,0.0,medium,N,context only: source_quality=manual,context only: source_quality=manual,-0.017964,,-0.002157,geopolitical_supply_shock_vulnerable,"전쟁, 제재, 해상로 차질, 대만·중동·한반도 긴장처럼 유가·금·방산·변동성이 동시에 움직이는 이벤트성 충격 장세입니다. 뉴스 overlay는 가격 신호를 보강하는 용도로만 해석합니다."
068270.KS,068270.KS,kr_stock,slowdown_recession_deflation_risk,Slowdown / Recession / Deflation Risk,경기둔화/침체 우려장,us_global,-0.36254,-0.002157,0.0,negative,0.36254,medium,72.589407,rolling_beta,v3,1,1185,1185,3,market,pass,N,,2026-06-09,0,0.0,0.0,high,N,scenario inactive,inactive scenario,-0.135424,-0.159092,-0.002157,slowdown_defense,수요 둔화와 침체/디플레이션 압력이 커지는 방어적 장세입니다. 주식 beta와 신용위험을 보수적으로 봅니다.
068270.KS,068270.KS,kr_stock,stagflation_reinflation_energy_shock,Stagflation / Reinflation / Energy Shock,물가·에너지 재상승장,us_global,0.253918,-0.002157,0.0,positive,0.253918,low,72.540929,rolling_beta,v3,1,1185,1185,2,market,pass,N,,2026-06-09,0,0.0,0.0,high,N,scenario inactive,inactive scenario,-0.017964,,-0.002157,stagflation_vulnerable,성장 부담이 있는데 유가·원자재·인플레이션 압력이 다시 커지는 장세입니다. 에너지/원자재 수혜와 장기채 부담을 함께 봅니다.
068270.KS,068270.KS,kr_stock,soft_landing_goldilocks,Soft Landing / Goldilocks,우호적 위험선호장,us_global,-0.135424,-0.002157,0.0,negative,0.135424,low,65.4571,rolling_beta,v3,1,1185,1185,3,market,pass,N,,2026-06-09,0,0.0,0.0,high,N,non-adverse scenario,inactive scenario,-0.135424,-0.159092,-0.002157,neutral_or_defensive,우호적 위험선호장 참여 민감도
069500.KS,069500.KS,kr_etf,usd_strength_krw_weakness,USD Strength / KRW Weakness,달러강세/원화약세장,fx_krw,0.699559,-0.006734,0.998356,positive,0.699559,medium,70.962151,rolling_beta,v3,1,1057,1057,4,market,pass,N,,2026-06-09,1,0.975204,0.975204,high,Y,trade-gated adverse scenario with medium/high evidence,active market context,-0.59892,0.998356,-0.006734,krw_weakness_vulnerable,달러가 강하고 원화가 약해져 KRW 기준 투자자의 환율 리스크가 커지는 장세입니다. 한국 자산과 USD 노출의 역할을 분리해 봅니다.
069500.KS,069500.KS,kr_etf,china_trade_fragmentation_shock,China / Trade Fragmentation Shock,중국·무역분절 충격장,china_asia,0.667994,-0.006734,0.998356,positive,0.667994,medium,65.435166,rolling_beta,v3,1,1057,1057,5,market,pass,N,,2026-06-09,1,0.963122,0.963122,high,Y,trade-gated adverse scenario with medium/high evidence,active market context,0.986666,0.998356,-0.006734,china_asia_shock_vulnerable,중국 경기·무역갈등·공급망 충격이 한국/아시아와 반도체 자산에 번지는 장세입니다. 한국 반도체 factor와 원화 약세를 함께 확인합니다.
069500.KS,069500.KS,kr_etf,acute_global_stress_liquidity_crunch,Acute Global Stress / Liquidity Crunch,급성 리스크오프/유동성 경색장,us_global,0.303024,-0.006734,0.011866,positive,0.303024,medium,76.127067,rolling_beta,v3,1,1166,1166,3,market,pass,N,,2026-06-09,1,0.942163,0.942163,high,Y,trade-gated adverse scenario with medium/high evidence,active market context,-0.044963,0.011866,-0.006734,liquidity_stress_vulnerable,변동성이 튀고 위험자산이 동반 약세를 보이는 단기 스트레스 장세입니다. 상관관계 상승과 유동성 악화를 우선 점검합니다.
069500.KS,069500.KS,kr_etf,higher_for_longer_long_rate_shock,Higher-for-Longer / Long-Rate Shock,장기금리 부담장,us_global,0.0,-0.006734,0.011866,neutral,0.0,low,62.128209,rolling_beta,v3,1,1166,1166,3,market,pass,N,,2026-06-09,1,0.908767,0.908767,high,Y,trade-gated adverse scenario with medium/high evidence,active market context,-0.044963,0.011866,-0.006734,rate_sensitive,장기금리와 달러 강세 부담이 채권·성장주·신용자산을 압박하는 장세입니다. 고밸류 성장주와 반도체 factor 민감도를 점검합니다.
069500.KS,069500.KS,kr_etf,semiconductor_ai_cycle_shock,Semiconductor / AI Cycle Shock,AI·반도체 사이클 충격장,korea_semiconductor,0.35493,-0.006734,0.0893,positive,0.35493,medium,43.672,rolling_beta,v3,1,1057,1057,6,market,pass,N,,2026-06-09,1,0.377914,0.0,medium,N,context only: WATCH state,context only: WATCH state,0.043165,0.0893,-0.006734,semiconductor_ai_shock_vulnerable,"AI capex 기대와 반도체 모멘텀이 꺾이면서 미국 성장주와 한국 반도체 대형주가 동시에 압박받는 장세입니다. SOXX, AI leader basket, 한국 반도체 basket의 동반 약세와 원화 압력을 함께 봅니다."
069500.KS,069500.KS,kr_etf,korea_domestic_financial_stress,Korea Domestic Financial Stress,한국 내수 금융스트레스장,korea_market,1.131818,-0.006734,0.998356,positive,1.131818,high,61.630274,rolling_beta,v3,1,1057,1057,5,seed,pass,Y,,2026-06-09,1,0.401006,0.0,medium,N,context only: source_quality=seed,context only: source_quality=seed,0.986666,0.998356,-0.006734,korea_financial_stress_vulnerable,"가계부채, 부동산 PF, 비은행권, 금융주와 건설주 스트레스가 한국 자산 전반으로 번지는 장세입니다. 금융/건설 basket, 신용 spread, 단기자금 spread, 원화 약세를 함께 점검합니다."
069500.KS,069500.KS,kr_etf,geopolitical_escalation_supply_shock,Geopolitical Escalation / Supply Shock,지정학 확전·공급충격장,geopolitical,0.367338,-0.006734,0.0,positive,0.367338,medium,65.604388,rolling_beta,v3,1,1057,1057,3,manual,pass,Y,,2026-06-09,1,0.398559,0.0,medium,N,context only: source_quality=manual,context only: source_quality=manual,-0.020497,,-0.006734,geopolitical_supply_shock_vulnerable,"전쟁, 제재, 해상로 차질, 대만·중동·한반도 긴장처럼 유가·금·방산·변동성이 동시에 움직이는 이벤트성 충격 장세입니다. 뉴스 overlay는 가격 신호를 보강하는 용도로만 해석합니다."
069500.KS,069500.KS,kr_etf,slowdown_recession_deflation_risk,Slowdown / Recession / Deflation Risk,경기둔화/침체 우려장,us_global,0.206459,-0.006734,0.011866,positive,0.206459,low,72.589407,rolling_beta,v3,1,1166,1166,3,market,pass,N,,2026-06-09,0,0.0,0.0,high,N,scenario inactive,inactive scenario,-0.044963,0.011866,-0.006734,slowdown_vulnerable,수요 둔화와 침체/디플레이션 압력이 커지는 방어적 장세입니다. 주식 beta와 신용위험을 보수적으로 봅니다.
069500.KS,069500.KS,kr_etf,stagflation_reinflation_energy_shock,Stagflation / Reinflation / Energy Shock,물가·에너지 재상승장,us_global,0.168347,-0.006734,0.0,positive,0.168347,low,72.540929,rolling_beta,v3,1,1166,1166,2,market,pass,N,,2026-06-09,0,0.0,0.0,high,N,scenario inactive,inactive scenario,-0.020497,,-0.006734,stagflation_vulnerable,성장 부담이 있는데 유가·원자재·인플레이션 압력이 다시 커지는 장세입니다. 에너지/원자재 수혜와 장기채 부담을 함께 봅니다.
069500.KS,069500.KS,kr_etf,soft_landing_goldilocks,Soft Landing / Goldilocks,우호적 위험선호장,us_global,-0.044963,-0.006734,0.011866,neutral,0.044963,low,65.4571,rolling_beta,v3,1,1166,1166,3,market,pass,N,,2026-06-09,0,0.0,0.0,high,N,non-adverse scenario,inactive scenario,-0.044963,0.011866,-0.006734,neutral_or_defensive,우호적 위험선호장 참여 민감도
105560.KS,105560.KS,kr_stock,usd_strength_krw_weakness,USD Strength / KRW Weakness,달러강세/원화약세장,fx_krw,0.570068,-0.00462,0.708931,positive,0.570068,medium,70.962151,rolling_beta,v3,1,1078,1078,4,market,pass,N,,2026-06-09,1,0.975204,0.975204,high,Y,trade-gated adverse scenario with medium/high evidence,active market context,-0.410132,0.708931,-0.00462,krw_weakness_vulnerable,달러가 강하고 원화가 약해져 KRW 기준 투자자의 환율 리스크가 커지는 장세입니다. 한국 자산과 USD 노출의 역할을 분리해 봅니다.
105560.KS,105560.KS,kr_stock,china_trade_fragmentation_shock,China / Trade Fragmentation Shock,중국·무역분절 충격장,china_asia,0.511547,-0.00462,0.708931,positive,0.511547,medium,65.435166,rolling_beta,v3,1,1078,1078,5,market,pass,N,,2026-06-09,1,0.963122,0.963122,high,Y,trade-gated adverse scenario with medium/high evidence,active market context,0.645091,0.708931,-0.00462,china_asia_shock_vulnerable,중국 경기·무역갈등·공급망 충격이 한국/아시아와 반도체 자산에 번지는 장세입니다. 한국 반도체 factor와 원화 약세를 함께 확인합니다.
105560.KS,105560.KS,kr_stock,acute_global_stress_liquidity_crunch,Acute Global Stress / Liquidity Crunch,급성 리스크오프/유동성 경색장,us_global,0.207888,-0.00462,0.0,positive,0.207888,low,76.127067,rolling_beta,v3,1,1185,1185,3,market,pass,N,,2026-06-09,1,0.942163,0.942163,high,Y,trade-gated adverse scenario with medium/high evidence,active market context,-0.063593,-0.091382,-0.00462,liquidity_stress_vulnerable,변동성이 튀고 위험자산이 동반 약세를 보이는 단기 스트레스 장세입니다. 상관관계 상승과 유동성 악화를 우선 점검합니다.
105560.KS,105560.KS,kr_stock,higher_for_longer_long_rate_shock,Higher-for-Longer / Long-Rate Shock,장기금리 부담장,us_global,0.45,-0.00462,0.0,positive,0.45,medium,62.128209,rolling_beta,v3,1,1185,1185,3,market,pass,N,,2026-06-09,1,0.908767,0.908767,high,Y,trade-gated adverse scenario with medium/high evidence,active market context,-0.063593,-0.091382,-0.00462,rate_sensitive,장기금리와 달러 강세 부담이 채권·성장주·신용자산을 압박하는 장세입니다. 고밸류 성장주와 반도체 factor 민감도를 점검합니다.
105560.KS,105560.KS,kr_stock,semiconductor_ai_cycle_shock,Semiconductor / AI Cycle Shock,AI·반도체 사이클 충격장,korea_semiconductor,-0.005802,-0.00462,0.0,neutral,0.005802,low,43.672,rolling_beta,v3,1,1078,1078,6,market,pass,N,,2026-06-09,1,0.377914,0.0,medium,N,context only: WATCH state,context only: WATCH state,0.003093,-0.005905,-0.00462,semiconductor_ai_shock_hedge,"AI capex 기대와 반도체 모멘텀이 꺾이면서 미국 성장주와 한국 반도체 대형주가 동시에 압박받는 장세입니다. SOXX, AI leader basket, 한국 반도체 basket의 동반 약세와 원화 압력을 함께 봅니다."
105560.KS,105560.KS,kr_stock,korea_domestic_financial_stress,Korea Domestic Financial Stress,한국 내수 금융스트레스장,korea_market,0.906105,-0.00462,0.708931,positive,0.906105,high,61.630274,rolling_beta,v3,1,1078,1078,5,seed,pass,Y,,2026-06-09,1,0.401006,0.0,medium,N,context only: source_quality=seed,context only: source_quality=seed,0.645091,0.708931,-0.00462,korea_financial_stress_vulnerable,"가계부채, 부동산 PF, 비은행권, 금융주와 건설주 스트레스가 한국 자산 전반으로 번지는 장세입니다. 금융/건설 basket, 신용 spread, 단기자금 spread, 원화 약세를 함께 점검합니다."
105560.KS,105560.KS,kr_stock,geopolitical_escalation_supply_shock,Geopolitical Escalation / Supply Shock,지정학 확전·공급충격장,geopolitical,0.065493,-0.00462,0.0,positive,0.065493,low,65.604388,rolling_beta,v3,1,1078,1078,3,manual,pass,Y,,2026-06-09,1,0.398559,0.0,medium,N,context only: source_quality=manual,context only: source_quality=manual,-0.015379,,-0.00462,geopolitical_supply_shock_vulnerable,"전쟁, 제재, 해상로 차질, 대만·중동·한반도 긴장처럼 유가·금·방산·변동성이 동시에 움직이는 이벤트성 충격 장세입니다. 뉴스 overlay는 가격 신호를 보강하는 용도로만 해석합니다."
105560.KS,105560.KS,kr_stock,slowdown_recession_deflation_risk,Slowdown / Recession / Deflation Risk,경기둔화/침체 우려장,us_global,-0.229645,-0.00462,0.0,negative,0.229645,low,72.589407,rolling_beta,v3,1,1185,1185,3,market,pass,N,,2026-06-09,0,0.0,0.0,high,N,scenario inactive,inactive scenario,-0.063593,-0.091382,-0.00462,slowdown_defense,수요 둔화와 침체/디플레이션 압력이 커지는 방어적 장세입니다. 주식 beta와 신용위험을 보수적으로 봅니다.
105560.KS,105560.KS,kr_stock,stagflation_reinflation_energy_shock,Stagflation / Reinflation / Energy Shock,물가·에너지 재상승장,us_global,0.315493,-0.00462,0.0,positive,0.315493,medium,72.540929,rolling_beta,v3,1,1185,1185,2,market,pass,N,,2026-06-09,0,0.0,0.0,high,N,scenario inactive,inactive scenario,-0.015379,,-0.00462,stagflation_vulnerable,성장 부담이 있는데 유가·원자재·인플레이션 압력이 다시 커지는 장세입니다. 에너지/원자재 수혜와 장기채 부담을 함께 봅니다.
105560.KS,105560.KS,kr_stock,soft_landing_goldilocks,Soft Landing / Goldilocks,우호적 위험선호장,us_global,-0.063593,-0.00462,0.0,negative,0.063593,low,65.4571,rolling_beta,v3,1,1185,1185,3,market,pass,N,,2026-06-09,0,0.0,0.0,high,N,non-adverse scenario,inactive scenario,-0.063593,-0.091382,-0.00462,neutral_or_defensive,우호적 위험선호장 참여 민감도
114800.KS,114800.KS,kr_etf,usd_strength_krw_weakness,USD Strength / KRW Weakness,달러강세/원화약세장,fx_krw,0.461579,0.00689,0.0,positive,0.461579,medium,70.962151,rolling_beta,v3,1,1057,1057,4,market,pass,N,,2026-06-09,1,0.975204,0.975204,high,Y,trade-gated adverse scenario with medium/high evidence,active market context,0.606973,-1.011318,0.00689,krw_weakness_vulnerable,달러가 강하고 원화가 약해져 KRW 기준 투자자의 환율 리스크가 커지는 장세입니다. 한국 자산과 USD 노출의 역할을 분리해 봅니다.
114800.KS,114800.KS,kr_etf,china_trade_fragmentation_shock,China / Trade Fragmentation Shock,중국·무역분절 충격장,china_asia,0.487005,0.00689,0.0,positive,0.487005,medium,65.435166,rolling_beta,v3,1,1057,1057,5,market,pass,N,,2026-06-09,1,0.963122,0.963122,high,Y,trade-gated adverse scenario with medium/high evidence,active market context,-1.001384,-1.011318,0.00689,china_asia_shock_vulnerable,중국 경기·무역갈등·공급망 충격이 한국/아시아와 반도체 자산에 번지는 장세입니다. 한국 반도체 factor와 원화 약세를 함께 확인합니다.
114800.KS,114800.KS,kr_etf,acute_global_stress_liquidity_crunch,Acute Global Stress / Liquidity Crunch,급성 리스크오프/유동성 경색장,us_global,-0.58459,0.00689,0.0,negative,0.58459,medium,76.127067,rolling_beta,v3,1,1166,1166,3,market,pass,N,,2026-06-09,1,0.942163,0.942163,high,Y,trade-gated adverse scenario with medium/high evidence,active market context,0.046315,-0.011649,0.00689,liquidity_stress_defense,변동성이 튀고 위험자산이 동반 약세를 보이는 단기 스트레스 장세입니다. 상관관계 상승과 유동성 악화를 우선 점검합니다.
114800.KS,114800.KS,kr_etf,higher_for_longer_long_rate_shock,Higher-for-Longer / Long-Rate Shock,장기금리 부담장,us_global,0.725473,0.00689,0.0,positive,0.725473,medium,62.128209,rolling_beta,v3,1,1166,1166,3,market,pass,N,,2026-06-09,1,0.908767,0.908767,high,Y,trade-gated adverse scenario with medium/high evidence,active market context,0.046315,-0.011649,0.00689,rate_sensitive,장기금리와 달러 강세 부담이 채권·성장주·신용자산을 압박하는 장세입니다. 고밸류 성장주와 반도체 factor 민감도를 점검합니다.
114800.KS,114800.KS,kr_etf,semiconductor_ai_cycle_shock,Semiconductor / AI Cycle Shock,AI·반도체 사이클 충격장,korea_semiconductor,0.085728,0.00689,0.0,positive,0.085728,low,43.672,rolling_beta,v3,1,1057,1057,6,market,pass,N,,2026-06-09,1,0.377914,0.0,medium,N,context only: WATCH state,context only: WATCH state,-0.044535,-0.090155,0.00689,semiconductor_ai_shock_vulnerable,"AI capex 기대와 반도체 모멘텀이 꺾이면서 미국 성장주와 한국 반도체 대형주가 동시에 압박받는 장세입니다. SOXX, AI leader basket, 한국 반도체 basket의 동반 약세와 원화 압력을 함께 봅니다."
114800.KS,114800.KS,kr_etf,korea_domestic_financial_stress,Korea Domestic Financial Stress,한국 내수 금융스트레스장,korea_market,0.118788,0.00689,0.0,positive,0.118788,low,61.630274,rolling_beta,v3,1,1057,1057,5,seed,pass,Y,,2026-06-09,1,0.401006,0.0,medium,N,context only: source_quality=seed,context only: source_quality=seed,-1.001384,-1.011318,0.00689,korea_financial_stress_vulnerable,"가계부채, 부동산 PF, 비은행권, 금융주와 건설주 스트레스가 한국 자산 전반으로 번지는 장세입니다. 금융/건설 basket, 신용 spread, 단기자금 spread, 원화 약세를 함께 점검합니다."
114800.KS,114800.KS,kr_etf,geopolitical_escalation_supply_shock,Geopolitical Escalation / Supply Shock,지정학 확전·공급충격장,geopolitical,-0.117185,0.00689,0.046315,negative,0.117185,low,65.604388,rolling_beta,v3,1,1057,1057,3,manual,pass,Y,,2026-06-09,1,0.398559,0.0,medium,N,context only: source_quality=manual,context only: source_quality=manual,0.021833,,0.00689,geopolitical_supply_shock_hedge,"전쟁, 제재, 해상로 차질, 대만·중동·한반도 긴장처럼 유가·금·방산·변동성이 동시에 움직이는 이벤트성 충격 장세입니다. 뉴스 overlay는 가격 신호를 보강하는 용도로만 해석합니다."
114800.KS,114800.KS,kr_etf,slowdown_recession_deflation_risk,Slowdown / Recession / Deflation Risk,경기둔화/침체 우려장,us_global,-0.561056,0.00689,0.0,negative,0.561056,medium,72.589407,rolling_beta,v3,1,1166,1166,3,market,pass,N,,2026-06-09,0,0.0,0.0,high,N,scenario inactive,inactive scenario,0.046315,-0.011649,0.00689,slowdown_defense,수요 둔화와 침체/디플레이션 압력이 커지는 방어적 장세입니다. 주식 beta와 신용위험을 보수적으로 봅니다.
114800.KS,114800.KS,kr_etf,stagflation_reinflation_energy_shock,Stagflation / Reinflation / Energy Shock,물가·에너지 재상승장,us_global,0.043953,0.00689,0.046315,neutral,0.043953,low,72.540929,rolling_beta,v3,1,1166,1166,2,market,pass,N,,2026-06-09,0,0.0,0.0,high,N,scenario inactive,inactive scenario,0.021833,,0.00689,stagflation_vulnerable,성장 부담이 있는데 유가·원자재·인플레이션 압력이 다시 커지는 장세입니다. 에너지/원자재 수혜와 장기채 부담을 함께 봅니다.
114800.KS,114800.KS,kr_etf,soft_landing_goldilocks,Soft Landing / Goldilocks,우호적 위험선호장,us_global,0.046315,0.00689,0.0,neutral,0.046315,low,65.4571,rolling_beta,v3,1,1166,1166,3,market,pass,N,,2026-06-09,0,0.0,0.0,high,N,non-adverse scenario,inactive scenario,0.046315,-0.011649,0.00689,neutral_or_defensive,우호적 위험선호장 참여 민감도
132030.KS,132030.KS,kr_etf,usd_strength_krw_weakness,USD Strength / KRW Weakness,달러강세/원화약세장,fx_krw,0.604516,-0.000256,0.318844,positive,0.604516,medium,70.962151,rolling_beta,v3,1,1057,1057,4,market,pass,N,,2026-06-09,1,0.975204,0.975204,high,Y,trade-gated adverse scenario with medium/high evidence,active market context,-0.307152,0.318844,-0.000256,krw_weakness_vulnerable,달러가 강하고 원화가 약해져 KRW 기준 투자자의 환율 리스크가 커지는 장세입니다. 한국 자산과 USD 노출의 역할을 분리해 봅니다.
132030.KS,132030.KS,kr_etf,china_trade_fragmentation_shock,China / Trade Fragmentation Shock,중국·무역분절 충격장,china_asia,0.430007,-0.000256,0.318844,positive,0.430007,medium,65.435166,rolling_beta,v3,1,1057,1057,5,market,pass,N,,2026-06-09,1,0.963122,0.963122,high,Y,trade-gated adverse scenario with medium/high evidence,active market context,0.237267,0.318844,-0.000256,china_asia_shock_vulnerable,중국 경기·무역갈등·공급망 충격이 한국/아시아와 반도체 자산에 번지는 장세입니다. 한국 반도체 factor와 원화 약세를 함께 확인합니다.
132030.KS,132030.KS,kr_etf,acute_global_stress_liquidity_crunch,Acute Global Stress / Liquidity Crunch,급성 리스크오프/유동성 경색장,us_global,0.011511,-0.000256,0.0,neutral,0.011511,low,76.127067,rolling_beta,v3,1,1166,1166,3,market,pass,N,,2026-06-09,1,0.942163,0.942163,high,Y,trade-gated adverse scenario with medium/high evidence,active market context,-0.105359,-0.160272,-0.000256,liquidity_stress_vulnerable,변동성이 튀고 위험자산이 동반 약세를 보이는 단기 스트레스 장세입니다. 상관관계 상승과 유동성 악화를 우선 점검합니다.
132030.KS,132030.KS,kr_etf,higher_for_longer_long_rate_shock,Higher-for-Longer / Long-Rate Shock,장기금리 부담장,us_global,0.0,-0.000256,0.0,neutral,0.0,low,62.128209,rolling_beta,v3,1,1166,1166,3,market,pass,N,,2026-06-09,1,0.908767,0.908767,high,Y,trade-gated adverse scenario with medium/high evidence,active market context,-0.105359,-0.160272,-0.000256,rate_sensitive,장기금리와 달러 강세 부담이 채권·성장주·신용자산을 압박하는 장세입니다. 고밸류 성장주와 반도체 factor 민감도를 점검합니다.
132030.KS,132030.KS,kr_etf,semiconductor_ai_cycle_shock,Semiconductor / AI Cycle Shock,AI·반도체 사이클 충격장,korea_semiconductor,0.138148,-0.000256,0.0,positive,0.138148,low,43.672,rolling_beta,v3,1,1057,1057,6,market,pass,N,,2026-06-09,1,0.377914,0.0,medium,N,context only: WATCH state,context only: WATCH state,-0.02609,-0.031414,-0.000256,semiconductor_ai_shock_vulnerable,"AI capex 기대와 반도체 모멘텀이 꺾이면서 미국 성장주와 한국 반도체 대형주가 동시에 압박받는 장세입니다. SOXX, AI leader basket, 한국 반도체 basket의 동반 약세와 원화 압력을 함께 봅니다."
132030.KS,132030.KS,kr_etf,korea_domestic_financial_stress,Korea Domestic Financial Stress,한국 내수 금융스트레스장,korea_market,0.60928,-0.000256,0.318844,positive,0.60928,medium,61.630274,rolling_beta,v3,1,1057,1057,5,seed,pass,Y,,2026-06-09,1,0.401006,0.0,medium,N,context only: source_quality=seed,context only: source_quality=seed,0.237267,0.318844,-0.000256,korea_financial_stress_vulnerable,"가계부채, 부동산 PF, 비은행권, 금융주와 건설주 스트레스가 한국 자산 전반으로 번지는 장세입니다. 금융/건설 basket, 신용 spread, 단기자금 spread, 원화 약세를 함께 점검합니다."
132030.KS,132030.KS,kr_etf,geopolitical_escalation_supply_shock,Geopolitical Escalation / Supply Shock,지정학 확전·공급충격장,geopolitical,-0.165214,-0.000256,0.0,negative,0.165214,low,65.604388,rolling_beta,v3,1,1057,1057,3,manual,pass,Y,,2026-06-09,1,0.398559,0.0,medium,N,context only: source_quality=manual,context only: source_quality=manual,0.014754,,-0.000256,geopolitical_supply_shock_hedge,"전쟁, 제재, 해상로 차질, 대만·중동·한반도 긴장처럼 유가·금·방산·변동성이 동시에 움직이는 이벤트성 충격 장세입니다. 뉴스 overlay는 가격 신호를 보강하는 용도로만 해석합니다."
132030.KS,132030.KS,kr_etf,slowdown_recession_deflation_risk,Slowdown / Recession / Deflation Risk,경기둔화/침체 우려장,us_global,-0.05953,-0.000256,0.0,negative,0.05953,low,72.589407,rolling_beta,v3,1,1166,1166,3,market,pass,N,,2026-06-09,0,0.0,0.0,high,N,scenario inactive,inactive scenario,-0.105359,-0.160272,-0.000256,slowdown_defense,수요 둔화와 침체/디플레이션 압력이 커지는 방어적 장세입니다. 주식 beta와 신용위험을 보수적으로 봅니다.
132030.KS,132030.KS,kr_etf,stagflation_reinflation_energy_shock,Stagflation / Reinflation / Energy Shock,물가·에너지 재상승장,us_global,-0.443605,-0.000256,0.0,negative,0.443605,medium,72.540929,rolling_beta,v3,1,1166,1166,2,market,pass,N,,2026-06-09,0,0.0,0.0,high,N,scenario inactive,inactive scenario,0.014754,,-0.000256,inflation_hedge,성장 부담이 있는데 유가·원자재·인플레이션 압력이 다시 커지는 장세입니다. 에너지/원자재 수혜와 장기채 부담을 함께 봅니다.
132030.KS,132030.KS,kr_etf,soft_landing_goldilocks,Soft Landing / Goldilocks,우호적 위험선호장,us_global,-0.105359,-0.000256,0.0,negative,0.105359,low,65.4571,rolling_beta,v3,1,1166,1166,3,market,pass,N,,2026-06-09,0,0.0,0.0,high,N,non-adverse scenario,inactive scenario,-0.105359,-0.160272,-0.000256,neutral_or_defensive,우호적 위험선호장 참여 민감도
153130.KS,153130.KS,kr_etf,usd_strength_krw_weakness,USD Strength / KRW Weakness,달러강세/원화약세장,fx_krw,0.48727,0.000108,0.001178,positive,0.48727,medium,70.962151,rolling_beta,v3,1,1057,1057,4,market,pass,N,,2026-06-09,1,0.975204,0.975204,high,Y,trade-gated adverse scenario with medium/high evidence,active market context,-0.000888,0.001178,0.000108,krw_weakness_vulnerable,달러가 강하고 원화가 약해져 KRW 기준 투자자의 환율 리스크가 커지는 장세입니다. 한국 자산과 USD 노출의 역할을 분리해 봅니다.
153130.KS,153130.KS,kr_etf,china_trade_fragmentation_shock,China / Trade Fragmentation Shock,중국·무역분절 충격장,china_asia,0.327112,0.000108,0.001178,positive,0.327112,medium,65.435166,rolling_beta,v3,1,1057,1057,5,market,pass,N,,2026-06-09,1,0.963122,0.963122,high,Y,trade-gated adverse scenario with medium/high evidence,active market context,0.000427,0.001178,0.000108,china_asia_shock_vulnerable,중국 경기·무역갈등·공급망 충격이 한국/아시아와 반도체 자산에 번지는 장세입니다. 한국 반도체 factor와 원화 약세를 함께 확인합니다.
153130.KS,153130.KS,kr_etf,acute_global_stress_liquidity_crunch,Acute Global Stress / Liquidity Crunch,급성 리스크오프/유동성 경색장,us_global,-0.004867,0.000108,0.0,neutral,0.004867,low,76.127067,rolling_beta,v3,1,1166,1166,3,market,pass,N,,2026-06-09,1,0.942163,0.942163,high,Y,trade-gated adverse scenario with medium/high evidence,active market context,-0.000698,-0.00225,0.000108,liquidity_stress_defense,변동성이 튀고 위험자산이 동반 약세를 보이는 단기 스트레스 장세입니다. 상관관계 상승과 유동성 악화를 우선 점검합니다.
153130.KS,153130.KS,kr_etf,higher_for_longer_long_rate_shock,Higher-for-Longer / Long-Rate Shock,장기금리 부담장,us_global,0.45,0.000108,0.0,positive,0.45,medium,62.128209,rolling_beta,v3,1,1166,1166,3,market,pass,N,,2026-06-09,1,0.908767,0.908767,high,Y,trade-gated adverse scenario with medium/high evidence,active market context,-0.000698,-0.00225,0.000108,rate_sensitive,장기금리와 달러 강세 부담이 채권·성장주·신용자산을 압박하는 장세입니다. 고밸류 성장주와 반도체 factor 민감도를 점검합니다.
153130.KS,153130.KS,kr_etf,semiconductor_ai_cycle_shock,Semiconductor / AI Cycle Shock,AI·반도체 사이클 충격장,korea_semiconductor,-0.150945,0.000108,0.000288,negative,0.150945,low,43.672,rolling_beta,v3,1,1057,1057,6,market,pass,N,,2026-06-09,1,0.377914,0.0,medium,N,context only: WATCH state,context only: WATCH state,-2.3e-05,0.000288,0.000108,semiconductor_ai_shock_hedge,"AI capex 기대와 반도체 모멘텀이 꺾이면서 미국 성장주와 한국 반도체 대형주가 동시에 압박받는 장세입니다. SOXX, AI leader basket, 한국 반도체 basket의 동반 약세와 원화 압력을 함께 봅니다."
153130.KS,153130.KS,kr_etf,korea_domestic_financial_stress,Korea Domestic Financial Stress,한국 내수 금융스트레스장,korea_market,0.197449,0.000108,0.001178,positive,0.197449,low,61.630274,rolling_beta,v3,1,1057,1057,5,seed,pass,Y,,2026-06-09,1,0.401006,0.0,medium,N,context only: source_quality=seed,context only: source_quality=seed,0.000427,0.001178,0.000108,korea_financial_stress_vulnerable,"가계부채, 부동산 PF, 비은행권, 금융주와 건설주 스트레스가 한국 자산 전반으로 번지는 장세입니다. 금융/건설 basket, 신용 spread, 단기자금 spread, 원화 약세를 함께 점검합니다."
153130.KS,153130.KS,kr_etf,geopolitical_escalation_supply_shock,Geopolitical Escalation / Supply Shock,지정학 확전·공급충격장,geopolitical,-0.05271,0.000108,0.0,negative,0.05271,low,65.604388,rolling_beta,v3,1,1057,1057,3,manual,pass,Y,,2026-06-09,1,0.398559,0.0,medium,N,context only: source_quality=manual,context only: source_quality=manual,-0.000193,,0.000108,geopolitical_supply_shock_hedge,"전쟁, 제재, 해상로 차질, 대만·중동·한반도 긴장처럼 유가·금·방산·변동성이 동시에 움직이는 이벤트성 충격 장세입니다. 뉴스 overlay는 가격 신호를 보강하는 용도로만 해석합니다."
153130.KS,153130.KS,kr_etf,slowdown_recession_deflation_risk,Slowdown / Recession / Deflation Risk,경기둔화/침체 우려장,us_global,-0.354239,0.000108,0.0,negative,0.354239,medium,72.589407,rolling_beta,v3,1,1166,1166,3,market,pass,N,,2026-06-09,0,0.0,0.0,high,N,scenario inactive,inactive scenario,-0.000698,-0.00225,0.000108,slowdown_defense,수요 둔화와 침체/디플레이션 압력이 커지는 방어적 장세입니다. 주식 beta와 신용위험을 보수적으로 봅니다.
153130.KS,153130.KS,kr_etf,stagflation_reinflation_energy_shock,Stagflation / Reinflation / Energy Shock,물가·에너지 재상승장,us_global,0.197296,0.000108,0.0,positive,0.197296,low,72.540929,rolling_beta,v3,1,1166,1166,2,market,pass,N,,2026-06-09,0,0.0,0.0,high,N,scenario inactive,inactive scenario,-0.000193,,0.000108,stagflation_vulnerable,성장 부담이 있는데 유가·원자재·인플레이션 압력이 다시 커지는 장세입니다. 에너지/원자재 수혜와 장기채 부담을 함께 봅니다.
153130.KS,153130.KS,kr_etf,soft_landing_goldilocks,Soft Landing / Goldilocks,우호적 위험선호장,us_global,-0.000698,0.000108,0.0,neutral,0.000698,low,65.4571,rolling_beta,v3,1,1166,1166,3,market,pass,N,,2026-06-09,0,0.0,0.0,high,N,non-adverse scenario,inactive scenario,-0.000698,-0.00225,0.000108,neutral_or_defensive,우호적 위험선호장 참여 민감도
207940.KS,207940.KS,kr_stock,usd_strength_krw_weakness,USD Strength / KRW Weakness,달러강세/원화약세장,fx_krw,0.591443,-0.002234,0.588438,positive,0.591443,medium,70.962151,rolling_beta,v3,1,1078,1078,4,market,pass,N,,2026-06-09,1,0.975204,0.975204,high,Y,trade-gated adverse scenario with medium/high evidence,active market context,-0.372286,0.588438,-0.002234,krw_weakness_vulnerable,달러가 강하고 원화가 약해져 KRW 기준 투자자의 환율 리스크가 커지는 장세입니다. 한국 자산과 USD 노출의 역할을 분리해 봅니다.
207940.KS,207940.KS,kr_stock,china_trade_fragmentation_shock,China / Trade Fragmentation Shock,중국·무역분절 충격장,china_asia,0.469016,-0.002234,0.588438,positive,0.469016,medium,65.435166,rolling_beta,v3,1,1078,1078,5,market,pass,N,,2026-06-09,1,0.963122,0.963122,high,Y,trade-gated adverse scenario with medium/high evidence,active market context,0.431717,0.588438,-0.002234,china_asia_shock_vulnerable,중국 경기·무역갈등·공급망 충격이 한국/아시아와 반도체 자산에 번지는 장세입니다. 한국 반도체 factor와 원화 약세를 함께 확인합니다.
207940.KS,207940.KS,kr_stock,acute_global_stress_liquidity_crunch,Acute Global Stress / Liquidity Crunch,급성 리스크오프/유동성 경색장,us_global,0.100551,-0.002234,0.0,positive,0.100551,low,76.127067,rolling_beta,v3,1,1185,1185,3,market,pass,N,,2026-06-09,1,0.942163,0.942163,high,Y,trade-gated adverse scenario with medium/high evidence,active market context,-0.08252,-0.243881,-0.002234,liquidity_stress_vulnerable,변동성이 튀고 위험자산이 동반 약세를 보이는 단기 스트레스 장세입니다. 상관관계 상승과 유동성 악화를 우선 점검합니다.
207940.KS,207940.KS,kr_stock,higher_for_longer_long_rate_shock,Higher-for-Longer / Long-Rate Shock,장기금리 부담장,us_global,0.45,-0.002234,0.0,positive,0.45,medium,62.128209,rolling_beta,v3,1,1185,1185,3,market,pass,N,,2026-06-09,1,0.908767,0.908767,high,Y,trade-gated adverse scenario with medium/high evidence,active market context,-0.08252,-0.243881,-0.002234,rate_sensitive,장기금리와 달러 강세 부담이 채권·성장주·신용자산을 압박하는 장세입니다. 고밸류 성장주와 반도체 factor 민감도를 점검합니다.
207940.KS,207940.KS,kr_stock,semiconductor_ai_cycle_shock,Semiconductor / AI Cycle Shock,AI·반도체 사이클 충격장,korea_semiconductor,-0.062898,-0.002234,0.0,negative,0.062898,low,43.672,rolling_beta,v3,1,1078,1078,6,market,pass,N,,2026-06-09,1,0.377914,0.0,medium,N,context only: WATCH state,context only: WATCH state,-0.03458,-0.036974,-0.002234,semiconductor_ai_shock_hedge,"AI capex 기대와 반도체 모멘텀이 꺾이면서 미국 성장주와 한국 반도체 대형주가 동시에 압박받는 장세입니다. SOXX, AI leader basket, 한국 반도체 basket의 동반 약세와 원화 압력을 함께 봅니다."
207940.KS,207940.KS,kr_stock,korea_domestic_financial_stress,Korea Domestic Financial Stress,한국 내수 금융스트레스장,korea_market,0.473536,-0.002234,0.588438,positive,0.473536,medium,61.630274,rolling_beta,v3,1,1078,1078,5,seed,pass,Y,,2026-06-09,1,0.401006,0.0,medium,N,context only: source_quality=seed,context only: source_quality=seed,0.431717,0.588438,-0.002234,korea_financial_stress_vulnerable,"가계부채, 부동산 PF, 비은행권, 금융주와 건설주 스트레스가 한국 자산 전반으로 번지는 장세입니다. 금융/건설 basket, 신용 spread, 단기자금 spread, 원화 약세를 함께 점검합니다."
207940.KS,207940.KS,kr_stock,geopolitical_escalation_supply_shock,Geopolitical Escalation / Supply Shock,지정학 확전·공급충격장,geopolitical,0.005826,-0.002234,0.0,neutral,0.005826,low,65.604388,rolling_beta,v3,1,1078,1078,3,manual,pass,Y,,2026-06-09,1,0.398559,0.0,medium,N,context only: source_quality=manual,context only: source_quality=manual,-0.040831,,-0.002234,geopolitical_supply_shock_vulnerable,"전쟁, 제재, 해상로 차질, 대만·중동·한반도 긴장처럼 유가·금·방산·변동성이 동시에 움직이는 이벤트성 충격 장세입니다. 뉴스 overlay는 가격 신호를 보강하는 용도로만 해석합니다."
207940.KS,207940.KS,kr_stock,slowdown_recession_deflation_risk,Slowdown / Recession / Deflation Risk,경기둔화/침체 우려장,us_global,-0.325432,-0.002234,0.0,negative,0.325432,medium,72.589407,rolling_beta,v3,1,1185,1185,3,market,pass,N,,2026-06-09,0,0.0,0.0,high,N,scenario inactive,inactive scenario,-0.08252,-0.243881,-0.002234,slowdown_defense,수요 둔화와 침체/디플레이션 압력이 커지는 방어적 장세입니다. 주식 beta와 신용위험을 보수적으로 봅니다.
207940.KS,207940.KS,kr_stock,stagflation_reinflation_energy_shock,Stagflation / Reinflation / Energy Shock,물가·에너지 재상승장,us_global,0.255861,-0.002234,0.0,positive,0.255861,low,72.540929,rolling_beta,v3,1,1185,1185,2,market,pass,N,,2026-06-09,0,0.0,0.0,high,N,scenario inactive,inactive scenario,-0.040831,,-0.002234,stagflation_vulnerable,성장 부담이 있는데 유가·원자재·인플레이션 압력이 다시 커지는 장세입니다. 에너지/원자재 수혜와 장기채 부담을 함께 봅니다.
207940.KS,207940.KS,kr_stock,soft_landing_goldilocks,Soft Landing / Goldilocks,우호적 위험선호장,us_global,-0.08252,-0.002234,0.0,negative,0.08252,low,65.4571,rolling_beta,v3,1,1185,1185,3,market,pass,N,,2026-06-09,0,0.0,0.0,high,N,non-adverse scenario,inactive scenario,-0.08252,-0.243881,-0.002234,neutral_or_defensive,우호적 위험선호장 참여 민감도
261240.KS,261240.KS,kr_etf,usd_strength_krw_weakness,USD Strength / KRW Weakness,달러강세/원화약세장,fx_krw,0.477214,0.001181,0.0,positive,0.477214,medium,70.962151,rolling_beta,v3,1,1057,1057,4,market,pass,N,,2026-06-09,1,0.975204,0.975204,high,Y,trade-gated adverse scenario with medium/high evidence,active market context,0.413772,-0.147418,0.001181,krw_weakness_vulnerable,달러가 강하고 원화가 약해져 KRW 기준 투자자의 환율 리스크가 커지는 장세입니다. 한국 자산과 USD 노출의 역할을 분리해 봅니다.
261240.KS,261240.KS,kr_etf,china_trade_fragmentation_shock,China / Trade Fragmentation Shock,중국·무역분절 충격장,china_asia,0.292247,0.001181,0.0,positive,0.292247,low,65.435166,rolling_beta,v3,1,1057,1057,5,market,pass,N,,2026-06-09,1,0.963122,0.963122,high,Y,trade-gated adverse scenario with medium/high evidence,active market context,-0.183113,-0.147418,0.001181,china_asia_shock_vulnerable,중국 경기·무역갈등·공급망 충격이 한국/아시아와 반도체 자산에 번지는 장세입니다. 한국 반도체 factor와 원화 약세를 함께 확인합니다.
261240.KS,261240.KS,kr_etf,acute_global_stress_liquidity_crunch,Acute Global Stress / Liquidity Crunch,급성 리스크오프/유동성 경색장,us_global,0.006727,0.001181,0.08677,neutral,0.006727,low,76.127067,rolling_beta,v3,1,1166,1166,3,market,pass,N,,2026-06-09,1,0.942163,0.942163,high,Y,trade-gated adverse scenario with medium/high evidence,active market context,0.108856,0.08677,0.001181,liquidity_stress_vulnerable,변동성이 튀고 위험자산이 동반 약세를 보이는 단기 스트레스 장세입니다. 상관관계 상승과 유동성 악화를 우선 점검합니다.
261240.KS,261240.KS,kr_etf,higher_for_longer_long_rate_shock,Higher-for-Longer / Long-Rate Shock,장기금리 부담장,us_global,0.059871,0.001181,0.08677,positive,0.059871,low,62.128209,rolling_beta,v3,1,1166,1166,3,market,pass,N,,2026-06-09,1,0.908767,0.908767,high,Y,trade-gated adverse scenario with medium/high evidence,active market context,0.108856,0.08677,0.001181,rate_sensitive,장기금리와 달러 강세 부담이 채권·성장주·신용자산을 압박하는 장세입니다. 고밸류 성장주와 반도체 factor 민감도를 점검합니다.
261240.KS,261240.KS,kr_etf,semiconductor_ai_cycle_shock,Semiconductor / AI Cycle Shock,AI·반도체 사이클 충격장,korea_semiconductor,0.105301,0.001181,0.0,positive,0.105301,low,43.672,rolling_beta,v3,1,1057,1057,6,market,pass,N,,2026-06-09,1,0.377914,0.0,medium,N,context only: WATCH state,context only: WATCH state,0.015563,-0.004417,0.001181,semiconductor_ai_shock_vulnerable,"AI capex 기대와 반도체 모멘텀이 꺾이면서 미국 성장주와 한국 반도체 대형주가 동시에 압박받는 장세입니다. SOXX, AI leader basket, 한국 반도체 basket의 동반 약세와 원화 압력을 함께 봅니다."
261240.KS,261240.KS,kr_etf,korea_domestic_financial_stress,Korea Domestic Financial Stress,한국 내수 금융스트레스장,korea_market,0.532542,0.001181,0.0,positive,0.532542,medium,61.630274,rolling_beta,v3,1,1057,1057,5,seed,pass,Y,,2026-06-09,1,0.401006,0.0,medium,N,context only: source_quality=seed,context only: source_quality=seed,-0.183113,-0.147418,0.001181,korea_financial_stress_vulnerable,"가계부채, 부동산 PF, 비은행권, 금융주와 건설주 스트레스가 한국 자산 전반으로 번지는 장세입니다. 금융/건설 basket, 신용 spread, 단기자금 spread, 원화 약세를 함께 점검합니다."
261240.KS,261240.KS,kr_etf,geopolitical_escalation_supply_shock,Geopolitical Escalation / Supply Shock,지정학 확전·공급충격장,geopolitical,0.262782,0.001181,0.108856,positive,0.262782,low,65.604388,rolling_beta,v3,1,1057,1057,3,manual,pass,Y,,2026-06-09,1,0.398559,0.0,medium,N,context only: source_quality=manual,context only: source_quality=manual,0.027501,,0.001181,geopolitical_supply_shock_vulnerable,"전쟁, 제재, 해상로 차질, 대만·중동·한반도 긴장처럼 유가·금·방산·변동성이 동시에 움직이는 이벤트성 충격 장세입니다. 뉴스 overlay는 가격 신호를 보강하는 용도로만 해석합니다."
261240.KS,261240.KS,kr_etf,slowdown_recession_deflation_risk,Slowdown / Recession / Deflation Risk,경기둔화/침체 우려장,us_global,0.029423,0.001181,0.08677,neutral,0.029423,low,72.589407,rolling_beta,v3,1,1166,1166,3,market,pass,N,,2026-06-09,0,0.0,0.0,high,N,scenario inactive,inactive scenario,0.108856,0.08677,0.001181,slowdown_vulnerable,수요 둔화와 침체/디플레이션 압력이 커지는 방어적 장세입니다. 주식 beta와 신용위험을 보수적으로 봅니다.
261240.KS,261240.KS,kr_etf,stagflation_reinflation_energy_shock,Stagflation / Reinflation / Energy Shock,물가·에너지 재상승장,us_global,0.008575,0.001181,0.108856,neutral,0.008575,low,72.540929,rolling_beta,v3,1,1166,1166,2,market,pass,N,,2026-06-09,0,0.0,0.0,high,N,scenario inactive,inactive scenario,0.027501,,0.001181,stagflation_vulnerable,성장 부담이 있는데 유가·원자재·인플레이션 압력이 다시 커지는 장세입니다. 에너지/원자재 수혜와 장기채 부담을 함께 봅니다.
261240.KS,261240.KS,kr_etf,soft_landing_goldilocks,Soft Landing / Goldilocks,우호적 위험선호장,us_global,0.108856,0.001181,0.08677,positive,0.108856,low,65.4571,rolling_beta,v3,1,1166,1166,3,market,pass,N,,2026-06-09,0,0.0,0.0,high,N,non-adverse scenario,inactive scenario,0.108856,0.08677,0.001181,neutral_or_defensive,우호적 위험선호장 참여 민감도
AAPL,AAPL,us_stock,usd_strength_krw_weakness,USD Strength / KRW Weakness,달러강세/원화약세장,fx_krw,-0.054423,0.000339,0.0,negative,0.054423,low,70.962151,rolling_beta,v3,1,1110,1110,4,market,pass,N,,2026-06-09,1,0.975204,0.975204,high,Y,trade-gated adverse scenario with medium/high evidence,active market context,0.679543,-0.032515,0.000339,krw_weakness_hedge,달러가 강하고 원화가 약해져 KRW 기준 투자자의 환율 리스크가 커지는 장세입니다. 한국 자산과 USD 노출의 역할을 분리해 봅니다.
AAPL,AAPL,us_stock,china_trade_fragmentation_shock,China / Trade Fragmentation Shock,중국·무역분절 충격장,china_asia,0.127987,0.000339,0.0,positive,0.127987,low,65.435166,rolling_beta,v3,1,1110,1110,5,market,pass,N,,2026-06-09,1,0.963122,0.963122,high,Y,trade-gated adverse scenario with medium/high evidence,active market context,-0.037691,-0.032515,0.000339,china_asia_shock_vulnerable,중국 경기·무역갈등·공급망 충격이 한국/아시아와 반도체 자산에 번지는 장세입니다. 한국 반도체 factor와 원화 약세를 함께 확인합니다.
AAPL,AAPL,us_stock,acute_global_stress_liquidity_crunch,Acute Global Stress / Liquidity Crunch,급성 리스크오프/유동성 경색장,us_global,0.335016,0.000339,1.211431,positive,0.335016,medium,76.127067,rolling_beta,v3,1,1261,1261,3,market,pass,N,,2026-06-09,1,0.942163,0.942163,high,Y,trade-gated adverse scenario with medium/high evidence,active market context,1.182308,1.211431,0.000339,liquidity_stress_vulnerable,변동성이 튀고 위험자산이 동반 약세를 보이는 단기 스트레스 장세입니다. 상관관계 상승과 유동성 악화를 우선 점검합니다.
AAPL,AAPL,us_stock,higher_for_longer_long_rate_shock,Higher-for-Longer / Long-Rate Shock,장기금리 부담장,us_global,1.000269,0.000339,1.211431,positive,1.000269,high,62.128209,rolling_beta,v3,1,1261,1261,3,market,pass,N,,2026-06-09,1,0.908767,0.908767,high,Y,trade-gated adverse scenario with medium/high evidence,active market context,1.182308,1.211431,0.000339,rate_sensitive,장기금리와 달러 강세 부담이 채권·성장주·신용자산을 압박하는 장세입니다. 고밸류 성장주와 반도체 factor 민감도를 점검합니다.
AAPL,AAPL,us_stock,semiconductor_ai_cycle_shock,Semiconductor / AI Cycle Shock,AI·반도체 사이클 충격장,korea_semiconductor,0.317564,0.000339,0.482099,positive,0.317564,medium,43.672,rolling_beta,v3,1,1110,1110,6,market,pass,N,,2026-06-09,1,0.377914,0.0,medium,N,context only: WATCH state,context only: WATCH state,0.455496,0.482099,0.000339,semiconductor_ai_shock_vulnerable,"AI capex 기대와 반도체 모멘텀이 꺾이면서 미국 성장주와 한국 반도체 대형주가 동시에 압박받는 장세입니다. SOXX, AI leader basket, 한국 반도체 basket의 동반 약세와 원화 압력을 함께 봅니다."
AAPL,AAPL,us_stock,korea_domestic_financial_stress,Korea Domestic Financial Stress,한국 내수 금융스트레스장,korea_market,-0.406543,0.000339,0.0,negative,0.406543,medium,61.630274,rolling_beta,v3,1,1110,1110,5,seed,pass,Y,,2026-06-09,1,0.401006,0.0,medium,N,context only: source_quality=seed,context only: source_quality=seed,-0.037691,-0.032515,0.000339,korea_financial_stress_hedge,"가계부채, 부동산 PF, 비은행권, 금융주와 건설주 스트레스가 한국 자산 전반으로 번지는 장세입니다. 금융/건설 basket, 신용 spread, 단기자금 spread, 원화 약세를 함께 점검합니다."
AAPL,AAPL,us_stock,geopolitical_escalation_supply_shock,Geopolitical Escalation / Supply Shock,지정학 확전·공급충격장,geopolitical,0.131751,0.000339,1.182308,positive,0.131751,low,65.604388,rolling_beta,v3,1,1110,1110,3,manual,pass,Y,,2026-06-09,1,0.398559,0.0,medium,N,context only: source_quality=manual,context only: source_quality=manual,0.088724,,0.000339,geopolitical_supply_shock_vulnerable,"전쟁, 제재, 해상로 차질, 대만·중동·한반도 긴장처럼 유가·금·방산·변동성이 동시에 움직이는 이벤트성 충격 장세입니다. 뉴스 overlay는 가격 신호를 보강하는 용도로만 해석합니다."
AAPL,AAPL,us_stock,slowdown_recession_deflation_risk,Slowdown / Recession / Deflation Risk,경기둔화/침체 우려장,us_global,0.406636,0.000339,1.211431,positive,0.406636,medium,72.589407,rolling_beta,v3,1,1261,1261,3,market,pass,N,,2026-06-09,0,0.0,0.0,high,N,scenario inactive,inactive scenario,1.182308,1.211431,0.000339,slowdown_vulnerable,수요 둔화와 침체/디플레이션 압력이 커지는 방어적 장세입니다. 주식 beta와 신용위험을 보수적으로 봅니다.
AAPL,AAPL,us_stock,stagflation_reinflation_energy_shock,Stagflation / Reinflation / Energy Shock,물가·에너지 재상승장,us_global,0.605334,0.000339,1.182308,positive,0.605334,medium,72.540929,rolling_beta,v3,1,1261,1261,2,market,pass,N,,2026-06-09,0,0.0,0.0,high,N,scenario inactive,inactive scenario,0.088724,,0.000339,stagflation_vulnerable,성장 부담이 있는데 유가·원자재·인플레이션 압력이 다시 커지는 장세입니다. 에너지/원자재 수혜와 장기채 부담을 함께 봅니다.
AAPL,AAPL,us_stock,soft_landing_goldilocks,Soft Landing / Goldilocks,우호적 위험선호장,us_global,1.182308,0.000339,1.211431,positive,1.182308,high,65.4571,rolling_beta,v3,1,1261,1261,3,market,pass,N,,2026-06-09,0,0.0,0.0,high,N,non-adverse scenario,inactive scenario,1.182308,1.211431,0.000339,risk_on_participation,우호적 위험선호장 참여 민감도
ABBV,ABBV,us_stock,usd_strength_krw_weakness,USD Strength / KRW Weakness,달러강세/원화약세장,fx_krw,-0.227417,0.001496,0.0,negative,0.227417,low,70.962151,rolling_beta,v3,1,1110,1110,4,market,pass,N,,2026-06-09,1,0.975204,0.975204,high,Y,trade-gated adverse scenario with medium/high evidence,active market context,0.961573,-0.155665,0.001496,krw_weakness_hedge,달러가 강하고 원화가 약해져 KRW 기준 투자자의 환율 리스크가 커지는 장세입니다. 한국 자산과 USD 노출의 역할을 분리해 봅니다.
ABBV,ABBV,us_stock,china_trade_fragmentation_shock,China / Trade Fragmentation Shock,중국·무역분절 충격장,china_asia,-0.039331,0.001496,0.0,neutral,0.039331,low,65.435166,rolling_beta,v3,1,1110,1110,5,market,pass,N,,2026-06-09,1,0.963122,0.963122,high,Y,trade-gated adverse scenario with medium/high evidence,active market context,-0.141782,-0.155665,0.001496,china_asia_shock_hedge,중국 경기·무역갈등·공급망 충격이 한국/아시아와 반도체 자산에 번지는 장세입니다. 한국 반도체 factor와 원화 약세를 함께 확인합니다.
ABBV,ABBV,us_stock,acute_global_stress_liquidity_crunch,Acute Global Stress / Liquidity Crunch,급성 리스크오프/유동성 경색장,us_global,-0.097633,0.001496,0.548527,negative,0.097633,low,76.127067,rolling_beta,v3,1,1261,1261,3,market,pass,N,,2026-06-09,1,0.942163,0.942163,high,Y,trade-gated adverse scenario with medium/high evidence,active market context,0.490332,0.548527,0.001496,liquidity_stress_defense,변동성이 튀고 위험자산이 동반 약세를 보이는 단기 스트레스 장세입니다. 상관관계 상승과 유동성 악화를 우선 점검합니다.
ABBV,ABBV,us_stock,higher_for_longer_long_rate_shock,Higher-for-Longer / Long-Rate Shock,장기금리 부담장,us_global,0.169683,0.001496,0.548527,positive,0.169683,low,62.128209,rolling_beta,v3,1,1261,1261,3,market,pass,N,,2026-06-09,1,0.908767,0.908767,high,Y,trade-gated adverse scenario with medium/high evidence,active market context,0.490332,0.548527,0.001496,rate_sensitive,장기금리와 달러 강세 부담이 채권·성장주·신용자산을 압박하는 장세입니다. 고밸류 성장주와 반도체 factor 민감도를 점검합니다.
ABBV,ABBV,us_stock,semiconductor_ai_cycle_shock,Semiconductor / AI Cycle Shock,AI·반도체 사이클 충격장,korea_semiconductor,-0.220998,0.001496,0.036954,negative,0.220998,low,43.672,rolling_beta,v3,1,1110,1110,6,market,pass,N,,2026-06-09,1,0.377914,0.0,medium,N,context only: WATCH state,context only: WATCH state,0.089224,0.036954,0.001496,semiconductor_ai_shock_hedge,"AI capex 기대와 반도체 모멘텀이 꺾이면서 미국 성장주와 한국 반도체 대형주가 동시에 압박받는 장세입니다. SOXX, AI leader basket, 한국 반도체 basket의 동반 약세와 원화 압력을 함께 봅니다."
ABBV,ABBV,us_stock,korea_domestic_financial_stress,Korea Domestic Financial Stress,한국 내수 금융스트레스장,korea_market,-0.393162,0.001496,0.0,negative,0.393162,medium,61.630274,rolling_beta,v3,1,1110,1110,5,seed,pass,Y,,2026-06-09,1,0.401006,0.0,medium,N,context only: source_quality=seed,context only: source_quality=seed,-0.141782,-0.155665,0.001496,korea_financial_stress_hedge,"가계부채, 부동산 PF, 비은행권, 금융주와 건설주 스트레스가 한국 자산 전반으로 번지는 장세입니다. 금융/건설 basket, 신용 spread, 단기자금 spread, 원화 약세를 함께 점검합니다."
ABBV,ABBV,us_stock,geopolitical_escalation_supply_shock,Geopolitical Escalation / Supply Shock,지정학 확전·공급충격장,geopolitical,-0.101543,0.001496,0.490332,negative,0.101543,low,65.604388,rolling_beta,v3,1,1110,1110,3,manual,pass,Y,,2026-06-09,1,0.398559,0.0,medium,N,context only: source_quality=manual,context only: source_quality=manual,0.088051,,0.001496,geopolitical_supply_shock_hedge,"전쟁, 제재, 해상로 차질, 대만·중동·한반도 긴장처럼 유가·금·방산·변동성이 동시에 움직이는 이벤트성 충격 장세입니다. 뉴스 overlay는 가격 신호를 보강하는 용도로만 해석합니다."
ABBV,ABBV,us_stock,slowdown_recession_deflation_risk,Slowdown / Recession / Deflation Risk,경기둔화/침체 우려장,us_global,-0.083641,0.001496,0.548527,negative,0.083641,low,72.589407,rolling_beta,v3,1,1261,1261,3,market,pass,N,,2026-06-09,0,0.0,0.0,high,N,scenario inactive,inactive scenario,0.490332,0.548527,0.001496,slowdown_defense,수요 둔화와 침체/디플레이션 압력이 커지는 방어적 장세입니다. 주식 beta와 신용위험을 보수적으로 봅니다.
ABBV,ABBV,us_stock,stagflation_reinflation_energy_shock,Stagflation / Reinflation / Energy Shock,물가·에너지 재상승장,us_global,0.134218,0.001496,0.490332,positive,0.134218,low,72.540929,rolling_beta,v3,1,1261,1261,2,market,pass,N,,2026-06-09,0,0.0,0.0,high,N,scenario inactive,inactive scenario,0.088051,,0.001496,stagflation_vulnerable,성장 부담이 있는데 유가·원자재·인플레이션 압력이 다시 커지는 장세입니다. 에너지/원자재 수혜와 장기채 부담을 함께 봅니다.
ABBV,ABBV,us_stock,soft_landing_goldilocks,Soft Landing / Goldilocks,우호적 위험선호장,us_global,0.490332,0.001496,0.548527,positive,0.490332,medium,65.4571,rolling_beta,v3,1,1261,1261,3,market,pass,N,,2026-06-09,0,0.0,0.0,high,N,non-adverse scenario,inactive scenario,0.490332,0.548527,0.001496,risk_on_participation,우호적 위험선호장 참여 민감도
AGG,AGG,bond_etf,usd_strength_krw_weakness,USD Strength / KRW Weakness,달러강세/원화약세장,fx_krw,-0.289867,9.5e-05,0.0,negative,0.289867,low,70.962151,rolling_beta,v3,1,1110,1110,4,market,pass,N,,2026-06-09,1,0.975204,0.975204,high,Y,trade-gated adverse scenario with medium/high evidence,active market context,0.885564,-0.10958,9.5e-05,krw_weakness_hedge,달러가 강하고 원화가 약해져 KRW 기준 투자자의 환율 리스크가 커지는 장세입니다. 한국 자산과 USD 노출의 역할을 분리해 봅니다.
AGG,AGG,bond_etf,china_trade_fragmentation_shock,China / Trade Fragmentation Shock,중국·무역분절 충격장,china_asia,-0.054259,9.5e-05,0.0,negative,0.054259,low,65.435166,rolling_beta,v3,1,1110,1110,5,market,pass,N,,2026-06-09,1,0.963122,0.963122,high,Y,trade-gated adverse scenario with medium/high evidence,active market context,-0.08785,-0.10958,9.5e-05,china_asia_shock_hedge,중국 경기·무역갈등·공급망 충격이 한국/아시아와 반도체 자산에 번지는 장세입니다. 한국 반도체 factor와 원화 약세를 함께 확인합니다.
AGG,AGG,bond_etf,acute_global_stress_liquidity_crunch,Acute Global Stress / Liquidity Crunch,급성 리스크오프/유동성 경색장,us_global,-0.171965,9.5e-05,0.196882,negative,0.171965,low,76.127067,rolling_beta,v3,1,1261,1261,3,market,pass,N,,2026-06-09,1,0.942163,0.942163,high,Y,trade-gated adverse scenario with medium/high evidence,active market context,0.240532,0.196882,9.5e-05,liquidity_stress_defense,변동성이 튀고 위험자산이 동반 약세를 보이는 단기 스트레스 장세입니다. 상관관계 상승과 유동성 악화를 우선 점검합니다.
AGG,AGG,bond_etf,higher_for_longer_long_rate_shock,Higher-for-Longer / Long-Rate Shock,장기금리 부담장,us_global,0.482293,9.5e-05,0.196882,positive,0.482293,medium,62.128209,rolling_beta,v3,1,1261,1261,3,market,pass,N,,2026-06-09,1,0.908767,0.908767,high,Y,trade-gated adverse scenario with medium/high evidence,active market context,0.240532,0.196882,9.5e-05,rate_sensitive,장기금리와 달러 강세 부담이 채권·성장주·신용자산을 압박하는 장세입니다. 고밸류 성장주와 반도체 factor 민감도를 점검합니다.
AGG,AGG,bond_etf,semiconductor_ai_cycle_shock,Semiconductor / AI Cycle Shock,AI·반도체 사이클 충격장,korea_semiconductor,-0.250632,9.5e-05,0.022664,negative,0.250632,low,43.672,rolling_beta,v3,1,1110,1110,6,market,pass,N,,2026-06-09,1,0.377914,0.0,medium,N,context only: WATCH state,context only: WATCH state,0.051487,0.022664,9.5e-05,semiconductor_ai_shock_hedge,"AI capex 기대와 반도체 모멘텀이 꺾이면서 미국 성장주와 한국 반도체 대형주가 동시에 압박받는 장세입니다. SOXX, AI leader basket, 한국 반도체 basket의 동반 약세와 원화 압력을 함께 봅니다."
AGG,AGG,bond_etf,korea_domestic_financial_stress,Korea Domestic Financial Stress,한국 내수 금융스트레스장,korea_market,-0.369531,9.5e-05,0.0,negative,0.369531,medium,61.630274,rolling_beta,v3,1,1110,1110,5,seed,pass,Y,,2026-06-09,1,0.401006,0.0,medium,N,context only: source_quality=seed,context only: source_quality=seed,-0.08785,-0.10958,9.5e-05,korea_financial_stress_hedge,"가계부채, 부동산 PF, 비은행권, 금융주와 건설주 스트레스가 한국 자산 전반으로 번지는 장세입니다. 금융/건설 basket, 신용 spread, 단기자금 spread, 원화 약세를 함께 점검합니다."
AGG,AGG,bond_etf,geopolitical_escalation_supply_shock,Geopolitical Escalation / Supply Shock,지정학 확전·공급충격장,geopolitical,-0.164783,9.5e-05,0.240532,negative,0.164783,low,65.604388,rolling_beta,v3,1,1110,1110,3,manual,pass,Y,,2026-06-09,1,0.398559,0.0,medium,N,context only: source_quality=manual,context only: source_quality=manual,0.046801,,9.5e-05,geopolitical_supply_shock_hedge,"전쟁, 제재, 해상로 차질, 대만·중동·한반도 긴장처럼 유가·금·방산·변동성이 동시에 움직이는 이벤트성 충격 장세입니다. 뉴스 overlay는 가격 신호를 보강하는 용도로만 해석합니다."
AGG,AGG,bond_etf,slowdown_recession_deflation_risk,Slowdown / Recession / Deflation Risk,경기둔화/침체 우려장,us_global,-0.196966,9.5e-05,0.196882,negative,0.196966,low,72.589407,rolling_beta,v3,1,1261,1261,3,market,pass,N,,2026-06-09,0,0.0,0.0,high,N,scenario inactive,inactive scenario,0.240532,0.196882,9.5e-05,slowdown_defense,수요 둔화와 침체/디플레이션 압력이 커지는 방어적 장세입니다. 주식 beta와 신용위험을 보수적으로 봅니다.
AGG,AGG,bond_etf,stagflation_reinflation_energy_shock,Stagflation / Reinflation / Energy Shock,물가·에너지 재상승장,us_global,0.281821,9.5e-05,0.240532,positive,0.281821,low,72.540929,rolling_beta,v3,1,1261,1261,2,market,pass,N,,2026-06-09,0,0.0,0.0,high,N,scenario inactive,inactive scenario,0.046801,,9.5e-05,stagflation_vulnerable,성장 부담이 있는데 유가·원자재·인플레이션 압력이 다시 커지는 장세입니다. 에너지/원자재 수혜와 장기채 부담을 함께 봅니다.
AGG,AGG,bond_etf,soft_landing_goldilocks,Soft Landing / Goldilocks,우호적 위험선호장,us_global,0.240532,9.5e-05,0.196882,positive,0.240532,low,65.4571,rolling_beta,v3,1,1261,1261,3,market,pass,N,,2026-06-09,0,0.0,0.0,high,N,non-adverse scenario,inactive scenario,0.240532,0.196882,9.5e-05,risk_on_participation,우호적 위험선호장 참여 민감도
AMAT,AMAT,us_stock,usd_strength_krw_weakness,USD Strength / KRW Weakness,달러강세/원화약세장,fx_krw,0.058161,-0.000353,0.0,positive,0.058161,low,70.962151,rolling_beta,v3,1,1110,1110,4,market,pass,N,,2026-06-09,1,0.975204,0.975204,high,Y,trade-gated adverse scenario with medium/high evidence,active market context,0.351489,-0.041466,-0.000353,krw_weakness_vulnerable,달러가 강하고 원화가 약해져 KRW 기준 투자자의 환율 리스크가 커지는 장세입니다. 한국 자산과 USD 노출의 역할을 분리해 봅니다.
AMAT,AMAT,us_stock,china_trade_fragmentation_shock,China / Trade Fragmentation Shock,중국·무역분절 충격장,china_asia,0.585358,-0.000353,0.0,positive,0.585358,medium,65.435166,rolling_beta,v3,1,1110,1110,5,market,pass,N,,2026-06-09,1,0.963122,0.963122,high,Y,trade-gated adverse scenario with medium/high evidence,active market context,0.089137,-0.041466,-0.000353,china_asia_shock_vulnerable,중국 경기·무역갈등·공급망 충격이 한국/아시아와 반도체 자산에 번지는 장세입니다. 한국 반도체 factor와 원화 약세를 함께 확인합니다.
AMAT,AMAT,us_stock,acute_global_stress_liquidity_crunch,Acute Global Stress / Liquidity Crunch,급성 리스크오프/유동성 경색장,us_global,0.913847,-0.000353,1.41924,positive,0.913847,high,76.127067,rolling_beta,v3,1,1261,1261,3,market,pass,N,,2026-06-09,1,0.942163,0.942163,high,Y,trade-gated adverse scenario with medium/high evidence,active market context,1.632645,1.41924,-0.000353,liquidity_stress_vulnerable,변동성이 튀고 위험자산이 동반 약세를 보이는 단기 스트레스 장세입니다. 상관관계 상승과 유동성 악화를 우선 점검합니다.
AMAT,AMAT,us_stock,higher_for_longer_long_rate_shock,Higher-for-Longer / Long-Rate Shock,장기금리 부담장,us_global,1.497955,-0.000353,1.41924,positive,1.497955,high,62.128209,rolling_beta,v3,1,1261,1261,3,market,pass,N,,2026-06-09,1,0.908767,0.908767,high,Y,trade-gated adverse scenario with medium/high evidence,active market context,1.632645,1.41924,-0.000353,rate_sensitive,장기금리와 달러 강세 부담이 채권·성장주·신용자산을 압박하는 장세입니다. 고밸류 성장주와 반도체 factor 민감도를 점검합니다.
AMAT,AMAT,us_stock,semiconductor_ai_cycle_shock,Semiconductor / AI Cycle Shock,AI·반도체 사이클 충격장,korea_semiconductor,1.068964,-0.000353,1.049717,positive,1.068964,high,43.672,rolling_beta,v3,1,1110,1110,6,market,pass,N,,2026-06-09,1,0.377914,0.0,medium,N,context only: WATCH state,context only: WATCH state,1.06592,1.049717,-0.000353,semiconductor_ai_shock_vulnerable,"AI capex 기대와 반도체 모멘텀이 꺾이면서 미국 성장주와 한국 반도체 대형주가 동시에 압박받는 장세입니다. SOXX, AI leader basket, 한국 반도체 basket의 동반 약세와 원화 압력을 함께 봅니다."
AMAT,AMAT,us_stock,korea_domestic_financial_stress,Korea Domestic Financial Stress,한국 내수 금융스트레스장,korea_market,-0.40725,-0.000353,0.0,negative,0.40725,medium,61.630274,rolling_beta,v3,1,1110,1110,5,seed,pass,Y,,2026-06-09,1,0.401006,0.0,medium,N,context only: source_quality=seed,context only: source_quality=seed,0.089137,-0.041466,-0.000353,korea_financial_stress_hedge,"가계부채, 부동산 PF, 비은행권, 금융주와 건설주 스트레스가 한국 자산 전반으로 번지는 장세입니다. 금융/건설 basket, 신용 spread, 단기자금 spread, 원화 약세를 함께 점검합니다."
AMAT,AMAT,us_stock,geopolitical_escalation_supply_shock,Geopolitical Escalation / Supply Shock,지정학 확전·공급충격장,geopolitical,0.235878,-0.000353,1.632645,positive,0.235878,low,65.604388,rolling_beta,v3,1,1110,1110,3,manual,pass,Y,,2026-06-09,1,0.398559,0.0,medium,N,context only: source_quality=manual,context only: source_quality=manual,0.093839,,-0.000353,geopolitical_supply_shock_vulnerable,"전쟁, 제재, 해상로 차질, 대만·중동·한반도 긴장처럼 유가·금·방산·변동성이 동시에 움직이는 이벤트성 충격 장세입니다. 뉴스 overlay는 가격 신호를 보강하는 용도로만 해석합니다."
AMAT,AMAT,us_stock,slowdown_recession_deflation_risk,Slowdown / Recession / Deflation Risk,경기둔화/침체 우려장,us_global,0.72358,-0.000353,1.41924,positive,0.72358,medium,72.589407,rolling_beta,v3,1,1261,1261,3,market,pass,N,,2026-06-09,0,0.0,0.0,high,N,scenario inactive,inactive scenario,1.632645,1.41924,-0.000353,slowdown_vulnerable,수요 둔화와 침체/디플레이션 압력이 커지는 방어적 장세입니다. 주식 beta와 신용위험을 보수적으로 봅니다.
AMAT,AMAT,us_stock,stagflation_reinflation_energy_shock,Stagflation / Reinflation / Energy Shock,물가·에너지 재상승장,us_global,0.780255,-0.000353,1.632645,positive,0.780255,high,72.540929,rolling_beta,v3,1,1261,1261,2,market,pass,N,,2026-06-09,0,0.0,0.0,high,N,scenario inactive,inactive scenario,0.093839,,-0.000353,stagflation_vulnerable,성장 부담이 있는데 유가·원자재·인플레이션 압력이 다시 커지는 장세입니다. 에너지/원자재 수혜와 장기채 부담을 함께 봅니다.
AMAT,AMAT,us_stock,soft_landing_goldilocks,Soft Landing / Goldilocks,우호적 위험선호장,us_global,1.632645,-0.000353,1.41924,positive,1.632645,high,65.4571,rolling_beta,v3,1,1261,1261,3,market,pass,N,,2026-06-09,0,0.0,0.0,high,N,non-adverse scenario,inactive scenario,1.632645,1.41924,-0.000353,risk_on_participation,우호적 위험선호장 참여 민감도
AMD,AMD,us_stock,usd_strength_krw_weakness,USD Strength / KRW Weakness,달러강세/원화약세장,fx_krw,0.115064,-0.005355,0.049138,positive,0.115064,low,70.962151,rolling_beta,v3,1,1110,1110,4,market,pass,N,,2026-06-09,1,0.975204,0.975204,high,Y,trade-gated adverse scenario with medium/high evidence,active market context,0.304354,0.049138,-0.005355,krw_weakness_vulnerable,달러가 강하고 원화가 약해져 KRW 기준 투자자의 환율 리스크가 커지는 장세입니다. 한국 자산과 USD 노출의 역할을 분리해 봅니다.
AMD,AMD,us_stock,china_trade_fragmentation_shock,China / Trade Fragmentation Shock,중국·무역분절 충격장,china_asia,0.755922,-0.005355,0.049138,positive,0.755922,high,65.435166,rolling_beta,v3,1,1110,1110,5,market,pass,N,,2026-06-09,1,0.963122,0.963122,high,Y,trade-gated adverse scenario with medium/high evidence,active market context,0.139863,0.049138,-0.005355,china_asia_shock_vulnerable,중국 경기·무역갈등·공급망 충격이 한국/아시아와 반도체 자산에 번지는 장세입니다. 한국 반도체 factor와 원화 약세를 함께 확인합니다.
AMD,AMD,us_stock,acute_global_stress_liquidity_crunch,Acute Global Stress / Liquidity Crunch,급성 리스크오프/유동성 경색장,us_global,1.264108,-0.005355,1.646519,positive,1.264108,high,76.127067,rolling_beta,v3,1,1261,1261,3,market,pass,N,,2026-06-09,1,0.942163,0.942163,high,Y,trade-gated adverse scenario with medium/high evidence,active market context,1.860257,1.646519,-0.005355,liquidity_stress_vulnerable,변동성이 튀고 위험자산이 동반 약세를 보이는 단기 스트레스 장세입니다. 상관관계 상승과 유동성 악화를 우선 점검합니다.
AMD,AMD,us_stock,higher_for_longer_long_rate_shock,Higher-for-Longer / Long-Rate Shock,장기금리 부담장,us_global,1.623141,-0.005355,1.646519,positive,1.623141,high,62.128209,rolling_beta,v3,1,1261,1261,3,market,pass,N,,2026-06-09,1,0.908767,0.908767,high,Y,trade-gated adverse scenario with medium/high evidence,active market context,1.860257,1.646519,-0.005355,rate_sensitive,장기금리와 달러 강세 부담이 채권·성장주·신용자산을 압박하는 장세입니다. 고밸류 성장주와 반도체 factor 민감도를 점검합니다.
AMD,AMD,us_stock,semiconductor_ai_cycle_shock,Semiconductor / AI Cycle Shock,AI·반도체 사이클 충격장,korea_semiconductor,1.231434,-0.005355,1.161006,positive,1.231434,high,43.672,rolling_beta,v3,1,1110,1110,6,market,pass,N,,2026-06-09,1,0.377914,0.0,medium,N,context only: WATCH state,context only: WATCH state,1.201572,1.161006,-0.005355,semiconductor_ai_shock_vulnerable,"AI capex 기대와 반도체 모멘텀이 꺾이면서 미국 성장주와 한국 반도체 대형주가 동시에 압박받는 장세입니다. SOXX, AI leader basket, 한국 반도체 basket의 동반 약세와 원화 압력을 함께 봅니다."
AMD,AMD,us_stock,korea_domestic_financial_stress,Korea Domestic Financial Stress,한국 내수 금융스트레스장,korea_market,-0.271525,-0.005355,0.049138,negative,0.271525,low,61.630274,rolling_beta,v3,1,1110,1110,5,seed,pass,Y,,2026-06-09,1,0.401006,0.0,medium,N,context only: source_quality=seed,context only: source_quality=seed,0.139863,0.049138,-0.005355,korea_financial_stress_hedge,"가계부채, 부동산 PF, 비은행권, 금융주와 건설주 스트레스가 한국 자산 전반으로 번지는 장세입니다. 금융/건설 basket, 신용 spread, 단기자금 spread, 원화 약세를 함께 점검합니다."
AMD,AMD,us_stock,geopolitical_escalation_supply_shock,Geopolitical Escalation / Supply Shock,지정학 확전·공급충격장,geopolitical,0.432116,-0.005355,1.860257,positive,0.432116,medium,65.604388,rolling_beta,v3,1,1110,1110,3,manual,pass,Y,,2026-06-09,1,0.398559,0.0,medium,N,context only: source_quality=manual,context only: source_quality=manual,0.076469,,-0.005355,geopolitical_supply_shock_vulnerable,"전쟁, 제재, 해상로 차질, 대만·중동·한반도 긴장처럼 유가·금·방산·변동성이 동시에 움직이는 이벤트성 충격 장세입니다. 뉴스 overlay는 가격 신호를 보강하는 용도로만 해석합니다."
AMD,AMD,us_stock,slowdown_recession_deflation_risk,Slowdown / Recession / Deflation Risk,경기둔화/침체 우려장,us_global,1.046586,-0.005355,1.646519,positive,1.046586,high,72.589407,rolling_beta,v3,1,1261,1261,3,market,pass,N,,2026-06-09,0,0.0,0.0,high,N,scenario inactive,inactive scenario,1.860257,1.646519,-0.005355,slowdown_vulnerable,수요 둔화와 침체/디플레이션 압력이 커지는 방어적 장세입니다. 주식 beta와 신용위험을 보수적으로 봅니다.
AMD,AMD,us_stock,stagflation_reinflation_energy_shock,Stagflation / Reinflation / Energy Shock,물가·에너지 재상승장,us_global,0.98496,-0.005355,1.860257,positive,0.98496,high,72.540929,rolling_beta,v3,1,1261,1261,2,market,pass,N,,2026-06-09,0,0.0,0.0,high,N,scenario inactive,inactive scenario,0.076469,,-0.005355,stagflation_vulnerable,성장 부담이 있는데 유가·원자재·인플레이션 압력이 다시 커지는 장세입니다. 에너지/원자재 수혜와 장기채 부담을 함께 봅니다.
AMD,AMD,us_stock,soft_landing_goldilocks,Soft Landing / Goldilocks,우호적 위험선호장,us_global,1.860257,-0.005355,1.646519,positive,1.860257,high,65.4571,rolling_beta,v3,1,1261,1261,3,market,pass,N,,2026-06-09,0,0.0,0.0,high,N,non-adverse scenario,inactive scenario,1.860257,1.646519,-0.005355,risk_on_participation,우호적 위험선호장 참여 민감도
AMZN,AMZN,us_stock,usd_strength_krw_weakness,USD Strength / KRW Weakness,달러강세/원화약세장,fx_krw,-0.000348,0.001152,0.034069,neutral,0.000348,low,70.962151,rolling_beta,v3,1,1110,1110,4,market,pass,N,,2026-06-09,1,0.975204,0.975204,high,Y,trade-gated adverse scenario with medium/high evidence,active market context,0.555095,0.034069,0.001152,krw_weakness_hedge,달러가 강하고 원화가 약해져 KRW 기준 투자자의 환율 리스크가 커지는 장세입니다. 한국 자산과 USD 노출의 역할을 분리해 봅니다.
AMZN,AMZN,us_stock,china_trade_fragmentation_shock,China / Trade Fragmentation Shock,중국·무역분절 충격장,china_asia,0.150929,0.001152,0.034069,positive,0.150929,low,65.435166,rolling_beta,v3,1,1110,1110,5,market,pass,N,,2026-06-09,1,0.963122,0.963122,high,Y,trade-gated adverse scenario with medium/high evidence,active market context,0.030851,0.034069,0.001152,china_asia_shock_vulnerable,중국 경기·무역갈등·공급망 충격이 한국/아시아와 반도체 자산에 번지는 장세입니다. 한국 반도체 factor와 원화 약세를 함께 확인합니다.
AMZN,AMZN,us_stock,acute_global_stress_liquidity_crunch,Acute Global Stress / Liquidity Crunch,급성 리스크오프/유동성 경색장,us_global,0.417408,0.001152,1.552849,positive,0.417408,medium,76.127067,rolling_beta,v3,1,1261,1261,3,market,pass,N,,2026-06-09,1,0.942163,0.942163,high,Y,trade-gated adverse scenario with medium/high evidence,active market context,1.398608,1.552849,0.001152,liquidity_stress_vulnerable,변동성이 튀고 위험자산이 동반 약세를 보이는 단기 스트레스 장세입니다. 상관관계 상승과 유동성 악화를 우선 점검합니다.
AMZN,AMZN,us_stock,higher_for_longer_long_rate_shock,Higher-for-Longer / Long-Rate Shock,장기금리 부담장,us_global,1.119234,0.001152,1.552849,positive,1.119234,high,62.128209,rolling_beta,v3,1,1261,1261,3,market,pass,N,,2026-06-09,1,0.908767,0.908767,high,Y,trade-gated adverse scenario with medium/high evidence,active market context,1.398608,1.552849,0.001152,rate_sensitive,장기금리와 달러 강세 부담이 채권·성장주·신용자산을 압박하는 장세입니다. 고밸류 성장주와 반도체 factor 민감도를 점검합니다.
AMZN,AMZN,us_stock,semiconductor_ai_cycle_shock,Semiconductor / AI Cycle Shock,AI·반도체 사이클 충격장,korea_semiconductor,0.435521,0.001152,0.691908,positive,0.435521,medium,43.672,rolling_beta,v3,1,1110,1110,6,market,pass,N,,2026-06-09,1,0.377914,0.0,medium,N,context only: WATCH state,context only: WATCH state,0.573931,0.691908,0.001152,semiconductor_ai_shock_vulnerable,"AI capex 기대와 반도체 모멘텀이 꺾이면서 미국 성장주와 한국 반도체 대형주가 동시에 압박받는 장세입니다. SOXX, AI leader basket, 한국 반도체 basket의 동반 약세와 원화 압력을 함께 봅니다."
AMZN,AMZN,us_stock,korea_domestic_financial_stress,Korea Domestic Financial Stress,한국 내수 금융스트레스장,korea_market,-0.43473,0.001152,0.034069,negative,0.43473,medium,61.630274,rolling_beta,v3,1,1110,1110,5,seed,pass,Y,,2026-06-09,1,0.401006,0.0,medium,N,context only: source_quality=seed,context only: source_quality=seed,0.030851,0.034069,0.001152,korea_financial_stress_hedge,"가계부채, 부동산 PF, 비은행권, 금융주와 건설주 스트레스가 한국 자산 전반으로 번지는 장세입니다. 금융/건설 basket, 신용 spread, 단기자금 spread, 원화 약세를 함께 점검합니다."
AMZN,AMZN,us_stock,geopolitical_escalation_supply_shock,Geopolitical Escalation / Supply Shock,지정학 확전·공급충격장,geopolitical,0.168088,0.001152,1.398608,positive,0.168088,low,65.604388,rolling_beta,v3,1,1110,1110,3,manual,pass,Y,,2026-06-09,1,0.398559,0.0,medium,N,context only: source_quality=manual,context only: source_quality=manual,0.084552,,0.001152,geopolitical_supply_shock_vulnerable,"전쟁, 제재, 해상로 차질, 대만·중동·한반도 긴장처럼 유가·금·방산·변동성이 동시에 움직이는 이벤트성 충격 장세입니다. 뉴스 overlay는 가격 신호를 보강하는 용도로만 해석합니다."
AMZN,AMZN,us_stock,slowdown_recession_deflation_risk,Slowdown / Recession / Deflation Risk,경기둔화/침체 우려장,us_global,0.518786,0.001152,1.552849,positive,0.518786,medium,72.589407,rolling_beta,v3,1,1261,1261,3,market,pass,N,,2026-06-09,0,0.0,0.0,high,N,scenario inactive,inactive scenario,1.398608,1.552849,0.001152,slowdown_vulnerable,수요 둔화와 침체/디플레이션 압력이 커지는 방어적 장세입니다. 주식 beta와 신용위험을 보수적으로 봅니다.
AMZN,AMZN,us_stock,stagflation_reinflation_energy_shock,Stagflation / Reinflation / Energy Shock,물가·에너지 재상승장,us_global,0.66072,0.001152,1.398608,positive,0.66072,medium,72.540929,rolling_beta,v3,1,1261,1261,2,market,pass,N,,2026-06-09,0,0.0,0.0,high,N,scenario inactive,inactive scenario,0.084552,,0.001152,stagflation_vulnerable,성장 부담이 있는데 유가·원자재·인플레이션 압력이 다시 커지는 장세입니다. 에너지/원자재 수혜와 장기채 부담을 함께 봅니다.
AMZN,AMZN,us_stock,soft_landing_goldilocks,Soft Landing / Goldilocks,우호적 위험선호장,us_global,1.398608,0.001152,1.552849,positive,1.398608,high,65.4571,rolling_beta,v3,1,1261,1261,3,market,pass,N,,2026-06-09,0,0.0,0.0,high,N,non-adverse scenario,inactive scenario,1.398608,1.552849,0.001152,risk_on_participation,우호적 위험선호장 참여 민감도
ASML,ASML,us_stock,usd_strength_krw_weakness,USD Strength / KRW Weakness,달러강세/원화약세장,fx_krw,0.037261,-0.000728,0.0,neutral,0.037261,low,70.962151,rolling_beta,v3,1,1110,1110,4,market,pass,N,,2026-06-09,1,0.975204,0.975204,high,Y,trade-gated adverse scenario with medium/high evidence,active market context,0.24231,-0.02614,-0.000728,krw_weakness_vulnerable,달러가 강하고 원화가 약해져 KRW 기준 투자자의 환율 리스크가 커지는 장세입니다. 한국 자산과 USD 노출의 역할을 분리해 봅니다.
ASML,ASML,us_stock,china_trade_fragmentation_shock,China / Trade Fragmentation Shock,중국·무역분절 충격장,china_asia,0.578006,-0.000728,0.0,positive,0.578006,medium,65.435166,rolling_beta,v3,1,1110,1110,5,market,pass,N,,2026-06-09,1,0.963122,0.963122,high,Y,trade-gated adverse scenario with medium/high evidence,active market context,0.094754,-0.02614,-0.000728,china_asia_shock_vulnerable,중국 경기·무역갈등·공급망 충격이 한국/아시아와 반도체 자산에 번지는 장세입니다. 한국 반도체 factor와 원화 약세를 함께 확인합니다.
ASML,ASML,us_stock,acute_global_stress_liquidity_crunch,Acute Global Stress / Liquidity Crunch,급성 리스크오프/유동성 경색장,us_global,0.88473,-0.000728,1.365657,positive,0.88473,high,76.127067,rolling_beta,v3,1,1261,1261,3,market,pass,N,,2026-06-09,1,0.942163,0.942163,high,Y,trade-gated adverse scenario with medium/high evidence,active market context,1.549045,1.365657,-0.000728,liquidity_stress_vulnerable,변동성이 튀고 위험자산이 동반 약세를 보이는 단기 스트레스 장세입니다. 상관관계 상승과 유동성 악화를 우선 점검합니다.
ASML,ASML,us_stock,higher_for_longer_long_rate_shock,Higher-for-Longer / Long-Rate Shock,장기금리 부담장,us_global,1.001975,-0.000728,1.365657,positive,1.001975,high,62.128209,rolling_beta,v3,1,1261,1261,3,market,pass,N,,2026-06-09,1,0.908767,0.908767,high,Y,trade-gated adverse scenario with medium/high evidence,active market context,1.549045,1.365657,-0.000728,rate_sensitive,장기금리와 달러 강세 부담이 채권·성장주·신용자산을 압박하는 장세입니다. 고밸류 성장주와 반도체 factor 민감도를 점검합니다.
ASML,ASML,us_stock,semiconductor_ai_cycle_shock,Semiconductor / AI Cycle Shock,AI·반도체 사이클 충격장,korea_semiconductor,1.253557,-0.000728,0.976969,positive,1.253557,high,43.672,rolling_beta,v3,1,1110,1110,6,market,pass,N,,2026-06-09,1,0.377914,0.0,medium,N,context only: WATCH state,context only: WATCH state,0.957294,0.976969,-0.000728,semiconductor_ai_shock_vulnerable,"AI capex 기대와 반도체 모멘텀이 꺾이면서 미국 성장주와 한국 반도체 대형주가 동시에 압박받는 장세입니다. SOXX, AI leader basket, 한국 반도체 basket의 동반 약세와 원화 압력을 함께 봅니다."
ASML,ASML,us_stock,korea_domestic_financial_stress,Korea Domestic Financial Stress,한국 내수 금융스트레스장,korea_market,-0.112292,-0.000728,0.0,negative,0.112292,low,61.630274,rolling_beta,v3,1,1110,1110,5,seed,pass,Y,,2026-06-09,1,0.401006,0.0,medium,N,context only: source_quality=seed,context only: source_quality=seed,0.094754,-0.02614,-0.000728,korea_financial_stress_hedge,"가계부채, 부동산 PF, 비은행권, 금융주와 건설주 스트레스가 한국 자산 전반으로 번지는 장세입니다. 금융/건설 basket, 신용 spread, 단기자금 spread, 원화 약세를 함께 점검합니다."
ASML,ASML,us_stock,geopolitical_escalation_supply_shock,Geopolitical Escalation / Supply Shock,지정학 확전·공급충격장,geopolitical,0.108546,-0.000728,1.549045,positive,0.108546,low,65.604388,rolling_beta,v3,1,1110,1110,3,manual,pass,Y,,2026-06-09,1,0.398559,0.0,medium,N,context only: source_quality=manual,context only: source_quality=manual,0.036897,,-0.000728,geopolitical_supply_shock_vulnerable,"전쟁, 제재, 해상로 차질, 대만·중동·한반도 긴장처럼 유가·금·방산·변동성이 동시에 움직이는 이벤트성 충격 장세입니다. 뉴스 overlay는 가격 신호를 보강하는 용도로만 해석합니다."
ASML,ASML,us_stock,slowdown_recession_deflation_risk,Slowdown / Recession / Deflation Risk,경기둔화/침체 우려장,us_global,1.032355,-0.000728,1.365657,positive,1.032355,high,72.589407,rolling_beta,v3,1,1261,1261,3,market,pass,N,,2026-06-09,0,0.0,0.0,high,N,scenario inactive,inactive scenario,1.549045,1.365657,-0.000728,slowdown_vulnerable,수요 둔화와 침체/디플레이션 압력이 커지는 방어적 장세입니다. 주식 beta와 신용위험을 보수적으로 봅니다.
ASML,ASML,us_stock,stagflation_reinflation_energy_shock,Stagflation / Reinflation / Energy Shock,물가·에너지 재상승장,us_global,0.110363,-0.000728,1.549045,positive,0.110363,low,72.540929,rolling_beta,v3,1,1261,1261,2,market,pass,N,,2026-06-09,0,0.0,0.0,high,N,scenario inactive,inactive scenario,0.036897,,-0.000728,stagflation_vulnerable,성장 부담이 있는데 유가·원자재·인플레이션 압력이 다시 커지는 장세입니다. 에너지/원자재 수혜와 장기채 부담을 함께 봅니다.
ASML,ASML,us_stock,soft_landing_goldilocks,Soft Landing / Goldilocks,우호적 위험선호장,us_global,1.549045,-0.000728,1.365657,positive,1.549045,high,65.4571,rolling_beta,v3,1,1261,1261,3,market,pass,N,,2026-06-09,0,0.0,0.0,high,N,non-adverse scenario,inactive scenario,1.549045,1.365657,-0.000728,risk_on_participation,우호적 위험선호장 참여 민감도
AVGO,AVGO,us_stock,usd_strength_krw_weakness,USD Strength / KRW Weakness,달러강세/원화약세장,fx_krw,0.032632,0.001246,0.02456,neutral,0.032632,low,70.962151,rolling_beta,v3,1,1110,1110,4,market,pass,N,,2026-06-09,1,0.975204,0.975204,high,Y,trade-gated adverse scenario with medium/high evidence,active market context,0.54789,0.02456,0.001246,krw_weakness_vulnerable,달러가 강하고 원화가 약해져 KRW 기준 투자자의 환율 리스크가 커지는 장세입니다. 한국 자산과 USD 노출의 역할을 분리해 봅니다.
AVGO,AVGO,us_stock,china_trade_fragmentation_shock,China / Trade Fragmentation Shock,중국·무역분절 충격장,china_asia,0.524954,0.001246,0.02456,positive,0.524954,medium,65.435166,rolling_beta,v3,1,1110,1110,5,market,pass,N,,2026-06-09,1,0.963122,0.963122,high,Y,trade-gated adverse scenario with medium/high evidence,active market context,0.046686,0.02456,0.001246,china_asia_shock_vulnerable,중국 경기·무역갈등·공급망 충격이 한국/아시아와 반도체 자산에 번지는 장세입니다. 한국 반도체 factor와 원화 약세를 함께 확인합니다.
AVGO,AVGO,us_stock,acute_global_stress_liquidity_crunch,Acute Global Stress / Liquidity Crunch,급성 리스크오프/유동성 경색장,us_global,0.785717,0.001246,1.558283,positive,0.785717,high,76.127067,rolling_beta,v3,1,1261,1261,3,market,pass,N,,2026-06-09,1,0.942163,0.942163,high,Y,trade-gated adverse scenario with medium/high evidence,active market context,1.530526,1.558283,0.001246,liquidity_stress_vulnerable,변동성이 튀고 위험자산이 동반 약세를 보이는 단기 스트레스 장세입니다. 상관관계 상승과 유동성 악화를 우선 점검합니다.
AVGO,AVGO,us_stock,higher_for_longer_long_rate_shock,Higher-for-Longer / Long-Rate Shock,장기금리 부담장,us_global,1.441789,0.001246,1.558283,positive,1.441789,high,62.128209,rolling_beta,v3,1,1261,1261,3,market,pass,N,,2026-06-09,1,0.908767,0.908767,high,Y,trade-gated adverse scenario with medium/high evidence,active market context,1.530526,1.558283,0.001246,rate_sensitive,장기금리와 달러 강세 부담이 채권·성장주·신용자산을 압박하는 장세입니다. 고밸류 성장주와 반도체 factor 민감도를 점검합니다.
AVGO,AVGO,us_stock,semiconductor_ai_cycle_shock,Semiconductor / AI Cycle Shock,AI·반도체 사이클 충격장,korea_semiconductor,0.950972,0.001246,0.952438,positive,0.950972,high,43.672,rolling_beta,v3,1,1110,1110,6,market,pass,N,,2026-06-09,1,0.377914,0.0,medium,N,context only: WATCH state,context only: WATCH state,0.913168,0.952438,0.001246,semiconductor_ai_shock_vulnerable,"AI capex 기대와 반도체 모멘텀이 꺾이면서 미국 성장주와 한국 반도체 대형주가 동시에 압박받는 장세입니다. SOXX, AI leader basket, 한국 반도체 basket의 동반 약세와 원화 압력을 함께 봅니다."
AVGO,AVGO,us_stock,korea_domestic_financial_stress,Korea Domestic Financial Stress,한국 내수 금융스트레스장,korea_market,-0.432628,0.001246,0.02456,negative,0.432628,medium,61.630274,rolling_beta,v3,1,1110,1110,5,seed,pass,Y,,2026-06-09,1,0.401006,0.0,medium,N,context only: source_quality=seed,context only: source_quality=seed,0.046686,0.02456,0.001246,korea_financial_stress_hedge,"가계부채, 부동산 PF, 비은행권, 금융주와 건설주 스트레스가 한국 자산 전반으로 번지는 장세입니다. 금융/건설 basket, 신용 spread, 단기자금 spread, 원화 약세를 함께 점검합니다."
AVGO,AVGO,us_stock,geopolitical_escalation_supply_shock,Geopolitical Escalation / Supply Shock,지정학 확전·공급충격장,geopolitical,0.193384,0.001246,1.530526,positive,0.193384,low,65.604388,rolling_beta,v3,1,1110,1110,3,manual,pass,Y,,2026-06-09,1,0.398559,0.0,medium,N,context only: source_quality=manual,context only: source_quality=manual,0.132906,,0.001246,geopolitical_supply_shock_vulnerable,"전쟁, 제재, 해상로 차질, 대만·중동·한반도 긴장처럼 유가·금·방산·변동성이 동시에 움직이는 이벤트성 충격 장세입니다. 뉴스 overlay는 가격 신호를 보강하는 용도로만 해석합니다."
AVGO,AVGO,us_stock,slowdown_recession_deflation_risk,Slowdown / Recession / Deflation Risk,경기둔화/침체 우려장,us_global,0.60123,0.001246,1.558283,positive,0.60123,medium,72.589407,rolling_beta,v3,1,1261,1261,3,market,pass,N,,2026-06-09,0,0.0,0.0,high,N,scenario inactive,inactive scenario,1.530526,1.558283,0.001246,slowdown_vulnerable,수요 둔화와 침체/디플레이션 압력이 커지는 방어적 장세입니다. 주식 beta와 신용위험을 보수적으로 봅니다.
AVGO,AVGO,us_stock,stagflation_reinflation_energy_shock,Stagflation / Reinflation / Energy Shock,물가·에너지 재상승장,us_global,0.704533,0.001246,1.530526,positive,0.704533,medium,72.540929,rolling_beta,v3,1,1261,1261,2,market,pass,N,,2026-06-09,0,0.0,0.0,high,N,scenario inactive,inactive scenario,0.132906,,0.001246,stagflation_vulnerable,성장 부담이 있는데 유가·원자재·인플레이션 압력이 다시 커지는 장세입니다. 에너지/원자재 수혜와 장기채 부담을 함께 봅니다.
AVGO,AVGO,us_stock,soft_landing_goldilocks,Soft Landing / Goldilocks,우호적 위험선호장,us_global,1.530526,0.001246,1.558283,positive,1.530526,high,65.4571,rolling_beta,v3,1,1261,1261,3,market,pass,N,,2026-06-09,0,0.0,0.0,high,N,non-adverse scenario,inactive scenario,1.530526,1.558283,0.001246,risk_on_participation,우호적 위험선호장 참여 민감도
BAC,BAC,us_stock,usd_strength_krw_weakness,USD Strength / KRW Weakness,달러강세/원화약세장,fx_krw,-0.10102,0.001604,0.0,negative,0.10102,low,70.962151,rolling_beta,v3,1,1110,1110,4,market,pass,N,,2026-06-09,1,0.975204,0.975204,high,Y,trade-gated adverse scenario with medium/high evidence,active market context,0.709059,-0.017042,0.001604,krw_weakness_hedge,달러가 강하고 원화가 약해져 KRW 기준 투자자의 환율 리스크가 커지는 장세입니다. 한국 자산과 USD 노출의 역할을 분리해 봅니다.
BAC,BAC,us_stock,china_trade_fragmentation_shock,China / Trade Fragmentation Shock,중국·무역분절 충격장,china_asia,0.059076,0.001604,0.0,positive,0.059076,low,65.435166,rolling_beta,v3,1,1110,1110,5,market,pass,N,,2026-06-09,1,0.963122,0.963122,high,Y,trade-gated adverse scenario with medium/high evidence,active market context,-0.002346,-0.017042,0.001604,china_asia_shock_vulnerable,중국 경기·무역갈등·공급망 충격이 한국/아시아와 반도체 자산에 번지는 장세입니다. 한국 반도체 factor와 원화 약세를 함께 확인합니다.
BAC,BAC,us_stock,acute_global_stress_liquidity_crunch,Acute Global Stress / Liquidity Crunch,급성 리스크오프/유동성 경색장,us_global,0.175561,0.001604,1.026278,positive,0.175561,low,76.127067,rolling_beta,v3,1,1261,1261,3,market,pass,N,,2026-06-09,1,0.942163,0.942163,high,Y,trade-gated adverse scenario with medium/high evidence,active market context,0.995922,1.026278,0.001604,liquidity_stress_vulnerable,변동성이 튀고 위험자산이 동반 약세를 보이는 단기 스트레스 장세입니다. 상관관계 상승과 유동성 악화를 우선 점검합니다.
BAC,BAC,us_stock,higher_for_longer_long_rate_shock,Higher-for-Longer / Long-Rate Shock,장기금리 부담장,us_global,0.897757,0.001604,1.026278,positive,0.897757,high,62.128209,rolling_beta,v3,1,1261,1261,3,market,pass,N,,2026-06-09,1,0.908767,0.908767,high,Y,trade-gated adverse scenario with medium/high evidence,active market context,0.995922,1.026278,0.001604,rate_sensitive,장기금리와 달러 강세 부담이 채권·성장주·신용자산을 압박하는 장세입니다. 고밸류 성장주와 반도체 factor 민감도를 점검합니다.
BAC,BAC,us_stock,semiconductor_ai_cycle_shock,Semiconductor / AI Cycle Shock,AI·반도체 사이클 충격장,korea_semiconductor,0.008438,0.001604,0.378235,neutral,0.008438,low,43.672,rolling_beta,v3,1,1110,1110,6,market,pass,N,,2026-06-09,1,0.377914,0.0,medium,N,context only: WATCH state,context only: WATCH state,0.325826,0.378235,0.001604,semiconductor_ai_shock_vulnerable,"AI capex 기대와 반도체 모멘텀이 꺾이면서 미국 성장주와 한국 반도체 대형주가 동시에 압박받는 장세입니다. SOXX, AI leader basket, 한국 반도체 basket의 동반 약세와 원화 압력을 함께 봅니다."
BAC,BAC,us_stock,korea_domestic_financial_stress,Korea Domestic Financial Stress,한국 내수 금융스트레스장,korea_market,0.025551,0.001604,0.0,neutral,0.025551,low,61.630274,rolling_beta,v3,1,1110,1110,5,seed,pass,Y,,2026-06-09,1,0.401006,0.0,medium,N,context only: source_quality=seed,context only: source_quality=seed,-0.002346,-0.017042,0.001604,korea_financial_stress_vulnerable,"가계부채, 부동산 PF, 비은행권, 금융주와 건설주 스트레스가 한국 자산 전반으로 번지는 장세입니다. 금융/건설 basket, 신용 spread, 단기자금 spread, 원화 약세를 함께 점검합니다."
BAC,BAC,us_stock,geopolitical_escalation_supply_shock,Geopolitical Escalation / Supply Shock,지정학 확전·공급충격장,geopolitical,0.036707,0.001604,0.995922,neutral,0.036707,low,65.604388,rolling_beta,v3,1,1110,1110,3,manual,pass,Y,,2026-06-09,1,0.398559,0.0,medium,N,context only: source_quality=manual,context only: source_quality=manual,0.14452,,0.001604,geopolitical_supply_shock_vulnerable,"전쟁, 제재, 해상로 차질, 대만·중동·한반도 긴장처럼 유가·금·방산·변동성이 동시에 움직이는 이벤트성 충격 장세입니다. 뉴스 overlay는 가격 신호를 보강하는 용도로만 해석합니다."
BAC,BAC,us_stock,slowdown_recession_deflation_risk,Slowdown / Recession / Deflation Risk,경기둔화/침체 우려장,us_global,0.241197,0.001604,1.026278,positive,0.241197,low,72.589407,rolling_beta,v3,1,1261,1261,3,market,pass,N,,2026-06-09,0,0.0,0.0,high,N,scenario inactive,inactive scenario,0.995922,1.026278,0.001604,slowdown_vulnerable,수요 둔화와 침체/디플레이션 압력이 커지는 방어적 장세입니다. 주식 beta와 신용위험을 보수적으로 봅니다.
BAC,BAC,us_stock,stagflation_reinflation_energy_shock,Stagflation / Reinflation / Energy Shock,물가·에너지 재상승장,us_global,0.508464,0.001604,0.995922,positive,0.508464,medium,72.540929,rolling_beta,v3,1,1261,1261,2,market,pass,N,,2026-06-09,0,0.0,0.0,high,N,scenario inactive,inactive scenario,0.14452,,0.001604,stagflation_vulnerable,성장 부담이 있는데 유가·원자재·인플레이션 압력이 다시 커지는 장세입니다. 에너지/원자재 수혜와 장기채 부담을 함께 봅니다.
BAC,BAC,us_stock,soft_landing_goldilocks,Soft Landing / Goldilocks,우호적 위험선호장,us_global,0.995922,0.001604,1.026278,positive,0.995922,high,65.4571,rolling_beta,v3,1,1261,1261,3,market,pass,N,,2026-06-09,0,0.0,0.0,high,N,non-adverse scenario,inactive scenario,0.995922,1.026278,0.001604,risk_on_participation,우호적 위험선호장 참여 민감도
BIL,BIL,bond_etf,usd_strength_krw_weakness,USD Strength / KRW Weakness,달러강세/원화약세장,fx_krw,-0.297847,0.000439,0.0,negative,0.297847,low,70.962151,rolling_beta,v3,1,1110,1110,4,market,pass,N,,2026-06-09,1,0.975204,0.975204,high,Y,trade-gated adverse scenario with medium/high evidence,active market context,0.999771,-0.106157,0.000439,krw_weakness_hedge,달러가 강하고 원화가 약해져 KRW 기준 투자자의 환율 리스크가 커지는 장세입니다. 한국 자산과 USD 노출의 역할을 분리해 봅니다.
BIL,BIL,bond_etf,china_trade_fragmentation_shock,China / Trade Fragmentation Shock,중국·무역분절 충격장,china_asia,-0.069248,0.000439,0.0,negative,0.069248,low,65.435166,rolling_beta,v3,1,1110,1110,5,market,pass,N,,2026-06-09,1,0.963122,0.963122,high,Y,trade-gated adverse scenario with medium/high evidence,active market context,-0.082955,-0.106157,0.000439,china_asia_shock_hedge,중국 경기·무역갈등·공급망 충격이 한국/아시아와 반도체 자산에 번지는 장세입니다. 한국 반도체 factor와 원화 약세를 함께 확인합니다.
BIL,BIL,bond_etf,acute_global_stress_liquidity_crunch,Acute Global Stress / Liquidity Crunch,급성 리스크오프/유동성 경색장,us_global,-0.205011,0.000439,0.19943,negative,0.205011,low,76.127067,rolling_beta,v3,1,1261,1261,3,market,pass,N,,2026-06-09,1,0.942163,0.942163,high,Y,trade-gated adverse scenario with medium/high evidence,active market context,0.208613,0.19943,0.000439,liquidity_stress_defense,변동성이 튀고 위험자산이 동반 약세를 보이는 단기 스트레스 장세입니다. 상관관계 상승과 유동성 악화를 우선 점검합니다.
BIL,BIL,bond_etf,higher_for_longer_long_rate_shock,Higher-for-Longer / Long-Rate Shock,장기금리 부담장,us_global,0.464737,0.000439,0.19943,positive,0.464737,medium,62.128209,rolling_beta,v3,1,1261,1261,3,market,pass,N,,2026-06-09,1,0.908767,0.908767,high,Y,trade-gated adverse scenario with medium/high evidence,active market context,0.208613,0.19943,0.000439,rate_sensitive,장기금리와 달러 강세 부담이 채권·성장주·신용자산을 압박하는 장세입니다. 고밸류 성장주와 반도체 factor 민감도를 점검합니다.
BIL,BIL,bond_etf,semiconductor_ai_cycle_shock,Semiconductor / AI Cycle Shock,AI·반도체 사이클 충격장,korea_semiconductor,-0.264484,0.000439,0.018167,negative,0.264484,low,43.672,rolling_beta,v3,1,1110,1110,6,market,pass,N,,2026-06-09,1,0.377914,0.0,medium,N,context only: WATCH state,context only: WATCH state,0.036253,0.018167,0.000439,semiconductor_ai_shock_hedge,"AI capex 기대와 반도체 모멘텀이 꺾이면서 미국 성장주와 한국 반도체 대형주가 동시에 압박받는 장세입니다. SOXX, AI leader basket, 한국 반도체 basket의 동반 약세와 원화 압력을 함께 봅니다."
BIL,BIL,bond_etf,korea_domestic_financial_stress,Korea Domestic Financial Stress,한국 내수 금융스트레스장,korea_market,-0.361005,0.000439,0.0,negative,0.361005,medium,61.630274,rolling_beta,v3,1,1110,1110,5,seed,pass,Y,,2026-06-09,1,0.401006,0.0,medium,N,context only: source_quality=seed,context only: source_quality=seed,-0.082955,-0.106157,0.000439,korea_financial_stress_hedge,"가계부채, 부동산 PF, 비은행권, 금융주와 건설주 스트레스가 한국 자산 전반으로 번지는 장세입니다. 금융/건설 basket, 신용 spread, 단기자금 spread, 원화 약세를 함께 점검합니다."
BIL,BIL,bond_etf,geopolitical_escalation_supply_shock,Geopolitical Escalation / Supply Shock,지정학 확전·공급충격장,geopolitical,-0.164214,0.000439,0.208613,negative,0.164214,low,65.604388,rolling_beta,v3,1,1110,1110,3,manual,pass,Y,,2026-06-09,1,0.398559,0.0,medium,N,context only: source_quality=manual,context only: source_quality=manual,0.076141,,0.000439,geopolitical_supply_shock_hedge,"전쟁, 제재, 해상로 차질, 대만·중동·한반도 긴장처럼 유가·금·방산·변동성이 동시에 움직이는 이벤트성 충격 장세입니다. 뉴스 overlay는 가격 신호를 보강하는 용도로만 해석합니다."
BIL,BIL,bond_etf,slowdown_recession_deflation_risk,Slowdown / Recession / Deflation Risk,경기둔화/침체 우려장,us_global,-0.229761,0.000439,0.19943,negative,0.229761,low,72.589407,rolling_beta,v3,1,1261,1261,3,market,pass,N,,2026-06-09,0,0.0,0.0,high,N,scenario inactive,inactive scenario,0.208613,0.19943,0.000439,slowdown_defense,수요 둔화와 침체/디플레이션 압력이 커지는 방어적 장세입니다. 주식 beta와 신용위험을 보수적으로 봅니다.
BIL,BIL,bond_etf,stagflation_reinflation_energy_shock,Stagflation / Reinflation / Energy Shock,물가·에너지 재상승장,us_global,0.262043,0.000439,0.208613,positive,0.262043,low,72.540929,rolling_beta,v3,1,1261,1261,2,market,pass,N,,2026-06-09,0,0.0,0.0,high,N,scenario inactive,inactive scenario,0.076141,,0.000439,stagflation_vulnerable,성장 부담이 있는데 유가·원자재·인플레이션 압력이 다시 커지는 장세입니다. 에너지/원자재 수혜와 장기채 부담을 함께 봅니다.
BIL,BIL,bond_etf,soft_landing_goldilocks,Soft Landing / Goldilocks,우호적 위험선호장,us_global,0.208613,0.000439,0.19943,positive,0.208613,low,65.4571,rolling_beta,v3,1,1261,1261,3,market,pass,N,,2026-06-09,0,0.0,0.0,high,N,non-adverse scenario,inactive scenario,0.208613,0.19943,0.000439,risk_on_participation,우호적 위험선호장 참여 민감도
BNB-USD,BNB-USD,crypto,usd_strength_krw_weakness,USD Strength / KRW Weakness,달러강세/원화약세장,fx_krw,-0.105123,0.008047,0.0,negative,0.105123,low,70.962151,rolling_beta,v3,1,1224,1224,4,market,pass,N,,2026-06-09,1,0.975204,0.975204,high,Y,trade-gated adverse scenario with medium/high evidence,active market context,0.682457,-0.04402,0.008047,krw_weakness_hedge,달러가 강하고 원화가 약해져 KRW 기준 투자자의 환율 리스크가 커지는 장세입니다. 한국 자산과 USD 노출의 역할을 분리해 봅니다.
BNB-USD,BNB-USD,crypto,china_trade_fragmentation_shock,China / Trade Fragmentation Shock,중국·무역분절 충격장,china_asia,-0.105285,0.008047,0.0,negative,0.105285,low,65.435166,rolling_beta,v3,1,1224,1224,5,market,pass,N,,2026-06-09,1,0.963122,0.963122,high,Y,trade-gated adverse scenario with medium/high evidence,active market context,0.001563,-0.04402,0.008047,china_asia_shock_hedge,중국 경기·무역갈등·공급망 충격이 한국/아시아와 반도체 자산에 번지는 장세입니다. 한국 반도체 factor와 원화 약세를 함께 확인합니다.
BNB-USD,BNB-USD,crypto,acute_global_stress_liquidity_crunch,Acute Global Stress / Liquidity Crunch,급성 리스크오프/유동성 경색장,us_global,-0.123406,0.008047,1.048879,negative,0.123406,low,76.127067,rolling_beta,v3,1,1260,1260,3,market,pass,N,,2026-06-09,1,0.942163,0.942163,high,Y,trade-gated adverse scenario with medium/high evidence,active market context,0.979509,1.048879,0.008047,liquidity_stress_defense,변동성이 튀고 위험자산이 동반 약세를 보이는 단기 스트레스 장세입니다. 상관관계 상승과 유동성 악화를 우선 점검합니다.
BNB-USD,BNB-USD,crypto,higher_for_longer_long_rate_shock,Higher-for-Longer / Long-Rate Shock,장기금리 부담장,us_global,0.43873,0.008047,1.048879,positive,0.43873,medium,62.128209,rolling_beta,v3,1,1260,1260,3,market,pass,N,,2026-06-09,1,0.908767,0.908767,high,Y,trade-gated adverse scenario with medium/high evidence,active market context,0.979509,1.048879,0.008047,rate_sensitive,장기금리와 달러 강세 부담이 채권·성장주·신용자산을 압박하는 장세입니다. 고밸류 성장주와 반도체 factor 민감도를 점검합니다.
BNB-USD,BNB-USD,crypto,semiconductor_ai_cycle_shock,Semiconductor / AI Cycle Shock,AI·반도체 사이클 충격장,korea_semiconductor,0.023062,0.008047,0.510941,neutral,0.023062,low,43.672,rolling_beta,v3,1,1224,1224,6,market,pass,N,,2026-06-09,1,0.377914,0.0,medium,N,context only: WATCH state,context only: WATCH state,0.444042,0.510941,0.008047,semiconductor_ai_shock_vulnerable,"AI capex 기대와 반도체 모멘텀이 꺾이면서 미국 성장주와 한국 반도체 대형주가 동시에 압박받는 장세입니다. SOXX, AI leader basket, 한국 반도체 basket의 동반 약세와 원화 압력을 함께 봅니다."
BNB-USD,BNB-USD,crypto,korea_domestic_financial_stress,Korea Domestic Financial Stress,한국 내수 금융스트레스장,korea_market,-0.598271,0.008047,0.0,negative,0.598271,medium,61.630274,rolling_beta,v3,1,1224,1224,5,seed,pass,Y,,2026-06-09,1,0.401006,0.0,medium,N,context only: source_quality=seed,context only: source_quality=seed,0.001563,-0.04402,0.008047,korea_financial_stress_hedge,"가계부채, 부동산 PF, 비은행권, 금융주와 건설주 스트레스가 한국 자산 전반으로 번지는 장세입니다. 금융/건설 basket, 신용 spread, 단기자금 spread, 원화 약세를 함께 점검합니다."
BNB-USD,BNB-USD,crypto,geopolitical_escalation_supply_shock,Geopolitical Escalation / Supply Shock,지정학 확전·공급충격장,geopolitical,-0.145833,0.008047,0.979509,negative,0.145833,low,65.604388,rolling_beta,v3,1,1260,1260,3,manual,pass,Y,,2026-06-09,1,0.398559,0.0,medium,N,context only: source_quality=manual,context only: source_quality=manual,0.108597,,0.008047,geopolitical_supply_shock_hedge,"전쟁, 제재, 해상로 차질, 대만·중동·한반도 긴장처럼 유가·금·방산·변동성이 동시에 움직이는 이벤트성 충격 장세입니다. 뉴스 overlay는 가격 신호를 보강하는 용도로만 해석합니다."
BNB-USD,BNB-USD,crypto,slowdown_recession_deflation_risk,Slowdown / Recession / Deflation Risk,경기둔화/침체 우려장,us_global,0.005019,0.008047,1.048879,neutral,0.005019,low,72.589407,rolling_beta,v3,1,1260,1260,3,market,pass,N,,2026-06-09,0,0.0,0.0,high,N,scenario inactive,inactive scenario,0.979509,1.048879,0.008047,slowdown_vulnerable,수요 둔화와 침체/디플레이션 압력이 커지는 방어적 장세입니다. 주식 beta와 신용위험을 보수적으로 봅니다.
BNB-USD,BNB-USD,crypto,stagflation_reinflation_energy_shock,Stagflation / Reinflation / Energy Shock,물가·에너지 재상승장,us_global,0.141641,0.008047,0.979509,positive,0.141641,low,72.540929,rolling_beta,v3,1,1260,1260,2,market,pass,N,,2026-06-09,0,0.0,0.0,high,N,scenario inactive,inactive scenario,0.108597,,0.008047,stagflation_vulnerable,성장 부담이 있는데 유가·원자재·인플레이션 압력이 다시 커지는 장세입니다. 에너지/원자재 수혜와 장기채 부담을 함께 봅니다.
BNB-USD,BNB-USD,crypto,soft_landing_goldilocks,Soft Landing / Goldilocks,우호적 위험선호장,us_global,0.979509,0.008047,1.048879,positive,0.979509,high,65.4571,rolling_beta,v3,1,1260,1260,3,market,pass,N,,2026-06-09,0,0.0,0.0,high,N,non-adverse scenario,inactive scenario,0.979509,1.048879,0.008047,risk_on_participation,우호적 위험선호장 참여 민감도
BND,BND,bond_etf,usd_strength_krw_weakness,USD Strength / KRW Weakness,달러강세/원화약세장,fx_krw,-0.290501,5.9e-05,0.0,negative,0.290501,low,70.962151,rolling_beta,v3,1,1110,1110,4,market,pass,N,,2026-06-09,1,0.975204,0.975204,high,Y,trade-gated adverse scenario with medium/high evidence,active market context,0.888545,-0.109565,5.9e-05,krw_weakness_hedge,달러가 강하고 원화가 약해져 KRW 기준 투자자의 환율 리스크가 커지는 장세입니다. 한국 자산과 USD 노출의 역할을 분리해 봅니다.
BND,BND,bond_etf,china_trade_fragmentation_shock,China / Trade Fragmentation Shock,중국·무역분절 충격장,china_asia,-0.053871,5.9e-05,0.0,negative,0.053871,low,65.435166,rolling_beta,v3,1,1110,1110,5,market,pass,N,,2026-06-09,1,0.963122,0.963122,high,Y,trade-gated adverse scenario with medium/high evidence,active market context,-0.087127,-0.109565,5.9e-05,china_asia_shock_hedge,중국 경기·무역갈등·공급망 충격이 한국/아시아와 반도체 자산에 번지는 장세입니다. 한국 반도체 factor와 원화 약세를 함께 확인합니다.
BND,BND,bond_etf,acute_global_stress_liquidity_crunch,Acute Global Stress / Liquidity Crunch,급성 리스크오프/유동성 경색장,us_global,-0.171748,5.9e-05,0.197519,negative,0.171748,low,76.127067,rolling_beta,v3,1,1261,1261,3,market,pass,N,,2026-06-09,1,0.942163,0.942163,high,Y,trade-gated adverse scenario with medium/high evidence,active market context,0.237996,0.197519,5.9e-05,liquidity_stress_defense,변동성이 튀고 위험자산이 동반 약세를 보이는 단기 스트레스 장세입니다. 상관관계 상승과 유동성 악화를 우선 점검합니다.
BND,BND,bond_etf,higher_for_longer_long_rate_shock,Higher-for-Longer / Long-Rate Shock,장기금리 부담장,us_global,0.480898,5.9e-05,0.197519,positive,0.480898,medium,62.128209,rolling_beta,v3,1,1261,1261,3,market,pass,N,,2026-06-09,1,0.908767,0.908767,high,Y,trade-gated adverse scenario with medium/high evidence,active market context,0.237996,0.197519,5.9e-05,rate_sensitive,장기금리와 달러 강세 부담이 채권·성장주·신용자산을 압박하는 장세입니다. 고밸류 성장주와 반도체 factor 민감도를 점검합니다.
BND,BND,bond_etf,semiconductor_ai_cycle_shock,Semiconductor / AI Cycle Shock,AI·반도체 사이클 충격장,korea_semiconductor,-0.250859,5.9e-05,0.023472,negative,0.250859,low,43.672,rolling_beta,v3,1,1110,1110,6,market,pass,N,,2026-06-09,1,0.377914,0.0,medium,N,context only: WATCH state,context only: WATCH state,0.050153,0.023472,5.9e-05,semiconductor_ai_shock_hedge,"AI capex 기대와 반도체 모멘텀이 꺾이면서 미국 성장주와 한국 반도체 대형주가 동시에 압박받는 장세입니다. SOXX, AI leader basket, 한국 반도체 basket의 동반 약세와 원화 압력을 함께 봅니다."
BND,BND,bond_etf,korea_domestic_financial_stress,Korea Domestic Financial Stress,한국 내수 금융스트레스장,korea_market,-0.368188,5.9e-05,0.0,negative,0.368188,medium,61.630274,rolling_beta,v3,1,1110,1110,5,seed,pass,Y,,2026-06-09,1,0.401006,0.0,medium,N,context only: source_quality=seed,context only: source_quality=seed,-0.087127,-0.109565,5.9e-05,korea_financial_stress_hedge,"가계부채, 부동산 PF, 비은행권, 금융주와 건설주 스트레스가 한국 자산 전반으로 번지는 장세입니다. 금융/건설 basket, 신용 spread, 단기자금 spread, 원화 약세를 함께 점검합니다."
BND,BND,bond_etf,geopolitical_escalation_supply_shock,Geopolitical Escalation / Supply Shock,지정학 확전·공급충격장,geopolitical,-0.164145,5.9e-05,0.237996,negative,0.164145,low,65.604388,rolling_beta,v3,1,1110,1110,3,manual,pass,Y,,2026-06-09,1,0.398559,0.0,medium,N,context only: source_quality=manual,context only: source_quality=manual,0.046131,,5.9e-05,geopolitical_supply_shock_hedge,"전쟁, 제재, 해상로 차질, 대만·중동·한반도 긴장처럼 유가·금·방산·변동성이 동시에 움직이는 이벤트성 충격 장세입니다. 뉴스 overlay는 가격 신호를 보강하는 용도로만 해석합니다."
BND,BND,bond_etf,slowdown_recession_deflation_risk,Slowdown / Recession / Deflation Risk,경기둔화/침체 우려장,us_global,-0.19736,5.9e-05,0.197519,negative,0.19736,low,72.589407,rolling_beta,v3,1,1261,1261,3,market,pass,N,,2026-06-09,0,0.0,0.0,high,N,scenario inactive,inactive scenario,0.237996,0.197519,5.9e-05,slowdown_defense,수요 둔화와 침체/디플레이션 압력이 커지는 방어적 장세입니다. 주식 beta와 신용위험을 보수적으로 봅니다.
BND,BND,bond_etf,stagflation_reinflation_energy_shock,Stagflation / Reinflation / Energy Shock,물가·에너지 재상승장,us_global,0.281829,5.9e-05,0.237996,positive,0.281829,low,72.540929,rolling_beta,v3,1,1261,1261,2,market,pass,N,,2026-06-09,0,0.0,0.0,high,N,scenario inactive,inactive scenario,0.046131,,5.9e-05,stagflation_vulnerable,성장 부담이 있는데 유가·원자재·인플레이션 압력이 다시 커지는 장세입니다. 에너지/원자재 수혜와 장기채 부담을 함께 봅니다.
BND,BND,bond_etf,soft_landing_goldilocks,Soft Landing / Goldilocks,우호적 위험선호장,us_global,0.237996,5.9e-05,0.197519,positive,0.237996,low,65.4571,rolling_beta,v3,1,1261,1261,3,market,pass,N,,2026-06-09,0,0.0,0.0,high,N,non-adverse scenario,inactive scenario,0.237996,0.197519,5.9e-05,risk_on_participation,우호적 위험선호장 참여 민감도
BRK-B,BRK-B,us_stock,usd_strength_krw_weakness,USD Strength / KRW Weakness,달러강세/원화약세장,fx_krw,-0.17363,0.001811,0.0,negative,0.17363,low,70.962151,rolling_beta,v3,1,1110,1110,4,market,pass,N,,2026-06-09,1,0.975204,0.975204,high,Y,trade-gated adverse scenario with medium/high evidence,active market context,0.833155,-0.091835,0.001811,krw_weakness_hedge,달러가 강하고 원화가 약해져 KRW 기준 투자자의 환율 리스크가 커지는 장세입니다. 한국 자산과 USD 노출의 역할을 분리해 봅니다.
BRK-B,BRK-B,us_stock,china_trade_fragmentation_shock,China / Trade Fragmentation Shock,중국·무역분절 충격장,china_asia,-0.004176,0.001811,0.0,neutral,0.004176,low,65.435166,rolling_beta,v3,1,1110,1110,5,market,pass,N,,2026-06-09,1,0.963122,0.963122,high,Y,trade-gated adverse scenario with medium/high evidence,active market context,-0.073565,-0.091835,0.001811,china_asia_shock_hedge,중국 경기·무역갈등·공급망 충격이 한국/아시아와 반도체 자산에 번지는 장세입니다. 한국 반도체 factor와 원화 약세를 함께 확인합니다.
BRK-B,BRK-B,us_stock,acute_global_stress_liquidity_crunch,Acute Global Stress / Liquidity Crunch,급성 리스크오프/유동성 경색장,us_global,0.006524,0.001811,0.739377,neutral,0.006524,low,76.127067,rolling_beta,v3,1,1261,1261,3,market,pass,N,,2026-06-09,1,0.942163,0.942163,high,Y,trade-gated adverse scenario with medium/high evidence,active market context,0.705478,0.739377,0.001811,liquidity_stress_vulnerable,변동성이 튀고 위험자산이 동반 약세를 보이는 단기 스트레스 장세입니다. 상관관계 상승과 유동성 악화를 우선 점검합니다.
BRK-B,BRK-B,us_stock,higher_for_longer_long_rate_shock,Higher-for-Longer / Long-Rate Shock,장기금리 부담장,us_global,0.288013,0.001811,0.739377,positive,0.288013,low,62.128209,rolling_beta,v3,1,1261,1261,3,market,pass,N,,2026-06-09,1,0.908767,0.908767,high,Y,trade-gated adverse scenario with medium/high evidence,active market context,0.705478,0.739377,0.001811,rate_sensitive,장기금리와 달러 강세 부담이 채권·성장주·신용자산을 압박하는 장세입니다. 고밸류 성장주와 반도체 factor 민감도를 점검합니다.
BRK-B,BRK-B,us_stock,semiconductor_ai_cycle_shock,Semiconductor / AI Cycle Shock,AI·반도체 사이클 충격장,korea_semiconductor,-0.140778,0.001811,0.146483,negative,0.140778,low,43.672,rolling_beta,v3,1,1110,1110,6,market,pass,N,,2026-06-09,1,0.377914,0.0,medium,N,context only: WATCH state,context only: WATCH state,0.175405,0.146483,0.001811,semiconductor_ai_shock_hedge,"AI capex 기대와 반도체 모멘텀이 꺾이면서 미국 성장주와 한국 반도체 대형주가 동시에 압박받는 장세입니다. SOXX, AI leader basket, 한국 반도체 basket의 동반 약세와 원화 압력을 함께 봅니다."
BRK-B,BRK-B,us_stock,korea_domestic_financial_stress,Korea Domestic Financial Stress,한국 내수 금융스트레스장,korea_market,-0.420298,0.001811,0.0,negative,0.420298,medium,61.630274,rolling_beta,v3,1,1110,1110,5,seed,pass,Y,,2026-06-09,1,0.401006,0.0,medium,N,context only: source_quality=seed,context only: source_quality=seed,-0.073565,-0.091835,0.001811,korea_financial_stress_hedge,"가계부채, 부동산 PF, 비은행권, 금융주와 건설주 스트레스가 한국 자산 전반으로 번지는 장세입니다. 금융/건설 basket, 신용 spread, 단기자금 spread, 원화 약세를 함께 점검합니다."
BRK-B,BRK-B,us_stock,geopolitical_escalation_supply_shock,Geopolitical Escalation / Supply Shock,지정학 확전·공급충격장,geopolitical,-0.051534,0.001811,0.705478,negative,0.051534,low,65.604388,rolling_beta,v3,1,1110,1110,3,manual,pass,Y,,2026-06-09,1,0.398559,0.0,medium,N,context only: source_quality=manual,context only: source_quality=manual,0.114391,,0.001811,geopolitical_supply_shock_hedge,"전쟁, 제재, 해상로 차질, 대만·중동·한반도 긴장처럼 유가·금·방산·변동성이 동시에 움직이는 이벤트성 충격 장세입니다. 뉴스 overlay는 가격 신호를 보강하는 용도로만 해석합니다."
BRK-B,BRK-B,us_stock,slowdown_recession_deflation_risk,Slowdown / Recession / Deflation Risk,경기둔화/침체 우려장,us_global,0.045181,0.001811,0.739377,neutral,0.045181,low,72.589407,rolling_beta,v3,1,1261,1261,3,market,pass,N,,2026-06-09,0,0.0,0.0,high,N,scenario inactive,inactive scenario,0.705478,0.739377,0.001811,slowdown_vulnerable,수요 둔화와 침체/디플레이션 압력이 커지는 방어적 장세입니다. 주식 beta와 신용위험을 보수적으로 봅니다.
BRK-B,BRK-B,us_stock,stagflation_reinflation_energy_shock,Stagflation / Reinflation / Energy Shock,물가·에너지 재상승장,us_global,0.201646,0.001811,0.705478,positive,0.201646,low,72.540929,rolling_beta,v3,1,1261,1261,2,market,pass,N,,2026-06-09,0,0.0,0.0,high,N,scenario inactive,inactive scenario,0.114391,,0.001811,stagflation_vulnerable,성장 부담이 있는데 유가·원자재·인플레이션 압력이 다시 커지는 장세입니다. 에너지/원자재 수혜와 장기채 부담을 함께 봅니다.
BRK-B,BRK-B,us_stock,soft_landing_goldilocks,Soft Landing / Goldilocks,우호적 위험선호장,us_global,0.705478,0.001811,0.739377,positive,0.705478,medium,65.4571,rolling_beta,v3,1,1261,1261,3,market,pass,N,,2026-06-09,0,0.0,0.0,high,N,non-adverse scenario,inactive scenario,0.705478,0.739377,0.001811,risk_on_participation,우호적 위험선호장 참여 민감도
BTAL,BTAL,equity_etf,usd_strength_krw_weakness,USD Strength / KRW Weakness,달러강세/원화약세장,fx_krw,-0.35,-0.000739,0.0,negative,0.35,medium,70.962151,rolling_beta,v3,1,1110,1110,4,market,pass,N,,2026-06-09,1,0.975204,0.975204,high,Y,trade-gated adverse scenario with medium/high evidence,active market context,1.352455,-0.145964,-0.000739,krw_weakness_hedge,달러가 강하고 원화가 약해져 KRW 기준 투자자의 환율 리스크가 커지는 장세입니다. 한국 자산과 USD 노출의 역할을 분리해 봅니다.
BTAL,BTAL,equity_etf,china_trade_fragmentation_shock,China / Trade Fragmentation Shock,중국·무역분절 충격장,china_asia,0.268485,-0.000739,0.0,positive,0.268485,low,65.435166,rolling_beta,v3,1,1110,1110,5,market,pass,N,,2026-06-09,1,0.963122,0.963122,high,Y,trade-gated adverse scenario with medium/high evidence,active market context,-0.19492,-0.145964,-0.000739,china_asia_shock_vulnerable,중국 경기·무역갈등·공급망 충격이 한국/아시아와 반도체 자산에 번지는 장세입니다. 한국 반도체 factor와 원화 약세를 함께 확인합니다.
BTAL,BTAL,equity_etf,acute_global_stress_liquidity_crunch,Acute Global Stress / Liquidity Crunch,급성 리스크오프/유동성 경색장,us_global,-0.266728,-0.000739,0.0,negative,0.266728,low,76.127067,rolling_beta,v3,1,1261,1261,3,market,pass,N,,2026-06-09,1,0.942163,0.942163,high,Y,trade-gated adverse scenario with medium/high evidence,active market context,-0.328971,-0.285085,-0.000739,liquidity_stress_defense,변동성이 튀고 위험자산이 동반 약세를 보이는 단기 스트레스 장세입니다. 상관관계 상승과 유동성 악화를 우선 점검합니다.
BTAL,BTAL,equity_etf,higher_for_longer_long_rate_shock,Higher-for-Longer / Long-Rate Shock,장기금리 부담장,us_global,0.6,-0.000739,0.0,positive,0.6,medium,62.128209,rolling_beta,v3,1,1261,1261,3,market,pass,N,,2026-06-09,1,0.908767,0.908767,high,Y,trade-gated adverse scenario with medium/high evidence,active market context,-0.328971,-0.285085,-0.000739,rate_sensitive,장기금리와 달러 강세 부담이 채권·성장주·신용자산을 압박하는 장세입니다. 고밸류 성장주와 반도체 factor 민감도를 점검합니다.
BTAL,BTAL,equity_etf,semiconductor_ai_cycle_shock,Semiconductor / AI Cycle Shock,AI·반도체 사이클 충격장,korea_semiconductor,0.007394,-0.000739,0.0,neutral,0.007394,low,43.672,rolling_beta,v3,1,1110,1110,6,market,pass,N,,2026-06-09,1,0.377914,0.0,medium,N,context only: WATCH state,context only: WATCH state,-0.305959,-0.376744,-0.000739,semiconductor_ai_shock_vulnerable,"AI capex 기대와 반도체 모멘텀이 꺾이면서 미국 성장주와 한국 반도체 대형주가 동시에 압박받는 장세입니다. SOXX, AI leader basket, 한국 반도체 basket의 동반 약세와 원화 압력을 함께 봅니다."
BTAL,BTAL,equity_etf,korea_domestic_financial_stress,Korea Domestic Financial Stress,한국 내수 금융스트레스장,korea_market,-0.278647,-0.000739,0.0,negative,0.278647,low,61.630274,rolling_beta,v3,1,1110,1110,5,seed,pass,Y,,2026-06-09,1,0.401006,0.0,medium,N,context only: source_quality=seed,context only: source_quality=seed,-0.19492,-0.145964,-0.000739,korea_financial_stress_hedge,"가계부채, 부동산 PF, 비은행권, 금융주와 건설주 스트레스가 한국 자산 전반으로 번지는 장세입니다. 금융/건설 basket, 신용 spread, 단기자금 spread, 원화 약세를 함께 점검합니다."
BTAL,BTAL,equity_etf,geopolitical_escalation_supply_shock,Geopolitical Escalation / Supply Shock,지정학 확전·공급충격장,geopolitical,-0.151591,-0.000739,0.0,negative,0.151591,low,65.604388,rolling_beta,v3,1,1110,1110,3,manual,pass,Y,,2026-06-09,1,0.398559,0.0,medium,N,context only: source_quality=manual,context only: source_quality=manual,0.082484,,-0.000739,geopolitical_supply_shock_hedge,"전쟁, 제재, 해상로 차질, 대만·중동·한반도 긴장처럼 유가·금·방산·변동성이 동시에 움직이는 이벤트성 충격 장세입니다. 뉴스 overlay는 가격 신호를 보강하는 용도로만 해석합니다."
BTAL,BTAL,equity_etf,slowdown_recession_deflation_risk,Slowdown / Recession / Deflation Risk,경기둔화/침체 우려장,us_global,-0.537953,-0.000739,0.0,negative,0.537953,medium,72.589407,rolling_beta,v3,1,1261,1261,3,market,pass,N,,2026-06-09,0,0.0,0.0,high,N,scenario inactive,inactive scenario,-0.328971,-0.285085,-0.000739,slowdown_defense,수요 둔화와 침체/디플레이션 압력이 커지는 방어적 장세입니다. 주식 beta와 신용위험을 보수적으로 봅니다.
BTAL,BTAL,equity_etf,stagflation_reinflation_energy_shock,Stagflation / Reinflation / Energy Shock,물가·에너지 재상승장,us_global,0.218485,-0.000739,0.0,positive,0.218485,low,72.540929,rolling_beta,v3,1,1261,1261,2,market,pass,N,,2026-06-09,0,0.0,0.0,high,N,scenario inactive,inactive scenario,0.082484,,-0.000739,stagflation_vulnerable,성장 부담이 있는데 유가·원자재·인플레이션 압력이 다시 커지는 장세입니다. 에너지/원자재 수혜와 장기채 부담을 함께 봅니다.
BTAL,BTAL,equity_etf,soft_landing_goldilocks,Soft Landing / Goldilocks,우호적 위험선호장,us_global,-0.328971,-0.000739,0.0,negative,0.328971,medium,65.4571,rolling_beta,v3,1,1261,1261,3,market,pass,N,,2026-06-09,0,0.0,0.0,high,N,non-adverse scenario,inactive scenario,-0.328971,-0.285085,-0.000739,neutral_or_defensive,우호적 위험선호장 참여 민감도
BTC-USD,BTC-USD,crypto,usd_strength_krw_weakness,USD Strength / KRW Weakness,달러강세/원화약세장,fx_krw,-0.076558,0.00667,0.0,negative,0.076558,low,70.962151,rolling_beta,v3,1,1224,1224,4,market,pass,N,,2026-06-09,1,0.975204,0.975204,high,Y,trade-gated adverse scenario with medium/high evidence,active market context,0.653723,-0.054775,0.00667,krw_weakness_hedge,crypto는 방어자산이 아니라 조건부 diversifier로만 해석
BTC-USD,BTC-USD,crypto,china_trade_fragmentation_shock,China / Trade Fragmentation Shock,중국·무역분절 충격장,china_asia,-0.048,0.00667,0.0,neutral,0.048,low,65.435166,rolling_beta,v3,1,1224,1224,5,market,pass,N,,2026-06-09,1,0.963122,0.963122,high,Y,trade-gated adverse scenario with medium/high evidence,active market context,-0.081003,-0.054775,0.00667,china_asia_shock_hedge,crypto는 방어자산이 아니라 조건부 diversifier로만 해석
BTC-USD,BTC-USD,crypto,acute_global_stress_liquidity_crunch,Acute Global Stress / Liquidity Crunch,급성 리스크오프/유동성 경색장,us_global,0.001416,0.00667,0.970522,neutral,0.001416,low,76.127067,rolling_beta,v3,1,1260,1260,3,market,pass,N,,2026-06-09,1,0.942163,0.942163,high,Y,trade-gated adverse scenario with medium/high evidence,active market context,1.093768,0.970522,0.00667,liquidity_stress_vulnerable,crypto는 방어자산이 아니라 조건부 diversifier로만 해석
BTC-USD,BTC-USD,crypto,higher_for_longer_long_rate_shock,Higher-for-Longer / Long-Rate Shock,장기금리 부담장,us_global,0.501573,0.00667,0.970522,positive,0.501573,medium,62.128209,rolling_beta,v3,1,1260,1260,3,market,pass,N,,2026-06-09,1,0.908767,0.908767,high,Y,trade-gated adverse scenario with medium/high evidence,active market context,1.093768,0.970522,0.00667,rate_sensitive,crypto는 방어자산이 아니라 조건부 diversifier로만 해석
BTC-USD,BTC-USD,crypto,semiconductor_ai_cycle_shock,Semiconductor / AI Cycle Shock,AI·반도체 사이클 충격장,korea_semiconductor,0.062601,0.00667,0.517805,positive,0.062601,low,43.672,rolling_beta,v3,1,1224,1224,6,market,pass,N,,2026-06-09,1,0.377914,0.0,medium,N,context only: WATCH state,context only: WATCH state,0.476186,0.517805,0.00667,semiconductor_ai_shock_vulnerable,crypto는 방어자산이 아니라 조건부 diversifier로만 해석
BTC-USD,BTC-USD,crypto,korea_domestic_financial_stress,Korea Domestic Financial Stress,한국 내수 금융스트레스장,korea_market,-0.568695,0.00667,0.0,negative,0.568695,medium,61.630274,rolling_beta,v3,1,1224,1224,5,seed,pass,Y,,2026-06-09,1,0.401006,0.0,medium,N,context only: source_quality=seed,context only: source_quality=seed,-0.081003,-0.054775,0.00667,korea_financial_stress_hedge,crypto는 방어자산이 아니라 조건부 diversifier로만 해석
BTC-USD,BTC-USD,crypto,geopolitical_escalation_supply_shock,Geopolitical Escalation / Supply Shock,지정학 확전·공급충격장,geopolitical,-0.074055,0.00667,1.093768,negative,0.074055,low,65.604388,rolling_beta,v3,1,1260,1260,3,manual,pass,Y,,2026-06-09,1,0.398559,0.0,medium,N,context only: source_quality=manual,context only: source_quality=manual,0.083228,,0.00667,geopolitical_supply_shock_hedge,crypto는 방어자산이 아니라 조건부 diversifier로만 해석
BTC-USD,BTC-USD,crypto,slowdown_recession_deflation_risk,Slowdown / Recession / Deflation Risk,경기둔화/침체 우려장,us_global,0.127494,0.00667,0.970522,positive,0.127494,low,72.589407,rolling_beta,v3,1,1260,1260,3,market,pass,N,,2026-06-09,0,0.0,0.0,high,N,scenario inactive,inactive scenario,1.093768,0.970522,0.00667,slowdown_vulnerable,crypto는 방어자산이 아니라 조건부 diversifier로만 해석
BTC-USD,BTC-USD,crypto,stagflation_reinflation_energy_shock,Stagflation / Reinflation / Energy Shock,물가·에너지 재상승장,us_global,0.216065,0.00667,1.093768,positive,0.216065,low,72.540929,rolling_beta,v3,1,1260,1260,2,market,pass,N,,2026-06-09,0,0.0,0.0,high,N,scenario inactive,inactive scenario,0.083228,,0.00667,stagflation_vulnerable,crypto는 방어자산이 아니라 조건부 diversifier로만 해석
BTC-USD,BTC-USD,crypto,soft_landing_goldilocks,Soft Landing / Goldilocks,우호적 위험선호장,us_global,1.093768,0.00667,0.970522,positive,1.093768,high,65.4571,rolling_beta,v3,1,1260,1260,3,market,pass,N,,2026-06-09,0,0.0,0.0,high,N,non-adverse scenario,inactive scenario,1.093768,0.970522,0.00667,risk_on_participation,우호적 위험선호장 참여 민감도; crypto는 방어자산이 아니라 조건부 diversifier로만 해석
COST,COST,us_stock,usd_strength_krw_weakness,USD Strength / KRW Weakness,달러강세/원화약세장,fx_krw,-0.146799,3e-05,0.0,negative,0.146799,low,70.962151,rolling_beta,v3,1,1110,1110,4,market,pass,N,,2026-06-09,1,0.975204,0.975204,high,Y,trade-gated adverse scenario with medium/high evidence,active market context,0.897817,-0.095215,3e-05,krw_weakness_hedge,달러가 강하고 원화가 약해져 KRW 기준 투자자의 환율 리스크가 커지는 장세입니다. 한국 자산과 USD 노출의 역할을 분리해 봅니다.
COST,COST,us_stock,china_trade_fragmentation_shock,China / Trade Fragmentation Shock,중국·무역분절 충격장,china_asia,0.06181,3e-05,0.0,positive,0.06181,low,65.435166,rolling_beta,v3,1,1110,1110,5,market,pass,N,,2026-06-09,1,0.963122,0.963122,high,Y,trade-gated adverse scenario with medium/high evidence,active market context,-0.120925,-0.095215,3e-05,china_asia_shock_vulnerable,중국 경기·무역갈등·공급망 충격이 한국/아시아와 반도체 자산에 번지는 장세입니다. 한국 반도체 factor와 원화 약세를 함께 확인합니다.
COST,COST,us_stock,acute_global_stress_liquidity_crunch,Acute Global Stress / Liquidity Crunch,급성 리스크오프/유동성 경색장,us_global,0.14569,3e-05,0.879121,positive,0.14569,low,76.127067,rolling_beta,v3,1,1261,1261,3,market,pass,N,,2026-06-09,1,0.942163,0.942163,high,Y,trade-gated adverse scenario with medium/high evidence,active market context,0.812805,0.879121,3e-05,liquidity_stress_vulnerable,변동성이 튀고 위험자산이 동반 약세를 보이는 단기 스트레스 장세입니다. 상관관계 상승과 유동성 악화를 우선 점검합니다.
COST,COST,us_stock,higher_for_longer_long_rate_shock,Higher-for-Longer / Long-Rate Shock,장기금리 부담장,us_global,0.797043,3e-05,0.879121,positive,0.797043,high,62.128209,rolling_beta,v3,1,1261,1261,3,market,pass,N,,2026-06-09,1,0.908767,0.908767,high,Y,trade-gated adverse scenario with medium/high evidence,active market context,0.812805,0.879121,3e-05,rate_sensitive,장기금리와 달러 강세 부담이 채권·성장주·신용자산을 압박하는 장세입니다. 고밸류 성장주와 반도체 factor 민감도를 점검합니다.
COST,COST,us_stock,semiconductor_ai_cycle_shock,Semiconductor / AI Cycle Shock,AI·반도체 사이클 충격장,korea_semiconductor,-0.048457,3e-05,0.254331,neutral,0.048457,low,43.672,rolling_beta,v3,1,1110,1110,6,market,pass,N,,2026-06-09,1,0.377914,0.0,medium,N,context only: WATCH state,context only: WATCH state,0.267451,0.254331,3e-05,semiconductor_ai_shock_hedge,"AI capex 기대와 반도체 모멘텀이 꺾이면서 미국 성장주와 한국 반도체 대형주가 동시에 압박받는 장세입니다. SOXX, AI leader basket, 한국 반도체 basket의 동반 약세와 원화 압력을 함께 봅니다."
COST,COST,us_stock,korea_domestic_financial_stress,Korea Domestic Financial Stress,한국 내수 금융스트레스장,korea_market,-0.366079,3e-05,0.0,negative,0.366079,medium,61.630274,rolling_beta,v3,1,1110,1110,5,seed,pass,Y,,2026-06-09,1,0.401006,0.0,medium,N,context only: source_quality=seed,context only: source_quality=seed,-0.120925,-0.095215,3e-05,korea_financial_stress_hedge,"가계부채, 부동산 PF, 비은행권, 금융주와 건설주 스트레스가 한국 자산 전반으로 번지는 장세입니다. 금융/건설 basket, 신용 spread, 단기자금 spread, 원화 약세를 함께 점검합니다."
COST,COST,us_stock,geopolitical_escalation_supply_shock,Geopolitical Escalation / Supply Shock,지정학 확전·공급충격장,geopolitical,0.037213,3e-05,0.812805,neutral,0.037213,low,65.604388,rolling_beta,v3,1,1110,1110,3,manual,pass,Y,,2026-06-09,1,0.398559,0.0,medium,N,context only: source_quality=manual,context only: source_quality=manual,0.092583,,3e-05,geopolitical_supply_shock_vulnerable,"전쟁, 제재, 해상로 차질, 대만·중동·한반도 긴장처럼 유가·금·방산·변동성이 동시에 움직이는 이벤트성 충격 장세입니다. 뉴스 overlay는 가격 신호를 보강하는 용도로만 해석합니다."
COST,COST,us_stock,slowdown_recession_deflation_risk,Slowdown / Recession / Deflation Risk,경기둔화/침체 우려장,us_global,0.177271,3e-05,0.879121,positive,0.177271,low,72.589407,rolling_beta,v3,1,1261,1261,3,market,pass,N,,2026-06-09,0,0.0,0.0,high,N,scenario inactive,inactive scenario,0.812805,0.879121,3e-05,slowdown_vulnerable,수요 둔화와 침체/디플레이션 압력이 커지는 방어적 장세입니다. 주식 beta와 신용위험을 보수적으로 봅니다.
COST,COST,us_stock,stagflation_reinflation_energy_shock,Stagflation / Reinflation / Energy Shock,물가·에너지 재상승장,us_global,0.48373,3e-05,0.812805,positive,0.48373,medium,72.540929,rolling_beta,v3,1,1261,1261,2,market,pass,N,,2026-06-09,0,0.0,0.0,high,N,scenario inactive,inactive scenario,0.092583,,3e-05,stagflation_vulnerable,성장 부담이 있는데 유가·원자재·인플레이션 압력이 다시 커지는 장세입니다. 에너지/원자재 수혜와 장기채 부담을 함께 봅니다.
COST,COST,us_stock,soft_landing_goldilocks,Soft Landing / Goldilocks,우호적 위험선호장,us_global,0.812805,3e-05,0.879121,positive,0.812805,high,65.4571,rolling_beta,v3,1,1261,1261,3,market,pass,N,,2026-06-09,0,0.0,0.0,high,N,non-adverse scenario,inactive scenario,0.812805,0.879121,3e-05,risk_on_participation,우호적 위험선호장 참여 민감도
CRM,CRM,us_stock,usd_strength_krw_weakness,USD Strength / KRW Weakness,달러강세/원화약세장,fx_krw,-0.042838,0.001906,0.017499,neutral,0.042838,low,70.962151,rolling_beta,v3,1,1110,1110,4,market,pass,N,,2026-06-09,1,0.975204,0.975204,high,Y,trade-gated adverse scenario with medium/high evidence,active market context,0.663881,0.017499,0.001906,krw_weakness_hedge,달러가 강하고 원화가 약해져 KRW 기준 투자자의 환율 리스크가 커지는 장세입니다. 한국 자산과 USD 노출의 역할을 분리해 봅니다.
CRM,CRM,us_stock,china_trade_fragmentation_shock,China / Trade Fragmentation Shock,중국·무역분절 충격장,china_asia,0.098089,0.001906,0.017499,positive,0.098089,low,65.435166,rolling_beta,v3,1,1110,1110,5,market,pass,N,,2026-06-09,1,0.963122,0.963122,high,Y,trade-gated adverse scenario with medium/high evidence,active market context,-0.00028,0.017499,0.001906,china_asia_shock_vulnerable,중국 경기·무역갈등·공급망 충격이 한국/아시아와 반도체 자산에 번지는 장세입니다. 한국 반도체 factor와 원화 약세를 함께 확인합니다.
CRM,CRM,us_stock,acute_global_stress_liquidity_crunch,Acute Global Stress / Liquidity Crunch,급성 리스크오프/유동성 경색장,us_global,0.290002,0.001906,1.254479,positive,0.290002,low,76.127067,rolling_beta,v3,1,1261,1261,3,market,pass,N,,2026-06-09,1,0.942163,0.942163,high,Y,trade-gated adverse scenario with medium/high evidence,active market context,1.228647,1.254479,0.001906,liquidity_stress_vulnerable,변동성이 튀고 위험자산이 동반 약세를 보이는 단기 스트레스 장세입니다. 상관관계 상승과 유동성 악화를 우선 점검합니다.
CRM,CRM,us_stock,higher_for_longer_long_rate_shock,Higher-for-Longer / Long-Rate Shock,장기금리 부담장,us_global,1.025756,0.001906,1.254479,positive,1.025756,high,62.128209,rolling_beta,v3,1,1261,1261,3,market,pass,N,,2026-06-09,1,0.908767,0.908767,high,Y,trade-gated adverse scenario with medium/high evidence,active market context,1.228647,1.254479,0.001906,rate_sensitive,장기금리와 달러 강세 부담이 채권·성장주·신용자산을 압박하는 장세입니다. 고밸류 성장주와 반도체 factor 민감도를 점검합니다.
CRM,CRM,us_stock,semiconductor_ai_cycle_shock,Semiconductor / AI Cycle Shock,AI·반도체 사이클 충격장,korea_semiconductor,0.306244,0.001906,0.473264,positive,0.306244,medium,43.672,rolling_beta,v3,1,1110,1110,6,market,pass,N,,2026-06-09,1,0.377914,0.0,medium,N,context only: WATCH state,context only: WATCH state,0.460299,0.473264,0.001906,semiconductor_ai_shock_vulnerable,"AI capex 기대와 반도체 모멘텀이 꺾이면서 미국 성장주와 한국 반도체 대형주가 동시에 압박받는 장세입니다. SOXX, AI leader basket, 한국 반도체 basket의 동반 약세와 원화 압력을 함께 봅니다."
CRM,CRM,us_stock,korea_domestic_financial_stress,Korea Domestic Financial Stress,한국 내수 금융스트레스장,korea_market,-0.448059,0.001906,0.017499,negative,0.448059,medium,61.630274,rolling_beta,v3,1,1110,1110,5,seed,pass,Y,,2026-06-09,1,0.401006,0.0,medium,N,context only: source_quality=seed,context only: source_quality=seed,-0.00028,0.017499,0.001906,korea_financial_stress_hedge,"가계부채, 부동산 PF, 비은행권, 금융주와 건설주 스트레스가 한국 자산 전반으로 번지는 장세입니다. 금융/건설 basket, 신용 spread, 단기자금 spread, 원화 약세를 함께 점검합니다."
CRM,CRM,us_stock,geopolitical_escalation_supply_shock,Geopolitical Escalation / Supply Shock,지정학 확전·공급충격장,geopolitical,0.109408,0.001906,1.228647,positive,0.109408,low,65.604388,rolling_beta,v3,1,1110,1110,3,manual,pass,Y,,2026-06-09,1,0.398559,0.0,medium,N,context only: source_quality=manual,context only: source_quality=manual,0.104791,,0.001906,geopolitical_supply_shock_vulnerable,"전쟁, 제재, 해상로 차질, 대만·중동·한반도 긴장처럼 유가·금·방산·변동성이 동시에 움직이는 이벤트성 충격 장세입니다. 뉴스 overlay는 가격 신호를 보강하는 용도로만 해석합니다."
CRM,CRM,us_stock,slowdown_recession_deflation_risk,Slowdown / Recession / Deflation Risk,경기둔화/침체 우려장,us_global,0.381923,0.001906,1.254479,positive,0.381923,medium,72.589407,rolling_beta,v3,1,1261,1261,3,market,pass,N,,2026-06-09,0,0.0,0.0,high,N,scenario inactive,inactive scenario,1.228647,1.254479,0.001906,slowdown_vulnerable,수요 둔화와 침체/디플레이션 압력이 커지는 방어적 장세입니다. 주식 beta와 신용위험을 보수적으로 봅니다.
CRM,CRM,us_stock,stagflation_reinflation_energy_shock,Stagflation / Reinflation / Energy Shock,물가·에너지 재상승장,us_global,0.582386,0.001906,1.228647,positive,0.582386,medium,72.540929,rolling_beta,v3,1,1261,1261,2,market,pass,N,,2026-06-09,0,0.0,0.0,high,N,scenario inactive,inactive scenario,0.104791,,0.001906,stagflation_vulnerable,성장 부담이 있는데 유가·원자재·인플레이션 압력이 다시 커지는 장세입니다. 에너지/원자재 수혜와 장기채 부담을 함께 봅니다.
CRM,CRM,us_stock,soft_landing_goldilocks,Soft Landing / Goldilocks,우호적 위험선호장,us_global,1.228647,0.001906,1.254479,positive,1.228647,high,65.4571,rolling_beta,v3,1,1261,1261,3,market,pass,N,,2026-06-09,0,0.0,0.0,high,N,non-adverse scenario,inactive scenario,1.228647,1.254479,0.001906,risk_on_participation,우호적 위험선호장 참여 민감도
CVX,CVX,us_stock,usd_strength_krw_weakness,USD Strength / KRW Weakness,달러강세/원화약세장,fx_krw,-0.187769,-0.001591,0.007987,negative,0.187769,low,70.962151,rolling_beta,v3,1,1110,1110,4,market,pass,N,,2026-06-09,1,0.975204,0.975204,high,Y,trade-gated adverse scenario with medium/high evidence,active market context,0.908209,0.007987,-0.001591,krw_weakness_hedge,달러가 강하고 원화가 약해져 KRW 기준 투자자의 환율 리스크가 커지는 장세입니다. 한국 자산과 USD 노출의 역할을 분리해 봅니다.
CVX,CVX,us_stock,china_trade_fragmentation_shock,China / Trade Fragmentation Shock,중국·무역분절 충격장,china_asia,0.069564,-0.001591,0.007987,positive,0.069564,low,65.435166,rolling_beta,v3,1,1110,1110,5,market,pass,N,,2026-06-09,1,0.963122,0.963122,high,Y,trade-gated adverse scenario with medium/high evidence,active market context,-0.078107,0.007987,-0.001591,china_asia_shock_vulnerable,중국 경기·무역갈등·공급망 충격이 한국/아시아와 반도체 자산에 번지는 장세입니다. 한국 반도체 factor와 원화 약세를 함께 확인합니다.
CVX,CVX,us_stock,acute_global_stress_liquidity_crunch,Acute Global Stress / Liquidity Crunch,급성 리스크오프/유동성 경색장,us_global,0.42851,-0.001591,0.871106,positive,0.42851,medium,76.127067,rolling_beta,v3,1,1261,1261,3,market,pass,N,,2026-06-09,1,0.942163,0.942163,high,Y,trade-gated adverse scenario with medium/high evidence,active market context,0.648924,0.871106,-0.001591,liquidity_stress_vulnerable,변동성이 튀고 위험자산이 동반 약세를 보이는 단기 스트레스 장세입니다. 상관관계 상승과 유동성 악화를 우선 점검합니다.
CVX,CVX,us_stock,higher_for_longer_long_rate_shock,Higher-for-Longer / Long-Rate Shock,장기금리 부담장,us_global,0.256908,-0.001591,0.871106,positive,0.256908,low,62.128209,rolling_beta,v3,1,1261,1261,3,market,pass,N,,2026-06-09,1,0.908767,0.908767,high,Y,trade-gated adverse scenario with medium/high evidence,active market context,0.648924,0.871106,-0.001591,rate_sensitive,장기금리와 달러 강세 부담이 채권·성장주·신용자산을 압박하는 장세입니다. 고밸류 성장주와 반도체 factor 민감도를 점검합니다.
CVX,CVX,us_stock,semiconductor_ai_cycle_shock,Semiconductor / AI Cycle Shock,AI·반도체 사이클 충격장,korea_semiconductor,0.152892,-0.001591,0.211286,positive,0.152892,low,43.672,rolling_beta,v3,1,1110,1110,6,market,pass,N,,2026-06-09,1,0.377914,0.0,medium,N,context only: WATCH state,context only: WATCH state,0.173165,0.211286,-0.001591,semiconductor_ai_shock_vulnerable,"AI capex 기대와 반도체 모멘텀이 꺾이면서 미국 성장주와 한국 반도체 대형주가 동시에 압박받는 장세입니다. SOXX, AI leader basket, 한국 반도체 basket의 동반 약세와 원화 압력을 함께 봅니다."
CVX,CVX,us_stock,korea_domestic_financial_stress,Korea Domestic Financial Stress,한국 내수 금융스트레스장,korea_market,-0.02399,-0.001591,0.007987,neutral,0.02399,low,61.630274,rolling_beta,v3,1,1110,1110,5,seed,pass,Y,,2026-06-09,1,0.401006,0.0,medium,N,context only: source_quality=seed,context only: source_quality=seed,-0.078107,0.007987,-0.001591,korea_financial_stress_hedge,"가계부채, 부동산 PF, 비은행권, 금융주와 건설주 스트레스가 한국 자산 전반으로 번지는 장세입니다. 금융/건설 basket, 신용 spread, 단기자금 spread, 원화 약세를 함께 점검합니다."
CVX,CVX,us_stock,geopolitical_escalation_supply_shock,Geopolitical Escalation / Supply Shock,지정학 확전·공급충격장,geopolitical,-0.117586,-0.001591,0.648924,negative,0.117586,low,65.604388,rolling_beta,v3,1,1110,1110,3,manual,pass,Y,,2026-06-09,1,0.398559,0.0,medium,N,context only: source_quality=manual,context only: source_quality=manual,0.433955,,-0.001591,geopolitical_supply_shock_hedge,"전쟁, 제재, 해상로 차질, 대만·중동·한반도 긴장처럼 유가·금·방산·변동성이 동시에 움직이는 이벤트성 충격 장세입니다. 뉴스 overlay는 가격 신호를 보강하는 용도로만 해석합니다."
CVX,CVX,us_stock,slowdown_recession_deflation_risk,Slowdown / Recession / Deflation Risk,경기둔화/침체 우려장,us_global,0.477491,-0.001591,0.871106,positive,0.477491,medium,72.589407,rolling_beta,v3,1,1261,1261,3,market,pass,N,,2026-06-09,0,0.0,0.0,high,N,scenario inactive,inactive scenario,0.648924,0.871106,-0.001591,slowdown_vulnerable,수요 둔화와 침체/디플레이션 압력이 커지는 방어적 장세입니다. 주식 beta와 신용위험을 보수적으로 봅니다.
CVX,CVX,us_stock,stagflation_reinflation_energy_shock,Stagflation / Reinflation / Energy Shock,물가·에너지 재상승장,us_global,-0.183098,-0.001591,0.648924,negative,0.183098,low,72.540929,rolling_beta,v3,1,1261,1261,2,market,pass,N,,2026-06-09,0,0.0,0.0,high,N,scenario inactive,inactive scenario,0.433955,,-0.001591,inflation_hedge,성장 부담이 있는데 유가·원자재·인플레이션 압력이 다시 커지는 장세입니다. 에너지/원자재 수혜와 장기채 부담을 함께 봅니다.
CVX,CVX,us_stock,soft_landing_goldilocks,Soft Landing / Goldilocks,우호적 위험선호장,us_global,0.648924,-0.001591,0.871106,positive,0.648924,medium,65.4571,rolling_beta,v3,1,1261,1261,3,market,pass,N,,2026-06-09,0,0.0,0.0,high,N,non-adverse scenario,inactive scenario,0.648924,0.871106,-0.001591,risk_on_participation,우호적 위험선호장 참여 민감도
DBA,DBA,commodity_etf,usd_strength_krw_weakness,USD Strength / KRW Weakness,달러강세/원화약세장,fx_krw,-0.276672,-0.000478,0.0,negative,0.276672,low,70.962151,rolling_beta,v3,1,1110,1110,4,market,pass,N,,2026-06-09,1,0.975204,0.975204,high,Y,trade-gated adverse scenario with medium/high evidence,active market context,0.878831,-0.024552,-0.000478,krw_weakness_hedge,달러가 강하고 원화가 약해져 KRW 기준 투자자의 환율 리스크가 커지는 장세입니다. 한국 자산과 USD 노출의 역할을 분리해 봅니다.
DBA,DBA,commodity_etf,china_trade_fragmentation_shock,China / Trade Fragmentation Shock,중국·무역분절 충격장,china_asia,-0.029382,-0.000478,0.0,neutral,0.029382,low,65.435166,rolling_beta,v3,1,1110,1110,5,market,pass,N,,2026-06-09,1,0.963122,0.963122,high,Y,trade-gated adverse scenario with medium/high evidence,active market context,-0.031232,-0.024552,-0.000478,china_asia_shock_hedge,중국 경기·무역갈등·공급망 충격이 한국/아시아와 반도체 자산에 번지는 장세입니다. 한국 반도체 factor와 원화 약세를 함께 확인합니다.
DBA,DBA,commodity_etf,acute_global_stress_liquidity_crunch,Acute Global Stress / Liquidity Crunch,급성 리스크오프/유동성 경색장,us_global,0.182841,-0.000478,0.370172,positive,0.182841,low,76.127067,rolling_beta,v3,1,1261,1261,3,market,pass,N,,2026-06-09,1,0.942163,0.942163,high,Y,trade-gated adverse scenario with medium/high evidence,active market context,0.293311,0.370172,-0.000478,liquidity_stress_vulnerable,변동성이 튀고 위험자산이 동반 약세를 보이는 단기 스트레스 장세입니다. 상관관계 상승과 유동성 악화를 우선 점검합니다.
DBA,DBA,commodity_etf,higher_for_longer_long_rate_shock,Higher-for-Longer / Long-Rate Shock,장기금리 부담장,us_global,0.061321,-0.000478,0.370172,positive,0.061321,low,62.128209,rolling_beta,v3,1,1261,1261,3,market,pass,N,,2026-06-09,1,0.908767,0.908767,high,Y,trade-gated adverse scenario with medium/high evidence,active market context,0.293311,0.370172,-0.000478,rate_sensitive,장기금리와 달러 강세 부담이 채권·성장주·신용자산을 압박하는 장세입니다. 고밸류 성장주와 반도체 factor 민감도를 점검합니다.
DBA,DBA,commodity_etf,semiconductor_ai_cycle_shock,Semiconductor / AI Cycle Shock,AI·반도체 사이클 충격장,korea_semiconductor,0.032145,-0.000478,0.078677,neutral,0.032145,low,43.672,rolling_beta,v3,1,1110,1110,6,market,pass,N,,2026-06-09,1,0.377914,0.0,medium,N,context only: WATCH state,context only: WATCH state,0.070907,0.078677,-0.000478,semiconductor_ai_shock_vulnerable,"AI capex 기대와 반도체 모멘텀이 꺾이면서 미국 성장주와 한국 반도체 대형주가 동시에 압박받는 장세입니다. SOXX, AI leader basket, 한국 반도체 basket의 동반 약세와 원화 압력을 함께 봅니다."
DBA,DBA,commodity_etf,korea_domestic_financial_stress,Korea Domestic Financial Stress,한국 내수 금융스트레스장,korea_market,-0.05622,-0.000478,0.0,negative,0.05622,low,61.630274,rolling_beta,v3,1,1110,1110,5,seed,pass,Y,,2026-06-09,1,0.401006,0.0,medium,N,context only: source_quality=seed,context only: source_quality=seed,-0.031232,-0.024552,-0.000478,korea_financial_stress_hedge,"가계부채, 부동산 PF, 비은행권, 금융주와 건설주 스트레스가 한국 자산 전반으로 번지는 장세입니다. 금융/건설 basket, 신용 spread, 단기자금 spread, 원화 약세를 함께 점검합니다."
DBA,DBA,commodity_etf,geopolitical_escalation_supply_shock,Geopolitical Escalation / Supply Shock,지정학 확전·공급충격장,geopolitical,-0.245998,-0.000478,0.293311,negative,0.245998,low,65.604388,rolling_beta,v3,1,1110,1110,3,manual,pass,Y,,2026-06-09,1,0.398559,0.0,medium,N,context only: source_quality=manual,context only: source_quality=manual,0.170499,,-0.000478,geopolitical_supply_shock_hedge,"전쟁, 제재, 해상로 차질, 대만·중동·한반도 긴장처럼 유가·금·방산·변동성이 동시에 움직이는 이벤트성 충격 장세입니다. 뉴스 overlay는 가격 신호를 보강하는 용도로만 해석합니다."
DBA,DBA,commodity_etf,slowdown_recession_deflation_risk,Slowdown / Recession / Deflation Risk,경기둔화/침체 우려장,us_global,0.20739,-0.000478,0.370172,positive,0.20739,low,72.589407,rolling_beta,v3,1,1261,1261,3,market,pass,N,,2026-06-09,0,0.0,0.0,high,N,scenario inactive,inactive scenario,0.293311,0.370172,-0.000478,slowdown_vulnerable,수요 둔화와 침체/디플레이션 압력이 커지는 방어적 장세입니다. 주식 beta와 신용위험을 보수적으로 봅니다.
DBA,DBA,commodity_etf,stagflation_reinflation_energy_shock,Stagflation / Reinflation / Energy Shock,물가·에너지 재상승장,us_global,-0.335386,-0.000478,0.293311,negative,0.335386,medium,72.540929,rolling_beta,v3,1,1261,1261,2,market,pass,N,,2026-06-09,0,0.0,0.0,high,N,scenario inactive,inactive scenario,0.170499,,-0.000478,inflation_hedge,성장 부담이 있는데 유가·원자재·인플레이션 압력이 다시 커지는 장세입니다. 에너지/원자재 수혜와 장기채 부담을 함께 봅니다.
DBA,DBA,commodity_etf,soft_landing_goldilocks,Soft Landing / Goldilocks,우호적 위험선호장,us_global,0.293311,-0.000478,0.370172,positive,0.293311,low,65.4571,rolling_beta,v3,1,1261,1261,3,market,pass,N,,2026-06-09,0,0.0,0.0,high,N,non-adverse scenario,inactive scenario,0.293311,0.370172,-0.000478,risk_on_participation,우호적 위험선호장 참여 민감도
DBC,DBC,commodity_etf,usd_strength_krw_weakness,USD Strength / KRW Weakness,달러강세/원화약세장,fx_krw,-0.255895,-0.001836,0.012133,negative,0.255895,low,70.962151,rolling_beta,v3,1,1110,1110,4,market,pass,N,,2026-06-09,1,0.975204,0.975204,high,Y,trade-gated adverse scenario with medium/high evidence,active market context,0.897989,0.012133,-0.001836,krw_weakness_hedge,달러가 강하고 원화가 약해져 KRW 기준 투자자의 환율 리스크가 커지는 장세입니다. 한국 자산과 USD 노출의 역할을 분리해 봅니다.
DBC,DBC,commodity_etf,china_trade_fragmentation_shock,China / Trade Fragmentation Shock,중국·무역분절 충격장,china_asia,0.021181,-0.001836,0.012133,neutral,0.021181,low,65.435166,rolling_beta,v3,1,1110,1110,5,market,pass,N,,2026-06-09,1,0.963122,0.963122,high,Y,trade-gated adverse scenario with medium/high evidence,active market context,-0.011706,0.012133,-0.001836,china_asia_shock_vulnerable,중국 경기·무역갈등·공급망 충격이 한국/아시아와 반도체 자산에 번지는 장세입니다. 한국 반도체 factor와 원화 약세를 함께 확인합니다.
DBC,DBC,commodity_etf,acute_global_stress_liquidity_crunch,Acute Global Stress / Liquidity Crunch,급성 리스크오프/유동성 경색장,us_global,0.289645,-0.001836,0.566805,positive,0.289645,low,76.127067,rolling_beta,v3,1,1261,1261,3,market,pass,N,,2026-06-09,1,0.942163,0.942163,high,Y,trade-gated adverse scenario with medium/high evidence,active market context,0.376419,0.566805,-0.001836,liquidity_stress_vulnerable,변동성이 튀고 위험자산이 동반 약세를 보이는 단기 스트레스 장세입니다. 상관관계 상승과 유동성 악화를 우선 점검합니다.
DBC,DBC,commodity_etf,higher_for_longer_long_rate_shock,Higher-for-Longer / Long-Rate Shock,장기금리 부담장,us_global,0.107031,-0.001836,0.566805,positive,0.107031,low,62.128209,rolling_beta,v3,1,1261,1261,3,market,pass,N,,2026-06-09,1,0.908767,0.908767,high,Y,trade-gated adverse scenario with medium/high evidence,active market context,0.376419,0.566805,-0.001836,rate_sensitive,장기금리와 달러 강세 부담이 채권·성장주·신용자산을 압박하는 장세입니다. 고밸류 성장주와 반도체 factor 민감도를 점검합니다.
DBC,DBC,commodity_etf,semiconductor_ai_cycle_shock,Semiconductor / AI Cycle Shock,AI·반도체 사이클 충격장,korea_semiconductor,0.087002,-0.001836,0.145473,positive,0.087002,low,43.672,rolling_beta,v3,1,1110,1110,6,market,pass,N,,2026-06-09,1,0.377914,0.0,medium,N,context only: WATCH state,context only: WATCH state,0.111582,0.145473,-0.001836,semiconductor_ai_shock_vulnerable,"AI capex 기대와 반도체 모멘텀이 꺾이면서 미국 성장주와 한국 반도체 대형주가 동시에 압박받는 장세입니다. SOXX, AI leader basket, 한국 반도체 basket의 동반 약세와 원화 압력을 함께 봅니다."
DBC,DBC,commodity_etf,korea_domestic_financial_stress,Korea Domestic Financial Stress,한국 내수 금융스트레스장,korea_market,-0.019405,-0.001836,0.012133,neutral,0.019405,low,61.630274,rolling_beta,v3,1,1110,1110,5,seed,pass,Y,,2026-06-09,1,0.401006,0.0,medium,N,context only: source_quality=seed,context only: source_quality=seed,-0.011706,0.012133,-0.001836,korea_financial_stress_hedge,"가계부채, 부동산 PF, 비은행권, 금융주와 건설주 스트레스가 한국 자산 전반으로 번지는 장세입니다. 금융/건설 basket, 신용 spread, 단기자금 spread, 원화 약세를 함께 점검합니다."
DBC,DBC,commodity_etf,geopolitical_escalation_supply_shock,Geopolitical Escalation / Supply Shock,지정학 확전·공급충격장,geopolitical,-0.236778,-0.001836,0.376419,negative,0.236778,low,65.604388,rolling_beta,v3,1,1110,1110,3,manual,pass,Y,,2026-06-09,1,0.398559,0.0,medium,N,context only: source_quality=manual,context only: source_quality=manual,0.51006,,-0.001836,geopolitical_supply_shock_hedge,"전쟁, 제재, 해상로 차질, 대만·중동·한반도 긴장처럼 유가·금·방산·변동성이 동시에 움직이는 이벤트성 충격 장세입니다. 뉴스 overlay는 가격 신호를 보강하는 용도로만 해석합니다."
DBC,DBC,commodity_etf,slowdown_recession_deflation_risk,Slowdown / Recession / Deflation Risk,경기둔화/침체 우려장,us_global,0.308928,-0.001836,0.566805,positive,0.308928,medium,72.589407,rolling_beta,v3,1,1261,1261,3,market,pass,N,,2026-06-09,0,0.0,0.0,high,N,scenario inactive,inactive scenario,0.376419,0.566805,-0.001836,slowdown_vulnerable,수요 둔화와 침체/디플레이션 압력이 커지는 방어적 장세입니다. 주식 beta와 신용위험을 보수적으로 봅니다.
DBC,DBC,commodity_etf,stagflation_reinflation_energy_shock,Stagflation / Reinflation / Energy Shock,물가·에너지 재상승장,us_global,-0.272356,-0.001836,0.376419,negative,0.272356,low,72.540929,rolling_beta,v3,1,1261,1261,2,market,pass,N,,2026-06-09,0,0.0,0.0,high,N,scenario inactive,inactive scenario,0.51006,,-0.001836,inflation_hedge,성장 부담이 있는데 유가·원자재·인플레이션 압력이 다시 커지는 장세입니다. 에너지/원자재 수혜와 장기채 부담을 함께 봅니다.
DBC,DBC,commodity_etf,soft_landing_goldilocks,Soft Landing / Goldilocks,우호적 위험선호장,us_global,0.376419,-0.001836,0.566805,positive,0.376419,medium,65.4571,rolling_beta,v3,1,1261,1261,3,market,pass,N,,2026-06-09,0,0.0,0.0,high,N,non-adverse scenario,inactive scenario,0.376419,0.566805,-0.001836,risk_on_participation,우호적 위험선호장 참여 민감도
DIA,DIA,equity_etf,usd_strength_krw_weakness,USD Strength / KRW Weakness,달러강세/원화약세장,fx_krw,-0.139483,6e-06,0.0,negative,0.139483,low,70.962151,rolling_beta,v3,1,1110,1110,4,market,pass,N,,2026-06-09,1,0.975204,0.975204,high,Y,trade-gated adverse scenario with medium/high evidence,active market context,0.741472,-0.041814,6e-06,krw_weakness_hedge,달러가 강하고 원화가 약해져 KRW 기준 투자자의 환율 리스크가 커지는 장세입니다. 한국 자산과 USD 노출의 역할을 분리해 봅니다.
DIA,DIA,equity_etf,china_trade_fragmentation_shock,China / Trade Fragmentation Shock,중국·무역분절 충격장,china_asia,0.068261,6e-06,0.0,positive,0.068261,low,65.435166,rolling_beta,v3,1,1110,1110,5,market,pass,N,,2026-06-09,1,0.963122,0.963122,high,Y,trade-gated adverse scenario with medium/high evidence,active market context,-0.042752,-0.041814,6e-06,china_asia_shock_vulnerable,중국 경기·무역갈등·공급망 충격이 한국/아시아와 반도체 자산에 번지는 장세입니다. 한국 반도체 factor와 원화 약세를 함께 확인합니다.
DIA,DIA,equity_etf,acute_global_stress_liquidity_crunch,Acute Global Stress / Liquidity Crunch,급성 리스크오프/유동성 경색장,us_global,0.162864,6e-06,0.823151,positive,0.162864,low,76.127067,rolling_beta,v3,1,1261,1261,3,market,pass,N,,2026-06-09,1,0.942163,0.942163,high,Y,trade-gated adverse scenario with medium/high evidence,active market context,0.842068,0.823151,6e-06,liquidity_stress_vulnerable,변동성이 튀고 위험자산이 동반 약세를 보이는 단기 스트레스 장세입니다. 상관관계 상승과 유동성 악화를 우선 점검합니다.
DIA,DIA,equity_etf,higher_for_longer_long_rate_shock,Higher-for-Longer / Long-Rate Shock,장기금리 부담장,us_global,0.363137,6e-06,0.823151,positive,0.363137,medium,62.128209,rolling_beta,v3,1,1261,1261,3,market,pass,N,,2026-06-09,1,0.908767,0.908767,high,Y,trade-gated adverse scenario with medium/high evidence,active market context,0.842068,0.823151,6e-06,rate_sensitive,장기금리와 달러 강세 부담이 채권·성장주·신용자산을 압박하는 장세입니다. 고밸류 성장주와 반도체 factor 민감도를 점검합니다.
DIA,DIA,equity_etf,semiconductor_ai_cycle_shock,Semiconductor / AI Cycle Shock,AI·반도체 사이클 충격장,korea_semiconductor,-0.03241,6e-06,0.277729,neutral,0.03241,low,43.672,rolling_beta,v3,1,1110,1110,6,market,pass,N,,2026-06-09,1,0.377914,0.0,medium,N,context only: WATCH state,context only: WATCH state,0.28503,0.277729,6e-06,semiconductor_ai_shock_hedge,"AI capex 기대와 반도체 모멘텀이 꺾이면서 미국 성장주와 한국 반도체 대형주가 동시에 압박받는 장세입니다. SOXX, AI leader basket, 한국 반도체 basket의 동반 약세와 원화 압력을 함께 봅니다."
DIA,DIA,equity_etf,korea_domestic_financial_stress,Korea Domestic Financial Stress,한국 내수 금융스트레스장,korea_market,-0.388931,6e-06,0.0,negative,0.388931,medium,61.630274,rolling_beta,v3,1,1110,1110,5,seed,pass,Y,,2026-06-09,1,0.401006,0.0,medium,N,context only: source_quality=seed,context only: source_quality=seed,-0.042752,-0.041814,6e-06,korea_financial_stress_hedge,"가계부채, 부동산 PF, 비은행권, 금융주와 건설주 스트레스가 한국 자산 전반으로 번지는 장세입니다. 금융/건설 basket, 신용 spread, 단기자금 spread, 원화 약세를 함께 점검합니다."
DIA,DIA,equity_etf,geopolitical_escalation_supply_shock,Geopolitical Escalation / Supply Shock,지정학 확전·공급충격장,geopolitical,0.025034,6e-06,0.842068,neutral,0.025034,low,65.604388,rolling_beta,v3,1,1110,1110,3,manual,pass,Y,,2026-06-09,1,0.398559,0.0,medium,N,context only: source_quality=manual,context only: source_quality=manual,0.093499,,6e-06,geopolitical_supply_shock_vulnerable,"전쟁, 제재, 해상로 차질, 대만·중동·한반도 긴장처럼 유가·금·방산·변동성이 동시에 움직이는 이벤트성 충격 장세입니다. 뉴스 overlay는 가격 신호를 보강하는 용도로만 해석합니다."
DIA,DIA,equity_etf,slowdown_recession_deflation_risk,Slowdown / Recession / Deflation Risk,경기둔화/침체 우려장,us_global,0.197131,6e-06,0.823151,positive,0.197131,low,72.589407,rolling_beta,v3,1,1261,1261,3,market,pass,N,,2026-06-09,0,0.0,0.0,high,N,scenario inactive,inactive scenario,0.842068,0.823151,6e-06,slowdown_vulnerable,수요 둔화와 침체/디플레이션 압력이 커지는 방어적 장세입니다. 주식 beta와 신용위험을 보수적으로 봅니다.
DIA,DIA,equity_etf,stagflation_reinflation_energy_shock,Stagflation / Reinflation / Energy Shock,물가·에너지 재상승장,us_global,0.294572,6e-06,0.842068,positive,0.294572,low,72.540929,rolling_beta,v3,1,1261,1261,2,market,pass,N,,2026-06-09,0,0.0,0.0,high,N,scenario inactive,inactive scenario,0.093499,,6e-06,stagflation_vulnerable,성장 부담이 있는데 유가·원자재·인플레이션 압력이 다시 커지는 장세입니다. 에너지/원자재 수혜와 장기채 부담을 함께 봅니다.
DIA,DIA,equity_etf,soft_landing_goldilocks,Soft Landing / Goldilocks,우호적 위험선호장,us_global,0.842068,6e-06,0.823151,positive,0.842068,high,65.4571,rolling_beta,v3,1,1261,1261,3,market,pass,N,,2026-06-09,0,0.0,0.0,high,N,non-adverse scenario,inactive scenario,0.842068,0.823151,6e-06,risk_on_participation,우호적 위험선호장 참여 민감도
DIS,DIS,us_stock,usd_strength_krw_weakness,USD Strength / KRW Weakness,달러강세/원화약세장,fx_krw,-0.101332,0.001696,0.002062,negative,0.101332,low,70.962151,rolling_beta,v3,1,1110,1110,4,market,pass,N,,2026-06-09,1,0.975204,0.975204,high,Y,trade-gated adverse scenario with medium/high evidence,active market context,0.549221,0.002062,0.001696,krw_weakness_hedge,달러가 강하고 원화가 약해져 KRW 기준 투자자의 환율 리스크가 커지는 장세입니다. 한국 자산과 USD 노출의 역할을 분리해 봅니다.
DIS,DIS,us_stock,china_trade_fragmentation_shock,China / Trade Fragmentation Shock,중국·무역분절 충격장,china_asia,0.056523,0.001696,0.002062,positive,0.056523,low,65.435166,rolling_beta,v3,1,1110,1110,5,market,pass,N,,2026-06-09,1,0.963122,0.963122,high,Y,trade-gated adverse scenario with medium/high evidence,active market context,-4.9e-05,0.002062,0.001696,china_asia_shock_vulnerable,중국 경기·무역갈등·공급망 충격이 한국/아시아와 반도체 자산에 번지는 장세입니다. 한국 반도체 factor와 원화 약세를 함께 확인합니다.
DIS,DIS,us_stock,acute_global_stress_liquidity_crunch,Acute Global Stress / Liquidity Crunch,급성 리스크오프/유동성 경색장,us_global,0.170729,0.001696,1.049994,positive,0.170729,low,76.127067,rolling_beta,v3,1,1261,1261,3,market,pass,N,,2026-06-09,1,0.942163,0.942163,high,Y,trade-gated adverse scenario with medium/high evidence,active market context,0.994674,1.049994,0.001696,liquidity_stress_vulnerable,변동성이 튀고 위험자산이 동반 약세를 보이는 단기 스트레스 장세입니다. 상관관계 상승과 유동성 악화를 우선 점검합니다.
DIS,DIS,us_stock,higher_for_longer_long_rate_shock,Higher-for-Longer / Long-Rate Shock,장기금리 부담장,us_global,0.897071,0.001696,1.049994,positive,0.897071,high,62.128209,rolling_beta,v3,1,1261,1261,3,market,pass,N,,2026-06-09,1,0.908767,0.908767,high,Y,trade-gated adverse scenario with medium/high evidence,active market context,0.994674,1.049994,0.001696,rate_sensitive,장기금리와 달러 강세 부담이 채권·성장주·신용자산을 압박하는 장세입니다. 고밸류 성장주와 반도체 factor 민감도를 점검합니다.
DIS,DIS,us_stock,semiconductor_ai_cycle_shock,Semiconductor / AI Cycle Shock,AI·반도체 사이클 충격장,korea_semiconductor,0.033252,0.001696,0.429087,neutral,0.033252,low,43.672,rolling_beta,v3,1,1110,1110,6,market,pass,N,,2026-06-09,1,0.377914,0.0,medium,N,context only: WATCH state,context only: WATCH state,0.358695,0.429087,0.001696,semiconductor_ai_shock_vulnerable,"AI capex 기대와 반도체 모멘텀이 꺾이면서 미국 성장주와 한국 반도체 대형주가 동시에 압박받는 장세입니다. SOXX, AI leader basket, 한국 반도체 basket의 동반 약세와 원화 압력을 함께 봅니다."
DIS,DIS,us_stock,korea_domestic_financial_stress,Korea Domestic Financial Stress,한국 내수 금융스트레스장,korea_market,-0.460029,0.001696,0.002062,negative,0.460029,medium,61.630274,rolling_beta,v3,1,1110,1110,5,seed,pass,Y,,2026-06-09,1,0.401006,0.0,medium,N,context only: source_quality=seed,context only: source_quality=seed,-4.9e-05,0.002062,0.001696,korea_financial_stress_hedge,"가계부채, 부동산 PF, 비은행권, 금융주와 건설주 스트레스가 한국 자산 전반으로 번지는 장세입니다. 금융/건설 basket, 신용 spread, 단기자금 spread, 원화 약세를 함께 점검합니다."
DIS,DIS,us_stock,geopolitical_escalation_supply_shock,Geopolitical Escalation / Supply Shock,지정학 확전·공급충격장,geopolitical,0.00935,0.001696,0.994674,neutral,0.00935,low,65.604388,rolling_beta,v3,1,1110,1110,3,manual,pass,Y,,2026-06-09,1,0.398559,0.0,medium,N,context only: source_quality=manual,context only: source_quality=manual,0.117702,,0.001696,geopolitical_supply_shock_vulnerable,"전쟁, 제재, 해상로 차질, 대만·중동·한반도 긴장처럼 유가·금·방산·변동성이 동시에 움직이는 이벤트성 충격 장세입니다. 뉴스 overlay는 가격 신호를 보강하는 용도로만 해석합니다."
DIS,DIS,us_stock,slowdown_recession_deflation_risk,Slowdown / Recession / Deflation Risk,경기둔화/침체 우려장,us_global,0.237161,0.001696,1.049994,positive,0.237161,low,72.589407,rolling_beta,v3,1,1261,1261,3,market,pass,N,,2026-06-09,0,0.0,0.0,high,N,scenario inactive,inactive scenario,0.994674,1.049994,0.001696,slowdown_vulnerable,수요 둔화와 침체/디플레이션 압력이 커지는 방어적 장세입니다. 주식 beta와 신용위험을 보수적으로 봅니다.
DIS,DIS,us_stock,stagflation_reinflation_energy_shock,Stagflation / Reinflation / Energy Shock,물가·에너지 재상승장,us_global,0.505724,0.001696,0.994674,positive,0.505724,medium,72.540929,rolling_beta,v3,1,1261,1261,2,market,pass,N,,2026-06-09,0,0.0,0.0,high,N,scenario inactive,inactive scenario,0.117702,,0.001696,stagflation_vulnerable,성장 부담이 있는데 유가·원자재·인플레이션 압력이 다시 커지는 장세입니다. 에너지/원자재 수혜와 장기채 부담을 함께 봅니다.
DIS,DIS,us_stock,soft_landing_goldilocks,Soft Landing / Goldilocks,우호적 위험선호장,us_global,0.994674,0.001696,1.049994,positive,0.994674,high,65.4571,rolling_beta,v3,1,1261,1261,3,market,pass,N,,2026-06-09,0,0.0,0.0,high,N,non-adverse scenario,inactive scenario,0.994674,1.049994,0.001696,risk_on_participation,우호적 위험선호장 참여 민감도
EDV,EDV,bond_etf,usd_strength_krw_weakness,USD Strength / KRW Weakness,달러강세/원화약세장,fx_krw,-0.298386,-0.001076,0.0,negative,0.298386,low,70.962151,rolling_beta,v3,1,1110,1110,4,market,pass,N,,2026-06-09,1,0.975204,0.975204,high,Y,trade-gated adverse scenario with medium/high evidence,active market context,0.723514,-0.132915,-0.001076,krw_weakness_hedge,달러가 강하고 원화가 약해져 KRW 기준 투자자의 환율 리스크가 커지는 장세입니다. 한국 자산과 USD 노출의 역할을 분리해 봅니다.
EDV,EDV,bond_etf,china_trade_fragmentation_shock,China / Trade Fragmentation Shock,중국·무역분절 충격장,china_asia,-0.031808,-0.001076,0.0,neutral,0.031808,low,65.435166,rolling_beta,v3,1,1110,1110,5,market,pass,N,,2026-06-09,1,0.963122,0.963122,high,Y,trade-gated adverse scenario with medium/high evidence,active market context,-0.101101,-0.132915,-0.001076,china_asia_shock_hedge,중국 경기·무역갈등·공급망 충격이 한국/아시아와 반도체 자산에 번지는 장세입니다. 한국 반도체 factor와 원화 약세를 함께 확인합니다.
EDV,EDV,bond_etf,acute_global_stress_liquidity_crunch,Acute Global Stress / Liquidity Crunch,급성 리스크오프/유동성 경색장,us_global,-0.138027,-0.001076,0.10368,negative,0.138027,low,76.127067,rolling_beta,v3,1,1261,1261,3,market,pass,N,,2026-06-09,1,0.942163,0.942163,high,Y,trade-gated adverse scenario with medium/high evidence,active market context,0.206456,0.10368,-0.001076,liquidity_stress_defense,변동성이 튀고 위험자산이 동반 약세를 보이는 단기 스트레스 장세입니다. 상관관계 상승과 유동성 악화를 우선 점검합니다.
EDV,EDV,bond_etf,higher_for_longer_long_rate_shock,Higher-for-Longer / Long-Rate Shock,장기금리 부담장,us_global,0.463551,-0.001076,0.10368,positive,0.463551,medium,62.128209,rolling_beta,v3,1,1261,1261,3,market,pass,N,,2026-06-09,1,0.908767,0.908767,high,Y,trade-gated adverse scenario with medium/high evidence,active market context,0.206456,0.10368,-0.001076,rate_sensitive,장기금리와 달러 강세 부담이 채권·성장주·신용자산을 압박하는 장세입니다. 고밸류 성장주와 반도체 factor 민감도를 점검합니다.
EDV,EDV,bond_etf,semiconductor_ai_cycle_shock,Semiconductor / AI Cycle Shock,AI·반도체 사이클 충격장,korea_semiconductor,-0.255002,-0.001076,0.0,negative,0.255002,low,43.672,rolling_beta,v3,1,1110,1110,6,market,pass,N,,2026-06-09,1,0.377914,0.0,medium,N,context only: WATCH state,context only: WATCH state,0.03398,-0.006121,-0.001076,semiconductor_ai_shock_hedge,"AI capex 기대와 반도체 모멘텀이 꺾이면서 미국 성장주와 한국 반도체 대형주가 동시에 압박받는 장세입니다. SOXX, AI leader basket, 한국 반도체 basket의 동반 약세와 원화 압력을 함께 봅니다."
EDV,EDV,bond_etf,korea_domestic_financial_stress,Korea Domestic Financial Stress,한국 내수 금융스트레스장,korea_market,-0.364572,-0.001076,0.0,negative,0.364572,medium,61.630274,rolling_beta,v3,1,1110,1110,5,seed,pass,Y,,2026-06-09,1,0.401006,0.0,medium,N,context only: source_quality=seed,context only: source_quality=seed,-0.101101,-0.132915,-0.001076,korea_financial_stress_hedge,"가계부채, 부동산 PF, 비은행권, 금융주와 건설주 스트레스가 한국 자산 전반으로 번지는 장세입니다. 금융/건설 basket, 신용 spread, 단기자금 spread, 원화 약세를 함께 점검합니다."
EDV,EDV,bond_etf,geopolitical_escalation_supply_shock,Geopolitical Escalation / Supply Shock,지정학 확전·공급충격장,geopolitical,-0.174083,-0.001076,0.206456,negative,0.174083,low,65.604388,rolling_beta,v3,1,1110,1110,3,manual,pass,Y,,2026-06-09,1,0.398559,0.0,medium,N,context only: source_quality=manual,context only: source_quality=manual,-0.039535,,-0.001076,geopolitical_supply_shock_hedge,"전쟁, 제재, 해상로 차질, 대만·중동·한반도 긴장처럼 유가·금·방산·변동성이 동시에 움직이는 이벤트성 충격 장세입니다. 뉴스 overlay는 가격 신호를 보강하는 용도로만 해석합니다."
EDV,EDV,bond_etf,slowdown_recession_deflation_risk,Slowdown / Recession / Deflation Risk,경기둔화/침체 우려장,us_global,-0.178142,-0.001076,0.10368,negative,0.178142,low,72.589407,rolling_beta,v3,1,1261,1261,3,market,pass,N,,2026-06-09,0,0.0,0.0,high,N,scenario inactive,inactive scenario,0.206456,0.10368,-0.001076,slowdown_defense,수요 둔화와 침체/디플레이션 압력이 커지는 방어적 장세입니다. 주식 beta와 신용위험을 보수적으로 봅니다.
EDV,EDV,bond_etf,stagflation_reinflation_energy_shock,Stagflation / Reinflation / Energy Shock,물가·에너지 재상승장,us_global,0.299161,-0.001076,0.206456,positive,0.299161,low,72.540929,rolling_beta,v3,1,1261,1261,2,market,pass,N,,2026-06-09,0,0.0,0.0,high,N,scenario inactive,inactive scenario,-0.039535,,-0.001076,stagflation_vulnerable,성장 부담이 있는데 유가·원자재·인플레이션 압력이 다시 커지는 장세입니다. 에너지/원자재 수혜와 장기채 부담을 함께 봅니다.
EDV,EDV,bond_etf,soft_landing_goldilocks,Soft Landing / Goldilocks,우호적 위험선호장,us_global,0.206456,-0.001076,0.10368,positive,0.206456,low,65.4571,rolling_beta,v3,1,1261,1261,3,market,pass,N,,2026-06-09,0,0.0,0.0,high,N,non-adverse scenario,inactive scenario,0.206456,0.10368,-0.001076,risk_on_participation,우호적 위험선호장 참여 민감도
EEM,EEM,equity_etf,usd_strength_krw_weakness,USD Strength / KRW Weakness,달러강세/원화약세장,fx_krw,-0.165394,-0.000696,0.066302,negative,0.165394,low,70.962151,rolling_beta,v3,1,1110,1110,4,market,pass,N,,2026-06-09,1,0.975204,0.975204,high,Y,trade-gated adverse scenario with medium/high evidence,active market context,0.461684,0.066302,-0.000696,krw_weakness_hedge,달러가 강하고 원화가 약해져 KRW 기준 투자자의 환율 리스크가 커지는 장세입니다. 한국 자산과 USD 노출의 역할을 분리해 봅니다.
EEM,EEM,equity_etf,china_trade_fragmentation_shock,China / Trade Fragmentation Shock,중국·무역분절 충격장,china_asia,0.065096,-0.000696,0.066302,positive,0.065096,low,65.435166,rolling_beta,v3,1,1110,1110,5,market,pass,N,,2026-06-09,1,0.963122,0.963122,high,Y,trade-gated adverse scenario with medium/high evidence,active market context,0.110689,0.066302,-0.000696,china_asia_shock_vulnerable,중국 경기·무역갈등·공급망 충격이 한국/아시아와 반도체 자산에 번지는 장세입니다. 한국 반도체 factor와 원화 약세를 함께 확인합니다.
EEM,EEM,equity_etf,acute_global_stress_liquidity_crunch,Acute Global Stress / Liquidity Crunch,급성 리스크오프/유동성 경색장,us_global,0.437473,-0.000696,0.762746,positive,0.437473,medium,76.127067,rolling_beta,v3,1,1261,1261,3,market,pass,N,,2026-06-09,1,0.942163,0.942163,high,Y,trade-gated adverse scenario with medium/high evidence,active market context,0.738423,0.762746,-0.000696,liquidity_stress_vulnerable,변동성이 튀고 위험자산이 동반 약세를 보이는 단기 스트레스 장세입니다. 상관관계 상승과 유동성 악화를 우선 점검합니다.
EEM,EEM,equity_etf,higher_for_longer_long_rate_shock,Higher-for-Longer / Long-Rate Shock,장기금리 부담장,us_global,0.306133,-0.000696,0.762746,positive,0.306133,medium,62.128209,rolling_beta,v3,1,1261,1261,3,market,pass,N,,2026-06-09,1,0.908767,0.908767,high,Y,trade-gated adverse scenario with medium/high evidence,active market context,0.738423,0.762746,-0.000696,rate_sensitive,장기금리와 달러 강세 부담이 채권·성장주·신용자산을 압박하는 장세입니다. 고밸류 성장주와 반도체 factor 민감도를 점검합니다.
EEM,EEM,equity_etf,semiconductor_ai_cycle_shock,Semiconductor / AI Cycle Shock,AI·반도체 사이클 충격장,korea_semiconductor,0.285316,-0.000696,0.371722,positive,0.285316,low,43.672,rolling_beta,v3,1,1110,1110,6,market,pass,N,,2026-06-09,1,0.377914,0.0,medium,N,context only: WATCH state,context only: WATCH state,0.362438,0.371722,-0.000696,semiconductor_ai_shock_vulnerable,"AI capex 기대와 반도체 모멘텀이 꺾이면서 미국 성장주와 한국 반도체 대형주가 동시에 압박받는 장세입니다. SOXX, AI leader basket, 한국 반도체 basket의 동반 약세와 원화 압력을 함께 봅니다."
EEM,EEM,equity_etf,korea_domestic_financial_stress,Korea Domestic Financial Stress,한국 내수 금융스트레스장,korea_market,-0.070453,-0.000696,0.066302,negative,0.070453,low,61.630274,rolling_beta,v3,1,1110,1110,5,seed,pass,Y,,2026-06-09,1,0.401006,0.0,medium,N,context only: source_quality=seed,context only: source_quality=seed,0.110689,0.066302,-0.000696,korea_financial_stress_hedge,"가계부채, 부동산 PF, 비은행권, 금융주와 건설주 스트레스가 한국 자산 전반으로 번지는 장세입니다. 금융/건설 basket, 신용 spread, 단기자금 spread, 원화 약세를 함께 점검합니다."
EEM,EEM,equity_etf,geopolitical_escalation_supply_shock,Geopolitical Escalation / Supply Shock,지정학 확전·공급충격장,geopolitical,-0.149765,-0.000696,0.738423,negative,0.149765,low,65.604388,rolling_beta,v3,1,1110,1110,3,manual,pass,Y,,2026-06-09,1,0.398559,0.0,medium,N,context only: source_quality=manual,context only: source_quality=manual,0.069927,,-0.000696,geopolitical_supply_shock_hedge,"전쟁, 제재, 해상로 차질, 대만·중동·한반도 긴장처럼 유가·금·방산·변동성이 동시에 움직이는 이벤트성 충격 장세입니다. 뉴스 overlay는 가격 신호를 보강하는 용도로만 해석합니다."
EEM,EEM,equity_etf,slowdown_recession_deflation_risk,Slowdown / Recession / Deflation Risk,경기둔화/침체 우려장,us_global,0.50435,-0.000696,0.762746,positive,0.50435,medium,72.589407,rolling_beta,v3,1,1261,1261,3,market,pass,N,,2026-06-09,0,0.0,0.0,high,N,scenario inactive,inactive scenario,0.738423,0.762746,-0.000696,slowdown_vulnerable,수요 둔화와 침체/디플레이션 압력이 커지는 방어적 장세입니다. 주식 beta와 신용위험을 보수적으로 봅니다.
EEM,EEM,equity_etf,stagflation_reinflation_energy_shock,Stagflation / Reinflation / Energy Shock,물가·에너지 재상승장,us_global,-0.174141,-0.000696,0.738423,negative,0.174141,low,72.540929,rolling_beta,v3,1,1261,1261,2,market,pass,N,,2026-06-09,0,0.0,0.0,high,N,scenario inactive,inactive scenario,0.069927,,-0.000696,inflation_hedge,성장 부담이 있는데 유가·원자재·인플레이션 압력이 다시 커지는 장세입니다. 에너지/원자재 수혜와 장기채 부담을 함께 봅니다.
EEM,EEM,equity_etf,soft_landing_goldilocks,Soft Landing / Goldilocks,우호적 위험선호장,us_global,0.738423,-0.000696,0.762746,positive,0.738423,medium,65.4571,rolling_beta,v3,1,1261,1261,3,market,pass,N,,2026-06-09,0,0.0,0.0,high,N,non-adverse scenario,inactive scenario,0.738423,0.762746,-0.000696,risk_on_participation,우호적 위험선호장 참여 민감도
EFA,EFA,equity_etf,usd_strength_krw_weakness,USD Strength / KRW Weakness,달러강세/원화약세장,fx_krw,-0.155812,0.000963,0.00199,negative,0.155812,low,70.962151,rolling_beta,v3,1,1110,1110,4,market,pass,N,,2026-06-09,1,0.975204,0.975204,high,Y,trade-gated adverse scenario with medium/high evidence,active market context,0.566723,0.00199,0.000963,krw_weakness_hedge,달러가 강하고 원화가 약해져 KRW 기준 투자자의 환율 리스크가 커지는 장세입니다. 한국 자산과 USD 노출의 역할을 분리해 봅니다.
EFA,EFA,equity_etf,china_trade_fragmentation_shock,China / Trade Fragmentation Shock,중국·무역분절 충격장,china_asia,0.031271,0.000963,0.00199,neutral,0.031271,low,65.435166,rolling_beta,v3,1,1110,1110,5,market,pass,N,,2026-06-09,1,0.963122,0.963122,high,Y,trade-gated adverse scenario with medium/high evidence,active market context,-0.00346,0.00199,0.000963,china_asia_shock_vulnerable,중국 경기·무역갈등·공급망 충격이 한국/아시아와 반도체 자산에 번지는 장세입니다. 한국 반도체 factor와 원화 약세를 함께 확인합니다.
EFA,EFA,equity_etf,acute_global_stress_liquidity_crunch,Acute Global Stress / Liquidity Crunch,급성 리스크오프/유동성 경색장,us_global,0.38387,0.000963,0.755618,positive,0.38387,medium,76.127067,rolling_beta,v3,1,1261,1261,3,market,pass,N,,2026-06-09,1,0.942163,0.942163,high,Y,trade-gated adverse scenario with medium/high evidence,active market context,0.776752,0.755618,0.000963,liquidity_stress_vulnerable,변동성이 튀고 위험자산이 동반 약세를 보이는 단기 스트레스 장세입니다. 상관관계 상승과 유동성 악화를 우선 점검합니다.
EFA,EFA,equity_etf,higher_for_longer_long_rate_shock,Higher-for-Longer / Long-Rate Shock,장기금리 부담장,us_global,0.327214,0.000963,0.755618,positive,0.327214,medium,62.128209,rolling_beta,v3,1,1261,1261,3,market,pass,N,,2026-06-09,1,0.908767,0.908767,high,Y,trade-gated adverse scenario with medium/high evidence,active market context,0.776752,0.755618,0.000963,rate_sensitive,장기금리와 달러 강세 부담이 채권·성장주·신용자산을 압박하는 장세입니다. 고밸류 성장주와 반도체 factor 민감도를 점검합니다.
EFA,EFA,equity_etf,semiconductor_ai_cycle_shock,Semiconductor / AI Cycle Shock,AI·반도체 사이클 충격장,korea_semiconductor,0.221661,0.000963,0.31099,positive,0.221661,low,43.672,rolling_beta,v3,1,1110,1110,6,market,pass,N,,2026-06-09,1,0.377914,0.0,medium,N,context only: WATCH state,context only: WATCH state,0.314675,0.31099,0.000963,semiconductor_ai_shock_vulnerable,"AI capex 기대와 반도체 모멘텀이 꺾이면서 미국 성장주와 한국 반도체 대형주가 동시에 압박받는 장세입니다. SOXX, AI leader basket, 한국 반도체 basket의 동반 약세와 원화 압력을 함께 봅니다."
EFA,EFA,equity_etf,korea_domestic_financial_stress,Korea Domestic Financial Stress,한국 내수 금융스트레스장,korea_market,-0.139071,0.000963,0.00199,negative,0.139071,low,61.630274,rolling_beta,v3,1,1110,1110,5,seed,pass,Y,,2026-06-09,1,0.401006,0.0,medium,N,context only: source_quality=seed,context only: source_quality=seed,-0.00346,0.00199,0.000963,korea_financial_stress_hedge,"가계부채, 부동산 PF, 비은행권, 금융주와 건설주 스트레스가 한국 자산 전반으로 번지는 장세입니다. 금융/건설 basket, 신용 spread, 단기자금 spread, 원화 약세를 함께 점검합니다."
EFA,EFA,equity_etf,geopolitical_escalation_supply_shock,Geopolitical Escalation / Supply Shock,지정학 확전·공급충격장,geopolitical,-0.157778,0.000963,0.776752,negative,0.157778,low,65.604388,rolling_beta,v3,1,1110,1110,3,manual,pass,Y,,2026-06-09,1,0.398559,0.0,medium,N,context only: source_quality=manual,context only: source_quality=manual,0.07487,,0.000963,geopolitical_supply_shock_hedge,"전쟁, 제재, 해상로 차질, 대만·중동·한반도 긴장처럼 유가·금·방산·변동성이 동시에 움직이는 이벤트성 충격 장세입니다. 뉴스 overlay는 가격 신호를 보강하는 용도로만 해석합니다."
EFA,EFA,equity_etf,slowdown_recession_deflation_risk,Slowdown / Recession / Deflation Risk,경기둔화/침체 우려장,us_global,0.471177,0.000963,0.755618,positive,0.471177,medium,72.589407,rolling_beta,v3,1,1261,1261,3,market,pass,N,,2026-06-09,0,0.0,0.0,high,N,scenario inactive,inactive scenario,0.776752,0.755618,0.000963,slowdown_vulnerable,수요 둔화와 침체/디플레이션 압력이 커지는 방어적 장세입니다. 주식 beta와 신용위험을 보수적으로 봅니다.
EFA,EFA,equity_etf,stagflation_reinflation_energy_shock,Stagflation / Reinflation / Energy Shock,물가·에너지 재상승장,us_global,-0.202217,0.000963,0.776752,negative,0.202217,low,72.540929,rolling_beta,v3,1,1261,1261,2,market,pass,N,,2026-06-09,0,0.0,0.0,high,N,scenario inactive,inactive scenario,0.07487,,0.000963,inflation_hedge,성장 부담이 있는데 유가·원자재·인플레이션 압력이 다시 커지는 장세입니다. 에너지/원자재 수혜와 장기채 부담을 함께 봅니다.
EFA,EFA,equity_etf,soft_landing_goldilocks,Soft Landing / Goldilocks,우호적 위험선호장,us_global,0.776752,0.000963,0.755618,positive,0.776752,high,65.4571,rolling_beta,v3,1,1261,1261,3,market,pass,N,,2026-06-09,0,0.0,0.0,high,N,non-adverse scenario,inactive scenario,0.776752,0.755618,0.000963,risk_on_participation,우호적 위험선호장 참여 민감도
ETH-USD,ETH-USD,crypto,usd_strength_krw_weakness,USD Strength / KRW Weakness,달러강세/원화약세장,fx_krw,0.013863,0.005965,0.110414,neutral,0.013863,low,70.962151,rolling_beta,v3,1,1224,1224,4,market,pass,N,,2026-06-09,1,0.975204,0.975204,high,Y,trade-gated adverse scenario with medium/high evidence,active market context,0.47018,0.110414,0.005965,krw_weakness_vulnerable,crypto는 방어자산이 아니라 조건부 diversifier로만 해석
ETH-USD,ETH-USD,crypto,china_trade_fragmentation_shock,China / Trade Fragmentation Shock,중국·무역분절 충격장,china_asia,0.041969,0.005965,0.110414,neutral,0.041969,low,65.435166,rolling_beta,v3,1,1224,1224,5,market,pass,N,,2026-06-09,1,0.963122,0.963122,high,Y,trade-gated adverse scenario with medium/high evidence,active market context,0.028478,0.110414,0.005965,china_asia_shock_vulnerable,crypto는 방어자산이 아니라 조건부 diversifier로만 해석
ETH-USD,ETH-USD,crypto,acute_global_stress_liquidity_crunch,Acute Global Stress / Liquidity Crunch,급성 리스크오프/유동성 경색장,us_global,0.232081,0.005965,1.405439,positive,0.232081,low,76.127067,rolling_beta,v3,1,1260,1260,3,market,pass,N,,2026-06-09,1,0.942163,0.942163,high,Y,trade-gated adverse scenario with medium/high evidence,active market context,1.455454,1.405439,0.005965,liquidity_stress_vulnerable,crypto는 방어자산이 아니라 조건부 diversifier로만 해석
ETH-USD,ETH-USD,crypto,higher_for_longer_long_rate_shock,Higher-for-Longer / Long-Rate Shock,장기금리 부담장,us_global,1.1505,0.005965,1.405439,positive,1.1505,high,62.128209,rolling_beta,v3,1,1260,1260,3,market,pass,N,,2026-06-09,1,0.908767,0.908767,high,Y,trade-gated adverse scenario with medium/high evidence,active market context,1.455454,1.405439,0.005965,rate_sensitive,crypto는 방어자산이 아니라 조건부 diversifier로만 해석
ETH-USD,ETH-USD,crypto,semiconductor_ai_cycle_shock,Semiconductor / AI Cycle Shock,AI·반도체 사이클 충격장,korea_semiconductor,0.266622,0.005965,0.789789,positive,0.266622,low,43.672,rolling_beta,v3,1,1224,1224,6,market,pass,N,,2026-06-09,1,0.377914,0.0,medium,N,context only: WATCH state,context only: WATCH state,0.697516,0.789789,0.005965,semiconductor_ai_shock_vulnerable,crypto는 방어자산이 아니라 조건부 diversifier로만 해석
ETH-USD,ETH-USD,crypto,korea_domestic_financial_stress,Korea Domestic Financial Stress,한국 내수 금융스트레스장,korea_market,-0.568627,0.005965,0.110414,negative,0.568627,medium,61.630274,rolling_beta,v3,1,1224,1224,5,seed,pass,Y,,2026-06-09,1,0.401006,0.0,medium,N,context only: source_quality=seed,context only: source_quality=seed,0.028478,0.110414,0.005965,korea_financial_stress_hedge,crypto는 방어자산이 아니라 조건부 diversifier로만 해석
ETH-USD,ETH-USD,crypto,geopolitical_escalation_supply_shock,Geopolitical Escalation / Supply Shock,지정학 확전·공급충격장,geopolitical,0.038948,0.005965,1.455454,neutral,0.038948,low,65.604388,rolling_beta,v3,1,1260,1260,3,manual,pass,Y,,2026-06-09,1,0.398559,0.0,medium,N,context only: source_quality=manual,context only: source_quality=manual,0.106311,,0.005965,geopolitical_supply_shock_vulnerable,crypto는 방어자산이 아니라 조건부 diversifier로만 해석
ETH-USD,ETH-USD,crypto,slowdown_recession_deflation_risk,Slowdown / Recession / Deflation Risk,경기둔화/침체 우려장,us_global,0.387275,0.005965,1.405439,positive,0.387275,medium,72.589407,rolling_beta,v3,1,1260,1260,3,market,pass,N,,2026-06-09,0,0.0,0.0,high,N,scenario inactive,inactive scenario,1.455454,1.405439,0.005965,slowdown_vulnerable,crypto는 방어자산이 아니라 조건부 diversifier로만 해석
ETH-USD,ETH-USD,crypto,stagflation_reinflation_energy_shock,Stagflation / Reinflation / Energy Shock,물가·에너지 재상승장,us_global,0.560287,0.005965,1.455454,positive,0.560287,medium,72.540929,rolling_beta,v3,1,1260,1260,2,market,pass,N,,2026-06-09,0,0.0,0.0,high,N,scenario inactive,inactive scenario,0.106311,,0.005965,stagflation_vulnerable,crypto는 방어자산이 아니라 조건부 diversifier로만 해석
ETH-USD,ETH-USD,crypto,soft_landing_goldilocks,Soft Landing / Goldilocks,우호적 위험선호장,us_global,1.455454,0.005965,1.405439,positive,1.455454,high,65.4571,rolling_beta,v3,1,1260,1260,3,market,pass,N,,2026-06-09,0,0.0,0.0,high,N,non-adverse scenario,inactive scenario,1.455454,1.405439,0.005965,risk_on_participation,우호적 위험선호장 참여 민감도; crypto는 방어자산이 아니라 조건부 diversifier로만 해석
EWJ,EWJ,equity_etf,usd_strength_krw_weakness,USD Strength / KRW Weakness,달러강세/원화약세장,fx_krw,-0.155686,0.001111,0.002536,negative,0.155686,low,70.962151,rolling_beta,v3,1,1110,1110,4,market,pass,N,,2026-06-09,1,0.975204,0.975204,high,Y,trade-gated adverse scenario with medium/high evidence,active market context,0.641738,0.002536,0.001111,krw_weakness_hedge,달러가 강하고 원화가 약해져 KRW 기준 투자자의 환율 리스크가 커지는 장세입니다. 한국 자산과 USD 노출의 역할을 분리해 봅니다.
EWJ,EWJ,equity_etf,china_trade_fragmentation_shock,China / Trade Fragmentation Shock,중국·무역분절 충격장,china_asia,0.027684,0.001111,0.002536,neutral,0.027684,low,65.435166,rolling_beta,v3,1,1110,1110,5,market,pass,N,,2026-06-09,1,0.963122,0.963122,high,Y,trade-gated adverse scenario with medium/high evidence,active market context,0.005328,0.002536,0.001111,china_asia_shock_vulnerable,중국 경기·무역갈등·공급망 충격이 한국/아시아와 반도체 자산에 번지는 장세입니다. 한국 반도체 factor와 원화 약세를 함께 확인합니다.
EWJ,EWJ,equity_etf,acute_global_stress_liquidity_crunch,Acute Global Stress / Liquidity Crunch,급성 리스크오프/유동성 경색장,us_global,0.377511,0.001111,0.829017,positive,0.377511,medium,76.127067,rolling_beta,v3,1,1261,1261,3,market,pass,N,,2026-06-09,1,0.942163,0.942163,high,Y,trade-gated adverse scenario with medium/high evidence,active market context,0.777257,0.829017,0.001111,liquidity_stress_vulnerable,변동성이 튀고 위험자산이 동반 약세를 보이는 단기 스트레스 장세입니다. 상관관계 상승과 유동성 악화를 우선 점검합니다.
EWJ,EWJ,equity_etf,higher_for_longer_long_rate_shock,Higher-for-Longer / Long-Rate Shock,장기금리 부담장,us_global,0.327491,0.001111,0.829017,positive,0.327491,medium,62.128209,rolling_beta,v3,1,1261,1261,3,market,pass,N,,2026-06-09,1,0.908767,0.908767,high,Y,trade-gated adverse scenario with medium/high evidence,active market context,0.777257,0.829017,0.001111,rate_sensitive,장기금리와 달러 강세 부담이 채권·성장주·신용자산을 압박하는 장세입니다. 고밸류 성장주와 반도체 factor 민감도를 점검합니다.
EWJ,EWJ,equity_etf,semiconductor_ai_cycle_shock,Semiconductor / AI Cycle Shock,AI·반도체 사이클 충격장,korea_semiconductor,0.243505,0.001111,0.375863,positive,0.243505,low,43.672,rolling_beta,v3,1,1110,1110,6,market,pass,N,,2026-06-09,1,0.377914,0.0,medium,N,context only: WATCH state,context only: WATCH state,0.330302,0.375863,0.001111,semiconductor_ai_shock_vulnerable,"AI capex 기대와 반도체 모멘텀이 꺾이면서 미국 성장주와 한국 반도체 대형주가 동시에 압박받는 장세입니다. SOXX, AI leader basket, 한국 반도체 basket의 동반 약세와 원화 압력을 함께 봅니다."
EWJ,EWJ,equity_etf,korea_domestic_financial_stress,Korea Domestic Financial Stress,한국 내수 금융스트레스장,korea_market,-0.129642,0.001111,0.002536,negative,0.129642,low,61.630274,rolling_beta,v3,1,1110,1110,5,seed,pass,Y,,2026-06-09,1,0.401006,0.0,medium,N,context only: source_quality=seed,context only: source_quality=seed,0.005328,0.002536,0.001111,korea_financial_stress_hedge,"가계부채, 부동산 PF, 비은행권, 금융주와 건설주 스트레스가 한국 자산 전반으로 번지는 장세입니다. 금융/건설 basket, 신용 spread, 단기자금 spread, 원화 약세를 함께 점검합니다."
EWJ,EWJ,equity_etf,geopolitical_escalation_supply_shock,Geopolitical Escalation / Supply Shock,지정학 확전·공급충격장,geopolitical,-0.152214,0.001111,0.777257,negative,0.152214,low,65.604388,rolling_beta,v3,1,1110,1110,3,manual,pass,Y,,2026-06-09,1,0.398559,0.0,medium,N,context only: source_quality=manual,context only: source_quality=manual,0.079293,,0.001111,geopolitical_supply_shock_hedge,"전쟁, 제재, 해상로 차질, 대만·중동·한반도 긴장처럼 유가·금·방산·변동성이 동시에 움직이는 이벤트성 충격 장세입니다. 뉴스 overlay는 가격 신호를 보강하는 용도로만 해석합니다."
EWJ,EWJ,equity_etf,slowdown_recession_deflation_risk,Slowdown / Recession / Deflation Risk,경기둔화/침체 우려장,us_global,0.466343,0.001111,0.829017,positive,0.466343,medium,72.589407,rolling_beta,v3,1,1261,1261,3,market,pass,N,,2026-06-09,0,0.0,0.0,high,N,scenario inactive,inactive scenario,0.777257,0.829017,0.001111,slowdown_vulnerable,수요 둔화와 침체/디플레이션 압력이 커지는 방어적 장세입니다. 주식 beta와 신용위험을 보수적으로 봅니다.
EWJ,EWJ,equity_etf,stagflation_reinflation_energy_shock,Stagflation / Reinflation / Energy Shock,물가·에너지 재상승장,us_global,-0.205727,0.001111,0.777257,negative,0.205727,low,72.540929,rolling_beta,v3,1,1261,1261,2,market,pass,N,,2026-06-09,0,0.0,0.0,high,N,scenario inactive,inactive scenario,0.079293,,0.001111,inflation_hedge,성장 부담이 있는데 유가·원자재·인플레이션 압력이 다시 커지는 장세입니다. 에너지/원자재 수혜와 장기채 부담을 함께 봅니다.
EWJ,EWJ,equity_etf,soft_landing_goldilocks,Soft Landing / Goldilocks,우호적 위험선호장,us_global,0.777257,0.001111,0.829017,positive,0.777257,high,65.4571,rolling_beta,v3,1,1261,1261,3,market,pass,N,,2026-06-09,0,0.0,0.0,high,N,non-adverse scenario,inactive scenario,0.777257,0.829017,0.001111,risk_on_participation,우호적 위험선호장 참여 민감도
EWY,EWY,equity_etf,usd_strength_krw_weakness,USD Strength / KRW Weakness,달러강세/원화약세장,fx_krw,0.388371,-0.003854,0.185544,positive,0.388371,medium,70.962151,rolling_beta,v3,1,1110,1110,4,market,pass,N,,2026-06-09,1,0.975204,0.975204,high,Y,trade-gated adverse scenario with medium/high evidence,active market context,0.151779,0.185544,-0.003854,krw_weakness_vulnerable,달러가 강하고 원화가 약해져 KRW 기준 투자자의 환율 리스크가 커지는 장세입니다. 한국 자산과 USD 노출의 역할을 분리해 봅니다.
EWY,EWY,equity_etf,china_trade_fragmentation_shock,China / Trade Fragmentation Shock,중국·무역분절 충격장,china_asia,0.87705,-0.003854,0.185544,positive,0.87705,high,65.435166,rolling_beta,v3,1,1110,1110,5,market,pass,N,,2026-06-09,1,0.963122,0.963122,high,Y,trade-gated adverse scenario with medium/high evidence,active market context,0.379796,0.185544,-0.003854,china_asia_shock_vulnerable,중국 경기·무역갈등·공급망 충격이 한국/아시아와 반도체 자산에 번지는 장세입니다. 한국 반도체 factor와 원화 약세를 함께 확인합니다.
EWY,EWY,equity_etf,acute_global_stress_liquidity_crunch,Acute Global Stress / Liquidity Crunch,급성 리스크오프/유동성 경색장,us_global,0.67024,-0.003854,0.914987,positive,0.67024,medium,76.127067,rolling_beta,v3,1,1261,1261,3,market,pass,N,,2026-06-09,1,0.942163,0.942163,high,Y,trade-gated adverse scenario with medium/high evidence,active market context,0.903281,0.914987,-0.003854,liquidity_stress_vulnerable,변동성이 튀고 위험자산이 동반 약세를 보이는 단기 스트레스 장세입니다. 상관관계 상승과 유동성 악화를 우선 점검합니다.
EWY,EWY,equity_etf,higher_for_longer_long_rate_shock,Higher-for-Longer / Long-Rate Shock,장기금리 부담장,us_global,0.646805,-0.003854,0.914987,positive,0.646805,medium,62.128209,rolling_beta,v3,1,1261,1261,3,market,pass,N,,2026-06-09,1,0.908767,0.908767,high,Y,trade-gated adverse scenario with medium/high evidence,active market context,0.903281,0.914987,-0.003854,rate_sensitive,장기금리와 달러 강세 부담이 채권·성장주·신용자산을 압박하는 장세입니다. 고밸류 성장주와 반도체 factor 민감도를 점검합니다.
EWY,EWY,equity_etf,semiconductor_ai_cycle_shock,Semiconductor / AI Cycle Shock,AI·반도체 사이클 충격장,korea_semiconductor,0.869337,-0.003854,0.522968,positive,0.869337,high,43.672,rolling_beta,v3,1,1110,1110,6,market,pass,N,,2026-06-09,1,0.377914,0.0,medium,N,context only: WATCH state,context only: WATCH state,0.506891,0.522968,-0.003854,semiconductor_ai_shock_vulnerable,"AI capex 기대와 반도체 모멘텀이 꺾이면서 미국 성장주와 한국 반도체 대형주가 동시에 압박받는 장세입니다. SOXX, AI leader basket, 한국 반도체 basket의 동반 약세와 원화 압력을 함께 봅니다."
EWY,EWY,equity_etf,korea_domestic_financial_stress,Korea Domestic Financial Stress,한국 내수 금융스트레스장,korea_market,0.579694,-0.003854,0.185544,positive,0.579694,medium,61.630274,rolling_beta,v3,1,1110,1110,5,seed,pass,Y,,2026-06-09,1,0.401006,0.0,medium,N,context only: source_quality=seed,context only: source_quality=seed,0.379796,0.185544,-0.003854,korea_financial_stress_vulnerable,"가계부채, 부동산 PF, 비은행권, 금융주와 건설주 스트레스가 한국 자산 전반으로 번지는 장세입니다. 금융/건설 basket, 신용 spread, 단기자금 spread, 원화 약세를 함께 점검합니다."
EWY,EWY,equity_etf,geopolitical_escalation_supply_shock,Geopolitical Escalation / Supply Shock,지정학 확전·공급충격장,geopolitical,0.48595,-0.003854,0.903281,positive,0.48595,medium,65.604388,rolling_beta,v3,1,1110,1110,3,manual,pass,Y,,2026-06-09,1,0.398559,0.0,medium,N,context only: source_quality=manual,context only: source_quality=manual,0.020886,,-0.003854,geopolitical_supply_shock_vulnerable,"전쟁, 제재, 해상로 차질, 대만·중동·한반도 긴장처럼 유가·금·방산·변동성이 동시에 움직이는 이벤트성 충격 장세입니다. 뉴스 overlay는 가격 신호를 보강하는 용도로만 해석합니다."
EWY,EWY,equity_etf,slowdown_recession_deflation_risk,Slowdown / Recession / Deflation Risk,경기둔화/침체 우려장,us_global,0.722027,-0.003854,0.914987,positive,0.722027,medium,72.589407,rolling_beta,v3,1,1261,1261,3,market,pass,N,,2026-06-09,0,0.0,0.0,high,N,scenario inactive,inactive scenario,0.903281,0.914987,-0.003854,slowdown_vulnerable,수요 둔화와 침체/디플레이션 압력이 커지는 방어적 장세입니다. 주식 beta와 신용위험을 보수적으로 봅니다.
EWY,EWY,equity_etf,stagflation_reinflation_energy_shock,Stagflation / Reinflation / Energy Shock,물가·에너지 재상승장,us_global,0.412502,-0.003854,0.903281,positive,0.412502,medium,72.540929,rolling_beta,v3,1,1261,1261,2,market,pass,N,,2026-06-09,0,0.0,0.0,high,N,scenario inactive,inactive scenario,0.020886,,-0.003854,stagflation_vulnerable,성장 부담이 있는데 유가·원자재·인플레이션 압력이 다시 커지는 장세입니다. 에너지/원자재 수혜와 장기채 부담을 함께 봅니다.
EWY,EWY,equity_etf,soft_landing_goldilocks,Soft Landing / Goldilocks,우호적 위험선호장,us_global,0.903281,-0.003854,0.914987,positive,0.903281,high,65.4571,rolling_beta,v3,1,1261,1261,3,market,pass,N,,2026-06-09,0,0.0,0.0,high,N,non-adverse scenario,inactive scenario,0.903281,0.914987,-0.003854,risk_on_participation,우호적 위험선호장 참여 민감도
FXE,FXE,fx_etf,usd_strength_krw_weakness,USD Strength / KRW Weakness,달러강세/원화약세장,fx_krw,-0.289239,-0.000168,0.0,negative,0.289239,low,70.962151,rolling_beta,v3,1,1110,1110,4,market,pass,N,,2026-06-09,1,0.975204,0.975204,high,Y,trade-gated adverse scenario with medium/high evidence,active market context,0.760246,-0.101389,-0.000168,krw_weakness_hedge,달러가 강하고 원화가 약해져 KRW 기준 투자자의 환율 리스크가 커지는 장세입니다. 한국 자산과 USD 노출의 역할을 분리해 봅니다.
FXE,FXE,fx_etf,china_trade_fragmentation_shock,China / Trade Fragmentation Shock,중국·무역분절 충격장,china_asia,-0.047187,-0.000168,0.0,neutral,0.047187,low,65.435166,rolling_beta,v3,1,1110,1110,5,market,pass,N,,2026-06-09,1,0.963122,0.963122,high,Y,trade-gated adverse scenario with medium/high evidence,active market context,-0.065066,-0.101389,-0.000168,china_asia_shock_hedge,중국 경기·무역갈등·공급망 충격이 한국/아시아와 반도체 자산에 번지는 장세입니다. 한국 반도체 factor와 원화 약세를 함께 확인합니다.
FXE,FXE,fx_etf,acute_global_stress_liquidity_crunch,Acute Global Stress / Liquidity Crunch,급성 리스크오프/유동성 경색장,us_global,0.141241,-0.000168,0.196974,positive,0.141241,low,76.127067,rolling_beta,v3,1,1261,1261,3,market,pass,N,,2026-06-09,1,0.942163,0.942163,high,Y,trade-gated adverse scenario with medium/high evidence,active market context,0.243043,0.196974,-0.000168,liquidity_stress_vulnerable,변동성이 튀고 위험자산이 동반 약세를 보이는 단기 스트레스 장세입니다. 상관관계 상승과 유동성 악화를 우선 점검합니다.
FXE,FXE,fx_etf,higher_for_longer_long_rate_shock,Higher-for-Longer / Long-Rate Shock,장기금리 부담장,us_global,0.033674,-0.000168,0.196974,neutral,0.033674,low,62.128209,rolling_beta,v3,1,1261,1261,3,market,pass,N,,2026-06-09,1,0.908767,0.908767,high,Y,trade-gated adverse scenario with medium/high evidence,active market context,0.243043,0.196974,-0.000168,rate_sensitive,장기금리와 달러 강세 부담이 채권·성장주·신용자산을 압박하는 장세입니다. 고밸류 성장주와 반도체 factor 민감도를 점검합니다.
FXE,FXE,fx_etf,semiconductor_ai_cycle_shock,Semiconductor / AI Cycle Shock,AI·반도체 사이클 충격장,korea_semiconductor,0.008826,-0.000168,0.027327,neutral,0.008826,low,43.672,rolling_beta,v3,1,1110,1110,6,market,pass,N,,2026-06-09,1,0.377914,0.0,medium,N,context only: WATCH state,context only: WATCH state,0.06502,0.027327,-0.000168,semiconductor_ai_shock_vulnerable,"AI capex 기대와 반도체 모멘텀이 꺾이면서 미국 성장주와 한국 반도체 대형주가 동시에 압박받는 장세입니다. SOXX, AI leader basket, 한국 반도체 basket의 동반 약세와 원화 압력을 함께 봅니다."
FXE,FXE,fx_etf,korea_domestic_financial_stress,Korea Domestic Financial Stress,한국 내수 금융스트레스장,korea_market,-0.081759,-0.000168,0.0,negative,0.081759,low,61.630274,rolling_beta,v3,1,1110,1110,5,seed,pass,Y,,2026-06-09,1,0.401006,0.0,medium,N,context only: source_quality=seed,context only: source_quality=seed,-0.065066,-0.101389,-0.000168,korea_financial_stress_hedge,"가계부채, 부동산 PF, 비은행권, 금융주와 건설주 스트레스가 한국 자산 전반으로 번지는 장세입니다. 금융/건설 basket, 신용 spread, 단기자금 spread, 원화 약세를 함께 점검합니다."
FXE,FXE,fx_etf,geopolitical_escalation_supply_shock,Geopolitical Escalation / Supply Shock,지정학 확전·공급충격장,geopolitical,0.069772,-0.000168,0.243043,positive,0.069772,low,65.604388,rolling_beta,v3,1,1110,1110,3,manual,pass,Y,,2026-06-09,1,0.398559,0.0,medium,N,context only: source_quality=manual,context only: source_quality=manual,0.058122,,-0.000168,geopolitical_supply_shock_vulnerable,"전쟁, 제재, 해상로 차질, 대만·중동·한반도 긴장처럼 유가·금·방산·변동성이 동시에 움직이는 이벤트성 충격 장세입니다. 뉴스 overlay는 가격 신호를 보강하는 용도로만 해석합니다."
FXE,FXE,fx_etf,slowdown_recession_deflation_risk,Slowdown / Recession / Deflation Risk,경기둔화/침체 우려장,us_global,0.163864,-0.000168,0.196974,positive,0.163864,low,72.589407,rolling_beta,v3,1,1261,1261,3,market,pass,N,,2026-06-09,0,0.0,0.0,high,N,scenario inactive,inactive scenario,0.243043,0.196974,-0.000168,slowdown_vulnerable,수요 둔화와 침체/디플레이션 압력이 커지는 방어적 장세입니다. 주식 beta와 신용위험을 보수적으로 봅니다.
FXE,FXE,fx_etf,stagflation_reinflation_energy_shock,Stagflation / Reinflation / Energy Shock,물가·에너지 재상승장,us_global,0.089269,-0.000168,0.243043,positive,0.089269,low,72.540929,rolling_beta,v3,1,1261,1261,2,market,pass,N,,2026-06-09,0,0.0,0.0,high,N,scenario inactive,inactive scenario,0.058122,,-0.000168,stagflation_vulnerable,성장 부담이 있는데 유가·원자재·인플레이션 압력이 다시 커지는 장세입니다. 에너지/원자재 수혜와 장기채 부담을 함께 봅니다.
FXE,FXE,fx_etf,soft_landing_goldilocks,Soft Landing / Goldilocks,우호적 위험선호장,us_global,0.243043,-0.000168,0.196974,positive,0.243043,low,65.4571,rolling_beta,v3,1,1261,1261,3,market,pass,N,,2026-06-09,0,0.0,0.0,high,N,non-adverse scenario,inactive scenario,0.243043,0.196974,-0.000168,risk_on_participation,우호적 위험선호장 참여 민감도
FXF,FXF,fx_etf,usd_strength_krw_weakness,USD Strength / KRW Weakness,달러강세/원화약세장,fx_krw,-0.304569,-0.000507,0.0,negative,0.304569,medium,70.962151,rolling_beta,v3,1,1110,1110,4,market,pass,N,,2026-06-09,1,0.975204,0.975204,high,Y,trade-gated adverse scenario with medium/high evidence,active market context,0.768226,-0.109028,-0.000507,krw_weakness_hedge,달러가 강하고 원화가 약해져 KRW 기준 투자자의 환율 리스크가 커지는 장세입니다. 한국 자산과 USD 노출의 역할을 분리해 봅니다.
FXF,FXF,fx_etf,china_trade_fragmentation_shock,China / Trade Fragmentation Shock,중국·무역분절 충격장,china_asia,-0.050972,-0.000507,0.0,negative,0.050972,low,65.435166,rolling_beta,v3,1,1110,1110,5,market,pass,N,,2026-06-09,1,0.963122,0.963122,high,Y,trade-gated adverse scenario with medium/high evidence,active market context,-0.068576,-0.109028,-0.000507,china_asia_shock_hedge,중국 경기·무역갈등·공급망 충격이 한국/아시아와 반도체 자산에 번지는 장세입니다. 한국 반도체 factor와 원화 약세를 함께 확인합니다.
FXF,FXF,fx_etf,acute_global_stress_liquidity_crunch,Acute Global Stress / Liquidity Crunch,급성 리스크오프/유동성 경색장,us_global,0.122778,-0.000507,0.110314,positive,0.122778,low,76.127067,rolling_beta,v3,1,1261,1261,3,market,pass,N,,2026-06-09,1,0.942163,0.942163,high,Y,trade-gated adverse scenario with medium/high evidence,active market context,0.181724,0.110314,-0.000507,liquidity_stress_vulnerable,변동성이 튀고 위험자산이 동반 약세를 보이는 단기 스트레스 장세입니다. 상관관계 상승과 유동성 악화를 우선 점검합니다.
FXF,FXF,fx_etf,higher_for_longer_long_rate_shock,Higher-for-Longer / Long-Rate Shock,장기금리 부담장,us_global,-5.2e-05,-0.000507,0.110314,neutral,5.2e-05,low,62.128209,rolling_beta,v3,1,1261,1261,3,market,pass,N,,2026-06-09,1,0.908767,0.908767,high,Y,trade-gated adverse scenario with medium/high evidence,active market context,0.181724,0.110314,-0.000507,rate_shock_hedge,장기금리와 달러 강세 부담이 채권·성장주·신용자산을 압박하는 장세입니다. 고밸류 성장주와 반도체 factor 민감도를 점검합니다.
FXF,FXF,fx_etf,semiconductor_ai_cycle_shock,Semiconductor / AI Cycle Shock,AI·반도체 사이클 충격장,korea_semiconductor,-0.013318,-0.000507,0.0,neutral,0.013318,low,43.672,rolling_beta,v3,1,1110,1110,6,market,pass,N,,2026-06-09,1,0.377914,0.0,medium,N,context only: WATCH state,context only: WATCH state,0.033591,-0.014763,-0.000507,semiconductor_ai_shock_hedge,"AI capex 기대와 반도체 모멘텀이 꺾이면서 미국 성장주와 한국 반도체 대형주가 동시에 압박받는 장세입니다. SOXX, AI leader basket, 한국 반도체 basket의 동반 약세와 원화 압력을 함께 봅니다."
FXF,FXF,fx_etf,korea_domestic_financial_stress,Korea Domestic Financial Stress,한국 내수 금융스트레스장,korea_market,-0.072083,-0.000507,0.0,negative,0.072083,low,61.630274,rolling_beta,v3,1,1110,1110,5,seed,pass,Y,,2026-06-09,1,0.401006,0.0,medium,N,context only: source_quality=seed,context only: source_quality=seed,-0.068576,-0.109028,-0.000507,korea_financial_stress_hedge,"가계부채, 부동산 PF, 비은행권, 금융주와 건설주 스트레스가 한국 자산 전반으로 번지는 장세입니다. 금융/건설 basket, 신용 spread, 단기자금 spread, 원화 약세를 함께 점검합니다."
FXF,FXF,fx_etf,geopolitical_escalation_supply_shock,Geopolitical Escalation / Supply Shock,지정학 확전·공급충격장,geopolitical,0.055963,-0.000507,0.181724,positive,0.055963,low,65.604388,rolling_beta,v3,1,1110,1110,3,manual,pass,Y,,2026-06-09,1,0.398559,0.0,medium,N,context only: source_quality=manual,context only: source_quality=manual,0.054374,,-0.000507,geopolitical_supply_shock_vulnerable,"전쟁, 제재, 해상로 차질, 대만·중동·한반도 긴장처럼 유가·금·방산·변동성이 동시에 움직이는 이벤트성 충격 장세입니다. 뉴스 overlay는 가격 신호를 보강하는 용도로만 해석합니다."
FXF,FXF,fx_etf,slowdown_recession_deflation_risk,Slowdown / Recession / Deflation Risk,경기둔화/침체 우려장,us_global,0.135877,-0.000507,0.110314,positive,0.135877,low,72.589407,rolling_beta,v3,1,1261,1261,3,market,pass,N,,2026-06-09,0,0.0,0.0,high,N,scenario inactive,inactive scenario,0.181724,0.110314,-0.000507,slowdown_vulnerable,수요 둔화와 침체/디플레이션 압력이 커지는 방어적 장세입니다. 주식 beta와 신용위험을 보수적으로 봅니다.
FXF,FXF,fx_etf,stagflation_reinflation_energy_shock,Stagflation / Reinflation / Energy Shock,물가·에너지 재상승장,us_global,0.076287,-0.000507,0.181724,positive,0.076287,low,72.540929,rolling_beta,v3,1,1261,1261,2,market,pass,N,,2026-06-09,0,0.0,0.0,high,N,scenario inactive,inactive scenario,0.054374,,-0.000507,stagflation_vulnerable,성장 부담이 있는데 유가·원자재·인플레이션 압력이 다시 커지는 장세입니다. 에너지/원자재 수혜와 장기채 부담을 함께 봅니다.
FXF,FXF,fx_etf,soft_landing_goldilocks,Soft Landing / Goldilocks,우호적 위험선호장,us_global,0.181724,-0.000507,0.110314,positive,0.181724,low,65.4571,rolling_beta,v3,1,1261,1261,3,market,pass,N,,2026-06-09,0,0.0,0.0,high,N,non-adverse scenario,inactive scenario,0.181724,0.110314,-0.000507,neutral_or_defensive,우호적 위험선호장 참여 민감도
FXI,FXI,equity_etf,usd_strength_krw_weakness,USD Strength / KRW Weakness,달러강세/원화약세장,fx_krw,-0.17142,-0.000525,0.03278,negative,0.17142,low,70.962151,rolling_beta,v3,1,1110,1110,4,market,pass,N,,2026-06-09,1,0.975204,0.975204,high,Y,trade-gated adverse scenario with medium/high evidence,active market context,0.434582,0.03278,-0.000525,krw_weakness_hedge,달러가 강하고 원화가 약해져 KRW 기준 투자자의 환율 리스크가 커지는 장세입니다. 한국 자산과 USD 노출의 역할을 분리해 봅니다.
FXI,FXI,equity_etf,china_trade_fragmentation_shock,China / Trade Fragmentation Shock,중국·무역분절 충격장,china_asia,0.055989,-0.000525,0.03278,positive,0.055989,low,65.435166,rolling_beta,v3,1,1110,1110,5,market,pass,N,,2026-06-09,1,0.963122,0.963122,high,Y,trade-gated adverse scenario with medium/high evidence,active market context,0.073966,0.03278,-0.000525,china_asia_shock_vulnerable,중국 경기·무역갈등·공급망 충격이 한국/아시아와 반도체 자산에 번지는 장세입니다. 한국 반도체 factor와 원화 약세를 함께 확인합니다.
FXI,FXI,equity_etf,acute_global_stress_liquidity_crunch,Acute Global Stress / Liquidity Crunch,급성 리스크오프/유동성 경색장,us_global,0.4165,-0.000525,0.64044,positive,0.4165,medium,76.127067,rolling_beta,v3,1,1261,1261,3,market,pass,N,,2026-06-09,1,0.942163,0.942163,high,Y,trade-gated adverse scenario with medium/high evidence,active market context,0.71432,0.64044,-0.000525,liquidity_stress_vulnerable,변동성이 튀고 위험자산이 동반 약세를 보이는 단기 스트레스 장세입니다. 상관관계 상승과 유동성 악화를 우선 점검합니다.
FXI,FXI,equity_etf,higher_for_longer_long_rate_shock,Higher-for-Longer / Long-Rate Shock,장기금리 부담장,us_global,0.292876,-0.000525,0.64044,positive,0.292876,low,62.128209,rolling_beta,v3,1,1261,1261,3,market,pass,N,,2026-06-09,1,0.908767,0.908767,high,Y,trade-gated adverse scenario with medium/high evidence,active market context,0.71432,0.64044,-0.000525,rate_sensitive,장기금리와 달러 강세 부담이 채권·성장주·신용자산을 압박하는 장세입니다. 고밸류 성장주와 반도체 factor 민감도를 점검합니다.
FXI,FXI,equity_etf,semiconductor_ai_cycle_shock,Semiconductor / AI Cycle Shock,AI·반도체 사이클 충격장,korea_semiconductor,0.253807,-0.000525,0.298837,positive,0.253807,low,43.672,rolling_beta,v3,1,1110,1110,6,market,pass,N,,2026-06-09,1,0.377914,0.0,medium,N,context only: WATCH state,context only: WATCH state,0.353303,0.298837,-0.000525,semiconductor_ai_shock_vulnerable,"AI capex 기대와 반도체 모멘텀이 꺾이면서 미국 성장주와 한국 반도체 대형주가 동시에 압박받는 장세입니다. SOXX, AI leader basket, 한국 반도체 basket의 동반 약세와 원화 압력을 함께 봅니다."
FXI,FXI,equity_etf,korea_domestic_financial_stress,Korea Domestic Financial Stress,한국 내수 금융스트레스장,korea_market,-0.090008,-0.000525,0.03278,negative,0.090008,low,61.630274,rolling_beta,v3,1,1110,1110,5,seed,pass,Y,,2026-06-09,1,0.401006,0.0,medium,N,context only: source_quality=seed,context only: source_quality=seed,0.073966,0.03278,-0.000525,korea_financial_stress_hedge,"가계부채, 부동산 PF, 비은행권, 금융주와 건설주 스트레스가 한국 자산 전반으로 번지는 장세입니다. 금융/건설 basket, 신용 spread, 단기자금 spread, 원화 약세를 함께 점검합니다."
FXI,FXI,equity_etf,geopolitical_escalation_supply_shock,Geopolitical Escalation / Supply Shock,지정학 확전·공급충격장,geopolitical,-0.171206,-0.000525,0.71432,negative,0.171206,low,65.604388,rolling_beta,v3,1,1110,1110,3,manual,pass,Y,,2026-06-09,1,0.398559,0.0,medium,N,context only: source_quality=manual,context only: source_quality=manual,0.11002,,-0.000525,geopolitical_supply_shock_hedge,"전쟁, 제재, 해상로 차질, 대만·중동·한반도 긴장처럼 유가·금·방산·변동성이 동시에 움직이는 이벤트성 충격 장세입니다. 뉴스 overlay는 가격 신호를 보강하는 용도로만 해석합니다."
FXI,FXI,equity_etf,slowdown_recession_deflation_risk,Slowdown / Recession / Deflation Risk,경기둔화/침체 우려장,us_global,0.482682,-0.000525,0.64044,positive,0.482682,medium,72.589407,rolling_beta,v3,1,1261,1261,3,market,pass,N,,2026-06-09,0,0.0,0.0,high,N,scenario inactive,inactive scenario,0.71432,0.64044,-0.000525,slowdown_vulnerable,수요 둔화와 침체/디플레이션 압력이 커지는 방어적 장세입니다. 주식 beta와 신용위험을 보수적으로 봅니다.
FXI,FXI,equity_etf,stagflation_reinflation_energy_shock,Stagflation / Reinflation / Energy Shock,물가·에너지 재상승장,us_global,-0.186863,-0.000525,0.71432,negative,0.186863,low,72.540929,rolling_beta,v3,1,1261,1261,2,market,pass,N,,2026-06-09,0,0.0,0.0,high,N,scenario inactive,inactive scenario,0.11002,,-0.000525,inflation_hedge,성장 부담이 있는데 유가·원자재·인플레이션 압력이 다시 커지는 장세입니다. 에너지/원자재 수혜와 장기채 부담을 함께 봅니다.
FXI,FXI,equity_etf,soft_landing_goldilocks,Soft Landing / Goldilocks,우호적 위험선호장,us_global,0.71432,-0.000525,0.64044,positive,0.71432,medium,65.4571,rolling_beta,v3,1,1261,1261,3,market,pass,N,,2026-06-09,0,0.0,0.0,high,N,non-adverse scenario,inactive scenario,0.71432,0.64044,-0.000525,risk_on_participation,우호적 위험선호장 참여 민감도
FXY,FXY,fx_etf,usd_strength_krw_weakness,USD Strength / KRW Weakness,달러강세/원화약세장,fx_krw,-0.318644,-0.000727,0.0,negative,0.318644,medium,70.962151,rolling_beta,v3,1,1110,1110,4,market,pass,N,,2026-06-09,1,0.975204,0.975204,high,Y,trade-gated adverse scenario with medium/high evidence,active market context,0.752164,-0.134992,-0.000727,krw_weakness_hedge,달러가 강하고 원화가 약해져 KRW 기준 투자자의 환율 리스크가 커지는 장세입니다. 한국 자산과 USD 노출의 역할을 분리해 봅니다.
FXY,FXY,fx_etf,china_trade_fragmentation_shock,China / Trade Fragmentation Shock,중국·무역분절 충격장,china_asia,-0.056732,-0.000727,0.0,negative,0.056732,low,65.435166,rolling_beta,v3,1,1110,1110,5,market,pass,N,,2026-06-09,1,0.963122,0.963122,high,Y,trade-gated adverse scenario with medium/high evidence,active market context,-0.096051,-0.134992,-0.000727,china_asia_shock_hedge,중국 경기·무역갈등·공급망 충격이 한국/아시아와 반도체 자산에 번지는 장세입니다. 한국 반도체 factor와 원화 약세를 함께 확인합니다.
FXY,FXY,fx_etf,acute_global_stress_liquidity_crunch,Acute Global Stress / Liquidity Crunch,급성 리스크오프/유동성 경색장,us_global,0.101713,-0.000727,0.076842,positive,0.101713,low,76.127067,rolling_beta,v3,1,1261,1261,3,market,pass,N,,2026-06-09,1,0.942163,0.942163,high,Y,trade-gated adverse scenario with medium/high evidence,active market context,0.125424,0.076842,-0.000727,liquidity_stress_vulnerable,변동성이 튀고 위험자산이 동반 약세를 보이는 단기 스트레스 장세입니다. 상관관계 상승과 유동성 악화를 우선 점검합니다.
FXY,FXY,fx_etf,higher_for_longer_long_rate_shock,Higher-for-Longer / Long-Rate Shock,장기금리 부담장,us_global,-0.031017,-0.000727,0.076842,neutral,0.031017,low,62.128209,rolling_beta,v3,1,1261,1261,3,market,pass,N,,2026-06-09,1,0.908767,0.908767,high,Y,trade-gated adverse scenario with medium/high evidence,active market context,0.125424,0.076842,-0.000727,rate_shock_hedge,장기금리와 달러 강세 부담이 채권·성장주·신용자산을 압박하는 장세입니다. 고밸류 성장주와 반도체 factor 민감도를 점검합니다.
FXY,FXY,fx_etf,semiconductor_ai_cycle_shock,Semiconductor / AI Cycle Shock,AI·반도체 사이클 충격장,korea_semiconductor,-0.025501,-0.000727,0.0,neutral,0.025501,low,43.672,rolling_beta,v3,1,1110,1110,6,market,pass,N,,2026-06-09,1,0.377914,0.0,medium,N,context only: WATCH state,context only: WATCH state,0.011709,-0.043036,-0.000727,semiconductor_ai_shock_hedge,"AI capex 기대와 반도체 모멘텀이 꺾이면서 미국 성장주와 한국 반도체 대형주가 동시에 압박받는 장세입니다. SOXX, AI leader basket, 한국 반도체 basket의 동반 약세와 원화 압력을 함께 봅니다."
FXY,FXY,fx_etf,korea_domestic_financial_stress,Korea Domestic Financial Stress,한국 내수 금융스트레스장,korea_market,-0.068992,-0.000727,0.0,negative,0.068992,low,61.630274,rolling_beta,v3,1,1110,1110,5,seed,pass,Y,,2026-06-09,1,0.401006,0.0,medium,N,context only: source_quality=seed,context only: source_quality=seed,-0.096051,-0.134992,-0.000727,korea_financial_stress_hedge,"가계부채, 부동산 PF, 비은행권, 금융주와 건설주 스트레스가 한국 자산 전반으로 번지는 장세입니다. 금융/건설 basket, 신용 spread, 단기자금 spread, 원화 약세를 함께 점검합니다."
FXY,FXY,fx_etf,geopolitical_escalation_supply_shock,Geopolitical Escalation / Supply Shock,지정학 확전·공급충격장,geopolitical,0.040317,-0.000727,0.125424,neutral,0.040317,low,65.604388,rolling_beta,v3,1,1110,1110,3,manual,pass,Y,,2026-06-09,1,0.398559,0.0,medium,N,context only: source_quality=manual,context only: source_quality=manual,0.043002,,-0.000727,geopolitical_supply_shock_vulnerable,"전쟁, 제재, 해상로 차질, 대만·중동·한반도 긴장처럼 유가·금·방산·변동성이 동시에 움직이는 이벤트성 충격 장세입니다. 뉴스 overlay는 가격 신호를 보강하는 용도로만 해석합니다."
FXY,FXY,fx_etf,slowdown_recession_deflation_risk,Slowdown / Recession / Deflation Risk,경기둔화/침체 우려장,us_global,0.106982,-0.000727,0.076842,positive,0.106982,low,72.589407,rolling_beta,v3,1,1261,1261,3,market,pass,N,,2026-06-09,0,0.0,0.0,high,N,scenario inactive,inactive scenario,0.125424,0.076842,-0.000727,slowdown_vulnerable,수요 둔화와 침체/디플레이션 압력이 커지는 방어적 장세입니다. 주식 beta와 신용위험을 보수적으로 봅니다.
FXY,FXY,fx_etf,stagflation_reinflation_energy_shock,Stagflation / Reinflation / Energy Shock,물가·에너지 재상승장,us_global,0.062081,-0.000727,0.125424,positive,0.062081,low,72.540929,rolling_beta,v3,1,1261,1261,2,market,pass,N,,2026-06-09,0,0.0,0.0,high,N,scenario inactive,inactive scenario,0.043002,,-0.000727,stagflation_vulnerable,성장 부담이 있는데 유가·원자재·인플레이션 압력이 다시 커지는 장세입니다. 에너지/원자재 수혜와 장기채 부담을 함께 봅니다.
FXY,FXY,fx_etf,soft_landing_goldilocks,Soft Landing / Goldilocks,우호적 위험선호장,us_global,0.125424,-0.000727,0.076842,positive,0.125424,low,65.4571,rolling_beta,v3,1,1261,1261,3,market,pass,N,,2026-06-09,0,0.0,0.0,high,N,non-adverse scenario,inactive scenario,0.125424,0.076842,-0.000727,neutral_or_defensive,우호적 위험선호장 참여 민감도
GLD,GLD,gold_etf,usd_strength_krw_weakness,USD Strength / KRW Weakness,달러강세/원화약세장,fx_krw,-0.290017,0.000237,0.068618,negative,0.290017,low,70.962151,rolling_beta,v3,1,1110,1110,4,market,pass,N,,2026-06-09,1,0.975204,0.975204,high,Y,trade-gated adverse scenario with medium/high evidence,active market context,0.627023,0.068618,0.000237,krw_weakness_hedge,달러가 강하고 원화가 약해져 KRW 기준 투자자의 환율 리스크가 커지는 장세입니다. 한국 자산과 USD 노출의 역할을 분리해 봅니다.
GLD,GLD,gold_etf,china_trade_fragmentation_shock,China / Trade Fragmentation Shock,중국·무역분절 충격장,china_asia,-0.057937,0.000237,0.068618,negative,0.057937,low,65.435166,rolling_beta,v3,1,1110,1110,5,market,pass,N,,2026-06-09,1,0.963122,0.963122,high,Y,trade-gated adverse scenario with medium/high evidence,active market context,0.011072,0.068618,0.000237,china_asia_shock_hedge,중국 경기·무역갈등·공급망 충격이 한국/아시아와 반도체 자산에 번지는 장세입니다. 한국 반도체 factor와 원화 약세를 함께 확인합니다.
GLD,GLD,gold_etf,acute_global_stress_liquidity_crunch,Acute Global Stress / Liquidity Crunch,급성 리스크오프/유동성 경색장,us_global,-0.1787,0.000237,0.283711,negative,0.1787,low,76.127067,rolling_beta,v3,1,1261,1261,3,market,pass,N,,2026-06-09,1,0.942163,0.942163,high,Y,trade-gated adverse scenario with medium/high evidence,active market context,0.239933,0.283711,0.000237,liquidity_stress_defense,변동성이 튀고 위험자산이 동반 약세를 보이는 단기 스트레스 장세입니다. 상관관계 상승과 유동성 악화를 우선 점검합니다.
GLD,GLD,gold_etf,higher_for_longer_long_rate_shock,Higher-for-Longer / Long-Rate Shock,장기금리 부담장,us_global,0.031963,0.000237,0.283711,neutral,0.031963,low,62.128209,rolling_beta,v3,1,1261,1261,3,market,pass,N,,2026-06-09,1,0.908767,0.908767,high,Y,trade-gated adverse scenario with medium/high evidence,active market context,0.239933,0.283711,0.000237,rate_sensitive,장기금리와 달러 강세 부담이 채권·성장주·신용자산을 압박하는 장세입니다. 고밸류 성장주와 반도체 factor 민감도를 점검합니다.
GLD,GLD,gold_etf,semiconductor_ai_cycle_shock,Semiconductor / AI Cycle Shock,AI·반도체 사이클 충격장,korea_semiconductor,-0.212308,0.000237,0.108267,negative,0.212308,low,43.672,rolling_beta,v3,1,1110,1110,6,market,pass,N,,2026-06-09,1,0.377914,0.0,medium,N,context only: WATCH state,context only: WATCH state,0.093353,0.108267,0.000237,semiconductor_ai_shock_hedge,"AI capex 기대와 반도체 모멘텀이 꺾이면서 미국 성장주와 한국 반도체 대형주가 동시에 압박받는 장세입니다. SOXX, AI leader basket, 한국 반도체 basket의 동반 약세와 원화 압력을 함께 봅니다."
GLD,GLD,gold_etf,korea_domestic_financial_stress,Korea Domestic Financial Stress,한국 내수 금융스트레스장,korea_market,-0.407245,0.000237,0.068618,negative,0.407245,medium,61.630274,rolling_beta,v3,1,1110,1110,5,seed,pass,Y,,2026-06-09,1,0.401006,0.0,medium,N,context only: source_quality=seed,context only: source_quality=seed,0.011072,0.068618,0.000237,korea_financial_stress_hedge,"가계부채, 부동산 PF, 비은행권, 금융주와 건설주 스트레스가 한국 자산 전반으로 번지는 장세입니다. 금융/건설 basket, 신용 spread, 단기자금 spread, 원화 약세를 함께 점검합니다."
GLD,GLD,gold_etf,geopolitical_escalation_supply_shock,Geopolitical Escalation / Supply Shock,지정학 확전·공급충격장,geopolitical,-0.639516,0.000237,0.239933,negative,0.639516,medium,65.604388,rolling_beta,v3,1,1110,1110,3,manual,pass,Y,,2026-06-09,1,0.398559,0.0,medium,N,context only: source_quality=manual,context only: source_quality=manual,0.116221,,0.000237,geopolitical_supply_shock_hedge,"전쟁, 제재, 해상로 차질, 대만·중동·한반도 긴장처럼 유가·금·방산·변동성이 동시에 움직이는 이벤트성 충격 장세입니다. 뉴스 overlay는 가격 신호를 보강하는 용도로만 해석합니다."
GLD,GLD,gold_etf,slowdown_recession_deflation_risk,Slowdown / Recession / Deflation Risk,경기둔화/침체 우려장,us_global,-0.202337,0.000237,0.283711,negative,0.202337,low,72.589407,rolling_beta,v3,1,1261,1261,3,market,pass,N,,2026-06-09,0,0.0,0.0,high,N,scenario inactive,inactive scenario,0.239933,0.283711,0.000237,slowdown_defense,수요 둔화와 침체/디플레이션 압력이 커지는 방어적 장세입니다. 주식 beta와 신용위험을 보수적으로 봅니다.
GLD,GLD,gold_etf,stagflation_reinflation_energy_shock,Stagflation / Reinflation / Energy Shock,물가·에너지 재상승장,us_global,-0.371948,0.000237,0.239933,negative,0.371948,medium,72.540929,rolling_beta,v3,1,1261,1261,2,market,pass,N,,2026-06-09,0,0.0,0.0,high,N,scenario inactive,inactive scenario,0.116221,,0.000237,inflation_hedge,성장 부담이 있는데 유가·원자재·인플레이션 압력이 다시 커지는 장세입니다. 에너지/원자재 수혜와 장기채 부담을 함께 봅니다.
GLD,GLD,gold_etf,soft_landing_goldilocks,Soft Landing / Goldilocks,우호적 위험선호장,us_global,0.239933,0.000237,0.283711,positive,0.239933,low,65.4571,rolling_beta,v3,1,1261,1261,3,market,pass,N,,2026-06-09,0,0.0,0.0,high,N,non-adverse scenario,inactive scenario,0.239933,0.283711,0.000237,risk_on_participation,우호적 위험선호장 참여 민감도
GOOGL,GOOGL,us_stock,usd_strength_krw_weakness,USD Strength / KRW Weakness,달러강세/원화약세장,fx_krw,-0.057886,0.000337,0.0,negative,0.057886,low,70.962151,rolling_beta,v3,1,1110,1110,4,market,pass,N,,2026-06-09,1,0.975204,0.975204,high,Y,trade-gated adverse scenario with medium/high evidence,active market context,0.513529,-0.028755,0.000337,krw_weakness_hedge,달러가 강하고 원화가 약해져 KRW 기준 투자자의 환율 리스크가 커지는 장세입니다. 한국 자산과 USD 노출의 역할을 분리해 봅니다.
GOOGL,GOOGL,us_stock,china_trade_fragmentation_shock,China / Trade Fragmentation Shock,중국·무역분절 충격장,china_asia,0.12526,0.000337,0.0,positive,0.12526,low,65.435166,rolling_beta,v3,1,1110,1110,5,market,pass,N,,2026-06-09,1,0.963122,0.963122,high,Y,trade-gated adverse scenario with medium/high evidence,active market context,0.023478,-0.028755,0.000337,china_asia_shock_vulnerable,중국 경기·무역갈등·공급망 충격이 한국/아시아와 반도체 자산에 번지는 장세입니다. 한국 반도체 factor와 원화 약세를 함께 확인합니다.
GOOGL,GOOGL,us_stock,acute_global_stress_liquidity_crunch,Acute Global Stress / Liquidity Crunch,급성 리스크오프/유동성 경색장,us_global,0.327475,0.000337,1.104267,positive,0.327475,medium,76.127067,rolling_beta,v3,1,1261,1261,3,market,pass,N,,2026-06-09,1,0.942163,0.942163,high,Y,trade-gated adverse scenario with medium/high evidence,active market context,1.168457,1.104267,0.000337,liquidity_stress_vulnerable,변동성이 튀고 위험자산이 동반 약세를 보이는 단기 스트레스 장세입니다. 상관관계 상승과 유동성 악화를 우선 점검합니다.
GOOGL,GOOGL,us_stock,higher_for_longer_long_rate_shock,Higher-for-Longer / Long-Rate Shock,장기금리 부담장,us_global,0.992651,0.000337,1.104267,positive,0.992651,high,62.128209,rolling_beta,v3,1,1261,1261,3,market,pass,N,,2026-06-09,1,0.908767,0.908767,high,Y,trade-gated adverse scenario with medium/high evidence,active market context,1.168457,1.104267,0.000337,rate_sensitive,장기금리와 달러 강세 부담이 채권·성장주·신용자산을 압박하는 장세입니다. 고밸류 성장주와 반도체 factor 민감도를 점검합니다.
GOOGL,GOOGL,us_stock,semiconductor_ai_cycle_shock,Semiconductor / AI Cycle Shock,AI·반도체 사이클 충격장,korea_semiconductor,0.332984,0.000337,0.493094,positive,0.332984,medium,43.672,rolling_beta,v3,1,1110,1110,6,market,pass,N,,2026-06-09,1,0.377914,0.0,medium,N,context only: WATCH state,context only: WATCH state,0.481789,0.493094,0.000337,semiconductor_ai_shock_vulnerable,"AI capex 기대와 반도체 모멘텀이 꺾이면서 미국 성장주와 한국 반도체 대형주가 동시에 압박받는 장세입니다. SOXX, AI leader basket, 한국 반도체 basket의 동반 약세와 원화 압력을 함께 봅니다."
GOOGL,GOOGL,us_stock,korea_domestic_financial_stress,Korea Domestic Financial Stress,한국 내수 금융스트레스장,korea_market,-0.423185,0.000337,0.0,negative,0.423185,medium,61.630274,rolling_beta,v3,1,1110,1110,5,seed,pass,Y,,2026-06-09,1,0.401006,0.0,medium,N,context only: source_quality=seed,context only: source_quality=seed,0.023478,-0.028755,0.000337,korea_financial_stress_hedge,"가계부채, 부동산 PF, 비은행권, 금융주와 건설주 스트레스가 한국 자산 전반으로 번지는 장세입니다. 금융/건설 basket, 신용 spread, 단기자금 spread, 원화 약세를 함께 점검합니다."
GOOGL,GOOGL,us_stock,geopolitical_escalation_supply_shock,Geopolitical Escalation / Supply Shock,지정학 확전·공급충격장,geopolitical,0.098594,0.000337,1.168457,positive,0.098594,low,65.604388,rolling_beta,v3,1,1110,1110,3,manual,pass,Y,,2026-06-09,1,0.398559,0.0,medium,N,context only: source_quality=manual,context only: source_quality=manual,0.062364,,0.000337,geopolitical_supply_shock_vulnerable,"전쟁, 제재, 해상로 차질, 대만·중동·한반도 긴장처럼 유가·금·방산·변동성이 동시에 움직이는 이벤트성 충격 장세입니다. 뉴스 overlay는 가격 신호를 보강하는 용도로만 해석합니다."
GOOGL,GOOGL,us_stock,slowdown_recession_deflation_risk,Slowdown / Recession / Deflation Risk,경기둔화/침체 우려장,us_global,0.397694,0.000337,1.104267,positive,0.397694,medium,72.589407,rolling_beta,v3,1,1261,1261,3,market,pass,N,,2026-06-09,0,0.0,0.0,high,N,scenario inactive,inactive scenario,1.168457,1.104267,0.000337,slowdown_vulnerable,수요 둔화와 침체/디플레이션 압력이 커지는 방어적 장세입니다. 주식 beta와 신용위험을 보수적으로 봅니다.
GOOGL,GOOGL,us_stock,stagflation_reinflation_energy_shock,Stagflation / Reinflation / Energy Shock,물가·에너지 재상승장,us_global,0.600529,0.000337,1.168457,positive,0.600529,medium,72.540929,rolling_beta,v3,1,1261,1261,2,market,pass,N,,2026-06-09,0,0.0,0.0,high,N,scenario inactive,inactive scenario,0.062364,,0.000337,stagflation_vulnerable,성장 부담이 있는데 유가·원자재·인플레이션 압력이 다시 커지는 장세입니다. 에너지/원자재 수혜와 장기채 부담을 함께 봅니다.
GOOGL,GOOGL,us_stock,soft_landing_goldilocks,Soft Landing / Goldilocks,우호적 위험선호장,us_global,1.168457,0.000337,1.104267,positive,1.168457,high,65.4571,rolling_beta,v3,1,1261,1261,3,market,pass,N,,2026-06-09,0,0.0,0.0,high,N,non-adverse scenario,inactive scenario,1.168457,1.104267,0.000337,risk_on_participation,우호적 위험선호장 참여 민감도
GOVT,GOVT,bond_etf,usd_strength_krw_weakness,USD Strength / KRW Weakness,달러강세/원화약세장,fx_krw,-0.300117,9.7e-05,0.0,negative,0.300117,medium,70.962151,rolling_beta,v3,1,1110,1110,4,market,pass,N,,2026-06-09,1,0.975204,0.975204,high,Y,trade-gated adverse scenario with medium/high evidence,active market context,0.904504,-0.11531,9.7e-05,krw_weakness_hedge,달러가 강하고 원화가 약해져 KRW 기준 투자자의 환율 리스크가 커지는 장세입니다. 한국 자산과 USD 노출의 역할을 분리해 봅니다.
GOVT,GOVT,bond_etf,china_trade_fragmentation_shock,China / Trade Fragmentation Shock,중국·무역분절 충격장,china_asia,-0.062514,9.7e-05,0.0,negative,0.062514,low,65.435166,rolling_beta,v3,1,1110,1110,5,market,pass,N,,2026-06-09,1,0.963122,0.963122,high,Y,trade-gated adverse scenario with medium/high evidence,active market context,-0.087484,-0.11531,9.7e-05,china_asia_shock_hedge,중국 경기·무역갈등·공급망 충격이 한국/아시아와 반도체 자산에 번지는 장세입니다. 한국 반도체 factor와 원화 약세를 함께 확인합니다.
GOVT,GOVT,bond_etf,acute_global_stress_liquidity_crunch,Acute Global Stress / Liquidity Crunch,급성 리스크오프/유동성 경색장,us_global,-0.194614,9.7e-05,0.160804,negative,0.194614,low,76.127067,rolling_beta,v3,1,1261,1261,3,market,pass,N,,2026-06-09,1,0.942163,0.942163,high,Y,trade-gated adverse scenario with medium/high evidence,active market context,0.199533,0.160804,9.7e-05,liquidity_stress_defense,변동성이 튀고 위험자산이 동반 약세를 보이는 단기 스트레스 장세입니다. 상관관계 상승과 유동성 악화를 우선 점검합니다.
GOVT,GOVT,bond_etf,higher_for_longer_long_rate_shock,Higher-for-Longer / Long-Rate Shock,장기금리 부담장,us_global,0.459743,9.7e-05,0.160804,positive,0.459743,medium,62.128209,rolling_beta,v3,1,1261,1261,3,market,pass,N,,2026-06-09,1,0.908767,0.908767,high,Y,trade-gated adverse scenario with medium/high evidence,active market context,0.199533,0.160804,9.7e-05,rate_sensitive,장기금리와 달러 강세 부담이 채권·성장주·신용자산을 압박하는 장세입니다. 고밸류 성장주와 반도체 factor 민감도를 점검합니다.
GOVT,GOVT,bond_etf,semiconductor_ai_cycle_shock,Semiconductor / AI Cycle Shock,AI·반도체 사이클 충격장,korea_semiconductor,-0.266219,9.7e-05,0.007546,negative,0.266219,low,43.672,rolling_beta,v3,1,1110,1110,6,market,pass,N,,2026-06-09,1,0.377914,0.0,medium,N,context only: WATCH state,context only: WATCH state,0.032273,0.007546,9.7e-05,semiconductor_ai_shock_hedge,"AI capex 기대와 반도체 모멘텀이 꺾이면서 미국 성장주와 한국 반도체 대형주가 동시에 압박받는 장세입니다. SOXX, AI leader basket, 한국 반도체 basket의 동반 약세와 원화 압력을 함께 봅니다."
GOVT,GOVT,bond_etf,korea_domestic_financial_stress,Korea Domestic Financial Stress,한국 내수 금융스트레스장,korea_market,-0.366745,9.7e-05,0.0,negative,0.366745,medium,61.630274,rolling_beta,v3,1,1110,1110,5,seed,pass,Y,,2026-06-09,1,0.401006,0.0,medium,N,context only: source_quality=seed,context only: source_quality=seed,-0.087484,-0.11531,9.7e-05,korea_financial_stress_hedge,"가계부채, 부동산 PF, 비은행권, 금융주와 건설주 스트레스가 한국 자산 전반으로 번지는 장세입니다. 금융/건설 basket, 신용 spread, 단기자금 spread, 원화 약세를 함께 점검합니다."
GOVT,GOVT,bond_etf,geopolitical_escalation_supply_shock,Geopolitical Escalation / Supply Shock,지정학 확전·공급충격장,geopolitical,-0.175851,9.7e-05,0.199533,negative,0.175851,low,65.604388,rolling_beta,v3,1,1110,1110,3,manual,pass,Y,,2026-06-09,1,0.398559,0.0,medium,N,context only: source_quality=manual,context only: source_quality=manual,0.043288,,9.7e-05,geopolitical_supply_shock_hedge,"전쟁, 제재, 해상로 차질, 대만·중동·한반도 긴장처럼 유가·금·방산·변동성이 동시에 움직이는 이벤트성 충격 장세입니다. 뉴스 overlay는 가격 신호를 보강하는 용도로만 해석합니다."
GOVT,GOVT,bond_etf,slowdown_recession_deflation_risk,Slowdown / Recession / Deflation Risk,경기둔화/침체 우려장,us_global,-0.223692,9.7e-05,0.160804,negative,0.223692,low,72.589407,rolling_beta,v3,1,1261,1261,3,market,pass,N,,2026-06-09,0,0.0,0.0,high,N,scenario inactive,inactive scenario,0.199533,0.160804,9.7e-05,slowdown_defense,수요 둔화와 침체/디플레이션 압력이 커지는 방어적 장세입니다. 주식 beta와 신용위험을 보수적으로 봅니다.
GOVT,GOVT,bond_etf,stagflation_reinflation_energy_shock,Stagflation / Reinflation / Energy Shock,물가·에너지 재상승장,us_global,0.267416,9.7e-05,0.199533,positive,0.267416,low,72.540929,rolling_beta,v3,1,1261,1261,2,market,pass,N,,2026-06-09,0,0.0,0.0,high,N,scenario inactive,inactive scenario,0.043288,,9.7e-05,stagflation_vulnerable,성장 부담이 있는데 유가·원자재·인플레이션 압력이 다시 커지는 장세입니다. 에너지/원자재 수혜와 장기채 부담을 함께 봅니다.
GOVT,GOVT,bond_etf,soft_landing_goldilocks,Soft Landing / Goldilocks,우호적 위험선호장,us_global,0.199533,9.7e-05,0.160804,positive,0.199533,low,65.4571,rolling_beta,v3,1,1261,1261,3,market,pass,N,,2026-06-09,0,0.0,0.0,high,N,non-adverse scenario,inactive scenario,0.199533,0.160804,9.7e-05,neutral_or_defensive,우호적 위험선호장 참여 민감도
GS,GS,us_stock,usd_strength_krw_weakness,USD Strength / KRW Weakness,달러강세/원화약세장,fx_krw,-0.074093,0.003311,0.005981,negative,0.074093,low,70.962151,rolling_beta,v3,1,1110,1110,4,market,pass,N,,2026-06-09,1,0.975204,0.975204,high,Y,trade-gated adverse scenario with medium/high evidence,active market context,0.569016,0.005981,0.003311,krw_weakness_hedge,달러가 강하고 원화가 약해져 KRW 기준 투자자의 환율 리스크가 커지는 장세입니다. 한국 자산과 USD 노출의 역할을 분리해 봅니다.
GS,GS,us_stock,china_trade_fragmentation_shock,China / Trade Fragmentation Shock,중국·무역분절 충격장,china_asia,0.037955,0.003311,0.005981,neutral,0.037955,low,65.435166,rolling_beta,v3,1,1110,1110,5,market,pass,N,,2026-06-09,1,0.963122,0.963122,high,Y,trade-gated adverse scenario with medium/high evidence,active market context,0.031899,0.005981,0.003311,china_asia_shock_vulnerable,중국 경기·무역갈등·공급망 충격이 한국/아시아와 반도체 자산에 번지는 장세입니다. 한국 반도체 factor와 원화 약세를 함께 확인합니다.
GS,GS,us_stock,acute_global_stress_liquidity_crunch,Acute Global Stress / Liquidity Crunch,급성 리스크오프/유동성 경색장,us_global,0.158009,0.003311,1.054506,positive,0.158009,low,76.127067,rolling_beta,v3,1,1261,1261,3,market,pass,N,,2026-06-09,1,0.942163,0.942163,high,Y,trade-gated adverse scenario with medium/high evidence,active market context,1.103628,1.054506,0.003311,liquidity_stress_vulnerable,변동성이 튀고 위험자산이 동반 약세를 보이는 단기 스트레스 장세입니다. 상관관계 상승과 유동성 악화를 우선 점검합니다.
GS,GS,us_stock,higher_for_longer_long_rate_shock,Higher-for-Longer / Long-Rate Shock,장기금리 부담장,us_global,0.956996,0.003311,1.054506,positive,0.956996,high,62.128209,rolling_beta,v3,1,1261,1261,3,market,pass,N,,2026-06-09,1,0.908767,0.908767,high,Y,trade-gated adverse scenario with medium/high evidence,active market context,1.103628,1.054506,0.003311,rate_sensitive,장기금리와 달러 강세 부담이 채권·성장주·신용자산을 압박하는 장세입니다. 고밸류 성장주와 반도체 factor 민감도를 점검합니다.
GS,GS,us_stock,semiconductor_ai_cycle_shock,Semiconductor / AI Cycle Shock,AI·반도체 사이클 충격장,korea_semiconductor,0.078893,0.003311,0.497973,positive,0.078893,low,43.672,rolling_beta,v3,1,1110,1110,6,market,pass,N,,2026-06-09,1,0.377914,0.0,medium,N,context only: WATCH state,context only: WATCH state,0.4309,0.497973,0.003311,semiconductor_ai_shock_vulnerable,"AI capex 기대와 반도체 모멘텀이 꺾이면서 미국 성장주와 한국 반도체 대형주가 동시에 압박받는 장세입니다. SOXX, AI leader basket, 한국 반도체 basket의 동반 약세와 원화 압력을 함께 봅니다."
GS,GS,us_stock,korea_domestic_financial_stress,Korea Domestic Financial Stress,한국 내수 금융스트레스장,korea_market,-0.032831,0.003311,0.005981,neutral,0.032831,low,61.630274,rolling_beta,v3,1,1110,1110,5,seed,pass,Y,,2026-06-09,1,0.401006,0.0,medium,N,context only: source_quality=seed,context only: source_quality=seed,0.031899,0.005981,0.003311,korea_financial_stress_hedge,"가계부채, 부동산 PF, 비은행권, 금융주와 건설주 스트레스가 한국 자산 전반으로 번지는 장세입니다. 금융/건설 basket, 신용 spread, 단기자금 spread, 원화 약세를 함께 점검합니다."
GS,GS,us_stock,geopolitical_escalation_supply_shock,Geopolitical Escalation / Supply Shock,지정학 확전·공급충격장,geopolitical,0.009324,0.003311,1.103628,neutral,0.009324,low,65.604388,rolling_beta,v3,1,1110,1110,3,manual,pass,Y,,2026-06-09,1,0.398559,0.0,medium,N,context only: source_quality=manual,context only: source_quality=manual,0.105983,,0.003311,geopolitical_supply_shock_vulnerable,"전쟁, 제재, 해상로 차질, 대만·중동·한반도 긴장처럼 유가·금·방산·변동성이 동시에 움직이는 이벤트성 충격 장세입니다. 뉴스 overlay는 가격 신호를 보강하는 용도로만 해석합니다."
GS,GS,us_stock,slowdown_recession_deflation_risk,Slowdown / Recession / Deflation Risk,경기둔화/침체 우려장,us_global,0.25148,0.003311,1.054506,positive,0.25148,low,72.589407,rolling_beta,v3,1,1261,1261,3,market,pass,N,,2026-06-09,0,0.0,0.0,high,N,scenario inactive,inactive scenario,1.103628,1.054506,0.003311,slowdown_vulnerable,수요 둔화와 침체/디플레이션 압력이 커지는 방어적 장세입니다. 주식 beta와 신용위험을 보수적으로 봅니다.
GS,GS,us_stock,stagflation_reinflation_energy_shock,Stagflation / Reinflation / Energy Shock,물가·에너지 재상승장,us_global,0.503499,0.003311,1.103628,positive,0.503499,medium,72.540929,rolling_beta,v3,1,1261,1261,2,market,pass,N,,2026-06-09,0,0.0,0.0,high,N,scenario inactive,inactive scenario,0.105983,,0.003311,stagflation_vulnerable,성장 부담이 있는데 유가·원자재·인플레이션 압력이 다시 커지는 장세입니다. 에너지/원자재 수혜와 장기채 부담을 함께 봅니다.
GS,GS,us_stock,soft_landing_goldilocks,Soft Landing / Goldilocks,우호적 위험선호장,us_global,1.103628,0.003311,1.054506,positive,1.103628,high,65.4571,rolling_beta,v3,1,1261,1261,3,market,pass,N,,2026-06-09,0,0.0,0.0,high,N,non-adverse scenario,inactive scenario,1.103628,1.054506,0.003311,risk_on_participation,우호적 위험선호장 참여 민감도
GSG,GSG,commodity_etf,usd_strength_krw_weakness,USD Strength / KRW Weakness,달러강세/원화약세장,fx_krw,-0.252121,-0.000193,0.007906,negative,0.252121,low,70.962151,rolling_beta,v3,1,1110,1110,4,market,pass,N,,2026-06-09,1,0.975204,0.975204,high,Y,trade-gated adverse scenario with medium/high evidence,active market context,0.940844,0.007906,-0.000193,krw_weakness_hedge,달러가 강하고 원화가 약해져 KRW 기준 투자자의 환율 리스크가 커지는 장세입니다. 한국 자산과 USD 노출의 역할을 분리해 봅니다.
GSG,GSG,commodity_etf,china_trade_fragmentation_shock,China / Trade Fragmentation Shock,중국·무역분절 충격장,china_asia,-0.01686,-0.000193,0.007906,neutral,0.01686,low,65.435166,rolling_beta,v3,1,1110,1110,5,market,pass,N,,2026-06-09,1,0.963122,0.963122,high,Y,trade-gated adverse scenario with medium/high evidence,active market context,-0.03264,0.007906,-0.000193,china_asia_shock_hedge,중국 경기·무역갈등·공급망 충격이 한국/아시아와 반도체 자산에 번지는 장세입니다. 한국 반도체 factor와 원화 약세를 함께 확인합니다.
GSG,GSG,commodity_etf,acute_global_stress_liquidity_crunch,Acute Global Stress / Liquidity Crunch,급성 리스크오프/유동성 경색장,us_global,0.224039,-0.000193,0.605776,positive,0.224039,low,76.127067,rolling_beta,v3,1,1261,1261,3,market,pass,N,,2026-06-09,1,0.942163,0.942163,high,Y,trade-gated adverse scenario with medium/high evidence,active market context,0.391516,0.605776,-0.000193,liquidity_stress_vulnerable,변동성이 튀고 위험자산이 동반 약세를 보이는 단기 스트레스 장세입니다. 상관관계 상승과 유동성 악화를 우선 점검합니다.
GSG,GSG,commodity_etf,higher_for_longer_long_rate_shock,Higher-for-Longer / Long-Rate Shock,장기금리 부담장,us_global,0.115334,-0.000193,0.605776,positive,0.115334,low,62.128209,rolling_beta,v3,1,1261,1261,3,market,pass,N,,2026-06-09,1,0.908767,0.908767,high,Y,trade-gated adverse scenario with medium/high evidence,active market context,0.391516,0.605776,-0.000193,rate_sensitive,장기금리와 달러 강세 부담이 채권·성장주·신용자산을 압박하는 장세입니다. 고밸류 성장주와 반도체 factor 민감도를 점검합니다.
GSG,GSG,commodity_etf,semiconductor_ai_cycle_shock,Semiconductor / AI Cycle Shock,AI·반도체 사이클 충격장,korea_semiconductor,0.068474,-0.000193,0.139547,positive,0.068474,low,43.672,rolling_beta,v3,1,1110,1110,6,market,pass,N,,2026-06-09,1,0.377914,0.0,medium,N,context only: WATCH state,context only: WATCH state,0.106253,0.139547,-0.000193,semiconductor_ai_shock_vulnerable,"AI capex 기대와 반도체 모멘텀이 꺾이면서 미국 성장주와 한국 반도체 대형주가 동시에 압박받는 장세입니다. SOXX, AI leader basket, 한국 반도체 basket의 동반 약세와 원화 압력을 함께 봅니다."
GSG,GSG,commodity_etf,korea_domestic_financial_stress,Korea Domestic Financial Stress,한국 내수 금융스트레스장,korea_market,-0.054037,-0.000193,0.007906,negative,0.054037,low,61.630274,rolling_beta,v3,1,1110,1110,5,seed,pass,Y,,2026-06-09,1,0.401006,0.0,medium,N,context only: source_quality=seed,context only: source_quality=seed,-0.03264,0.007906,-0.000193,korea_financial_stress_hedge,"가계부채, 부동산 PF, 비은행권, 금융주와 건설주 스트레스가 한국 자산 전반으로 번지는 장세입니다. 금융/건설 basket, 신용 spread, 단기자금 spread, 원화 약세를 함께 점검합니다."
GSG,GSG,commodity_etf,geopolitical_escalation_supply_shock,Geopolitical Escalation / Supply Shock,지정학 확전·공급충격장,geopolitical,-0.274537,-0.000193,0.391516,negative,0.274537,low,65.604388,rolling_beta,v3,1,1110,1110,3,manual,pass,Y,,2026-06-09,1,0.398559,0.0,medium,N,context only: source_quality=manual,context only: source_quality=manual,0.615052,,-0.000193,geopolitical_supply_shock_hedge,"전쟁, 제재, 해상로 차질, 대만·중동·한반도 긴장처럼 유가·금·방산·변동성이 동시에 움직이는 이벤트성 충격 장세입니다. 뉴스 overlay는 가격 신호를 보강하는 용도로만 해석합니다."
GSG,GSG,commodity_etf,slowdown_recession_deflation_risk,Slowdown / Recession / Deflation Risk,경기둔화/침체 우려장,us_global,0.261256,-0.000193,0.605776,positive,0.261256,low,72.589407,rolling_beta,v3,1,1261,1261,3,market,pass,N,,2026-06-09,0,0.0,0.0,high,N,scenario inactive,inactive scenario,0.391516,0.605776,-0.000193,slowdown_vulnerable,수요 둔화와 침체/디플레이션 압력이 커지는 방어적 장세입니다. 주식 beta와 신용위험을 보수적으로 봅니다.
GSG,GSG,commodity_etf,stagflation_reinflation_energy_shock,Stagflation / Reinflation / Energy Shock,물가·에너지 재상승장,us_global,-0.308133,-0.000193,0.391516,negative,0.308133,medium,72.540929,rolling_beta,v3,1,1261,1261,2,market,pass,N,,2026-06-09,0,0.0,0.0,high,N,scenario inactive,inactive scenario,0.615052,,-0.000193,inflation_hedge,성장 부담이 있는데 유가·원자재·인플레이션 압력이 다시 커지는 장세입니다. 에너지/원자재 수혜와 장기채 부담을 함께 봅니다.
GSG,GSG,commodity_etf,soft_landing_goldilocks,Soft Landing / Goldilocks,우호적 위험선호장,us_global,0.391516,-0.000193,0.605776,positive,0.391516,medium,65.4571,rolling_beta,v3,1,1261,1261,3,market,pass,N,,2026-06-09,0,0.0,0.0,high,N,non-adverse scenario,inactive scenario,0.391516,0.605776,-0.000193,risk_on_participation,우호적 위험선호장 참여 민감도
HD,HD,us_stock,usd_strength_krw_weakness,USD Strength / KRW Weakness,달러강세/원화약세장,fx_krw,-0.138879,-0.000245,0.0,negative,0.138879,low,70.962151,rolling_beta,v3,1,1110,1110,4,market,pass,N,,2026-06-09,1,0.975204,0.975204,high,Y,trade-gated adverse scenario with medium/high evidence,active market context,0.637203,-0.053978,-0.000245,krw_weakness_hedge,달러가 강하고 원화가 약해져 KRW 기준 투자자의 환율 리스크가 커지는 장세입니다. 한국 자산과 USD 노출의 역할을 분리해 봅니다.
HD,HD,us_stock,china_trade_fragmentation_shock,China / Trade Fragmentation Shock,중국·무역분절 충격장,china_asia,0.075026,-0.000245,0.0,positive,0.075026,low,65.435166,rolling_beta,v3,1,1110,1110,5,market,pass,N,,2026-06-09,1,0.963122,0.963122,high,Y,trade-gated adverse scenario with medium/high evidence,active market context,-0.057588,-0.053978,-0.000245,china_asia_shock_vulnerable,중국 경기·무역갈등·공급망 충격이 한국/아시아와 반도체 자산에 번지는 장세입니다. 한국 반도체 factor와 원화 약세를 함께 확인합니다.
HD,HD,us_stock,acute_global_stress_liquidity_crunch,Acute Global Stress / Liquidity Crunch,급성 리스크오프/유동성 경색장,us_global,0.175499,-0.000245,0.74335,positive,0.175499,low,76.127067,rolling_beta,v3,1,1261,1261,3,market,pass,N,,2026-06-09,1,0.942163,0.942163,high,Y,trade-gated adverse scenario with medium/high evidence,active market context,0.844484,0.74335,-0.000245,liquidity_stress_vulnerable,변동성이 튀고 위험자산이 동반 약세를 보이는 단기 스트레스 장세입니다. 상관관계 상승과 유동성 악화를 우선 점검합니다.
HD,HD,us_stock,higher_for_longer_long_rate_shock,Higher-for-Longer / Long-Rate Shock,장기금리 부담장,us_global,0.814466,-0.000245,0.74335,positive,0.814466,high,62.128209,rolling_beta,v3,1,1261,1261,3,market,pass,N,,2026-06-09,1,0.908767,0.908767,high,Y,trade-gated adverse scenario with medium/high evidence,active market context,0.844484,0.74335,-0.000245,rate_sensitive,장기금리와 달러 강세 부담이 채권·성장주·신용자산을 압박하는 장세입니다. 고밸류 성장주와 반도체 factor 민감도를 점검합니다.
HD,HD,us_stock,semiconductor_ai_cycle_shock,Semiconductor / AI Cycle Shock,AI·반도체 사이클 충격장,korea_semiconductor,-0.044072,-0.000245,0.221662,neutral,0.044072,low,43.672,rolling_beta,v3,1,1110,1110,6,market,pass,N,,2026-06-09,1,0.377914,0.0,medium,N,context only: WATCH state,context only: WATCH state,0.28403,0.221662,-0.000245,semiconductor_ai_shock_hedge,"AI capex 기대와 반도체 모멘텀이 꺾이면서 미국 성장주와 한국 반도체 대형주가 동시에 압박받는 장세입니다. SOXX, AI leader basket, 한국 반도체 basket의 동반 약세와 원화 압력을 함께 봅니다."
HD,HD,us_stock,korea_domestic_financial_stress,Korea Domestic Financial Stress,한국 내수 금융스트레스장,korea_market,-0.39829,-0.000245,0.0,negative,0.39829,medium,61.630274,rolling_beta,v3,1,1110,1110,5,seed,pass,Y,,2026-06-09,1,0.401006,0.0,medium,N,context only: source_quality=seed,context only: source_quality=seed,-0.057588,-0.053978,-0.000245,korea_financial_stress_hedge,"가계부채, 부동산 PF, 비은행권, 금융주와 건설주 스트레스가 한국 자산 전반으로 번지는 장세입니다. 금융/건설 basket, 신용 spread, 단기자금 spread, 원화 약세를 함께 점검합니다."
HD,HD,us_stock,geopolitical_escalation_supply_shock,Geopolitical Escalation / Supply Shock,지정학 확전·공급충격장,geopolitical,0.024338,-0.000245,0.844484,neutral,0.024338,low,65.604388,rolling_beta,v3,1,1110,1110,3,manual,pass,Y,,2026-06-09,1,0.398559,0.0,medium,N,context only: source_quality=manual,context only: source_quality=manual,0.036932,,-0.000245,geopolitical_supply_shock_vulnerable,"전쟁, 제재, 해상로 차질, 대만·중동·한반도 긴장처럼 유가·금·방산·변동성이 동시에 움직이는 이벤트성 충격 장세입니다. 뉴스 overlay는 가격 신호를 보강하는 용도로만 해석합니다."
HD,HD,us_stock,slowdown_recession_deflation_risk,Slowdown / Recession / Deflation Risk,경기둔화/침체 우려장,us_global,0.207495,-0.000245,0.74335,positive,0.207495,low,72.589407,rolling_beta,v3,1,1261,1261,3,market,pass,N,,2026-06-09,0,0.0,0.0,high,N,scenario inactive,inactive scenario,0.844484,0.74335,-0.000245,slowdown_vulnerable,수요 둔화와 침체/디플레이션 압력이 커지는 방어적 장세입니다. 주식 beta와 신용위험을 보수적으로 봅니다.
HD,HD,us_stock,stagflation_reinflation_energy_shock,Stagflation / Reinflation / Energy Shock,물가·에너지 재상승장,us_global,0.501699,-0.000245,0.844484,positive,0.501699,medium,72.540929,rolling_beta,v3,1,1261,1261,2,market,pass,N,,2026-06-09,0,0.0,0.0,high,N,scenario inactive,inactive scenario,0.036932,,-0.000245,stagflation_vulnerable,성장 부담이 있는데 유가·원자재·인플레이션 압력이 다시 커지는 장세입니다. 에너지/원자재 수혜와 장기채 부담을 함께 봅니다.
HD,HD,us_stock,soft_landing_goldilocks,Soft Landing / Goldilocks,우호적 위험선호장,us_global,0.844484,-0.000245,0.74335,positive,0.844484,high,65.4571,rolling_beta,v3,1,1261,1261,3,market,pass,N,,2026-06-09,0,0.0,0.0,high,N,non-adverse scenario,inactive scenario,0.844484,0.74335,-0.000245,risk_on_participation,우호적 위험선호장 참여 민감도
HYG,HYG,bond_etf,usd_strength_krw_weakness,USD Strength / KRW Weakness,달러강세/원화약세장,fx_krw,-0.23696,0.000369,0.0,negative,0.23696,low,70.962151,rolling_beta,v3,1,1110,1110,4,market,pass,N,,2026-06-09,1,0.975204,0.975204,high,Y,trade-gated adverse scenario with medium/high evidence,active market context,0.819263,-0.099877,0.000369,krw_weakness_hedge,달러가 강하고 원화가 약해져 KRW 기준 투자자의 환율 리스크가 커지는 장세입니다. 한국 자산과 USD 노출의 역할을 분리해 봅니다.
HYG,HYG,bond_etf,china_trade_fragmentation_shock,China / Trade Fragmentation Shock,중국·무역분절 충격장,china_asia,-0.018794,0.000369,0.0,neutral,0.018794,low,65.435166,rolling_beta,v3,1,1110,1110,5,market,pass,N,,2026-06-09,1,0.963122,0.963122,high,Y,trade-gated adverse scenario with medium/high evidence,active market context,-0.076183,-0.099877,0.000369,china_asia_shock_hedge,중국 경기·무역갈등·공급망 충격이 한국/아시아와 반도체 자산에 번지는 장세입니다. 한국 반도체 factor와 원화 약세를 함께 확인합니다.
HYG,HYG,bond_etf,acute_global_stress_liquidity_crunch,Acute Global Stress / Liquidity Crunch,급성 리스크오프/유동성 경색장,us_global,-0.067919,0.000369,0.427839,negative,0.067919,low,76.127067,rolling_beta,v3,1,1261,1261,3,market,pass,N,,2026-06-09,1,0.942163,0.942163,high,Y,trade-gated adverse scenario with medium/high evidence,active market context,0.45216,0.427839,0.000369,liquidity_stress_defense,변동성이 튀고 위험자산이 동반 약세를 보이는 단기 스트레스 장세입니다. 상관관계 상승과 유동성 악화를 우선 점검합니다.
HYG,HYG,bond_etf,higher_for_longer_long_rate_shock,Higher-for-Longer / Long-Rate Shock,장기금리 부담장,us_global,0.598688,0.000369,0.427839,positive,0.598688,medium,62.128209,rolling_beta,v3,1,1261,1261,3,market,pass,N,,2026-06-09,1,0.908767,0.908767,high,Y,trade-gated adverse scenario with medium/high evidence,active market context,0.45216,0.427839,0.000369,rate_sensitive,장기금리와 달러 강세 부담이 채권·성장주·신용자산을 압박하는 장세입니다. 고밸류 성장주와 반도체 factor 민감도를 점검합니다.
HYG,HYG,bond_etf,semiconductor_ai_cycle_shock,Semiconductor / AI Cycle Shock,AI·반도체 사이클 충격장,korea_semiconductor,-0.165767,0.000369,0.134465,negative,0.165767,low,43.672,rolling_beta,v3,1,1110,1110,6,market,pass,N,,2026-06-09,1,0.377914,0.0,medium,N,context only: WATCH state,context only: WATCH state,0.147729,0.134465,0.000369,semiconductor_ai_shock_hedge,"AI capex 기대와 반도체 모멘텀이 꺾이면서 미국 성장주와 한국 반도체 대형주가 동시에 압박받는 장세입니다. SOXX, AI leader basket, 한국 반도체 basket의 동반 약세와 원화 압력을 함께 봅니다."
HYG,HYG,bond_etf,korea_domestic_financial_stress,Korea Domestic Financial Stress,한국 내수 금융스트레스장,korea_market,-0.286336,0.000369,0.0,negative,0.286336,low,61.630274,rolling_beta,v3,1,1110,1110,5,seed,pass,Y,,2026-06-09,1,0.401006,0.0,medium,N,context only: source_quality=seed,context only: source_quality=seed,-0.076183,-0.099877,0.000369,korea_financial_stress_hedge,"가계부채, 부동산 PF, 비은행권, 금융주와 건설주 스트레스가 한국 자산 전반으로 번지는 장세입니다. 금융/건설 basket, 신용 spread, 단기자금 spread, 원화 약세를 함께 점검합니다."
HYG,HYG,bond_etf,geopolitical_escalation_supply_shock,Geopolitical Escalation / Supply Shock,지정학 확전·공급충격장,geopolitical,-0.108309,0.000369,0.45216,negative,0.108309,low,65.604388,rolling_beta,v3,1,1110,1110,3,manual,pass,Y,,2026-06-09,1,0.398559,0.0,medium,N,context only: source_quality=manual,context only: source_quality=manual,0.077349,,0.000369,geopolitical_supply_shock_hedge,"전쟁, 제재, 해상로 차질, 대만·중동·한반도 긴장처럼 유가·금·방산·변동성이 동시에 움직이는 이벤트성 충격 장세입니다. 뉴스 overlay는 가격 신호를 보강하는 용도로만 해석합니다."
HYG,HYG,bond_etf,slowdown_recession_deflation_risk,Slowdown / Recession / Deflation Risk,경기둔화/침체 우려장,us_global,-0.069013,0.000369,0.427839,negative,0.069013,low,72.589407,rolling_beta,v3,1,1261,1261,3,market,pass,N,,2026-06-09,0,0.0,0.0,high,N,scenario inactive,inactive scenario,0.45216,0.427839,0.000369,slowdown_defense,수요 둔화와 침체/디플레이션 압력이 커지는 방어적 장세입니다. 주식 beta와 신용위험을 보수적으로 봅니다.
HYG,HYG,bond_etf,stagflation_reinflation_energy_shock,Stagflation / Reinflation / Energy Shock,물가·에너지 재상승장,us_global,0.34903,0.000369,0.45216,positive,0.34903,medium,72.540929,rolling_beta,v3,1,1261,1261,2,market,pass,N,,2026-06-09,0,0.0,0.0,high,N,scenario inactive,inactive scenario,0.077349,,0.000369,stagflation_vulnerable,성장 부담이 있는데 유가·원자재·인플레이션 압력이 다시 커지는 장세입니다. 에너지/원자재 수혜와 장기채 부담을 함께 봅니다.
HYG,HYG,bond_etf,soft_landing_goldilocks,Soft Landing / Goldilocks,우호적 위험선호장,us_global,0.45216,0.000369,0.427839,positive,0.45216,medium,65.4571,rolling_beta,v3,1,1261,1261,3,market,pass,N,,2026-06-09,0,0.0,0.0,high,N,non-adverse scenario,inactive scenario,0.45216,0.427839,0.000369,risk_on_participation,우호적 위험선호장 참여 민감도
IAU,IAU,gold_etf,usd_strength_krw_weakness,USD Strength / KRW Weakness,달러강세/원화약세장,fx_krw,-0.290009,0.000237,0.067619,negative,0.290009,low,70.962151,rolling_beta,v3,1,1110,1110,4,market,pass,N,,2026-06-09,1,0.975204,0.975204,high,Y,trade-gated adverse scenario with medium/high evidence,active market context,0.627156,0.067619,0.000237,krw_weakness_hedge,달러가 강하고 원화가 약해져 KRW 기준 투자자의 환율 리스크가 커지는 장세입니다. 한국 자산과 USD 노출의 역할을 분리해 봅니다.
IAU,IAU,gold_etf,china_trade_fragmentation_shock,China / Trade Fragmentation Shock,중국·무역분절 충격장,china_asia,-0.057937,0.000237,0.067619,negative,0.057937,low,65.435166,rolling_beta,v3,1,1110,1110,5,market,pass,N,,2026-06-09,1,0.963122,0.963122,high,Y,trade-gated adverse scenario with medium/high evidence,active market context,0.010226,0.067619,0.000237,china_asia_shock_hedge,중국 경기·무역갈등·공급망 충격이 한국/아시아와 반도체 자산에 번지는 장세입니다. 한국 반도체 factor와 원화 약세를 함께 확인합니다.
IAU,IAU,gold_etf,acute_global_stress_liquidity_crunch,Acute Global Stress / Liquidity Crunch,급성 리스크오프/유동성 경색장,us_global,-0.178693,0.000237,0.284418,negative,0.178693,low,76.127067,rolling_beta,v3,1,1261,1261,3,market,pass,N,,2026-06-09,1,0.942163,0.942163,high,Y,trade-gated adverse scenario with medium/high evidence,active market context,0.239963,0.284418,0.000237,liquidity_stress_defense,변동성이 튀고 위험자산이 동반 약세를 보이는 단기 스트레스 장세입니다. 상관관계 상승과 유동성 악화를 우선 점검합니다.
IAU,IAU,gold_etf,higher_for_longer_long_rate_shock,Higher-for-Longer / Long-Rate Shock,장기금리 부담장,us_global,0.03198,0.000237,0.284418,neutral,0.03198,low,62.128209,rolling_beta,v3,1,1261,1261,3,market,pass,N,,2026-06-09,1,0.908767,0.908767,high,Y,trade-gated adverse scenario with medium/high evidence,active market context,0.239963,0.284418,0.000237,rate_sensitive,장기금리와 달러 강세 부담이 채권·성장주·신용자산을 압박하는 장세입니다. 고밸류 성장주와 반도체 factor 민감도를 점검합니다.
IAU,IAU,gold_etf,semiconductor_ai_cycle_shock,Semiconductor / AI Cycle Shock,AI·반도체 사이클 충격장,korea_semiconductor,-0.212548,0.000237,0.10838,negative,0.212548,low,43.672,rolling_beta,v3,1,1110,1110,6,market,pass,N,,2026-06-09,1,0.377914,0.0,medium,N,context only: WATCH state,context only: WATCH state,0.092997,0.10838,0.000237,semiconductor_ai_shock_hedge,"AI capex 기대와 반도체 모멘텀이 꺾이면서 미국 성장주와 한국 반도체 대형주가 동시에 압박받는 장세입니다. SOXX, AI leader basket, 한국 반도체 basket의 동반 약세와 원화 압력을 함께 봅니다."
IAU,IAU,gold_etf,korea_domestic_financial_stress,Korea Domestic Financial Stress,한국 내수 금융스트레스장,korea_market,-0.407605,0.000237,0.067619,negative,0.407605,medium,61.630274,rolling_beta,v3,1,1110,1110,5,seed,pass,Y,,2026-06-09,1,0.401006,0.0,medium,N,context only: source_quality=seed,context only: source_quality=seed,0.010226,0.067619,0.000237,korea_financial_stress_hedge,"가계부채, 부동산 PF, 비은행권, 금융주와 건설주 스트레스가 한국 자산 전반으로 번지는 장세입니다. 금융/건설 basket, 신용 spread, 단기자금 spread, 원화 약세를 함께 점검합니다."
IAU,IAU,gold_etf,geopolitical_escalation_supply_shock,Geopolitical Escalation / Supply Shock,지정학 확전·공급충격장,geopolitical,-0.639156,0.000237,0.239963,negative,0.639156,medium,65.604388,rolling_beta,v3,1,1110,1110,3,manual,pass,Y,,2026-06-09,1,0.398559,0.0,medium,N,context only: source_quality=manual,context only: source_quality=manual,0.116088,,0.000237,geopolitical_supply_shock_hedge,"전쟁, 제재, 해상로 차질, 대만·중동·한반도 긴장처럼 유가·금·방산·변동성이 동시에 움직이는 이벤트성 충격 장세입니다. 뉴스 overlay는 가격 신호를 보강하는 용도로만 해석합니다."
IAU,IAU,gold_etf,slowdown_recession_deflation_risk,Slowdown / Recession / Deflation Risk,경기둔화/침체 우려장,us_global,-0.202325,0.000237,0.284418,negative,0.202325,low,72.589407,rolling_beta,v3,1,1261,1261,3,market,pass,N,,2026-06-09,0,0.0,0.0,high,N,scenario inactive,inactive scenario,0.239963,0.284418,0.000237,slowdown_defense,수요 둔화와 침체/디플레이션 압력이 커지는 방어적 장세입니다. 주식 beta와 신용위험을 보수적으로 봅니다.
IAU,IAU,gold_etf,stagflation_reinflation_energy_shock,Stagflation / Reinflation / Energy Shock,물가·에너지 재상승장,us_global,-0.371942,0.000237,0.239963,negative,0.371942,medium,72.540929,rolling_beta,v3,1,1261,1261,2,market,pass,N,,2026-06-09,0,0.0,0.0,high,N,scenario inactive,inactive scenario,0.116088,,0.000237,inflation_hedge,성장 부담이 있는데 유가·원자재·인플레이션 압력이 다시 커지는 장세입니다. 에너지/원자재 수혜와 장기채 부담을 함께 봅니다.
IAU,IAU,gold_etf,soft_landing_goldilocks,Soft Landing / Goldilocks,우호적 위험선호장,us_global,0.239963,0.000237,0.284418,positive,0.239963,low,65.4571,rolling_beta,v3,1,1261,1261,3,market,pass,N,,2026-06-09,0,0.0,0.0,high,N,non-adverse scenario,inactive scenario,0.239963,0.284418,0.000237,risk_on_participation,우호적 위험선호장 참여 민감도
ICLN,ICLN,equity_etf,usd_strength_krw_weakness,USD Strength / KRW Weakness,달러강세/원화약세장,fx_krw,-0.134319,0.001625,0.016368,negative,0.134319,low,70.962151,rolling_beta,v3,1,1110,1110,4,market,pass,N,,2026-06-09,1,0.975204,0.975204,high,Y,trade-gated adverse scenario with medium/high evidence,active market context,0.450552,0.016368,0.001625,krw_weakness_hedge,달러가 강하고 원화가 약해져 KRW 기준 투자자의 환율 리스크가 커지는 장세입니다. 한국 자산과 USD 노출의 역할을 분리해 봅니다.
ICLN,ICLN,equity_etf,china_trade_fragmentation_shock,China / Trade Fragmentation Shock,중국·무역분절 충격장,china_asia,0.03192,0.001625,0.016368,neutral,0.03192,low,65.435166,rolling_beta,v3,1,1110,1110,5,market,pass,N,,2026-06-09,1,0.963122,0.963122,high,Y,trade-gated adverse scenario with medium/high evidence,active market context,0.028295,0.016368,0.001625,china_asia_shock_vulnerable,중국 경기·무역갈등·공급망 충격이 한국/아시아와 반도체 자산에 번지는 장세입니다. 한국 반도체 factor와 원화 약세를 함께 확인합니다.
ICLN,ICLN,equity_etf,acute_global_stress_liquidity_crunch,Acute Global Stress / Liquidity Crunch,급성 리스크오프/유동성 경색장,us_global,0.401374,0.001625,0.763906,positive,0.401374,medium,76.127067,rolling_beta,v3,1,1261,1261,3,market,pass,N,,2026-06-09,1,0.942163,0.942163,high,Y,trade-gated adverse scenario with medium/high evidence,active market context,0.862726,0.763906,0.001625,liquidity_stress_vulnerable,변동성이 튀고 위험자산이 동반 약세를 보이는 단기 스트레스 장세입니다. 상관관계 상승과 유동성 악화를 우선 점검합니다.
ICLN,ICLN,equity_etf,higher_for_longer_long_rate_shock,Higher-for-Longer / Long-Rate Shock,장기금리 부담장,us_global,0.824499,0.001625,0.763906,positive,0.824499,high,62.128209,rolling_beta,v3,1,1261,1261,3,market,pass,N,,2026-06-09,1,0.908767,0.908767,high,Y,trade-gated adverse scenario with medium/high evidence,active market context,0.862726,0.763906,0.001625,rate_sensitive,장기금리와 달러 강세 부담이 채권·성장주·신용자산을 압박하는 장세입니다. 고밸류 성장주와 반도체 factor 민감도를 점검합니다.
ICLN,ICLN,equity_etf,semiconductor_ai_cycle_shock,Semiconductor / AI Cycle Shock,AI·반도체 사이클 충격장,korea_semiconductor,0.233684,0.001625,0.37221,positive,0.233684,low,43.672,rolling_beta,v3,1,1110,1110,6,market,pass,N,,2026-06-09,1,0.377914,0.0,medium,N,context only: WATCH state,context only: WATCH state,0.415912,0.37221,0.001625,semiconductor_ai_shock_vulnerable,"AI capex 기대와 반도체 모멘텀이 꺾이면서 미국 성장주와 한국 반도체 대형주가 동시에 압박받는 장세입니다. SOXX, AI leader basket, 한국 반도체 basket의 동반 약세와 원화 압력을 함께 봅니다."
ICLN,ICLN,equity_etf,korea_domestic_financial_stress,Korea Domestic Financial Stress,한국 내수 금융스트레스장,korea_market,-0.463139,0.001625,0.016368,negative,0.463139,medium,61.630274,rolling_beta,v3,1,1110,1110,5,seed,pass,Y,,2026-06-09,1,0.401006,0.0,medium,N,context only: source_quality=seed,context only: source_quality=seed,0.028295,0.016368,0.001625,korea_financial_stress_hedge,"가계부채, 부동산 PF, 비은행권, 금융주와 건설주 스트레스가 한국 자산 전반으로 번지는 장세입니다. 금융/건설 basket, 신용 spread, 단기자금 spread, 원화 약세를 함께 점검합니다."
ICLN,ICLN,equity_etf,geopolitical_escalation_supply_shock,Geopolitical Escalation / Supply Shock,지정학 확전·공급충격장,geopolitical,-0.421371,0.001625,0.862726,negative,0.421371,medium,65.604388,rolling_beta,v3,1,1110,1110,3,manual,pass,Y,,2026-06-09,1,0.398559,0.0,medium,N,context only: source_quality=manual,context only: source_quality=manual,0.084687,,0.001625,geopolitical_supply_shock_hedge,"전쟁, 제재, 해상로 차질, 대만·중동·한반도 긴장처럼 유가·금·방산·변동성이 동시에 움직이는 이벤트성 충격 장세입니다. 뉴스 overlay는 가격 신호를 보강하는 용도로만 해석합니다."
ICLN,ICLN,equity_etf,slowdown_recession_deflation_risk,Slowdown / Recession / Deflation Risk,경기둔화/침체 우려장,us_global,0.153896,0.001625,0.763906,positive,0.153896,low,72.589407,rolling_beta,v3,1,1261,1261,3,market,pass,N,,2026-06-09,0,0.0,0.0,high,N,scenario inactive,inactive scenario,0.862726,0.763906,0.001625,slowdown_vulnerable,수요 둔화와 침체/디플레이션 압력이 커지는 방어적 장세입니다. 주식 beta와 신용위험을 보수적으로 봅니다.
ICLN,ICLN,equity_etf,stagflation_reinflation_energy_shock,Stagflation / Reinflation / Energy Shock,물가·에너지 재상승장,us_global,0.011329,0.001625,0.862726,neutral,0.011329,low,72.540929,rolling_beta,v3,1,1261,1261,2,market,pass,N,,2026-06-09,0,0.0,0.0,high,N,scenario inactive,inactive scenario,0.084687,,0.001625,stagflation_vulnerable,성장 부담이 있는데 유가·원자재·인플레이션 압력이 다시 커지는 장세입니다. 에너지/원자재 수혜와 장기채 부담을 함께 봅니다.
ICLN,ICLN,equity_etf,soft_landing_goldilocks,Soft Landing / Goldilocks,우호적 위험선호장,us_global,0.862726,0.001625,0.763906,positive,0.862726,high,65.4571,rolling_beta,v3,1,1261,1261,3,market,pass,N,,2026-06-09,0,0.0,0.0,high,N,non-adverse scenario,inactive scenario,0.862726,0.763906,0.001625,risk_on_participation,우호적 위험선호장 참여 민감도
IEF,IEF,bond_etf,usd_strength_krw_weakness,USD Strength / KRW Weakness,달러강세/원화약세장,fx_krw,-0.299306,0.000118,0.0,negative,0.299306,low,70.962151,rolling_beta,v3,1,1110,1110,4,market,pass,N,,2026-06-09,1,0.975204,0.975204,high,Y,trade-gated adverse scenario with medium/high evidence,active market context,0.873881,-0.113434,0.000118,krw_weakness_hedge,달러가 강하고 원화가 약해져 KRW 기준 투자자의 환율 리스크가 커지는 장세입니다. 한국 자산과 USD 노출의 역할을 분리해 봅니다.
IEF,IEF,bond_etf,china_trade_fragmentation_shock,China / Trade Fragmentation Shock,중국·무역분절 충격장,china_asia,-0.062402,0.000118,0.0,negative,0.062402,low,65.435166,rolling_beta,v3,1,1110,1110,5,market,pass,N,,2026-06-09,1,0.963122,0.963122,high,Y,trade-gated adverse scenario with medium/high evidence,active market context,-0.090639,-0.113434,0.000118,china_asia_shock_hedge,중국 경기·무역갈등·공급망 충격이 한국/아시아와 반도체 자산에 번지는 장세입니다. 한국 반도체 factor와 원화 약세를 함께 확인합니다.
IEF,IEF,bond_etf,acute_global_stress_liquidity_crunch,Acute Global Stress / Liquidity Crunch,급성 리스크오프/유동성 경색장,us_global,-0.193796,0.000118,0.147578,negative,0.193796,low,76.127067,rolling_beta,v3,1,1261,1261,3,market,pass,N,,2026-06-09,1,0.942163,0.942163,high,Y,trade-gated adverse scenario with medium/high evidence,active market context,0.202778,0.147578,0.000118,liquidity_stress_defense,변동성이 튀고 위험자산이 동반 약세를 보이는 단기 스트레스 장세입니다. 상관관계 상승과 유동성 악화를 우선 점검합니다.
IEF,IEF,bond_etf,higher_for_longer_long_rate_shock,Higher-for-Longer / Long-Rate Shock,장기금리 부담장,us_global,0.461528,0.000118,0.147578,positive,0.461528,medium,62.128209,rolling_beta,v3,1,1261,1261,3,market,pass,N,,2026-06-09,1,0.908767,0.908767,high,Y,trade-gated adverse scenario with medium/high evidence,active market context,0.202778,0.147578,0.000118,rate_sensitive,장기금리와 달러 강세 부담이 채권·성장주·신용자산을 압박하는 장세입니다. 고밸류 성장주와 반도체 factor 민감도를 점검합니다.
IEF,IEF,bond_etf,semiconductor_ai_cycle_shock,Semiconductor / AI Cycle Shock,AI·반도체 사이클 충격장,korea_semiconductor,-0.266031,0.000118,0.004386,negative,0.266031,low,43.672,rolling_beta,v3,1,1110,1110,6,market,pass,N,,2026-06-09,1,0.377914,0.0,medium,N,context only: WATCH state,context only: WATCH state,0.034446,0.004386,0.000118,semiconductor_ai_shock_hedge,"AI capex 기대와 반도체 모멘텀이 꺾이면서 미국 성장주와 한국 반도체 대형주가 동시에 압박받는 장세입니다. SOXX, AI leader basket, 한국 반도체 basket의 동반 약세와 원화 압력을 함께 봅니다."
IEF,IEF,bond_etf,korea_domestic_financial_stress,Korea Domestic Financial Stress,한국 내수 금융스트레스장,korea_market,-0.371876,0.000118,0.0,negative,0.371876,medium,61.630274,rolling_beta,v3,1,1110,1110,5,seed,pass,Y,,2026-06-09,1,0.401006,0.0,medium,N,context only: source_quality=seed,context only: source_quality=seed,-0.090639,-0.113434,0.000118,korea_financial_stress_hedge,"가계부채, 부동산 PF, 비은행권, 금융주와 건설주 스트레스가 한국 자산 전반으로 번지는 장세입니다. 금융/건설 basket, 신용 spread, 단기자금 spread, 원화 약세를 함께 점검합니다."
IEF,IEF,bond_etf,geopolitical_escalation_supply_shock,Geopolitical Escalation / Supply Shock,지정학 확전·공급충격장,geopolitical,-0.181508,0.000118,0.202778,negative,0.181508,low,65.604388,rolling_beta,v3,1,1110,1110,3,manual,pass,Y,,2026-06-09,1,0.398559,0.0,medium,N,context only: source_quality=manual,context only: source_quality=manual,0.036339,,0.000118,geopolitical_supply_shock_hedge,"전쟁, 제재, 해상로 차질, 대만·중동·한반도 긴장처럼 유가·금·방산·변동성이 동시에 움직이는 이벤트성 충격 장세입니다. 뉴스 overlay는 가격 신호를 보강하는 용도로만 해석합니다."
IEF,IEF,bond_etf,slowdown_recession_deflation_risk,Slowdown / Recession / Deflation Risk,경기둔화/침체 우려장,us_global,-0.222335,0.000118,0.147578,negative,0.222335,low,72.589407,rolling_beta,v3,1,1261,1261,3,market,pass,N,,2026-06-09,0,0.0,0.0,high,N,scenario inactive,inactive scenario,0.202778,0.147578,0.000118,slowdown_defense,수요 둔화와 침체/디플레이션 압력이 커지는 방어적 장세입니다. 주식 beta와 신용위험을 보수적으로 봅니다.
IEF,IEF,bond_etf,stagflation_reinflation_energy_shock,Stagflation / Reinflation / Energy Shock,물가·에너지 재상승장,us_global,0.268014,0.000118,0.202778,positive,0.268014,low,72.540929,rolling_beta,v3,1,1261,1261,2,market,pass,N,,2026-06-09,0,0.0,0.0,high,N,scenario inactive,inactive scenario,0.036339,,0.000118,stagflation_vulnerable,성장 부담이 있는데 유가·원자재·인플레이션 압력이 다시 커지는 장세입니다. 에너지/원자재 수혜와 장기채 부담을 함께 봅니다.
IEF,IEF,bond_etf,soft_landing_goldilocks,Soft Landing / Goldilocks,우호적 위험선호장,us_global,0.202778,0.000118,0.147578,positive,0.202778,low,65.4571,rolling_beta,v3,1,1261,1261,3,market,pass,N,,2026-06-09,0,0.0,0.0,high,N,non-adverse scenario,inactive scenario,0.202778,0.147578,0.000118,risk_on_participation,우호적 위험선호장 참여 민감도
INDA,INDA,equity_etf,usd_strength_krw_weakness,USD Strength / KRW Weakness,달러강세/원화약세장,fx_krw,-0.200243,0.000754,0.0,negative,0.200243,low,70.962151,rolling_beta,v3,1,1110,1110,4,market,pass,N,,2026-06-09,1,0.975204,0.975204,high,Y,trade-gated adverse scenario with medium/high evidence,active market context,0.750697,-0.026243,0.000754,krw_weakness_hedge,달러가 강하고 원화가 약해져 KRW 기준 투자자의 환율 리스크가 커지는 장세입니다. 한국 자산과 USD 노출의 역할을 분리해 봅니다.
INDA,INDA,equity_etf,china_trade_fragmentation_shock,China / Trade Fragmentation Shock,중국·무역분절 충격장,china_asia,0.000953,0.000754,0.0,neutral,0.000953,low,65.435166,rolling_beta,v3,1,1110,1110,5,market,pass,N,,2026-06-09,1,0.963122,0.963122,high,Y,trade-gated adverse scenario with medium/high evidence,active market context,-0.036034,-0.026243,0.000754,china_asia_shock_vulnerable,중국 경기·무역갈등·공급망 충격이 한국/아시아와 반도체 자산에 번지는 장세입니다. 한국 반도체 factor와 원화 약세를 함께 확인합니다.
INDA,INDA,equity_etf,acute_global_stress_liquidity_crunch,Acute Global Stress / Liquidity Crunch,급성 리스크오프/유동성 경색장,us_global,0.295531,0.000754,0.613191,positive,0.295531,low,76.127067,rolling_beta,v3,1,1261,1261,3,market,pass,N,,2026-06-09,1,0.942163,0.942163,high,Y,trade-gated adverse scenario with medium/high evidence,active market context,0.599028,0.613191,0.000754,liquidity_stress_vulnerable,변동성이 튀고 위험자산이 동반 약세를 보이는 단기 스트레스 장세입니다. 상관관계 상승과 유동성 악화를 우선 점검합니다.
INDA,INDA,equity_etf,higher_for_longer_long_rate_shock,Higher-for-Longer / Long-Rate Shock,장기금리 부담장,us_global,0.229465,0.000754,0.613191,positive,0.229465,low,62.128209,rolling_beta,v3,1,1261,1261,3,market,pass,N,,2026-06-09,1,0.908767,0.908767,high,Y,trade-gated adverse scenario with medium/high evidence,active market context,0.599028,0.613191,0.000754,rate_sensitive,장기금리와 달러 강세 부담이 채권·성장주·신용자산을 압박하는 장세입니다. 고밸류 성장주와 반도체 factor 민감도를 점검합니다.
INDA,INDA,equity_etf,semiconductor_ai_cycle_shock,Semiconductor / AI Cycle Shock,AI·반도체 사이클 충격장,korea_semiconductor,0.143066,0.000754,0.213244,positive,0.143066,low,43.672,rolling_beta,v3,1,1110,1110,6,market,pass,N,,2026-06-09,1,0.377914,0.0,medium,N,context only: WATCH state,context only: WATCH state,0.218483,0.213244,0.000754,semiconductor_ai_shock_vulnerable,"AI capex 기대와 반도체 모멘텀이 꺾이면서 미국 성장주와 한국 반도체 대형주가 동시에 압박받는 장세입니다. SOXX, AI leader basket, 한국 반도체 basket의 동반 약세와 원화 압력을 함께 봅니다."
INDA,INDA,equity_etf,korea_domestic_financial_stress,Korea Domestic Financial Stress,한국 내수 금융스트레스장,korea_market,-0.106248,0.000754,0.0,negative,0.106248,low,61.630274,rolling_beta,v3,1,1110,1110,5,seed,pass,Y,,2026-06-09,1,0.401006,0.0,medium,N,context only: source_quality=seed,context only: source_quality=seed,-0.036034,-0.026243,0.000754,korea_financial_stress_hedge,"가계부채, 부동산 PF, 비은행권, 금융주와 건설주 스트레스가 한국 자산 전반으로 번지는 장세입니다. 금융/건설 basket, 신용 spread, 단기자금 spread, 원화 약세를 함께 점검합니다."
INDA,INDA,equity_etf,geopolitical_escalation_supply_shock,Geopolitical Escalation / Supply Shock,지정학 확전·공급충격장,geopolitical,-0.17484,0.000754,0.599028,negative,0.17484,low,65.604388,rolling_beta,v3,1,1110,1110,3,manual,pass,Y,,2026-06-09,1,0.398559,0.0,medium,N,context only: source_quality=manual,context only: source_quality=manual,0.040891,,0.000754,geopolitical_supply_shock_hedge,"전쟁, 제재, 해상로 차질, 대만·중동·한반도 긴장처럼 유가·금·방산·변동성이 동시에 움직이는 이벤트성 충격 장세입니다. 뉴스 overlay는 가격 신호를 보강하는 용도로만 해석합니다."
INDA,INDA,equity_etf,slowdown_recession_deflation_risk,Slowdown / Recession / Deflation Risk,경기둔화/침체 우려장,us_global,0.362975,0.000754,0.613191,positive,0.362975,medium,72.589407,rolling_beta,v3,1,1261,1261,3,market,pass,N,,2026-06-09,0,0.0,0.0,high,N,scenario inactive,inactive scenario,0.599028,0.613191,0.000754,slowdown_vulnerable,수요 둔화와 침체/디플레이션 압력이 커지는 방어적 장세입니다. 주식 beta와 신용위험을 보수적으로 봅니다.
INDA,INDA,equity_etf,stagflation_reinflation_energy_shock,Stagflation / Reinflation / Energy Shock,물가·에너지 재상승장,us_global,-0.259193,0.000754,0.599028,negative,0.259193,low,72.540929,rolling_beta,v3,1,1261,1261,2,market,pass,N,,2026-06-09,0,0.0,0.0,high,N,scenario inactive,inactive scenario,0.040891,,0.000754,inflation_hedge,성장 부담이 있는데 유가·원자재·인플레이션 압력이 다시 커지는 장세입니다. 에너지/원자재 수혜와 장기채 부담을 함께 봅니다.
INDA,INDA,equity_etf,soft_landing_goldilocks,Soft Landing / Goldilocks,우호적 위험선호장,us_global,0.599028,0.000754,0.613191,positive,0.599028,medium,65.4571,rolling_beta,v3,1,1261,1261,3,market,pass,N,,2026-06-09,0,0.0,0.0,high,N,non-adverse scenario,inactive scenario,0.599028,0.613191,0.000754,risk_on_participation,우호적 위험선호장 참여 민감도
INTC,INTC,us_stock,usd_strength_krw_weakness,USD Strength / KRW Weakness,달러강세/원화약세장,fx_krw,0.001432,-0.001261,0.049308,neutral,0.001432,low,70.962151,rolling_beta,v3,1,1110,1110,4,market,pass,N,,2026-06-09,1,0.975204,0.975204,high,Y,trade-gated adverse scenario with medium/high evidence,active market context,0.496187,0.049308,-0.001261,krw_weakness_vulnerable,달러가 강하고 원화가 약해져 KRW 기준 투자자의 환율 리스크가 커지는 장세입니다. 한국 자산과 USD 노출의 역할을 분리해 봅니다.
INTC,INTC,us_stock,china_trade_fragmentation_shock,China / Trade Fragmentation Shock,중국·무역분절 충격장,china_asia,0.562675,-0.001261,0.049308,positive,0.562675,medium,65.435166,rolling_beta,v3,1,1110,1110,5,market,pass,N,,2026-06-09,1,0.963122,0.963122,high,Y,trade-gated adverse scenario with medium/high evidence,active market context,0.082174,0.049308,-0.001261,china_asia_shock_vulnerable,중국 경기·무역갈등·공급망 충격이 한국/아시아와 반도체 자산에 번지는 장세입니다. 한국 반도체 factor와 원화 약세를 함께 확인합니다.
INTC,INTC,us_stock,acute_global_stress_liquidity_crunch,Acute Global Stress / Liquidity Crunch,급성 리스크오프/유동성 경색장,us_global,0.529903,-0.001261,1.199214,positive,0.529903,medium,76.127067,rolling_beta,v3,1,1261,1261,3,market,pass,N,,2026-06-09,1,0.942163,0.942163,high,Y,trade-gated adverse scenario with medium/high evidence,active market context,1.405726,1.199214,-0.001261,liquidity_stress_vulnerable,변동성이 튀고 위험자산이 동반 약세를 보이는 단기 스트레스 장세입니다. 상관관계 상승과 유동성 악화를 우선 점검합니다.
INTC,INTC,us_stock,higher_for_longer_long_rate_shock,Higher-for-Longer / Long-Rate Shock,장기금리 부담장,us_global,0.92315,-0.001261,1.199214,positive,0.92315,high,62.128209,rolling_beta,v3,1,1261,1261,3,market,pass,N,,2026-06-09,1,0.908767,0.908767,high,Y,trade-gated adverse scenario with medium/high evidence,active market context,1.405726,1.199214,-0.001261,rate_sensitive,장기금리와 달러 강세 부담이 채권·성장주·신용자산을 압박하는 장세입니다. 고밸류 성장주와 반도체 factor 민감도를 점검합니다.
INTC,INTC,us_stock,semiconductor_ai_cycle_shock,Semiconductor / AI Cycle Shock,AI·반도체 사이클 충격장,korea_semiconductor,0.904597,-0.001261,0.754272,positive,0.904597,high,43.672,rolling_beta,v3,1,1110,1110,6,market,pass,N,,2026-06-09,1,0.377914,0.0,medium,N,context only: WATCH state,context only: WATCH state,0.876296,0.754272,-0.001261,semiconductor_ai_shock_vulnerable,"AI capex 기대와 반도체 모멘텀이 꺾이면서 미국 성장주와 한국 반도체 대형주가 동시에 압박받는 장세입니다. SOXX, AI leader basket, 한국 반도체 basket의 동반 약세와 원화 압력을 함께 봅니다."
INTC,INTC,us_stock,korea_domestic_financial_stress,Korea Domestic Financial Stress,한국 내수 금융스트레스장,korea_market,-0.365282,-0.001261,0.049308,negative,0.365282,medium,61.630274,rolling_beta,v3,1,1110,1110,5,seed,pass,Y,,2026-06-09,1,0.401006,0.0,medium,N,context only: source_quality=seed,context only: source_quality=seed,0.082174,0.049308,-0.001261,korea_financial_stress_hedge,"가계부채, 부동산 PF, 비은행권, 금융주와 건설주 스트레스가 한국 자산 전반으로 번지는 장세입니다. 금융/건설 basket, 신용 spread, 단기자금 spread, 원화 약세를 함께 점검합니다."
INTC,INTC,us_stock,geopolitical_escalation_supply_shock,Geopolitical Escalation / Supply Shock,지정학 확전·공급충격장,geopolitical,0.198592,-0.001261,1.405726,positive,0.198592,low,65.604388,rolling_beta,v3,1,1110,1110,3,manual,pass,Y,,2026-06-09,1,0.398559,0.0,medium,N,context only: source_quality=manual,context only: source_quality=manual,0.080971,,-0.001261,geopolitical_supply_shock_vulnerable,"전쟁, 제재, 해상로 차질, 대만·중동·한반도 긴장처럼 유가·금·방산·변동성이 동시에 움직이는 이벤트성 충격 장세입니다. 뉴스 overlay는 가격 신호를 보강하는 용도로만 해석합니다."
INTC,INTC,us_stock,slowdown_recession_deflation_risk,Slowdown / Recession / Deflation Risk,경기둔화/침체 우려장,us_global,0.607863,-0.001261,1.199214,positive,0.607863,medium,72.589407,rolling_beta,v3,1,1261,1261,3,market,pass,N,,2026-06-09,0,0.0,0.0,high,N,scenario inactive,inactive scenario,1.405726,1.199214,-0.001261,slowdown_vulnerable,수요 둔화와 침체/디플레이션 압력이 커지는 방어적 장세입니다. 주식 beta와 신용위험을 보수적으로 봅니다.
INTC,INTC,us_stock,stagflation_reinflation_energy_shock,Stagflation / Reinflation / Energy Shock,물가·에너지 재상승장,us_global,0.523534,-0.001261,1.405726,positive,0.523534,medium,72.540929,rolling_beta,v3,1,1261,1261,2,market,pass,N,,2026-06-09,0,0.0,0.0,high,N,scenario inactive,inactive scenario,0.080971,,-0.001261,stagflation_vulnerable,성장 부담이 있는데 유가·원자재·인플레이션 압력이 다시 커지는 장세입니다. 에너지/원자재 수혜와 장기채 부담을 함께 봅니다.
INTC,INTC,us_stock,soft_landing_goldilocks,Soft Landing / Goldilocks,우호적 위험선호장,us_global,1.405726,-0.001261,1.199214,positive,1.405726,high,65.4571,rolling_beta,v3,1,1261,1261,3,market,pass,N,,2026-06-09,0,0.0,0.0,high,N,non-adverse scenario,inactive scenario,1.405726,1.199214,-0.001261,risk_on_participation,우호적 위험선호장 참여 민감도
ITA,ITA,equity_etf,usd_strength_krw_weakness,USD Strength / KRW Weakness,달러강세/원화약세장,fx_krw,-0.13584,0.000356,0.003776,negative,0.13584,low,70.962151,rolling_beta,v3,1,1110,1110,4,market,pass,N,,2026-06-09,1,0.975204,0.975204,high,Y,trade-gated adverse scenario with medium/high evidence,active market context,0.749175,0.003776,0.000356,krw_weakness_hedge,달러가 강하고 원화가 약해져 KRW 기준 투자자의 환율 리스크가 커지는 장세입니다. 한국 자산과 USD 노출의 역할을 분리해 봅니다.
ITA,ITA,equity_etf,china_trade_fragmentation_shock,China / Trade Fragmentation Shock,중국·무역분절 충격장,china_asia,0.06243,0.000356,0.003776,positive,0.06243,low,65.435166,rolling_beta,v3,1,1110,1110,5,market,pass,N,,2026-06-09,1,0.963122,0.963122,high,Y,trade-gated adverse scenario with medium/high evidence,active market context,-0.027779,0.003776,0.000356,china_asia_shock_vulnerable,중국 경기·무역갈등·공급망 충격이 한국/아시아와 반도체 자산에 번지는 장세입니다. 한국 반도체 factor와 원화 약세를 함께 확인합니다.
ITA,ITA,equity_etf,acute_global_stress_liquidity_crunch,Acute Global Stress / Liquidity Crunch,급성 리스크오프/유동성 경색장,us_global,0.455136,0.000356,0.85847,positive,0.455136,medium,76.127067,rolling_beta,v3,1,1261,1261,3,market,pass,N,,2026-06-09,1,0.942163,0.942163,high,Y,trade-gated adverse scenario with medium/high evidence,active market context,0.856638,0.85847,0.000356,liquidity_stress_vulnerable,변동성이 튀고 위험자산이 동반 약세를 보이는 단기 스트레스 장세입니다. 상관관계 상승과 유동성 악화를 우선 점검합니다.
ITA,ITA,equity_etf,higher_for_longer_long_rate_shock,Higher-for-Longer / Long-Rate Shock,장기금리 부담장,us_global,0.371151,0.000356,0.85847,positive,0.371151,medium,62.128209,rolling_beta,v3,1,1261,1261,3,market,pass,N,,2026-06-09,1,0.908767,0.908767,high,Y,trade-gated adverse scenario with medium/high evidence,active market context,0.856638,0.85847,0.000356,rate_sensitive,장기금리와 달러 강세 부담이 채권·성장주·신용자산을 압박하는 장세입니다. 고밸류 성장주와 반도체 factor 민감도를 점검합니다.
ITA,ITA,equity_etf,semiconductor_ai_cycle_shock,Semiconductor / AI Cycle Shock,AI·반도체 사이클 충격장,korea_semiconductor,0.243771,0.000356,0.362656,positive,0.243771,low,43.672,rolling_beta,v3,1,1110,1110,6,market,pass,N,,2026-06-09,1,0.377914,0.0,medium,N,context only: WATCH state,context only: WATCH state,0.302505,0.362656,0.000356,semiconductor_ai_shock_vulnerable,"AI capex 기대와 반도체 모멘텀이 꺾이면서 미국 성장주와 한국 반도체 대형주가 동시에 압박받는 장세입니다. SOXX, AI leader basket, 한국 반도체 basket의 동반 약세와 원화 압력을 함께 봅니다."
ITA,ITA,equity_etf,korea_domestic_financial_stress,Korea Domestic Financial Stress,한국 내수 금융스트레스장,korea_market,-0.096521,0.000356,0.003776,negative,0.096521,low,61.630274,rolling_beta,v3,1,1110,1110,5,seed,pass,Y,,2026-06-09,1,0.401006,0.0,medium,N,context only: source_quality=seed,context only: source_quality=seed,-0.027779,0.003776,0.000356,korea_financial_stress_hedge,"가계부채, 부동산 PF, 비은행권, 금융주와 건설주 스트레스가 한국 자산 전반으로 번지는 장세입니다. 금융/건설 basket, 신용 spread, 단기자금 spread, 원화 약세를 함께 점검합니다."
ITA,ITA,equity_etf,geopolitical_escalation_supply_shock,Geopolitical Escalation / Supply Shock,지정학 확전·공급충격장,geopolitical,-0.089896,0.000356,0.856638,negative,0.089896,low,65.604388,rolling_beta,v3,1,1110,1110,3,manual,pass,Y,,2026-06-09,1,0.398559,0.0,medium,N,context only: source_quality=manual,context only: source_quality=manual,0.12729,,0.000356,geopolitical_supply_shock_hedge,"전쟁, 제재, 해상로 차질, 대만·중동·한반도 긴장처럼 유가·금·방산·변동성이 동시에 움직이는 이벤트성 충격 장세입니다. 뉴스 overlay는 가격 신호를 보강하는 용도로만 해석합니다."
ITA,ITA,equity_etf,slowdown_recession_deflation_risk,Slowdown / Recession / Deflation Risk,경기둔화/침체 우려장,us_global,0.544359,0.000356,0.85847,positive,0.544359,medium,72.589407,rolling_beta,v3,1,1261,1261,3,market,pass,N,,2026-06-09,0,0.0,0.0,high,N,scenario inactive,inactive scenario,0.856638,0.85847,0.000356,slowdown_vulnerable,수요 둔화와 침체/디플레이션 압력이 커지는 방어적 장세입니다. 주식 beta와 신용위험을 보수적으로 봅니다.
ITA,ITA,equity_etf,stagflation_reinflation_energy_shock,Stagflation / Reinflation / Energy Shock,물가·에너지 재상승장,us_global,-0.159074,0.000356,0.856638,negative,0.159074,low,72.540929,rolling_beta,v3,1,1261,1261,2,market,pass,N,,2026-06-09,0,0.0,0.0,high,N,scenario inactive,inactive scenario,0.12729,,0.000356,inflation_hedge,성장 부담이 있는데 유가·원자재·인플레이션 압력이 다시 커지는 장세입니다. 에너지/원자재 수혜와 장기채 부담을 함께 봅니다.
ITA,ITA,equity_etf,soft_landing_goldilocks,Soft Landing / Goldilocks,우호적 위험선호장,us_global,0.856638,0.000356,0.85847,positive,0.856638,high,65.4571,rolling_beta,v3,1,1261,1261,3,market,pass,N,,2026-06-09,0,0.0,0.0,high,N,non-adverse scenario,inactive scenario,0.856638,0.85847,0.000356,risk_on_participation,우호적 위험선호장 참여 민감도
IWD,IWD,equity_etf,usd_strength_krw_weakness,USD Strength / KRW Weakness,달러강세/원화약세장,fx_krw,-0.14419,0.0001,0.0,negative,0.14419,low,70.962151,rolling_beta,v3,1,1110,1110,4,market,pass,N,,2026-06-09,1,0.975204,0.975204,high,Y,trade-gated adverse scenario with medium/high evidence,active market context,0.711084,-0.036469,0.0001,krw_weakness_hedge,달러가 강하고 원화가 약해져 KRW 기준 투자자의 환율 리스크가 커지는 장세입니다. 한국 자산과 USD 노출의 역할을 분리해 봅니다.
IWD,IWD,equity_etf,china_trade_fragmentation_shock,China / Trade Fragmentation Shock,중국·무역분절 충격장,china_asia,0.062149,0.0001,0.0,positive,0.062149,low,65.435166,rolling_beta,v3,1,1110,1110,5,market,pass,N,,2026-06-09,1,0.963122,0.963122,high,Y,trade-gated adverse scenario with medium/high evidence,active market context,-0.03668,-0.036469,0.0001,china_asia_shock_vulnerable,중국 경기·무역갈등·공급망 충격이 한국/아시아와 반도체 자산에 번지는 장세입니다. 한국 반도체 factor와 원화 약세를 함께 확인합니다.
IWD,IWD,equity_etf,acute_global_stress_liquidity_crunch,Acute Global Stress / Liquidity Crunch,급성 리스크오프/유동성 경색장,us_global,0.148283,0.0001,0.81984,positive,0.148283,low,76.127067,rolling_beta,v3,1,1261,1261,3,market,pass,N,,2026-06-09,1,0.942163,0.942163,high,Y,trade-gated adverse scenario with medium/high evidence,active market context,0.82324,0.81984,0.0001,liquidity_stress_vulnerable,변동성이 튀고 위험자산이 동반 약세를 보이는 단기 스트레스 장세입니다. 상관관계 상승과 유동성 악화를 우선 점검합니다.
IWD,IWD,equity_etf,higher_for_longer_long_rate_shock,Higher-for-Longer / Long-Rate Shock,장기금리 부담장,us_global,0.802782,0.0001,0.81984,positive,0.802782,high,62.128209,rolling_beta,v3,1,1261,1261,3,market,pass,N,,2026-06-09,1,0.908767,0.908767,high,Y,trade-gated adverse scenario with medium/high evidence,active market context,0.82324,0.81984,0.0001,rate_sensitive,장기금리와 달러 강세 부담이 채권·성장주·신용자산을 압박하는 장세입니다. 고밸류 성장주와 반도체 factor 민감도를 점검합니다.
IWD,IWD,equity_etf,semiconductor_ai_cycle_shock,Semiconductor / AI Cycle Shock,AI·반도체 사이클 충격장,korea_semiconductor,-0.032675,0.0001,0.283975,neutral,0.032675,low,43.672,rolling_beta,v3,1,1110,1110,6,market,pass,N,,2026-06-09,1,0.377914,0.0,medium,N,context only: WATCH state,context only: WATCH state,0.287518,0.283975,0.0001,semiconductor_ai_shock_hedge,"AI capex 기대와 반도체 모멘텀이 꺾이면서 미국 성장주와 한국 반도체 대형주가 동시에 압박받는 장세입니다. SOXX, AI leader basket, 한국 반도체 basket의 동반 약세와 원화 압력을 함께 봅니다."
IWD,IWD,equity_etf,korea_domestic_financial_stress,Korea Domestic Financial Stress,한국 내수 금융스트레스장,korea_market,-0.395837,0.0001,0.0,negative,0.395837,medium,61.630274,rolling_beta,v3,1,1110,1110,5,seed,pass,Y,,2026-06-09,1,0.401006,0.0,medium,N,context only: source_quality=seed,context only: source_quality=seed,-0.03668,-0.036469,0.0001,korea_financial_stress_hedge,"가계부채, 부동산 PF, 비은행권, 금융주와 건설주 스트레스가 한국 자산 전반으로 번지는 장세입니다. 금융/건설 basket, 신용 spread, 단기자금 spread, 원화 약세를 함께 점검합니다."
IWD,IWD,equity_etf,geopolitical_escalation_supply_shock,Geopolitical Escalation / Supply Shock,지정학 확전·공급충격장,geopolitical,0.007144,0.0001,0.82324,neutral,0.007144,low,65.604388,rolling_beta,v3,1,1110,1110,3,manual,pass,Y,,2026-06-09,1,0.398559,0.0,medium,N,context only: source_quality=manual,context only: source_quality=manual,0.118033,,0.0001,geopolitical_supply_shock_vulnerable,"전쟁, 제재, 해상로 차질, 대만·중동·한반도 긴장처럼 유가·금·방산·변동성이 동시에 움직이는 이벤트성 충격 장세입니다. 뉴스 overlay는 가격 신호를 보강하는 용도로만 해석합니다."
IWD,IWD,equity_etf,slowdown_recession_deflation_risk,Slowdown / Recession / Deflation Risk,경기둔화/침체 우려장,us_global,0.181607,0.0001,0.81984,positive,0.181607,low,72.589407,rolling_beta,v3,1,1261,1261,3,market,pass,N,,2026-06-09,0,0.0,0.0,high,N,scenario inactive,inactive scenario,0.82324,0.81984,0.0001,slowdown_vulnerable,수요 둔화와 침체/디플레이션 압력이 커지는 방어적 장세입니다. 주식 beta와 신용위험을 보수적으로 봅니다.
IWD,IWD,equity_etf,stagflation_reinflation_energy_shock,Stagflation / Reinflation / Energy Shock,물가·에너지 재상승장,us_global,0.485635,0.0001,0.82324,positive,0.485635,medium,72.540929,rolling_beta,v3,1,1261,1261,2,market,pass,N,,2026-06-09,0,0.0,0.0,high,N,scenario inactive,inactive scenario,0.118033,,0.0001,stagflation_vulnerable,성장 부담이 있는데 유가·원자재·인플레이션 압력이 다시 커지는 장세입니다. 에너지/원자재 수혜와 장기채 부담을 함께 봅니다.
IWD,IWD,equity_etf,soft_landing_goldilocks,Soft Landing / Goldilocks,우호적 위험선호장,us_global,0.82324,0.0001,0.81984,positive,0.82324,high,65.4571,rolling_beta,v3,1,1261,1261,3,market,pass,N,,2026-06-09,0,0.0,0.0,high,N,non-adverse scenario,inactive scenario,0.82324,0.81984,0.0001,risk_on_participation,우호적 위험선호장 참여 민감도
IWF,IWF,equity_etf,usd_strength_krw_weakness,USD Strength / KRW Weakness,달러강세/원화약세장,fx_krw,-0.057776,0.00061,0.0,negative,0.057776,low,70.962151,rolling_beta,v3,1,1110,1110,4,market,pass,N,,2026-06-09,1,0.975204,0.975204,high,Y,trade-gated adverse scenario with medium/high evidence,active market context,0.601062,-0.009694,0.00061,krw_weakness_hedge,달러가 강하고 원화가 약해져 KRW 기준 투자자의 환율 리스크가 커지는 장세입니다. 한국 자산과 USD 노출의 역할을 분리해 봅니다.
IWF,IWF,equity_etf,china_trade_fragmentation_shock,China / Trade Fragmentation Shock,중국·무역분절 충격장,china_asia,0.468535,0.00061,0.0,positive,0.468535,medium,65.435166,rolling_beta,v3,1,1110,1110,5,market,pass,N,,2026-06-09,1,0.963122,0.963122,high,Y,trade-gated adverse scenario with medium/high evidence,active market context,0.001121,-0.009694,0.00061,china_asia_shock_vulnerable,중국 경기·무역갈등·공급망 충격이 한국/아시아와 반도체 자산에 번지는 장세입니다. 한국 반도체 factor와 원화 약세를 함께 확인합니다.
IWF,IWF,equity_etf,acute_global_stress_liquidity_crunch,Acute Global Stress / Liquidity Crunch,급성 리스크오프/유동성 경색장,us_global,0.615452,0.00061,1.165421,positive,0.615452,medium,76.127067,rolling_beta,v3,1,1261,1261,3,market,pass,N,,2026-06-09,1,0.942163,0.942163,high,Y,trade-gated adverse scenario with medium/high evidence,active market context,1.168895,1.165421,0.00061,liquidity_stress_vulnerable,변동성이 튀고 위험자산이 동반 약세를 보이는 단기 스트레스 장세입니다. 상관관계 상승과 유동성 악화를 우선 점검합니다.
IWF,IWF,equity_etf,higher_for_longer_long_rate_shock,Higher-for-Longer / Long-Rate Shock,장기금리 부담장,us_global,1.242892,0.00061,1.165421,positive,1.242892,high,62.128209,rolling_beta,v3,1,1261,1261,3,market,pass,N,,2026-06-09,1,0.908767,0.908767,high,Y,trade-gated adverse scenario with medium/high evidence,active market context,1.168895,1.165421,0.00061,rate_sensitive,장기금리와 달러 강세 부담이 채권·성장주·신용자산을 압박하는 장세입니다. 고밸류 성장주와 반도체 factor 민감도를 점검합니다.
IWF,IWF,equity_etf,semiconductor_ai_cycle_shock,Semiconductor / AI Cycle Shock,AI·반도체 사이클 충격장,korea_semiconductor,0.647083,0.00061,0.54303,positive,0.647083,medium,43.672,rolling_beta,v3,1,1110,1110,6,market,pass,N,,2026-06-09,1,0.377914,0.0,medium,N,context only: WATCH state,context only: WATCH state,0.500913,0.54303,0.00061,semiconductor_ai_shock_vulnerable,"AI capex 기대와 반도체 모멘텀이 꺾이면서 미국 성장주와 한국 반도체 대형주가 동시에 압박받는 장세입니다. SOXX, AI leader basket, 한국 반도체 basket의 동반 약세와 원화 압력을 함께 봅니다."
IWF,IWF,equity_etf,korea_domestic_financial_stress,Korea Domestic Financial Stress,한국 내수 금융스트레스장,korea_market,-0.424693,0.00061,0.0,negative,0.424693,medium,61.630274,rolling_beta,v3,1,1110,1110,5,seed,pass,Y,,2026-06-09,1,0.401006,0.0,medium,N,context only: source_quality=seed,context only: source_quality=seed,0.001121,-0.009694,0.00061,korea_financial_stress_hedge,"가계부채, 부동산 PF, 비은행권, 금융주와 건설주 스트레스가 한국 자산 전반으로 번지는 장세입니다. 금융/건설 basket, 신용 spread, 단기자금 spread, 원화 약세를 함께 점검합니다."
IWF,IWF,equity_etf,geopolitical_escalation_supply_shock,Geopolitical Escalation / Supply Shock,지정학 확전·공급충격장,geopolitical,0.105394,0.00061,1.168895,positive,0.105394,low,65.604388,rolling_beta,v3,1,1110,1110,3,manual,pass,Y,,2026-06-09,1,0.398559,0.0,medium,N,context only: source_quality=manual,context only: source_quality=manual,0.082945,,0.00061,geopolitical_supply_shock_vulnerable,"전쟁, 제재, 해상로 차질, 대만·중동·한반도 긴장처럼 유가·금·방산·변동성이 동시에 움직이는 이벤트성 충격 장세입니다. 뉴스 overlay는 가격 신호를 보강하는 용도로만 해석합니다."
IWF,IWF,equity_etf,slowdown_recession_deflation_risk,Slowdown / Recession / Deflation Risk,경기둔화/침체 우려장,us_global,0.388439,0.00061,1.165421,positive,0.388439,medium,72.589407,rolling_beta,v3,1,1261,1261,3,market,pass,N,,2026-06-09,0,0.0,0.0,high,N,scenario inactive,inactive scenario,1.168895,1.165421,0.00061,slowdown_vulnerable,수요 둔화와 침체/디플레이션 압력이 커지는 방어적 장세입니다. 주식 beta와 신용위험을 보수적으로 봅니다.
IWF,IWF,equity_etf,stagflation_reinflation_energy_shock,Stagflation / Reinflation / Energy Shock,물가·에너지 재상승장,us_global,0.593869,0.00061,1.168895,positive,0.593869,medium,72.540929,rolling_beta,v3,1,1261,1261,2,market,pass,N,,2026-06-09,0,0.0,0.0,high,N,scenario inactive,inactive scenario,0.082945,,0.00061,stagflation_vulnerable,성장 부담이 있는데 유가·원자재·인플레이션 압력이 다시 커지는 장세입니다. 에너지/원자재 수혜와 장기채 부담을 함께 봅니다.
IWF,IWF,equity_etf,soft_landing_goldilocks,Soft Landing / Goldilocks,우호적 위험선호장,us_global,1.168895,0.00061,1.165421,positive,1.168895,high,65.4571,rolling_beta,v3,1,1261,1261,3,market,pass,N,,2026-06-09,0,0.0,0.0,high,N,non-adverse scenario,inactive scenario,1.168895,1.165421,0.00061,risk_on_participation,우호적 위험선호장 참여 민감도
IWM,IWM,equity_etf,usd_strength_krw_weakness,USD Strength / KRW Weakness,달러강세/원화약세장,fx_krw,-0.077135,0.000247,0.0,negative,0.077135,low,70.962151,rolling_beta,v3,1,1110,1110,4,market,pass,N,,2026-06-09,1,0.975204,0.975204,high,Y,trade-gated adverse scenario with medium/high evidence,active market context,0.592107,-0.0102,0.000247,krw_weakness_hedge,달러가 강하고 원화가 약해져 KRW 기준 투자자의 환율 리스크가 커지는 장세입니다. 한국 자산과 USD 노출의 역할을 분리해 봅니다.
IWM,IWM,equity_etf,china_trade_fragmentation_shock,China / Trade Fragmentation Shock,중국·무역분절 충격장,china_asia,0.112119,0.000247,0.0,positive,0.112119,low,65.435166,rolling_beta,v3,1,1110,1110,5,market,pass,N,,2026-06-09,1,0.963122,0.963122,high,Y,trade-gated adverse scenario with medium/high evidence,active market context,-0.017489,-0.0102,0.000247,china_asia_shock_vulnerable,중국 경기·무역갈등·공급망 충격이 한국/아시아와 반도체 자산에 번지는 장세입니다. 한국 반도체 factor와 원화 약세를 함께 확인합니다.
IWM,IWM,equity_etf,acute_global_stress_liquidity_crunch,Acute Global Stress / Liquidity Crunch,급성 리스크오프/유동성 경색장,us_global,0.289191,0.000247,1.02422,positive,0.289191,low,76.127067,rolling_beta,v3,1,1261,1261,3,market,pass,N,,2026-06-09,1,0.942163,0.942163,high,Y,trade-gated adverse scenario with medium/high evidence,active market context,1.091459,1.02422,0.000247,liquidity_stress_vulnerable,변동성이 튀고 위험자산이 동반 약세를 보이는 단기 스트레스 장세입니다. 상관관계 상승과 유동성 악화를 우선 점검합니다.
IWM,IWM,equity_etf,higher_for_longer_long_rate_shock,Higher-for-Longer / Long-Rate Shock,장기금리 부담장,us_global,0.950302,0.000247,1.02422,positive,0.950302,high,62.128209,rolling_beta,v3,1,1261,1261,3,market,pass,N,,2026-06-09,1,0.908767,0.908767,high,Y,trade-gated adverse scenario with medium/high evidence,active market context,1.091459,1.02422,0.000247,rate_sensitive,장기금리와 달러 강세 부담이 채권·성장주·신용자산을 압박하는 장세입니다. 고밸류 성장주와 반도체 factor 민감도를 점검합니다.
IWM,IWM,equity_etf,semiconductor_ai_cycle_shock,Semiconductor / AI Cycle Shock,AI·반도체 사이클 충격장,korea_semiconductor,0.10695,0.000247,0.470428,positive,0.10695,low,43.672,rolling_beta,v3,1,1110,1110,6,market,pass,N,,2026-06-09,1,0.377914,0.0,medium,N,context only: WATCH state,context only: WATCH state,0.456667,0.470428,0.000247,semiconductor_ai_shock_vulnerable,"AI capex 기대와 반도체 모멘텀이 꺾이면서 미국 성장주와 한국 반도체 대형주가 동시에 압박받는 장세입니다. SOXX, AI leader basket, 한국 반도체 basket의 동반 약세와 원화 압력을 함께 봅니다."
IWM,IWM,equity_etf,korea_domestic_financial_stress,Korea Domestic Financial Stress,한국 내수 금융스트레스장,korea_market,-0.417357,0.000247,0.0,negative,0.417357,medium,61.630274,rolling_beta,v3,1,1110,1110,5,seed,pass,Y,,2026-06-09,1,0.401006,0.0,medium,N,context only: source_quality=seed,context only: source_quality=seed,-0.017489,-0.0102,0.000247,korea_financial_stress_hedge,"가계부채, 부동산 PF, 비은행권, 금융주와 건설주 스트레스가 한국 자산 전반으로 번지는 장세입니다. 금융/건설 basket, 신용 spread, 단기자금 spread, 원화 약세를 함께 점검합니다."
IWM,IWM,equity_etf,geopolitical_escalation_supply_shock,Geopolitical Escalation / Supply Shock,지정학 확전·공급충격장,geopolitical,0.076871,0.000247,1.091459,positive,0.076871,low,65.604388,rolling_beta,v3,1,1110,1110,3,manual,pass,Y,,2026-06-09,1,0.398559,0.0,medium,N,context only: source_quality=manual,context only: source_quality=manual,0.113412,,0.000247,geopolitical_supply_shock_vulnerable,"전쟁, 제재, 해상로 차질, 대만·중동·한반도 긴장처럼 유가·금·방산·변동성이 동시에 움직이는 이벤트성 충격 장세입니다. 뉴스 overlay는 가격 신호를 보강하는 용도로만 해석합니다."
IWM,IWM,equity_etf,slowdown_recession_deflation_risk,Slowdown / Recession / Deflation Risk,경기둔화/침체 우려장,us_global,0.350806,0.000247,1.02422,positive,0.350806,medium,72.589407,rolling_beta,v3,1,1261,1261,3,market,pass,N,,2026-06-09,0,0.0,0.0,high,N,scenario inactive,inactive scenario,1.091459,1.02422,0.000247,slowdown_vulnerable,수요 둔화와 침체/디플레이션 압력이 커지는 방어적 장세입니다. 주식 beta와 신용위험을 보수적으로 봅니다.
IWM,IWM,equity_etf,stagflation_reinflation_energy_shock,Stagflation / Reinflation / Energy Shock,물가·에너지 재상승장,us_global,0.575838,0.000247,1.091459,positive,0.575838,medium,72.540929,rolling_beta,v3,1,1261,1261,2,market,pass,N,,2026-06-09,0,0.0,0.0,high,N,scenario inactive,inactive scenario,0.113412,,0.000247,stagflation_vulnerable,성장 부담이 있는데 유가·원자재·인플레이션 압력이 다시 커지는 장세입니다. 에너지/원자재 수혜와 장기채 부담을 함께 봅니다.
IWM,IWM,equity_etf,soft_landing_goldilocks,Soft Landing / Goldilocks,우호적 위험선호장,us_global,1.091459,0.000247,1.02422,positive,1.091459,high,65.4571,rolling_beta,v3,1,1261,1261,3,market,pass,N,,2026-06-09,0,0.0,0.0,high,N,non-adverse scenario,inactive scenario,1.091459,1.02422,0.000247,risk_on_participation,우호적 위험선호장 참여 민감도
IYR,IYR,equity_etf,usd_strength_krw_weakness,USD Strength / KRW Weakness,달러강세/원화약세장,fx_krw,-0.162076,-7.5e-05,0.0,negative,0.162076,low,70.962151,rolling_beta,v3,1,1110,1110,4,market,pass,N,,2026-06-09,1,0.975204,0.975204,high,Y,trade-gated adverse scenario with medium/high evidence,active market context,0.623059,-0.045661,-7.5e-05,krw_weakness_hedge,달러가 강하고 원화가 약해져 KRW 기준 투자자의 환율 리스크가 커지는 장세입니다. 한국 자산과 USD 노출의 역할을 분리해 봅니다.
IYR,IYR,equity_etf,china_trade_fragmentation_shock,China / Trade Fragmentation Shock,중국·무역분절 충격장,china_asia,0.052213,-7.5e-05,0.0,positive,0.052213,low,65.435166,rolling_beta,v3,1,1110,1110,5,market,pass,N,,2026-06-09,1,0.963122,0.963122,high,Y,trade-gated adverse scenario with medium/high evidence,active market context,-0.045738,-0.045661,-7.5e-05,china_asia_shock_vulnerable,중국 경기·무역갈등·공급망 충격이 한국/아시아와 반도체 자산에 번지는 장세입니다. 한국 반도체 factor와 원화 약세를 함께 확인합니다.
IYR,IYR,equity_etf,acute_global_stress_liquidity_crunch,Acute Global Stress / Liquidity Crunch,급성 리스크오프/유동성 경색장,us_global,0.116806,-7.5e-05,0.784183,positive,0.116806,low,76.127067,rolling_beta,v3,1,1261,1261,3,market,pass,N,,2026-06-09,1,0.942163,0.942163,high,Y,trade-gated adverse scenario with medium/high evidence,active market context,0.751698,0.784183,-7.5e-05,liquidity_stress_vulnerable,변동성이 튀고 위험자산이 동반 약세를 보이는 단기 스트레스 장세입니다. 상관관계 상승과 유동성 악화를 우선 점검합니다.
IYR,IYR,equity_etf,higher_for_longer_long_rate_shock,Higher-for-Longer / Long-Rate Shock,장기금리 부담장,us_global,0.763434,-7.5e-05,0.784183,positive,0.763434,high,62.128209,rolling_beta,v3,1,1261,1261,3,market,pass,N,,2026-06-09,1,0.908767,0.908767,high,Y,trade-gated adverse scenario with medium/high evidence,active market context,0.751698,0.784183,-7.5e-05,rate_sensitive,장기금리와 달러 강세 부담이 채권·성장주·신용자산을 압박하는 장세입니다. 고밸류 성장주와 반도체 factor 민감도를 점검합니다.
IYR,IYR,equity_etf,semiconductor_ai_cycle_shock,Semiconductor / AI Cycle Shock,AI·반도체 사이클 충격장,korea_semiconductor,-0.080765,-7.5e-05,0.208347,negative,0.080765,low,43.672,rolling_beta,v3,1,1110,1110,6,market,pass,N,,2026-06-09,1,0.377914,0.0,medium,N,context only: WATCH state,context only: WATCH state,0.228073,0.208347,-7.5e-05,semiconductor_ai_shock_hedge,"AI capex 기대와 반도체 모멘텀이 꺾이면서 미국 성장주와 한국 반도체 대형주가 동시에 압박받는 장세입니다. SOXX, AI leader basket, 한국 반도체 basket의 동반 약세와 원화 압력을 함께 봅니다."
IYR,IYR,equity_etf,korea_domestic_financial_stress,Korea Domestic Financial Stress,한국 내수 금융스트레스장,korea_market,-0.054668,-7.5e-05,0.0,negative,0.054668,low,61.630274,rolling_beta,v3,1,1110,1110,5,seed,pass,Y,,2026-06-09,1,0.401006,0.0,medium,N,context only: source_quality=seed,context only: source_quality=seed,-0.045738,-0.045661,-7.5e-05,korea_financial_stress_hedge,"가계부채, 부동산 PF, 비은행권, 금융주와 건설주 스트레스가 한국 자산 전반으로 번지는 장세입니다. 금융/건설 basket, 신용 spread, 단기자금 spread, 원화 약세를 함께 점검합니다."
IYR,IYR,equity_etf,geopolitical_escalation_supply_shock,Geopolitical Escalation / Supply Shock,지정학 확전·공급충격장,geopolitical,-0.02422,-7.5e-05,0.751698,neutral,0.02422,low,65.604388,rolling_beta,v3,1,1110,1110,3,manual,pass,Y,,2026-06-09,1,0.398559,0.0,medium,N,context only: source_quality=manual,context only: source_quality=manual,0.071628,,-7.5e-05,geopolitical_supply_shock_hedge,"전쟁, 제재, 해상로 차질, 대만·중동·한반도 긴장처럼 유가·금·방산·변동성이 동시에 움직이는 이벤트성 충격 장세입니다. 뉴스 overlay는 가격 신호를 보강하는 용도로만 해석합니다."
IYR,IYR,equity_etf,slowdown_recession_deflation_risk,Slowdown / Recession / Deflation Risk,경기둔화/침체 우려장,us_global,0.141226,-7.5e-05,0.784183,positive,0.141226,low,72.589407,rolling_beta,v3,1,1261,1261,3,market,pass,N,,2026-06-09,0,0.0,0.0,high,N,scenario inactive,inactive scenario,0.751698,0.784183,-7.5e-05,slowdown_vulnerable,수요 둔화와 침체/디플레이션 압력이 커지는 방어적 장세입니다. 주식 beta와 신용위험을 보수적으로 봅니다.
IYR,IYR,equity_etf,stagflation_reinflation_energy_shock,Stagflation / Reinflation / Energy Shock,물가·에너지 재상승장,us_global,0.464968,-7.5e-05,0.751698,positive,0.464968,medium,72.540929,rolling_beta,v3,1,1261,1261,2,market,pass,N,,2026-06-09,0,0.0,0.0,high,N,scenario inactive,inactive scenario,0.071628,,-7.5e-05,stagflation_vulnerable,성장 부담이 있는데 유가·원자재·인플레이션 압력이 다시 커지는 장세입니다. 에너지/원자재 수혜와 장기채 부담을 함께 봅니다.
IYR,IYR,equity_etf,soft_landing_goldilocks,Soft Landing / Goldilocks,우호적 위험선호장,us_global,0.751698,-7.5e-05,0.784183,positive,0.751698,high,65.4571,rolling_beta,v3,1,1261,1261,3,market,pass,N,,2026-06-09,0,0.0,0.0,high,N,non-adverse scenario,inactive scenario,0.751698,0.784183,-7.5e-05,risk_on_participation,우호적 위험선호장 참여 민감도
JNJ,JNJ,us_stock,usd_strength_krw_weakness,USD Strength / KRW Weakness,달러강세/원화약세장,fx_krw,-0.257977,0.000623,0.0,negative,0.257977,low,70.962151,rolling_beta,v3,1,1110,1110,4,market,pass,N,,2026-06-09,1,0.975204,0.975204,high,Y,trade-gated adverse scenario with medium/high evidence,active market context,0.937704,-0.101222,0.000623,krw_weakness_hedge,달러가 강하고 원화가 약해져 KRW 기준 투자자의 환율 리스크가 커지는 장세입니다. 한국 자산과 USD 노출의 역할을 분리해 봅니다.
JNJ,JNJ,us_stock,china_trade_fragmentation_shock,China / Trade Fragmentation Shock,중국·무역분절 충격장,china_asia,-0.041965,0.000623,0.0,neutral,0.041965,low,65.435166,rolling_beta,v3,1,1110,1110,5,market,pass,N,,2026-06-09,1,0.963122,0.963122,high,Y,trade-gated adverse scenario with medium/high evidence,active market context,-0.123628,-0.101222,0.000623,china_asia_shock_hedge,중국 경기·무역갈등·공급망 충격이 한국/아시아와 반도체 자산에 번지는 장세입니다. 한국 반도체 factor와 원화 약세를 함께 확인합니다.
JNJ,JNJ,us_stock,acute_global_stress_liquidity_crunch,Acute Global Stress / Liquidity Crunch,급성 리스크오프/유동성 경색장,us_global,-0.125599,0.000623,0.330653,negative,0.125599,low,76.127067,rolling_beta,v3,1,1261,1261,3,market,pass,N,,2026-06-09,1,0.942163,0.942163,high,Y,trade-gated adverse scenario with medium/high evidence,active market context,0.368092,0.330653,0.000623,liquidity_stress_defense,변동성이 튀고 위험자산이 동반 약세를 보이는 단기 스트레스 장세입니다. 상관관계 상승과 유동성 악화를 우선 점검합니다.
JNJ,JNJ,us_stock,higher_for_longer_long_rate_shock,Higher-for-Longer / Long-Rate Shock,장기금리 부담장,us_global,0.552451,0.000623,0.330653,positive,0.552451,medium,62.128209,rolling_beta,v3,1,1261,1261,3,market,pass,N,,2026-06-09,1,0.908767,0.908767,high,Y,trade-gated adverse scenario with medium/high evidence,active market context,0.368092,0.330653,0.000623,rate_sensitive,장기금리와 달러 강세 부담이 채권·성장주·신용자산을 압박하는 장세입니다. 고밸류 성장주와 반도체 factor 민감도를 점검합니다.
JNJ,JNJ,us_stock,semiconductor_ai_cycle_shock,Semiconductor / AI Cycle Shock,AI·반도체 사이클 충격장,korea_semiconductor,-0.260776,0.000623,0.0,negative,0.260776,low,43.672,rolling_beta,v3,1,1110,1110,6,market,pass,N,,2026-06-09,1,0.377914,0.0,medium,N,context only: WATCH state,context only: WATCH state,0.021619,-0.090548,0.000623,semiconductor_ai_shock_hedge,"AI capex 기대와 반도체 모멘텀이 꺾이면서 미국 성장주와 한국 반도체 대형주가 동시에 압박받는 장세입니다. SOXX, AI leader basket, 한국 반도체 basket의 동반 약세와 원화 압력을 함께 봅니다."
JNJ,JNJ,us_stock,korea_domestic_financial_stress,Korea Domestic Financial Stress,한국 내수 금융스트레스장,korea_market,-0.374928,0.000623,0.0,negative,0.374928,medium,61.630274,rolling_beta,v3,1,1110,1110,5,seed,pass,Y,,2026-06-09,1,0.401006,0.0,medium,N,context only: source_quality=seed,context only: source_quality=seed,-0.123628,-0.101222,0.000623,korea_financial_stress_hedge,"가계부채, 부동산 PF, 비은행권, 금융주와 건설주 스트레스가 한국 자산 전반으로 번지는 장세입니다. 금융/건설 basket, 신용 spread, 단기자금 spread, 원화 약세를 함께 점검합니다."
JNJ,JNJ,us_stock,geopolitical_escalation_supply_shock,Geopolitical Escalation / Supply Shock,지정학 확전·공급충격장,geopolitical,-0.123815,0.000623,0.368092,negative,0.123815,low,65.604388,rolling_beta,v3,1,1110,1110,3,manual,pass,Y,,2026-06-09,1,0.398559,0.0,medium,N,context only: source_quality=manual,context only: source_quality=manual,0.046288,,0.000623,geopolitical_supply_shock_hedge,"전쟁, 제재, 해상로 차질, 대만·중동·한반도 긴장처럼 유가·금·방산·변동성이 동시에 움직이는 이벤트성 충격 장세입니다. 뉴스 overlay는 가격 신호를 보강하는 용도로만 해석합니다."
JNJ,JNJ,us_stock,slowdown_recession_deflation_risk,Slowdown / Recession / Deflation Risk,경기둔화/침체 우려장,us_global,-0.132557,0.000623,0.330653,negative,0.132557,low,72.589407,rolling_beta,v3,1,1261,1261,3,market,pass,N,,2026-06-09,0,0.0,0.0,high,N,scenario inactive,inactive scenario,0.368092,0.330653,0.000623,slowdown_defense,수요 둔화와 침체/디플레이션 압력이 커지는 방어적 장세입니다. 주식 beta와 신용위험을 보수적으로 봅니다.
JNJ,JNJ,us_stock,stagflation_reinflation_energy_shock,Stagflation / Reinflation / Energy Shock,물가·에너지 재상승장,us_global,0.313249,0.000623,0.368092,positive,0.313249,medium,72.540929,rolling_beta,v3,1,1261,1261,2,market,pass,N,,2026-06-09,0,0.0,0.0,high,N,scenario inactive,inactive scenario,0.046288,,0.000623,stagflation_vulnerable,성장 부담이 있는데 유가·원자재·인플레이션 압력이 다시 커지는 장세입니다. 에너지/원자재 수혜와 장기채 부담을 함께 봅니다.
JNJ,JNJ,us_stock,soft_landing_goldilocks,Soft Landing / Goldilocks,우호적 위험선호장,us_global,0.368092,0.000623,0.330653,positive,0.368092,medium,65.4571,rolling_beta,v3,1,1261,1261,3,market,pass,N,,2026-06-09,0,0.0,0.0,high,N,non-adverse scenario,inactive scenario,0.368092,0.330653,0.000623,risk_on_participation,우호적 위험선호장 참여 민감도
JPM,JPM,us_stock,usd_strength_krw_weakness,USD Strength / KRW Weakness,달러강세/원화약세장,fx_krw,-0.117429,0.0027,0.0,negative,0.117429,low,70.962151,rolling_beta,v3,1,1110,1110,4,market,pass,N,,2026-06-09,1,0.975204,0.975204,high,Y,trade-gated adverse scenario with medium/high evidence,active market context,0.7291,-0.031111,0.0027,krw_weakness_hedge,달러가 강하고 원화가 약해져 KRW 기준 투자자의 환율 리스크가 커지는 장세입니다. 한국 자산과 USD 노출의 역할을 분리해 봅니다.
JPM,JPM,us_stock,china_trade_fragmentation_shock,China / Trade Fragmentation Shock,중국·무역분절 충격장,china_asia,0.018562,0.0027,0.0,neutral,0.018562,low,65.435166,rolling_beta,v3,1,1110,1110,5,market,pass,N,,2026-06-09,1,0.963122,0.963122,high,Y,trade-gated adverse scenario with medium/high evidence,active market context,-0.017104,-0.031111,0.0027,china_asia_shock_vulnerable,중국 경기·무역갈등·공급망 충격이 한국/아시아와 반도체 자산에 번지는 장세입니다. 한국 반도체 factor와 원화 약세를 함께 확인합니다.
JPM,JPM,us_stock,acute_global_stress_liquidity_crunch,Acute Global Stress / Liquidity Crunch,급성 리스크오프/유동성 경색장,us_global,0.090166,0.0027,0.945363,positive,0.090166,low,76.127067,rolling_beta,v3,1,1261,1261,3,market,pass,N,,2026-06-09,1,0.942163,0.942163,high,Y,trade-gated adverse scenario with medium/high evidence,active market context,0.930283,0.945363,0.0027,liquidity_stress_vulnerable,변동성이 튀고 위험자산이 동반 약세를 보이는 단기 스트레스 장세입니다. 상관관계 상승과 유동성 악화를 우선 점검합니다.
JPM,JPM,us_stock,higher_for_longer_long_rate_shock,Higher-for-Longer / Long-Rate Shock,장기금리 부담장,us_global,0.861656,0.0027,0.945363,positive,0.861656,high,62.128209,rolling_beta,v3,1,1261,1261,3,market,pass,N,,2026-06-09,1,0.908767,0.908767,high,Y,trade-gated adverse scenario with medium/high evidence,active market context,0.930283,0.945363,0.0027,rate_sensitive,장기금리와 달러 강세 부담이 채권·성장주·신용자산을 압박하는 장세입니다. 고밸류 성장주와 반도체 factor 민감도를 점검합니다.
JPM,JPM,us_stock,semiconductor_ai_cycle_shock,Semiconductor / AI Cycle Shock,AI·반도체 사이클 충격장,korea_semiconductor,-0.030226,0.0027,0.329196,neutral,0.030226,low,43.672,rolling_beta,v3,1,1110,1110,6,market,pass,N,,2026-06-09,1,0.377914,0.0,medium,N,context only: WATCH state,context only: WATCH state,0.303612,0.329196,0.0027,semiconductor_ai_shock_hedge,"AI capex 기대와 반도체 모멘텀이 꺾이면서 미국 성장주와 한국 반도체 대형주가 동시에 압박받는 장세입니다. SOXX, AI leader basket, 한국 반도체 basket의 동반 약세와 원화 압력을 함께 봅니다."
JPM,JPM,us_stock,korea_domestic_financial_stress,Korea Domestic Financial Stress,한국 내수 금융스트레스장,korea_market,-0.003885,0.0027,0.0,neutral,0.003885,low,61.630274,rolling_beta,v3,1,1110,1110,5,seed,pass,Y,,2026-06-09,1,0.401006,0.0,medium,N,context only: source_quality=seed,context only: source_quality=seed,-0.017104,-0.031111,0.0027,korea_financial_stress_hedge,"가계부채, 부동산 PF, 비은행권, 금융주와 건설주 스트레스가 한국 자산 전반으로 번지는 장세입니다. 금융/건설 basket, 신용 spread, 단기자금 spread, 원화 약세를 함께 점검합니다."
JPM,JPM,us_stock,geopolitical_escalation_supply_shock,Geopolitical Escalation / Supply Shock,지정학 확전·공급충격장,geopolitical,-0.011326,0.0027,0.930283,neutral,0.011326,low,65.604388,rolling_beta,v3,1,1110,1110,3,manual,pass,Y,,2026-06-09,1,0.398559,0.0,medium,N,context only: source_quality=manual,context only: source_quality=manual,0.122579,,0.0027,geopolitical_supply_shock_hedge,"전쟁, 제재, 해상로 차질, 대만·중동·한반도 긴장처럼 유가·금·방산·변동성이 동시에 움직이는 이벤트성 충격 장세입니다. 뉴스 overlay는 가격 신호를 보강하는 용도로만 해석합니다."
JPM,JPM,us_stock,slowdown_recession_deflation_risk,Slowdown / Recession / Deflation Risk,경기둔화/침체 우려장,us_global,0.160192,0.0027,0.945363,positive,0.160192,low,72.589407,rolling_beta,v3,1,1261,1261,3,market,pass,N,,2026-06-09,0,0.0,0.0,high,N,scenario inactive,inactive scenario,0.930283,0.945363,0.0027,slowdown_vulnerable,수요 둔화와 침체/디플레이션 압력이 커지는 방어적 장세입니다. 주식 beta와 신용위험을 보수적으로 봅니다.
JPM,JPM,us_stock,stagflation_reinflation_energy_shock,Stagflation / Reinflation / Energy Shock,물가·에너지 재상승장,us_global,0.458105,0.0027,0.930283,positive,0.458105,medium,72.540929,rolling_beta,v3,1,1261,1261,2,market,pass,N,,2026-06-09,0,0.0,0.0,high,N,scenario inactive,inactive scenario,0.122579,,0.0027,stagflation_vulnerable,성장 부담이 있는데 유가·원자재·인플레이션 압력이 다시 커지는 장세입니다. 에너지/원자재 수혜와 장기채 부담을 함께 봅니다.
JPM,JPM,us_stock,soft_landing_goldilocks,Soft Landing / Goldilocks,우호적 위험선호장,us_global,0.930283,0.0027,0.945363,positive,0.930283,high,65.4571,rolling_beta,v3,1,1261,1261,3,market,pass,N,,2026-06-09,0,0.0,0.0,high,N,non-adverse scenario,inactive scenario,0.930283,0.945363,0.0027,risk_on_participation,우호적 위험선호장 참여 민감도
KO,KO,us_stock,usd_strength_krw_weakness,USD Strength / KRW Weakness,달러강세/원화약세장,fx_krw,-0.242188,-0.000875,0.0,negative,0.242188,low,70.962151,rolling_beta,v3,1,1110,1110,4,market,pass,N,,2026-06-09,1,0.975204,0.975204,high,Y,trade-gated adverse scenario with medium/high evidence,active market context,0.883243,-0.126712,-0.000875,krw_weakness_hedge,달러가 강하고 원화가 약해져 KRW 기준 투자자의 환율 리스크가 커지는 장세입니다. 한국 자산과 USD 노출의 역할을 분리해 봅니다.
KO,KO,us_stock,china_trade_fragmentation_shock,China / Trade Fragmentation Shock,중국·무역분절 충격장,china_asia,0.008119,-0.000875,0.0,neutral,0.008119,low,65.435166,rolling_beta,v3,1,1110,1110,5,market,pass,N,,2026-06-09,1,0.963122,0.963122,high,Y,trade-gated adverse scenario with medium/high evidence,active market context,-0.102053,-0.126712,-0.000875,china_asia_shock_vulnerable,중국 경기·무역갈등·공급망 충격이 한국/아시아와 반도체 자산에 번지는 장세입니다. 한국 반도체 factor와 원화 약세를 함께 확인합니다.
KO,KO,us_stock,acute_global_stress_liquidity_crunch,Acute Global Stress / Liquidity Crunch,급성 리스크오프/유동성 경색장,us_global,-0.023448,-0.000875,0.443391,neutral,0.023448,low,76.127067,rolling_beta,v3,1,1261,1261,3,market,pass,N,,2026-06-09,1,0.942163,0.942163,high,Y,trade-gated adverse scenario with medium/high evidence,active market context,0.43125,0.443391,-0.000875,liquidity_stress_defense,변동성이 튀고 위험자산이 동반 약세를 보이는 단기 스트레스 장세입니다. 상관관계 상승과 유동성 악화를 우선 점검합니다.
KO,KO,us_stock,higher_for_longer_long_rate_shock,Higher-for-Longer / Long-Rate Shock,장기금리 부담장,us_global,0.587187,-0.000875,0.443391,positive,0.587187,medium,62.128209,rolling_beta,v3,1,1261,1261,3,market,pass,N,,2026-06-09,1,0.908767,0.908767,high,Y,trade-gated adverse scenario with medium/high evidence,active market context,0.43125,0.443391,-0.000875,rate_sensitive,장기금리와 달러 강세 부담이 채권·성장주·신용자산을 압박하는 장세입니다. 고밸류 성장주와 반도체 factor 민감도를 점검합니다.
KO,KO,us_stock,semiconductor_ai_cycle_shock,Semiconductor / AI Cycle Shock,AI·반도체 사이클 충격장,korea_semiconductor,-0.228147,-0.000875,0.0,negative,0.228147,low,43.672,rolling_beta,v3,1,1110,1110,6,market,pass,N,,2026-06-09,1,0.377914,0.0,medium,N,context only: WATCH state,context only: WATCH state,0.049951,-0.007403,-0.000875,semiconductor_ai_shock_hedge,"AI capex 기대와 반도체 모멘텀이 꺾이면서 미국 성장주와 한국 반도체 대형주가 동시에 압박받는 장세입니다. SOXX, AI leader basket, 한국 반도체 basket의 동반 약세와 원화 압력을 함께 봅니다."
KO,KO,us_stock,korea_domestic_financial_stress,Korea Domestic Financial Stress,한국 내수 금융스트레스장,korea_market,-0.345644,-0.000875,0.0,negative,0.345644,medium,61.630274,rolling_beta,v3,1,1110,1110,5,seed,pass,Y,,2026-06-09,1,0.401006,0.0,medium,N,context only: source_quality=seed,context only: source_quality=seed,-0.102053,-0.126712,-0.000875,korea_financial_stress_hedge,"가계부채, 부동산 PF, 비은행권, 금융주와 건설주 스트레스가 한국 자산 전반으로 번지는 장세입니다. 금융/건설 basket, 신용 spread, 단기자금 spread, 원화 약세를 함께 점검합니다."
KO,KO,us_stock,geopolitical_escalation_supply_shock,Geopolitical Escalation / Supply Shock,지정학 확전·공급충격장,geopolitical,-0.073485,-0.000875,0.43125,negative,0.073485,low,65.604388,rolling_beta,v3,1,1110,1110,3,manual,pass,Y,,2026-06-09,1,0.398559,0.0,medium,N,context only: source_quality=manual,context only: source_quality=manual,0.076872,,-0.000875,geopolitical_supply_shock_hedge,"전쟁, 제재, 해상로 차질, 대만·중동·한반도 긴장처럼 유가·금·방산·변동성이 동시에 움직이는 이벤트성 충격 장세입니다. 뉴스 overlay는 가격 신호를 보강하는 용도로만 해석합니다."
KO,KO,us_stock,slowdown_recession_deflation_risk,Slowdown / Recession / Deflation Risk,경기둔화/침체 우려장,us_global,-0.03907,-0.000875,0.443391,neutral,0.03907,low,72.589407,rolling_beta,v3,1,1261,1261,3,market,pass,N,,2026-06-09,0,0.0,0.0,high,N,scenario inactive,inactive scenario,0.43125,0.443391,-0.000875,slowdown_defense,수요 둔화와 침체/디플레이션 압력이 커지는 방어적 장세입니다. 주식 beta와 신용위험을 보수적으로 봅니다.
KO,KO,us_stock,stagflation_reinflation_energy_shock,Stagflation / Reinflation / Energy Shock,물가·에너지 재상승장,us_global,0.372807,-0.000875,0.43125,positive,0.372807,medium,72.540929,rolling_beta,v3,1,1261,1261,2,market,pass,N,,2026-06-09,0,0.0,0.0,high,N,scenario inactive,inactive scenario,0.076872,,-0.000875,stagflation_vulnerable,성장 부담이 있는데 유가·원자재·인플레이션 압력이 다시 커지는 장세입니다. 에너지/원자재 수혜와 장기채 부담을 함께 봅니다.
KO,KO,us_stock,soft_landing_goldilocks,Soft Landing / Goldilocks,우호적 위험선호장,us_global,0.43125,-0.000875,0.443391,positive,0.43125,medium,65.4571,rolling_beta,v3,1,1261,1261,3,market,pass,N,,2026-06-09,0,0.0,0.0,high,N,non-adverse scenario,inactive scenario,0.43125,0.443391,-0.000875,risk_on_participation,우호적 위험선호장 참여 민감도
KRE,KRE,equity_etf,usd_strength_krw_weakness,USD Strength / KRW Weakness,달러강세/원화약세장,fx_krw,-0.079071,0.001922,0.0,negative,0.079071,low,70.962151,rolling_beta,v3,1,1110,1110,4,market,pass,N,,2026-06-09,1,0.975204,0.975204,high,Y,trade-gated adverse scenario with medium/high evidence,active market context,0.726826,-0.049505,0.001922,krw_weakness_hedge,달러가 강하고 원화가 약해져 KRW 기준 투자자의 환율 리스크가 커지는 장세입니다. 한국 자산과 USD 노출의 역할을 분리해 봅니다.
KRE,KRE,equity_etf,china_trade_fragmentation_shock,China / Trade Fragmentation Shock,중국·무역분절 충격장,china_asia,0.0687,0.001922,0.0,positive,0.0687,low,65.435166,rolling_beta,v3,1,1110,1110,5,market,pass,N,,2026-06-09,1,0.963122,0.963122,high,Y,trade-gated adverse scenario with medium/high evidence,active market context,-0.059594,-0.049505,0.001922,china_asia_shock_vulnerable,중국 경기·무역갈등·공급망 충격이 한국/아시아와 반도체 자산에 번지는 장세입니다. 한국 반도체 factor와 원화 약세를 함께 확인합니다.
KRE,KRE,equity_etf,acute_global_stress_liquidity_crunch,Acute Global Stress / Liquidity Crunch,급성 리스크오프/유동성 경색장,us_global,0.209567,0.001922,0.980592,positive,0.209567,low,76.127067,rolling_beta,v3,1,1261,1261,3,market,pass,N,,2026-06-09,1,0.942163,0.942163,high,Y,trade-gated adverse scenario with medium/high evidence,active market context,1.083717,0.980592,0.001922,liquidity_stress_vulnerable,변동성이 튀고 위험자산이 동반 약세를 보이는 단기 스트레스 장세입니다. 상관관계 상승과 유동성 악화를 우선 점검합니다.
KRE,KRE,equity_etf,higher_for_longer_long_rate_shock,Higher-for-Longer / Long-Rate Shock,장기금리 부담장,us_global,0.946045,0.001922,0.980592,positive,0.946045,high,62.128209,rolling_beta,v3,1,1261,1261,3,market,pass,N,,2026-06-09,1,0.908767,0.908767,high,Y,trade-gated adverse scenario with medium/high evidence,active market context,1.083717,0.980592,0.001922,rate_sensitive,장기금리와 달러 강세 부담이 채권·성장주·신용자산을 압박하는 장세입니다. 고밸류 성장주와 반도체 factor 민감도를 점검합니다.
KRE,KRE,equity_etf,semiconductor_ai_cycle_shock,Semiconductor / AI Cycle Shock,AI·반도체 사이클 충격장,korea_semiconductor,0.027564,0.001922,0.346889,neutral,0.027564,low,43.672,rolling_beta,v3,1,1110,1110,6,market,pass,N,,2026-06-09,1,0.377914,0.0,medium,N,context only: WATCH state,context only: WATCH state,0.379217,0.346889,0.001922,semiconductor_ai_shock_vulnerable,"AI capex 기대와 반도체 모멘텀이 꺾이면서 미국 성장주와 한국 반도체 대형주가 동시에 압박받는 장세입니다. SOXX, AI leader basket, 한국 반도체 basket의 동반 약세와 원화 압력을 함께 봅니다."
KRE,KRE,equity_etf,korea_domestic_financial_stress,Korea Domestic Financial Stress,한국 내수 금융스트레스장,korea_market,0.010981,0.001922,0.0,neutral,0.010981,low,61.630274,rolling_beta,v3,1,1110,1110,5,seed,pass,Y,,2026-06-09,1,0.401006,0.0,medium,N,context only: source_quality=seed,context only: source_quality=seed,-0.059594,-0.049505,0.001922,korea_financial_stress_vulnerable,"가계부채, 부동산 PF, 비은행권, 금융주와 건설주 스트레스가 한국 자산 전반으로 번지는 장세입니다. 금융/건설 basket, 신용 spread, 단기자금 spread, 원화 약세를 함께 점검합니다."
KRE,KRE,equity_etf,geopolitical_escalation_supply_shock,Geopolitical Escalation / Supply Shock,지정학 확전·공급충격장,geopolitical,0.066374,0.001922,1.083717,positive,0.066374,low,65.604388,rolling_beta,v3,1,1110,1110,3,manual,pass,Y,,2026-06-09,1,0.398559,0.0,medium,N,context only: source_quality=manual,context only: source_quality=manual,0.132848,,0.001922,geopolitical_supply_shock_vulnerable,"전쟁, 제재, 해상로 차질, 대만·중동·한반도 긴장처럼 유가·금·방산·변동성이 동시에 움직이는 이벤트성 충격 장세입니다. 뉴스 overlay는 가격 신호를 보강하는 용도로만 해석합니다."
KRE,KRE,equity_etf,slowdown_recession_deflation_risk,Slowdown / Recession / Deflation Risk,경기둔화/침체 우려장,us_global,0.287156,0.001922,0.980592,positive,0.287156,low,72.589407,rolling_beta,v3,1,1261,1261,3,market,pass,N,,2026-06-09,0,0.0,0.0,high,N,scenario inactive,inactive scenario,1.083717,0.980592,0.001922,slowdown_vulnerable,수요 둔화와 침체/디플레이션 압력이 커지는 방어적 장세입니다. 주식 beta와 신용위험을 보수적으로 봅니다.
KRE,KRE,equity_etf,stagflation_reinflation_energy_shock,Stagflation / Reinflation / Energy Shock,물가·에너지 재상승장,us_global,0.531258,0.001922,1.083717,positive,0.531258,medium,72.540929,rolling_beta,v3,1,1261,1261,2,market,pass,N,,2026-06-09,0,0.0,0.0,high,N,scenario inactive,inactive scenario,0.132848,,0.001922,stagflation_vulnerable,성장 부담이 있는데 유가·원자재·인플레이션 압력이 다시 커지는 장세입니다. 에너지/원자재 수혜와 장기채 부담을 함께 봅니다.
KRE,KRE,equity_etf,soft_landing_goldilocks,Soft Landing / Goldilocks,우호적 위험선호장,us_global,1.083717,0.001922,0.980592,positive,1.083717,high,65.4571,rolling_beta,v3,1,1261,1261,3,market,pass,N,,2026-06-09,0,0.0,0.0,high,N,non-adverse scenario,inactive scenario,1.083717,0.980592,0.001922,risk_on_participation,우호적 위험선호장 참여 민감도
LLY,LLY,us_stock,usd_strength_krw_weakness,USD Strength / KRW Weakness,달러강세/원화약세장,fx_krw,-0.174384,0.005255,0.0,negative,0.174384,low,70.962151,rolling_beta,v3,1,1110,1110,4,market,pass,N,,2026-06-09,1,0.975204,0.975204,high,Y,trade-gated adverse scenario with medium/high evidence,active market context,0.886616,-0.055116,0.005255,krw_weakness_hedge,달러가 강하고 원화가 약해져 KRW 기준 투자자의 환율 리스크가 커지는 장세입니다. 한국 자산과 USD 노출의 역할을 분리해 봅니다.
LLY,LLY,us_stock,china_trade_fragmentation_shock,China / Trade Fragmentation Shock,중국·무역분절 충격장,china_asia,-0.090879,0.005255,0.0,negative,0.090879,low,65.435166,rolling_beta,v3,1,1110,1110,5,market,pass,N,,2026-06-09,1,0.963122,0.963122,high,Y,trade-gated adverse scenario with medium/high evidence,active market context,-0.090412,-0.055116,0.005255,china_asia_shock_hedge,중국 경기·무역갈등·공급망 충격이 한국/아시아와 반도체 자산에 번지는 장세입니다. 한국 반도체 factor와 원화 약세를 함께 확인합니다.
LLY,LLY,us_stock,acute_global_stress_liquidity_crunch,Acute Global Stress / Liquidity Crunch,급성 리스크오프/유동성 경색장,us_global,-0.150113,0.005255,0.676289,negative,0.150113,low,76.127067,rolling_beta,v3,1,1261,1261,3,market,pass,N,,2026-06-09,1,0.942163,0.942163,high,Y,trade-gated adverse scenario with medium/high evidence,active market context,0.702463,0.676289,0.005255,liquidity_stress_defense,변동성이 튀고 위험자산이 동반 약세를 보이는 단기 스트레스 장세입니다. 상관관계 상승과 유동성 악화를 우선 점검합니다.
LLY,LLY,us_stock,higher_for_longer_long_rate_shock,Higher-for-Longer / Long-Rate Shock,장기금리 부담장,us_global,0.736355,0.005255,0.676289,positive,0.736355,medium,62.128209,rolling_beta,v3,1,1261,1261,3,market,pass,N,,2026-06-09,1,0.908767,0.908767,high,Y,trade-gated adverse scenario with medium/high evidence,active market context,0.702463,0.676289,0.005255,rate_sensitive,장기금리와 달러 강세 부담이 채권·성장주·신용자산을 압박하는 장세입니다. 고밸류 성장주와 반도체 factor 민감도를 점검합니다.
LLY,LLY,us_stock,semiconductor_ai_cycle_shock,Semiconductor / AI Cycle Shock,AI·반도체 사이클 충격장,korea_semiconductor,-0.153554,0.005255,0.20519,negative,0.153554,low,43.672,rolling_beta,v3,1,1110,1110,6,market,pass,N,,2026-06-09,1,0.377914,0.0,medium,N,context only: WATCH state,context only: WATCH state,0.193627,0.20519,0.005255,semiconductor_ai_shock_hedge,"AI capex 기대와 반도체 모멘텀이 꺾이면서 미국 성장주와 한국 반도체 대형주가 동시에 압박받는 장세입니다. SOXX, AI leader basket, 한국 반도체 basket의 동반 약세와 원화 압력을 함께 봅니다."
LLY,LLY,us_stock,korea_domestic_financial_stress,Korea Domestic Financial Stress,한국 내수 금융스트레스장,korea_market,-0.498379,0.005255,0.0,negative,0.498379,medium,61.630274,rolling_beta,v3,1,1110,1110,5,seed,pass,Y,,2026-06-09,1,0.401006,0.0,medium,N,context only: source_quality=seed,context only: source_quality=seed,-0.090412,-0.055116,0.005255,korea_financial_stress_hedge,"가계부채, 부동산 PF, 비은행권, 금융주와 건설주 스트레스가 한국 자산 전반으로 번지는 장세입니다. 금융/건설 basket, 신용 spread, 단기자금 spread, 원화 약세를 함께 점검합니다."
LLY,LLY,us_stock,geopolitical_escalation_supply_shock,Geopolitical Escalation / Supply Shock,지정학 확전·공급충격장,geopolitical,-0.130114,0.005255,0.702463,negative,0.130114,low,65.604388,rolling_beta,v3,1,1110,1110,3,manual,pass,Y,,2026-06-09,1,0.398559,0.0,medium,N,context only: source_quality=manual,context only: source_quality=manual,0.033633,,0.005255,geopolitical_supply_shock_hedge,"전쟁, 제재, 해상로 차질, 대만·중동·한반도 긴장처럼 유가·금·방산·변동성이 동시에 움직이는 이벤트성 충격 장세입니다. 뉴스 overlay는 가격 신호를 보강하는 용도로만 해석합니다."
LLY,LLY,us_stock,slowdown_recession_deflation_risk,Slowdown / Recession / Deflation Risk,경기둔화/침체 우려장,us_global,-0.077319,0.005255,0.676289,negative,0.077319,low,72.589407,rolling_beta,v3,1,1261,1261,3,market,pass,N,,2026-06-09,0,0.0,0.0,high,N,scenario inactive,inactive scenario,0.702463,0.676289,0.005255,slowdown_defense,수요 둔화와 침체/디플레이션 압력이 커지는 방어적 장세입니다. 주식 beta와 신용위험을 보수적으로 봅니다.
LLY,LLY,us_stock,stagflation_reinflation_energy_shock,Stagflation / Reinflation / Energy Shock,물가·에너지 재상승장,us_global,0.314491,0.005255,0.702463,positive,0.314491,medium,72.540929,rolling_beta,v3,1,1261,1261,2,market,pass,N,,2026-06-09,0,0.0,0.0,high,N,scenario inactive,inactive scenario,0.033633,,0.005255,stagflation_vulnerable,성장 부담이 있는데 유가·원자재·인플레이션 압력이 다시 커지는 장세입니다. 에너지/원자재 수혜와 장기채 부담을 함께 봅니다.
LLY,LLY,us_stock,soft_landing_goldilocks,Soft Landing / Goldilocks,우호적 위험선호장,us_global,0.702463,0.005255,0.676289,positive,0.702463,medium,65.4571,rolling_beta,v3,1,1261,1261,3,market,pass,N,,2026-06-09,0,0.0,0.0,high,N,non-adverse scenario,inactive scenario,0.702463,0.676289,0.005255,risk_on_participation,우호적 위험선호장 참여 민감도
LQD,LQD,bond_etf,usd_strength_krw_weakness,USD Strength / KRW Weakness,달러강세/원화약세장,fx_krw,-0.269852,-0.000199,0.0,negative,0.269852,low,70.962151,rolling_beta,v3,1,1110,1110,4,market,pass,N,,2026-06-09,1,0.975204,0.975204,high,Y,trade-gated adverse scenario with medium/high evidence,active market context,0.819664,-0.109927,-0.000199,krw_weakness_hedge,달러가 강하고 원화가 약해져 KRW 기준 투자자의 환율 리스크가 커지는 장세입니다. 한국 자산과 USD 노출의 역할을 분리해 봅니다.
LQD,LQD,bond_etf,china_trade_fragmentation_shock,China / Trade Fragmentation Shock,중국·무역분절 충격장,china_asia,-0.030902,-0.000199,0.0,neutral,0.030902,low,65.435166,rolling_beta,v3,1,1110,1110,5,market,pass,N,,2026-06-09,1,0.963122,0.963122,high,Y,trade-gated adverse scenario with medium/high evidence,active market context,-0.087485,-0.109927,-0.000199,china_asia_shock_hedge,중국 경기·무역갈등·공급망 충격이 한국/아시아와 반도체 자산에 번지는 장세입니다. 한국 반도체 factor와 원화 약세를 함께 확인합니다.
LQD,LQD,bond_etf,acute_global_stress_liquidity_crunch,Acute Global Stress / Liquidity Crunch,급성 리스크오프/유동성 경색장,us_global,-0.114711,-0.000199,0.260988,negative,0.114711,low,76.127067,rolling_beta,v3,1,1261,1261,3,market,pass,N,,2026-06-09,1,0.942163,0.942163,high,Y,trade-gated adverse scenario with medium/high evidence,active market context,0.320593,0.260988,-0.000199,liquidity_stress_defense,변동성이 튀고 위험자산이 동반 약세를 보이는 단기 스트레스 장세입니다. 상관관계 상승과 유동성 악화를 우선 점검합니다.
LQD,LQD,bond_etf,higher_for_longer_long_rate_shock,Higher-for-Longer / Long-Rate Shock,장기금리 부담장,us_global,0.526326,-0.000199,0.260988,positive,0.526326,medium,62.128209,rolling_beta,v3,1,1261,1261,3,market,pass,N,,2026-06-09,1,0.908767,0.908767,high,Y,trade-gated adverse scenario with medium/high evidence,active market context,0.320593,0.260988,-0.000199,rate_sensitive,장기금리와 달러 강세 부담이 채권·성장주·신용자산을 압박하는 장세입니다. 고밸류 성장주와 반도체 factor 민감도를 점검합니다.
LQD,LQD,bond_etf,semiconductor_ai_cycle_shock,Semiconductor / AI Cycle Shock,AI·반도체 사이클 충격장,korea_semiconductor,-0.215213,-0.000199,0.059993,negative,0.215213,low,43.672,rolling_beta,v3,1,1110,1110,6,market,pass,N,,2026-06-09,1,0.377914,0.0,medium,N,context only: WATCH state,context only: WATCH state,0.089344,0.059993,-0.000199,semiconductor_ai_shock_hedge,"AI capex 기대와 반도체 모멘텀이 꺾이면서 미국 성장주와 한국 반도체 대형주가 동시에 압박받는 장세입니다. SOXX, AI leader basket, 한국 반도체 basket의 동반 약세와 원화 압력을 함께 봅니다."
LQD,LQD,bond_etf,korea_domestic_financial_stress,Korea Domestic Financial Stress,한국 내수 금융스트레스장,korea_market,-0.272071,-0.000199,0.0,negative,0.272071,low,61.630274,rolling_beta,v3,1,1110,1110,5,seed,pass,Y,,2026-06-09,1,0.401006,0.0,medium,N,context only: source_quality=seed,context only: source_quality=seed,-0.087485,-0.109927,-0.000199,korea_financial_stress_hedge,"가계부채, 부동산 PF, 비은행권, 금융주와 건설주 스트레스가 한국 자산 전반으로 번지는 장세입니다. 금융/건설 basket, 신용 spread, 단기자금 spread, 원화 약세를 함께 점검합니다."
LQD,LQD,bond_etf,geopolitical_escalation_supply_shock,Geopolitical Escalation / Supply Shock,지정학 확전·공급충격장,geopolitical,-0.139694,-0.000199,0.320593,negative,0.139694,low,65.604388,rolling_beta,v3,1,1110,1110,3,manual,pass,Y,,2026-06-09,1,0.398559,0.0,medium,N,context only: source_quality=manual,context only: source_quality=manual,0.041921,,-0.000199,geopolitical_supply_shock_hedge,"전쟁, 제재, 해상로 차질, 대만·중동·한반도 긴장처럼 유가·금·방산·변동성이 동시에 움직이는 이벤트성 충격 장세입니다. 뉴스 overlay는 가격 신호를 보강하는 용도로만 해석합니다."
LQD,LQD,bond_etf,slowdown_recession_deflation_risk,Slowdown / Recession / Deflation Risk,경기둔화/침체 우려장,us_global,-0.134643,-0.000199,0.260988,negative,0.134643,low,72.589407,rolling_beta,v3,1,1261,1261,3,market,pass,N,,2026-06-09,0,0.0,0.0,high,N,scenario inactive,inactive scenario,0.320593,0.260988,-0.000199,slowdown_defense,수요 둔화와 침체/디플레이션 압력이 커지는 방어적 장세입니다. 주식 beta와 신용위험을 보수적으로 봅니다.
LQD,LQD,bond_etf,stagflation_reinflation_energy_shock,Stagflation / Reinflation / Energy Shock,물가·에너지 재상승장,us_global,0.317187,-0.000199,0.320593,positive,0.317187,medium,72.540929,rolling_beta,v3,1,1261,1261,2,market,pass,N,,2026-06-09,0,0.0,0.0,high,N,scenario inactive,inactive scenario,0.041921,,-0.000199,stagflation_vulnerable,성장 부담이 있는데 유가·원자재·인플레이션 압력이 다시 커지는 장세입니다. 에너지/원자재 수혜와 장기채 부담을 함께 봅니다.
LQD,LQD,bond_etf,soft_landing_goldilocks,Soft Landing / Goldilocks,우호적 위험선호장,us_global,0.320593,-0.000199,0.260988,positive,0.320593,medium,65.4571,rolling_beta,v3,1,1261,1261,3,market,pass,N,,2026-06-09,0,0.0,0.0,high,N,non-adverse scenario,inactive scenario,0.320593,0.260988,-0.000199,risk_on_participation,우호적 위험선호장 참여 민감도
LRCX,LRCX,us_stock,usd_strength_krw_weakness,USD Strength / KRW Weakness,달러강세/원화약세장,fx_krw,0.079751,-0.003429,0.0,positive,0.079751,low,70.962151,rolling_beta,v3,1,1110,1110,4,market,pass,N,,2026-06-09,1,0.975204,0.975204,high,Y,trade-gated adverse scenario with medium/high evidence,active market context,0.316984,-0.027045,-0.003429,krw_weakness_vulnerable,달러가 강하고 원화가 약해져 KRW 기준 투자자의 환율 리스크가 커지는 장세입니다. 한국 자산과 USD 노출의 역할을 분리해 봅니다.
LRCX,LRCX,us_stock,china_trade_fragmentation_shock,China / Trade Fragmentation Shock,중국·무역분절 충격장,china_asia,0.679519,-0.003429,0.0,positive,0.679519,medium,65.435166,rolling_beta,v3,1,1110,1110,5,market,pass,N,,2026-06-09,1,0.963122,0.963122,high,Y,trade-gated adverse scenario with medium/high evidence,active market context,0.118166,-0.027045,-0.003429,china_asia_shock_vulnerable,중국 경기·무역갈등·공급망 충격이 한국/아시아와 반도체 자산에 번지는 장세입니다. 한국 반도체 factor와 원화 약세를 함께 확인합니다.
LRCX,LRCX,us_stock,acute_global_stress_liquidity_crunch,Acute Global Stress / Liquidity Crunch,급성 리스크오프/유동성 경색장,us_global,1.099745,-0.003429,1.525857,positive,1.099745,high,76.127067,rolling_beta,v3,1,1261,1261,3,market,pass,N,,2026-06-09,1,0.942163,0.942163,high,Y,trade-gated adverse scenario with medium/high evidence,active market context,1.719003,1.525857,-0.003429,liquidity_stress_vulnerable,변동성이 튀고 위험자산이 동반 약세를 보이는 단기 스트레스 장세입니다. 상관관계 상승과 유동성 악화를 우선 점검합니다.
LRCX,LRCX,us_stock,higher_for_longer_long_rate_shock,Higher-for-Longer / Long-Rate Shock,장기금리 부담장,us_global,1.545452,-0.003429,1.525857,positive,1.545452,high,62.128209,rolling_beta,v3,1,1261,1261,3,market,pass,N,,2026-06-09,1,0.908767,0.908767,high,Y,trade-gated adverse scenario with medium/high evidence,active market context,1.719003,1.525857,-0.003429,rate_sensitive,장기금리와 달러 강세 부담이 채권·성장주·신용자산을 압박하는 장세입니다. 고밸류 성장주와 반도체 factor 민감도를 점검합니다.
LRCX,LRCX,us_stock,semiconductor_ai_cycle_shock,Semiconductor / AI Cycle Shock,AI·반도체 사이클 충격장,korea_semiconductor,1.160156,-0.003429,1.144753,positive,1.160156,high,43.672,rolling_beta,v3,1,1110,1110,6,market,pass,N,,2026-06-09,1,0.377914,0.0,medium,N,context only: WATCH state,context only: WATCH state,1.125139,1.144753,-0.003429,semiconductor_ai_shock_vulnerable,"AI capex 기대와 반도체 모멘텀이 꺾이면서 미국 성장주와 한국 반도체 대형주가 동시에 압박받는 장세입니다. SOXX, AI leader basket, 한국 반도체 basket의 동반 약세와 원화 압력을 함께 봅니다."
LRCX,LRCX,us_stock,korea_domestic_financial_stress,Korea Domestic Financial Stress,한국 내수 금융스트레스장,korea_market,-0.321691,-0.003429,0.0,negative,0.321691,medium,61.630274,rolling_beta,v3,1,1110,1110,5,seed,pass,Y,,2026-06-09,1,0.401006,0.0,medium,N,context only: source_quality=seed,context only: source_quality=seed,0.118166,-0.027045,-0.003429,korea_financial_stress_hedge,"가계부채, 부동산 PF, 비은행권, 금융주와 건설주 스트레스가 한국 자산 전반으로 번지는 장세입니다. 금융/건설 basket, 신용 spread, 단기자금 spread, 원화 약세를 함께 점검합니다."
LRCX,LRCX,us_stock,geopolitical_escalation_supply_shock,Geopolitical Escalation / Supply Shock,지정학 확전·공급충격장,geopolitical,0.339847,-0.003429,1.719003,positive,0.339847,medium,65.604388,rolling_beta,v3,1,1110,1110,3,manual,pass,Y,,2026-06-09,1,0.398559,0.0,medium,N,context only: source_quality=manual,context only: source_quality=manual,0.057973,,-0.003429,geopolitical_supply_shock_vulnerable,"전쟁, 제재, 해상로 차질, 대만·중동·한반도 긴장처럼 유가·금·방산·변동성이 동시에 움직이는 이벤트성 충격 장세입니다. 뉴스 overlay는 가격 신호를 보강하는 용도로만 해석합니다."
LRCX,LRCX,us_stock,slowdown_recession_deflation_risk,Slowdown / Recession / Deflation Risk,경기둔화/침체 우려장,us_global,0.887358,-0.003429,1.525857,positive,0.887358,high,72.589407,rolling_beta,v3,1,1261,1261,3,market,pass,N,,2026-06-09,0,0.0,0.0,high,N,scenario inactive,inactive scenario,1.719003,1.525857,-0.003429,slowdown_vulnerable,수요 둔화와 침체/디플레이션 압력이 커지는 방어적 장세입니다. 주식 beta와 신용위험을 보수적으로 봅니다.
LRCX,LRCX,us_stock,stagflation_reinflation_energy_shock,Stagflation / Reinflation / Energy Shock,물가·에너지 재상승장,us_global,0.88737,-0.003429,1.719003,positive,0.88737,high,72.540929,rolling_beta,v3,1,1261,1261,2,market,pass,N,,2026-06-09,0,0.0,0.0,high,N,scenario inactive,inactive scenario,0.057973,,-0.003429,stagflation_vulnerable,성장 부담이 있는데 유가·원자재·인플레이션 압력이 다시 커지는 장세입니다. 에너지/원자재 수혜와 장기채 부담을 함께 봅니다.
LRCX,LRCX,us_stock,soft_landing_goldilocks,Soft Landing / Goldilocks,우호적 위험선호장,us_global,1.719003,-0.003429,1.525857,positive,1.719003,high,65.4571,rolling_beta,v3,1,1261,1261,3,market,pass,N,,2026-06-09,0,0.0,0.0,high,N,non-adverse scenario,inactive scenario,1.719003,1.525857,-0.003429,risk_on_participation,우호적 위험선호장 참여 민감도
MA,MA,us_stock,usd_strength_krw_weakness,USD Strength / KRW Weakness,달러강세/원화약세장,fx_krw,-0.118588,0.002374,0.0,negative,0.118588,low,70.962151,rolling_beta,v3,1,1110,1110,4,market,pass,N,,2026-06-09,1,0.975204,0.975204,high,Y,trade-gated adverse scenario with medium/high evidence,active market context,0.684037,-0.033134,0.002374,krw_weakness_hedge,달러가 강하고 원화가 약해져 KRW 기준 투자자의 환율 리스크가 커지는 장세입니다. 한국 자산과 USD 노출의 역할을 분리해 봅니다.
MA,MA,us_stock,china_trade_fragmentation_shock,China / Trade Fragmentation Shock,중국·무역분절 충격장,china_asia,0.025771,0.002374,0.0,neutral,0.025771,low,65.435166,rolling_beta,v3,1,1110,1110,5,market,pass,N,,2026-06-09,1,0.963122,0.963122,high,Y,trade-gated adverse scenario with medium/high evidence,active market context,-0.041963,-0.033134,0.002374,china_asia_shock_vulnerable,중국 경기·무역갈등·공급망 충격이 한국/아시아와 반도체 자산에 번지는 장세입니다. 한국 반도체 factor와 원화 약세를 함께 확인합니다.
MA,MA,us_stock,acute_global_stress_liquidity_crunch,Acute Global Stress / Liquidity Crunch,급성 리스크오프/유동성 경색장,us_global,0.10226,0.002374,0.848656,positive,0.10226,low,76.127067,rolling_beta,v3,1,1261,1261,3,market,pass,N,,2026-06-09,1,0.942163,0.942163,high,Y,trade-gated adverse scenario with medium/high evidence,active market context,0.925647,0.848656,0.002374,liquidity_stress_vulnerable,변동성이 튀고 위험자산이 동반 약세를 보이는 단기 스트레스 장세입니다. 상관관계 상승과 유동성 악화를 우선 점검합니다.
MA,MA,us_stock,higher_for_longer_long_rate_shock,Higher-for-Longer / Long-Rate Shock,장기금리 부담장,us_global,0.859106,0.002374,0.848656,positive,0.859106,high,62.128209,rolling_beta,v3,1,1261,1261,3,market,pass,N,,2026-06-09,1,0.908767,0.908767,high,Y,trade-gated adverse scenario with medium/high evidence,active market context,0.925647,0.848656,0.002374,rate_sensitive,장기금리와 달러 강세 부담이 채권·성장주·신용자산을 압박하는 장세입니다. 고밸류 성장주와 반도체 factor 민감도를 점검합니다.
MA,MA,us_stock,semiconductor_ai_cycle_shock,Semiconductor / AI Cycle Shock,AI·반도체 사이클 충격장,korea_semiconductor,-0.064867,0.002374,0.213228,negative,0.064867,low,43.672,rolling_beta,v3,1,1110,1110,6,market,pass,N,,2026-06-09,1,0.377914,0.0,medium,N,context only: WATCH state,context only: WATCH state,0.282512,0.213228,0.002374,semiconductor_ai_shock_hedge,"AI capex 기대와 반도체 모멘텀이 꺾이면서 미국 성장주와 한국 반도체 대형주가 동시에 압박받는 장세입니다. SOXX, AI leader basket, 한국 반도체 basket의 동반 약세와 원화 압력을 함께 봅니다."
MA,MA,us_stock,korea_domestic_financial_stress,Korea Domestic Financial Stress,한국 내수 금융스트레스장,korea_market,-0.455309,0.002374,0.0,negative,0.455309,medium,61.630274,rolling_beta,v3,1,1110,1110,5,seed,pass,Y,,2026-06-09,1,0.401006,0.0,medium,N,context only: source_quality=seed,context only: source_quality=seed,-0.041963,-0.033134,0.002374,korea_financial_stress_hedge,"가계부채, 부동산 PF, 비은행권, 금융주와 건설주 스트레스가 한국 자산 전반으로 번지는 장세입니다. 금융/건설 basket, 신용 spread, 단기자금 spread, 원화 약세를 함께 점검합니다."
MA,MA,us_stock,geopolitical_escalation_supply_shock,Geopolitical Escalation / Supply Shock,지정학 확전·공급충격장,geopolitical,-0.005409,0.002374,0.925647,neutral,0.005409,low,65.604388,rolling_beta,v3,1,1110,1110,3,manual,pass,Y,,2026-06-09,1,0.398559,0.0,medium,N,context only: source_quality=manual,context only: source_quality=manual,0.101392,,0.002374,geopolitical_supply_shock_hedge,"전쟁, 제재, 해상로 차질, 대만·중동·한반도 긴장처럼 유가·금·방산·변동성이 동시에 움직이는 이벤트성 충격 장세입니다. 뉴스 overlay는 가격 신호를 보강하는 용도로만 해석합니다."
MA,MA,us_stock,slowdown_recession_deflation_risk,Slowdown / Recession / Deflation Risk,경기둔화/침체 우려장,us_global,0.168568,0.002374,0.848656,positive,0.168568,low,72.589407,rolling_beta,v3,1,1261,1261,3,market,pass,N,,2026-06-09,0,0.0,0.0,high,N,scenario inactive,inactive scenario,0.925647,0.848656,0.002374,slowdown_vulnerable,수요 둔화와 침체/디플레이션 압력이 커지는 방어적 장세입니다. 주식 beta와 신용위험을 보수적으로 봅니다.
MA,MA,us_stock,stagflation_reinflation_energy_shock,Stagflation / Reinflation / Energy Shock,물가·에너지 재상승장,us_global,0.464618,0.002374,0.925647,positive,0.464618,medium,72.540929,rolling_beta,v3,1,1261,1261,2,market,pass,N,,2026-06-09,0,0.0,0.0,high,N,scenario inactive,inactive scenario,0.101392,,0.002374,stagflation_vulnerable,성장 부담이 있는데 유가·원자재·인플레이션 압력이 다시 커지는 장세입니다. 에너지/원자재 수혜와 장기채 부담을 함께 봅니다.
MA,MA,us_stock,soft_landing_goldilocks,Soft Landing / Goldilocks,우호적 위험선호장,us_global,0.925647,0.002374,0.848656,positive,0.925647,high,65.4571,rolling_beta,v3,1,1261,1261,3,market,pass,N,,2026-06-09,0,0.0,0.0,high,N,non-adverse scenario,inactive scenario,0.925647,0.848656,0.002374,risk_on_participation,우호적 위험선호장 참여 민감도
META,META,us_stock,usd_strength_krw_weakness,USD Strength / KRW Weakness,달러강세/원화약세장,fx_krw,0.016425,-0.002585,0.036679,neutral,0.016425,low,70.962151,rolling_beta,v3,1,1110,1110,4,market,pass,N,,2026-06-09,1,0.975204,0.975204,high,Y,trade-gated adverse scenario with medium/high evidence,active market context,0.461904,0.036679,-0.002585,krw_weakness_vulnerable,달러가 강하고 원화가 약해져 KRW 기준 투자자의 환율 리스크가 커지는 장세입니다. 한국 자산과 USD 노출의 역할을 분리해 봅니다.
META,META,us_stock,china_trade_fragmentation_shock,China / Trade Fragmentation Shock,중국·무역분절 충격장,china_asia,0.257763,-0.002585,0.036679,positive,0.257763,low,65.435166,rolling_beta,v3,1,1110,1110,5,market,pass,N,,2026-06-09,1,0.963122,0.963122,high,Y,trade-gated adverse scenario with medium/high evidence,active market context,0.051897,0.036679,-0.002585,china_asia_shock_vulnerable,중국 경기·무역갈등·공급망 충격이 한국/아시아와 반도체 자산에 번지는 장세입니다. 한국 반도체 factor와 원화 약세를 함께 확인합니다.
META,META,us_stock,acute_global_stress_liquidity_crunch,Acute Global Stress / Liquidity Crunch,급성 리스크오프/유동성 경색장,us_global,0.622456,-0.002585,1.47436,positive,0.622456,medium,76.127067,rolling_beta,v3,1,1261,1261,3,market,pass,N,,2026-06-09,1,0.942163,0.942163,high,Y,trade-gated adverse scenario with medium/high evidence,active market context,1.465701,1.47436,-0.002585,liquidity_stress_vulnerable,변동성이 튀고 위험자산이 동반 약세를 보이는 단기 스트레스 장세입니다. 상관관계 상승과 유동성 악화를 우선 점검합니다.
META,META,us_stock,higher_for_longer_long_rate_shock,Higher-for-Longer / Long-Rate Shock,장기금리 부담장,us_global,1.156135,-0.002585,1.47436,positive,1.156135,high,62.128209,rolling_beta,v3,1,1261,1261,3,market,pass,N,,2026-06-09,1,0.908767,0.908767,high,Y,trade-gated adverse scenario with medium/high evidence,active market context,1.465701,1.47436,-0.002585,rate_sensitive,장기금리와 달러 강세 부담이 채권·성장주·신용자산을 압박하는 장세입니다. 고밸류 성장주와 반도체 factor 민감도를 점검합니다.
META,META,us_stock,semiconductor_ai_cycle_shock,Semiconductor / AI Cycle Shock,AI·반도체 사이클 충격장,korea_semiconductor,0.495176,-0.002585,0.649083,positive,0.495176,medium,43.672,rolling_beta,v3,1,1110,1110,6,market,pass,N,,2026-06-09,1,0.377914,0.0,medium,N,context only: WATCH state,context only: WATCH state,0.631753,0.649083,-0.002585,semiconductor_ai_shock_vulnerable,"AI capex 기대와 반도체 모멘텀이 꺾이면서 미국 성장주와 한국 반도체 대형주가 동시에 압박받는 장세입니다. SOXX, AI leader basket, 한국 반도체 basket의 동반 약세와 원화 압력을 함께 봅니다."
META,META,us_stock,korea_domestic_financial_stress,Korea Domestic Financial Stress,한국 내수 금융스트레스장,korea_market,-0.347928,-0.002585,0.036679,negative,0.347928,medium,61.630274,rolling_beta,v3,1,1110,1110,5,seed,pass,Y,,2026-06-09,1,0.401006,0.0,medium,N,context only: source_quality=seed,context only: source_quality=seed,0.051897,0.036679,-0.002585,korea_financial_stress_hedge,"가계부채, 부동산 PF, 비은행권, 금융주와 건설주 스트레스가 한국 자산 전반으로 번지는 장세입니다. 금융/건설 basket, 신용 spread, 단기자금 spread, 원화 약세를 함께 점검합니다."
META,META,us_stock,geopolitical_escalation_supply_shock,Geopolitical Escalation / Supply Shock,지정학 확전·공급충격장,geopolitical,0.275953,-0.002585,1.465701,positive,0.275953,low,65.604388,rolling_beta,v3,1,1110,1110,3,manual,pass,Y,,2026-06-09,1,0.398559,0.0,medium,N,context only: source_quality=manual,context only: source_quality=manual,0.045461,,-0.002585,geopolitical_supply_shock_vulnerable,"전쟁, 제재, 해상로 차질, 대만·중동·한반도 긴장처럼 유가·금·방산·변동성이 동시에 움직이는 이벤트성 충격 장세입니다. 뉴스 overlay는 가격 신호를 보강하는 용도로만 해석합니다."
META,META,us_stock,slowdown_recession_deflation_risk,Slowdown / Recession / Deflation Risk,경기둔화/침체 우려장,us_global,0.693177,-0.002585,1.47436,positive,0.693177,medium,72.589407,rolling_beta,v3,1,1261,1261,3,market,pass,N,,2026-06-09,0,0.0,0.0,high,N,scenario inactive,inactive scenario,1.465701,1.47436,-0.002585,slowdown_vulnerable,수요 둔화와 침체/디플레이션 압력이 커지는 방어적 장세입니다. 주식 beta와 신용위험을 보수적으로 봅니다.
META,META,us_stock,stagflation_reinflation_energy_shock,Stagflation / Reinflation / Energy Shock,물가·에너지 재상승장,us_global,0.777618,-0.002585,1.465701,positive,0.777618,high,72.540929,rolling_beta,v3,1,1261,1261,2,market,pass,N,,2026-06-09,0,0.0,0.0,high,N,scenario inactive,inactive scenario,0.045461,,-0.002585,stagflation_vulnerable,성장 부담이 있는데 유가·원자재·인플레이션 압력이 다시 커지는 장세입니다. 에너지/원자재 수혜와 장기채 부담을 함께 봅니다.
META,META,us_stock,soft_landing_goldilocks,Soft Landing / Goldilocks,우호적 위험선호장,us_global,1.465701,-0.002585,1.47436,positive,1.465701,high,65.4571,rolling_beta,v3,1,1261,1261,3,market,pass,N,,2026-06-09,0,0.0,0.0,high,N,non-adverse scenario,inactive scenario,1.465701,1.47436,-0.002585,risk_on_participation,우호적 위험선호장 참여 민감도
MRK,MRK,us_stock,usd_strength_krw_weakness,USD Strength / KRW Weakness,달러강세/원화약세장,fx_krw,-0.232781,0.001927,0.0,negative,0.232781,low,70.962151,rolling_beta,v3,1,1110,1110,4,market,pass,N,,2026-06-09,1,0.975204,0.975204,high,Y,trade-gated adverse scenario with medium/high evidence,active market context,0.992941,-0.135104,0.001927,krw_weakness_hedge,달러가 강하고 원화가 약해져 KRW 기준 투자자의 환율 리스크가 커지는 장세입니다. 한국 자산과 USD 노출의 역할을 분리해 봅니다.
MRK,MRK,us_stock,china_trade_fragmentation_shock,China / Trade Fragmentation Shock,중국·무역분절 충격장,china_asia,-0.0544,0.001927,0.0,negative,0.0544,low,65.435166,rolling_beta,v3,1,1110,1110,5,market,pass,N,,2026-06-09,1,0.963122,0.963122,high,Y,trade-gated adverse scenario with medium/high evidence,active market context,-0.145557,-0.135104,0.001927,china_asia_shock_hedge,중국 경기·무역갈등·공급망 충격이 한국/아시아와 반도체 자산에 번지는 장세입니다. 한국 반도체 factor와 원화 약세를 함께 확인합니다.
MRK,MRK,us_stock,acute_global_stress_liquidity_crunch,Acute Global Stress / Liquidity Crunch,급성 리스크오프/유동성 경색장,us_global,-0.128834,0.001927,0.380084,negative,0.128834,low,76.127067,rolling_beta,v3,1,1261,1261,3,market,pass,N,,2026-06-09,1,0.942163,0.942163,high,Y,trade-gated adverse scenario with medium/high evidence,active market context,0.468875,0.380084,0.001927,liquidity_stress_defense,변동성이 튀고 위험자산이 동반 약세를 보이는 단기 스트레스 장세입니다. 상관관계 상승과 유동성 악화를 우선 점검합니다.
MRK,MRK,us_stock,higher_for_longer_long_rate_shock,Higher-for-Longer / Long-Rate Shock,장기금리 부담장,us_global,0.607881,0.001927,0.380084,positive,0.607881,medium,62.128209,rolling_beta,v3,1,1261,1261,3,market,pass,N,,2026-06-09,1,0.908767,0.908767,high,Y,trade-gated adverse scenario with medium/high evidence,active market context,0.468875,0.380084,0.001927,rate_sensitive,장기금리와 달러 강세 부담이 채권·성장주·신용자산을 압박하는 장세입니다. 고밸류 성장주와 반도체 factor 민감도를 점검합니다.
MRK,MRK,us_stock,semiconductor_ai_cycle_shock,Semiconductor / AI Cycle Shock,AI·반도체 사이클 충격장,korea_semiconductor,-0.226758,0.001927,0.067504,negative,0.226758,low,43.672,rolling_beta,v3,1,1110,1110,6,market,pass,N,,2026-06-09,1,0.377914,0.0,medium,N,context only: WATCH state,context only: WATCH state,0.07187,0.067504,0.001927,semiconductor_ai_shock_hedge,"AI capex 기대와 반도체 모멘텀이 꺾이면서 미국 성장주와 한국 반도체 대형주가 동시에 압박받는 장세입니다. SOXX, AI leader basket, 한국 반도체 basket의 동반 약세와 원화 압력을 함께 봅니다."
MRK,MRK,us_stock,korea_domestic_financial_stress,Korea Domestic Financial Stress,한국 내수 금융스트레스장,korea_market,-0.399234,0.001927,0.0,negative,0.399234,medium,61.630274,rolling_beta,v3,1,1110,1110,5,seed,pass,Y,,2026-06-09,1,0.401006,0.0,medium,N,context only: source_quality=seed,context only: source_quality=seed,-0.145557,-0.135104,0.001927,korea_financial_stress_hedge,"가계부채, 부동산 PF, 비은행권, 금융주와 건설주 스트레스가 한국 자산 전반으로 번지는 장세입니다. 금융/건설 basket, 신용 spread, 단기자금 spread, 원화 약세를 함께 점검합니다."
MRK,MRK,us_stock,geopolitical_escalation_supply_shock,Geopolitical Escalation / Supply Shock,지정학 확전·공급충격장,geopolitical,-0.111898,0.001927,0.468875,negative,0.111898,low,65.604388,rolling_beta,v3,1,1110,1110,3,manual,pass,Y,,2026-06-09,1,0.398559,0.0,medium,N,context only: source_quality=manual,context only: source_quality=manual,0.064707,,0.001927,geopolitical_supply_shock_hedge,"전쟁, 제재, 해상로 차질, 대만·중동·한반도 긴장처럼 유가·금·방산·변동성이 동시에 움직이는 이벤트성 충격 장세입니다. 뉴스 overlay는 가격 신호를 보강하는 용도로만 해석합니다."
MRK,MRK,us_stock,slowdown_recession_deflation_risk,Slowdown / Recession / Deflation Risk,경기둔화/침체 우려장,us_global,-0.112676,0.001927,0.380084,negative,0.112676,low,72.589407,rolling_beta,v3,1,1261,1261,3,market,pass,N,,2026-06-09,0,0.0,0.0,high,N,scenario inactive,inactive scenario,0.468875,0.380084,0.001927,slowdown_defense,수요 둔화와 침체/디플레이션 압력이 커지는 방어적 장세입니다. 주식 beta와 신용위험을 보수적으로 봅니다.
MRK,MRK,us_stock,stagflation_reinflation_energy_shock,Stagflation / Reinflation / Energy Shock,물가·에너지 재상승장,us_global,0.315931,0.001927,0.468875,positive,0.315931,medium,72.540929,rolling_beta,v3,1,1261,1261,2,market,pass,N,,2026-06-09,0,0.0,0.0,high,N,scenario inactive,inactive scenario,0.064707,,0.001927,stagflation_vulnerable,성장 부담이 있는데 유가·원자재·인플레이션 압력이 다시 커지는 장세입니다. 에너지/원자재 수혜와 장기채 부담을 함께 봅니다.
MRK,MRK,us_stock,soft_landing_goldilocks,Soft Landing / Goldilocks,우호적 위험선호장,us_global,0.468875,0.001927,0.380084,positive,0.468875,medium,65.4571,rolling_beta,v3,1,1261,1261,3,market,pass,N,,2026-06-09,0,0.0,0.0,high,N,non-adverse scenario,inactive scenario,0.468875,0.380084,0.001927,risk_on_participation,우호적 위험선호장 참여 민감도
MS,MS,us_stock,usd_strength_krw_weakness,USD Strength / KRW Weakness,달러강세/원화약세장,fx_krw,-0.071242,0.002047,0.017303,negative,0.071242,low,70.962151,rolling_beta,v3,1,1110,1110,4,market,pass,N,,2026-06-09,1,0.975204,0.975204,high,Y,trade-gated adverse scenario with medium/high evidence,active market context,0.52772,0.017303,0.002047,krw_weakness_hedge,달러가 강하고 원화가 약해져 KRW 기준 투자자의 환율 리스크가 커지는 장세입니다. 한국 자산과 USD 노출의 역할을 분리해 봅니다.
MS,MS,us_stock,china_trade_fragmentation_shock,China / Trade Fragmentation Shock,중국·무역분절 충격장,china_asia,0.07184,0.002047,0.017303,positive,0.07184,low,65.435166,rolling_beta,v3,1,1110,1110,5,market,pass,N,,2026-06-09,1,0.963122,0.963122,high,Y,trade-gated adverse scenario with medium/high evidence,active market context,0.042718,0.017303,0.002047,china_asia_shock_vulnerable,중국 경기·무역갈등·공급망 충격이 한국/아시아와 반도체 자산에 번지는 장세입니다. 한국 반도체 factor와 원화 약세를 함께 확인합니다.
MS,MS,us_stock,acute_global_stress_liquidity_crunch,Acute Global Stress / Liquidity Crunch,급성 리스크오프/유동성 경색장,us_global,0.221168,0.002047,1.168935,positive,0.221168,low,76.127067,rolling_beta,v3,1,1261,1261,3,market,pass,N,,2026-06-09,1,0.942163,0.942163,high,Y,trade-gated adverse scenario with medium/high evidence,active market context,1.115033,1.168935,0.002047,liquidity_stress_vulnerable,변동성이 튀고 위험자산이 동반 약세를 보이는 단기 스트레스 장세입니다. 상관관계 상승과 유동성 악화를 우선 점검합니다.
MS,MS,us_stock,higher_for_longer_long_rate_shock,Higher-for-Longer / Long-Rate Shock,장기금리 부담장,us_global,0.963268,0.002047,1.168935,positive,0.963268,high,62.128209,rolling_beta,v3,1,1261,1261,3,market,pass,N,,2026-06-09,1,0.908767,0.908767,high,Y,trade-gated adverse scenario with medium/high evidence,active market context,1.115033,1.168935,0.002047,rate_sensitive,장기금리와 달러 강세 부담이 채권·성장주·신용자산을 압박하는 장세입니다. 고밸류 성장주와 반도체 factor 민감도를 점검합니다.
MS,MS,us_stock,semiconductor_ai_cycle_shock,Semiconductor / AI Cycle Shock,AI·반도체 사이클 충격장,korea_semiconductor,0.089795,0.002047,0.473112,positive,0.089795,low,43.672,rolling_beta,v3,1,1110,1110,6,market,pass,N,,2026-06-09,1,0.377914,0.0,medium,N,context only: WATCH state,context only: WATCH state,0.435181,0.473112,0.002047,semiconductor_ai_shock_vulnerable,"AI capex 기대와 반도체 모멘텀이 꺾이면서 미국 성장주와 한국 반도체 대형주가 동시에 압박받는 장세입니다. SOXX, AI leader basket, 한국 반도체 basket의 동반 약세와 원화 압력을 함께 봅니다."
MS,MS,us_stock,korea_domestic_financial_stress,Korea Domestic Financial Stress,한국 내수 금융스트레스장,korea_market,-0.000925,0.002047,0.017303,neutral,0.000925,low,61.630274,rolling_beta,v3,1,1110,1110,5,seed,pass,Y,,2026-06-09,1,0.401006,0.0,medium,N,context only: source_quality=seed,context only: source_quality=seed,0.042718,0.017303,0.002047,korea_financial_stress_hedge,"가계부채, 부동산 PF, 비은행권, 금융주와 건설주 스트레스가 한국 자산 전반으로 번지는 장세입니다. 금융/건설 basket, 신용 spread, 단기자금 spread, 원화 약세를 함께 점검합니다."
MS,MS,us_stock,geopolitical_escalation_supply_shock,Geopolitical Escalation / Supply Shock,지정학 확전·공급충격장,geopolitical,0.04251,0.002047,1.115033,neutral,0.04251,low,65.604388,rolling_beta,v3,1,1110,1110,3,manual,pass,Y,,2026-06-09,1,0.398559,0.0,medium,N,context only: source_quality=manual,context only: source_quality=manual,0.11795,,0.002047,geopolitical_supply_shock_vulnerable,"전쟁, 제재, 해상로 차질, 대만·중동·한반도 긴장처럼 유가·금·방산·변동성이 동시에 움직이는 이벤트성 충격 장세입니다. 뉴스 overlay는 가격 신호를 보강하는 용도로만 해석합니다."
MS,MS,us_stock,slowdown_recession_deflation_risk,Slowdown / Recession / Deflation Risk,경기둔화/침체 우려장,us_global,0.303138,0.002047,1.168935,positive,0.303138,medium,72.589407,rolling_beta,v3,1,1261,1261,3,market,pass,N,,2026-06-09,0,0.0,0.0,high,N,scenario inactive,inactive scenario,1.115033,1.168935,0.002047,slowdown_vulnerable,수요 둔화와 침체/디플레이션 압력이 커지는 방어적 장세입니다. 주식 beta와 신용위험을 보수적으로 봅니다.
MS,MS,us_stock,stagflation_reinflation_energy_shock,Stagflation / Reinflation / Energy Shock,물가·에너지 재상승장,us_global,0.539095,0.002047,1.115033,positive,0.539095,medium,72.540929,rolling_beta,v3,1,1261,1261,2,market,pass,N,,2026-06-09,0,0.0,0.0,high,N,scenario inactive,inactive scenario,0.11795,,0.002047,stagflation_vulnerable,성장 부담이 있는데 유가·원자재·인플레이션 압력이 다시 커지는 장세입니다. 에너지/원자재 수혜와 장기채 부담을 함께 봅니다.
MS,MS,us_stock,soft_landing_goldilocks,Soft Landing / Goldilocks,우호적 위험선호장,us_global,1.115033,0.002047,1.168935,positive,1.115033,high,65.4571,rolling_beta,v3,1,1261,1261,3,market,pass,N,,2026-06-09,0,0.0,0.0,high,N,non-adverse scenario,inactive scenario,1.115033,1.168935,0.002047,risk_on_participation,우호적 위험선호장 참여 민감도
MSFT,MSFT,us_stock,usd_strength_krw_weakness,USD Strength / KRW Weakness,달러강세/원화약세장,fx_krw,-0.077251,0.001409,0.007328,negative,0.077251,low,70.962151,rolling_beta,v3,1,1110,1110,4,market,pass,N,,2026-06-09,1,0.975204,0.975204,high,Y,trade-gated adverse scenario with medium/high evidence,active market context,0.595635,0.007328,0.001409,krw_weakness_hedge,달러가 강하고 원화가 약해져 KRW 기준 투자자의 환율 리스크가 커지는 장세입니다. 한국 자산과 USD 노출의 역할을 분리해 봅니다.
MSFT,MSFT,us_stock,china_trade_fragmentation_shock,China / Trade Fragmentation Shock,중국·무역분절 충격장,china_asia,0.082979,0.001409,0.007328,positive,0.082979,low,65.435166,rolling_beta,v3,1,1110,1110,5,market,pass,N,,2026-06-09,1,0.963122,0.963122,high,Y,trade-gated adverse scenario with medium/high evidence,active market context,-0.01166,0.007328,0.001409,china_asia_shock_vulnerable,중국 경기·무역갈등·공급망 충격이 한국/아시아와 반도체 자산에 번지는 장세입니다. 한국 반도체 factor와 원화 약세를 함께 확인합니다.
MSFT,MSFT,us_stock,acute_global_stress_liquidity_crunch,Acute Global Stress / Liquidity Crunch,급성 리스크오프/유동성 경색장,us_global,0.23665,0.001409,1.084976,positive,0.23665,low,76.127067,rolling_beta,v3,1,1261,1261,3,market,pass,N,,2026-06-09,1,0.942163,0.942163,high,Y,trade-gated adverse scenario with medium/high evidence,active market context,1.090995,1.084976,0.001409,liquidity_stress_vulnerable,변동성이 튀고 위험자산이 동반 약세를 보이는 단기 스트레스 장세입니다. 상관관계 상승과 유동성 악화를 우선 점검합니다.
MSFT,MSFT,us_stock,higher_for_longer_long_rate_shock,Higher-for-Longer / Long-Rate Shock,장기금리 부담장,us_global,0.950047,0.001409,1.084976,positive,0.950047,high,62.128209,rolling_beta,v3,1,1261,1261,3,market,pass,N,,2026-06-09,1,0.908767,0.908767,high,Y,trade-gated adverse scenario with medium/high evidence,active market context,1.090995,1.084976,0.001409,rate_sensitive,장기금리와 달러 강세 부담이 채권·성장주·신용자산을 압박하는 장세입니다. 고밸류 성장주와 반도체 factor 민감도를 점검합니다.
MSFT,MSFT,us_stock,semiconductor_ai_cycle_shock,Semiconductor / AI Cycle Shock,AI·반도체 사이클 충격장,korea_semiconductor,0.263354,0.001409,0.405241,positive,0.263354,low,43.672,rolling_beta,v3,1,1110,1110,6,market,pass,N,,2026-06-09,1,0.377914,0.0,medium,N,context only: WATCH state,context only: WATCH state,0.417581,0.405241,0.001409,semiconductor_ai_shock_vulnerable,"AI capex 기대와 반도체 모멘텀이 꺾이면서 미국 성장주와 한국 반도체 대형주가 동시에 압박받는 장세입니다. SOXX, AI leader basket, 한국 반도체 basket의 동반 약세와 원화 압력을 함께 봅니다."
MSFT,MSFT,us_stock,korea_domestic_financial_stress,Korea Domestic Financial Stress,한국 내수 금융스트레스장,korea_market,-0.445875,0.001409,0.007328,negative,0.445875,medium,61.630274,rolling_beta,v3,1,1110,1110,5,seed,pass,Y,,2026-06-09,1,0.401006,0.0,medium,N,context only: source_quality=seed,context only: source_quality=seed,-0.01166,0.007328,0.001409,korea_financial_stress_hedge,"가계부채, 부동산 PF, 비은행권, 금융주와 건설주 스트레스가 한국 자산 전반으로 번지는 장세입니다. 금융/건설 basket, 신용 spread, 단기자금 spread, 원화 약세를 함께 점검합니다."
MSFT,MSFT,us_stock,geopolitical_escalation_supply_shock,Geopolitical Escalation / Supply Shock,지정학 확전·공급충격장,geopolitical,0.062282,0.001409,1.090995,positive,0.062282,low,65.604388,rolling_beta,v3,1,1110,1110,3,manual,pass,Y,,2026-06-09,1,0.398559,0.0,medium,N,context only: source_quality=manual,context only: source_quality=manual,0.074607,,0.001409,geopolitical_supply_shock_vulnerable,"전쟁, 제재, 해상로 차질, 대만·중동·한반도 긴장처럼 유가·금·방산·변동성이 동시에 움직이는 이벤트성 충격 장세입니다. 뉴스 overlay는 가격 신호를 보강하는 용도로만 해석합니다."
MSFT,MSFT,us_stock,slowdown_recession_deflation_risk,Slowdown / Recession / Deflation Risk,경기둔화/침체 우려장,us_global,0.309838,0.001409,1.084976,positive,0.309838,medium,72.589407,rolling_beta,v3,1,1261,1261,3,market,pass,N,,2026-06-09,0,0.0,0.0,high,N,scenario inactive,inactive scenario,1.090995,1.084976,0.001409,slowdown_vulnerable,수요 둔화와 침체/디플레이션 압력이 커지는 방어적 장세입니다. 주식 beta와 신용위험을 보수적으로 봅니다.
MSFT,MSFT,us_stock,stagflation_reinflation_energy_shock,Stagflation / Reinflation / Energy Shock,물가·에너지 재상승장,us_global,0.546628,0.001409,1.090995,positive,0.546628,medium,72.540929,rolling_beta,v3,1,1261,1261,2,market,pass,N,,2026-06-09,0,0.0,0.0,high,N,scenario inactive,inactive scenario,0.074607,,0.001409,stagflation_vulnerable,성장 부담이 있는데 유가·원자재·인플레이션 압력이 다시 커지는 장세입니다. 에너지/원자재 수혜와 장기채 부담을 함께 봅니다.
MSFT,MSFT,us_stock,soft_landing_goldilocks,Soft Landing / Goldilocks,우호적 위험선호장,us_global,1.090995,0.001409,1.084976,positive,1.090995,high,65.4571,rolling_beta,v3,1,1261,1261,3,market,pass,N,,2026-06-09,0,0.0,0.0,high,N,non-adverse scenario,inactive scenario,1.090995,1.084976,0.001409,risk_on_participation,우호적 위험선호장 참여 민감도
MTUM,MTUM,equity_etf,usd_strength_krw_weakness,USD Strength / KRW Weakness,달러강세/원화약세장,fx_krw,-0.086239,0.000325,0.0,negative,0.086239,low,70.962151,rolling_beta,v3,1,1110,1110,4,market,pass,N,,2026-06-09,1,0.975204,0.975204,high,Y,trade-gated adverse scenario with medium/high evidence,active market context,0.647163,-0.008382,0.000325,krw_weakness_hedge,달러가 강하고 원화가 약해져 KRW 기준 투자자의 환율 리스크가 커지는 장세입니다. 한국 자산과 USD 노출의 역할을 분리해 봅니다.
MTUM,MTUM,equity_etf,china_trade_fragmentation_shock,China / Trade Fragmentation Shock,중국·무역분절 충격장,china_asia,0.102874,0.000325,0.0,positive,0.102874,low,65.435166,rolling_beta,v3,1,1110,1110,5,market,pass,N,,2026-06-09,1,0.963122,0.963122,high,Y,trade-gated adverse scenario with medium/high evidence,active market context,0.008299,-0.008382,0.000325,china_asia_shock_vulnerable,중국 경기·무역갈등·공급망 충격이 한국/아시아와 반도체 자산에 번지는 장세입니다. 한국 반도체 factor와 원화 약세를 함께 확인합니다.
MTUM,MTUM,equity_etf,acute_global_stress_liquidity_crunch,Acute Global Stress / Liquidity Crunch,급성 리스크오프/유동성 경색장,us_global,0.265632,0.000325,1.061995,positive,0.265632,low,76.127067,rolling_beta,v3,1,1261,1261,3,market,pass,N,,2026-06-09,1,0.942163,0.942163,high,Y,trade-gated adverse scenario with medium/high evidence,active market context,1.055046,1.061995,0.000325,liquidity_stress_vulnerable,변동성이 튀고 위험자산이 동반 약세를 보이는 단기 스트레스 장세입니다. 상관관계 상승과 유동성 악화를 우선 점검합니다.
MTUM,MTUM,equity_etf,higher_for_longer_long_rate_shock,Higher-for-Longer / Long-Rate Shock,장기금리 부담장,us_global,0.930275,0.000325,1.061995,positive,0.930275,high,62.128209,rolling_beta,v3,1,1261,1261,3,market,pass,N,,2026-06-09,1,0.908767,0.908767,high,Y,trade-gated adverse scenario with medium/high evidence,active market context,1.055046,1.061995,0.000325,rate_sensitive,장기금리와 달러 강세 부담이 채권·성장주·신용자산을 압박하는 장세입니다. 고밸류 성장주와 반도체 factor 민감도를 점검합니다.
MTUM,MTUM,equity_etf,semiconductor_ai_cycle_shock,Semiconductor / AI Cycle Shock,AI·반도체 사이클 충격장,korea_semiconductor,0.325492,0.000325,0.53474,positive,0.325492,medium,43.672,rolling_beta,v3,1,1110,1110,6,market,pass,N,,2026-06-09,1,0.377914,0.0,medium,N,context only: WATCH state,context only: WATCH state,0.470778,0.53474,0.000325,semiconductor_ai_shock_vulnerable,"AI capex 기대와 반도체 모멘텀이 꺾이면서 미국 성장주와 한국 반도체 대형주가 동시에 압박받는 장세입니다. SOXX, AI leader basket, 한국 반도체 basket의 동반 약세와 원화 압력을 함께 봅니다."
MTUM,MTUM,equity_etf,korea_domestic_financial_stress,Korea Domestic Financial Stress,한국 내수 금융스트레스장,korea_market,-0.408156,0.000325,0.0,negative,0.408156,medium,61.630274,rolling_beta,v3,1,1110,1110,5,seed,pass,Y,,2026-06-09,1,0.401006,0.0,medium,N,context only: source_quality=seed,context only: source_quality=seed,0.008299,-0.008382,0.000325,korea_financial_stress_hedge,"가계부채, 부동산 PF, 비은행권, 금융주와 건설주 스트레스가 한국 자산 전반으로 번지는 장세입니다. 금융/건설 basket, 신용 spread, 단기자금 spread, 원화 약세를 함께 점검합니다."
MTUM,MTUM,equity_etf,geopolitical_escalation_supply_shock,Geopolitical Escalation / Supply Shock,지정학 확전·공급충격장,geopolitical,0.071961,0.000325,1.055046,positive,0.071961,low,65.604388,rolling_beta,v3,1,1110,1110,3,manual,pass,Y,,2026-06-09,1,0.398559,0.0,medium,N,context only: source_quality=manual,context only: source_quality=manual,0.111688,,0.000325,geopolitical_supply_shock_vulnerable,"전쟁, 제재, 해상로 차질, 대만·중동·한반도 긴장처럼 유가·금·방산·변동성이 동시에 움직이는 이벤트성 충격 장세입니다. 뉴스 overlay는 가격 신호를 보강하는 용도로만 해석합니다."
MTUM,MTUM,equity_etf,slowdown_recession_deflation_risk,Slowdown / Recession / Deflation Risk,경기둔화/침체 우려장,us_global,0.324391,0.000325,1.061995,positive,0.324391,medium,72.589407,rolling_beta,v3,1,1261,1261,3,market,pass,N,,2026-06-09,0,0.0,0.0,high,N,scenario inactive,inactive scenario,1.055046,1.061995,0.000325,slowdown_vulnerable,수요 둔화와 침체/디플레이션 압력이 커지는 방어적 장세입니다. 주식 beta와 신용위험을 보수적으로 봅니다.
MTUM,MTUM,equity_etf,stagflation_reinflation_energy_shock,Stagflation / Reinflation / Energy Shock,물가·에너지 재상승장,us_global,0.561131,0.000325,1.055046,positive,0.561131,medium,72.540929,rolling_beta,v3,1,1261,1261,2,market,pass,N,,2026-06-09,0,0.0,0.0,high,N,scenario inactive,inactive scenario,0.111688,,0.000325,stagflation_vulnerable,성장 부담이 있는데 유가·원자재·인플레이션 압력이 다시 커지는 장세입니다. 에너지/원자재 수혜와 장기채 부담을 함께 봅니다.
MTUM,MTUM,equity_etf,soft_landing_goldilocks,Soft Landing / Goldilocks,우호적 위험선호장,us_global,1.055046,0.000325,1.061995,positive,1.055046,high,65.4571,rolling_beta,v3,1,1261,1261,3,market,pass,N,,2026-06-09,0,0.0,0.0,high,N,non-adverse scenario,inactive scenario,1.055046,1.061995,0.000325,risk_on_participation,우호적 위험선호장 참여 민감도
MU,MU,us_stock,usd_strength_krw_weakness,USD Strength / KRW Weakness,달러강세/원화약세장,fx_krw,0.066857,-0.00048,0.116377,positive,0.066857,low,70.962151,rolling_beta,v3,1,1110,1110,4,market,pass,N,,2026-06-09,1,0.975204,0.975204,high,Y,trade-gated adverse scenario with medium/high evidence,active market context,0.378991,0.116377,-0.00048,krw_weakness_vulnerable,달러가 강하고 원화가 약해져 KRW 기준 투자자의 환율 리스크가 커지는 장세입니다. 한국 자산과 USD 노출의 역할을 분리해 봅니다.
MU,MU,us_stock,china_trade_fragmentation_shock,China / Trade Fragmentation Shock,중국·무역분절 충격장,china_asia,0.595493,-0.00048,0.116377,positive,0.595493,medium,65.435166,rolling_beta,v3,1,1110,1110,5,market,pass,N,,2026-06-09,1,0.963122,0.963122,high,Y,trade-gated adverse scenario with medium/high evidence,active market context,0.312569,0.116377,-0.00048,china_asia_shock_vulnerable,중국 경기·무역갈등·공급망 충격이 한국/아시아와 반도체 자산에 번지는 장세입니다. 한국 반도체 factor와 원화 약세를 함께 확인합니다.
MU,MU,us_stock,acute_global_stress_liquidity_crunch,Acute Global Stress / Liquidity Crunch,급성 리스크오프/유동성 경색장,us_global,0.638699,-0.00048,1.728861,positive,0.638699,medium,76.127067,rolling_beta,v3,1,1261,1261,3,market,pass,N,,2026-06-09,1,0.942163,0.942163,high,Y,trade-gated adverse scenario with medium/high evidence,active market context,1.667428,1.728861,-0.00048,liquidity_stress_vulnerable,변동성이 튀고 위험자산이 동반 약세를 보이는 단기 스트레스 장세입니다. 상관관계 상승과 유동성 악화를 우선 점검합니다.
MU,MU,us_stock,higher_for_longer_long_rate_shock,Higher-for-Longer / Long-Rate Shock,장기금리 부담장,us_global,1.067085,-0.00048,1.728861,positive,1.067085,high,62.128209,rolling_beta,v3,1,1261,1261,3,market,pass,N,,2026-06-09,1,0.908767,0.908767,high,Y,trade-gated adverse scenario with medium/high evidence,active market context,1.667428,1.728861,-0.00048,rate_sensitive,장기금리와 달러 강세 부담이 채권·성장주·신용자산을 압박하는 장세입니다. 고밸류 성장주와 반도체 factor 민감도를 점검합니다.
MU,MU,us_stock,semiconductor_ai_cycle_shock,Semiconductor / AI Cycle Shock,AI·반도체 사이클 충격장,korea_semiconductor,1.153826,-0.00048,1.152673,positive,1.153826,high,43.672,rolling_beta,v3,1,1110,1110,6,market,pass,N,,2026-06-09,1,0.377914,0.0,medium,N,context only: WATCH state,context only: WATCH state,1.118067,1.152673,-0.00048,semiconductor_ai_shock_vulnerable,"AI capex 기대와 반도체 모멘텀이 꺾이면서 미국 성장주와 한국 반도체 대형주가 동시에 압박받는 장세입니다. SOXX, AI leader basket, 한국 반도체 basket의 동반 약세와 원화 압력을 함께 봅니다."
MU,MU,us_stock,korea_domestic_financial_stress,Korea Domestic Financial Stress,한국 내수 금융스트레스장,korea_market,-0.308889,-0.00048,0.116377,negative,0.308889,medium,61.630274,rolling_beta,v3,1,1110,1110,5,seed,pass,Y,,2026-06-09,1,0.401006,0.0,medium,N,context only: source_quality=seed,context only: source_quality=seed,0.312569,0.116377,-0.00048,korea_financial_stress_hedge,"가계부채, 부동산 PF, 비은행권, 금융주와 건설주 스트레스가 한국 자산 전반으로 번지는 장세입니다. 금융/건설 basket, 신용 spread, 단기자금 spread, 원화 약세를 함께 점검합니다."
MU,MU,us_stock,geopolitical_escalation_supply_shock,Geopolitical Escalation / Supply Shock,지정학 확전·공급충격장,geopolitical,0.252472,-0.00048,1.667428,positive,0.252472,low,65.604388,rolling_beta,v3,1,1110,1110,3,manual,pass,Y,,2026-06-09,1,0.398559,0.0,medium,N,context only: source_quality=manual,context only: source_quality=manual,0.102799,,-0.00048,geopolitical_supply_shock_vulnerable,"전쟁, 제재, 해상로 차질, 대만·중동·한반도 긴장처럼 유가·금·방산·변동성이 동시에 움직이는 이벤트성 충격 장세입니다. 뉴스 overlay는 가격 신호를 보강하는 용도로만 해석합니다."
MU,MU,us_stock,slowdown_recession_deflation_risk,Slowdown / Recession / Deflation Risk,경기둔화/침체 우려장,us_global,0.750639,-0.00048,1.728861,positive,0.750639,high,72.589407,rolling_beta,v3,1,1261,1261,3,market,pass,N,,2026-06-09,0,0.0,0.0,high,N,scenario inactive,inactive scenario,1.667428,1.728861,-0.00048,slowdown_vulnerable,수요 둔화와 침체/디플레이션 압력이 커지는 방어적 장세입니다. 주식 beta와 신용위험을 보수적으로 봅니다.
MU,MU,us_stock,stagflation_reinflation_energy_shock,Stagflation / Reinflation / Energy Shock,물가·에너지 재상승장,us_global,0.595607,-0.00048,1.667428,positive,0.595607,medium,72.540929,rolling_beta,v3,1,1261,1261,2,market,pass,N,,2026-06-09,0,0.0,0.0,high,N,scenario inactive,inactive scenario,0.102799,,-0.00048,stagflation_vulnerable,성장 부담이 있는데 유가·원자재·인플레이션 압력이 다시 커지는 장세입니다. 에너지/원자재 수혜와 장기채 부담을 함께 봅니다.
MU,MU,us_stock,soft_landing_goldilocks,Soft Landing / Goldilocks,우호적 위험선호장,us_global,1.667428,-0.00048,1.728861,positive,1.667428,high,65.4571,rolling_beta,v3,1,1261,1261,3,market,pass,N,,2026-06-09,0,0.0,0.0,high,N,non-adverse scenario,inactive scenario,1.667428,1.728861,-0.00048,risk_on_participation,우호적 위험선호장 참여 민감도
NFLX,NFLX,us_stock,usd_strength_krw_weakness,USD Strength / KRW Weakness,달러강세/원화약세장,fx_krw,-0.067219,0.00555,0.0,negative,0.067219,low,70.962151,rolling_beta,v3,1,1110,1110,4,market,pass,N,,2026-06-09,1,0.975204,0.975204,high,Y,trade-gated adverse scenario with medium/high evidence,active market context,0.4807,-0.137435,0.00555,krw_weakness_hedge,달러가 강하고 원화가 약해져 KRW 기준 투자자의 환율 리스크가 커지는 장세입니다. 한국 자산과 USD 노출의 역할을 분리해 봅니다.
NFLX,NFLX,us_stock,china_trade_fragmentation_shock,China / Trade Fragmentation Shock,중국·무역분절 충격장,china_asia,-0.012529,0.00555,0.0,neutral,0.012529,low,65.435166,rolling_beta,v3,1,1110,1110,5,market,pass,N,,2026-06-09,1,0.963122,0.963122,high,Y,trade-gated adverse scenario with medium/high evidence,active market context,-0.126168,-0.137435,0.00555,china_asia_shock_hedge,중국 경기·무역갈등·공급망 충격이 한국/아시아와 반도체 자산에 번지는 장세입니다. 한국 반도체 factor와 원화 약세를 함께 확인합니다.
NFLX,NFLX,us_stock,acute_global_stress_liquidity_crunch,Acute Global Stress / Liquidity Crunch,급성 리스크오프/유동성 경색장,us_global,0.072361,0.00555,1.233493,positive,0.072361,low,76.127067,rolling_beta,v3,1,1261,1261,3,market,pass,N,,2026-06-09,1,0.942163,0.942163,high,Y,trade-gated adverse scenario with medium/high evidence,active market context,1.131123,1.233493,0.00555,liquidity_stress_vulnerable,변동성이 튀고 위험자산이 동반 약세를 보이는 단기 스트레스 장세입니다. 상관관계 상승과 유동성 악화를 우선 점검합니다.
NFLX,NFLX,us_stock,higher_for_longer_long_rate_shock,Higher-for-Longer / Long-Rate Shock,장기금리 부담장,us_global,0.972117,0.00555,1.233493,positive,0.972117,high,62.128209,rolling_beta,v3,1,1261,1261,3,market,pass,N,,2026-06-09,1,0.908767,0.908767,high,Y,trade-gated adverse scenario with medium/high evidence,active market context,1.131123,1.233493,0.00555,rate_sensitive,장기금리와 달러 강세 부담이 채권·성장주·신용자산을 압박하는 장세입니다. 고밸류 성장주와 반도체 factor 민감도를 점검합니다.
NFLX,NFLX,us_stock,semiconductor_ai_cycle_shock,Semiconductor / AI Cycle Shock,AI·반도체 사이클 충격장,korea_semiconductor,0.261487,0.00555,0.483598,positive,0.261487,low,43.672,rolling_beta,v3,1,1110,1110,6,market,pass,N,,2026-06-09,1,0.377914,0.0,medium,N,context only: WATCH state,context only: WATCH state,0.457441,0.483598,0.00555,semiconductor_ai_shock_vulnerable,"AI capex 기대와 반도체 모멘텀이 꺾이면서 미국 성장주와 한국 반도체 대형주가 동시에 압박받는 장세입니다. SOXX, AI leader basket, 한국 반도체 basket의 동반 약세와 원화 압력을 함께 봅니다."
NFLX,NFLX,us_stock,korea_domestic_financial_stress,Korea Domestic Financial Stress,한국 내수 금융스트레스장,korea_market,-0.566649,0.00555,0.0,negative,0.566649,medium,61.630274,rolling_beta,v3,1,1110,1110,5,seed,pass,Y,,2026-06-09,1,0.401006,0.0,medium,N,context only: source_quality=seed,context only: source_quality=seed,-0.126168,-0.137435,0.00555,korea_financial_stress_hedge,"가계부채, 부동산 PF, 비은행권, 금융주와 건설주 스트레스가 한국 자산 전반으로 번지는 장세입니다. 금융/건설 basket, 신용 spread, 단기자금 spread, 원화 약세를 함께 점검합니다."
NFLX,NFLX,us_stock,geopolitical_escalation_supply_shock,Geopolitical Escalation / Supply Shock,지정학 확전·공급충격장,geopolitical,-0.051785,0.00555,1.131123,negative,0.051785,low,65.604388,rolling_beta,v3,1,1110,1110,3,manual,pass,Y,,2026-06-09,1,0.398559,0.0,medium,N,context only: source_quality=manual,context only: source_quality=manual,0.100625,,0.00555,geopolitical_supply_shock_hedge,"전쟁, 제재, 해상로 차질, 대만·중동·한반도 긴장처럼 유가·금·방산·변동성이 동시에 움직이는 이벤트성 충격 장세입니다. 뉴스 overlay는 가격 신호를 보강하는 용도로만 해석합니다."
NFLX,NFLX,us_stock,slowdown_recession_deflation_risk,Slowdown / Recession / Deflation Risk,경기둔화/침체 우려장,us_global,0.190975,0.00555,1.233493,positive,0.190975,low,72.589407,rolling_beta,v3,1,1261,1261,3,market,pass,N,,2026-06-09,0,0.0,0.0,high,N,scenario inactive,inactive scenario,1.131123,1.233493,0.00555,slowdown_vulnerable,수요 둔화와 침체/디플레이션 압력이 커지는 방어적 장세입니다. 주식 beta와 신용위험을 보수적으로 봅니다.
NFLX,NFLX,us_stock,stagflation_reinflation_energy_shock,Stagflation / Reinflation / Energy Shock,물가·에너지 재상승장,us_global,0.457139,0.00555,1.131123,positive,0.457139,medium,72.540929,rolling_beta,v3,1,1261,1261,2,market,pass,N,,2026-06-09,0,0.0,0.0,high,N,scenario inactive,inactive scenario,0.100625,,0.00555,stagflation_vulnerable,성장 부담이 있는데 유가·원자재·인플레이션 압력이 다시 커지는 장세입니다. 에너지/원자재 수혜와 장기채 부담을 함께 봅니다.
NFLX,NFLX,us_stock,soft_landing_goldilocks,Soft Landing / Goldilocks,우호적 위험선호장,us_global,1.131123,0.00555,1.233493,positive,1.131123,high,65.4571,rolling_beta,v3,1,1261,1261,3,market,pass,N,,2026-06-09,0,0.0,0.0,high,N,non-adverse scenario,inactive scenario,1.131123,1.233493,0.00555,risk_on_participation,우호적 위험선호장 참여 민감도
NOBL,NOBL,equity_etf,usd_strength_krw_weakness,USD Strength / KRW Weakness,달러강세/원화약세장,fx_krw,-0.168948,-0.000529,0.0,negative,0.168948,low,70.962151,rolling_beta,v3,1,1110,1110,4,market,pass,N,,2026-06-09,1,0.975204,0.975204,high,Y,trade-gated adverse scenario with medium/high evidence,active market context,0.815978,-0.077415,-0.000529,krw_weakness_hedge,달러가 강하고 원화가 약해져 KRW 기준 투자자의 환율 리스크가 커지는 장세입니다. 한국 자산과 USD 노출의 역할을 분리해 봅니다.
NOBL,NOBL,equity_etf,china_trade_fragmentation_shock,China / Trade Fragmentation Shock,중국·무역분절 충격장,china_asia,0.058066,-0.000529,0.0,positive,0.058066,low,65.435166,rolling_beta,v3,1,1110,1110,5,market,pass,N,,2026-06-09,1,0.963122,0.963122,high,Y,trade-gated adverse scenario with medium/high evidence,active market context,-0.051945,-0.077415,-0.000529,china_asia_shock_vulnerable,중국 경기·무역갈등·공급망 충격이 한국/아시아와 반도체 자산에 번지는 장세입니다. 한국 반도체 factor와 원화 약세를 함께 확인합니다.
NOBL,NOBL,equity_etf,acute_global_stress_liquidity_crunch,Acute Global Stress / Liquidity Crunch,급성 리스크오프/유동성 경색장,us_global,0.122117,-0.000529,0.695724,positive,0.122117,low,76.127067,rolling_beta,v3,1,1261,1261,3,market,pass,N,,2026-06-09,1,0.942163,0.942163,high,Y,trade-gated adverse scenario with medium/high evidence,active market context,0.724208,0.695724,-0.000529,liquidity_stress_vulnerable,변동성이 튀고 위험자산이 동반 약세를 보이는 단기 스트레스 장세입니다. 상관관계 상승과 유동성 악화를 우선 점검합니다.
NOBL,NOBL,equity_etf,higher_for_longer_long_rate_shock,Higher-for-Longer / Long-Rate Shock,장기금리 부담장,us_global,0.748314,-0.000529,0.695724,positive,0.748314,medium,62.128209,rolling_beta,v3,1,1261,1261,3,market,pass,N,,2026-06-09,1,0.908767,0.908767,high,Y,trade-gated adverse scenario with medium/high evidence,active market context,0.724208,0.695724,-0.000529,rate_sensitive,장기금리와 달러 강세 부담이 채권·성장주·신용자산을 압박하는 장세입니다. 고밸류 성장주와 반도체 factor 민감도를 점검합니다.
NOBL,NOBL,equity_etf,semiconductor_ai_cycle_shock,Semiconductor / AI Cycle Shock,AI·반도체 사이클 충격장,korea_semiconductor,-0.095479,-0.000529,0.171422,negative,0.095479,low,43.672,rolling_beta,v3,1,1110,1110,6,market,pass,N,,2026-06-09,1,0.377914,0.0,medium,N,context only: WATCH state,context only: WATCH state,0.209887,0.171422,-0.000529,semiconductor_ai_shock_hedge,"AI capex 기대와 반도체 모멘텀이 꺾이면서 미국 성장주와 한국 반도체 대형주가 동시에 압박받는 장세입니다. SOXX, AI leader basket, 한국 반도체 basket의 동반 약세와 원화 압력을 함께 봅니다."
NOBL,NOBL,equity_etf,korea_domestic_financial_stress,Korea Domestic Financial Stress,한국 내수 금융스트레스장,korea_market,-0.362678,-0.000529,0.0,negative,0.362678,medium,61.630274,rolling_beta,v3,1,1110,1110,5,seed,pass,Y,,2026-06-09,1,0.401006,0.0,medium,N,context only: source_quality=seed,context only: source_quality=seed,-0.051945,-0.077415,-0.000529,korea_financial_stress_hedge,"가계부채, 부동산 PF, 비은행권, 금융주와 건설주 스트레스가 한국 자산 전반으로 번지는 장세입니다. 금융/건설 basket, 신용 spread, 단기자금 spread, 원화 약세를 함께 점검합니다."
NOBL,NOBL,equity_etf,geopolitical_escalation_supply_shock,Geopolitical Escalation / Supply Shock,지정학 확전·공급충격장,geopolitical,0.008318,-0.000529,0.724208,neutral,0.008318,low,65.604388,rolling_beta,v3,1,1110,1110,3,manual,pass,Y,,2026-06-09,1,0.398559,0.0,medium,N,context only: source_quality=manual,context only: source_quality=manual,0.099144,,-0.000529,geopolitical_supply_shock_vulnerable,"전쟁, 제재, 해상로 차질, 대만·중동·한반도 긴장처럼 유가·금·방산·변동성이 동시에 움직이는 이벤트성 충격 장세입니다. 뉴스 overlay는 가격 신호를 보강하는 용도로만 해석합니다."
NOBL,NOBL,equity_etf,slowdown_recession_deflation_risk,Slowdown / Recession / Deflation Risk,경기둔화/침체 우려장,us_global,0.139249,-0.000529,0.695724,positive,0.139249,low,72.589407,rolling_beta,v3,1,1261,1261,3,market,pass,N,,2026-06-09,0,0.0,0.0,high,N,scenario inactive,inactive scenario,0.724208,0.695724,-0.000529,slowdown_vulnerable,수요 둔화와 침체/디플레이션 압력이 커지는 방어적 장세입니다. 주식 beta와 신용위험을 보수적으로 봅니다.
NOBL,NOBL,equity_etf,stagflation_reinflation_energy_shock,Stagflation / Reinflation / Energy Shock,물가·에너지 재상승장,us_global,0.466697,-0.000529,0.724208,positive,0.466697,medium,72.540929,rolling_beta,v3,1,1261,1261,2,market,pass,N,,2026-06-09,0,0.0,0.0,high,N,scenario inactive,inactive scenario,0.099144,,-0.000529,stagflation_vulnerable,성장 부담이 있는데 유가·원자재·인플레이션 압력이 다시 커지는 장세입니다. 에너지/원자재 수혜와 장기채 부담을 함께 봅니다.
NOBL,NOBL,equity_etf,soft_landing_goldilocks,Soft Landing / Goldilocks,우호적 위험선호장,us_global,0.724208,-0.000529,0.695724,positive,0.724208,medium,65.4571,rolling_beta,v3,1,1261,1261,3,market,pass,N,,2026-06-09,0,0.0,0.0,high,N,non-adverse scenario,inactive scenario,0.724208,0.695724,-0.000529,risk_on_participation,우호적 위험선호장 참여 민감도
NVDA,NVDA,us_stock,usd_strength_krw_weakness,USD Strength / KRW Weakness,달러강세/원화약세장,fx_krw,0.1239,0.000215,0.150665,positive,0.1239,low,70.962151,rolling_beta,v3,1,1110,1110,4,market,pass,N,,2026-06-09,1,0.975204,0.975204,high,Y,trade-gated adverse scenario with medium/high evidence,active market context,0.278716,0.150665,0.000215,krw_weakness_vulnerable,달러가 강하고 원화가 약해져 KRW 기준 투자자의 환율 리스크가 커지는 장세입니다. 한국 자산과 USD 노출의 역할을 분리해 봅니다.
NVDA,NVDA,us_stock,china_trade_fragmentation_shock,China / Trade Fragmentation Shock,중국·무역분절 충격장,china_asia,0.623757,0.000215,0.150665,positive,0.623757,medium,65.435166,rolling_beta,v3,1,1110,1110,5,market,pass,N,,2026-06-09,1,0.963122,0.963122,high,Y,trade-gated adverse scenario with medium/high evidence,active market context,0.134107,0.150665,0.000215,china_asia_shock_vulnerable,중국 경기·무역갈등·공급망 충격이 한국/아시아와 반도체 자산에 번지는 장세입니다. 한국 반도체 factor와 원화 약세를 함께 확인합니다.
NVDA,NVDA,us_stock,acute_global_stress_liquidity_crunch,Acute Global Stress / Liquidity Crunch,급성 리스크오프/유동성 경색장,us_global,1.032927,0.000215,1.802142,positive,1.032927,high,76.127067,rolling_beta,v3,1,1261,1261,3,market,pass,N,,2026-06-09,1,0.942163,0.942163,high,Y,trade-gated adverse scenario with medium/high evidence,active market context,1.895602,1.802142,0.000215,liquidity_stress_vulnerable,변동성이 튀고 위험자산이 동반 약세를 보이는 단기 스트레스 장세입니다. 상관관계 상승과 유동성 악화를 우선 점검합니다.
NVDA,NVDA,us_stock,higher_for_longer_long_rate_shock,Higher-for-Longer / Long-Rate Shock,장기금리 부담장,us_global,1.642581,0.000215,1.802142,positive,1.642581,high,62.128209,rolling_beta,v3,1,1261,1261,3,market,pass,N,,2026-06-09,1,0.908767,0.908767,high,Y,trade-gated adverse scenario with medium/high evidence,active market context,1.895602,1.802142,0.000215,rate_sensitive,장기금리와 달러 강세 부담이 채권·성장주·신용자산을 압박하는 장세입니다. 고밸류 성장주와 반도체 factor 민감도를 점검합니다.
NVDA,NVDA,us_stock,semiconductor_ai_cycle_shock,Semiconductor / AI Cycle Shock,AI·반도체 사이클 충격장,korea_semiconductor,1.136585,0.000215,1.151705,positive,1.136585,high,43.672,rolling_beta,v3,1,1110,1110,6,market,pass,N,,2026-06-09,1,0.377914,0.0,medium,N,context only: WATCH state,context only: WATCH state,1.102821,1.151705,0.000215,semiconductor_ai_shock_vulnerable,"AI capex 기대와 반도체 모멘텀이 꺾이면서 미국 성장주와 한국 반도체 대형주가 동시에 압박받는 장세입니다. SOXX, AI leader basket, 한국 반도체 basket의 동반 약세와 원화 압력을 함께 봅니다."
NVDA,NVDA,us_stock,korea_domestic_financial_stress,Korea Domestic Financial Stress,한국 내수 금융스트레스장,korea_market,-0.416619,0.000215,0.150665,negative,0.416619,medium,61.630274,rolling_beta,v3,1,1110,1110,5,seed,pass,Y,,2026-06-09,1,0.401006,0.0,medium,N,context only: source_quality=seed,context only: source_quality=seed,0.134107,0.150665,0.000215,korea_financial_stress_hedge,"가계부채, 부동산 PF, 비은행권, 금융주와 건설주 스트레스가 한국 자산 전반으로 번지는 장세입니다. 금융/건설 basket, 신용 spread, 단기자금 spread, 원화 약세를 함께 점검합니다."
NVDA,NVDA,us_stock,geopolitical_escalation_supply_shock,Geopolitical Escalation / Supply Shock,지정학 확전·공급충격장,geopolitical,0.320891,0.000215,1.895602,positive,0.320891,medium,65.604388,rolling_beta,v3,1,1110,1110,3,manual,pass,Y,,2026-06-09,1,0.398559,0.0,medium,N,context only: source_quality=manual,context only: source_quality=manual,0.103649,,0.000215,geopolitical_supply_shock_vulnerable,"전쟁, 제재, 해상로 차질, 대만·중동·한반도 긴장처럼 유가·금·방산·변동성이 동시에 움직이는 이벤트성 충격 장세입니다. 뉴스 overlay는 가격 신호를 보강하는 용도로만 해석합니다."
NVDA,NVDA,us_stock,slowdown_recession_deflation_risk,Slowdown / Recession / Deflation Risk,경기둔화/침체 우려장,us_global,0.874632,0.000215,1.802142,positive,0.874632,high,72.589407,rolling_beta,v3,1,1261,1261,3,market,pass,N,,2026-06-09,0,0.0,0.0,high,N,scenario inactive,inactive scenario,1.895602,1.802142,0.000215,slowdown_vulnerable,수요 둔화와 침체/디플레이션 압력이 커지는 방어적 장세입니다. 주식 beta와 신용위험을 보수적으로 봅니다.
NVDA,NVDA,us_stock,stagflation_reinflation_energy_shock,Stagflation / Reinflation / Energy Shock,물가·에너지 재상승장,us_global,0.858097,0.000215,1.895602,positive,0.858097,high,72.540929,rolling_beta,v3,1,1261,1261,2,market,pass,N,,2026-06-09,0,0.0,0.0,high,N,scenario inactive,inactive scenario,0.103649,,0.000215,stagflation_vulnerable,성장 부담이 있는데 유가·원자재·인플레이션 압력이 다시 커지는 장세입니다. 에너지/원자재 수혜와 장기채 부담을 함께 봅니다.
NVDA,NVDA,us_stock,soft_landing_goldilocks,Soft Landing / Goldilocks,우호적 위험선호장,us_global,1.895602,0.000215,1.802142,positive,1.895602,high,65.4571,rolling_beta,v3,1,1261,1261,3,market,pass,N,,2026-06-09,0,0.0,0.0,high,N,non-adverse scenario,inactive scenario,1.895602,1.802142,0.000215,risk_on_participation,우호적 위험선호장 참여 민감도
ORCL,ORCL,us_stock,usd_strength_krw_weakness,USD Strength / KRW Weakness,달러강세/원화약세장,fx_krw,-0.074784,-0.001246,0.164091,negative,0.074784,low,70.962151,rolling_beta,v3,1,1110,1110,4,market,pass,N,,2026-06-09,1,0.975204,0.975204,high,Y,trade-gated adverse scenario with medium/high evidence,active market context,0.402661,0.164091,-0.001246,krw_weakness_hedge,달러가 강하고 원화가 약해져 KRW 기준 투자자의 환율 리스크가 커지는 장세입니다. 한국 자산과 USD 노출의 역할을 분리해 봅니다.
ORCL,ORCL,us_stock,china_trade_fragmentation_shock,China / Trade Fragmentation Shock,중국·무역분절 충격장,china_asia,0.151332,-0.001246,0.164091,positive,0.151332,low,65.435166,rolling_beta,v3,1,1110,1110,5,market,pass,N,,2026-06-09,1,0.963122,0.963122,high,Y,trade-gated adverse scenario with medium/high evidence,active market context,0.094309,0.164091,-0.001246,china_asia_shock_vulnerable,중국 경기·무역갈등·공급망 충격이 한국/아시아와 반도체 자산에 번지는 장세입니다. 한국 반도체 factor와 원화 약세를 함께 확인합니다.
ORCL,ORCL,us_stock,acute_global_stress_liquidity_crunch,Acute Global Stress / Liquidity Crunch,급성 리스크오프/유동성 경색장,us_global,0.361562,-0.001246,1.09846,positive,0.361562,medium,76.127067,rolling_beta,v3,1,1261,1261,3,market,pass,N,,2026-06-09,1,0.942163,0.942163,high,Y,trade-gated adverse scenario with medium/high evidence,active market context,1.100865,1.09846,-0.001246,liquidity_stress_vulnerable,변동성이 튀고 위험자산이 동반 약세를 보이는 단기 스트레스 장세입니다. 상관관계 상승과 유동성 악화를 우선 점검합니다.
ORCL,ORCL,us_stock,higher_for_longer_long_rate_shock,Higher-for-Longer / Long-Rate Shock,장기금리 부담장,us_global,0.955476,-0.001246,1.09846,positive,0.955476,high,62.128209,rolling_beta,v3,1,1261,1261,3,market,pass,N,,2026-06-09,1,0.908767,0.908767,high,Y,trade-gated adverse scenario with medium/high evidence,active market context,1.100865,1.09846,-0.001246,rate_sensitive,장기금리와 달러 강세 부담이 채권·성장주·신용자산을 압박하는 장세입니다. 고밸류 성장주와 반도체 factor 민감도를 점검합니다.
ORCL,ORCL,us_stock,semiconductor_ai_cycle_shock,Semiconductor / AI Cycle Shock,AI·반도체 사이클 충격장,korea_semiconductor,0.380199,-0.001246,0.585182,positive,0.380199,medium,43.672,rolling_beta,v3,1,1110,1110,6,market,pass,N,,2026-06-09,1,0.377914,0.0,medium,N,context only: WATCH state,context only: WATCH state,0.493018,0.585182,-0.001246,semiconductor_ai_shock_vulnerable,"AI capex 기대와 반도체 모멘텀이 꺾이면서 미국 성장주와 한국 반도체 대형주가 동시에 압박받는 장세입니다. SOXX, AI leader basket, 한국 반도체 basket의 동반 약세와 원화 압력을 함께 봅니다."
ORCL,ORCL,us_stock,korea_domestic_financial_stress,Korea Domestic Financial Stress,한국 내수 금융스트레스장,korea_market,-0.36892,-0.001246,0.164091,negative,0.36892,medium,61.630274,rolling_beta,v3,1,1110,1110,5,seed,pass,Y,,2026-06-09,1,0.401006,0.0,medium,N,context only: source_quality=seed,context only: source_quality=seed,0.094309,0.164091,-0.001246,korea_financial_stress_hedge,"가계부채, 부동산 PF, 비은행권, 금융주와 건설주 스트레스가 한국 자산 전반으로 번지는 장세입니다. 금융/건설 basket, 신용 spread, 단기자금 spread, 원화 약세를 함께 점검합니다."
ORCL,ORCL,us_stock,geopolitical_escalation_supply_shock,Geopolitical Escalation / Supply Shock,지정학 확전·공급충격장,geopolitical,0.095524,-0.001246,1.100865,positive,0.095524,low,65.604388,rolling_beta,v3,1,1110,1110,3,manual,pass,Y,,2026-06-09,1,0.398559,0.0,medium,N,context only: source_quality=manual,context only: source_quality=manual,0.101067,,-0.001246,geopolitical_supply_shock_vulnerable,"전쟁, 제재, 해상로 차질, 대만·중동·한반도 긴장처럼 유가·금·방산·변동성이 동시에 움직이는 이벤트성 충격 장세입니다. 뉴스 overlay는 가격 신호를 보강하는 용도로만 해석합니다."
ORCL,ORCL,us_stock,slowdown_recession_deflation_risk,Slowdown / Recession / Deflation Risk,경기둔화/침체 우려장,us_global,0.409185,-0.001246,1.09846,positive,0.409185,medium,72.589407,rolling_beta,v3,1,1261,1261,3,market,pass,N,,2026-06-09,0,0.0,0.0,high,N,scenario inactive,inactive scenario,1.100865,1.09846,-0.001246,slowdown_vulnerable,수요 둔화와 침체/디플레이션 압력이 커지는 방어적 장세입니다. 주식 beta와 신용위험을 보수적으로 봅니다.
ORCL,ORCL,us_stock,stagflation_reinflation_energy_shock,Stagflation / Reinflation / Energy Shock,물가·에너지 재상승장,us_global,0.616462,-0.001246,1.100865,positive,0.616462,medium,72.540929,rolling_beta,v3,1,1261,1261,2,market,pass,N,,2026-06-09,0,0.0,0.0,high,N,scenario inactive,inactive scenario,0.101067,,-0.001246,stagflation_vulnerable,성장 부담이 있는데 유가·원자재·인플레이션 압력이 다시 커지는 장세입니다. 에너지/원자재 수혜와 장기채 부담을 함께 봅니다.
ORCL,ORCL,us_stock,soft_landing_goldilocks,Soft Landing / Goldilocks,우호적 위험선호장,us_global,1.100865,-0.001246,1.09846,positive,1.100865,high,65.4571,rolling_beta,v3,1,1261,1261,3,market,pass,N,,2026-06-09,0,0.0,0.0,high,N,non-adverse scenario,inactive scenario,1.100865,1.09846,-0.001246,risk_on_participation,우호적 위험선호장 참여 민감도
PDBC,PDBC,commodity_etf,usd_strength_krw_weakness,USD Strength / KRW Weakness,달러강세/원화약세장,fx_krw,-0.256225,-0.001943,0.007933,negative,0.256225,low,70.962151,rolling_beta,v3,1,1110,1110,4,market,pass,N,,2026-06-09,1,0.975204,0.975204,high,Y,trade-gated adverse scenario with medium/high evidence,active market context,0.891563,0.007933,-0.001943,krw_weakness_hedge,달러가 강하고 원화가 약해져 KRW 기준 투자자의 환율 리스크가 커지는 장세입니다. 한국 자산과 USD 노출의 역할을 분리해 봅니다.
PDBC,PDBC,commodity_etf,china_trade_fragmentation_shock,China / Trade Fragmentation Shock,중국·무역분절 충격장,china_asia,0.023607,-0.001943,0.007933,neutral,0.023607,low,65.435166,rolling_beta,v3,1,1110,1110,5,market,pass,N,,2026-06-09,1,0.963122,0.963122,high,Y,trade-gated adverse scenario with medium/high evidence,active market context,-0.012468,0.007933,-0.001943,china_asia_shock_vulnerable,중국 경기·무역갈등·공급망 충격이 한국/아시아와 반도체 자산에 번지는 장세입니다. 한국 반도체 factor와 원화 약세를 함께 확인합니다.
PDBC,PDBC,commodity_etf,acute_global_stress_liquidity_crunch,Acute Global Stress / Liquidity Crunch,급성 리스크오프/유동성 경색장,us_global,0.293762,-0.001943,0.570461,positive,0.293762,low,76.127067,rolling_beta,v3,1,1261,1261,3,market,pass,N,,2026-06-09,1,0.942163,0.942163,high,Y,trade-gated adverse scenario with medium/high evidence,active market context,0.375099,0.570461,-0.001943,liquidity_stress_vulnerable,변동성이 튀고 위험자산이 동반 약세를 보이는 단기 스트레스 장세입니다. 상관관계 상승과 유동성 악화를 우선 점검합니다.
PDBC,PDBC,commodity_etf,higher_for_longer_long_rate_shock,Higher-for-Longer / Long-Rate Shock,장기금리 부담장,us_global,0.106304,-0.001943,0.570461,positive,0.106304,low,62.128209,rolling_beta,v3,1,1261,1261,3,market,pass,N,,2026-06-09,1,0.908767,0.908767,high,Y,trade-gated adverse scenario with medium/high evidence,active market context,0.375099,0.570461,-0.001943,rate_sensitive,장기금리와 달러 강세 부담이 채권·성장주·신용자산을 압박하는 장세입니다. 고밸류 성장주와 반도체 factor 민감도를 점검합니다.
PDBC,PDBC,commodity_etf,semiconductor_ai_cycle_shock,Semiconductor / AI Cycle Shock,AI·반도체 사이클 충격장,korea_semiconductor,0.088591,-0.001943,0.148589,positive,0.088591,low,43.672,rolling_beta,v3,1,1110,1110,6,market,pass,N,,2026-06-09,1,0.377914,0.0,medium,N,context only: WATCH state,context only: WATCH state,0.111249,0.148589,-0.001943,semiconductor_ai_shock_vulnerable,"AI capex 기대와 반도체 모멘텀이 꺾이면서 미국 성장주와 한국 반도체 대형주가 동시에 압박받는 장세입니다. SOXX, AI leader basket, 한국 반도체 basket의 동반 약세와 원화 압력을 함께 봅니다."
PDBC,PDBC,commodity_etf,korea_domestic_financial_stress,Korea Domestic Financial Stress,한국 내수 금융스트레스장,korea_market,-0.017678,-0.001943,0.007933,neutral,0.017678,low,61.630274,rolling_beta,v3,1,1110,1110,5,seed,pass,Y,,2026-06-09,1,0.401006,0.0,medium,N,context only: source_quality=seed,context only: source_quality=seed,-0.012468,0.007933,-0.001943,korea_financial_stress_hedge,"가계부채, 부동산 PF, 비은행권, 금융주와 건설주 스트레스가 한국 자산 전반으로 번지는 장세입니다. 금융/건설 basket, 신용 spread, 단기자금 spread, 원화 약세를 함께 점검합니다."
PDBC,PDBC,commodity_etf,geopolitical_escalation_supply_shock,Geopolitical Escalation / Supply Shock,지정학 확전·공급충격장,geopolitical,-0.234404,-0.001943,0.375099,negative,0.234404,low,65.604388,rolling_beta,v3,1,1110,1110,3,manual,pass,Y,,2026-06-09,1,0.398559,0.0,medium,N,context only: source_quality=manual,context only: source_quality=manual,0.507821,,-0.001943,geopolitical_supply_shock_hedge,"전쟁, 제재, 해상로 차질, 대만·중동·한반도 긴장처럼 유가·금·방산·변동성이 동시에 움직이는 이벤트성 충격 장세입니다. 뉴스 overlay는 가격 신호를 보강하는 용도로만 해석합니다."
PDBC,PDBC,commodity_etf,slowdown_recession_deflation_risk,Slowdown / Recession / Deflation Risk,경기둔화/침체 우려장,us_global,0.311836,-0.001943,0.570461,positive,0.311836,medium,72.589407,rolling_beta,v3,1,1261,1261,3,market,pass,N,,2026-06-09,0,0.0,0.0,high,N,scenario inactive,inactive scenario,0.375099,0.570461,-0.001943,slowdown_vulnerable,수요 둔화와 침체/디플레이션 압력이 커지는 방어적 장세입니다. 주식 beta와 신용위험을 보수적으로 봅니다.
PDBC,PDBC,commodity_etf,stagflation_reinflation_energy_shock,Stagflation / Reinflation / Energy Shock,물가·에너지 재상승장,us_global,-0.270128,-0.001943,0.375099,negative,0.270128,low,72.540929,rolling_beta,v3,1,1261,1261,2,market,pass,N,,2026-06-09,0,0.0,0.0,high,N,scenario inactive,inactive scenario,0.507821,,-0.001943,inflation_hedge,성장 부담이 있는데 유가·원자재·인플레이션 압력이 다시 커지는 장세입니다. 에너지/원자재 수혜와 장기채 부담을 함께 봅니다.
PDBC,PDBC,commodity_etf,soft_landing_goldilocks,Soft Landing / Goldilocks,우호적 위험선호장,us_global,0.375099,-0.001943,0.570461,positive,0.375099,medium,65.4571,rolling_beta,v3,1,1261,1261,3,market,pass,N,,2026-06-09,0,0.0,0.0,high,N,non-adverse scenario,inactive scenario,0.375099,0.570461,-0.001943,risk_on_participation,우호적 위험선호장 참여 민감도
PFE,PFE,us_stock,usd_strength_krw_weakness,USD Strength / KRW Weakness,달러강세/원화약세장,fx_krw,-0.226555,0.000697,0.0,negative,0.226555,low,70.962151,rolling_beta,v3,1,1110,1110,4,market,pass,N,,2026-06-09,1,0.975204,0.975204,high,Y,trade-gated adverse scenario with medium/high evidence,active market context,0.720587,-0.033861,0.000697,krw_weakness_hedge,달러가 강하고 원화가 약해져 KRW 기준 투자자의 환율 리스크가 커지는 장세입니다. 한국 자산과 USD 노출의 역할을 분리해 봅니다.
PFE,PFE,us_stock,china_trade_fragmentation_shock,China / Trade Fragmentation Shock,중국·무역분절 충격장,china_asia,-0.018662,0.000697,0.0,neutral,0.018662,low,65.435166,rolling_beta,v3,1,1110,1110,5,market,pass,N,,2026-06-09,1,0.963122,0.963122,high,Y,trade-gated adverse scenario with medium/high evidence,active market context,-0.094886,-0.033861,0.000697,china_asia_shock_hedge,중국 경기·무역갈등·공급망 충격이 한국/아시아와 반도체 자산에 번지는 장세입니다. 한국 반도체 factor와 원화 약세를 함께 확인합니다.
PFE,PFE,us_stock,acute_global_stress_liquidity_crunch,Acute Global Stress / Liquidity Crunch,급성 리스크오프/유동성 경색장,us_global,-0.059774,0.000697,0.50526,negative,0.059774,low,76.127067,rolling_beta,v3,1,1261,1261,3,market,pass,N,,2026-06-09,1,0.942163,0.942163,high,Y,trade-gated adverse scenario with medium/high evidence,active market context,0.49378,0.50526,0.000697,liquidity_stress_defense,변동성이 튀고 위험자산이 동반 약세를 보이는 단기 스트레스 장세입니다. 상관관계 상승과 유동성 악화를 우선 점검합니다.
PFE,PFE,us_stock,higher_for_longer_long_rate_shock,Higher-for-Longer / Long-Rate Shock,장기금리 부담장,us_global,0.621579,0.000697,0.50526,positive,0.621579,medium,62.128209,rolling_beta,v3,1,1261,1261,3,market,pass,N,,2026-06-09,1,0.908767,0.908767,high,Y,trade-gated adverse scenario with medium/high evidence,active market context,0.49378,0.50526,0.000697,rate_sensitive,장기금리와 달러 강세 부담이 채권·성장주·신용자산을 압박하는 장세입니다. 고밸류 성장주와 반도체 factor 민감도를 점검합니다.
PFE,PFE,us_stock,semiconductor_ai_cycle_shock,Semiconductor / AI Cycle Shock,AI·반도체 사이클 충격장,korea_semiconductor,-0.202098,0.000697,0.052123,negative,0.202098,low,43.672,rolling_beta,v3,1,1110,1110,6,market,pass,N,,2026-06-09,1,0.377914,0.0,medium,N,context only: WATCH state,context only: WATCH state,0.106152,0.052123,0.000697,semiconductor_ai_shock_hedge,"AI capex 기대와 반도체 모멘텀이 꺾이면서 미국 성장주와 한국 반도체 대형주가 동시에 압박받는 장세입니다. SOXX, AI leader basket, 한국 반도체 basket의 동반 약세와 원화 압력을 함께 봅니다."
PFE,PFE,us_stock,korea_domestic_financial_stress,Korea Domestic Financial Stress,한국 내수 금융스트레스장,korea_market,-0.40933,0.000697,0.0,negative,0.40933,medium,61.630274,rolling_beta,v3,1,1110,1110,5,seed,pass,Y,,2026-06-09,1,0.401006,0.0,medium,N,context only: source_quality=seed,context only: source_quality=seed,-0.094886,-0.033861,0.000697,korea_financial_stress_hedge,"가계부채, 부동산 PF, 비은행권, 금융주와 건설주 스트레스가 한국 자산 전반으로 번지는 장세입니다. 금융/건설 basket, 신용 spread, 단기자금 spread, 원화 약세를 함께 점검합니다."
PFE,PFE,us_stock,geopolitical_escalation_supply_shock,Geopolitical Escalation / Supply Shock,지정학 확전·공급충격장,geopolitical,-0.106661,0.000697,0.49378,negative,0.106661,low,65.604388,rolling_beta,v3,1,1110,1110,3,manual,pass,Y,,2026-06-09,1,0.398559,0.0,medium,N,context only: source_quality=manual,context only: source_quality=manual,0.032194,,0.000697,geopolitical_supply_shock_hedge,"전쟁, 제재, 해상로 차질, 대만·중동·한반도 긴장처럼 유가·금·방산·변동성이 동시에 움직이는 이벤트성 충격 장세입니다. 뉴스 overlay는 가격 신호를 보강하는 용도로만 해석합니다."
PFE,PFE,us_stock,slowdown_recession_deflation_risk,Slowdown / Recession / Deflation Risk,경기둔화/침체 우려장,us_global,-0.053429,0.000697,0.50526,negative,0.053429,low,72.589407,rolling_beta,v3,1,1261,1261,3,market,pass,N,,2026-06-09,0,0.0,0.0,high,N,scenario inactive,inactive scenario,0.49378,0.50526,0.000697,slowdown_defense,수요 둔화와 침체/디플레이션 압력이 커지는 방어적 장세입니다. 주식 beta와 신용위험을 보수적으로 봅니다.
PFE,PFE,us_stock,stagflation_reinflation_energy_shock,Stagflation / Reinflation / Energy Shock,물가·에너지 재상승장,us_global,0.355405,0.000697,0.49378,positive,0.355405,medium,72.540929,rolling_beta,v3,1,1261,1261,2,market,pass,N,,2026-06-09,0,0.0,0.0,high,N,scenario inactive,inactive scenario,0.032194,,0.000697,stagflation_vulnerable,성장 부담이 있는데 유가·원자재·인플레이션 압력이 다시 커지는 장세입니다. 에너지/원자재 수혜와 장기채 부담을 함께 봅니다.
PFE,PFE,us_stock,soft_landing_goldilocks,Soft Landing / Goldilocks,우호적 위험선호장,us_global,0.49378,0.000697,0.50526,positive,0.49378,medium,65.4571,rolling_beta,v3,1,1261,1261,3,market,pass,N,,2026-06-09,0,0.0,0.0,high,N,non-adverse scenario,inactive scenario,0.49378,0.50526,0.000697,risk_on_participation,우호적 위험선호장 참여 민감도
PG,PG,us_stock,usd_strength_krw_weakness,USD Strength / KRW Weakness,달러강세/원화약세장,fx_krw,-0.242468,-0.001675,0.0,negative,0.242468,low,70.962151,rolling_beta,v3,1,1110,1110,4,market,pass,N,,2026-06-09,1,0.975204,0.975204,high,Y,trade-gated adverse scenario with medium/high evidence,active market context,0.856743,-0.082495,-0.001675,krw_weakness_hedge,달러가 강하고 원화가 약해져 KRW 기준 투자자의 환율 리스크가 커지는 장세입니다. 한국 자산과 USD 노출의 역할을 분리해 봅니다.
PG,PG,us_stock,china_trade_fragmentation_shock,China / Trade Fragmentation Shock,중국·무역분절 충격장,china_asia,0.027894,-0.001675,0.0,neutral,0.027894,low,65.435166,rolling_beta,v3,1,1110,1110,5,market,pass,N,,2026-06-09,1,0.963122,0.963122,high,Y,trade-gated adverse scenario with medium/high evidence,active market context,-0.109077,-0.082495,-0.001675,china_asia_shock_vulnerable,중국 경기·무역갈등·공급망 충격이 한국/아시아와 반도체 자산에 번지는 장세입니다. 한국 반도체 factor와 원화 약세를 함께 확인합니다.
PG,PG,us_stock,acute_global_stress_liquidity_crunch,Acute Global Stress / Liquidity Crunch,급성 리스크오프/유동성 경색장,us_global,0.011935,-0.001675,0.464685,neutral,0.011935,low,76.127067,rolling_beta,v3,1,1261,1261,3,market,pass,N,,2026-06-09,1,0.942163,0.942163,high,Y,trade-gated adverse scenario with medium/high evidence,active market context,0.43013,0.464685,-0.001675,liquidity_stress_vulnerable,변동성이 튀고 위험자산이 동반 약세를 보이는 단기 스트레스 장세입니다. 상관관계 상승과 유동성 악화를 우선 점검합니다.
PG,PG,us_stock,higher_for_longer_long_rate_shock,Higher-for-Longer / Long-Rate Shock,장기금리 부담장,us_global,0.586571,-0.001675,0.464685,positive,0.586571,medium,62.128209,rolling_beta,v3,1,1261,1261,3,market,pass,N,,2026-06-09,1,0.908767,0.908767,high,Y,trade-gated adverse scenario with medium/high evidence,active market context,0.43013,0.464685,-0.001675,rate_sensitive,장기금리와 달러 강세 부담이 채권·성장주·신용자산을 압박하는 장세입니다. 고밸류 성장주와 반도체 factor 민감도를 점검합니다.
PG,PG,us_stock,semiconductor_ai_cycle_shock,Semiconductor / AI Cycle Shock,AI·반도체 사이클 충격장,korea_semiconductor,-0.218547,-0.001675,0.005121,negative,0.218547,low,43.672,rolling_beta,v3,1,1110,1110,6,market,pass,N,,2026-06-09,1,0.377914,0.0,medium,N,context only: WATCH state,context only: WATCH state,0.05103,0.005121,-0.001675,semiconductor_ai_shock_hedge,"AI capex 기대와 반도체 모멘텀이 꺾이면서 미국 성장주와 한국 반도체 대형주가 동시에 압박받는 장세입니다. SOXX, AI leader basket, 한국 반도체 basket의 동반 약세와 원화 압력을 함께 봅니다."
PG,PG,us_stock,korea_domestic_financial_stress,Korea Domestic Financial Stress,한국 내수 금융스트레스장,korea_market,-0.32962,-0.001675,0.0,negative,0.32962,medium,61.630274,rolling_beta,v3,1,1110,1110,5,seed,pass,Y,,2026-06-09,1,0.401006,0.0,medium,N,context only: source_quality=seed,context only: source_quality=seed,-0.109077,-0.082495,-0.001675,korea_financial_stress_hedge,"가계부채, 부동산 PF, 비은행권, 금융주와 건설주 스트레스가 한국 자산 전반으로 번지는 장세입니다. 금융/건설 basket, 신용 spread, 단기자금 spread, 원화 약세를 함께 점검합니다."
PG,PG,us_stock,geopolitical_escalation_supply_shock,Geopolitical Escalation / Supply Shock,지정학 확전·공급충격장,geopolitical,-0.05304,-0.001675,0.43013,negative,0.05304,low,65.604388,rolling_beta,v3,1,1110,1110,3,manual,pass,Y,,2026-06-09,1,0.398559,0.0,medium,N,context only: source_quality=manual,context only: source_quality=manual,0.014405,,-0.001675,geopolitical_supply_shock_hedge,"전쟁, 제재, 해상로 차질, 대만·중동·한반도 긴장처럼 유가·금·방산·변동성이 동시에 움직이는 이벤트성 충격 장세입니다. 뉴스 overlay는 가격 신호를 보강하는 용도로만 해석합니다."
PG,PG,us_stock,slowdown_recession_deflation_risk,Slowdown / Recession / Deflation Risk,경기둔화/침체 우려장,us_global,-0.0118,-0.001675,0.464685,neutral,0.0118,low,72.589407,rolling_beta,v3,1,1261,1261,3,market,pass,N,,2026-06-09,0,0.0,0.0,high,N,scenario inactive,inactive scenario,0.43013,0.464685,-0.001675,slowdown_defense,수요 둔화와 침체/디플레이션 압력이 커지는 방어적 장세입니다. 주식 beta와 신용위험을 보수적으로 봅니다.
PG,PG,us_stock,stagflation_reinflation_energy_shock,Stagflation / Reinflation / Energy Shock,물가·에너지 재상승장,us_global,0.392414,-0.001675,0.43013,positive,0.392414,medium,72.540929,rolling_beta,v3,1,1261,1261,2,market,pass,N,,2026-06-09,0,0.0,0.0,high,N,scenario inactive,inactive scenario,0.014405,,-0.001675,stagflation_vulnerable,성장 부담이 있는데 유가·원자재·인플레이션 압력이 다시 커지는 장세입니다. 에너지/원자재 수혜와 장기채 부담을 함께 봅니다.
PG,PG,us_stock,soft_landing_goldilocks,Soft Landing / Goldilocks,우호적 위험선호장,us_global,0.43013,-0.001675,0.464685,positive,0.43013,medium,65.4571,rolling_beta,v3,1,1261,1261,3,market,pass,N,,2026-06-09,0,0.0,0.0,high,N,non-adverse scenario,inactive scenario,0.43013,0.464685,-0.001675,risk_on_participation,우호적 위험선호장 참여 민감도
PPA,PPA,equity_etf,usd_strength_krw_weakness,USD Strength / KRW Weakness,달러강세/원화약세장,fx_krw,-0.138127,9.6e-05,0.006396,negative,0.138127,low,70.962151,rolling_beta,v3,1,1110,1110,4,market,pass,N,,2026-06-09,1,0.975204,0.975204,high,Y,trade-gated adverse scenario with medium/high evidence,active market context,0.729745,0.006396,9.6e-05,krw_weakness_hedge,달러가 강하고 원화가 약해져 KRW 기준 투자자의 환율 리스크가 커지는 장세입니다. 한국 자산과 USD 노출의 역할을 분리해 봅니다.
PPA,PPA,equity_etf,china_trade_fragmentation_shock,China / Trade Fragmentation Shock,중국·무역분절 충격장,china_asia,0.067109,9.6e-05,0.006396,positive,0.067109,low,65.435166,rolling_beta,v3,1,1110,1110,5,market,pass,N,,2026-06-09,1,0.963122,0.963122,high,Y,trade-gated adverse scenario with medium/high evidence,active market context,-0.02584,0.006396,9.6e-05,china_asia_shock_vulnerable,중국 경기·무역갈등·공급망 충격이 한국/아시아와 반도체 자산에 번지는 장세입니다. 한국 반도체 factor와 원화 약세를 함께 확인합니다.
PPA,PPA,equity_etf,acute_global_stress_liquidity_crunch,Acute Global Stress / Liquidity Crunch,급성 리스크오프/유동성 경색장,us_global,0.46182,9.6e-05,0.839834,positive,0.46182,medium,76.127067,rolling_beta,v3,1,1261,1261,3,market,pass,N,,2026-06-09,1,0.942163,0.942163,high,Y,trade-gated adverse scenario with medium/high evidence,active market context,0.847494,0.839834,9.6e-05,liquidity_stress_vulnerable,변동성이 튀고 위험자산이 동반 약세를 보이는 단기 스트레스 장세입니다. 상관관계 상승과 유동성 악화를 우선 점검합니다.
PPA,PPA,equity_etf,higher_for_longer_long_rate_shock,Higher-for-Longer / Long-Rate Shock,장기금리 부담장,us_global,0.366122,9.6e-05,0.839834,positive,0.366122,medium,62.128209,rolling_beta,v3,1,1261,1261,3,market,pass,N,,2026-06-09,1,0.908767,0.908767,high,Y,trade-gated adverse scenario with medium/high evidence,active market context,0.847494,0.839834,9.6e-05,rate_sensitive,장기금리와 달러 강세 부담이 채권·성장주·신용자산을 압박하는 장세입니다. 고밸류 성장주와 반도체 factor 민감도를 점검합니다.
PPA,PPA,equity_etf,semiconductor_ai_cycle_shock,Semiconductor / AI Cycle Shock,AI·반도체 사이클 충격장,korea_semiconductor,0.244402,9.6e-05,0.352269,positive,0.244402,low,43.672,rolling_beta,v3,1,1110,1110,6,market,pass,N,,2026-06-09,1,0.377914,0.0,medium,N,context only: WATCH state,context only: WATCH state,0.306352,0.352269,9.6e-05,semiconductor_ai_shock_vulnerable,"AI capex 기대와 반도체 모멘텀이 꺾이면서 미국 성장주와 한국 반도체 대형주가 동시에 압박받는 장세입니다. SOXX, AI leader basket, 한국 반도체 basket의 동반 약세와 원화 압력을 함께 봅니다."
PPA,PPA,equity_etf,korea_domestic_financial_stress,Korea Domestic Financial Stress,한국 내수 금융스트레스장,korea_market,-0.092928,9.6e-05,0.006396,negative,0.092928,low,61.630274,rolling_beta,v3,1,1110,1110,5,seed,pass,Y,,2026-06-09,1,0.401006,0.0,medium,N,context only: source_quality=seed,context only: source_quality=seed,-0.02584,0.006396,9.6e-05,korea_financial_stress_hedge,"가계부채, 부동산 PF, 비은행권, 금융주와 건설주 스트레스가 한국 자산 전반으로 번지는 장세입니다. 금융/건설 basket, 신용 spread, 단기자금 spread, 원화 약세를 함께 점검합니다."
PPA,PPA,equity_etf,geopolitical_escalation_supply_shock,Geopolitical Escalation / Supply Shock,지정학 확전·공급충격장,geopolitical,-0.089175,9.6e-05,0.847494,negative,0.089175,low,65.604388,rolling_beta,v3,1,1110,1110,3,manual,pass,Y,,2026-06-09,1,0.398559,0.0,medium,N,context only: source_quality=manual,context only: source_quality=manual,0.127464,,9.6e-05,geopolitical_supply_shock_hedge,"전쟁, 제재, 해상로 차질, 대만·중동·한반도 긴장처럼 유가·금·방산·변동성이 동시에 움직이는 이벤트성 충격 장세입니다. 뉴스 overlay는 가격 신호를 보강하는 용도로만 해석합니다."
PPA,PPA,equity_etf,slowdown_recession_deflation_risk,Slowdown / Recession / Deflation Risk,경기둔화/침체 우려장,us_global,0.547525,9.6e-05,0.839834,positive,0.547525,medium,72.589407,rolling_beta,v3,1,1261,1261,3,market,pass,N,,2026-06-09,0,0.0,0.0,high,N,scenario inactive,inactive scenario,0.847494,0.839834,9.6e-05,slowdown_vulnerable,수요 둔화와 침체/디플레이션 압력이 커지는 방어적 장세입니다. 주식 beta와 신용위험을 보수적으로 봅니다.
PPA,PPA,equity_etf,stagflation_reinflation_energy_shock,Stagflation / Reinflation / Energy Shock,물가·에너지 재상승장,us_global,-0.155767,9.6e-05,0.847494,negative,0.155767,low,72.540929,rolling_beta,v3,1,1261,1261,2,market,pass,N,,2026-06-09,0,0.0,0.0,high,N,scenario inactive,inactive scenario,0.127464,,9.6e-05,inflation_hedge,성장 부담이 있는데 유가·원자재·인플레이션 압력이 다시 커지는 장세입니다. 에너지/원자재 수혜와 장기채 부담을 함께 봅니다.
PPA,PPA,equity_etf,soft_landing_goldilocks,Soft Landing / Goldilocks,우호적 위험선호장,us_global,0.847494,9.6e-05,0.839834,positive,0.847494,high,65.4571,rolling_beta,v3,1,1261,1261,3,market,pass,N,,2026-06-09,0,0.0,0.0,high,N,non-adverse scenario,inactive scenario,0.847494,0.839834,9.6e-05,risk_on_participation,우호적 위험선호장 참여 민감도
PSQ,PSQ,inverse_etf,usd_strength_krw_weakness,USD Strength / KRW Weakness,달러강세/원화약세장,fx_krw,-0.35,0.000705,0.0,negative,0.35,medium,70.962151,rolling_beta,v3,1,1110,1110,4,market,pass,N,,2026-06-09,1,0.975204,0.975204,high,Y,trade-gated adverse scenario with medium/high evidence,active market context,1.423084,-0.198052,0.000705,krw_weakness_hedge,달러가 강하고 원화가 약해져 KRW 기준 투자자의 환율 리스크가 커지는 장세입니다. 한국 자산과 USD 노출의 역할을 분리해 봅니다.
PSQ,PSQ,inverse_etf,china_trade_fragmentation_shock,China / Trade Fragmentation Shock,중국·무역분절 충격장,china_asia,0.232374,0.000705,0.0,positive,0.232374,low,65.435166,rolling_beta,v3,1,1110,1110,5,market,pass,N,,2026-06-09,1,0.963122,0.963122,high,Y,trade-gated adverse scenario with medium/high evidence,active market context,-0.170701,-0.198052,0.000705,china_asia_shock_vulnerable,중국 경기·무역갈등·공급망 충격이 한국/아시아와 반도체 자산에 번지는 장세입니다. 한국 반도체 factor와 원화 약세를 함께 확인합니다.
PSQ,PSQ,inverse_etf,acute_global_stress_liquidity_crunch,Acute Global Stress / Liquidity Crunch,급성 리스크오프/유동성 경색장,us_global,-0.331726,0.000705,0.0,negative,0.331726,medium,76.127067,rolling_beta,v3,1,1261,1261,3,market,pass,N,,2026-06-09,1,0.942163,0.942163,high,Y,trade-gated adverse scenario with medium/high evidence,active market context,-0.785841,-0.791075,0.000705,liquidity_stress_defense,변동성이 튀고 위험자산이 동반 약세를 보이는 단기 스트레스 장세입니다. 상관관계 상승과 유동성 악화를 우선 점검합니다.
PSQ,PSQ,inverse_etf,higher_for_longer_long_rate_shock,Higher-for-Longer / Long-Rate Shock,장기금리 부담장,us_global,0.6,0.000705,0.0,positive,0.6,medium,62.128209,rolling_beta,v3,1,1261,1261,3,market,pass,N,,2026-06-09,1,0.908767,0.908767,high,Y,trade-gated adverse scenario with medium/high evidence,active market context,-0.785841,-0.791075,0.000705,rate_sensitive,장기금리와 달러 강세 부담이 채권·성장주·신용자산을 압박하는 장세입니다. 고밸류 성장주와 반도체 factor 민감도를 점검합니다.
PSQ,PSQ,inverse_etf,semiconductor_ai_cycle_shock,Semiconductor / AI Cycle Shock,AI·반도체 사이클 충격장,korea_semiconductor,-0.00705,0.000705,0.0,neutral,0.00705,low,43.672,rolling_beta,v3,1,1110,1110,6,market,pass,N,,2026-06-09,1,0.377914,0.0,medium,N,context only: WATCH state,context only: WATCH state,-0.479361,-0.54481,0.000705,semiconductor_ai_shock_hedge,"AI capex 기대와 반도체 모멘텀이 꺾이면서 미국 성장주와 한국 반도체 대형주가 동시에 압박받는 장세입니다. SOXX, AI leader basket, 한국 반도체 basket의 동반 약세와 원화 압력을 함께 봅니다."
PSQ,PSQ,inverse_etf,korea_domestic_financial_stress,Korea Domestic Financial Stress,한국 내수 금융스트레스장,korea_market,-0.304163,0.000705,0.0,negative,0.304163,medium,61.630274,rolling_beta,v3,1,1110,1110,5,seed,pass,Y,,2026-06-09,1,0.401006,0.0,medium,N,context only: source_quality=seed,context only: source_quality=seed,-0.170701,-0.198052,0.000705,korea_financial_stress_hedge,"가계부채, 부동산 PF, 비은행권, 금융주와 건설주 스트레스가 한국 자산 전반으로 번지는 장세입니다. 금융/건설 basket, 신용 spread, 단기자금 spread, 원화 약세를 함께 점검합니다."
PSQ,PSQ,inverse_etf,geopolitical_escalation_supply_shock,Geopolitical Escalation / Supply Shock,지정학 확전·공급충격장,geopolitical,-0.176095,0.000705,0.0,negative,0.176095,low,65.604388,rolling_beta,v3,1,1110,1110,3,manual,pass,Y,,2026-06-09,1,0.398559,0.0,medium,N,context only: source_quality=manual,context only: source_quality=manual,0.071857,,0.000705,geopolitical_supply_shock_hedge,"전쟁, 제재, 해상로 차질, 대만·중동·한반도 긴장처럼 유가·금·방산·변동성이 동시에 움직이는 이벤트성 충격 장세입니다. 뉴스 overlay는 가격 신호를 보강하는 용도로만 해석합니다."
PSQ,PSQ,inverse_etf,slowdown_recession_deflation_risk,Slowdown / Recession / Deflation Risk,경기둔화/침체 우려장,us_global,-0.885473,0.000705,0.0,negative,0.885473,high,72.589407,rolling_beta,v3,1,1261,1261,3,market,pass,N,,2026-06-09,0,0.0,0.0,high,N,scenario inactive,inactive scenario,-0.785841,-0.791075,0.000705,slowdown_defense,수요 둔화와 침체/디플레이션 압력이 커지는 방어적 장세입니다. 주식 beta와 신용위험을 보수적으로 봅니다.
PSQ,PSQ,inverse_etf,stagflation_reinflation_energy_shock,Stagflation / Reinflation / Energy Shock,물가·에너지 재상승장,us_global,0.182374,0.000705,0.0,positive,0.182374,low,72.540929,rolling_beta,v3,1,1261,1261,2,market,pass,N,,2026-06-09,0,0.0,0.0,high,N,scenario inactive,inactive scenario,0.071857,,0.000705,stagflation_vulnerable,성장 부담이 있는데 유가·원자재·인플레이션 압력이 다시 커지는 장세입니다. 에너지/원자재 수혜와 장기채 부담을 함께 봅니다.
PSQ,PSQ,inverse_etf,soft_landing_goldilocks,Soft Landing / Goldilocks,우호적 위험선호장,us_global,-0.785841,0.000705,0.0,negative,0.785841,high,65.4571,rolling_beta,v3,1,1261,1261,3,market,pass,N,,2026-06-09,0,0.0,0.0,high,N,non-adverse scenario,inactive scenario,-0.785841,-0.791075,0.000705,neutral_or_defensive,우호적 위험선호장 참여 민감도
QCOM,QCOM,us_stock,usd_strength_krw_weakness,USD Strength / KRW Weakness,달러강세/원화약세장,fx_krw,0.005346,0.000587,0.10807,neutral,0.005346,low,70.962151,rolling_beta,v3,1,1110,1110,4,market,pass,N,,2026-06-09,1,0.975204,0.975204,high,Y,trade-gated adverse scenario with medium/high evidence,active market context,0.382589,0.10807,0.000587,krw_weakness_vulnerable,달러가 강하고 원화가 약해져 KRW 기준 투자자의 환율 리스크가 커지는 장세입니다. 한국 자산과 USD 노출의 역할을 분리해 봅니다.
QCOM,QCOM,us_stock,china_trade_fragmentation_shock,China / Trade Fragmentation Shock,중국·무역분절 충격장,china_asia,0.51959,0.000587,0.10807,positive,0.51959,medium,65.435166,rolling_beta,v3,1,1110,1110,5,market,pass,N,,2026-06-09,1,0.963122,0.963122,high,Y,trade-gated adverse scenario with medium/high evidence,active market context,0.05962,0.10807,0.000587,china_asia_shock_vulnerable,중국 경기·무역갈등·공급망 충격이 한국/아시아와 반도체 자산에 번지는 장세입니다. 한국 반도체 factor와 원화 약세를 함께 확인합니다.
QCOM,QCOM,us_stock,acute_global_stress_liquidity_crunch,Acute Global Stress / Liquidity Crunch,급성 리스크오프/유동성 경색장,us_global,0.755324,0.000587,1.305617,positive,0.755324,high,76.127067,rolling_beta,v3,1,1261,1261,3,market,pass,N,,2026-06-09,1,0.942163,0.942163,high,Y,trade-gated adverse scenario with medium/high evidence,active market context,1.421382,1.305617,0.000587,liquidity_stress_vulnerable,변동성이 튀고 위험자산이 동반 약세를 보이는 단기 스트레스 장세입니다. 상관관계 상승과 유동성 악화를 우선 점검합니다.
QCOM,QCOM,us_stock,higher_for_longer_long_rate_shock,Higher-for-Longer / Long-Rate Shock,장기금리 부담장,us_global,0.93176,0.000587,1.305617,positive,0.93176,high,62.128209,rolling_beta,v3,1,1261,1261,3,market,pass,N,,2026-06-09,1,0.908767,0.908767,high,Y,trade-gated adverse scenario with medium/high evidence,active market context,1.421382,1.305617,0.000587,rate_sensitive,장기금리와 달러 강세 부담이 채권·성장주·신용자산을 압박하는 장세입니다. 고밸류 성장주와 반도체 factor 민감도를 점검합니다.
QCOM,QCOM,us_stock,semiconductor_ai_cycle_shock,Semiconductor / AI Cycle Shock,AI·반도체 사이클 충격장,korea_semiconductor,1.151467,0.000587,0.854827,positive,1.151467,high,43.672,rolling_beta,v3,1,1110,1110,6,market,pass,N,,2026-06-09,1,0.377914,0.0,medium,N,context only: WATCH state,context only: WATCH state,0.856383,0.854827,0.000587,semiconductor_ai_shock_vulnerable,"AI capex 기대와 반도체 모멘텀이 꺾이면서 미국 성장주와 한국 반도체 대형주가 동시에 압박받는 장세입니다. SOXX, AI leader basket, 한국 반도체 basket의 동반 약세와 원화 압력을 함께 봅니다."
QCOM,QCOM,us_stock,korea_domestic_financial_stress,Korea Domestic Financial Stress,한국 내수 금융스트레스장,korea_market,-0.136431,0.000587,0.10807,negative,0.136431,low,61.630274,rolling_beta,v3,1,1110,1110,5,seed,pass,Y,,2026-06-09,1,0.401006,0.0,medium,N,context only: source_quality=seed,context only: source_quality=seed,0.05962,0.10807,0.000587,korea_financial_stress_hedge,"가계부채, 부동산 PF, 비은행권, 금융주와 건설주 스트레스가 한국 자산 전반으로 번지는 장세입니다. 금융/건설 basket, 신용 spread, 단기자금 spread, 원화 약세를 함께 점검합니다."
QCOM,QCOM,us_stock,geopolitical_escalation_supply_shock,Geopolitical Escalation / Supply Shock,지정학 확전·공급충격장,geopolitical,0.052844,0.000587,1.421382,positive,0.052844,low,65.604388,rolling_beta,v3,1,1110,1110,3,manual,pass,Y,,2026-06-09,1,0.398559,0.0,medium,N,context only: source_quality=manual,context only: source_quality=manual,0.105268,,0.000587,geopolitical_supply_shock_vulnerable,"전쟁, 제재, 해상로 차질, 대만·중동·한반도 긴장처럼 유가·금·방산·변동성이 동시에 움직이는 이벤트성 충격 장세입니다. 뉴스 overlay는 가격 신호를 보강하는 용도로만 해석합니다."
QCOM,QCOM,us_stock,slowdown_recession_deflation_risk,Slowdown / Recession / Deflation Risk,경기둔화/침체 우려장,us_global,0.903337,0.000587,1.305617,positive,0.903337,high,72.589407,rolling_beta,v3,1,1261,1261,3,market,pass,N,,2026-06-09,0,0.0,0.0,high,N,scenario inactive,inactive scenario,1.421382,1.305617,0.000587,slowdown_vulnerable,수요 둔화와 침체/디플레이션 압력이 커지는 방어적 장세입니다. 주식 beta와 신용위험을 보수적으로 봅니다.
QCOM,QCOM,us_stock,stagflation_reinflation_energy_shock,Stagflation / Reinflation / Energy Shock,물가·에너지 재상승장,us_global,0.032797,0.000587,1.421382,neutral,0.032797,low,72.540929,rolling_beta,v3,1,1261,1261,2,market,pass,N,,2026-06-09,0,0.0,0.0,high,N,scenario inactive,inactive scenario,0.105268,,0.000587,stagflation_vulnerable,성장 부담이 있는데 유가·원자재·인플레이션 압력이 다시 커지는 장세입니다. 에너지/원자재 수혜와 장기채 부담을 함께 봅니다.
QCOM,QCOM,us_stock,soft_landing_goldilocks,Soft Landing / Goldilocks,우호적 위험선호장,us_global,1.421382,0.000587,1.305617,positive,1.421382,high,65.4571,rolling_beta,v3,1,1261,1261,3,market,pass,N,,2026-06-09,0,0.0,0.0,high,N,non-adverse scenario,inactive scenario,1.421382,1.305617,0.000587,risk_on_participation,우호적 위험선호장 참여 민감도
QQQ,QQQ,equity_etf,usd_strength_krw_weakness,USD Strength / KRW Weakness,달러강세/원화약세장,fx_krw,-0.049688,0.000225,0.0,neutral,0.049688,low,70.962151,rolling_beta,v3,1,1110,1110,4,market,pass,N,,2026-06-09,1,0.975204,0.975204,high,Y,trade-gated adverse scenario with medium/high evidence,active market context,0.570991,-0.018212,0.000225,krw_weakness_hedge,달러가 강하고 원화가 약해져 KRW 기준 투자자의 환율 리스크가 커지는 장세입니다. 한국 자산과 USD 노출의 역할을 분리해 봅니다.
QQQ,QQQ,equity_etf,china_trade_fragmentation_shock,China / Trade Fragmentation Shock,중국·무역분절 충격장,china_asia,0.484629,0.000225,0.0,positive,0.484629,medium,65.435166,rolling_beta,v3,1,1110,1110,5,market,pass,N,,2026-06-09,1,0.963122,0.963122,high,Y,trade-gated adverse scenario with medium/high evidence,active market context,0.008155,-0.018212,0.000225,china_asia_shock_vulnerable,중국 경기·무역갈등·공급망 충격이 한국/아시아와 반도체 자산에 번지는 장세입니다. 한국 반도체 factor와 원화 약세를 함께 확인합니다.
QQQ,QQQ,equity_etf,acute_global_stress_liquidity_crunch,Acute Global Stress / Liquidity Crunch,급성 리스크오프/유동성 경색장,us_global,0.65057,0.000225,1.193291,positive,0.65057,medium,76.127067,rolling_beta,v3,1,1261,1261,3,market,pass,N,,2026-06-09,1,0.942163,0.942163,high,Y,trade-gated adverse scenario with medium/high evidence,active market context,1.201249,1.193291,0.000225,liquidity_stress_vulnerable,변동성이 튀고 위험자산이 동반 약세를 보이는 단기 스트레스 장세입니다. 상관관계 상승과 유동성 악화를 우선 점검합니다.
QQQ,QQQ,equity_etf,higher_for_longer_long_rate_shock,Higher-for-Longer / Long-Rate Shock,장기금리 부담장,us_global,1.260687,0.000225,1.193291,positive,1.260687,high,62.128209,rolling_beta,v3,1,1261,1261,3,market,pass,N,,2026-06-09,1,0.908767,0.908767,high,Y,trade-gated adverse scenario with medium/high evidence,active market context,1.201249,1.193291,0.000225,rate_sensitive,장기금리와 달러 강세 부담이 채권·성장주·신용자산을 압박하는 장세입니다. 고밸류 성장주와 반도체 factor 민감도를 점검합니다.
QQQ,QQQ,equity_etf,semiconductor_ai_cycle_shock,Semiconductor / AI Cycle Shock,AI·반도체 사이클 충격장,korea_semiconductor,0.685299,0.000225,0.583419,positive,0.685299,medium,43.672,rolling_beta,v3,1,1110,1110,6,market,pass,N,,2026-06-09,1,0.377914,0.0,medium,N,context only: WATCH state,context only: WATCH state,0.550862,0.583419,0.000225,semiconductor_ai_shock_vulnerable,"AI capex 기대와 반도체 모멘텀이 꺾이면서 미국 성장주와 한국 반도체 대형주가 동시에 압박받는 장세입니다. SOXX, AI leader basket, 한국 반도체 basket의 동반 약세와 원화 압력을 함께 봅니다."
QQQ,QQQ,equity_etf,korea_domestic_financial_stress,Korea Domestic Financial Stress,한국 내수 금융스트레스장,korea_market,-0.417118,0.000225,0.0,negative,0.417118,medium,61.630274,rolling_beta,v3,1,1110,1110,5,seed,pass,Y,,2026-06-09,1,0.401006,0.0,medium,N,context only: source_quality=seed,context only: source_quality=seed,0.008155,-0.018212,0.000225,korea_financial_stress_hedge,"가계부채, 부동산 PF, 비은행권, 금융주와 건설주 스트레스가 한국 자산 전반으로 번지는 장세입니다. 금융/건설 basket, 신용 spread, 단기자금 spread, 원화 약세를 함께 점검합니다."
QQQ,QQQ,equity_etf,geopolitical_escalation_supply_shock,Geopolitical Escalation / Supply Shock,지정학 확전·공급충격장,geopolitical,0.120022,0.000225,1.201249,positive,0.120022,low,65.604388,rolling_beta,v3,1,1110,1110,3,manual,pass,Y,,2026-06-09,1,0.398559,0.0,medium,N,context only: source_quality=manual,context only: source_quality=manual,0.081275,,0.000225,geopolitical_supply_shock_vulnerable,"전쟁, 제재, 해상로 차질, 대만·중동·한반도 긴장처럼 유가·금·방산·변동성이 동시에 움직이는 이벤트성 충격 장세입니다. 뉴스 overlay는 가격 신호를 보강하는 용도로만 해석합니다."
QQQ,QQQ,equity_etf,slowdown_recession_deflation_risk,Slowdown / Recession / Deflation Risk,경기둔화/침체 우려장,us_global,0.422943,0.000225,1.193291,positive,0.422943,medium,72.589407,rolling_beta,v3,1,1261,1261,3,market,pass,N,,2026-06-09,0,0.0,0.0,high,N,scenario inactive,inactive scenario,1.201249,1.193291,0.000225,slowdown_vulnerable,수요 둔화와 침체/디플레이션 압력이 커지는 방어적 장세입니다. 주식 beta와 신용위험을 보수적으로 봅니다.
QQQ,QQQ,equity_etf,stagflation_reinflation_energy_shock,Stagflation / Reinflation / Energy Shock,물가·에너지 재상승장,us_global,0.614817,0.000225,1.201249,positive,0.614817,medium,72.540929,rolling_beta,v3,1,1261,1261,2,market,pass,N,,2026-06-09,0,0.0,0.0,high,N,scenario inactive,inactive scenario,0.081275,,0.000225,stagflation_vulnerable,성장 부담이 있는데 유가·원자재·인플레이션 압력이 다시 커지는 장세입니다. 에너지/원자재 수혜와 장기채 부담을 함께 봅니다.
QQQ,QQQ,equity_etf,soft_landing_goldilocks,Soft Landing / Goldilocks,우호적 위험선호장,us_global,1.201249,0.000225,1.193291,positive,1.201249,high,65.4571,rolling_beta,v3,1,1261,1261,3,market,pass,N,,2026-06-09,0,0.0,0.0,high,N,non-adverse scenario,inactive scenario,1.201249,1.193291,0.000225,risk_on_participation,우호적 위험선호장 참여 민감도
QUAL,QUAL,equity_etf,usd_strength_krw_weakness,USD Strength / KRW Weakness,달러강세/원화약세장,fx_krw,-0.101293,-0.000155,0.0,negative,0.101293,low,70.962151,rolling_beta,v3,1,1110,1110,4,market,pass,N,,2026-06-09,1,0.975204,0.975204,high,Y,trade-gated adverse scenario with medium/high evidence,active market context,0.663805,-0.031263,-0.000155,krw_weakness_hedge,달러가 강하고 원화가 약해져 KRW 기준 투자자의 환율 리스크가 커지는 장세입니다. 한국 자산과 USD 노출의 역할을 분리해 봅니다.
QUAL,QUAL,equity_etf,china_trade_fragmentation_shock,China / Trade Fragmentation Shock,중국·무역분절 충격장,china_asia,0.102852,-0.000155,0.0,positive,0.102852,low,65.435166,rolling_beta,v3,1,1110,1110,5,market,pass,N,,2026-06-09,1,0.963122,0.963122,high,Y,trade-gated adverse scenario with medium/high evidence,active market context,-0.024101,-0.031263,-0.000155,china_asia_shock_vulnerable,중국 경기·무역갈등·공급망 충격이 한국/아시아와 반도체 자산에 번지는 장세입니다. 한국 반도체 factor와 원화 약세를 함께 확인합니다.
QUAL,QUAL,equity_etf,acute_global_stress_liquidity_crunch,Acute Global Stress / Liquidity Crunch,급성 리스크오프/유동성 경색장,us_global,0.25415,-0.000155,0.966421,positive,0.25415,low,76.127067,rolling_beta,v3,1,1261,1261,3,market,pass,N,,2026-06-09,1,0.942163,0.942163,high,Y,trade-gated adverse scenario with medium/high evidence,active market context,0.994826,0.966421,-0.000155,liquidity_stress_vulnerable,변동성이 튀고 위험자산이 동반 약세를 보이는 단기 스트레스 장세입니다. 상관관계 상승과 유동성 악화를 우선 점검합니다.
QUAL,QUAL,equity_etf,higher_for_longer_long_rate_shock,Higher-for-Longer / Long-Rate Shock,장기금리 부담장,us_global,0.897154,-0.000155,0.966421,positive,0.897154,high,62.128209,rolling_beta,v3,1,1261,1261,3,market,pass,N,,2026-06-09,1,0.908767,0.908767,high,Y,trade-gated adverse scenario with medium/high evidence,active market context,0.994826,0.966421,-0.000155,rate_sensitive,장기금리와 달러 강세 부담이 채권·성장주·신용자산을 압박하는 장세입니다. 고밸류 성장주와 반도체 factor 민감도를 점검합니다.
QUAL,QUAL,equity_etf,semiconductor_ai_cycle_shock,Semiconductor / AI Cycle Shock,AI·반도체 사이클 충격장,korea_semiconductor,0.06147,-0.000155,0.399703,positive,0.06147,low,43.672,rolling_beta,v3,1,1110,1110,6,market,pass,N,,2026-06-09,1,0.377914,0.0,medium,N,context only: WATCH state,context only: WATCH state,0.401268,0.399703,-0.000155,semiconductor_ai_shock_vulnerable,"AI capex 기대와 반도체 모멘텀이 꺾이면서 미국 성장주와 한국 반도체 대형주가 동시에 압박받는 장세입니다. SOXX, AI leader basket, 한국 반도체 basket의 동반 약세와 원화 압력을 함께 봅니다."
QUAL,QUAL,equity_etf,korea_domestic_financial_stress,Korea Domestic Financial Stress,한국 내수 금융스트레스장,korea_market,-0.396542,-0.000155,0.0,negative,0.396542,medium,61.630274,rolling_beta,v3,1,1110,1110,5,seed,pass,Y,,2026-06-09,1,0.401006,0.0,medium,N,context only: source_quality=seed,context only: source_quality=seed,-0.024101,-0.031263,-0.000155,korea_financial_stress_hedge,"가계부채, 부동산 PF, 비은행권, 금융주와 건설주 스트레스가 한국 자산 전반으로 번지는 장세입니다. 금융/건설 basket, 신용 spread, 단기자금 spread, 원화 약세를 함께 점검합니다."
QUAL,QUAL,equity_etf,geopolitical_escalation_supply_shock,Geopolitical Escalation / Supply Shock,지정학 확전·공급충격장,geopolitical,0.070407,-0.000155,0.994826,positive,0.070407,low,65.604388,rolling_beta,v3,1,1110,1110,3,manual,pass,Y,,2026-06-09,1,0.398559,0.0,medium,N,context only: source_quality=manual,context only: source_quality=manual,0.091229,,-0.000155,geopolitical_supply_shock_vulnerable,"전쟁, 제재, 해상로 차질, 대만·중동·한반도 긴장처럼 유가·금·방산·변동성이 동시에 움직이는 이벤트성 충격 장세입니다. 뉴스 overlay는 가격 신호를 보강하는 용도로만 해석합니다."
QUAL,QUAL,equity_etf,slowdown_recession_deflation_risk,Slowdown / Recession / Deflation Risk,경기둔화/침체 우려장,us_global,0.302078,-0.000155,0.966421,positive,0.302078,medium,72.589407,rolling_beta,v3,1,1261,1261,3,market,pass,N,,2026-06-09,0,0.0,0.0,high,N,scenario inactive,inactive scenario,0.994826,0.966421,-0.000155,slowdown_vulnerable,수요 둔화와 침체/디플레이션 압력이 커지는 방어적 장세입니다. 주식 beta와 신용위험을 보수적으로 봅니다.
QUAL,QUAL,equity_etf,stagflation_reinflation_energy_shock,Stagflation / Reinflation / Energy Shock,물가·에너지 재상승장,us_global,0.552076,-0.000155,0.994826,positive,0.552076,medium,72.540929,rolling_beta,v3,1,1261,1261,2,market,pass,N,,2026-06-09,0,0.0,0.0,high,N,scenario inactive,inactive scenario,0.091229,,-0.000155,stagflation_vulnerable,성장 부담이 있는데 유가·원자재·인플레이션 압력이 다시 커지는 장세입니다. 에너지/원자재 수혜와 장기채 부담을 함께 봅니다.
QUAL,QUAL,equity_etf,soft_landing_goldilocks,Soft Landing / Goldilocks,우호적 위험선호장,us_global,0.994826,-0.000155,0.966421,positive,0.994826,high,65.4571,rolling_beta,v3,1,1261,1261,3,market,pass,N,,2026-06-09,0,0.0,0.0,high,N,non-adverse scenario,inactive scenario,0.994826,0.966421,-0.000155,risk_on_participation,우호적 위험선호장 참여 민감도
RSP,RSP,equity_etf,usd_strength_krw_weakness,USD Strength / KRW Weakness,달러강세/원화약세장,fx_krw,-0.126921,0.00025,0.0,negative,0.126921,low,70.962151,rolling_beta,v3,1,1110,1110,4,market,pass,N,,2026-06-09,1,0.975204,0.975204,high,Y,trade-gated adverse scenario with medium/high evidence,active market context,0.68062,-0.031581,0.00025,krw_weakness_hedge,달러가 강하고 원화가 약해져 KRW 기준 투자자의 환율 리스크가 커지는 장세입니다. 한국 자산과 USD 노출의 역할을 분리해 봅니다.
RSP,RSP,equity_etf,china_trade_fragmentation_shock,China / Trade Fragmentation Shock,중국·무역분절 충격장,china_asia,0.072202,0.00025,0.0,positive,0.072202,low,65.435166,rolling_beta,v3,1,1110,1110,5,market,pass,N,,2026-06-09,1,0.963122,0.963122,high,Y,trade-gated adverse scenario with medium/high evidence,active market context,-0.034701,-0.031581,0.00025,china_asia_shock_vulnerable,중국 경기·무역갈등·공급망 충격이 한국/아시아와 반도체 자산에 번지는 장세입니다. 한국 반도체 factor와 원화 약세를 함께 확인합니다.
RSP,RSP,equity_etf,acute_global_stress_liquidity_crunch,Acute Global Stress / Liquidity Crunch,급성 리스크오프/유동성 경색장,us_global,0.179503,0.00025,0.869678,positive,0.179503,low,76.127067,rolling_beta,v3,1,1261,1261,3,market,pass,N,,2026-06-09,1,0.942163,0.942163,high,Y,trade-gated adverse scenario with medium/high evidence,active market context,0.892317,0.869678,0.00025,liquidity_stress_vulnerable,변동성이 튀고 위험자산이 동반 약세를 보이는 단기 스트레스 장세입니다. 상관관계 상승과 유동성 악화를 우선 점검합니다.
RSP,RSP,equity_etf,higher_for_longer_long_rate_shock,Higher-for-Longer / Long-Rate Shock,장기금리 부담장,us_global,0.840774,0.00025,0.869678,positive,0.840774,high,62.128209,rolling_beta,v3,1,1261,1261,3,market,pass,N,,2026-06-09,1,0.908767,0.908767,high,Y,trade-gated adverse scenario with medium/high evidence,active market context,0.892317,0.869678,0.00025,rate_sensitive,장기금리와 달러 강세 부담이 채권·성장주·신용자산을 압박하는 장세입니다. 고밸류 성장주와 반도체 factor 민감도를 점검합니다.
RSP,RSP,equity_etf,semiconductor_ai_cycle_shock,Semiconductor / AI Cycle Shock,AI·반도체 사이클 충격장,korea_semiconductor,-0.002457,0.00025,0.321081,neutral,0.002457,low,43.672,rolling_beta,v3,1,1110,1110,6,market,pass,N,,2026-06-09,1,0.377914,0.0,medium,N,context only: WATCH state,context only: WATCH state,0.326365,0.321081,0.00025,semiconductor_ai_shock_hedge,"AI capex 기대와 반도체 모멘텀이 꺾이면서 미국 성장주와 한국 반도체 대형주가 동시에 압박받는 장세입니다. SOXX, AI leader basket, 한국 반도체 basket의 동반 약세와 원화 압력을 함께 봅니다."
RSP,RSP,equity_etf,korea_domestic_financial_stress,Korea Domestic Financial Stress,한국 내수 금융스트레스장,korea_market,-0.404169,0.00025,0.0,negative,0.404169,medium,61.630274,rolling_beta,v3,1,1110,1110,5,seed,pass,Y,,2026-06-09,1,0.401006,0.0,medium,N,context only: source_quality=seed,context only: source_quality=seed,-0.034701,-0.031581,0.00025,korea_financial_stress_hedge,"가계부채, 부동산 PF, 비은행권, 금융주와 건설주 스트레스가 한국 자산 전반으로 번지는 장세입니다. 금융/건설 basket, 신용 spread, 단기자금 spread, 원화 약세를 함께 점검합니다."
RSP,RSP,equity_etf,geopolitical_escalation_supply_shock,Geopolitical Escalation / Supply Shock,지정학 확전·공급충격장,geopolitical,0.024937,0.00025,0.892317,neutral,0.024937,low,65.604388,rolling_beta,v3,1,1110,1110,3,manual,pass,Y,,2026-06-09,1,0.398559,0.0,medium,N,context only: source_quality=manual,context only: source_quality=manual,0.11024,,0.00025,geopolitical_supply_shock_vulnerable,"전쟁, 제재, 해상로 차질, 대만·중동·한반도 긴장처럼 유가·금·방산·변동성이 동시에 움직이는 이벤트성 충격 장세입니다. 뉴스 overlay는 가격 신호를 보강하는 용도로만 해석합니다."
RSP,RSP,equity_etf,slowdown_recession_deflation_risk,Slowdown / Recession / Deflation Risk,경기둔화/침체 우려장,us_global,0.22124,0.00025,0.869678,positive,0.22124,low,72.589407,rolling_beta,v3,1,1261,1261,3,market,pass,N,,2026-06-09,0,0.0,0.0,high,N,scenario inactive,inactive scenario,0.892317,0.869678,0.00025,slowdown_vulnerable,수요 둔화와 침체/디플레이션 압력이 커지는 방어적 장세입니다. 주식 beta와 신용위험을 보수적으로 봅니다.
RSP,RSP,equity_etf,stagflation_reinflation_energy_shock,Stagflation / Reinflation / Energy Shock,물가·에너지 재상승장,us_global,0.506049,0.00025,0.892317,positive,0.506049,medium,72.540929,rolling_beta,v3,1,1261,1261,2,market,pass,N,,2026-06-09,0,0.0,0.0,high,N,scenario inactive,inactive scenario,0.11024,,0.00025,stagflation_vulnerable,성장 부담이 있는데 유가·원자재·인플레이션 압력이 다시 커지는 장세입니다. 에너지/원자재 수혜와 장기채 부담을 함께 봅니다.
RSP,RSP,equity_etf,soft_landing_goldilocks,Soft Landing / Goldilocks,우호적 위험선호장,us_global,0.892317,0.00025,0.869678,positive,0.892317,high,65.4571,rolling_beta,v3,1,1261,1261,3,market,pass,N,,2026-06-09,0,0.0,0.0,high,N,non-adverse scenario,inactive scenario,0.892317,0.869678,0.00025,risk_on_participation,우호적 위험선호장 참여 민감도
SCHD,SCHD,equity_etf,usd_strength_krw_weakness,USD Strength / KRW Weakness,달러강세/원화약세장,fx_krw,-0.165805,-0.000383,0.0,negative,0.165805,low,70.962151,rolling_beta,v3,1,1110,1110,4,market,pass,N,,2026-06-09,1,0.975204,0.975204,high,Y,trade-gated adverse scenario with medium/high evidence,active market context,0.786988,-0.041447,-0.000383,krw_weakness_hedge,달러가 강하고 원화가 약해져 KRW 기준 투자자의 환율 리스크가 커지는 장세입니다. 한국 자산과 USD 노출의 역할을 분리해 봅니다.
SCHD,SCHD,equity_etf,china_trade_fragmentation_shock,China / Trade Fragmentation Shock,중국·무역분절 충격장,china_asia,0.056935,-0.000383,0.0,positive,0.056935,low,65.435166,rolling_beta,v3,1,1110,1110,5,market,pass,N,,2026-06-09,1,0.963122,0.963122,high,Y,trade-gated adverse scenario with medium/high evidence,active market context,-0.062838,-0.041447,-0.000383,china_asia_shock_vulnerable,중국 경기·무역갈등·공급망 충격이 한국/아시아와 반도체 자산에 번지는 장세입니다. 한국 반도체 factor와 원화 약세를 함께 확인합니다.
SCHD,SCHD,equity_etf,acute_global_stress_liquidity_crunch,Acute Global Stress / Liquidity Crunch,급성 리스크오프/유동성 경색장,us_global,0.122471,-0.000383,0.728558,positive,0.122471,low,76.127067,rolling_beta,v3,1,1261,1261,3,market,pass,N,,2026-06-09,1,0.942163,0.942163,high,Y,trade-gated adverse scenario with medium/high evidence,active market context,0.73678,0.728558,-0.000383,liquidity_stress_vulnerable,변동성이 튀고 위험자산이 동반 약세를 보이는 단기 스트레스 장세입니다. 상관관계 상승과 유동성 악화를 우선 점검합니다.
SCHD,SCHD,equity_etf,higher_for_longer_long_rate_shock,Higher-for-Longer / Long-Rate Shock,장기금리 부담장,us_global,0.755229,-0.000383,0.728558,positive,0.755229,high,62.128209,rolling_beta,v3,1,1261,1261,3,market,pass,N,,2026-06-09,1,0.908767,0.908767,high,Y,trade-gated adverse scenario with medium/high evidence,active market context,0.73678,0.728558,-0.000383,rate_sensitive,장기금리와 달러 강세 부담이 채권·성장주·신용자산을 압박하는 장세입니다. 고밸류 성장주와 반도체 factor 민감도를 점검합니다.
SCHD,SCHD,equity_etf,semiconductor_ai_cycle_shock,Semiconductor / AI Cycle Shock,AI·반도체 사이클 충격장,korea_semiconductor,-0.077335,-0.000383,0.204267,negative,0.077335,low,43.672,rolling_beta,v3,1,1110,1110,6,market,pass,N,,2026-06-09,1,0.377914,0.0,medium,N,context only: WATCH state,context only: WATCH state,0.235223,0.204267,-0.000383,semiconductor_ai_shock_hedge,"AI capex 기대와 반도체 모멘텀이 꺾이면서 미국 성장주와 한국 반도체 대형주가 동시에 압박받는 장세입니다. SOXX, AI leader basket, 한국 반도체 basket의 동반 약세와 원화 압력을 함께 봅니다."
SCHD,SCHD,equity_etf,korea_domestic_financial_stress,Korea Domestic Financial Stress,한국 내수 금융스트레스장,korea_market,-0.372373,-0.000383,0.0,negative,0.372373,medium,61.630274,rolling_beta,v3,1,1110,1110,5,seed,pass,Y,,2026-06-09,1,0.401006,0.0,medium,N,context only: source_quality=seed,context only: source_quality=seed,-0.062838,-0.041447,-0.000383,korea_financial_stress_hedge,"가계부채, 부동산 PF, 비은행권, 금융주와 건설주 스트레스가 한국 자산 전반으로 번지는 장세입니다. 금융/건설 basket, 신용 spread, 단기자금 spread, 원화 약세를 함께 점검합니다."
SCHD,SCHD,equity_etf,geopolitical_escalation_supply_shock,Geopolitical Escalation / Supply Shock,지정학 확전·공급충격장,geopolitical,0.000418,-0.000383,0.73678,neutral,0.000418,low,65.604388,rolling_beta,v3,1,1110,1110,3,manual,pass,Y,,2026-06-09,1,0.398559,0.0,medium,N,context only: source_quality=manual,context only: source_quality=manual,0.135396,,-0.000383,geopolitical_supply_shock_vulnerable,"전쟁, 제재, 해상로 차질, 대만·중동·한반도 긴장처럼 유가·금·방산·변동성이 동시에 움직이는 이벤트성 충격 장세입니다. 뉴스 overlay는 가격 신호를 보강하는 용도로만 해석합니다."
SCHD,SCHD,equity_etf,slowdown_recession_deflation_risk,Slowdown / Recession / Deflation Risk,경기둔화/침체 우려장,us_global,0.142317,-0.000383,0.728558,positive,0.142317,low,72.589407,rolling_beta,v3,1,1261,1261,3,market,pass,N,,2026-06-09,0,0.0,0.0,high,N,scenario inactive,inactive scenario,0.73678,0.728558,-0.000383,slowdown_vulnerable,수요 둔화와 침체/디플레이션 압력이 커지는 방어적 장세입니다. 주식 beta와 신용위험을 보수적으로 봅니다.
SCHD,SCHD,equity_etf,stagflation_reinflation_energy_shock,Stagflation / Reinflation / Energy Shock,물가·에너지 재상승장,us_global,0.467452,-0.000383,0.73678,positive,0.467452,medium,72.540929,rolling_beta,v3,1,1261,1261,2,market,pass,N,,2026-06-09,0,0.0,0.0,high,N,scenario inactive,inactive scenario,0.135396,,-0.000383,stagflation_vulnerable,성장 부담이 있는데 유가·원자재·인플레이션 압력이 다시 커지는 장세입니다. 에너지/원자재 수혜와 장기채 부담을 함께 봅니다.
SCHD,SCHD,equity_etf,soft_landing_goldilocks,Soft Landing / Goldilocks,우호적 위험선호장,us_global,0.73678,-0.000383,0.728558,positive,0.73678,medium,65.4571,rolling_beta,v3,1,1261,1261,3,market,pass,N,,2026-06-09,0,0.0,0.0,high,N,non-adverse scenario,inactive scenario,0.73678,0.728558,-0.000383,risk_on_participation,우호적 위험선호장 참여 민감도
SGOV,SGOV,bond_etf,usd_strength_krw_weakness,USD Strength / KRW Weakness,달러강세/원화약세장,fx_krw,-0.297938,0.000444,0.0,negative,0.297938,low,70.962151,rolling_beta,v3,1,1110,1110,4,market,pass,N,,2026-06-09,1,0.975204,0.975204,high,Y,trade-gated adverse scenario with medium/high evidence,active market context,0.998795,-0.105726,0.000444,krw_weakness_hedge,달러가 강하고 원화가 약해져 KRW 기준 투자자의 환율 리스크가 커지는 장세입니다. 한국 자산과 USD 노출의 역할을 분리해 봅니다.
SGOV,SGOV,bond_etf,china_trade_fragmentation_shock,China / Trade Fragmentation Shock,중국·무역분절 충격장,china_asia,-0.069451,0.000444,0.0,negative,0.069451,low,65.435166,rolling_beta,v3,1,1110,1110,5,market,pass,N,,2026-06-09,1,0.963122,0.963122,high,Y,trade-gated adverse scenario with medium/high evidence,active market context,-0.082649,-0.105726,0.000444,china_asia_shock_hedge,중국 경기·무역갈등·공급망 충격이 한국/아시아와 반도체 자산에 번지는 장세입니다. 한국 반도체 factor와 원화 약세를 함께 확인합니다.
SGOV,SGOV,bond_etf,acute_global_stress_liquidity_crunch,Acute Global Stress / Liquidity Crunch,급성 리스크오프/유동성 경색장,us_global,-0.205444,0.000444,0.198222,negative,0.205444,low,76.127067,rolling_beta,v3,1,1261,1261,3,market,pass,N,,2026-06-09,1,0.942163,0.942163,high,Y,trade-gated adverse scenario with medium/high evidence,active market context,0.208248,0.198222,0.000444,liquidity_stress_defense,변동성이 튀고 위험자산이 동반 약세를 보이는 단기 스트레스 장세입니다. 상관관계 상승과 유동성 악화를 우선 점검합니다.
SGOV,SGOV,bond_etf,higher_for_longer_long_rate_shock,Higher-for-Longer / Long-Rate Shock,장기금리 부담장,us_global,0.464536,0.000444,0.198222,positive,0.464536,medium,62.128209,rolling_beta,v3,1,1261,1261,3,market,pass,N,,2026-06-09,1,0.908767,0.908767,high,Y,trade-gated adverse scenario with medium/high evidence,active market context,0.208248,0.198222,0.000444,rate_sensitive,장기금리와 달러 강세 부담이 채권·성장주·신용자산을 압박하는 장세입니다. 고밸류 성장주와 반도체 factor 민감도를 점검합니다.
SGOV,SGOV,bond_etf,semiconductor_ai_cycle_shock,Semiconductor / AI Cycle Shock,AI·반도체 사이클 충격장,korea_semiconductor,-0.264715,0.000444,0.017895,negative,0.264715,low,43.672,rolling_beta,v3,1,1110,1110,6,market,pass,N,,2026-06-09,1,0.377914,0.0,medium,N,context only: WATCH state,context only: WATCH state,0.036067,0.017895,0.000444,semiconductor_ai_shock_hedge,"AI capex 기대와 반도체 모멘텀이 꺾이면서 미국 성장주와 한국 반도체 대형주가 동시에 압박받는 장세입니다. SOXX, AI leader basket, 한국 반도체 basket의 동반 약세와 원화 압력을 함께 봅니다."
SGOV,SGOV,bond_etf,korea_domestic_financial_stress,Korea Domestic Financial Stress,한국 내수 금융스트레스장,korea_market,-0.361281,0.000444,0.0,negative,0.361281,medium,61.630274,rolling_beta,v3,1,1110,1110,5,seed,pass,Y,,2026-06-09,1,0.401006,0.0,medium,N,context only: source_quality=seed,context only: source_quality=seed,-0.082649,-0.105726,0.000444,korea_financial_stress_hedge,"가계부채, 부동산 PF, 비은행권, 금융주와 건설주 스트레스가 한국 자산 전반으로 번지는 장세입니다. 금융/건설 basket, 신용 spread, 단기자금 spread, 원화 약세를 함께 점검합니다."
SGOV,SGOV,bond_etf,geopolitical_escalation_supply_shock,Geopolitical Escalation / Supply Shock,지정학 확전·공급충격장,geopolitical,-0.164539,0.000444,0.208248,negative,0.164539,low,65.604388,rolling_beta,v3,1,1110,1110,3,manual,pass,Y,,2026-06-09,1,0.398559,0.0,medium,N,context only: source_quality=manual,context only: source_quality=manual,0.075862,,0.000444,geopolitical_supply_shock_hedge,"전쟁, 제재, 해상로 차질, 대만·중동·한반도 긴장처럼 유가·금·방산·변동성이 동시에 움직이는 이벤트성 충격 장세입니다. 뉴스 overlay는 가격 신호를 보강하는 용도로만 해석합니다."
SGOV,SGOV,bond_etf,slowdown_recession_deflation_risk,Slowdown / Recession / Deflation Risk,경기둔화/침체 우려장,us_global,-0.230179,0.000444,0.198222,negative,0.230179,low,72.589407,rolling_beta,v3,1,1261,1261,3,market,pass,N,,2026-06-09,0,0.0,0.0,high,N,scenario inactive,inactive scenario,0.208248,0.198222,0.000444,slowdown_defense,수요 둔화와 침체/디플레이션 압력이 커지는 방어적 장세입니다. 주식 beta와 신용위험을 보수적으로 봅니다.
SGOV,SGOV,bond_etf,stagflation_reinflation_energy_shock,Stagflation / Reinflation / Energy Shock,물가·에너지 재상승장,us_global,0.261786,0.000444,0.208248,positive,0.261786,low,72.540929,rolling_beta,v3,1,1261,1261,2,market,pass,N,,2026-06-09,0,0.0,0.0,high,N,scenario inactive,inactive scenario,0.075862,,0.000444,stagflation_vulnerable,성장 부담이 있는데 유가·원자재·인플레이션 압력이 다시 커지는 장세입니다. 에너지/원자재 수혜와 장기채 부담을 함께 봅니다.
SGOV,SGOV,bond_etf,soft_landing_goldilocks,Soft Landing / Goldilocks,우호적 위험선호장,us_global,0.208248,0.000444,0.198222,positive,0.208248,low,65.4571,rolling_beta,v3,1,1261,1261,3,market,pass,N,,2026-06-09,0,0.0,0.0,high,N,non-adverse scenario,inactive scenario,0.208248,0.198222,0.000444,risk_on_participation,우호적 위험선호장 참여 민감도
SH,SH,inverse_etf,usd_strength_krw_weakness,USD Strength / KRW Weakness,달러강세/원화약세장,fx_krw,-0.35,0.000559,0.0,negative,0.35,medium,70.962151,rolling_beta,v3,1,1110,1110,4,market,pass,N,,2026-06-09,1,0.975204,0.975204,high,Y,trade-gated adverse scenario with medium/high evidence,active market context,1.331128,-0.190746,0.000559,krw_weakness_hedge,달러가 강하고 원화가 약해져 KRW 기준 투자자의 환율 리스크가 커지는 장세입니다. 한국 자산과 USD 노출의 역할을 분리해 봅니다.
SH,SH,inverse_etf,china_trade_fragmentation_shock,China / Trade Fragmentation Shock,중국·무역분절 충격장,china_asia,0.236037,0.000559,0.0,positive,0.236037,low,65.435166,rolling_beta,v3,1,1110,1110,5,market,pass,N,,2026-06-09,1,0.963122,0.963122,high,Y,trade-gated adverse scenario with medium/high evidence,active market context,-0.146637,-0.190746,0.000559,china_asia_shock_vulnerable,중국 경기·무역갈등·공급망 충격이 한국/아시아와 반도체 자산에 번지는 장세입니다. 한국 반도체 factor와 원화 약세를 함께 확인합니다.
SH,SH,inverse_etf,acute_global_stress_liquidity_crunch,Acute Global Stress / Liquidity Crunch,급성 리스크오프/유동성 경색장,us_global,-0.325134,0.000559,0.0,negative,0.325134,medium,76.127067,rolling_beta,v3,1,1261,1261,3,market,pass,N,,2026-06-09,1,0.942163,0.942163,high,Y,trade-gated adverse scenario with medium/high evidence,active market context,-0.572634,-0.592315,0.000559,liquidity_stress_defense,변동성이 튀고 위험자산이 동반 약세를 보이는 단기 스트레스 장세입니다. 상관관계 상승과 유동성 악화를 우선 점검합니다.
SH,SH,inverse_etf,higher_for_longer_long_rate_shock,Higher-for-Longer / Long-Rate Shock,장기금리 부담장,us_global,0.6,0.000559,0.0,positive,0.6,medium,62.128209,rolling_beta,v3,1,1261,1261,3,market,pass,N,,2026-06-09,1,0.908767,0.908767,high,Y,trade-gated adverse scenario with medium/high evidence,active market context,-0.572634,-0.592315,0.000559,rate_sensitive,장기금리와 달러 강세 부담이 채권·성장주·신용자산을 압박하는 장세입니다. 고밸류 성장주와 반도체 factor 민감도를 점검합니다.
SH,SH,inverse_etf,semiconductor_ai_cycle_shock,Semiconductor / AI Cycle Shock,AI·반도체 사이클 충격장,korea_semiconductor,-0.005585,0.000559,0.0,neutral,0.005585,low,43.672,rolling_beta,v3,1,1110,1110,6,market,pass,N,,2026-06-09,1,0.377914,0.0,medium,N,context only: WATCH state,context only: WATCH state,-0.318864,-0.375261,0.000559,semiconductor_ai_shock_hedge,"AI capex 기대와 반도체 모멘텀이 꺾이면서 미국 성장주와 한국 반도체 대형주가 동시에 압박받는 장세입니다. SOXX, AI leader basket, 한국 반도체 basket의 동반 약세와 원화 압력을 함께 봅니다."
SH,SH,inverse_etf,korea_domestic_financial_stress,Korea Domestic Financial Stress,한국 내수 금융스트레스장,korea_market,-0.314294,0.000559,0.0,negative,0.314294,medium,61.630274,rolling_beta,v3,1,1110,1110,5,seed,pass,Y,,2026-06-09,1,0.401006,0.0,medium,N,context only: source_quality=seed,context only: source_quality=seed,-0.146637,-0.190746,0.000559,korea_financial_stress_hedge,"가계부채, 부동산 PF, 비은행권, 금융주와 건설주 스트레스가 한국 자산 전반으로 번지는 장세입니다. 금융/건설 basket, 신용 spread, 단기자금 spread, 원화 약세를 함께 점검합니다."
SH,SH,inverse_etf,geopolitical_escalation_supply_shock,Geopolitical Escalation / Supply Shock,지정학 확전·공급충격장,geopolitical,-0.18475,0.000559,0.0,negative,0.18475,low,65.604388,rolling_beta,v3,1,1110,1110,3,manual,pass,Y,,2026-06-09,1,0.398559,0.0,medium,N,context only: source_quality=manual,context only: source_quality=manual,0.051118,,0.000559,geopolitical_supply_shock_hedge,"전쟁, 제재, 해상로 차질, 대만·중동·한반도 긴장처럼 유가·금·방산·변동성이 동시에 움직이는 이벤트성 충격 장세입니다. 뉴스 overlay는 가격 신호를 보강하는 용도로만 해석합니다."
SH,SH,inverse_etf,slowdown_recession_deflation_risk,Slowdown / Recession / Deflation Risk,경기둔화/침체 우려장,us_global,-0.74176,0.000559,0.0,negative,0.74176,medium,72.589407,rolling_beta,v3,1,1261,1261,3,market,pass,N,,2026-06-09,0,0.0,0.0,high,N,scenario inactive,inactive scenario,-0.572634,-0.592315,0.000559,slowdown_defense,수요 둔화와 침체/디플레이션 압력이 커지는 방어적 장세입니다. 주식 beta와 신용위험을 보수적으로 봅니다.
SH,SH,inverse_etf,stagflation_reinflation_energy_shock,Stagflation / Reinflation / Energy Shock,물가·에너지 재상승장,us_global,0.186037,0.000559,0.0,positive,0.186037,low,72.540929,rolling_beta,v3,1,1261,1261,2,market,pass,N,,2026-06-09,0,0.0,0.0,high,N,scenario inactive,inactive scenario,0.051118,,0.000559,stagflation_vulnerable,성장 부담이 있는데 유가·원자재·인플레이션 압력이 다시 커지는 장세입니다. 에너지/원자재 수혜와 장기채 부담을 함께 봅니다.
SH,SH,inverse_etf,soft_landing_goldilocks,Soft Landing / Goldilocks,우호적 위험선호장,us_global,-0.572634,0.000559,0.0,negative,0.572634,medium,65.4571,rolling_beta,v3,1,1261,1261,3,market,pass,N,,2026-06-09,0,0.0,0.0,high,N,non-adverse scenario,inactive scenario,-0.572634,-0.592315,0.000559,neutral_or_defensive,우호적 위험선호장 참여 민감도
SHV,SHV,bond_etf,usd_strength_krw_weakness,USD Strength / KRW Weakness,달러강세/원화약세장,fx_krw,-0.297755,0.000437,0.0,negative,0.297755,low,70.962151,rolling_beta,v3,1,1110,1110,4,market,pass,N,,2026-06-09,1,0.975204,0.975204,high,Y,trade-gated adverse scenario with medium/high evidence,active market context,0.997516,-0.106482,0.000437,krw_weakness_hedge,달러가 강하고 원화가 약해져 KRW 기준 투자자의 환율 리스크가 커지는 장세입니다. 한국 자산과 USD 노출의 역할을 분리해 봅니다.
SHV,SHV,bond_etf,china_trade_fragmentation_shock,China / Trade Fragmentation Shock,중국·무역분절 충격장,china_asia,-0.069119,0.000437,0.0,negative,0.069119,low,65.435166,rolling_beta,v3,1,1110,1110,5,market,pass,N,,2026-06-09,1,0.963122,0.963122,high,Y,trade-gated adverse scenario with medium/high evidence,active market context,-0.082989,-0.106482,0.000437,china_asia_shock_hedge,중국 경기·무역갈등·공급망 충격이 한국/아시아와 반도체 자산에 번지는 장세입니다. 한국 반도체 factor와 원화 약세를 함께 확인합니다.
SHV,SHV,bond_etf,acute_global_stress_liquidity_crunch,Acute Global Stress / Liquidity Crunch,급성 리스크오프/유동성 경색장,us_global,-0.204707,0.000437,0.199106,negative,0.204707,low,76.127067,rolling_beta,v3,1,1261,1261,3,market,pass,N,,2026-06-09,1,0.942163,0.942163,high,Y,trade-gated adverse scenario with medium/high evidence,active market context,0.208979,0.199106,0.000437,liquidity_stress_defense,변동성이 튀고 위험자산이 동반 약세를 보이는 단기 스트레스 장세입니다. 상관관계 상승과 유동성 악화를 우선 점검합니다.
SHV,SHV,bond_etf,higher_for_longer_long_rate_shock,Higher-for-Longer / Long-Rate Shock,장기금리 부담장,us_global,0.464939,0.000437,0.199106,positive,0.464939,medium,62.128209,rolling_beta,v3,1,1261,1261,3,market,pass,N,,2026-06-09,1,0.908767,0.908767,high,Y,trade-gated adverse scenario with medium/high evidence,active market context,0.208979,0.199106,0.000437,rate_sensitive,장기금리와 달러 강세 부담이 채권·성장주·신용자산을 압박하는 장세입니다. 고밸류 성장주와 반도체 factor 민감도를 점검합니다.
SHV,SHV,bond_etf,semiconductor_ai_cycle_shock,Semiconductor / AI Cycle Shock,AI·반도체 사이클 충격장,korea_semiconductor,-0.264287,0.000437,0.018566,negative,0.264287,low,43.672,rolling_beta,v3,1,1110,1110,6,market,pass,N,,2026-06-09,1,0.377914,0.0,medium,N,context only: WATCH state,context only: WATCH state,0.036349,0.018566,0.000437,semiconductor_ai_shock_hedge,"AI capex 기대와 반도체 모멘텀이 꺾이면서 미국 성장주와 한국 반도체 대형주가 동시에 압박받는 장세입니다. SOXX, AI leader basket, 한국 반도체 basket의 동반 약세와 원화 압력을 함께 봅니다."
SHV,SHV,bond_etf,korea_domestic_financial_stress,Korea Domestic Financial Stress,한국 내수 금융스트레스장,korea_market,-0.361287,0.000437,0.0,negative,0.361287,medium,61.630274,rolling_beta,v3,1,1110,1110,5,seed,pass,Y,,2026-06-09,1,0.401006,0.0,medium,N,context only: source_quality=seed,context only: source_quality=seed,-0.082989,-0.106482,0.000437,korea_financial_stress_hedge,"가계부채, 부동산 PF, 비은행권, 금융주와 건설주 스트레스가 한국 자산 전반으로 번지는 장세입니다. 금융/건설 basket, 신용 spread, 단기자금 spread, 원화 약세를 함께 점검합니다."
SHV,SHV,bond_etf,geopolitical_escalation_supply_shock,Geopolitical Escalation / Supply Shock,지정학 확전·공급충격장,geopolitical,-0.164421,0.000437,0.208979,negative,0.164421,low,65.604388,rolling_beta,v3,1,1110,1110,3,manual,pass,Y,,2026-06-09,1,0.398559,0.0,medium,N,context only: source_quality=manual,context only: source_quality=manual,0.075452,,0.000437,geopolitical_supply_shock_hedge,"전쟁, 제재, 해상로 차질, 대만·중동·한반도 긴장처럼 유가·금·방산·변동성이 동시에 움직이는 이벤트성 충격 장세입니다. 뉴스 overlay는 가격 신호를 보강하는 용도로만 해석합니다."
SHV,SHV,bond_etf,slowdown_recession_deflation_risk,Slowdown / Recession / Deflation Risk,경기둔화/침체 우려장,us_global,-0.229444,0.000437,0.199106,negative,0.229444,low,72.589407,rolling_beta,v3,1,1261,1261,3,market,pass,N,,2026-06-09,0,0.0,0.0,high,N,scenario inactive,inactive scenario,0.208979,0.199106,0.000437,slowdown_defense,수요 둔화와 침체/디플레이션 압력이 커지는 방어적 장세입니다. 주식 beta와 신용위험을 보수적으로 봅니다.
SHV,SHV,bond_etf,stagflation_reinflation_energy_shock,Stagflation / Reinflation / Energy Shock,물가·에너지 재상승장,us_global,0.262228,0.000437,0.208979,positive,0.262228,low,72.540929,rolling_beta,v3,1,1261,1261,2,market,pass,N,,2026-06-09,0,0.0,0.0,high,N,scenario inactive,inactive scenario,0.075452,,0.000437,stagflation_vulnerable,성장 부담이 있는데 유가·원자재·인플레이션 압력이 다시 커지는 장세입니다. 에너지/원자재 수혜와 장기채 부담을 함께 봅니다.
SHV,SHV,bond_etf,soft_landing_goldilocks,Soft Landing / Goldilocks,우호적 위험선호장,us_global,0.208979,0.000437,0.199106,positive,0.208979,low,65.4571,rolling_beta,v3,1,1261,1261,3,market,pass,N,,2026-06-09,0,0.0,0.0,high,N,non-adverse scenario,inactive scenario,0.208979,0.199106,0.000437,risk_on_participation,우호적 위험선호장 참여 민감도
SHY,SHY,bond_etf,usd_strength_krw_weakness,USD Strength / KRW Weakness,달러강세/원화약세장,fx_krw,-0.297761,0.000315,0.0,negative,0.297761,low,70.962151,rolling_beta,v3,1,1110,1110,4,market,pass,N,,2026-06-09,1,0.975204,0.975204,high,Y,trade-gated adverse scenario with medium/high evidence,active market context,0.968683,-0.109522,0.000315,krw_weakness_hedge,달러가 강하고 원화가 약해져 KRW 기준 투자자의 환율 리스크가 커지는 장세입니다. 한국 자산과 USD 노출의 역할을 분리해 봅니다.
SHY,SHY,bond_etf,china_trade_fragmentation_shock,China / Trade Fragmentation Shock,중국·무역분절 충격장,china_asia,-0.066071,0.000315,0.0,negative,0.066071,low,65.435166,rolling_beta,v3,1,1110,1110,5,market,pass,N,,2026-06-09,1,0.963122,0.963122,high,Y,trade-gated adverse scenario with medium/high evidence,active market context,-0.087034,-0.109522,0.000315,china_asia_shock_hedge,중국 경기·무역갈등·공급망 충격이 한국/아시아와 반도체 자산에 번지는 장세입니다. 한국 반도체 factor와 원화 약세를 함께 확인합니다.
SHY,SHY,bond_etf,acute_global_stress_liquidity_crunch,Acute Global Stress / Liquidity Crunch,급성 리스크오프/유동성 경색장,us_global,-0.199226,0.000315,0.191425,negative,0.199226,low,76.127067,rolling_beta,v3,1,1261,1261,3,market,pass,N,,2026-06-09,1,0.942163,0.942163,high,Y,trade-gated adverse scenario with medium/high evidence,active market context,0.208958,0.191425,0.000315,liquidity_stress_defense,변동성이 튀고 위험자산이 동반 약세를 보이는 단기 스트레스 장세입니다. 상관관계 상승과 유동성 악화를 우선 점검합니다.
SHY,SHY,bond_etf,higher_for_longer_long_rate_shock,Higher-for-Longer / Long-Rate Shock,장기금리 부담장,us_global,0.464927,0.000315,0.191425,positive,0.464927,medium,62.128209,rolling_beta,v3,1,1261,1261,3,market,pass,N,,2026-06-09,1,0.908767,0.908767,high,Y,trade-gated adverse scenario with medium/high evidence,active market context,0.208958,0.191425,0.000315,rate_sensitive,장기금리와 달러 강세 부담이 채권·성장주·신용자산을 압박하는 장세입니다. 고밸류 성장주와 반도체 factor 민감도를 점검합니다.
SHY,SHY,bond_etf,semiconductor_ai_cycle_shock,Semiconductor / AI Cycle Shock,AI·반도체 사이클 충격장,korea_semiconductor,-0.263674,0.000315,0.015557,negative,0.263674,low,43.672,rolling_beta,v3,1,1110,1110,6,market,pass,N,,2026-06-09,1,0.377914,0.0,medium,N,context only: WATCH state,context only: WATCH state,0.036714,0.015557,0.000315,semiconductor_ai_shock_hedge,"AI capex 기대와 반도체 모멘텀이 꺾이면서 미국 성장주와 한국 반도체 대형주가 동시에 압박받는 장세입니다. SOXX, AI leader basket, 한국 반도체 basket의 동반 약세와 원화 압력을 함께 봅니다."
SHY,SHY,bond_etf,korea_domestic_financial_stress,Korea Domestic Financial Stress,한국 내수 금융스트레스장,korea_market,-0.36256,0.000315,0.0,negative,0.36256,medium,61.630274,rolling_beta,v3,1,1110,1110,5,seed,pass,Y,,2026-06-09,1,0.401006,0.0,medium,N,context only: source_quality=seed,context only: source_quality=seed,-0.087034,-0.109522,0.000315,korea_financial_stress_hedge,"가계부채, 부동산 PF, 비은행권, 금융주와 건설주 스트레스가 한국 자산 전반으로 번지는 장세입니다. 금융/건설 basket, 신용 spread, 단기자금 spread, 원화 약세를 함께 점검합니다."
SHY,SHY,bond_etf,geopolitical_escalation_supply_shock,Geopolitical Escalation / Supply Shock,지정학 확전·공급충격장,geopolitical,-0.167323,0.000315,0.208958,negative,0.167323,low,65.604388,rolling_beta,v3,1,1110,1110,3,manual,pass,Y,,2026-06-09,1,0.398559,0.0,medium,N,context only: source_quality=manual,context only: source_quality=manual,0.067515,,0.000315,geopolitical_supply_shock_hedge,"전쟁, 제재, 해상로 차질, 대만·중동·한반도 긴장처럼 유가·금·방산·변동성이 동시에 움직이는 이벤트성 충격 장세입니다. 뉴스 overlay는 가격 신호를 보강하는 용도로만 해석합니다."
SHY,SHY,bond_etf,slowdown_recession_deflation_risk,Slowdown / Recession / Deflation Risk,경기둔화/침체 우려장,us_global,-0.225185,0.000315,0.191425,negative,0.225185,low,72.589407,rolling_beta,v3,1,1261,1261,3,market,pass,N,,2026-06-09,0,0.0,0.0,high,N,scenario inactive,inactive scenario,0.208958,0.191425,0.000315,slowdown_defense,수요 둔화와 침체/디플레이션 압력이 커지는 방어적 장세입니다. 주식 beta와 신용위험을 보수적으로 봅니다.
SHY,SHY,bond_etf,stagflation_reinflation_energy_shock,Stagflation / Reinflation / Energy Shock,물가·에너지 재상승장,us_global,0.265273,0.000315,0.208958,positive,0.265273,low,72.540929,rolling_beta,v3,1,1261,1261,2,market,pass,N,,2026-06-09,0,0.0,0.0,high,N,scenario inactive,inactive scenario,0.067515,,0.000315,stagflation_vulnerable,성장 부담이 있는데 유가·원자재·인플레이션 압력이 다시 커지는 장세입니다. 에너지/원자재 수혜와 장기채 부담을 함께 봅니다.
SHY,SHY,bond_etf,soft_landing_goldilocks,Soft Landing / Goldilocks,우호적 위험선호장,us_global,0.208958,0.000315,0.191425,positive,0.208958,low,65.4571,rolling_beta,v3,1,1261,1261,3,market,pass,N,,2026-06-09,0,0.0,0.0,high,N,non-adverse scenario,inactive scenario,0.208958,0.191425,0.000315,risk_on_participation,우호적 위험선호장 참여 민감도
SLV,SLV,commodity_etf,usd_strength_krw_weakness,USD Strength / KRW Weakness,달러강세/원화약세장,fx_krw,-0.222105,-0.003053,0.232351,negative,0.222105,low,70.962151,rolling_beta,v3,1,1110,1110,4,market,pass,N,,2026-06-09,1,0.975204,0.975204,high,Y,trade-gated adverse scenario with medium/high evidence,active market context,0.311387,0.232351,-0.003053,krw_weakness_hedge,달러가 강하고 원화가 약해져 KRW 기준 투자자의 환율 리스크가 커지는 장세입니다. 한국 자산과 USD 노출의 역할을 분리해 봅니다.
SLV,SLV,commodity_etf,china_trade_fragmentation_shock,China / Trade Fragmentation Shock,중국·무역분절 충격장,china_asia,0.078633,-0.003053,0.232351,positive,0.078633,low,65.435166,rolling_beta,v3,1,1110,1110,5,market,pass,N,,2026-06-09,1,0.963122,0.963122,high,Y,trade-gated adverse scenario with medium/high evidence,active market context,0.127274,0.232351,-0.003053,china_asia_shock_vulnerable,중국 경기·무역갈등·공급망 충격이 한국/아시아와 반도체 자산에 번지는 장세입니다. 한국 반도체 factor와 원화 약세를 함께 확인합니다.
SLV,SLV,commodity_etf,acute_global_stress_liquidity_crunch,Acute Global Stress / Liquidity Crunch,급성 리스크오프/유동성 경색장,us_global,0.41874,-0.003053,0.725441,positive,0.41874,medium,76.127067,rolling_beta,v3,1,1261,1261,3,market,pass,N,,2026-06-09,1,0.942163,0.942163,high,Y,trade-gated adverse scenario with medium/high evidence,active market context,0.51158,0.725441,-0.003053,liquidity_stress_vulnerable,변동성이 튀고 위험자산이 동반 약세를 보이는 단기 스트레스 장세입니다. 상관관계 상승과 유동성 악화를 우선 점검합니다.
SLV,SLV,commodity_etf,higher_for_longer_long_rate_shock,Higher-for-Longer / Long-Rate Shock,장기금리 부담장,us_global,0.181369,-0.003053,0.725441,positive,0.181369,low,62.128209,rolling_beta,v3,1,1261,1261,3,market,pass,N,,2026-06-09,1,0.908767,0.908767,high,Y,trade-gated adverse scenario with medium/high evidence,active market context,0.51158,0.725441,-0.003053,rate_sensitive,장기금리와 달러 강세 부담이 채권·성장주·신용자산을 압박하는 장세입니다. 고밸류 성장주와 반도체 factor 민감도를 점검합니다.
SLV,SLV,commodity_etf,semiconductor_ai_cycle_shock,Semiconductor / AI Cycle Shock,AI·반도체 사이클 충격장,korea_semiconductor,0.251239,-0.003053,0.38682,positive,0.251239,low,43.672,rolling_beta,v3,1,1110,1110,6,market,pass,N,,2026-06-09,1,0.377914,0.0,medium,N,context only: WATCH state,context only: WATCH state,0.259394,0.38682,-0.003053,semiconductor_ai_shock_vulnerable,"AI capex 기대와 반도체 모멘텀이 꺾이면서 미국 성장주와 한국 반도체 대형주가 동시에 압박받는 장세입니다. SOXX, AI leader basket, 한국 반도체 basket의 동반 약세와 원화 압력을 함께 봅니다."
SLV,SLV,commodity_etf,korea_domestic_financial_stress,Korea Domestic Financial Stress,한국 내수 금융스트레스장,korea_market,-0.022871,-0.003053,0.232351,neutral,0.022871,low,61.630274,rolling_beta,v3,1,1110,1110,5,seed,pass,Y,,2026-06-09,1,0.401006,0.0,medium,N,context only: source_quality=seed,context only: source_quality=seed,0.127274,0.232351,-0.003053,korea_financial_stress_hedge,"가계부채, 부동산 PF, 비은행권, 금융주와 건설주 스트레스가 한국 자산 전반으로 번지는 장세입니다. 금융/건설 basket, 신용 spread, 단기자금 spread, 원화 약세를 함께 점검합니다."
SLV,SLV,commodity_etf,geopolitical_escalation_supply_shock,Geopolitical Escalation / Supply Shock,지정학 확전·공급충격장,geopolitical,-0.307135,-0.003053,0.51158,negative,0.307135,medium,65.604388,rolling_beta,v3,1,1110,1110,3,manual,pass,Y,,2026-06-09,1,0.398559,0.0,medium,N,context only: source_quality=manual,context only: source_quality=manual,0.148632,,-0.003053,geopolitical_supply_shock_hedge,"전쟁, 제재, 해상로 차질, 대만·중동·한반도 긴장처럼 유가·금·방산·변동성이 동시에 움직이는 이벤트성 충격 장세입니다. 뉴스 overlay는 가격 신호를 보강하는 용도로만 해석합니다."
SLV,SLV,commodity_etf,slowdown_recession_deflation_risk,Slowdown / Recession / Deflation Risk,경기둔화/침체 우려장,us_global,0.439371,-0.003053,0.725441,positive,0.439371,medium,72.589407,rolling_beta,v3,1,1261,1261,3,market,pass,N,,2026-06-09,0,0.0,0.0,high,N,scenario inactive,inactive scenario,0.51158,0.725441,-0.003053,slowdown_vulnerable,수요 둔화와 침체/디플레이션 압력이 커지는 방어적 장세입니다. 주식 beta와 신용위험을 보수적으로 봅니다.
SLV,SLV,commodity_etf,stagflation_reinflation_energy_shock,Stagflation / Reinflation / Energy Shock,물가·에너지 재상승장,us_global,-0.19463,-0.003053,0.51158,negative,0.19463,low,72.540929,rolling_beta,v3,1,1261,1261,2,market,pass,N,,2026-06-09,0,0.0,0.0,high,N,scenario inactive,inactive scenario,0.148632,,-0.003053,inflation_hedge,성장 부담이 있는데 유가·원자재·인플레이션 압력이 다시 커지는 장세입니다. 에너지/원자재 수혜와 장기채 부담을 함께 봅니다.
SLV,SLV,commodity_etf,soft_landing_goldilocks,Soft Landing / Goldilocks,우호적 위험선호장,us_global,0.51158,-0.003053,0.725441,positive,0.51158,medium,65.4571,rolling_beta,v3,1,1261,1261,3,market,pass,N,,2026-06-09,0,0.0,0.0,high,N,non-adverse scenario,inactive scenario,0.51158,0.725441,-0.003053,risk_on_participation,우호적 위험선호장 참여 민감도
SMH,SMH,equity_etf,usd_strength_krw_weakness,USD Strength / KRW Weakness,달러강세/원화약세장,fx_krw,0.03876,-0.000539,0.056307,neutral,0.03876,low,70.962151,rolling_beta,v3,1,1110,1110,4,market,pass,N,,2026-06-09,1,0.975204,0.975204,high,Y,trade-gated adverse scenario with medium/high evidence,active market context,0.394368,0.056307,-0.000539,krw_weakness_vulnerable,달러가 강하고 원화가 약해져 KRW 기준 투자자의 환율 리스크가 커지는 장세입니다. 한국 자산과 USD 노출의 역할을 분리해 봅니다.
SMH,SMH,equity_etf,china_trade_fragmentation_shock,China / Trade Fragmentation Shock,중국·무역분절 충격장,china_asia,0.574478,-0.000539,0.056307,positive,0.574478,medium,65.435166,rolling_beta,v3,1,1110,1110,5,market,pass,N,,2026-06-09,1,0.963122,0.963122,high,Y,trade-gated adverse scenario with medium/high evidence,active market context,0.102134,0.056307,-0.000539,china_asia_shock_vulnerable,중국 경기·무역갈등·공급망 충격이 한국/아시아와 반도체 자산에 번지는 장세입니다. 한국 반도체 factor와 원화 약세를 함께 확인합니다.
SMH,SMH,equity_etf,acute_global_stress_liquidity_crunch,Acute Global Stress / Liquidity Crunch,급성 리스크오프/유동성 경색장,us_global,0.879518,-0.000539,1.462455,positive,0.879518,high,76.127067,rolling_beta,v3,1,1261,1261,3,market,pass,N,,2026-06-09,1,0.942163,0.942163,high,Y,trade-gated adverse scenario with medium/high evidence,active market context,1.555041,1.462455,-0.000539,liquidity_stress_vulnerable,변동성이 튀고 위험자산이 동반 약세를 보이는 단기 스트레스 장세입니다. 상관관계 상승과 유동성 악화를 우선 점검합니다.
SMH,SMH,equity_etf,higher_for_longer_long_rate_shock,Higher-for-Longer / Long-Rate Shock,장기금리 부담장,us_global,1.005273,-0.000539,1.462455,positive,1.005273,high,62.128209,rolling_beta,v3,1,1261,1261,3,market,pass,N,,2026-06-09,1,0.908767,0.908767,high,Y,trade-gated adverse scenario with medium/high evidence,active market context,1.555041,1.462455,-0.000539,rate_sensitive,장기금리와 달러 강세 부담이 채권·성장주·신용자산을 압박하는 장세입니다. 고밸류 성장주와 반도체 factor 민감도를 점검합니다.
SMH,SMH,equity_etf,semiconductor_ai_cycle_shock,Semiconductor / AI Cycle Shock,AI·반도체 사이클 충격장,korea_semiconductor,1.249563,-0.000539,0.967917,positive,1.249563,high,43.672,rolling_beta,v3,1,1110,1110,6,market,pass,N,,2026-06-09,1,0.377914,0.0,medium,N,context only: WATCH state,context only: WATCH state,0.953429,0.967917,-0.000539,semiconductor_ai_shock_vulnerable,"AI capex 기대와 반도체 모멘텀이 꺾이면서 미국 성장주와 한국 반도체 대형주가 동시에 압박받는 장세입니다. SOXX, AI leader basket, 한국 반도체 basket의 동반 약세와 원화 압력을 함께 봅니다."
SMH,SMH,equity_etf,korea_domestic_financial_stress,Korea Domestic Financial Stress,한국 내수 금융스트레스장,korea_market,-0.091629,-0.000539,0.056307,negative,0.091629,low,61.630274,rolling_beta,v3,1,1110,1110,5,seed,pass,Y,,2026-06-09,1,0.401006,0.0,medium,N,context only: source_quality=seed,context only: source_quality=seed,0.102134,0.056307,-0.000539,korea_financial_stress_hedge,"가계부채, 부동산 PF, 비은행권, 금융주와 건설주 스트레스가 한국 자산 전반으로 번지는 장세입니다. 금융/건설 basket, 신용 spread, 단기자금 spread, 원화 약세를 함께 점검합니다."
SMH,SMH,equity_etf,geopolitical_escalation_supply_shock,Geopolitical Escalation / Supply Shock,지정학 확전·공급충격장,geopolitical,0.476322,-0.000539,1.555041,positive,0.476322,medium,65.604388,rolling_beta,v3,1,1110,1110,3,manual,pass,Y,,2026-06-09,1,0.398559,0.0,medium,N,context only: source_quality=manual,context only: source_quality=manual,0.092982,,-0.000539,geopolitical_supply_shock_vulnerable,"전쟁, 제재, 해상로 차질, 대만·중동·한반도 긴장처럼 유가·금·방산·변동성이 동시에 움직이는 이벤트성 충격 장세입니다. 뉴스 overlay는 가격 신호를 보강하는 용도로만 해석합니다."
SMH,SMH,equity_etf,slowdown_recession_deflation_risk,Slowdown / Recession / Deflation Risk,경기둔화/침체 우려장,us_global,1.029634,-0.000539,1.462455,positive,1.029634,high,72.589407,rolling_beta,v3,1,1261,1261,3,market,pass,N,,2026-06-09,0,0.0,0.0,high,N,scenario inactive,inactive scenario,1.555041,1.462455,-0.000539,slowdown_vulnerable,수요 둔화와 침체/디플레이션 압력이 커지는 방어적 장세입니다. 주식 beta와 신용위험을 보수적으로 봅니다.
SMH,SMH,equity_etf,stagflation_reinflation_energy_shock,Stagflation / Reinflation / Energy Shock,물가·에너지 재상승장,us_global,0.557734,-0.000539,1.555041,positive,0.557734,medium,72.540929,rolling_beta,v3,1,1261,1261,2,market,pass,N,,2026-06-09,0,0.0,0.0,high,N,scenario inactive,inactive scenario,0.092982,,-0.000539,stagflation_vulnerable,성장 부담이 있는데 유가·원자재·인플레이션 압력이 다시 커지는 장세입니다. 에너지/원자재 수혜와 장기채 부담을 함께 봅니다.
SMH,SMH,equity_etf,soft_landing_goldilocks,Soft Landing / Goldilocks,우호적 위험선호장,us_global,1.555041,-0.000539,1.462455,positive,1.555041,high,65.4571,rolling_beta,v3,1,1261,1261,3,market,pass,N,,2026-06-09,0,0.0,0.0,high,N,non-adverse scenario,inactive scenario,1.555041,1.462455,-0.000539,risk_on_participation,우호적 위험선호장 참여 민감도
SOL-USD,SOL-USD,crypto,usd_strength_krw_weakness,USD Strength / KRW Weakness,달러강세/원화약세장,fx_krw,0.055889,0.011753,0.0,positive,0.055889,low,70.962151,rolling_beta,v3,1,1224,1224,4,market,pass,N,,2026-06-09,1,0.975204,0.975204,high,Y,trade-gated adverse scenario with medium/high evidence,active market context,0.440365,-0.009837,0.011753,krw_weakness_vulnerable,달러가 강하고 원화가 약해져 KRW 기준 투자자의 환율 리스크가 커지는 장세입니다. 한국 자산과 USD 노출의 역할을 분리해 봅니다.
SOL-USD,SOL-USD,crypto,china_trade_fragmentation_shock,China / Trade Fragmentation Shock,중국·무역분절 충격장,china_asia,-0.069105,0.011753,0.0,negative,0.069105,low,65.435166,rolling_beta,v3,1,1224,1224,5,market,pass,N,,2026-06-09,1,0.963122,0.963122,high,Y,trade-gated adverse scenario with medium/high evidence,active market context,-0.067331,-0.009837,0.011753,china_asia_shock_hedge,중국 경기·무역갈등·공급망 충격이 한국/아시아와 반도체 자산에 번지는 장세입니다. 한국 반도체 factor와 원화 약세를 함께 확인합니다.
SOL-USD,SOL-USD,crypto,acute_global_stress_liquidity_crunch,Acute Global Stress / Liquidity Crunch,급성 리스크오프/유동성 경색장,us_global,0.064087,0.011753,1.401464,positive,0.064087,low,76.127067,rolling_beta,v3,1,1260,1260,3,market,pass,N,,2026-06-09,1,0.942163,0.942163,high,Y,trade-gated adverse scenario with medium/high evidence,active market context,1.623558,1.401464,0.011753,liquidity_stress_vulnerable,변동성이 튀고 위험자산이 동반 약세를 보이는 단기 스트레스 장세입니다. 상관관계 상승과 유동성 악화를 우선 점검합니다.
SOL-USD,SOL-USD,crypto,higher_for_longer_long_rate_shock,Higher-for-Longer / Long-Rate Shock,장기금리 부담장,us_global,1.242957,0.011753,1.401464,positive,1.242957,high,62.128209,rolling_beta,v3,1,1260,1260,3,market,pass,N,,2026-06-09,1,0.908767,0.908767,high,Y,trade-gated adverse scenario with medium/high evidence,active market context,1.623558,1.401464,0.011753,rate_sensitive,장기금리와 달러 강세 부담이 채권·성장주·신용자산을 압박하는 장세입니다. 고밸류 성장주와 반도체 factor 민감도를 점검합니다.
SOL-USD,SOL-USD,crypto,semiconductor_ai_cycle_shock,Semiconductor / AI Cycle Shock,AI·반도체 사이클 충격장,korea_semiconductor,0.26575,0.011753,0.890517,positive,0.26575,low,43.672,rolling_beta,v3,1,1224,1224,6,market,pass,N,,2026-06-09,1,0.377914,0.0,medium,N,context only: WATCH state,context only: WATCH state,0.745729,0.890517,0.011753,semiconductor_ai_shock_vulnerable,"AI capex 기대와 반도체 모멘텀이 꺾이면서 미국 성장주와 한국 반도체 대형주가 동시에 압박받는 장세입니다. SOXX, AI leader basket, 한국 반도체 basket의 동반 약세와 원화 압력을 함께 봅니다."
SOL-USD,SOL-USD,crypto,korea_domestic_financial_stress,Korea Domestic Financial Stress,한국 내수 금융스트레스장,korea_market,-0.727762,0.011753,0.0,negative,0.727762,medium,61.630274,rolling_beta,v3,1,1224,1224,5,seed,pass,Y,,2026-06-09,1,0.401006,0.0,medium,N,context only: source_quality=seed,context only: source_quality=seed,-0.067331,-0.009837,0.011753,korea_financial_stress_hedge,"가계부채, 부동산 PF, 비은행권, 금융주와 건설주 스트레스가 한국 자산 전반으로 번지는 장세입니다. 금융/건설 basket, 신용 spread, 단기자금 spread, 원화 약세를 함께 점검합니다."
SOL-USD,SOL-USD,crypto,geopolitical_escalation_supply_shock,Geopolitical Escalation / Supply Shock,지정학 확전·공급충격장,geopolitical,-0.044223,0.011753,1.623558,neutral,0.044223,low,65.604388,rolling_beta,v3,1,1260,1260,3,manual,pass,Y,,2026-06-09,1,0.398559,0.0,medium,N,context only: source_quality=manual,context only: source_quality=manual,0.09549,,0.011753,geopolitical_supply_shock_hedge,"전쟁, 제재, 해상로 차질, 대만·중동·한반도 긴장처럼 유가·금·방산·변동성이 동시에 움직이는 이벤트성 충격 장세입니다. 뉴스 overlay는 가격 신호를 보강하는 용도로만 해석합니다."
SOL-USD,SOL-USD,crypto,slowdown_recession_deflation_risk,Slowdown / Recession / Deflation Risk,경기둔화/침체 우려장,us_global,0.29397,0.011753,1.401464,positive,0.29397,low,72.589407,rolling_beta,v3,1,1260,1260,3,market,pass,N,,2026-06-09,0,0.0,0.0,high,N,scenario inactive,inactive scenario,1.623558,1.401464,0.011753,slowdown_vulnerable,수요 둔화와 침체/디플레이션 압력이 커지는 방어적 장세입니다. 주식 beta와 신용위험을 보수적으로 봅니다.
SOL-USD,SOL-USD,crypto,stagflation_reinflation_energy_shock,Stagflation / Reinflation / Energy Shock,물가·에너지 재상승장,us_global,0.474429,0.011753,1.623558,positive,0.474429,medium,72.540929,rolling_beta,v3,1,1260,1260,2,market,pass,N,,2026-06-09,0,0.0,0.0,high,N,scenario inactive,inactive scenario,0.09549,,0.011753,stagflation_vulnerable,성장 부담이 있는데 유가·원자재·인플레이션 압력이 다시 커지는 장세입니다. 에너지/원자재 수혜와 장기채 부담을 함께 봅니다.
SOL-USD,SOL-USD,crypto,soft_landing_goldilocks,Soft Landing / Goldilocks,우호적 위험선호장,us_global,1.623558,0.011753,1.401464,positive,1.623558,high,65.4571,rolling_beta,v3,1,1260,1260,3,market,pass,N,,2026-06-09,0,0.0,0.0,high,N,non-adverse scenario,inactive scenario,1.623558,1.401464,0.011753,risk_on_participation,우호적 위험선호장 참여 민감도
SPLV,SPLV,equity_etf,usd_strength_krw_weakness,USD Strength / KRW Weakness,달러강세/원화약세장,fx_krw,-0.206457,-0.000334,0.0,negative,0.206457,low,70.962151,rolling_beta,v3,1,1110,1110,4,market,pass,N,,2026-06-09,1,0.975204,0.975204,high,Y,trade-gated adverse scenario with medium/high evidence,active market context,0.844401,-0.07067,-0.000334,krw_weakness_hedge,달러가 강하고 원화가 약해져 KRW 기준 투자자의 환율 리스크가 커지는 장세입니다. 한국 자산과 USD 노출의 역할을 분리해 봅니다.
SPLV,SPLV,equity_etf,china_trade_fragmentation_shock,China / Trade Fragmentation Shock,중국·무역분절 충격장,china_asia,0.373184,-0.000334,0.0,positive,0.373184,medium,65.435166,rolling_beta,v3,1,1110,1110,5,market,pass,N,,2026-06-09,1,0.963122,0.963122,high,Y,trade-gated adverse scenario with medium/high evidence,active market context,-0.091636,-0.07067,-0.000334,china_asia_shock_vulnerable,중국 경기·무역갈등·공급망 충격이 한국/아시아와 반도체 자산에 번지는 장세입니다. 한국 반도체 factor와 원화 약세를 함께 확인합니다.
SPLV,SPLV,equity_etf,acute_global_stress_liquidity_crunch,Acute Global Stress / Liquidity Crunch,급성 리스크오프/유동성 경색장,us_global,0.030825,-0.000334,0.580489,neutral,0.030825,low,76.127067,rolling_beta,v3,1,1261,1261,3,market,pass,N,,2026-06-09,1,0.942163,0.942163,high,Y,trade-gated adverse scenario with medium/high evidence,active market context,0.574173,0.580489,-0.000334,liquidity_stress_vulnerable,변동성이 튀고 위험자산이 동반 약세를 보이는 단기 스트레스 장세입니다. 상관관계 상승과 유동성 악화를 우선 점검합니다.
SPLV,SPLV,equity_etf,higher_for_longer_long_rate_shock,Higher-for-Longer / Long-Rate Shock,장기금리 부담장,us_global,0.915795,-0.000334,0.580489,positive,0.915795,high,62.128209,rolling_beta,v3,1,1261,1261,3,market,pass,N,,2026-06-09,1,0.908767,0.908767,high,Y,trade-gated adverse scenario with medium/high evidence,active market context,0.574173,0.580489,-0.000334,rate_sensitive,장기금리와 달러 강세 부담이 채권·성장주·신용자산을 압박하는 장세입니다. 고밸류 성장주와 반도체 factor 민감도를 점검합니다.
SPLV,SPLV,equity_etf,semiconductor_ai_cycle_shock,Semiconductor / AI Cycle Shock,AI·반도체 사이클 충격장,korea_semiconductor,0.133534,-0.000334,0.095771,positive,0.133534,low,43.672,rolling_beta,v3,1,1110,1110,6,market,pass,N,,2026-06-09,1,0.377914,0.0,medium,N,context only: WATCH state,context only: WATCH state,0.122085,0.095771,-0.000334,semiconductor_ai_shock_vulnerable,"AI capex 기대와 반도체 모멘텀이 꺾이면서 미국 성장주와 한국 반도체 대형주가 동시에 압박받는 장세입니다. SOXX, AI leader basket, 한국 반도체 basket의 동반 약세와 원화 압력을 함께 봅니다."
SPLV,SPLV,equity_etf,korea_domestic_financial_stress,Korea Domestic Financial Stress,한국 내수 금융스트레스장,korea_market,-0.36499,-0.000334,0.0,negative,0.36499,medium,61.630274,rolling_beta,v3,1,1110,1110,5,seed,pass,Y,,2026-06-09,1,0.401006,0.0,medium,N,context only: source_quality=seed,context only: source_quality=seed,-0.091636,-0.07067,-0.000334,korea_financial_stress_hedge,"가계부채, 부동산 PF, 비은행권, 금융주와 건설주 스트레스가 한국 자산 전반으로 번지는 장세입니다. 금융/건설 basket, 신용 spread, 단기자금 spread, 원화 약세를 함께 점검합니다."
SPLV,SPLV,equity_etf,geopolitical_escalation_supply_shock,Geopolitical Escalation / Supply Shock,지정학 확전·공급충격장,geopolitical,-0.045324,-0.000334,0.574173,neutral,0.045324,low,65.604388,rolling_beta,v3,1,1110,1110,3,manual,pass,Y,,2026-06-09,1,0.398559,0.0,medium,N,context only: source_quality=manual,context only: source_quality=manual,0.083497,,-0.000334,geopolitical_supply_shock_hedge,"전쟁, 제재, 해상로 차질, 대만·중동·한반도 긴장처럼 유가·금·방산·변동성이 동시에 움직이는 이벤트성 충격 장세입니다. 뉴스 overlay는 가격 신호를 보강하는 용도로만 해석합니다."
SPLV,SPLV,equity_etf,slowdown_recession_deflation_risk,Slowdown / Recession / Deflation Risk,경기둔화/침체 우려장,us_global,0.034902,-0.000334,0.580489,neutral,0.034902,low,72.589407,rolling_beta,v3,1,1261,1261,3,market,pass,N,,2026-06-09,0,0.0,0.0,high,N,scenario inactive,inactive scenario,0.574173,0.580489,-0.000334,slowdown_vulnerable,수요 둔화와 침체/디플레이션 압력이 커지는 방어적 장세입니다. 주식 beta와 신용위험을 보수적으로 봅니다.
SPLV,SPLV,equity_etf,stagflation_reinflation_energy_shock,Stagflation / Reinflation / Energy Shock,물가·에너지 재상승장,us_global,0.40931,-0.000334,0.574173,positive,0.40931,medium,72.540929,rolling_beta,v3,1,1261,1261,2,market,pass,N,,2026-06-09,0,0.0,0.0,high,N,scenario inactive,inactive scenario,0.083497,,-0.000334,stagflation_vulnerable,성장 부담이 있는데 유가·원자재·인플레이션 압력이 다시 커지는 장세입니다. 에너지/원자재 수혜와 장기채 부담을 함께 봅니다.
SPLV,SPLV,equity_etf,soft_landing_goldilocks,Soft Landing / Goldilocks,우호적 위험선호장,us_global,0.574173,-0.000334,0.580489,positive,0.574173,medium,65.4571,rolling_beta,v3,1,1261,1261,3,market,pass,N,,2026-06-09,0,0.0,0.0,high,N,non-adverse scenario,inactive scenario,0.574173,0.580489,-0.000334,risk_on_participation,우호적 위험선호장 참여 민감도
SPY,SPY,equity_etf,usd_strength_krw_weakness,USD Strength / KRW Weakness,달러강세/원화약세장,fx_krw,-0.1,0.000465,0.0,negative,0.1,low,70.962151,rolling_beta,v3,1,1110,1110,4,market,pass,N,,2026-06-09,1,0.975204,0.975204,high,Y,trade-gated adverse scenario with medium/high evidence,active market context,0.65825,-0.0231,0.000465,krw_weakness_hedge,달러가 강하고 원화가 약해져 KRW 기준 투자자의 환율 리스크가 커지는 장세입니다. 한국 자산과 USD 노출의 역할을 분리해 봅니다.
SPY,SPY,equity_etf,china_trade_fragmentation_shock,China / Trade Fragmentation Shock,중국·무역분절 충격장,china_asia,0.088367,0.000465,0.0,positive,0.088367,low,65.435166,rolling_beta,v3,1,1110,1110,5,market,pass,N,,2026-06-09,1,0.963122,0.963122,high,Y,trade-gated adverse scenario with medium/high evidence,active market context,-0.020436,-0.0231,0.000465,china_asia_shock_vulnerable,중국 경기·무역갈등·공급망 충격이 한국/아시아와 반도체 자산에 번지는 장세입니다. 한국 반도체 factor와 원화 약세를 함께 확인합니다.
SPY,SPY,equity_etf,acute_global_stress_liquidity_crunch,Acute Global Stress / Liquidity Crunch,급성 리스크오프/유동성 경색장,us_global,0.229061,0.000465,1.0,positive,0.229061,low,76.127067,rolling_beta,v3,1,1261,1261,3,market,pass,N,,2026-06-09,1,0.942163,0.942163,high,Y,trade-gated adverse scenario with medium/high evidence,active market context,1.0,1.0,0.000465,liquidity_stress_vulnerable,변동성이 튀고 위험자산이 동반 약세를 보이는 단기 스트레스 장세입니다. 상관관계 상승과 유동성 악화를 우선 점검합니다.
SPY,SPY,equity_etf,higher_for_longer_long_rate_shock,Higher-for-Longer / Long-Rate Shock,장기금리 부담장,us_global,0.9,0.000465,1.0,positive,0.9,high,62.128209,rolling_beta,v3,1,1261,1261,3,market,pass,N,,2026-06-09,1,0.908767,0.908767,high,Y,trade-gated adverse scenario with medium/high evidence,active market context,1.0,1.0,0.000465,rate_sensitive,장기금리와 달러 강세 부담이 채권·성장주·신용자산을 압박하는 장세입니다. 고밸류 성장주와 반도체 factor 민감도를 점검합니다.
SPY,SPY,equity_etf,semiconductor_ai_cycle_shock,Semiconductor / AI Cycle Shock,AI·반도체 사이클 충격장,korea_semiconductor,0.058118,0.000465,0.417251,positive,0.058118,low,43.672,rolling_beta,v3,1,1110,1110,6,market,pass,N,,2026-06-09,1,0.377914,0.0,medium,N,context only: WATCH state,context only: WATCH state,0.396145,0.417251,0.000465,semiconductor_ai_shock_vulnerable,"AI capex 기대와 반도체 모멘텀이 꺾이면서 미국 성장주와 한국 반도체 대형주가 동시에 압박받는 장세입니다. SOXX, AI leader basket, 한국 반도체 basket의 동반 약세와 원화 압력을 함께 봅니다."
SPY,SPY,equity_etf,korea_domestic_financial_stress,Korea Domestic Financial Stress,한국 내수 금융스트레스장,korea_market,-0.412895,0.000465,0.0,negative,0.412895,medium,61.630274,rolling_beta,v3,1,1110,1110,5,seed,pass,Y,,2026-06-09,1,0.401006,0.0,medium,N,context only: source_quality=seed,context only: source_quality=seed,-0.020436,-0.0231,0.000465,korea_financial_stress_hedge,"가계부채, 부동산 PF, 비은행권, 금융주와 건설주 스트레스가 한국 자산 전반으로 번지는 장세입니다. 금융/건설 basket, 신용 spread, 단기자금 spread, 원화 약세를 함께 점검합니다."
SPY,SPY,equity_etf,geopolitical_escalation_supply_shock,Geopolitical Escalation / Supply Shock,지정학 확전·공급충격장,geopolitical,0.055248,0.000465,1.0,positive,0.055248,low,65.604388,rolling_beta,v3,1,1110,1110,3,manual,pass,Y,,2026-06-09,1,0.398559,0.0,medium,N,context only: source_quality=manual,context only: source_quality=manual,0.10161,,0.000465,geopolitical_supply_shock_vulnerable,"전쟁, 제재, 해상로 차질, 대만·중동·한반도 긴장처럼 유가·금·방산·변동성이 동시에 움직이는 이벤트성 충격 장세입니다. 뉴스 overlay는 가격 신호를 보강하는 용도로만 해석합니다."
SPY,SPY,equity_etf,slowdown_recession_deflation_risk,Slowdown / Recession / Deflation Risk,경기둔화/침체 우려장,us_global,0.283714,0.000465,1.0,positive,0.283714,low,72.589407,rolling_beta,v3,1,1261,1261,3,market,pass,N,,2026-06-09,0,0.0,0.0,high,N,scenario inactive,inactive scenario,1.0,1.0,0.000465,slowdown_vulnerable,수요 둔화와 침체/디플레이션 압력이 커지는 방어적 장세입니다. 주식 beta와 신용위험을 보수적으로 봅니다.
SPY,SPY,equity_etf,stagflation_reinflation_energy_shock,Stagflation / Reinflation / Energy Shock,물가·에너지 재상승장,us_global,0.538367,0.000465,1.0,positive,0.538367,medium,72.540929,rolling_beta,v3,1,1261,1261,2,market,pass,N,,2026-06-09,0,0.0,0.0,high,N,scenario inactive,inactive scenario,0.10161,,0.000465,stagflation_vulnerable,성장 부담이 있는데 유가·원자재·인플레이션 압력이 다시 커지는 장세입니다. 에너지/원자재 수혜와 장기채 부담을 함께 봅니다.
SPY,SPY,equity_etf,soft_landing_goldilocks,Soft Landing / Goldilocks,우호적 위험선호장,us_global,1.0,0.000465,1.0,positive,1.0,high,65.4571,rolling_beta,v3,1,1261,1261,3,market,pass,N,,2026-06-09,0,0.0,0.0,high,N,non-adverse scenario,inactive scenario,1.0,1.0,0.000465,risk_on_participation,우호적 위험선호장 참여 민감도
TAIL,TAIL,tail_risk_etf,usd_strength_krw_weakness,USD Strength / KRW Weakness,달러강세/원화약세장,fx_krw,-0.35,0.000387,0.0,negative,0.35,medium,70.962151,rolling_beta,v3,1,1110,1110,4,market,pass,N,,2026-06-09,1,0.975204,0.975204,high,Y,trade-gated adverse scenario with medium/high evidence,active market context,1.126738,-0.179902,0.000387,krw_weakness_hedge,달러가 강하고 원화가 약해져 KRW 기준 투자자의 환율 리스크가 커지는 장세입니다. 한국 자산과 USD 노출의 역할을 분리해 봅니다.
TAIL,TAIL,tail_risk_etf,china_trade_fragmentation_shock,China / Trade Fragmentation Shock,중국·무역분절 충격장,china_asia,-0.109672,0.000387,0.0,negative,0.109672,low,65.435166,rolling_beta,v3,1,1110,1110,5,market,pass,N,,2026-06-09,1,0.963122,0.963122,high,Y,trade-gated adverse scenario with medium/high evidence,active market context,-0.128107,-0.179902,0.000387,china_asia_shock_hedge,중국 경기·무역갈등·공급망 충격이 한국/아시아와 반도체 자산에 번지는 장세입니다. 한국 반도체 factor와 원화 약세를 함께 확인합니다.
TAIL,TAIL,tail_risk_etf,acute_global_stress_liquidity_crunch,Acute Global Stress / Liquidity Crunch,급성 리스크오프/유동성 경색장,us_global,-0.31741,0.000387,0.0,negative,0.31741,medium,76.127067,rolling_beta,v3,1,1261,1261,3,market,pass,N,,2026-06-09,1,0.942163,0.942163,high,Y,trade-gated adverse scenario with medium/high evidence,active market context,-0.3669,-0.561504,0.000387,liquidity_stress_defense,변동성이 튀고 위험자산이 동반 약세를 보이는 단기 스트레스 장세입니다. 상관관계 상승과 유동성 악화를 우선 점검합니다.
TAIL,TAIL,tail_risk_etf,higher_for_longer_long_rate_shock,Higher-for-Longer / Long-Rate Shock,장기금리 부담장,us_global,0.35,0.000387,0.0,positive,0.35,medium,62.128209,rolling_beta,v3,1,1261,1261,3,market,pass,N,,2026-06-09,1,0.908767,0.908767,high,Y,trade-gated adverse scenario with medium/high evidence,active market context,-0.3669,-0.561504,0.000387,rate_sensitive,장기금리와 달러 강세 부담이 채권·성장주·신용자산을 압박하는 장세입니다. 고밸류 성장주와 반도체 factor 민감도를 점검합니다.
TAIL,TAIL,tail_risk_etf,semiconductor_ai_cycle_shock,Semiconductor / AI Cycle Shock,AI·반도체 사이클 충격장,korea_semiconductor,-0.303869,0.000387,0.0,negative,0.303869,medium,43.672,rolling_beta,v3,1,1110,1110,6,market,pass,N,,2026-06-09,1,0.377914,0.0,medium,N,context only: WATCH state,context only: WATCH state,-0.216569,-0.328154,0.000387,semiconductor_ai_shock_hedge,"AI capex 기대와 반도체 모멘텀이 꺾이면서 미국 성장주와 한국 반도체 대형주가 동시에 압박받는 장세입니다. SOXX, AI leader basket, 한국 반도체 basket의 동반 약세와 원화 압력을 함께 봅니다."
TAIL,TAIL,tail_risk_etf,korea_domestic_financial_stress,Korea Domestic Financial Stress,한국 내수 금융스트레스장,korea_market,-0.340662,0.000387,0.0,negative,0.340662,medium,61.630274,rolling_beta,v3,1,1110,1110,5,seed,pass,Y,,2026-06-09,1,0.401006,0.0,medium,N,context only: source_quality=seed,context only: source_quality=seed,-0.128107,-0.179902,0.000387,korea_financial_stress_hedge,"가계부채, 부동산 PF, 비은행권, 금융주와 건설주 스트레스가 한국 자산 전반으로 번지는 장세입니다. 금융/건설 basket, 신용 spread, 단기자금 spread, 원화 약세를 함께 점검합니다."
TAIL,TAIL,tail_risk_etf,geopolitical_escalation_supply_shock,Geopolitical Escalation / Supply Shock,지정학 확전·공급충격장,geopolitical,-0.567344,0.000387,0.0,negative,0.567344,medium,65.604388,rolling_beta,v3,1,1110,1110,3,manual,pass,Y,,2026-06-09,1,0.398559,0.0,medium,N,context only: source_quality=manual,context only: source_quality=manual,0.015903,,0.000387,geopolitical_supply_shock_hedge,"전쟁, 제재, 해상로 차질, 대만·중동·한반도 긴장처럼 유가·금·방산·변동성이 동시에 움직이는 이벤트성 충격 장세입니다. 뉴스 overlay는 가격 신호를 보강하는 용도로만 해석합니다."
TAIL,TAIL,tail_risk_etf,slowdown_recession_deflation_risk,Slowdown / Recession / Deflation Risk,경기둔화/침체 우려장,us_global,-0.602026,0.000387,0.0,negative,0.602026,medium,72.589407,rolling_beta,v3,1,1261,1261,3,market,pass,N,,2026-06-09,0,0.0,0.0,high,N,scenario inactive,inactive scenario,-0.3669,-0.561504,0.000387,slowdown_defense,수요 둔화와 침체/디플레이션 압력이 커지는 방어적 장세입니다. 주식 beta와 신용위험을 보수적으로 봅니다.
TAIL,TAIL,tail_risk_etf,stagflation_reinflation_energy_shock,Stagflation / Reinflation / Energy Shock,물가·에너지 재상승장,us_global,-0.259672,0.000387,0.0,negative,0.259672,low,72.540929,rolling_beta,v3,1,1261,1261,2,market,pass,N,,2026-06-09,0,0.0,0.0,high,N,scenario inactive,inactive scenario,0.015903,,0.000387,inflation_hedge,성장 부담이 있는데 유가·원자재·인플레이션 압력이 다시 커지는 장세입니다. 에너지/원자재 수혜와 장기채 부담을 함께 봅니다.
TAIL,TAIL,tail_risk_etf,soft_landing_goldilocks,Soft Landing / Goldilocks,우호적 위험선호장,us_global,-0.3669,0.000387,0.0,negative,0.3669,medium,65.4571,rolling_beta,v3,1,1261,1261,3,market,pass,N,,2026-06-09,0,0.0,0.0,high,N,non-adverse scenario,inactive scenario,-0.3669,-0.561504,0.000387,neutral_or_defensive,우호적 위험선호장 참여 민감도
TAN,TAN,equity_etf,usd_strength_krw_weakness,USD Strength / KRW Weakness,달러강세/원화약세장,fx_krw,-0.085135,0.001402,0.077563,negative,0.085135,low,70.962151,rolling_beta,v3,1,1110,1110,4,market,pass,N,,2026-06-09,1,0.975204,0.975204,high,Y,trade-gated adverse scenario with medium/high evidence,active market context,0.326383,0.077563,0.001402,krw_weakness_hedge,달러가 강하고 원화가 약해져 KRW 기준 투자자의 환율 리스크가 커지는 장세입니다. 한국 자산과 USD 노출의 역할을 분리해 봅니다.
TAN,TAN,equity_etf,china_trade_fragmentation_shock,China / Trade Fragmentation Shock,중국·무역분절 충격장,china_asia,0.07684,0.001402,0.077563,positive,0.07684,low,65.435166,rolling_beta,v3,1,1110,1110,5,market,pass,N,,2026-06-09,1,0.963122,0.963122,high,Y,trade-gated adverse scenario with medium/high evidence,active market context,0.07177,0.077563,0.001402,china_asia_shock_vulnerable,중국 경기·무역갈등·공급망 충격이 한국/아시아와 반도체 자산에 번지는 장세입니다. 한국 반도체 factor와 원화 약세를 함께 확인합니다.
TAN,TAN,equity_etf,acute_global_stress_liquidity_crunch,Acute Global Stress / Liquidity Crunch,급성 리스크오프/유동성 경색장,us_global,0.519609,0.001402,0.934187,positive,0.519609,medium,76.127067,rolling_beta,v3,1,1261,1261,3,market,pass,N,,2026-06-09,1,0.942163,0.942163,high,Y,trade-gated adverse scenario with medium/high evidence,active market context,1.059459,0.934187,0.001402,liquidity_stress_vulnerable,변동성이 튀고 위험자산이 동반 약세를 보이는 단기 스트레스 장세입니다. 상관관계 상승과 유동성 악화를 우선 점검합니다.
TAN,TAN,equity_etf,higher_for_longer_long_rate_shock,Higher-for-Longer / Long-Rate Shock,장기금리 부담장,us_global,0.932702,0.001402,0.934187,positive,0.932702,high,62.128209,rolling_beta,v3,1,1261,1261,3,market,pass,N,,2026-06-09,1,0.908767,0.908767,high,Y,trade-gated adverse scenario with medium/high evidence,active market context,1.059459,0.934187,0.001402,rate_sensitive,장기금리와 달러 강세 부담이 채권·성장주·신용자산을 압박하는 장세입니다. 고밸류 성장주와 반도체 factor 민감도를 점검합니다.
TAN,TAN,equity_etf,semiconductor_ai_cycle_shock,Semiconductor / AI Cycle Shock,AI·반도체 사이클 충격장,korea_semiconductor,0.343292,0.001402,0.478498,positive,0.343292,medium,43.672,rolling_beta,v3,1,1110,1110,6,market,pass,N,,2026-06-09,1,0.377914,0.0,medium,N,context only: WATCH state,context only: WATCH state,0.552443,0.478498,0.001402,semiconductor_ai_shock_vulnerable,"AI capex 기대와 반도체 모멘텀이 꺾이면서 미국 성장주와 한국 반도체 대형주가 동시에 압박받는 장세입니다. SOXX, AI leader basket, 한국 반도체 basket의 동반 약세와 원화 압력을 함께 봅니다."
TAN,TAN,equity_etf,korea_domestic_financial_stress,Korea Domestic Financial Stress,한국 내수 금융스트레스장,korea_market,-0.460975,0.001402,0.077563,negative,0.460975,medium,61.630274,rolling_beta,v3,1,1110,1110,5,seed,pass,Y,,2026-06-09,1,0.401006,0.0,medium,N,context only: source_quality=seed,context only: source_quality=seed,0.07177,0.077563,0.001402,korea_financial_stress_hedge,"가계부채, 부동산 PF, 비은행권, 금융주와 건설주 스트레스가 한국 자산 전반으로 번지는 장세입니다. 금융/건설 basket, 신용 spread, 단기자금 spread, 원화 약세를 함께 점검합니다."
TAN,TAN,equity_etf,geopolitical_escalation_supply_shock,Geopolitical Escalation / Supply Shock,지정학 확전·공급충격장,geopolitical,-0.366997,0.001402,1.059459,negative,0.366997,medium,65.604388,rolling_beta,v3,1,1110,1110,3,manual,pass,Y,,2026-06-09,1,0.398559,0.0,medium,N,context only: source_quality=manual,context only: source_quality=manual,0.108647,,0.001402,geopolitical_supply_shock_hedge,"전쟁, 제재, 해상로 차질, 대만·중동·한반도 긴장처럼 유가·금·방산·변동성이 동시에 움직이는 이벤트성 충격 장세입니다. 뉴스 overlay는 가격 신호를 보강하는 용도로만 해석합니다."
TAN,TAN,equity_etf,slowdown_recession_deflation_risk,Slowdown / Recession / Deflation Risk,경기둔화/침체 우려장,us_global,0.289576,0.001402,0.934187,positive,0.289576,low,72.589407,rolling_beta,v3,1,1261,1261,3,market,pass,N,,2026-06-09,0,0.0,0.0,high,N,scenario inactive,inactive scenario,1.059459,0.934187,0.001402,slowdown_vulnerable,수요 둔화와 침체/디플레이션 압력이 커지는 방어적 장세입니다. 주식 beta와 신용위험을 보수적으로 봅니다.
TAN,TAN,equity_etf,stagflation_reinflation_energy_shock,Stagflation / Reinflation / Energy Shock,물가·에너지 재상승장,us_global,0.085759,0.001402,1.059459,positive,0.085759,low,72.540929,rolling_beta,v3,1,1261,1261,2,market,pass,N,,2026-06-09,0,0.0,0.0,high,N,scenario inactive,inactive scenario,0.108647,,0.001402,stagflation_vulnerable,성장 부담이 있는데 유가·원자재·인플레이션 압력이 다시 커지는 장세입니다. 에너지/원자재 수혜와 장기채 부담을 함께 봅니다.
TAN,TAN,equity_etf,soft_landing_goldilocks,Soft Landing / Goldilocks,우호적 위험선호장,us_global,1.059459,0.001402,0.934187,positive,1.059459,high,65.4571,rolling_beta,v3,1,1261,1261,3,market,pass,N,,2026-06-09,0,0.0,0.0,high,N,non-adverse scenario,inactive scenario,1.059459,0.934187,0.001402,risk_on_participation,우호적 위험선호장 참여 민감도
TIP,TIP,bond_etf,usd_strength_krw_weakness,USD Strength / KRW Weakness,달러강세/원화약세장,fx_krw,-0.289704,-0.000329,0.0,negative,0.289704,low,70.962151,rolling_beta,v3,1,1110,1110,4,market,pass,N,,2026-06-09,1,0.975204,0.975204,high,Y,trade-gated adverse scenario with medium/high evidence,active market context,0.895467,-0.101224,-0.000329,krw_weakness_hedge,달러가 강하고 원화가 약해져 KRW 기준 투자자의 환율 리스크가 커지는 장세입니다. 한국 자산과 USD 노출의 역할을 분리해 봅니다.
TIP,TIP,bond_etf,china_trade_fragmentation_shock,China / Trade Fragmentation Shock,중국·무역분절 충격장,china_asia,-0.043538,-0.000329,0.0,neutral,0.043538,low,65.435166,rolling_beta,v3,1,1110,1110,5,market,pass,N,,2026-06-09,1,0.963122,0.963122,high,Y,trade-gated adverse scenario with medium/high evidence,active market context,-0.083926,-0.101224,-0.000329,china_asia_shock_hedge,중국 경기·무역갈등·공급망 충격이 한국/아시아와 반도체 자산에 번지는 장세입니다. 한국 반도체 factor와 원화 약세를 함께 확인합니다.
TIP,TIP,bond_etf,acute_global_stress_liquidity_crunch,Acute Global Stress / Liquidity Crunch,급성 리스크오프/유동성 경색장,us_global,-0.152543,-0.000329,0.217007,negative,0.152543,low,76.127067,rolling_beta,v3,1,1261,1261,3,market,pass,N,,2026-06-09,1,0.942163,0.942163,high,Y,trade-gated adverse scenario with medium/high evidence,active market context,0.241184,0.217007,-0.000329,liquidity_stress_defense,변동성이 튀고 위험자산이 동반 약세를 보이는 단기 스트레스 장세입니다. 상관관계 상승과 유동성 악화를 우선 점검합니다.
TIP,TIP,bond_etf,higher_for_longer_long_rate_shock,Higher-for-Longer / Long-Rate Shock,장기금리 부담장,us_global,0.482651,-0.000329,0.217007,positive,0.482651,medium,62.128209,rolling_beta,v3,1,1261,1261,3,market,pass,N,,2026-06-09,1,0.908767,0.908767,high,Y,trade-gated adverse scenario with medium/high evidence,active market context,0.241184,0.217007,-0.000329,rate_sensitive,장기금리와 달러 강세 부담이 채권·성장주·신용자산을 압박하는 장세입니다. 고밸류 성장주와 반도체 factor 민감도를 점검합니다.
TIP,TIP,bond_etf,semiconductor_ai_cycle_shock,Semiconductor / AI Cycle Shock,AI·반도체 사이클 충격장,korea_semiconductor,-0.247885,-0.000329,0.022558,negative,0.247885,low,43.672,rolling_beta,v3,1,1110,1110,6,market,pass,N,,2026-06-09,1,0.377914,0.0,medium,N,context only: WATCH state,context only: WATCH state,0.047668,0.022558,-0.000329,semiconductor_ai_shock_hedge,"AI capex 기대와 반도체 모멘텀이 꺾이면서 미국 성장주와 한국 반도체 대형주가 동시에 압박받는 장세입니다. SOXX, AI leader basket, 한국 반도체 basket의 동반 약세와 원화 압력을 함께 봅니다."
TIP,TIP,bond_etf,korea_domestic_financial_stress,Korea Domestic Financial Stress,한국 내수 금융스트레스장,korea_market,-0.357454,-0.000329,0.0,negative,0.357454,medium,61.630274,rolling_beta,v3,1,1110,1110,5,seed,pass,Y,,2026-06-09,1,0.401006,0.0,medium,N,context only: source_quality=seed,context only: source_quality=seed,-0.083926,-0.101224,-0.000329,korea_financial_stress_hedge,"가계부채, 부동산 PF, 비은행권, 금융주와 건설주 스트레스가 한국 자산 전반으로 번지는 장세입니다. 금융/건설 basket, 신용 spread, 단기자금 spread, 원화 약세를 함께 점검합니다."
TIP,TIP,bond_etf,geopolitical_escalation_supply_shock,Geopolitical Escalation / Supply Shock,지정학 확전·공급충격장,geopolitical,-0.507373,-0.000329,0.241184,negative,0.507373,medium,65.604388,rolling_beta,v3,1,1110,1110,3,manual,pass,Y,,2026-06-09,1,0.398559,0.0,medium,N,context only: source_quality=manual,context only: source_quality=manual,0.080633,,-0.000329,geopolitical_supply_shock_hedge,"전쟁, 제재, 해상로 차질, 대만·중동·한반도 긴장처럼 유가·금·방산·변동성이 동시에 움직이는 이벤트성 충격 장세입니다. 뉴스 overlay는 가격 신호를 보강하는 용도로만 해석합니다."
TIP,TIP,bond_etf,slowdown_recession_deflation_risk,Slowdown / Recession / Deflation Risk,경기둔화/침체 우려장,us_global,-0.181715,-0.000329,0.217007,negative,0.181715,low,72.589407,rolling_beta,v3,1,1261,1261,3,market,pass,N,,2026-06-09,0,0.0,0.0,high,N,scenario inactive,inactive scenario,0.241184,0.217007,-0.000329,slowdown_defense,수요 둔화와 침체/디플레이션 압력이 커지는 방어적 장세입니다. 주식 beta와 신용위험을 보수적으로 봅니다.
TIP,TIP,bond_etf,stagflation_reinflation_energy_shock,Stagflation / Reinflation / Energy Shock,물가·에너지 재상승장,us_global,-0.15736,-0.000329,0.241184,negative,0.15736,low,72.540929,rolling_beta,v3,1,1261,1261,2,market,pass,N,,2026-06-09,0,0.0,0.0,high,N,scenario inactive,inactive scenario,0.080633,,-0.000329,inflation_hedge,성장 부담이 있는데 유가·원자재·인플레이션 압력이 다시 커지는 장세입니다. 에너지/원자재 수혜와 장기채 부담을 함께 봅니다.
TIP,TIP,bond_etf,soft_landing_goldilocks,Soft Landing / Goldilocks,우호적 위험선호장,us_global,0.241184,-0.000329,0.217007,positive,0.241184,low,65.4571,rolling_beta,v3,1,1261,1261,3,market,pass,N,,2026-06-09,0,0.0,0.0,high,N,non-adverse scenario,inactive scenario,0.241184,0.217007,-0.000329,risk_on_participation,우호적 위험선호장 참여 민감도
TLT,TLT,bond_etf,usd_strength_krw_weakness,USD Strength / KRW Weakness,달러강세/원화약세장,fx_krw,-0.298183,-0.000541,0.0,negative,0.298183,low,70.962151,rolling_beta,v3,1,1110,1110,4,market,pass,N,,2026-06-09,1,0.975204,0.975204,high,Y,trade-gated adverse scenario with medium/high evidence,active market context,0.798412,-0.128943,-0.000541,krw_weakness_hedge,달러가 강하고 원화가 약해져 KRW 기준 투자자의 환율 리스크가 커지는 장세입니다. 한국 자산과 USD 노출의 역할을 분리해 봅니다.
TLT,TLT,bond_etf,china_trade_fragmentation_shock,China / Trade Fragmentation Shock,중국·무역분절 충격장,china_asia,-0.045011,-0.000541,0.0,neutral,0.045011,low,65.435166,rolling_beta,v3,1,1110,1110,5,market,pass,N,,2026-06-09,1,0.963122,0.963122,high,Y,trade-gated adverse scenario with medium/high evidence,active market context,-0.101123,-0.128943,-0.000541,china_asia_shock_hedge,중국 경기·무역갈등·공급망 충격이 한국/아시아와 반도체 자산에 번지는 장세입니다. 한국 반도체 factor와 원화 약세를 함께 확인합니다.
TLT,TLT,bond_etf,acute_global_stress_liquidity_crunch,Acute Global Stress / Liquidity Crunch,급성 리스크오프/유동성 경색장,us_global,-0.161638,-0.000541,0.12065,negative,0.161638,low,76.127067,rolling_beta,v3,1,1261,1261,3,market,pass,N,,2026-06-09,1,0.942163,0.942163,high,Y,trade-gated adverse scenario with medium/high evidence,active market context,0.207268,0.12065,-0.000541,liquidity_stress_defense,변동성이 튀고 위험자산이 동반 약세를 보이는 단기 스트레스 장세입니다. 상관관계 상승과 유동성 악화를 우선 점검합니다.
TLT,TLT,bond_etf,higher_for_longer_long_rate_shock,Higher-for-Longer / Long-Rate Shock,장기금리 부담장,us_global,0.463997,-0.000541,0.12065,positive,0.463997,medium,62.128209,rolling_beta,v3,1,1261,1261,3,market,pass,N,,2026-06-09,1,0.908767,0.908767,high,Y,trade-gated adverse scenario with medium/high evidence,active market context,0.207268,0.12065,-0.000541,rate_sensitive,장기금리와 달러 강세 부담이 채권·성장주·신용자산을 압박하는 장세입니다. 고밸류 성장주와 반도체 factor 민감도를 점검합니다.
TLT,TLT,bond_etf,semiconductor_ai_cycle_shock,Semiconductor / AI Cycle Shock,AI·반도체 사이클 충격장,korea_semiconductor,-0.259434,-0.000541,0.0,negative,0.259434,low,43.672,rolling_beta,v3,1,1110,1110,6,market,pass,N,,2026-06-09,1,0.377914,0.0,medium,N,context only: WATCH state,context only: WATCH state,0.036062,-0.000563,-0.000541,semiconductor_ai_shock_hedge,"AI capex 기대와 반도체 모멘텀이 꺾이면서 미국 성장주와 한국 반도체 대형주가 동시에 압박받는 장세입니다. SOXX, AI leader basket, 한국 반도체 basket의 동반 약세와 원화 압력을 함께 봅니다."
TLT,TLT,bond_etf,korea_domestic_financial_stress,Korea Domestic Financial Stress,한국 내수 금융스트레스장,korea_market,-0.366702,-0.000541,0.0,negative,0.366702,medium,61.630274,rolling_beta,v3,1,1110,1110,5,seed,pass,Y,,2026-06-09,1,0.401006,0.0,medium,N,context only: source_quality=seed,context only: source_quality=seed,-0.101123,-0.128943,-0.000541,korea_financial_stress_hedge,"가계부채, 부동산 PF, 비은행권, 금융주와 건설주 스트레스가 한국 자산 전반으로 번지는 장세입니다. 금융/건설 basket, 신용 spread, 단기자금 spread, 원화 약세를 함께 점검합니다."
TLT,TLT,bond_etf,geopolitical_escalation_supply_shock,Geopolitical Escalation / Supply Shock,지정학 확전·공급충격장,geopolitical,-0.174226,-0.000541,0.207268,negative,0.174226,low,65.604388,rolling_beta,v3,1,1110,1110,3,manual,pass,Y,,2026-06-09,1,0.398559,0.0,medium,N,context only: source_quality=manual,context only: source_quality=manual,-0.007771,,-0.000541,geopolitical_supply_shock_hedge,"전쟁, 제재, 해상로 차질, 대만·중동·한반도 긴장처럼 유가·금·방산·변동성이 동시에 움직이는 이벤트성 충격 장세입니다. 뉴스 overlay는 가격 신호를 보강하는 용도로만 해석합니다."
TLT,TLT,bond_etf,slowdown_recession_deflation_risk,Slowdown / Recession / Deflation Risk,경기둔화/침체 우려장,us_global,-0.196326,-0.000541,0.12065,negative,0.196326,low,72.589407,rolling_beta,v3,1,1261,1261,3,market,pass,N,,2026-06-09,0,0.0,0.0,high,N,scenario inactive,inactive scenario,0.207268,0.12065,-0.000541,slowdown_defense,수요 둔화와 침체/디플레이션 압력이 커지는 방어적 장세입니다. 주식 beta와 신용위험을 보수적으로 봅니다.
TLT,TLT,bond_etf,stagflation_reinflation_energy_shock,Stagflation / Reinflation / Energy Shock,물가·에너지 재상승장,us_global,0.28608,-0.000541,0.207268,positive,0.28608,low,72.540929,rolling_beta,v3,1,1261,1261,2,market,pass,N,,2026-06-09,0,0.0,0.0,high,N,scenario inactive,inactive scenario,-0.007771,,-0.000541,stagflation_vulnerable,성장 부담이 있는데 유가·원자재·인플레이션 압력이 다시 커지는 장세입니다. 에너지/원자재 수혜와 장기채 부담을 함께 봅니다.
TLT,TLT,bond_etf,soft_landing_goldilocks,Soft Landing / Goldilocks,우호적 위험선호장,us_global,0.207268,-0.000541,0.12065,positive,0.207268,low,65.4571,rolling_beta,v3,1,1261,1261,3,market,pass,N,,2026-06-09,0,0.0,0.0,high,N,non-adverse scenario,inactive scenario,0.207268,0.12065,-0.000541,risk_on_participation,우호적 위험선호장 참여 민감도
TSLA,TSLA,us_stock,usd_strength_krw_weakness,USD Strength / KRW Weakness,달러강세/원화약세장,fx_krw,0.09514,-0.002695,0.004695,positive,0.09514,low,70.962151,rolling_beta,v3,1,1110,1110,4,market,pass,N,,2026-06-09,1,0.975204,0.975204,high,Y,trade-gated adverse scenario with medium/high evidence,active market context,0.329029,0.004695,-0.002695,krw_weakness_vulnerable,달러가 강하고 원화가 약해져 KRW 기준 투자자의 환율 리스크가 커지는 장세입니다. 한국 자산과 USD 노출의 역할을 분리해 봅니다.
TSLA,TSLA,us_stock,china_trade_fragmentation_shock,China / Trade Fragmentation Shock,중국·무역분절 충격장,china_asia,0.323487,-0.002695,0.004695,positive,0.323487,medium,65.435166,rolling_beta,v3,1,1110,1110,5,market,pass,N,,2026-06-09,1,0.963122,0.963122,high,Y,trade-gated adverse scenario with medium/high evidence,active market context,0.038845,0.004695,-0.002695,china_asia_shock_vulnerable,중국 경기·무역갈등·공급망 충격이 한국/아시아와 반도체 자산에 번지는 장세입니다. 한국 반도체 factor와 원화 약세를 함께 확인합니다.
TSLA,TSLA,us_stock,acute_global_stress_liquidity_crunch,Acute Global Stress / Liquidity Crunch,급성 리스크오프/유동성 경색장,us_global,0.800584,-0.002695,1.737014,positive,0.800584,high,76.127067,rolling_beta,v3,1,1261,1261,3,market,pass,N,,2026-06-09,1,0.942163,0.942163,high,Y,trade-gated adverse scenario with medium/high evidence,active market context,1.78056,1.737014,-0.002695,liquidity_stress_vulnerable,변동성이 튀고 위험자산이 동반 약세를 보이는 단기 스트레스 장세입니다. 상관관계 상승과 유동성 악화를 우선 점검합니다.
TSLA,TSLA,us_stock,higher_for_longer_long_rate_shock,Higher-for-Longer / Long-Rate Shock,장기금리 부담장,us_global,1.329308,-0.002695,1.737014,positive,1.329308,high,62.128209,rolling_beta,v3,1,1261,1261,3,market,pass,N,,2026-06-09,1,0.908767,0.908767,high,Y,trade-gated adverse scenario with medium/high evidence,active market context,1.78056,1.737014,-0.002695,rate_sensitive,장기금리와 달러 강세 부담이 채권·성장주·신용자산을 압박하는 장세입니다. 고밸류 성장주와 반도체 factor 민감도를 점검합니다.
TSLA,TSLA,us_stock,semiconductor_ai_cycle_shock,Semiconductor / AI Cycle Shock,AI·반도체 사이클 충격장,korea_semiconductor,0.680473,-0.002695,0.922673,positive,0.680473,medium,43.672,rolling_beta,v3,1,1110,1110,6,market,pass,N,,2026-06-09,1,0.377914,0.0,medium,N,context only: WATCH state,context only: WATCH state,0.84743,0.922673,-0.002695,semiconductor_ai_shock_vulnerable,"AI capex 기대와 반도체 모멘텀이 꺾이면서 미국 성장주와 한국 반도체 대형주가 동시에 압박받는 장세입니다. SOXX, AI leader basket, 한국 반도체 basket의 동반 약세와 원화 압력을 함께 봅니다."
TSLA,TSLA,us_stock,korea_domestic_financial_stress,Korea Domestic Financial Stress,한국 내수 금융스트레스장,korea_market,-0.369674,-0.002695,0.004695,negative,0.369674,medium,61.630274,rolling_beta,v3,1,1110,1110,5,seed,pass,Y,,2026-06-09,1,0.401006,0.0,medium,N,context only: source_quality=seed,context only: source_quality=seed,0.038845,0.004695,-0.002695,korea_financial_stress_hedge,"가계부채, 부동산 PF, 비은행권, 금융주와 건설주 스트레스가 한국 자산 전반으로 번지는 장세입니다. 금융/건설 basket, 신용 spread, 단기자금 spread, 원화 약세를 함께 점검합니다."
TSLA,TSLA,us_stock,geopolitical_escalation_supply_shock,Geopolitical Escalation / Supply Shock,지정학 확전·공급충격장,geopolitical,0.369141,-0.002695,1.78056,positive,0.369141,medium,65.604388,rolling_beta,v3,1,1110,1110,3,manual,pass,Y,,2026-06-09,1,0.398559,0.0,medium,N,context only: source_quality=manual,context only: source_quality=manual,0.069874,,-0.002695,geopolitical_supply_shock_vulnerable,"전쟁, 제재, 해상로 차질, 대만·중동·한반도 긴장처럼 유가·금·방산·변동성이 동시에 움직이는 이벤트성 충격 장세입니다. 뉴스 overlay는 가격 신호를 보강하는 용도로만 해석합니다."
TSLA,TSLA,us_stock,slowdown_recession_deflation_risk,Slowdown / Recession / Deflation Risk,경기둔화/침체 우려장,us_global,0.901689,-0.002695,1.737014,positive,0.901689,high,72.589407,rolling_beta,v3,1,1261,1261,3,market,pass,N,,2026-06-09,0,0.0,0.0,high,N,scenario inactive,inactive scenario,1.78056,1.737014,-0.002695,slowdown_vulnerable,수요 둔화와 침체/디플레이션 압력이 커지는 방어적 장세입니다. 주식 beta와 신용위험을 보수적으로 봅니다.
TSLA,TSLA,us_stock,stagflation_reinflation_energy_shock,Stagflation / Reinflation / Energy Shock,물가·에너지 재상승장,us_global,0.890571,-0.002695,1.78056,positive,0.890571,high,72.540929,rolling_beta,v3,1,1261,1261,2,market,pass,N,,2026-06-09,0,0.0,0.0,high,N,scenario inactive,inactive scenario,0.069874,,-0.002695,stagflation_vulnerable,성장 부담이 있는데 유가·원자재·인플레이션 압력이 다시 커지는 장세입니다. 에너지/원자재 수혜와 장기채 부담을 함께 봅니다.
TSLA,TSLA,us_stock,soft_landing_goldilocks,Soft Landing / Goldilocks,우호적 위험선호장,us_global,1.78056,-0.002695,1.737014,positive,1.78056,high,65.4571,rolling_beta,v3,1,1261,1261,3,market,pass,N,,2026-06-09,0,0.0,0.0,high,N,non-adverse scenario,inactive scenario,1.78056,1.737014,-0.002695,risk_on_participation,우호적 위험선호장 참여 민감도
TSM,TSM,us_stock,usd_strength_krw_weakness,USD Strength / KRW Weakness,달러강세/원화약세장,fx_krw,-0.03529,-0.001831,0.094001,neutral,0.03529,low,70.962151,rolling_beta,v3,1,1110,1110,4,market,pass,N,,2026-06-09,1,0.975204,0.975204,high,Y,trade-gated adverse scenario with medium/high evidence,active market context,0.373793,0.094001,-0.001831,krw_weakness_hedge,달러가 강하고 원화가 약해져 KRW 기준 투자자의 환율 리스크가 커지는 장세입니다. 한국 자산과 USD 노출의 역할을 분리해 봅니다.
TSM,TSM,us_stock,china_trade_fragmentation_shock,China / Trade Fragmentation Shock,중국·무역분절 충격장,china_asia,0.54754,-0.001831,0.094001,positive,0.54754,medium,65.435166,rolling_beta,v3,1,1110,1110,5,market,pass,N,,2026-06-09,1,0.963122,0.963122,high,Y,trade-gated adverse scenario with medium/high evidence,active market context,0.166932,0.094001,-0.001831,china_asia_shock_vulnerable,중국 경기·무역갈등·공급망 충격이 한국/아시아와 반도체 자산에 번지는 장세입니다. 한국 반도체 factor와 원화 약세를 함께 확인합니다.
TSM,TSM,us_stock,acute_global_stress_liquidity_crunch,Acute Global Stress / Liquidity Crunch,급성 리스크오프/유동성 경색장,us_global,0.774752,-0.001831,1.255767,positive,0.774752,high,76.127067,rolling_beta,v3,1,1261,1261,3,market,pass,N,,2026-06-09,1,0.942163,0.942163,high,Y,trade-gated adverse scenario with medium/high evidence,active market context,1.258838,1.255767,-0.001831,liquidity_stress_vulnerable,변동성이 튀고 위험자산이 동반 약세를 보이는 단기 스트레스 장세입니다. 상관관계 상승과 유동성 악화를 우선 점검합니다.
TSM,TSM,us_stock,higher_for_longer_long_rate_shock,Higher-for-Longer / Long-Rate Shock,장기금리 부담장,us_global,0.842361,-0.001831,1.255767,positive,0.842361,high,62.128209,rolling_beta,v3,1,1261,1261,3,market,pass,N,,2026-06-09,1,0.908767,0.908767,high,Y,trade-gated adverse scenario with medium/high evidence,active market context,1.258838,1.255767,-0.001831,rate_sensitive,장기금리와 달러 강세 부담이 채권·성장주·신용자산을 압박하는 장세입니다. 고밸류 성장주와 반도체 factor 민감도를 점검합니다.
TSM,TSM,us_stock,semiconductor_ai_cycle_shock,Semiconductor / AI Cycle Shock,AI·반도체 사이클 충격장,korea_semiconductor,1.144468,-0.001831,0.829736,positive,1.144468,high,43.672,rolling_beta,v3,1,1110,1110,6,market,pass,N,,2026-06-09,1,0.377914,0.0,medium,N,context only: WATCH state,context only: WATCH state,0.794504,0.829736,-0.001831,semiconductor_ai_shock_vulnerable,"AI capex 기대와 반도체 모멘텀이 꺾이면서 미국 성장주와 한국 반도체 대형주가 동시에 압박받는 장세입니다. SOXX, AI leader basket, 한국 반도체 basket의 동반 약세와 원화 압력을 함께 봅니다."
TSM,TSM,us_stock,korea_domestic_financial_stress,Korea Domestic Financial Stress,한국 내수 금융스트레스장,korea_market,-0.02898,-0.001831,0.094001,neutral,0.02898,low,61.630274,rolling_beta,v3,1,1110,1110,5,seed,pass,Y,,2026-06-09,1,0.401006,0.0,medium,N,context only: source_quality=seed,context only: source_quality=seed,0.166932,0.094001,-0.001831,korea_financial_stress_hedge,"가계부채, 부동산 PF, 비은행권, 금융주와 건설주 스트레스가 한국 자산 전반으로 번지는 장세입니다. 금융/건설 basket, 신용 spread, 단기자금 spread, 원화 약세를 함께 점검합니다."
TSM,TSM,us_stock,geopolitical_escalation_supply_shock,Geopolitical Escalation / Supply Shock,지정학 확전·공급충격장,geopolitical,0.053093,-0.001831,1.258838,positive,0.053093,low,65.604388,rolling_beta,v3,1,1110,1110,3,manual,pass,Y,,2026-06-09,1,0.398559,0.0,medium,N,context only: source_quality=manual,context only: source_quality=manual,0.091104,,-0.001831,geopolitical_supply_shock_vulnerable,"전쟁, 제재, 해상로 차질, 대만·중동·한반도 긴장처럼 유가·금·방산·변동성이 동시에 움직이는 이벤트성 충격 장세입니다. 뉴스 overlay는 가격 신호를 보강하는 용도로만 해석합니다."
TSM,TSM,us_stock,slowdown_recession_deflation_risk,Slowdown / Recession / Deflation Risk,경기둔화/침체 우려장,us_global,0.882327,-0.001831,1.255767,positive,0.882327,high,72.589407,rolling_beta,v3,1,1261,1261,3,market,pass,N,,2026-06-09,0,0.0,0.0,high,N,scenario inactive,inactive scenario,1.258838,1.255767,-0.001831,slowdown_vulnerable,수요 둔화와 침체/디플레이션 압력이 커지는 방어적 장세입니다. 주식 beta와 신용위험을 보수적으로 봅니다.
TSM,TSM,us_stock,stagflation_reinflation_energy_shock,Stagflation / Reinflation / Energy Shock,물가·에너지 재상승장,us_global,0.036366,-0.001831,1.258838,neutral,0.036366,low,72.540929,rolling_beta,v3,1,1261,1261,2,market,pass,N,,2026-06-09,0,0.0,0.0,high,N,scenario inactive,inactive scenario,0.091104,,-0.001831,stagflation_vulnerable,성장 부담이 있는데 유가·원자재·인플레이션 압력이 다시 커지는 장세입니다. 에너지/원자재 수혜와 장기채 부담을 함께 봅니다.
TSM,TSM,us_stock,soft_landing_goldilocks,Soft Landing / Goldilocks,우호적 위험선호장,us_global,1.258838,-0.001831,1.255767,positive,1.258838,high,65.4571,rolling_beta,v3,1,1261,1261,3,market,pass,N,,2026-06-09,0,0.0,0.0,high,N,non-adverse scenario,inactive scenario,1.258838,1.255767,-0.001831,risk_on_participation,우호적 위험선호장 참여 민감도
UNG,UNG,commodity_etf,usd_strength_krw_weakness,USD Strength / KRW Weakness,달러강세/원화약세장,fx_krw,-0.224333,-0.006992,0.236673,negative,0.224333,low,70.962151,rolling_beta,v3,1,1110,1110,4,market,pass,N,,2026-06-09,1,0.975204,0.975204,high,Y,trade-gated adverse scenario with medium/high evidence,active market context,1.025473,0.236673,-0.006992,krw_weakness_hedge,달러가 강하고 원화가 약해져 KRW 기준 투자자의 환율 리스크가 커지는 장세입니다. 한국 자산과 USD 노출의 역할을 분리해 봅니다.
UNG,UNG,commodity_etf,china_trade_fragmentation_shock,China / Trade Fragmentation Shock,중국·무역분절 충격장,china_asia,0.175345,-0.006992,0.236673,positive,0.175345,low,65.435166,rolling_beta,v3,1,1110,1110,5,market,pass,N,,2026-06-09,1,0.963122,0.963122,high,Y,trade-gated adverse scenario with medium/high evidence,active market context,-0.013308,0.236673,-0.006992,china_asia_shock_vulnerable,중국 경기·무역갈등·공급망 충격이 한국/아시아와 반도체 자산에 번지는 장세입니다. 한국 반도체 factor와 원화 약세를 함께 확인합니다.
UNG,UNG,commodity_etf,acute_global_stress_liquidity_crunch,Acute Global Stress / Liquidity Crunch,급성 리스크오프/유동성 경색장,us_global,0.591127,-0.006992,0.920974,positive,0.591127,medium,76.127067,rolling_beta,v3,1,1261,1261,3,market,pass,N,,2026-06-09,1,0.942163,0.942163,high,Y,trade-gated adverse scenario with medium/high evidence,active market context,0.502669,0.920974,-0.006992,liquidity_stress_vulnerable,변동성이 튀고 위험자산이 동반 약세를 보이는 단기 스트레스 장세입니다. 상관관계 상승과 유동성 악화를 우선 점검합니다.
UNG,UNG,commodity_etf,higher_for_longer_long_rate_shock,Higher-for-Longer / Long-Rate Shock,장기금리 부담장,us_global,0.176468,-0.006992,0.920974,positive,0.176468,low,62.128209,rolling_beta,v3,1,1261,1261,3,market,pass,N,,2026-06-09,1,0.908767,0.908767,high,Y,trade-gated adverse scenario with medium/high evidence,active market context,0.502669,0.920974,-0.006992,rate_sensitive,장기금리와 달러 강세 부담이 채권·성장주·신용자산을 압박하는 장세입니다. 고밸류 성장주와 반도체 factor 민감도를 점검합니다.
UNG,UNG,commodity_etf,semiconductor_ai_cycle_shock,Semiconductor / AI Cycle Shock,AI·반도체 사이클 충격장,korea_semiconductor,0.169642,-0.006992,0.206134,positive,0.169642,low,43.672,rolling_beta,v3,1,1110,1110,6,market,pass,N,,2026-06-09,1,0.377914,0.0,medium,N,context only: WATCH state,context only: WATCH state,0.119792,0.206134,-0.006992,semiconductor_ai_shock_vulnerable,"AI capex 기대와 반도체 모멘텀이 꺾이면서 미국 성장주와 한국 반도체 대형주가 동시에 압박받는 장세입니다. SOXX, AI leader basket, 한국 반도체 basket의 동반 약세와 원화 압력을 함께 봅니다."
UNG,UNG,commodity_etf,korea_domestic_financial_stress,Korea Domestic Financial Stress,한국 내수 금융스트레스장,korea_market,0.128631,-0.006992,0.236673,positive,0.128631,low,61.630274,rolling_beta,v3,1,1110,1110,5,seed,pass,Y,,2026-06-09,1,0.401006,0.0,medium,N,context only: source_quality=seed,context only: source_quality=seed,-0.013308,0.236673,-0.006992,korea_financial_stress_vulnerable,"가계부채, 부동산 PF, 비은행권, 금융주와 건설주 스트레스가 한국 자산 전반으로 번지는 장세입니다. 금융/건설 basket, 신용 spread, 단기자금 spread, 원화 약세를 함께 점검합니다."
UNG,UNG,commodity_etf,geopolitical_escalation_supply_shock,Geopolitical Escalation / Supply Shock,지정학 확전·공급충격장,geopolitical,-0.010806,-0.006992,0.502669,neutral,0.010806,low,65.604388,rolling_beta,v3,1,1110,1110,3,manual,pass,Y,,2026-06-09,1,0.398559,0.0,medium,N,context only: source_quality=manual,context only: source_quality=manual,0.325359,,-0.006992,geopolitical_supply_shock_hedge,"전쟁, 제재, 해상로 차질, 대만·중동·한반도 긴장처럼 유가·금·방산·변동성이 동시에 움직이는 이벤트성 충격 장세입니다. 뉴스 overlay는 가격 신호를 보강하는 용도로만 해석합니다."
UNG,UNG,commodity_etf,slowdown_recession_deflation_risk,Slowdown / Recession / Deflation Risk,경기둔화/침체 우려장,us_global,0.57147,-0.006992,0.920974,positive,0.57147,medium,72.589407,rolling_beta,v3,1,1261,1261,3,market,pass,N,,2026-06-09,0,0.0,0.0,high,N,scenario inactive,inactive scenario,0.502669,0.920974,-0.006992,slowdown_vulnerable,수요 둔화와 침체/디플레이션 압력이 커지는 방어적 장세입니다. 주식 beta와 신용위험을 보수적으로 봅니다.
UNG,UNG,commodity_etf,stagflation_reinflation_energy_shock,Stagflation / Reinflation / Energy Shock,물가·에너지 재상승장,us_global,-0.099255,-0.006992,0.502669,negative,0.099255,low,72.540929,rolling_beta,v3,1,1261,1261,2,market,pass,N,,2026-06-09,0,0.0,0.0,high,N,scenario inactive,inactive scenario,0.325359,,-0.006992,inflation_hedge,성장 부담이 있는데 유가·원자재·인플레이션 압력이 다시 커지는 장세입니다. 에너지/원자재 수혜와 장기채 부담을 함께 봅니다.
UNG,UNG,commodity_etf,soft_landing_goldilocks,Soft Landing / Goldilocks,우호적 위험선호장,us_global,0.502669,-0.006992,0.920974,positive,0.502669,medium,65.4571,rolling_beta,v3,1,1261,1261,3,market,pass,N,,2026-06-09,0,0.0,0.0,high,N,non-adverse scenario,inactive scenario,0.502669,0.920974,-0.006992,risk_on_participation,우호적 위험선호장 참여 민감도
UNH,UNH,us_stock,usd_strength_krw_weakness,USD Strength / KRW Weakness,달러강세/원화약세장,fx_krw,-0.206573,-0.002288,0.0,negative,0.206573,low,70.962151,rolling_beta,v3,1,1110,1110,4,market,pass,N,,2026-06-09,1,0.975204,0.975204,high,Y,trade-gated adverse scenario with medium/high evidence,active market context,0.897128,-0.09942,-0.002288,krw_weakness_hedge,달러가 강하고 원화가 약해져 KRW 기준 투자자의 환율 리스크가 커지는 장세입니다. 한국 자산과 USD 노출의 역할을 분리해 봅니다.
UNH,UNH,us_stock,china_trade_fragmentation_shock,China / Trade Fragmentation Shock,중국·무역분절 충격장,china_asia,0.071947,-0.002288,0.0,positive,0.071947,low,65.435166,rolling_beta,v3,1,1110,1110,5,market,pass,N,,2026-06-09,1,0.963122,0.963122,high,Y,trade-gated adverse scenario with medium/high evidence,active market context,-0.101254,-0.09942,-0.002288,china_asia_shock_vulnerable,중국 경기·무역갈등·공급망 충격이 한국/아시아와 반도체 자산에 번지는 장세입니다. 한국 반도체 factor와 원화 약세를 함께 확인합니다.
UNH,UNH,us_stock,acute_global_stress_liquidity_crunch,Acute Global Stress / Liquidity Crunch,급성 리스크오프/유동성 경색장,us_global,0.11851,-0.002288,0.561601,positive,0.11851,low,76.127067,rolling_beta,v3,1,1261,1261,3,market,pass,N,,2026-06-09,1,0.942163,0.942163,high,Y,trade-gated adverse scenario with medium/high evidence,active market context,0.573709,0.561601,-0.002288,liquidity_stress_vulnerable,변동성이 튀고 위험자산이 동반 약세를 보이는 단기 스트레스 장세입니다. 상관관계 상승과 유동성 악화를 우선 점검합니다.
UNH,UNH,us_stock,higher_for_longer_long_rate_shock,Higher-for-Longer / Long-Rate Shock,장기금리 부담장,us_global,0.66554,-0.002288,0.561601,positive,0.66554,medium,62.128209,rolling_beta,v3,1,1261,1261,3,market,pass,N,,2026-06-09,1,0.908767,0.908767,high,Y,trade-gated adverse scenario with medium/high evidence,active market context,0.573709,0.561601,-0.002288,rate_sensitive,장기금리와 달러 강세 부담이 채권·성장주·신용자산을 압박하는 장세입니다. 고밸류 성장주와 반도체 factor 민감도를 점검합니다.
UNH,UNH,us_stock,semiconductor_ai_cycle_shock,Semiconductor / AI Cycle Shock,AI·반도체 사이클 충격장,korea_semiconductor,-0.168255,-0.002288,0.018835,negative,0.168255,low,43.672,rolling_beta,v3,1,1110,1110,6,market,pass,N,,2026-06-09,1,0.377914,0.0,medium,N,context only: WATCH state,context only: WATCH state,0.116957,0.018835,-0.002288,semiconductor_ai_shock_hedge,"AI capex 기대와 반도체 모멘텀이 꺾이면서 미국 성장주와 한국 반도체 대형주가 동시에 압박받는 장세입니다. SOXX, AI leader basket, 한국 반도체 basket의 동반 약세와 원화 압력을 함께 봅니다."
UNH,UNH,us_stock,korea_domestic_financial_stress,Korea Domestic Financial Stress,한국 내수 금융스트레스장,korea_market,-0.308225,-0.002288,0.0,negative,0.308225,medium,61.630274,rolling_beta,v3,1,1110,1110,5,seed,pass,Y,,2026-06-09,1,0.401006,0.0,medium,N,context only: source_quality=seed,context only: source_quality=seed,-0.101254,-0.09942,-0.002288,korea_financial_stress_hedge,"가계부채, 부동산 PF, 비은행권, 금융주와 건설주 스트레스가 한국 자산 전반으로 번지는 장세입니다. 금융/건설 basket, 신용 spread, 단기자금 spread, 원화 약세를 함께 점검합니다."
UNH,UNH,us_stock,geopolitical_escalation_supply_shock,Geopolitical Escalation / Supply Shock,지정학 확전·공급충격장,geopolitical,0.012433,-0.002288,0.573709,neutral,0.012433,low,65.604388,rolling_beta,v3,1,1110,1110,3,manual,pass,Y,,2026-06-09,1,0.398559,0.0,medium,N,context only: source_quality=manual,context only: source_quality=manual,0.070192,,-0.002288,geopolitical_supply_shock_vulnerable,"전쟁, 제재, 해상로 차질, 대만·중동·한반도 긴장처럼 유가·금·방산·변동성이 동시에 움직이는 이벤트성 충격 장세입니다. 뉴스 overlay는 가격 신호를 보강하는 용도로만 해석합니다."
UNH,UNH,us_stock,slowdown_recession_deflation_risk,Slowdown / Recession / Deflation Risk,경기둔화/침체 우려장,us_global,0.102999,-0.002288,0.561601,positive,0.102999,low,72.589407,rolling_beta,v3,1,1261,1261,3,market,pass,N,,2026-06-09,0,0.0,0.0,high,N,scenario inactive,inactive scenario,0.573709,0.561601,-0.002288,slowdown_vulnerable,수요 둔화와 침체/디플레이션 압력이 커지는 방어적 장세입니다. 주식 beta와 신용위험을 보수적으로 봅니다.
UNH,UNH,us_stock,stagflation_reinflation_energy_shock,Stagflation / Reinflation / Energy Shock,물가·에너지 재상승장,us_global,0.458004,-0.002288,0.573709,positive,0.458004,medium,72.540929,rolling_beta,v3,1,1261,1261,2,market,pass,N,,2026-06-09,0,0.0,0.0,high,N,scenario inactive,inactive scenario,0.070192,,-0.002288,stagflation_vulnerable,성장 부담이 있는데 유가·원자재·인플레이션 압력이 다시 커지는 장세입니다. 에너지/원자재 수혜와 장기채 부담을 함께 봅니다.
UNH,UNH,us_stock,soft_landing_goldilocks,Soft Landing / Goldilocks,우호적 위험선호장,us_global,0.573709,-0.002288,0.561601,positive,0.573709,medium,65.4571,rolling_beta,v3,1,1261,1261,3,market,pass,N,,2026-06-09,0,0.0,0.0,high,N,non-adverse scenario,inactive scenario,0.573709,0.561601,-0.002288,risk_on_participation,우호적 위험선호장 참여 민감도
URA,URA,equity_etf,usd_strength_krw_weakness,USD Strength / KRW Weakness,달러강세/원화약세장,fx_krw,-0.056857,0.000774,0.195787,negative,0.056857,low,70.962151,rolling_beta,v3,1,1110,1110,4,market,pass,N,,2026-06-09,1,0.975204,0.975204,high,Y,trade-gated adverse scenario with medium/high evidence,active market context,0.178823,0.195787,0.000774,krw_weakness_hedge,달러가 강하고 원화가 약해져 KRW 기준 투자자의 환율 리스크가 커지는 장세입니다. 한국 자산과 USD 노출의 역할을 분리해 봅니다.
URA,URA,equity_etf,china_trade_fragmentation_shock,China / Trade Fragmentation Shock,중국·무역분절 충격장,china_asia,0.115173,0.000774,0.195787,positive,0.115173,low,65.435166,rolling_beta,v3,1,1110,1110,5,market,pass,N,,2026-06-09,1,0.963122,0.963122,high,Y,trade-gated adverse scenario with medium/high evidence,active market context,0.143757,0.195787,0.000774,china_asia_shock_vulnerable,중국 경기·무역갈등·공급망 충격이 한국/아시아와 반도체 자산에 번지는 장세입니다. 한국 반도체 factor와 원화 약세를 함께 확인합니다.
URA,URA,equity_etf,acute_global_stress_liquidity_crunch,Acute Global Stress / Liquidity Crunch,급성 리스크오프/유동성 경색장,us_global,0.6101,0.000774,1.352608,positive,0.6101,medium,76.127067,rolling_beta,v3,1,1261,1261,3,market,pass,N,,2026-06-09,1,0.942163,0.942163,high,Y,trade-gated adverse scenario with medium/high evidence,active market context,1.172573,1.352608,0.000774,liquidity_stress_vulnerable,변동성이 튀고 위험자산이 동반 약세를 보이는 단기 스트레스 장세입니다. 상관관계 상승과 유동성 악화를 우선 점검합니다.
URA,URA,equity_etf,higher_for_longer_long_rate_shock,Higher-for-Longer / Long-Rate Shock,장기금리 부담장,us_global,0.544915,0.000774,1.352608,positive,0.544915,medium,62.128209,rolling_beta,v3,1,1261,1261,3,market,pass,N,,2026-06-09,1,0.908767,0.908767,high,Y,trade-gated adverse scenario with medium/high evidence,active market context,1.172573,1.352608,0.000774,rate_sensitive,장기금리와 달러 강세 부담이 채권·성장주·신용자산을 압박하는 장세입니다. 고밸류 성장주와 반도체 factor 민감도를 점검합니다.
URA,URA,equity_etf,semiconductor_ai_cycle_shock,Semiconductor / AI Cycle Shock,AI·반도체 사이클 충격장,korea_semiconductor,0.514391,0.000774,0.787076,positive,0.514391,medium,43.672,rolling_beta,v3,1,1110,1110,6,market,pass,N,,2026-06-09,1,0.377914,0.0,medium,N,context only: WATCH state,context only: WATCH state,0.591344,0.787076,0.000774,semiconductor_ai_shock_vulnerable,"AI capex 기대와 반도체 모멘텀이 꺾이면서 미국 성장주와 한국 반도체 대형주가 동시에 압박받는 장세입니다. SOXX, AI leader basket, 한국 반도체 basket의 동반 약세와 원화 압력을 함께 봅니다."
URA,URA,equity_etf,korea_domestic_financial_stress,Korea Domestic Financial Stress,한국 내수 금융스트레스장,korea_market,-0.138633,0.000774,0.195787,negative,0.138633,low,61.630274,rolling_beta,v3,1,1110,1110,5,seed,pass,Y,,2026-06-09,1,0.401006,0.0,medium,N,context only: source_quality=seed,context only: source_quality=seed,0.143757,0.195787,0.000774,korea_financial_stress_hedge,"가계부채, 부동산 PF, 비은행권, 금융주와 건설주 스트레스가 한국 자산 전반으로 번지는 장세입니다. 금융/건설 basket, 신용 spread, 단기자금 spread, 원화 약세를 함께 점검합니다."
URA,URA,equity_etf,geopolitical_escalation_supply_shock,Geopolitical Escalation / Supply Shock,지정학 확전·공급충격장,geopolitical,-0.127341,0.000774,1.172573,negative,0.127341,low,65.604388,rolling_beta,v3,1,1110,1110,3,manual,pass,Y,,2026-06-09,1,0.398559,0.0,medium,N,context only: source_quality=manual,context only: source_quality=manual,0.202149,,0.000774,geopolitical_supply_shock_hedge,"전쟁, 제재, 해상로 차질, 대만·중동·한반도 긴장처럼 유가·금·방산·변동성이 동시에 움직이는 이벤트성 충격 장세입니다. 뉴스 overlay는 가격 신호를 보강하는 용도로만 해석합니다."
URA,URA,equity_etf,slowdown_recession_deflation_risk,Slowdown / Recession / Deflation Risk,경기둔화/침체 우려장,us_global,0.735094,0.000774,1.352608,positive,0.735094,medium,72.589407,rolling_beta,v3,1,1261,1261,3,market,pass,N,,2026-06-09,0,0.0,0.0,high,N,scenario inactive,inactive scenario,1.172573,1.352608,0.000774,slowdown_vulnerable,수요 둔화와 침체/디플레이션 압력이 커지는 방어적 장세입니다. 주식 beta와 신용위험을 보수적으로 봅니다.
URA,URA,equity_etf,stagflation_reinflation_energy_shock,Stagflation / Reinflation / Energy Shock,물가·에너지 재상승장,us_global,-0.058941,0.000774,1.172573,negative,0.058941,low,72.540929,rolling_beta,v3,1,1261,1261,2,market,pass,N,,2026-06-09,0,0.0,0.0,high,N,scenario inactive,inactive scenario,0.202149,,0.000774,inflation_hedge,성장 부담이 있는데 유가·원자재·인플레이션 압력이 다시 커지는 장세입니다. 에너지/원자재 수혜와 장기채 부담을 함께 봅니다.
URA,URA,equity_etf,soft_landing_goldilocks,Soft Landing / Goldilocks,우호적 위험선호장,us_global,1.172573,0.000774,1.352608,positive,1.172573,high,65.4571,rolling_beta,v3,1,1261,1261,3,market,pass,N,,2026-06-09,0,0.0,0.0,high,N,non-adverse scenario,inactive scenario,1.172573,1.352608,0.000774,risk_on_participation,우호적 위험선호장 참여 민감도
USMV,USMV,equity_etf,usd_strength_krw_weakness,USD Strength / KRW Weakness,달러강세/원화약세장,fx_krw,-0.178551,-0.000112,0.0,negative,0.178551,low,70.962151,rolling_beta,v3,1,1110,1110,4,market,pass,N,,2026-06-09,1,0.975204,0.975204,high,Y,trade-gated adverse scenario with medium/high evidence,active market context,0.791351,-0.065928,-0.000112,krw_weakness_hedge,달러가 강하고 원화가 약해져 KRW 기준 투자자의 환율 리스크가 커지는 장세입니다. 한국 자산과 USD 노출의 역할을 분리해 봅니다.
USMV,USMV,equity_etf,china_trade_fragmentation_shock,China / Trade Fragmentation Shock,중국·무역분절 충격장,china_asia,0.389956,-0.000112,0.0,positive,0.389956,medium,65.435166,rolling_beta,v3,1,1110,1110,5,market,pass,N,,2026-06-09,1,0.963122,0.963122,high,Y,trade-gated adverse scenario with medium/high evidence,active market context,-0.078887,-0.065928,-0.000112,china_asia_shock_vulnerable,중국 경기·무역갈등·공급망 충격이 한국/아시아와 반도체 자산에 번지는 장세입니다. 한국 반도체 factor와 원화 약세를 함께 확인합니다.
USMV,USMV,equity_etf,acute_global_stress_liquidity_crunch,Acute Global Stress / Liquidity Crunch,급성 리스크오프/유동성 경색장,us_global,0.082223,-0.000112,0.687224,positive,0.082223,low,76.127067,rolling_beta,v3,1,1261,1261,3,market,pass,N,,2026-06-09,1,0.942163,0.942163,high,Y,trade-gated adverse scenario with medium/high evidence,active market context,0.685795,0.687224,-0.000112,liquidity_stress_vulnerable,변동성이 튀고 위험자산이 동반 약세를 보이는 단기 스트레스 장세입니다. 상관관계 상승과 유동성 악화를 우선 점검합니다.
USMV,USMV,equity_etf,higher_for_longer_long_rate_shock,Higher-for-Longer / Long-Rate Shock,장기금리 부담장,us_global,0.977187,-0.000112,0.687224,positive,0.977187,high,62.128209,rolling_beta,v3,1,1261,1261,3,market,pass,N,,2026-06-09,1,0.908767,0.908767,high,Y,trade-gated adverse scenario with medium/high evidence,active market context,0.685795,0.687224,-0.000112,rate_sensitive,장기금리와 달러 강세 부담이 채권·성장주·신용자산을 압박하는 장세입니다. 고밸류 성장주와 반도체 factor 민감도를 점검합니다.
USMV,USMV,equity_etf,semiconductor_ai_cycle_shock,Semiconductor / AI Cycle Shock,AI·반도체 사이클 충격장,korea_semiconductor,0.196389,-0.000112,0.18678,positive,0.196389,low,43.672,rolling_beta,v3,1,1110,1110,6,market,pass,N,,2026-06-09,1,0.377914,0.0,medium,N,context only: WATCH state,context only: WATCH state,0.199988,0.18678,-0.000112,semiconductor_ai_shock_vulnerable,"AI capex 기대와 반도체 모멘텀이 꺾이면서 미국 성장주와 한국 반도체 대형주가 동시에 압박받는 장세입니다. SOXX, AI leader basket, 한국 반도체 basket의 동반 약세와 원화 압력을 함께 봅니다."
USMV,USMV,equity_etf,korea_domestic_financial_stress,Korea Domestic Financial Stress,한국 내수 금융스트레스장,korea_market,-0.3785,-0.000112,0.0,negative,0.3785,medium,61.630274,rolling_beta,v3,1,1110,1110,5,seed,pass,Y,,2026-06-09,1,0.401006,0.0,medium,N,context only: source_quality=seed,context only: source_quality=seed,-0.078887,-0.065928,-0.000112,korea_financial_stress_hedge,"가계부채, 부동산 PF, 비은행권, 금융주와 건설주 스트레스가 한국 자산 전반으로 번지는 장세입니다. 금융/건설 basket, 신용 spread, 단기자금 spread, 원화 약세를 함께 점검합니다."
USMV,USMV,equity_etf,geopolitical_escalation_supply_shock,Geopolitical Escalation / Supply Shock,지정학 확전·공급충격장,geopolitical,-0.019406,-0.000112,0.685795,neutral,0.019406,low,65.604388,rolling_beta,v3,1,1110,1110,3,manual,pass,Y,,2026-06-09,1,0.398559,0.0,medium,N,context only: source_quality=manual,context only: source_quality=manual,0.087442,,-0.000112,geopolitical_supply_shock_hedge,"전쟁, 제재, 해상로 차질, 대만·중동·한반도 긴장처럼 유가·금·방산·변동성이 동시에 움직이는 이벤트성 충격 장세입니다. 뉴스 overlay는 가격 신호를 보강하는 용도로만 해석합니다."
USMV,USMV,equity_etf,slowdown_recession_deflation_risk,Slowdown / Recession / Deflation Risk,경기둔화/침체 우려장,us_global,0.099683,-0.000112,0.687224,positive,0.099683,low,72.589407,rolling_beta,v3,1,1261,1261,3,market,pass,N,,2026-06-09,0,0.0,0.0,high,N,scenario inactive,inactive scenario,0.685795,0.687224,-0.000112,slowdown_vulnerable,수요 둔화와 침체/디플레이션 압력이 커지는 방어적 장세입니다. 주식 beta와 신용위험을 보수적으로 봅니다.
USMV,USMV,equity_etf,stagflation_reinflation_energy_shock,Stagflation / Reinflation / Energy Shock,물가·에너지 재상승장,us_global,0.442826,-0.000112,0.685795,positive,0.442826,medium,72.540929,rolling_beta,v3,1,1261,1261,2,market,pass,N,,2026-06-09,0,0.0,0.0,high,N,scenario inactive,inactive scenario,0.087442,,-0.000112,stagflation_vulnerable,성장 부담이 있는데 유가·원자재·인플레이션 압력이 다시 커지는 장세입니다. 에너지/원자재 수혜와 장기채 부담을 함께 봅니다.
USMV,USMV,equity_etf,soft_landing_goldilocks,Soft Landing / Goldilocks,우호적 위험선호장,us_global,0.685795,-0.000112,0.687224,positive,0.685795,medium,65.4571,rolling_beta,v3,1,1261,1261,3,market,pass,N,,2026-06-09,0,0.0,0.0,high,N,non-adverse scenario,inactive scenario,0.685795,0.687224,-0.000112,risk_on_participation,우호적 위험선호장 참여 민감도
USO,USO,commodity_etf,usd_strength_krw_weakness,USD Strength / KRW Weakness,달러강세/원화약세장,fx_krw,-0.240189,0.00114,0.012209,negative,0.240189,low,70.962151,rolling_beta,v3,1,1110,1110,4,market,pass,N,,2026-06-09,1,0.975204,0.975204,high,Y,trade-gated adverse scenario with medium/high evidence,active market context,1.099058,0.012209,0.00114,krw_weakness_hedge,달러가 강하고 원화가 약해져 KRW 기준 투자자의 환율 리스크가 커지는 장세입니다. 한국 자산과 USD 노출의 역할을 분리해 봅니다.
USO,USO,commodity_etf,china_trade_fragmentation_shock,China / Trade Fragmentation Shock,중국·무역분절 충격장,china_asia,-0.040642,0.00114,0.012209,neutral,0.040642,low,65.435166,rolling_beta,v3,1,1110,1110,5,market,pass,N,,2026-06-09,1,0.963122,0.963122,high,Y,trade-gated adverse scenario with medium/high evidence,active market context,-0.03587,0.012209,0.00114,china_asia_shock_hedge,중국 경기·무역갈등·공급망 충격이 한국/아시아와 반도체 자산에 번지는 장세입니다. 한국 반도체 factor와 원화 약세를 함께 확인합니다.
USO,USO,commodity_etf,acute_global_stress_liquidity_crunch,Acute Global Stress / Liquidity Crunch,급성 리스크오프/유동성 경색장,us_global,0.190301,0.00114,0.806281,positive,0.190301,low,76.127067,rolling_beta,v3,1,1261,1261,3,market,pass,N,,2026-06-09,1,0.942163,0.942163,high,Y,trade-gated adverse scenario with medium/high evidence,active market context,0.439245,0.806281,0.00114,liquidity_stress_vulnerable,변동성이 튀고 위험자산이 동반 약세를 보이는 단기 스트레스 장세입니다. 상관관계 상승과 유동성 악화를 우선 점검합니다.
USO,USO,commodity_etf,higher_for_longer_long_rate_shock,Higher-for-Longer / Long-Rate Shock,장기금리 부담장,us_global,0.141585,0.00114,0.806281,positive,0.141585,low,62.128209,rolling_beta,v3,1,1261,1261,3,market,pass,N,,2026-06-09,1,0.908767,0.908767,high,Y,trade-gated adverse scenario with medium/high evidence,active market context,0.439245,0.806281,0.00114,rate_sensitive,장기금리와 달러 강세 부담이 채권·성장주·신용자산을 압박하는 장세입니다. 고밸류 성장주와 반도체 factor 민감도를 점검합니다.
USO,USO,commodity_etf,semiconductor_ai_cycle_shock,Semiconductor / AI Cycle Shock,AI·반도체 사이클 충격장,korea_semiconductor,0.065408,0.00114,0.167985,positive,0.065408,low,43.672,rolling_beta,v3,1,1110,1110,6,market,pass,N,,2026-06-09,1,0.377914,0.0,medium,N,context only: WATCH state,context only: WATCH state,0.102209,0.167985,0.00114,semiconductor_ai_shock_vulnerable,"AI capex 기대와 반도체 모멘텀이 꺾이면서 미국 성장주와 한국 반도체 대형주가 동시에 압박받는 장세입니다. SOXX, AI leader basket, 한국 반도체 basket의 동반 약세와 원화 압력을 함께 봅니다."
USO,USO,commodity_etf,korea_domestic_financial_stress,Korea Domestic Financial Stress,한국 내수 금융스트레스장,korea_market,-0.063632,0.00114,0.012209,negative,0.063632,low,61.630274,rolling_beta,v3,1,1110,1110,5,seed,pass,Y,,2026-06-09,1,0.401006,0.0,medium,N,context only: source_quality=seed,context only: source_quality=seed,-0.03587,0.012209,0.00114,korea_financial_stress_hedge,"가계부채, 부동산 PF, 비은행권, 금융주와 건설주 스트레스가 한국 자산 전반으로 번지는 장세입니다. 금융/건설 basket, 신용 spread, 단기자금 spread, 원화 약세를 함께 점검합니다."
USO,USO,commodity_etf,geopolitical_escalation_supply_shock,Geopolitical Escalation / Supply Shock,지정학 확전·공급충격장,geopolitical,-0.305325,0.00114,0.439245,negative,0.305325,medium,65.604388,rolling_beta,v3,1,1110,1110,3,manual,pass,Y,,2026-06-09,1,0.398559,0.0,medium,N,context only: source_quality=manual,context only: source_quality=manual,1.0,,0.00114,geopolitical_supply_shock_hedge,"전쟁, 제재, 해상로 차질, 대만·중동·한반도 긴장처럼 유가·금·방산·변동성이 동시에 움직이는 이벤트성 충격 장세입니다. 뉴스 overlay는 가격 신호를 보강하는 용도로만 해석합니다."
USO,USO,commodity_etf,slowdown_recession_deflation_risk,Slowdown / Recession / Deflation Risk,경기둔화/침체 우려장,us_global,0.245622,0.00114,0.806281,positive,0.245622,low,72.589407,rolling_beta,v3,1,1261,1261,3,market,pass,N,,2026-06-09,0,0.0,0.0,high,N,scenario inactive,inactive scenario,0.439245,0.806281,0.00114,slowdown_vulnerable,수요 둔화와 침체/디플레이션 압력이 커지는 방어적 장세입니다. 주식 beta와 신용위험을 보수적으로 봅니다.
USO,USO,commodity_etf,stagflation_reinflation_energy_shock,Stagflation / Reinflation / Energy Shock,물가·에너지 재상승장,us_global,-0.324755,0.00114,0.439245,negative,0.324755,medium,72.540929,rolling_beta,v3,1,1261,1261,2,market,pass,N,,2026-06-09,0,0.0,0.0,high,N,scenario inactive,inactive scenario,1.0,,0.00114,inflation_hedge,성장 부담이 있는데 유가·원자재·인플레이션 압력이 다시 커지는 장세입니다. 에너지/원자재 수혜와 장기채 부담을 함께 봅니다.
USO,USO,commodity_etf,soft_landing_goldilocks,Soft Landing / Goldilocks,우호적 위험선호장,us_global,0.439245,0.00114,0.806281,positive,0.439245,medium,65.4571,rolling_beta,v3,1,1261,1261,3,market,pass,N,,2026-06-09,0,0.0,0.0,high,N,non-adverse scenario,inactive scenario,0.439245,0.806281,0.00114,risk_on_participation,우호적 위험선호장 참여 민감도
V,V,us_stock,usd_strength_krw_weakness,USD Strength / KRW Weakness,달러강세/원화약세장,fx_krw,-0.132286,0.002178,0.0,negative,0.132286,low,70.962151,rolling_beta,v3,1,1110,1110,4,market,pass,N,,2026-06-09,1,0.975204,0.975204,high,Y,trade-gated adverse scenario with medium/high evidence,active market context,0.747138,-0.070194,0.002178,krw_weakness_hedge,달러가 강하고 원화가 약해져 KRW 기준 투자자의 환율 리스크가 커지는 장세입니다. 한국 자산과 USD 노출의 역할을 분리해 봅니다.
V,V,us_stock,china_trade_fragmentation_shock,China / Trade Fragmentation Shock,중국·무역분절 충격장,china_asia,0.019719,0.002178,0.0,neutral,0.019719,low,65.435166,rolling_beta,v3,1,1110,1110,5,market,pass,N,,2026-06-09,1,0.963122,0.963122,high,Y,trade-gated adverse scenario with medium/high evidence,active market context,-0.066249,-0.070194,0.002178,china_asia_shock_vulnerable,중국 경기·무역갈등·공급망 충격이 한국/아시아와 반도체 자산에 번지는 장세입니다. 한국 반도체 factor와 원화 약세를 함께 확인합니다.
V,V,us_stock,acute_global_stress_liquidity_crunch,Acute Global Stress / Liquidity Crunch,급성 리스크오프/유동성 경색장,us_global,0.080957,0.002178,0.788632,positive,0.080957,low,76.127067,rolling_beta,v3,1,1261,1261,3,market,pass,N,,2026-06-09,1,0.942163,0.942163,high,Y,trade-gated adverse scenario with medium/high evidence,active market context,0.870855,0.788632,0.002178,liquidity_stress_vulnerable,변동성이 튀고 위험자산이 동반 약세를 보이는 단기 스트레스 장세입니다. 상관관계 상승과 유동성 악화를 우선 점검합니다.
V,V,us_stock,higher_for_longer_long_rate_shock,Higher-for-Longer / Long-Rate Shock,장기금리 부담장,us_global,0.82897,0.002178,0.788632,positive,0.82897,high,62.128209,rolling_beta,v3,1,1261,1261,3,market,pass,N,,2026-06-09,1,0.908767,0.908767,high,Y,trade-gated adverse scenario with medium/high evidence,active market context,0.870855,0.788632,0.002178,rate_sensitive,장기금리와 달러 강세 부담이 채권·성장주·신용자산을 압박하는 장세입니다. 고밸류 성장주와 반도체 factor 민감도를 점검합니다.
V,V,us_stock,semiconductor_ai_cycle_shock,Semiconductor / AI Cycle Shock,AI·반도체 사이클 충격장,korea_semiconductor,-0.078332,0.002178,0.2101,negative,0.078332,low,43.672,rolling_beta,v3,1,1110,1110,6,market,pass,N,,2026-06-09,1,0.377914,0.0,medium,N,context only: WATCH state,context only: WATCH state,0.259595,0.2101,0.002178,semiconductor_ai_shock_hedge,"AI capex 기대와 반도체 모멘텀이 꺾이면서 미국 성장주와 한국 반도체 대형주가 동시에 압박받는 장세입니다. SOXX, AI leader basket, 한국 반도체 basket의 동반 약세와 원화 압력을 함께 봅니다."
V,V,us_stock,korea_domestic_financial_stress,Korea Domestic Financial Stress,한국 내수 금융스트레스장,korea_market,-0.442381,0.002178,0.0,negative,0.442381,medium,61.630274,rolling_beta,v3,1,1110,1110,5,seed,pass,Y,,2026-06-09,1,0.401006,0.0,medium,N,context only: source_quality=seed,context only: source_quality=seed,-0.066249,-0.070194,0.002178,korea_financial_stress_hedge,"가계부채, 부동산 PF, 비은행권, 금융주와 건설주 스트레스가 한국 자산 전반으로 번지는 장세입니다. 금융/건설 basket, 신용 spread, 단기자금 spread, 원화 약세를 함께 점검합니다."
V,V,us_stock,geopolitical_escalation_supply_shock,Geopolitical Escalation / Supply Shock,지정학 확전·공급충격장,geopolitical,-0.009876,0.002178,0.870855,neutral,0.009876,low,65.604388,rolling_beta,v3,1,1110,1110,3,manual,pass,Y,,2026-06-09,1,0.398559,0.0,medium,N,context only: source_quality=manual,context only: source_quality=manual,0.093509,,0.002178,geopolitical_supply_shock_hedge,"전쟁, 제재, 해상로 차질, 대만·중동·한반도 긴장처럼 유가·금·방산·변동성이 동시에 움직이는 이벤트성 충격 장세입니다. 뉴스 overlay는 가격 신호를 보강하는 용도로만 해석합니다."
V,V,us_stock,slowdown_recession_deflation_risk,Slowdown / Recession / Deflation Risk,경기둔화/침체 우려장,us_global,0.139823,0.002178,0.788632,positive,0.139823,low,72.589407,rolling_beta,v3,1,1261,1261,3,market,pass,N,,2026-06-09,0,0.0,0.0,high,N,scenario inactive,inactive scenario,0.870855,0.788632,0.002178,slowdown_vulnerable,수요 둔화와 침체/디플레이션 압력이 커지는 방어적 장세입니다. 주식 beta와 신용위험을 보수적으로 봅니다.
V,V,us_stock,stagflation_reinflation_energy_shock,Stagflation / Reinflation / Energy Shock,물가·에너지 재상승장,us_global,0.450347,0.002178,0.870855,positive,0.450347,medium,72.540929,rolling_beta,v3,1,1261,1261,2,market,pass,N,,2026-06-09,0,0.0,0.0,high,N,scenario inactive,inactive scenario,0.093509,,0.002178,stagflation_vulnerable,성장 부담이 있는데 유가·원자재·인플레이션 압력이 다시 커지는 장세입니다. 에너지/원자재 수혜와 장기채 부담을 함께 봅니다.
V,V,us_stock,soft_landing_goldilocks,Soft Landing / Goldilocks,우호적 위험선호장,us_global,0.870855,0.002178,0.788632,positive,0.870855,high,65.4571,rolling_beta,v3,1,1261,1261,3,market,pass,N,,2026-06-09,0,0.0,0.0,high,N,non-adverse scenario,inactive scenario,0.870855,0.788632,0.002178,risk_on_participation,우호적 위험선호장 참여 민감도
VCIT,VCIT,bond_etf,usd_strength_krw_weakness,USD Strength / KRW Weakness,달러강세/원화약세장,fx_krw,-0.27912,-1.2e-05,0.0,negative,0.27912,low,70.962151,rolling_beta,v3,1,1110,1110,4,market,pass,N,,2026-06-09,1,0.975204,0.975204,high,Y,trade-gated adverse scenario with medium/high evidence,active market context,0.845726,-0.106119,-1.2e-05,krw_weakness_hedge,달러가 강하고 원화가 약해져 KRW 기준 투자자의 환율 리스크가 커지는 장세입니다. 한국 자산과 USD 노출의 역할을 분리해 봅니다.
VCIT,VCIT,bond_etf,china_trade_fragmentation_shock,China / Trade Fragmentation Shock,중국·무역분절 충격장,china_asia,-0.042987,-1.2e-05,0.0,neutral,0.042987,low,65.435166,rolling_beta,v3,1,1110,1110,5,market,pass,N,,2026-06-09,1,0.963122,0.963122,high,Y,trade-gated adverse scenario with medium/high evidence,active market context,-0.084713,-0.106119,-1.2e-05,china_asia_shock_hedge,중국 경기·무역갈등·공급망 충격이 한국/아시아와 반도체 자산에 번지는 장세입니다. 한국 반도체 factor와 원화 약세를 함께 확인합니다.
VCIT,VCIT,bond_etf,acute_global_stress_liquidity_crunch,Acute Global Stress / Liquidity Crunch,급성 리스크오프/유동성 경색장,us_global,-0.143508,-1.2e-05,0.237332,negative,0.143508,low,76.127067,rolling_beta,v3,1,1261,1261,3,market,pass,N,,2026-06-09,1,0.942163,0.942163,high,Y,trade-gated adverse scenario with medium/high evidence,active market context,0.283519,0.237332,-1.2e-05,liquidity_stress_defense,변동성이 튀고 위험자산이 동반 약세를 보이는 단기 스트레스 장세입니다. 상관관계 상승과 유동성 악화를 우선 점검합니다.
VCIT,VCIT,bond_etf,higher_for_longer_long_rate_shock,Higher-for-Longer / Long-Rate Shock,장기금리 부담장,us_global,0.505935,-1.2e-05,0.237332,positive,0.505935,medium,62.128209,rolling_beta,v3,1,1261,1261,3,market,pass,N,,2026-06-09,1,0.908767,0.908767,high,Y,trade-gated adverse scenario with medium/high evidence,active market context,0.283519,0.237332,-1.2e-05,rate_sensitive,장기금리와 달러 강세 부담이 채권·성장주·신용자산을 압박하는 장세입니다. 고밸류 성장주와 반도체 factor 민감도를 점검합니다.
VCIT,VCIT,bond_etf,semiconductor_ai_cycle_shock,Semiconductor / AI Cycle Shock,AI·반도체 사이클 충격장,korea_semiconductor,-0.231113,-1.2e-05,0.046587,negative,0.231113,low,43.672,rolling_beta,v3,1,1110,1110,6,market,pass,N,,2026-06-09,1,0.377914,0.0,medium,N,context only: WATCH state,context only: WATCH state,0.071912,0.046587,-1.2e-05,semiconductor_ai_shock_hedge,"AI capex 기대와 반도체 모멘텀이 꺾이면서 미국 성장주와 한국 반도체 대형주가 동시에 압박받는 장세입니다. SOXX, AI leader basket, 한국 반도체 basket의 동반 약세와 원화 압력을 함께 봅니다."
VCIT,VCIT,bond_etf,korea_domestic_financial_stress,Korea Domestic Financial Stress,한국 내수 금융스트레스장,korea_market,-0.272832,-1.2e-05,0.0,negative,0.272832,low,61.630274,rolling_beta,v3,1,1110,1110,5,seed,pass,Y,,2026-06-09,1,0.401006,0.0,medium,N,context only: source_quality=seed,context only: source_quality=seed,-0.084713,-0.106119,-1.2e-05,korea_financial_stress_hedge,"가계부채, 부동산 PF, 비은행권, 금융주와 건설주 스트레스가 한국 자산 전반으로 번지는 장세입니다. 금융/건설 basket, 신용 spread, 단기자금 spread, 원화 약세를 함께 점검합니다."
VCIT,VCIT,bond_etf,geopolitical_escalation_supply_shock,Geopolitical Escalation / Supply Shock,지정학 확전·공급충격장,geopolitical,-0.153321,-1.2e-05,0.283519,negative,0.153321,low,65.604388,rolling_beta,v3,1,1110,1110,3,manual,pass,Y,,2026-06-09,1,0.398559,0.0,medium,N,context only: source_quality=manual,context only: source_quality=manual,0.049492,,-1.2e-05,geopolitical_supply_shock_hedge,"전쟁, 제재, 해상로 차질, 대만·중동·한반도 긴장처럼 유가·금·방산·변동성이 동시에 움직이는 이벤트성 충격 장세입니다. 뉴스 overlay는 가격 신호를 보강하는 용도로만 해석합니다."
VCIT,VCIT,bond_etf,slowdown_recession_deflation_risk,Slowdown / Recession / Deflation Risk,경기둔화/침체 우려장,us_global,-0.16528,-1.2e-05,0.237332,negative,0.16528,low,72.589407,rolling_beta,v3,1,1261,1261,3,market,pass,N,,2026-06-09,0,0.0,0.0,high,N,scenario inactive,inactive scenario,0.283519,0.237332,-1.2e-05,slowdown_defense,수요 둔화와 침체/디플레이션 압력이 커지는 방어적 장세입니다. 주식 beta와 신용위험을 보수적으로 봅니다.
VCIT,VCIT,bond_etf,stagflation_reinflation_energy_shock,Stagflation / Reinflation / Energy Shock,물가·에너지 재상승장,us_global,0.299541,-1.2e-05,0.283519,positive,0.299541,low,72.540929,rolling_beta,v3,1,1261,1261,2,market,pass,N,,2026-06-09,0,0.0,0.0,high,N,scenario inactive,inactive scenario,0.049492,,-1.2e-05,stagflation_vulnerable,성장 부담이 있는데 유가·원자재·인플레이션 압력이 다시 커지는 장세입니다. 에너지/원자재 수혜와 장기채 부담을 함께 봅니다.
VCIT,VCIT,bond_etf,soft_landing_goldilocks,Soft Landing / Goldilocks,우호적 위험선호장,us_global,0.283519,-1.2e-05,0.237332,positive,0.283519,low,65.4571,rolling_beta,v3,1,1261,1261,3,market,pass,N,,2026-06-09,0,0.0,0.0,high,N,non-adverse scenario,inactive scenario,0.283519,0.237332,-1.2e-05,risk_on_participation,우호적 위험선호장 참여 민감도
VCSH,VCSH,bond_etf,usd_strength_krw_weakness,USD Strength / KRW Weakness,달러강세/원화약세장,fx_krw,-0.290285,0.000314,0.0,negative,0.290285,low,70.962151,rolling_beta,v3,1,1110,1110,4,market,pass,N,,2026-06-09,1,0.975204,0.975204,high,Y,trade-gated adverse scenario with medium/high evidence,active market context,0.933498,-0.104043,0.000314,krw_weakness_hedge,달러가 강하고 원화가 약해져 KRW 기준 투자자의 환율 리스크가 커지는 장세입니다. 한국 자산과 USD 노출의 역할을 분리해 봅니다.
VCSH,VCSH,bond_etf,china_trade_fragmentation_shock,China / Trade Fragmentation Shock,중국·무역분절 충격장,china_asia,-0.060089,0.000314,0.0,negative,0.060089,low,65.435166,rolling_beta,v3,1,1110,1110,5,market,pass,N,,2026-06-09,1,0.963122,0.963122,high,Y,trade-gated adverse scenario with medium/high evidence,active market context,-0.08483,-0.104043,0.000314,china_asia_shock_hedge,중국 경기·무역갈등·공급망 충격이 한국/아시아와 반도체 자산에 번지는 장세입니다. 한국 반도체 factor와 원화 약세를 함께 확인합니다.
VCSH,VCSH,bond_etf,acute_global_stress_liquidity_crunch,Acute Global Stress / Liquidity Crunch,급성 리스크오프/유동성 경색장,us_global,-0.182778,0.000314,0.215159,negative,0.182778,low,76.127067,rolling_beta,v3,1,1261,1261,3,market,pass,N,,2026-06-09,1,0.942163,0.942163,high,Y,trade-gated adverse scenario with medium/high evidence,active market context,0.23886,0.215159,0.000314,liquidity_stress_defense,변동성이 튀고 위험자산이 동반 약세를 보이는 단기 스트레스 장세입니다. 상관관계 상승과 유동성 악화를 우선 점검합니다.
VCSH,VCSH,bond_etf,higher_for_longer_long_rate_shock,Higher-for-Longer / Long-Rate Shock,장기금리 부담장,us_global,0.481373,0.000314,0.215159,positive,0.481373,medium,62.128209,rolling_beta,v3,1,1261,1261,3,market,pass,N,,2026-06-09,1,0.908767,0.908767,high,Y,trade-gated adverse scenario with medium/high evidence,active market context,0.23886,0.215159,0.000314,rate_sensitive,장기금리와 달러 강세 부담이 채권·성장주·신용자산을 압박하는 장세입니다. 고밸류 성장주와 반도체 factor 민감도를 점검합니다.
VCSH,VCSH,bond_etf,semiconductor_ai_cycle_shock,Semiconductor / AI Cycle Shock,AI·반도체 사이클 충격장,korea_semiconductor,-0.251865,0.000314,0.029094,negative,0.251865,low,43.672,rolling_beta,v3,1,1110,1110,6,market,pass,N,,2026-06-09,1,0.377914,0.0,medium,N,context only: WATCH state,context only: WATCH state,0.0503,0.029094,0.000314,semiconductor_ai_shock_hedge,"AI capex 기대와 반도체 모멘텀이 꺾이면서 미국 성장주와 한국 반도체 대형주가 동시에 압박받는 장세입니다. SOXX, AI leader basket, 한국 반도체 basket의 동반 약세와 원화 압력을 함께 봅니다."
VCSH,VCSH,bond_etf,korea_domestic_financial_stress,Korea Domestic Financial Stress,한국 내수 금융스트레스장,korea_market,-0.267837,0.000314,0.0,negative,0.267837,low,61.630274,rolling_beta,v3,1,1110,1110,5,seed,pass,Y,,2026-06-09,1,0.401006,0.0,medium,N,context only: source_quality=seed,context only: source_quality=seed,-0.08483,-0.104043,0.000314,korea_financial_stress_hedge,"가계부채, 부동산 PF, 비은행권, 금융주와 건설주 스트레스가 한국 자산 전반으로 번지는 장세입니다. 금융/건설 basket, 신용 spread, 단기자금 spread, 원화 약세를 함께 점검합니다."
VCSH,VCSH,bond_etf,geopolitical_escalation_supply_shock,Geopolitical Escalation / Supply Shock,지정학 확전·공급충격장,geopolitical,-0.162442,0.000314,0.23886,negative,0.162442,low,65.604388,rolling_beta,v3,1,1110,1110,3,manual,pass,Y,,2026-06-09,1,0.398559,0.0,medium,N,context only: source_quality=manual,context only: source_quality=manual,0.065829,,0.000314,geopolitical_supply_shock_hedge,"전쟁, 제재, 해상로 차질, 대만·중동·한반도 긴장처럼 유가·금·방산·변동성이 동시에 움직이는 이벤트성 충격 장세입니다. 뉴스 overlay는 가격 신호를 보강하는 용도로만 해석합니다."
VCSH,VCSH,bond_etf,slowdown_recession_deflation_risk,Slowdown / Recession / Deflation Risk,경기둔화/침체 우려장,us_global,-0.205747,0.000314,0.215159,negative,0.205747,low,72.589407,rolling_beta,v3,1,1261,1261,3,market,pass,N,,2026-06-09,0,0.0,0.0,high,N,scenario inactive,inactive scenario,0.23886,0.215159,0.000314,slowdown_defense,수요 둔화와 침체/디플레이션 압력이 커지는 방어적 장세입니다. 주식 beta와 신용위험을 보수적으로 봅니다.
VCSH,VCSH,bond_etf,stagflation_reinflation_energy_shock,Stagflation / Reinflation / Energy Shock,물가·에너지 재상승장,us_global,0.27574,0.000314,0.23886,positive,0.27574,low,72.540929,rolling_beta,v3,1,1261,1261,2,market,pass,N,,2026-06-09,0,0.0,0.0,high,N,scenario inactive,inactive scenario,0.065829,,0.000314,stagflation_vulnerable,성장 부담이 있는데 유가·원자재·인플레이션 압력이 다시 커지는 장세입니다. 에너지/원자재 수혜와 장기채 부담을 함께 봅니다.
VCSH,VCSH,bond_etf,soft_landing_goldilocks,Soft Landing / Goldilocks,우호적 위험선호장,us_global,0.23886,0.000314,0.215159,positive,0.23886,low,65.4571,rolling_beta,v3,1,1261,1261,3,market,pass,N,,2026-06-09,0,0.0,0.0,high,N,non-adverse scenario,inactive scenario,0.23886,0.215159,0.000314,risk_on_participation,우호적 위험선호장 참여 민감도
VGIT,VGIT,bond_etf,usd_strength_krw_weakness,USD Strength / KRW Weakness,달러강세/원화약세장,fx_krw,-0.300189,0.000193,0.0,negative,0.300189,medium,70.962151,rolling_beta,v3,1,1110,1110,4,market,pass,N,,2026-06-09,1,0.975204,0.975204,high,Y,trade-gated adverse scenario with medium/high evidence,active market context,0.906991,-0.11075,0.000193,krw_weakness_hedge,달러가 강하고 원화가 약해져 KRW 기준 투자자의 환율 리스크가 커지는 장세입니다. 한국 자산과 USD 노출의 역할을 분리해 봅니다.
VGIT,VGIT,bond_etf,china_trade_fragmentation_shock,China / Trade Fragmentation Shock,중국·무역분절 충격장,china_asia,-0.06497,0.000193,0.0,negative,0.06497,low,65.435166,rolling_beta,v3,1,1110,1110,5,market,pass,N,,2026-06-09,1,0.963122,0.963122,high,Y,trade-gated adverse scenario with medium/high evidence,active market context,-0.08856,-0.11075,0.000193,china_asia_shock_hedge,중국 경기·무역갈등·공급망 충격이 한국/아시아와 반도체 자산에 번지는 장세입니다. 한국 반도체 factor와 원화 약세를 함께 확인합니다.
VGIT,VGIT,bond_etf,acute_global_stress_liquidity_crunch,Acute Global Stress / Liquidity Crunch,급성 리스크오프/유동성 경색장,us_global,-0.199089,0.000193,0.160028,negative,0.199089,low,76.127067,rolling_beta,v3,1,1261,1261,3,market,pass,N,,2026-06-09,1,0.942163,0.942163,high,Y,trade-gated adverse scenario with medium/high evidence,active market context,0.199245,0.160028,0.000193,liquidity_stress_defense,변동성이 튀고 위험자산이 동반 약세를 보이는 단기 스트레스 장세입니다. 상관관계 상승과 유동성 악화를 우선 점검합니다.
VGIT,VGIT,bond_etf,higher_for_longer_long_rate_shock,Higher-for-Longer / Long-Rate Shock,장기금리 부담장,us_global,0.459584,0.000193,0.160028,positive,0.459584,medium,62.128209,rolling_beta,v3,1,1261,1261,3,market,pass,N,,2026-06-09,1,0.908767,0.908767,high,Y,trade-gated adverse scenario with medium/high evidence,active market context,0.199245,0.160028,0.000193,rate_sensitive,장기금리와 달러 강세 부담이 채권·성장주·신용자산을 압박하는 장세입니다. 고밸류 성장주와 반도체 factor 민감도를 점검합니다.
VGIT,VGIT,bond_etf,semiconductor_ai_cycle_shock,Semiconductor / AI Cycle Shock,AI·반도체 사이클 충격장,korea_semiconductor,-0.26698,0.000193,0.007116,negative,0.26698,low,43.672,rolling_beta,v3,1,1110,1110,6,market,pass,N,,2026-06-09,1,0.377914,0.0,medium,N,context only: WATCH state,context only: WATCH state,0.033111,0.007116,0.000193,semiconductor_ai_shock_hedge,"AI capex 기대와 반도체 모멘텀이 꺾이면서 미국 성장주와 한국 반도체 대형주가 동시에 압박받는 장세입니다. SOXX, AI leader basket, 한국 반도체 basket의 동반 약세와 원화 압력을 함께 봅니다."
VGIT,VGIT,bond_etf,korea_domestic_financial_stress,Korea Domestic Financial Stress,한국 내수 금융스트레스장,korea_market,-0.36877,0.000193,0.0,negative,0.36877,medium,61.630274,rolling_beta,v3,1,1110,1110,5,seed,pass,Y,,2026-06-09,1,0.401006,0.0,medium,N,context only: source_quality=seed,context only: source_quality=seed,-0.08856,-0.11075,0.000193,korea_financial_stress_hedge,"가계부채, 부동산 PF, 비은행권, 금융주와 건설주 스트레스가 한국 자산 전반으로 번지는 장세입니다. 금융/건설 basket, 신용 spread, 단기자금 spread, 원화 약세를 함께 점검합니다."
VGIT,VGIT,bond_etf,geopolitical_escalation_supply_shock,Geopolitical Escalation / Supply Shock,지정학 확전·공급충격장,geopolitical,-0.178607,0.000193,0.199245,negative,0.178607,low,65.604388,rolling_beta,v3,1,1110,1110,3,manual,pass,Y,,2026-06-09,1,0.398559,0.0,medium,N,context only: source_quality=manual,context only: source_quality=manual,0.0482,,0.000193,geopolitical_supply_shock_hedge,"전쟁, 제재, 해상로 차질, 대만·중동·한반도 긴장처럼 유가·금·방산·변동성이 동시에 움직이는 이벤트성 충격 장세입니다. 뉴스 overlay는 가격 신호를 보강하는 용도로만 해석합니다."
VGIT,VGIT,bond_etf,slowdown_recession_deflation_risk,Slowdown / Recession / Deflation Risk,경기둔화/침체 우려장,us_global,-0.227237,0.000193,0.160028,negative,0.227237,low,72.589407,rolling_beta,v3,1,1261,1261,3,market,pass,N,,2026-06-09,0,0.0,0.0,high,N,scenario inactive,inactive scenario,0.199245,0.160028,0.000193,slowdown_defense,수요 둔화와 침체/디플레이션 압력이 커지는 방어적 장세입니다. 주식 beta와 신용위험을 보수적으로 봅니다.
VGIT,VGIT,bond_etf,stagflation_reinflation_energy_shock,Stagflation / Reinflation / Energy Shock,물가·에너지 재상승장,us_global,0.264917,0.000193,0.199245,positive,0.264917,low,72.540929,rolling_beta,v3,1,1261,1261,2,market,pass,N,,2026-06-09,0,0.0,0.0,high,N,scenario inactive,inactive scenario,0.0482,,0.000193,stagflation_vulnerable,성장 부담이 있는데 유가·원자재·인플레이션 압력이 다시 커지는 장세입니다. 에너지/원자재 수혜와 장기채 부담을 함께 봅니다.
VGIT,VGIT,bond_etf,soft_landing_goldilocks,Soft Landing / Goldilocks,우호적 위험선호장,us_global,0.199245,0.000193,0.160028,positive,0.199245,low,65.4571,rolling_beta,v3,1,1261,1261,3,market,pass,N,,2026-06-09,0,0.0,0.0,high,N,non-adverse scenario,inactive scenario,0.199245,0.160028,0.000193,neutral_or_defensive,우호적 위험선호장 참여 민감도
VGLT,VGLT,bond_etf,usd_strength_krw_weakness,USD Strength / KRW Weakness,달러강세/원화약세장,fx_krw,-0.300083,-0.000497,0.0,negative,0.300083,medium,70.962151,rolling_beta,v3,1,1110,1110,4,market,pass,N,,2026-06-09,1,0.975204,0.975204,high,Y,trade-gated adverse scenario with medium/high evidence,active market context,0.803437,-0.124324,-0.000497,krw_weakness_hedge,달러가 강하고 원화가 약해져 KRW 기준 투자자의 환율 리스크가 커지는 장세입니다. 한국 자산과 USD 노출의 역할을 분리해 봅니다.
VGLT,VGLT,bond_etf,china_trade_fragmentation_shock,China / Trade Fragmentation Shock,중국·무역분절 충격장,china_asia,-0.047642,-0.000497,0.0,neutral,0.047642,low,65.435166,rolling_beta,v3,1,1110,1110,5,market,pass,N,,2026-06-09,1,0.963122,0.963122,high,Y,trade-gated adverse scenario with medium/high evidence,active market context,-0.097641,-0.124324,-0.000497,china_asia_shock_hedge,중국 경기·무역갈등·공급망 충격이 한국/아시아와 반도체 자산에 번지는 장세입니다. 한국 반도체 factor와 원화 약세를 함께 확인합니다.
VGLT,VGLT,bond_etf,acute_global_stress_liquidity_crunch,Acute Global Stress / Liquidity Crunch,급성 리스크오프/유동성 경색장,us_global,-0.167819,-0.000497,0.118364,negative,0.167819,low,76.127067,rolling_beta,v3,1,1261,1261,3,market,pass,N,,2026-06-09,1,0.942163,0.942163,high,Y,trade-gated adverse scenario with medium/high evidence,active market context,0.199668,0.118364,-0.000497,liquidity_stress_defense,변동성이 튀고 위험자산이 동반 약세를 보이는 단기 스트레스 장세입니다. 상관관계 상승과 유동성 악화를 우선 점검합니다.
VGLT,VGLT,bond_etf,higher_for_longer_long_rate_shock,Higher-for-Longer / Long-Rate Shock,장기금리 부담장,us_global,0.459818,-0.000497,0.118364,positive,0.459818,medium,62.128209,rolling_beta,v3,1,1261,1261,3,market,pass,N,,2026-06-09,1,0.908767,0.908767,high,Y,trade-gated adverse scenario with medium/high evidence,active market context,0.199668,0.118364,-0.000497,rate_sensitive,장기금리와 달러 강세 부담이 채권·성장주·신용자산을 압박하는 장세입니다. 고밸류 성장주와 반도체 factor 민감도를 점검합니다.
VGLT,VGLT,bond_etf,semiconductor_ai_cycle_shock,Semiconductor / AI Cycle Shock,AI·반도체 사이클 충격장,korea_semiconductor,-0.261933,-0.000497,0.0,negative,0.261933,low,43.672,rolling_beta,v3,1,1110,1110,6,market,pass,N,,2026-06-09,1,0.377914,0.0,medium,N,context only: WATCH state,context only: WATCH state,0.032827,-0.003892,-0.000497,semiconductor_ai_shock_hedge,"AI capex 기대와 반도체 모멘텀이 꺾이면서 미국 성장주와 한국 반도체 대형주가 동시에 압박받는 장세입니다. SOXX, AI leader basket, 한국 반도체 basket의 동반 약세와 원화 압력을 함께 봅니다."
VGLT,VGLT,bond_etf,korea_domestic_financial_stress,Korea Domestic Financial Stress,한국 내수 금융스트레스장,korea_market,-0.36706,-0.000497,0.0,negative,0.36706,medium,61.630274,rolling_beta,v3,1,1110,1110,5,seed,pass,Y,,2026-06-09,1,0.401006,0.0,medium,N,context only: source_quality=seed,context only: source_quality=seed,-0.097641,-0.124324,-0.000497,korea_financial_stress_hedge,"가계부채, 부동산 PF, 비은행권, 금융주와 건설주 스트레스가 한국 자산 전반으로 번지는 장세입니다. 금융/건설 basket, 신용 spread, 단기자금 spread, 원화 약세를 함께 점검합니다."
VGLT,VGLT,bond_etf,geopolitical_escalation_supply_shock,Geopolitical Escalation / Supply Shock,지정학 확전·공급충격장,geopolitical,-0.176506,-0.000497,0.199668,negative,0.176506,low,65.604388,rolling_beta,v3,1,1110,1110,3,manual,pass,Y,,2026-06-09,1,0.398559,0.0,medium,N,context only: source_quality=manual,context only: source_quality=manual,-0.004078,,-0.000497,geopolitical_supply_shock_hedge,"전쟁, 제재, 해상로 차질, 대만·중동·한반도 긴장처럼 유가·금·방산·변동성이 동시에 움직이는 이벤트성 충격 장세입니다. 뉴스 overlay는 가격 신호를 보강하는 용도로만 해석합니다."
VGLT,VGLT,bond_etf,slowdown_recession_deflation_risk,Slowdown / Recession / Deflation Risk,경기둔화/침체 우려장,us_global,-0.202822,-0.000497,0.118364,negative,0.202822,low,72.589407,rolling_beta,v3,1,1261,1261,3,market,pass,N,,2026-06-09,0,0.0,0.0,high,N,scenario inactive,inactive scenario,0.199668,0.118364,-0.000497,slowdown_defense,수요 둔화와 침체/디플레이션 압력이 커지는 방어적 장세입니다. 주식 beta와 신용위험을 보수적으로 봅니다.
VGLT,VGLT,bond_etf,stagflation_reinflation_energy_shock,Stagflation / Reinflation / Energy Shock,물가·에너지 재상승장,us_global,0.282308,-0.000497,0.199668,positive,0.282308,low,72.540929,rolling_beta,v3,1,1261,1261,2,market,pass,N,,2026-06-09,0,0.0,0.0,high,N,scenario inactive,inactive scenario,-0.004078,,-0.000497,stagflation_vulnerable,성장 부담이 있는데 유가·원자재·인플레이션 압력이 다시 커지는 장세입니다. 에너지/원자재 수혜와 장기채 부담을 함께 봅니다.
VGLT,VGLT,bond_etf,soft_landing_goldilocks,Soft Landing / Goldilocks,우호적 위험선호장,us_global,0.199668,-0.000497,0.118364,positive,0.199668,low,65.4571,rolling_beta,v3,1,1261,1261,3,market,pass,N,,2026-06-09,0,0.0,0.0,high,N,non-adverse scenario,inactive scenario,0.199668,0.118364,-0.000497,neutral_or_defensive,우호적 위험선호장 참여 민감도
VGSH,VGSH,bond_etf,usd_strength_krw_weakness,USD Strength / KRW Weakness,달러강세/원화약세장,fx_krw,-0.299441,0.000294,0.0,negative,0.299441,low,70.962151,rolling_beta,v3,1,1110,1110,4,market,pass,N,,2026-06-09,1,0.975204,0.975204,high,Y,trade-gated adverse scenario with medium/high evidence,active market context,0.970341,-0.107132,0.000294,krw_weakness_hedge,달러가 강하고 원화가 약해져 KRW 기준 투자자의 환율 리스크가 커지는 장세입니다. 한국 자산과 USD 노출의 역할을 분리해 봅니다.
VGSH,VGSH,bond_etf,china_trade_fragmentation_shock,China / Trade Fragmentation Shock,중국·무역분절 충격장,china_asia,-0.066909,0.000294,0.0,negative,0.066909,low,65.435166,rolling_beta,v3,1,1110,1110,5,market,pass,N,,2026-06-09,1,0.963122,0.963122,high,Y,trade-gated adverse scenario with medium/high evidence,active market context,-0.085455,-0.107132,0.000294,china_asia_shock_hedge,중국 경기·무역갈등·공급망 충격이 한국/아시아와 반도체 자산에 번지는 장세입니다. 한국 반도체 factor와 원화 약세를 함께 확인합니다.
VGSH,VGSH,bond_etf,acute_global_stress_liquidity_crunch,Acute Global Stress / Liquidity Crunch,급성 리스크오프/유동성 경색장,us_global,-0.20201,0.000294,0.186118,negative,0.20201,low,76.127067,rolling_beta,v3,1,1261,1261,3,market,pass,N,,2026-06-09,1,0.942163,0.942163,high,Y,trade-gated adverse scenario with medium/high evidence,active market context,0.202236,0.186118,0.000294,liquidity_stress_defense,변동성이 튀고 위험자산이 동반 약세를 보이는 단기 스트레스 장세입니다. 상관관계 상승과 유동성 악화를 우선 점검합니다.
VGSH,VGSH,bond_etf,higher_for_longer_long_rate_shock,Higher-for-Longer / Long-Rate Shock,장기금리 부담장,us_global,0.46123,0.000294,0.186118,positive,0.46123,medium,62.128209,rolling_beta,v3,1,1261,1261,3,market,pass,N,,2026-06-09,1,0.908767,0.908767,high,Y,trade-gated adverse scenario with medium/high evidence,active market context,0.202236,0.186118,0.000294,rate_sensitive,장기금리와 달러 강세 부담이 채권·성장주·신용자산을 압박하는 장세입니다. 고밸류 성장주와 반도체 factor 민감도를 점검합니다.
VGSH,VGSH,bond_etf,semiconductor_ai_cycle_shock,Semiconductor / AI Cycle Shock,AI·반도체 사이클 충격장,korea_semiconductor,-0.265805,0.000294,0.013339,negative,0.265805,low,43.672,rolling_beta,v3,1,1110,1110,6,market,pass,N,,2026-06-09,1,0.377914,0.0,medium,N,context only: WATCH state,context only: WATCH state,0.033947,0.013339,0.000294,semiconductor_ai_shock_hedge,"AI capex 기대와 반도체 모멘텀이 꺾이면서 미국 성장주와 한국 반도체 대형주가 동시에 압박받는 장세입니다. SOXX, AI leader basket, 한국 반도체 basket의 동반 약세와 원화 압력을 함께 봅니다."
VGSH,VGSH,bond_etf,korea_domestic_financial_stress,Korea Domestic Financial Stress,한국 내수 금융스트레스장,korea_market,-0.361805,0.000294,0.0,negative,0.361805,medium,61.630274,rolling_beta,v3,1,1110,1110,5,seed,pass,Y,,2026-06-09,1,0.401006,0.0,medium,N,context only: source_quality=seed,context only: source_quality=seed,-0.085455,-0.107132,0.000294,korea_financial_stress_hedge,"가계부채, 부동산 PF, 비은행권, 금융주와 건설주 스트레스가 한국 자산 전반으로 번지는 장세입니다. 금융/건설 basket, 신용 spread, 단기자금 spread, 원화 약세를 함께 점검합니다."
VGSH,VGSH,bond_etf,geopolitical_escalation_supply_shock,Geopolitical Escalation / Supply Shock,지정학 확전·공급충격장,geopolitical,-0.168847,0.000294,0.202236,negative,0.168847,low,65.604388,rolling_beta,v3,1,1110,1110,3,manual,pass,Y,,2026-06-09,1,0.398559,0.0,medium,N,context only: source_quality=manual,context only: source_quality=manual,0.067154,,0.000294,geopolitical_supply_shock_hedge,"전쟁, 제재, 해상로 차질, 대만·중동·한반도 긴장처럼 유가·금·방산·변동성이 동시에 움직이는 이벤트성 충격 장세입니다. 뉴스 overlay는 가격 신호를 보강하는 용도로만 해석합니다."
VGSH,VGSH,bond_etf,slowdown_recession_deflation_risk,Slowdown / Recession / Deflation Risk,경기둔화/침체 우려장,us_global,-0.228844,0.000294,0.186118,negative,0.228844,low,72.589407,rolling_beta,v3,1,1261,1261,3,market,pass,N,,2026-06-09,0,0.0,0.0,high,N,scenario inactive,inactive scenario,0.202236,0.186118,0.000294,slowdown_defense,수요 둔화와 침체/디플레이션 압력이 커지는 방어적 장세입니다. 주식 beta와 신용위험을 보수적으로 봅니다.
VGSH,VGSH,bond_etf,stagflation_reinflation_energy_shock,Stagflation / Reinflation / Energy Shock,물가·에너지 재상승장,us_global,0.263427,0.000294,0.202236,positive,0.263427,low,72.540929,rolling_beta,v3,1,1261,1261,2,market,pass,N,,2026-06-09,0,0.0,0.0,high,N,scenario inactive,inactive scenario,0.067154,,0.000294,stagflation_vulnerable,성장 부담이 있는데 유가·원자재·인플레이션 압력이 다시 커지는 장세입니다. 에너지/원자재 수혜와 장기채 부담을 함께 봅니다.
VGSH,VGSH,bond_etf,soft_landing_goldilocks,Soft Landing / Goldilocks,우호적 위험선호장,us_global,0.202236,0.000294,0.186118,positive,0.202236,low,65.4571,rolling_beta,v3,1,1261,1261,3,market,pass,N,,2026-06-09,0,0.0,0.0,high,N,non-adverse scenario,inactive scenario,0.202236,0.186118,0.000294,risk_on_participation,우호적 위험선호장 참여 민감도
VIG,VIG,equity_etf,usd_strength_krw_weakness,USD Strength / KRW Weakness,달러강세/원화약세장,fx_krw,-0.142291,8e-05,0.0,negative,0.142291,low,70.962151,rolling_beta,v3,1,1110,1110,4,market,pass,N,,2026-06-09,1,0.975204,0.975204,high,Y,trade-gated adverse scenario with medium/high evidence,active market context,0.743733,-0.04664,8e-05,krw_weakness_hedge,달러가 강하고 원화가 약해져 KRW 기준 투자자의 환율 리스크가 커지는 장세입니다. 한국 자산과 USD 노출의 역할을 분리해 봅니다.
VIG,VIG,equity_etf,china_trade_fragmentation_shock,China / Trade Fragmentation Shock,중국·무역분절 충격장,china_asia,0.064156,8e-05,0.0,positive,0.064156,low,65.435166,rolling_beta,v3,1,1110,1110,5,market,pass,N,,2026-06-09,1,0.963122,0.963122,high,Y,trade-gated adverse scenario with medium/high evidence,active market context,-0.052495,-0.04664,8e-05,china_asia_shock_vulnerable,중국 경기·무역갈등·공급망 충격이 한국/아시아와 반도체 자산에 번지는 장세입니다. 한국 반도체 factor와 원화 약세를 함께 확인합니다.
VIG,VIG,equity_etf,acute_global_stress_liquidity_crunch,Acute Global Stress / Liquidity Crunch,급성 리스크오프/유동성 경색장,us_global,0.153339,8e-05,0.814651,positive,0.153339,low,76.127067,rolling_beta,v3,1,1261,1261,3,market,pass,N,,2026-06-09,1,0.942163,0.942163,high,Y,trade-gated adverse scenario with medium/high evidence,active market context,0.830837,0.814651,8e-05,liquidity_stress_vulnerable,변동성이 튀고 위험자산이 동반 약세를 보이는 단기 스트레스 장세입니다. 상관관계 상승과 유동성 악화를 우선 점검합니다.
VIG,VIG,equity_etf,higher_for_longer_long_rate_shock,Higher-for-Longer / Long-Rate Shock,장기금리 부담장,us_global,0.80696,8e-05,0.814651,positive,0.80696,high,62.128209,rolling_beta,v3,1,1261,1261,3,market,pass,N,,2026-06-09,1,0.908767,0.908767,high,Y,trade-gated adverse scenario with medium/high evidence,active market context,0.830837,0.814651,8e-05,rate_sensitive,장기금리와 달러 강세 부담이 채권·성장주·신용자산을 압박하는 장세입니다. 고밸류 성장주와 반도체 factor 민감도를 점검합니다.
VIG,VIG,equity_etf,semiconductor_ai_cycle_shock,Semiconductor / AI Cycle Shock,AI·반도체 사이클 충격장,korea_semiconductor,-0.030089,8e-05,0.281343,neutral,0.030089,low,43.672,rolling_beta,v3,1,1110,1110,6,market,pass,N,,2026-06-09,1,0.377914,0.0,medium,N,context only: WATCH state,context only: WATCH state,0.293241,0.281343,8e-05,semiconductor_ai_shock_hedge,"AI capex 기대와 반도체 모멘텀이 꺾이면서 미국 성장주와 한국 반도체 대형주가 동시에 압박받는 장세입니다. SOXX, AI leader basket, 한국 반도체 basket의 동반 약세와 원화 압력을 함께 봅니다."
VIG,VIG,equity_etf,korea_domestic_financial_stress,Korea Domestic Financial Stress,한국 내수 금융스트레스장,korea_market,-0.390452,8e-05,0.0,negative,0.390452,medium,61.630274,rolling_beta,v3,1,1110,1110,5,seed,pass,Y,,2026-06-09,1,0.401006,0.0,medium,N,context only: source_quality=seed,context only: source_quality=seed,-0.052495,-0.04664,8e-05,korea_financial_stress_hedge,"가계부채, 부동산 PF, 비은행권, 금융주와 건설주 스트레스가 한국 자산 전반으로 번지는 장세입니다. 금융/건설 basket, 신용 spread, 단기자금 spread, 원화 약세를 함께 점검합니다."
VIG,VIG,equity_etf,geopolitical_escalation_supply_shock,Geopolitical Escalation / Supply Shock,지정학 확전·공급충격장,geopolitical,0.019075,8e-05,0.830837,neutral,0.019075,low,65.604388,rolling_beta,v3,1,1110,1110,3,manual,pass,Y,,2026-06-09,1,0.398559,0.0,medium,N,context only: source_quality=manual,context only: source_quality=manual,0.093564,,8e-05,geopolitical_supply_shock_vulnerable,"전쟁, 제재, 해상로 차질, 대만·중동·한반도 긴장처럼 유가·금·방산·변동성이 동시에 움직이는 이벤트성 충격 장세입니다. 뉴스 overlay는 가격 신호를 보강하는 용도로만 해석합니다."
VIG,VIG,equity_etf,slowdown_recession_deflation_risk,Slowdown / Recession / Deflation Risk,경기둔화/침체 우려장,us_global,0.187227,8e-05,0.814651,positive,0.187227,low,72.589407,rolling_beta,v3,1,1261,1261,3,market,pass,N,,2026-06-09,0,0.0,0.0,high,N,scenario inactive,inactive scenario,0.830837,0.814651,8e-05,slowdown_vulnerable,수요 둔화와 침체/디플레이션 압력이 커지는 방어적 장세입니다. 주식 beta와 신용위험을 보수적으로 봅니다.
VIG,VIG,equity_etf,stagflation_reinflation_energy_shock,Stagflation / Reinflation / Energy Shock,물가·에너지 재상승장,us_global,0.488781,8e-05,0.830837,positive,0.488781,medium,72.540929,rolling_beta,v3,1,1261,1261,2,market,pass,N,,2026-06-09,0,0.0,0.0,high,N,scenario inactive,inactive scenario,0.093564,,8e-05,stagflation_vulnerable,성장 부담이 있는데 유가·원자재·인플레이션 압력이 다시 커지는 장세입니다. 에너지/원자재 수혜와 장기채 부담을 함께 봅니다.
VIG,VIG,equity_etf,soft_landing_goldilocks,Soft Landing / Goldilocks,우호적 위험선호장,us_global,0.830837,8e-05,0.814651,positive,0.830837,high,65.4571,rolling_beta,v3,1,1261,1261,3,market,pass,N,,2026-06-09,0,0.0,0.0,high,N,non-adverse scenario,inactive scenario,0.830837,0.814651,8e-05,risk_on_participation,우호적 위험선호장 참여 민감도
VNQ,VNQ,equity_etf,usd_strength_krw_weakness,USD Strength / KRW Weakness,달러강세/원화약세장,fx_krw,-0.159344,-0.000141,0.0,negative,0.159344,low,70.962151,rolling_beta,v3,1,1110,1110,4,market,pass,N,,2026-06-09,1,0.975204,0.975204,high,Y,trade-gated adverse scenario with medium/high evidence,active market context,0.631388,-0.046683,-0.000141,krw_weakness_hedge,달러가 강하고 원화가 약해져 KRW 기준 투자자의 환율 리스크가 커지는 장세입니다. 한국 자산과 USD 노출의 역할을 분리해 봅니다.
VNQ,VNQ,equity_etf,china_trade_fragmentation_shock,China / Trade Fragmentation Shock,중국·무역분절 충격장,china_asia,0.056044,-0.000141,0.0,positive,0.056044,low,65.435166,rolling_beta,v3,1,1110,1110,5,market,pass,N,,2026-06-09,1,0.963122,0.963122,high,Y,trade-gated adverse scenario with medium/high evidence,active market context,-0.043306,-0.046683,-0.000141,china_asia_shock_vulnerable,중국 경기·무역갈등·공급망 충격이 한국/아시아와 반도체 자산에 번지는 장세입니다. 한국 반도체 factor와 원화 약세를 함께 확인합니다.
VNQ,VNQ,equity_etf,acute_global_stress_liquidity_crunch,Acute Global Stress / Liquidity Crunch,급성 리스크오프/유동성 경색장,us_global,0.125778,-0.000141,0.793187,positive,0.125778,low,76.127067,rolling_beta,v3,1,1261,1261,3,market,pass,N,,2026-06-09,1,0.942163,0.942163,high,Y,trade-gated adverse scenario with medium/high evidence,active market context,0.762622,0.793187,-0.000141,liquidity_stress_vulnerable,변동성이 튀고 위험자산이 동반 약세를 보이는 단기 스트레스 장세입니다. 상관관계 상승과 유동성 악화를 우선 점검합니다.
VNQ,VNQ,equity_etf,higher_for_longer_long_rate_shock,Higher-for-Longer / Long-Rate Shock,장기금리 부담장,us_global,0.769442,-0.000141,0.793187,positive,0.769442,high,62.128209,rolling_beta,v3,1,1261,1261,3,market,pass,N,,2026-06-09,1,0.908767,0.908767,high,Y,trade-gated adverse scenario with medium/high evidence,active market context,0.762622,0.793187,-0.000141,rate_sensitive,장기금리와 달러 강세 부담이 채권·성장주·신용자산을 압박하는 장세입니다. 고밸류 성장주와 반도체 factor 민감도를 점검합니다.
VNQ,VNQ,equity_etf,semiconductor_ai_cycle_shock,Semiconductor / AI Cycle Shock,AI·반도체 사이클 충격장,korea_semiconductor,-0.075166,-0.000141,0.214621,negative,0.075166,low,43.672,rolling_beta,v3,1,1110,1110,6,market,pass,N,,2026-06-09,1,0.377914,0.0,medium,N,context only: WATCH state,context only: WATCH state,0.233771,0.214621,-0.000141,semiconductor_ai_shock_hedge,"AI capex 기대와 반도체 모멘텀이 꺾이면서 미국 성장주와 한국 반도체 대형주가 동시에 압박받는 장세입니다. SOXX, AI leader basket, 한국 반도체 basket의 동반 약세와 원화 압력을 함께 봅니다."
VNQ,VNQ,equity_etf,korea_domestic_financial_stress,Korea Domestic Financial Stress,한국 내수 금융스트레스장,korea_market,-0.051772,-0.000141,0.0,negative,0.051772,low,61.630274,rolling_beta,v3,1,1110,1110,5,seed,pass,Y,,2026-06-09,1,0.401006,0.0,medium,N,context only: source_quality=seed,context only: source_quality=seed,-0.043306,-0.046683,-0.000141,korea_financial_stress_hedge,"가계부채, 부동산 PF, 비은행권, 금융주와 건설주 스트레스가 한국 자산 전반으로 번지는 장세입니다. 금융/건설 basket, 신용 spread, 단기자금 spread, 원화 약세를 함께 점검합니다."
VNQ,VNQ,equity_etf,geopolitical_escalation_supply_shock,Geopolitical Escalation / Supply Shock,지정학 확전·공급충격장,geopolitical,-0.017557,-0.000141,0.762622,neutral,0.017557,low,65.604388,rolling_beta,v3,1,1110,1110,3,manual,pass,Y,,2026-06-09,1,0.398559,0.0,medium,N,context only: source_quality=manual,context only: source_quality=manual,0.074103,,-0.000141,geopolitical_supply_shock_hedge,"전쟁, 제재, 해상로 차질, 대만·중동·한반도 긴장처럼 유가·금·방산·변동성이 동시에 움직이는 이벤트성 충격 장세입니다. 뉴스 overlay는 가격 신호를 보강하는 용도로만 해석합니다."
VNQ,VNQ,equity_etf,slowdown_recession_deflation_risk,Slowdown / Recession / Deflation Risk,경기둔화/침체 우려장,us_global,0.150632,-0.000141,0.793187,positive,0.150632,low,72.589407,rolling_beta,v3,1,1261,1261,3,market,pass,N,,2026-06-09,0,0.0,0.0,high,N,scenario inactive,inactive scenario,0.762622,0.793187,-0.000141,slowdown_vulnerable,수요 둔화와 침체/디플레이션 압력이 커지는 방어적 장세입니다. 주식 beta와 신용위험을 보수적으로 봅니다.
VNQ,VNQ,equity_etf,stagflation_reinflation_energy_shock,Stagflation / Reinflation / Energy Shock,물가·에너지 재상승장,us_global,0.470438,-0.000141,0.762622,positive,0.470438,medium,72.540929,rolling_beta,v3,1,1261,1261,2,market,pass,N,,2026-06-09,0,0.0,0.0,high,N,scenario inactive,inactive scenario,0.074103,,-0.000141,stagflation_vulnerable,성장 부담이 있는데 유가·원자재·인플레이션 압력이 다시 커지는 장세입니다. 에너지/원자재 수혜와 장기채 부담을 함께 봅니다.
VNQ,VNQ,equity_etf,soft_landing_goldilocks,Soft Landing / Goldilocks,우호적 위험선호장,us_global,0.762622,-0.000141,0.793187,positive,0.762622,high,65.4571,rolling_beta,v3,1,1261,1261,3,market,pass,N,,2026-06-09,0,0.0,0.0,high,N,non-adverse scenario,inactive scenario,0.762622,0.793187,-0.000141,risk_on_participation,우호적 위험선호장 참여 민감도
VTI,VTI,equity_etf,usd_strength_krw_weakness,USD Strength / KRW Weakness,달러강세/원화약세장,fx_krw,-0.097024,0.000448,0.0,negative,0.097024,low,70.962151,rolling_beta,v3,1,1110,1110,4,market,pass,N,,2026-06-09,1,0.975204,0.975204,high,Y,trade-gated adverse scenario with medium/high evidence,active market context,0.64861,-0.021132,0.000448,krw_weakness_hedge,달러가 강하고 원화가 약해져 KRW 기준 투자자의 환율 리스크가 커지는 장세입니다. 한국 자산과 USD 노출의 역할을 분리해 봅니다.
VTI,VTI,equity_etf,china_trade_fragmentation_shock,China / Trade Fragmentation Shock,중국·무역분절 충격장,china_asia,0.091175,0.000448,0.0,positive,0.091175,low,65.435166,rolling_beta,v3,1,1110,1110,5,market,pass,N,,2026-06-09,1,0.963122,0.963122,high,Y,trade-gated adverse scenario with medium/high evidence,active market context,-0.016824,-0.021132,0.000448,china_asia_shock_vulnerable,중국 경기·무역갈등·공급망 충격이 한국/아시아와 반도체 자산에 번지는 장세입니다. 한국 반도체 factor와 원화 약세를 함께 확인합니다.
VTI,VTI,equity_etf,acute_global_stress_liquidity_crunch,Acute Global Stress / Liquidity Crunch,급성 리스크오프/유동성 경색장,us_global,0.236378,0.000448,1.005992,positive,0.236378,low,76.127067,rolling_beta,v3,1,1261,1261,3,market,pass,N,,2026-06-09,1,0.942163,0.942163,high,Y,trade-gated adverse scenario with medium/high evidence,active market context,1.011906,1.005992,0.000448,liquidity_stress_vulnerable,변동성이 튀고 위험자산이 동반 약세를 보이는 단기 스트레스 장세입니다. 상관관계 상승과 유동성 악화를 우선 점검합니다.
VTI,VTI,equity_etf,higher_for_longer_long_rate_shock,Higher-for-Longer / Long-Rate Shock,장기금리 부담장,us_global,0.456548,0.000448,1.005992,positive,0.456548,medium,62.128209,rolling_beta,v3,1,1261,1261,3,market,pass,N,,2026-06-09,1,0.908767,0.908767,high,Y,trade-gated adverse scenario with medium/high evidence,active market context,1.011906,1.005992,0.000448,rate_sensitive,장기금리와 달러 강세 부담이 채권·성장주·신용자산을 압박하는 장세입니다. 고밸류 성장주와 반도체 factor 민감도를 점검합니다.
VTI,VTI,equity_etf,semiconductor_ai_cycle_shock,Semiconductor / AI Cycle Shock,AI·반도체 사이클 충격장,korea_semiconductor,0.065214,0.000448,0.425988,positive,0.065214,low,43.672,rolling_beta,v3,1,1110,1110,6,market,pass,N,,2026-06-09,1,0.377914,0.0,medium,N,context only: WATCH state,context only: WATCH state,0.405023,0.425988,0.000448,semiconductor_ai_shock_vulnerable,"AI capex 기대와 반도체 모멘텀이 꺾이면서 미국 성장주와 한국 반도체 대형주가 동시에 압박받는 장세입니다. SOXX, AI leader basket, 한국 반도체 basket의 동반 약세와 원화 압력을 함께 봅니다."
VTI,VTI,equity_etf,korea_domestic_financial_stress,Korea Domestic Financial Stress,한국 내수 금융스트레스장,korea_market,-0.413914,0.000448,0.0,negative,0.413914,medium,61.630274,rolling_beta,v3,1,1110,1110,5,seed,pass,Y,,2026-06-09,1,0.401006,0.0,medium,N,context only: source_quality=seed,context only: source_quality=seed,-0.016824,-0.021132,0.000448,korea_financial_stress_hedge,"가계부채, 부동산 PF, 비은행권, 금융주와 건설주 스트레스가 한국 자산 전반으로 번지는 장세입니다. 금융/건설 basket, 신용 spread, 단기자금 spread, 원화 약세를 함께 점검합니다."
VTI,VTI,equity_etf,geopolitical_escalation_supply_shock,Geopolitical Escalation / Supply Shock,지정학 확전·공급충격장,geopolitical,0.058001,0.000448,1.011906,positive,0.058001,low,65.604388,rolling_beta,v3,1,1110,1110,3,manual,pass,Y,,2026-06-09,1,0.398559,0.0,medium,N,context only: source_quality=manual,context only: source_quality=manual,0.102008,,0.000448,geopolitical_supply_shock_vulnerable,"전쟁, 제재, 해상로 차질, 대만·중동·한반도 긴장처럼 유가·금·방산·변동성이 동시에 움직이는 이벤트성 충격 장세입니다. 뉴스 overlay는 가격 신호를 보강하는 용도로만 해석합니다."
VTI,VTI,equity_etf,slowdown_recession_deflation_risk,Slowdown / Recession / Deflation Risk,경기둔화/침체 우려장,us_global,0.292051,0.000448,1.005992,positive,0.292051,low,72.589407,rolling_beta,v3,1,1261,1261,3,market,pass,N,,2026-06-09,0,0.0,0.0,high,N,scenario inactive,inactive scenario,1.011906,1.005992,0.000448,slowdown_vulnerable,수요 둔화와 침체/디플레이션 압력이 커지는 방어적 장세입니다. 주식 beta와 신용위험을 보수적으로 봅니다.
VTI,VTI,equity_etf,stagflation_reinflation_energy_shock,Stagflation / Reinflation / Energy Shock,물가·에너지 재상승장,us_global,0.342961,0.000448,1.011906,positive,0.342961,medium,72.540929,rolling_beta,v3,1,1261,1261,2,market,pass,N,,2026-06-09,0,0.0,0.0,high,N,scenario inactive,inactive scenario,0.102008,,0.000448,stagflation_vulnerable,성장 부담이 있는데 유가·원자재·인플레이션 압력이 다시 커지는 장세입니다. 에너지/원자재 수혜와 장기채 부담을 함께 봅니다.
VTI,VTI,equity_etf,soft_landing_goldilocks,Soft Landing / Goldilocks,우호적 위험선호장,us_global,1.011906,0.000448,1.005992,positive,1.011906,high,65.4571,rolling_beta,v3,1,1261,1261,3,market,pass,N,,2026-06-09,0,0.0,0.0,high,N,non-adverse scenario,inactive scenario,1.011906,1.005992,0.000448,risk_on_participation,우호적 위험선호장 참여 민감도
VTV,VTV,equity_etf,usd_strength_krw_weakness,USD Strength / KRW Weakness,달러강세/원화약세장,fx_krw,-0.157756,8e-06,0.0,negative,0.157756,low,70.962151,rolling_beta,v3,1,1110,1110,4,market,pass,N,,2026-06-09,1,0.975204,0.975204,high,Y,trade-gated adverse scenario with medium/high evidence,active market context,0.759762,-0.041891,8e-06,krw_weakness_hedge,달러가 강하고 원화가 약해져 KRW 기준 투자자의 환율 리스크가 커지는 장세입니다. 한국 자산과 USD 노출의 역할을 분리해 봅니다.
VTV,VTV,equity_etf,china_trade_fragmentation_shock,China / Trade Fragmentation Shock,중국·무역분절 충격장,china_asia,0.053601,8e-06,0.0,positive,0.053601,low,65.435166,rolling_beta,v3,1,1110,1110,5,market,pass,N,,2026-06-09,1,0.963122,0.963122,high,Y,trade-gated adverse scenario with medium/high evidence,active market context,-0.04714,-0.041891,8e-06,china_asia_shock_vulnerable,중국 경기·무역갈등·공급망 충격이 한국/아시아와 반도체 자산에 번지는 장세입니다. 한국 반도체 factor와 원화 약세를 함께 확인합니다.
VTV,VTV,equity_etf,acute_global_stress_liquidity_crunch,Acute Global Stress / Liquidity Crunch,급성 리스크오프/유동성 경색장,us_global,0.122587,8e-06,0.774012,positive,0.122587,low,76.127067,rolling_beta,v3,1,1261,1261,3,market,pass,N,,2026-06-09,1,0.942163,0.942163,high,Y,trade-gated adverse scenario with medium/high evidence,active market context,0.768976,0.774012,8e-06,liquidity_stress_vulnerable,변동성이 튀고 위험자산이 동반 약세를 보이는 단기 스트레스 장세입니다. 상관관계 상승과 유동성 악화를 우선 점검합니다.
VTV,VTV,equity_etf,higher_for_longer_long_rate_shock,Higher-for-Longer / Long-Rate Shock,장기금리 부담장,us_global,0.772937,8e-06,0.774012,positive,0.772937,high,62.128209,rolling_beta,v3,1,1261,1261,3,market,pass,N,,2026-06-09,1,0.908767,0.908767,high,Y,trade-gated adverse scenario with medium/high evidence,active market context,0.768976,0.774012,8e-06,rate_sensitive,장기금리와 달러 강세 부담이 채권·성장주·신용자산을 압박하는 장세입니다. 고밸류 성장주와 반도체 factor 민감도를 점검합니다.
VTV,VTV,equity_etf,semiconductor_ai_cycle_shock,Semiconductor / AI Cycle Shock,AI·반도체 사이클 충격장,korea_semiconductor,-0.057612,8e-06,0.252858,negative,0.057612,low,43.672,rolling_beta,v3,1,1110,1110,6,market,pass,N,,2026-06-09,1,0.377914,0.0,medium,N,context only: WATCH state,context only: WATCH state,0.255884,0.252858,8e-06,semiconductor_ai_shock_hedge,"AI capex 기대와 반도체 모멘텀이 꺾이면서 미국 성장주와 한국 반도체 대형주가 동시에 압박받는 장세입니다. SOXX, AI leader basket, 한국 반도체 basket의 동반 약세와 원화 압력을 함께 봅니다."
VTV,VTV,equity_etf,korea_domestic_financial_stress,Korea Domestic Financial Stress,한국 내수 금융스트레스장,korea_market,-0.38623,8e-06,0.0,negative,0.38623,medium,61.630274,rolling_beta,v3,1,1110,1110,5,seed,pass,Y,,2026-06-09,1,0.401006,0.0,medium,N,context only: source_quality=seed,context only: source_quality=seed,-0.04714,-0.041891,8e-06,korea_financial_stress_hedge,"가계부채, 부동산 PF, 비은행권, 금융주와 건설주 스트레스가 한국 자산 전반으로 번지는 장세입니다. 금융/건설 basket, 신용 spread, 단기자금 spread, 원화 약세를 함께 점검합니다."
VTV,VTV,equity_etf,geopolitical_escalation_supply_shock,Geopolitical Escalation / Supply Shock,지정학 확전·공급충격장,geopolitical,-0.002271,8e-06,0.768976,neutral,0.002271,low,65.604388,rolling_beta,v3,1,1110,1110,3,manual,pass,Y,,2026-06-09,1,0.398559,0.0,medium,N,context only: source_quality=manual,context only: source_quality=manual,0.121853,,8e-06,geopolitical_supply_shock_hedge,"전쟁, 제재, 해상로 차질, 대만·중동·한반도 긴장처럼 유가·금·방산·변동성이 동시에 움직이는 이벤트성 충격 장세입니다. 뉴스 overlay는 가격 신호를 보강하는 용도로만 해석합니다."
VTV,VTV,equity_etf,slowdown_recession_deflation_risk,Slowdown / Recession / Deflation Risk,경기둔화/침체 우려장,us_global,0.149562,8e-06,0.774012,positive,0.149562,low,72.589407,rolling_beta,v3,1,1261,1261,3,market,pass,N,,2026-06-09,0,0.0,0.0,high,N,scenario inactive,inactive scenario,0.768976,0.774012,8e-06,slowdown_vulnerable,수요 둔화와 침체/디플레이션 압력이 커지는 방어적 장세입니다. 주식 beta와 신용위험을 보수적으로 봅니다.
VTV,VTV,equity_etf,stagflation_reinflation_energy_shock,Stagflation / Reinflation / Energy Shock,물가·에너지 재상승장,us_global,0.468947,8e-06,0.768976,positive,0.468947,medium,72.540929,rolling_beta,v3,1,1261,1261,2,market,pass,N,,2026-06-09,0,0.0,0.0,high,N,scenario inactive,inactive scenario,0.121853,,8e-06,stagflation_vulnerable,성장 부담이 있는데 유가·원자재·인플레이션 압력이 다시 커지는 장세입니다. 에너지/원자재 수혜와 장기채 부담을 함께 봅니다.
VTV,VTV,equity_etf,soft_landing_goldilocks,Soft Landing / Goldilocks,우호적 위험선호장,us_global,0.768976,8e-06,0.774012,positive,0.768976,high,65.4571,rolling_beta,v3,1,1261,1261,3,market,pass,N,,2026-06-09,0,0.0,0.0,high,N,non-adverse scenario,inactive scenario,0.768976,0.774012,8e-06,risk_on_participation,우호적 위험선호장 참여 민감도
VUG,VUG,equity_etf,usd_strength_krw_weakness,USD Strength / KRW Weakness,달러강세/원화약세장,fx_krw,-0.05063,0.000696,0.0,negative,0.05063,low,70.962151,rolling_beta,v3,1,1110,1110,4,market,pass,N,,2026-06-09,1,0.975204,0.975204,high,Y,trade-gated adverse scenario with medium/high evidence,active market context,0.574774,-0.011208,0.000696,krw_weakness_hedge,달러가 강하고 원화가 약해져 KRW 기준 투자자의 환율 리스크가 커지는 장세입니다. 한국 자산과 USD 노출의 역할을 분리해 봅니다.
VUG,VUG,equity_etf,china_trade_fragmentation_shock,China / Trade Fragmentation Shock,중국·무역분절 충격장,china_asia,0.472105,0.000696,0.0,positive,0.472105,medium,65.435166,rolling_beta,v3,1,1110,1110,5,market,pass,N,,2026-06-09,1,0.963122,0.963122,high,Y,trade-gated adverse scenario with medium/high evidence,active market context,0.009441,-0.011208,0.000696,china_asia_shock_vulnerable,중국 경기·무역갈등·공급망 충격이 한국/아시아와 반도체 자산에 번지는 장세입니다. 한국 반도체 factor와 원화 약세를 함께 확인합니다.
VUG,VUG,equity_etf,acute_global_stress_liquidity_crunch,Acute Global Stress / Liquidity Crunch,급성 리스크오프/유동성 경색장,us_global,0.62731,0.000696,1.187673,positive,0.62731,medium,76.127067,rolling_beta,v3,1,1261,1261,3,market,pass,N,,2026-06-09,1,0.942163,0.942163,high,Y,trade-gated adverse scenario with medium/high evidence,active market context,1.197478,1.187673,0.000696,liquidity_stress_vulnerable,변동성이 튀고 위험자산이 동반 약세를 보이는 단기 스트레스 장세입니다. 상관관계 상승과 유동성 악화를 우선 점검합니다.
VUG,VUG,equity_etf,higher_for_longer_long_rate_shock,Higher-for-Longer / Long-Rate Shock,장기금리 부담장,us_global,1.258613,0.000696,1.187673,positive,1.258613,high,62.128209,rolling_beta,v3,1,1261,1261,3,market,pass,N,,2026-06-09,1,0.908767,0.908767,high,Y,trade-gated adverse scenario with medium/high evidence,active market context,1.197478,1.187673,0.000696,rate_sensitive,장기금리와 달러 강세 부담이 채권·성장주·신용자산을 압박하는 장세입니다. 고밸류 성장주와 반도체 factor 민감도를 점검합니다.
VUG,VUG,equity_etf,semiconductor_ai_cycle_shock,Semiconductor / AI Cycle Shock,AI·반도체 사이클 충격장,korea_semiconductor,0.660122,0.000696,0.556566,positive,0.660122,medium,43.672,rolling_beta,v3,1,1110,1110,6,market,pass,N,,2026-06-09,1,0.377914,0.0,medium,N,context only: WATCH state,context only: WATCH state,0.516932,0.556566,0.000696,semiconductor_ai_shock_vulnerable,"AI capex 기대와 반도체 모멘텀이 꺾이면서 미국 성장주와 한국 반도체 대형주가 동시에 압박받는 장세입니다. SOXX, AI leader basket, 한국 반도체 basket의 동반 약세와 원화 압력을 함께 봅니다."
VUG,VUG,equity_etf,korea_domestic_financial_stress,Korea Domestic Financial Stress,한국 내수 금융스트레스장,korea_market,-0.42787,0.000696,0.0,negative,0.42787,medium,61.630274,rolling_beta,v3,1,1110,1110,5,seed,pass,Y,,2026-06-09,1,0.401006,0.0,medium,N,context only: source_quality=seed,context only: source_quality=seed,0.009441,-0.011208,0.000696,korea_financial_stress_hedge,"가계부채, 부동산 PF, 비은행권, 금융주와 건설주 스트레스가 한국 자산 전반으로 번지는 장세입니다. 금융/건설 basket, 신용 spread, 단기자금 spread, 원화 약세를 함께 점검합니다."
VUG,VUG,equity_etf,geopolitical_escalation_supply_shock,Geopolitical Escalation / Supply Shock,지정학 확전·공급충격장,geopolitical,0.10925,0.000696,1.197478,positive,0.10925,low,65.604388,rolling_beta,v3,1,1110,1110,3,manual,pass,Y,,2026-06-09,1,0.398559,0.0,medium,N,context only: source_quality=manual,context only: source_quality=manual,0.080664,,0.000696,geopolitical_supply_shock_vulnerable,"전쟁, 제재, 해상로 차질, 대만·중동·한반도 긴장처럼 유가·금·방산·변동성이 동시에 움직이는 이벤트성 충격 장세입니다. 뉴스 overlay는 가격 신호를 보강하는 용도로만 해석합니다."
VUG,VUG,equity_etf,slowdown_recession_deflation_risk,Slowdown / Recession / Deflation Risk,경기둔화/침체 우려장,us_global,0.404014,0.000696,1.187673,positive,0.404014,medium,72.589407,rolling_beta,v3,1,1261,1261,3,market,pass,N,,2026-06-09,0,0.0,0.0,high,N,scenario inactive,inactive scenario,1.197478,1.187673,0.000696,slowdown_vulnerable,수요 둔화와 침체/디플레이션 압력이 커지는 방어적 장세입니다. 주식 beta와 신용위험을 보수적으로 봅니다.
VUG,VUG,equity_etf,stagflation_reinflation_energy_shock,Stagflation / Reinflation / Energy Shock,물가·에너지 재상승장,us_global,0.601727,0.000696,1.197478,positive,0.601727,medium,72.540929,rolling_beta,v3,1,1261,1261,2,market,pass,N,,2026-06-09,0,0.0,0.0,high,N,scenario inactive,inactive scenario,0.080664,,0.000696,stagflation_vulnerable,성장 부담이 있는데 유가·원자재·인플레이션 압력이 다시 커지는 장세입니다. 에너지/원자재 수혜와 장기채 부담을 함께 봅니다.
VUG,VUG,equity_etf,soft_landing_goldilocks,Soft Landing / Goldilocks,우호적 위험선호장,us_global,1.197478,0.000696,1.187673,positive,1.197478,high,65.4571,rolling_beta,v3,1,1261,1261,3,market,pass,N,,2026-06-09,0,0.0,0.0,high,N,non-adverse scenario,inactive scenario,1.197478,1.187673,0.000696,risk_on_participation,우호적 위험선호장 참여 민감도
VXUS,VXUS,equity_etf,usd_strength_krw_weakness,USD Strength / KRW Weakness,달러강세/원화약세장,fx_krw,-0.161109,0.000406,0.021251,negative,0.161109,low,70.962151,rolling_beta,v3,1,1110,1110,4,market,pass,N,,2026-06-09,1,0.975204,0.975204,high,Y,trade-gated adverse scenario with medium/high evidence,active market context,0.539089,0.021251,0.000406,krw_weakness_hedge,달러가 강하고 원화가 약해져 KRW 기준 투자자의 환율 리스크가 커지는 장세입니다. 한국 자산과 USD 노출의 역할을 분리해 봅니다.
VXUS,VXUS,equity_etf,china_trade_fragmentation_shock,China / Trade Fragmentation Shock,중국·무역분절 충격장,china_asia,0.040969,0.000406,0.021251,neutral,0.040969,low,65.435166,rolling_beta,v3,1,1110,1110,5,market,pass,N,,2026-06-09,1,0.963122,0.963122,high,Y,trade-gated adverse scenario with medium/high evidence,active market context,0.027711,0.021251,0.000406,china_asia_shock_vulnerable,중국 경기·무역갈등·공급망 충격이 한국/아시아와 반도체 자산에 번지는 장세입니다. 한국 반도체 factor와 원화 약세를 함께 확인합니다.
VXUS,VXUS,equity_etf,acute_global_stress_liquidity_crunch,Acute Global Stress / Liquidity Crunch,급성 리스크오프/유동성 경색장,us_global,0.397302,0.000406,0.75169,positive,0.397302,medium,76.127067,rolling_beta,v3,1,1261,1261,3,market,pass,N,,2026-06-09,1,0.942163,0.942163,high,Y,trade-gated adverse scenario with medium/high evidence,active market context,0.755563,0.75169,0.000406,liquidity_stress_vulnerable,변동성이 튀고 위험자산이 동반 약세를 보이는 단기 스트레스 장세입니다. 상관관계 상승과 유동성 악화를 우선 점검합니다.
VXUS,VXUS,equity_etf,higher_for_longer_long_rate_shock,Higher-for-Longer / Long-Rate Shock,장기금리 부담장,us_global,0.31556,0.000406,0.75169,positive,0.31556,medium,62.128209,rolling_beta,v3,1,1261,1261,3,market,pass,N,,2026-06-09,1,0.908767,0.908767,high,Y,trade-gated adverse scenario with medium/high evidence,active market context,0.755563,0.75169,0.000406,rate_sensitive,장기금리와 달러 강세 부담이 채권·성장주·신용자산을 압박하는 장세입니다. 고밸류 성장주와 반도체 factor 민감도를 점검합니다.
VXUS,VXUS,equity_etf,semiconductor_ai_cycle_shock,Semiconductor / AI Cycle Shock,AI·반도체 사이클 충격장,korea_semiconductor,0.23495,0.000406,0.323274,positive,0.23495,low,43.672,rolling_beta,v3,1,1110,1110,6,market,pass,N,,2026-06-09,1,0.377914,0.0,medium,N,context only: WATCH state,context only: WATCH state,0.32119,0.323274,0.000406,semiconductor_ai_shock_vulnerable,"AI capex 기대와 반도체 모멘텀이 꺾이면서 미국 성장주와 한국 반도체 대형주가 동시에 압박받는 장세입니다. SOXX, AI leader basket, 한국 반도체 basket의 동반 약세와 원화 압력을 함께 봅니다."
VXUS,VXUS,equity_etf,korea_domestic_financial_stress,Korea Domestic Financial Stress,한국 내수 금융스트레스장,korea_market,-0.119581,0.000406,0.021251,negative,0.119581,low,61.630274,rolling_beta,v3,1,1110,1110,5,seed,pass,Y,,2026-06-09,1,0.401006,0.0,medium,N,context only: source_quality=seed,context only: source_quality=seed,0.027711,0.021251,0.000406,korea_financial_stress_hedge,"가계부채, 부동산 PF, 비은행권, 금융주와 건설주 스트레스가 한국 자산 전반으로 번지는 장세입니다. 금융/건설 basket, 신용 spread, 단기자금 spread, 원화 약세를 함께 점검합니다."
VXUS,VXUS,equity_etf,geopolitical_escalation_supply_shock,Geopolitical Escalation / Supply Shock,지정학 확전·공급충격장,geopolitical,-0.158009,0.000406,0.755563,negative,0.158009,low,65.604388,rolling_beta,v3,1,1110,1110,3,manual,pass,Y,,2026-06-09,1,0.398559,0.0,medium,N,context only: source_quality=manual,context only: source_quality=manual,0.080206,,0.000406,geopolitical_supply_shock_hedge,"전쟁, 제재, 해상로 차질, 대만·중동·한반도 긴장처럼 유가·금·방산·변동성이 동시에 움직이는 이벤트성 충격 장세입니다. 뉴스 overlay는 가격 신호를 보강하는 용도로만 해석합니다."
VXUS,VXUS,equity_etf,slowdown_recession_deflation_risk,Slowdown / Recession / Deflation Risk,경기둔화/침체 우려장,us_global,0.476916,0.000406,0.75169,positive,0.476916,medium,72.589407,rolling_beta,v3,1,1261,1261,3,market,pass,N,,2026-06-09,0,0.0,0.0,high,N,scenario inactive,inactive scenario,0.755563,0.75169,0.000406,slowdown_vulnerable,수요 둔화와 침체/디플레이션 압력이 커지는 방어적 장세입니다. 주식 beta와 신용위험을 보수적으로 봅니다.
VXUS,VXUS,equity_etf,stagflation_reinflation_energy_shock,Stagflation / Reinflation / Energy Shock,물가·에너지 재상승장,us_global,-0.195696,0.000406,0.755563,negative,0.195696,low,72.540929,rolling_beta,v3,1,1261,1261,2,market,pass,N,,2026-06-09,0,0.0,0.0,high,N,scenario inactive,inactive scenario,0.080206,,0.000406,inflation_hedge,성장 부담이 있는데 유가·원자재·인플레이션 압력이 다시 커지는 장세입니다. 에너지/원자재 수혜와 장기채 부담을 함께 봅니다.
VXUS,VXUS,equity_etf,soft_landing_goldilocks,Soft Landing / Goldilocks,우호적 위험선호장,us_global,0.755563,0.000406,0.75169,positive,0.755563,high,65.4571,rolling_beta,v3,1,1261,1261,3,market,pass,N,,2026-06-09,0,0.0,0.0,high,N,non-adverse scenario,inactive scenario,0.755563,0.75169,0.000406,risk_on_participation,우호적 위험선호장 참여 민감도
WMT,WMT,us_stock,usd_strength_krw_weakness,USD Strength / KRW Weakness,달러강세/원화약세장,fx_krw,-0.205773,-0.000687,0.0,negative,0.205773,low,70.962151,rolling_beta,v3,1,1110,1110,4,market,pass,N,,2026-06-09,1,0.975204,0.975204,high,Y,trade-gated adverse scenario with medium/high evidence,active market context,0.963452,-0.125733,-0.000687,krw_weakness_hedge,달러가 강하고 원화가 약해져 KRW 기준 투자자의 환율 리스크가 커지는 장세입니다. 한국 자산과 USD 노출의 역할을 분리해 봅니다.
WMT,WMT,us_stock,china_trade_fragmentation_shock,China / Trade Fragmentation Shock,중국·무역분절 충격장,china_asia,0.032564,-0.000687,0.0,neutral,0.032564,low,65.435166,rolling_beta,v3,1,1110,1110,5,market,pass,N,,2026-06-09,1,0.963122,0.963122,high,Y,trade-gated adverse scenario with medium/high evidence,active market context,-0.125521,-0.125733,-0.000687,china_asia_shock_vulnerable,중국 경기·무역갈등·공급망 충격이 한국/아시아와 반도체 자산에 번지는 장세입니다. 한국 반도체 factor와 원화 약세를 함께 확인합니다.
WMT,WMT,us_stock,acute_global_stress_liquidity_crunch,Acute Global Stress / Liquidity Crunch,급성 리스크오프/유동성 경색장,us_global,0.048228,-0.000687,0.589213,neutral,0.048228,low,76.127067,rolling_beta,v3,1,1261,1261,3,market,pass,N,,2026-06-09,1,0.942163,0.942163,high,Y,trade-gated adverse scenario with medium/high evidence,active market context,0.576909,0.589213,-0.000687,liquidity_stress_vulnerable,변동성이 튀고 위험자산이 동반 약세를 보이는 단기 스트레스 장세입니다. 상관관계 상승과 유동성 악화를 우선 점검합니다.
WMT,WMT,us_stock,higher_for_longer_long_rate_shock,Higher-for-Longer / Long-Rate Shock,장기금리 부담장,us_global,0.6673,-0.000687,0.589213,positive,0.6673,medium,62.128209,rolling_beta,v3,1,1261,1261,3,market,pass,N,,2026-06-09,1,0.908767,0.908767,high,Y,trade-gated adverse scenario with medium/high evidence,active market context,0.576909,0.589213,-0.000687,rate_sensitive,장기금리와 달러 강세 부담이 채권·성장주·신용자산을 압박하는 장세입니다. 고밸류 성장주와 반도체 factor 민감도를 점검합니다.
WMT,WMT,us_stock,semiconductor_ai_cycle_shock,Semiconductor / AI Cycle Shock,AI·반도체 사이클 충격장,korea_semiconductor,-0.162485,-0.000687,0.09414,negative,0.162485,low,43.672,rolling_beta,v3,1,1110,1110,6,market,pass,N,,2026-06-09,1,0.377914,0.0,medium,N,context only: WATCH state,context only: WATCH state,0.123541,0.09414,-0.000687,semiconductor_ai_shock_hedge,"AI capex 기대와 반도체 모멘텀이 꺾이면서 미국 성장주와 한국 반도체 대형주가 동시에 압박받는 장세입니다. SOXX, AI leader basket, 한국 반도체 basket의 동반 약세와 원화 압력을 함께 봅니다."
WMT,WMT,us_stock,korea_domestic_financial_stress,Korea Domestic Financial Stress,한국 내수 금융스트레스장,korea_market,-0.3383,-0.000687,0.0,negative,0.3383,medium,61.630274,rolling_beta,v3,1,1110,1110,5,seed,pass,Y,,2026-06-09,1,0.401006,0.0,medium,N,context only: source_quality=seed,context only: source_quality=seed,-0.125521,-0.125733,-0.000687,korea_financial_stress_hedge,"가계부채, 부동산 PF, 비은행권, 금융주와 건설주 스트레스가 한국 자산 전반으로 번지는 장세입니다. 금융/건설 basket, 신용 spread, 단기자금 spread, 원화 약세를 함께 점검합니다."
WMT,WMT,us_stock,geopolitical_escalation_supply_shock,Geopolitical Escalation / Supply Shock,지정학 확전·공급충격장,geopolitical,-0.021584,-0.000687,0.576909,neutral,0.021584,low,65.604388,rolling_beta,v3,1,1110,1110,3,manual,pass,Y,,2026-06-09,1,0.398559,0.0,medium,N,context only: source_quality=manual,context only: source_quality=manual,0.097327,,-0.000687,geopolitical_supply_shock_hedge,"전쟁, 제재, 해상로 차질, 대만·중동·한반도 긴장처럼 유가·금·방산·변동성이 동시에 움직이는 이벤트성 충격 장세입니다. 뉴스 overlay는 가격 신호를 보강하는 용도로만 해석합니다."
WMT,WMT,us_stock,slowdown_recession_deflation_risk,Slowdown / Recession / Deflation Risk,경기둔화/침체 우려장,us_global,0.049046,-0.000687,0.589213,neutral,0.049046,low,72.589407,rolling_beta,v3,1,1261,1261,3,market,pass,N,,2026-06-09,0,0.0,0.0,high,N,scenario inactive,inactive scenario,0.576909,0.589213,-0.000687,slowdown_vulnerable,수요 둔화와 침체/디플레이션 압력이 커지는 방어적 장세입니다. 주식 beta와 신용위험을 보수적으로 봅니다.
WMT,WMT,us_stock,stagflation_reinflation_energy_shock,Stagflation / Reinflation / Energy Shock,물가·에너지 재상승장,us_global,0.419101,-0.000687,0.576909,positive,0.419101,medium,72.540929,rolling_beta,v3,1,1261,1261,2,market,pass,N,,2026-06-09,0,0.0,0.0,high,N,scenario inactive,inactive scenario,0.097327,,-0.000687,stagflation_vulnerable,성장 부담이 있는데 유가·원자재·인플레이션 압력이 다시 커지는 장세입니다. 에너지/원자재 수혜와 장기채 부담을 함께 봅니다.
WMT,WMT,us_stock,soft_landing_goldilocks,Soft Landing / Goldilocks,우호적 위험선호장,us_global,0.576909,-0.000687,0.589213,positive,0.576909,medium,65.4571,rolling_beta,v3,1,1261,1261,3,market,pass,N,,2026-06-09,0,0.0,0.0,high,N,non-adverse scenario,inactive scenario,0.576909,0.589213,-0.000687,risk_on_participation,우호적 위험선호장 참여 민감도
XBI,XBI,equity_etf,usd_strength_krw_weakness,USD Strength / KRW Weakness,달러강세/원화약세장,fx_krw,-0.080722,0.004405,0.0,negative,0.080722,low,70.962151,rolling_beta,v3,1,1110,1110,4,market,pass,N,,2026-06-09,1,0.975204,0.975204,high,Y,trade-gated adverse scenario with medium/high evidence,active market context,0.463343,-0.126038,0.004405,krw_weakness_hedge,달러가 강하고 원화가 약해져 KRW 기준 투자자의 환율 리스크가 커지는 장세입니다. 한국 자산과 USD 노출의 역할을 분리해 봅니다.
XBI,XBI,equity_etf,china_trade_fragmentation_shock,China / Trade Fragmentation Shock,중국·무역분절 충격장,china_asia,0.005301,0.004405,0.0,neutral,0.005301,low,65.435166,rolling_beta,v3,1,1110,1110,5,market,pass,N,,2026-06-09,1,0.963122,0.963122,high,Y,trade-gated adverse scenario with medium/high evidence,active market context,-0.071163,-0.126038,0.004405,china_asia_shock_vulnerable,중국 경기·무역갈등·공급망 충격이 한국/아시아와 반도체 자산에 번지는 장세입니다. 한국 반도체 factor와 원화 약세를 함께 확인합니다.
XBI,XBI,equity_etf,acute_global_stress_liquidity_crunch,Acute Global Stress / Liquidity Crunch,급성 리스크오프/유동성 경색장,us_global,0.094194,0.004405,1.075483,positive,0.094194,low,76.127067,rolling_beta,v3,1,1261,1261,3,market,pass,N,,2026-06-09,1,0.942163,0.942163,high,Y,trade-gated adverse scenario with medium/high evidence,active market context,1.077112,1.075483,0.004405,liquidity_stress_vulnerable,변동성이 튀고 위험자산이 동반 약세를 보이는 단기 스트레스 장세입니다. 상관관계 상승과 유동성 악화를 우선 점검합니다.
XBI,XBI,equity_etf,higher_for_longer_long_rate_shock,Higher-for-Longer / Long-Rate Shock,장기금리 부담장,us_global,0.942412,0.004405,1.075483,positive,0.942412,high,62.128209,rolling_beta,v3,1,1261,1261,3,market,pass,N,,2026-06-09,1,0.908767,0.908767,high,Y,trade-gated adverse scenario with medium/high evidence,active market context,1.077112,1.075483,0.004405,rate_sensitive,장기금리와 달러 강세 부담이 채권·성장주·신용자산을 압박하는 장세입니다. 고밸류 성장주와 반도체 factor 민감도를 점검합니다.
XBI,XBI,equity_etf,semiconductor_ai_cycle_shock,Semiconductor / AI Cycle Shock,AI·반도체 사이클 충격장,korea_semiconductor,0.271765,0.004405,0.50972,positive,0.271765,low,43.672,rolling_beta,v3,1,1110,1110,6,market,pass,N,,2026-06-09,1,0.377914,0.0,medium,N,context only: WATCH state,context only: WATCH state,0.451682,0.50972,0.004405,semiconductor_ai_shock_vulnerable,"AI capex 기대와 반도체 모멘텀이 꺾이면서 미국 성장주와 한국 반도체 대형주가 동시에 압박받는 장세입니다. SOXX, AI leader basket, 한국 반도체 basket의 동반 약세와 원화 압력을 함께 봅니다."
XBI,XBI,equity_etf,korea_domestic_financial_stress,Korea Domestic Financial Stress,한국 내수 금융스트레스장,korea_market,-0.54062,0.004405,0.0,negative,0.54062,medium,61.630274,rolling_beta,v3,1,1110,1110,5,seed,pass,Y,,2026-06-09,1,0.401006,0.0,medium,N,context only: source_quality=seed,context only: source_quality=seed,-0.071163,-0.126038,0.004405,korea_financial_stress_hedge,"가계부채, 부동산 PF, 비은행권, 금융주와 건설주 스트레스가 한국 자산 전반으로 번지는 장세입니다. 금융/건설 basket, 신용 spread, 단기자금 spread, 원화 약세를 함께 점검합니다."
XBI,XBI,equity_etf,geopolitical_escalation_supply_shock,Geopolitical Escalation / Supply Shock,지정학 확전·공급충격장,geopolitical,-0.04073,0.004405,1.077112,neutral,0.04073,low,65.604388,rolling_beta,v3,1,1110,1110,3,manual,pass,Y,,2026-06-09,1,0.398559,0.0,medium,N,context only: source_quality=manual,context only: source_quality=manual,0.018656,,0.004405,geopolitical_supply_shock_hedge,"전쟁, 제재, 해상로 차질, 대만·중동·한반도 긴장처럼 유가·금·방산·변동성이 동시에 움직이는 이벤트성 충격 장세입니다. 뉴스 overlay는 가격 신호를 보강하는 용도로만 해석합니다."
XBI,XBI,equity_etf,slowdown_recession_deflation_risk,Slowdown / Recession / Deflation Risk,경기둔화/침체 우려장,us_global,0.195953,0.004405,1.075483,positive,0.195953,low,72.589407,rolling_beta,v3,1,1261,1261,3,market,pass,N,,2026-06-09,0,0.0,0.0,high,N,scenario inactive,inactive scenario,1.077112,1.075483,0.004405,slowdown_vulnerable,수요 둔화와 침체/디플레이션 압력이 커지는 방어적 장세입니다. 주식 beta와 신용위험을 보수적으로 봅니다.
XBI,XBI,equity_etf,stagflation_reinflation_energy_shock,Stagflation / Reinflation / Energy Shock,물가·에너지 재상승장,us_global,0.466868,0.004405,1.077112,positive,0.466868,medium,72.540929,rolling_beta,v3,1,1261,1261,2,market,pass,N,,2026-06-09,0,0.0,0.0,high,N,scenario inactive,inactive scenario,0.018656,,0.004405,stagflation_vulnerable,성장 부담이 있는데 유가·원자재·인플레이션 압력이 다시 커지는 장세입니다. 에너지/원자재 수혜와 장기채 부담을 함께 봅니다.
XBI,XBI,equity_etf,soft_landing_goldilocks,Soft Landing / Goldilocks,우호적 위험선호장,us_global,1.077112,0.004405,1.075483,positive,1.077112,high,65.4571,rolling_beta,v3,1,1261,1261,3,market,pass,N,,2026-06-09,0,0.0,0.0,high,N,non-adverse scenario,inactive scenario,1.077112,1.075483,0.004405,risk_on_participation,우호적 위험선호장 참여 민감도
XLB,XLB,equity_etf,usd_strength_krw_weakness,USD Strength / KRW Weakness,달러강세/원화약세장,fx_krw,-0.132161,-0.000544,0.030224,negative,0.132161,low,70.962151,rolling_beta,v3,1,1110,1110,4,market,pass,N,,2026-06-09,1,0.975204,0.975204,high,Y,trade-gated adverse scenario with medium/high evidence,active market context,0.597634,0.030224,-0.000544,krw_weakness_hedge,달러가 강하고 원화가 약해져 KRW 기준 투자자의 환율 리스크가 커지는 장세입니다. 한국 자산과 USD 노출의 역할을 분리해 봅니다.
XLB,XLB,equity_etf,china_trade_fragmentation_shock,China / Trade Fragmentation Shock,중국·무역분절 충격장,china_asia,0.087862,-0.000544,0.030224,positive,0.087862,low,65.435166,rolling_beta,v3,1,1110,1110,5,market,pass,N,,2026-06-09,1,0.963122,0.963122,high,Y,trade-gated adverse scenario with medium/high evidence,active market context,0.005199,0.030224,-0.000544,china_asia_shock_vulnerable,중국 경기·무역갈등·공급망 충격이 한국/아시아와 반도체 자산에 번지는 장세입니다. 한국 반도체 factor와 원화 약세를 함께 확인합니다.
XLB,XLB,equity_etf,acute_global_stress_liquidity_crunch,Acute Global Stress / Liquidity Crunch,급성 리스크오프/유동성 경색장,us_global,0.50371,-0.000544,0.867122,positive,0.50371,medium,76.127067,rolling_beta,v3,1,1261,1261,3,market,pass,N,,2026-06-09,1,0.942163,0.942163,high,Y,trade-gated adverse scenario with medium/high evidence,active market context,0.871358,0.867122,-0.000544,liquidity_stress_vulnerable,변동성이 튀고 위험자산이 동반 약세를 보이는 단기 스트레스 장세입니다. 상관관계 상승과 유동성 악화를 우선 점검합니다.
XLB,XLB,equity_etf,higher_for_longer_long_rate_shock,Higher-for-Longer / Long-Rate Shock,장기금리 부담장,us_global,0.379247,-0.000544,0.867122,positive,0.379247,medium,62.128209,rolling_beta,v3,1,1261,1261,3,market,pass,N,,2026-06-09,1,0.908767,0.908767,high,Y,trade-gated adverse scenario with medium/high evidence,active market context,0.871358,0.867122,-0.000544,rate_sensitive,장기금리와 달러 강세 부담이 채권·성장주·신용자산을 압박하는 장세입니다. 고밸류 성장주와 반도체 factor 민감도를 점검합니다.
XLB,XLB,equity_etf,semiconductor_ai_cycle_shock,Semiconductor / AI Cycle Shock,AI·반도체 사이클 충격장,korea_semiconductor,0.251942,-0.000544,0.313945,positive,0.251942,low,43.672,rolling_beta,v3,1,1110,1110,6,market,pass,N,,2026-06-09,1,0.377914,0.0,medium,N,context only: WATCH state,context only: WATCH state,0.325259,0.313945,-0.000544,semiconductor_ai_shock_vulnerable,"AI capex 기대와 반도체 모멘텀이 꺾이면서 미국 성장주와 한국 반도체 대형주가 동시에 압박받는 장세입니다. SOXX, AI leader basket, 한국 반도체 basket의 동반 약세와 원화 압력을 함께 봅니다."
XLB,XLB,equity_etf,korea_domestic_financial_stress,Korea Domestic Financial Stress,한국 내수 금융스트레스장,korea_market,-0.091416,-0.000544,0.030224,negative,0.091416,low,61.630274,rolling_beta,v3,1,1110,1110,5,seed,pass,Y,,2026-06-09,1,0.401006,0.0,medium,N,context only: source_quality=seed,context only: source_quality=seed,0.005199,0.030224,-0.000544,korea_financial_stress_hedge,"가계부채, 부동산 PF, 비은행권, 금융주와 건설주 스트레스가 한국 자산 전반으로 번지는 장세입니다. 금융/건설 basket, 신용 spread, 단기자금 spread, 원화 약세를 함께 점검합니다."
XLB,XLB,equity_etf,geopolitical_escalation_supply_shock,Geopolitical Escalation / Supply Shock,지정학 확전·공급충격장,geopolitical,-0.087645,-0.000544,0.871358,negative,0.087645,low,65.604388,rolling_beta,v3,1,1110,1110,3,manual,pass,Y,,2026-06-09,1,0.398559,0.0,medium,N,context only: source_quality=manual,context only: source_quality=manual,0.121009,,-0.000544,geopolitical_supply_shock_hedge,"전쟁, 제재, 해상로 차질, 대만·중동·한반도 긴장처럼 유가·금·방산·변동성이 동시에 움직이는 이벤트성 충격 장세입니다. 뉴스 overlay는 가격 신호를 보강하는 용도로만 해석합니다."
XLB,XLB,equity_etf,slowdown_recession_deflation_risk,Slowdown / Recession / Deflation Risk,경기둔화/침체 우려장,us_global,0.58541,-0.000544,0.867122,positive,0.58541,medium,72.589407,rolling_beta,v3,1,1261,1261,3,market,pass,N,,2026-06-09,0,0.0,0.0,high,N,scenario inactive,inactive scenario,0.871358,0.867122,-0.000544,slowdown_vulnerable,수요 둔화와 침체/디플레이션 압력이 커지는 방어적 장세입니다. 주식 beta와 신용위험을 보수적으로 봅니다.
XLB,XLB,equity_etf,stagflation_reinflation_energy_shock,Stagflation / Reinflation / Energy Shock,물가·에너지 재상승장,us_global,-0.131434,-0.000544,0.871358,negative,0.131434,low,72.540929,rolling_beta,v3,1,1261,1261,2,market,pass,N,,2026-06-09,0,0.0,0.0,high,N,scenario inactive,inactive scenario,0.121009,,-0.000544,inflation_hedge,성장 부담이 있는데 유가·원자재·인플레이션 압력이 다시 커지는 장세입니다. 에너지/원자재 수혜와 장기채 부담을 함께 봅니다.
XLB,XLB,equity_etf,soft_landing_goldilocks,Soft Landing / Goldilocks,우호적 위험선호장,us_global,0.871358,-0.000544,0.867122,positive,0.871358,high,65.4571,rolling_beta,v3,1,1261,1261,3,market,pass,N,,2026-06-09,0,0.0,0.0,high,N,non-adverse scenario,inactive scenario,0.871358,0.867122,-0.000544,risk_on_participation,우호적 위험선호장 참여 민감도
XLC,XLC,equity_etf,usd_strength_krw_weakness,USD Strength / KRW Weakness,달러강세/원화약세장,fx_krw,-0.101696,0.000162,0.0,negative,0.101696,low,70.962151,rolling_beta,v3,1,1110,1110,4,market,pass,N,,2026-06-09,1,0.975204,0.975204,high,Y,trade-gated adverse scenario with medium/high evidence,active market context,0.59537,-0.036147,0.000162,krw_weakness_hedge,달러가 강하고 원화가 약해져 KRW 기준 투자자의 환율 리스크가 커지는 장세입니다. 한국 자산과 USD 노출의 역할을 분리해 봅니다.
XLC,XLC,equity_etf,china_trade_fragmentation_shock,China / Trade Fragmentation Shock,중국·무역분절 충격장,china_asia,0.094581,0.000162,0.0,positive,0.094581,low,65.435166,rolling_beta,v3,1,1110,1110,5,market,pass,N,,2026-06-09,1,0.963122,0.963122,high,Y,trade-gated adverse scenario with medium/high evidence,active market context,-0.015456,-0.036147,0.000162,china_asia_shock_vulnerable,중국 경기·무역갈등·공급망 충격이 한국/아시아와 반도체 자산에 번지는 장세입니다. 한국 반도체 factor와 원화 약세를 함께 확인합니다.
XLC,XLC,equity_etf,acute_global_stress_liquidity_crunch,Acute Global Stress / Liquidity Crunch,급성 리스크오프/유동성 경색장,us_global,0.238957,0.000162,0.998036,positive,0.238957,low,76.127067,rolling_beta,v3,1,1261,1261,3,market,pass,N,,2026-06-09,1,0.942163,0.942163,high,Y,trade-gated adverse scenario with medium/high evidence,active market context,0.993215,0.998036,0.000162,liquidity_stress_vulnerable,변동성이 튀고 위험자산이 동반 약세를 보이는 단기 스트레스 장세입니다. 상관관계 상승과 유동성 악화를 우선 점검합니다.
XLC,XLC,equity_etf,higher_for_longer_long_rate_shock,Higher-for-Longer / Long-Rate Shock,장기금리 부담장,us_global,0.896269,0.000162,0.998036,positive,0.896269,high,62.128209,rolling_beta,v3,1,1261,1261,3,market,pass,N,,2026-06-09,1,0.908767,0.908767,high,Y,trade-gated adverse scenario with medium/high evidence,active market context,0.993215,0.998036,0.000162,rate_sensitive,장기금리와 달러 강세 부담이 채권·성장주·신용자산을 압박하는 장세입니다. 고밸류 성장주와 반도체 factor 민감도를 점검합니다.
XLC,XLC,equity_etf,semiconductor_ai_cycle_shock,Semiconductor / AI Cycle Shock,AI·반도체 사이클 충격장,korea_semiconductor,0.242643,0.000162,0.385827,positive,0.242643,low,43.672,rolling_beta,v3,1,1110,1110,6,market,pass,N,,2026-06-09,1,0.377914,0.0,medium,N,context only: WATCH state,context only: WATCH state,0.371223,0.385827,0.000162,semiconductor_ai_shock_vulnerable,"AI capex 기대와 반도체 모멘텀이 꺾이면서 미국 성장주와 한국 반도체 대형주가 동시에 압박받는 장세입니다. SOXX, AI leader basket, 한국 반도체 basket의 동반 약세와 원화 압력을 함께 봅니다."
XLC,XLC,equity_etf,korea_domestic_financial_stress,Korea Domestic Financial Stress,한국 내수 금융스트레스장,korea_market,-0.414756,0.000162,0.0,negative,0.414756,medium,61.630274,rolling_beta,v3,1,1110,1110,5,seed,pass,Y,,2026-06-09,1,0.401006,0.0,medium,N,context only: source_quality=seed,context only: source_quality=seed,-0.015456,-0.036147,0.000162,korea_financial_stress_hedge,"가계부채, 부동산 PF, 비은행권, 금융주와 건설주 스트레스가 한국 자산 전반으로 번지는 장세입니다. 금융/건설 basket, 신용 spread, 단기자금 spread, 원화 약세를 함께 점검합니다."
XLC,XLC,equity_etf,geopolitical_escalation_supply_shock,Geopolitical Escalation / Supply Shock,지정학 확전·공급충격장,geopolitical,0.056339,0.000162,0.993215,positive,0.056339,low,65.604388,rolling_beta,v3,1,1110,1110,3,manual,pass,Y,,2026-06-09,1,0.398559,0.0,medium,N,context only: source_quality=manual,context only: source_quality=manual,0.08192,,0.000162,geopolitical_supply_shock_vulnerable,"전쟁, 제재, 해상로 차질, 대만·중동·한반도 긴장처럼 유가·금·방산·변동성이 동시에 움직이는 이벤트성 충격 장세입니다. 뉴스 overlay는 가격 신호를 보강하는 용도로만 해석합니다."
XLC,XLC,equity_etf,slowdown_recession_deflation_risk,Slowdown / Recession / Deflation Risk,경기둔화/침체 우려장,us_global,0.289904,0.000162,0.998036,positive,0.289904,low,72.589407,rolling_beta,v3,1,1261,1261,3,market,pass,N,,2026-06-09,0,0.0,0.0,high,N,scenario inactive,inactive scenario,0.993215,0.998036,0.000162,slowdown_vulnerable,수요 둔화와 침체/디플레이션 압력이 커지는 방어적 장세입니다. 주식 beta와 신용위험을 보수적으로 봅니다.
XLC,XLC,equity_etf,stagflation_reinflation_energy_shock,Stagflation / Reinflation / Energy Shock,물가·에너지 재상승장,us_global,0.543564,0.000162,0.993215,positive,0.543564,medium,72.540929,rolling_beta,v3,1,1261,1261,2,market,pass,N,,2026-06-09,0,0.0,0.0,high,N,scenario inactive,inactive scenario,0.08192,,0.000162,stagflation_vulnerable,성장 부담이 있는데 유가·원자재·인플레이션 압력이 다시 커지는 장세입니다. 에너지/원자재 수혜와 장기채 부담을 함께 봅니다.
XLC,XLC,equity_etf,soft_landing_goldilocks,Soft Landing / Goldilocks,우호적 위험선호장,us_global,0.993215,0.000162,0.998036,positive,0.993215,high,65.4571,rolling_beta,v3,1,1261,1261,3,market,pass,N,,2026-06-09,0,0.0,0.0,high,N,non-adverse scenario,inactive scenario,0.993215,0.998036,0.000162,risk_on_participation,우호적 위험선호장 참여 민감도
XLE,XLE,equity_etf,usd_strength_krw_weakness,USD Strength / KRW Weakness,달러강세/원화약세장,fx_krw,-0.163682,-0.000936,0.008696,negative,0.163682,low,70.962151,rolling_beta,v3,1,1110,1110,4,market,pass,N,,2026-06-09,1,0.975204,0.975204,high,Y,trade-gated adverse scenario with medium/high evidence,active market context,0.891755,0.008696,-0.000936,krw_weakness_hedge,달러가 강하고 원화가 약해져 KRW 기준 투자자의 환율 리스크가 커지는 장세입니다. 한국 자산과 USD 노출의 역할을 분리해 봅니다.
XLE,XLE,equity_etf,china_trade_fragmentation_shock,China / Trade Fragmentation Shock,중국·무역분절 충격장,china_asia,0.072449,-0.000936,0.008696,positive,0.072449,low,65.435166,rolling_beta,v3,1,1110,1110,5,market,pass,N,,2026-06-09,1,0.963122,0.963122,high,Y,trade-gated adverse scenario with medium/high evidence,active market context,-0.057299,0.008696,-0.000936,china_asia_shock_vulnerable,중국 경기·무역갈등·공급망 충격이 한국/아시아와 반도체 자산에 번지는 장세입니다. 한국 반도체 factor와 원화 약세를 함께 확인합니다.
XLE,XLE,equity_etf,acute_global_stress_liquidity_crunch,Acute Global Stress / Liquidity Crunch,급성 리스크오프/유동성 경색장,us_global,0.45201,-0.000936,0.957431,positive,0.45201,medium,76.127067,rolling_beta,v3,1,1261,1261,3,market,pass,N,,2026-06-09,1,0.942163,0.942163,high,Y,trade-gated adverse scenario with medium/high evidence,active market context,0.745273,0.957431,-0.000936,liquidity_stress_vulnerable,변동성이 튀고 위험자산이 동반 약세를 보이는 단기 스트레스 장세입니다. 상관관계 상승과 유동성 악화를 우선 점검합니다.
XLE,XLE,equity_etf,higher_for_longer_long_rate_shock,Higher-for-Longer / Long-Rate Shock,장기금리 부담장,us_global,0.3099,-0.000936,0.957431,positive,0.3099,medium,62.128209,rolling_beta,v3,1,1261,1261,3,market,pass,N,,2026-06-09,1,0.908767,0.908767,high,Y,trade-gated adverse scenario with medium/high evidence,active market context,0.745273,0.957431,-0.000936,rate_sensitive,장기금리와 달러 강세 부담이 채권·성장주·신용자산을 압박하는 장세입니다. 고밸류 성장주와 반도체 factor 민감도를 점검합니다.
XLE,XLE,equity_etf,semiconductor_ai_cycle_shock,Semiconductor / AI Cycle Shock,AI·반도체 사이클 충격장,korea_semiconductor,0.193657,-0.000936,0.281173,positive,0.193657,low,43.672,rolling_beta,v3,1,1110,1110,6,market,pass,N,,2026-06-09,1,0.377914,0.0,medium,N,context only: WATCH state,context only: WATCH state,0.223698,0.281173,-0.000936,semiconductor_ai_shock_vulnerable,"AI capex 기대와 반도체 모멘텀이 꺾이면서 미국 성장주와 한국 반도체 대형주가 동시에 압박받는 장세입니다. SOXX, AI leader basket, 한국 반도체 basket의 동반 약세와 원화 압력을 함께 봅니다."
XLE,XLE,equity_etf,korea_domestic_financial_stress,Korea Domestic Financial Stress,한국 내수 금융스트레스장,korea_market,-0.042843,-0.000936,0.008696,neutral,0.042843,low,61.630274,rolling_beta,v3,1,1110,1110,5,seed,pass,Y,,2026-06-09,1,0.401006,0.0,medium,N,context only: source_quality=seed,context only: source_quality=seed,-0.057299,0.008696,-0.000936,korea_financial_stress_hedge,"가계부채, 부동산 PF, 비은행권, 금융주와 건설주 스트레스가 한국 자산 전반으로 번지는 장세입니다. 금융/건설 basket, 신용 spread, 단기자금 spread, 원화 약세를 함께 점검합니다."
XLE,XLE,equity_etf,geopolitical_escalation_supply_shock,Geopolitical Escalation / Supply Shock,지정학 확전·공급충격장,geopolitical,-0.113991,-0.000936,0.745273,negative,0.113991,low,65.604388,rolling_beta,v3,1,1110,1110,3,manual,pass,Y,,2026-06-09,1,0.398559,0.0,medium,N,context only: source_quality=manual,context only: source_quality=manual,0.490259,,-0.000936,geopolitical_supply_shock_hedge,"전쟁, 제재, 해상로 차질, 대만·중동·한반도 긴장처럼 유가·금·방산·변동성이 동시에 움직이는 이벤트성 충격 장세입니다. 뉴스 overlay는 가격 신호를 보강하는 용도로만 해석합니다."
XLE,XLE,equity_etf,slowdown_recession_deflation_risk,Slowdown / Recession / Deflation Risk,경기둔화/침체 우려장,us_global,0.517179,-0.000936,0.957431,positive,0.517179,medium,72.589407,rolling_beta,v3,1,1261,1261,3,market,pass,N,,2026-06-09,0,0.0,0.0,high,N,scenario inactive,inactive scenario,0.745273,0.957431,-0.000936,slowdown_vulnerable,수요 둔화와 침체/디플레이션 압력이 커지는 방어적 장세입니다. 주식 beta와 신용위험을 보수적으로 봅니다.
XLE,XLE,equity_etf,stagflation_reinflation_energy_shock,Stagflation / Reinflation / Energy Shock,물가·에너지 재상승장,us_global,-0.16576,-0.000936,0.745273,negative,0.16576,low,72.540929,rolling_beta,v3,1,1261,1261,2,market,pass,N,,2026-06-09,0,0.0,0.0,high,N,scenario inactive,inactive scenario,0.490259,,-0.000936,inflation_hedge,성장 부담이 있는데 유가·원자재·인플레이션 압력이 다시 커지는 장세입니다. 에너지/원자재 수혜와 장기채 부담을 함께 봅니다.
XLE,XLE,equity_etf,soft_landing_goldilocks,Soft Landing / Goldilocks,우호적 위험선호장,us_global,0.745273,-0.000936,0.957431,positive,0.745273,medium,65.4571,rolling_beta,v3,1,1261,1261,3,market,pass,N,,2026-06-09,0,0.0,0.0,high,N,non-adverse scenario,inactive scenario,0.745273,0.957431,-0.000936,risk_on_participation,우호적 위험선호장 참여 민감도
XLF,XLF,equity_etf,usd_strength_krw_weakness,USD Strength / KRW Weakness,달러강세/원화약세장,fx_krw,-0.122805,0.001407,0.0,negative,0.122805,low,70.962151,rolling_beta,v3,1,1110,1110,4,market,pass,N,,2026-06-09,1,0.975204,0.975204,high,Y,trade-gated adverse scenario with medium/high evidence,active market context,0.732707,-0.040209,0.001407,krw_weakness_hedge,달러가 강하고 원화가 약해져 KRW 기준 투자자의 환율 리스크가 커지는 장세입니다. 한국 자산과 USD 노출의 역할을 분리해 봅니다.
XLF,XLF,equity_etf,china_trade_fragmentation_shock,China / Trade Fragmentation Shock,중국·무역분절 충격장,china_asia,0.046572,0.001407,0.0,neutral,0.046572,low,65.435166,rolling_beta,v3,1,1110,1110,5,market,pass,N,,2026-06-09,1,0.963122,0.963122,high,Y,trade-gated adverse scenario with medium/high evidence,active market context,-0.041669,-0.040209,0.001407,china_asia_shock_vulnerable,중국 경기·무역갈등·공급망 충격이 한국/아시아와 반도체 자산에 번지는 장세입니다. 한국 반도체 factor와 원화 약세를 함께 확인합니다.
XLF,XLF,equity_etf,acute_global_stress_liquidity_crunch,Acute Global Stress / Liquidity Crunch,급성 리스크오프/유동성 경색장,us_global,0.136498,0.001407,0.903027,positive,0.136498,low,76.127067,rolling_beta,v3,1,1261,1261,3,market,pass,N,,2026-06-09,1,0.942163,0.942163,high,Y,trade-gated adverse scenario with medium/high evidence,active market context,0.908781,0.903027,0.001407,liquidity_stress_vulnerable,변동성이 튀고 위험자산이 동반 약세를 보이는 단기 스트레스 장세입니다. 상관관계 상승과 유동성 악화를 우선 점검합니다.
XLF,XLF,equity_etf,higher_for_longer_long_rate_shock,Higher-for-Longer / Long-Rate Shock,장기금리 부담장,us_global,0.84983,0.001407,0.903027,positive,0.84983,high,62.128209,rolling_beta,v3,1,1261,1261,3,market,pass,N,,2026-06-09,1,0.908767,0.908767,high,Y,trade-gated adverse scenario with medium/high evidence,active market context,0.908781,0.903027,0.001407,rate_sensitive,장기금리와 달러 강세 부담이 채권·성장주·신용자산을 압박하는 장세입니다. 고밸류 성장주와 반도체 factor 민감도를 점검합니다.
XLF,XLF,equity_etf,semiconductor_ai_cycle_shock,Semiconductor / AI Cycle Shock,AI·반도체 사이클 충격장,korea_semiconductor,-0.039269,0.001407,0.281873,neutral,0.039269,low,43.672,rolling_beta,v3,1,1110,1110,6,market,pass,N,,2026-06-09,1,0.377914,0.0,medium,N,context only: WATCH state,context only: WATCH state,0.283645,0.281873,0.001407,semiconductor_ai_shock_hedge,"AI capex 기대와 반도체 모멘텀이 꺾이면서 미국 성장주와 한국 반도체 대형주가 동시에 압박받는 장세입니다. SOXX, AI leader basket, 한국 반도체 basket의 동반 약세와 원화 압력을 함께 봅니다."
XLF,XLF,equity_etf,korea_domestic_financial_stress,Korea Domestic Financial Stress,한국 내수 금융스트레스장,korea_market,0.024722,0.001407,0.0,neutral,0.024722,low,61.630274,rolling_beta,v3,1,1110,1110,5,seed,pass,Y,,2026-06-09,1,0.401006,0.0,medium,N,context only: source_quality=seed,context only: source_quality=seed,-0.041669,-0.040209,0.001407,korea_financial_stress_vulnerable,"가계부채, 부동산 PF, 비은행권, 금융주와 건설주 스트레스가 한국 자산 전반으로 번지는 장세입니다. 금융/건설 basket, 신용 spread, 단기자금 spread, 원화 약세를 함께 점검합니다."
XLF,XLF,equity_etf,geopolitical_escalation_supply_shock,Geopolitical Escalation / Supply Shock,지정학 확전·공급충격장,geopolitical,0.016345,0.001407,0.908781,neutral,0.016345,low,65.604388,rolling_beta,v3,1,1110,1110,3,manual,pass,Y,,2026-06-09,1,0.398559,0.0,medium,N,context only: source_quality=manual,context only: source_quality=manual,0.114059,,0.001407,geopolitical_supply_shock_vulnerable,"전쟁, 제재, 해상로 차질, 대만·중동·한반도 긴장처럼 유가·금·방산·변동성이 동시에 움직이는 이벤트성 충격 장세입니다. 뉴스 overlay는 가격 신호를 보강하는 용도로만 해석합니다."
XLF,XLF,equity_etf,slowdown_recession_deflation_risk,Slowdown / Recession / Deflation Risk,경기둔화/침체 우려장,us_global,0.19145,0.001407,0.903027,positive,0.19145,low,72.589407,rolling_beta,v3,1,1261,1261,3,market,pass,N,,2026-06-09,0,0.0,0.0,high,N,scenario inactive,inactive scenario,0.908781,0.903027,0.001407,slowdown_vulnerable,수요 둔화와 침체/디플레이션 압력이 커지는 방어적 장세입니다. 주식 beta와 신용위험을 보수적으로 봅니다.
XLF,XLF,equity_etf,stagflation_reinflation_energy_shock,Stagflation / Reinflation / Energy Shock,물가·에너지 재상승장,us_global,0.482889,0.001407,0.908781,positive,0.482889,medium,72.540929,rolling_beta,v3,1,1261,1261,2,market,pass,N,,2026-06-09,0,0.0,0.0,high,N,scenario inactive,inactive scenario,0.114059,,0.001407,stagflation_vulnerable,성장 부담이 있는데 유가·원자재·인플레이션 압력이 다시 커지는 장세입니다. 에너지/원자재 수혜와 장기채 부담을 함께 봅니다.
XLF,XLF,equity_etf,soft_landing_goldilocks,Soft Landing / Goldilocks,우호적 위험선호장,us_global,0.908781,0.001407,0.903027,positive,0.908781,high,65.4571,rolling_beta,v3,1,1261,1261,3,market,pass,N,,2026-06-09,0,0.0,0.0,high,N,non-adverse scenario,inactive scenario,0.908781,0.903027,0.001407,risk_on_participation,우호적 위험선호장 참여 민감도
XLI,XLI,equity_etf,usd_strength_krw_weakness,USD Strength / KRW Weakness,달러강세/원화약세장,fx_krw,-0.125697,-0.000303,0.0,negative,0.125697,low,70.962151,rolling_beta,v3,1,1110,1110,4,market,pass,N,,2026-06-09,1,0.975204,0.975204,high,Y,trade-gated adverse scenario with medium/high evidence,active market context,0.689279,-0.019375,-0.000303,krw_weakness_hedge,달러가 강하고 원화가 약해져 KRW 기준 투자자의 환율 리스크가 커지는 장세입니다. 한국 자산과 USD 노출의 역할을 분리해 봅니다.
XLI,XLI,equity_etf,china_trade_fragmentation_shock,China / Trade Fragmentation Shock,중국·무역분절 충격장,china_asia,0.087023,-0.000303,0.0,positive,0.087023,low,65.435166,rolling_beta,v3,1,1110,1110,5,market,pass,N,,2026-06-09,1,0.963122,0.963122,high,Y,trade-gated adverse scenario with medium/high evidence,active market context,-0.021748,-0.019375,-0.000303,china_asia_shock_vulnerable,중국 경기·무역갈등·공급망 충격이 한국/아시아와 반도체 자산에 번지는 장세입니다. 한국 반도체 factor와 원화 약세를 함께 확인합니다.
XLI,XLI,equity_etf,acute_global_stress_liquidity_crunch,Acute Global Stress / Liquidity Crunch,급성 리스크오프/유동성 경색장,us_global,0.207111,-0.000303,0.857042,positive,0.207111,low,76.127067,rolling_beta,v3,1,1261,1261,3,market,pass,N,,2026-06-09,1,0.942163,0.942163,high,Y,trade-gated adverse scenario with medium/high evidence,active market context,0.89721,0.857042,-0.000303,liquidity_stress_vulnerable,변동성이 튀고 위험자산이 동반 약세를 보이는 단기 스트레스 장세입니다. 상관관계 상승과 유동성 악화를 우선 점검합니다.
XLI,XLI,equity_etf,higher_for_longer_long_rate_shock,Higher-for-Longer / Long-Rate Shock,장기금리 부담장,us_global,0.393466,-0.000303,0.857042,positive,0.393466,medium,62.128209,rolling_beta,v3,1,1261,1261,3,market,pass,N,,2026-06-09,1,0.908767,0.908767,high,Y,trade-gated adverse scenario with medium/high evidence,active market context,0.89721,0.857042,-0.000303,rate_sensitive,장기금리와 달러 강세 부담이 채권·성장주·신용자산을 압박하는 장세입니다. 고밸류 성장주와 반도체 factor 민감도를 점검합니다.
XLI,XLI,equity_etf,semiconductor_ai_cycle_shock,Semiconductor / AI Cycle Shock,AI·반도체 사이클 충격장,korea_semiconductor,0.015014,-0.000303,0.349888,neutral,0.015014,low,43.672,rolling_beta,v3,1,1110,1110,6,market,pass,N,,2026-06-09,1,0.377914,0.0,medium,N,context only: WATCH state,context only: WATCH state,0.336973,0.349888,-0.000303,semiconductor_ai_shock_vulnerable,"AI capex 기대와 반도체 모멘텀이 꺾이면서 미국 성장주와 한국 반도체 대형주가 동시에 압박받는 장세입니다. SOXX, AI leader basket, 한국 반도체 basket의 동반 약세와 원화 압력을 함께 봅니다."
XLI,XLI,equity_etf,korea_domestic_financial_stress,Korea Domestic Financial Stress,한국 내수 금융스트레스장,korea_market,-0.389028,-0.000303,0.0,negative,0.389028,medium,61.630274,rolling_beta,v3,1,1110,1110,5,seed,pass,Y,,2026-06-09,1,0.401006,0.0,medium,N,context only: source_quality=seed,context only: source_quality=seed,-0.021748,-0.019375,-0.000303,korea_financial_stress_hedge,"가계부채, 부동산 PF, 비은행권, 금융주와 건설주 스트레스가 한국 자산 전반으로 번지는 장세입니다. 금융/건설 basket, 신용 spread, 단기자금 spread, 원화 약세를 함께 점검합니다."
XLI,XLI,equity_etf,geopolitical_escalation_supply_shock,Geopolitical Escalation / Supply Shock,지정학 확전·공급충격장,geopolitical,-0.309389,-0.000303,0.89721,negative,0.309389,medium,65.604388,rolling_beta,v3,1,1110,1110,3,manual,pass,Y,,2026-06-09,1,0.398559,0.0,medium,N,context only: source_quality=manual,context only: source_quality=manual,0.106164,,-0.000303,geopolitical_supply_shock_hedge,"전쟁, 제재, 해상로 차질, 대만·중동·한반도 긴장처럼 유가·금·방산·변동성이 동시에 움직이는 이벤트성 충격 장세입니다. 뉴스 overlay는 가격 신호를 보강하는 용도로만 해석합니다."
XLI,XLI,equity_etf,slowdown_recession_deflation_risk,Slowdown / Recession / Deflation Risk,경기둔화/침체 우려장,us_global,0.2438,-0.000303,0.857042,positive,0.2438,low,72.589407,rolling_beta,v3,1,1261,1261,3,market,pass,N,,2026-06-09,0,0.0,0.0,high,N,scenario inactive,inactive scenario,0.89721,0.857042,-0.000303,slowdown_vulnerable,수요 둔화와 침체/디플레이션 압력이 커지는 방어적 장세입니다. 주식 beta와 신용위험을 보수적으로 봅니다.
XLI,XLI,equity_etf,stagflation_reinflation_energy_shock,Stagflation / Reinflation / Energy Shock,물가·에너지 재상승장,us_global,-0.128396,-0.000303,0.89721,negative,0.128396,low,72.540929,rolling_beta,v3,1,1261,1261,2,market,pass,N,,2026-06-09,0,0.0,0.0,high,N,scenario inactive,inactive scenario,0.106164,,-0.000303,inflation_hedge,성장 부담이 있는데 유가·원자재·인플레이션 압력이 다시 커지는 장세입니다. 에너지/원자재 수혜와 장기채 부담을 함께 봅니다.
XLI,XLI,equity_etf,soft_landing_goldilocks,Soft Landing / Goldilocks,우호적 위험선호장,us_global,0.89721,-0.000303,0.857042,positive,0.89721,high,65.4571,rolling_beta,v3,1,1261,1261,3,market,pass,N,,2026-06-09,0,0.0,0.0,high,N,non-adverse scenario,inactive scenario,0.89721,0.857042,-0.000303,risk_on_participation,우호적 위험선호장 참여 민감도
XLK,XLK,equity_etf,usd_strength_krw_weakness,USD Strength / KRW Weakness,달러강세/원화약세장,fx_krw,-0.028011,0.000489,0.006623,neutral,0.028011,low,70.962151,rolling_beta,v3,1,1110,1110,4,market,pass,N,,2026-06-09,1,0.975204,0.975204,high,Y,trade-gated adverse scenario with medium/high evidence,active market context,0.549324,0.006623,0.000489,krw_weakness_hedge,달러가 강하고 원화가 약해져 KRW 기준 투자자의 환율 리스크가 커지는 장세입니다. 한국 자산과 USD 노출의 역할을 분리해 봅니다.
XLK,XLK,equity_etf,china_trade_fragmentation_shock,China / Trade Fragmentation Shock,중국·무역분절 충격장,china_asia,0.495374,0.000489,0.006623,positive,0.495374,medium,65.435166,rolling_beta,v3,1,1110,1110,5,market,pass,N,,2026-06-09,1,0.963122,0.963122,high,Y,trade-gated adverse scenario with medium/high evidence,active market context,0.034779,0.006623,0.000489,china_asia_shock_vulnerable,중국 경기·무역갈등·공급망 충격이 한국/아시아와 반도체 자산에 번지는 장세입니다. 한국 반도체 factor와 원화 약세를 함께 확인합니다.
XLK,XLK,equity_etf,acute_global_stress_liquidity_crunch,Acute Global Stress / Liquidity Crunch,급성 리스크오프/유동성 경색장,us_global,0.686385,0.000489,1.253892,positive,0.686385,medium,76.127067,rolling_beta,v3,1,1261,1261,3,market,pass,N,,2026-06-09,1,0.942163,0.942163,high,Y,trade-gated adverse scenario with medium/high evidence,active market context,1.287957,1.253892,0.000489,liquidity_stress_vulnerable,변동성이 튀고 위험자산이 동반 약세를 보이는 단기 스트레스 장세입니다. 상관관계 상승과 유동성 악화를 우선 점검합니다.
XLK,XLK,equity_etf,higher_for_longer_long_rate_shock,Higher-for-Longer / Long-Rate Shock,장기금리 부담장,us_global,1.308376,0.000489,1.253892,positive,1.308376,high,62.128209,rolling_beta,v3,1,1261,1261,3,market,pass,N,,2026-06-09,1,0.908767,0.908767,high,Y,trade-gated adverse scenario with medium/high evidence,active market context,1.287957,1.253892,0.000489,rate_sensitive,장기금리와 달러 강세 부담이 채권·성장주·신용자산을 압박하는 장세입니다. 고밸류 성장주와 반도체 factor 민감도를 점검합니다.
XLK,XLK,equity_etf,semiconductor_ai_cycle_shock,Semiconductor / AI Cycle Shock,AI·반도체 사이클 충격장,korea_semiconductor,0.747566,0.000489,0.667857,positive,0.747566,medium,43.672,rolling_beta,v3,1,1110,1110,6,market,pass,N,,2026-06-09,1,0.377914,0.0,medium,N,context only: WATCH state,context only: WATCH state,0.62869,0.667857,0.000489,semiconductor_ai_shock_vulnerable,"AI capex 기대와 반도체 모멘텀이 꺾이면서 미국 성장주와 한국 반도체 대형주가 동시에 압박받는 장세입니다. SOXX, AI leader basket, 한국 반도체 basket의 동반 약세와 원화 압력을 함께 봅니다."
XLK,XLK,equity_etf,korea_domestic_financial_stress,Korea Domestic Financial Stress,한국 내수 금융스트레스장,korea_market,-0.417646,0.000489,0.006623,negative,0.417646,medium,61.630274,rolling_beta,v3,1,1110,1110,5,seed,pass,Y,,2026-06-09,1,0.401006,0.0,medium,N,context only: source_quality=seed,context only: source_quality=seed,0.034779,0.006623,0.000489,korea_financial_stress_hedge,"가계부채, 부동산 PF, 비은행권, 금융주와 건설주 스트레스가 한국 자산 전반으로 번지는 장세입니다. 금융/건설 basket, 신용 spread, 단기자금 spread, 원화 약세를 함께 점검합니다."
XLK,XLK,equity_etf,geopolitical_escalation_supply_shock,Geopolitical Escalation / Supply Shock,지정학 확전·공급충격장,geopolitical,0.138116,0.000489,1.287957,positive,0.138116,low,65.604388,rolling_beta,v3,1,1110,1110,3,manual,pass,Y,,2026-06-09,1,0.398559,0.0,medium,N,context only: source_quality=manual,context only: source_quality=manual,0.089235,,0.000489,geopolitical_supply_shock_vulnerable,"전쟁, 제재, 해상로 차질, 대만·중동·한반도 긴장처럼 유가·금·방산·변동성이 동시에 움직이는 이벤트성 충격 장세입니다. 뉴스 overlay는 가격 신호를 보강하는 용도로만 해석합니다."
XLK,XLK,equity_etf,slowdown_recession_deflation_risk,Slowdown / Recession / Deflation Risk,경기둔화/침체 우려장,us_global,0.470068,0.000489,1.253892,positive,0.470068,medium,72.589407,rolling_beta,v3,1,1261,1261,3,market,pass,N,,2026-06-09,0,0.0,0.0,high,N,scenario inactive,inactive scenario,1.287957,1.253892,0.000489,slowdown_vulnerable,수요 둔화와 침체/디플레이션 압력이 커지는 방어적 장세입니다. 주식 beta와 신용위험을 보수적으로 봅니다.
XLK,XLK,equity_etf,stagflation_reinflation_energy_shock,Stagflation / Reinflation / Energy Shock,물가·에너지 재상승장,us_global,0.638568,0.000489,1.287957,positive,0.638568,medium,72.540929,rolling_beta,v3,1,1261,1261,2,market,pass,N,,2026-06-09,0,0.0,0.0,high,N,scenario inactive,inactive scenario,0.089235,,0.000489,stagflation_vulnerable,성장 부담이 있는데 유가·원자재·인플레이션 압력이 다시 커지는 장세입니다. 에너지/원자재 수혜와 장기채 부담을 함께 봅니다.
XLK,XLK,equity_etf,soft_landing_goldilocks,Soft Landing / Goldilocks,우호적 위험선호장,us_global,1.287957,0.000489,1.253892,positive,1.287957,high,65.4571,rolling_beta,v3,1,1261,1261,3,market,pass,N,,2026-06-09,0,0.0,0.0,high,N,non-adverse scenario,inactive scenario,1.287957,1.253892,0.000489,risk_on_participation,우호적 위험선호장 참여 민감도
XLP,XLP,equity_etf,usd_strength_krw_weakness,USD Strength / KRW Weakness,달러강세/원화약세장,fx_krw,-0.219746,-0.000756,0.0,negative,0.219746,low,70.962151,rolling_beta,v3,1,1110,1110,4,market,pass,N,,2026-06-09,1,0.975204,0.975204,high,Y,trade-gated adverse scenario with medium/high evidence,active market context,0.875667,-0.087093,-0.000756,krw_weakness_hedge,달러가 강하고 원화가 약해져 KRW 기준 투자자의 환율 리스크가 커지는 장세입니다. 한국 자산과 USD 노출의 역할을 분리해 봅니다.
XLP,XLP,equity_etf,china_trade_fragmentation_shock,China / Trade Fragmentation Shock,중국·무역분절 충격장,china_asia,0.023101,-0.000756,0.0,neutral,0.023101,low,65.435166,rolling_beta,v3,1,1110,1110,5,market,pass,N,,2026-06-09,1,0.963122,0.963122,high,Y,trade-gated adverse scenario with medium/high evidence,active market context,-0.101564,-0.087093,-0.000756,china_asia_shock_vulnerable,중국 경기·무역갈등·공급망 충격이 한국/아시아와 반도체 자산에 번지는 장세입니다. 한국 반도체 factor와 원화 약세를 함께 확인합니다.
XLP,XLP,equity_etf,acute_global_stress_liquidity_crunch,Acute Global Stress / Liquidity Crunch,급성 리스크오프/유동성 경색장,us_global,0.020574,-0.000756,0.536121,neutral,0.020574,low,76.127067,rolling_beta,v3,1,1261,1261,3,market,pass,N,,2026-06-09,1,0.942163,0.942163,high,Y,trade-gated adverse scenario with medium/high evidence,active market context,0.521018,0.536121,-0.000756,liquidity_stress_vulnerable,변동성이 튀고 위험자산이 동반 약세를 보이는 단기 스트레스 장세입니다. 상관관계 상승과 유동성 악화를 우선 점검합니다.
XLP,XLP,equity_etf,higher_for_longer_long_rate_shock,Higher-for-Longer / Long-Rate Shock,장기금리 부담장,us_global,0.63656,-0.000756,0.536121,positive,0.63656,medium,62.128209,rolling_beta,v3,1,1261,1261,3,market,pass,N,,2026-06-09,1,0.908767,0.908767,high,Y,trade-gated adverse scenario with medium/high evidence,active market context,0.521018,0.536121,-0.000756,rate_sensitive,장기금리와 달러 강세 부담이 채권·성장주·신용자산을 압박하는 장세입니다. 고밸류 성장주와 반도체 factor 민감도를 점검합니다.
XLP,XLP,equity_etf,semiconductor_ai_cycle_shock,Semiconductor / AI Cycle Shock,AI·반도체 사이클 충격장,korea_semiconductor,-0.183086,-0.000756,0.065244,negative,0.183086,low,43.672,rolling_beta,v3,1,1110,1110,6,market,pass,N,,2026-06-09,1,0.377914,0.0,medium,N,context only: WATCH state,context only: WATCH state,0.102356,0.065244,-0.000756,semiconductor_ai_shock_hedge,"AI capex 기대와 반도체 모멘텀이 꺾이면서 미국 성장주와 한국 반도체 대형주가 동시에 압박받는 장세입니다. SOXX, AI leader basket, 한국 반도체 basket의 동반 약세와 원화 압력을 함께 봅니다."
XLP,XLP,equity_etf,korea_domestic_financial_stress,Korea Domestic Financial Stress,한국 내수 금융스트레스장,korea_market,-0.349753,-0.000756,0.0,negative,0.349753,medium,61.630274,rolling_beta,v3,1,1110,1110,5,seed,pass,Y,,2026-06-09,1,0.401006,0.0,medium,N,context only: source_quality=seed,context only: source_quality=seed,-0.101564,-0.087093,-0.000756,korea_financial_stress_hedge,"가계부채, 부동산 PF, 비은행권, 금융주와 건설주 스트레스가 한국 자산 전반으로 번지는 장세입니다. 금융/건설 basket, 신용 spread, 단기자금 spread, 원화 약세를 함께 점검합니다."
XLP,XLP,equity_etf,geopolitical_escalation_supply_shock,Geopolitical Escalation / Supply Shock,지정학 확전·공급충격장,geopolitical,-0.047246,-0.000756,0.521018,neutral,0.047246,low,65.604388,rolling_beta,v3,1,1110,1110,3,manual,pass,Y,,2026-06-09,1,0.398559,0.0,medium,N,context only: source_quality=manual,context only: source_quality=manual,0.070927,,-0.000756,geopolitical_supply_shock_hedge,"전쟁, 제재, 해상로 차질, 대만·중동·한반도 긴장처럼 유가·금·방산·변동성이 동시에 움직이는 이벤트성 충격 장세입니다. 뉴스 overlay는 가격 신호를 보강하는 용도로만 해석합니다."
XLP,XLP,equity_etf,slowdown_recession_deflation_risk,Slowdown / Recession / Deflation Risk,경기둔화/침체 우려장,us_global,0.015117,-0.000756,0.536121,neutral,0.015117,low,72.589407,rolling_beta,v3,1,1261,1261,3,market,pass,N,,2026-06-09,0,0.0,0.0,high,N,scenario inactive,inactive scenario,0.521018,0.536121,-0.000756,slowdown_vulnerable,수요 둔화와 침체/디플레이션 압력이 커지는 방어적 장세입니다. 주식 beta와 신용위험을 보수적으로 봅니다.
XLP,XLP,equity_etf,stagflation_reinflation_energy_shock,Stagflation / Reinflation / Energy Shock,물가·에너지 재상승장,us_global,0.401253,-0.000756,0.521018,positive,0.401253,medium,72.540929,rolling_beta,v3,1,1261,1261,2,market,pass,N,,2026-06-09,0,0.0,0.0,high,N,scenario inactive,inactive scenario,0.070927,,-0.000756,stagflation_vulnerable,성장 부담이 있는데 유가·원자재·인플레이션 압력이 다시 커지는 장세입니다. 에너지/원자재 수혜와 장기채 부담을 함께 봅니다.
XLP,XLP,equity_etf,soft_landing_goldilocks,Soft Landing / Goldilocks,우호적 위험선호장,us_global,0.521018,-0.000756,0.536121,positive,0.521018,medium,65.4571,rolling_beta,v3,1,1261,1261,3,market,pass,N,,2026-06-09,0,0.0,0.0,high,N,non-adverse scenario,inactive scenario,0.521018,0.536121,-0.000756,risk_on_participation,우호적 위험선호장 참여 민감도
XLU,XLU,equity_etf,usd_strength_krw_weakness,USD Strength / KRW Weakness,달러강세/원화약세장,fx_krw,-0.213186,3.9e-05,0.0,negative,0.213186,low,70.962151,rolling_beta,v3,1,1110,1110,4,market,pass,N,,2026-06-09,1,0.975204,0.975204,high,Y,trade-gated adverse scenario with medium/high evidence,active market context,0.796413,-0.065324,3.9e-05,krw_weakness_hedge,달러가 강하고 원화가 약해져 KRW 기준 투자자의 환율 리스크가 커지는 장세입니다. 한국 자산과 USD 노출의 역할을 분리해 봅니다.
XLU,XLU,equity_etf,china_trade_fragmentation_shock,China / Trade Fragmentation Shock,중국·무역분절 충격장,china_asia,0.008482,3.9e-05,0.0,neutral,0.008482,low,65.435166,rolling_beta,v3,1,1110,1110,5,market,pass,N,,2026-06-09,1,0.963122,0.963122,high,Y,trade-gated adverse scenario with medium/high evidence,active market context,-0.078852,-0.065324,3.9e-05,china_asia_shock_vulnerable,중국 경기·무역갈등·공급망 충격이 한국/아시아와 반도체 자산에 번지는 장세입니다. 한국 반도체 factor와 원화 약세를 함께 확인합니다.
XLU,XLU,equity_etf,acute_global_stress_liquidity_crunch,Acute Global Stress / Liquidity Crunch,급성 리스크오프/유동성 경색장,us_global,-0.000754,3.9e-05,0.534965,neutral,0.000754,low,76.127067,rolling_beta,v3,1,1261,1261,3,market,pass,N,,2026-06-09,1,0.942163,0.942163,high,Y,trade-gated adverse scenario with medium/high evidence,active market context,0.547257,0.534965,3.9e-05,liquidity_stress_defense,변동성이 튀고 위험자산이 동반 약세를 보이는 단기 스트레스 장세입니다. 상관관계 상승과 유동성 악화를 우선 점검합니다.
XLU,XLU,equity_etf,higher_for_longer_long_rate_shock,Higher-for-Longer / Long-Rate Shock,장기금리 부담장,us_global,0.650991,3.9e-05,0.534965,positive,0.650991,medium,62.128209,rolling_beta,v3,1,1261,1261,3,market,pass,N,,2026-06-09,1,0.908767,0.908767,high,Y,trade-gated adverse scenario with medium/high evidence,active market context,0.547257,0.534965,3.9e-05,rate_sensitive,장기금리와 달러 강세 부담이 채권·성장주·신용자산을 압박하는 장세입니다. 고밸류 성장주와 반도체 factor 민감도를 점검합니다.
XLU,XLU,equity_etf,semiconductor_ai_cycle_shock,Semiconductor / AI Cycle Shock,AI·반도체 사이클 충격장,korea_semiconductor,-0.169738,3.9e-05,0.111538,negative,0.169738,low,43.672,rolling_beta,v3,1,1110,1110,6,market,pass,N,,2026-06-09,1,0.377914,0.0,medium,N,context only: WATCH state,context only: WATCH state,0.120099,0.111538,3.9e-05,semiconductor_ai_shock_hedge,"AI capex 기대와 반도체 모멘텀이 꺾이면서 미국 성장주와 한국 반도체 대형주가 동시에 압박받는 장세입니다. SOXX, AI leader basket, 한국 반도체 basket의 동반 약세와 원화 압력을 함께 봅니다."
XLU,XLU,equity_etf,korea_domestic_financial_stress,Korea Domestic Financial Stress,한국 내수 금융스트레스장,korea_market,-0.381508,3.9e-05,0.0,negative,0.381508,medium,61.630274,rolling_beta,v3,1,1110,1110,5,seed,pass,Y,,2026-06-09,1,0.401006,0.0,medium,N,context only: source_quality=seed,context only: source_quality=seed,-0.078852,-0.065324,3.9e-05,korea_financial_stress_hedge,"가계부채, 부동산 PF, 비은행권, 금융주와 건설주 스트레스가 한국 자산 전반으로 번지는 장세입니다. 금융/건설 basket, 신용 spread, 단기자금 spread, 원화 약세를 함께 점검합니다."
XLU,XLU,equity_etf,geopolitical_escalation_supply_shock,Geopolitical Escalation / Supply Shock,지정학 확전·공급충격장,geopolitical,-0.080016,3.9e-05,0.547257,negative,0.080016,low,65.604388,rolling_beta,v3,1,1110,1110,3,manual,pass,Y,,2026-06-09,1,0.398559,0.0,medium,N,context only: source_quality=manual,context only: source_quality=manual,0.084901,,3.9e-05,geopolitical_supply_shock_hedge,"전쟁, 제재, 해상로 차질, 대만·중동·한반도 긴장처럼 유가·금·방산·변동성이 동시에 움직이는 이벤트성 충격 장세입니다. 뉴스 overlay는 가격 신호를 보강하는 용도로만 해석합니다."
XLU,XLU,equity_etf,slowdown_recession_deflation_risk,Slowdown / Recession / Deflation Risk,경기둔화/침체 우려장,us_global,0.004359,3.9e-05,0.534965,neutral,0.004359,low,72.589407,rolling_beta,v3,1,1261,1261,3,market,pass,N,,2026-06-09,0,0.0,0.0,high,N,scenario inactive,inactive scenario,0.547257,0.534965,3.9e-05,slowdown_vulnerable,수요 둔화와 침체/디플레이션 압력이 커지는 방어적 장세입니다. 주식 beta와 신용위험을 보수적으로 봅니다.
XLU,XLU,equity_etf,stagflation_reinflation_energy_shock,Stagflation / Reinflation / Energy Shock,물가·에너지 재상승장,us_global,0.39057,3.9e-05,0.547257,positive,0.39057,medium,72.540929,rolling_beta,v3,1,1261,1261,2,market,pass,N,,2026-06-09,0,0.0,0.0,high,N,scenario inactive,inactive scenario,0.084901,,3.9e-05,stagflation_vulnerable,성장 부담이 있는데 유가·원자재·인플레이션 압력이 다시 커지는 장세입니다. 에너지/원자재 수혜와 장기채 부담을 함께 봅니다.
XLU,XLU,equity_etf,soft_landing_goldilocks,Soft Landing / Goldilocks,우호적 위험선호장,us_global,0.547257,3.9e-05,0.534965,positive,0.547257,medium,65.4571,rolling_beta,v3,1,1261,1261,3,market,pass,N,,2026-06-09,0,0.0,0.0,high,N,non-adverse scenario,inactive scenario,0.547257,0.534965,3.9e-05,risk_on_participation,우호적 위험선호장 참여 민감도
XLV,XLV,equity_etf,usd_strength_krw_weakness,USD Strength / KRW Weakness,달러강세/원화약세장,fx_krw,-0.188085,0.000752,0.0,negative,0.188085,low,70.962151,rolling_beta,v3,1,1110,1110,4,market,pass,N,,2026-06-09,1,0.975204,0.975204,high,Y,trade-gated adverse scenario with medium/high evidence,active market context,0.790844,-0.096897,0.000752,krw_weakness_hedge,달러가 강하고 원화가 약해져 KRW 기준 투자자의 환율 리스크가 커지는 장세입니다. 한국 자산과 USD 노출의 역할을 분리해 봅니다.
XLV,XLV,equity_etf,china_trade_fragmentation_shock,China / Trade Fragmentation Shock,중국·무역분절 충격장,china_asia,0.010727,0.000752,0.0,neutral,0.010727,low,65.435166,rolling_beta,v3,1,1110,1110,5,market,pass,N,,2026-06-09,1,0.963122,0.963122,high,Y,trade-gated adverse scenario with medium/high evidence,active market context,-0.097985,-0.096897,0.000752,china_asia_shock_vulnerable,중국 경기·무역갈등·공급망 충격이 한국/아시아와 반도체 자산에 번지는 장세입니다. 한국 반도체 factor와 원화 약세를 함께 확인합니다.
XLV,XLV,equity_etf,acute_global_stress_liquidity_crunch,Acute Global Stress / Liquidity Crunch,급성 리스크오프/유동성 경색장,us_global,0.022364,0.000752,0.618428,neutral,0.022364,low,76.127067,rolling_beta,v3,1,1261,1261,3,market,pass,N,,2026-06-09,1,0.942163,0.942163,high,Y,trade-gated adverse scenario with medium/high evidence,active market context,0.647662,0.618428,0.000752,liquidity_stress_vulnerable,변동성이 튀고 위험자산이 동반 약세를 보이는 단기 스트레스 장세입니다. 상관관계 상승과 유동성 악화를 우선 점검합니다.
XLV,XLV,equity_etf,higher_for_longer_long_rate_shock,Higher-for-Longer / Long-Rate Shock,장기금리 부담장,us_global,0.706214,0.000752,0.618428,positive,0.706214,medium,62.128209,rolling_beta,v3,1,1261,1261,3,market,pass,N,,2026-06-09,1,0.908767,0.908767,high,Y,trade-gated adverse scenario with medium/high evidence,active market context,0.647662,0.618428,0.000752,rate_sensitive,장기금리와 달러 강세 부담이 채권·성장주·신용자산을 압박하는 장세입니다. 고밸류 성장주와 반도체 factor 민감도를 점검합니다.
XLV,XLV,equity_etf,semiconductor_ai_cycle_shock,Semiconductor / AI Cycle Shock,AI·반도체 사이클 충격장,korea_semiconductor,-0.138512,0.000752,0.135824,negative,0.138512,low,43.672,rolling_beta,v3,1,1110,1110,6,market,pass,N,,2026-06-09,1,0.377914,0.0,medium,N,context only: WATCH state,context only: WATCH state,0.17572,0.135824,0.000752,semiconductor_ai_shock_hedge,"AI capex 기대와 반도체 모멘텀이 꺾이면서 미국 성장주와 한국 반도체 대형주가 동시에 압박받는 장세입니다. SOXX, AI leader basket, 한국 반도체 basket의 동반 약세와 원화 압력을 함께 봅니다."
XLV,XLV,equity_etf,korea_domestic_financial_stress,Korea Domestic Financial Stress,한국 내수 금융스트레스장,korea_market,-0.400179,0.000752,0.0,negative,0.400179,medium,61.630274,rolling_beta,v3,1,1110,1110,5,seed,pass,Y,,2026-06-09,1,0.401006,0.0,medium,N,context only: source_quality=seed,context only: source_quality=seed,-0.097985,-0.096897,0.000752,korea_financial_stress_hedge,"가계부채, 부동산 PF, 비은행권, 금융주와 건설주 스트레스가 한국 자산 전반으로 번지는 장세입니다. 금융/건설 basket, 신용 spread, 단기자금 spread, 원화 약세를 함께 점검합니다."
XLV,XLV,equity_etf,geopolitical_escalation_supply_shock,Geopolitical Escalation / Supply Shock,지정학 확전·공급충격장,geopolitical,-0.049536,0.000752,0.647662,neutral,0.049536,low,65.604388,rolling_beta,v3,1,1110,1110,3,manual,pass,Y,,2026-06-09,1,0.398559,0.0,medium,N,context only: source_quality=manual,context only: source_quality=manual,0.049994,,0.000752,geopolitical_supply_shock_hedge,"전쟁, 제재, 해상로 차질, 대만·중동·한반도 긴장처럼 유가·금·방산·변동성이 동시에 움직이는 이벤트성 충격 장세입니다. 뉴스 overlay는 가격 신호를 보강하는 용도로만 해석합니다."
XLV,XLV,equity_etf,slowdown_recession_deflation_risk,Slowdown / Recession / Deflation Risk,경기둔화/침체 우려장,us_global,0.044653,0.000752,0.618428,neutral,0.044653,low,72.589407,rolling_beta,v3,1,1261,1261,3,market,pass,N,,2026-06-09,0,0.0,0.0,high,N,scenario inactive,inactive scenario,0.647662,0.618428,0.000752,slowdown_vulnerable,수요 둔화와 침체/디플레이션 압력이 커지는 방어적 장세입니다. 주식 beta와 신용위험을 보수적으로 봅니다.
XLV,XLV,equity_etf,stagflation_reinflation_energy_shock,Stagflation / Reinflation / Energy Shock,물가·에너지 재상승장,us_global,0.407876,0.000752,0.647662,positive,0.407876,medium,72.540929,rolling_beta,v3,1,1261,1261,2,market,pass,N,,2026-06-09,0,0.0,0.0,high,N,scenario inactive,inactive scenario,0.049994,,0.000752,stagflation_vulnerable,성장 부담이 있는데 유가·원자재·인플레이션 압력이 다시 커지는 장세입니다. 에너지/원자재 수혜와 장기채 부담을 함께 봅니다.
XLV,XLV,equity_etf,soft_landing_goldilocks,Soft Landing / Goldilocks,우호적 위험선호장,us_global,0.647662,0.000752,0.618428,positive,0.647662,medium,65.4571,rolling_beta,v3,1,1261,1261,3,market,pass,N,,2026-06-09,0,0.0,0.0,high,N,non-adverse scenario,inactive scenario,0.647662,0.618428,0.000752,risk_on_participation,우호적 위험선호장 참여 민감도
XLY,XLY,equity_etf,usd_strength_krw_weakness,USD Strength / KRW Weakness,달러강세/원화약세장,fx_krw,-0.055219,-0.00012,0.0,negative,0.055219,low,70.962151,rolling_beta,v3,1,1110,1110,4,market,pass,N,,2026-06-09,1,0.975204,0.975204,high,Y,trade-gated adverse scenario with medium/high evidence,active market context,0.588638,-0.0193,-0.00012,krw_weakness_hedge,달러가 강하고 원화가 약해져 KRW 기준 투자자의 환율 리스크가 커지는 장세입니다. 한국 자산과 USD 노출의 역할을 분리해 봅니다.
XLY,XLY,equity_etf,china_trade_fragmentation_shock,China / Trade Fragmentation Shock,중국·무역분절 충격장,china_asia,0.138814,-0.00012,0.0,positive,0.138814,low,65.435166,rolling_beta,v3,1,1110,1110,5,market,pass,N,,2026-06-09,1,0.963122,0.963122,high,Y,trade-gated adverse scenario with medium/high evidence,active market context,-0.011198,-0.0193,-0.00012,china_asia_shock_vulnerable,중국 경기·무역갈등·공급망 충격이 한국/아시아와 반도체 자산에 번지는 장세입니다. 한국 반도체 factor와 원화 약세를 함께 확인합니다.
XLY,XLY,equity_etf,acute_global_stress_liquidity_crunch,Acute Global Stress / Liquidity Crunch,급성 리스크오프/유동성 경색장,us_global,0.353898,-0.00012,1.157403,positive,0.353898,medium,76.127067,rolling_beta,v3,1,1261,1261,3,market,pass,N,,2026-06-09,1,0.942163,0.942163,high,Y,trade-gated adverse scenario with medium/high evidence,active market context,1.179123,1.157403,-0.00012,liquidity_stress_vulnerable,변동성이 튀고 위험자산이 동반 약세를 보이는 단기 스트레스 장세입니다. 상관관계 상승과 유동성 악화를 우선 점검합니다.
XLY,XLY,equity_etf,higher_for_longer_long_rate_shock,Higher-for-Longer / Long-Rate Shock,장기금리 부담장,us_global,0.998518,-0.00012,1.157403,positive,0.998518,high,62.128209,rolling_beta,v3,1,1261,1261,3,market,pass,N,,2026-06-09,1,0.908767,0.908767,high,Y,trade-gated adverse scenario with medium/high evidence,active market context,1.179123,1.157403,-0.00012,rate_sensitive,장기금리와 달러 강세 부담이 채권·성장주·신용자산을 압박하는 장세입니다. 고밸류 성장주와 반도체 factor 민감도를 점검합니다.
XLY,XLY,equity_etf,semiconductor_ai_cycle_shock,Semiconductor / AI Cycle Shock,AI·반도체 사이클 충격장,korea_semiconductor,0.136631,-0.00012,0.509723,positive,0.136631,low,43.672,rolling_beta,v3,1,1110,1110,6,market,pass,N,,2026-06-09,1,0.377914,0.0,medium,N,context only: WATCH state,context only: WATCH state,0.475231,0.509723,-0.00012,semiconductor_ai_shock_vulnerable,"AI capex 기대와 반도체 모멘텀이 꺾이면서 미국 성장주와 한국 반도체 대형주가 동시에 압박받는 장세입니다. SOXX, AI leader basket, 한국 반도체 basket의 동반 약세와 원화 압력을 함께 봅니다."
XLY,XLY,equity_etf,korea_domestic_financial_stress,Korea Domestic Financial Stress,한국 내수 금융스트레스장,korea_market,-0.408715,-0.00012,0.0,negative,0.408715,medium,61.630274,rolling_beta,v3,1,1110,1110,5,seed,pass,Y,,2026-06-09,1,0.401006,0.0,medium,N,context only: source_quality=seed,context only: source_quality=seed,-0.011198,-0.0193,-0.00012,korea_financial_stress_hedge,"가계부채, 부동산 PF, 비은행권, 금융주와 건설주 스트레스가 한국 자산 전반으로 번지는 장세입니다. 금융/건설 basket, 신용 spread, 단기자금 spread, 원화 약세를 함께 점검합니다."
XLY,XLY,equity_etf,geopolitical_escalation_supply_shock,Geopolitical Escalation / Supply Shock,지정학 확전·공급충격장,geopolitical,0.130052,-0.00012,1.179123,positive,0.130052,low,65.604388,rolling_beta,v3,1,1110,1110,3,manual,pass,Y,,2026-06-09,1,0.398559,0.0,medium,N,context only: source_quality=manual,context only: source_quality=manual,0.067077,,-0.00012,geopolitical_supply_shock_vulnerable,"전쟁, 제재, 해상로 차질, 대만·중동·한반도 긴장처럼 유가·금·방산·변동성이 동시에 움직이는 이벤트성 충격 장세입니다. 뉴스 overlay는 가격 신호를 보강하는 용도로만 해석합니다."
XLY,XLY,equity_etf,slowdown_recession_deflation_risk,Slowdown / Recession / Deflation Risk,경기둔화/침체 우려장,us_global,0.420615,-0.00012,1.157403,positive,0.420615,medium,72.589407,rolling_beta,v3,1,1261,1261,3,market,pass,N,,2026-06-09,0,0.0,0.0,high,N,scenario inactive,inactive scenario,1.179123,1.157403,-0.00012,slowdown_vulnerable,수요 둔화와 침체/디플레이션 압력이 커지는 방어적 장세입니다. 주식 beta와 신용위험을 보수적으로 봅니다.
XLY,XLY,equity_etf,stagflation_reinflation_energy_shock,Stagflation / Reinflation / Energy Shock,물가·에너지 재상승장,us_global,0.615682,-0.00012,1.179123,positive,0.615682,medium,72.540929,rolling_beta,v3,1,1261,1261,2,market,pass,N,,2026-06-09,0,0.0,0.0,high,N,scenario inactive,inactive scenario,0.067077,,-0.00012,stagflation_vulnerable,성장 부담이 있는데 유가·원자재·인플레이션 압력이 다시 커지는 장세입니다. 에너지/원자재 수혜와 장기채 부담을 함께 봅니다.
XLY,XLY,equity_etf,soft_landing_goldilocks,Soft Landing / Goldilocks,우호적 위험선호장,us_global,1.179123,-0.00012,1.157403,positive,1.179123,high,65.4571,rolling_beta,v3,1,1261,1261,3,market,pass,N,,2026-06-09,0,0.0,0.0,high,N,non-adverse scenario,inactive scenario,1.179123,1.157403,-0.00012,risk_on_participation,우호적 위험선호장 참여 민감도
XOM,XOM,us_stock,usd_strength_krw_weakness,USD Strength / KRW Weakness,달러강세/원화약세장,fx_krw,-0.197691,-0.000445,0.0,negative,0.197691,low,70.962151,rolling_beta,v3,1,1110,1110,4,market,pass,N,,2026-06-09,1,0.975204,0.975204,high,Y,trade-gated adverse scenario with medium/high evidence,active market context,0.971119,-0.007679,-0.000445,krw_weakness_hedge,달러가 강하고 원화가 약해져 KRW 기준 투자자의 환율 리스크가 커지는 장세입니다. 한국 자산과 USD 노출의 역할을 분리해 봅니다.
XOM,XOM,us_stock,china_trade_fragmentation_shock,China / Trade Fragmentation Shock,중국·무역분절 충격장,china_asia,0.032974,-0.000445,0.0,neutral,0.032974,low,65.435166,rolling_beta,v3,1,1110,1110,5,market,pass,N,,2026-06-09,1,0.963122,0.963122,high,Y,trade-gated adverse scenario with medium/high evidence,active market context,-0.071435,-0.007679,-0.000445,china_asia_shock_vulnerable,중국 경기·무역갈등·공급망 충격이 한국/아시아와 반도체 자산에 번지는 장세입니다. 한국 반도체 factor와 원화 약세를 함께 확인합니다.
XOM,XOM,us_stock,acute_global_stress_liquidity_crunch,Acute Global Stress / Liquidity Crunch,급성 리스크오프/유동성 경색장,us_global,0.355108,-0.000445,0.784621,positive,0.355108,medium,76.127067,rolling_beta,v3,1,1261,1261,3,market,pass,N,,2026-06-09,1,0.942163,0.942163,high,Y,trade-gated adverse scenario with medium/high evidence,active market context,0.609237,0.784621,-0.000445,liquidity_stress_vulnerable,변동성이 튀고 위험자산이 동반 약세를 보이는 단기 스트레스 장세입니다. 상관관계 상승과 유동성 악화를 우선 점검합니다.
XOM,XOM,us_stock,higher_for_longer_long_rate_shock,Higher-for-Longer / Long-Rate Shock,장기금리 부담장,us_global,0.23508,-0.000445,0.784621,positive,0.23508,low,62.128209,rolling_beta,v3,1,1261,1261,3,market,pass,N,,2026-06-09,1,0.908767,0.908767,high,Y,trade-gated adverse scenario with medium/high evidence,active market context,0.609237,0.784621,-0.000445,rate_sensitive,장기금리와 달러 강세 부담이 채권·성장주·신용자산을 압박하는 장세입니다. 고밸류 성장주와 반도체 factor 민감도를 점검합니다.
XOM,XOM,us_stock,semiconductor_ai_cycle_shock,Semiconductor / AI Cycle Shock,AI·반도체 사이클 충격장,korea_semiconductor,0.115689,-0.000445,0.168265,positive,0.115689,low,43.672,rolling_beta,v3,1,1110,1110,6,market,pass,N,,2026-06-09,1,0.377914,0.0,medium,N,context only: WATCH state,context only: WATCH state,0.14562,0.168265,-0.000445,semiconductor_ai_shock_vulnerable,"AI capex 기대와 반도체 모멘텀이 꺾이면서 미국 성장주와 한국 반도체 대형주가 동시에 압박받는 장세입니다. SOXX, AI leader basket, 한국 반도체 basket의 동반 약세와 원화 압력을 함께 봅니다."
XOM,XOM,us_stock,korea_domestic_financial_stress,Korea Domestic Financial Stress,한국 내수 금융스트레스장,korea_market,-0.043206,-0.000445,0.0,neutral,0.043206,low,61.630274,rolling_beta,v3,1,1110,1110,5,seed,pass,Y,,2026-06-09,1,0.401006,0.0,medium,N,context only: source_quality=seed,context only: source_quality=seed,-0.071435,-0.007679,-0.000445,korea_financial_stress_hedge,"가계부채, 부동산 PF, 비은행권, 금융주와 건설주 스트레스가 한국 자산 전반으로 번지는 장세입니다. 금융/건설 basket, 신용 spread, 단기자금 spread, 원화 약세를 함께 점검합니다."
XOM,XOM,us_stock,geopolitical_escalation_supply_shock,Geopolitical Escalation / Supply Shock,지정학 확전·공급충격장,geopolitical,-0.164518,-0.000445,0.609237,negative,0.164518,low,65.604388,rolling_beta,v3,1,1110,1110,3,manual,pass,Y,,2026-06-09,1,0.398559,0.0,medium,N,context only: source_quality=manual,context only: source_quality=manual,0.500834,,-0.000445,geopolitical_supply_shock_hedge,"전쟁, 제재, 해상로 차질, 대만·중동·한반도 긴장처럼 유가·금·방산·변동성이 동시에 움직이는 이벤트성 충격 장세입니다. 뉴스 overlay는 가격 신호를 보강하는 용도로만 해석합니다."
XOM,XOM,us_stock,slowdown_recession_deflation_risk,Slowdown / Recession / Deflation Risk,경기둔화/침체 우려장,us_global,0.411581,-0.000445,0.784621,positive,0.411581,medium,72.589407,rolling_beta,v3,1,1261,1261,3,market,pass,N,,2026-06-09,0,0.0,0.0,high,N,scenario inactive,inactive scenario,0.609237,0.784621,-0.000445,slowdown_vulnerable,수요 둔화와 침체/디플레이션 압력이 커지는 방어적 장세입니다. 주식 beta와 신용위험을 보수적으로 봅니다.
XOM,XOM,us_stock,stagflation_reinflation_energy_shock,Stagflation / Reinflation / Energy Shock,물가·에너지 재상승장,us_global,-0.225641,-0.000445,0.609237,negative,0.225641,low,72.540929,rolling_beta,v3,1,1261,1261,2,market,pass,N,,2026-06-09,0,0.0,0.0,high,N,scenario inactive,inactive scenario,0.500834,,-0.000445,inflation_hedge,성장 부담이 있는데 유가·원자재·인플레이션 압력이 다시 커지는 장세입니다. 에너지/원자재 수혜와 장기채 부담을 함께 봅니다.
XOM,XOM,us_stock,soft_landing_goldilocks,Soft Landing / Goldilocks,우호적 위험선호장,us_global,0.609237,-0.000445,0.784621,positive,0.609237,medium,65.4571,rolling_beta,v3,1,1261,1261,3,market,pass,N,,2026-06-09,0,0.0,0.0,high,N,non-adverse scenario,inactive scenario,0.609237,0.784621,-0.000445,risk_on_participation,우호적 위험선호장 참여 민감도
XOP,XOP,equity_etf,usd_strength_krw_weakness,USD Strength / KRW Weakness,달러강세/원화약세장,fx_krw,-0.10691,-0.00236,0.057113,negative,0.10691,low,70.962151,rolling_beta,v3,1,1110,1110,4,market,pass,N,,2026-06-09,1,0.975204,0.975204,high,Y,trade-gated adverse scenario with medium/high evidence,active market context,0.851722,0.057113,-0.00236,krw_weakness_hedge,달러가 강하고 원화가 약해져 KRW 기준 투자자의 환율 리스크가 커지는 장세입니다. 한국 자산과 USD 노출의 역할을 분리해 봅니다.
XOP,XOP,equity_etf,china_trade_fragmentation_shock,China / Trade Fragmentation Shock,중국·무역분절 충격장,china_asia,0.15348,-0.00236,0.057113,positive,0.15348,low,65.435166,rolling_beta,v3,1,1110,1110,5,market,pass,N,,2026-06-09,1,0.963122,0.963122,high,Y,trade-gated adverse scenario with medium/high evidence,active market context,-0.035208,0.057113,-0.00236,china_asia_shock_vulnerable,중국 경기·무역갈등·공급망 충격이 한국/아시아와 반도체 자산에 번지는 장세입니다. 한국 반도체 factor와 원화 약세를 함께 확인합니다.
XOP,XOP,equity_etf,acute_global_stress_liquidity_crunch,Acute Global Stress / Liquidity Crunch,급성 리스크오프/유동성 경색장,us_global,0.641013,-0.00236,1.214528,positive,0.641013,medium,76.127067,rolling_beta,v3,1,1261,1261,3,market,pass,N,,2026-06-09,1,0.942163,0.942163,high,Y,trade-gated adverse scenario with medium/high evidence,active market context,0.972362,1.214528,-0.00236,liquidity_stress_vulnerable,변동성이 튀고 위험자산이 동반 약세를 보이는 단기 스트레스 장세입니다. 상관관계 상승과 유동성 악화를 우선 점검합니다.
XOP,XOP,equity_etf,higher_for_longer_long_rate_shock,Higher-for-Longer / Long-Rate Shock,장기금리 부담장,us_global,0.434799,-0.00236,1.214528,positive,0.434799,medium,62.128209,rolling_beta,v3,1,1261,1261,3,market,pass,N,,2026-06-09,1,0.908767,0.908767,high,Y,trade-gated adverse scenario with medium/high evidence,active market context,0.972362,1.214528,-0.00236,rate_sensitive,장기금리와 달러 강세 부담이 채권·성장주·신용자산을 압박하는 장세입니다. 고밸류 성장주와 반도체 factor 민감도를 점검합니다.
XOP,XOP,equity_etf,semiconductor_ai_cycle_shock,Semiconductor / AI Cycle Shock,AI·반도체 사이클 충격장,korea_semiconductor,0.314906,-0.00236,0.429953,positive,0.314906,medium,43.672,rolling_beta,v3,1,1110,1110,6,market,pass,N,,2026-06-09,1,0.377914,0.0,medium,N,context only: WATCH state,context only: WATCH state,0.341448,0.429953,-0.00236,semiconductor_ai_shock_vulnerable,"AI capex 기대와 반도체 모멘텀이 꺾이면서 미국 성장주와 한국 반도체 대형주가 동시에 압박받는 장세입니다. SOXX, AI leader basket, 한국 반도체 basket의 동반 약세와 원화 압력을 함께 봅니다."
XOP,XOP,equity_etf,korea_domestic_financial_stress,Korea Domestic Financial Stress,한국 내수 금융스트레스장,korea_market,-0.013234,-0.00236,0.057113,neutral,0.013234,low,61.630274,rolling_beta,v3,1,1110,1110,5,seed,pass,Y,,2026-06-09,1,0.401006,0.0,medium,N,context only: source_quality=seed,context only: source_quality=seed,-0.035208,0.057113,-0.00236,korea_financial_stress_hedge,"가계부채, 부동산 PF, 비은행권, 금융주와 건설주 스트레스가 한국 자산 전반으로 번지는 장세입니다. 금융/건설 basket, 신용 spread, 단기자금 spread, 원화 약세를 함께 점검합니다."
XOP,XOP,equity_etf,geopolitical_escalation_supply_shock,Geopolitical Escalation / Supply Shock,지정학 확전·공급충격장,geopolitical,-0.019652,-0.00236,0.972362,neutral,0.019652,low,65.604388,rolling_beta,v3,1,1110,1110,3,manual,pass,Y,,2026-06-09,1,0.398559,0.0,medium,N,context only: source_quality=manual,context only: source_quality=manual,0.620434,,-0.00236,geopolitical_supply_shock_hedge,"전쟁, 제재, 해상로 차질, 대만·중동·한반도 긴장처럼 유가·금·방산·변동성이 동시에 움직이는 이벤트성 충격 장세입니다. 뉴스 overlay는 가격 신호를 보강하는 용도로만 해석합니다."
XOP,XOP,equity_etf,slowdown_recession_deflation_risk,Slowdown / Recession / Deflation Risk,경기둔화/침체 우려장,us_global,0.714646,-0.00236,1.214528,positive,0.714646,medium,72.589407,rolling_beta,v3,1,1261,1261,3,market,pass,N,,2026-06-09,0,0.0,0.0,high,N,scenario inactive,inactive scenario,0.972362,1.214528,-0.00236,slowdown_vulnerable,수요 둔화와 침체/디플레이션 압력이 커지는 방어적 장세입니다. 주식 beta와 신용위험을 보수적으로 봅니다.
XOP,XOP,equity_etf,stagflation_reinflation_energy_shock,Stagflation / Reinflation / Energy Shock,물가·에너지 재상승장,us_global,-0.050666,-0.00236,0.972362,negative,0.050666,low,72.540929,rolling_beta,v3,1,1261,1261,2,market,pass,N,,2026-06-09,0,0.0,0.0,high,N,scenario inactive,inactive scenario,0.620434,,-0.00236,inflation_hedge,성장 부담이 있는데 유가·원자재·인플레이션 압력이 다시 커지는 장세입니다. 에너지/원자재 수혜와 장기채 부담을 함께 봅니다.
XOP,XOP,equity_etf,soft_landing_goldilocks,Soft Landing / Goldilocks,우호적 위험선호장,us_global,0.972362,-0.00236,1.214528,positive,0.972362,high,65.4571,rolling_beta,v3,1,1261,1261,3,market,pass,N,,2026-06-09,0,0.0,0.0,high,N,non-adverse scenario,inactive scenario,0.972362,1.214528,-0.00236,risk_on_participation,우호적 위험선호장 참여 민감도
XRP-USD,XRP-USD,crypto,usd_strength_krw_weakness,USD Strength / KRW Weakness,달러강세/원화약세장,fx_krw,-0.055903,0.005486,0.056944,negative,0.055903,low,70.962151,rolling_beta,v3,1,1224,1224,4,market,pass,N,,2026-06-09,1,0.975204,0.975204,high,Y,trade-gated adverse scenario with medium/high evidence,active market context,0.357811,0.056944,0.005486,krw_weakness_hedge,달러가 강하고 원화가 약해져 KRW 기준 투자자의 환율 리스크가 커지는 장세입니다. 한국 자산과 USD 노출의 역할을 분리해 봅니다.
XRP-USD,XRP-USD,crypto,china_trade_fragmentation_shock,China / Trade Fragmentation Shock,중국·무역분절 충격장,china_asia,-0.001881,0.005486,0.056944,neutral,0.001881,low,65.435166,rolling_beta,v3,1,1224,1224,5,market,pass,N,,2026-06-09,1,0.963122,0.963122,high,Y,trade-gated adverse scenario with medium/high evidence,active market context,0.030095,0.056944,0.005486,china_asia_shock_hedge,중국 경기·무역갈등·공급망 충격이 한국/아시아와 반도체 자산에 번지는 장세입니다. 한국 반도체 factor와 원화 약세를 함께 확인합니다.
XRP-USD,XRP-USD,crypto,acute_global_stress_liquidity_crunch,Acute Global Stress / Liquidity Crunch,급성 리스크오프/유동성 경색장,us_global,0.100127,0.005486,0.897025,positive,0.100127,low,76.127067,rolling_beta,v3,1,1260,1260,3,market,pass,N,,2026-06-09,1,0.942163,0.942163,high,Y,trade-gated adverse scenario with medium/high evidence,active market context,1.176389,0.897025,0.005486,liquidity_stress_vulnerable,변동성이 튀고 위험자산이 동반 약세를 보이는 단기 스트레스 장세입니다. 상관관계 상승과 유동성 악화를 우선 점검합니다.
XRP-USD,XRP-USD,crypto,higher_for_longer_long_rate_shock,Higher-for-Longer / Long-Rate Shock,장기금리 부담장,us_global,0.547014,0.005486,0.897025,positive,0.547014,medium,62.128209,rolling_beta,v3,1,1260,1260,3,market,pass,N,,2026-06-09,1,0.908767,0.908767,high,Y,trade-gated adverse scenario with medium/high evidence,active market context,1.176389,0.897025,0.005486,rate_sensitive,장기금리와 달러 강세 부담이 채권·성장주·신용자산을 압박하는 장세입니다. 고밸류 성장주와 반도체 factor 민감도를 점검합니다.
XRP-USD,XRP-USD,crypto,semiconductor_ai_cycle_shock,Semiconductor / AI Cycle Shock,AI·반도체 사이클 충격장,korea_semiconductor,0.123587,0.005486,0.526297,positive,0.123587,low,43.672,rolling_beta,v3,1,1224,1224,6,market,pass,N,,2026-06-09,1,0.377914,0.0,medium,N,context only: WATCH state,context only: WATCH state,0.561808,0.526297,0.005486,semiconductor_ai_shock_vulnerable,"AI capex 기대와 반도체 모멘텀이 꺾이면서 미국 성장주와 한국 반도체 대형주가 동시에 압박받는 장세입니다. SOXX, AI leader basket, 한국 반도체 basket의 동반 약세와 원화 압력을 함께 봅니다."
XRP-USD,XRP-USD,crypto,korea_domestic_financial_stress,Korea Domestic Financial Stress,한국 내수 금융스트레스장,korea_market,-0.565352,0.005486,0.056944,negative,0.565352,medium,61.630274,rolling_beta,v3,1,1224,1224,5,seed,pass,Y,,2026-06-09,1,0.401006,0.0,medium,N,context only: source_quality=seed,context only: source_quality=seed,0.030095,0.056944,0.005486,korea_financial_stress_hedge,"가계부채, 부동산 PF, 비은행권, 금융주와 건설주 스트레스가 한국 자산 전반으로 번지는 장세입니다. 금융/건설 basket, 신용 spread, 단기자금 spread, 원화 약세를 함께 점검합니다."
XRP-USD,XRP-USD,crypto,geopolitical_escalation_supply_shock,Geopolitical Escalation / Supply Shock,지정학 확전·공급충격장,geopolitical,-0.058326,0.005486,1.176389,negative,0.058326,low,65.604388,rolling_beta,v3,1,1260,1260,3,manual,pass,Y,,2026-06-09,1,0.398559,0.0,medium,N,context only: source_quality=manual,context only: source_quality=manual,0.130278,,0.005486,geopolitical_supply_shock_hedge,"전쟁, 제재, 해상로 차질, 대만·중동·한반도 긴장처럼 유가·금·방산·변동성이 동시에 움직이는 이벤트성 충격 장세입니다. 뉴스 overlay는 가격 신호를 보강하는 용도로만 해석합니다."
XRP-USD,XRP-USD,crypto,slowdown_recession_deflation_risk,Slowdown / Recession / Deflation Risk,경기둔화/침체 우려장,us_global,0.22263,0.005486,0.897025,positive,0.22263,low,72.589407,rolling_beta,v3,1,1260,1260,3,market,pass,N,,2026-06-09,0,0.0,0.0,high,N,scenario inactive,inactive scenario,1.176389,0.897025,0.005486,slowdown_vulnerable,수요 둔화와 침체/디플레이션 압력이 커지는 방어적 장세입니다. 주식 beta와 신용위험을 보수적으로 봅니다.
XRP-USD,XRP-USD,crypto,stagflation_reinflation_energy_shock,Stagflation / Reinflation / Energy Shock,물가·에너지 재상승장,us_global,0.274577,0.005486,1.176389,positive,0.274577,low,72.540929,rolling_beta,v3,1,1260,1260,2,market,pass,N,,2026-06-09,0,0.0,0.0,high,N,scenario inactive,inactive scenario,0.130278,,0.005486,stagflation_vulnerable,성장 부담이 있는데 유가·원자재·인플레이션 압력이 다시 커지는 장세입니다. 에너지/원자재 수혜와 장기채 부담을 함께 봅니다.
XRP-USD,XRP-USD,crypto,soft_landing_goldilocks,Soft Landing / Goldilocks,우호적 위험선호장,us_global,1.176389,0.005486,0.897025,positive,1.176389,high,65.4571,rolling_beta,v3,1,1260,1260,3,market,pass,N,,2026-06-09,0,0.0,0.0,high,N,non-adverse scenario,inactive scenario,1.176389,0.897025,0.005486,risk_on_participation,우호적 위험선호장 참여 민감도
XRT,XRT,equity_etf,usd_strength_krw_weakness,USD Strength / KRW Weakness,달러강세/원화약세장,fx_krw,-0.065007,-0.000435,0.0,negative,0.065007,low,70.962151,rolling_beta,v3,1,1110,1110,4,market,pass,N,,2026-06-09,1,0.975204,0.975204,high,Y,trade-gated adverse scenario with medium/high evidence,active market context,0.669295,-0.056071,-0.000435,krw_weakness_hedge,달러가 강하고 원화가 약해져 KRW 기준 투자자의 환율 리스크가 커지는 장세입니다. 한국 자산과 USD 노출의 역할을 분리해 봅니다.
XRT,XRT,equity_etf,china_trade_fragmentation_shock,China / Trade Fragmentation Shock,중국·무역분절 충격장,china_asia,0.138868,-0.000435,0.0,positive,0.138868,low,65.435166,rolling_beta,v3,1,1110,1110,5,market,pass,N,,2026-06-09,1,0.963122,0.963122,high,Y,trade-gated adverse scenario with medium/high evidence,active market context,-0.048461,-0.056071,-0.000435,china_asia_shock_vulnerable,중국 경기·무역갈등·공급망 충격이 한국/아시아와 반도체 자산에 번지는 장세입니다. 한국 반도체 factor와 원화 약세를 함께 확인합니다.
XRT,XRT,equity_etf,acute_global_stress_liquidity_crunch,Acute Global Stress / Liquidity Crunch,급성 리스크오프/유동성 경색장,us_global,0.346557,-0.000435,1.024852,positive,0.346557,medium,76.127067,rolling_beta,v3,1,1261,1261,3,market,pass,N,,2026-06-09,1,0.942163,0.942163,high,Y,trade-gated adverse scenario with medium/high evidence,active market context,1.139972,1.024852,-0.000435,liquidity_stress_vulnerable,변동성이 튀고 위험자산이 동반 약세를 보이는 단기 스트레스 장세입니다. 상관관계 상승과 유동성 악화를 우선 점검합니다.
XRT,XRT,equity_etf,higher_for_longer_long_rate_shock,Higher-for-Longer / Long-Rate Shock,장기금리 부담장,us_global,0.976985,-0.000435,1.024852,positive,0.976985,high,62.128209,rolling_beta,v3,1,1261,1261,3,market,pass,N,,2026-06-09,1,0.908767,0.908767,high,Y,trade-gated adverse scenario with medium/high evidence,active market context,1.139972,1.024852,-0.000435,rate_sensitive,장기금리와 달러 강세 부담이 채권·성장주·신용자산을 압박하는 장세입니다. 고밸류 성장주와 반도체 factor 민감도를 점검합니다.
XRT,XRT,equity_etf,semiconductor_ai_cycle_shock,Semiconductor / AI Cycle Shock,AI·반도체 사이클 충격장,korea_semiconductor,0.10733,-0.000435,0.433332,positive,0.10733,low,43.672,rolling_beta,v3,1,1110,1110,6,market,pass,N,,2026-06-09,1,0.377914,0.0,medium,N,context only: WATCH state,context only: WATCH state,0.451625,0.433332,-0.000435,semiconductor_ai_shock_vulnerable,"AI capex 기대와 반도체 모멘텀이 꺾이면서 미국 성장주와 한국 반도체 대형주가 동시에 압박받는 장세입니다. SOXX, AI leader basket, 한국 반도체 basket의 동반 약세와 원화 압력을 함께 봅니다."
XRT,XRT,equity_etf,korea_domestic_financial_stress,Korea Domestic Financial Stress,한국 내수 금융스트레스장,korea_market,-0.388732,-0.000435,0.0,negative,0.388732,medium,61.630274,rolling_beta,v3,1,1110,1110,5,seed,pass,Y,,2026-06-09,1,0.401006,0.0,medium,N,context only: source_quality=seed,context only: source_quality=seed,-0.048461,-0.056071,-0.000435,korea_financial_stress_hedge,"가계부채, 부동산 PF, 비은행권, 금융주와 건설주 스트레스가 한국 자산 전반으로 번지는 장세입니다. 금융/건설 basket, 신용 spread, 단기자금 spread, 원화 약세를 함께 점검합니다."
XRT,XRT,equity_etf,geopolitical_escalation_supply_shock,Geopolitical Escalation / Supply Shock,지정학 확전·공급충격장,geopolitical,0.130756,-0.000435,1.139972,positive,0.130756,low,65.604388,rolling_beta,v3,1,1110,1110,3,manual,pass,Y,,2026-06-09,1,0.398559,0.0,medium,N,context only: source_quality=manual,context only: source_quality=manual,0.094479,,-0.000435,geopolitical_supply_shock_vulnerable,"전쟁, 제재, 해상로 차질, 대만·중동·한반도 긴장처럼 유가·금·방산·변동성이 동시에 움직이는 이벤트성 충격 장세입니다. 뉴스 overlay는 가격 신호를 보강하는 용도로만 해석합니다."
XRT,XRT,equity_etf,slowdown_recession_deflation_risk,Slowdown / Recession / Deflation Risk,경기둔화/침체 우려장,us_global,0.406205,-0.000435,1.024852,positive,0.406205,medium,72.589407,rolling_beta,v3,1,1261,1261,3,market,pass,N,,2026-06-09,0,0.0,0.0,high,N,scenario inactive,inactive scenario,1.139972,1.024852,-0.000435,slowdown_vulnerable,수요 둔화와 침체/디플레이션 압력이 커지는 방어적 장세입니다. 주식 beta와 신용위험을 보수적으로 봅니다.
XRT,XRT,equity_etf,stagflation_reinflation_energy_shock,Stagflation / Reinflation / Energy Shock,물가·에너지 재상승장,us_global,0.609864,-0.000435,1.139972,positive,0.609864,medium,72.540929,rolling_beta,v3,1,1261,1261,2,market,pass,N,,2026-06-09,0,0.0,0.0,high,N,scenario inactive,inactive scenario,0.094479,,-0.000435,stagflation_vulnerable,성장 부담이 있는데 유가·원자재·인플레이션 압력이 다시 커지는 장세입니다. 에너지/원자재 수혜와 장기채 부담을 함께 봅니다.
XRT,XRT,equity_etf,soft_landing_goldilocks,Soft Landing / Goldilocks,우호적 위험선호장,us_global,1.139972,-0.000435,1.024852,positive,1.139972,high,65.4571,rolling_beta,v3,1,1261,1261,3,market,pass,N,,2026-06-09,0,0.0,0.0,high,N,non-adverse scenario,inactive scenario,1.139972,1.024852,-0.000435,risk_on_participation,우호적 위험선호장 참여 민감도
