ticker,asset_class,currency,factor,factor_label,direction,magnitude,sensitivity_level,raw_value,value_basis,sign_positive_meaning,sign_negative_meaning,structural_tags,evidence_metrics
000270.KS,kr_stock,KRW,market_beta_sp500,S&P500 beta,neutral,0.058455,low,0.058455,beta_sp500_1y_krw,SPY와 같은 방향,SPY와 반대 방향,geopolitical_proxy|korea_equity_proxy|korea_financial_proxy,beta_sp500_1y_krw=0.058455
000270.KS,kr_stock,KRW,downside_beta_sp500,S&P500 downside beta,positive,0.105786,low,0.105786,downside_beta_sp500_1y_krw,미국 증시 하락일에 함께 하락,미국 증시 하락일에 반대로 움직임,geopolitical_proxy|korea_equity_proxy|korea_financial_proxy,downside_beta_sp500_1y_krw=0.105786
000270.KS,kr_stock,KRW,corr_sp500_60d,S&P500 60d correlation,neutral,0.062687,low,-0.062687,corr_sp500_60d_krw,SPY와 같은 방향,SPY와 반대 방향,geopolitical_proxy|korea_equity_proxy|korea_financial_proxy,corr_sp500_60d_krw=-0.062687
000270.KS,kr_stock,KRW,corr_kospi200_60d,KOSPI200 60d correlation,positive,0.798984,high,0.798984,corr_kospi200_60d_krw,KOSPI200과 같은 방향,KOSPI200과 반대 방향,geopolitical_proxy|korea_equity_proxy|korea_financial_proxy,corr_kospi200_60d_krw=0.798984
000270.KS,kr_stock,KRW,stress_response,Stress-period average return,negative,0.004996,high,-0.004996,avg_stress_ret_krw,위기구간에서 플러스 성과,위기구간에서 마이너스 성과,geopolitical_proxy|korea_equity_proxy|korea_financial_proxy,avg_stress_ret_krw=-0.004996
000660.KS,kr_stock,KRW,market_beta_sp500,S&P500 beta,positive,0.123121,low,0.123121,beta_sp500_1y_krw,SPY와 같은 방향,SPY와 반대 방향,ai_capex_proxy|korea_equity_proxy|korea_financial_proxy|semiconductor_proxy,beta_sp500_1y_krw=0.123121
000660.KS,kr_stock,KRW,downside_beta_sp500,S&P500 downside beta,positive,0.259261,low,0.259261,downside_beta_sp500_1y_krw,미국 증시 하락일에 함께 하락,미국 증시 하락일에 반대로 움직임,ai_capex_proxy|korea_equity_proxy|korea_financial_proxy|semiconductor_proxy,downside_beta_sp500_1y_krw=0.259261
000660.KS,kr_stock,KRW,corr_sp500_60d,S&P500 60d correlation,neutral,0.034273,low,-0.034273,corr_sp500_60d_krw,SPY와 같은 방향,SPY와 반대 방향,ai_capex_proxy|korea_equity_proxy|korea_financial_proxy|semiconductor_proxy,corr_sp500_60d_krw=-0.034273
000660.KS,kr_stock,KRW,corr_kospi200_60d,KOSPI200 60d correlation,positive,0.93734,high,0.93734,corr_kospi200_60d_krw,KOSPI200과 같은 방향,KOSPI200과 반대 방향,ai_capex_proxy|korea_equity_proxy|korea_financial_proxy|semiconductor_proxy,corr_kospi200_60d_krw=0.93734
000660.KS,kr_stock,KRW,stress_response,Stress-period average return,negative,0.01021,high,-0.01021,avg_stress_ret_krw,위기구간에서 플러스 성과,위기구간에서 마이너스 성과,ai_capex_proxy|korea_equity_proxy|korea_financial_proxy|semiconductor_proxy,avg_stress_ret_krw=-0.01021
000810.KS,kr_stock,KRW,market_beta_sp500,S&P500 beta,neutral,0.013141,low,0.013141,beta_sp500_1y_krw,SPY와 같은 방향,SPY와 반대 방향,korea_equity_proxy|korea_financial_proxy|rate_proxy,beta_sp500_1y_krw=0.013141
000810.KS,kr_stock,KRW,downside_beta_sp500,S&P500 downside beta,positive,0.11556,low,0.11556,downside_beta_sp500_1y_krw,미국 증시 하락일에 함께 하락,미국 증시 하락일에 반대로 움직임,korea_equity_proxy|korea_financial_proxy|rate_proxy,downside_beta_sp500_1y_krw=0.11556
000810.KS,kr_stock,KRW,corr_sp500_60d,S&P500 60d correlation,neutral,0.047424,low,-0.047424,corr_sp500_60d_krw,SPY와 같은 방향,SPY와 반대 방향,korea_equity_proxy|korea_financial_proxy|rate_proxy,corr_sp500_60d_krw=-0.047424
000810.KS,kr_stock,KRW,corr_kospi200_60d,KOSPI200 60d correlation,positive,0.415759,medium,0.415759,corr_kospi200_60d_krw,KOSPI200과 같은 방향,KOSPI200과 반대 방향,korea_equity_proxy|korea_financial_proxy|rate_proxy,corr_kospi200_60d_krw=0.415759
000810.KS,kr_stock,KRW,stress_response,Stress-period average return,negative,0.004478,high,-0.004478,avg_stress_ret_krw,위기구간에서 플러스 성과,위기구간에서 마이너스 성과,korea_equity_proxy|korea_financial_proxy|rate_proxy,avg_stress_ret_krw=-0.004478
003670.KS,kr_stock,KRW,market_beta_sp500,S&P500 beta,neutral,0.005407,low,0.005407,beta_sp500_1y_krw,SPY와 같은 방향,SPY와 반대 방향,ai_capex_proxy|geopolitical_proxy|korea_equity_proxy|korea_financial_proxy|rate_proxy,beta_sp500_1y_krw=0.005407
003670.KS,kr_stock,KRW,downside_beta_sp500,S&P500 downside beta,positive,0.139882,low,0.139882,downside_beta_sp500_1y_krw,미국 증시 하락일에 함께 하락,미국 증시 하락일에 반대로 움직임,ai_capex_proxy|geopolitical_proxy|korea_equity_proxy|korea_financial_proxy|rate_proxy,downside_beta_sp500_1y_krw=0.139882
003670.KS,kr_stock,KRW,corr_sp500_60d,S&P500 60d correlation,negative,0.194159,low,-0.194159,corr_sp500_60d_krw,SPY와 같은 방향,SPY와 반대 방향,ai_capex_proxy|geopolitical_proxy|korea_equity_proxy|korea_financial_proxy|rate_proxy,corr_sp500_60d_krw=-0.194159
003670.KS,kr_stock,KRW,corr_kospi200_60d,KOSPI200 60d correlation,positive,0.541975,medium,0.541975,corr_kospi200_60d_krw,KOSPI200과 같은 방향,KOSPI200과 반대 방향,ai_capex_proxy|geopolitical_proxy|korea_equity_proxy|korea_financial_proxy|rate_proxy,corr_kospi200_60d_krw=0.541975
003670.KS,kr_stock,KRW,stress_response,Stress-period average return,negative,0.005132,high,-0.005132,avg_stress_ret_krw,위기구간에서 플러스 성과,위기구간에서 마이너스 성과,ai_capex_proxy|geopolitical_proxy|korea_equity_proxy|korea_financial_proxy|rate_proxy,avg_stress_ret_krw=-0.005132
005380.KS,kr_stock,KRW,market_beta_sp500,S&P500 beta,neutral,0.046952,low,0.046952,beta_sp500_1y_krw,SPY와 같은 방향,SPY와 반대 방향,geopolitical_proxy|korea_equity_proxy|korea_financial_proxy,beta_sp500_1y_krw=0.046952
005380.KS,kr_stock,KRW,downside_beta_sp500,S&P500 downside beta,positive,0.133293,low,0.133293,downside_beta_sp500_1y_krw,미국 증시 하락일에 함께 하락,미국 증시 하락일에 반대로 움직임,geopolitical_proxy|korea_equity_proxy|korea_financial_proxy,downside_beta_sp500_1y_krw=0.133293
005380.KS,kr_stock,KRW,corr_sp500_60d,S&P500 60d correlation,neutral,0.026008,low,-0.026008,corr_sp500_60d_krw,SPY와 같은 방향,SPY와 반대 방향,geopolitical_proxy|korea_equity_proxy|korea_financial_proxy,corr_sp500_60d_krw=-0.026008
005380.KS,kr_stock,KRW,corr_kospi200_60d,KOSPI200 60d correlation,positive,0.777292,high,0.777292,corr_kospi200_60d_krw,KOSPI200과 같은 방향,KOSPI200과 반대 방향,geopolitical_proxy|korea_equity_proxy|korea_financial_proxy,corr_kospi200_60d_krw=0.777292
005380.KS,kr_stock,KRW,stress_response,Stress-period average return,negative,0.005493,high,-0.005493,avg_stress_ret_krw,위기구간에서 플러스 성과,위기구간에서 마이너스 성과,geopolitical_proxy|korea_equity_proxy|korea_financial_proxy,avg_stress_ret_krw=-0.005493
005490.KS,kr_stock,KRW,market_beta_sp500,S&P500 beta,neutral,0.007101,low,0.007101,beta_sp500_1y_krw,SPY와 같은 방향,SPY와 반대 방향,geopolitical_proxy|inflation_proxy|korea_equity_proxy|korea_financial_proxy,beta_sp500_1y_krw=0.007101
005490.KS,kr_stock,KRW,downside_beta_sp500,S&P500 downside beta,positive,0.101999,low,0.101999,downside_beta_sp500_1y_krw,미국 증시 하락일에 함께 하락,미국 증시 하락일에 반대로 움직임,geopolitical_proxy|inflation_proxy|korea_equity_proxy|korea_financial_proxy,downside_beta_sp500_1y_krw=0.101999
005490.KS,kr_stock,KRW,corr_sp500_60d,S&P500 60d correlation,negative,0.22686,low,-0.22686,corr_sp500_60d_krw,SPY와 같은 방향,SPY와 반대 방향,geopolitical_proxy|inflation_proxy|korea_equity_proxy|korea_financial_proxy,corr_sp500_60d_krw=-0.22686
005490.KS,kr_stock,KRW,corr_kospi200_60d,KOSPI200 60d correlation,positive,0.5352,medium,0.5352,corr_kospi200_60d_krw,KOSPI200과 같은 방향,KOSPI200과 반대 방향,geopolitical_proxy|inflation_proxy|korea_equity_proxy|korea_financial_proxy,corr_kospi200_60d_krw=0.5352
005490.KS,kr_stock,KRW,stress_response,Stress-period average return,negative,0.005251,high,-0.005251,avg_stress_ret_krw,위기구간에서 플러스 성과,위기구간에서 마이너스 성과,geopolitical_proxy|inflation_proxy|korea_equity_proxy|korea_financial_proxy,avg_stress_ret_krw=-0.005251
005930.KS,kr_stock,KRW,market_beta_sp500,S&P500 beta,neutral,0.040335,low,0.040335,beta_sp500_1y_krw,SPY와 같은 방향,SPY와 반대 방향,ai_capex_proxy|korea_equity_proxy|korea_financial_proxy|semiconductor_proxy,beta_sp500_1y_krw=0.040335
005930.KS,kr_stock,KRW,downside_beta_sp500,S&P500 downside beta,neutral,0.096471,low,0.096471,downside_beta_sp500_1y_krw,미국 증시 하락일에 함께 하락,미국 증시 하락일에 반대로 움직임,ai_capex_proxy|korea_equity_proxy|korea_financial_proxy|semiconductor_proxy,downside_beta_sp500_1y_krw=0.096471
005930.KS,kr_stock,KRW,corr_sp500_60d,S&P500 60d correlation,neutral,0.006385,low,-0.006385,corr_sp500_60d_krw,SPY와 같은 방향,SPY와 반대 방향,ai_capex_proxy|korea_equity_proxy|korea_financial_proxy|semiconductor_proxy,corr_sp500_60d_krw=-0.006385
005930.KS,kr_stock,KRW,corr_kospi200_60d,KOSPI200 60d correlation,positive,0.940514,high,0.940514,corr_kospi200_60d_krw,KOSPI200과 같은 방향,KOSPI200과 반대 방향,ai_capex_proxy|korea_equity_proxy|korea_financial_proxy|semiconductor_proxy,corr_kospi200_60d_krw=0.940514
005930.KS,kr_stock,KRW,stress_response,Stress-period average return,negative,0.005363,high,-0.005363,avg_stress_ret_krw,위기구간에서 플러스 성과,위기구간에서 마이너스 성과,ai_capex_proxy|korea_equity_proxy|korea_financial_proxy|semiconductor_proxy,avg_stress_ret_krw=-0.005363
006400.KS,kr_stock,KRW,market_beta_sp500,S&P500 beta,neutral,0.042658,low,0.042658,beta_sp500_1y_krw,SPY와 같은 방향,SPY와 반대 방향,ai_capex_proxy|geopolitical_proxy|korea_equity_proxy|korea_financial_proxy|rate_proxy,beta_sp500_1y_krw=0.042658
006400.KS,kr_stock,KRW,downside_beta_sp500,S&P500 downside beta,neutral,0.091891,low,0.091891,downside_beta_sp500_1y_krw,미국 증시 하락일에 함께 하락,미국 증시 하락일에 반대로 움직임,ai_capex_proxy|geopolitical_proxy|korea_equity_proxy|korea_financial_proxy|rate_proxy,downside_beta_sp500_1y_krw=0.091891
006400.KS,kr_stock,KRW,corr_sp500_60d,S&P500 60d correlation,negative,0.119009,low,-0.119009,corr_sp500_60d_krw,SPY와 같은 방향,SPY와 반대 방향,ai_capex_proxy|geopolitical_proxy|korea_equity_proxy|korea_financial_proxy|rate_proxy,corr_sp500_60d_krw=-0.119009
006400.KS,kr_stock,KRW,corr_kospi200_60d,KOSPI200 60d correlation,positive,0.35888,medium,0.35888,corr_kospi200_60d_krw,KOSPI200과 같은 방향,KOSPI200과 반대 방향,ai_capex_proxy|geopolitical_proxy|korea_equity_proxy|korea_financial_proxy|rate_proxy,corr_kospi200_60d_krw=0.35888
006400.KS,kr_stock,KRW,stress_response,Stress-period average return,negative,0.00733,high,-0.00733,avg_stress_ret_krw,위기구간에서 플러스 성과,위기구간에서 마이너스 성과,ai_capex_proxy|geopolitical_proxy|korea_equity_proxy|korea_financial_proxy|rate_proxy,avg_stress_ret_krw=-0.00733
011200.KS,kr_stock,KRW,market_beta_sp500,S&P500 beta,neutral,0.046888,low,-0.046888,beta_sp500_1y_krw,SPY와 같은 방향,SPY와 반대 방향,geopolitical_proxy|inflation_proxy|korea_equity_proxy|korea_financial_proxy,beta_sp500_1y_krw=-0.046888
011200.KS,kr_stock,KRW,downside_beta_sp500,S&P500 downside beta,neutral,0.096459,low,-0.096459,downside_beta_sp500_1y_krw,미국 증시 하락일에 함께 하락,미국 증시 하락일에 반대로 움직임,geopolitical_proxy|inflation_proxy|korea_equity_proxy|korea_financial_proxy,downside_beta_sp500_1y_krw=-0.096459
011200.KS,kr_stock,KRW,corr_sp500_60d,S&P500 60d correlation,negative,0.186211,low,-0.186211,corr_sp500_60d_krw,SPY와 같은 방향,SPY와 반대 방향,geopolitical_proxy|inflation_proxy|korea_equity_proxy|korea_financial_proxy,corr_sp500_60d_krw=-0.186211
011200.KS,kr_stock,KRW,corr_kospi200_60d,KOSPI200 60d correlation,positive,0.458512,medium,0.458512,corr_kospi200_60d_krw,KOSPI200과 같은 방향,KOSPI200과 반대 방향,geopolitical_proxy|inflation_proxy|korea_equity_proxy|korea_financial_proxy,corr_kospi200_60d_krw=0.458512
011200.KS,kr_stock,KRW,stress_response,Stress-period average return,negative,0.000737,low,-0.000737,avg_stress_ret_krw,위기구간에서 플러스 성과,위기구간에서 마이너스 성과,geopolitical_proxy|inflation_proxy|korea_equity_proxy|korea_financial_proxy,avg_stress_ret_krw=-0.000737
017670.KS,kr_stock,KRW,market_beta_sp500,S&P500 beta,neutral,0.000387,low,-0.000387,beta_sp500_1y_krw,SPY와 같은 방향,SPY와 반대 방향,defensive_proxy|korea_equity_proxy|korea_financial_proxy,beta_sp500_1y_krw=-0.000387
017670.KS,kr_stock,KRW,downside_beta_sp500,S&P500 downside beta,neutral,0.036631,low,0.036631,downside_beta_sp500_1y_krw,미국 증시 하락일에 함께 하락,미국 증시 하락일에 반대로 움직임,defensive_proxy|korea_equity_proxy|korea_financial_proxy,downside_beta_sp500_1y_krw=0.036631
017670.KS,kr_stock,KRW,corr_sp500_60d,S&P500 60d correlation,positive,0.111717,low,0.111717,corr_sp500_60d_krw,SPY와 같은 방향,SPY와 반대 방향,defensive_proxy|korea_equity_proxy|korea_financial_proxy,corr_sp500_60d_krw=0.111717
017670.KS,kr_stock,KRW,corr_kospi200_60d,KOSPI200 60d correlation,positive,0.448865,medium,0.448865,corr_kospi200_60d_krw,KOSPI200과 같은 방향,KOSPI200과 반대 방향,defensive_proxy|korea_equity_proxy|korea_financial_proxy,corr_kospi200_60d_krw=0.448865
017670.KS,kr_stock,KRW,stress_response,Stress-period average return,negative,0.001759,medium,-0.001759,avg_stress_ret_krw,위기구간에서 플러스 성과,위기구간에서 마이너스 성과,defensive_proxy|korea_equity_proxy|korea_financial_proxy,avg_stress_ret_krw=-0.001759
032830.KS,kr_stock,KRW,market_beta_sp500,S&P500 beta,neutral,0.023608,low,-0.023608,beta_sp500_1y_krw,SPY와 같은 방향,SPY와 반대 방향,korea_equity_proxy|korea_financial_proxy|rate_proxy,beta_sp500_1y_krw=-0.023608
032830.KS,kr_stock,KRW,downside_beta_sp500,S&P500 downside beta,positive,0.134675,low,0.134675,downside_beta_sp500_1y_krw,미국 증시 하락일에 함께 하락,미국 증시 하락일에 반대로 움직임,korea_equity_proxy|korea_financial_proxy|rate_proxy,downside_beta_sp500_1y_krw=0.134675
032830.KS,kr_stock,KRW,corr_sp500_60d,S&P500 60d correlation,neutral,0.063849,low,-0.063849,corr_sp500_60d_krw,SPY와 같은 방향,SPY와 반대 방향,korea_equity_proxy|korea_financial_proxy|rate_proxy,corr_sp500_60d_krw=-0.063849
032830.KS,kr_stock,KRW,corr_kospi200_60d,KOSPI200 60d correlation,positive,0.723983,high,0.723983,corr_kospi200_60d_krw,KOSPI200과 같은 방향,KOSPI200과 반대 방향,korea_equity_proxy|korea_financial_proxy|rate_proxy,corr_kospi200_60d_krw=0.723983
032830.KS,kr_stock,KRW,stress_response,Stress-period average return,negative,0.004678,high,-0.004678,avg_stress_ret_krw,위기구간에서 플러스 성과,위기구간에서 마이너스 성과,korea_equity_proxy|korea_financial_proxy|rate_proxy,avg_stress_ret_krw=-0.004678
034020.KS,kr_stock,KRW,market_beta_sp500,S&P500 beta,neutral,0.074793,low,0.074793,beta_sp500_1y_krw,SPY와 같은 방향,SPY와 반대 방향,geopolitical_proxy|inflation_proxy|korea_equity_proxy|korea_financial_proxy,beta_sp500_1y_krw=0.074793
034020.KS,kr_stock,KRW,downside_beta_sp500,S&P500 downside beta,positive,0.213334,low,0.213334,downside_beta_sp500_1y_krw,미국 증시 하락일에 함께 하락,미국 증시 하락일에 반대로 움직임,geopolitical_proxy|inflation_proxy|korea_equity_proxy|korea_financial_proxy,downside_beta_sp500_1y_krw=0.213334
034020.KS,kr_stock,KRW,corr_sp500_60d,S&P500 60d correlation,negative,0.121176,low,-0.121176,corr_sp500_60d_krw,SPY와 같은 방향,SPY와 반대 방향,geopolitical_proxy|inflation_proxy|korea_equity_proxy|korea_financial_proxy,corr_sp500_60d_krw=-0.121176
034020.KS,kr_stock,KRW,corr_kospi200_60d,KOSPI200 60d correlation,positive,0.606604,high,0.606604,corr_kospi200_60d_krw,KOSPI200과 같은 방향,KOSPI200과 반대 방향,geopolitical_proxy|inflation_proxy|korea_equity_proxy|korea_financial_proxy,corr_kospi200_60d_krw=0.606604
034020.KS,kr_stock,KRW,stress_response,Stress-period average return,negative,0.008922,high,-0.008922,avg_stress_ret_krw,위기구간에서 플러스 성과,위기구간에서 마이너스 성과,geopolitical_proxy|inflation_proxy|korea_equity_proxy|korea_financial_proxy,avg_stress_ret_krw=-0.008922
035420.KS,kr_stock,KRW,market_beta_sp500,S&P500 beta,neutral,0.055989,low,-0.055989,beta_sp500_1y_krw,SPY와 같은 방향,SPY와 반대 방향,ai_capex_proxy|korea_equity_proxy|korea_financial_proxy|rate_proxy,beta_sp500_1y_krw=-0.055989
035420.KS,kr_stock,KRW,downside_beta_sp500,S&P500 downside beta,neutral,0.082615,low,0.082615,downside_beta_sp500_1y_krw,미국 증시 하락일에 함께 하락,미국 증시 하락일에 반대로 움직임,ai_capex_proxy|korea_equity_proxy|korea_financial_proxy|rate_proxy,downside_beta_sp500_1y_krw=0.082615
035420.KS,kr_stock,KRW,corr_sp500_60d,S&P500 60d correlation,neutral,0.024571,low,0.024571,corr_sp500_60d_krw,SPY와 같은 방향,SPY와 반대 방향,ai_capex_proxy|korea_equity_proxy|korea_financial_proxy|rate_proxy,corr_sp500_60d_krw=0.024571
035420.KS,kr_stock,KRW,corr_kospi200_60d,KOSPI200 60d correlation,positive,0.521102,medium,0.521102,corr_kospi200_60d_krw,KOSPI200과 같은 방향,KOSPI200과 반대 방향,ai_capex_proxy|korea_equity_proxy|korea_financial_proxy|rate_proxy,corr_kospi200_60d_krw=0.521102
035420.KS,kr_stock,KRW,stress_response,Stress-period average return,negative,0.004623,high,-0.004623,avg_stress_ret_krw,위기구간에서 플러스 성과,위기구간에서 마이너스 성과,ai_capex_proxy|korea_equity_proxy|korea_financial_proxy|rate_proxy,avg_stress_ret_krw=-0.004623
035720.KS,kr_stock,KRW,market_beta_sp500,S&P500 beta,neutral,0.008561,low,0.008561,beta_sp500_1y_krw,SPY와 같은 방향,SPY와 반대 방향,ai_capex_proxy|korea_equity_proxy|korea_financial_proxy|rate_proxy,beta_sp500_1y_krw=0.008561
035720.KS,kr_stock,KRW,downside_beta_sp500,S&P500 downside beta,positive,0.116323,low,0.116323,downside_beta_sp500_1y_krw,미국 증시 하락일에 함께 하락,미국 증시 하락일에 반대로 움직임,ai_capex_proxy|korea_equity_proxy|korea_financial_proxy|rate_proxy,downside_beta_sp500_1y_krw=0.116323
035720.KS,kr_stock,KRW,corr_sp500_60d,S&P500 60d correlation,neutral,0.088903,low,-0.088903,corr_sp500_60d_krw,SPY와 같은 방향,SPY와 반대 방향,ai_capex_proxy|korea_equity_proxy|korea_financial_proxy|rate_proxy,corr_sp500_60d_krw=-0.088903
035720.KS,kr_stock,KRW,corr_kospi200_60d,KOSPI200 60d correlation,positive,0.655561,high,0.655561,corr_kospi200_60d_krw,KOSPI200과 같은 방향,KOSPI200과 반대 방향,ai_capex_proxy|korea_equity_proxy|korea_financial_proxy|rate_proxy,corr_kospi200_60d_krw=0.655561
035720.KS,kr_stock,KRW,stress_response,Stress-period average return,negative,0.007714,high,-0.007714,avg_stress_ret_krw,위기구간에서 플러스 성과,위기구간에서 마이너스 성과,ai_capex_proxy|korea_equity_proxy|korea_financial_proxy|rate_proxy,avg_stress_ret_krw=-0.007714
051910.KS,kr_stock,KRW,market_beta_sp500,S&P500 beta,neutral,0.035573,low,0.035573,beta_sp500_1y_krw,SPY와 같은 방향,SPY와 반대 방향,geopolitical_proxy|korea_equity_proxy|korea_financial_proxy|rate_proxy,beta_sp500_1y_krw=0.035573
051910.KS,kr_stock,KRW,downside_beta_sp500,S&P500 downside beta,neutral,0.076803,low,0.076803,downside_beta_sp500_1y_krw,미국 증시 하락일에 함께 하락,미국 증시 하락일에 반대로 움직임,geopolitical_proxy|korea_equity_proxy|korea_financial_proxy|rate_proxy,downside_beta_sp500_1y_krw=0.076803
051910.KS,kr_stock,KRW,corr_sp500_60d,S&P500 60d correlation,negative,0.248925,low,-0.248925,corr_sp500_60d_krw,SPY와 같은 방향,SPY와 반대 방향,geopolitical_proxy|korea_equity_proxy|korea_financial_proxy|rate_proxy,corr_sp500_60d_krw=-0.248925
051910.KS,kr_stock,KRW,corr_kospi200_60d,KOSPI200 60d correlation,positive,0.623269,high,0.623269,corr_kospi200_60d_krw,KOSPI200과 같은 방향,KOSPI200과 반대 방향,geopolitical_proxy|korea_equity_proxy|korea_financial_proxy|rate_proxy,corr_kospi200_60d_krw=0.623269
051910.KS,kr_stock,KRW,stress_response,Stress-period average return,negative,0.007487,high,-0.007487,avg_stress_ret_krw,위기구간에서 플러스 성과,위기구간에서 마이너스 성과,geopolitical_proxy|korea_equity_proxy|korea_financial_proxy|rate_proxy,avg_stress_ret_krw=-0.007487
055550.KS,kr_stock,KRW,market_beta_sp500,S&P500 beta,neutral,0.008828,low,-0.008828,beta_sp500_1y_krw,SPY와 같은 방향,SPY와 반대 방향,credit_proxy|korea_equity_proxy|korea_financial_proxy|rate_proxy,beta_sp500_1y_krw=-0.008828
055550.KS,kr_stock,KRW,downside_beta_sp500,S&P500 downside beta,neutral,0.070644,low,0.070644,downside_beta_sp500_1y_krw,미국 증시 하락일에 함께 하락,미국 증시 하락일에 반대로 움직임,credit_proxy|korea_equity_proxy|korea_financial_proxy|rate_proxy,downside_beta_sp500_1y_krw=0.070644
055550.KS,kr_stock,KRW,corr_sp500_60d,S&P500 60d correlation,negative,0.149108,low,-0.149108,corr_sp500_60d_krw,SPY와 같은 방향,SPY와 반대 방향,credit_proxy|korea_equity_proxy|korea_financial_proxy|rate_proxy,corr_sp500_60d_krw=-0.149108
055550.KS,kr_stock,KRW,corr_kospi200_60d,KOSPI200 60d correlation,positive,0.453887,medium,0.453887,corr_kospi200_60d_krw,KOSPI200과 같은 방향,KOSPI200과 반대 방향,credit_proxy|korea_equity_proxy|korea_financial_proxy|rate_proxy,corr_kospi200_60d_krw=0.453887
055550.KS,kr_stock,KRW,stress_response,Stress-period average return,negative,0.00511,high,-0.00511,avg_stress_ret_krw,위기구간에서 플러스 성과,위기구간에서 마이너스 성과,credit_proxy|korea_equity_proxy|korea_financial_proxy|rate_proxy,avg_stress_ret_krw=-0.00511
066570.KS,kr_stock,KRW,market_beta_sp500,S&P500 beta,neutral,0.066704,low,0.066704,beta_sp500_1y_krw,SPY와 같은 방향,SPY와 반대 방향,geopolitical_proxy|korea_equity_proxy|korea_financial_proxy,beta_sp500_1y_krw=0.066704
066570.KS,kr_stock,KRW,downside_beta_sp500,S&P500 downside beta,neutral,0.099879,low,0.099879,downside_beta_sp500_1y_krw,미국 증시 하락일에 함께 하락,미국 증시 하락일에 반대로 움직임,geopolitical_proxy|korea_equity_proxy|korea_financial_proxy,downside_beta_sp500_1y_krw=0.099879
066570.KS,kr_stock,KRW,corr_sp500_60d,S&P500 60d correlation,neutral,0.043442,low,0.043442,corr_sp500_60d_krw,SPY와 같은 방향,SPY와 반대 방향,geopolitical_proxy|korea_equity_proxy|korea_financial_proxy,corr_sp500_60d_krw=0.043442
066570.KS,kr_stock,KRW,corr_kospi200_60d,KOSPI200 60d correlation,positive,0.458629,medium,0.458629,corr_kospi200_60d_krw,KOSPI200과 같은 방향,KOSPI200과 반대 방향,geopolitical_proxy|korea_equity_proxy|korea_financial_proxy,corr_kospi200_60d_krw=0.458629
066570.KS,kr_stock,KRW,stress_response,Stress-period average return,negative,0.006955,high,-0.006955,avg_stress_ret_krw,위기구간에서 플러스 성과,위기구간에서 마이너스 성과,geopolitical_proxy|korea_equity_proxy|korea_financial_proxy,avg_stress_ret_krw=-0.006955
068270.KS,kr_stock,KRW,market_beta_sp500,S&P500 beta,neutral,0.0415,low,-0.0415,beta_sp500_1y_krw,SPY와 같은 방향,SPY와 반대 방향,korea_equity_proxy|korea_financial_proxy|rate_proxy,beta_sp500_1y_krw=-0.0415
068270.KS,kr_stock,KRW,downside_beta_sp500,S&P500 downside beta,neutral,0.001469,low,-0.001469,downside_beta_sp500_1y_krw,미국 증시 하락일에 함께 하락,미국 증시 하락일에 반대로 움직임,korea_equity_proxy|korea_financial_proxy|rate_proxy,downside_beta_sp500_1y_krw=-0.001469
068270.KS,kr_stock,KRW,corr_sp500_60d,S&P500 60d correlation,negative,0.20968,low,-0.20968,corr_sp500_60d_krw,SPY와 같은 방향,SPY와 반대 방향,korea_equity_proxy|korea_financial_proxy|rate_proxy,corr_sp500_60d_krw=-0.20968
068270.KS,kr_stock,KRW,corr_kospi200_60d,KOSPI200 60d correlation,positive,0.495422,medium,0.495422,corr_kospi200_60d_krw,KOSPI200과 같은 방향,KOSPI200과 반대 방향,korea_equity_proxy|korea_financial_proxy|rate_proxy,corr_kospi200_60d_krw=0.495422
068270.KS,kr_stock,KRW,stress_response,Stress-period average return,negative,0.002263,medium,-0.002263,avg_stress_ret_krw,위기구간에서 플러스 성과,위기구간에서 마이너스 성과,korea_equity_proxy|korea_financial_proxy|rate_proxy,avg_stress_ret_krw=-0.002263
069500.KS,kr_etf,KRW,market_beta_sp500,S&P500 beta,neutral,0.057317,low,0.057317,beta_sp500_1y_krw,SPY와 같은 방향,SPY와 반대 방향,korea_equity_proxy|korea_financial_proxy,beta_sp500_1y_krw=0.057317
069500.KS,kr_etf,KRW,downside_beta_sp500,S&P500 downside beta,positive,0.177912,low,0.177912,downside_beta_sp500_1y_krw,미국 증시 하락일에 함께 하락,미국 증시 하락일에 반대로 움직임,korea_equity_proxy|korea_financial_proxy,downside_beta_sp500_1y_krw=0.177912
069500.KS,kr_etf,KRW,corr_sp500_60d,S&P500 60d correlation,neutral,0.032941,low,-0.032941,corr_sp500_60d_krw,SPY와 같은 방향,SPY와 반대 방향,korea_equity_proxy|korea_financial_proxy,corr_sp500_60d_krw=-0.032941
069500.KS,kr_etf,KRW,corr_kospi200_60d,KOSPI200 60d correlation,positive,0.998283,high,0.998283,corr_kospi200_60d_krw,KOSPI200과 같은 방향,KOSPI200과 반대 방향,korea_equity_proxy|korea_financial_proxy,corr_kospi200_60d_krw=0.998283
069500.KS,kr_etf,KRW,stress_response,Stress-period average return,negative,0.006926,high,-0.006926,avg_stress_ret_krw,위기구간에서 플러스 성과,위기구간에서 마이너스 성과,korea_equity_proxy|korea_financial_proxy,avg_stress_ret_krw=-0.006926
105560.KS,kr_stock,KRW,market_beta_sp500,S&P500 beta,neutral,0.004739,low,0.004739,beta_sp500_1y_krw,SPY와 같은 방향,SPY와 반대 방향,credit_proxy|korea_equity_proxy|korea_financial_proxy|rate_proxy,beta_sp500_1y_krw=0.004739
105560.KS,kr_stock,KRW,downside_beta_sp500,S&P500 downside beta,positive,0.108824,low,0.108824,downside_beta_sp500_1y_krw,미국 증시 하락일에 함께 하락,미국 증시 하락일에 반대로 움직임,credit_proxy|korea_equity_proxy|korea_financial_proxy|rate_proxy,downside_beta_sp500_1y_krw=0.108824
105560.KS,kr_stock,KRW,corr_sp500_60d,S&P500 60d correlation,negative,0.105437,low,-0.105437,corr_sp500_60d_krw,SPY와 같은 방향,SPY와 반대 방향,credit_proxy|korea_equity_proxy|korea_financial_proxy|rate_proxy,corr_sp500_60d_krw=-0.105437
105560.KS,kr_stock,KRW,corr_kospi200_60d,KOSPI200 60d correlation,positive,0.516559,medium,0.516559,corr_kospi200_60d_krw,KOSPI200과 같은 방향,KOSPI200과 반대 방향,credit_proxy|korea_equity_proxy|korea_financial_proxy|rate_proxy,corr_kospi200_60d_krw=0.516559
105560.KS,kr_stock,KRW,stress_response,Stress-period average return,negative,0.006056,high,-0.006056,avg_stress_ret_krw,위기구간에서 플러스 성과,위기구간에서 마이너스 성과,credit_proxy|korea_equity_proxy|korea_financial_proxy|rate_proxy,avg_stress_ret_krw=-0.006056
114800.KS,kr_etf,KRW,market_beta_sp500,S&P500 beta,neutral,0.073967,low,-0.073967,beta_sp500_1y_krw,SPY와 같은 방향,SPY와 반대 방향,defensive_proxy|korea_equity_proxy|korea_financial_proxy|rate_proxy|semiconductor_proxy,beta_sp500_1y_krw=-0.073967
114800.KS,kr_etf,KRW,downside_beta_sp500,S&P500 downside beta,negative,0.203064,low,-0.203064,downside_beta_sp500_1y_krw,미국 증시 하락일에 함께 하락,미국 증시 하락일에 반대로 움직임,defensive_proxy|korea_equity_proxy|korea_financial_proxy|rate_proxy|semiconductor_proxy,downside_beta_sp500_1y_krw=-0.203064
114800.KS,kr_etf,KRW,corr_sp500_60d,S&P500 60d correlation,neutral,0.042388,low,0.042388,corr_sp500_60d_krw,SPY와 같은 방향,SPY와 반대 방향,defensive_proxy|korea_equity_proxy|korea_financial_proxy|rate_proxy|semiconductor_proxy,corr_sp500_60d_krw=0.042388
114800.KS,kr_etf,KRW,corr_kospi200_60d,KOSPI200 60d correlation,negative,0.997644,high,-0.997644,corr_kospi200_60d_krw,KOSPI200과 같은 방향,KOSPI200과 반대 방향,defensive_proxy|korea_equity_proxy|korea_financial_proxy|rate_proxy|semiconductor_proxy,corr_kospi200_60d_krw=-0.997644
114800.KS,kr_etf,KRW,stress_response,Stress-period average return,positive,0.007009,high,0.007009,avg_stress_ret_krw,위기구간에서 플러스 성과,위기구간에서 마이너스 성과,defensive_proxy|korea_equity_proxy|korea_financial_proxy|rate_proxy|semiconductor_proxy,avg_stress_ret_krw=0.007009
132030.KS,kr_etf,KRW,market_beta_sp500,S&P500 beta,neutral,0.054844,low,-0.054844,beta_sp500_1y_krw,SPY와 같은 방향,SPY와 반대 방향,geopolitical_proxy|inflation_proxy|korea_equity_proxy|korea_financial_proxy,beta_sp500_1y_krw=-0.054844
132030.KS,kr_etf,KRW,downside_beta_sp500,S&P500 downside beta,neutral,0.047792,low,-0.047792,downside_beta_sp500_1y_krw,미국 증시 하락일에 함께 하락,미국 증시 하락일에 반대로 움직임,geopolitical_proxy|inflation_proxy|korea_equity_proxy|korea_financial_proxy,downside_beta_sp500_1y_krw=-0.047792
132030.KS,kr_etf,KRW,corr_sp500_60d,S&P500 60d correlation,neutral,0.022343,low,-0.022343,corr_sp500_60d_krw,SPY와 같은 방향,SPY와 반대 방향,geopolitical_proxy|inflation_proxy|korea_equity_proxy|korea_financial_proxy,corr_sp500_60d_krw=-0.022343
132030.KS,kr_etf,KRW,corr_kospi200_60d,KOSPI200 60d correlation,positive,0.590907,medium,0.590907,corr_kospi200_60d_krw,KOSPI200과 같은 방향,KOSPI200과 반대 방향,geopolitical_proxy|inflation_proxy|korea_equity_proxy|korea_financial_proxy,corr_kospi200_60d_krw=0.590907
132030.KS,kr_etf,KRW,stress_response,Stress-period average return,positive,0.000918,low,0.000918,avg_stress_ret_krw,위기구간에서 플러스 성과,위기구간에서 마이너스 성과,geopolitical_proxy|inflation_proxy|korea_equity_proxy|korea_financial_proxy,avg_stress_ret_krw=0.000918
153130.KS,kr_etf,KRW,market_beta_sp500,S&P500 beta,neutral,0.000223,low,0.000223,beta_sp500_1y_krw,SPY와 같은 방향,SPY와 반대 방향,korea_equity_proxy|korea_financial_proxy|rate_proxy,beta_sp500_1y_krw=0.000223
153130.KS,kr_etf,KRW,downside_beta_sp500,S&P500 downside beta,neutral,8.1e-05,low,8.1e-05,downside_beta_sp500_1y_krw,미국 증시 하락일에 함께 하락,미국 증시 하락일에 반대로 움직임,korea_equity_proxy|korea_financial_proxy|rate_proxy,downside_beta_sp500_1y_krw=8.1e-05
153130.KS,kr_etf,KRW,corr_sp500_60d,S&P500 60d correlation,positive,0.194394,low,0.194394,corr_sp500_60d_krw,SPY와 같은 방향,SPY와 반대 방향,korea_equity_proxy|korea_financial_proxy|rate_proxy,corr_sp500_60d_krw=0.194394
153130.KS,kr_etf,KRW,corr_kospi200_60d,KOSPI200 60d correlation,positive,0.166629,low,0.166629,corr_kospi200_60d_krw,KOSPI200과 같은 방향,KOSPI200과 반대 방향,korea_equity_proxy|korea_financial_proxy|rate_proxy,corr_kospi200_60d_krw=0.166629
153130.KS,kr_etf,KRW,stress_response,Stress-period average return,neutral,9.6e-05,low,9.6e-05,avg_stress_ret_krw,위기구간에서 플러스 성과,위기구간에서 마이너스 성과,korea_equity_proxy|korea_financial_proxy|rate_proxy,avg_stress_ret_krw=9.6e-05
207940.KS,kr_stock,KRW,market_beta_sp500,S&P500 beta,neutral,0.008001,low,0.008001,beta_sp500_1y_krw,SPY와 같은 방향,SPY와 반대 방향,korea_equity_proxy|korea_financial_proxy|rate_proxy,beta_sp500_1y_krw=0.008001
207940.KS,kr_stock,KRW,downside_beta_sp500,S&P500 downside beta,neutral,0.057575,low,-0.057575,downside_beta_sp500_1y_krw,미국 증시 하락일에 함께 하락,미국 증시 하락일에 반대로 움직임,korea_equity_proxy|korea_financial_proxy|rate_proxy,downside_beta_sp500_1y_krw=-0.057575
207940.KS,kr_stock,KRW,corr_sp500_60d,S&P500 60d correlation,negative,0.119209,low,-0.119209,corr_sp500_60d_krw,SPY와 같은 방향,SPY와 반대 방향,korea_equity_proxy|korea_financial_proxy|rate_proxy,corr_sp500_60d_krw=-0.119209
207940.KS,kr_stock,KRW,corr_kospi200_60d,KOSPI200 60d correlation,positive,0.542632,medium,0.542632,corr_kospi200_60d_krw,KOSPI200과 같은 방향,KOSPI200과 반대 방향,korea_equity_proxy|korea_financial_proxy|rate_proxy,corr_kospi200_60d_krw=0.542632
207940.KS,kr_stock,KRW,stress_response,Stress-period average return,negative,0.00163,medium,-0.00163,avg_stress_ret_krw,위기구간에서 플러스 성과,위기구간에서 마이너스 성과,korea_equity_proxy|korea_financial_proxy|rate_proxy,avg_stress_ret_krw=-0.00163
261240.KS,kr_etf,KRW,market_beta_sp500,S&P500 beta,neutral,0.054012,low,0.054012,beta_sp500_1y_krw,SPY와 같은 방향,SPY와 반대 방향,korea_equity_proxy|korea_financial_proxy,beta_sp500_1y_krw=0.054012
261240.KS,kr_etf,KRW,downside_beta_sp500,S&P500 downside beta,neutral,0.020622,low,0.020622,downside_beta_sp500_1y_krw,미국 증시 하락일에 함께 하락,미국 증시 하락일에 반대로 움직임,korea_equity_proxy|korea_financial_proxy,downside_beta_sp500_1y_krw=0.020622
261240.KS,kr_etf,KRW,corr_sp500_60d,S&P500 60d correlation,positive,0.206942,low,0.206942,corr_sp500_60d_krw,SPY와 같은 방향,SPY와 반대 방향,korea_equity_proxy|korea_financial_proxy,corr_sp500_60d_krw=0.206942
261240.KS,kr_etf,KRW,corr_kospi200_60d,KOSPI200 60d correlation,negative,0.795405,high,-0.795405,corr_kospi200_60d_krw,KOSPI200과 같은 방향,KOSPI200과 반대 방향,korea_equity_proxy|korea_financial_proxy,corr_kospi200_60d_krw=-0.795405
261240.KS,kr_etf,KRW,stress_response,Stress-period average return,positive,0.001308,low,0.001308,avg_stress_ret_krw,위기구간에서 플러스 성과,위기구간에서 마이너스 성과,korea_equity_proxy|korea_financial_proxy,avg_stress_ret_krw=0.001308
AAPL,us_stock,USD,market_beta_sp500,S&P500 beta,positive,1.053892,high,1.053892,beta_sp500_1y_krw,SPY와 같은 방향,SPY와 반대 방향,ai_capex_proxy|defensive_proxy|rate_proxy|usd_exposure,beta_sp500_1y_krw=1.053892
AAPL,us_stock,USD,downside_beta_sp500,S&P500 downside beta,positive,0.997282,medium,0.997282,downside_beta_sp500_1y_krw,미국 증시 하락일에 함께 하락,미국 증시 하락일에 반대로 움직임,ai_capex_proxy|defensive_proxy|rate_proxy|usd_exposure,downside_beta_sp500_1y_krw=0.997282
AAPL,us_stock,USD,corr_sp500_60d,S&P500 60d correlation,positive,0.605085,high,0.605085,corr_sp500_60d_krw,SPY와 같은 방향,SPY와 반대 방향,ai_capex_proxy|defensive_proxy|rate_proxy|usd_exposure,corr_sp500_60d_krw=0.605085
AAPL,us_stock,USD,corr_kospi200_60d,KOSPI200 60d correlation,negative,0.184109,low,-0.184109,corr_kospi200_60d_krw,KOSPI200과 같은 방향,KOSPI200과 반대 방향,ai_capex_proxy|defensive_proxy|rate_proxy|usd_exposure,corr_kospi200_60d_krw=-0.184109
AAPL,us_stock,USD,stress_response,Stress-period average return,negative,0.001743,medium,-0.001743,avg_stress_ret_krw,위기구간에서 플러스 성과,위기구간에서 마이너스 성과,ai_capex_proxy|defensive_proxy|rate_proxy|usd_exposure,avg_stress_ret_krw=-0.001743
ABBV,us_stock,USD,market_beta_sp500,S&P500 beta,positive,0.744275,medium,0.744275,beta_sp500_1y_krw,SPY와 같은 방향,SPY와 반대 방향,defensive_proxy|usd_exposure,beta_sp500_1y_krw=0.744275
ABBV,us_stock,USD,downside_beta_sp500,S&P500 downside beta,positive,0.786891,medium,0.786891,downside_beta_sp500_1y_krw,미국 증시 하락일에 함께 하락,미국 증시 하락일에 반대로 움직임,defensive_proxy|usd_exposure,downside_beta_sp500_1y_krw=0.786891
ABBV,us_stock,USD,corr_sp500_60d,S&P500 60d correlation,positive,0.464276,medium,0.464276,corr_sp500_60d_krw,SPY와 같은 방향,SPY와 반대 방향,defensive_proxy|usd_exposure,corr_sp500_60d_krw=0.464276
ABBV,us_stock,USD,corr_kospi200_60d,KOSPI200 60d correlation,negative,0.196395,low,-0.196395,corr_kospi200_60d_krw,KOSPI200과 같은 방향,KOSPI200과 반대 방향,defensive_proxy|usd_exposure,corr_kospi200_60d_krw=-0.196395
ABBV,us_stock,USD,stress_response,Stress-period average return,neutral,1e-05,low,-1e-05,avg_stress_ret_krw,위기구간에서 플러스 성과,위기구간에서 마이너스 성과,defensive_proxy|usd_exposure,avg_stress_ret_krw=-1e-05
AGG,bond_etf,USD,market_beta_sp500,S&P500 beta,positive,0.234222,low,0.234222,beta_sp500_1y_krw,SPY와 같은 방향,SPY와 반대 방향,defensive_proxy|rate_proxy|usd_exposure,beta_sp500_1y_krw=0.234222
AGG,bond_etf,USD,downside_beta_sp500,S&P500 downside beta,positive,0.191633,low,0.191633,downside_beta_sp500_1y_krw,미국 증시 하락일에 함께 하락,미국 증시 하락일에 반대로 움직임,defensive_proxy|rate_proxy|usd_exposure,downside_beta_sp500_1y_krw=0.191633
AGG,bond_etf,USD,corr_sp500_60d,S&P500 60d correlation,positive,0.697675,high,0.697675,corr_sp500_60d_krw,SPY와 같은 방향,SPY와 반대 방향,defensive_proxy|rate_proxy|usd_exposure,corr_sp500_60d_krw=0.697675
AGG,bond_etf,USD,corr_kospi200_60d,KOSPI200 60d correlation,negative,0.211195,low,-0.211195,corr_kospi200_60d_krw,KOSPI200과 같은 방향,KOSPI200과 반대 방향,defensive_proxy|rate_proxy|usd_exposure,corr_kospi200_60d_krw=-0.211195
AGG,bond_etf,USD,stress_response,Stress-period average return,neutral,0.000225,low,-0.000225,avg_stress_ret_krw,위기구간에서 플러스 성과,위기구간에서 마이너스 성과,defensive_proxy|rate_proxy|usd_exposure,avg_stress_ret_krw=-0.000225
AMAT,us_stock,USD,market_beta_sp500,S&P500 beta,positive,1.287127,high,1.287127,beta_sp500_1y_krw,SPY와 같은 방향,SPY와 반대 방향,ai_capex_proxy|rate_proxy|semiconductor_proxy|usd_exposure,beta_sp500_1y_krw=1.287127
AMAT,us_stock,USD,downside_beta_sp500,S&P500 downside beta,positive,1.206949,high,1.206949,downside_beta_sp500_1y_krw,미국 증시 하락일에 함께 하락,미국 증시 하락일에 반대로 움직임,ai_capex_proxy|rate_proxy|semiconductor_proxy|usd_exposure,downside_beta_sp500_1y_krw=1.206949
AMAT,us_stock,USD,corr_sp500_60d,S&P500 60d correlation,positive,0.495546,medium,0.495546,corr_sp500_60d_krw,SPY와 같은 방향,SPY와 반대 방향,ai_capex_proxy|rate_proxy|semiconductor_proxy|usd_exposure,corr_sp500_60d_krw=0.495546
AMAT,us_stock,USD,corr_kospi200_60d,KOSPI200 60d correlation,positive,0.163659,low,0.163659,corr_kospi200_60d_krw,KOSPI200과 같은 방향,KOSPI200과 반대 방향,ai_capex_proxy|rate_proxy|semiconductor_proxy|usd_exposure,corr_kospi200_60d_krw=0.163659
AMAT,us_stock,USD,stress_response,Stress-period average return,negative,0.000626,low,-0.000626,avg_stress_ret_krw,위기구간에서 플러스 성과,위기구간에서 마이너스 성과,ai_capex_proxy|rate_proxy|semiconductor_proxy|usd_exposure,avg_stress_ret_krw=-0.000626
AMD,us_stock,USD,market_beta_sp500,S&P500 beta,positive,1.423367,high,1.423367,beta_sp500_1y_krw,SPY와 같은 방향,SPY와 반대 방향,ai_capex_proxy|rate_proxy|semiconductor_proxy|usd_exposure,beta_sp500_1y_krw=1.423367
AMD,us_stock,USD,downside_beta_sp500,S&P500 downside beta,positive,1.404009,high,1.404009,downside_beta_sp500_1y_krw,미국 증시 하락일에 함께 하락,미국 증시 하락일에 반대로 움직임,ai_capex_proxy|rate_proxy|semiconductor_proxy|usd_exposure,downside_beta_sp500_1y_krw=1.404009
AMD,us_stock,USD,corr_sp500_60d,S&P500 60d correlation,positive,0.389091,medium,0.389091,corr_sp500_60d_krw,SPY와 같은 방향,SPY와 반대 방향,ai_capex_proxy|rate_proxy|semiconductor_proxy|usd_exposure,corr_sp500_60d_krw=0.389091
AMD,us_stock,USD,corr_kospi200_60d,KOSPI200 60d correlation,positive,0.154196,low,0.154196,corr_kospi200_60d_krw,KOSPI200과 같은 방향,KOSPI200과 반대 방향,ai_capex_proxy|rate_proxy|semiconductor_proxy|usd_exposure,corr_kospi200_60d_krw=0.154196
AMD,us_stock,USD,stress_response,Stress-period average return,negative,0.003945,high,-0.003945,avg_stress_ret_krw,위기구간에서 플러스 성과,위기구간에서 마이너스 성과,ai_capex_proxy|rate_proxy|semiconductor_proxy|usd_exposure,avg_stress_ret_krw=-0.003945
AMZN,us_stock,USD,market_beta_sp500,S&P500 beta,positive,1.123504,high,1.123504,beta_sp500_1y_krw,SPY와 같은 방향,SPY와 반대 방향,ai_capex_proxy|defensive_proxy|rate_proxy|usd_exposure,beta_sp500_1y_krw=1.123504
AMZN,us_stock,USD,downside_beta_sp500,S&P500 downside beta,positive,1.058511,high,1.058511,downside_beta_sp500_1y_krw,미국 증시 하락일에 함께 하락,미국 증시 하락일에 반대로 움직임,ai_capex_proxy|defensive_proxy|rate_proxy|usd_exposure,downside_beta_sp500_1y_krw=1.058511
AMZN,us_stock,USD,corr_sp500_60d,S&P500 60d correlation,positive,0.619555,high,0.619555,corr_sp500_60d_krw,SPY와 같은 방향,SPY와 반대 방향,ai_capex_proxy|defensive_proxy|rate_proxy|usd_exposure,corr_sp500_60d_krw=0.619555
AMZN,us_stock,USD,corr_kospi200_60d,KOSPI200 60d correlation,neutral,0.040857,low,-0.040857,corr_kospi200_60d_krw,KOSPI200과 같은 방향,KOSPI200과 반대 방향,ai_capex_proxy|defensive_proxy|rate_proxy|usd_exposure,corr_kospi200_60d_krw=-0.040857
AMZN,us_stock,USD,stress_response,Stress-period average return,neutral,4.7e-05,low,4.7e-05,avg_stress_ret_krw,위기구간에서 플러스 성과,위기구간에서 마이너스 성과,ai_capex_proxy|defensive_proxy|rate_proxy|usd_exposure,avg_stress_ret_krw=4.7e-05
ASML,us_stock,USD,market_beta_sp500,S&P500 beta,positive,1.219243,high,1.219243,beta_sp500_1y_krw,SPY와 같은 방향,SPY와 반대 방향,ai_capex_proxy|geopolitical_proxy|semiconductor_proxy|usd_exposure,beta_sp500_1y_krw=1.219243
ASML,us_stock,USD,downside_beta_sp500,S&P500 downside beta,positive,1.107984,high,1.107984,downside_beta_sp500_1y_krw,미국 증시 하락일에 함께 하락,미국 증시 하락일에 반대로 움직임,ai_capex_proxy|geopolitical_proxy|semiconductor_proxy|usd_exposure,downside_beta_sp500_1y_krw=1.107984
ASML,us_stock,USD,corr_sp500_60d,S&P500 60d correlation,positive,0.567481,medium,0.567481,corr_sp500_60d_krw,SPY와 같은 방향,SPY와 반대 방향,ai_capex_proxy|geopolitical_proxy|semiconductor_proxy|usd_exposure,corr_sp500_60d_krw=0.567481
ASML,us_stock,USD,corr_kospi200_60d,KOSPI200 60d correlation,positive,0.12628,low,0.12628,corr_kospi200_60d_krw,KOSPI200과 같은 방향,KOSPI200과 반대 방향,ai_capex_proxy|geopolitical_proxy|semiconductor_proxy|usd_exposure,corr_kospi200_60d_krw=0.12628
ASML,us_stock,USD,stress_response,Stress-period average return,neutral,0.000204,low,0.000204,avg_stress_ret_krw,위기구간에서 플러스 성과,위기구간에서 마이너스 성과,ai_capex_proxy|geopolitical_proxy|semiconductor_proxy|usd_exposure,avg_stress_ret_krw=0.000204
AVGO,us_stock,USD,market_beta_sp500,S&P500 beta,positive,1.292957,high,1.292957,beta_sp500_1y_krw,SPY와 같은 방향,SPY와 반대 방향,ai_capex_proxy|rate_proxy|semiconductor_proxy|usd_exposure,beta_sp500_1y_krw=1.292957
AVGO,us_stock,USD,downside_beta_sp500,S&P500 downside beta,positive,1.332853,high,1.332853,downside_beta_sp500_1y_krw,미국 증시 하락일에 함께 하락,미국 증시 하락일에 반대로 움직임,ai_capex_proxy|rate_proxy|semiconductor_proxy|usd_exposure,downside_beta_sp500_1y_krw=1.332853
AVGO,us_stock,USD,corr_sp500_60d,S&P500 60d correlation,positive,0.553934,medium,0.553934,corr_sp500_60d_krw,SPY와 같은 방향,SPY와 반대 방향,ai_capex_proxy|rate_proxy|semiconductor_proxy|usd_exposure,corr_sp500_60d_krw=0.553934
AVGO,us_stock,USD,corr_kospi200_60d,KOSPI200 60d correlation,neutral,0.02019,low,0.02019,corr_kospi200_60d_krw,KOSPI200과 같은 방향,KOSPI200과 반대 방향,ai_capex_proxy|rate_proxy|semiconductor_proxy|usd_exposure,corr_kospi200_60d_krw=0.02019
AVGO,us_stock,USD,stress_response,Stress-period average return,positive,0.00084,low,0.00084,avg_stress_ret_krw,위기구간에서 플러스 성과,위기구간에서 마이너스 성과,ai_capex_proxy|rate_proxy|semiconductor_proxy|usd_exposure,avg_stress_ret_krw=0.00084
BAC,us_stock,USD,market_beta_sp500,S&P500 beta,positive,1.456622,high,1.456622,beta_sp500_1y_krw,SPY와 같은 방향,SPY와 반대 방향,credit_proxy|defensive_proxy|korea_financial_proxy|rate_proxy|usd_exposure,beta_sp500_1y_krw=1.456622
BAC,us_stock,USD,downside_beta_sp500,S&P500 downside beta,positive,1.47999,high,1.47999,downside_beta_sp500_1y_krw,미국 증시 하락일에 함께 하락,미국 증시 하락일에 반대로 움직임,credit_proxy|defensive_proxy|korea_financial_proxy|rate_proxy|usd_exposure,downside_beta_sp500_1y_krw=1.47999
BAC,us_stock,USD,corr_sp500_60d,S&P500 60d correlation,positive,0.576519,medium,0.576519,corr_sp500_60d_krw,SPY와 같은 방향,SPY와 반대 방향,credit_proxy|defensive_proxy|korea_financial_proxy|rate_proxy|usd_exposure,corr_sp500_60d_krw=0.576519
BAC,us_stock,USD,corr_kospi200_60d,KOSPI200 60d correlation,neutral,0.075921,low,-0.075921,corr_kospi200_60d_krw,KOSPI200과 같은 방향,KOSPI200과 반대 방향,credit_proxy|defensive_proxy|korea_financial_proxy|rate_proxy|usd_exposure,corr_kospi200_60d_krw=-0.075921
BAC,us_stock,USD,stress_response,Stress-period average return,neutral,0.000325,low,-0.000325,avg_stress_ret_krw,위기구간에서 플러스 성과,위기구간에서 마이너스 성과,credit_proxy|defensive_proxy|korea_financial_proxy|rate_proxy|usd_exposure,avg_stress_ret_krw=-0.000325
BIL,bond_etf,USD,market_beta_sp500,S&P500 beta,positive,0.232437,low,0.232437,beta_sp500_1y_krw,SPY와 같은 방향,SPY와 반대 방향,defensive_proxy|rate_proxy|usd_exposure,beta_sp500_1y_krw=0.232437
BIL,bond_etf,USD,downside_beta_sp500,S&P500 downside beta,positive,0.193442,low,0.193442,downside_beta_sp500_1y_krw,미국 증시 하락일에 함께 하락,미국 증시 하락일에 반대로 움직임,defensive_proxy|rate_proxy|usd_exposure,downside_beta_sp500_1y_krw=0.193442
BIL,bond_etf,USD,corr_sp500_60d,S&P500 60d correlation,positive,0.502955,medium,0.502955,corr_sp500_60d_krw,SPY와 같은 방향,SPY와 반대 방향,defensive_proxy|rate_proxy|usd_exposure,corr_sp500_60d_krw=0.502955
BIL,bond_etf,USD,corr_kospi200_60d,KOSPI200 60d correlation,negative,0.197677,low,-0.197677,corr_kospi200_60d_krw,KOSPI200과 같은 방향,KOSPI200과 반대 방향,defensive_proxy|rate_proxy|usd_exposure,corr_kospi200_60d_krw=-0.197677
BIL,bond_etf,USD,stress_response,Stress-period average return,neutral,0.00013,low,-0.00013,avg_stress_ret_krw,위기구간에서 플러스 성과,위기구간에서 마이너스 성과,defensive_proxy|rate_proxy|usd_exposure,avg_stress_ret_krw=-0.00013
BNB-USD,crypto,USD,market_beta_sp500,S&P500 beta,positive,1.027791,high,1.027791,beta_sp500_1y_krw,SPY와 같은 방향,SPY와 반대 방향,defensive_proxy|usd_exposure,beta_sp500_1y_krw=1.027791
BNB-USD,crypto,USD,downside_beta_sp500,S&P500 downside beta,positive,1.220581,high,1.220581,downside_beta_sp500_1y_krw,미국 증시 하락일에 함께 하락,미국 증시 하락일에 반대로 움직임,defensive_proxy|usd_exposure,downside_beta_sp500_1y_krw=1.220581
BNB-USD,crypto,USD,corr_sp500_60d,S&P500 60d correlation,positive,0.323728,medium,0.323728,corr_sp500_60d_krw,SPY와 같은 방향,SPY와 반대 방향,defensive_proxy|usd_exposure,corr_sp500_60d_krw=0.323728
BNB-USD,crypto,USD,corr_kospi200_60d,KOSPI200 60d correlation,neutral,0.057893,low,-0.057893,corr_kospi200_60d_krw,KOSPI200과 같은 방향,KOSPI200과 반대 방향,defensive_proxy|usd_exposure,corr_kospi200_60d_krw=-0.057893
BNB-USD,crypto,USD,stress_response,Stress-period average return,positive,0.008653,high,0.008653,avg_stress_ret_krw,위기구간에서 플러스 성과,위기구간에서 마이너스 성과,defensive_proxy|usd_exposure,avg_stress_ret_krw=0.008653
BND,bond_etf,USD,market_beta_sp500,S&P500 beta,positive,0.234066,low,0.234066,beta_sp500_1y_krw,SPY와 같은 방향,SPY와 반대 방향,defensive_proxy|rate_proxy|usd_exposure,beta_sp500_1y_krw=0.234066
BND,bond_etf,USD,downside_beta_sp500,S&P500 downside beta,positive,0.208688,low,0.208688,downside_beta_sp500_1y_krw,미국 증시 하락일에 함께 하락,미국 증시 하락일에 반대로 움직임,defensive_proxy|rate_proxy|usd_exposure,downside_beta_sp500_1y_krw=0.208688
BND,bond_etf,USD,corr_sp500_60d,S&P500 60d correlation,positive,0.691245,high,0.691245,corr_sp500_60d_krw,SPY와 같은 방향,SPY와 반대 방향,defensive_proxy|rate_proxy|usd_exposure,corr_sp500_60d_krw=0.691245
BND,bond_etf,USD,corr_kospi200_60d,KOSPI200 60d correlation,negative,0.214118,low,-0.214118,corr_kospi200_60d_krw,KOSPI200과 같은 방향,KOSPI200과 반대 방향,defensive_proxy|rate_proxy|usd_exposure,corr_kospi200_60d_krw=-0.214118
BND,bond_etf,USD,stress_response,Stress-period average return,neutral,0.000288,low,-0.000288,avg_stress_ret_krw,위기구간에서 플러스 성과,위기구간에서 마이너스 성과,defensive_proxy|rate_proxy|usd_exposure,avg_stress_ret_krw=-0.000288
BRK-B,us_stock,USD,market_beta_sp500,S&P500 beta,positive,0.832486,medium,0.832486,beta_sp500_1y_krw,SPY와 같은 방향,SPY와 반대 방향,defensive_proxy|usd_exposure,beta_sp500_1y_krw=0.832486
BRK-B,us_stock,USD,downside_beta_sp500,S&P500 downside beta,positive,0.825202,medium,0.825202,downside_beta_sp500_1y_krw,미국 증시 하락일에 함께 하락,미국 증시 하락일에 반대로 움직임,defensive_proxy|usd_exposure,downside_beta_sp500_1y_krw=0.825202
BRK-B,us_stock,USD,corr_sp500_60d,S&P500 60d correlation,positive,0.483223,medium,0.483223,corr_sp500_60d_krw,SPY와 같은 방향,SPY와 반대 방향,defensive_proxy|usd_exposure,corr_sp500_60d_krw=0.483223
BRK-B,us_stock,USD,corr_kospi200_60d,KOSPI200 60d correlation,negative,0.2071,low,-0.2071,corr_kospi200_60d_krw,KOSPI200과 같은 방향,KOSPI200과 반대 방향,defensive_proxy|usd_exposure,corr_kospi200_60d_krw=-0.2071
BRK-B,us_stock,USD,stress_response,Stress-period average return,negative,0.001186,low,-0.001186,avg_stress_ret_krw,위기구간에서 플러스 성과,위기구간에서 마이너스 성과,defensive_proxy|usd_exposure,avg_stress_ret_krw=-0.001186
BTAL,equity_etf,USD,market_beta_sp500,S&P500 beta,negative,0.131523,low,-0.131523,beta_sp500_1y_krw,SPY와 같은 방향,SPY와 반대 방향,defensive_proxy|rate_proxy|semiconductor_proxy|usd_exposure,beta_sp500_1y_krw=-0.131523
BTAL,equity_etf,USD,downside_beta_sp500,S&P500 downside beta,negative,0.180467,low,-0.180467,downside_beta_sp500_1y_krw,미국 증시 하락일에 함께 하락,미국 증시 하락일에 반대로 움직임,defensive_proxy|rate_proxy|semiconductor_proxy|usd_exposure,downside_beta_sp500_1y_krw=-0.180467
BTAL,equity_etf,USD,corr_sp500_60d,S&P500 60d correlation,negative,0.106657,low,-0.106657,corr_sp500_60d_krw,SPY와 같은 방향,SPY와 반대 방향,defensive_proxy|rate_proxy|semiconductor_proxy|usd_exposure,corr_sp500_60d_krw=-0.106657
BTAL,equity_etf,USD,corr_kospi200_60d,KOSPI200 60d correlation,negative,0.269184,low,-0.269184,corr_kospi200_60d_krw,KOSPI200과 같은 방향,KOSPI200과 반대 방향,defensive_proxy|rate_proxy|semiconductor_proxy|usd_exposure,corr_kospi200_60d_krw=-0.269184
BTAL,equity_etf,USD,stress_response,Stress-period average return,positive,0.00058,low,0.00058,avg_stress_ret_krw,위기구간에서 플러스 성과,위기구간에서 마이너스 성과,defensive_proxy|rate_proxy|semiconductor_proxy|usd_exposure,avg_stress_ret_krw=0.00058
BTC-USD,crypto,USD,market_beta_sp500,S&P500 beta,positive,0.835106,medium,0.835106,beta_sp500_1y_krw,SPY와 같은 방향,SPY와 반대 방향,defensive_proxy|usd_exposure,beta_sp500_1y_krw=0.835106
BTC-USD,crypto,USD,downside_beta_sp500,S&P500 downside beta,positive,0.931176,medium,0.931176,downside_beta_sp500_1y_krw,미국 증시 하락일에 함께 하락,미국 증시 하락일에 반대로 움직임,defensive_proxy|usd_exposure,downside_beta_sp500_1y_krw=0.931176
BTC-USD,crypto,USD,corr_sp500_60d,S&P500 60d correlation,positive,0.394495,medium,0.394495,corr_sp500_60d_krw,SPY와 같은 방향,SPY와 반대 방향,defensive_proxy|usd_exposure,corr_sp500_60d_krw=0.394495
BTC-USD,crypto,USD,corr_kospi200_60d,KOSPI200 60d correlation,negative,0.172208,low,-0.172208,corr_kospi200_60d_krw,KOSPI200과 같은 방향,KOSPI200과 반대 방향,defensive_proxy|usd_exposure,corr_kospi200_60d_krw=-0.172208
BTC-USD,crypto,USD,stress_response,Stress-period average return,positive,0.004874,high,0.004874,avg_stress_ret_krw,위기구간에서 플러스 성과,위기구간에서 마이너스 성과,defensive_proxy|usd_exposure,avg_stress_ret_krw=0.004874
COST,us_stock,USD,market_beta_sp500,S&P500 beta,positive,0.778612,medium,0.778612,beta_sp500_1y_krw,SPY와 같은 방향,SPY와 반대 방향,defensive_proxy|rate_proxy|usd_exposure,beta_sp500_1y_krw=0.778612
COST,us_stock,USD,downside_beta_sp500,S&P500 downside beta,positive,0.778057,medium,0.778057,downside_beta_sp500_1y_krw,미국 증시 하락일에 함께 하락,미국 증시 하락일에 반대로 움직임,defensive_proxy|rate_proxy|usd_exposure,downside_beta_sp500_1y_krw=0.778057
COST,us_stock,USD,corr_sp500_60d,S&P500 60d correlation,positive,0.202683,low,0.202683,corr_sp500_60d_krw,SPY와 같은 방향,SPY와 반대 방향,defensive_proxy|rate_proxy|usd_exposure,corr_sp500_60d_krw=0.202683
COST,us_stock,USD,corr_kospi200_60d,KOSPI200 60d correlation,negative,0.363823,medium,-0.363823,corr_kospi200_60d_krw,KOSPI200과 같은 방향,KOSPI200과 반대 방향,defensive_proxy|rate_proxy|usd_exposure,corr_kospi200_60d_krw=-0.363823
COST,us_stock,USD,stress_response,Stress-period average return,neutral,0.000158,low,-0.000158,avg_stress_ret_krw,위기구간에서 플러스 성과,위기구간에서 마이너스 성과,defensive_proxy|rate_proxy|usd_exposure,avg_stress_ret_krw=-0.000158
CRM,us_stock,USD,market_beta_sp500,S&P500 beta,positive,1.159917,high,1.159917,beta_sp500_1y_krw,SPY와 같은 방향,SPY와 반대 방향,ai_capex_proxy|defensive_proxy|rate_proxy|usd_exposure,beta_sp500_1y_krw=1.159917
CRM,us_stock,USD,downside_beta_sp500,S&P500 downside beta,positive,1.165333,high,1.165333,downside_beta_sp500_1y_krw,미국 증시 하락일에 함께 하락,미국 증시 하락일에 반대로 움직임,ai_capex_proxy|defensive_proxy|rate_proxy|usd_exposure,downside_beta_sp500_1y_krw=1.165333
CRM,us_stock,USD,corr_sp500_60d,S&P500 60d correlation,positive,0.273963,low,0.273963,corr_sp500_60d_krw,SPY와 같은 방향,SPY와 반대 방향,ai_capex_proxy|defensive_proxy|rate_proxy|usd_exposure,corr_sp500_60d_krw=0.273963
CRM,us_stock,USD,corr_kospi200_60d,KOSPI200 60d correlation,negative,0.128081,low,-0.128081,corr_kospi200_60d_krw,KOSPI200과 같은 방향,KOSPI200과 반대 방향,ai_capex_proxy|defensive_proxy|rate_proxy|usd_exposure,corr_kospi200_60d_krw=-0.128081
CRM,us_stock,USD,stress_response,Stress-period average return,neutral,5.2e-05,low,-5.2e-05,avg_stress_ret_krw,위기구간에서 플러스 성과,위기구간에서 마이너스 성과,ai_capex_proxy|defensive_proxy|rate_proxy|usd_exposure,avg_stress_ret_krw=-5.2e-05
CVX,us_stock,USD,market_beta_sp500,S&P500 beta,positive,0.999293,medium,0.999293,beta_sp500_1y_krw,SPY와 같은 방향,SPY와 반대 방향,geopolitical_proxy|inflation_proxy|usd_exposure,beta_sp500_1y_krw=0.999293
CVX,us_stock,USD,downside_beta_sp500,S&P500 downside beta,positive,1.083134,high,1.083134,downside_beta_sp500_1y_krw,미국 증시 하락일에 함께 하락,미국 증시 하락일에 반대로 움직임,geopolitical_proxy|inflation_proxy|usd_exposure,downside_beta_sp500_1y_krw=1.083134
CVX,us_stock,USD,corr_sp500_60d,S&P500 60d correlation,neutral,0.006758,low,0.006758,corr_sp500_60d_krw,SPY와 같은 방향,SPY와 반대 방향,geopolitical_proxy|inflation_proxy|usd_exposure,corr_sp500_60d_krw=0.006758
CVX,us_stock,USD,corr_kospi200_60d,KOSPI200 60d correlation,negative,0.368072,medium,-0.368072,corr_kospi200_60d_krw,KOSPI200과 같은 방향,KOSPI200과 반대 방향,geopolitical_proxy|inflation_proxy|usd_exposure,corr_kospi200_60d_krw=-0.368072
CVX,us_stock,USD,stress_response,Stress-period average return,negative,0.002125,medium,-0.002125,avg_stress_ret_krw,위기구간에서 플러스 성과,위기구간에서 마이너스 성과,geopolitical_proxy|inflation_proxy|usd_exposure,avg_stress_ret_krw=-0.002125
DBA,commodity_etf,USD,market_beta_sp500,S&P500 beta,positive,0.417692,medium,0.417692,beta_sp500_1y_krw,SPY와 같은 방향,SPY와 반대 방향,geopolitical_proxy|inflation_proxy|usd_exposure,beta_sp500_1y_krw=0.417692
DBA,commodity_etf,USD,downside_beta_sp500,S&P500 downside beta,positive,0.450637,medium,0.450637,downside_beta_sp500_1y_krw,미국 증시 하락일에 함께 하락,미국 증시 하락일에 반대로 움직임,geopolitical_proxy|inflation_proxy|usd_exposure,downside_beta_sp500_1y_krw=0.450637
DBA,commodity_etf,USD,corr_sp500_60d,S&P500 60d correlation,positive,0.284754,low,0.284754,corr_sp500_60d_krw,SPY와 같은 방향,SPY와 반대 방향,geopolitical_proxy|inflation_proxy|usd_exposure,corr_sp500_60d_krw=0.284754
DBA,commodity_etf,USD,corr_kospi200_60d,KOSPI200 60d correlation,negative,0.165346,low,-0.165346,corr_kospi200_60d_krw,KOSPI200과 같은 방향,KOSPI200과 반대 방향,geopolitical_proxy|inflation_proxy|usd_exposure,corr_kospi200_60d_krw=-0.165346
DBA,commodity_etf,USD,stress_response,Stress-period average return,negative,0.002066,medium,-0.002066,avg_stress_ret_krw,위기구간에서 플러스 성과,위기구간에서 마이너스 성과,geopolitical_proxy|inflation_proxy|usd_exposure,avg_stress_ret_krw=-0.002066
DBC,commodity_etf,USD,market_beta_sp500,S&P500 beta,positive,0.525176,medium,0.525176,beta_sp500_1y_krw,SPY와 같은 방향,SPY와 반대 방향,geopolitical_proxy|inflation_proxy|usd_exposure,beta_sp500_1y_krw=0.525176
DBC,commodity_etf,USD,downside_beta_sp500,S&P500 downside beta,positive,0.610122,medium,0.610122,downside_beta_sp500_1y_krw,미국 증시 하락일에 함께 하락,미국 증시 하락일에 반대로 움직임,geopolitical_proxy|inflation_proxy|usd_exposure,downside_beta_sp500_1y_krw=0.610122
DBC,commodity_etf,USD,corr_sp500_60d,S&P500 60d correlation,neutral,0.077986,low,-0.077986,corr_sp500_60d_krw,SPY와 같은 방향,SPY와 반대 방향,geopolitical_proxy|inflation_proxy|usd_exposure,corr_sp500_60d_krw=-0.077986
DBC,commodity_etf,USD,corr_kospi200_60d,KOSPI200 60d correlation,neutral,0.06282,low,-0.06282,corr_kospi200_60d_krw,KOSPI200과 같은 방향,KOSPI200과 반대 방향,geopolitical_proxy|inflation_proxy|usd_exposure,corr_kospi200_60d_krw=-0.06282
DBC,commodity_etf,USD,stress_response,Stress-period average return,negative,0.003664,high,-0.003664,avg_stress_ret_krw,위기구간에서 플러스 성과,위기구간에서 마이너스 성과,geopolitical_proxy|inflation_proxy|usd_exposure,avg_stress_ret_krw=-0.003664
DIA,equity_etf,USD,market_beta_sp500,S&P500 beta,positive,0.939278,medium,0.939278,beta_sp500_1y_krw,SPY와 같은 방향,SPY와 반대 방향,defensive_proxy|usd_exposure,beta_sp500_1y_krw=0.939278
DIA,equity_etf,USD,downside_beta_sp500,S&P500 downside beta,positive,0.944327,medium,0.944327,downside_beta_sp500_1y_krw,미국 증시 하락일에 함께 하락,미국 증시 하락일에 반대로 움직임,defensive_proxy|usd_exposure,downside_beta_sp500_1y_krw=0.944327
DIA,equity_etf,USD,corr_sp500_60d,S&P500 60d correlation,positive,0.898833,high,0.898833,corr_sp500_60d_krw,SPY와 같은 방향,SPY와 반대 방향,defensive_proxy|usd_exposure,corr_sp500_60d_krw=0.898833
DIA,equity_etf,USD,corr_kospi200_60d,KOSPI200 60d correlation,negative,0.118052,low,-0.118052,corr_kospi200_60d_krw,KOSPI200과 같은 방향,KOSPI200과 반대 방향,defensive_proxy|usd_exposure,corr_kospi200_60d_krw=-0.118052
DIA,equity_etf,USD,stress_response,Stress-period average return,negative,0.001311,low,-0.001311,avg_stress_ret_krw,위기구간에서 플러스 성과,위기구간에서 마이너스 성과,defensive_proxy|usd_exposure,avg_stress_ret_krw=-0.001311
DIS,us_stock,USD,market_beta_sp500,S&P500 beta,positive,1.030464,high,1.030464,beta_sp500_1y_krw,SPY와 같은 방향,SPY와 반대 방향,defensive_proxy|rate_proxy|usd_exposure,beta_sp500_1y_krw=1.030464
DIS,us_stock,USD,downside_beta_sp500,S&P500 downside beta,positive,1.055397,high,1.055397,downside_beta_sp500_1y_krw,미국 증시 하락일에 함께 하락,미국 증시 하락일에 반대로 움직임,defensive_proxy|rate_proxy|usd_exposure,downside_beta_sp500_1y_krw=1.055397
DIS,us_stock,USD,corr_sp500_60d,S&P500 60d correlation,positive,0.411186,medium,0.411186,corr_sp500_60d_krw,SPY와 같은 방향,SPY와 반대 방향,defensive_proxy|rate_proxy|usd_exposure,corr_sp500_60d_krw=0.411186
DIS,us_stock,USD,corr_kospi200_60d,KOSPI200 60d correlation,neutral,0.065537,low,0.065537,corr_kospi200_60d_krw,KOSPI200과 같은 방향,KOSPI200과 반대 방향,defensive_proxy|rate_proxy|usd_exposure,corr_kospi200_60d_krw=0.065537
DIS,us_stock,USD,stress_response,Stress-period average return,negative,0.001283,low,-0.001283,avg_stress_ret_krw,위기구간에서 플러스 성과,위기구간에서 마이너스 성과,defensive_proxy|rate_proxy|usd_exposure,avg_stress_ret_krw=-0.001283
EDV,bond_etf,USD,market_beta_sp500,S&P500 beta,neutral,0.031792,low,-0.031792,beta_sp500_1y_krw,SPY와 같은 방향,SPY와 반대 방향,defensive_proxy|rate_proxy|usd_exposure,beta_sp500_1y_krw=-0.031792
EDV,bond_etf,USD,downside_beta_sp500,S&P500 downside beta,negative,0.105873,low,-0.105873,downside_beta_sp500_1y_krw,미국 증시 하락일에 함께 하락,미국 증시 하락일에 반대로 움직임,defensive_proxy|rate_proxy|usd_exposure,downside_beta_sp500_1y_krw=-0.105873
EDV,bond_etf,USD,corr_sp500_60d,S&P500 60d correlation,positive,0.666487,high,0.666487,corr_sp500_60d_krw,SPY와 같은 방향,SPY와 반대 방향,defensive_proxy|rate_proxy|usd_exposure,corr_sp500_60d_krw=0.666487
EDV,bond_etf,USD,corr_kospi200_60d,KOSPI200 60d correlation,negative,0.175491,low,-0.175491,corr_kospi200_60d_krw,KOSPI200과 같은 방향,KOSPI200과 반대 방향,defensive_proxy|rate_proxy|usd_exposure,corr_kospi200_60d_krw=-0.175491
EDV,bond_etf,USD,stress_response,Stress-period average return,neutral,0.000444,low,0.000444,avg_stress_ret_krw,위기구간에서 플러스 성과,위기구간에서 마이너스 성과,defensive_proxy|rate_proxy|usd_exposure,avg_stress_ret_krw=0.000444
EEM,equity_etf,USD,market_beta_sp500,S&P500 beta,positive,1.034622,high,1.034622,beta_sp500_1y_krw,SPY와 같은 방향,SPY와 반대 방향,geopolitical_proxy|usd_exposure,beta_sp500_1y_krw=1.034622
EEM,equity_etf,USD,downside_beta_sp500,S&P500 downside beta,positive,1.049962,high,1.049962,downside_beta_sp500_1y_krw,미국 증시 하락일에 함께 하락,미국 증시 하락일에 반대로 움직임,geopolitical_proxy|usd_exposure,downside_beta_sp500_1y_krw=1.049962
EEM,equity_etf,USD,corr_sp500_60d,S&P500 60d correlation,positive,0.819732,high,0.819732,corr_sp500_60d_krw,SPY와 같은 방향,SPY와 반대 방향,geopolitical_proxy|usd_exposure,corr_sp500_60d_krw=0.819732
EEM,equity_etf,USD,corr_kospi200_60d,KOSPI200 60d correlation,positive,0.148299,low,0.148299,corr_kospi200_60d_krw,KOSPI200과 같은 방향,KOSPI200과 반대 방향,geopolitical_proxy|usd_exposure,corr_kospi200_60d_krw=0.148299
EEM,equity_etf,USD,stress_response,Stress-period average return,negative,0.001183,low,-0.001183,avg_stress_ret_krw,위기구간에서 플러스 성과,위기구간에서 마이너스 성과,geopolitical_proxy|usd_exposure,avg_stress_ret_krw=-0.001183
EFA,equity_etf,USD,market_beta_sp500,S&P500 beta,positive,0.936683,medium,0.936683,beta_sp500_1y_krw,SPY와 같은 방향,SPY와 반대 방향,geopolitical_proxy|usd_exposure,beta_sp500_1y_krw=0.936683
EFA,equity_etf,USD,downside_beta_sp500,S&P500 downside beta,positive,0.965631,medium,0.965631,downside_beta_sp500_1y_krw,미국 증시 하락일에 함께 하락,미국 증시 하락일에 반대로 움직임,geopolitical_proxy|usd_exposure,downside_beta_sp500_1y_krw=0.965631
EFA,equity_etf,USD,corr_sp500_60d,S&P500 60d correlation,positive,0.858982,high,0.858982,corr_sp500_60d_krw,SPY와 같은 방향,SPY와 반대 방향,geopolitical_proxy|usd_exposure,corr_sp500_60d_krw=0.858982
EFA,equity_etf,USD,corr_kospi200_60d,KOSPI200 60d correlation,neutral,0.004321,low,-0.004321,corr_kospi200_60d_krw,KOSPI200과 같은 방향,KOSPI200과 반대 방향,geopolitical_proxy|usd_exposure,corr_kospi200_60d_krw=-0.004321
EFA,equity_etf,USD,stress_response,Stress-period average return,negative,0.001541,medium,-0.001541,avg_stress_ret_krw,위기구간에서 플러스 성과,위기구간에서 마이너스 성과,geopolitical_proxy|usd_exposure,avg_stress_ret_krw=-0.001541
ETH-USD,crypto,USD,market_beta_sp500,S&P500 beta,positive,1.249689,high,1.249689,beta_sp500_1y_krw,SPY와 같은 방향,SPY와 반대 방향,defensive_proxy|rate_proxy|usd_exposure,beta_sp500_1y_krw=1.249689
ETH-USD,crypto,USD,downside_beta_sp500,S&P500 downside beta,positive,1.368001,high,1.368001,downside_beta_sp500_1y_krw,미국 증시 하락일에 함께 하락,미국 증시 하락일에 반대로 움직임,defensive_proxy|rate_proxy|usd_exposure,downside_beta_sp500_1y_krw=1.368001
ETH-USD,crypto,USD,corr_sp500_60d,S&P500 60d correlation,positive,0.443796,medium,0.443796,corr_sp500_60d_krw,SPY와 같은 방향,SPY와 반대 방향,defensive_proxy|rate_proxy|usd_exposure,corr_sp500_60d_krw=0.443796
ETH-USD,crypto,USD,corr_kospi200_60d,KOSPI200 60d correlation,neutral,0.089436,low,-0.089436,corr_kospi200_60d_krw,KOSPI200과 같은 방향,KOSPI200과 반대 방향,defensive_proxy|rate_proxy|usd_exposure,corr_kospi200_60d_krw=-0.089436
ETH-USD,crypto,USD,stress_response,Stress-period average return,positive,0.00827,high,0.00827,avg_stress_ret_krw,위기구간에서 플러스 성과,위기구간에서 마이너스 성과,defensive_proxy|rate_proxy|usd_exposure,avg_stress_ret_krw=0.00827
EWJ,equity_etf,USD,market_beta_sp500,S&P500 beta,positive,0.812988,medium,0.812988,beta_sp500_1y_krw,SPY와 같은 방향,SPY와 반대 방향,geopolitical_proxy|usd_exposure,beta_sp500_1y_krw=0.812988
EWJ,equity_etf,USD,downside_beta_sp500,S&P500 downside beta,positive,0.811061,medium,0.811061,downside_beta_sp500_1y_krw,미국 증시 하락일에 함께 하락,미국 증시 하락일에 반대로 움직임,geopolitical_proxy|usd_exposure,downside_beta_sp500_1y_krw=0.811061
EWJ,equity_etf,USD,corr_sp500_60d,S&P500 60d correlation,positive,0.828702,high,0.828702,corr_sp500_60d_krw,SPY와 같은 방향,SPY와 반대 방향,geopolitical_proxy|usd_exposure,corr_sp500_60d_krw=0.828702
EWJ,equity_etf,USD,corr_kospi200_60d,KOSPI200 60d correlation,neutral,0.083956,low,0.083956,corr_kospi200_60d_krw,KOSPI200과 같은 방향,KOSPI200과 반대 방향,geopolitical_proxy|usd_exposure,corr_kospi200_60d_krw=0.083956
EWJ,equity_etf,USD,stress_response,Stress-period average return,negative,0.000931,low,-0.000931,avg_stress_ret_krw,위기구간에서 플러스 성과,위기구간에서 마이너스 성과,geopolitical_proxy|usd_exposure,avg_stress_ret_krw=-0.000931
EWY,equity_etf,USD,market_beta_sp500,S&P500 beta,positive,0.978169,medium,0.978169,beta_sp500_1y_krw,SPY와 같은 방향,SPY와 반대 방향,korea_equity_proxy|korea_financial_proxy|semiconductor_proxy|usd_exposure,beta_sp500_1y_krw=0.978169
EWY,equity_etf,USD,downside_beta_sp500,S&P500 downside beta,positive,0.990316,medium,0.990316,downside_beta_sp500_1y_krw,미국 증시 하락일에 함께 하락,미국 증시 하락일에 반대로 움직임,korea_equity_proxy|korea_financial_proxy|semiconductor_proxy|usd_exposure,downside_beta_sp500_1y_krw=0.990316
EWY,equity_etf,USD,corr_sp500_60d,S&P500 60d correlation,positive,0.656534,high,0.656534,corr_sp500_60d_krw,SPY와 같은 방향,SPY와 반대 방향,korea_equity_proxy|korea_financial_proxy|semiconductor_proxy|usd_exposure,corr_sp500_60d_krw=0.656534
EWY,equity_etf,USD,corr_kospi200_60d,KOSPI200 60d correlation,positive,0.18021,low,0.18021,corr_kospi200_60d_krw,KOSPI200과 같은 방향,KOSPI200과 반대 방향,korea_equity_proxy|korea_financial_proxy|semiconductor_proxy|usd_exposure,corr_kospi200_60d_krw=0.18021
EWY,equity_etf,USD,stress_response,Stress-period average return,negative,0.003203,high,-0.003203,avg_stress_ret_krw,위기구간에서 플러스 성과,위기구간에서 마이너스 성과,korea_equity_proxy|korea_financial_proxy|semiconductor_proxy|usd_exposure,avg_stress_ret_krw=-0.003203
FXE,fx_etf,USD,market_beta_sp500,S&P500 beta,positive,0.291678,low,0.291678,beta_sp500_1y_krw,SPY와 같은 방향,SPY와 반대 방향,usd_exposure,beta_sp500_1y_krw=0.291678
FXE,fx_etf,USD,downside_beta_sp500,S&P500 downside beta,positive,0.268774,low,0.268774,downside_beta_sp500_1y_krw,미국 증시 하락일에 함께 하락,미국 증시 하락일에 반대로 움직임,usd_exposure,downside_beta_sp500_1y_krw=0.268774
FXE,fx_etf,USD,corr_sp500_60d,S&P500 60d correlation,positive,0.700546,high,0.700546,corr_sp500_60d_krw,SPY와 같은 방향,SPY와 반대 방향,usd_exposure,corr_sp500_60d_krw=0.700546
FXE,fx_etf,USD,corr_kospi200_60d,KOSPI200 60d correlation,negative,0.168843,low,-0.168843,corr_kospi200_60d_krw,KOSPI200과 같은 방향,KOSPI200과 반대 방향,usd_exposure,corr_kospi200_60d_krw=-0.168843
FXE,fx_etf,USD,stress_response,Stress-period average return,negative,0.000797,low,-0.000797,avg_stress_ret_krw,위기구간에서 플러스 성과,위기구간에서 마이너스 성과,usd_exposure,avg_stress_ret_krw=-0.000797
FXF,fx_etf,USD,market_beta_sp500,S&P500 beta,positive,0.212655,low,0.212655,beta_sp500_1y_krw,SPY와 같은 방향,SPY와 반대 방향,usd_exposure,beta_sp500_1y_krw=0.212655
FXF,fx_etf,USD,downside_beta_sp500,S&P500 downside beta,positive,0.19666,low,0.19666,downside_beta_sp500_1y_krw,미국 증시 하락일에 함께 하락,미국 증시 하락일에 반대로 움직임,usd_exposure,downside_beta_sp500_1y_krw=0.19666
FXF,fx_etf,USD,corr_sp500_60d,S&P500 60d correlation,positive,0.708751,high,0.708751,corr_sp500_60d_krw,SPY와 같은 방향,SPY와 반대 방향,usd_exposure,corr_sp500_60d_krw=0.708751
FXF,fx_etf,USD,corr_kospi200_60d,KOSPI200 60d correlation,negative,0.127241,low,-0.127241,corr_kospi200_60d_krw,KOSPI200과 같은 방향,KOSPI200과 반대 방향,usd_exposure,corr_kospi200_60d_krw=-0.127241
FXF,fx_etf,USD,stress_response,Stress-period average return,negative,0.001185,low,-0.001185,avg_stress_ret_krw,위기구간에서 플러스 성과,위기구간에서 마이너스 성과,usd_exposure,avg_stress_ret_krw=-0.001185
FXI,equity_etf,USD,market_beta_sp500,S&P500 beta,positive,1.008636,high,1.008636,beta_sp500_1y_krw,SPY와 같은 방향,SPY와 반대 방향,geopolitical_proxy|usd_exposure,beta_sp500_1y_krw=1.008636
FXI,equity_etf,USD,downside_beta_sp500,S&P500 downside beta,positive,0.957604,medium,0.957604,downside_beta_sp500_1y_krw,미국 증시 하락일에 함께 하락,미국 증시 하락일에 반대로 움직임,geopolitical_proxy|usd_exposure,downside_beta_sp500_1y_krw=0.957604
FXI,equity_etf,USD,corr_sp500_60d,S&P500 60d correlation,positive,0.717483,high,0.717483,corr_sp500_60d_krw,SPY와 같은 방향,SPY와 반대 방향,geopolitical_proxy|usd_exposure,corr_sp500_60d_krw=0.717483
FXI,equity_etf,USD,corr_kospi200_60d,KOSPI200 60d correlation,neutral,0.054702,low,-0.054702,corr_kospi200_60d_krw,KOSPI200과 같은 방향,KOSPI200과 반대 방향,geopolitical_proxy|usd_exposure,corr_kospi200_60d_krw=-0.054702
FXI,equity_etf,USD,stress_response,Stress-period average return,neutral,0.000123,low,0.000123,avg_stress_ret_krw,위기구간에서 플러스 성과,위기구간에서 마이너스 성과,geopolitical_proxy|usd_exposure,avg_stress_ret_krw=0.000123
FXY,fx_etf,USD,market_beta_sp500,S&P500 beta,positive,0.10778,low,0.10778,beta_sp500_1y_krw,SPY와 같은 방향,SPY와 반대 방향,usd_exposure,beta_sp500_1y_krw=0.10778
FXY,fx_etf,USD,downside_beta_sp500,S&P500 downside beta,neutral,0.063368,low,0.063368,downside_beta_sp500_1y_krw,미국 증시 하락일에 함께 하락,미국 증시 하락일에 반대로 움직임,usd_exposure,downside_beta_sp500_1y_krw=0.063368
FXY,fx_etf,USD,corr_sp500_60d,S&P500 60d correlation,positive,0.640356,high,0.640356,corr_sp500_60d_krw,SPY와 같은 방향,SPY와 반대 방향,usd_exposure,corr_sp500_60d_krw=0.640356
FXY,fx_etf,USD,corr_kospi200_60d,KOSPI200 60d correlation,negative,0.227383,low,-0.227383,corr_kospi200_60d_krw,KOSPI200과 같은 방향,KOSPI200과 반대 방향,usd_exposure,corr_kospi200_60d_krw=-0.227383
FXY,fx_etf,USD,stress_response,Stress-period average return,neutral,0.000108,low,0.000108,avg_stress_ret_krw,위기구간에서 플러스 성과,위기구간에서 마이너스 성과,usd_exposure,avg_stress_ret_krw=0.000108
GLD,gold_etf,USD,market_beta_sp500,S&P500 beta,positive,0.264472,low,0.264472,beta_sp500_1y_krw,SPY와 같은 방향,SPY와 반대 방향,defensive_proxy|geopolitical_proxy|inflation_proxy|usd_exposure,beta_sp500_1y_krw=0.264472
GLD,gold_etf,USD,downside_beta_sp500,S&P500 downside beta,positive,0.267722,low,0.267722,downside_beta_sp500_1y_krw,미국 증시 하락일에 함께 하락,미국 증시 하락일에 반대로 움직임,defensive_proxy|geopolitical_proxy|inflation_proxy|usd_exposure,downside_beta_sp500_1y_krw=0.267722
GLD,gold_etf,USD,corr_sp500_60d,S&P500 60d correlation,positive,0.541987,medium,0.541987,corr_sp500_60d_krw,SPY와 같은 방향,SPY와 반대 방향,defensive_proxy|geopolitical_proxy|inflation_proxy|usd_exposure,corr_sp500_60d_krw=0.541987
GLD,gold_etf,USD,corr_kospi200_60d,KOSPI200 60d correlation,positive,0.110593,low,0.110593,corr_kospi200_60d_krw,KOSPI200과 같은 방향,KOSPI200과 반대 방향,defensive_proxy|geopolitical_proxy|inflation_proxy|usd_exposure,corr_kospi200_60d_krw=0.110593
GLD,gold_etf,USD,stress_response,Stress-period average return,negative,0.000627,low,-0.000627,avg_stress_ret_krw,위기구간에서 플러스 성과,위기구간에서 마이너스 성과,defensive_proxy|geopolitical_proxy|inflation_proxy|usd_exposure,avg_stress_ret_krw=-0.000627
GOOGL,us_stock,USD,market_beta_sp500,S&P500 beta,positive,1.024127,high,1.024127,beta_sp500_1y_krw,SPY와 같은 방향,SPY와 반대 방향,ai_capex_proxy|defensive_proxy|rate_proxy|usd_exposure,beta_sp500_1y_krw=1.024127
GOOGL,us_stock,USD,downside_beta_sp500,S&P500 downside beta,positive,0.99301,medium,0.99301,downside_beta_sp500_1y_krw,미국 증시 하락일에 함께 하락,미국 증시 하락일에 반대로 움직임,ai_capex_proxy|defensive_proxy|rate_proxy|usd_exposure,downside_beta_sp500_1y_krw=0.99301
GOOGL,us_stock,USD,corr_sp500_60d,S&P500 60d correlation,positive,0.530446,medium,0.530446,corr_sp500_60d_krw,SPY와 같은 방향,SPY와 반대 방향,ai_capex_proxy|defensive_proxy|rate_proxy|usd_exposure,corr_sp500_60d_krw=0.530446
GOOGL,us_stock,USD,corr_kospi200_60d,KOSPI200 60d correlation,neutral,0.042415,low,-0.042415,corr_kospi200_60d_krw,KOSPI200과 같은 방향,KOSPI200과 반대 방향,ai_capex_proxy|defensive_proxy|rate_proxy|usd_exposure,corr_kospi200_60d_krw=-0.042415
GOOGL,us_stock,USD,stress_response,Stress-period average return,negative,0.003505,high,-0.003505,avg_stress_ret_krw,위기구간에서 플러스 성과,위기구간에서 마이너스 성과,ai_capex_proxy|defensive_proxy|rate_proxy|usd_exposure,avg_stress_ret_krw=-0.003505
GOVT,bond_etf,USD,market_beta_sp500,S&P500 beta,positive,0.168202,low,0.168202,beta_sp500_1y_krw,SPY와 같은 방향,SPY와 반대 방향,defensive_proxy|rate_proxy|usd_exposure,beta_sp500_1y_krw=0.168202
GOVT,bond_etf,USD,downside_beta_sp500,S&P500 downside beta,neutral,0.088001,low,0.088001,downside_beta_sp500_1y_krw,미국 증시 하락일에 함께 하락,미국 증시 하락일에 반대로 움직임,defensive_proxy|rate_proxy|usd_exposure,downside_beta_sp500_1y_krw=0.088001
GOVT,bond_etf,USD,corr_sp500_60d,S&P500 60d correlation,positive,0.685324,high,0.685324,corr_sp500_60d_krw,SPY와 같은 방향,SPY와 반대 방향,defensive_proxy|rate_proxy|usd_exposure,corr_sp500_60d_krw=0.685324
GOVT,bond_etf,USD,corr_kospi200_60d,KOSPI200 60d correlation,negative,0.280038,low,-0.280038,corr_kospi200_60d_krw,KOSPI200과 같은 방향,KOSPI200과 반대 방향,defensive_proxy|rate_proxy|usd_exposure,corr_kospi200_60d_krw=-0.280038
GOVT,bond_etf,USD,stress_response,Stress-period average return,positive,0.000634,low,0.000634,avg_stress_ret_krw,위기구간에서 플러스 성과,위기구간에서 마이너스 성과,defensive_proxy|rate_proxy|usd_exposure,avg_stress_ret_krw=0.000634
GS,us_stock,USD,market_beta_sp500,S&P500 beta,positive,1.261163,high,1.261163,beta_sp500_1y_krw,SPY와 같은 방향,SPY와 반대 방향,credit_proxy|defensive_proxy|korea_financial_proxy|rate_proxy|usd_exposure,beta_sp500_1y_krw=1.261163
GS,us_stock,USD,downside_beta_sp500,S&P500 downside beta,positive,1.269622,high,1.269622,downside_beta_sp500_1y_krw,미국 증시 하락일에 함께 하락,미국 증시 하락일에 반대로 움직임,credit_proxy|defensive_proxy|korea_financial_proxy|rate_proxy|usd_exposure,downside_beta_sp500_1y_krw=1.269622
GS,us_stock,USD,corr_sp500_60d,S&P500 60d correlation,positive,0.617415,high,0.617415,corr_sp500_60d_krw,SPY와 같은 방향,SPY와 반대 방향,credit_proxy|defensive_proxy|korea_financial_proxy|rate_proxy|usd_exposure,corr_sp500_60d_krw=0.617415
GS,us_stock,USD,corr_kospi200_60d,KOSPI200 60d correlation,neutral,0.017356,low,0.017356,corr_kospi200_60d_krw,KOSPI200과 같은 방향,KOSPI200과 반대 방향,credit_proxy|defensive_proxy|korea_financial_proxy|rate_proxy|usd_exposure,corr_kospi200_60d_krw=0.017356
GS,us_stock,USD,stress_response,Stress-period average return,negative,0.002867,medium,-0.002867,avg_stress_ret_krw,위기구간에서 플러스 성과,위기구간에서 마이너스 성과,credit_proxy|defensive_proxy|korea_financial_proxy|rate_proxy|usd_exposure,avg_stress_ret_krw=-0.002867
GSG,commodity_etf,USD,market_beta_sp500,S&P500 beta,positive,0.579674,medium,0.579674,beta_sp500_1y_krw,SPY와 같은 방향,SPY와 반대 방향,geopolitical_proxy|inflation_proxy|usd_exposure,beta_sp500_1y_krw=0.579674
GSG,commodity_etf,USD,downside_beta_sp500,S&P500 downside beta,positive,0.712518,medium,0.712518,downside_beta_sp500_1y_krw,미국 증시 하락일에 함께 하락,미국 증시 하락일에 반대로 움직임,geopolitical_proxy|inflation_proxy|usd_exposure,downside_beta_sp500_1y_krw=0.712518
GSG,commodity_etf,USD,corr_sp500_60d,S&P500 60d correlation,negative,0.197079,low,-0.197079,corr_sp500_60d_krw,SPY와 같은 방향,SPY와 반대 방향,geopolitical_proxy|inflation_proxy|usd_exposure,corr_sp500_60d_krw=-0.197079
GSG,commodity_etf,USD,corr_kospi200_60d,KOSPI200 60d correlation,negative,0.136533,low,-0.136533,corr_kospi200_60d_krw,KOSPI200과 같은 방향,KOSPI200과 반대 방향,geopolitical_proxy|inflation_proxy|usd_exposure,corr_kospi200_60d_krw=-0.136533
GSG,commodity_etf,USD,stress_response,Stress-period average return,negative,0.004214,high,-0.004214,avg_stress_ret_krw,위기구간에서 플러스 성과,위기구간에서 마이너스 성과,geopolitical_proxy|inflation_proxy|usd_exposure,avg_stress_ret_krw=-0.004214
HD,us_stock,USD,market_beta_sp500,S&P500 beta,positive,0.997258,medium,0.997258,beta_sp500_1y_krw,SPY와 같은 방향,SPY와 반대 방향,defensive_proxy|rate_proxy|usd_exposure,beta_sp500_1y_krw=0.997258
HD,us_stock,USD,downside_beta_sp500,S&P500 downside beta,positive,0.987781,medium,0.987781,downside_beta_sp500_1y_krw,미국 증시 하락일에 함께 하락,미국 증시 하락일에 반대로 움직임,defensive_proxy|rate_proxy|usd_exposure,downside_beta_sp500_1y_krw=0.987781
HD,us_stock,USD,corr_sp500_60d,S&P500 60d correlation,positive,0.580109,medium,0.580109,corr_sp500_60d_krw,SPY와 같은 방향,SPY와 반대 방향,defensive_proxy|rate_proxy|usd_exposure,corr_sp500_60d_krw=0.580109
HD,us_stock,USD,corr_kospi200_60d,KOSPI200 60d correlation,neutral,0.057329,low,-0.057329,corr_kospi200_60d_krw,KOSPI200과 같은 방향,KOSPI200과 반대 방향,defensive_proxy|rate_proxy|usd_exposure,corr_kospi200_60d_krw=-0.057329
HD,us_stock,USD,stress_response,Stress-period average return,neutral,0.000454,low,0.000454,avg_stress_ret_krw,위기구간에서 플러스 성과,위기구간에서 마이너스 성과,defensive_proxy|rate_proxy|usd_exposure,avg_stress_ret_krw=0.000454
HYG,bond_etf,USD,market_beta_sp500,S&P500 beta,positive,0.493724,medium,0.493724,beta_sp500_1y_krw,SPY와 같은 방향,SPY와 반대 방향,credit_proxy|defensive_proxy|rate_proxy|usd_exposure,beta_sp500_1y_krw=0.493724
HYG,bond_etf,USD,downside_beta_sp500,S&P500 downside beta,positive,0.492008,medium,0.492008,downside_beta_sp500_1y_krw,미국 증시 하락일에 함께 하락,미국 증시 하락일에 반대로 움직임,credit_proxy|defensive_proxy|rate_proxy|usd_exposure,downside_beta_sp500_1y_krw=0.492008
HYG,bond_etf,USD,corr_sp500_60d,S&P500 60d correlation,positive,0.779349,high,0.779349,corr_sp500_60d_krw,SPY와 같은 방향,SPY와 반대 방향,credit_proxy|defensive_proxy|rate_proxy|usd_exposure,corr_sp500_60d_krw=0.779349
HYG,bond_etf,USD,corr_kospi200_60d,KOSPI200 60d correlation,negative,0.244506,low,-0.244506,corr_kospi200_60d_krw,KOSPI200과 같은 방향,KOSPI200과 반대 방향,credit_proxy|defensive_proxy|rate_proxy|usd_exposure,corr_kospi200_60d_krw=-0.244506
HYG,bond_etf,USD,stress_response,Stress-period average return,negative,0.001305,low,-0.001305,avg_stress_ret_krw,위기구간에서 플러스 성과,위기구간에서 마이너스 성과,credit_proxy|defensive_proxy|rate_proxy|usd_exposure,avg_stress_ret_krw=-0.001305
IAU,gold_etf,USD,market_beta_sp500,S&P500 beta,positive,0.262987,low,0.262987,beta_sp500_1y_krw,SPY와 같은 방향,SPY와 반대 방향,defensive_proxy|geopolitical_proxy|inflation_proxy|usd_exposure,beta_sp500_1y_krw=0.262987
IAU,gold_etf,USD,downside_beta_sp500,S&P500 downside beta,positive,0.265536,low,0.265536,downside_beta_sp500_1y_krw,미국 증시 하락일에 함께 하락,미국 증시 하락일에 반대로 움직임,defensive_proxy|geopolitical_proxy|inflation_proxy|usd_exposure,downside_beta_sp500_1y_krw=0.265536
IAU,gold_etf,USD,corr_sp500_60d,S&P500 60d correlation,positive,0.543921,medium,0.543921,corr_sp500_60d_krw,SPY와 같은 방향,SPY와 반대 방향,defensive_proxy|geopolitical_proxy|inflation_proxy|usd_exposure,corr_sp500_60d_krw=0.543921
IAU,gold_etf,USD,corr_kospi200_60d,KOSPI200 60d correlation,positive,0.111159,low,0.111159,corr_kospi200_60d_krw,KOSPI200과 같은 방향,KOSPI200과 반대 방향,defensive_proxy|geopolitical_proxy|inflation_proxy|usd_exposure,corr_kospi200_60d_krw=0.111159
IAU,gold_etf,USD,stress_response,Stress-period average return,negative,0.000527,low,-0.000527,avg_stress_ret_krw,위기구간에서 플러스 성과,위기구간에서 마이너스 성과,defensive_proxy|geopolitical_proxy|inflation_proxy|usd_exposure,avg_stress_ret_krw=-0.000527
ICLN,equity_etf,USD,market_beta_sp500,S&P500 beta,positive,1.056423,high,1.056423,beta_sp500_1y_krw,SPY와 같은 방향,SPY와 반대 방향,ai_capex_proxy|geopolitical_proxy|rate_proxy|usd_exposure,beta_sp500_1y_krw=1.056423
ICLN,equity_etf,USD,downside_beta_sp500,S&P500 downside beta,positive,1.122388,high,1.122388,downside_beta_sp500_1y_krw,미국 증시 하락일에 함께 하락,미국 증시 하락일에 반대로 움직임,ai_capex_proxy|geopolitical_proxy|rate_proxy|usd_exposure,downside_beta_sp500_1y_krw=1.122388
ICLN,equity_etf,USD,corr_sp500_60d,S&P500 60d correlation,positive,0.636356,high,0.636356,corr_sp500_60d_krw,SPY와 같은 방향,SPY와 반대 방향,ai_capex_proxy|geopolitical_proxy|rate_proxy|usd_exposure,corr_sp500_60d_krw=0.636356
ICLN,equity_etf,USD,corr_kospi200_60d,KOSPI200 60d correlation,neutral,0.066719,low,0.066719,corr_kospi200_60d_krw,KOSPI200과 같은 방향,KOSPI200과 반대 방향,ai_capex_proxy|geopolitical_proxy|rate_proxy|usd_exposure,corr_kospi200_60d_krw=0.066719
ICLN,equity_etf,USD,stress_response,Stress-period average return,negative,0.004796,high,-0.004796,avg_stress_ret_krw,위기구간에서 플러스 성과,위기구간에서 마이너스 성과,ai_capex_proxy|geopolitical_proxy|rate_proxy|usd_exposure,avg_stress_ret_krw=-0.004796
IEF,bond_etf,USD,market_beta_sp500,S&P500 beta,positive,0.159183,low,0.159183,beta_sp500_1y_krw,SPY와 같은 방향,SPY와 반대 방향,defensive_proxy|rate_proxy|usd_exposure,beta_sp500_1y_krw=0.159183
IEF,bond_etf,USD,downside_beta_sp500,S&P500 downside beta,positive,0.108419,low,0.108419,downside_beta_sp500_1y_krw,미국 증시 하락일에 함께 하락,미국 증시 하락일에 반대로 움직임,defensive_proxy|rate_proxy|usd_exposure,downside_beta_sp500_1y_krw=0.108419
IEF,bond_etf,USD,corr_sp500_60d,S&P500 60d correlation,positive,0.70039,high,0.70039,corr_sp500_60d_krw,SPY와 같은 방향,SPY와 반대 방향,defensive_proxy|rate_proxy|usd_exposure,corr_sp500_60d_krw=0.70039
IEF,bond_etf,USD,corr_kospi200_60d,KOSPI200 60d correlation,negative,0.208315,low,-0.208315,corr_kospi200_60d_krw,KOSPI200과 같은 방향,KOSPI200과 반대 방향,defensive_proxy|rate_proxy|usd_exposure,corr_kospi200_60d_krw=-0.208315
IEF,bond_etf,USD,stress_response,Stress-period average return,neutral,0.000289,low,0.000289,avg_stress_ret_krw,위기구간에서 플러스 성과,위기구간에서 마이너스 성과,defensive_proxy|rate_proxy|usd_exposure,avg_stress_ret_krw=0.000289
INDA,equity_etf,USD,market_beta_sp500,S&P500 beta,positive,0.814806,medium,0.814806,beta_sp500_1y_krw,SPY와 같은 방향,SPY와 반대 방향,geopolitical_proxy|usd_exposure,beta_sp500_1y_krw=0.814806
INDA,equity_etf,USD,downside_beta_sp500,S&P500 downside beta,positive,0.857217,medium,0.857217,downside_beta_sp500_1y_krw,미국 증시 하락일에 함께 하락,미국 증시 하락일에 반대로 움직임,geopolitical_proxy|usd_exposure,downside_beta_sp500_1y_krw=0.857217
INDA,equity_etf,USD,corr_sp500_60d,S&P500 60d correlation,positive,0.798612,high,0.798612,corr_sp500_60d_krw,SPY와 같은 방향,SPY와 반대 방향,geopolitical_proxy|usd_exposure,corr_sp500_60d_krw=0.798612
INDA,equity_etf,USD,corr_kospi200_60d,KOSPI200 60d correlation,negative,0.132277,low,-0.132277,corr_kospi200_60d_krw,KOSPI200과 같은 방향,KOSPI200과 반대 방향,geopolitical_proxy|usd_exposure,corr_kospi200_60d_krw=-0.132277
INDA,equity_etf,USD,stress_response,Stress-period average return,negative,0.001899,medium,-0.001899,avg_stress_ret_krw,위기구간에서 플러스 성과,위기구간에서 마이너스 성과,geopolitical_proxy|usd_exposure,avg_stress_ret_krw=-0.001899
INTC,us_stock,USD,market_beta_sp500,S&P500 beta,positive,1.139512,high,1.139512,beta_sp500_1y_krw,SPY와 같은 방향,SPY와 반대 방향,ai_capex_proxy|defensive_proxy|semiconductor_proxy|usd_exposure,beta_sp500_1y_krw=1.139512
INTC,us_stock,USD,downside_beta_sp500,S&P500 downside beta,positive,1.038807,high,1.038807,downside_beta_sp500_1y_krw,미국 증시 하락일에 함께 하락,미국 증시 하락일에 반대로 움직임,ai_capex_proxy|defensive_proxy|semiconductor_proxy|usd_exposure,downside_beta_sp500_1y_krw=1.038807
INTC,us_stock,USD,corr_sp500_60d,S&P500 60d correlation,positive,0.417296,medium,0.417296,corr_sp500_60d_krw,SPY와 같은 방향,SPY와 반대 방향,ai_capex_proxy|defensive_proxy|semiconductor_proxy|usd_exposure,corr_sp500_60d_krw=0.417296
INTC,us_stock,USD,corr_kospi200_60d,KOSPI200 60d correlation,neutral,0.080967,low,0.080967,corr_kospi200_60d_krw,KOSPI200과 같은 방향,KOSPI200과 반대 방향,ai_capex_proxy|defensive_proxy|semiconductor_proxy|usd_exposure,corr_kospi200_60d_krw=0.080967
INTC,us_stock,USD,stress_response,Stress-period average return,neutral,5.4e-05,low,-5.4e-05,avg_stress_ret_krw,위기구간에서 플러스 성과,위기구간에서 마이너스 성과,ai_capex_proxy|defensive_proxy|semiconductor_proxy|usd_exposure,avg_stress_ret_krw=-5.4e-05
ITA,equity_etf,USD,market_beta_sp500,S&P500 beta,positive,0.969,medium,0.969,beta_sp500_1y_krw,SPY와 같은 방향,SPY와 반대 방향,geopolitical_proxy|usd_exposure,beta_sp500_1y_krw=0.969
ITA,equity_etf,USD,downside_beta_sp500,S&P500 downside beta,positive,1.025291,high,1.025291,downside_beta_sp500_1y_krw,미국 증시 하락일에 함께 하락,미국 증시 하락일에 반대로 움직임,geopolitical_proxy|usd_exposure,downside_beta_sp500_1y_krw=1.025291
ITA,equity_etf,USD,corr_sp500_60d,S&P500 60d correlation,positive,0.641489,high,0.641489,corr_sp500_60d_krw,SPY와 같은 방향,SPY와 반대 방향,geopolitical_proxy|usd_exposure,corr_sp500_60d_krw=0.641489
ITA,equity_etf,USD,corr_kospi200_60d,KOSPI200 60d correlation,positive,0.134604,low,0.134604,corr_kospi200_60d_krw,KOSPI200과 같은 방향,KOSPI200과 반대 방향,geopolitical_proxy|usd_exposure,corr_kospi200_60d_krw=0.134604
ITA,equity_etf,USD,stress_response,Stress-period average return,negative,0.002696,medium,-0.002696,avg_stress_ret_krw,위기구간에서 플러스 성과,위기구간에서 마이너스 성과,geopolitical_proxy|usd_exposure,avg_stress_ret_krw=-0.002696
IWD,equity_etf,USD,market_beta_sp500,S&P500 beta,positive,0.97806,medium,0.97806,beta_sp500_1y_krw,SPY와 같은 방향,SPY와 반대 방향,defensive_proxy|rate_proxy|usd_exposure,beta_sp500_1y_krw=0.97806
IWD,equity_etf,USD,downside_beta_sp500,S&P500 downside beta,positive,0.99552,medium,0.99552,downside_beta_sp500_1y_krw,미국 증시 하락일에 함께 하락,미국 증시 하락일에 반대로 움직임,defensive_proxy|rate_proxy|usd_exposure,downside_beta_sp500_1y_krw=0.99552
IWD,equity_etf,USD,corr_sp500_60d,S&P500 60d correlation,positive,0.904621,high,0.904621,corr_sp500_60d_krw,SPY와 같은 방향,SPY와 반대 방향,defensive_proxy|rate_proxy|usd_exposure,corr_sp500_60d_krw=0.904621
IWD,equity_etf,USD,corr_kospi200_60d,KOSPI200 60d correlation,neutral,0.089553,low,-0.089553,corr_kospi200_60d_krw,KOSPI200과 같은 방향,KOSPI200과 반대 방향,defensive_proxy|rate_proxy|usd_exposure,corr_kospi200_60d_krw=-0.089553
IWD,equity_etf,USD,stress_response,Stress-period average return,negative,0.001661,medium,-0.001661,avg_stress_ret_krw,위기구간에서 플러스 성과,위기구간에서 마이너스 성과,defensive_proxy|rate_proxy|usd_exposure,avg_stress_ret_krw=-0.001661
IWF,equity_etf,USD,market_beta_sp500,S&P500 beta,positive,1.011151,high,1.011151,beta_sp500_1y_krw,SPY와 같은 방향,SPY와 반대 방향,ai_capex_proxy|rate_proxy|semiconductor_proxy|usd_exposure,beta_sp500_1y_krw=1.011151
IWF,equity_etf,USD,downside_beta_sp500,S&P500 downside beta,positive,0.990343,medium,0.990343,downside_beta_sp500_1y_krw,미국 증시 하락일에 함께 하락,미국 증시 하락일에 반대로 움직임,ai_capex_proxy|rate_proxy|semiconductor_proxy|usd_exposure,downside_beta_sp500_1y_krw=0.990343
IWF,equity_etf,USD,corr_sp500_60d,S&P500 60d correlation,positive,0.962082,high,0.962082,corr_sp500_60d_krw,SPY와 같은 방향,SPY와 반대 방향,ai_capex_proxy|rate_proxy|semiconductor_proxy|usd_exposure,corr_sp500_60d_krw=0.962082
IWF,equity_etf,USD,corr_kospi200_60d,KOSPI200 60d correlation,neutral,0.025401,low,-0.025401,corr_kospi200_60d_krw,KOSPI200과 같은 방향,KOSPI200과 반대 방향,ai_capex_proxy|rate_proxy|semiconductor_proxy|usd_exposure,corr_kospi200_60d_krw=-0.025401
IWF,equity_etf,USD,stress_response,Stress-period average return,negative,0.001294,low,-0.001294,avg_stress_ret_krw,위기구간에서 플러스 성과,위기구간에서 마이너스 성과,ai_capex_proxy|rate_proxy|semiconductor_proxy|usd_exposure,avg_stress_ret_krw=-0.001294
IWM,equity_etf,USD,market_beta_sp500,S&P500 beta,positive,1.091995,high,1.091995,beta_sp500_1y_krw,SPY와 같은 방향,SPY와 반대 방향,defensive_proxy|rate_proxy|usd_exposure,beta_sp500_1y_krw=1.091995
IWM,equity_etf,USD,downside_beta_sp500,S&P500 downside beta,positive,1.090263,high,1.090263,downside_beta_sp500_1y_krw,미국 증시 하락일에 함께 하락,미국 증시 하락일에 반대로 움직임,defensive_proxy|rate_proxy|usd_exposure,downside_beta_sp500_1y_krw=1.090263
IWM,equity_etf,USD,corr_sp500_60d,S&P500 60d correlation,positive,0.87,high,0.87,corr_sp500_60d_krw,SPY와 같은 방향,SPY와 반대 방향,defensive_proxy|rate_proxy|usd_exposure,corr_sp500_60d_krw=0.87
IWM,equity_etf,USD,corr_kospi200_60d,KOSPI200 60d correlation,neutral,0.055752,low,-0.055752,corr_kospi200_60d_krw,KOSPI200과 같은 방향,KOSPI200과 반대 방향,defensive_proxy|rate_proxy|usd_exposure,corr_kospi200_60d_krw=-0.055752
IWM,equity_etf,USD,stress_response,Stress-period average return,negative,0.001818,medium,-0.001818,avg_stress_ret_krw,위기구간에서 플러스 성과,위기구간에서 마이너스 성과,defensive_proxy|rate_proxy|usd_exposure,avg_stress_ret_krw=-0.001818
IYR,equity_etf,USD,market_beta_sp500,S&P500 beta,positive,1.059868,high,1.059868,beta_sp500_1y_krw,SPY와 같은 방향,SPY와 반대 방향,defensive_proxy|korea_real_estate_proxy|rate_proxy|usd_exposure,beta_sp500_1y_krw=1.059868
IYR,equity_etf,USD,downside_beta_sp500,S&P500 downside beta,positive,1.168957,high,1.168957,downside_beta_sp500_1y_krw,미국 증시 하락일에 함께 하락,미국 증시 하락일에 반대로 움직임,defensive_proxy|korea_real_estate_proxy|rate_proxy|usd_exposure,downside_beta_sp500_1y_krw=1.168957
IYR,equity_etf,USD,corr_sp500_60d,S&P500 60d correlation,positive,0.670458,high,0.670458,corr_sp500_60d_krw,SPY와 같은 방향,SPY와 반대 방향,defensive_proxy|korea_real_estate_proxy|rate_proxy|usd_exposure,corr_sp500_60d_krw=0.670458
IYR,equity_etf,USD,corr_kospi200_60d,KOSPI200 60d correlation,negative,0.232201,low,-0.232201,corr_kospi200_60d_krw,KOSPI200과 같은 방향,KOSPI200과 반대 방향,defensive_proxy|korea_real_estate_proxy|rate_proxy|usd_exposure,corr_kospi200_60d_krw=-0.232201
IYR,equity_etf,USD,stress_response,Stress-period average return,negative,0.001152,low,-0.001152,avg_stress_ret_krw,위기구간에서 플러스 성과,위기구간에서 마이너스 성과,defensive_proxy|korea_real_estate_proxy|rate_proxy|usd_exposure,avg_stress_ret_krw=-0.001152
JNJ,us_stock,USD,market_beta_sp500,S&P500 beta,positive,0.642468,medium,0.642468,beta_sp500_1y_krw,SPY와 같은 방향,SPY와 반대 방향,defensive_proxy|rate_proxy|usd_exposure,beta_sp500_1y_krw=0.642468
JNJ,us_stock,USD,downside_beta_sp500,S&P500 downside beta,positive,0.641007,medium,0.641007,downside_beta_sp500_1y_krw,미국 증시 하락일에 함께 하락,미국 증시 하락일에 반대로 움직임,defensive_proxy|rate_proxy|usd_exposure,downside_beta_sp500_1y_krw=0.641007
JNJ,us_stock,USD,corr_sp500_60d,S&P500 60d correlation,positive,0.465121,medium,0.465121,corr_sp500_60d_krw,SPY와 같은 방향,SPY와 반대 방향,defensive_proxy|rate_proxy|usd_exposure,corr_sp500_60d_krw=0.465121
JNJ,us_stock,USD,corr_kospi200_60d,KOSPI200 60d correlation,negative,0.164937,low,-0.164937,corr_kospi200_60d_krw,KOSPI200과 같은 방향,KOSPI200과 반대 방향,defensive_proxy|rate_proxy|usd_exposure,corr_kospi200_60d_krw=-0.164937
JNJ,us_stock,USD,stress_response,Stress-period average return,negative,0.000541,low,-0.000541,avg_stress_ret_krw,위기구간에서 플러스 성과,위기구간에서 마이너스 성과,defensive_proxy|rate_proxy|usd_exposure,avg_stress_ret_krw=-0.000541
JPM,us_stock,USD,market_beta_sp500,S&P500 beta,positive,1.27054,high,1.27054,beta_sp500_1y_krw,SPY와 같은 방향,SPY와 반대 방향,credit_proxy|defensive_proxy|korea_financial_proxy|rate_proxy|usd_exposure,beta_sp500_1y_krw=1.27054
JPM,us_stock,USD,downside_beta_sp500,S&P500 downside beta,positive,1.262034,high,1.262034,downside_beta_sp500_1y_krw,미국 증시 하락일에 함께 하락,미국 증시 하락일에 반대로 움직임,credit_proxy|defensive_proxy|korea_financial_proxy|rate_proxy|usd_exposure,downside_beta_sp500_1y_krw=1.262034
JPM,us_stock,USD,corr_sp500_60d,S&P500 60d correlation,positive,0.529653,medium,0.529653,corr_sp500_60d_krw,SPY와 같은 방향,SPY와 반대 방향,credit_proxy|defensive_proxy|korea_financial_proxy|rate_proxy|usd_exposure,corr_sp500_60d_krw=0.529653
JPM,us_stock,USD,corr_kospi200_60d,KOSPI200 60d correlation,negative,0.136345,low,-0.136345,corr_kospi200_60d_krw,KOSPI200과 같은 방향,KOSPI200과 반대 방향,credit_proxy|defensive_proxy|korea_financial_proxy|rate_proxy|usd_exposure,corr_kospi200_60d_krw=-0.136345
JPM,us_stock,USD,stress_response,Stress-period average return,positive,0.001095,low,0.001095,avg_stress_ret_krw,위기구간에서 플러스 성과,위기구간에서 마이너스 성과,credit_proxy|defensive_proxy|korea_financial_proxy|rate_proxy|usd_exposure,avg_stress_ret_krw=0.001095
KO,us_stock,USD,market_beta_sp500,S&P500 beta,positive,0.652318,medium,0.652318,beta_sp500_1y_krw,SPY와 같은 방향,SPY와 반대 방향,defensive_proxy|rate_proxy|usd_exposure,beta_sp500_1y_krw=0.652318
KO,us_stock,USD,downside_beta_sp500,S&P500 downside beta,positive,0.704446,medium,0.704446,downside_beta_sp500_1y_krw,미국 증시 하락일에 함께 하락,미국 증시 하락일에 반대로 움직임,defensive_proxy|rate_proxy|usd_exposure,downside_beta_sp500_1y_krw=0.704446
KO,us_stock,USD,corr_sp500_60d,S&P500 60d correlation,positive,0.363007,medium,0.363007,corr_sp500_60d_krw,SPY와 같은 방향,SPY와 반대 방향,defensive_proxy|rate_proxy|usd_exposure,corr_sp500_60d_krw=0.363007
KO,us_stock,USD,corr_kospi200_60d,KOSPI200 60d correlation,negative,0.208832,low,-0.208832,corr_kospi200_60d_krw,KOSPI200과 같은 방향,KOSPI200과 반대 방향,defensive_proxy|rate_proxy|usd_exposure,corr_kospi200_60d_krw=-0.208832
KO,us_stock,USD,stress_response,Stress-period average return,negative,0.002396,medium,-0.002396,avg_stress_ret_krw,위기구간에서 플러스 성과,위기구간에서 마이너스 성과,defensive_proxy|rate_proxy|usd_exposure,avg_stress_ret_krw=-0.002396
KRE,equity_etf,USD,market_beta_sp500,S&P500 beta,positive,1.219463,high,1.219463,beta_sp500_1y_krw,SPY와 같은 방향,SPY와 반대 방향,credit_proxy|defensive_proxy|korea_financial_proxy|rate_proxy|usd_exposure,beta_sp500_1y_krw=1.219463
KRE,equity_etf,USD,downside_beta_sp500,S&P500 downside beta,positive,1.234042,high,1.234042,downside_beta_sp500_1y_krw,미국 증시 하락일에 함께 하락,미국 증시 하락일에 반대로 움직임,credit_proxy|defensive_proxy|korea_financial_proxy|rate_proxy|usd_exposure,downside_beta_sp500_1y_krw=1.234042
KRE,equity_etf,USD,corr_sp500_60d,S&P500 60d correlation,positive,0.534294,medium,0.534294,corr_sp500_60d_krw,SPY와 같은 방향,SPY와 반대 방향,credit_proxy|defensive_proxy|korea_financial_proxy|rate_proxy|usd_exposure,corr_sp500_60d_krw=0.534294
KRE,equity_etf,USD,corr_kospi200_60d,KOSPI200 60d correlation,negative,0.219896,low,-0.219896,corr_kospi200_60d_krw,KOSPI200과 같은 방향,KOSPI200과 반대 방향,credit_proxy|defensive_proxy|korea_financial_proxy|rate_proxy|usd_exposure,corr_kospi200_60d_krw=-0.219896
KRE,equity_etf,USD,stress_response,Stress-period average return,neutral,0.000201,low,0.000201,avg_stress_ret_krw,위기구간에서 플러스 성과,위기구간에서 마이너스 성과,credit_proxy|defensive_proxy|korea_financial_proxy|rate_proxy|usd_exposure,avg_stress_ret_krw=0.000201
LLY,us_stock,USD,market_beta_sp500,S&P500 beta,positive,0.80301,medium,0.80301,beta_sp500_1y_krw,SPY와 같은 방향,SPY와 반대 방향,defensive_proxy|rate_proxy|usd_exposure,beta_sp500_1y_krw=0.80301
LLY,us_stock,USD,downside_beta_sp500,S&P500 downside beta,positive,0.798696,medium,0.798696,downside_beta_sp500_1y_krw,미국 증시 하락일에 함께 하락,미국 증시 하락일에 반대로 움직임,defensive_proxy|rate_proxy|usd_exposure,downside_beta_sp500_1y_krw=0.798696
LLY,us_stock,USD,corr_sp500_60d,S&P500 60d correlation,positive,0.390276,medium,0.390276,corr_sp500_60d_krw,SPY와 같은 방향,SPY와 반대 방향,defensive_proxy|rate_proxy|usd_exposure,corr_sp500_60d_krw=0.390276
LLY,us_stock,USD,corr_kospi200_60d,KOSPI200 60d correlation,negative,0.121585,low,-0.121585,corr_kospi200_60d_krw,KOSPI200과 같은 방향,KOSPI200과 반대 방향,defensive_proxy|rate_proxy|usd_exposure,corr_kospi200_60d_krw=-0.121585
LLY,us_stock,USD,stress_response,Stress-period average return,neutral,0.000429,low,0.000429,avg_stress_ret_krw,위기구간에서 플러스 성과,위기구간에서 마이너스 성과,defensive_proxy|rate_proxy|usd_exposure,avg_stress_ret_krw=0.000429
LQD,bond_etf,USD,market_beta_sp500,S&P500 beta,positive,0.295846,low,0.295846,beta_sp500_1y_krw,SPY와 같은 방향,SPY와 반대 방향,credit_proxy|defensive_proxy|rate_proxy|usd_exposure,beta_sp500_1y_krw=0.295846
LQD,bond_etf,USD,downside_beta_sp500,S&P500 downside beta,positive,0.287356,low,0.287356,downside_beta_sp500_1y_krw,미국 증시 하락일에 함께 하락,미국 증시 하락일에 반대로 움직임,credit_proxy|defensive_proxy|rate_proxy|usd_exposure,downside_beta_sp500_1y_krw=0.287356
LQD,bond_etf,USD,corr_sp500_60d,S&P500 60d correlation,positive,0.754066,high,0.754066,corr_sp500_60d_krw,SPY와 같은 방향,SPY와 반대 방향,credit_proxy|defensive_proxy|rate_proxy|usd_exposure,corr_sp500_60d_krw=0.754066
LQD,bond_etf,USD,corr_kospi200_60d,KOSPI200 60d correlation,negative,0.235779,low,-0.235779,corr_kospi200_60d_krw,KOSPI200과 같은 방향,KOSPI200과 반대 방향,credit_proxy|defensive_proxy|rate_proxy|usd_exposure,corr_kospi200_60d_krw=-0.235779
LQD,bond_etf,USD,stress_response,Stress-period average return,negative,0.000832,low,-0.000832,avg_stress_ret_krw,위기구간에서 플러스 성과,위기구간에서 마이너스 성과,credit_proxy|defensive_proxy|rate_proxy|usd_exposure,avg_stress_ret_krw=-0.000832
LRCX,us_stock,USD,market_beta_sp500,S&P500 beta,positive,1.35098,high,1.35098,beta_sp500_1y_krw,SPY와 같은 방향,SPY와 반대 방향,ai_capex_proxy|rate_proxy|semiconductor_proxy|usd_exposure,beta_sp500_1y_krw=1.35098
LRCX,us_stock,USD,downside_beta_sp500,S&P500 downside beta,positive,1.225913,high,1.225913,downside_beta_sp500_1y_krw,미국 증시 하락일에 함께 하락,미국 증시 하락일에 반대로 움직임,ai_capex_proxy|rate_proxy|semiconductor_proxy|usd_exposure,downside_beta_sp500_1y_krw=1.225913
LRCX,us_stock,USD,corr_sp500_60d,S&P500 60d correlation,positive,0.52118,medium,0.52118,corr_sp500_60d_krw,SPY와 같은 방향,SPY와 반대 방향,ai_capex_proxy|rate_proxy|semiconductor_proxy|usd_exposure,corr_sp500_60d_krw=0.52118
LRCX,us_stock,USD,corr_kospi200_60d,KOSPI200 60d correlation,positive,0.213492,low,0.213492,corr_kospi200_60d_krw,KOSPI200과 같은 방향,KOSPI200과 반대 방향,ai_capex_proxy|rate_proxy|semiconductor_proxy|usd_exposure,corr_kospi200_60d_krw=0.213492
LRCX,us_stock,USD,stress_response,Stress-period average return,negative,0.001858,medium,-0.001858,avg_stress_ret_krw,위기구간에서 플러스 성과,위기구간에서 마이너스 성과,ai_capex_proxy|rate_proxy|semiconductor_proxy|usd_exposure,avg_stress_ret_krw=-0.001858
MA,us_stock,USD,market_beta_sp500,S&P500 beta,positive,1.094181,high,1.094181,beta_sp500_1y_krw,SPY와 같은 방향,SPY와 반대 방향,defensive_proxy|rate_proxy|usd_exposure,beta_sp500_1y_krw=1.094181
MA,us_stock,USD,downside_beta_sp500,S&P500 downside beta,positive,1.062338,high,1.062338,downside_beta_sp500_1y_krw,미국 증시 하락일에 함께 하락,미국 증시 하락일에 반대로 움직임,defensive_proxy|rate_proxy|usd_exposure,downside_beta_sp500_1y_krw=1.062338
MA,us_stock,USD,corr_sp500_60d,S&P500 60d correlation,positive,0.477888,medium,0.477888,corr_sp500_60d_krw,SPY와 같은 방향,SPY와 반대 방향,defensive_proxy|rate_proxy|usd_exposure,corr_sp500_60d_krw=0.477888
MA,us_stock,USD,corr_kospi200_60d,KOSPI200 60d correlation,negative,0.148703,low,-0.148703,corr_kospi200_60d_krw,KOSPI200과 같은 방향,KOSPI200과 반대 방향,defensive_proxy|rate_proxy|usd_exposure,corr_kospi200_60d_krw=-0.148703
MA,us_stock,USD,stress_response,Stress-period average return,neutral,0.000256,low,0.000256,avg_stress_ret_krw,위기구간에서 플러스 성과,위기구간에서 마이너스 성과,defensive_proxy|rate_proxy|usd_exposure,avg_stress_ret_krw=0.000256
META,us_stock,USD,market_beta_sp500,S&P500 beta,positive,1.205978,high,1.205978,beta_sp500_1y_krw,SPY와 같은 방향,SPY와 반대 방향,ai_capex_proxy|defensive_proxy|rate_proxy|usd_exposure,beta_sp500_1y_krw=1.205978
META,us_stock,USD,downside_beta_sp500,S&P500 downside beta,positive,1.234015,high,1.234015,downside_beta_sp500_1y_krw,미국 증시 하락일에 함께 하락,미국 증시 하락일에 반대로 움직임,ai_capex_proxy|defensive_proxy|rate_proxy|usd_exposure,downside_beta_sp500_1y_krw=1.234015
META,us_stock,USD,corr_sp500_60d,S&P500 60d correlation,positive,0.576423,medium,0.576423,corr_sp500_60d_krw,SPY와 같은 방향,SPY와 반대 방향,ai_capex_proxy|defensive_proxy|rate_proxy|usd_exposure,corr_sp500_60d_krw=0.576423
META,us_stock,USD,corr_kospi200_60d,KOSPI200 60d correlation,neutral,0.064543,low,0.064543,corr_kospi200_60d_krw,KOSPI200과 같은 방향,KOSPI200과 반대 방향,ai_capex_proxy|defensive_proxy|rate_proxy|usd_exposure,corr_kospi200_60d_krw=0.064543
META,us_stock,USD,stress_response,Stress-period average return,negative,0.002534,medium,-0.002534,avg_stress_ret_krw,위기구간에서 플러스 성과,위기구간에서 마이너스 성과,ai_capex_proxy|defensive_proxy|rate_proxy|usd_exposure,avg_stress_ret_krw=-0.002534
MRK,us_stock,USD,market_beta_sp500,S&P500 beta,positive,0.746835,medium,0.746835,beta_sp500_1y_krw,SPY와 같은 방향,SPY와 반대 방향,defensive_proxy|rate_proxy|usd_exposure,beta_sp500_1y_krw=0.746835
MRK,us_stock,USD,downside_beta_sp500,S&P500 downside beta,positive,0.735904,medium,0.735904,downside_beta_sp500_1y_krw,미국 증시 하락일에 함께 하락,미국 증시 하락일에 반대로 움직임,defensive_proxy|rate_proxy|usd_exposure,downside_beta_sp500_1y_krw=0.735904
MRK,us_stock,USD,corr_sp500_60d,S&P500 60d correlation,positive,0.352775,medium,0.352775,corr_sp500_60d_krw,SPY와 같은 방향,SPY와 반대 방향,defensive_proxy|rate_proxy|usd_exposure,corr_sp500_60d_krw=0.352775
MRK,us_stock,USD,corr_kospi200_60d,KOSPI200 60d correlation,negative,0.105315,low,-0.105315,corr_kospi200_60d_krw,KOSPI200과 같은 방향,KOSPI200과 반대 방향,defensive_proxy|rate_proxy|usd_exposure,corr_kospi200_60d_krw=-0.105315
MRK,us_stock,USD,stress_response,Stress-period average return,negative,0.00214,medium,-0.00214,avg_stress_ret_krw,위기구간에서 플러스 성과,위기구간에서 마이너스 성과,defensive_proxy|rate_proxy|usd_exposure,avg_stress_ret_krw=-0.00214
MS,us_stock,USD,market_beta_sp500,S&P500 beta,positive,1.549904,high,1.549904,beta_sp500_1y_krw,SPY와 같은 방향,SPY와 반대 방향,credit_proxy|defensive_proxy|korea_financial_proxy|rate_proxy|usd_exposure,beta_sp500_1y_krw=1.549904
MS,us_stock,USD,downside_beta_sp500,S&P500 downside beta,positive,1.548153,high,1.548153,downside_beta_sp500_1y_krw,미국 증시 하락일에 함께 하락,미국 증시 하락일에 반대로 움직임,credit_proxy|defensive_proxy|korea_financial_proxy|rate_proxy|usd_exposure,downside_beta_sp500_1y_krw=1.548153
MS,us_stock,USD,corr_sp500_60d,S&P500 60d correlation,positive,0.540154,medium,0.540154,corr_sp500_60d_krw,SPY와 같은 방향,SPY와 반대 방향,credit_proxy|defensive_proxy|korea_financial_proxy|rate_proxy|usd_exposure,corr_sp500_60d_krw=0.540154
MS,us_stock,USD,corr_kospi200_60d,KOSPI200 60d correlation,neutral,0.034536,low,0.034536,corr_kospi200_60d_krw,KOSPI200과 같은 방향,KOSPI200과 반대 방향,credit_proxy|defensive_proxy|korea_financial_proxy|rate_proxy|usd_exposure,corr_kospi200_60d_krw=0.034536
MS,us_stock,USD,stress_response,Stress-period average return,neutral,7.9e-05,low,7.9e-05,avg_stress_ret_krw,위기구간에서 플러스 성과,위기구간에서 마이너스 성과,credit_proxy|defensive_proxy|korea_financial_proxy|rate_proxy|usd_exposure,avg_stress_ret_krw=7.9e-05
MSFT,us_stock,USD,market_beta_sp500,S&P500 beta,positive,1.051409,high,1.051409,beta_sp500_1y_krw,SPY와 같은 방향,SPY와 반대 방향,ai_capex_proxy|defensive_proxy|rate_proxy|usd_exposure,beta_sp500_1y_krw=1.051409
MSFT,us_stock,USD,downside_beta_sp500,S&P500 downside beta,positive,1.037848,high,1.037848,downside_beta_sp500_1y_krw,미국 증시 하락일에 함께 하락,미국 증시 하락일에 반대로 움직임,ai_capex_proxy|defensive_proxy|rate_proxy|usd_exposure,downside_beta_sp500_1y_krw=1.037848
MSFT,us_stock,USD,corr_sp500_60d,S&P500 60d correlation,positive,0.493088,medium,0.493088,corr_sp500_60d_krw,SPY와 같은 방향,SPY와 반대 방향,ai_capex_proxy|defensive_proxy|rate_proxy|usd_exposure,corr_sp500_60d_krw=0.493088
MSFT,us_stock,USD,corr_kospi200_60d,KOSPI200 60d correlation,neutral,0.086073,low,-0.086073,corr_kospi200_60d_krw,KOSPI200과 같은 방향,KOSPI200과 반대 방향,ai_capex_proxy|defensive_proxy|rate_proxy|usd_exposure,corr_kospi200_60d_krw=-0.086073
MSFT,us_stock,USD,stress_response,Stress-period average return,negative,0.002233,medium,-0.002233,avg_stress_ret_krw,위기구간에서 플러스 성과,위기구간에서 마이너스 성과,ai_capex_proxy|defensive_proxy|rate_proxy|usd_exposure,avg_stress_ret_krw=-0.002233
MTUM,equity_etf,USD,market_beta_sp500,S&P500 beta,positive,1.040415,high,1.040415,beta_sp500_1y_krw,SPY와 같은 방향,SPY와 반대 방향,ai_capex_proxy|defensive_proxy|rate_proxy|usd_exposure,beta_sp500_1y_krw=1.040415
MTUM,equity_etf,USD,downside_beta_sp500,S&P500 downside beta,positive,1.03093,high,1.03093,downside_beta_sp500_1y_krw,미국 증시 하락일에 함께 하락,미국 증시 하락일에 반대로 움직임,ai_capex_proxy|defensive_proxy|rate_proxy|usd_exposure,downside_beta_sp500_1y_krw=1.03093
MTUM,equity_etf,USD,corr_sp500_60d,S&P500 60d correlation,positive,0.808406,high,0.808406,corr_sp500_60d_krw,SPY와 같은 방향,SPY와 반대 방향,ai_capex_proxy|defensive_proxy|rate_proxy|usd_exposure,corr_sp500_60d_krw=0.808406
MTUM,equity_etf,USD,corr_kospi200_60d,KOSPI200 60d correlation,neutral,0.049689,low,0.049689,corr_kospi200_60d_krw,KOSPI200과 같은 방향,KOSPI200과 반대 방향,ai_capex_proxy|defensive_proxy|rate_proxy|usd_exposure,corr_kospi200_60d_krw=0.049689
MTUM,equity_etf,USD,stress_response,Stress-period average return,negative,0.000555,low,-0.000555,avg_stress_ret_krw,위기구간에서 플러스 성과,위기구간에서 마이너스 성과,ai_capex_proxy|defensive_proxy|rate_proxy|usd_exposure,avg_stress_ret_krw=-0.000555
MU,us_stock,USD,market_beta_sp500,S&P500 beta,positive,1.451785,high,1.451785,beta_sp500_1y_krw,SPY와 같은 방향,SPY와 반대 방향,ai_capex_proxy|defensive_proxy|semiconductor_proxy|usd_exposure,beta_sp500_1y_krw=1.451785
MU,us_stock,USD,downside_beta_sp500,S&P500 downside beta,positive,1.376766,high,1.376766,downside_beta_sp500_1y_krw,미국 증시 하락일에 함께 하락,미국 증시 하락일에 반대로 움직임,ai_capex_proxy|defensive_proxy|semiconductor_proxy|usd_exposure,downside_beta_sp500_1y_krw=1.376766
MU,us_stock,USD,corr_sp500_60d,S&P500 60d correlation,positive,0.370033,medium,0.370033,corr_sp500_60d_krw,SPY와 같은 방향,SPY와 반대 방향,ai_capex_proxy|defensive_proxy|semiconductor_proxy|usd_exposure,corr_sp500_60d_krw=0.370033
MU,us_stock,USD,corr_kospi200_60d,KOSPI200 60d correlation,positive,0.405066,medium,0.405066,corr_kospi200_60d_krw,KOSPI200과 같은 방향,KOSPI200과 반대 방향,ai_capex_proxy|defensive_proxy|semiconductor_proxy|usd_exposure,corr_kospi200_60d_krw=0.405066
MU,us_stock,USD,stress_response,Stress-period average return,negative,0.003482,high,-0.003482,avg_stress_ret_krw,위기구간에서 플러스 성과,위기구간에서 마이너스 성과,ai_capex_proxy|defensive_proxy|semiconductor_proxy|usd_exposure,avg_stress_ret_krw=-0.003482
NFLX,us_stock,USD,market_beta_sp500,S&P500 beta,positive,0.984566,medium,0.984566,beta_sp500_1y_krw,SPY와 같은 방향,SPY와 반대 방향,ai_capex_proxy|defensive_proxy|rate_proxy|usd_exposure,beta_sp500_1y_krw=0.984566
NFLX,us_stock,USD,downside_beta_sp500,S&P500 downside beta,positive,0.962741,medium,0.962741,downside_beta_sp500_1y_krw,미국 증시 하락일에 함께 하락,미국 증시 하락일에 반대로 움직임,ai_capex_proxy|defensive_proxy|rate_proxy|usd_exposure,downside_beta_sp500_1y_krw=0.962741
NFLX,us_stock,USD,corr_sp500_60d,S&P500 60d correlation,positive,0.165422,low,0.165422,corr_sp500_60d_krw,SPY와 같은 방향,SPY와 반대 방향,ai_capex_proxy|defensive_proxy|rate_proxy|usd_exposure,corr_sp500_60d_krw=0.165422
NFLX,us_stock,USD,corr_kospi200_60d,KOSPI200 60d correlation,negative,0.198754,low,-0.198754,corr_kospi200_60d_krw,KOSPI200과 같은 방향,KOSPI200과 반대 방향,ai_capex_proxy|defensive_proxy|rate_proxy|usd_exposure,corr_kospi200_60d_krw=-0.198754
NFLX,us_stock,USD,stress_response,Stress-period average return,positive,0.001838,medium,0.001838,avg_stress_ret_krw,위기구간에서 플러스 성과,위기구간에서 마이너스 성과,ai_capex_proxy|defensive_proxy|rate_proxy|usd_exposure,avg_stress_ret_krw=0.001838
NOBL,equity_etf,USD,market_beta_sp500,S&P500 beta,positive,0.846679,medium,0.846679,beta_sp500_1y_krw,SPY와 같은 방향,SPY와 반대 방향,defensive_proxy|rate_proxy|usd_exposure,beta_sp500_1y_krw=0.846679
NOBL,equity_etf,USD,downside_beta_sp500,S&P500 downside beta,positive,0.840964,medium,0.840964,downside_beta_sp500_1y_krw,미국 증시 하락일에 함께 하락,미국 증시 하락일에 반대로 움직임,defensive_proxy|rate_proxy|usd_exposure,downside_beta_sp500_1y_krw=0.840964
NOBL,equity_etf,USD,corr_sp500_60d,S&P500 60d correlation,positive,0.134633,low,0.134633,corr_sp500_60d_krw,SPY와 같은 방향,SPY와 반대 방향,defensive_proxy|rate_proxy|usd_exposure,corr_sp500_60d_krw=0.134633
NOBL,equity_etf,USD,corr_kospi200_60d,KOSPI200 60d correlation,neutral,0.009266,low,0.009266,corr_kospi200_60d_krw,KOSPI200과 같은 방향,KOSPI200과 반대 방향,defensive_proxy|rate_proxy|usd_exposure,corr_kospi200_60d_krw=0.009266
NOBL,equity_etf,USD,stress_response,Stress-period average return,negative,0.001728,medium,-0.001728,avg_stress_ret_krw,위기구간에서 플러스 성과,위기구간에서 마이너스 성과,defensive_proxy|rate_proxy|usd_exposure,avg_stress_ret_krw=-0.001728
NVDA,us_stock,USD,market_beta_sp500,S&P500 beta,positive,1.441192,high,1.441192,beta_sp500_1y_krw,SPY와 같은 방향,SPY와 반대 방향,ai_capex_proxy|rate_proxy|semiconductor_proxy|usd_exposure,beta_sp500_1y_krw=1.441192
NVDA,us_stock,USD,downside_beta_sp500,S&P500 downside beta,positive,1.370345,high,1.370345,downside_beta_sp500_1y_krw,미국 증시 하락일에 함께 하락,미국 증시 하락일에 반대로 움직임,ai_capex_proxy|rate_proxy|semiconductor_proxy|usd_exposure,downside_beta_sp500_1y_krw=1.370345
NVDA,us_stock,USD,corr_sp500_60d,S&P500 60d correlation,positive,0.63918,high,0.63918,corr_sp500_60d_krw,SPY와 같은 방향,SPY와 반대 방향,ai_capex_proxy|rate_proxy|semiconductor_proxy|usd_exposure,corr_sp500_60d_krw=0.63918
NVDA,us_stock,USD,corr_kospi200_60d,KOSPI200 60d correlation,positive,0.136084,low,0.136084,corr_kospi200_60d_krw,KOSPI200과 같은 방향,KOSPI200과 반대 방향,ai_capex_proxy|rate_proxy|semiconductor_proxy|usd_exposure,corr_kospi200_60d_krw=0.136084
NVDA,us_stock,USD,stress_response,Stress-period average return,negative,0.0007,low,-0.0007,avg_stress_ret_krw,위기구간에서 플러스 성과,위기구간에서 마이너스 성과,ai_capex_proxy|rate_proxy|semiconductor_proxy|usd_exposure,avg_stress_ret_krw=-0.0007
ORCL,us_stock,USD,market_beta_sp500,S&P500 beta,positive,1.009797,high,1.009797,beta_sp500_1y_krw,SPY와 같은 방향,SPY와 반대 방향,ai_capex_proxy|defensive_proxy|rate_proxy|usd_exposure,beta_sp500_1y_krw=1.009797
ORCL,us_stock,USD,downside_beta_sp500,S&P500 downside beta,positive,0.925312,medium,0.925312,downside_beta_sp500_1y_krw,미국 증시 하락일에 함께 하락,미국 증시 하락일에 반대로 움직임,ai_capex_proxy|defensive_proxy|rate_proxy|usd_exposure,downside_beta_sp500_1y_krw=0.925312
ORCL,us_stock,USD,corr_sp500_60d,S&P500 60d correlation,positive,0.447315,medium,0.447315,corr_sp500_60d_krw,SPY와 같은 방향,SPY와 반대 방향,ai_capex_proxy|defensive_proxy|rate_proxy|usd_exposure,corr_sp500_60d_krw=0.447315
ORCL,us_stock,USD,corr_kospi200_60d,KOSPI200 60d correlation,neutral,0.089934,low,0.089934,corr_kospi200_60d_krw,KOSPI200과 같은 방향,KOSPI200과 반대 방향,ai_capex_proxy|defensive_proxy|rate_proxy|usd_exposure,corr_kospi200_60d_krw=0.089934
ORCL,us_stock,USD,stress_response,Stress-period average return,negative,0.001173,low,-0.001173,avg_stress_ret_krw,위기구간에서 플러스 성과,위기구간에서 마이너스 성과,ai_capex_proxy|defensive_proxy|rate_proxy|usd_exposure,avg_stress_ret_krw=-0.001173
PDBC,commodity_etf,USD,market_beta_sp500,S&P500 beta,positive,0.40271,medium,0.40271,beta_sp500_1y_krw,SPY와 같은 방향,SPY와 반대 방향,geopolitical_proxy|inflation_proxy|usd_exposure,beta_sp500_1y_krw=0.40271
PDBC,commodity_etf,USD,downside_beta_sp500,S&P500 downside beta,positive,0.519992,medium,0.519992,downside_beta_sp500_1y_krw,미국 증시 하락일에 함께 하락,미국 증시 하락일에 반대로 움직임,geopolitical_proxy|inflation_proxy|usd_exposure,downside_beta_sp500_1y_krw=0.519992
PDBC,commodity_etf,USD,corr_sp500_60d,S&P500 60d correlation,neutral,0.094406,low,-0.094406,corr_sp500_60d_krw,SPY와 같은 방향,SPY와 반대 방향,geopolitical_proxy|inflation_proxy|usd_exposure,corr_sp500_60d_krw=-0.094406
PDBC,commodity_etf,USD,corr_kospi200_60d,KOSPI200 60d correlation,neutral,0.093813,low,-0.093813,corr_kospi200_60d_krw,KOSPI200과 같은 방향,KOSPI200과 반대 방향,geopolitical_proxy|inflation_proxy|usd_exposure,corr_kospi200_60d_krw=-0.093813
PDBC,commodity_etf,USD,stress_response,Stress-period average return,negative,0.002801,medium,-0.002801,avg_stress_ret_krw,위기구간에서 플러스 성과,위기구간에서 마이너스 성과,geopolitical_proxy|inflation_proxy|usd_exposure,avg_stress_ret_krw=-0.002801
PFE,us_stock,USD,market_beta_sp500,S&P500 beta,positive,0.767797,medium,0.767797,beta_sp500_1y_krw,SPY와 같은 방향,SPY와 반대 방향,defensive_proxy|rate_proxy|usd_exposure,beta_sp500_1y_krw=0.767797
PFE,us_stock,USD,downside_beta_sp500,S&P500 downside beta,positive,0.767799,medium,0.767799,downside_beta_sp500_1y_krw,미국 증시 하락일에 함께 하락,미국 증시 하락일에 반대로 움직임,defensive_proxy|rate_proxy|usd_exposure,downside_beta_sp500_1y_krw=0.767799
PFE,us_stock,USD,corr_sp500_60d,S&P500 60d correlation,positive,0.479001,medium,0.479001,corr_sp500_60d_krw,SPY와 같은 방향,SPY와 반대 방향,defensive_proxy|rate_proxy|usd_exposure,corr_sp500_60d_krw=0.479001
PFE,us_stock,USD,corr_kospi200_60d,KOSPI200 60d correlation,neutral,0.005194,low,-0.005194,corr_kospi200_60d_krw,KOSPI200과 같은 방향,KOSPI200과 반대 방향,defensive_proxy|rate_proxy|usd_exposure,corr_kospi200_60d_krw=-0.005194
PFE,us_stock,USD,stress_response,Stress-period average return,neutral,0.000488,low,-0.000488,avg_stress_ret_krw,위기구간에서 플러스 성과,위기구간에서 마이너스 성과,defensive_proxy|rate_proxy|usd_exposure,avg_stress_ret_krw=-0.000488
PG,us_stock,USD,market_beta_sp500,S&P500 beta,positive,0.659671,medium,0.659671,beta_sp500_1y_krw,SPY와 같은 방향,SPY와 반대 방향,defensive_proxy|rate_proxy|usd_exposure,beta_sp500_1y_krw=0.659671
PG,us_stock,USD,downside_beta_sp500,S&P500 downside beta,positive,0.649528,medium,0.649528,downside_beta_sp500_1y_krw,미국 증시 하락일에 함께 하락,미국 증시 하락일에 반대로 움직임,defensive_proxy|rate_proxy|usd_exposure,downside_beta_sp500_1y_krw=0.649528
PG,us_stock,USD,corr_sp500_60d,S&P500 60d correlation,positive,0.450212,medium,0.450212,corr_sp500_60d_krw,SPY와 같은 방향,SPY와 반대 방향,defensive_proxy|rate_proxy|usd_exposure,corr_sp500_60d_krw=0.450212
PG,us_stock,USD,corr_kospi200_60d,KOSPI200 60d correlation,negative,0.157629,low,-0.157629,corr_kospi200_60d_krw,KOSPI200과 같은 방향,KOSPI200과 반대 방향,defensive_proxy|rate_proxy|usd_exposure,corr_kospi200_60d_krw=-0.157629
PG,us_stock,USD,stress_response,Stress-period average return,negative,0.001366,low,-0.001366,avg_stress_ret_krw,위기구간에서 플러스 성과,위기구간에서 마이너스 성과,defensive_proxy|rate_proxy|usd_exposure,avg_stress_ret_krw=-0.001366
PPA,equity_etf,USD,market_beta_sp500,S&P500 beta,positive,0.938277,medium,0.938277,beta_sp500_1y_krw,SPY와 같은 방향,SPY와 반대 방향,geopolitical_proxy|usd_exposure,beta_sp500_1y_krw=0.938277
PPA,equity_etf,USD,downside_beta_sp500,S&P500 downside beta,positive,0.973018,medium,0.973018,downside_beta_sp500_1y_krw,미국 증시 하락일에 함께 하락,미국 증시 하락일에 반대로 움직임,geopolitical_proxy|usd_exposure,downside_beta_sp500_1y_krw=0.973018
PPA,equity_etf,USD,corr_sp500_60d,S&P500 60d correlation,positive,0.698949,high,0.698949,corr_sp500_60d_krw,SPY와 같은 방향,SPY와 반대 방향,geopolitical_proxy|usd_exposure,corr_sp500_60d_krw=0.698949
PPA,equity_etf,USD,corr_kospi200_60d,KOSPI200 60d correlation,neutral,0.08438,low,0.08438,corr_kospi200_60d_krw,KOSPI200과 같은 방향,KOSPI200과 반대 방향,geopolitical_proxy|usd_exposure,corr_kospi200_60d_krw=0.08438
PPA,equity_etf,USD,stress_response,Stress-period average return,negative,0.002299,medium,-0.002299,avg_stress_ret_krw,위기구간에서 플러스 성과,위기구간에서 마이너스 성과,geopolitical_proxy|usd_exposure,avg_stress_ret_krw=-0.002299
PSQ,inverse_etf,USD,market_beta_sp500,S&P500 beta,negative,0.546222,medium,-0.546222,beta_sp500_1y_krw,SPY와 같은 방향,SPY와 반대 방향,defensive_proxy|rate_proxy|semiconductor_proxy|usd_exposure,beta_sp500_1y_krw=-0.546222
PSQ,inverse_etf,USD,downside_beta_sp500,S&P500 downside beta,negative,0.586469,medium,-0.586469,downside_beta_sp500_1y_krw,미국 증시 하락일에 함께 하락,미국 증시 하락일에 반대로 움직임,defensive_proxy|rate_proxy|semiconductor_proxy|usd_exposure,downside_beta_sp500_1y_krw=-0.586469
PSQ,inverse_etf,USD,corr_sp500_60d,S&P500 60d correlation,negative,0.278081,low,-0.278081,corr_sp500_60d_krw,SPY와 같은 방향,SPY와 반대 방향,defensive_proxy|rate_proxy|semiconductor_proxy|usd_exposure,corr_sp500_60d_krw=-0.278081
PSQ,inverse_etf,USD,corr_kospi200_60d,KOSPI200 60d correlation,negative,0.231851,low,-0.231851,corr_kospi200_60d_krw,KOSPI200과 같은 방향,KOSPI200과 반대 방향,defensive_proxy|rate_proxy|semiconductor_proxy|usd_exposure,corr_kospi200_60d_krw=-0.231851
PSQ,inverse_etf,USD,stress_response,Stress-period average return,positive,0.00114,low,0.00114,avg_stress_ret_krw,위기구간에서 플러스 성과,위기구간에서 마이너스 성과,defensive_proxy|rate_proxy|semiconductor_proxy|usd_exposure,avg_stress_ret_krw=0.00114
QCOM,us_stock,USD,market_beta_sp500,S&P500 beta,positive,1.103963,high,1.103963,beta_sp500_1y_krw,SPY와 같은 방향,SPY와 반대 방향,ai_capex_proxy|geopolitical_proxy|semiconductor_proxy|usd_exposure,beta_sp500_1y_krw=1.103963
QCOM,us_stock,USD,downside_beta_sp500,S&P500 downside beta,positive,1.042543,high,1.042543,downside_beta_sp500_1y_krw,미국 증시 하락일에 함께 하락,미국 증시 하락일에 반대로 움직임,ai_capex_proxy|geopolitical_proxy|semiconductor_proxy|usd_exposure,downside_beta_sp500_1y_krw=1.042543
QCOM,us_stock,USD,corr_sp500_60d,S&P500 60d correlation,positive,0.18057,low,0.18057,corr_sp500_60d_krw,SPY와 같은 방향,SPY와 반대 방향,ai_capex_proxy|geopolitical_proxy|semiconductor_proxy|usd_exposure,corr_sp500_60d_krw=0.18057
QCOM,us_stock,USD,corr_kospi200_60d,KOSPI200 60d correlation,neutral,0.00981,low,-0.00981,corr_kospi200_60d_krw,KOSPI200과 같은 방향,KOSPI200과 반대 방향,ai_capex_proxy|geopolitical_proxy|semiconductor_proxy|usd_exposure,corr_kospi200_60d_krw=-0.00981
QCOM,us_stock,USD,stress_response,Stress-period average return,negative,0.001203,low,-0.001203,avg_stress_ret_krw,위기구간에서 플러스 성과,위기구간에서 마이너스 성과,ai_capex_proxy|geopolitical_proxy|semiconductor_proxy|usd_exposure,avg_stress_ret_krw=-0.001203
QQQ,equity_etf,USD,market_beta_sp500,S&P500 beta,positive,1.038977,high,1.038977,beta_sp500_1y_krw,SPY와 같은 방향,SPY와 반대 방향,ai_capex_proxy|rate_proxy|semiconductor_proxy|usd_exposure,beta_sp500_1y_krw=1.038977
QQQ,equity_etf,USD,downside_beta_sp500,S&P500 downside beta,positive,0.999801,medium,0.999801,downside_beta_sp500_1y_krw,미국 증시 하락일에 함께 하락,미국 증시 하락일에 반대로 움직임,ai_capex_proxy|rate_proxy|semiconductor_proxy|usd_exposure,downside_beta_sp500_1y_krw=0.999801
QQQ,equity_etf,USD,corr_sp500_60d,S&P500 60d correlation,positive,0.945275,high,0.945275,corr_sp500_60d_krw,SPY와 같은 방향,SPY와 반대 방향,ai_capex_proxy|rate_proxy|semiconductor_proxy|usd_exposure,corr_sp500_60d_krw=0.945275
QQQ,equity_etf,USD,corr_kospi200_60d,KOSPI200 60d correlation,neutral,0.052996,low,0.052996,corr_kospi200_60d_krw,KOSPI200과 같은 방향,KOSPI200과 반대 방향,ai_capex_proxy|rate_proxy|semiconductor_proxy|usd_exposure,corr_kospi200_60d_krw=0.052996
QQQ,equity_etf,USD,stress_response,Stress-period average return,negative,0.001386,low,-0.001386,avg_stress_ret_krw,위기구간에서 플러스 성과,위기구간에서 마이너스 성과,ai_capex_proxy|rate_proxy|semiconductor_proxy|usd_exposure,avg_stress_ret_krw=-0.001386
QUAL,equity_etf,USD,market_beta_sp500,S&P500 beta,positive,0.993312,medium,0.993312,beta_sp500_1y_krw,SPY와 같은 방향,SPY와 반대 방향,defensive_proxy|rate_proxy|usd_exposure,beta_sp500_1y_krw=0.993312
QUAL,equity_etf,USD,downside_beta_sp500,S&P500 downside beta,positive,0.975391,medium,0.975391,downside_beta_sp500_1y_krw,미국 증시 하락일에 함께 하락,미국 증시 하락일에 반대로 움직임,defensive_proxy|rate_proxy|usd_exposure,downside_beta_sp500_1y_krw=0.975391
QUAL,equity_etf,USD,corr_sp500_60d,S&P500 60d correlation,positive,0.978532,high,0.978532,corr_sp500_60d_krw,SPY와 같은 방향,SPY와 반대 방향,defensive_proxy|rate_proxy|usd_exposure,corr_sp500_60d_krw=0.978532
QUAL,equity_etf,USD,corr_kospi200_60d,KOSPI200 60d correlation,negative,0.17049,low,-0.17049,corr_kospi200_60d_krw,KOSPI200과 같은 방향,KOSPI200과 반대 방향,defensive_proxy|rate_proxy|usd_exposure,corr_kospi200_60d_krw=-0.17049
QUAL,equity_etf,USD,stress_response,Stress-period average return,negative,0.001361,low,-0.001361,avg_stress_ret_krw,위기구간에서 플러스 성과,위기구간에서 마이너스 성과,defensive_proxy|rate_proxy|usd_exposure,avg_stress_ret_krw=-0.001361
RSP,equity_etf,USD,market_beta_sp500,S&P500 beta,positive,1.012633,high,1.012633,beta_sp500_1y_krw,SPY와 같은 방향,SPY와 반대 방향,defensive_proxy|rate_proxy|usd_exposure,beta_sp500_1y_krw=1.012633
RSP,equity_etf,USD,downside_beta_sp500,S&P500 downside beta,positive,1.021959,high,1.021959,downside_beta_sp500_1y_krw,미국 증시 하락일에 함께 하락,미국 증시 하락일에 반대로 움직임,defensive_proxy|rate_proxy|usd_exposure,downside_beta_sp500_1y_krw=1.021959
RSP,equity_etf,USD,corr_sp500_60d,S&P500 60d correlation,positive,0.903261,high,0.903261,corr_sp500_60d_krw,SPY와 같은 방향,SPY와 반대 방향,defensive_proxy|rate_proxy|usd_exposure,corr_sp500_60d_krw=0.903261
RSP,equity_etf,USD,corr_kospi200_60d,KOSPI200 60d correlation,negative,0.13458,low,-0.13458,corr_kospi200_60d_krw,KOSPI200과 같은 방향,KOSPI200과 반대 방향,defensive_proxy|rate_proxy|usd_exposure,corr_kospi200_60d_krw=-0.13458
RSP,equity_etf,USD,stress_response,Stress-period average return,negative,0.001726,medium,-0.001726,avg_stress_ret_krw,위기구간에서 플러스 성과,위기구간에서 마이너스 성과,defensive_proxy|rate_proxy|usd_exposure,avg_stress_ret_krw=-0.001726
SCHD,equity_etf,USD,market_beta_sp500,S&P500 beta,positive,0.864684,medium,0.864684,beta_sp500_1y_krw,SPY와 같은 방향,SPY와 반대 방향,defensive_proxy|rate_proxy|usd_exposure,beta_sp500_1y_krw=0.864684
SCHD,equity_etf,USD,downside_beta_sp500,S&P500 downside beta,positive,0.864187,medium,0.864187,downside_beta_sp500_1y_krw,미국 증시 하락일에 함께 하락,미국 증시 하락일에 반대로 움직임,defensive_proxy|rate_proxy|usd_exposure,downside_beta_sp500_1y_krw=0.864187
SCHD,equity_etf,USD,corr_sp500_60d,S&P500 60d correlation,positive,0.582087,medium,0.582087,corr_sp500_60d_krw,SPY와 같은 방향,SPY와 반대 방향,defensive_proxy|rate_proxy|usd_exposure,corr_sp500_60d_krw=0.582087
SCHD,equity_etf,USD,corr_kospi200_60d,KOSPI200 60d correlation,negative,0.290695,low,-0.290695,corr_kospi200_60d_krw,KOSPI200과 같은 방향,KOSPI200과 반대 방향,defensive_proxy|rate_proxy|usd_exposure,corr_kospi200_60d_krw=-0.290695
SCHD,equity_etf,USD,stress_response,Stress-period average return,negative,0.001156,low,-0.001156,avg_stress_ret_krw,위기구간에서 플러스 성과,위기구간에서 마이너스 성과,defensive_proxy|rate_proxy|usd_exposure,avg_stress_ret_krw=-0.001156
SGOV,bond_etf,USD,market_beta_sp500,S&P500 beta,positive,0.19114,low,0.19114,beta_sp500_1y_krw,SPY와 같은 방향,SPY와 반대 방향,defensive_proxy|rate_proxy|usd_exposure,beta_sp500_1y_krw=0.19114
SGOV,bond_etf,USD,downside_beta_sp500,S&P500 downside beta,positive,0.169954,low,0.169954,downside_beta_sp500_1y_krw,미국 증시 하락일에 함께 하락,미국 증시 하락일에 반대로 움직임,defensive_proxy|rate_proxy|usd_exposure,downside_beta_sp500_1y_krw=0.169954
SGOV,bond_etf,USD,corr_sp500_60d,S&P500 60d correlation,positive,0.530488,medium,0.530488,corr_sp500_60d_krw,SPY와 같은 방향,SPY와 반대 방향,defensive_proxy|rate_proxy|usd_exposure,corr_sp500_60d_krw=0.530488
SGOV,bond_etf,USD,corr_kospi200_60d,KOSPI200 60d correlation,negative,0.264782,low,-0.264782,corr_kospi200_60d_krw,KOSPI200과 같은 방향,KOSPI200과 반대 방향,defensive_proxy|rate_proxy|usd_exposure,corr_kospi200_60d_krw=-0.264782
SGOV,bond_etf,USD,stress_response,Stress-period average return,neutral,0.000444,low,0.000444,avg_stress_ret_krw,위기구간에서 플러스 성과,위기구간에서 마이너스 성과,defensive_proxy|rate_proxy|usd_exposure,avg_stress_ret_krw=0.000444
SH,inverse_etf,USD,market_beta_sp500,S&P500 beta,negative,0.508382,medium,-0.508382,beta_sp500_1y_krw,SPY와 같은 방향,SPY와 반대 방향,defensive_proxy|rate_proxy|semiconductor_proxy|usd_exposure,beta_sp500_1y_krw=-0.508382
SH,inverse_etf,USD,downside_beta_sp500,S&P500 downside beta,negative,0.587169,medium,-0.587169,downside_beta_sp500_1y_krw,미국 증시 하락일에 함께 하락,미국 증시 하락일에 반대로 움직임,defensive_proxy|rate_proxy|semiconductor_proxy|usd_exposure,downside_beta_sp500_1y_krw=-0.587169
SH,inverse_etf,USD,corr_sp500_60d,S&P500 60d correlation,negative,0.192165,low,-0.192165,corr_sp500_60d_krw,SPY와 같은 방향,SPY와 반대 방향,defensive_proxy|rate_proxy|semiconductor_proxy|usd_exposure,corr_sp500_60d_krw=-0.192165
SH,inverse_etf,USD,corr_kospi200_60d,KOSPI200 60d correlation,negative,0.197598,low,-0.197598,corr_kospi200_60d_krw,KOSPI200과 같은 방향,KOSPI200과 반대 방향,defensive_proxy|rate_proxy|semiconductor_proxy|usd_exposure,corr_kospi200_60d_krw=-0.197598
SH,inverse_etf,USD,stress_response,Stress-period average return,positive,0.001278,low,0.001278,avg_stress_ret_krw,위기구간에서 플러스 성과,위기구간에서 마이너스 성과,defensive_proxy|rate_proxy|semiconductor_proxy|usd_exposure,avg_stress_ret_krw=0.001278
SHV,bond_etf,USD,market_beta_sp500,S&P500 beta,positive,0.243182,low,0.243182,beta_sp500_1y_krw,SPY와 같은 방향,SPY와 반대 방향,defensive_proxy|rate_proxy|usd_exposure,beta_sp500_1y_krw=0.243182
SHV,bond_etf,USD,downside_beta_sp500,S&P500 downside beta,positive,0.204882,low,0.204882,downside_beta_sp500_1y_krw,미국 증시 하락일에 함께 하락,미국 증시 하락일에 반대로 움직임,defensive_proxy|rate_proxy|usd_exposure,downside_beta_sp500_1y_krw=0.204882
SHV,bond_etf,USD,corr_sp500_60d,S&P500 60d correlation,positive,0.50791,medium,0.50791,corr_sp500_60d_krw,SPY와 같은 방향,SPY와 반대 방향,defensive_proxy|rate_proxy|usd_exposure,corr_sp500_60d_krw=0.50791
SHV,bond_etf,USD,corr_kospi200_60d,KOSPI200 60d correlation,negative,0.200351,low,-0.200351,corr_kospi200_60d_krw,KOSPI200과 같은 방향,KOSPI200과 반대 방향,defensive_proxy|rate_proxy|usd_exposure,corr_kospi200_60d_krw=-0.200351
SHV,bond_etf,USD,stress_response,Stress-period average return,neutral,7.6e-05,low,-7.6e-05,avg_stress_ret_krw,위기구간에서 플러스 성과,위기구간에서 마이너스 성과,defensive_proxy|rate_proxy|usd_exposure,avg_stress_ret_krw=-7.6e-05
SHY,bond_etf,USD,market_beta_sp500,S&P500 beta,positive,0.230569,low,0.230569,beta_sp500_1y_krw,SPY와 같은 방향,SPY와 반대 방향,defensive_proxy|rate_proxy|usd_exposure,beta_sp500_1y_krw=0.230569
SHY,bond_etf,USD,downside_beta_sp500,S&P500 downside beta,positive,0.188915,low,0.188915,downside_beta_sp500_1y_krw,미국 증시 하락일에 함께 하락,미국 증시 하락일에 반대로 움직임,defensive_proxy|rate_proxy|usd_exposure,downside_beta_sp500_1y_krw=0.188915
SHY,bond_etf,USD,corr_sp500_60d,S&P500 60d correlation,positive,0.574263,medium,0.574263,corr_sp500_60d_krw,SPY와 같은 방향,SPY와 반대 방향,defensive_proxy|rate_proxy|usd_exposure,corr_sp500_60d_krw=0.574263
SHY,bond_etf,USD,corr_kospi200_60d,KOSPI200 60d correlation,negative,0.214996,low,-0.214996,corr_kospi200_60d_krw,KOSPI200과 같은 방향,KOSPI200과 반대 방향,defensive_proxy|rate_proxy|usd_exposure,corr_kospi200_60d_krw=-0.214996
SHY,bond_etf,USD,stress_response,Stress-period average return,neutral,1.1e-05,low,-1.1e-05,avg_stress_ret_krw,위기구간에서 플러스 성과,위기구간에서 마이너스 성과,defensive_proxy|rate_proxy|usd_exposure,avg_stress_ret_krw=-1.1e-05
SLV,commodity_etf,USD,market_beta_sp500,S&P500 beta,positive,0.481664,medium,0.481664,beta_sp500_1y_krw,SPY와 같은 방향,SPY와 반대 방향,geopolitical_proxy|inflation_proxy|usd_exposure,beta_sp500_1y_krw=0.481664
SLV,commodity_etf,USD,downside_beta_sp500,S&P500 downside beta,positive,0.587307,medium,0.587307,downside_beta_sp500_1y_krw,미국 증시 하락일에 함께 하락,미국 증시 하락일에 반대로 움직임,geopolitical_proxy|inflation_proxy|usd_exposure,downside_beta_sp500_1y_krw=0.587307
SLV,commodity_etf,USD,corr_sp500_60d,S&P500 60d correlation,positive,0.561241,medium,0.561241,corr_sp500_60d_krw,SPY와 같은 방향,SPY와 반대 방향,geopolitical_proxy|inflation_proxy|usd_exposure,corr_sp500_60d_krw=0.561241
SLV,commodity_etf,USD,corr_kospi200_60d,KOSPI200 60d correlation,positive,0.140232,low,0.140232,corr_kospi200_60d_krw,KOSPI200과 같은 방향,KOSPI200과 반대 방향,geopolitical_proxy|inflation_proxy|usd_exposure,corr_kospi200_60d_krw=0.140232
SLV,commodity_etf,USD,stress_response,Stress-period average return,negative,0.002979,medium,-0.002979,avg_stress_ret_krw,위기구간에서 플러스 성과,위기구간에서 마이너스 성과,geopolitical_proxy|inflation_proxy|usd_exposure,avg_stress_ret_krw=-0.002979
SMH,equity_etf,USD,market_beta_sp500,S&P500 beta,positive,1.181609,high,1.181609,beta_sp500_1y_krw,SPY와 같은 방향,SPY와 반대 방향,ai_capex_proxy|semiconductor_proxy|usd_exposure,beta_sp500_1y_krw=1.181609
SMH,equity_etf,USD,downside_beta_sp500,S&P500 downside beta,positive,1.091191,high,1.091191,downside_beta_sp500_1y_krw,미국 증시 하락일에 함께 하락,미국 증시 하락일에 반대로 움직임,ai_capex_proxy|semiconductor_proxy|usd_exposure,downside_beta_sp500_1y_krw=1.091191
SMH,equity_etf,USD,corr_sp500_60d,S&P500 60d correlation,positive,0.707642,high,0.707642,corr_sp500_60d_krw,SPY와 같은 방향,SPY와 반대 방향,ai_capex_proxy|semiconductor_proxy|usd_exposure,corr_sp500_60d_krw=0.707642
SMH,equity_etf,USD,corr_kospi200_60d,KOSPI200 60d correlation,positive,0.170353,low,0.170353,corr_kospi200_60d_krw,KOSPI200과 같은 방향,KOSPI200과 반대 방향,ai_capex_proxy|semiconductor_proxy|usd_exposure,corr_kospi200_60d_krw=0.170353
SMH,equity_etf,USD,stress_response,Stress-period average return,negative,0.001074,low,-0.001074,avg_stress_ret_krw,위기구간에서 플러스 성과,위기구간에서 마이너스 성과,ai_capex_proxy|semiconductor_proxy|usd_exposure,avg_stress_ret_krw=-0.001074
SOL-USD,crypto,USD,market_beta_sp500,S&P500 beta,positive,1.643201,high,1.643201,beta_sp500_1y_krw,SPY와 같은 방향,SPY와 반대 방향,defensive_proxy|rate_proxy|usd_exposure,beta_sp500_1y_krw=1.643201
SOL-USD,crypto,USD,downside_beta_sp500,S&P500 downside beta,positive,1.573198,high,1.573198,downside_beta_sp500_1y_krw,미국 증시 하락일에 함께 하락,미국 증시 하락일에 반대로 움직임,defensive_proxy|rate_proxy|usd_exposure,downside_beta_sp500_1y_krw=1.573198
SOL-USD,crypto,USD,corr_sp500_60d,S&P500 60d correlation,positive,0.349485,medium,0.349485,corr_sp500_60d_krw,SPY와 같은 방향,SPY와 반대 방향,defensive_proxy|rate_proxy|usd_exposure,corr_sp500_60d_krw=0.349485
SOL-USD,crypto,USD,corr_kospi200_60d,KOSPI200 60d correlation,neutral,0.099189,low,-0.099189,corr_kospi200_60d_krw,KOSPI200과 같은 방향,KOSPI200과 반대 방향,defensive_proxy|rate_proxy|usd_exposure,corr_kospi200_60d_krw=-0.099189
SOL-USD,crypto,USD,stress_response,Stress-period average return,positive,0.011753,high,0.011753,avg_stress_ret_krw,위기구간에서 플러스 성과,위기구간에서 마이너스 성과,defensive_proxy|rate_proxy|usd_exposure,avg_stress_ret_krw=0.011753
SPLV,equity_etf,USD,market_beta_sp500,S&P500 beta,positive,0.763004,medium,0.763004,beta_sp500_1y_krw,SPY와 같은 방향,SPY와 반대 방향,defensive_proxy|rate_proxy|semiconductor_proxy|usd_exposure,beta_sp500_1y_krw=0.763004
SPLV,equity_etf,USD,downside_beta_sp500,S&P500 downside beta,positive,0.782069,medium,0.782069,downside_beta_sp500_1y_krw,미국 증시 하락일에 함께 하락,미국 증시 하락일에 반대로 움직임,defensive_proxy|rate_proxy|semiconductor_proxy|usd_exposure,downside_beta_sp500_1y_krw=0.782069
SPLV,equity_etf,USD,corr_sp500_60d,S&P500 60d correlation,positive,0.565778,medium,0.565778,corr_sp500_60d_krw,SPY와 같은 방향,SPY와 반대 방향,defensive_proxy|rate_proxy|semiconductor_proxy|usd_exposure,corr_sp500_60d_krw=0.565778
SPLV,equity_etf,USD,corr_kospi200_60d,KOSPI200 60d correlation,negative,0.27585,low,-0.27585,corr_kospi200_60d_krw,KOSPI200과 같은 방향,KOSPI200과 반대 방향,defensive_proxy|rate_proxy|semiconductor_proxy|usd_exposure,corr_kospi200_60d_krw=-0.27585
SPLV,equity_etf,USD,stress_response,Stress-period average return,negative,0.001171,low,-0.001171,avg_stress_ret_krw,위기구간에서 플러스 성과,위기구간에서 마이너스 성과,defensive_proxy|rate_proxy|semiconductor_proxy|usd_exposure,avg_stress_ret_krw=-0.001171
SPY,equity_etf,USD,market_beta_sp500,S&P500 beta,positive,1.0,high,1.0,beta_sp500_1y_krw,SPY와 같은 방향,SPY와 반대 방향,defensive_proxy|rate_proxy|usd_exposure,beta_sp500_1y_krw=1.0
SPY,equity_etf,USD,downside_beta_sp500,S&P500 downside beta,positive,1.0,high,1.0,downside_beta_sp500_1y_krw,미국 증시 하락일에 함께 하락,미국 증시 하락일에 반대로 움직임,defensive_proxy|rate_proxy|usd_exposure,downside_beta_sp500_1y_krw=1.0
SPY,equity_etf,USD,corr_sp500_60d,S&P500 60d correlation,positive,1.0,high,1.0,corr_sp500_60d_krw,SPY와 같은 방향,SPY와 반대 방향,defensive_proxy|rate_proxy|usd_exposure,corr_sp500_60d_krw=1.0
SPY,equity_etf,USD,corr_kospi200_60d,KOSPI200 60d correlation,neutral,0.038279,low,-0.038279,corr_kospi200_60d_krw,KOSPI200과 같은 방향,KOSPI200과 반대 방향,defensive_proxy|rate_proxy|usd_exposure,corr_kospi200_60d_krw=-0.038279
SPY,equity_etf,USD,stress_response,Stress-period average return,negative,0.001459,low,-0.001459,avg_stress_ret_krw,위기구간에서 플러스 성과,위기구간에서 마이너스 성과,defensive_proxy|rate_proxy|usd_exposure,avg_stress_ret_krw=-0.001459
TAIL,tail_risk_etf,USD,market_beta_sp500,S&P500 beta,negative,0.400506,medium,-0.400506,beta_sp500_1y_krw,SPY와 같은 방향,SPY와 반대 방향,defensive_proxy|geopolitical_proxy|rate_proxy|usd_exposure,beta_sp500_1y_krw=-0.400506
TAIL,tail_risk_etf,USD,downside_beta_sp500,S&P500 downside beta,negative,0.574722,medium,-0.574722,downside_beta_sp500_1y_krw,미국 증시 하락일에 함께 하락,미국 증시 하락일에 반대로 움직임,defensive_proxy|geopolitical_proxy|rate_proxy|usd_exposure,downside_beta_sp500_1y_krw=-0.574722
TAIL,tail_risk_etf,USD,corr_sp500_60d,S&P500 60d correlation,neutral,0.035632,low,0.035632,corr_sp500_60d_krw,SPY와 같은 방향,SPY와 반대 방향,defensive_proxy|geopolitical_proxy|rate_proxy|usd_exposure,corr_sp500_60d_krw=0.035632
TAIL,tail_risk_etf,USD,corr_kospi200_60d,KOSPI200 60d correlation,negative,0.188292,low,-0.188292,corr_kospi200_60d_krw,KOSPI200과 같은 방향,KOSPI200과 반대 방향,defensive_proxy|geopolitical_proxy|rate_proxy|usd_exposure,corr_kospi200_60d_krw=-0.188292
TAIL,tail_risk_etf,USD,stress_response,Stress-period average return,positive,0.001798,medium,0.001798,avg_stress_ret_krw,위기구간에서 플러스 성과,위기구간에서 마이너스 성과,defensive_proxy|geopolitical_proxy|rate_proxy|usd_exposure,avg_stress_ret_krw=0.001798
TAN,equity_etf,USD,market_beta_sp500,S&P500 beta,positive,1.256259,high,1.256259,beta_sp500_1y_krw,SPY와 같은 방향,SPY와 반대 방향,ai_capex_proxy|geopolitical_proxy|rate_proxy|usd_exposure,beta_sp500_1y_krw=1.256259
TAN,equity_etf,USD,downside_beta_sp500,S&P500 downside beta,positive,1.310207,high,1.310207,downside_beta_sp500_1y_krw,미국 증시 하락일에 함께 하락,미국 증시 하락일에 반대로 움직임,ai_capex_proxy|geopolitical_proxy|rate_proxy|usd_exposure,downside_beta_sp500_1y_krw=1.310207
TAN,equity_etf,USD,corr_sp500_60d,S&P500 60d correlation,positive,0.522642,medium,0.522642,corr_sp500_60d_krw,SPY와 같은 방향,SPY와 반대 방향,ai_capex_proxy|geopolitical_proxy|rate_proxy|usd_exposure,corr_sp500_60d_krw=0.522642
TAN,equity_etf,USD,corr_kospi200_60d,KOSPI200 60d correlation,positive,0.108445,low,0.108445,corr_kospi200_60d_krw,KOSPI200과 같은 방향,KOSPI200과 반대 방향,ai_capex_proxy|geopolitical_proxy|rate_proxy|usd_exposure,corr_kospi200_60d_krw=0.108445
TAN,equity_etf,USD,stress_response,Stress-period average return,negative,0.00554,high,-0.00554,avg_stress_ret_krw,위기구간에서 플러스 성과,위기구간에서 마이너스 성과,ai_capex_proxy|geopolitical_proxy|rate_proxy|usd_exposure,avg_stress_ret_krw=-0.00554
TIP,bond_etf,USD,market_beta_sp500,S&P500 beta,positive,0.210169,low,0.210169,beta_sp500_1y_krw,SPY와 같은 방향,SPY와 반대 방향,defensive_proxy|inflation_proxy|rate_proxy|usd_exposure,beta_sp500_1y_krw=0.210169
TIP,bond_etf,USD,downside_beta_sp500,S&P500 downside beta,positive,0.187606,low,0.187606,downside_beta_sp500_1y_krw,미국 증시 하락일에 함께 하락,미국 증시 하락일에 반대로 움직임,defensive_proxy|inflation_proxy|rate_proxy|usd_exposure,downside_beta_sp500_1y_krw=0.187606
TIP,bond_etf,USD,corr_sp500_60d,S&P500 60d correlation,positive,0.603227,high,0.603227,corr_sp500_60d_krw,SPY와 같은 방향,SPY와 반대 방향,defensive_proxy|inflation_proxy|rate_proxy|usd_exposure,corr_sp500_60d_krw=0.603227
TIP,bond_etf,USD,corr_kospi200_60d,KOSPI200 60d correlation,negative,0.222694,low,-0.222694,corr_kospi200_60d_krw,KOSPI200과 같은 방향,KOSPI200과 반대 방향,defensive_proxy|inflation_proxy|rate_proxy|usd_exposure,corr_kospi200_60d_krw=-0.222694
TIP,bond_etf,USD,stress_response,Stress-period average return,negative,0.000605,low,-0.000605,avg_stress_ret_krw,위기구간에서 플러스 성과,위기구간에서 마이너스 성과,defensive_proxy|inflation_proxy|rate_proxy|usd_exposure,avg_stress_ret_krw=-0.000605
TLT,bond_etf,USD,market_beta_sp500,S&P500 beta,neutral,0.052794,low,0.052794,beta_sp500_1y_krw,SPY와 같은 방향,SPY와 반대 방향,defensive_proxy|rate_proxy|usd_exposure,beta_sp500_1y_krw=0.052794
TLT,bond_etf,USD,downside_beta_sp500,S&P500 downside beta,neutral,0.020432,low,-0.020432,downside_beta_sp500_1y_krw,미국 증시 하락일에 함께 하락,미국 증시 하락일에 반대로 움직임,defensive_proxy|rate_proxy|usd_exposure,downside_beta_sp500_1y_krw=-0.020432
TLT,bond_etf,USD,corr_sp500_60d,S&P500 60d correlation,positive,0.699212,high,0.699212,corr_sp500_60d_krw,SPY와 같은 방향,SPY와 반대 방향,defensive_proxy|rate_proxy|usd_exposure,corr_sp500_60d_krw=0.699212
TLT,bond_etf,USD,corr_kospi200_60d,KOSPI200 60d correlation,negative,0.201474,low,-0.201474,corr_kospi200_60d_krw,KOSPI200과 같은 방향,KOSPI200과 반대 방향,defensive_proxy|rate_proxy|usd_exposure,corr_kospi200_60d_krw=-0.201474
TLT,bond_etf,USD,stress_response,Stress-period average return,positive,0.000645,low,0.000645,avg_stress_ret_krw,위기구간에서 플러스 성과,위기구간에서 마이너스 성과,defensive_proxy|rate_proxy|usd_exposure,avg_stress_ret_krw=0.000645
TSLA,us_stock,USD,market_beta_sp500,S&P500 beta,positive,1.436829,high,1.436829,beta_sp500_1y_krw,SPY와 같은 방향,SPY와 반대 방향,ai_capex_proxy|defensive_proxy|rate_proxy|usd_exposure,beta_sp500_1y_krw=1.436829
TSLA,us_stock,USD,downside_beta_sp500,S&P500 downside beta,positive,1.484307,high,1.484307,downside_beta_sp500_1y_krw,미국 증시 하락일에 함께 하락,미국 증시 하락일에 반대로 움직임,ai_capex_proxy|defensive_proxy|rate_proxy|usd_exposure,downside_beta_sp500_1y_krw=1.484307
TSLA,us_stock,USD,corr_sp500_60d,S&P500 60d correlation,positive,0.589617,medium,0.589617,corr_sp500_60d_krw,SPY와 같은 방향,SPY와 반대 방향,ai_capex_proxy|defensive_proxy|rate_proxy|usd_exposure,corr_sp500_60d_krw=0.589617
TSLA,us_stock,USD,corr_kospi200_60d,KOSPI200 60d correlation,positive,0.150155,low,0.150155,corr_kospi200_60d_krw,KOSPI200과 같은 방향,KOSPI200과 반대 방향,ai_capex_proxy|defensive_proxy|rate_proxy|usd_exposure,corr_kospi200_60d_krw=0.150155
TSLA,us_stock,USD,stress_response,Stress-period average return,negative,0.002331,medium,-0.002331,avg_stress_ret_krw,위기구간에서 플러스 성과,위기구간에서 마이너스 성과,ai_capex_proxy|defensive_proxy|rate_proxy|usd_exposure,avg_stress_ret_krw=-0.002331
TSM,us_stock,USD,market_beta_sp500,S&P500 beta,positive,1.049515,high,1.049515,beta_sp500_1y_krw,SPY와 같은 방향,SPY와 반대 방향,ai_capex_proxy|geopolitical_proxy|semiconductor_proxy|usd_exposure,beta_sp500_1y_krw=1.049515
TSM,us_stock,USD,downside_beta_sp500,S&P500 downside beta,positive,1.021377,high,1.021377,downside_beta_sp500_1y_krw,미국 증시 하락일에 함께 하락,미국 증시 하락일에 반대로 움직임,ai_capex_proxy|geopolitical_proxy|semiconductor_proxy|usd_exposure,downside_beta_sp500_1y_krw=1.021377
TSM,us_stock,USD,corr_sp500_60d,S&P500 60d correlation,positive,0.578441,medium,0.578441,corr_sp500_60d_krw,SPY와 같은 방향,SPY와 반대 방향,ai_capex_proxy|geopolitical_proxy|semiconductor_proxy|usd_exposure,corr_sp500_60d_krw=0.578441
TSM,us_stock,USD,corr_kospi200_60d,KOSPI200 60d correlation,positive,0.155663,low,0.155663,corr_kospi200_60d_krw,KOSPI200과 같은 방향,KOSPI200과 반대 방향,ai_capex_proxy|geopolitical_proxy|semiconductor_proxy|usd_exposure,corr_kospi200_60d_krw=0.155663
TSM,us_stock,USD,stress_response,Stress-period average return,negative,0.000724,low,-0.000724,avg_stress_ret_krw,위기구간에서 플러스 성과,위기구간에서 마이너스 성과,ai_capex_proxy|geopolitical_proxy|semiconductor_proxy|usd_exposure,avg_stress_ret_krw=-0.000724
UNG,commodity_etf,USD,market_beta_sp500,S&P500 beta,positive,0.397839,low,0.397839,beta_sp500_1y_krw,SPY와 같은 방향,SPY와 반대 방향,geopolitical_proxy|inflation_proxy|usd_exposure,beta_sp500_1y_krw=0.397839
UNG,commodity_etf,USD,downside_beta_sp500,S&P500 downside beta,positive,0.489534,medium,0.489534,downside_beta_sp500_1y_krw,미국 증시 하락일에 함께 하락,미국 증시 하락일에 반대로 움직임,geopolitical_proxy|inflation_proxy|usd_exposure,downside_beta_sp500_1y_krw=0.489534
UNG,commodity_etf,USD,corr_sp500_60d,S&P500 60d correlation,neutral,0.087563,low,-0.087563,corr_sp500_60d_krw,SPY와 같은 방향,SPY와 반대 방향,geopolitical_proxy|inflation_proxy|usd_exposure,corr_sp500_60d_krw=-0.087563
UNG,commodity_etf,USD,corr_kospi200_60d,KOSPI200 60d correlation,neutral,0.027478,low,0.027478,corr_kospi200_60d_krw,KOSPI200과 같은 방향,KOSPI200과 반대 방향,geopolitical_proxy|inflation_proxy|usd_exposure,corr_kospi200_60d_krw=0.027478
UNG,commodity_etf,USD,stress_response,Stress-period average return,negative,0.006396,high,-0.006396,avg_stress_ret_krw,위기구간에서 플러스 성과,위기구간에서 마이너스 성과,geopolitical_proxy|inflation_proxy|usd_exposure,avg_stress_ret_krw=-0.006396
UNH,us_stock,USD,market_beta_sp500,S&P500 beta,positive,0.895953,medium,0.895953,beta_sp500_1y_krw,SPY와 같은 방향,SPY와 반대 방향,defensive_proxy|rate_proxy|usd_exposure,beta_sp500_1y_krw=0.895953
UNH,us_stock,USD,downside_beta_sp500,S&P500 downside beta,positive,0.912808,medium,0.912808,downside_beta_sp500_1y_krw,미국 증시 하락일에 함께 하락,미국 증시 하락일에 반대로 움직임,defensive_proxy|rate_proxy|usd_exposure,downside_beta_sp500_1y_krw=0.912808
UNH,us_stock,USD,corr_sp500_60d,S&P500 60d correlation,positive,0.315377,medium,0.315377,corr_sp500_60d_krw,SPY와 같은 방향,SPY와 반대 방향,defensive_proxy|rate_proxy|usd_exposure,corr_sp500_60d_krw=0.315377
UNH,us_stock,USD,corr_kospi200_60d,KOSPI200 60d correlation,neutral,0.050831,low,-0.050831,corr_kospi200_60d_krw,KOSPI200과 같은 방향,KOSPI200과 반대 방향,defensive_proxy|rate_proxy|usd_exposure,corr_kospi200_60d_krw=-0.050831
UNH,us_stock,USD,stress_response,Stress-period average return,negative,0.002754,medium,-0.002754,avg_stress_ret_krw,위기구간에서 플러스 성과,위기구간에서 마이너스 성과,defensive_proxy|rate_proxy|usd_exposure,avg_stress_ret_krw=-0.002754
URA,equity_etf,USD,market_beta_sp500,S&P500 beta,positive,1.033785,high,1.033785,beta_sp500_1y_krw,SPY와 같은 방향,SPY와 반대 방향,geopolitical_proxy|inflation_proxy|usd_exposure,beta_sp500_1y_krw=1.033785
URA,equity_etf,USD,downside_beta_sp500,S&P500 downside beta,positive,1.071938,high,1.071938,downside_beta_sp500_1y_krw,미국 증시 하락일에 함께 하락,미국 증시 하락일에 반대로 움직임,geopolitical_proxy|inflation_proxy|usd_exposure,downside_beta_sp500_1y_krw=1.071938
URA,equity_etf,USD,corr_sp500_60d,S&P500 60d correlation,positive,0.515349,medium,0.515349,corr_sp500_60d_krw,SPY와 같은 방향,SPY와 반대 방향,geopolitical_proxy|inflation_proxy|usd_exposure,corr_sp500_60d_krw=0.515349
URA,equity_etf,USD,corr_kospi200_60d,KOSPI200 60d correlation,positive,0.159449,low,0.159449,corr_kospi200_60d_krw,KOSPI200과 같은 방향,KOSPI200과 반대 방향,geopolitical_proxy|inflation_proxy|usd_exposure,corr_kospi200_60d_krw=0.159449
URA,equity_etf,USD,stress_response,Stress-period average return,negative,0.001116,low,-0.001116,avg_stress_ret_krw,위기구간에서 플러스 성과,위기구간에서 마이너스 성과,geopolitical_proxy|inflation_proxy|usd_exposure,avg_stress_ret_krw=-0.001116
USMV,equity_etf,USD,market_beta_sp500,S&P500 beta,positive,0.783306,medium,0.783306,beta_sp500_1y_krw,SPY와 같은 방향,SPY와 반대 방향,defensive_proxy|rate_proxy|semiconductor_proxy|usd_exposure,beta_sp500_1y_krw=0.783306
USMV,equity_etf,USD,downside_beta_sp500,S&P500 downside beta,positive,0.788047,medium,0.788047,downside_beta_sp500_1y_krw,미국 증시 하락일에 함께 하락,미국 증시 하락일에 반대로 움직임,defensive_proxy|rate_proxy|semiconductor_proxy|usd_exposure,downside_beta_sp500_1y_krw=0.788047
USMV,equity_etf,USD,corr_sp500_60d,S&P500 60d correlation,positive,0.736438,high,0.736438,corr_sp500_60d_krw,SPY와 같은 방향,SPY와 반대 방향,defensive_proxy|rate_proxy|semiconductor_proxy|usd_exposure,corr_sp500_60d_krw=0.736438
USMV,equity_etf,USD,corr_kospi200_60d,KOSPI200 60d correlation,negative,0.249684,low,-0.249684,corr_kospi200_60d_krw,KOSPI200과 같은 방향,KOSPI200과 반대 방향,defensive_proxy|rate_proxy|semiconductor_proxy|usd_exposure,corr_kospi200_60d_krw=-0.249684
USMV,equity_etf,USD,stress_response,Stress-period average return,negative,0.001302,low,-0.001302,avg_stress_ret_krw,위기구간에서 플러스 성과,위기구간에서 마이너스 성과,defensive_proxy|rate_proxy|semiconductor_proxy|usd_exposure,avg_stress_ret_krw=-0.001302
USO,commodity_etf,USD,market_beta_sp500,S&P500 beta,positive,0.736305,medium,0.736305,beta_sp500_1y_krw,SPY와 같은 방향,SPY와 반대 방향,geopolitical_proxy|inflation_proxy|usd_exposure,beta_sp500_1y_krw=0.736305
USO,commodity_etf,USD,downside_beta_sp500,S&P500 downside beta,positive,0.968225,medium,0.968225,downside_beta_sp500_1y_krw,미국 증시 하락일에 함께 하락,미국 증시 하락일에 반대로 움직임,geopolitical_proxy|inflation_proxy|usd_exposure,downside_beta_sp500_1y_krw=0.968225
USO,commodity_etf,USD,corr_sp500_60d,S&P500 60d correlation,negative,0.31553,medium,-0.31553,corr_sp500_60d_krw,SPY와 같은 방향,SPY와 반대 방향,geopolitical_proxy|inflation_proxy|usd_exposure,corr_sp500_60d_krw=-0.31553
USO,commodity_etf,USD,corr_kospi200_60d,KOSPI200 60d correlation,negative,0.157206,low,-0.157206,corr_kospi200_60d_krw,KOSPI200과 같은 방향,KOSPI200과 반대 방향,geopolitical_proxy|inflation_proxy|usd_exposure,corr_kospi200_60d_krw=-0.157206
USO,commodity_etf,USD,stress_response,Stress-period average return,negative,0.004588,high,-0.004588,avg_stress_ret_krw,위기구간에서 플러스 성과,위기구간에서 마이너스 성과,geopolitical_proxy|inflation_proxy|usd_exposure,avg_stress_ret_krw=-0.004588
V,us_stock,USD,market_beta_sp500,S&P500 beta,positive,0.988912,medium,0.988912,beta_sp500_1y_krw,SPY와 같은 방향,SPY와 반대 방향,defensive_proxy|rate_proxy|usd_exposure,beta_sp500_1y_krw=0.988912
V,us_stock,USD,downside_beta_sp500,S&P500 downside beta,positive,0.953716,medium,0.953716,downside_beta_sp500_1y_krw,미국 증시 하락일에 함께 하락,미국 증시 하락일에 반대로 움직임,defensive_proxy|rate_proxy|usd_exposure,downside_beta_sp500_1y_krw=0.953716
V,us_stock,USD,corr_sp500_60d,S&P500 60d correlation,positive,0.467166,medium,0.467166,corr_sp500_60d_krw,SPY와 같은 방향,SPY와 반대 방향,defensive_proxy|rate_proxy|usd_exposure,corr_sp500_60d_krw=0.467166
V,us_stock,USD,corr_kospi200_60d,KOSPI200 60d correlation,negative,0.203233,low,-0.203233,corr_kospi200_60d_krw,KOSPI200과 같은 방향,KOSPI200과 반대 방향,defensive_proxy|rate_proxy|usd_exposure,corr_kospi200_60d_krw=-0.203233
V,us_stock,USD,stress_response,Stress-period average return,negative,0.000509,low,-0.000509,avg_stress_ret_krw,위기구간에서 플러스 성과,위기구간에서 마이너스 성과,defensive_proxy|rate_proxy|usd_exposure,avg_stress_ret_krw=-0.000509
VCIT,bond_etf,USD,market_beta_sp500,S&P500 beta,positive,0.258422,low,0.258422,beta_sp500_1y_krw,SPY와 같은 방향,SPY와 반대 방향,credit_proxy|defensive_proxy|rate_proxy|usd_exposure,beta_sp500_1y_krw=0.258422
VCIT,bond_etf,USD,downside_beta_sp500,S&P500 downside beta,positive,0.209499,low,0.209499,downside_beta_sp500_1y_krw,미국 증시 하락일에 함께 하락,미국 증시 하락일에 반대로 움직임,credit_proxy|defensive_proxy|rate_proxy|usd_exposure,downside_beta_sp500_1y_krw=0.209499
VCIT,bond_etf,USD,corr_sp500_60d,S&P500 60d correlation,positive,0.740859,high,0.740859,corr_sp500_60d_krw,SPY와 같은 방향,SPY와 반대 방향,credit_proxy|defensive_proxy|rate_proxy|usd_exposure,corr_sp500_60d_krw=0.740859
VCIT,bond_etf,USD,corr_kospi200_60d,KOSPI200 60d correlation,negative,0.22232,low,-0.22232,corr_kospi200_60d_krw,KOSPI200과 같은 방향,KOSPI200과 반대 방향,credit_proxy|defensive_proxy|rate_proxy|usd_exposure,corr_kospi200_60d_krw=-0.22232
VCIT,bond_etf,USD,stress_response,Stress-period average return,neutral,0.000339,low,-0.000339,avg_stress_ret_krw,위기구간에서 플러스 성과,위기구간에서 마이너스 성과,credit_proxy|defensive_proxy|rate_proxy|usd_exposure,avg_stress_ret_krw=-0.000339
VCSH,bond_etf,USD,market_beta_sp500,S&P500 beta,positive,0.252292,low,0.252292,beta_sp500_1y_krw,SPY와 같은 방향,SPY와 반대 방향,credit_proxy|defensive_proxy|rate_proxy|usd_exposure,beta_sp500_1y_krw=0.252292
VCSH,bond_etf,USD,downside_beta_sp500,S&P500 downside beta,positive,0.192616,low,0.192616,downside_beta_sp500_1y_krw,미국 증시 하락일에 함께 하락,미국 증시 하락일에 반대로 움직임,credit_proxy|defensive_proxy|rate_proxy|usd_exposure,downside_beta_sp500_1y_krw=0.192616
VCSH,bond_etf,USD,corr_sp500_60d,S&P500 60d correlation,positive,0.630009,high,0.630009,corr_sp500_60d_krw,SPY와 같은 방향,SPY와 반대 방향,credit_proxy|defensive_proxy|rate_proxy|usd_exposure,corr_sp500_60d_krw=0.630009
VCSH,bond_etf,USD,corr_kospi200_60d,KOSPI200 60d correlation,negative,0.211024,low,-0.211024,corr_kospi200_60d_krw,KOSPI200과 같은 방향,KOSPI200과 반대 방향,credit_proxy|defensive_proxy|rate_proxy|usd_exposure,corr_kospi200_60d_krw=-0.211024
VCSH,bond_etf,USD,stress_response,Stress-period average return,neutral,0.000167,low,0.000167,avg_stress_ret_krw,위기구간에서 플러스 성과,위기구간에서 마이너스 성과,credit_proxy|defensive_proxy|rate_proxy|usd_exposure,avg_stress_ret_krw=0.000167
VGIT,bond_etf,USD,market_beta_sp500,S&P500 beta,positive,0.179356,low,0.179356,beta_sp500_1y_krw,SPY와 같은 방향,SPY와 반대 방향,defensive_proxy|rate_proxy|usd_exposure,beta_sp500_1y_krw=0.179356
VGIT,bond_etf,USD,downside_beta_sp500,S&P500 downside beta,neutral,0.081076,low,0.081076,downside_beta_sp500_1y_krw,미국 증시 하락일에 함께 하락,미국 증시 하락일에 반대로 움직임,defensive_proxy|rate_proxy|usd_exposure,downside_beta_sp500_1y_krw=0.081076
VGIT,bond_etf,USD,corr_sp500_60d,S&P500 60d correlation,positive,0.661783,high,0.661783,corr_sp500_60d_krw,SPY와 같은 방향,SPY와 반대 방향,defensive_proxy|rate_proxy|usd_exposure,corr_sp500_60d_krw=0.661783
VGIT,bond_etf,USD,corr_kospi200_60d,KOSPI200 60d correlation,negative,0.212022,low,-0.212022,corr_kospi200_60d_krw,KOSPI200과 같은 방향,KOSPI200과 반대 방향,defensive_proxy|rate_proxy|usd_exposure,corr_kospi200_60d_krw=-0.212022
VGIT,bond_etf,USD,stress_response,Stress-period average return,positive,0.000715,low,0.000715,avg_stress_ret_krw,위기구간에서 플러스 성과,위기구간에서 마이너스 성과,defensive_proxy|rate_proxy|usd_exposure,avg_stress_ret_krw=0.000715
VGLT,bond_etf,USD,market_beta_sp500,S&P500 beta,neutral,0.041791,low,0.041791,beta_sp500_1y_krw,SPY와 같은 방향,SPY와 반대 방향,defensive_proxy|rate_proxy|usd_exposure,beta_sp500_1y_krw=0.041791
VGLT,bond_etf,USD,downside_beta_sp500,S&P500 downside beta,neutral,0.085173,low,-0.085173,downside_beta_sp500_1y_krw,미국 증시 하락일에 함께 하락,미국 증시 하락일에 반대로 움직임,defensive_proxy|rate_proxy|usd_exposure,downside_beta_sp500_1y_krw=-0.085173
VGLT,bond_etf,USD,corr_sp500_60d,S&P500 60d correlation,positive,0.713513,high,0.713513,corr_sp500_60d_krw,SPY와 같은 방향,SPY와 반대 방향,defensive_proxy|rate_proxy|usd_exposure,corr_sp500_60d_krw=0.713513
VGLT,bond_etf,USD,corr_kospi200_60d,KOSPI200 60d correlation,negative,0.192277,low,-0.192277,corr_kospi200_60d_krw,KOSPI200과 같은 방향,KOSPI200과 반대 방향,defensive_proxy|rate_proxy|usd_exposure,corr_kospi200_60d_krw=-0.192277
VGLT,bond_etf,USD,stress_response,Stress-period average return,positive,0.001249,low,0.001249,avg_stress_ret_krw,위기구간에서 플러스 성과,위기구간에서 마이너스 성과,defensive_proxy|rate_proxy|usd_exposure,avg_stress_ret_krw=0.001249
VGSH,bond_etf,USD,market_beta_sp500,S&P500 beta,positive,0.220674,low,0.220674,beta_sp500_1y_krw,SPY와 같은 방향,SPY와 반대 방향,defensive_proxy|rate_proxy|usd_exposure,beta_sp500_1y_krw=0.220674
VGSH,bond_etf,USD,downside_beta_sp500,S&P500 downside beta,positive,0.133604,low,0.133604,downside_beta_sp500_1y_krw,미국 증시 하락일에 함께 하락,미국 증시 하락일에 반대로 움직임,defensive_proxy|rate_proxy|usd_exposure,downside_beta_sp500_1y_krw=0.133604
VGSH,bond_etf,USD,corr_sp500_60d,S&P500 60d correlation,positive,0.565757,medium,0.565757,corr_sp500_60d_krw,SPY와 같은 방향,SPY와 반대 방향,defensive_proxy|rate_proxy|usd_exposure,corr_sp500_60d_krw=0.565757
VGSH,bond_etf,USD,corr_kospi200_60d,KOSPI200 60d correlation,negative,0.216648,low,-0.216648,corr_kospi200_60d_krw,KOSPI200과 같은 방향,KOSPI200과 반대 방향,defensive_proxy|rate_proxy|usd_exposure,corr_kospi200_60d_krw=-0.216648
VGSH,bond_etf,USD,stress_response,Stress-period average return,positive,0.000574,low,0.000574,avg_stress_ret_krw,위기구간에서 플러스 성과,위기구간에서 마이너스 성과,defensive_proxy|rate_proxy|usd_exposure,avg_stress_ret_krw=0.000574
VIG,equity_etf,USD,market_beta_sp500,S&P500 beta,positive,0.889744,medium,0.889744,beta_sp500_1y_krw,SPY와 같은 방향,SPY와 반대 방향,defensive_proxy|rate_proxy|usd_exposure,beta_sp500_1y_krw=0.889744
VIG,equity_etf,USD,downside_beta_sp500,S&P500 downside beta,positive,0.880222,medium,0.880222,downside_beta_sp500_1y_krw,미국 증시 하락일에 함께 하락,미국 증시 하락일에 반대로 움직임,defensive_proxy|rate_proxy|usd_exposure,downside_beta_sp500_1y_krw=0.880222
VIG,equity_etf,USD,corr_sp500_60d,S&P500 60d correlation,positive,0.891439,high,0.891439,corr_sp500_60d_krw,SPY와 같은 방향,SPY와 반대 방향,defensive_proxy|rate_proxy|usd_exposure,corr_sp500_60d_krw=0.891439
VIG,equity_etf,USD,corr_kospi200_60d,KOSPI200 60d correlation,negative,0.189192,low,-0.189192,corr_kospi200_60d_krw,KOSPI200과 같은 방향,KOSPI200과 반대 방향,defensive_proxy|rate_proxy|usd_exposure,corr_kospi200_60d_krw=-0.189192
VIG,equity_etf,USD,stress_response,Stress-period average return,negative,0.001252,low,-0.001252,avg_stress_ret_krw,위기구간에서 플러스 성과,위기구간에서 마이너스 성과,defensive_proxy|rate_proxy|usd_exposure,avg_stress_ret_krw=-0.001252
VNQ,equity_etf,USD,market_beta_sp500,S&P500 beta,positive,1.073653,high,1.073653,beta_sp500_1y_krw,SPY와 같은 방향,SPY와 반대 방향,defensive_proxy|korea_real_estate_proxy|rate_proxy|usd_exposure,beta_sp500_1y_krw=1.073653
VNQ,equity_etf,USD,downside_beta_sp500,S&P500 downside beta,positive,1.174096,high,1.174096,downside_beta_sp500_1y_krw,미국 증시 하락일에 함께 하락,미국 증시 하락일에 반대로 움직임,defensive_proxy|korea_real_estate_proxy|rate_proxy|usd_exposure,downside_beta_sp500_1y_krw=1.174096
VNQ,equity_etf,USD,corr_sp500_60d,S&P500 60d correlation,positive,0.675976,high,0.675976,corr_sp500_60d_krw,SPY와 같은 방향,SPY와 반대 방향,defensive_proxy|korea_real_estate_proxy|rate_proxy|usd_exposure,corr_sp500_60d_krw=0.675976
VNQ,equity_etf,USD,corr_kospi200_60d,KOSPI200 60d correlation,negative,0.220524,low,-0.220524,corr_kospi200_60d_krw,KOSPI200과 같은 방향,KOSPI200과 반대 방향,defensive_proxy|korea_real_estate_proxy|rate_proxy|usd_exposure,corr_kospi200_60d_krw=-0.220524
VNQ,equity_etf,USD,stress_response,Stress-period average return,negative,0.001066,low,-0.001066,avg_stress_ret_krw,위기구간에서 플러스 성과,위기구간에서 마이너스 성과,defensive_proxy|korea_real_estate_proxy|rate_proxy|usd_exposure,avg_stress_ret_krw=-0.001066
VTI,equity_etf,USD,market_beta_sp500,S&P500 beta,positive,1.005439,high,1.005439,beta_sp500_1y_krw,SPY와 같은 방향,SPY와 반대 방향,defensive_proxy|usd_exposure,beta_sp500_1y_krw=1.005439
VTI,equity_etf,USD,downside_beta_sp500,S&P500 downside beta,positive,1.005062,high,1.005062,downside_beta_sp500_1y_krw,미국 증시 하락일에 함께 하락,미국 증시 하락일에 반대로 움직임,defensive_proxy|usd_exposure,downside_beta_sp500_1y_krw=1.005062
VTI,equity_etf,USD,corr_sp500_60d,S&P500 60d correlation,positive,0.99764,high,0.99764,corr_sp500_60d_krw,SPY와 같은 방향,SPY와 반대 방향,defensive_proxy|usd_exposure,corr_sp500_60d_krw=0.99764
VTI,equity_etf,USD,corr_kospi200_60d,KOSPI200 60d correlation,neutral,0.048573,low,-0.048573,corr_kospi200_60d_krw,KOSPI200과 같은 방향,KOSPI200과 반대 방향,defensive_proxy|usd_exposure,corr_kospi200_60d_krw=-0.048573
VTI,equity_etf,USD,stress_response,Stress-period average return,negative,0.001582,medium,-0.001582,avg_stress_ret_krw,위기구간에서 플러스 성과,위기구간에서 마이너스 성과,defensive_proxy|usd_exposure,avg_stress_ret_krw=-0.001582
VTV,equity_etf,USD,market_beta_sp500,S&P500 beta,positive,0.960039,medium,0.960039,beta_sp500_1y_krw,SPY와 같은 방향,SPY와 반대 방향,defensive_proxy|rate_proxy|usd_exposure,beta_sp500_1y_krw=0.960039
VTV,equity_etf,USD,downside_beta_sp500,S&P500 downside beta,positive,0.974724,medium,0.974724,downside_beta_sp500_1y_krw,미국 증시 하락일에 함께 하락,미국 증시 하락일에 반대로 움직임,defensive_proxy|rate_proxy|usd_exposure,downside_beta_sp500_1y_krw=0.974724
VTV,equity_etf,USD,corr_sp500_60d,S&P500 60d correlation,positive,0.835092,high,0.835092,corr_sp500_60d_krw,SPY와 같은 방향,SPY와 반대 방향,defensive_proxy|rate_proxy|usd_exposure,corr_sp500_60d_krw=0.835092
VTV,equity_etf,USD,corr_kospi200_60d,KOSPI200 60d correlation,negative,0.130143,low,-0.130143,corr_kospi200_60d_krw,KOSPI200과 같은 방향,KOSPI200과 반대 방향,defensive_proxy|rate_proxy|usd_exposure,corr_kospi200_60d_krw=-0.130143
VTV,equity_etf,USD,stress_response,Stress-period average return,negative,0.001634,medium,-0.001634,avg_stress_ret_krw,위기구간에서 플러스 성과,위기구간에서 마이너스 성과,defensive_proxy|rate_proxy|usd_exposure,avg_stress_ret_krw=-0.001634
VUG,equity_etf,USD,market_beta_sp500,S&P500 beta,positive,1.023585,high,1.023585,beta_sp500_1y_krw,SPY와 같은 방향,SPY와 반대 방향,ai_capex_proxy|rate_proxy|semiconductor_proxy|usd_exposure,beta_sp500_1y_krw=1.023585
VUG,equity_etf,USD,downside_beta_sp500,S&P500 downside beta,positive,1.00378,high,1.00378,downside_beta_sp500_1y_krw,미국 증시 하락일에 함께 하락,미국 증시 하락일에 반대로 움직임,ai_capex_proxy|rate_proxy|semiconductor_proxy|usd_exposure,downside_beta_sp500_1y_krw=1.00378
VUG,equity_etf,USD,corr_sp500_60d,S&P500 60d correlation,positive,0.956005,high,0.956005,corr_sp500_60d_krw,SPY와 같은 방향,SPY와 반대 방향,ai_capex_proxy|rate_proxy|semiconductor_proxy|usd_exposure,corr_sp500_60d_krw=0.956005
VUG,equity_etf,USD,corr_kospi200_60d,KOSPI200 60d correlation,neutral,0.001311,low,-0.001311,corr_kospi200_60d_krw,KOSPI200과 같은 방향,KOSPI200과 반대 방향,ai_capex_proxy|rate_proxy|semiconductor_proxy|usd_exposure,corr_kospi200_60d_krw=-0.001311
VUG,equity_etf,USD,stress_response,Stress-period average return,negative,0.001451,low,-0.001451,avg_stress_ret_krw,위기구간에서 플러스 성과,위기구간에서 마이너스 성과,ai_capex_proxy|rate_proxy|semiconductor_proxy|usd_exposure,avg_stress_ret_krw=-0.001451
VXUS,equity_etf,USD,market_beta_sp500,S&P500 beta,positive,0.872462,medium,0.872462,beta_sp500_1y_krw,SPY와 같은 방향,SPY와 반대 방향,geopolitical_proxy|usd_exposure,beta_sp500_1y_krw=0.872462
VXUS,equity_etf,USD,downside_beta_sp500,S&P500 downside beta,positive,0.905779,medium,0.905779,downside_beta_sp500_1y_krw,미국 증시 하락일에 함께 하락,미국 증시 하락일에 반대로 움직임,geopolitical_proxy|usd_exposure,downside_beta_sp500_1y_krw=0.905779
VXUS,equity_etf,USD,corr_sp500_60d,S&P500 60d correlation,positive,0.88023,high,0.88023,corr_sp500_60d_krw,SPY와 같은 방향,SPY와 반대 방향,geopolitical_proxy|usd_exposure,corr_sp500_60d_krw=0.88023
VXUS,equity_etf,USD,corr_kospi200_60d,KOSPI200 60d correlation,neutral,0.040391,low,0.040391,corr_kospi200_60d_krw,KOSPI200과 같은 방향,KOSPI200과 반대 방향,geopolitical_proxy|usd_exposure,corr_kospi200_60d_krw=0.040391
VXUS,equity_etf,USD,stress_response,Stress-period average return,negative,0.001139,low,-0.001139,avg_stress_ret_krw,위기구간에서 플러스 성과,위기구간에서 마이너스 성과,geopolitical_proxy|usd_exposure,avg_stress_ret_krw=-0.001139
WMT,us_stock,USD,market_beta_sp500,S&P500 beta,positive,0.644384,medium,0.644384,beta_sp500_1y_krw,SPY와 같은 방향,SPY와 반대 방향,defensive_proxy|rate_proxy|usd_exposure,beta_sp500_1y_krw=0.644384
WMT,us_stock,USD,downside_beta_sp500,S&P500 downside beta,positive,0.625037,medium,0.625037,downside_beta_sp500_1y_krw,미국 증시 하락일에 함께 하락,미국 증시 하락일에 반대로 움직임,defensive_proxy|rate_proxy|usd_exposure,downside_beta_sp500_1y_krw=0.625037
WMT,us_stock,USD,corr_sp500_60d,S&P500 60d correlation,positive,0.288483,low,0.288483,corr_sp500_60d_krw,SPY와 같은 방향,SPY와 반대 방향,defensive_proxy|rate_proxy|usd_exposure,corr_sp500_60d_krw=0.288483
WMT,us_stock,USD,corr_kospi200_60d,KOSPI200 60d correlation,negative,0.353334,medium,-0.353334,corr_kospi200_60d_krw,KOSPI200과 같은 방향,KOSPI200과 반대 방향,defensive_proxy|rate_proxy|usd_exposure,corr_kospi200_60d_krw=-0.353334
WMT,us_stock,USD,stress_response,Stress-period average return,positive,0.001375,low,0.001375,avg_stress_ret_krw,위기구간에서 플러스 성과,위기구간에서 마이너스 성과,defensive_proxy|rate_proxy|usd_exposure,avg_stress_ret_krw=0.001375
XBI,equity_etf,USD,market_beta_sp500,S&P500 beta,positive,1.012356,high,1.012356,beta_sp500_1y_krw,SPY와 같은 방향,SPY와 반대 방향,ai_capex_proxy|defensive_proxy|rate_proxy|usd_exposure,beta_sp500_1y_krw=1.012356
XBI,equity_etf,USD,downside_beta_sp500,S&P500 downside beta,positive,0.987972,medium,0.987972,downside_beta_sp500_1y_krw,미국 증시 하락일에 함께 하락,미국 증시 하락일에 반대로 움직임,ai_capex_proxy|defensive_proxy|rate_proxy|usd_exposure,downside_beta_sp500_1y_krw=0.987972
XBI,equity_etf,USD,corr_sp500_60d,S&P500 60d correlation,positive,0.655028,high,0.655028,corr_sp500_60d_krw,SPY와 같은 방향,SPY와 반대 방향,ai_capex_proxy|defensive_proxy|rate_proxy|usd_exposure,corr_sp500_60d_krw=0.655028
XBI,equity_etf,USD,corr_kospi200_60d,KOSPI200 60d correlation,negative,0.117534,low,-0.117534,corr_kospi200_60d_krw,KOSPI200과 같은 방향,KOSPI200과 반대 방향,ai_capex_proxy|defensive_proxy|rate_proxy|usd_exposure,corr_kospi200_60d_krw=-0.117534
XBI,equity_etf,USD,stress_response,Stress-period average return,neutral,0.000468,low,0.000468,avg_stress_ret_krw,위기구간에서 플러스 성과,위기구간에서 마이너스 성과,ai_capex_proxy|defensive_proxy|rate_proxy|usd_exposure,avg_stress_ret_krw=0.000468
XLB,equity_etf,USD,market_beta_sp500,S&P500 beta,positive,1.011234,high,1.011234,beta_sp500_1y_krw,SPY와 같은 방향,SPY와 반대 방향,geopolitical_proxy|inflation_proxy|usd_exposure,beta_sp500_1y_krw=1.011234
XLB,equity_etf,USD,downside_beta_sp500,S&P500 downside beta,positive,1.015734,high,1.015734,downside_beta_sp500_1y_krw,미국 증시 하락일에 함께 하락,미국 증시 하락일에 반대로 움직임,geopolitical_proxy|inflation_proxy|usd_exposure,downside_beta_sp500_1y_krw=1.015734
XLB,equity_etf,USD,corr_sp500_60d,S&P500 60d correlation,positive,0.670785,high,0.670785,corr_sp500_60d_krw,SPY와 같은 방향,SPY와 반대 방향,geopolitical_proxy|inflation_proxy|usd_exposure,corr_sp500_60d_krw=0.670785
XLB,equity_etf,USD,corr_kospi200_60d,KOSPI200 60d correlation,neutral,0.073552,low,0.073552,corr_kospi200_60d_krw,KOSPI200과 같은 방향,KOSPI200과 반대 방향,geopolitical_proxy|inflation_proxy|usd_exposure,corr_kospi200_60d_krw=0.073552
XLB,equity_etf,USD,stress_response,Stress-period average return,negative,0.001367,low,-0.001367,avg_stress_ret_krw,위기구간에서 플러스 성과,위기구간에서 마이너스 성과,geopolitical_proxy|inflation_proxy|usd_exposure,avg_stress_ret_krw=-0.001367
XLC,equity_etf,USD,market_beta_sp500,S&P500 beta,positive,0.984384,medium,0.984384,beta_sp500_1y_krw,SPY와 같은 방향,SPY와 반대 방향,ai_capex_proxy|defensive_proxy|rate_proxy|usd_exposure,beta_sp500_1y_krw=0.984384
XLC,equity_etf,USD,downside_beta_sp500,S&P500 downside beta,positive,0.986478,medium,0.986478,downside_beta_sp500_1y_krw,미국 증시 하락일에 함께 하락,미국 증시 하락일에 반대로 움직임,ai_capex_proxy|defensive_proxy|rate_proxy|usd_exposure,downside_beta_sp500_1y_krw=0.986478
XLC,equity_etf,USD,corr_sp500_60d,S&P500 60d correlation,positive,0.812797,high,0.812797,corr_sp500_60d_krw,SPY와 같은 방향,SPY와 반대 방향,ai_capex_proxy|defensive_proxy|rate_proxy|usd_exposure,corr_sp500_60d_krw=0.812797
XLC,equity_etf,USD,corr_kospi200_60d,KOSPI200 60d correlation,negative,0.148762,low,-0.148762,corr_kospi200_60d_krw,KOSPI200과 같은 방향,KOSPI200과 반대 방향,ai_capex_proxy|defensive_proxy|rate_proxy|usd_exposure,corr_kospi200_60d_krw=-0.148762
XLC,equity_etf,USD,stress_response,Stress-period average return,negative,0.000842,low,-0.000842,avg_stress_ret_krw,위기구간에서 플러스 성과,위기구간에서 마이너스 성과,ai_capex_proxy|defensive_proxy|rate_proxy|usd_exposure,avg_stress_ret_krw=-0.000842
XLE,equity_etf,USD,market_beta_sp500,S&P500 beta,positive,1.083481,high,1.083481,beta_sp500_1y_krw,SPY와 같은 방향,SPY와 반대 방향,geopolitical_proxy|inflation_proxy|usd_exposure,beta_sp500_1y_krw=1.083481
XLE,equity_etf,USD,downside_beta_sp500,S&P500 downside beta,positive,1.199444,high,1.199444,downside_beta_sp500_1y_krw,미국 증시 하락일에 함께 하락,미국 증시 하락일에 반대로 움직임,geopolitical_proxy|inflation_proxy|usd_exposure,downside_beta_sp500_1y_krw=1.199444
XLE,equity_etf,USD,corr_sp500_60d,S&P500 60d correlation,neutral,0.062077,low,0.062077,corr_sp500_60d_krw,SPY와 같은 방향,SPY와 반대 방향,geopolitical_proxy|inflation_proxy|usd_exposure,corr_sp500_60d_krw=0.062077
XLE,equity_etf,USD,corr_kospi200_60d,KOSPI200 60d correlation,negative,0.355628,medium,-0.355628,corr_kospi200_60d_krw,KOSPI200과 같은 방향,KOSPI200과 반대 방향,geopolitical_proxy|inflation_proxy|usd_exposure,corr_kospi200_60d_krw=-0.355628
XLE,equity_etf,USD,stress_response,Stress-period average return,negative,0.002884,medium,-0.002884,avg_stress_ret_krw,위기구간에서 플러스 성과,위기구간에서 마이너스 성과,geopolitical_proxy|inflation_proxy|usd_exposure,avg_stress_ret_krw=-0.002884
XLF,equity_etf,USD,market_beta_sp500,S&P500 beta,positive,1.214466,high,1.214466,beta_sp500_1y_krw,SPY와 같은 방향,SPY와 반대 방향,credit_proxy|defensive_proxy|korea_financial_proxy|rate_proxy|usd_exposure,beta_sp500_1y_krw=1.214466
XLF,equity_etf,USD,downside_beta_sp500,S&P500 downside beta,positive,1.257619,high,1.257619,downside_beta_sp500_1y_krw,미국 증시 하락일에 함께 하락,미국 증시 하락일에 반대로 움직임,credit_proxy|defensive_proxy|korea_financial_proxy|rate_proxy|usd_exposure,downside_beta_sp500_1y_krw=1.257619
XLF,equity_etf,USD,corr_sp500_60d,S&P500 60d correlation,positive,0.714161,high,0.714161,corr_sp500_60d_krw,SPY와 같은 방향,SPY와 반대 방향,credit_proxy|defensive_proxy|korea_financial_proxy|rate_proxy|usd_exposure,corr_sp500_60d_krw=0.714161
XLF,equity_etf,USD,corr_kospi200_60d,KOSPI200 60d correlation,negative,0.181422,low,-0.181422,corr_kospi200_60d_krw,KOSPI200과 같은 방향,KOSPI200과 반대 방향,credit_proxy|defensive_proxy|korea_financial_proxy|rate_proxy|usd_exposure,corr_kospi200_60d_krw=-0.181422
XLF,equity_etf,USD,stress_response,Stress-period average return,negative,0.001081,low,-0.001081,avg_stress_ret_krw,위기구간에서 플러스 성과,위기구간에서 마이너스 성과,credit_proxy|defensive_proxy|korea_financial_proxy|rate_proxy|usd_exposure,avg_stress_ret_krw=-0.001081
XLI,equity_etf,USD,market_beta_sp500,S&P500 beta,positive,1.002403,high,1.002403,beta_sp500_1y_krw,SPY와 같은 방향,SPY와 반대 방향,defensive_proxy|geopolitical_proxy|usd_exposure,beta_sp500_1y_krw=1.002403
XLI,equity_etf,USD,downside_beta_sp500,S&P500 downside beta,positive,1.008593,high,1.008593,downside_beta_sp500_1y_krw,미국 증시 하락일에 함께 하락,미국 증시 하락일에 반대로 움직임,defensive_proxy|geopolitical_proxy|usd_exposure,downside_beta_sp500_1y_krw=1.008593
XLI,equity_etf,USD,corr_sp500_60d,S&P500 60d correlation,positive,0.752943,high,0.752943,corr_sp500_60d_krw,SPY와 같은 방향,SPY와 반대 방향,defensive_proxy|geopolitical_proxy|usd_exposure,corr_sp500_60d_krw=0.752943
XLI,equity_etf,USD,corr_kospi200_60d,KOSPI200 60d correlation,neutral,0.065467,low,0.065467,corr_kospi200_60d_krw,KOSPI200과 같은 방향,KOSPI200과 반대 방향,defensive_proxy|geopolitical_proxy|usd_exposure,corr_kospi200_60d_krw=0.065467
XLI,equity_etf,USD,stress_response,Stress-period average return,negative,0.002172,medium,-0.002172,avg_stress_ret_krw,위기구간에서 플러스 성과,위기구간에서 마이너스 성과,defensive_proxy|geopolitical_proxy|usd_exposure,avg_stress_ret_krw=-0.002172
XLK,equity_etf,USD,market_beta_sp500,S&P500 beta,positive,1.072712,high,1.072712,beta_sp500_1y_krw,SPY와 같은 방향,SPY와 반대 방향,ai_capex_proxy|rate_proxy|semiconductor_proxy|usd_exposure,beta_sp500_1y_krw=1.072712
XLK,equity_etf,USD,downside_beta_sp500,S&P500 downside beta,positive,1.032445,high,1.032445,downside_beta_sp500_1y_krw,미국 증시 하락일에 함께 하락,미국 증시 하락일에 반대로 움직임,ai_capex_proxy|rate_proxy|semiconductor_proxy|usd_exposure,downside_beta_sp500_1y_krw=1.032445
XLK,equity_etf,USD,corr_sp500_60d,S&P500 60d correlation,positive,0.849975,high,0.849975,corr_sp500_60d_krw,SPY와 같은 방향,SPY와 반대 방향,ai_capex_proxy|rate_proxy|semiconductor_proxy|usd_exposure,corr_sp500_60d_krw=0.849975
XLK,equity_etf,USD,corr_kospi200_60d,KOSPI200 60d correlation,positive,0.135177,low,0.135177,corr_kospi200_60d_krw,KOSPI200과 같은 방향,KOSPI200과 반대 방향,ai_capex_proxy|rate_proxy|semiconductor_proxy|usd_exposure,corr_kospi200_60d_krw=0.135177
XLK,equity_etf,USD,stress_response,Stress-period average return,negative,0.001321,low,-0.001321,avg_stress_ret_krw,위기구간에서 플러스 성과,위기구간에서 마이너스 성과,ai_capex_proxy|rate_proxy|semiconductor_proxy|usd_exposure,avg_stress_ret_krw=-0.001321
XLP,equity_etf,USD,market_beta_sp500,S&P500 beta,positive,0.668756,medium,0.668756,beta_sp500_1y_krw,SPY와 같은 방향,SPY와 반대 방향,defensive_proxy|rate_proxy|usd_exposure,beta_sp500_1y_krw=0.668756
XLP,equity_etf,USD,downside_beta_sp500,S&P500 downside beta,positive,0.67349,medium,0.67349,downside_beta_sp500_1y_krw,미국 증시 하락일에 함께 하락,미국 증시 하락일에 반대로 움직임,defensive_proxy|rate_proxy|usd_exposure,downside_beta_sp500_1y_krw=0.67349
XLP,equity_etf,USD,corr_sp500_60d,S&P500 60d correlation,positive,0.452666,medium,0.452666,corr_sp500_60d_krw,SPY와 같은 방향,SPY와 반대 방향,defensive_proxy|rate_proxy|usd_exposure,corr_sp500_60d_krw=0.452666
XLP,equity_etf,USD,corr_kospi200_60d,KOSPI200 60d correlation,negative,0.32566,medium,-0.32566,corr_kospi200_60d_krw,KOSPI200과 같은 방향,KOSPI200과 반대 방향,defensive_proxy|rate_proxy|usd_exposure,corr_kospi200_60d_krw=-0.32566
XLP,equity_etf,USD,stress_response,Stress-period average return,negative,0.00134,low,-0.00134,avg_stress_ret_krw,위기구간에서 플러스 성과,위기구간에서 마이너스 성과,defensive_proxy|rate_proxy|usd_exposure,avg_stress_ret_krw=-0.00134
XLU,equity_etf,USD,market_beta_sp500,S&P500 beta,positive,0.706911,medium,0.706911,beta_sp500_1y_krw,SPY와 같은 방향,SPY와 반대 방향,defensive_proxy|rate_proxy|usd_exposure,beta_sp500_1y_krw=0.706911
XLU,equity_etf,USD,downside_beta_sp500,S&P500 downside beta,positive,0.721936,medium,0.721936,downside_beta_sp500_1y_krw,미국 증시 하락일에 함께 하락,미국 증시 하락일에 반대로 움직임,defensive_proxy|rate_proxy|usd_exposure,downside_beta_sp500_1y_krw=0.721936
XLU,equity_etf,USD,corr_sp500_60d,S&P500 60d correlation,positive,0.421309,medium,0.421309,corr_sp500_60d_krw,SPY와 같은 방향,SPY와 반대 방향,defensive_proxy|rate_proxy|usd_exposure,corr_sp500_60d_krw=0.421309
XLU,equity_etf,USD,corr_kospi200_60d,KOSPI200 60d correlation,negative,0.170548,low,-0.170548,corr_kospi200_60d_krw,KOSPI200과 같은 방향,KOSPI200과 반대 방향,defensive_proxy|rate_proxy|usd_exposure,corr_kospi200_60d_krw=-0.170548
XLU,equity_etf,USD,stress_response,Stress-period average return,negative,0.002025,medium,-0.002025,avg_stress_ret_krw,위기구간에서 플러스 성과,위기구간에서 마이너스 성과,defensive_proxy|rate_proxy|usd_exposure,avg_stress_ret_krw=-0.002025
XLV,equity_etf,USD,market_beta_sp500,S&P500 beta,positive,0.782009,medium,0.782009,beta_sp500_1y_krw,SPY와 같은 방향,SPY와 반대 방향,defensive_proxy|rate_proxy|usd_exposure,beta_sp500_1y_krw=0.782009
XLV,equity_etf,USD,downside_beta_sp500,S&P500 downside beta,positive,0.757759,medium,0.757759,downside_beta_sp500_1y_krw,미국 증시 하락일에 함께 하락,미국 증시 하락일에 반대로 움직임,defensive_proxy|rate_proxy|usd_exposure,downside_beta_sp500_1y_krw=0.757759
XLV,equity_etf,USD,corr_sp500_60d,S&P500 60d correlation,positive,0.635945,high,0.635945,corr_sp500_60d_krw,SPY와 같은 방향,SPY와 반대 방향,defensive_proxy|rate_proxy|usd_exposure,corr_sp500_60d_krw=0.635945
XLV,equity_etf,USD,corr_kospi200_60d,KOSPI200 60d correlation,negative,0.213249,low,-0.213249,corr_kospi200_60d_krw,KOSPI200과 같은 방향,KOSPI200과 반대 방향,defensive_proxy|rate_proxy|usd_exposure,corr_kospi200_60d_krw=-0.213249
XLV,equity_etf,USD,stress_response,Stress-period average return,negative,0.001158,low,-0.001158,avg_stress_ret_krw,위기구간에서 플러스 성과,위기구간에서 마이너스 성과,defensive_proxy|rate_proxy|usd_exposure,avg_stress_ret_krw=-0.001158
XLY,equity_etf,USD,market_beta_sp500,S&P500 beta,positive,1.050979,high,1.050979,beta_sp500_1y_krw,SPY와 같은 방향,SPY와 반대 방향,defensive_proxy|rate_proxy|usd_exposure,beta_sp500_1y_krw=1.050979
XLY,equity_etf,USD,downside_beta_sp500,S&P500 downside beta,positive,1.050129,high,1.050129,downside_beta_sp500_1y_krw,미국 증시 하락일에 함께 하락,미국 증시 하락일에 반대로 움직임,defensive_proxy|rate_proxy|usd_exposure,downside_beta_sp500_1y_krw=1.050129
XLY,equity_etf,USD,corr_sp500_60d,S&P500 60d correlation,positive,0.835097,high,0.835097,corr_sp500_60d_krw,SPY와 같은 방향,SPY와 반대 방향,defensive_proxy|rate_proxy|usd_exposure,corr_sp500_60d_krw=0.835097
XLY,equity_etf,USD,corr_kospi200_60d,KOSPI200 60d correlation,neutral,0.041543,low,-0.041543,corr_kospi200_60d_krw,KOSPI200과 같은 방향,KOSPI200과 반대 방향,defensive_proxy|rate_proxy|usd_exposure,corr_kospi200_60d_krw=-0.041543
XLY,equity_etf,USD,stress_response,Stress-period average return,negative,0.001334,low,-0.001334,avg_stress_ret_krw,위기구간에서 플러스 성과,위기구간에서 마이너스 성과,defensive_proxy|rate_proxy|usd_exposure,avg_stress_ret_krw=-0.001334
XOM,us_stock,USD,market_beta_sp500,S&P500 beta,positive,0.918157,medium,0.918157,beta_sp500_1y_krw,SPY와 같은 방향,SPY와 반대 방향,geopolitical_proxy|inflation_proxy|usd_exposure,beta_sp500_1y_krw=0.918157
XOM,us_stock,USD,downside_beta_sp500,S&P500 downside beta,positive,0.994131,medium,0.994131,downside_beta_sp500_1y_krw,미국 증시 하락일에 함께 하락,미국 증시 하락일에 반대로 움직임,geopolitical_proxy|inflation_proxy|usd_exposure,downside_beta_sp500_1y_krw=0.994131
XOM,us_stock,USD,corr_sp500_60d,S&P500 60d correlation,neutral,0.03763,low,-0.03763,corr_sp500_60d_krw,SPY와 같은 방향,SPY와 반대 방향,geopolitical_proxy|inflation_proxy|usd_exposure,corr_sp500_60d_krw=-0.03763
XOM,us_stock,USD,corr_kospi200_60d,KOSPI200 60d correlation,negative,0.342924,medium,-0.342924,corr_kospi200_60d_krw,KOSPI200과 같은 방향,KOSPI200과 반대 방향,geopolitical_proxy|inflation_proxy|usd_exposure,corr_kospi200_60d_krw=-0.342924
XOM,us_stock,USD,stress_response,Stress-period average return,negative,0.001613,medium,-0.001613,avg_stress_ret_krw,위기구간에서 플러스 성과,위기구간에서 마이너스 성과,geopolitical_proxy|inflation_proxy|usd_exposure,avg_stress_ret_krw=-0.001613
XOP,equity_etf,USD,market_beta_sp500,S&P500 beta,positive,1.229796,high,1.229796,beta_sp500_1y_krw,SPY와 같은 방향,SPY와 반대 방향,geopolitical_proxy|inflation_proxy|usd_exposure,beta_sp500_1y_krw=1.229796
XOP,equity_etf,USD,downside_beta_sp500,S&P500 downside beta,positive,1.333318,high,1.333318,downside_beta_sp500_1y_krw,미국 증시 하락일에 함께 하락,미국 증시 하락일에 반대로 움직임,geopolitical_proxy|inflation_proxy|usd_exposure,downside_beta_sp500_1y_krw=1.333318
XOP,equity_etf,USD,corr_sp500_60d,S&P500 60d correlation,negative,0.101628,low,-0.101628,corr_sp500_60d_krw,SPY와 같은 방향,SPY와 반대 방향,geopolitical_proxy|inflation_proxy|usd_exposure,corr_sp500_60d_krw=-0.101628
XOP,equity_etf,USD,corr_kospi200_60d,KOSPI200 60d correlation,negative,0.270671,low,-0.270671,corr_kospi200_60d_krw,KOSPI200과 같은 방향,KOSPI200과 반대 방향,geopolitical_proxy|inflation_proxy|usd_exposure,corr_kospi200_60d_krw=-0.270671
XOP,equity_etf,USD,stress_response,Stress-period average return,negative,0.003658,high,-0.003658,avg_stress_ret_krw,위기구간에서 플러스 성과,위기구간에서 마이너스 성과,geopolitical_proxy|inflation_proxy|usd_exposure,avg_stress_ret_krw=-0.003658
XRP-USD,crypto,USD,market_beta_sp500,S&P500 beta,positive,0.970138,medium,0.970138,beta_sp500_1y_krw,SPY와 같은 방향,SPY와 반대 방향,defensive_proxy|usd_exposure,beta_sp500_1y_krw=0.970138
XRP-USD,crypto,USD,downside_beta_sp500,S&P500 downside beta,positive,1.030039,high,1.030039,downside_beta_sp500_1y_krw,미국 증시 하락일에 함께 하락,미국 증시 하락일에 반대로 움직임,defensive_proxy|usd_exposure,downside_beta_sp500_1y_krw=1.030039
XRP-USD,crypto,USD,corr_sp500_60d,S&P500 60d correlation,positive,0.449885,medium,0.449885,corr_sp500_60d_krw,SPY와 같은 방향,SPY와 반대 방향,defensive_proxy|usd_exposure,corr_sp500_60d_krw=0.449885
XRP-USD,crypto,USD,corr_kospi200_60d,KOSPI200 60d correlation,neutral,0.002261,low,0.002261,corr_kospi200_60d_krw,KOSPI200과 같은 방향,KOSPI200과 반대 방향,defensive_proxy|usd_exposure,corr_kospi200_60d_krw=0.002261
XRP-USD,crypto,USD,stress_response,Stress-period average return,positive,0.004639,high,0.004639,avg_stress_ret_krw,위기구간에서 플러스 성과,위기구간에서 마이너스 성과,defensive_proxy|usd_exposure,avg_stress_ret_krw=0.004639
XRT,equity_etf,USD,market_beta_sp500,S&P500 beta,positive,1.05554,high,1.05554,beta_sp500_1y_krw,SPY와 같은 방향,SPY와 반대 방향,defensive_proxy|rate_proxy|usd_exposure,beta_sp500_1y_krw=1.05554
XRT,equity_etf,USD,downside_beta_sp500,S&P500 downside beta,positive,1.058032,high,1.058032,downside_beta_sp500_1y_krw,미국 증시 하락일에 함께 하락,미국 증시 하락일에 반대로 움직임,defensive_proxy|rate_proxy|usd_exposure,downside_beta_sp500_1y_krw=1.058032
XRT,equity_etf,USD,corr_sp500_60d,S&P500 60d correlation,positive,0.65432,high,0.65432,corr_sp500_60d_krw,SPY와 같은 방향,SPY와 반대 방향,defensive_proxy|rate_proxy|usd_exposure,corr_sp500_60d_krw=0.65432
XRT,equity_etf,USD,corr_kospi200_60d,KOSPI200 60d correlation,negative,0.243,low,-0.243,corr_kospi200_60d_krw,KOSPI200과 같은 방향,KOSPI200과 반대 방향,defensive_proxy|rate_proxy|usd_exposure,corr_kospi200_60d_krw=-0.243
XRT,equity_etf,USD,stress_response,Stress-period average return,negative,0.001031,low,-0.001031,avg_stress_ret_krw,위기구간에서 플러스 성과,위기구간에서 마이너스 성과,defensive_proxy|rate_proxy|usd_exposure,avg_stress_ret_krw=-0.001031
