ticker,asset_class,currency,factor,factor_label,direction,magnitude,sensitivity_level,raw_value,value_basis,sign_positive_meaning,sign_negative_meaning,structural_tags,evidence_metrics
000270.KS,kr_stock,KRW,market_beta_sp500,S&P500 beta,neutral,0.040102,low,-0.040102,beta_sp500_1y_krw,SPY와 같은 방향,SPY와 반대 방향,geopolitical_proxy|korea_equity_proxy|korea_financial_proxy,beta_sp500_1y_krw=-0.040102
000270.KS,kr_stock,KRW,downside_beta_sp500,S&P500 downside beta,neutral,0.045022,low,-0.045022,downside_beta_sp500_1y_krw,미국 증시 하락일에 함께 하락,미국 증시 하락일에 반대로 움직임,geopolitical_proxy|korea_equity_proxy|korea_financial_proxy,downside_beta_sp500_1y_krw=-0.045022
000270.KS,kr_stock,KRW,corr_sp500_60d,S&P500 60d correlation,neutral,0.023222,low,0.023222,corr_sp500_60d_krw,SPY와 같은 방향,SPY와 반대 방향,geopolitical_proxy|korea_equity_proxy|korea_financial_proxy,corr_sp500_60d_krw=0.023222
000270.KS,kr_stock,KRW,corr_kospi200_60d,KOSPI200 60d correlation,positive,0.779,high,0.779,corr_kospi200_60d_krw,KOSPI200과 같은 방향,KOSPI200과 반대 방향,geopolitical_proxy|korea_equity_proxy|korea_financial_proxy,corr_kospi200_60d_krw=0.779
000270.KS,kr_stock,KRW,stress_response,Stress-period average return,negative,0.002846,medium,-0.002846,avg_stress_ret_krw,위기구간에서 플러스 성과,위기구간에서 마이너스 성과,geopolitical_proxy|korea_equity_proxy|korea_financial_proxy,avg_stress_ret_krw=-0.002846
000660.KS,kr_stock,KRW,market_beta_sp500,S&P500 beta,neutral,0.000128,low,-0.000128,beta_sp500_1y_krw,SPY와 같은 방향,SPY와 반대 방향,ai_capex_proxy|korea_equity_proxy|korea_financial_proxy|semiconductor_proxy,beta_sp500_1y_krw=-0.000128
000660.KS,kr_stock,KRW,downside_beta_sp500,S&P500 downside beta,positive,0.172471,low,0.172471,downside_beta_sp500_1y_krw,미국 증시 하락일에 함께 하락,미국 증시 하락일에 반대로 움직임,ai_capex_proxy|korea_equity_proxy|korea_financial_proxy|semiconductor_proxy,downside_beta_sp500_1y_krw=0.172471
000660.KS,kr_stock,KRW,corr_sp500_60d,S&P500 60d correlation,positive,0.116333,low,0.116333,corr_sp500_60d_krw,SPY와 같은 방향,SPY와 반대 방향,ai_capex_proxy|korea_equity_proxy|korea_financial_proxy|semiconductor_proxy,corr_sp500_60d_krw=0.116333
000660.KS,kr_stock,KRW,corr_kospi200_60d,KOSPI200 60d correlation,positive,0.933042,high,0.933042,corr_kospi200_60d_krw,KOSPI200과 같은 방향,KOSPI200과 반대 방향,ai_capex_proxy|korea_equity_proxy|korea_financial_proxy|semiconductor_proxy,corr_kospi200_60d_krw=0.933042
000660.KS,kr_stock,KRW,stress_response,Stress-period average return,negative,0.005944,high,-0.005944,avg_stress_ret_krw,위기구간에서 플러스 성과,위기구간에서 마이너스 성과,ai_capex_proxy|korea_equity_proxy|korea_financial_proxy|semiconductor_proxy,avg_stress_ret_krw=-0.005944
000810.KS,kr_stock,KRW,market_beta_sp500,S&P500 beta,neutral,0.067268,low,-0.067268,beta_sp500_1y_krw,SPY와 같은 방향,SPY와 반대 방향,korea_equity_proxy|korea_financial_proxy|rate_proxy,beta_sp500_1y_krw=-0.067268
000810.KS,kr_stock,KRW,downside_beta_sp500,S&P500 downside beta,neutral,0.043854,low,-0.043854,downside_beta_sp500_1y_krw,미국 증시 하락일에 함께 하락,미국 증시 하락일에 반대로 움직임,korea_equity_proxy|korea_financial_proxy|rate_proxy,downside_beta_sp500_1y_krw=-0.043854
000810.KS,kr_stock,KRW,corr_sp500_60d,S&P500 60d correlation,neutral,0.091442,low,0.091442,corr_sp500_60d_krw,SPY와 같은 방향,SPY와 반대 방향,korea_equity_proxy|korea_financial_proxy|rate_proxy,corr_sp500_60d_krw=0.091442
000810.KS,kr_stock,KRW,corr_kospi200_60d,KOSPI200 60d correlation,positive,0.435059,medium,0.435059,corr_kospi200_60d_krw,KOSPI200과 같은 방향,KOSPI200과 반대 방향,korea_equity_proxy|korea_financial_proxy|rate_proxy,corr_kospi200_60d_krw=0.435059
000810.KS,kr_stock,KRW,stress_response,Stress-period average return,negative,0.002283,medium,-0.002283,avg_stress_ret_krw,위기구간에서 플러스 성과,위기구간에서 마이너스 성과,korea_equity_proxy|korea_financial_proxy|rate_proxy,avg_stress_ret_krw=-0.002283
003670.KS,kr_stock,KRW,market_beta_sp500,S&P500 beta,neutral,0.098333,low,-0.098333,beta_sp500_1y_krw,SPY와 같은 방향,SPY와 반대 방향,ai_capex_proxy|geopolitical_proxy|korea_equity_proxy|korea_financial_proxy|rate_proxy,beta_sp500_1y_krw=-0.098333
003670.KS,kr_stock,KRW,downside_beta_sp500,S&P500 downside beta,negative,0.123101,low,-0.123101,downside_beta_sp500_1y_krw,미국 증시 하락일에 함께 하락,미국 증시 하락일에 반대로 움직임,ai_capex_proxy|geopolitical_proxy|korea_equity_proxy|korea_financial_proxy|rate_proxy,downside_beta_sp500_1y_krw=-0.123101
003670.KS,kr_stock,KRW,corr_sp500_60d,S&P500 60d correlation,neutral,0.063944,low,-0.063944,corr_sp500_60d_krw,SPY와 같은 방향,SPY와 반대 방향,ai_capex_proxy|geopolitical_proxy|korea_equity_proxy|korea_financial_proxy|rate_proxy,corr_sp500_60d_krw=-0.063944
003670.KS,kr_stock,KRW,corr_kospi200_60d,KOSPI200 60d correlation,positive,0.57955,medium,0.57955,corr_kospi200_60d_krw,KOSPI200과 같은 방향,KOSPI200과 반대 방향,ai_capex_proxy|geopolitical_proxy|korea_equity_proxy|korea_financial_proxy|rate_proxy,corr_kospi200_60d_krw=0.57955
003670.KS,kr_stock,KRW,stress_response,Stress-period average return,negative,0.009102,high,-0.009102,avg_stress_ret_krw,위기구간에서 플러스 성과,위기구간에서 마이너스 성과,ai_capex_proxy|geopolitical_proxy|korea_equity_proxy|korea_financial_proxy|rate_proxy,avg_stress_ret_krw=-0.009102
005380.KS,kr_stock,KRW,market_beta_sp500,S&P500 beta,neutral,0.031956,low,-0.031956,beta_sp500_1y_krw,SPY와 같은 방향,SPY와 반대 방향,geopolitical_proxy|korea_equity_proxy|korea_financial_proxy,beta_sp500_1y_krw=-0.031956
005380.KS,kr_stock,KRW,downside_beta_sp500,S&P500 downside beta,neutral,0.015521,low,0.015521,downside_beta_sp500_1y_krw,미국 증시 하락일에 함께 하락,미국 증시 하락일에 반대로 움직임,geopolitical_proxy|korea_equity_proxy|korea_financial_proxy,downside_beta_sp500_1y_krw=0.015521
005380.KS,kr_stock,KRW,corr_sp500_60d,S&P500 60d correlation,neutral,0.036563,low,0.036563,corr_sp500_60d_krw,SPY와 같은 방향,SPY와 반대 방향,geopolitical_proxy|korea_equity_proxy|korea_financial_proxy,corr_sp500_60d_krw=0.036563
005380.KS,kr_stock,KRW,corr_kospi200_60d,KOSPI200 60d correlation,positive,0.761066,high,0.761066,corr_kospi200_60d_krw,KOSPI200과 같은 방향,KOSPI200과 반대 방향,geopolitical_proxy|korea_equity_proxy|korea_financial_proxy,corr_kospi200_60d_krw=0.761066
005380.KS,kr_stock,KRW,stress_response,Stress-period average return,negative,0.004158,high,-0.004158,avg_stress_ret_krw,위기구간에서 플러스 성과,위기구간에서 마이너스 성과,geopolitical_proxy|korea_equity_proxy|korea_financial_proxy,avg_stress_ret_krw=-0.004158
005490.KS,kr_stock,KRW,market_beta_sp500,S&P500 beta,neutral,0.099984,low,-0.099984,beta_sp500_1y_krw,SPY와 같은 방향,SPY와 반대 방향,geopolitical_proxy|inflation_proxy|korea_equity_proxy|korea_financial_proxy,beta_sp500_1y_krw=-0.099984
005490.KS,kr_stock,KRW,downside_beta_sp500,S&P500 downside beta,negative,0.110214,low,-0.110214,downside_beta_sp500_1y_krw,미국 증시 하락일에 함께 하락,미국 증시 하락일에 반대로 움직임,geopolitical_proxy|inflation_proxy|korea_equity_proxy|korea_financial_proxy,downside_beta_sp500_1y_krw=-0.110214
005490.KS,kr_stock,KRW,corr_sp500_60d,S&P500 60d correlation,negative,0.126884,low,-0.126884,corr_sp500_60d_krw,SPY와 같은 방향,SPY와 반대 방향,geopolitical_proxy|inflation_proxy|korea_equity_proxy|korea_financial_proxy,corr_sp500_60d_krw=-0.126884
005490.KS,kr_stock,KRW,corr_kospi200_60d,KOSPI200 60d correlation,positive,0.565331,medium,0.565331,corr_kospi200_60d_krw,KOSPI200과 같은 방향,KOSPI200과 반대 방향,geopolitical_proxy|inflation_proxy|korea_equity_proxy|korea_financial_proxy,corr_kospi200_60d_krw=0.565331
005490.KS,kr_stock,KRW,stress_response,Stress-period average return,negative,0.006645,high,-0.006645,avg_stress_ret_krw,위기구간에서 플러스 성과,위기구간에서 마이너스 성과,geopolitical_proxy|inflation_proxy|korea_equity_proxy|korea_financial_proxy,avg_stress_ret_krw=-0.006645
005930.KS,kr_stock,KRW,market_beta_sp500,S&P500 beta,neutral,0.042724,low,-0.042724,beta_sp500_1y_krw,SPY와 같은 방향,SPY와 반대 방향,ai_capex_proxy|korea_equity_proxy|korea_financial_proxy|semiconductor_proxy,beta_sp500_1y_krw=-0.042724
005930.KS,kr_stock,KRW,downside_beta_sp500,S&P500 downside beta,neutral,0.025664,low,0.025664,downside_beta_sp500_1y_krw,미국 증시 하락일에 함께 하락,미국 증시 하락일에 반대로 움직임,ai_capex_proxy|korea_equity_proxy|korea_financial_proxy|semiconductor_proxy,downside_beta_sp500_1y_krw=0.025664
005930.KS,kr_stock,KRW,corr_sp500_60d,S&P500 60d correlation,positive,0.122989,low,0.122989,corr_sp500_60d_krw,SPY와 같은 방향,SPY와 반대 방향,ai_capex_proxy|korea_equity_proxy|korea_financial_proxy|semiconductor_proxy,corr_sp500_60d_krw=0.122989
005930.KS,kr_stock,KRW,corr_kospi200_60d,KOSPI200 60d correlation,positive,0.942671,high,0.942671,corr_kospi200_60d_krw,KOSPI200과 같은 방향,KOSPI200과 반대 방향,ai_capex_proxy|korea_equity_proxy|korea_financial_proxy|semiconductor_proxy,corr_kospi200_60d_krw=0.942671
005930.KS,kr_stock,KRW,stress_response,Stress-period average return,negative,0.007075,high,-0.007075,avg_stress_ret_krw,위기구간에서 플러스 성과,위기구간에서 마이너스 성과,ai_capex_proxy|korea_equity_proxy|korea_financial_proxy|semiconductor_proxy,avg_stress_ret_krw=-0.007075
006400.KS,kr_stock,KRW,market_beta_sp500,S&P500 beta,negative,0.129588,low,-0.129588,beta_sp500_1y_krw,SPY와 같은 방향,SPY와 반대 방향,ai_capex_proxy|geopolitical_proxy|korea_equity_proxy|korea_financial_proxy|rate_proxy,beta_sp500_1y_krw=-0.129588
006400.KS,kr_stock,KRW,downside_beta_sp500,S&P500 downside beta,negative,0.124996,low,-0.124996,downside_beta_sp500_1y_krw,미국 증시 하락일에 함께 하락,미국 증시 하락일에 반대로 움직임,ai_capex_proxy|geopolitical_proxy|korea_equity_proxy|korea_financial_proxy|rate_proxy,downside_beta_sp500_1y_krw=-0.124996
006400.KS,kr_stock,KRW,corr_sp500_60d,S&P500 60d correlation,neutral,0.007901,low,0.007901,corr_sp500_60d_krw,SPY와 같은 방향,SPY와 반대 방향,ai_capex_proxy|geopolitical_proxy|korea_equity_proxy|korea_financial_proxy|rate_proxy,corr_sp500_60d_krw=0.007901
006400.KS,kr_stock,KRW,corr_kospi200_60d,KOSPI200 60d correlation,positive,0.426293,medium,0.426293,corr_kospi200_60d_krw,KOSPI200과 같은 방향,KOSPI200과 반대 방향,ai_capex_proxy|geopolitical_proxy|korea_equity_proxy|korea_financial_proxy|rate_proxy,corr_kospi200_60d_krw=0.426293
006400.KS,kr_stock,KRW,stress_response,Stress-period average return,negative,0.007502,high,-0.007502,avg_stress_ret_krw,위기구간에서 플러스 성과,위기구간에서 마이너스 성과,ai_capex_proxy|geopolitical_proxy|korea_equity_proxy|korea_financial_proxy|rate_proxy,avg_stress_ret_krw=-0.007502
011200.KS,kr_stock,KRW,market_beta_sp500,S&P500 beta,negative,0.176856,low,-0.176856,beta_sp500_1y_krw,SPY와 같은 방향,SPY와 반대 방향,geopolitical_proxy|inflation_proxy|korea_equity_proxy|korea_financial_proxy,beta_sp500_1y_krw=-0.176856
011200.KS,kr_stock,KRW,downside_beta_sp500,S&P500 downside beta,negative,0.168001,low,-0.168001,downside_beta_sp500_1y_krw,미국 증시 하락일에 함께 하락,미국 증시 하락일에 반대로 움직임,geopolitical_proxy|inflation_proxy|korea_equity_proxy|korea_financial_proxy,downside_beta_sp500_1y_krw=-0.168001
011200.KS,kr_stock,KRW,corr_sp500_60d,S&P500 60d correlation,negative,0.118269,low,-0.118269,corr_sp500_60d_krw,SPY와 같은 방향,SPY와 반대 방향,geopolitical_proxy|inflation_proxy|korea_equity_proxy|korea_financial_proxy,corr_sp500_60d_krw=-0.118269
011200.KS,kr_stock,KRW,corr_kospi200_60d,KOSPI200 60d correlation,positive,0.479321,medium,0.479321,corr_kospi200_60d_krw,KOSPI200과 같은 방향,KOSPI200과 반대 방향,geopolitical_proxy|inflation_proxy|korea_equity_proxy|korea_financial_proxy,corr_kospi200_60d_krw=0.479321
011200.KS,kr_stock,KRW,stress_response,Stress-period average return,negative,0.004039,high,-0.004039,avg_stress_ret_krw,위기구간에서 플러스 성과,위기구간에서 마이너스 성과,geopolitical_proxy|inflation_proxy|korea_equity_proxy|korea_financial_proxy,avg_stress_ret_krw=-0.004039
017670.KS,kr_stock,KRW,market_beta_sp500,S&P500 beta,neutral,0.094306,low,-0.094306,beta_sp500_1y_krw,SPY와 같은 방향,SPY와 반대 방향,defensive_proxy|korea_equity_proxy|korea_financial_proxy,beta_sp500_1y_krw=-0.094306
017670.KS,kr_stock,KRW,downside_beta_sp500,S&P500 downside beta,neutral,0.016271,low,0.016271,downside_beta_sp500_1y_krw,미국 증시 하락일에 함께 하락,미국 증시 하락일에 반대로 움직임,defensive_proxy|korea_equity_proxy|korea_financial_proxy,downside_beta_sp500_1y_krw=0.016271
017670.KS,kr_stock,KRW,corr_sp500_60d,S&P500 60d correlation,positive,0.141237,low,0.141237,corr_sp500_60d_krw,SPY와 같은 방향,SPY와 반대 방향,defensive_proxy|korea_equity_proxy|korea_financial_proxy,corr_sp500_60d_krw=0.141237
017670.KS,kr_stock,KRW,corr_kospi200_60d,KOSPI200 60d correlation,positive,0.439495,medium,0.439495,corr_kospi200_60d_krw,KOSPI200과 같은 방향,KOSPI200과 반대 방향,defensive_proxy|korea_equity_proxy|korea_financial_proxy,corr_kospi200_60d_krw=0.439495
017670.KS,kr_stock,KRW,stress_response,Stress-period average return,negative,0.001129,low,-0.001129,avg_stress_ret_krw,위기구간에서 플러스 성과,위기구간에서 마이너스 성과,defensive_proxy|korea_equity_proxy|korea_financial_proxy,avg_stress_ret_krw=-0.001129
032830.KS,kr_stock,KRW,market_beta_sp500,S&P500 beta,neutral,0.092268,low,-0.092268,beta_sp500_1y_krw,SPY와 같은 방향,SPY와 반대 방향,korea_equity_proxy|korea_financial_proxy|rate_proxy,beta_sp500_1y_krw=-0.092268
032830.KS,kr_stock,KRW,downside_beta_sp500,S&P500 downside beta,neutral,0.044581,low,-0.044581,downside_beta_sp500_1y_krw,미국 증시 하락일에 함께 하락,미국 증시 하락일에 반대로 움직임,korea_equity_proxy|korea_financial_proxy|rate_proxy,downside_beta_sp500_1y_krw=-0.044581
032830.KS,kr_stock,KRW,corr_sp500_60d,S&P500 60d correlation,neutral,0.035324,low,0.035324,corr_sp500_60d_krw,SPY와 같은 방향,SPY와 반대 방향,korea_equity_proxy|korea_financial_proxy|rate_proxy,corr_sp500_60d_krw=0.035324
032830.KS,kr_stock,KRW,corr_kospi200_60d,KOSPI200 60d correlation,positive,0.747282,high,0.747282,corr_kospi200_60d_krw,KOSPI200과 같은 방향,KOSPI200과 반대 방향,korea_equity_proxy|korea_financial_proxy|rate_proxy,corr_kospi200_60d_krw=0.747282
032830.KS,kr_stock,KRW,stress_response,Stress-period average return,negative,0.004532,high,-0.004532,avg_stress_ret_krw,위기구간에서 플러스 성과,위기구간에서 마이너스 성과,korea_equity_proxy|korea_financial_proxy|rate_proxy,avg_stress_ret_krw=-0.004532
034020.KS,kr_stock,KRW,market_beta_sp500,S&P500 beta,neutral,0.036134,low,-0.036134,beta_sp500_1y_krw,SPY와 같은 방향,SPY와 반대 방향,geopolitical_proxy|inflation_proxy|korea_equity_proxy|korea_financial_proxy,beta_sp500_1y_krw=-0.036134
034020.KS,kr_stock,KRW,downside_beta_sp500,S&P500 downside beta,positive,0.10296,low,0.10296,downside_beta_sp500_1y_krw,미국 증시 하락일에 함께 하락,미국 증시 하락일에 반대로 움직임,geopolitical_proxy|inflation_proxy|korea_equity_proxy|korea_financial_proxy,downside_beta_sp500_1y_krw=0.10296
034020.KS,kr_stock,KRW,corr_sp500_60d,S&P500 60d correlation,neutral,0.017995,low,-0.017995,corr_sp500_60d_krw,SPY와 같은 방향,SPY와 반대 방향,geopolitical_proxy|inflation_proxy|korea_equity_proxy|korea_financial_proxy,corr_sp500_60d_krw=-0.017995
034020.KS,kr_stock,KRW,corr_kospi200_60d,KOSPI200 60d correlation,positive,0.647532,high,0.647532,corr_kospi200_60d_krw,KOSPI200과 같은 방향,KOSPI200과 반대 방향,geopolitical_proxy|inflation_proxy|korea_equity_proxy|korea_financial_proxy,corr_kospi200_60d_krw=0.647532
034020.KS,kr_stock,KRW,stress_response,Stress-period average return,negative,0.006608,high,-0.006608,avg_stress_ret_krw,위기구간에서 플러스 성과,위기구간에서 마이너스 성과,geopolitical_proxy|inflation_proxy|korea_equity_proxy|korea_financial_proxy,avg_stress_ret_krw=-0.006608
035420.KS,kr_stock,KRW,market_beta_sp500,S&P500 beta,neutral,0.052537,low,-0.052537,beta_sp500_1y_krw,SPY와 같은 방향,SPY와 반대 방향,ai_capex_proxy|korea_equity_proxy|korea_financial_proxy|rate_proxy,beta_sp500_1y_krw=-0.052537
035420.KS,kr_stock,KRW,downside_beta_sp500,S&P500 downside beta,neutral,0.043882,low,0.043882,downside_beta_sp500_1y_krw,미국 증시 하락일에 함께 하락,미국 증시 하락일에 반대로 움직임,ai_capex_proxy|korea_equity_proxy|korea_financial_proxy|rate_proxy,downside_beta_sp500_1y_krw=0.043882
035420.KS,kr_stock,KRW,corr_sp500_60d,S&P500 60d correlation,neutral,0.08921,low,0.08921,corr_sp500_60d_krw,SPY와 같은 방향,SPY와 반대 방향,ai_capex_proxy|korea_equity_proxy|korea_financial_proxy|rate_proxy,corr_sp500_60d_krw=0.08921
035420.KS,kr_stock,KRW,corr_kospi200_60d,KOSPI200 60d correlation,positive,0.400204,medium,0.400204,corr_kospi200_60d_krw,KOSPI200과 같은 방향,KOSPI200과 반대 방향,ai_capex_proxy|korea_equity_proxy|korea_financial_proxy|rate_proxy,corr_kospi200_60d_krw=0.400204
035420.KS,kr_stock,KRW,stress_response,Stress-period average return,negative,0.007373,high,-0.007373,avg_stress_ret_krw,위기구간에서 플러스 성과,위기구간에서 마이너스 성과,ai_capex_proxy|korea_equity_proxy|korea_financial_proxy|rate_proxy,avg_stress_ret_krw=-0.007373
035720.KS,kr_stock,KRW,market_beta_sp500,S&P500 beta,neutral,0.092519,low,-0.092519,beta_sp500_1y_krw,SPY와 같은 방향,SPY와 반대 방향,ai_capex_proxy|korea_equity_proxy|korea_financial_proxy|rate_proxy,beta_sp500_1y_krw=-0.092519
035720.KS,kr_stock,KRW,downside_beta_sp500,S&P500 downside beta,neutral,0.024498,low,-0.024498,downside_beta_sp500_1y_krw,미국 증시 하락일에 함께 하락,미국 증시 하락일에 반대로 움직임,ai_capex_proxy|korea_equity_proxy|korea_financial_proxy|rate_proxy,downside_beta_sp500_1y_krw=-0.024498
035720.KS,kr_stock,KRW,corr_sp500_60d,S&P500 60d correlation,neutral,0.043428,low,0.043428,corr_sp500_60d_krw,SPY와 같은 방향,SPY와 반대 방향,ai_capex_proxy|korea_equity_proxy|korea_financial_proxy|rate_proxy,corr_sp500_60d_krw=0.043428
035720.KS,kr_stock,KRW,corr_kospi200_60d,KOSPI200 60d correlation,positive,0.648887,high,0.648887,corr_kospi200_60d_krw,KOSPI200과 같은 방향,KOSPI200과 반대 방향,ai_capex_proxy|korea_equity_proxy|korea_financial_proxy|rate_proxy,corr_kospi200_60d_krw=0.648887
035720.KS,kr_stock,KRW,stress_response,Stress-period average return,negative,0.009532,high,-0.009532,avg_stress_ret_krw,위기구간에서 플러스 성과,위기구간에서 마이너스 성과,ai_capex_proxy|korea_equity_proxy|korea_financial_proxy|rate_proxy,avg_stress_ret_krw=-0.009532
051910.KS,kr_stock,KRW,market_beta_sp500,S&P500 beta,negative,0.113761,low,-0.113761,beta_sp500_1y_krw,SPY와 같은 방향,SPY와 반대 방향,geopolitical_proxy|korea_equity_proxy|korea_financial_proxy|rate_proxy,beta_sp500_1y_krw=-0.113761
051910.KS,kr_stock,KRW,downside_beta_sp500,S&P500 downside beta,neutral,0.087243,low,-0.087243,downside_beta_sp500_1y_krw,미국 증시 하락일에 함께 하락,미국 증시 하락일에 반대로 움직임,geopolitical_proxy|korea_equity_proxy|korea_financial_proxy|rate_proxy,downside_beta_sp500_1y_krw=-0.087243
051910.KS,kr_stock,KRW,corr_sp500_60d,S&P500 60d correlation,negative,0.170722,low,-0.170722,corr_sp500_60d_krw,SPY와 같은 방향,SPY와 반대 방향,geopolitical_proxy|korea_equity_proxy|korea_financial_proxy|rate_proxy,corr_sp500_60d_krw=-0.170722
051910.KS,kr_stock,KRW,corr_kospi200_60d,KOSPI200 60d correlation,positive,0.611895,high,0.611895,corr_kospi200_60d_krw,KOSPI200과 같은 방향,KOSPI200과 반대 방향,geopolitical_proxy|korea_equity_proxy|korea_financial_proxy|rate_proxy,corr_kospi200_60d_krw=0.611895
051910.KS,kr_stock,KRW,stress_response,Stress-period average return,negative,0.007423,high,-0.007423,avg_stress_ret_krw,위기구간에서 플러스 성과,위기구간에서 마이너스 성과,geopolitical_proxy|korea_equity_proxy|korea_financial_proxy|rate_proxy,avg_stress_ret_krw=-0.007423
055550.KS,kr_stock,KRW,market_beta_sp500,S&P500 beta,neutral,0.080858,low,-0.080858,beta_sp500_1y_krw,SPY와 같은 방향,SPY와 반대 방향,credit_proxy|korea_equity_proxy|korea_financial_proxy|rate_proxy,beta_sp500_1y_krw=-0.080858
055550.KS,kr_stock,KRW,downside_beta_sp500,S&P500 downside beta,negative,0.146797,low,-0.146797,downside_beta_sp500_1y_krw,미국 증시 하락일에 함께 하락,미국 증시 하락일에 반대로 움직임,credit_proxy|korea_equity_proxy|korea_financial_proxy|rate_proxy,downside_beta_sp500_1y_krw=-0.146797
055550.KS,kr_stock,KRW,corr_sp500_60d,S&P500 60d correlation,negative,0.201937,low,-0.201937,corr_sp500_60d_krw,SPY와 같은 방향,SPY와 반대 방향,credit_proxy|korea_equity_proxy|korea_financial_proxy|rate_proxy,corr_sp500_60d_krw=-0.201937
055550.KS,kr_stock,KRW,corr_kospi200_60d,KOSPI200 60d correlation,positive,0.386266,medium,0.386266,corr_kospi200_60d_krw,KOSPI200과 같은 방향,KOSPI200과 반대 방향,credit_proxy|korea_equity_proxy|korea_financial_proxy|rate_proxy,corr_kospi200_60d_krw=0.386266
055550.KS,kr_stock,KRW,stress_response,Stress-period average return,negative,0.0054,high,-0.0054,avg_stress_ret_krw,위기구간에서 플러스 성과,위기구간에서 마이너스 성과,credit_proxy|korea_equity_proxy|korea_financial_proxy|rate_proxy,avg_stress_ret_krw=-0.0054
066570.KS,kr_stock,KRW,market_beta_sp500,S&P500 beta,neutral,0.027962,low,0.027962,beta_sp500_1y_krw,SPY와 같은 방향,SPY와 반대 방향,geopolitical_proxy|korea_equity_proxy|korea_financial_proxy,beta_sp500_1y_krw=0.027962
066570.KS,kr_stock,KRW,downside_beta_sp500,S&P500 downside beta,neutral,0.025808,low,0.025808,downside_beta_sp500_1y_krw,미국 증시 하락일에 함께 하락,미국 증시 하락일에 반대로 움직임,geopolitical_proxy|korea_equity_proxy|korea_financial_proxy,downside_beta_sp500_1y_krw=0.025808
066570.KS,kr_stock,KRW,corr_sp500_60d,S&P500 60d correlation,positive,0.10907,low,0.10907,corr_sp500_60d_krw,SPY와 같은 방향,SPY와 반대 방향,geopolitical_proxy|korea_equity_proxy|korea_financial_proxy,corr_sp500_60d_krw=0.10907
066570.KS,kr_stock,KRW,corr_kospi200_60d,KOSPI200 60d correlation,positive,0.509735,medium,0.509735,corr_kospi200_60d_krw,KOSPI200과 같은 방향,KOSPI200과 반대 방향,geopolitical_proxy|korea_equity_proxy|korea_financial_proxy,corr_kospi200_60d_krw=0.509735
066570.KS,kr_stock,KRW,stress_response,Stress-period average return,negative,0.006836,high,-0.006836,avg_stress_ret_krw,위기구간에서 플러스 성과,위기구간에서 마이너스 성과,geopolitical_proxy|korea_equity_proxy|korea_financial_proxy,avg_stress_ret_krw=-0.006836
068270.KS,kr_stock,KRW,market_beta_sp500,S&P500 beta,negative,0.135424,low,-0.135424,beta_sp500_1y_krw,SPY와 같은 방향,SPY와 반대 방향,korea_equity_proxy|korea_financial_proxy|rate_proxy,beta_sp500_1y_krw=-0.135424
068270.KS,kr_stock,KRW,downside_beta_sp500,S&P500 downside beta,negative,0.159092,low,-0.159092,downside_beta_sp500_1y_krw,미국 증시 하락일에 함께 하락,미국 증시 하락일에 반대로 움직임,korea_equity_proxy|korea_financial_proxy|rate_proxy,downside_beta_sp500_1y_krw=-0.159092
068270.KS,kr_stock,KRW,corr_sp500_60d,S&P500 60d correlation,negative,0.123428,low,-0.123428,corr_sp500_60d_krw,SPY와 같은 방향,SPY와 반대 방향,korea_equity_proxy|korea_financial_proxy|rate_proxy,corr_sp500_60d_krw=-0.123428
068270.KS,kr_stock,KRW,corr_kospi200_60d,KOSPI200 60d correlation,positive,0.536434,medium,0.536434,corr_kospi200_60d_krw,KOSPI200과 같은 방향,KOSPI200과 반대 방향,korea_equity_proxy|korea_financial_proxy|rate_proxy,corr_kospi200_60d_krw=0.536434
068270.KS,kr_stock,KRW,stress_response,Stress-period average return,negative,0.002157,medium,-0.002157,avg_stress_ret_krw,위기구간에서 플러스 성과,위기구간에서 마이너스 성과,korea_equity_proxy|korea_financial_proxy|rate_proxy,avg_stress_ret_krw=-0.002157
069500.KS,kr_etf,KRW,market_beta_sp500,S&P500 beta,neutral,0.044963,low,-0.044963,beta_sp500_1y_krw,SPY와 같은 방향,SPY와 반대 방향,korea_equity_proxy|korea_financial_proxy,beta_sp500_1y_krw=-0.044963
069500.KS,kr_etf,KRW,downside_beta_sp500,S&P500 downside beta,neutral,0.011866,low,0.011866,downside_beta_sp500_1y_krw,미국 증시 하락일에 함께 하락,미국 증시 하락일에 반대로 움직임,korea_equity_proxy|korea_financial_proxy,downside_beta_sp500_1y_krw=0.011866
069500.KS,kr_etf,KRW,corr_sp500_60d,S&P500 60d correlation,positive,0.103334,low,0.103334,corr_sp500_60d_krw,SPY와 같은 방향,SPY와 반대 방향,korea_equity_proxy|korea_financial_proxy,corr_sp500_60d_krw=0.103334
069500.KS,kr_etf,KRW,corr_kospi200_60d,KOSPI200 60d correlation,positive,0.998237,high,0.998237,corr_kospi200_60d_krw,KOSPI200과 같은 방향,KOSPI200과 반대 방향,korea_equity_proxy|korea_financial_proxy,corr_kospi200_60d_krw=0.998237
069500.KS,kr_etf,KRW,stress_response,Stress-period average return,negative,0.006734,high,-0.006734,avg_stress_ret_krw,위기구간에서 플러스 성과,위기구간에서 마이너스 성과,korea_equity_proxy|korea_financial_proxy,avg_stress_ret_krw=-0.006734
105560.KS,kr_stock,KRW,market_beta_sp500,S&P500 beta,neutral,0.063593,low,-0.063593,beta_sp500_1y_krw,SPY와 같은 방향,SPY와 반대 방향,credit_proxy|korea_equity_proxy|korea_financial_proxy|rate_proxy,beta_sp500_1y_krw=-0.063593
105560.KS,kr_stock,KRW,downside_beta_sp500,S&P500 downside beta,neutral,0.091382,low,-0.091382,downside_beta_sp500_1y_krw,미국 증시 하락일에 함께 하락,미국 증시 하락일에 반대로 움직임,credit_proxy|korea_equity_proxy|korea_financial_proxy|rate_proxy,downside_beta_sp500_1y_krw=-0.091382
105560.KS,kr_stock,KRW,corr_sp500_60d,S&P500 60d correlation,neutral,0.088319,low,-0.088319,corr_sp500_60d_krw,SPY와 같은 방향,SPY와 반대 방향,credit_proxy|korea_equity_proxy|korea_financial_proxy|rate_proxy,corr_sp500_60d_krw=-0.088319
105560.KS,kr_stock,KRW,corr_kospi200_60d,KOSPI200 60d correlation,positive,0.48027,medium,0.48027,corr_kospi200_60d_krw,KOSPI200과 같은 방향,KOSPI200과 반대 방향,credit_proxy|korea_equity_proxy|korea_financial_proxy|rate_proxy,corr_kospi200_60d_krw=0.48027
105560.KS,kr_stock,KRW,stress_response,Stress-period average return,negative,0.00462,high,-0.00462,avg_stress_ret_krw,위기구간에서 플러스 성과,위기구간에서 마이너스 성과,credit_proxy|korea_equity_proxy|korea_financial_proxy|rate_proxy,avg_stress_ret_krw=-0.00462
114800.KS,kr_etf,KRW,market_beta_sp500,S&P500 beta,neutral,0.046315,low,0.046315,beta_sp500_1y_krw,SPY와 같은 방향,SPY와 반대 방향,defensive_proxy|korea_equity_proxy|korea_financial_proxy|rate_proxy|semiconductor_proxy,beta_sp500_1y_krw=0.046315
114800.KS,kr_etf,KRW,downside_beta_sp500,S&P500 downside beta,neutral,0.011649,low,-0.011649,downside_beta_sp500_1y_krw,미국 증시 하락일에 함께 하락,미국 증시 하락일에 반대로 움직임,defensive_proxy|korea_equity_proxy|korea_financial_proxy|rate_proxy|semiconductor_proxy,downside_beta_sp500_1y_krw=-0.011649
114800.KS,kr_etf,KRW,corr_sp500_60d,S&P500 60d correlation,neutral,0.095426,low,-0.095426,corr_sp500_60d_krw,SPY와 같은 방향,SPY와 반대 방향,defensive_proxy|korea_equity_proxy|korea_financial_proxy|rate_proxy|semiconductor_proxy,corr_sp500_60d_krw=-0.095426
114800.KS,kr_etf,KRW,corr_kospi200_60d,KOSPI200 60d correlation,negative,0.997793,high,-0.997793,corr_kospi200_60d_krw,KOSPI200과 같은 방향,KOSPI200과 반대 방향,defensive_proxy|korea_equity_proxy|korea_financial_proxy|rate_proxy|semiconductor_proxy,corr_kospi200_60d_krw=-0.997793
114800.KS,kr_etf,KRW,stress_response,Stress-period average return,positive,0.00689,high,0.00689,avg_stress_ret_krw,위기구간에서 플러스 성과,위기구간에서 마이너스 성과,defensive_proxy|korea_equity_proxy|korea_financial_proxy|rate_proxy|semiconductor_proxy,avg_stress_ret_krw=0.00689
132030.KS,kr_etf,KRW,market_beta_sp500,S&P500 beta,negative,0.105359,low,-0.105359,beta_sp500_1y_krw,SPY와 같은 방향,SPY와 반대 방향,geopolitical_proxy|inflation_proxy|korea_equity_proxy|korea_financial_proxy,beta_sp500_1y_krw=-0.105359
132030.KS,kr_etf,KRW,downside_beta_sp500,S&P500 downside beta,negative,0.160272,low,-0.160272,downside_beta_sp500_1y_krw,미국 증시 하락일에 함께 하락,미국 증시 하락일에 반대로 움직임,geopolitical_proxy|inflation_proxy|korea_equity_proxy|korea_financial_proxy,downside_beta_sp500_1y_krw=-0.160272
132030.KS,kr_etf,KRW,corr_sp500_60d,S&P500 60d correlation,neutral,0.001448,low,0.001448,corr_sp500_60d_krw,SPY와 같은 방향,SPY와 반대 방향,geopolitical_proxy|inflation_proxy|korea_equity_proxy|korea_financial_proxy,corr_sp500_60d_krw=0.001448
132030.KS,kr_etf,KRW,corr_kospi200_60d,KOSPI200 60d correlation,positive,0.618062,high,0.618062,corr_kospi200_60d_krw,KOSPI200과 같은 방향,KOSPI200과 반대 방향,geopolitical_proxy|inflation_proxy|korea_equity_proxy|korea_financial_proxy,corr_kospi200_60d_krw=0.618062
132030.KS,kr_etf,KRW,stress_response,Stress-period average return,neutral,0.000256,low,-0.000256,avg_stress_ret_krw,위기구간에서 플러스 성과,위기구간에서 마이너스 성과,geopolitical_proxy|inflation_proxy|korea_equity_proxy|korea_financial_proxy,avg_stress_ret_krw=-0.000256
153130.KS,kr_etf,KRW,market_beta_sp500,S&P500 beta,neutral,0.000698,low,-0.000698,beta_sp500_1y_krw,SPY와 같은 방향,SPY와 반대 방향,korea_equity_proxy|korea_financial_proxy|rate_proxy,beta_sp500_1y_krw=-0.000698
153130.KS,kr_etf,KRW,downside_beta_sp500,S&P500 downside beta,neutral,0.00225,low,-0.00225,downside_beta_sp500_1y_krw,미국 증시 하락일에 함께 하락,미국 증시 하락일에 반대로 움직임,korea_equity_proxy|korea_financial_proxy|rate_proxy,downside_beta_sp500_1y_krw=-0.00225
153130.KS,kr_etf,KRW,corr_sp500_60d,S&P500 60d correlation,positive,0.29326,low,0.29326,corr_sp500_60d_krw,SPY와 같은 방향,SPY와 반대 방향,korea_equity_proxy|korea_financial_proxy|rate_proxy,corr_sp500_60d_krw=0.29326
153130.KS,kr_etf,KRW,corr_kospi200_60d,KOSPI200 60d correlation,positive,0.14908,low,0.14908,corr_kospi200_60d_krw,KOSPI200과 같은 방향,KOSPI200과 반대 방향,korea_equity_proxy|korea_financial_proxy|rate_proxy,corr_kospi200_60d_krw=0.14908
153130.KS,kr_etf,KRW,stress_response,Stress-period average return,neutral,0.000108,low,0.000108,avg_stress_ret_krw,위기구간에서 플러스 성과,위기구간에서 마이너스 성과,korea_equity_proxy|korea_financial_proxy|rate_proxy,avg_stress_ret_krw=0.000108
207940.KS,kr_stock,KRW,market_beta_sp500,S&P500 beta,neutral,0.08252,low,-0.08252,beta_sp500_1y_krw,SPY와 같은 방향,SPY와 반대 방향,korea_equity_proxy|korea_financial_proxy|rate_proxy,beta_sp500_1y_krw=-0.08252
207940.KS,kr_stock,KRW,downside_beta_sp500,S&P500 downside beta,negative,0.243881,low,-0.243881,downside_beta_sp500_1y_krw,미국 증시 하락일에 함께 하락,미국 증시 하락일에 반대로 움직임,korea_equity_proxy|korea_financial_proxy|rate_proxy,downside_beta_sp500_1y_krw=-0.243881
207940.KS,kr_stock,KRW,corr_sp500_60d,S&P500 60d correlation,neutral,0.062353,low,-0.062353,corr_sp500_60d_krw,SPY와 같은 방향,SPY와 반대 방향,korea_equity_proxy|korea_financial_proxy|rate_proxy,corr_sp500_60d_krw=-0.062353
207940.KS,kr_stock,KRW,corr_kospi200_60d,KOSPI200 60d correlation,positive,0.565771,medium,0.565771,corr_kospi200_60d_krw,KOSPI200과 같은 방향,KOSPI200과 반대 방향,korea_equity_proxy|korea_financial_proxy|rate_proxy,corr_kospi200_60d_krw=0.565771
207940.KS,kr_stock,KRW,stress_response,Stress-period average return,negative,0.002234,medium,-0.002234,avg_stress_ret_krw,위기구간에서 플러스 성과,위기구간에서 마이너스 성과,korea_equity_proxy|korea_financial_proxy|rate_proxy,avg_stress_ret_krw=-0.002234
261240.KS,kr_etf,KRW,market_beta_sp500,S&P500 beta,positive,0.108856,low,0.108856,beta_sp500_1y_krw,SPY와 같은 방향,SPY와 반대 방향,korea_equity_proxy|korea_financial_proxy,beta_sp500_1y_krw=0.108856
261240.KS,kr_etf,KRW,downside_beta_sp500,S&P500 downside beta,neutral,0.08677,low,0.08677,downside_beta_sp500_1y_krw,미국 증시 하락일에 함께 하락,미국 증시 하락일에 반대로 움직임,korea_equity_proxy|korea_financial_proxy,downside_beta_sp500_1y_krw=0.08677
261240.KS,kr_etf,KRW,corr_sp500_60d,S&P500 60d correlation,positive,0.101199,low,0.101199,corr_sp500_60d_krw,SPY와 같은 방향,SPY와 반대 방향,korea_equity_proxy|korea_financial_proxy,corr_sp500_60d_krw=0.101199
261240.KS,kr_etf,KRW,corr_kospi200_60d,KOSPI200 60d correlation,negative,0.704334,high,-0.704334,corr_kospi200_60d_krw,KOSPI200과 같은 방향,KOSPI200과 반대 방향,korea_equity_proxy|korea_financial_proxy,corr_kospi200_60d_krw=-0.704334
261240.KS,kr_etf,KRW,stress_response,Stress-period average return,positive,0.001181,low,0.001181,avg_stress_ret_krw,위기구간에서 플러스 성과,위기구간에서 마이너스 성과,korea_equity_proxy|korea_financial_proxy,avg_stress_ret_krw=0.001181
AAPL,us_stock,USD,market_beta_sp500,S&P500 beta,positive,1.182308,high,1.182308,beta_sp500_1y_krw,SPY와 같은 방향,SPY와 반대 방향,ai_capex_proxy|defensive_proxy|rate_proxy|usd_exposure,beta_sp500_1y_krw=1.182308
AAPL,us_stock,USD,downside_beta_sp500,S&P500 downside beta,positive,1.211431,high,1.211431,downside_beta_sp500_1y_krw,미국 증시 하락일에 함께 하락,미국 증시 하락일에 반대로 움직임,ai_capex_proxy|defensive_proxy|rate_proxy|usd_exposure,downside_beta_sp500_1y_krw=1.211431
AAPL,us_stock,USD,corr_sp500_60d,S&P500 60d correlation,positive,0.565194,medium,0.565194,corr_sp500_60d_krw,SPY와 같은 방향,SPY와 반대 방향,ai_capex_proxy|defensive_proxy|rate_proxy|usd_exposure,corr_sp500_60d_krw=0.565194
AAPL,us_stock,USD,corr_kospi200_60d,KOSPI200 60d correlation,neutral,0.042763,low,-0.042763,corr_kospi200_60d_krw,KOSPI200과 같은 방향,KOSPI200과 반대 방향,ai_capex_proxy|defensive_proxy|rate_proxy|usd_exposure,corr_kospi200_60d_krw=-0.042763
AAPL,us_stock,USD,stress_response,Stress-period average return,neutral,0.000339,low,0.000339,avg_stress_ret_krw,위기구간에서 플러스 성과,위기구간에서 마이너스 성과,ai_capex_proxy|defensive_proxy|rate_proxy|usd_exposure,avg_stress_ret_krw=0.000339
ABBV,us_stock,USD,market_beta_sp500,S&P500 beta,positive,0.490332,medium,0.490332,beta_sp500_1y_krw,SPY와 같은 방향,SPY와 반대 방향,defensive_proxy|usd_exposure,beta_sp500_1y_krw=0.490332
ABBV,us_stock,USD,downside_beta_sp500,S&P500 downside beta,positive,0.548527,medium,0.548527,downside_beta_sp500_1y_krw,미국 증시 하락일에 함께 하락,미국 증시 하락일에 반대로 움직임,defensive_proxy|usd_exposure,downside_beta_sp500_1y_krw=0.548527
ABBV,us_stock,USD,corr_sp500_60d,S&P500 60d correlation,positive,0.370131,medium,0.370131,corr_sp500_60d_krw,SPY와 같은 방향,SPY와 반대 방향,defensive_proxy|usd_exposure,corr_sp500_60d_krw=0.370131
ABBV,us_stock,USD,corr_kospi200_60d,KOSPI200 60d correlation,negative,0.131755,low,-0.131755,corr_kospi200_60d_krw,KOSPI200과 같은 방향,KOSPI200과 반대 방향,defensive_proxy|usd_exposure,corr_kospi200_60d_krw=-0.131755
ABBV,us_stock,USD,stress_response,Stress-period average return,positive,0.001496,low,0.001496,avg_stress_ret_krw,위기구간에서 플러스 성과,위기구간에서 마이너스 성과,defensive_proxy|usd_exposure,avg_stress_ret_krw=0.001496
AGG,bond_etf,USD,market_beta_sp500,S&P500 beta,positive,0.240532,low,0.240532,beta_sp500_1y_krw,SPY와 같은 방향,SPY와 반대 방향,defensive_proxy|rate_proxy|usd_exposure,beta_sp500_1y_krw=0.240532
AGG,bond_etf,USD,downside_beta_sp500,S&P500 downside beta,positive,0.196882,low,0.196882,downside_beta_sp500_1y_krw,미국 증시 하락일에 함께 하락,미국 증시 하락일에 반대로 움직임,defensive_proxy|rate_proxy|usd_exposure,downside_beta_sp500_1y_krw=0.196882
AGG,bond_etf,USD,corr_sp500_60d,S&P500 60d correlation,positive,0.685404,high,0.685404,corr_sp500_60d_krw,SPY와 같은 방향,SPY와 반대 방향,defensive_proxy|rate_proxy|usd_exposure,corr_sp500_60d_krw=0.685404
AGG,bond_etf,USD,corr_kospi200_60d,KOSPI200 60d correlation,negative,0.136752,low,-0.136752,corr_kospi200_60d_krw,KOSPI200과 같은 방향,KOSPI200과 반대 방향,defensive_proxy|rate_proxy|usd_exposure,corr_kospi200_60d_krw=-0.136752
AGG,bond_etf,USD,stress_response,Stress-period average return,neutral,9.5e-05,low,9.5e-05,avg_stress_ret_krw,위기구간에서 플러스 성과,위기구간에서 마이너스 성과,defensive_proxy|rate_proxy|usd_exposure,avg_stress_ret_krw=9.5e-05
AMAT,us_stock,USD,market_beta_sp500,S&P500 beta,positive,1.632645,high,1.632645,beta_sp500_1y_krw,SPY와 같은 방향,SPY와 반대 방향,ai_capex_proxy|rate_proxy|semiconductor_proxy|usd_exposure,beta_sp500_1y_krw=1.632645
AMAT,us_stock,USD,downside_beta_sp500,S&P500 downside beta,positive,1.41924,high,1.41924,downside_beta_sp500_1y_krw,미국 증시 하락일에 함께 하락,미국 증시 하락일에 반대로 움직임,ai_capex_proxy|rate_proxy|semiconductor_proxy|usd_exposure,downside_beta_sp500_1y_krw=1.41924
AMAT,us_stock,USD,corr_sp500_60d,S&P500 60d correlation,positive,0.517877,medium,0.517877,corr_sp500_60d_krw,SPY와 같은 방향,SPY와 반대 방향,ai_capex_proxy|rate_proxy|semiconductor_proxy|usd_exposure,corr_sp500_60d_krw=0.517877
AMAT,us_stock,USD,corr_kospi200_60d,KOSPI200 60d correlation,positive,0.169572,low,0.169572,corr_kospi200_60d_krw,KOSPI200과 같은 방향,KOSPI200과 반대 방향,ai_capex_proxy|rate_proxy|semiconductor_proxy|usd_exposure,corr_kospi200_60d_krw=0.169572
AMAT,us_stock,USD,stress_response,Stress-period average return,neutral,0.000353,low,-0.000353,avg_stress_ret_krw,위기구간에서 플러스 성과,위기구간에서 마이너스 성과,ai_capex_proxy|rate_proxy|semiconductor_proxy|usd_exposure,avg_stress_ret_krw=-0.000353
AMD,us_stock,USD,market_beta_sp500,S&P500 beta,positive,1.860257,high,1.860257,beta_sp500_1y_krw,SPY와 같은 방향,SPY와 반대 방향,ai_capex_proxy|rate_proxy|semiconductor_proxy|usd_exposure,beta_sp500_1y_krw=1.860257
AMD,us_stock,USD,downside_beta_sp500,S&P500 downside beta,positive,1.646519,high,1.646519,downside_beta_sp500_1y_krw,미국 증시 하락일에 함께 하락,미국 증시 하락일에 반대로 움직임,ai_capex_proxy|rate_proxy|semiconductor_proxy|usd_exposure,downside_beta_sp500_1y_krw=1.646519
AMD,us_stock,USD,corr_sp500_60d,S&P500 60d correlation,positive,0.435139,medium,0.435139,corr_sp500_60d_krw,SPY와 같은 방향,SPY와 반대 방향,ai_capex_proxy|rate_proxy|semiconductor_proxy|usd_exposure,corr_sp500_60d_krw=0.435139
AMD,us_stock,USD,corr_kospi200_60d,KOSPI200 60d correlation,positive,0.214915,low,0.214915,corr_kospi200_60d_krw,KOSPI200과 같은 방향,KOSPI200과 반대 방향,ai_capex_proxy|rate_proxy|semiconductor_proxy|usd_exposure,corr_kospi200_60d_krw=0.214915
AMD,us_stock,USD,stress_response,Stress-period average return,negative,0.005355,high,-0.005355,avg_stress_ret_krw,위기구간에서 플러스 성과,위기구간에서 마이너스 성과,ai_capex_proxy|rate_proxy|semiconductor_proxy|usd_exposure,avg_stress_ret_krw=-0.005355
AMZN,us_stock,USD,market_beta_sp500,S&P500 beta,positive,1.398608,high,1.398608,beta_sp500_1y_krw,SPY와 같은 방향,SPY와 반대 방향,ai_capex_proxy|defensive_proxy|rate_proxy|usd_exposure,beta_sp500_1y_krw=1.398608
AMZN,us_stock,USD,downside_beta_sp500,S&P500 downside beta,positive,1.552849,high,1.552849,downside_beta_sp500_1y_krw,미국 증시 하락일에 함께 하락,미국 증시 하락일에 반대로 움직임,ai_capex_proxy|defensive_proxy|rate_proxy|usd_exposure,downside_beta_sp500_1y_krw=1.552849
AMZN,us_stock,USD,corr_sp500_60d,S&P500 60d correlation,positive,0.640215,high,0.640215,corr_sp500_60d_krw,SPY와 같은 방향,SPY와 반대 방향,ai_capex_proxy|defensive_proxy|rate_proxy|usd_exposure,corr_sp500_60d_krw=0.640215
AMZN,us_stock,USD,corr_kospi200_60d,KOSPI200 60d correlation,neutral,0.034881,low,0.034881,corr_kospi200_60d_krw,KOSPI200과 같은 방향,KOSPI200과 반대 방향,ai_capex_proxy|defensive_proxy|rate_proxy|usd_exposure,corr_kospi200_60d_krw=0.034881
AMZN,us_stock,USD,stress_response,Stress-period average return,positive,0.001152,low,0.001152,avg_stress_ret_krw,위기구간에서 플러스 성과,위기구간에서 마이너스 성과,ai_capex_proxy|defensive_proxy|rate_proxy|usd_exposure,avg_stress_ret_krw=0.001152
ASML,us_stock,USD,market_beta_sp500,S&P500 beta,positive,1.549045,high,1.549045,beta_sp500_1y_krw,SPY와 같은 방향,SPY와 반대 방향,ai_capex_proxy|geopolitical_proxy|semiconductor_proxy|usd_exposure,beta_sp500_1y_krw=1.549045
ASML,us_stock,USD,downside_beta_sp500,S&P500 downside beta,positive,1.365657,high,1.365657,downside_beta_sp500_1y_krw,미국 증시 하락일에 함께 하락,미국 증시 하락일에 반대로 움직임,ai_capex_proxy|geopolitical_proxy|semiconductor_proxy|usd_exposure,downside_beta_sp500_1y_krw=1.365657
ASML,us_stock,USD,corr_sp500_60d,S&P500 60d correlation,positive,0.572343,medium,0.572343,corr_sp500_60d_krw,SPY와 같은 방향,SPY와 반대 방향,ai_capex_proxy|geopolitical_proxy|semiconductor_proxy|usd_exposure,corr_sp500_60d_krw=0.572343
ASML,us_stock,USD,corr_kospi200_60d,KOSPI200 60d correlation,positive,0.150375,low,0.150375,corr_kospi200_60d_krw,KOSPI200과 같은 방향,KOSPI200과 반대 방향,ai_capex_proxy|geopolitical_proxy|semiconductor_proxy|usd_exposure,corr_kospi200_60d_krw=0.150375
ASML,us_stock,USD,stress_response,Stress-period average return,negative,0.000728,low,-0.000728,avg_stress_ret_krw,위기구간에서 플러스 성과,위기구간에서 마이너스 성과,ai_capex_proxy|geopolitical_proxy|semiconductor_proxy|usd_exposure,avg_stress_ret_krw=-0.000728
AVGO,us_stock,USD,market_beta_sp500,S&P500 beta,positive,1.530526,high,1.530526,beta_sp500_1y_krw,SPY와 같은 방향,SPY와 반대 방향,ai_capex_proxy|rate_proxy|semiconductor_proxy|usd_exposure,beta_sp500_1y_krw=1.530526
AVGO,us_stock,USD,downside_beta_sp500,S&P500 downside beta,positive,1.558283,high,1.558283,downside_beta_sp500_1y_krw,미국 증시 하락일에 함께 하락,미국 증시 하락일에 반대로 움직임,ai_capex_proxy|rate_proxy|semiconductor_proxy|usd_exposure,downside_beta_sp500_1y_krw=1.558283
AVGO,us_stock,USD,corr_sp500_60d,S&P500 60d correlation,positive,0.578216,medium,0.578216,corr_sp500_60d_krw,SPY와 같은 방향,SPY와 반대 방향,ai_capex_proxy|rate_proxy|semiconductor_proxy|usd_exposure,corr_sp500_60d_krw=0.578216
AVGO,us_stock,USD,corr_kospi200_60d,KOSPI200 60d correlation,positive,0.112112,low,0.112112,corr_kospi200_60d_krw,KOSPI200과 같은 방향,KOSPI200과 반대 방향,ai_capex_proxy|rate_proxy|semiconductor_proxy|usd_exposure,corr_kospi200_60d_krw=0.112112
AVGO,us_stock,USD,stress_response,Stress-period average return,positive,0.001246,low,0.001246,avg_stress_ret_krw,위기구간에서 플러스 성과,위기구간에서 마이너스 성과,ai_capex_proxy|rate_proxy|semiconductor_proxy|usd_exposure,avg_stress_ret_krw=0.001246
BAC,us_stock,USD,market_beta_sp500,S&P500 beta,positive,0.995922,medium,0.995922,beta_sp500_1y_krw,SPY와 같은 방향,SPY와 반대 방향,credit_proxy|defensive_proxy|korea_financial_proxy|rate_proxy|usd_exposure,beta_sp500_1y_krw=0.995922
BAC,us_stock,USD,downside_beta_sp500,S&P500 downside beta,positive,1.026278,high,1.026278,downside_beta_sp500_1y_krw,미국 증시 하락일에 함께 하락,미국 증시 하락일에 반대로 움직임,credit_proxy|defensive_proxy|korea_financial_proxy|rate_proxy|usd_exposure,downside_beta_sp500_1y_krw=1.026278
BAC,us_stock,USD,corr_sp500_60d,S&P500 60d correlation,positive,0.528663,medium,0.528663,corr_sp500_60d_krw,SPY와 같은 방향,SPY와 반대 방향,credit_proxy|defensive_proxy|korea_financial_proxy|rate_proxy|usd_exposure,corr_sp500_60d_krw=0.528663
BAC,us_stock,USD,corr_kospi200_60d,KOSPI200 60d correlation,neutral,0.066194,low,-0.066194,corr_kospi200_60d_krw,KOSPI200과 같은 방향,KOSPI200과 반대 방향,credit_proxy|defensive_proxy|korea_financial_proxy|rate_proxy|usd_exposure,corr_kospi200_60d_krw=-0.066194
BAC,us_stock,USD,stress_response,Stress-period average return,positive,0.001604,medium,0.001604,avg_stress_ret_krw,위기구간에서 플러스 성과,위기구간에서 마이너스 성과,credit_proxy|defensive_proxy|korea_financial_proxy|rate_proxy|usd_exposure,avg_stress_ret_krw=0.001604
BIL,bond_etf,USD,market_beta_sp500,S&P500 beta,positive,0.208613,low,0.208613,beta_sp500_1y_krw,SPY와 같은 방향,SPY와 반대 방향,defensive_proxy|rate_proxy|usd_exposure,beta_sp500_1y_krw=0.208613
BIL,bond_etf,USD,downside_beta_sp500,S&P500 downside beta,positive,0.19943,low,0.19943,downside_beta_sp500_1y_krw,미국 증시 하락일에 함께 하락,미국 증시 하락일에 반대로 움직임,defensive_proxy|rate_proxy|usd_exposure,downside_beta_sp500_1y_krw=0.19943
BIL,bond_etf,USD,corr_sp500_60d,S&P500 60d correlation,positive,0.485592,medium,0.485592,corr_sp500_60d_krw,SPY와 같은 방향,SPY와 반대 방향,defensive_proxy|rate_proxy|usd_exposure,corr_sp500_60d_krw=0.485592
BIL,bond_etf,USD,corr_kospi200_60d,KOSPI200 60d correlation,negative,0.156761,low,-0.156761,corr_kospi200_60d_krw,KOSPI200과 같은 방향,KOSPI200과 반대 방향,defensive_proxy|rate_proxy|usd_exposure,corr_kospi200_60d_krw=-0.156761
BIL,bond_etf,USD,stress_response,Stress-period average return,neutral,0.000439,low,0.000439,avg_stress_ret_krw,위기구간에서 플러스 성과,위기구간에서 마이너스 성과,defensive_proxy|rate_proxy|usd_exposure,avg_stress_ret_krw=0.000439
BNB-USD,crypto,USD,market_beta_sp500,S&P500 beta,positive,0.979509,medium,0.979509,beta_sp500_1y_krw,SPY와 같은 방향,SPY와 반대 방향,defensive_proxy|usd_exposure,beta_sp500_1y_krw=0.979509
BNB-USD,crypto,USD,downside_beta_sp500,S&P500 downside beta,positive,1.048879,high,1.048879,downside_beta_sp500_1y_krw,미국 증시 하락일에 함께 하락,미국 증시 하락일에 반대로 움직임,defensive_proxy|usd_exposure,downside_beta_sp500_1y_krw=1.048879
BNB-USD,crypto,USD,corr_sp500_60d,S&P500 60d correlation,positive,0.421849,medium,0.421849,corr_sp500_60d_krw,SPY와 같은 방향,SPY와 반대 방향,defensive_proxy|usd_exposure,corr_sp500_60d_krw=0.421849
BNB-USD,crypto,USD,corr_kospi200_60d,KOSPI200 60d correlation,positive,0.125099,low,0.125099,corr_kospi200_60d_krw,KOSPI200과 같은 방향,KOSPI200과 반대 방향,defensive_proxy|usd_exposure,corr_kospi200_60d_krw=0.125099
BNB-USD,crypto,USD,stress_response,Stress-period average return,positive,0.008047,high,0.008047,avg_stress_ret_krw,위기구간에서 플러스 성과,위기구간에서 마이너스 성과,defensive_proxy|usd_exposure,avg_stress_ret_krw=0.008047
BND,bond_etf,USD,market_beta_sp500,S&P500 beta,positive,0.237996,low,0.237996,beta_sp500_1y_krw,SPY와 같은 방향,SPY와 반대 방향,defensive_proxy|rate_proxy|usd_exposure,beta_sp500_1y_krw=0.237996
BND,bond_etf,USD,downside_beta_sp500,S&P500 downside beta,positive,0.197519,low,0.197519,downside_beta_sp500_1y_krw,미국 증시 하락일에 함께 하락,미국 증시 하락일에 반대로 움직임,defensive_proxy|rate_proxy|usd_exposure,downside_beta_sp500_1y_krw=0.197519
BND,bond_etf,USD,corr_sp500_60d,S&P500 60d correlation,positive,0.676546,high,0.676546,corr_sp500_60d_krw,SPY와 같은 방향,SPY와 반대 방향,defensive_proxy|rate_proxy|usd_exposure,corr_sp500_60d_krw=0.676546
BND,bond_etf,USD,corr_kospi200_60d,KOSPI200 60d correlation,negative,0.141607,low,-0.141607,corr_kospi200_60d_krw,KOSPI200과 같은 방향,KOSPI200과 반대 방향,defensive_proxy|rate_proxy|usd_exposure,corr_kospi200_60d_krw=-0.141607
BND,bond_etf,USD,stress_response,Stress-period average return,neutral,5.9e-05,low,5.9e-05,avg_stress_ret_krw,위기구간에서 플러스 성과,위기구간에서 마이너스 성과,defensive_proxy|rate_proxy|usd_exposure,avg_stress_ret_krw=5.9e-05
BRK-B,us_stock,USD,market_beta_sp500,S&P500 beta,positive,0.705478,medium,0.705478,beta_sp500_1y_krw,SPY와 같은 방향,SPY와 반대 방향,defensive_proxy|usd_exposure,beta_sp500_1y_krw=0.705478
BRK-B,us_stock,USD,downside_beta_sp500,S&P500 downside beta,positive,0.739377,medium,0.739377,downside_beta_sp500_1y_krw,미국 증시 하락일에 함께 하락,미국 증시 하락일에 반대로 움직임,defensive_proxy|usd_exposure,downside_beta_sp500_1y_krw=0.739377
BRK-B,us_stock,USD,corr_sp500_60d,S&P500 60d correlation,positive,0.348648,medium,0.348648,corr_sp500_60d_krw,SPY와 같은 방향,SPY와 반대 방향,defensive_proxy|usd_exposure,corr_sp500_60d_krw=0.348648
BRK-B,us_stock,USD,corr_kospi200_60d,KOSPI200 60d correlation,negative,0.229403,low,-0.229403,corr_kospi200_60d_krw,KOSPI200과 같은 방향,KOSPI200과 반대 방향,defensive_proxy|usd_exposure,corr_kospi200_60d_krw=-0.229403
BRK-B,us_stock,USD,stress_response,Stress-period average return,positive,0.001811,medium,0.001811,avg_stress_ret_krw,위기구간에서 플러스 성과,위기구간에서 마이너스 성과,defensive_proxy|usd_exposure,avg_stress_ret_krw=0.001811
BTAL,equity_etf,USD,market_beta_sp500,S&P500 beta,negative,0.328971,low,-0.328971,beta_sp500_1y_krw,SPY와 같은 방향,SPY와 반대 방향,defensive_proxy|rate_proxy|semiconductor_proxy|usd_exposure,beta_sp500_1y_krw=-0.328971
BTAL,equity_etf,USD,downside_beta_sp500,S&P500 downside beta,negative,0.285085,low,-0.285085,downside_beta_sp500_1y_krw,미국 증시 하락일에 함께 하락,미국 증시 하락일에 반대로 움직임,defensive_proxy|rate_proxy|semiconductor_proxy|usd_exposure,downside_beta_sp500_1y_krw=-0.285085
BTAL,equity_etf,USD,corr_sp500_60d,S&P500 60d correlation,negative,0.156802,low,-0.156802,corr_sp500_60d_krw,SPY와 같은 방향,SPY와 반대 방향,defensive_proxy|rate_proxy|semiconductor_proxy|usd_exposure,corr_sp500_60d_krw=-0.156802
BTAL,equity_etf,USD,corr_kospi200_60d,KOSPI200 60d correlation,negative,0.27487,low,-0.27487,corr_kospi200_60d_krw,KOSPI200과 같은 방향,KOSPI200과 반대 방향,defensive_proxy|rate_proxy|semiconductor_proxy|usd_exposure,corr_kospi200_60d_krw=-0.27487
BTAL,equity_etf,USD,stress_response,Stress-period average return,negative,0.000739,low,-0.000739,avg_stress_ret_krw,위기구간에서 플러스 성과,위기구간에서 마이너스 성과,defensive_proxy|rate_proxy|semiconductor_proxy|usd_exposure,avg_stress_ret_krw=-0.000739
BTC-USD,crypto,USD,market_beta_sp500,S&P500 beta,positive,1.093768,high,1.093768,beta_sp500_1y_krw,SPY와 같은 방향,SPY와 반대 방향,defensive_proxy|usd_exposure,beta_sp500_1y_krw=1.093768
BTC-USD,crypto,USD,downside_beta_sp500,S&P500 downside beta,positive,0.970522,medium,0.970522,downside_beta_sp500_1y_krw,미국 증시 하락일에 함께 하락,미국 증시 하락일에 반대로 움직임,defensive_proxy|usd_exposure,downside_beta_sp500_1y_krw=0.970522
BTC-USD,crypto,USD,corr_sp500_60d,S&P500 60d correlation,positive,0.486049,medium,0.486049,corr_sp500_60d_krw,SPY와 같은 방향,SPY와 반대 방향,defensive_proxy|usd_exposure,corr_sp500_60d_krw=0.486049
BTC-USD,crypto,USD,corr_kospi200_60d,KOSPI200 60d correlation,neutral,0.017444,low,-0.017444,corr_kospi200_60d_krw,KOSPI200과 같은 방향,KOSPI200과 반대 방향,defensive_proxy|usd_exposure,corr_kospi200_60d_krw=-0.017444
BTC-USD,crypto,USD,stress_response,Stress-period average return,positive,0.00667,high,0.00667,avg_stress_ret_krw,위기구간에서 플러스 성과,위기구간에서 마이너스 성과,defensive_proxy|usd_exposure,avg_stress_ret_krw=0.00667
COST,us_stock,USD,market_beta_sp500,S&P500 beta,positive,0.812805,medium,0.812805,beta_sp500_1y_krw,SPY와 같은 방향,SPY와 반대 방향,defensive_proxy|rate_proxy|usd_exposure,beta_sp500_1y_krw=0.812805
COST,us_stock,USD,downside_beta_sp500,S&P500 downside beta,positive,0.879121,medium,0.879121,downside_beta_sp500_1y_krw,미국 증시 하락일에 함께 하락,미국 증시 하락일에 반대로 움직임,defensive_proxy|rate_proxy|usd_exposure,downside_beta_sp500_1y_krw=0.879121
COST,us_stock,USD,corr_sp500_60d,S&P500 60d correlation,positive,0.227635,low,0.227635,corr_sp500_60d_krw,SPY와 같은 방향,SPY와 반대 방향,defensive_proxy|rate_proxy|usd_exposure,corr_sp500_60d_krw=0.227635
COST,us_stock,USD,corr_kospi200_60d,KOSPI200 60d correlation,negative,0.326172,medium,-0.326172,corr_kospi200_60d_krw,KOSPI200과 같은 방향,KOSPI200과 반대 방향,defensive_proxy|rate_proxy|usd_exposure,corr_kospi200_60d_krw=-0.326172
COST,us_stock,USD,stress_response,Stress-period average return,neutral,3e-05,low,3e-05,avg_stress_ret_krw,위기구간에서 플러스 성과,위기구간에서 마이너스 성과,defensive_proxy|rate_proxy|usd_exposure,avg_stress_ret_krw=3e-05
CRM,us_stock,USD,market_beta_sp500,S&P500 beta,positive,1.228647,high,1.228647,beta_sp500_1y_krw,SPY와 같은 방향,SPY와 반대 방향,ai_capex_proxy|defensive_proxy|rate_proxy|usd_exposure,beta_sp500_1y_krw=1.228647
CRM,us_stock,USD,downside_beta_sp500,S&P500 downside beta,positive,1.254479,high,1.254479,downside_beta_sp500_1y_krw,미국 증시 하락일에 함께 하락,미국 증시 하락일에 반대로 움직임,ai_capex_proxy|defensive_proxy|rate_proxy|usd_exposure,downside_beta_sp500_1y_krw=1.254479
CRM,us_stock,USD,corr_sp500_60d,S&P500 60d correlation,positive,0.300932,medium,0.300932,corr_sp500_60d_krw,SPY와 같은 방향,SPY와 반대 방향,ai_capex_proxy|defensive_proxy|rate_proxy|usd_exposure,corr_sp500_60d_krw=0.300932
CRM,us_stock,USD,corr_kospi200_60d,KOSPI200 60d correlation,neutral,0.093404,low,-0.093404,corr_kospi200_60d_krw,KOSPI200과 같은 방향,KOSPI200과 반대 방향,ai_capex_proxy|defensive_proxy|rate_proxy|usd_exposure,corr_kospi200_60d_krw=-0.093404
CRM,us_stock,USD,stress_response,Stress-period average return,positive,0.001906,medium,0.001906,avg_stress_ret_krw,위기구간에서 플러스 성과,위기구간에서 마이너스 성과,ai_capex_proxy|defensive_proxy|rate_proxy|usd_exposure,avg_stress_ret_krw=0.001906
CVX,us_stock,USD,market_beta_sp500,S&P500 beta,positive,0.648924,medium,0.648924,beta_sp500_1y_krw,SPY와 같은 방향,SPY와 반대 방향,geopolitical_proxy|inflation_proxy|usd_exposure,beta_sp500_1y_krw=0.648924
CVX,us_stock,USD,downside_beta_sp500,S&P500 downside beta,positive,0.871106,medium,0.871106,downside_beta_sp500_1y_krw,미국 증시 하락일에 함께 하락,미국 증시 하락일에 반대로 움직임,geopolitical_proxy|inflation_proxy|usd_exposure,downside_beta_sp500_1y_krw=0.871106
CVX,us_stock,USD,corr_sp500_60d,S&P500 60d correlation,neutral,0.051333,low,0.051333,corr_sp500_60d_krw,SPY와 같은 방향,SPY와 반대 방향,geopolitical_proxy|inflation_proxy|usd_exposure,corr_sp500_60d_krw=0.051333
CVX,us_stock,USD,corr_kospi200_60d,KOSPI200 60d correlation,negative,0.35352,medium,-0.35352,corr_kospi200_60d_krw,KOSPI200과 같은 방향,KOSPI200과 반대 방향,geopolitical_proxy|inflation_proxy|usd_exposure,corr_kospi200_60d_krw=-0.35352
CVX,us_stock,USD,stress_response,Stress-period average return,negative,0.001591,medium,-0.001591,avg_stress_ret_krw,위기구간에서 플러스 성과,위기구간에서 마이너스 성과,geopolitical_proxy|inflation_proxy|usd_exposure,avg_stress_ret_krw=-0.001591
DBA,commodity_etf,USD,market_beta_sp500,S&P500 beta,positive,0.293311,low,0.293311,beta_sp500_1y_krw,SPY와 같은 방향,SPY와 반대 방향,geopolitical_proxy|inflation_proxy|usd_exposure,beta_sp500_1y_krw=0.293311
DBA,commodity_etf,USD,downside_beta_sp500,S&P500 downside beta,positive,0.370172,low,0.370172,downside_beta_sp500_1y_krw,미국 증시 하락일에 함께 하락,미국 증시 하락일에 반대로 움직임,geopolitical_proxy|inflation_proxy|usd_exposure,downside_beta_sp500_1y_krw=0.370172
DBA,commodity_etf,USD,corr_sp500_60d,S&P500 60d correlation,positive,0.325302,medium,0.325302,corr_sp500_60d_krw,SPY와 같은 방향,SPY와 반대 방향,geopolitical_proxy|inflation_proxy|usd_exposure,corr_sp500_60d_krw=0.325302
DBA,commodity_etf,USD,corr_kospi200_60d,KOSPI200 60d correlation,negative,0.107766,low,-0.107766,corr_kospi200_60d_krw,KOSPI200과 같은 방향,KOSPI200과 반대 방향,geopolitical_proxy|inflation_proxy|usd_exposure,corr_kospi200_60d_krw=-0.107766
DBA,commodity_etf,USD,stress_response,Stress-period average return,neutral,0.000478,low,-0.000478,avg_stress_ret_krw,위기구간에서 플러스 성과,위기구간에서 마이너스 성과,geopolitical_proxy|inflation_proxy|usd_exposure,avg_stress_ret_krw=-0.000478
DBC,commodity_etf,USD,market_beta_sp500,S&P500 beta,positive,0.376419,low,0.376419,beta_sp500_1y_krw,SPY와 같은 방향,SPY와 반대 방향,geopolitical_proxy|inflation_proxy|usd_exposure,beta_sp500_1y_krw=0.376419
DBC,commodity_etf,USD,downside_beta_sp500,S&P500 downside beta,positive,0.566805,medium,0.566805,downside_beta_sp500_1y_krw,미국 증시 하락일에 함께 하락,미국 증시 하락일에 반대로 움직임,geopolitical_proxy|inflation_proxy|usd_exposure,downside_beta_sp500_1y_krw=0.566805
DBC,commodity_etf,USD,corr_sp500_60d,S&P500 60d correlation,neutral,0.013232,low,0.013232,corr_sp500_60d_krw,SPY와 같은 방향,SPY와 반대 방향,geopolitical_proxy|inflation_proxy|usd_exposure,corr_sp500_60d_krw=0.013232
DBC,commodity_etf,USD,corr_kospi200_60d,KOSPI200 60d correlation,neutral,0.040155,low,-0.040155,corr_kospi200_60d_krw,KOSPI200과 같은 방향,KOSPI200과 반대 방향,geopolitical_proxy|inflation_proxy|usd_exposure,corr_kospi200_60d_krw=-0.040155
DBC,commodity_etf,USD,stress_response,Stress-period average return,negative,0.001836,medium,-0.001836,avg_stress_ret_krw,위기구간에서 플러스 성과,위기구간에서 마이너스 성과,geopolitical_proxy|inflation_proxy|usd_exposure,avg_stress_ret_krw=-0.001836
DIA,equity_etf,USD,market_beta_sp500,S&P500 beta,positive,0.842068,medium,0.842068,beta_sp500_1y_krw,SPY와 같은 방향,SPY와 반대 방향,defensive_proxy|usd_exposure,beta_sp500_1y_krw=0.842068
DIA,equity_etf,USD,downside_beta_sp500,S&P500 downside beta,positive,0.823151,medium,0.823151,downside_beta_sp500_1y_krw,미국 증시 하락일에 함께 하락,미국 증시 하락일에 반대로 움직임,defensive_proxy|usd_exposure,downside_beta_sp500_1y_krw=0.823151
DIA,equity_etf,USD,corr_sp500_60d,S&P500 60d correlation,positive,0.890635,high,0.890635,corr_sp500_60d_krw,SPY와 같은 방향,SPY와 반대 방향,defensive_proxy|usd_exposure,corr_sp500_60d_krw=0.890635
DIA,equity_etf,USD,corr_kospi200_60d,KOSPI200 60d correlation,neutral,0.018444,low,-0.018444,corr_kospi200_60d_krw,KOSPI200과 같은 방향,KOSPI200과 반대 방향,defensive_proxy|usd_exposure,corr_kospi200_60d_krw=-0.018444
DIA,equity_etf,USD,stress_response,Stress-period average return,neutral,6e-06,low,6e-06,avg_stress_ret_krw,위기구간에서 플러스 성과,위기구간에서 마이너스 성과,defensive_proxy|usd_exposure,avg_stress_ret_krw=6e-06
DIS,us_stock,USD,market_beta_sp500,S&P500 beta,positive,0.994674,medium,0.994674,beta_sp500_1y_krw,SPY와 같은 방향,SPY와 반대 방향,defensive_proxy|rate_proxy|usd_exposure,beta_sp500_1y_krw=0.994674
DIS,us_stock,USD,downside_beta_sp500,S&P500 downside beta,positive,1.049994,high,1.049994,downside_beta_sp500_1y_krw,미국 증시 하락일에 함께 하락,미국 증시 하락일에 반대로 움직임,defensive_proxy|rate_proxy|usd_exposure,downside_beta_sp500_1y_krw=1.049994
DIS,us_stock,USD,corr_sp500_60d,S&P500 60d correlation,positive,0.357575,medium,0.357575,corr_sp500_60d_krw,SPY와 같은 방향,SPY와 반대 방향,defensive_proxy|rate_proxy|usd_exposure,corr_sp500_60d_krw=0.357575
DIS,us_stock,USD,corr_kospi200_60d,KOSPI200 60d correlation,neutral,0.097329,low,0.097329,corr_kospi200_60d_krw,KOSPI200과 같은 방향,KOSPI200과 반대 방향,defensive_proxy|rate_proxy|usd_exposure,corr_kospi200_60d_krw=0.097329
DIS,us_stock,USD,stress_response,Stress-period average return,positive,0.001696,medium,0.001696,avg_stress_ret_krw,위기구간에서 플러스 성과,위기구간에서 마이너스 성과,defensive_proxy|rate_proxy|usd_exposure,avg_stress_ret_krw=0.001696
EDV,bond_etf,USD,market_beta_sp500,S&P500 beta,positive,0.206456,low,0.206456,beta_sp500_1y_krw,SPY와 같은 방향,SPY와 반대 방향,defensive_proxy|rate_proxy|usd_exposure,beta_sp500_1y_krw=0.206456
EDV,bond_etf,USD,downside_beta_sp500,S&P500 downside beta,positive,0.10368,low,0.10368,downside_beta_sp500_1y_krw,미국 증시 하락일에 함께 하락,미국 증시 하락일에 반대로 움직임,defensive_proxy|rate_proxy|usd_exposure,downside_beta_sp500_1y_krw=0.10368
EDV,bond_etf,USD,corr_sp500_60d,S&P500 60d correlation,positive,0.65495,high,0.65495,corr_sp500_60d_krw,SPY와 같은 방향,SPY와 반대 방향,defensive_proxy|rate_proxy|usd_exposure,corr_sp500_60d_krw=0.65495
EDV,bond_etf,USD,corr_kospi200_60d,KOSPI200 60d correlation,neutral,0.067431,low,-0.067431,corr_kospi200_60d_krw,KOSPI200과 같은 방향,KOSPI200과 반대 방향,defensive_proxy|rate_proxy|usd_exposure,corr_kospi200_60d_krw=-0.067431
EDV,bond_etf,USD,stress_response,Stress-period average return,negative,0.001076,low,-0.001076,avg_stress_ret_krw,위기구간에서 플러스 성과,위기구간에서 마이너스 성과,defensive_proxy|rate_proxy|usd_exposure,avg_stress_ret_krw=-0.001076
EEM,equity_etf,USD,market_beta_sp500,S&P500 beta,positive,0.738423,medium,0.738423,beta_sp500_1y_krw,SPY와 같은 방향,SPY와 반대 방향,geopolitical_proxy|usd_exposure,beta_sp500_1y_krw=0.738423
EEM,equity_etf,USD,downside_beta_sp500,S&P500 downside beta,positive,0.762746,medium,0.762746,downside_beta_sp500_1y_krw,미국 증시 하락일에 함께 하락,미국 증시 하락일에 반대로 움직임,geopolitical_proxy|usd_exposure,downside_beta_sp500_1y_krw=0.762746
EEM,equity_etf,USD,corr_sp500_60d,S&P500 60d correlation,positive,0.829558,high,0.829558,corr_sp500_60d_krw,SPY와 같은 방향,SPY와 반대 방향,geopolitical_proxy|usd_exposure,corr_sp500_60d_krw=0.829558
EEM,equity_etf,USD,corr_kospi200_60d,KOSPI200 60d correlation,positive,0.237355,low,0.237355,corr_kospi200_60d_krw,KOSPI200과 같은 방향,KOSPI200과 반대 방향,geopolitical_proxy|usd_exposure,corr_kospi200_60d_krw=0.237355
EEM,equity_etf,USD,stress_response,Stress-period average return,negative,0.000696,low,-0.000696,avg_stress_ret_krw,위기구간에서 플러스 성과,위기구간에서 마이너스 성과,geopolitical_proxy|usd_exposure,avg_stress_ret_krw=-0.000696
EFA,equity_etf,USD,market_beta_sp500,S&P500 beta,positive,0.776752,medium,0.776752,beta_sp500_1y_krw,SPY와 같은 방향,SPY와 반대 방향,geopolitical_proxy|usd_exposure,beta_sp500_1y_krw=0.776752
EFA,equity_etf,USD,downside_beta_sp500,S&P500 downside beta,positive,0.755618,medium,0.755618,downside_beta_sp500_1y_krw,미국 증시 하락일에 함께 하락,미국 증시 하락일에 반대로 움직임,geopolitical_proxy|usd_exposure,downside_beta_sp500_1y_krw=0.755618
EFA,equity_etf,USD,corr_sp500_60d,S&P500 60d correlation,positive,0.859665,high,0.859665,corr_sp500_60d_krw,SPY와 같은 방향,SPY와 반대 방향,geopolitical_proxy|usd_exposure,corr_sp500_60d_krw=0.859665
EFA,equity_etf,USD,corr_kospi200_60d,KOSPI200 60d correlation,neutral,0.069832,low,0.069832,corr_kospi200_60d_krw,KOSPI200과 같은 방향,KOSPI200과 반대 방향,geopolitical_proxy|usd_exposure,corr_kospi200_60d_krw=0.069832
EFA,equity_etf,USD,stress_response,Stress-period average return,positive,0.000963,low,0.000963,avg_stress_ret_krw,위기구간에서 플러스 성과,위기구간에서 마이너스 성과,geopolitical_proxy|usd_exposure,avg_stress_ret_krw=0.000963
ETH-USD,crypto,USD,market_beta_sp500,S&P500 beta,positive,1.455454,high,1.455454,beta_sp500_1y_krw,SPY와 같은 방향,SPY와 반대 방향,defensive_proxy|rate_proxy|usd_exposure,beta_sp500_1y_krw=1.455454
ETH-USD,crypto,USD,downside_beta_sp500,S&P500 downside beta,positive,1.405439,high,1.405439,downside_beta_sp500_1y_krw,미국 증시 하락일에 함께 하락,미국 증시 하락일에 반대로 움직임,defensive_proxy|rate_proxy|usd_exposure,downside_beta_sp500_1y_krw=1.405439
ETH-USD,crypto,USD,corr_sp500_60d,S&P500 60d correlation,positive,0.566142,medium,0.566142,corr_sp500_60d_krw,SPY와 같은 방향,SPY와 반대 방향,defensive_proxy|rate_proxy|usd_exposure,corr_sp500_60d_krw=0.566142
ETH-USD,crypto,USD,corr_kospi200_60d,KOSPI200 60d correlation,neutral,0.067187,low,0.067187,corr_kospi200_60d_krw,KOSPI200과 같은 방향,KOSPI200과 반대 방향,defensive_proxy|rate_proxy|usd_exposure,corr_kospi200_60d_krw=0.067187
ETH-USD,crypto,USD,stress_response,Stress-period average return,positive,0.005965,high,0.005965,avg_stress_ret_krw,위기구간에서 플러스 성과,위기구간에서 마이너스 성과,defensive_proxy|rate_proxy|usd_exposure,avg_stress_ret_krw=0.005965
EWJ,equity_etf,USD,market_beta_sp500,S&P500 beta,positive,0.777257,medium,0.777257,beta_sp500_1y_krw,SPY와 같은 방향,SPY와 반대 방향,geopolitical_proxy|usd_exposure,beta_sp500_1y_krw=0.777257
EWJ,equity_etf,USD,downside_beta_sp500,S&P500 downside beta,positive,0.829017,medium,0.829017,downside_beta_sp500_1y_krw,미국 증시 하락일에 함께 하락,미국 증시 하락일에 반대로 움직임,geopolitical_proxy|usd_exposure,downside_beta_sp500_1y_krw=0.829017
EWJ,equity_etf,USD,corr_sp500_60d,S&P500 60d correlation,positive,0.837384,high,0.837384,corr_sp500_60d_krw,SPY와 같은 방향,SPY와 반대 방향,geopolitical_proxy|usd_exposure,corr_sp500_60d_krw=0.837384
EWJ,equity_etf,USD,corr_kospi200_60d,KOSPI200 60d correlation,positive,0.14893,low,0.14893,corr_kospi200_60d_krw,KOSPI200과 같은 방향,KOSPI200과 반대 방향,geopolitical_proxy|usd_exposure,corr_kospi200_60d_krw=0.14893
EWJ,equity_etf,USD,stress_response,Stress-period average return,positive,0.001111,low,0.001111,avg_stress_ret_krw,위기구간에서 플러스 성과,위기구간에서 마이너스 성과,geopolitical_proxy|usd_exposure,avg_stress_ret_krw=0.001111
EWY,equity_etf,USD,market_beta_sp500,S&P500 beta,positive,0.903281,medium,0.903281,beta_sp500_1y_krw,SPY와 같은 방향,SPY와 반대 방향,korea_equity_proxy|korea_financial_proxy|semiconductor_proxy|usd_exposure,beta_sp500_1y_krw=0.903281
EWY,equity_etf,USD,downside_beta_sp500,S&P500 downside beta,positive,0.914987,medium,0.914987,downside_beta_sp500_1y_krw,미국 증시 하락일에 함께 하락,미국 증시 하락일에 반대로 움직임,korea_equity_proxy|korea_financial_proxy|semiconductor_proxy|usd_exposure,downside_beta_sp500_1y_krw=0.914987
EWY,equity_etf,USD,corr_sp500_60d,S&P500 60d correlation,positive,0.681078,high,0.681078,corr_sp500_60d_krw,SPY와 같은 방향,SPY와 반대 방향,korea_equity_proxy|korea_financial_proxy|semiconductor_proxy|usd_exposure,corr_sp500_60d_krw=0.681078
EWY,equity_etf,USD,corr_kospi200_60d,KOSPI200 60d correlation,positive,0.250204,low,0.250204,corr_kospi200_60d_krw,KOSPI200과 같은 방향,KOSPI200과 반대 방향,korea_equity_proxy|korea_financial_proxy|semiconductor_proxy|usd_exposure,corr_kospi200_60d_krw=0.250204
EWY,equity_etf,USD,stress_response,Stress-period average return,negative,0.003854,high,-0.003854,avg_stress_ret_krw,위기구간에서 플러스 성과,위기구간에서 마이너스 성과,korea_equity_proxy|korea_financial_proxy|semiconductor_proxy|usd_exposure,avg_stress_ret_krw=-0.003854
FXE,fx_etf,USD,market_beta_sp500,S&P500 beta,positive,0.243043,low,0.243043,beta_sp500_1y_krw,SPY와 같은 방향,SPY와 반대 방향,usd_exposure,beta_sp500_1y_krw=0.243043
FXE,fx_etf,USD,downside_beta_sp500,S&P500 downside beta,positive,0.196974,low,0.196974,downside_beta_sp500_1y_krw,미국 증시 하락일에 함께 하락,미국 증시 하락일에 반대로 움직임,usd_exposure,downside_beta_sp500_1y_krw=0.196974
FXE,fx_etf,USD,corr_sp500_60d,S&P500 60d correlation,positive,0.694003,high,0.694003,corr_sp500_60d_krw,SPY와 같은 방향,SPY와 반대 방향,usd_exposure,corr_sp500_60d_krw=0.694003
FXE,fx_etf,USD,corr_kospi200_60d,KOSPI200 60d correlation,negative,0.100641,low,-0.100641,corr_kospi200_60d_krw,KOSPI200과 같은 방향,KOSPI200과 반대 방향,usd_exposure,corr_kospi200_60d_krw=-0.100641
FXE,fx_etf,USD,stress_response,Stress-period average return,neutral,0.000168,low,-0.000168,avg_stress_ret_krw,위기구간에서 플러스 성과,위기구간에서 마이너스 성과,usd_exposure,avg_stress_ret_krw=-0.000168
FXF,fx_etf,USD,market_beta_sp500,S&P500 beta,positive,0.181724,low,0.181724,beta_sp500_1y_krw,SPY와 같은 방향,SPY와 반대 방향,usd_exposure,beta_sp500_1y_krw=0.181724
FXF,fx_etf,USD,downside_beta_sp500,S&P500 downside beta,positive,0.110314,low,0.110314,downside_beta_sp500_1y_krw,미국 증시 하락일에 함께 하락,미국 증시 하락일에 반대로 움직임,usd_exposure,downside_beta_sp500_1y_krw=0.110314
FXF,fx_etf,USD,corr_sp500_60d,S&P500 60d correlation,positive,0.69723,high,0.69723,corr_sp500_60d_krw,SPY와 같은 방향,SPY와 반대 방향,usd_exposure,corr_sp500_60d_krw=0.69723
FXF,fx_etf,USD,corr_kospi200_60d,KOSPI200 60d correlation,neutral,0.046104,low,-0.046104,corr_kospi200_60d_krw,KOSPI200과 같은 방향,KOSPI200과 반대 방향,usd_exposure,corr_kospi200_60d_krw=-0.046104
FXF,fx_etf,USD,stress_response,Stress-period average return,negative,0.000507,low,-0.000507,avg_stress_ret_krw,위기구간에서 플러스 성과,위기구간에서 마이너스 성과,usd_exposure,avg_stress_ret_krw=-0.000507
FXI,equity_etf,USD,market_beta_sp500,S&P500 beta,positive,0.71432,medium,0.71432,beta_sp500_1y_krw,SPY와 같은 방향,SPY와 반대 방향,geopolitical_proxy|usd_exposure,beta_sp500_1y_krw=0.71432
FXI,equity_etf,USD,downside_beta_sp500,S&P500 downside beta,positive,0.64044,medium,0.64044,downside_beta_sp500_1y_krw,미국 증시 하락일에 함께 하락,미국 증시 하락일에 반대로 움직임,geopolitical_proxy|usd_exposure,downside_beta_sp500_1y_krw=0.64044
FXI,equity_etf,USD,corr_sp500_60d,S&P500 60d correlation,positive,0.73553,high,0.73553,corr_sp500_60d_krw,SPY와 같은 방향,SPY와 반대 방향,geopolitical_proxy|usd_exposure,corr_sp500_60d_krw=0.73553
FXI,equity_etf,USD,corr_kospi200_60d,KOSPI200 60d correlation,neutral,0.059144,low,0.059144,corr_kospi200_60d_krw,KOSPI200과 같은 방향,KOSPI200과 반대 방향,geopolitical_proxy|usd_exposure,corr_kospi200_60d_krw=0.059144
FXI,equity_etf,USD,stress_response,Stress-period average return,negative,0.000525,low,-0.000525,avg_stress_ret_krw,위기구간에서 플러스 성과,위기구간에서 마이너스 성과,geopolitical_proxy|usd_exposure,avg_stress_ret_krw=-0.000525
FXY,fx_etf,USD,market_beta_sp500,S&P500 beta,positive,0.125424,low,0.125424,beta_sp500_1y_krw,SPY와 같은 방향,SPY와 반대 방향,usd_exposure,beta_sp500_1y_krw=0.125424
FXY,fx_etf,USD,downside_beta_sp500,S&P500 downside beta,neutral,0.076842,low,0.076842,downside_beta_sp500_1y_krw,미국 증시 하락일에 함께 하락,미국 증시 하락일에 반대로 움직임,usd_exposure,downside_beta_sp500_1y_krw=0.076842
FXY,fx_etf,USD,corr_sp500_60d,S&P500 60d correlation,positive,0.613199,high,0.613199,corr_sp500_60d_krw,SPY와 같은 방향,SPY와 반대 방향,usd_exposure,corr_sp500_60d_krw=0.613199
FXY,fx_etf,USD,corr_kospi200_60d,KOSPI200 60d correlation,negative,0.181647,low,-0.181647,corr_kospi200_60d_krw,KOSPI200과 같은 방향,KOSPI200과 반대 방향,usd_exposure,corr_kospi200_60d_krw=-0.181647
FXY,fx_etf,USD,stress_response,Stress-period average return,negative,0.000727,low,-0.000727,avg_stress_ret_krw,위기구간에서 플러스 성과,위기구간에서 마이너스 성과,usd_exposure,avg_stress_ret_krw=-0.000727
GLD,gold_etf,USD,market_beta_sp500,S&P500 beta,positive,0.239933,low,0.239933,beta_sp500_1y_krw,SPY와 같은 방향,SPY와 반대 방향,defensive_proxy|geopolitical_proxy|inflation_proxy|usd_exposure,beta_sp500_1y_krw=0.239933
GLD,gold_etf,USD,downside_beta_sp500,S&P500 downside beta,positive,0.283711,low,0.283711,downside_beta_sp500_1y_krw,미국 증시 하락일에 함께 하락,미국 증시 하락일에 반대로 움직임,defensive_proxy|geopolitical_proxy|inflation_proxy|usd_exposure,downside_beta_sp500_1y_krw=0.283711
GLD,gold_etf,USD,corr_sp500_60d,S&P500 60d correlation,positive,0.570679,medium,0.570679,corr_sp500_60d_krw,SPY와 같은 방향,SPY와 반대 방향,defensive_proxy|geopolitical_proxy|inflation_proxy|usd_exposure,corr_sp500_60d_krw=0.570679
GLD,gold_etf,USD,corr_kospi200_60d,KOSPI200 60d correlation,positive,0.177653,low,0.177653,corr_kospi200_60d_krw,KOSPI200과 같은 방향,KOSPI200과 반대 방향,defensive_proxy|geopolitical_proxy|inflation_proxy|usd_exposure,corr_kospi200_60d_krw=0.177653
GLD,gold_etf,USD,stress_response,Stress-period average return,neutral,0.000237,low,0.000237,avg_stress_ret_krw,위기구간에서 플러스 성과,위기구간에서 마이너스 성과,defensive_proxy|geopolitical_proxy|inflation_proxy|usd_exposure,avg_stress_ret_krw=0.000237
GOOGL,us_stock,USD,market_beta_sp500,S&P500 beta,positive,1.168457,high,1.168457,beta_sp500_1y_krw,SPY와 같은 방향,SPY와 반대 방향,ai_capex_proxy|defensive_proxy|rate_proxy|usd_exposure,beta_sp500_1y_krw=1.168457
GOOGL,us_stock,USD,downside_beta_sp500,S&P500 downside beta,positive,1.104267,high,1.104267,downside_beta_sp500_1y_krw,미국 증시 하락일에 함께 하락,미국 증시 하락일에 반대로 움직임,ai_capex_proxy|defensive_proxy|rate_proxy|usd_exposure,downside_beta_sp500_1y_krw=1.104267
GOOGL,us_stock,USD,corr_sp500_60d,S&P500 60d correlation,positive,0.515221,medium,0.515221,corr_sp500_60d_krw,SPY와 같은 방향,SPY와 반대 방향,ai_capex_proxy|defensive_proxy|rate_proxy|usd_exposure,corr_sp500_60d_krw=0.515221
GOOGL,us_stock,USD,corr_kospi200_60d,KOSPI200 60d correlation,neutral,0.058569,low,0.058569,corr_kospi200_60d_krw,KOSPI200과 같은 방향,KOSPI200과 반대 방향,ai_capex_proxy|defensive_proxy|rate_proxy|usd_exposure,corr_kospi200_60d_krw=0.058569
GOOGL,us_stock,USD,stress_response,Stress-period average return,neutral,0.000337,low,0.000337,avg_stress_ret_krw,위기구간에서 플러스 성과,위기구간에서 마이너스 성과,ai_capex_proxy|defensive_proxy|rate_proxy|usd_exposure,avg_stress_ret_krw=0.000337
GOVT,bond_etf,USD,market_beta_sp500,S&P500 beta,positive,0.199533,low,0.199533,beta_sp500_1y_krw,SPY와 같은 방향,SPY와 반대 방향,defensive_proxy|rate_proxy|usd_exposure,beta_sp500_1y_krw=0.199533
GOVT,bond_etf,USD,downside_beta_sp500,S&P500 downside beta,positive,0.160804,low,0.160804,downside_beta_sp500_1y_krw,미국 증시 하락일에 함께 하락,미국 증시 하락일에 반대로 움직임,defensive_proxy|rate_proxy|usd_exposure,downside_beta_sp500_1y_krw=0.160804
GOVT,bond_etf,USD,corr_sp500_60d,S&P500 60d correlation,positive,0.651487,high,0.651487,corr_sp500_60d_krw,SPY와 같은 방향,SPY와 반대 방향,defensive_proxy|rate_proxy|usd_exposure,corr_sp500_60d_krw=0.651487
GOVT,bond_etf,USD,corr_kospi200_60d,KOSPI200 60d correlation,negative,0.139446,low,-0.139446,corr_kospi200_60d_krw,KOSPI200과 같은 방향,KOSPI200과 반대 방향,defensive_proxy|rate_proxy|usd_exposure,corr_kospi200_60d_krw=-0.139446
GOVT,bond_etf,USD,stress_response,Stress-period average return,neutral,9.7e-05,low,9.7e-05,avg_stress_ret_krw,위기구간에서 플러스 성과,위기구간에서 마이너스 성과,defensive_proxy|rate_proxy|usd_exposure,avg_stress_ret_krw=9.7e-05
GS,us_stock,USD,market_beta_sp500,S&P500 beta,positive,1.103628,high,1.103628,beta_sp500_1y_krw,SPY와 같은 방향,SPY와 반대 방향,credit_proxy|defensive_proxy|korea_financial_proxy|rate_proxy|usd_exposure,beta_sp500_1y_krw=1.103628
GS,us_stock,USD,downside_beta_sp500,S&P500 downside beta,positive,1.054506,high,1.054506,downside_beta_sp500_1y_krw,미국 증시 하락일에 함께 하락,미국 증시 하락일에 반대로 움직임,credit_proxy|defensive_proxy|korea_financial_proxy|rate_proxy|usd_exposure,downside_beta_sp500_1y_krw=1.054506
GS,us_stock,USD,corr_sp500_60d,S&P500 60d correlation,positive,0.655397,high,0.655397,corr_sp500_60d_krw,SPY와 같은 방향,SPY와 반대 방향,credit_proxy|defensive_proxy|korea_financial_proxy|rate_proxy|usd_exposure,corr_sp500_60d_krw=0.655397
GS,us_stock,USD,corr_kospi200_60d,KOSPI200 60d correlation,positive,0.12094,low,0.12094,corr_kospi200_60d_krw,KOSPI200과 같은 방향,KOSPI200과 반대 방향,credit_proxy|defensive_proxy|korea_financial_proxy|rate_proxy|usd_exposure,corr_kospi200_60d_krw=0.12094
GS,us_stock,USD,stress_response,Stress-period average return,positive,0.003311,high,0.003311,avg_stress_ret_krw,위기구간에서 플러스 성과,위기구간에서 마이너스 성과,credit_proxy|defensive_proxy|korea_financial_proxy|rate_proxy|usd_exposure,avg_stress_ret_krw=0.003311
GSG,commodity_etf,USD,market_beta_sp500,S&P500 beta,positive,0.391516,low,0.391516,beta_sp500_1y_krw,SPY와 같은 방향,SPY와 반대 방향,geopolitical_proxy|inflation_proxy|usd_exposure,beta_sp500_1y_krw=0.391516
GSG,commodity_etf,USD,downside_beta_sp500,S&P500 downside beta,positive,0.605776,medium,0.605776,downside_beta_sp500_1y_krw,미국 증시 하락일에 함께 하락,미국 증시 하락일에 반대로 움직임,geopolitical_proxy|inflation_proxy|usd_exposure,downside_beta_sp500_1y_krw=0.605776
GSG,commodity_etf,USD,corr_sp500_60d,S&P500 60d correlation,neutral,0.098059,low,-0.098059,corr_sp500_60d_krw,SPY와 같은 방향,SPY와 반대 방향,geopolitical_proxy|inflation_proxy|usd_exposure,corr_sp500_60d_krw=-0.098059
GSG,commodity_etf,USD,corr_kospi200_60d,KOSPI200 60d correlation,negative,0.124421,low,-0.124421,corr_kospi200_60d_krw,KOSPI200과 같은 방향,KOSPI200과 반대 방향,geopolitical_proxy|inflation_proxy|usd_exposure,corr_kospi200_60d_krw=-0.124421
GSG,commodity_etf,USD,stress_response,Stress-period average return,neutral,0.000193,low,-0.000193,avg_stress_ret_krw,위기구간에서 플러스 성과,위기구간에서 마이너스 성과,geopolitical_proxy|inflation_proxy|usd_exposure,avg_stress_ret_krw=-0.000193
HD,us_stock,USD,market_beta_sp500,S&P500 beta,positive,0.844484,medium,0.844484,beta_sp500_1y_krw,SPY와 같은 방향,SPY와 반대 방향,defensive_proxy|rate_proxy|usd_exposure,beta_sp500_1y_krw=0.844484
HD,us_stock,USD,downside_beta_sp500,S&P500 downside beta,positive,0.74335,medium,0.74335,downside_beta_sp500_1y_krw,미국 증시 하락일에 함께 하락,미국 증시 하락일에 반대로 움직임,defensive_proxy|rate_proxy|usd_exposure,downside_beta_sp500_1y_krw=0.74335
HD,us_stock,USD,corr_sp500_60d,S&P500 60d correlation,positive,0.484245,medium,0.484245,corr_sp500_60d_krw,SPY와 같은 방향,SPY와 반대 방향,defensive_proxy|rate_proxy|usd_exposure,corr_sp500_60d_krw=0.484245
HD,us_stock,USD,corr_kospi200_60d,KOSPI200 60d correlation,neutral,0.065846,low,-0.065846,corr_kospi200_60d_krw,KOSPI200과 같은 방향,KOSPI200과 반대 방향,defensive_proxy|rate_proxy|usd_exposure,corr_kospi200_60d_krw=-0.065846
HD,us_stock,USD,stress_response,Stress-period average return,neutral,0.000245,low,-0.000245,avg_stress_ret_krw,위기구간에서 플러스 성과,위기구간에서 마이너스 성과,defensive_proxy|rate_proxy|usd_exposure,avg_stress_ret_krw=-0.000245
HYG,bond_etf,USD,market_beta_sp500,S&P500 beta,positive,0.45216,medium,0.45216,beta_sp500_1y_krw,SPY와 같은 방향,SPY와 반대 방향,credit_proxy|defensive_proxy|rate_proxy|usd_exposure,beta_sp500_1y_krw=0.45216
HYG,bond_etf,USD,downside_beta_sp500,S&P500 downside beta,positive,0.427839,medium,0.427839,downside_beta_sp500_1y_krw,미국 증시 하락일에 함께 하락,미국 증시 하락일에 반대로 움직임,credit_proxy|defensive_proxy|rate_proxy|usd_exposure,downside_beta_sp500_1y_krw=0.427839
HYG,bond_etf,USD,corr_sp500_60d,S&P500 60d correlation,positive,0.757485,high,0.757485,corr_sp500_60d_krw,SPY와 같은 방향,SPY와 반대 방향,credit_proxy|defensive_proxy|rate_proxy|usd_exposure,corr_sp500_60d_krw=0.757485
HYG,bond_etf,USD,corr_kospi200_60d,KOSPI200 60d correlation,negative,0.164701,low,-0.164701,corr_kospi200_60d_krw,KOSPI200과 같은 방향,KOSPI200과 반대 방향,credit_proxy|defensive_proxy|rate_proxy|usd_exposure,corr_kospi200_60d_krw=-0.164701
HYG,bond_etf,USD,stress_response,Stress-period average return,neutral,0.000369,low,0.000369,avg_stress_ret_krw,위기구간에서 플러스 성과,위기구간에서 마이너스 성과,credit_proxy|defensive_proxy|rate_proxy|usd_exposure,avg_stress_ret_krw=0.000369
IAU,gold_etf,USD,market_beta_sp500,S&P500 beta,positive,0.239963,low,0.239963,beta_sp500_1y_krw,SPY와 같은 방향,SPY와 반대 방향,defensive_proxy|geopolitical_proxy|inflation_proxy|usd_exposure,beta_sp500_1y_krw=0.239963
IAU,gold_etf,USD,downside_beta_sp500,S&P500 downside beta,positive,0.284418,low,0.284418,downside_beta_sp500_1y_krw,미국 증시 하락일에 함께 하락,미국 증시 하락일에 반대로 움직임,defensive_proxy|geopolitical_proxy|inflation_proxy|usd_exposure,downside_beta_sp500_1y_krw=0.284418
IAU,gold_etf,USD,corr_sp500_60d,S&P500 60d correlation,positive,0.572343,medium,0.572343,corr_sp500_60d_krw,SPY와 같은 방향,SPY와 반대 방향,defensive_proxy|geopolitical_proxy|inflation_proxy|usd_exposure,corr_sp500_60d_krw=0.572343
IAU,gold_etf,USD,corr_kospi200_60d,KOSPI200 60d correlation,positive,0.179352,low,0.179352,corr_kospi200_60d_krw,KOSPI200과 같은 방향,KOSPI200과 반대 방향,defensive_proxy|geopolitical_proxy|inflation_proxy|usd_exposure,corr_kospi200_60d_krw=0.179352
IAU,gold_etf,USD,stress_response,Stress-period average return,neutral,0.000237,low,0.000237,avg_stress_ret_krw,위기구간에서 플러스 성과,위기구간에서 마이너스 성과,defensive_proxy|geopolitical_proxy|inflation_proxy|usd_exposure,avg_stress_ret_krw=0.000237
ICLN,equity_etf,USD,market_beta_sp500,S&P500 beta,positive,0.862726,medium,0.862726,beta_sp500_1y_krw,SPY와 같은 방향,SPY와 반대 방향,ai_capex_proxy|geopolitical_proxy|rate_proxy|usd_exposure,beta_sp500_1y_krw=0.862726
ICLN,equity_etf,USD,downside_beta_sp500,S&P500 downside beta,positive,0.763906,medium,0.763906,downside_beta_sp500_1y_krw,미국 증시 하락일에 함께 하락,미국 증시 하락일에 반대로 움직임,ai_capex_proxy|geopolitical_proxy|rate_proxy|usd_exposure,downside_beta_sp500_1y_krw=0.763906
ICLN,equity_etf,USD,corr_sp500_60d,S&P500 60d correlation,positive,0.697318,high,0.697318,corr_sp500_60d_krw,SPY와 같은 방향,SPY와 반대 방향,ai_capex_proxy|geopolitical_proxy|rate_proxy|usd_exposure,corr_sp500_60d_krw=0.697318
ICLN,equity_etf,USD,corr_kospi200_60d,KOSPI200 60d correlation,positive,0.25394,low,0.25394,corr_kospi200_60d_krw,KOSPI200과 같은 방향,KOSPI200과 반대 방향,ai_capex_proxy|geopolitical_proxy|rate_proxy|usd_exposure,corr_kospi200_60d_krw=0.25394
ICLN,equity_etf,USD,stress_response,Stress-period average return,positive,0.001625,medium,0.001625,avg_stress_ret_krw,위기구간에서 플러스 성과,위기구간에서 마이너스 성과,ai_capex_proxy|geopolitical_proxy|rate_proxy|usd_exposure,avg_stress_ret_krw=0.001625
IEF,bond_etf,USD,market_beta_sp500,S&P500 beta,positive,0.202778,low,0.202778,beta_sp500_1y_krw,SPY와 같은 방향,SPY와 반대 방향,defensive_proxy|rate_proxy|usd_exposure,beta_sp500_1y_krw=0.202778
IEF,bond_etf,USD,downside_beta_sp500,S&P500 downside beta,positive,0.147578,low,0.147578,downside_beta_sp500_1y_krw,미국 증시 하락일에 함께 하락,미국 증시 하락일에 반대로 움직임,defensive_proxy|rate_proxy|usd_exposure,downside_beta_sp500_1y_krw=0.147578
IEF,bond_etf,USD,corr_sp500_60d,S&P500 60d correlation,positive,0.688946,high,0.688946,corr_sp500_60d_krw,SPY와 같은 방향,SPY와 반대 방향,defensive_proxy|rate_proxy|usd_exposure,corr_sp500_60d_krw=0.688946
IEF,bond_etf,USD,corr_kospi200_60d,KOSPI200 60d correlation,negative,0.128963,low,-0.128963,corr_kospi200_60d_krw,KOSPI200과 같은 방향,KOSPI200과 반대 방향,defensive_proxy|rate_proxy|usd_exposure,corr_kospi200_60d_krw=-0.128963
IEF,bond_etf,USD,stress_response,Stress-period average return,neutral,0.000118,low,0.000118,avg_stress_ret_krw,위기구간에서 플러스 성과,위기구간에서 마이너스 성과,defensive_proxy|rate_proxy|usd_exposure,avg_stress_ret_krw=0.000118
INDA,equity_etf,USD,market_beta_sp500,S&P500 beta,positive,0.599028,medium,0.599028,beta_sp500_1y_krw,SPY와 같은 방향,SPY와 반대 방향,geopolitical_proxy|usd_exposure,beta_sp500_1y_krw=0.599028
INDA,equity_etf,USD,downside_beta_sp500,S&P500 downside beta,positive,0.613191,medium,0.613191,downside_beta_sp500_1y_krw,미국 증시 하락일에 함께 하락,미국 증시 하락일에 반대로 움직임,geopolitical_proxy|usd_exposure,downside_beta_sp500_1y_krw=0.613191
INDA,equity_etf,USD,corr_sp500_60d,S&P500 60d correlation,positive,0.771933,high,0.771933,corr_sp500_60d_krw,SPY와 같은 방향,SPY와 반대 방향,geopolitical_proxy|usd_exposure,corr_sp500_60d_krw=0.771933
INDA,equity_etf,USD,corr_kospi200_60d,KOSPI200 60d correlation,neutral,0.049225,low,-0.049225,corr_kospi200_60d_krw,KOSPI200과 같은 방향,KOSPI200과 반대 방향,geopolitical_proxy|usd_exposure,corr_kospi200_60d_krw=-0.049225
INDA,equity_etf,USD,stress_response,Stress-period average return,positive,0.000754,low,0.000754,avg_stress_ret_krw,위기구간에서 플러스 성과,위기구간에서 마이너스 성과,geopolitical_proxy|usd_exposure,avg_stress_ret_krw=0.000754
INTC,us_stock,USD,market_beta_sp500,S&P500 beta,positive,1.405726,high,1.405726,beta_sp500_1y_krw,SPY와 같은 방향,SPY와 반대 방향,ai_capex_proxy|defensive_proxy|semiconductor_proxy|usd_exposure,beta_sp500_1y_krw=1.405726
INTC,us_stock,USD,downside_beta_sp500,S&P500 downside beta,positive,1.199214,high,1.199214,downside_beta_sp500_1y_krw,미국 증시 하락일에 함께 하락,미국 증시 하락일에 반대로 움직임,ai_capex_proxy|defensive_proxy|semiconductor_proxy|usd_exposure,downside_beta_sp500_1y_krw=1.199214
INTC,us_stock,USD,corr_sp500_60d,S&P500 60d correlation,positive,0.443727,medium,0.443727,corr_sp500_60d_krw,SPY와 같은 방향,SPY와 반대 방향,ai_capex_proxy|defensive_proxy|semiconductor_proxy|usd_exposure,corr_sp500_60d_krw=0.443727
INTC,us_stock,USD,corr_kospi200_60d,KOSPI200 60d correlation,neutral,0.087492,low,0.087492,corr_kospi200_60d_krw,KOSPI200과 같은 방향,KOSPI200과 반대 방향,ai_capex_proxy|defensive_proxy|semiconductor_proxy|usd_exposure,corr_kospi200_60d_krw=0.087492
INTC,us_stock,USD,stress_response,Stress-period average return,negative,0.001261,low,-0.001261,avg_stress_ret_krw,위기구간에서 플러스 성과,위기구간에서 마이너스 성과,ai_capex_proxy|defensive_proxy|semiconductor_proxy|usd_exposure,avg_stress_ret_krw=-0.001261
ITA,equity_etf,USD,market_beta_sp500,S&P500 beta,positive,0.856638,medium,0.856638,beta_sp500_1y_krw,SPY와 같은 방향,SPY와 반대 방향,geopolitical_proxy|usd_exposure,beta_sp500_1y_krw=0.856638
ITA,equity_etf,USD,downside_beta_sp500,S&P500 downside beta,positive,0.85847,medium,0.85847,downside_beta_sp500_1y_krw,미국 증시 하락일에 함께 하락,미국 증시 하락일에 반대로 움직임,geopolitical_proxy|usd_exposure,downside_beta_sp500_1y_krw=0.85847
ITA,equity_etf,USD,corr_sp500_60d,S&P500 60d correlation,positive,0.594737,medium,0.594737,corr_sp500_60d_krw,SPY와 같은 방향,SPY와 반대 방향,geopolitical_proxy|usd_exposure,corr_sp500_60d_krw=0.594737
ITA,equity_etf,USD,corr_kospi200_60d,KOSPI200 60d correlation,positive,0.186651,low,0.186651,corr_kospi200_60d_krw,KOSPI200과 같은 방향,KOSPI200과 반대 방향,geopolitical_proxy|usd_exposure,corr_kospi200_60d_krw=0.186651
ITA,equity_etf,USD,stress_response,Stress-period average return,neutral,0.000356,low,0.000356,avg_stress_ret_krw,위기구간에서 플러스 성과,위기구간에서 마이너스 성과,geopolitical_proxy|usd_exposure,avg_stress_ret_krw=0.000356
IWD,equity_etf,USD,market_beta_sp500,S&P500 beta,positive,0.82324,medium,0.82324,beta_sp500_1y_krw,SPY와 같은 방향,SPY와 반대 방향,defensive_proxy|rate_proxy|usd_exposure,beta_sp500_1y_krw=0.82324
IWD,equity_etf,USD,downside_beta_sp500,S&P500 downside beta,positive,0.81984,medium,0.81984,downside_beta_sp500_1y_krw,미국 증시 하락일에 함께 하락,미국 증시 하락일에 반대로 움직임,defensive_proxy|rate_proxy|usd_exposure,downside_beta_sp500_1y_krw=0.81984
IWD,equity_etf,USD,corr_sp500_60d,S&P500 60d correlation,positive,0.907402,high,0.907402,corr_sp500_60d_krw,SPY와 같은 방향,SPY와 반대 방향,defensive_proxy|rate_proxy|usd_exposure,corr_sp500_60d_krw=0.907402
IWD,equity_etf,USD,corr_kospi200_60d,KOSPI200 60d correlation,neutral,0.006615,low,0.006615,corr_kospi200_60d_krw,KOSPI200과 같은 방향,KOSPI200과 반대 방향,defensive_proxy|rate_proxy|usd_exposure,corr_kospi200_60d_krw=0.006615
IWD,equity_etf,USD,stress_response,Stress-period average return,neutral,0.0001,low,0.0001,avg_stress_ret_krw,위기구간에서 플러스 성과,위기구간에서 마이너스 성과,defensive_proxy|rate_proxy|usd_exposure,avg_stress_ret_krw=0.0001
IWF,equity_etf,USD,market_beta_sp500,S&P500 beta,positive,1.168895,high,1.168895,beta_sp500_1y_krw,SPY와 같은 방향,SPY와 반대 방향,ai_capex_proxy|rate_proxy|semiconductor_proxy|usd_exposure,beta_sp500_1y_krw=1.168895
IWF,equity_etf,USD,downside_beta_sp500,S&P500 downside beta,positive,1.165421,high,1.165421,downside_beta_sp500_1y_krw,미국 증시 하락일에 함께 하락,미국 증시 하락일에 반대로 움직임,ai_capex_proxy|rate_proxy|semiconductor_proxy|usd_exposure,downside_beta_sp500_1y_krw=1.165421
IWF,equity_etf,USD,corr_sp500_60d,S&P500 60d correlation,positive,0.964563,high,0.964563,corr_sp500_60d_krw,SPY와 같은 방향,SPY와 반대 방향,ai_capex_proxy|rate_proxy|semiconductor_proxy|usd_exposure,corr_sp500_60d_krw=0.964563
IWF,equity_etf,USD,corr_kospi200_60d,KOSPI200 60d correlation,neutral,0.095752,low,0.095752,corr_kospi200_60d_krw,KOSPI200과 같은 방향,KOSPI200과 반대 방향,ai_capex_proxy|rate_proxy|semiconductor_proxy|usd_exposure,corr_kospi200_60d_krw=0.095752
IWF,equity_etf,USD,stress_response,Stress-period average return,positive,0.00061,low,0.00061,avg_stress_ret_krw,위기구간에서 플러스 성과,위기구간에서 마이너스 성과,ai_capex_proxy|rate_proxy|semiconductor_proxy|usd_exposure,avg_stress_ret_krw=0.00061
IWM,equity_etf,USD,market_beta_sp500,S&P500 beta,positive,1.091459,high,1.091459,beta_sp500_1y_krw,SPY와 같은 방향,SPY와 반대 방향,defensive_proxy|rate_proxy|usd_exposure,beta_sp500_1y_krw=1.091459
IWM,equity_etf,USD,downside_beta_sp500,S&P500 downside beta,positive,1.02422,high,1.02422,downside_beta_sp500_1y_krw,미국 증시 하락일에 함께 하락,미국 증시 하락일에 반대로 움직임,defensive_proxy|rate_proxy|usd_exposure,downside_beta_sp500_1y_krw=1.02422
IWM,equity_etf,USD,corr_sp500_60d,S&P500 60d correlation,positive,0.877804,high,0.877804,corr_sp500_60d_krw,SPY와 같은 방향,SPY와 반대 방향,defensive_proxy|rate_proxy|usd_exposure,corr_sp500_60d_krw=0.877804
IWM,equity_etf,USD,corr_kospi200_60d,KOSPI200 60d correlation,neutral,0.045011,low,0.045011,corr_kospi200_60d_krw,KOSPI200과 같은 방향,KOSPI200과 반대 방향,defensive_proxy|rate_proxy|usd_exposure,corr_kospi200_60d_krw=0.045011
IWM,equity_etf,USD,stress_response,Stress-period average return,neutral,0.000247,low,0.000247,avg_stress_ret_krw,위기구간에서 플러스 성과,위기구간에서 마이너스 성과,defensive_proxy|rate_proxy|usd_exposure,avg_stress_ret_krw=0.000247
IYR,equity_etf,USD,market_beta_sp500,S&P500 beta,positive,0.751698,medium,0.751698,beta_sp500_1y_krw,SPY와 같은 방향,SPY와 반대 방향,defensive_proxy|korea_real_estate_proxy|rate_proxy|usd_exposure,beta_sp500_1y_krw=0.751698
IYR,equity_etf,USD,downside_beta_sp500,S&P500 downside beta,positive,0.784183,medium,0.784183,downside_beta_sp500_1y_krw,미국 증시 하락일에 함께 하락,미국 증시 하락일에 반대로 움직임,defensive_proxy|korea_real_estate_proxy|rate_proxy|usd_exposure,downside_beta_sp500_1y_krw=0.784183
IYR,equity_etf,USD,corr_sp500_60d,S&P500 60d correlation,positive,0.564774,medium,0.564774,corr_sp500_60d_krw,SPY와 같은 방향,SPY와 반대 방향,defensive_proxy|korea_real_estate_proxy|rate_proxy|usd_exposure,corr_sp500_60d_krw=0.564774
IYR,equity_etf,USD,corr_kospi200_60d,KOSPI200 60d correlation,negative,0.155495,low,-0.155495,corr_kospi200_60d_krw,KOSPI200과 같은 방향,KOSPI200과 반대 방향,defensive_proxy|korea_real_estate_proxy|rate_proxy|usd_exposure,corr_kospi200_60d_krw=-0.155495
IYR,equity_etf,USD,stress_response,Stress-period average return,neutral,7.5e-05,low,-7.5e-05,avg_stress_ret_krw,위기구간에서 플러스 성과,위기구간에서 마이너스 성과,defensive_proxy|korea_real_estate_proxy|rate_proxy|usd_exposure,avg_stress_ret_krw=-7.5e-05
JNJ,us_stock,USD,market_beta_sp500,S&P500 beta,positive,0.368092,low,0.368092,beta_sp500_1y_krw,SPY와 같은 방향,SPY와 반대 방향,defensive_proxy|rate_proxy|usd_exposure,beta_sp500_1y_krw=0.368092
JNJ,us_stock,USD,downside_beta_sp500,S&P500 downside beta,positive,0.330653,low,0.330653,downside_beta_sp500_1y_krw,미국 증시 하락일에 함께 하락,미국 증시 하락일에 반대로 움직임,defensive_proxy|rate_proxy|usd_exposure,downside_beta_sp500_1y_krw=0.330653
JNJ,us_stock,USD,corr_sp500_60d,S&P500 60d correlation,positive,0.34641,medium,0.34641,corr_sp500_60d_krw,SPY와 같은 방향,SPY와 반대 방향,defensive_proxy|rate_proxy|usd_exposure,corr_sp500_60d_krw=0.34641
JNJ,us_stock,USD,corr_kospi200_60d,KOSPI200 60d correlation,negative,0.151584,low,-0.151584,corr_kospi200_60d_krw,KOSPI200과 같은 방향,KOSPI200과 반대 방향,defensive_proxy|rate_proxy|usd_exposure,corr_kospi200_60d_krw=-0.151584
JNJ,us_stock,USD,stress_response,Stress-period average return,positive,0.000623,low,0.000623,avg_stress_ret_krw,위기구간에서 플러스 성과,위기구간에서 마이너스 성과,defensive_proxy|rate_proxy|usd_exposure,avg_stress_ret_krw=0.000623
JPM,us_stock,USD,market_beta_sp500,S&P500 beta,positive,0.930283,medium,0.930283,beta_sp500_1y_krw,SPY와 같은 방향,SPY와 반대 방향,credit_proxy|defensive_proxy|korea_financial_proxy|rate_proxy|usd_exposure,beta_sp500_1y_krw=0.930283
JPM,us_stock,USD,downside_beta_sp500,S&P500 downside beta,positive,0.945363,medium,0.945363,downside_beta_sp500_1y_krw,미국 증시 하락일에 함께 하락,미국 증시 하락일에 반대로 움직임,credit_proxy|defensive_proxy|korea_financial_proxy|rate_proxy|usd_exposure,downside_beta_sp500_1y_krw=0.945363
JPM,us_stock,USD,corr_sp500_60d,S&P500 60d correlation,positive,0.475255,medium,0.475255,corr_sp500_60d_krw,SPY와 같은 방향,SPY와 반대 방향,credit_proxy|defensive_proxy|korea_financial_proxy|rate_proxy|usd_exposure,corr_sp500_60d_krw=0.475255
JPM,us_stock,USD,corr_kospi200_60d,KOSPI200 60d correlation,negative,0.105335,low,-0.105335,corr_kospi200_60d_krw,KOSPI200과 같은 방향,KOSPI200과 반대 방향,credit_proxy|defensive_proxy|korea_financial_proxy|rate_proxy|usd_exposure,corr_kospi200_60d_krw=-0.105335
JPM,us_stock,USD,stress_response,Stress-period average return,positive,0.0027,medium,0.0027,avg_stress_ret_krw,위기구간에서 플러스 성과,위기구간에서 마이너스 성과,credit_proxy|defensive_proxy|korea_financial_proxy|rate_proxy|usd_exposure,avg_stress_ret_krw=0.0027
KO,us_stock,USD,market_beta_sp500,S&P500 beta,positive,0.43125,medium,0.43125,beta_sp500_1y_krw,SPY와 같은 방향,SPY와 반대 방향,defensive_proxy|rate_proxy|usd_exposure,beta_sp500_1y_krw=0.43125
KO,us_stock,USD,downside_beta_sp500,S&P500 downside beta,positive,0.443391,medium,0.443391,downside_beta_sp500_1y_krw,미국 증시 하락일에 함께 하락,미국 증시 하락일에 반대로 움직임,defensive_proxy|rate_proxy|usd_exposure,downside_beta_sp500_1y_krw=0.443391
KO,us_stock,USD,corr_sp500_60d,S&P500 60d correlation,positive,0.203853,low,0.203853,corr_sp500_60d_krw,SPY와 같은 방향,SPY와 반대 방향,defensive_proxy|rate_proxy|usd_exposure,corr_sp500_60d_krw=0.203853
KO,us_stock,USD,corr_kospi200_60d,KOSPI200 60d correlation,negative,0.226456,low,-0.226456,corr_kospi200_60d_krw,KOSPI200과 같은 방향,KOSPI200과 반대 방향,defensive_proxy|rate_proxy|usd_exposure,corr_kospi200_60d_krw=-0.226456
KO,us_stock,USD,stress_response,Stress-period average return,negative,0.000875,low,-0.000875,avg_stress_ret_krw,위기구간에서 플러스 성과,위기구간에서 마이너스 성과,defensive_proxy|rate_proxy|usd_exposure,avg_stress_ret_krw=-0.000875
KRE,equity_etf,USD,market_beta_sp500,S&P500 beta,positive,1.083717,high,1.083717,beta_sp500_1y_krw,SPY와 같은 방향,SPY와 반대 방향,credit_proxy|defensive_proxy|korea_financial_proxy|rate_proxy|usd_exposure,beta_sp500_1y_krw=1.083717
KRE,equity_etf,USD,downside_beta_sp500,S&P500 downside beta,positive,0.980592,medium,0.980592,downside_beta_sp500_1y_krw,미국 증시 하락일에 함께 하락,미국 증시 하락일에 반대로 움직임,credit_proxy|defensive_proxy|korea_financial_proxy|rate_proxy|usd_exposure,downside_beta_sp500_1y_krw=0.980592
KRE,equity_etf,USD,corr_sp500_60d,S&P500 60d correlation,positive,0.482883,medium,0.482883,corr_sp500_60d_krw,SPY와 같은 방향,SPY와 반대 방향,credit_proxy|defensive_proxy|korea_financial_proxy|rate_proxy|usd_exposure,corr_sp500_60d_krw=0.482883
KRE,equity_etf,USD,corr_kospi200_60d,KOSPI200 60d correlation,negative,0.216935,low,-0.216935,corr_kospi200_60d_krw,KOSPI200과 같은 방향,KOSPI200과 반대 방향,credit_proxy|defensive_proxy|korea_financial_proxy|rate_proxy|usd_exposure,corr_kospi200_60d_krw=-0.216935
KRE,equity_etf,USD,stress_response,Stress-period average return,positive,0.001922,medium,0.001922,avg_stress_ret_krw,위기구간에서 플러스 성과,위기구간에서 마이너스 성과,credit_proxy|defensive_proxy|korea_financial_proxy|rate_proxy|usd_exposure,avg_stress_ret_krw=0.001922
LLY,us_stock,USD,market_beta_sp500,S&P500 beta,positive,0.702463,medium,0.702463,beta_sp500_1y_krw,SPY와 같은 방향,SPY와 반대 방향,defensive_proxy|rate_proxy|usd_exposure,beta_sp500_1y_krw=0.702463
LLY,us_stock,USD,downside_beta_sp500,S&P500 downside beta,positive,0.676289,medium,0.676289,downside_beta_sp500_1y_krw,미국 증시 하락일에 함께 하락,미국 증시 하락일에 반대로 움직임,defensive_proxy|rate_proxy|usd_exposure,downside_beta_sp500_1y_krw=0.676289
LLY,us_stock,USD,corr_sp500_60d,S&P500 60d correlation,positive,0.354694,medium,0.354694,corr_sp500_60d_krw,SPY와 같은 방향,SPY와 반대 방향,defensive_proxy|rate_proxy|usd_exposure,corr_sp500_60d_krw=0.354694
LLY,us_stock,USD,corr_kospi200_60d,KOSPI200 60d correlation,negative,0.110879,low,-0.110879,corr_kospi200_60d_krw,KOSPI200과 같은 방향,KOSPI200과 반대 방향,defensive_proxy|rate_proxy|usd_exposure,corr_kospi200_60d_krw=-0.110879
LLY,us_stock,USD,stress_response,Stress-period average return,positive,0.005255,high,0.005255,avg_stress_ret_krw,위기구간에서 플러스 성과,위기구간에서 마이너스 성과,defensive_proxy|rate_proxy|usd_exposure,avg_stress_ret_krw=0.005255
LQD,bond_etf,USD,market_beta_sp500,S&P500 beta,positive,0.320593,low,0.320593,beta_sp500_1y_krw,SPY와 같은 방향,SPY와 반대 방향,credit_proxy|defensive_proxy|rate_proxy|usd_exposure,beta_sp500_1y_krw=0.320593
LQD,bond_etf,USD,downside_beta_sp500,S&P500 downside beta,positive,0.260988,low,0.260988,downside_beta_sp500_1y_krw,미국 증시 하락일에 함께 하락,미국 증시 하락일에 반대로 움직임,credit_proxy|defensive_proxy|rate_proxy|usd_exposure,downside_beta_sp500_1y_krw=0.260988
LQD,bond_etf,USD,corr_sp500_60d,S&P500 60d correlation,positive,0.737915,high,0.737915,corr_sp500_60d_krw,SPY와 같은 방향,SPY와 반대 방향,credit_proxy|defensive_proxy|rate_proxy|usd_exposure,corr_sp500_60d_krw=0.737915
LQD,bond_etf,USD,corr_kospi200_60d,KOSPI200 60d correlation,negative,0.144378,low,-0.144378,corr_kospi200_60d_krw,KOSPI200과 같은 방향,KOSPI200과 반대 방향,credit_proxy|defensive_proxy|rate_proxy|usd_exposure,corr_kospi200_60d_krw=-0.144378
LQD,bond_etf,USD,stress_response,Stress-period average return,neutral,0.000199,low,-0.000199,avg_stress_ret_krw,위기구간에서 플러스 성과,위기구간에서 마이너스 성과,credit_proxy|defensive_proxy|rate_proxy|usd_exposure,avg_stress_ret_krw=-0.000199
LRCX,us_stock,USD,market_beta_sp500,S&P500 beta,positive,1.719003,high,1.719003,beta_sp500_1y_krw,SPY와 같은 방향,SPY와 반대 방향,ai_capex_proxy|rate_proxy|semiconductor_proxy|usd_exposure,beta_sp500_1y_krw=1.719003
LRCX,us_stock,USD,downside_beta_sp500,S&P500 downside beta,positive,1.525857,high,1.525857,downside_beta_sp500_1y_krw,미국 증시 하락일에 함께 하락,미국 증시 하락일에 반대로 움직임,ai_capex_proxy|rate_proxy|semiconductor_proxy|usd_exposure,downside_beta_sp500_1y_krw=1.525857
LRCX,us_stock,USD,corr_sp500_60d,S&P500 60d correlation,positive,0.551144,medium,0.551144,corr_sp500_60d_krw,SPY와 같은 방향,SPY와 반대 방향,ai_capex_proxy|rate_proxy|semiconductor_proxy|usd_exposure,corr_sp500_60d_krw=0.551144
LRCX,us_stock,USD,corr_kospi200_60d,KOSPI200 60d correlation,positive,0.25383,low,0.25383,corr_kospi200_60d_krw,KOSPI200과 같은 방향,KOSPI200과 반대 방향,ai_capex_proxy|rate_proxy|semiconductor_proxy|usd_exposure,corr_kospi200_60d_krw=0.25383
LRCX,us_stock,USD,stress_response,Stress-period average return,negative,0.003429,high,-0.003429,avg_stress_ret_krw,위기구간에서 플러스 성과,위기구간에서 마이너스 성과,ai_capex_proxy|rate_proxy|semiconductor_proxy|usd_exposure,avg_stress_ret_krw=-0.003429
MA,us_stock,USD,market_beta_sp500,S&P500 beta,positive,0.925647,medium,0.925647,beta_sp500_1y_krw,SPY와 같은 방향,SPY와 반대 방향,defensive_proxy|rate_proxy|usd_exposure,beta_sp500_1y_krw=0.925647
MA,us_stock,USD,downside_beta_sp500,S&P500 downside beta,positive,0.848656,medium,0.848656,downside_beta_sp500_1y_krw,미국 증시 하락일에 함께 하락,미국 증시 하락일에 반대로 움직임,defensive_proxy|rate_proxy|usd_exposure,downside_beta_sp500_1y_krw=0.848656
MA,us_stock,USD,corr_sp500_60d,S&P500 60d correlation,positive,0.386364,medium,0.386364,corr_sp500_60d_krw,SPY와 같은 방향,SPY와 반대 방향,defensive_proxy|rate_proxy|usd_exposure,corr_sp500_60d_krw=0.386364
MA,us_stock,USD,corr_kospi200_60d,KOSPI200 60d correlation,negative,0.149609,low,-0.149609,corr_kospi200_60d_krw,KOSPI200과 같은 방향,KOSPI200과 반대 방향,defensive_proxy|rate_proxy|usd_exposure,corr_kospi200_60d_krw=-0.149609
MA,us_stock,USD,stress_response,Stress-period average return,positive,0.002374,medium,0.002374,avg_stress_ret_krw,위기구간에서 플러스 성과,위기구간에서 마이너스 성과,defensive_proxy|rate_proxy|usd_exposure,avg_stress_ret_krw=0.002374
META,us_stock,USD,market_beta_sp500,S&P500 beta,positive,1.465701,high,1.465701,beta_sp500_1y_krw,SPY와 같은 방향,SPY와 반대 방향,ai_capex_proxy|defensive_proxy|rate_proxy|usd_exposure,beta_sp500_1y_krw=1.465701
META,us_stock,USD,downside_beta_sp500,S&P500 downside beta,positive,1.47436,high,1.47436,downside_beta_sp500_1y_krw,미국 증시 하락일에 함께 하락,미국 증시 하락일에 반대로 움직임,ai_capex_proxy|defensive_proxy|rate_proxy|usd_exposure,downside_beta_sp500_1y_krw=1.47436
META,us_stock,USD,corr_sp500_60d,S&P500 60d correlation,positive,0.605629,high,0.605629,corr_sp500_60d_krw,SPY와 같은 방향,SPY와 반대 방향,ai_capex_proxy|defensive_proxy|rate_proxy|usd_exposure,corr_sp500_60d_krw=0.605629
META,us_stock,USD,corr_kospi200_60d,KOSPI200 60d correlation,positive,0.18794,low,0.18794,corr_kospi200_60d_krw,KOSPI200과 같은 방향,KOSPI200과 반대 방향,ai_capex_proxy|defensive_proxy|rate_proxy|usd_exposure,corr_kospi200_60d_krw=0.18794
META,us_stock,USD,stress_response,Stress-period average return,negative,0.002585,medium,-0.002585,avg_stress_ret_krw,위기구간에서 플러스 성과,위기구간에서 마이너스 성과,ai_capex_proxy|defensive_proxy|rate_proxy|usd_exposure,avg_stress_ret_krw=-0.002585
MRK,us_stock,USD,market_beta_sp500,S&P500 beta,positive,0.468875,medium,0.468875,beta_sp500_1y_krw,SPY와 같은 방향,SPY와 반대 방향,defensive_proxy|rate_proxy|usd_exposure,beta_sp500_1y_krw=0.468875
MRK,us_stock,USD,downside_beta_sp500,S&P500 downside beta,positive,0.380084,low,0.380084,downside_beta_sp500_1y_krw,미국 증시 하락일에 함께 하락,미국 증시 하락일에 반대로 움직임,defensive_proxy|rate_proxy|usd_exposure,downside_beta_sp500_1y_krw=0.380084
MRK,us_stock,USD,corr_sp500_60d,S&P500 60d correlation,positive,0.332204,medium,0.332204,corr_sp500_60d_krw,SPY와 같은 방향,SPY와 반대 방향,defensive_proxy|rate_proxy|usd_exposure,corr_sp500_60d_krw=0.332204
MRK,us_stock,USD,corr_kospi200_60d,KOSPI200 60d correlation,neutral,0.046967,low,-0.046967,corr_kospi200_60d_krw,KOSPI200과 같은 방향,KOSPI200과 반대 방향,defensive_proxy|rate_proxy|usd_exposure,corr_kospi200_60d_krw=-0.046967
MRK,us_stock,USD,stress_response,Stress-period average return,positive,0.001927,medium,0.001927,avg_stress_ret_krw,위기구간에서 플러스 성과,위기구간에서 마이너스 성과,defensive_proxy|rate_proxy|usd_exposure,avg_stress_ret_krw=0.001927
MS,us_stock,USD,market_beta_sp500,S&P500 beta,positive,1.115033,high,1.115033,beta_sp500_1y_krw,SPY와 같은 방향,SPY와 반대 방향,credit_proxy|defensive_proxy|korea_financial_proxy|rate_proxy|usd_exposure,beta_sp500_1y_krw=1.115033
MS,us_stock,USD,downside_beta_sp500,S&P500 downside beta,positive,1.168935,high,1.168935,downside_beta_sp500_1y_krw,미국 증시 하락일에 함께 하락,미국 증시 하락일에 반대로 움직임,credit_proxy|defensive_proxy|korea_financial_proxy|rate_proxy|usd_exposure,downside_beta_sp500_1y_krw=1.168935
MS,us_stock,USD,corr_sp500_60d,S&P500 60d correlation,positive,0.568769,medium,0.568769,corr_sp500_60d_krw,SPY와 같은 방향,SPY와 반대 방향,credit_proxy|defensive_proxy|korea_financial_proxy|rate_proxy|usd_exposure,corr_sp500_60d_krw=0.568769
MS,us_stock,USD,corr_kospi200_60d,KOSPI200 60d correlation,positive,0.110162,low,0.110162,corr_kospi200_60d_krw,KOSPI200과 같은 방향,KOSPI200과 반대 방향,credit_proxy|defensive_proxy|korea_financial_proxy|rate_proxy|usd_exposure,corr_kospi200_60d_krw=0.110162
MS,us_stock,USD,stress_response,Stress-period average return,positive,0.002047,medium,0.002047,avg_stress_ret_krw,위기구간에서 플러스 성과,위기구간에서 마이너스 성과,credit_proxy|defensive_proxy|korea_financial_proxy|rate_proxy|usd_exposure,avg_stress_ret_krw=0.002047
MSFT,us_stock,USD,market_beta_sp500,S&P500 beta,positive,1.090995,high,1.090995,beta_sp500_1y_krw,SPY와 같은 방향,SPY와 반대 방향,ai_capex_proxy|defensive_proxy|rate_proxy|usd_exposure,beta_sp500_1y_krw=1.090995
MSFT,us_stock,USD,downside_beta_sp500,S&P500 downside beta,positive,1.084976,high,1.084976,downside_beta_sp500_1y_krw,미국 증시 하락일에 함께 하락,미국 증시 하락일에 반대로 움직임,ai_capex_proxy|defensive_proxy|rate_proxy|usd_exposure,downside_beta_sp500_1y_krw=1.084976
MSFT,us_stock,USD,corr_sp500_60d,S&P500 60d correlation,positive,0.512898,medium,0.512898,corr_sp500_60d_krw,SPY와 같은 방향,SPY와 반대 방향,ai_capex_proxy|defensive_proxy|rate_proxy|usd_exposure,corr_sp500_60d_krw=0.512898
MSFT,us_stock,USD,corr_kospi200_60d,KOSPI200 60d correlation,neutral,0.002425,low,-0.002425,corr_kospi200_60d_krw,KOSPI200과 같은 방향,KOSPI200과 반대 방향,ai_capex_proxy|defensive_proxy|rate_proxy|usd_exposure,corr_kospi200_60d_krw=-0.002425
MSFT,us_stock,USD,stress_response,Stress-period average return,positive,0.001409,low,0.001409,avg_stress_ret_krw,위기구간에서 플러스 성과,위기구간에서 마이너스 성과,ai_capex_proxy|defensive_proxy|rate_proxy|usd_exposure,avg_stress_ret_krw=0.001409
MTUM,equity_etf,USD,market_beta_sp500,S&P500 beta,positive,1.055046,high,1.055046,beta_sp500_1y_krw,SPY와 같은 방향,SPY와 반대 방향,ai_capex_proxy|defensive_proxy|rate_proxy|usd_exposure,beta_sp500_1y_krw=1.055046
MTUM,equity_etf,USD,downside_beta_sp500,S&P500 downside beta,positive,1.061995,high,1.061995,downside_beta_sp500_1y_krw,미국 증시 하락일에 함께 하락,미국 증시 하락일에 반대로 움직임,ai_capex_proxy|defensive_proxy|rate_proxy|usd_exposure,downside_beta_sp500_1y_krw=1.061995
MTUM,equity_etf,USD,corr_sp500_60d,S&P500 60d correlation,positive,0.801948,high,0.801948,corr_sp500_60d_krw,SPY와 같은 방향,SPY와 반대 방향,ai_capex_proxy|defensive_proxy|rate_proxy|usd_exposure,corr_sp500_60d_krw=0.801948
MTUM,equity_etf,USD,corr_kospi200_60d,KOSPI200 60d correlation,positive,0.231945,low,0.231945,corr_kospi200_60d_krw,KOSPI200과 같은 방향,KOSPI200과 반대 방향,ai_capex_proxy|defensive_proxy|rate_proxy|usd_exposure,corr_kospi200_60d_krw=0.231945
MTUM,equity_etf,USD,stress_response,Stress-period average return,neutral,0.000325,low,0.000325,avg_stress_ret_krw,위기구간에서 플러스 성과,위기구간에서 마이너스 성과,ai_capex_proxy|defensive_proxy|rate_proxy|usd_exposure,avg_stress_ret_krw=0.000325
MU,us_stock,USD,market_beta_sp500,S&P500 beta,positive,1.667428,high,1.667428,beta_sp500_1y_krw,SPY와 같은 방향,SPY와 반대 방향,ai_capex_proxy|defensive_proxy|semiconductor_proxy|usd_exposure,beta_sp500_1y_krw=1.667428
MU,us_stock,USD,downside_beta_sp500,S&P500 downside beta,positive,1.728861,high,1.728861,downside_beta_sp500_1y_krw,미국 증시 하락일에 함께 하락,미국 증시 하락일에 반대로 움직임,ai_capex_proxy|defensive_proxy|semiconductor_proxy|usd_exposure,downside_beta_sp500_1y_krw=1.728861
MU,us_stock,USD,corr_sp500_60d,S&P500 60d correlation,positive,0.432934,medium,0.432934,corr_sp500_60d_krw,SPY와 같은 방향,SPY와 반대 방향,ai_capex_proxy|defensive_proxy|semiconductor_proxy|usd_exposure,corr_sp500_60d_krw=0.432934
MU,us_stock,USD,corr_kospi200_60d,KOSPI200 60d correlation,positive,0.398717,medium,0.398717,corr_kospi200_60d_krw,KOSPI200과 같은 방향,KOSPI200과 반대 방향,ai_capex_proxy|defensive_proxy|semiconductor_proxy|usd_exposure,corr_kospi200_60d_krw=0.398717
MU,us_stock,USD,stress_response,Stress-period average return,neutral,0.00048,low,-0.00048,avg_stress_ret_krw,위기구간에서 플러스 성과,위기구간에서 마이너스 성과,ai_capex_proxy|defensive_proxy|semiconductor_proxy|usd_exposure,avg_stress_ret_krw=-0.00048
NFLX,us_stock,USD,market_beta_sp500,S&P500 beta,positive,1.131123,high,1.131123,beta_sp500_1y_krw,SPY와 같은 방향,SPY와 반대 방향,ai_capex_proxy|defensive_proxy|rate_proxy|usd_exposure,beta_sp500_1y_krw=1.131123
NFLX,us_stock,USD,downside_beta_sp500,S&P500 downside beta,positive,1.233493,high,1.233493,downside_beta_sp500_1y_krw,미국 증시 하락일에 함께 하락,미국 증시 하락일에 반대로 움직임,ai_capex_proxy|defensive_proxy|rate_proxy|usd_exposure,downside_beta_sp500_1y_krw=1.233493
NFLX,us_stock,USD,corr_sp500_60d,S&P500 60d correlation,positive,0.150463,low,0.150463,corr_sp500_60d_krw,SPY와 같은 방향,SPY와 반대 방향,ai_capex_proxy|defensive_proxy|rate_proxy|usd_exposure,corr_sp500_60d_krw=0.150463
NFLX,us_stock,USD,corr_kospi200_60d,KOSPI200 60d correlation,negative,0.213781,low,-0.213781,corr_kospi200_60d_krw,KOSPI200과 같은 방향,KOSPI200과 반대 방향,ai_capex_proxy|defensive_proxy|rate_proxy|usd_exposure,corr_kospi200_60d_krw=-0.213781
NFLX,us_stock,USD,stress_response,Stress-period average return,positive,0.00555,high,0.00555,avg_stress_ret_krw,위기구간에서 플러스 성과,위기구간에서 마이너스 성과,ai_capex_proxy|defensive_proxy|rate_proxy|usd_exposure,avg_stress_ret_krw=0.00555
NOBL,equity_etf,USD,market_beta_sp500,S&P500 beta,positive,0.724208,medium,0.724208,beta_sp500_1y_krw,SPY와 같은 방향,SPY와 반대 방향,defensive_proxy|rate_proxy|usd_exposure,beta_sp500_1y_krw=0.724208
NOBL,equity_etf,USD,downside_beta_sp500,S&P500 downside beta,positive,0.695724,medium,0.695724,downside_beta_sp500_1y_krw,미국 증시 하락일에 함께 하락,미국 증시 하락일에 반대로 움직임,defensive_proxy|rate_proxy|usd_exposure,downside_beta_sp500_1y_krw=0.695724
NOBL,equity_etf,USD,corr_sp500_60d,S&P500 60d correlation,positive,0.114826,low,0.114826,corr_sp500_60d_krw,SPY와 같은 방향,SPY와 반대 방향,defensive_proxy|rate_proxy|usd_exposure,corr_sp500_60d_krw=0.114826
NOBL,equity_etf,USD,corr_kospi200_60d,KOSPI200 60d correlation,neutral,0.016702,low,0.016702,corr_kospi200_60d_krw,KOSPI200과 같은 방향,KOSPI200과 반대 방향,defensive_proxy|rate_proxy|usd_exposure,corr_kospi200_60d_krw=0.016702
NOBL,equity_etf,USD,stress_response,Stress-period average return,negative,0.000529,low,-0.000529,avg_stress_ret_krw,위기구간에서 플러스 성과,위기구간에서 마이너스 성과,defensive_proxy|rate_proxy|usd_exposure,avg_stress_ret_krw=-0.000529
NVDA,us_stock,USD,market_beta_sp500,S&P500 beta,positive,1.895602,high,1.895602,beta_sp500_1y_krw,SPY와 같은 방향,SPY와 반대 방향,ai_capex_proxy|rate_proxy|semiconductor_proxy|usd_exposure,beta_sp500_1y_krw=1.895602
NVDA,us_stock,USD,downside_beta_sp500,S&P500 downside beta,positive,1.802142,high,1.802142,downside_beta_sp500_1y_krw,미국 증시 하락일에 함께 하락,미국 증시 하락일에 반대로 움직임,ai_capex_proxy|rate_proxy|semiconductor_proxy|usd_exposure,downside_beta_sp500_1y_krw=1.802142
NVDA,us_stock,USD,corr_sp500_60d,S&P500 60d correlation,positive,0.671805,high,0.671805,corr_sp500_60d_krw,SPY와 같은 방향,SPY와 반대 방향,ai_capex_proxy|rate_proxy|semiconductor_proxy|usd_exposure,corr_sp500_60d_krw=0.671805
NVDA,us_stock,USD,corr_kospi200_60d,KOSPI200 60d correlation,positive,0.215961,low,0.215961,corr_kospi200_60d_krw,KOSPI200과 같은 방향,KOSPI200과 반대 방향,ai_capex_proxy|rate_proxy|semiconductor_proxy|usd_exposure,corr_kospi200_60d_krw=0.215961
NVDA,us_stock,USD,stress_response,Stress-period average return,neutral,0.000215,low,0.000215,avg_stress_ret_krw,위기구간에서 플러스 성과,위기구간에서 마이너스 성과,ai_capex_proxy|rate_proxy|semiconductor_proxy|usd_exposure,avg_stress_ret_krw=0.000215
ORCL,us_stock,USD,market_beta_sp500,S&P500 beta,positive,1.100865,high,1.100865,beta_sp500_1y_krw,SPY와 같은 방향,SPY와 반대 방향,ai_capex_proxy|defensive_proxy|rate_proxy|usd_exposure,beta_sp500_1y_krw=1.100865
ORCL,us_stock,USD,downside_beta_sp500,S&P500 downside beta,positive,1.09846,high,1.09846,downside_beta_sp500_1y_krw,미국 증시 하락일에 함께 하락,미국 증시 하락일에 반대로 움직임,ai_capex_proxy|defensive_proxy|rate_proxy|usd_exposure,downside_beta_sp500_1y_krw=1.09846
ORCL,us_stock,USD,corr_sp500_60d,S&P500 60d correlation,positive,0.513035,medium,0.513035,corr_sp500_60d_krw,SPY와 같은 방향,SPY와 반대 방향,ai_capex_proxy|defensive_proxy|rate_proxy|usd_exposure,corr_sp500_60d_krw=0.513035
ORCL,us_stock,USD,corr_kospi200_60d,KOSPI200 60d correlation,positive,0.164532,low,0.164532,corr_kospi200_60d_krw,KOSPI200과 같은 방향,KOSPI200과 반대 방향,ai_capex_proxy|defensive_proxy|rate_proxy|usd_exposure,corr_kospi200_60d_krw=0.164532
ORCL,us_stock,USD,stress_response,Stress-period average return,negative,0.001246,low,-0.001246,avg_stress_ret_krw,위기구간에서 플러스 성과,위기구간에서 마이너스 성과,ai_capex_proxy|defensive_proxy|rate_proxy|usd_exposure,avg_stress_ret_krw=-0.001246
PDBC,commodity_etf,USD,market_beta_sp500,S&P500 beta,positive,0.375099,low,0.375099,beta_sp500_1y_krw,SPY와 같은 방향,SPY와 반대 방향,geopolitical_proxy|inflation_proxy|usd_exposure,beta_sp500_1y_krw=0.375099
PDBC,commodity_etf,USD,downside_beta_sp500,S&P500 downside beta,positive,0.570461,medium,0.570461,downside_beta_sp500_1y_krw,미국 증시 하락일에 함께 하락,미국 증시 하락일에 반대로 움직임,geopolitical_proxy|inflation_proxy|usd_exposure,downside_beta_sp500_1y_krw=0.570461
PDBC,commodity_etf,USD,corr_sp500_60d,S&P500 60d correlation,neutral,0.003986,low,-0.003986,corr_sp500_60d_krw,SPY와 같은 방향,SPY와 반대 방향,geopolitical_proxy|inflation_proxy|usd_exposure,corr_sp500_60d_krw=-0.003986
PDBC,commodity_etf,USD,corr_kospi200_60d,KOSPI200 60d correlation,neutral,0.056284,low,-0.056284,corr_kospi200_60d_krw,KOSPI200과 같은 방향,KOSPI200과 반대 방향,geopolitical_proxy|inflation_proxy|usd_exposure,corr_kospi200_60d_krw=-0.056284
PDBC,commodity_etf,USD,stress_response,Stress-period average return,negative,0.001943,medium,-0.001943,avg_stress_ret_krw,위기구간에서 플러스 성과,위기구간에서 마이너스 성과,geopolitical_proxy|inflation_proxy|usd_exposure,avg_stress_ret_krw=-0.001943
PFE,us_stock,USD,market_beta_sp500,S&P500 beta,positive,0.49378,medium,0.49378,beta_sp500_1y_krw,SPY와 같은 방향,SPY와 반대 방향,defensive_proxy|rate_proxy|usd_exposure,beta_sp500_1y_krw=0.49378
PFE,us_stock,USD,downside_beta_sp500,S&P500 downside beta,positive,0.50526,medium,0.50526,downside_beta_sp500_1y_krw,미국 증시 하락일에 함께 하락,미국 증시 하락일에 반대로 움직임,defensive_proxy|rate_proxy|usd_exposure,downside_beta_sp500_1y_krw=0.50526
PFE,us_stock,USD,corr_sp500_60d,S&P500 60d correlation,positive,0.374877,medium,0.374877,corr_sp500_60d_krw,SPY와 같은 방향,SPY와 반대 방향,defensive_proxy|rate_proxy|usd_exposure,corr_sp500_60d_krw=0.374877
PFE,us_stock,USD,corr_kospi200_60d,KOSPI200 60d correlation,neutral,0.01785,low,0.01785,corr_kospi200_60d_krw,KOSPI200과 같은 방향,KOSPI200과 반대 방향,defensive_proxy|rate_proxy|usd_exposure,corr_kospi200_60d_krw=0.01785
PFE,us_stock,USD,stress_response,Stress-period average return,positive,0.000697,low,0.000697,avg_stress_ret_krw,위기구간에서 플러스 성과,위기구간에서 마이너스 성과,defensive_proxy|rate_proxy|usd_exposure,avg_stress_ret_krw=0.000697
PG,us_stock,USD,market_beta_sp500,S&P500 beta,positive,0.43013,medium,0.43013,beta_sp500_1y_krw,SPY와 같은 방향,SPY와 반대 방향,defensive_proxy|rate_proxy|usd_exposure,beta_sp500_1y_krw=0.43013
PG,us_stock,USD,downside_beta_sp500,S&P500 downside beta,positive,0.464685,medium,0.464685,downside_beta_sp500_1y_krw,미국 증시 하락일에 함께 하락,미국 증시 하락일에 반대로 움직임,defensive_proxy|rate_proxy|usd_exposure,downside_beta_sp500_1y_krw=0.464685
PG,us_stock,USD,corr_sp500_60d,S&P500 60d correlation,positive,0.225909,low,0.225909,corr_sp500_60d_krw,SPY와 같은 방향,SPY와 반대 방향,defensive_proxy|rate_proxy|usd_exposure,corr_sp500_60d_krw=0.225909
PG,us_stock,USD,corr_kospi200_60d,KOSPI200 60d correlation,negative,0.159899,low,-0.159899,corr_kospi200_60d_krw,KOSPI200과 같은 방향,KOSPI200과 반대 방향,defensive_proxy|rate_proxy|usd_exposure,corr_kospi200_60d_krw=-0.159899
PG,us_stock,USD,stress_response,Stress-period average return,negative,0.001675,medium,-0.001675,avg_stress_ret_krw,위기구간에서 플러스 성과,위기구간에서 마이너스 성과,defensive_proxy|rate_proxy|usd_exposure,avg_stress_ret_krw=-0.001675
PPA,equity_etf,USD,market_beta_sp500,S&P500 beta,positive,0.847494,medium,0.847494,beta_sp500_1y_krw,SPY와 같은 방향,SPY와 반대 방향,geopolitical_proxy|usd_exposure,beta_sp500_1y_krw=0.847494
PPA,equity_etf,USD,downside_beta_sp500,S&P500 downside beta,positive,0.839834,medium,0.839834,downside_beta_sp500_1y_krw,미국 증시 하락일에 함께 하락,미국 증시 하락일에 반대로 움직임,geopolitical_proxy|usd_exposure,downside_beta_sp500_1y_krw=0.839834
PPA,equity_etf,USD,corr_sp500_60d,S&P500 60d correlation,positive,0.679946,high,0.679946,corr_sp500_60d_krw,SPY와 같은 방향,SPY와 반대 방향,geopolitical_proxy|usd_exposure,corr_sp500_60d_krw=0.679946
PPA,equity_etf,USD,corr_kospi200_60d,KOSPI200 60d correlation,positive,0.151908,low,0.151908,corr_kospi200_60d_krw,KOSPI200과 같은 방향,KOSPI200과 반대 방향,geopolitical_proxy|usd_exposure,corr_kospi200_60d_krw=0.151908
PPA,equity_etf,USD,stress_response,Stress-period average return,neutral,9.6e-05,low,9.6e-05,avg_stress_ret_krw,위기구간에서 플러스 성과,위기구간에서 마이너스 성과,geopolitical_proxy|usd_exposure,avg_stress_ret_krw=9.6e-05
PSQ,inverse_etf,USD,market_beta_sp500,S&P500 beta,negative,0.785841,medium,-0.785841,beta_sp500_1y_krw,SPY와 같은 방향,SPY와 반대 방향,defensive_proxy|rate_proxy|semiconductor_proxy|usd_exposure,beta_sp500_1y_krw=-0.785841
PSQ,inverse_etf,USD,downside_beta_sp500,S&P500 downside beta,negative,0.791075,medium,-0.791075,downside_beta_sp500_1y_krw,미국 증시 하락일에 함께 하락,미국 증시 하락일에 반대로 움직임,defensive_proxy|rate_proxy|semiconductor_proxy|usd_exposure,downside_beta_sp500_1y_krw=-0.791075
PSQ,inverse_etf,USD,corr_sp500_60d,S&P500 60d correlation,negative,0.350669,medium,-0.350669,corr_sp500_60d_krw,SPY와 같은 방향,SPY와 반대 방향,defensive_proxy|rate_proxy|semiconductor_proxy|usd_exposure,corr_sp500_60d_krw=-0.350669
PSQ,inverse_etf,USD,corr_kospi200_60d,KOSPI200 60d correlation,negative,0.26932,low,-0.26932,corr_kospi200_60d_krw,KOSPI200과 같은 방향,KOSPI200과 반대 방향,defensive_proxy|rate_proxy|semiconductor_proxy|usd_exposure,corr_kospi200_60d_krw=-0.26932
PSQ,inverse_etf,USD,stress_response,Stress-period average return,positive,0.000705,low,0.000705,avg_stress_ret_krw,위기구간에서 플러스 성과,위기구간에서 마이너스 성과,defensive_proxy|rate_proxy|semiconductor_proxy|usd_exposure,avg_stress_ret_krw=0.000705
QCOM,us_stock,USD,market_beta_sp500,S&P500 beta,positive,1.421382,high,1.421382,beta_sp500_1y_krw,SPY와 같은 방향,SPY와 반대 방향,ai_capex_proxy|geopolitical_proxy|semiconductor_proxy|usd_exposure,beta_sp500_1y_krw=1.421382
QCOM,us_stock,USD,downside_beta_sp500,S&P500 downside beta,positive,1.305617,high,1.305617,downside_beta_sp500_1y_krw,미국 증시 하락일에 함께 하락,미국 증시 하락일에 반대로 움직임,ai_capex_proxy|geopolitical_proxy|semiconductor_proxy|usd_exposure,downside_beta_sp500_1y_krw=1.305617
QCOM,us_stock,USD,corr_sp500_60d,S&P500 60d correlation,positive,0.264121,low,0.264121,corr_sp500_60d_krw,SPY와 같은 방향,SPY와 반대 방향,ai_capex_proxy|geopolitical_proxy|semiconductor_proxy|usd_exposure,corr_sp500_60d_krw=0.264121
QCOM,us_stock,USD,corr_kospi200_60d,KOSPI200 60d correlation,neutral,0.081177,low,0.081177,corr_kospi200_60d_krw,KOSPI200과 같은 방향,KOSPI200과 반대 방향,ai_capex_proxy|geopolitical_proxy|semiconductor_proxy|usd_exposure,corr_kospi200_60d_krw=0.081177
QCOM,us_stock,USD,stress_response,Stress-period average return,positive,0.000587,low,0.000587,avg_stress_ret_krw,위기구간에서 플러스 성과,위기구간에서 마이너스 성과,ai_capex_proxy|geopolitical_proxy|semiconductor_proxy|usd_exposure,avg_stress_ret_krw=0.000587
QQQ,equity_etf,USD,market_beta_sp500,S&P500 beta,positive,1.201249,high,1.201249,beta_sp500_1y_krw,SPY와 같은 방향,SPY와 반대 방향,ai_capex_proxy|rate_proxy|semiconductor_proxy|usd_exposure,beta_sp500_1y_krw=1.201249
QQQ,equity_etf,USD,downside_beta_sp500,S&P500 downside beta,positive,1.193291,high,1.193291,downside_beta_sp500_1y_krw,미국 증시 하락일에 함께 하락,미국 증시 하락일에 반대로 움직임,ai_capex_proxy|rate_proxy|semiconductor_proxy|usd_exposure,downside_beta_sp500_1y_krw=1.193291
QQQ,equity_etf,USD,corr_sp500_60d,S&P500 60d correlation,positive,0.931684,high,0.931684,corr_sp500_60d_krw,SPY와 같은 방향,SPY와 반대 방향,ai_capex_proxy|rate_proxy|semiconductor_proxy|usd_exposure,corr_sp500_60d_krw=0.931684
QQQ,equity_etf,USD,corr_kospi200_60d,KOSPI200 60d correlation,positive,0.155181,low,0.155181,corr_kospi200_60d_krw,KOSPI200과 같은 방향,KOSPI200과 반대 방향,ai_capex_proxy|rate_proxy|semiconductor_proxy|usd_exposure,corr_kospi200_60d_krw=0.155181
QQQ,equity_etf,USD,stress_response,Stress-period average return,neutral,0.000225,low,0.000225,avg_stress_ret_krw,위기구간에서 플러스 성과,위기구간에서 마이너스 성과,ai_capex_proxy|rate_proxy|semiconductor_proxy|usd_exposure,avg_stress_ret_krw=0.000225
QUAL,equity_etf,USD,market_beta_sp500,S&P500 beta,positive,0.994826,medium,0.994826,beta_sp500_1y_krw,SPY와 같은 방향,SPY와 반대 방향,defensive_proxy|rate_proxy|usd_exposure,beta_sp500_1y_krw=0.994826
QUAL,equity_etf,USD,downside_beta_sp500,S&P500 downside beta,positive,0.966421,medium,0.966421,downside_beta_sp500_1y_krw,미국 증시 하락일에 함께 하락,미국 증시 하락일에 반대로 움직임,defensive_proxy|rate_proxy|usd_exposure,downside_beta_sp500_1y_krw=0.966421
QUAL,equity_etf,USD,corr_sp500_60d,S&P500 60d correlation,positive,0.971662,high,0.971662,corr_sp500_60d_krw,SPY와 같은 방향,SPY와 반대 방향,defensive_proxy|rate_proxy|usd_exposure,corr_sp500_60d_krw=0.971662
QUAL,equity_etf,USD,corr_kospi200_60d,KOSPI200 60d correlation,neutral,0.012747,low,0.012747,corr_kospi200_60d_krw,KOSPI200과 같은 방향,KOSPI200과 반대 방향,defensive_proxy|rate_proxy|usd_exposure,corr_kospi200_60d_krw=0.012747
QUAL,equity_etf,USD,stress_response,Stress-period average return,neutral,0.000155,low,-0.000155,avg_stress_ret_krw,위기구간에서 플러스 성과,위기구간에서 마이너스 성과,defensive_proxy|rate_proxy|usd_exposure,avg_stress_ret_krw=-0.000155
RSP,equity_etf,USD,market_beta_sp500,S&P500 beta,positive,0.892317,medium,0.892317,beta_sp500_1y_krw,SPY와 같은 방향,SPY와 반대 방향,defensive_proxy|rate_proxy|usd_exposure,beta_sp500_1y_krw=0.892317
RSP,equity_etf,USD,downside_beta_sp500,S&P500 downside beta,positive,0.869678,medium,0.869678,downside_beta_sp500_1y_krw,미국 증시 하락일에 함께 하락,미국 증시 하락일에 반대로 움직임,defensive_proxy|rate_proxy|usd_exposure,downside_beta_sp500_1y_krw=0.869678
RSP,equity_etf,USD,corr_sp500_60d,S&P500 60d correlation,positive,0.88943,high,0.88943,corr_sp500_60d_krw,SPY와 같은 방향,SPY와 반대 방향,defensive_proxy|rate_proxy|usd_exposure,corr_sp500_60d_krw=0.88943
RSP,equity_etf,USD,corr_kospi200_60d,KOSPI200 60d correlation,neutral,0.041546,low,-0.041546,corr_kospi200_60d_krw,KOSPI200과 같은 방향,KOSPI200과 반대 방향,defensive_proxy|rate_proxy|usd_exposure,corr_kospi200_60d_krw=-0.041546
RSP,equity_etf,USD,stress_response,Stress-period average return,neutral,0.00025,low,0.00025,avg_stress_ret_krw,위기구간에서 플러스 성과,위기구간에서 마이너스 성과,defensive_proxy|rate_proxy|usd_exposure,avg_stress_ret_krw=0.00025
SCHD,equity_etf,USD,market_beta_sp500,S&P500 beta,positive,0.73678,medium,0.73678,beta_sp500_1y_krw,SPY와 같은 방향,SPY와 반대 방향,defensive_proxy|rate_proxy|usd_exposure,beta_sp500_1y_krw=0.73678
SCHD,equity_etf,USD,downside_beta_sp500,S&P500 downside beta,positive,0.728558,medium,0.728558,downside_beta_sp500_1y_krw,미국 증시 하락일에 함께 하락,미국 증시 하락일에 반대로 움직임,defensive_proxy|rate_proxy|usd_exposure,downside_beta_sp500_1y_krw=0.728558
SCHD,equity_etf,USD,corr_sp500_60d,S&P500 60d correlation,positive,0.585134,medium,0.585134,corr_sp500_60d_krw,SPY와 같은 방향,SPY와 반대 방향,defensive_proxy|rate_proxy|usd_exposure,corr_sp500_60d_krw=0.585134
SCHD,equity_etf,USD,corr_kospi200_60d,KOSPI200 60d correlation,negative,0.22643,low,-0.22643,corr_kospi200_60d_krw,KOSPI200과 같은 방향,KOSPI200과 반대 방향,defensive_proxy|rate_proxy|usd_exposure,corr_kospi200_60d_krw=-0.22643
SCHD,equity_etf,USD,stress_response,Stress-period average return,neutral,0.000383,low,-0.000383,avg_stress_ret_krw,위기구간에서 플러스 성과,위기구간에서 마이너스 성과,defensive_proxy|rate_proxy|usd_exposure,avg_stress_ret_krw=-0.000383
SGOV,bond_etf,USD,market_beta_sp500,S&P500 beta,positive,0.208248,low,0.208248,beta_sp500_1y_krw,SPY와 같은 방향,SPY와 반대 방향,defensive_proxy|rate_proxy|usd_exposure,beta_sp500_1y_krw=0.208248
SGOV,bond_etf,USD,downside_beta_sp500,S&P500 downside beta,positive,0.198222,low,0.198222,downside_beta_sp500_1y_krw,미국 증시 하락일에 함께 하락,미국 증시 하락일에 반대로 움직임,defensive_proxy|rate_proxy|usd_exposure,downside_beta_sp500_1y_krw=0.198222
SGOV,bond_etf,USD,corr_sp500_60d,S&P500 60d correlation,positive,0.487281,medium,0.487281,corr_sp500_60d_krw,SPY와 같은 방향,SPY와 반대 방향,defensive_proxy|rate_proxy|usd_exposure,corr_sp500_60d_krw=0.487281
SGOV,bond_etf,USD,corr_kospi200_60d,KOSPI200 60d correlation,negative,0.156732,low,-0.156732,corr_kospi200_60d_krw,KOSPI200과 같은 방향,KOSPI200과 반대 방향,defensive_proxy|rate_proxy|usd_exposure,corr_kospi200_60d_krw=-0.156732
SGOV,bond_etf,USD,stress_response,Stress-period average return,neutral,0.000444,low,0.000444,avg_stress_ret_krw,위기구간에서 플러스 성과,위기구간에서 마이너스 성과,defensive_proxy|rate_proxy|usd_exposure,avg_stress_ret_krw=0.000444
SH,inverse_etf,USD,market_beta_sp500,S&P500 beta,negative,0.572634,medium,-0.572634,beta_sp500_1y_krw,SPY와 같은 방향,SPY와 반대 방향,defensive_proxy|rate_proxy|semiconductor_proxy|usd_exposure,beta_sp500_1y_krw=-0.572634
SH,inverse_etf,USD,downside_beta_sp500,S&P500 downside beta,negative,0.592315,medium,-0.592315,downside_beta_sp500_1y_krw,미국 증시 하락일에 함께 하락,미국 증시 하락일에 반대로 움직임,defensive_proxy|rate_proxy|semiconductor_proxy|usd_exposure,downside_beta_sp500_1y_krw=-0.592315
SH,inverse_etf,USD,corr_sp500_60d,S&P500 60d correlation,negative,0.239526,low,-0.239526,corr_sp500_60d_krw,SPY와 같은 방향,SPY와 반대 방향,defensive_proxy|rate_proxy|semiconductor_proxy|usd_exposure,corr_sp500_60d_krw=-0.239526
SH,inverse_etf,USD,corr_kospi200_60d,KOSPI200 60d correlation,negative,0.241599,low,-0.241599,corr_kospi200_60d_krw,KOSPI200과 같은 방향,KOSPI200과 반대 방향,defensive_proxy|rate_proxy|semiconductor_proxy|usd_exposure,corr_kospi200_60d_krw=-0.241599
SH,inverse_etf,USD,stress_response,Stress-period average return,positive,0.000559,low,0.000559,avg_stress_ret_krw,위기구간에서 플러스 성과,위기구간에서 마이너스 성과,defensive_proxy|rate_proxy|semiconductor_proxy|usd_exposure,avg_stress_ret_krw=0.000559
SHV,bond_etf,USD,market_beta_sp500,S&P500 beta,positive,0.208979,low,0.208979,beta_sp500_1y_krw,SPY와 같은 방향,SPY와 반대 방향,defensive_proxy|rate_proxy|usd_exposure,beta_sp500_1y_krw=0.208979
SHV,bond_etf,USD,downside_beta_sp500,S&P500 downside beta,positive,0.199106,low,0.199106,downside_beta_sp500_1y_krw,미국 증시 하락일에 함께 하락,미국 증시 하락일에 반대로 움직임,defensive_proxy|rate_proxy|usd_exposure,downside_beta_sp500_1y_krw=0.199106
SHV,bond_etf,USD,corr_sp500_60d,S&P500 60d correlation,positive,0.490621,medium,0.490621,corr_sp500_60d_krw,SPY와 같은 방향,SPY와 반대 방향,defensive_proxy|rate_proxy|usd_exposure,corr_sp500_60d_krw=0.490621
SHV,bond_etf,USD,corr_kospi200_60d,KOSPI200 60d correlation,negative,0.158542,low,-0.158542,corr_kospi200_60d_krw,KOSPI200과 같은 방향,KOSPI200과 반대 방향,defensive_proxy|rate_proxy|usd_exposure,corr_kospi200_60d_krw=-0.158542
SHV,bond_etf,USD,stress_response,Stress-period average return,neutral,0.000437,low,0.000437,avg_stress_ret_krw,위기구간에서 플러스 성과,위기구간에서 마이너스 성과,defensive_proxy|rate_proxy|usd_exposure,avg_stress_ret_krw=0.000437
SHY,bond_etf,USD,market_beta_sp500,S&P500 beta,positive,0.208958,low,0.208958,beta_sp500_1y_krw,SPY와 같은 방향,SPY와 반대 방향,defensive_proxy|rate_proxy|usd_exposure,beta_sp500_1y_krw=0.208958
SHY,bond_etf,USD,downside_beta_sp500,S&P500 downside beta,positive,0.191425,low,0.191425,downside_beta_sp500_1y_krw,미국 증시 하락일에 함께 하락,미국 증시 하락일에 반대로 움직임,defensive_proxy|rate_proxy|usd_exposure,downside_beta_sp500_1y_krw=0.191425
SHY,bond_etf,USD,corr_sp500_60d,S&P500 60d correlation,positive,0.562402,medium,0.562402,corr_sp500_60d_krw,SPY와 같은 방향,SPY와 반대 방향,defensive_proxy|rate_proxy|usd_exposure,corr_sp500_60d_krw=0.562402
SHY,bond_etf,USD,corr_kospi200_60d,KOSPI200 60d correlation,negative,0.164141,low,-0.164141,corr_kospi200_60d_krw,KOSPI200과 같은 방향,KOSPI200과 반대 방향,defensive_proxy|rate_proxy|usd_exposure,corr_kospi200_60d_krw=-0.164141
SHY,bond_etf,USD,stress_response,Stress-period average return,neutral,0.000315,low,0.000315,avg_stress_ret_krw,위기구간에서 플러스 성과,위기구간에서 마이너스 성과,defensive_proxy|rate_proxy|usd_exposure,avg_stress_ret_krw=0.000315
SLV,commodity_etf,USD,market_beta_sp500,S&P500 beta,positive,0.51158,medium,0.51158,beta_sp500_1y_krw,SPY와 같은 방향,SPY와 반대 방향,geopolitical_proxy|inflation_proxy|usd_exposure,beta_sp500_1y_krw=0.51158
SLV,commodity_etf,USD,downside_beta_sp500,S&P500 downside beta,positive,0.725441,medium,0.725441,downside_beta_sp500_1y_krw,미국 증시 하락일에 함께 하락,미국 증시 하락일에 반대로 움직임,geopolitical_proxy|inflation_proxy|usd_exposure,downside_beta_sp500_1y_krw=0.725441
SLV,commodity_etf,USD,corr_sp500_60d,S&P500 60d correlation,positive,0.604033,high,0.604033,corr_sp500_60d_krw,SPY와 같은 방향,SPY와 반대 방향,geopolitical_proxy|inflation_proxy|usd_exposure,corr_sp500_60d_krw=0.604033
SLV,commodity_etf,USD,corr_kospi200_60d,KOSPI200 60d correlation,positive,0.241818,low,0.241818,corr_kospi200_60d_krw,KOSPI200과 같은 방향,KOSPI200과 반대 방향,geopolitical_proxy|inflation_proxy|usd_exposure,corr_kospi200_60d_krw=0.241818
SLV,commodity_etf,USD,stress_response,Stress-period average return,negative,0.003053,high,-0.003053,avg_stress_ret_krw,위기구간에서 플러스 성과,위기구간에서 마이너스 성과,geopolitical_proxy|inflation_proxy|usd_exposure,avg_stress_ret_krw=-0.003053
SMH,equity_etf,USD,market_beta_sp500,S&P500 beta,positive,1.555041,high,1.555041,beta_sp500_1y_krw,SPY와 같은 방향,SPY와 반대 방향,ai_capex_proxy|semiconductor_proxy|usd_exposure,beta_sp500_1y_krw=1.555041
SMH,equity_etf,USD,downside_beta_sp500,S&P500 downside beta,positive,1.462455,high,1.462455,downside_beta_sp500_1y_krw,미국 증시 하락일에 함께 하락,미국 증시 하락일에 반대로 움직임,ai_capex_proxy|semiconductor_proxy|usd_exposure,downside_beta_sp500_1y_krw=1.462455
SMH,equity_etf,USD,corr_sp500_60d,S&P500 60d correlation,positive,0.714878,high,0.714878,corr_sp500_60d_krw,SPY와 같은 방향,SPY와 반대 방향,ai_capex_proxy|semiconductor_proxy|usd_exposure,corr_sp500_60d_krw=0.714878
SMH,equity_etf,USD,corr_kospi200_60d,KOSPI200 60d correlation,positive,0.228456,low,0.228456,corr_kospi200_60d_krw,KOSPI200과 같은 방향,KOSPI200과 반대 방향,ai_capex_proxy|semiconductor_proxy|usd_exposure,corr_kospi200_60d_krw=0.228456
SMH,equity_etf,USD,stress_response,Stress-period average return,negative,0.000539,low,-0.000539,avg_stress_ret_krw,위기구간에서 플러스 성과,위기구간에서 마이너스 성과,ai_capex_proxy|semiconductor_proxy|usd_exposure,avg_stress_ret_krw=-0.000539
SOL-USD,crypto,USD,market_beta_sp500,S&P500 beta,positive,1.623558,high,1.623558,beta_sp500_1y_krw,SPY와 같은 방향,SPY와 반대 방향,defensive_proxy|rate_proxy|usd_exposure,beta_sp500_1y_krw=1.623558
SOL-USD,crypto,USD,downside_beta_sp500,S&P500 downside beta,positive,1.401464,high,1.401464,downside_beta_sp500_1y_krw,미국 증시 하락일에 함께 하락,미국 증시 하락일에 반대로 움직임,defensive_proxy|rate_proxy|usd_exposure,downside_beta_sp500_1y_krw=1.401464
SOL-USD,crypto,USD,corr_sp500_60d,S&P500 60d correlation,positive,0.440391,medium,0.440391,corr_sp500_60d_krw,SPY와 같은 방향,SPY와 반대 방향,defensive_proxy|rate_proxy|usd_exposure,corr_sp500_60d_krw=0.440391
SOL-USD,crypto,USD,corr_kospi200_60d,KOSPI200 60d correlation,neutral,0.033182,low,0.033182,corr_kospi200_60d_krw,KOSPI200과 같은 방향,KOSPI200과 반대 방향,defensive_proxy|rate_proxy|usd_exposure,corr_kospi200_60d_krw=0.033182
SOL-USD,crypto,USD,stress_response,Stress-period average return,positive,0.011753,high,0.011753,avg_stress_ret_krw,위기구간에서 플러스 성과,위기구간에서 마이너스 성과,defensive_proxy|rate_proxy|usd_exposure,avg_stress_ret_krw=0.011753
SPLV,equity_etf,USD,market_beta_sp500,S&P500 beta,positive,0.574173,medium,0.574173,beta_sp500_1y_krw,SPY와 같은 방향,SPY와 반대 방향,defensive_proxy|rate_proxy|semiconductor_proxy|usd_exposure,beta_sp500_1y_krw=0.574173
SPLV,equity_etf,USD,downside_beta_sp500,S&P500 downside beta,positive,0.580489,medium,0.580489,downside_beta_sp500_1y_krw,미국 증시 하락일에 함께 하락,미국 증시 하락일에 반대로 움직임,defensive_proxy|rate_proxy|semiconductor_proxy|usd_exposure,downside_beta_sp500_1y_krw=0.580489
SPLV,equity_etf,USD,corr_sp500_60d,S&P500 60d correlation,positive,0.449289,medium,0.449289,corr_sp500_60d_krw,SPY와 같은 방향,SPY와 반대 방향,defensive_proxy|rate_proxy|semiconductor_proxy|usd_exposure,corr_sp500_60d_krw=0.449289
SPLV,equity_etf,USD,corr_kospi200_60d,KOSPI200 60d correlation,negative,0.228322,low,-0.228322,corr_kospi200_60d_krw,KOSPI200과 같은 방향,KOSPI200과 반대 방향,defensive_proxy|rate_proxy|semiconductor_proxy|usd_exposure,corr_kospi200_60d_krw=-0.228322
SPLV,equity_etf,USD,stress_response,Stress-period average return,neutral,0.000334,low,-0.000334,avg_stress_ret_krw,위기구간에서 플러스 성과,위기구간에서 마이너스 성과,defensive_proxy|rate_proxy|semiconductor_proxy|usd_exposure,avg_stress_ret_krw=-0.000334
SPY,equity_etf,USD,market_beta_sp500,S&P500 beta,positive,1.0,high,1.0,beta_sp500_1y_krw,SPY와 같은 방향,SPY와 반대 방향,defensive_proxy|rate_proxy|usd_exposure,beta_sp500_1y_krw=1.0
SPY,equity_etf,USD,downside_beta_sp500,S&P500 downside beta,positive,1.0,high,1.0,downside_beta_sp500_1y_krw,미국 증시 하락일에 함께 하락,미국 증시 하락일에 반대로 움직임,defensive_proxy|rate_proxy|usd_exposure,downside_beta_sp500_1y_krw=1.0
SPY,equity_etf,USD,corr_sp500_60d,S&P500 60d correlation,positive,1.0,high,1.0,corr_sp500_60d_krw,SPY와 같은 방향,SPY와 반대 방향,defensive_proxy|rate_proxy|usd_exposure,corr_sp500_60d_krw=1.0
SPY,equity_etf,USD,corr_kospi200_60d,KOSPI200 60d correlation,neutral,0.081704,low,0.081704,corr_kospi200_60d_krw,KOSPI200과 같은 방향,KOSPI200과 반대 방향,defensive_proxy|rate_proxy|usd_exposure,corr_kospi200_60d_krw=0.081704
SPY,equity_etf,USD,stress_response,Stress-period average return,neutral,0.000465,low,0.000465,avg_stress_ret_krw,위기구간에서 플러스 성과,위기구간에서 마이너스 성과,defensive_proxy|rate_proxy|usd_exposure,avg_stress_ret_krw=0.000465
TAIL,tail_risk_etf,USD,market_beta_sp500,S&P500 beta,negative,0.3669,low,-0.3669,beta_sp500_1y_krw,SPY와 같은 방향,SPY와 반대 방향,defensive_proxy|geopolitical_proxy|rate_proxy|usd_exposure,beta_sp500_1y_krw=-0.3669
TAIL,tail_risk_etf,USD,downside_beta_sp500,S&P500 downside beta,negative,0.561504,medium,-0.561504,downside_beta_sp500_1y_krw,미국 증시 하락일에 함께 하락,미국 증시 하락일에 반대로 움직임,defensive_proxy|geopolitical_proxy|rate_proxy|usd_exposure,downside_beta_sp500_1y_krw=-0.561504
TAIL,tail_risk_etf,USD,corr_sp500_60d,S&P500 60d correlation,neutral,0.004655,low,-0.004655,corr_sp500_60d_krw,SPY와 같은 방향,SPY와 반대 방향,defensive_proxy|geopolitical_proxy|rate_proxy|usd_exposure,corr_sp500_60d_krw=-0.004655
TAIL,tail_risk_etf,USD,corr_kospi200_60d,KOSPI200 60d correlation,negative,0.152241,low,-0.152241,corr_kospi200_60d_krw,KOSPI200과 같은 방향,KOSPI200과 반대 방향,defensive_proxy|geopolitical_proxy|rate_proxy|usd_exposure,corr_kospi200_60d_krw=-0.152241
TAIL,tail_risk_etf,USD,stress_response,Stress-period average return,neutral,0.000387,low,0.000387,avg_stress_ret_krw,위기구간에서 플러스 성과,위기구간에서 마이너스 성과,defensive_proxy|geopolitical_proxy|rate_proxy|usd_exposure,avg_stress_ret_krw=0.000387
TAN,equity_etf,USD,market_beta_sp500,S&P500 beta,positive,1.059459,high,1.059459,beta_sp500_1y_krw,SPY와 같은 방향,SPY와 반대 방향,ai_capex_proxy|geopolitical_proxy|rate_proxy|usd_exposure,beta_sp500_1y_krw=1.059459
TAN,equity_etf,USD,downside_beta_sp500,S&P500 downside beta,positive,0.934187,medium,0.934187,downside_beta_sp500_1y_krw,미국 증시 하락일에 함께 하락,미국 증시 하락일에 반대로 움직임,ai_capex_proxy|geopolitical_proxy|rate_proxy|usd_exposure,downside_beta_sp500_1y_krw=0.934187
TAN,equity_etf,USD,corr_sp500_60d,S&P500 60d correlation,positive,0.603612,high,0.603612,corr_sp500_60d_krw,SPY와 같은 방향,SPY와 반대 방향,ai_capex_proxy|geopolitical_proxy|rate_proxy|usd_exposure,corr_sp500_60d_krw=0.603612
TAN,equity_etf,USD,corr_kospi200_60d,KOSPI200 60d correlation,positive,0.245906,low,0.245906,corr_kospi200_60d_krw,KOSPI200과 같은 방향,KOSPI200과 반대 방향,ai_capex_proxy|geopolitical_proxy|rate_proxy|usd_exposure,corr_kospi200_60d_krw=0.245906
TAN,equity_etf,USD,stress_response,Stress-period average return,positive,0.001402,low,0.001402,avg_stress_ret_krw,위기구간에서 플러스 성과,위기구간에서 마이너스 성과,ai_capex_proxy|geopolitical_proxy|rate_proxy|usd_exposure,avg_stress_ret_krw=0.001402
TIP,bond_etf,USD,market_beta_sp500,S&P500 beta,positive,0.241184,low,0.241184,beta_sp500_1y_krw,SPY와 같은 방향,SPY와 반대 방향,defensive_proxy|inflation_proxy|rate_proxy|usd_exposure,beta_sp500_1y_krw=0.241184
TIP,bond_etf,USD,downside_beta_sp500,S&P500 downside beta,positive,0.217007,low,0.217007,downside_beta_sp500_1y_krw,미국 증시 하락일에 함께 하락,미국 증시 하락일에 반대로 움직임,defensive_proxy|inflation_proxy|rate_proxy|usd_exposure,downside_beta_sp500_1y_krw=0.217007
TIP,bond_etf,USD,corr_sp500_60d,S&P500 60d correlation,positive,0.600181,high,0.600181,corr_sp500_60d_krw,SPY와 같은 방향,SPY와 반대 방향,defensive_proxy|inflation_proxy|rate_proxy|usd_exposure,corr_sp500_60d_krw=0.600181
TIP,bond_etf,USD,corr_kospi200_60d,KOSPI200 60d correlation,negative,0.149546,low,-0.149546,corr_kospi200_60d_krw,KOSPI200과 같은 방향,KOSPI200과 반대 방향,defensive_proxy|inflation_proxy|rate_proxy|usd_exposure,corr_kospi200_60d_krw=-0.149546
TIP,bond_etf,USD,stress_response,Stress-period average return,neutral,0.000329,low,-0.000329,avg_stress_ret_krw,위기구간에서 플러스 성과,위기구간에서 마이너스 성과,defensive_proxy|inflation_proxy|rate_proxy|usd_exposure,avg_stress_ret_krw=-0.000329
TLT,bond_etf,USD,market_beta_sp500,S&P500 beta,positive,0.207268,low,0.207268,beta_sp500_1y_krw,SPY와 같은 방향,SPY와 반대 방향,defensive_proxy|rate_proxy|usd_exposure,beta_sp500_1y_krw=0.207268
TLT,bond_etf,USD,downside_beta_sp500,S&P500 downside beta,positive,0.12065,low,0.12065,downside_beta_sp500_1y_krw,미국 증시 하락일에 함께 하락,미국 증시 하락일에 반대로 움직임,defensive_proxy|rate_proxy|usd_exposure,downside_beta_sp500_1y_krw=0.12065
TLT,bond_etf,USD,corr_sp500_60d,S&P500 60d correlation,positive,0.684776,high,0.684776,corr_sp500_60d_krw,SPY와 같은 방향,SPY와 반대 방향,defensive_proxy|rate_proxy|usd_exposure,corr_sp500_60d_krw=0.684776
TLT,bond_etf,USD,corr_kospi200_60d,KOSPI200 60d correlation,negative,0.102439,low,-0.102439,corr_kospi200_60d_krw,KOSPI200과 같은 방향,KOSPI200과 반대 방향,defensive_proxy|rate_proxy|usd_exposure,corr_kospi200_60d_krw=-0.102439
TLT,bond_etf,USD,stress_response,Stress-period average return,negative,0.000541,low,-0.000541,avg_stress_ret_krw,위기구간에서 플러스 성과,위기구간에서 마이너스 성과,defensive_proxy|rate_proxy|usd_exposure,avg_stress_ret_krw=-0.000541
TSLA,us_stock,USD,market_beta_sp500,S&P500 beta,positive,1.78056,high,1.78056,beta_sp500_1y_krw,SPY와 같은 방향,SPY와 반대 방향,ai_capex_proxy|defensive_proxy|rate_proxy|usd_exposure,beta_sp500_1y_krw=1.78056
TSLA,us_stock,USD,downside_beta_sp500,S&P500 downside beta,positive,1.737014,high,1.737014,downside_beta_sp500_1y_krw,미국 증시 하락일에 함께 하락,미국 증시 하락일에 반대로 움직임,ai_capex_proxy|defensive_proxy|rate_proxy|usd_exposure,downside_beta_sp500_1y_krw=1.737014
TSLA,us_stock,USD,corr_sp500_60d,S&P500 60d correlation,positive,0.605204,high,0.605204,corr_sp500_60d_krw,SPY와 같은 방향,SPY와 반대 방향,ai_capex_proxy|defensive_proxy|rate_proxy|usd_exposure,corr_sp500_60d_krw=0.605204
TSLA,us_stock,USD,corr_kospi200_60d,KOSPI200 60d correlation,positive,0.148494,low,0.148494,corr_kospi200_60d_krw,KOSPI200과 같은 방향,KOSPI200과 반대 방향,ai_capex_proxy|defensive_proxy|rate_proxy|usd_exposure,corr_kospi200_60d_krw=0.148494
TSLA,us_stock,USD,stress_response,Stress-period average return,negative,0.002695,medium,-0.002695,avg_stress_ret_krw,위기구간에서 플러스 성과,위기구간에서 마이너스 성과,ai_capex_proxy|defensive_proxy|rate_proxy|usd_exposure,avg_stress_ret_krw=-0.002695
TSM,us_stock,USD,market_beta_sp500,S&P500 beta,positive,1.258838,high,1.258838,beta_sp500_1y_krw,SPY와 같은 방향,SPY와 반대 방향,ai_capex_proxy|geopolitical_proxy|semiconductor_proxy|usd_exposure,beta_sp500_1y_krw=1.258838
TSM,us_stock,USD,downside_beta_sp500,S&P500 downside beta,positive,1.255767,high,1.255767,downside_beta_sp500_1y_krw,미국 증시 하락일에 함께 하락,미국 증시 하락일에 반대로 움직임,ai_capex_proxy|geopolitical_proxy|semiconductor_proxy|usd_exposure,downside_beta_sp500_1y_krw=1.255767
TSM,us_stock,USD,corr_sp500_60d,S&P500 60d correlation,positive,0.609277,high,0.609277,corr_sp500_60d_krw,SPY와 같은 방향,SPY와 반대 방향,ai_capex_proxy|geopolitical_proxy|semiconductor_proxy|usd_exposure,corr_sp500_60d_krw=0.609277
TSM,us_stock,USD,corr_kospi200_60d,KOSPI200 60d correlation,positive,0.218426,low,0.218426,corr_kospi200_60d_krw,KOSPI200과 같은 방향,KOSPI200과 반대 방향,ai_capex_proxy|geopolitical_proxy|semiconductor_proxy|usd_exposure,corr_kospi200_60d_krw=0.218426
TSM,us_stock,USD,stress_response,Stress-period average return,negative,0.001831,medium,-0.001831,avg_stress_ret_krw,위기구간에서 플러스 성과,위기구간에서 마이너스 성과,ai_capex_proxy|geopolitical_proxy|semiconductor_proxy|usd_exposure,avg_stress_ret_krw=-0.001831
UNG,commodity_etf,USD,market_beta_sp500,S&P500 beta,positive,0.502669,medium,0.502669,beta_sp500_1y_krw,SPY와 같은 방향,SPY와 반대 방향,geopolitical_proxy|inflation_proxy|usd_exposure,beta_sp500_1y_krw=0.502669
UNG,commodity_etf,USD,downside_beta_sp500,S&P500 downside beta,positive,0.920974,medium,0.920974,downside_beta_sp500_1y_krw,미국 증시 하락일에 함께 하락,미국 증시 하락일에 반대로 움직임,geopolitical_proxy|inflation_proxy|usd_exposure,downside_beta_sp500_1y_krw=0.920974
UNG,commodity_etf,USD,corr_sp500_60d,S&P500 60d correlation,neutral,0.028038,low,-0.028038,corr_sp500_60d_krw,SPY와 같은 방향,SPY와 반대 방향,geopolitical_proxy|inflation_proxy|usd_exposure,corr_sp500_60d_krw=-0.028038
UNG,commodity_etf,USD,corr_kospi200_60d,KOSPI200 60d correlation,neutral,0.087294,low,0.087294,corr_kospi200_60d_krw,KOSPI200과 같은 방향,KOSPI200과 반대 방향,geopolitical_proxy|inflation_proxy|usd_exposure,corr_kospi200_60d_krw=0.087294
UNG,commodity_etf,USD,stress_response,Stress-period average return,negative,0.006992,high,-0.006992,avg_stress_ret_krw,위기구간에서 플러스 성과,위기구간에서 마이너스 성과,geopolitical_proxy|inflation_proxy|usd_exposure,avg_stress_ret_krw=-0.006992
UNH,us_stock,USD,market_beta_sp500,S&P500 beta,positive,0.573709,medium,0.573709,beta_sp500_1y_krw,SPY와 같은 방향,SPY와 반대 방향,defensive_proxy|rate_proxy|usd_exposure,beta_sp500_1y_krw=0.573709
UNH,us_stock,USD,downside_beta_sp500,S&P500 downside beta,positive,0.561601,medium,0.561601,downside_beta_sp500_1y_krw,미국 증시 하락일에 함께 하락,미국 증시 하락일에 반대로 움직임,defensive_proxy|rate_proxy|usd_exposure,downside_beta_sp500_1y_krw=0.561601
UNH,us_stock,USD,corr_sp500_60d,S&P500 60d correlation,positive,0.274448,low,0.274448,corr_sp500_60d_krw,SPY와 같은 방향,SPY와 반대 방향,defensive_proxy|rate_proxy|usd_exposure,corr_sp500_60d_krw=0.274448
UNH,us_stock,USD,corr_kospi200_60d,KOSPI200 60d correlation,neutral,0.066679,low,-0.066679,corr_kospi200_60d_krw,KOSPI200과 같은 방향,KOSPI200과 반대 방향,defensive_proxy|rate_proxy|usd_exposure,corr_kospi200_60d_krw=-0.066679
UNH,us_stock,USD,stress_response,Stress-period average return,negative,0.002288,medium,-0.002288,avg_stress_ret_krw,위기구간에서 플러스 성과,위기구간에서 마이너스 성과,defensive_proxy|rate_proxy|usd_exposure,avg_stress_ret_krw=-0.002288
URA,equity_etf,USD,market_beta_sp500,S&P500 beta,positive,1.172573,high,1.172573,beta_sp500_1y_krw,SPY와 같은 방향,SPY와 반대 방향,geopolitical_proxy|inflation_proxy|usd_exposure,beta_sp500_1y_krw=1.172573
URA,equity_etf,USD,downside_beta_sp500,S&P500 downside beta,positive,1.352608,high,1.352608,downside_beta_sp500_1y_krw,미국 증시 하락일에 함께 하락,미국 증시 하락일에 반대로 움직임,geopolitical_proxy|inflation_proxy|usd_exposure,downside_beta_sp500_1y_krw=1.352608
URA,equity_etf,USD,corr_sp500_60d,S&P500 60d correlation,positive,0.578491,medium,0.578491,corr_sp500_60d_krw,SPY와 같은 방향,SPY와 반대 방향,geopolitical_proxy|inflation_proxy|usd_exposure,corr_sp500_60d_krw=0.578491
URA,equity_etf,USD,corr_kospi200_60d,KOSPI200 60d correlation,positive,0.271941,low,0.271941,corr_kospi200_60d_krw,KOSPI200과 같은 방향,KOSPI200과 반대 방향,geopolitical_proxy|inflation_proxy|usd_exposure,corr_kospi200_60d_krw=0.271941
URA,equity_etf,USD,stress_response,Stress-period average return,positive,0.000774,low,0.000774,avg_stress_ret_krw,위기구간에서 플러스 성과,위기구간에서 마이너스 성과,geopolitical_proxy|inflation_proxy|usd_exposure,avg_stress_ret_krw=0.000774
USMV,equity_etf,USD,market_beta_sp500,S&P500 beta,positive,0.685795,medium,0.685795,beta_sp500_1y_krw,SPY와 같은 방향,SPY와 반대 방향,defensive_proxy|rate_proxy|semiconductor_proxy|usd_exposure,beta_sp500_1y_krw=0.685795
USMV,equity_etf,USD,downside_beta_sp500,S&P500 downside beta,positive,0.687224,medium,0.687224,downside_beta_sp500_1y_krw,미국 증시 하락일에 함께 하락,미국 증시 하락일에 반대로 움직임,defensive_proxy|rate_proxy|semiconductor_proxy|usd_exposure,downside_beta_sp500_1y_krw=0.687224
USMV,equity_etf,USD,corr_sp500_60d,S&P500 60d correlation,positive,0.738673,high,0.738673,corr_sp500_60d_krw,SPY와 같은 방향,SPY와 반대 방향,defensive_proxy|rate_proxy|semiconductor_proxy|usd_exposure,corr_sp500_60d_krw=0.738673
USMV,equity_etf,USD,corr_kospi200_60d,KOSPI200 60d correlation,negative,0.159808,low,-0.159808,corr_kospi200_60d_krw,KOSPI200과 같은 방향,KOSPI200과 반대 방향,defensive_proxy|rate_proxy|semiconductor_proxy|usd_exposure,corr_kospi200_60d_krw=-0.159808
USMV,equity_etf,USD,stress_response,Stress-period average return,neutral,0.000112,low,-0.000112,avg_stress_ret_krw,위기구간에서 플러스 성과,위기구간에서 마이너스 성과,defensive_proxy|rate_proxy|semiconductor_proxy|usd_exposure,avg_stress_ret_krw=-0.000112
USO,commodity_etf,USD,market_beta_sp500,S&P500 beta,positive,0.439245,medium,0.439245,beta_sp500_1y_krw,SPY와 같은 방향,SPY와 반대 방향,geopolitical_proxy|inflation_proxy|usd_exposure,beta_sp500_1y_krw=0.439245
USO,commodity_etf,USD,downside_beta_sp500,S&P500 downside beta,positive,0.806281,medium,0.806281,downside_beta_sp500_1y_krw,미국 증시 하락일에 함께 하락,미국 증시 하락일에 반대로 움직임,geopolitical_proxy|inflation_proxy|usd_exposure,downside_beta_sp500_1y_krw=0.806281
USO,commodity_etf,USD,corr_sp500_60d,S&P500 60d correlation,negative,0.217034,low,-0.217034,corr_sp500_60d_krw,SPY와 같은 방향,SPY와 반대 방향,geopolitical_proxy|inflation_proxy|usd_exposure,corr_sp500_60d_krw=-0.217034
USO,commodity_etf,USD,corr_kospi200_60d,KOSPI200 60d correlation,negative,0.162952,low,-0.162952,corr_kospi200_60d_krw,KOSPI200과 같은 방향,KOSPI200과 반대 방향,geopolitical_proxy|inflation_proxy|usd_exposure,corr_kospi200_60d_krw=-0.162952
USO,commodity_etf,USD,stress_response,Stress-period average return,positive,0.00114,low,0.00114,avg_stress_ret_krw,위기구간에서 플러스 성과,위기구간에서 마이너스 성과,geopolitical_proxy|inflation_proxy|usd_exposure,avg_stress_ret_krw=0.00114
V,us_stock,USD,market_beta_sp500,S&P500 beta,positive,0.870855,medium,0.870855,beta_sp500_1y_krw,SPY와 같은 방향,SPY와 반대 방향,defensive_proxy|rate_proxy|usd_exposure,beta_sp500_1y_krw=0.870855
V,us_stock,USD,downside_beta_sp500,S&P500 downside beta,positive,0.788632,medium,0.788632,downside_beta_sp500_1y_krw,미국 증시 하락일에 함께 하락,미국 증시 하락일에 반대로 움직임,defensive_proxy|rate_proxy|usd_exposure,downside_beta_sp500_1y_krw=0.788632
V,us_stock,USD,corr_sp500_60d,S&P500 60d correlation,positive,0.412729,medium,0.412729,corr_sp500_60d_krw,SPY와 같은 방향,SPY와 반대 방향,defensive_proxy|rate_proxy|usd_exposure,corr_sp500_60d_krw=0.412729
V,us_stock,USD,corr_kospi200_60d,KOSPI200 60d correlation,negative,0.174928,low,-0.174928,corr_kospi200_60d_krw,KOSPI200과 같은 방향,KOSPI200과 반대 방향,defensive_proxy|rate_proxy|usd_exposure,corr_kospi200_60d_krw=-0.174928
V,us_stock,USD,stress_response,Stress-period average return,positive,0.002178,medium,0.002178,avg_stress_ret_krw,위기구간에서 플러스 성과,위기구간에서 마이너스 성과,defensive_proxy|rate_proxy|usd_exposure,avg_stress_ret_krw=0.002178
VCIT,bond_etf,USD,market_beta_sp500,S&P500 beta,positive,0.283519,low,0.283519,beta_sp500_1y_krw,SPY와 같은 방향,SPY와 반대 방향,credit_proxy|defensive_proxy|rate_proxy|usd_exposure,beta_sp500_1y_krw=0.283519
VCIT,bond_etf,USD,downside_beta_sp500,S&P500 downside beta,positive,0.237332,low,0.237332,downside_beta_sp500_1y_krw,미국 증시 하락일에 함께 하락,미국 증시 하락일에 반대로 움직임,credit_proxy|defensive_proxy|rate_proxy|usd_exposure,downside_beta_sp500_1y_krw=0.237332
VCIT,bond_etf,USD,corr_sp500_60d,S&P500 60d correlation,positive,0.721474,high,0.721474,corr_sp500_60d_krw,SPY와 같은 방향,SPY와 반대 방향,credit_proxy|defensive_proxy|rate_proxy|usd_exposure,corr_sp500_60d_krw=0.721474
VCIT,bond_etf,USD,corr_kospi200_60d,KOSPI200 60d correlation,negative,0.142981,low,-0.142981,corr_kospi200_60d_krw,KOSPI200과 같은 방향,KOSPI200과 반대 방향,credit_proxy|defensive_proxy|rate_proxy|usd_exposure,corr_kospi200_60d_krw=-0.142981
VCIT,bond_etf,USD,stress_response,Stress-period average return,neutral,1.2e-05,low,-1.2e-05,avg_stress_ret_krw,위기구간에서 플러스 성과,위기구간에서 마이너스 성과,credit_proxy|defensive_proxy|rate_proxy|usd_exposure,avg_stress_ret_krw=-1.2e-05
VCSH,bond_etf,USD,market_beta_sp500,S&P500 beta,positive,0.23886,low,0.23886,beta_sp500_1y_krw,SPY와 같은 방향,SPY와 반대 방향,credit_proxy|defensive_proxy|rate_proxy|usd_exposure,beta_sp500_1y_krw=0.23886
VCSH,bond_etf,USD,downside_beta_sp500,S&P500 downside beta,positive,0.215159,low,0.215159,downside_beta_sp500_1y_krw,미국 증시 하락일에 함께 하락,미국 증시 하락일에 반대로 움직임,credit_proxy|defensive_proxy|rate_proxy|usd_exposure,downside_beta_sp500_1y_krw=0.215159
VCSH,bond_etf,USD,corr_sp500_60d,S&P500 60d correlation,positive,0.610625,high,0.610625,corr_sp500_60d_krw,SPY와 같은 방향,SPY와 반대 방향,credit_proxy|defensive_proxy|rate_proxy|usd_exposure,corr_sp500_60d_krw=0.610625
VCSH,bond_etf,USD,corr_kospi200_60d,KOSPI200 60d correlation,negative,0.152533,low,-0.152533,corr_kospi200_60d_krw,KOSPI200과 같은 방향,KOSPI200과 반대 방향,credit_proxy|defensive_proxy|rate_proxy|usd_exposure,corr_kospi200_60d_krw=-0.152533
VCSH,bond_etf,USD,stress_response,Stress-period average return,neutral,0.000314,low,0.000314,avg_stress_ret_krw,위기구간에서 플러스 성과,위기구간에서 마이너스 성과,credit_proxy|defensive_proxy|rate_proxy|usd_exposure,avg_stress_ret_krw=0.000314
VGIT,bond_etf,USD,market_beta_sp500,S&P500 beta,positive,0.199245,low,0.199245,beta_sp500_1y_krw,SPY와 같은 방향,SPY와 반대 방향,defensive_proxy|rate_proxy|usd_exposure,beta_sp500_1y_krw=0.199245
VGIT,bond_etf,USD,downside_beta_sp500,S&P500 downside beta,positive,0.160028,low,0.160028,downside_beta_sp500_1y_krw,미국 증시 하락일에 함께 하락,미국 증시 하락일에 반대로 움직임,defensive_proxy|rate_proxy|usd_exposure,downside_beta_sp500_1y_krw=0.160028
VGIT,bond_etf,USD,corr_sp500_60d,S&P500 60d correlation,positive,0.649566,high,0.649566,corr_sp500_60d_krw,SPY와 같은 방향,SPY와 반대 방향,defensive_proxy|rate_proxy|usd_exposure,corr_sp500_60d_krw=0.649566
VGIT,bond_etf,USD,corr_kospi200_60d,KOSPI200 60d correlation,negative,0.143646,low,-0.143646,corr_kospi200_60d_krw,KOSPI200과 같은 방향,KOSPI200과 반대 방향,defensive_proxy|rate_proxy|usd_exposure,corr_kospi200_60d_krw=-0.143646
VGIT,bond_etf,USD,stress_response,Stress-period average return,neutral,0.000193,low,0.000193,avg_stress_ret_krw,위기구간에서 플러스 성과,위기구간에서 마이너스 성과,defensive_proxy|rate_proxy|usd_exposure,avg_stress_ret_krw=0.000193
VGLT,bond_etf,USD,market_beta_sp500,S&P500 beta,positive,0.199668,low,0.199668,beta_sp500_1y_krw,SPY와 같은 방향,SPY와 반대 방향,defensive_proxy|rate_proxy|usd_exposure,beta_sp500_1y_krw=0.199668
VGLT,bond_etf,USD,downside_beta_sp500,S&P500 downside beta,positive,0.118364,low,0.118364,downside_beta_sp500_1y_krw,미국 증시 하락일에 함께 하락,미국 증시 하락일에 반대로 움직임,defensive_proxy|rate_proxy|usd_exposure,downside_beta_sp500_1y_krw=0.118364
VGLT,bond_etf,USD,corr_sp500_60d,S&P500 60d correlation,positive,0.700539,high,0.700539,corr_sp500_60d_krw,SPY와 같은 방향,SPY와 반대 방향,defensive_proxy|rate_proxy|usd_exposure,corr_sp500_60d_krw=0.700539
VGLT,bond_etf,USD,corr_kospi200_60d,KOSPI200 60d correlation,neutral,0.097209,low,-0.097209,corr_kospi200_60d_krw,KOSPI200과 같은 방향,KOSPI200과 반대 방향,defensive_proxy|rate_proxy|usd_exposure,corr_kospi200_60d_krw=-0.097209
VGLT,bond_etf,USD,stress_response,Stress-period average return,neutral,0.000497,low,-0.000497,avg_stress_ret_krw,위기구간에서 플러스 성과,위기구간에서 마이너스 성과,defensive_proxy|rate_proxy|usd_exposure,avg_stress_ret_krw=-0.000497
VGSH,bond_etf,USD,market_beta_sp500,S&P500 beta,positive,0.202236,low,0.202236,beta_sp500_1y_krw,SPY와 같은 방향,SPY와 반대 방향,defensive_proxy|rate_proxy|usd_exposure,beta_sp500_1y_krw=0.202236
VGSH,bond_etf,USD,downside_beta_sp500,S&P500 downside beta,positive,0.186118,low,0.186118,downside_beta_sp500_1y_krw,미국 증시 하락일에 함께 하락,미국 증시 하락일에 반대로 움직임,defensive_proxy|rate_proxy|usd_exposure,downside_beta_sp500_1y_krw=0.186118
VGSH,bond_etf,USD,corr_sp500_60d,S&P500 60d correlation,positive,0.551721,medium,0.551721,corr_sp500_60d_krw,SPY와 같은 방향,SPY와 반대 방향,defensive_proxy|rate_proxy|usd_exposure,corr_sp500_60d_krw=0.551721
VGSH,bond_etf,USD,corr_kospi200_60d,KOSPI200 60d correlation,negative,0.164926,low,-0.164926,corr_kospi200_60d_krw,KOSPI200과 같은 방향,KOSPI200과 반대 방향,defensive_proxy|rate_proxy|usd_exposure,corr_kospi200_60d_krw=-0.164926
VGSH,bond_etf,USD,stress_response,Stress-period average return,neutral,0.000294,low,0.000294,avg_stress_ret_krw,위기구간에서 플러스 성과,위기구간에서 마이너스 성과,defensive_proxy|rate_proxy|usd_exposure,avg_stress_ret_krw=0.000294
VIG,equity_etf,USD,market_beta_sp500,S&P500 beta,positive,0.830837,medium,0.830837,beta_sp500_1y_krw,SPY와 같은 방향,SPY와 반대 방향,defensive_proxy|rate_proxy|usd_exposure,beta_sp500_1y_krw=0.830837
VIG,equity_etf,USD,downside_beta_sp500,S&P500 downside beta,positive,0.814651,medium,0.814651,downside_beta_sp500_1y_krw,미국 증시 하락일에 함께 하락,미국 증시 하락일에 반대로 움직임,defensive_proxy|rate_proxy|usd_exposure,downside_beta_sp500_1y_krw=0.814651
VIG,equity_etf,USD,corr_sp500_60d,S&P500 60d correlation,positive,0.882424,high,0.882424,corr_sp500_60d_krw,SPY와 같은 방향,SPY와 반대 방향,defensive_proxy|rate_proxy|usd_exposure,corr_sp500_60d_krw=0.882424
VIG,equity_etf,USD,corr_kospi200_60d,KOSPI200 60d correlation,neutral,0.088781,low,-0.088781,corr_kospi200_60d_krw,KOSPI200과 같은 방향,KOSPI200과 반대 방향,defensive_proxy|rate_proxy|usd_exposure,corr_kospi200_60d_krw=-0.088781
VIG,equity_etf,USD,stress_response,Stress-period average return,neutral,8e-05,low,8e-05,avg_stress_ret_krw,위기구간에서 플러스 성과,위기구간에서 마이너스 성과,defensive_proxy|rate_proxy|usd_exposure,avg_stress_ret_krw=8e-05
VNQ,equity_etf,USD,market_beta_sp500,S&P500 beta,positive,0.762622,medium,0.762622,beta_sp500_1y_krw,SPY와 같은 방향,SPY와 반대 방향,defensive_proxy|korea_real_estate_proxy|rate_proxy|usd_exposure,beta_sp500_1y_krw=0.762622
VNQ,equity_etf,USD,downside_beta_sp500,S&P500 downside beta,positive,0.793187,medium,0.793187,downside_beta_sp500_1y_krw,미국 증시 하락일에 함께 하락,미국 증시 하락일에 반대로 움직임,defensive_proxy|korea_real_estate_proxy|rate_proxy|usd_exposure,downside_beta_sp500_1y_krw=0.793187
VNQ,equity_etf,USD,corr_sp500_60d,S&P500 60d correlation,positive,0.571622,medium,0.571622,corr_sp500_60d_krw,SPY와 같은 방향,SPY와 반대 방향,defensive_proxy|korea_real_estate_proxy|rate_proxy|usd_exposure,corr_sp500_60d_krw=0.571622
VNQ,equity_etf,USD,corr_kospi200_60d,KOSPI200 60d correlation,negative,0.144966,low,-0.144966,corr_kospi200_60d_krw,KOSPI200과 같은 방향,KOSPI200과 반대 방향,defensive_proxy|korea_real_estate_proxy|rate_proxy|usd_exposure,corr_kospi200_60d_krw=-0.144966
VNQ,equity_etf,USD,stress_response,Stress-period average return,neutral,0.000141,low,-0.000141,avg_stress_ret_krw,위기구간에서 플러스 성과,위기구간에서 마이너스 성과,defensive_proxy|korea_real_estate_proxy|rate_proxy|usd_exposure,avg_stress_ret_krw=-0.000141
VTI,equity_etf,USD,market_beta_sp500,S&P500 beta,positive,1.011906,high,1.011906,beta_sp500_1y_krw,SPY와 같은 방향,SPY와 반대 방향,defensive_proxy|usd_exposure,beta_sp500_1y_krw=1.011906
VTI,equity_etf,USD,downside_beta_sp500,S&P500 downside beta,positive,1.005992,high,1.005992,downside_beta_sp500_1y_krw,미국 증시 하락일에 함께 하락,미국 증시 하락일에 반대로 움직임,defensive_proxy|usd_exposure,downside_beta_sp500_1y_krw=1.005992
VTI,equity_etf,USD,corr_sp500_60d,S&P500 60d correlation,positive,0.997745,high,0.997745,corr_sp500_60d_krw,SPY와 같은 방향,SPY와 반대 방향,defensive_proxy|usd_exposure,corr_sp500_60d_krw=0.997745
VTI,equity_etf,USD,corr_kospi200_60d,KOSPI200 60d correlation,neutral,0.070122,low,0.070122,corr_kospi200_60d_krw,KOSPI200과 같은 방향,KOSPI200과 반대 방향,defensive_proxy|usd_exposure,corr_kospi200_60d_krw=0.070122
VTI,equity_etf,USD,stress_response,Stress-period average return,neutral,0.000448,low,0.000448,avg_stress_ret_krw,위기구간에서 플러스 성과,위기구간에서 마이너스 성과,defensive_proxy|usd_exposure,avg_stress_ret_krw=0.000448
VTV,equity_etf,USD,market_beta_sp500,S&P500 beta,positive,0.768976,medium,0.768976,beta_sp500_1y_krw,SPY와 같은 방향,SPY와 반대 방향,defensive_proxy|rate_proxy|usd_exposure,beta_sp500_1y_krw=0.768976
VTV,equity_etf,USD,downside_beta_sp500,S&P500 downside beta,positive,0.774012,medium,0.774012,downside_beta_sp500_1y_krw,미국 증시 하락일에 함께 하락,미국 증시 하락일에 반대로 움직임,defensive_proxy|rate_proxy|usd_exposure,downside_beta_sp500_1y_krw=0.774012
VTV,equity_etf,USD,corr_sp500_60d,S&P500 60d correlation,positive,0.831576,high,0.831576,corr_sp500_60d_krw,SPY와 같은 방향,SPY와 반대 방향,defensive_proxy|rate_proxy|usd_exposure,corr_sp500_60d_krw=0.831576
VTV,equity_etf,USD,corr_kospi200_60d,KOSPI200 60d correlation,neutral,0.051586,low,-0.051586,corr_kospi200_60d_krw,KOSPI200과 같은 방향,KOSPI200과 반대 방향,defensive_proxy|rate_proxy|usd_exposure,corr_kospi200_60d_krw=-0.051586
VTV,equity_etf,USD,stress_response,Stress-period average return,neutral,8e-06,low,8e-06,avg_stress_ret_krw,위기구간에서 플러스 성과,위기구간에서 마이너스 성과,defensive_proxy|rate_proxy|usd_exposure,avg_stress_ret_krw=8e-06
VUG,equity_etf,USD,market_beta_sp500,S&P500 beta,positive,1.197478,high,1.197478,beta_sp500_1y_krw,SPY와 같은 방향,SPY와 반대 방향,ai_capex_proxy|rate_proxy|semiconductor_proxy|usd_exposure,beta_sp500_1y_krw=1.197478
VUG,equity_etf,USD,downside_beta_sp500,S&P500 downside beta,positive,1.187673,high,1.187673,downside_beta_sp500_1y_krw,미국 증시 하락일에 함께 하락,미국 증시 하락일에 반대로 움직임,ai_capex_proxy|rate_proxy|semiconductor_proxy|usd_exposure,downside_beta_sp500_1y_krw=1.187673
VUG,equity_etf,USD,corr_sp500_60d,S&P500 60d correlation,positive,0.958077,high,0.958077,corr_sp500_60d_krw,SPY와 같은 방향,SPY와 반대 방향,ai_capex_proxy|rate_proxy|semiconductor_proxy|usd_exposure,corr_sp500_60d_krw=0.958077
VUG,equity_etf,USD,corr_kospi200_60d,KOSPI200 60d correlation,positive,0.122577,low,0.122577,corr_kospi200_60d_krw,KOSPI200과 같은 방향,KOSPI200과 반대 방향,ai_capex_proxy|rate_proxy|semiconductor_proxy|usd_exposure,corr_kospi200_60d_krw=0.122577
VUG,equity_etf,USD,stress_response,Stress-period average return,positive,0.000696,low,0.000696,avg_stress_ret_krw,위기구간에서 플러스 성과,위기구간에서 마이너스 성과,ai_capex_proxy|rate_proxy|semiconductor_proxy|usd_exposure,avg_stress_ret_krw=0.000696
VXUS,equity_etf,USD,market_beta_sp500,S&P500 beta,positive,0.755563,medium,0.755563,beta_sp500_1y_krw,SPY와 같은 방향,SPY와 반대 방향,geopolitical_proxy|usd_exposure,beta_sp500_1y_krw=0.755563
VXUS,equity_etf,USD,downside_beta_sp500,S&P500 downside beta,positive,0.75169,medium,0.75169,downside_beta_sp500_1y_krw,미국 증시 하락일에 함께 하락,미국 증시 하락일에 반대로 움직임,geopolitical_proxy|usd_exposure,downside_beta_sp500_1y_krw=0.75169
VXUS,equity_etf,USD,corr_sp500_60d,S&P500 60d correlation,positive,0.885005,high,0.885005,corr_sp500_60d_krw,SPY와 같은 방향,SPY와 반대 방향,geopolitical_proxy|usd_exposure,corr_sp500_60d_krw=0.885005
VXUS,equity_etf,USD,corr_kospi200_60d,KOSPI200 60d correlation,positive,0.134916,low,0.134916,corr_kospi200_60d_krw,KOSPI200과 같은 방향,KOSPI200과 반대 방향,geopolitical_proxy|usd_exposure,corr_kospi200_60d_krw=0.134916
VXUS,equity_etf,USD,stress_response,Stress-period average return,neutral,0.000406,low,0.000406,avg_stress_ret_krw,위기구간에서 플러스 성과,위기구간에서 마이너스 성과,geopolitical_proxy|usd_exposure,avg_stress_ret_krw=0.000406
WMT,us_stock,USD,market_beta_sp500,S&P500 beta,positive,0.576909,medium,0.576909,beta_sp500_1y_krw,SPY와 같은 방향,SPY와 반대 방향,defensive_proxy|rate_proxy|usd_exposure,beta_sp500_1y_krw=0.576909
WMT,us_stock,USD,downside_beta_sp500,S&P500 downside beta,positive,0.589213,medium,0.589213,downside_beta_sp500_1y_krw,미국 증시 하락일에 함께 하락,미국 증시 하락일에 반대로 움직임,defensive_proxy|rate_proxy|usd_exposure,downside_beta_sp500_1y_krw=0.589213
WMT,us_stock,USD,corr_sp500_60d,S&P500 60d correlation,positive,0.289752,low,0.289752,corr_sp500_60d_krw,SPY와 같은 방향,SPY와 반대 방향,defensive_proxy|rate_proxy|usd_exposure,corr_sp500_60d_krw=0.289752
WMT,us_stock,USD,corr_kospi200_60d,KOSPI200 60d correlation,negative,0.350702,medium,-0.350702,corr_kospi200_60d_krw,KOSPI200과 같은 방향,KOSPI200과 반대 방향,defensive_proxy|rate_proxy|usd_exposure,corr_kospi200_60d_krw=-0.350702
WMT,us_stock,USD,stress_response,Stress-period average return,negative,0.000687,low,-0.000687,avg_stress_ret_krw,위기구간에서 플러스 성과,위기구간에서 마이너스 성과,defensive_proxy|rate_proxy|usd_exposure,avg_stress_ret_krw=-0.000687
XBI,equity_etf,USD,market_beta_sp500,S&P500 beta,positive,1.077112,high,1.077112,beta_sp500_1y_krw,SPY와 같은 방향,SPY와 반대 방향,ai_capex_proxy|defensive_proxy|rate_proxy|usd_exposure,beta_sp500_1y_krw=1.077112
XBI,equity_etf,USD,downside_beta_sp500,S&P500 downside beta,positive,1.075483,high,1.075483,downside_beta_sp500_1y_krw,미국 증시 하락일에 함께 하락,미국 증시 하락일에 반대로 움직임,ai_capex_proxy|defensive_proxy|rate_proxy|usd_exposure,downside_beta_sp500_1y_krw=1.075483
XBI,equity_etf,USD,corr_sp500_60d,S&P500 60d correlation,positive,0.651857,high,0.651857,corr_sp500_60d_krw,SPY와 같은 방향,SPY와 반대 방향,ai_capex_proxy|defensive_proxy|rate_proxy|usd_exposure,corr_sp500_60d_krw=0.651857
XBI,equity_etf,USD,corr_kospi200_60d,KOSPI200 60d correlation,neutral,0.002093,low,0.002093,corr_kospi200_60d_krw,KOSPI200과 같은 방향,KOSPI200과 반대 방향,ai_capex_proxy|defensive_proxy|rate_proxy|usd_exposure,corr_kospi200_60d_krw=0.002093
XBI,equity_etf,USD,stress_response,Stress-period average return,positive,0.004405,high,0.004405,avg_stress_ret_krw,위기구간에서 플러스 성과,위기구간에서 마이너스 성과,ai_capex_proxy|defensive_proxy|rate_proxy|usd_exposure,avg_stress_ret_krw=0.004405
XLB,equity_etf,USD,market_beta_sp500,S&P500 beta,positive,0.871358,medium,0.871358,beta_sp500_1y_krw,SPY와 같은 방향,SPY와 반대 방향,geopolitical_proxy|inflation_proxy|usd_exposure,beta_sp500_1y_krw=0.871358
XLB,equity_etf,USD,downside_beta_sp500,S&P500 downside beta,positive,0.867122,medium,0.867122,downside_beta_sp500_1y_krw,미국 증시 하락일에 함께 하락,미국 증시 하락일에 반대로 움직임,geopolitical_proxy|inflation_proxy|usd_exposure,downside_beta_sp500_1y_krw=0.867122
XLB,equity_etf,USD,corr_sp500_60d,S&P500 60d correlation,positive,0.664757,high,0.664757,corr_sp500_60d_krw,SPY와 같은 방향,SPY와 반대 방향,geopolitical_proxy|inflation_proxy|usd_exposure,corr_sp500_60d_krw=0.664757
XLB,equity_etf,USD,corr_kospi200_60d,KOSPI200 60d correlation,positive,0.184835,low,0.184835,corr_kospi200_60d_krw,KOSPI200과 같은 방향,KOSPI200과 반대 방향,geopolitical_proxy|inflation_proxy|usd_exposure,corr_kospi200_60d_krw=0.184835
XLB,equity_etf,USD,stress_response,Stress-period average return,negative,0.000544,low,-0.000544,avg_stress_ret_krw,위기구간에서 플러스 성과,위기구간에서 마이너스 성과,geopolitical_proxy|inflation_proxy|usd_exposure,avg_stress_ret_krw=-0.000544
XLC,equity_etf,USD,market_beta_sp500,S&P500 beta,positive,0.993215,medium,0.993215,beta_sp500_1y_krw,SPY와 같은 방향,SPY와 반대 방향,ai_capex_proxy|defensive_proxy|rate_proxy|usd_exposure,beta_sp500_1y_krw=0.993215
XLC,equity_etf,USD,downside_beta_sp500,S&P500 downside beta,positive,0.998036,medium,0.998036,downside_beta_sp500_1y_krw,미국 증시 하락일에 함께 하락,미국 증시 하락일에 반대로 움직임,ai_capex_proxy|defensive_proxy|rate_proxy|usd_exposure,downside_beta_sp500_1y_krw=0.998036
XLC,equity_etf,USD,corr_sp500_60d,S&P500 60d correlation,positive,0.78227,high,0.78227,corr_sp500_60d_krw,SPY와 같은 방향,SPY와 반대 방향,ai_capex_proxy|defensive_proxy|rate_proxy|usd_exposure,corr_sp500_60d_krw=0.78227
XLC,equity_etf,USD,corr_kospi200_60d,KOSPI200 60d correlation,neutral,0.010839,low,-0.010839,corr_kospi200_60d_krw,KOSPI200과 같은 방향,KOSPI200과 반대 방향,ai_capex_proxy|defensive_proxy|rate_proxy|usd_exposure,corr_kospi200_60d_krw=-0.010839
XLC,equity_etf,USD,stress_response,Stress-period average return,neutral,0.000162,low,0.000162,avg_stress_ret_krw,위기구간에서 플러스 성과,위기구간에서 마이너스 성과,ai_capex_proxy|defensive_proxy|rate_proxy|usd_exposure,avg_stress_ret_krw=0.000162
XLE,equity_etf,USD,market_beta_sp500,S&P500 beta,positive,0.745273,medium,0.745273,beta_sp500_1y_krw,SPY와 같은 방향,SPY와 반대 방향,geopolitical_proxy|inflation_proxy|usd_exposure,beta_sp500_1y_krw=0.745273
XLE,equity_etf,USD,downside_beta_sp500,S&P500 downside beta,positive,0.957431,medium,0.957431,downside_beta_sp500_1y_krw,미국 증시 하락일에 함께 하락,미국 증시 하락일에 반대로 움직임,geopolitical_proxy|inflation_proxy|usd_exposure,downside_beta_sp500_1y_krw=0.957431
XLE,equity_etf,USD,corr_sp500_60d,S&P500 60d correlation,positive,0.12036,low,0.12036,corr_sp500_60d_krw,SPY와 같은 방향,SPY와 반대 방향,geopolitical_proxy|inflation_proxy|usd_exposure,corr_sp500_60d_krw=0.12036
XLE,equity_etf,USD,corr_kospi200_60d,KOSPI200 60d correlation,negative,0.323487,medium,-0.323487,corr_kospi200_60d_krw,KOSPI200과 같은 방향,KOSPI200과 반대 방향,geopolitical_proxy|inflation_proxy|usd_exposure,corr_kospi200_60d_krw=-0.323487
XLE,equity_etf,USD,stress_response,Stress-period average return,negative,0.000936,low,-0.000936,avg_stress_ret_krw,위기구간에서 플러스 성과,위기구간에서 마이너스 성과,geopolitical_proxy|inflation_proxy|usd_exposure,avg_stress_ret_krw=-0.000936
XLF,equity_etf,USD,market_beta_sp500,S&P500 beta,positive,0.908781,medium,0.908781,beta_sp500_1y_krw,SPY와 같은 방향,SPY와 반대 방향,credit_proxy|defensive_proxy|korea_financial_proxy|rate_proxy|usd_exposure,beta_sp500_1y_krw=0.908781
XLF,equity_etf,USD,downside_beta_sp500,S&P500 downside beta,positive,0.903027,medium,0.903027,downside_beta_sp500_1y_krw,미국 증시 하락일에 함께 하락,미국 증시 하락일에 반대로 움직임,credit_proxy|defensive_proxy|korea_financial_proxy|rate_proxy|usd_exposure,downside_beta_sp500_1y_krw=0.903027
XLF,equity_etf,USD,corr_sp500_60d,S&P500 60d correlation,positive,0.647928,high,0.647928,corr_sp500_60d_krw,SPY와 같은 방향,SPY와 반대 방향,credit_proxy|defensive_proxy|korea_financial_proxy|rate_proxy|usd_exposure,corr_sp500_60d_krw=0.647928
XLF,equity_etf,USD,corr_kospi200_60d,KOSPI200 60d correlation,negative,0.144286,low,-0.144286,corr_kospi200_60d_krw,KOSPI200과 같은 방향,KOSPI200과 반대 방향,credit_proxy|defensive_proxy|korea_financial_proxy|rate_proxy|usd_exposure,corr_kospi200_60d_krw=-0.144286
XLF,equity_etf,USD,stress_response,Stress-period average return,positive,0.001407,low,0.001407,avg_stress_ret_krw,위기구간에서 플러스 성과,위기구간에서 마이너스 성과,credit_proxy|defensive_proxy|korea_financial_proxy|rate_proxy|usd_exposure,avg_stress_ret_krw=0.001407
XLI,equity_etf,USD,market_beta_sp500,S&P500 beta,positive,0.89721,medium,0.89721,beta_sp500_1y_krw,SPY와 같은 방향,SPY와 반대 방향,defensive_proxy|geopolitical_proxy|usd_exposure,beta_sp500_1y_krw=0.89721
XLI,equity_etf,USD,downside_beta_sp500,S&P500 downside beta,positive,0.857042,medium,0.857042,downside_beta_sp500_1y_krw,미국 증시 하락일에 함께 하락,미국 증시 하락일에 반대로 움직임,defensive_proxy|geopolitical_proxy|usd_exposure,downside_beta_sp500_1y_krw=0.857042
XLI,equity_etf,USD,corr_sp500_60d,S&P500 60d correlation,positive,0.720082,high,0.720082,corr_sp500_60d_krw,SPY와 같은 방향,SPY와 반대 방향,defensive_proxy|geopolitical_proxy|usd_exposure,corr_sp500_60d_krw=0.720082
XLI,equity_etf,USD,corr_kospi200_60d,KOSPI200 60d correlation,positive,0.132722,low,0.132722,corr_kospi200_60d_krw,KOSPI200과 같은 방향,KOSPI200과 반대 방향,defensive_proxy|geopolitical_proxy|usd_exposure,corr_kospi200_60d_krw=0.132722
XLI,equity_etf,USD,stress_response,Stress-period average return,neutral,0.000303,low,-0.000303,avg_stress_ret_krw,위기구간에서 플러스 성과,위기구간에서 마이너스 성과,defensive_proxy|geopolitical_proxy|usd_exposure,avg_stress_ret_krw=-0.000303
XLK,equity_etf,USD,market_beta_sp500,S&P500 beta,positive,1.287957,high,1.287957,beta_sp500_1y_krw,SPY와 같은 방향,SPY와 반대 방향,ai_capex_proxy|rate_proxy|semiconductor_proxy|usd_exposure,beta_sp500_1y_krw=1.287957
XLK,equity_etf,USD,downside_beta_sp500,S&P500 downside beta,positive,1.253892,high,1.253892,downside_beta_sp500_1y_krw,미국 증시 하락일에 함께 하락,미국 증시 하락일에 반대로 움직임,ai_capex_proxy|rate_proxy|semiconductor_proxy|usd_exposure,downside_beta_sp500_1y_krw=1.253892
XLK,equity_etf,USD,corr_sp500_60d,S&P500 60d correlation,positive,0.846298,high,0.846298,corr_sp500_60d_krw,SPY와 같은 방향,SPY와 반대 방향,ai_capex_proxy|rate_proxy|semiconductor_proxy|usd_exposure,corr_sp500_60d_krw=0.846298
XLK,equity_etf,USD,corr_kospi200_60d,KOSPI200 60d correlation,positive,0.223131,low,0.223131,corr_kospi200_60d_krw,KOSPI200과 같은 방향,KOSPI200과 반대 방향,ai_capex_proxy|rate_proxy|semiconductor_proxy|usd_exposure,corr_kospi200_60d_krw=0.223131
XLK,equity_etf,USD,stress_response,Stress-period average return,neutral,0.000489,low,0.000489,avg_stress_ret_krw,위기구간에서 플러스 성과,위기구간에서 마이너스 성과,ai_capex_proxy|rate_proxy|semiconductor_proxy|usd_exposure,avg_stress_ret_krw=0.000489
XLP,equity_etf,USD,market_beta_sp500,S&P500 beta,positive,0.521018,medium,0.521018,beta_sp500_1y_krw,SPY와 같은 방향,SPY와 반대 방향,defensive_proxy|rate_proxy|usd_exposure,beta_sp500_1y_krw=0.521018
XLP,equity_etf,USD,downside_beta_sp500,S&P500 downside beta,positive,0.536121,medium,0.536121,downside_beta_sp500_1y_krw,미국 증시 하락일에 함께 하락,미국 증시 하락일에 반대로 움직임,defensive_proxy|rate_proxy|usd_exposure,downside_beta_sp500_1y_krw=0.536121
XLP,equity_etf,USD,corr_sp500_60d,S&P500 60d correlation,positive,0.349144,medium,0.349144,corr_sp500_60d_krw,SPY와 같은 방향,SPY와 반대 방향,defensive_proxy|rate_proxy|usd_exposure,corr_sp500_60d_krw=0.349144
XLP,equity_etf,USD,corr_kospi200_60d,KOSPI200 60d correlation,negative,0.30861,medium,-0.30861,corr_kospi200_60d_krw,KOSPI200과 같은 방향,KOSPI200과 반대 방향,defensive_proxy|rate_proxy|usd_exposure,corr_kospi200_60d_krw=-0.30861
XLP,equity_etf,USD,stress_response,Stress-period average return,negative,0.000756,low,-0.000756,avg_stress_ret_krw,위기구간에서 플러스 성과,위기구간에서 마이너스 성과,defensive_proxy|rate_proxy|usd_exposure,avg_stress_ret_krw=-0.000756
XLU,equity_etf,USD,market_beta_sp500,S&P500 beta,positive,0.547257,medium,0.547257,beta_sp500_1y_krw,SPY와 같은 방향,SPY와 반대 방향,defensive_proxy|rate_proxy|usd_exposure,beta_sp500_1y_krw=0.547257
XLU,equity_etf,USD,downside_beta_sp500,S&P500 downside beta,positive,0.534965,medium,0.534965,downside_beta_sp500_1y_krw,미국 증시 하락일에 함께 하락,미국 증시 하락일에 반대로 움직임,defensive_proxy|rate_proxy|usd_exposure,downside_beta_sp500_1y_krw=0.534965
XLU,equity_etf,USD,corr_sp500_60d,S&P500 60d correlation,positive,0.394026,medium,0.394026,corr_sp500_60d_krw,SPY와 같은 방향,SPY와 반대 방향,defensive_proxy|rate_proxy|usd_exposure,corr_sp500_60d_krw=0.394026
XLU,equity_etf,USD,corr_kospi200_60d,KOSPI200 60d correlation,negative,0.102431,low,-0.102431,corr_kospi200_60d_krw,KOSPI200과 같은 방향,KOSPI200과 반대 방향,defensive_proxy|rate_proxy|usd_exposure,corr_kospi200_60d_krw=-0.102431
XLU,equity_etf,USD,stress_response,Stress-period average return,neutral,3.9e-05,low,3.9e-05,avg_stress_ret_krw,위기구간에서 플러스 성과,위기구간에서 마이너스 성과,defensive_proxy|rate_proxy|usd_exposure,avg_stress_ret_krw=3.9e-05
XLV,equity_etf,USD,market_beta_sp500,S&P500 beta,positive,0.647662,medium,0.647662,beta_sp500_1y_krw,SPY와 같은 방향,SPY와 반대 방향,defensive_proxy|rate_proxy|usd_exposure,beta_sp500_1y_krw=0.647662
XLV,equity_etf,USD,downside_beta_sp500,S&P500 downside beta,positive,0.618428,medium,0.618428,downside_beta_sp500_1y_krw,미국 증시 하락일에 함께 하락,미국 증시 하락일에 반대로 움직임,defensive_proxy|rate_proxy|usd_exposure,downside_beta_sp500_1y_krw=0.618428
XLV,equity_etf,USD,corr_sp500_60d,S&P500 60d correlation,positive,0.548677,medium,0.548677,corr_sp500_60d_krw,SPY와 같은 방향,SPY와 반대 방향,defensive_proxy|rate_proxy|usd_exposure,corr_sp500_60d_krw=0.548677
XLV,equity_etf,USD,corr_kospi200_60d,KOSPI200 60d correlation,negative,0.164125,low,-0.164125,corr_kospi200_60d_krw,KOSPI200과 같은 방향,KOSPI200과 반대 방향,defensive_proxy|rate_proxy|usd_exposure,corr_kospi200_60d_krw=-0.164125
XLV,equity_etf,USD,stress_response,Stress-period average return,positive,0.000752,low,0.000752,avg_stress_ret_krw,위기구간에서 플러스 성과,위기구간에서 마이너스 성과,defensive_proxy|rate_proxy|usd_exposure,avg_stress_ret_krw=0.000752
XLY,equity_etf,USD,market_beta_sp500,S&P500 beta,positive,1.179123,high,1.179123,beta_sp500_1y_krw,SPY와 같은 방향,SPY와 반대 방향,defensive_proxy|rate_proxy|usd_exposure,beta_sp500_1y_krw=1.179123
XLY,equity_etf,USD,downside_beta_sp500,S&P500 downside beta,positive,1.157403,high,1.157403,downside_beta_sp500_1y_krw,미국 증시 하락일에 함께 하락,미국 증시 하락일에 반대로 움직임,defensive_proxy|rate_proxy|usd_exposure,downside_beta_sp500_1y_krw=1.157403
XLY,equity_etf,USD,corr_sp500_60d,S&P500 60d correlation,positive,0.82435,high,0.82435,corr_sp500_60d_krw,SPY와 같은 방향,SPY와 반대 방향,defensive_proxy|rate_proxy|usd_exposure,corr_sp500_60d_krw=0.82435
XLY,equity_etf,USD,corr_kospi200_60d,KOSPI200 60d correlation,neutral,0.009497,low,0.009497,corr_kospi200_60d_krw,KOSPI200과 같은 방향,KOSPI200과 반대 방향,defensive_proxy|rate_proxy|usd_exposure,corr_kospi200_60d_krw=0.009497
XLY,equity_etf,USD,stress_response,Stress-period average return,neutral,0.00012,low,-0.00012,avg_stress_ret_krw,위기구간에서 플러스 성과,위기구간에서 마이너스 성과,defensive_proxy|rate_proxy|usd_exposure,avg_stress_ret_krw=-0.00012
XOM,us_stock,USD,market_beta_sp500,S&P500 beta,positive,0.609237,medium,0.609237,beta_sp500_1y_krw,SPY와 같은 방향,SPY와 반대 방향,geopolitical_proxy|inflation_proxy|usd_exposure,beta_sp500_1y_krw=0.609237
XOM,us_stock,USD,downside_beta_sp500,S&P500 downside beta,positive,0.784621,medium,0.784621,downside_beta_sp500_1y_krw,미국 증시 하락일에 함께 하락,미국 증시 하락일에 반대로 움직임,geopolitical_proxy|inflation_proxy|usd_exposure,downside_beta_sp500_1y_krw=0.784621
XOM,us_stock,USD,corr_sp500_60d,S&P500 60d correlation,neutral,0.021662,low,0.021662,corr_sp500_60d_krw,SPY와 같은 방향,SPY와 반대 방향,geopolitical_proxy|inflation_proxy|usd_exposure,corr_sp500_60d_krw=0.021662
XOM,us_stock,USD,corr_kospi200_60d,KOSPI200 60d correlation,negative,0.323831,medium,-0.323831,corr_kospi200_60d_krw,KOSPI200과 같은 방향,KOSPI200과 반대 방향,geopolitical_proxy|inflation_proxy|usd_exposure,corr_kospi200_60d_krw=-0.323831
XOM,us_stock,USD,stress_response,Stress-period average return,neutral,0.000445,low,-0.000445,avg_stress_ret_krw,위기구간에서 플러스 성과,위기구간에서 마이너스 성과,geopolitical_proxy|inflation_proxy|usd_exposure,avg_stress_ret_krw=-0.000445
XOP,equity_etf,USD,market_beta_sp500,S&P500 beta,positive,0.972362,medium,0.972362,beta_sp500_1y_krw,SPY와 같은 방향,SPY와 반대 방향,geopolitical_proxy|inflation_proxy|usd_exposure,beta_sp500_1y_krw=0.972362
XOP,equity_etf,USD,downside_beta_sp500,S&P500 downside beta,positive,1.214528,high,1.214528,downside_beta_sp500_1y_krw,미국 증시 하락일에 함께 하락,미국 증시 하락일에 반대로 움직임,geopolitical_proxy|inflation_proxy|usd_exposure,downside_beta_sp500_1y_krw=1.214528
XOP,equity_etf,USD,corr_sp500_60d,S&P500 60d correlation,neutral,0.019829,low,-0.019829,corr_sp500_60d_krw,SPY와 같은 방향,SPY와 반대 방향,geopolitical_proxy|inflation_proxy|usd_exposure,corr_sp500_60d_krw=-0.019829
XOP,equity_etf,USD,corr_kospi200_60d,KOSPI200 60d correlation,negative,0.248608,low,-0.248608,corr_kospi200_60d_krw,KOSPI200과 같은 방향,KOSPI200과 반대 방향,geopolitical_proxy|inflation_proxy|usd_exposure,corr_kospi200_60d_krw=-0.248608
XOP,equity_etf,USD,stress_response,Stress-period average return,negative,0.00236,medium,-0.00236,avg_stress_ret_krw,위기구간에서 플러스 성과,위기구간에서 마이너스 성과,geopolitical_proxy|inflation_proxy|usd_exposure,avg_stress_ret_krw=-0.00236
XRP-USD,crypto,USD,market_beta_sp500,S&P500 beta,positive,1.176389,high,1.176389,beta_sp500_1y_krw,SPY와 같은 방향,SPY와 반대 방향,defensive_proxy|usd_exposure,beta_sp500_1y_krw=1.176389
XRP-USD,crypto,USD,downside_beta_sp500,S&P500 downside beta,positive,0.897025,medium,0.897025,downside_beta_sp500_1y_krw,미국 증시 하락일에 함께 하락,미국 증시 하락일에 반대로 움직임,defensive_proxy|usd_exposure,downside_beta_sp500_1y_krw=0.897025
XRP-USD,crypto,USD,corr_sp500_60d,S&P500 60d correlation,positive,0.534581,medium,0.534581,corr_sp500_60d_krw,SPY와 같은 방향,SPY와 반대 방향,defensive_proxy|usd_exposure,corr_sp500_60d_krw=0.534581
XRP-USD,crypto,USD,corr_kospi200_60d,KOSPI200 60d correlation,neutral,0.097438,low,0.097438,corr_kospi200_60d_krw,KOSPI200과 같은 방향,KOSPI200과 반대 방향,defensive_proxy|usd_exposure,corr_kospi200_60d_krw=0.097438
XRP-USD,crypto,USD,stress_response,Stress-period average return,positive,0.005486,high,0.005486,avg_stress_ret_krw,위기구간에서 플러스 성과,위기구간에서 마이너스 성과,defensive_proxy|usd_exposure,avg_stress_ret_krw=0.005486
XRT,equity_etf,USD,market_beta_sp500,S&P500 beta,positive,1.139972,high,1.139972,beta_sp500_1y_krw,SPY와 같은 방향,SPY와 반대 방향,defensive_proxy|rate_proxy|usd_exposure,beta_sp500_1y_krw=1.139972
XRT,equity_etf,USD,downside_beta_sp500,S&P500 downside beta,positive,1.024852,high,1.024852,downside_beta_sp500_1y_krw,미국 증시 하락일에 함께 하락,미국 증시 하락일에 반대로 움직임,defensive_proxy|rate_proxy|usd_exposure,downside_beta_sp500_1y_krw=1.024852
XRT,equity_etf,USD,corr_sp500_60d,S&P500 60d correlation,positive,0.618676,high,0.618676,corr_sp500_60d_krw,SPY와 같은 방향,SPY와 반대 방향,defensive_proxy|rate_proxy|usd_exposure,corr_sp500_60d_krw=0.618676
XRT,equity_etf,USD,corr_kospi200_60d,KOSPI200 60d correlation,negative,0.239395,low,-0.239395,corr_kospi200_60d_krw,KOSPI200과 같은 방향,KOSPI200과 반대 방향,defensive_proxy|rate_proxy|usd_exposure,corr_kospi200_60d_krw=-0.239395
XRT,equity_etf,USD,stress_response,Stress-period average return,neutral,0.000435,low,-0.000435,avg_stress_ret_krw,위기구간에서 플러스 성과,위기구간에서 마이너스 성과,defensive_proxy|rate_proxy|usd_exposure,avg_stress_ret_krw=-0.000435
