ticker,asset_name,asset_class,scenario_code,scenario_name,scenario_name_ko,lens,scenario_beta,conditional_return_hit,downside_capture,direction,magnitude,sensitivity_level,confidence,method,sensitivity_version,method_priority,sample_count,sample_count_actual,direct_metric_count,source_quality,beta_stability,event_or_seed_dependent,window_start,window_end,active_hit_count,scenario_context_weight,scenario_trade_gate_weight,evidence_quality,gate_eligible,gate_reason,context_reason,scenario_return_beta,scenario_downside_beta,scenario_conditional_return,recommended_role,notes
000270.KS,000270.KS,kr_stock,usd_strength_krw_weakness,USD Strength / KRW Weakness,달러강세/원화약세장,fx_krw,0.66436,-0.004996,1.107378,positive,0.66436,medium,78.591896,rolling_beta,v3,1,4204,4204,4,market,pass,N,,2026-06-04,1,0.958519,0.958519,high,Y,trade-gated adverse scenario with medium/high evidence,active market context,-0.318334,1.107378,-0.004996,krw_weakness_vulnerable,달러가 강하고 원화가 약해져 KRW 기준 투자자의 환율 리스크가 커지는 장세입니다. 한국 자산과 USD 노출의 역할을 분리해 봅니다.
000270.KS,000270.KS,kr_stock,china_trade_fragmentation_shock,China / Trade Fragmentation Shock,중국·무역분절 충격장,china_asia,0.596397,-0.004996,1.107378,positive,0.596397,medium,67.121129,rolling_beta,v3,1,1184,1184,5,market,pass,N,,2026-06-04,1,0.743352,0.743352,high,Y,trade-gated adverse scenario with medium/high evidence,active market context,0.969304,1.107378,-0.004996,china_asia_shock_vulnerable,중국 경기·무역갈등·공급망 충격이 한국/아시아와 반도체 자산에 번지는 장세입니다. 한국 반도체 factor와 원화 약세를 함께 확인합니다.
000270.KS,000270.KS,kr_stock,higher_for_longer_long_rate_shock,Higher-for-Longer / Long-Rate Shock,장기금리 부담장,us_global,0.03215,-0.004996,0.105786,neutral,0.03215,low,60.332483,rolling_beta,v3,1,4632,4632,3,market,pass,N,,2026-06-04,1,0.710094,0.0,high,N,below ACTIVE confidence/coverage trade-gate threshold,active market context,0.058455,0.105786,-0.004996,rate_sensitive,장기금리와 달러 강세 부담이 채권·성장주·신용자산을 압박하는 장세입니다. 고밸류 성장주와 반도체 factor 민감도를 점검합니다.
000270.KS,000270.KS,kr_stock,geopolitical_escalation_supply_shock,Geopolitical Escalation / Supply Shock,지정학 확전·공급충격장,geopolitical,-0.006561,-0.004996,0.058455,neutral,0.006561,low,52.44319,rolling_beta,v3,1,4204,4204,3,manual,pass,Y,,2026-06-04,1,0.382179,0.0,medium,N,context only: source_quality=manual,context only: source_quality=manual,0.019301,,-0.004996,geopolitical_supply_shock_hedge,"전쟁, 제재, 해상로 차질, 대만·중동·한반도 긴장처럼 유가·금·방산·변동성이 동시에 움직이는 이벤트성 충격 장세입니다. 뉴스 overlay는 가격 신호를 보강하는 용도로만 해석합니다."
000270.KS,000270.KS,kr_stock,acute_global_stress_liquidity_crunch,Acute Global Stress / Liquidity Crunch,급성 리스크오프/유동성 경색장,us_global,0.256987,-0.004996,0.105786,positive,0.256987,low,41.987513,rolling_beta,v3,1,4632,4632,3,market,pass,N,,2026-06-04,1,0.362342,0.0,medium,N,context only: WATCH state,context only: WATCH state,0.058455,0.105786,-0.004996,liquidity_stress_vulnerable,변동성이 튀고 위험자산이 동반 약세를 보이는 단기 스트레스 장세입니다. 상관관계 상승과 유동성 악화를 우선 점검합니다.
000270.KS,000270.KS,kr_stock,soft_landing_goldilocks,Soft Landing / Goldilocks,우호적 위험선호장,us_global,0.058455,-0.004996,0.105786,positive,0.058455,low,48.066958,rolling_beta,v3,1,4632,4632,3,market,pass,N,,2026-06-04,0,0.0,0.0,medium,N,non-adverse scenario,inactive scenario,0.058455,0.105786,-0.004996,neutral_or_defensive,우호적 위험선호장 참여 민감도
000270.KS,000270.KS,kr_stock,stagflation_reinflation_energy_shock,Stagflation / Reinflation / Energy Shock,물가·에너지 재상승장,us_global,-0.304631,-0.004996,0.058455,negative,0.304631,medium,53.197858,rolling_beta,v3,1,4632,4632,2,market,pass,N,,2026-06-04,0,0.0,0.0,high,N,scenario inactive,inactive scenario,0.019301,,-0.004996,inflation_hedge,성장 부담이 있는데 유가·원자재·인플레이션 압력이 다시 커지는 장세입니다. 에너지/원자재 수혜와 장기채 부담을 함께 봅니다.
000270.KS,000270.KS,kr_stock,korea_domestic_financial_stress,Korea Domestic Financial Stress,한국 내수 금융스트레스장,korea_market,1.093223,-0.004996,1.107378,positive,1.093223,high,84.809459,rolling_beta,v3,1,4204,4204,5,seed,pass,Y,,2026-06-04,0,0.0,0.0,medium,N,scenario inactive,inactive scenario,0.969304,1.107378,-0.004996,korea_financial_stress_vulnerable,"가계부채, 부동산 PF, 비은행권, 금융주와 건설주 스트레스가 한국 자산 전반으로 번지는 장세입니다. 금융/건설 basket, 신용 spread, 단기자금 spread, 원화 약세를 함께 점검합니다."
000270.KS,000270.KS,kr_stock,semiconductor_ai_cycle_shock,Semiconductor / AI Cycle Shock,AI·반도체 사이클 충격장,korea_semiconductor,0.351146,-0.004996,0.135965,positive,0.351146,medium,77.298138,rolling_beta,v3,1,1184,1184,6,market,pass,N,,2026-06-04,0,0.0,0.0,high,N,scenario inactive,inactive scenario,0.039875,0.135965,-0.004996,semiconductor_ai_shock_vulnerable,"AI capex 기대와 반도체 모멘텀이 꺾이면서 미국 성장주와 한국 반도체 대형주가 동시에 압박받는 장세입니다. SOXX, AI leader basket, 한국 반도체 basket의 동반 약세와 원화 압력을 함께 봅니다."
000270.KS,000270.KS,kr_stock,slowdown_recession_deflation_risk,Slowdown / Recession / Deflation Risk,경기둔화/침체 우려장,us_global,0.212869,-0.004996,0.105786,positive,0.212869,low,60.696943,rolling_beta,v3,1,4632,4632,3,market,pass,N,,2026-06-04,0,0.0,0.0,high,N,scenario inactive,inactive scenario,0.058455,0.105786,-0.004996,slowdown_vulnerable,수요 둔화와 침체/디플레이션 압력이 커지는 방어적 장세입니다. 주식 beta와 신용위험을 보수적으로 봅니다.
000660.KS,000660.KS,kr_stock,usd_strength_krw_weakness,USD Strength / KRW Weakness,달러강세/원화약세장,fx_krw,0.715115,-0.01021,1.246781,positive,0.715115,medium,78.591896,rolling_beta,v3,1,4204,4204,4,market,pass,N,,2026-06-04,1,0.958519,0.958519,high,Y,trade-gated adverse scenario with medium/high evidence,active market context,-0.414921,1.246781,-0.01021,krw_weakness_vulnerable,달러가 강하고 원화가 약해져 KRW 기준 투자자의 환율 리스크가 커지는 장세입니다. 한국 자산과 USD 노출의 역할을 분리해 봅니다.
000660.KS,000660.KS,kr_stock,china_trade_fragmentation_shock,China / Trade Fragmentation Shock,중국·무역분절 충격장,china_asia,1.117347,-0.01021,1.246781,positive,1.117347,high,67.121129,rolling_beta,v3,1,1184,1184,5,market,pass,N,,2026-06-04,1,0.743352,0.743352,high,Y,trade-gated adverse scenario with medium/high evidence,active market context,1.320031,1.246781,-0.01021,china_asia_shock_vulnerable,중국 경기·무역갈등·공급망 충격이 한국/아시아와 반도체 자산에 번지는 장세입니다. 한국 반도체 factor와 원화 약세를 함께 확인합니다.
000660.KS,000660.KS,kr_stock,higher_for_longer_long_rate_shock,Higher-for-Longer / Long-Rate Shock,장기금리 부담장,us_global,0.317717,-0.01021,0.259261,positive,0.317717,medium,60.332483,rolling_beta,v3,1,4632,4632,3,market,pass,N,,2026-06-04,1,0.710094,0.0,high,N,below ACTIVE confidence/coverage trade-gate threshold,active market context,0.123121,0.259261,-0.01021,rate_sensitive,장기금리와 달러 강세 부담이 채권·성장주·신용자산을 압박하는 장세입니다. 고밸류 성장주와 반도체 factor 민감도를 점검합니다.
000660.KS,000660.KS,kr_stock,geopolitical_escalation_supply_shock,Geopolitical Escalation / Supply Shock,지정학 확전·공급충격장,geopolitical,0.497049,-0.01021,0.123121,positive,0.497049,medium,52.44319,rolling_beta,v3,1,4204,4204,3,manual,pass,Y,,2026-06-04,1,0.382179,0.0,medium,N,context only: source_quality=manual,context only: source_quality=manual,0.012981,,-0.01021,geopolitical_supply_shock_vulnerable,"전쟁, 제재, 해상로 차질, 대만·중동·한반도 긴장처럼 유가·금·방산·변동성이 동시에 움직이는 이벤트성 충격 장세입니다. 뉴스 overlay는 가격 신호를 보강하는 용도로만 해석합니다."
000660.KS,000660.KS,kr_stock,acute_global_stress_liquidity_crunch,Acute Global Stress / Liquidity Crunch,급성 리스크오프/유동성 경색장,us_global,0.527176,-0.01021,0.259261,positive,0.527176,medium,41.987513,rolling_beta,v3,1,4632,4632,3,market,pass,N,,2026-06-04,1,0.362342,0.0,medium,N,context only: WATCH state,context only: WATCH state,0.123121,0.259261,-0.01021,liquidity_stress_vulnerable,변동성이 튀고 위험자산이 동반 약세를 보이는 단기 스트레스 장세입니다. 상관관계 상승과 유동성 악화를 우선 점검합니다.
000660.KS,000660.KS,kr_stock,soft_landing_goldilocks,Soft Landing / Goldilocks,우호적 위험선호장,us_global,0.123121,-0.01021,0.259261,positive,0.123121,low,48.066958,rolling_beta,v3,1,4632,4632,3,market,pass,N,,2026-06-04,0,0.0,0.0,medium,N,non-adverse scenario,inactive scenario,0.123121,0.259261,-0.01021,neutral_or_defensive,우호적 위험선호장 참여 민감도
000660.KS,000660.KS,kr_stock,stagflation_reinflation_energy_shock,Stagflation / Reinflation / Energy Shock,물가·에너지 재상승장,us_global,0.298347,-0.01021,0.123121,positive,0.298347,low,53.197858,rolling_beta,v3,1,4632,4632,2,market,pass,N,,2026-06-04,0,0.0,0.0,high,N,scenario inactive,inactive scenario,0.012981,,-0.01021,stagflation_vulnerable,성장 부담이 있는데 유가·원자재·인플레이션 압력이 다시 커지는 장세입니다. 에너지/원자재 수혜와 장기채 부담을 함께 봅니다.
000660.KS,000660.KS,kr_stock,korea_domestic_financial_stress,Korea Domestic Financial Stress,한국 내수 금융스트레스장,korea_market,1.337721,-0.01021,1.246781,positive,1.337721,high,84.809459,rolling_beta,v3,1,4204,4204,5,seed,pass,Y,,2026-06-04,0,0.0,0.0,medium,N,scenario inactive,inactive scenario,1.320031,1.246781,-0.01021,korea_financial_stress_vulnerable,"가계부채, 부동산 PF, 비은행권, 금융주와 건설주 스트레스가 한국 자산 전반으로 번지는 장세입니다. 금융/건설 basket, 신용 spread, 단기자금 spread, 원화 약세를 함께 점검합니다."
000660.KS,000660.KS,kr_stock,semiconductor_ai_cycle_shock,Semiconductor / AI Cycle Shock,AI·반도체 사이클 충격장,korea_semiconductor,1.006735,-0.01021,0.14404,positive,1.006735,high,77.298138,rolling_beta,v3,1,1184,1184,6,market,pass,N,,2026-06-04,0,0.0,0.0,high,N,scenario inactive,inactive scenario,0.145765,0.14404,-0.01021,semiconductor_ai_shock_vulnerable,"AI capex 기대와 반도체 모멘텀이 꺾이면서 미국 성장주와 한국 반도체 대형주가 동시에 압박받는 장세입니다. SOXX, AI leader basket, 한국 반도체 basket의 동반 약세와 원화 압력을 함께 봅니다."
000660.KS,000660.KS,kr_stock,slowdown_recession_deflation_risk,Slowdown / Recession / Deflation Risk,경기둔화/침체 우려장,us_global,0.437386,-0.01021,0.259261,positive,0.437386,medium,60.696943,rolling_beta,v3,1,4632,4632,3,market,pass,N,,2026-06-04,0,0.0,0.0,high,N,scenario inactive,inactive scenario,0.123121,0.259261,-0.01021,slowdown_vulnerable,수요 둔화와 침체/디플레이션 압력이 커지는 방어적 장세입니다. 주식 beta와 신용위험을 보수적으로 봅니다.
000810.KS,000810.KS,kr_stock,usd_strength_krw_weakness,USD Strength / KRW Weakness,달러강세/원화약세장,fx_krw,0.557225,-0.004478,0.707101,positive,0.557225,medium,78.591896,rolling_beta,v3,1,4204,4204,4,market,pass,N,,2026-06-04,1,0.958519,0.958519,high,Y,trade-gated adverse scenario with medium/high evidence,active market context,-0.225768,0.707101,-0.004478,krw_weakness_vulnerable,달러가 강하고 원화가 약해져 KRW 기준 투자자의 환율 리스크가 커지는 장세입니다. 한국 자산과 USD 노출의 역할을 분리해 봅니다.
000810.KS,000810.KS,kr_stock,china_trade_fragmentation_shock,China / Trade Fragmentation Shock,중국·무역분절 충격장,china_asia,0.497737,-0.004478,0.707101,positive,0.497737,medium,67.121129,rolling_beta,v3,1,1184,1184,5,market,pass,N,,2026-06-04,1,0.743352,0.743352,high,Y,trade-gated adverse scenario with medium/high evidence,active market context,0.640282,0.707101,-0.004478,china_asia_shock_vulnerable,중국 경기·무역갈등·공급망 충격이 한국/아시아와 반도체 자산에 번지는 장세입니다. 한국 반도체 factor와 원화 약세를 함께 확인합니다.
000810.KS,000810.KS,kr_stock,higher_for_longer_long_rate_shock,Higher-for-Longer / Long-Rate Shock,장기금리 부담장,us_global,0.457227,-0.004478,0.11556,positive,0.457227,medium,60.332483,rolling_beta,v3,1,4632,4632,3,market,pass,N,,2026-06-04,1,0.710094,0.0,high,N,below ACTIVE confidence/coverage trade-gate threshold,active market context,0.013141,0.11556,-0.004478,rate_sensitive,장기금리와 달러 강세 부담이 채권·성장주·신용자산을 압박하는 장세입니다. 고밸류 성장주와 반도체 factor 민감도를 점검합니다.
000810.KS,000810.KS,kr_stock,geopolitical_escalation_supply_shock,Geopolitical Escalation / Supply Shock,지정학 확전·공급충격장,geopolitical,0.062681,-0.004478,0.013141,positive,0.062681,low,52.44319,rolling_beta,v3,1,4204,4204,3,manual,pass,Y,,2026-06-04,1,0.382179,0.0,medium,N,context only: source_quality=manual,context only: source_quality=manual,0.03442,,-0.004478,geopolitical_supply_shock_vulnerable,"전쟁, 제재, 해상로 차질, 대만·중동·한반도 긴장처럼 유가·금·방산·변동성이 동시에 움직이는 이벤트성 충격 장세입니다. 뉴스 overlay는 가격 신호를 보강하는 용도로만 해석합니다."
000810.KS,000810.KS,kr_stock,acute_global_stress_liquidity_crunch,Acute Global Stress / Liquidity Crunch,급성 리스크오프/유동성 경색장,us_global,0.208751,-0.004478,0.11556,positive,0.208751,low,41.987513,rolling_beta,v3,1,4632,4632,3,market,pass,N,,2026-06-04,1,0.362342,0.0,medium,N,context only: WATCH state,context only: WATCH state,0.013141,0.11556,-0.004478,liquidity_stress_vulnerable,변동성이 튀고 위험자산이 동반 약세를 보이는 단기 스트레스 장세입니다. 상관관계 상승과 유동성 악화를 우선 점검합니다.
000810.KS,000810.KS,kr_stock,soft_landing_goldilocks,Soft Landing / Goldilocks,우호적 위험선호장,us_global,0.013141,-0.004478,0.11556,neutral,0.013141,low,48.066958,rolling_beta,v3,1,4632,4632,3,market,pass,N,,2026-06-04,0,0.0,0.0,medium,N,non-adverse scenario,inactive scenario,0.013141,0.11556,-0.004478,neutral_or_defensive,우호적 위험선호장 참여 민감도
000810.KS,000810.KS,kr_stock,stagflation_reinflation_energy_shock,Stagflation / Reinflation / Energy Shock,물가·에너지 재상승장,us_global,0.316557,-0.004478,0.013141,positive,0.316557,medium,53.197858,rolling_beta,v3,1,4632,4632,2,market,pass,N,,2026-06-04,0,0.0,0.0,high,N,scenario inactive,inactive scenario,0.03442,,-0.004478,stagflation_vulnerable,성장 부담이 있는데 유가·원자재·인플레이션 압력이 다시 커지는 장세입니다. 에너지/원자재 수혜와 장기채 부담을 함께 봅니다.
000810.KS,000810.KS,kr_stock,korea_domestic_financial_stress,Korea Domestic Financial Stress,한국 내수 금융스트레스장,korea_market,0.675426,-0.004478,0.707101,positive,0.675426,medium,84.809459,rolling_beta,v3,1,4204,4204,5,seed,pass,Y,,2026-06-04,0,0.0,0.0,medium,N,scenario inactive,inactive scenario,0.640282,0.707101,-0.004478,korea_financial_stress_vulnerable,"가계부채, 부동산 PF, 비은행권, 금융주와 건설주 스트레스가 한국 자산 전반으로 번지는 장세입니다. 금융/건설 basket, 신용 spread, 단기자금 spread, 원화 약세를 함께 점검합니다."
000810.KS,000810.KS,kr_stock,semiconductor_ai_cycle_shock,Semiconductor / AI Cycle Shock,AI·반도체 사이클 충격장,korea_semiconductor,0.018867,-0.004478,0.10691,neutral,0.018867,low,77.298138,rolling_beta,v3,1,1184,1184,6,market,pass,N,,2026-06-04,0,0.0,0.0,high,N,scenario inactive,inactive scenario,-0.024395,0.10691,-0.004478,semiconductor_ai_shock_vulnerable,"AI capex 기대와 반도체 모멘텀이 꺾이면서 미국 성장주와 한국 반도체 대형주가 동시에 압박받는 장세입니다. SOXX, AI leader basket, 한국 반도체 basket의 동반 약세와 원화 압력을 함께 봅니다."
000810.KS,000810.KS,kr_stock,slowdown_recession_deflation_risk,Slowdown / Recession / Deflation Risk,경기둔화/침체 우려장,us_global,-0.184718,-0.004478,0.11556,negative,0.184718,low,60.696943,rolling_beta,v3,1,4632,4632,3,market,pass,N,,2026-06-04,0,0.0,0.0,high,N,scenario inactive,inactive scenario,0.013141,0.11556,-0.004478,slowdown_defense,수요 둔화와 침체/디플레이션 압력이 커지는 방어적 장세입니다. 주식 beta와 신용위험을 보수적으로 봅니다.
003670.KS,003670.KS,kr_stock,usd_strength_krw_weakness,USD Strength / KRW Weakness,달러강세/원화약세장,fx_krw,0.586846,-0.005132,0.872668,positive,0.586846,medium,78.591896,rolling_beta,v3,1,4204,4204,4,market,pass,N,,2026-06-04,1,0.958519,0.958519,high,Y,trade-gated adverse scenario with medium/high evidence,active market context,-0.353188,0.872668,-0.005132,krw_weakness_vulnerable,달러가 강하고 원화가 약해져 KRW 기준 투자자의 환율 리스크가 커지는 장세입니다. 한국 자산과 USD 노출의 역할을 분리해 봅니다.
003670.KS,003670.KS,kr_stock,china_trade_fragmentation_shock,China / Trade Fragmentation Shock,중국·무역분절 충격장,china_asia,0.537783,-0.005132,0.872668,positive,0.537783,medium,67.121129,rolling_beta,v3,1,1184,1184,5,market,pass,N,,2026-06-04,1,0.743352,0.743352,high,Y,trade-gated adverse scenario with medium/high evidence,active market context,0.770918,0.872668,-0.005132,china_asia_shock_vulnerable,중국 경기·무역갈등·공급망 충격이 한국/아시아와 반도체 자산에 번지는 장세입니다. 한국 반도체 factor와 원화 약세를 함께 확인합니다.
003670.KS,003670.KS,kr_stock,higher_for_longer_long_rate_shock,Higher-for-Longer / Long-Rate Shock,장기금리 부담장,us_global,0.452974,-0.005132,0.139882,positive,0.452974,medium,60.332483,rolling_beta,v3,1,4632,4632,3,market,pass,N,,2026-06-04,1,0.710094,0.0,high,N,below ACTIVE confidence/coverage trade-gate threshold,active market context,0.005407,0.139882,-0.005132,rate_sensitive,장기금리와 달러 강세 부담이 채권·성장주·신용자산을 압박하는 장세입니다. 고밸류 성장주와 반도체 factor 민감도를 점검합니다.
003670.KS,003670.KS,kr_stock,geopolitical_escalation_supply_shock,Geopolitical Escalation / Supply Shock,지정학 확전·공급충격장,geopolitical,-0.269914,-0.005132,0.005407,negative,0.269914,low,52.44319,rolling_beta,v3,1,4204,4204,3,manual,pass,Y,,2026-06-04,1,0.382179,0.0,medium,N,context only: source_quality=manual,context only: source_quality=manual,0.001129,,-0.005132,geopolitical_supply_shock_hedge,"전쟁, 제재, 해상로 차질, 대만·중동·한반도 긴장처럼 유가·금·방산·변동성이 동시에 움직이는 이벤트성 충격 장세입니다. 뉴스 overlay는 가격 신호를 보강하는 용도로만 해석합니다."
003670.KS,003670.KS,kr_stock,acute_global_stress_liquidity_crunch,Acute Global Stress / Liquidity Crunch,급성 리스크오프/유동성 경색장,us_global,0.233925,-0.005132,0.139882,positive,0.233925,low,41.987513,rolling_beta,v3,1,4632,4632,3,market,pass,N,,2026-06-04,1,0.362342,0.0,medium,N,context only: WATCH state,context only: WATCH state,0.005407,0.139882,-0.005132,liquidity_stress_vulnerable,변동성이 튀고 위험자산이 동반 약세를 보이는 단기 스트레스 장세입니다. 상관관계 상승과 유동성 악화를 우선 점검합니다.
003670.KS,003670.KS,kr_stock,soft_landing_goldilocks,Soft Landing / Goldilocks,우호적 위험선호장,us_global,0.005407,-0.005132,0.139882,neutral,0.005407,low,48.066958,rolling_beta,v3,1,4632,4632,3,market,pass,N,,2026-06-04,0,0.0,0.0,medium,N,non-adverse scenario,inactive scenario,0.005407,0.139882,-0.005132,neutral_or_defensive,우호적 위험선호장 참여 민감도
003670.KS,003670.KS,kr_stock,stagflation_reinflation_energy_shock,Stagflation / Reinflation / Energy Shock,물가·에너지 재상승장,us_global,-0.119801,-0.005132,0.005407,negative,0.119801,low,53.197858,rolling_beta,v3,1,4632,4632,2,market,pass,N,,2026-06-04,0,0.0,0.0,high,N,scenario inactive,inactive scenario,0.001129,,-0.005132,inflation_hedge,성장 부담이 있는데 유가·원자재·인플레이션 압력이 다시 커지는 장세입니다. 에너지/원자재 수혜와 장기채 부담을 함께 봅니다.
003670.KS,003670.KS,kr_stock,korea_domestic_financial_stress,Korea Domestic Financial Stress,한국 내수 금융스트레스장,korea_market,0.663224,-0.005132,0.872668,positive,0.663224,medium,84.809459,rolling_beta,v3,1,4204,4204,5,seed,pass,Y,,2026-06-04,0,0.0,0.0,medium,N,scenario inactive,inactive scenario,0.770918,0.872668,-0.005132,korea_financial_stress_vulnerable,"가계부채, 부동산 PF, 비은행권, 금융주와 건설주 스트레스가 한국 자산 전반으로 번지는 장세입니다. 금융/건설 basket, 신용 spread, 단기자금 spread, 원화 약세를 함께 점검합니다."
003670.KS,003670.KS,kr_stock,semiconductor_ai_cycle_shock,Semiconductor / AI Cycle Shock,AI·반도체 사이클 충격장,korea_semiconductor,0.218813,-0.005132,0.005247,positive,0.218813,low,77.298138,rolling_beta,v3,1,1184,1184,6,market,pass,N,,2026-06-04,0,0.0,0.0,high,N,scenario inactive,inactive scenario,-0.000747,0.005247,-0.005132,semiconductor_ai_shock_vulnerable,"AI capex 기대와 반도체 모멘텀이 꺾이면서 미국 성장주와 한국 반도체 대형주가 동시에 압박받는 장세입니다. SOXX, AI leader basket, 한국 반도체 basket의 동반 약세와 원화 압력을 함께 봅니다."
003670.KS,003670.KS,kr_stock,slowdown_recession_deflation_risk,Slowdown / Recession / Deflation Risk,경기둔화/침체 우려장,us_global,-0.166857,-0.005132,0.139882,negative,0.166857,low,60.696943,rolling_beta,v3,1,4632,4632,3,market,pass,N,,2026-06-04,0,0.0,0.0,high,N,scenario inactive,inactive scenario,0.005407,0.139882,-0.005132,slowdown_defense,수요 둔화와 침체/디플레이션 압력이 커지는 방어적 장세입니다. 주식 beta와 신용위험을 보수적으로 봅니다.
005380.KS,005380.KS,kr_stock,usd_strength_krw_weakness,USD Strength / KRW Weakness,달러강세/원화약세장,fx_krw,0.656061,-0.005493,1.038115,positive,0.656061,medium,78.591896,rolling_beta,v3,1,4204,4204,4,market,pass,N,,2026-06-04,1,0.958519,0.958519,high,Y,trade-gated adverse scenario with medium/high evidence,active market context,-0.302168,1.038115,-0.005493,krw_weakness_vulnerable,달러가 강하고 원화가 약해져 KRW 기준 투자자의 환율 리스크가 커지는 장세입니다. 한국 자산과 USD 노출의 역할을 분리해 봅니다.
005380.KS,005380.KS,kr_stock,china_trade_fragmentation_shock,China / Trade Fragmentation Shock,중국·무역분절 충격장,china_asia,0.602174,-0.005493,1.038115,positive,0.602174,medium,67.121129,rolling_beta,v3,1,1184,1184,5,market,pass,N,,2026-06-04,1,0.743352,0.743352,high,Y,trade-gated adverse scenario with medium/high evidence,active market context,1.013568,1.038115,-0.005493,china_asia_shock_vulnerable,중국 경기·무역갈등·공급망 충격이 한국/아시아와 반도체 자산에 번지는 장세입니다. 한국 반도체 factor와 원화 약세를 함께 확인합니다.
005380.KS,005380.KS,kr_stock,higher_for_longer_long_rate_shock,Higher-for-Longer / Long-Rate Shock,장기금리 부담장,us_global,0.025823,-0.005493,0.133293,neutral,0.025823,low,60.332483,rolling_beta,v3,1,4632,4632,3,market,pass,N,,2026-06-04,1,0.710094,0.0,high,N,below ACTIVE confidence/coverage trade-gate threshold,active market context,0.046952,0.133293,-0.005493,rate_sensitive,장기금리와 달러 강세 부담이 채권·성장주·신용자산을 압박하는 장세입니다. 고밸류 성장주와 반도체 factor 민감도를 점검합니다.
005380.KS,005380.KS,kr_stock,geopolitical_escalation_supply_shock,Geopolitical Escalation / Supply Shock,지정학 확전·공급충격장,geopolitical,0.000332,-0.005493,0.046952,neutral,0.000332,low,52.44319,rolling_beta,v3,1,4204,4204,3,manual,pass,Y,,2026-06-04,1,0.382179,0.0,medium,N,context only: source_quality=manual,context only: source_quality=manual,0.034261,,-0.005493,geopolitical_supply_shock_vulnerable,"전쟁, 제재, 해상로 차질, 대만·중동·한반도 긴장처럼 유가·금·방산·변동성이 동시에 움직이는 이벤트성 충격 장세입니다. 뉴스 overlay는 가격 신호를 보강하는 용도로만 해석합니다."
005380.KS,005380.KS,kr_stock,acute_global_stress_liquidity_crunch,Acute Global Stress / Liquidity Crunch,급성 리스크오프/유동성 경색장,us_global,0.273008,-0.005493,0.133293,positive,0.273008,low,41.987513,rolling_beta,v3,1,4632,4632,3,market,pass,N,,2026-06-04,1,0.362342,0.0,medium,N,context only: WATCH state,context only: WATCH state,0.046952,0.133293,-0.005493,liquidity_stress_vulnerable,변동성이 튀고 위험자산이 동반 약세를 보이는 단기 스트레스 장세입니다. 상관관계 상승과 유동성 악화를 우선 점검합니다.
005380.KS,005380.KS,kr_stock,soft_landing_goldilocks,Soft Landing / Goldilocks,우호적 위험선호장,us_global,0.046952,-0.005493,0.133293,neutral,0.046952,low,48.066958,rolling_beta,v3,1,4632,4632,3,market,pass,N,,2026-06-04,0,0.0,0.0,medium,N,non-adverse scenario,inactive scenario,0.046952,0.133293,-0.005493,neutral_or_defensive,우호적 위험선호장 참여 민감도
005380.KS,005380.KS,kr_stock,stagflation_reinflation_energy_shock,Stagflation / Reinflation / Energy Shock,물가·에너지 재상승장,us_global,-0.296242,-0.005493,0.046952,negative,0.296242,low,53.197858,rolling_beta,v3,1,4632,4632,2,market,pass,N,,2026-06-04,0,0.0,0.0,high,N,scenario inactive,inactive scenario,0.034261,,-0.005493,inflation_hedge,성장 부담이 있는데 유가·원자재·인플레이션 압력이 다시 커지는 장세입니다. 에너지/원자재 수혜와 장기채 부담을 함께 봅니다.
005380.KS,005380.KS,kr_stock,korea_domestic_financial_stress,Korea Domestic Financial Stress,한국 내수 금융스트레스장,korea_market,1.123475,-0.005493,1.038115,positive,1.123475,high,84.809459,rolling_beta,v3,1,4204,4204,5,seed,pass,Y,,2026-06-04,0,0.0,0.0,medium,N,scenario inactive,inactive scenario,1.013568,1.038115,-0.005493,korea_financial_stress_vulnerable,"가계부채, 부동산 PF, 비은행권, 금융주와 건설주 스트레스가 한국 자산 전반으로 번지는 장세입니다. 금융/건설 basket, 신용 spread, 단기자금 spread, 원화 약세를 함께 점검합니다."
005380.KS,005380.KS,kr_stock,semiconductor_ai_cycle_shock,Semiconductor / AI Cycle Shock,AI·반도체 사이클 충격장,korea_semiconductor,0.375934,-0.005493,0.158016,positive,0.375934,medium,77.298138,rolling_beta,v3,1,1184,1184,6,market,pass,N,,2026-06-04,0,0.0,0.0,high,N,scenario inactive,inactive scenario,0.061926,0.158016,-0.005493,semiconductor_ai_shock_vulnerable,"AI capex 기대와 반도체 모멘텀이 꺾이면서 미국 성장주와 한국 반도체 대형주가 동시에 압박받는 장세입니다. SOXX, AI leader basket, 한국 반도체 basket의 동반 약세와 원화 압력을 함께 봅니다."
005380.KS,005380.KS,kr_stock,slowdown_recession_deflation_risk,Slowdown / Recession / Deflation Risk,경기둔화/침체 우려장,us_global,0.222773,-0.005493,0.133293,positive,0.222773,low,60.696943,rolling_beta,v3,1,4632,4632,3,market,pass,N,,2026-06-04,0,0.0,0.0,high,N,scenario inactive,inactive scenario,0.046952,0.133293,-0.005493,slowdown_vulnerable,수요 둔화와 침체/디플레이션 압력이 커지는 방어적 장세입니다. 주식 beta와 신용위험을 보수적으로 봅니다.
005490.KS,005490.KS,kr_stock,usd_strength_krw_weakness,USD Strength / KRW Weakness,달러강세/원화약세장,fx_krw,0.585575,-0.005251,1.029335,positive,0.585575,medium,78.591896,rolling_beta,v3,1,4204,4204,4,market,pass,N,,2026-06-04,1,0.958519,0.958519,high,Y,trade-gated adverse scenario with medium/high evidence,active market context,-0.418187,1.029335,-0.005251,krw_weakness_vulnerable,달러가 강하고 원화가 약해져 KRW 기준 투자자의 환율 리스크가 커지는 장세입니다. 한국 자산과 USD 노출의 역할을 분리해 봅니다.
005490.KS,005490.KS,kr_stock,china_trade_fragmentation_shock,China / Trade Fragmentation Shock,중국·무역분절 충격장,china_asia,0.539725,-0.005251,1.029335,positive,0.539725,medium,67.121129,rolling_beta,v3,1,1184,1184,5,market,pass,N,,2026-06-04,1,0.743352,0.743352,high,Y,trade-gated adverse scenario with medium/high evidence,active market context,0.973433,1.029335,-0.005251,china_asia_shock_vulnerable,중국 경기·무역갈등·공급망 충격이 한국/아시아와 반도체 자산에 번지는 장세입니다. 한국 반도체 factor와 원화 약세를 함께 확인합니다.
005490.KS,005490.KS,kr_stock,higher_for_longer_long_rate_shock,Higher-for-Longer / Long-Rate Shock,장기금리 부담장,us_global,0.003906,-0.005251,0.101999,neutral,0.003906,low,60.332483,rolling_beta,v3,1,4632,4632,3,market,pass,N,,2026-06-04,1,0.710094,0.0,high,N,below ACTIVE confidence/coverage trade-gate threshold,active market context,0.007101,0.101999,-0.005251,rate_sensitive,장기금리와 달러 강세 부담이 채권·성장주·신용자산을 압박하는 장세입니다. 고밸류 성장주와 반도체 factor 민감도를 점검합니다.
005490.KS,005490.KS,kr_stock,geopolitical_escalation_supply_shock,Geopolitical Escalation / Supply Shock,지정학 확전·공급충격장,geopolitical,-0.019615,-0.005251,0.007101,neutral,0.019615,low,52.44319,rolling_beta,v3,1,4204,4204,3,manual,pass,Y,,2026-06-04,1,0.382179,0.0,medium,N,context only: source_quality=manual,context only: source_quality=manual,0.033656,,-0.005251,geopolitical_supply_shock_hedge,"전쟁, 제재, 해상로 차질, 대만·중동·한반도 긴장처럼 유가·금·방산·변동성이 동시에 움직이는 이벤트성 충격 장세입니다. 뉴스 overlay는 가격 신호를 보강하는 용도로만 해석합니다."
005490.KS,005490.KS,kr_stock,acute_global_stress_liquidity_crunch,Acute Global Stress / Liquidity Crunch,급성 리스크오프/유동성 경색장,us_global,0.240183,-0.005251,0.101999,positive,0.240183,low,41.987513,rolling_beta,v3,1,4632,4632,3,market,pass,N,,2026-06-04,1,0.362342,0.0,medium,N,context only: WATCH state,context only: WATCH state,0.007101,0.101999,-0.005251,liquidity_stress_vulnerable,변동성이 튀고 위험자산이 동반 약세를 보이는 단기 스트레스 장세입니다. 상관관계 상승과 유동성 악화를 우선 점검합니다.
005490.KS,005490.KS,kr_stock,soft_landing_goldilocks,Soft Landing / Goldilocks,우호적 위험선호장,us_global,0.007101,-0.005251,0.101999,neutral,0.007101,low,48.066958,rolling_beta,v3,1,4632,4632,3,market,pass,N,,2026-06-04,0,0.0,0.0,medium,N,non-adverse scenario,inactive scenario,0.007101,0.101999,-0.005251,neutral_or_defensive,우호적 위험선호장 참여 민감도
005490.KS,005490.KS,kr_stock,stagflation_reinflation_energy_shock,Stagflation / Reinflation / Energy Shock,물가·에너지 재상승장,us_global,-0.31625,-0.005251,0.007101,negative,0.31625,medium,53.197858,rolling_beta,v3,1,4632,4632,2,market,pass,N,,2026-06-04,0,0.0,0.0,high,N,scenario inactive,inactive scenario,0.033656,,-0.005251,inflation_hedge,성장 부담이 있는데 유가·원자재·인플레이션 압력이 다시 커지는 장세입니다. 에너지/원자재 수혜와 장기채 부담을 함께 봅니다.
005490.KS,005490.KS,kr_stock,korea_domestic_financial_stress,Korea Domestic Financial Stress,한국 내수 금융스트레스장,korea_market,1.102902,-0.005251,1.029335,positive,1.102902,high,84.809459,rolling_beta,v3,1,4204,4204,5,seed,pass,Y,,2026-06-04,0,0.0,0.0,medium,N,scenario inactive,inactive scenario,0.973433,1.029335,-0.005251,korea_financial_stress_vulnerable,"가계부채, 부동산 PF, 비은행권, 금융주와 건설주 스트레스가 한국 자산 전반으로 번지는 장세입니다. 금융/건설 basket, 신용 spread, 단기자금 spread, 원화 약세를 함께 점검합니다."
005490.KS,005490.KS,kr_stock,semiconductor_ai_cycle_shock,Semiconductor / AI Cycle Shock,AI·반도체 사이클 충격장,korea_semiconductor,0.299231,-0.005251,0.0,positive,0.299231,low,77.298138,rolling_beta,v3,1,1184,1184,6,market,pass,N,,2026-06-04,0,0.0,0.0,high,N,scenario inactive,inactive scenario,-0.020909,-0.04941,-0.005251,semiconductor_ai_shock_vulnerable,"AI capex 기대와 반도체 모멘텀이 꺾이면서 미국 성장주와 한국 반도체 대형주가 동시에 압박받는 장세입니다. SOXX, AI leader basket, 한국 반도체 basket의 동반 약세와 원화 압력을 함께 봅니다."
005490.KS,005490.KS,kr_stock,slowdown_recession_deflation_risk,Slowdown / Recession / Deflation Risk,경기둔화/침체 우려장,us_global,0.188387,-0.005251,0.101999,positive,0.188387,low,60.696943,rolling_beta,v3,1,4632,4632,3,market,pass,N,,2026-06-04,0,0.0,0.0,high,N,scenario inactive,inactive scenario,0.007101,0.101999,-0.005251,slowdown_vulnerable,수요 둔화와 침체/디플레이션 압력이 커지는 방어적 장세입니다. 주식 beta와 신용위험을 보수적으로 봅니다.
005930.KS,005930.KS,kr_stock,usd_strength_krw_weakness,USD Strength / KRW Weakness,달러강세/원화약세장,fx_krw,0.695212,-0.005363,0.949289,positive,0.695212,medium,78.591896,rolling_beta,v3,1,4204,4204,4,market,pass,N,,2026-06-04,1,0.958519,0.958519,high,Y,trade-gated adverse scenario with medium/high evidence,active market context,-0.31444,0.949289,-0.005363,krw_weakness_vulnerable,달러가 강하고 원화가 약해져 KRW 기준 투자자의 환율 리스크가 커지는 장세입니다. 한국 자산과 USD 노출의 역할을 분리해 봅니다.
005930.KS,005930.KS,kr_stock,china_trade_fragmentation_shock,China / Trade Fragmentation Shock,중국·무역분절 충격장,china_asia,0.98025,-0.005363,0.949289,positive,0.98025,high,67.121129,rolling_beta,v3,1,1184,1184,5,market,pass,N,,2026-06-04,1,0.743352,0.743352,high,Y,trade-gated adverse scenario with medium/high evidence,active market context,1.098281,0.949289,-0.005363,china_asia_shock_vulnerable,중국 경기·무역갈등·공급망 충격이 한국/아시아와 반도체 자산에 번지는 장세입니다. 한국 반도체 factor와 원화 약세를 함께 확인합니다.
005930.KS,005930.KS,kr_stock,higher_for_longer_long_rate_shock,Higher-for-Longer / Long-Rate Shock,장기금리 부담장,us_global,0.272184,-0.005363,0.096471,positive,0.272184,low,60.332483,rolling_beta,v3,1,4632,4632,3,market,pass,N,,2026-06-04,1,0.710094,0.0,high,N,below ACTIVE confidence/coverage trade-gate threshold,active market context,0.040335,0.096471,-0.005363,rate_sensitive,장기금리와 달러 강세 부담이 채권·성장주·신용자산을 압박하는 장세입니다. 고밸류 성장주와 반도체 factor 민감도를 점검합니다.
005930.KS,005930.KS,kr_stock,geopolitical_escalation_supply_shock,Geopolitical Escalation / Supply Shock,지정학 확전·공급충격장,geopolitical,0.345652,-0.005363,0.040335,positive,0.345652,medium,52.44319,rolling_beta,v3,1,4204,4204,3,manual,pass,Y,,2026-06-04,1,0.382179,0.0,medium,N,context only: source_quality=manual,context only: source_quality=manual,0.025463,,-0.005363,geopolitical_supply_shock_vulnerable,"전쟁, 제재, 해상로 차질, 대만·중동·한반도 긴장처럼 유가·금·방산·변동성이 동시에 움직이는 이벤트성 충격 장세입니다. 뉴스 overlay는 가격 신호를 보강하는 용도로만 해석합니다."
005930.KS,005930.KS,kr_stock,acute_global_stress_liquidity_crunch,Acute Global Stress / Liquidity Crunch,급성 리스크오프/유동성 경색장,us_global,0.263529,-0.005363,0.096471,positive,0.263529,low,41.987513,rolling_beta,v3,1,4632,4632,3,market,pass,N,,2026-06-04,1,0.362342,0.0,medium,N,context only: WATCH state,context only: WATCH state,0.040335,0.096471,-0.005363,liquidity_stress_vulnerable,변동성이 튀고 위험자산이 동반 약세를 보이는 단기 스트레스 장세입니다. 상관관계 상승과 유동성 악화를 우선 점검합니다.
005930.KS,005930.KS,kr_stock,soft_landing_goldilocks,Soft Landing / Goldilocks,우호적 위험선호장,us_global,0.040335,-0.005363,0.096471,neutral,0.040335,low,48.066958,rolling_beta,v3,1,4632,4632,3,market,pass,N,,2026-06-04,0,0.0,0.0,medium,N,non-adverse scenario,inactive scenario,0.040335,0.096471,-0.005363,neutral_or_defensive,우호적 위험선호장 참여 민감도
005930.KS,005930.KS,kr_stock,stagflation_reinflation_energy_shock,Stagflation / Reinflation / Energy Shock,물가·에너지 재상승장,us_global,0.148198,-0.005363,0.040335,positive,0.148198,low,53.197858,rolling_beta,v3,1,4632,4632,2,market,pass,N,,2026-06-04,0,0.0,0.0,high,N,scenario inactive,inactive scenario,0.025463,,-0.005363,stagflation_vulnerable,성장 부담이 있는데 유가·원자재·인플레이션 압력이 다시 커지는 장세입니다. 에너지/원자재 수혜와 장기채 부담을 함께 봅니다.
005930.KS,005930.KS,kr_stock,korea_domestic_financial_stress,Korea Domestic Financial Stress,한국 내수 금융스트레스장,korea_market,1.122202,-0.005363,0.949289,positive,1.122202,high,84.809459,rolling_beta,v3,1,4204,4204,5,seed,pass,Y,,2026-06-04,0,0.0,0.0,medium,N,scenario inactive,inactive scenario,1.098281,0.949289,-0.005363,korea_financial_stress_vulnerable,"가계부채, 부동산 PF, 비은행권, 금융주와 건설주 스트레스가 한국 자산 전반으로 번지는 장세입니다. 금융/건설 basket, 신용 spread, 단기자금 spread, 원화 약세를 함께 점검합니다."
005930.KS,005930.KS,kr_stock,semiconductor_ai_cycle_shock,Semiconductor / AI Cycle Shock,AI·반도체 사이클 충격장,korea_semiconductor,0.864787,-0.005363,0.055124,positive,0.864787,high,77.298138,rolling_beta,v3,1,1184,1184,6,market,pass,N,,2026-06-04,0,0.0,0.0,high,N,scenario inactive,inactive scenario,0.071496,0.055124,-0.005363,semiconductor_ai_shock_vulnerable,"AI capex 기대와 반도체 모멘텀이 꺾이면서 미국 성장주와 한국 반도체 대형주가 동시에 압박받는 장세입니다. SOXX, AI leader basket, 한국 반도체 basket의 동반 약세와 원화 압력을 함께 봅니다."
005930.KS,005930.KS,kr_stock,slowdown_recession_deflation_risk,Slowdown / Recession / Deflation Risk,경기둔화/침체 우려장,us_global,0.213931,-0.005363,0.096471,positive,0.213931,low,60.696943,rolling_beta,v3,1,4632,4632,3,market,pass,N,,2026-06-04,0,0.0,0.0,high,N,scenario inactive,inactive scenario,0.040335,0.096471,-0.005363,slowdown_vulnerable,수요 둔화와 침체/디플레이션 압력이 커지는 방어적 장세입니다. 주식 beta와 신용위험을 보수적으로 봅니다.
006400.KS,006400.KS,kr_stock,usd_strength_krw_weakness,USD Strength / KRW Weakness,달러강세/원화약세장,fx_krw,0.550384,-0.00733,1.031849,positive,0.550384,medium,78.591896,rolling_beta,v3,1,4204,4204,4,market,pass,N,,2026-06-04,1,0.958519,0.958519,high,Y,trade-gated adverse scenario with medium/high evidence,active market context,-0.331533,1.031849,-0.00733,krw_weakness_vulnerable,달러가 강하고 원화가 약해져 KRW 기준 투자자의 환율 리스크가 커지는 장세입니다. 한국 자산과 USD 노출의 역할을 분리해 봅니다.
006400.KS,006400.KS,kr_stock,china_trade_fragmentation_shock,China / Trade Fragmentation Shock,중국·무역분절 충격장,china_asia,0.563553,-0.00733,1.031849,positive,0.563553,medium,67.121129,rolling_beta,v3,1,1184,1184,5,market,pass,N,,2026-06-04,1,0.743352,0.743352,high,Y,trade-gated adverse scenario with medium/high evidence,active market context,0.988985,1.031849,-0.00733,china_asia_shock_vulnerable,중국 경기·무역갈등·공급망 충격이 한국/아시아와 반도체 자산에 번지는 장세입니다. 한국 반도체 factor와 원화 약세를 함께 확인합니다.
006400.KS,006400.KS,kr_stock,higher_for_longer_long_rate_shock,Higher-for-Longer / Long-Rate Shock,장기금리 부담장,us_global,0.473462,-0.00733,0.091891,positive,0.473462,medium,60.332483,rolling_beta,v3,1,4632,4632,3,market,pass,N,,2026-06-04,1,0.710094,0.0,high,N,below ACTIVE confidence/coverage trade-gate threshold,active market context,0.042658,0.091891,-0.00733,rate_sensitive,장기금리와 달러 강세 부담이 채권·성장주·신용자산을 압박하는 장세입니다. 고밸류 성장주와 반도체 factor 민감도를 점검합니다.
006400.KS,006400.KS,kr_stock,geopolitical_escalation_supply_shock,Geopolitical Escalation / Supply Shock,지정학 확전·공급충격장,geopolitical,-0.203886,-0.00733,0.042658,negative,0.203886,low,52.44319,rolling_beta,v3,1,4204,4204,3,manual,pass,Y,,2026-06-04,1,0.382179,0.0,medium,N,context only: source_quality=manual,context only: source_quality=manual,0.020611,,-0.00733,geopolitical_supply_shock_hedge,"전쟁, 제재, 해상로 차질, 대만·중동·한반도 긴장처럼 유가·금·방산·변동성이 동시에 움직이는 이벤트성 충격 장세입니다. 뉴스 overlay는 가격 신호를 보강하는 용도로만 해석합니다."
006400.KS,006400.KS,kr_stock,acute_global_stress_liquidity_crunch,Acute Global Stress / Liquidity Crunch,급성 리스크오프/유동성 경색장,us_global,0.353303,-0.00733,0.091891,positive,0.353303,medium,41.987513,rolling_beta,v3,1,4632,4632,3,market,pass,N,,2026-06-04,1,0.362342,0.0,medium,N,context only: WATCH state,context only: WATCH state,0.042658,0.091891,-0.00733,liquidity_stress_vulnerable,변동성이 튀고 위험자산이 동반 약세를 보이는 단기 스트레스 장세입니다. 상관관계 상승과 유동성 악화를 우선 점검합니다.
006400.KS,006400.KS,kr_stock,soft_landing_goldilocks,Soft Landing / Goldilocks,우호적 위험선호장,us_global,0.042658,-0.00733,0.091891,neutral,0.042658,low,48.066958,rolling_beta,v3,1,4632,4632,3,market,pass,N,,2026-06-04,0,0.0,0.0,medium,N,non-adverse scenario,inactive scenario,0.042658,0.091891,-0.00733,neutral_or_defensive,우호적 위험선호장 참여 민감도
006400.KS,006400.KS,kr_stock,stagflation_reinflation_energy_shock,Stagflation / Reinflation / Energy Shock,물가·에너지 재상승장,us_global,-0.051825,-0.00733,0.042658,negative,0.051825,low,53.197858,rolling_beta,v3,1,4632,4632,2,market,pass,N,,2026-06-04,0,0.0,0.0,high,N,scenario inactive,inactive scenario,0.020611,,-0.00733,inflation_hedge,성장 부담이 있는데 유가·원자재·인플레이션 압력이 다시 커지는 장세입니다. 에너지/원자재 수혜와 장기채 부담을 함께 봅니다.
006400.KS,006400.KS,kr_stock,korea_domestic_financial_stress,Korea Domestic Financial Stress,한국 내수 금융스트레스장,korea_market,0.827435,-0.00733,1.031849,positive,0.827435,high,84.809459,rolling_beta,v3,1,4204,4204,5,seed,pass,Y,,2026-06-04,0,0.0,0.0,medium,N,scenario inactive,inactive scenario,0.988985,1.031849,-0.00733,korea_financial_stress_vulnerable,"가계부채, 부동산 PF, 비은행권, 금융주와 건설주 스트레스가 한국 자산 전반으로 번지는 장세입니다. 금융/건설 basket, 신용 spread, 단기자금 spread, 원화 약세를 함께 점검합니다."
006400.KS,006400.KS,kr_stock,semiconductor_ai_cycle_shock,Semiconductor / AI Cycle Shock,AI·반도체 사이클 충격장,korea_semiconductor,0.275912,-0.00733,0.0,positive,0.275912,low,77.298138,rolling_beta,v3,1,1184,1184,6,market,pass,N,,2026-06-04,0,0.0,0.0,high,N,scenario inactive,inactive scenario,-0.023088,-0.033529,-0.00733,semiconductor_ai_shock_vulnerable,"AI capex 기대와 반도체 모멘텀이 꺾이면서 미국 성장주와 한국 반도체 대형주가 동시에 압박받는 장세입니다. SOXX, AI leader basket, 한국 반도체 basket의 동반 약세와 원화 압력을 함께 봅니다."
006400.KS,006400.KS,kr_stock,slowdown_recession_deflation_risk,Slowdown / Recession / Deflation Risk,경기둔화/침체 우려장,us_global,-0.065729,-0.00733,0.091891,negative,0.065729,low,60.696943,rolling_beta,v3,1,4632,4632,3,market,pass,N,,2026-06-04,0,0.0,0.0,high,N,scenario inactive,inactive scenario,0.042658,0.091891,-0.00733,slowdown_defense,수요 둔화와 침체/디플레이션 압력이 커지는 방어적 장세입니다. 주식 beta와 신용위험을 보수적으로 봅니다.
011200.KS,011200.KS,kr_stock,usd_strength_krw_weakness,USD Strength / KRW Weakness,달러강세/원화약세장,fx_krw,0.564628,-0.000737,0.834739,positive,0.564628,medium,78.591896,rolling_beta,v3,1,4204,4204,4,market,pass,N,,2026-06-04,1,0.958519,0.958519,high,Y,trade-gated adverse scenario with medium/high evidence,active market context,-0.314222,0.834739,-0.000737,krw_weakness_vulnerable,달러가 강하고 원화가 약해져 KRW 기준 투자자의 환율 리스크가 커지는 장세입니다. 한국 자산과 USD 노출의 역할을 분리해 봅니다.
011200.KS,011200.KS,kr_stock,china_trade_fragmentation_shock,China / Trade Fragmentation Shock,중국·무역분절 충격장,china_asia,0.410136,-0.000737,0.834739,positive,0.410136,medium,67.121129,rolling_beta,v3,1,1184,1184,5,market,pass,N,,2026-06-04,1,0.743352,0.743352,high,Y,trade-gated adverse scenario with medium/high evidence,active market context,0.775015,0.834739,-0.000737,china_asia_shock_vulnerable,중국 경기·무역갈등·공급망 충격이 한국/아시아와 반도체 자산에 번지는 장세입니다. 한국 반도체 factor와 원화 약세를 함께 확인합니다.
011200.KS,011200.KS,kr_stock,higher_for_longer_long_rate_shock,Higher-for-Longer / Long-Rate Shock,장기금리 부담장,us_global,0.0,-0.000737,0.0,neutral,0.0,low,60.332483,rolling_beta,v3,1,4632,4632,3,market,pass,N,,2026-06-04,1,0.710094,0.0,high,N,below ACTIVE confidence/coverage trade-gate threshold,active market context,-0.046888,-0.096459,-0.000737,rate_sensitive,장기금리와 달러 강세 부담이 채권·성장주·신용자산을 압박하는 장세입니다. 고밸류 성장주와 반도체 factor 민감도를 점검합니다.
011200.KS,011200.KS,kr_stock,geopolitical_escalation_supply_shock,Geopolitical Escalation / Supply Shock,지정학 확전·공급충격장,geopolitical,-0.131566,-0.000737,0.0,negative,0.131566,low,52.44319,rolling_beta,v3,1,4204,4204,3,manual,pass,Y,,2026-06-04,1,0.382179,0.0,medium,N,context only: source_quality=manual,context only: source_quality=manual,-0.016501,,-0.000737,geopolitical_supply_shock_hedge,"전쟁, 제재, 해상로 차질, 대만·중동·한반도 긴장처럼 유가·금·방산·변동성이 동시에 움직이는 이벤트성 충격 장세입니다. 뉴스 overlay는 가격 신호를 보강하는 용도로만 해석합니다."
011200.KS,011200.KS,kr_stock,acute_global_stress_liquidity_crunch,Acute Global Stress / Liquidity Crunch,급성 리스크오프/유동성 경색장,us_global,0.033181,-0.000737,0.0,neutral,0.033181,low,41.987513,rolling_beta,v3,1,4632,4632,3,market,pass,N,,2026-06-04,1,0.362342,0.0,medium,N,context only: WATCH state,context only: WATCH state,-0.046888,-0.096459,-0.000737,liquidity_stress_vulnerable,변동성이 튀고 위험자산이 동반 약세를 보이는 단기 스트레스 장세입니다. 상관관계 상승과 유동성 악화를 우선 점검합니다.
011200.KS,011200.KS,kr_stock,soft_landing_goldilocks,Soft Landing / Goldilocks,우호적 위험선호장,us_global,-0.046888,-0.000737,0.0,neutral,0.046888,low,48.066958,rolling_beta,v3,1,4632,4632,3,market,pass,N,,2026-06-04,0,0.0,0.0,medium,N,non-adverse scenario,inactive scenario,-0.046888,-0.096459,-0.000737,neutral_or_defensive,우호적 위험선호장 참여 민감도
011200.KS,011200.KS,kr_stock,stagflation_reinflation_energy_shock,Stagflation / Reinflation / Energy Shock,물가·에너지 재상승장,us_global,-0.431566,-0.000737,0.0,negative,0.431566,medium,53.197858,rolling_beta,v3,1,4632,4632,2,market,pass,N,,2026-06-04,0,0.0,0.0,high,N,scenario inactive,inactive scenario,-0.016501,,-0.000737,inflation_hedge,성장 부담이 있는데 유가·원자재·인플레이션 압력이 다시 커지는 장세입니다. 에너지/원자재 수혜와 장기채 부담을 함께 봅니다.
011200.KS,011200.KS,kr_stock,korea_domestic_financial_stress,Korea Domestic Financial Stress,한국 내수 금융스트레스장,korea_market,0.892829,-0.000737,0.834739,positive,0.892829,high,84.809459,rolling_beta,v3,1,4204,4204,5,seed,pass,Y,,2026-06-04,0,0.0,0.0,medium,N,scenario inactive,inactive scenario,0.775015,0.834739,-0.000737,korea_financial_stress_vulnerable,"가계부채, 부동산 PF, 비은행권, 금융주와 건설주 스트레스가 한국 자산 전반으로 번지는 장세입니다. 금융/건설 basket, 신용 spread, 단기자금 spread, 원화 약세를 함께 점검합니다."
011200.KS,011200.KS,kr_stock,semiconductor_ai_cycle_shock,Semiconductor / AI Cycle Shock,AI·반도체 사이클 충격장,korea_semiconductor,0.223626,-0.000737,0.0,positive,0.223626,low,77.298138,rolling_beta,v3,1,1184,1184,6,market,pass,N,,2026-06-04,0,0.0,0.0,high,N,scenario inactive,inactive scenario,-0.083844,-0.150671,-0.000737,semiconductor_ai_shock_vulnerable,"AI capex 기대와 반도체 모멘텀이 꺾이면서 미국 성장주와 한국 반도체 대형주가 동시에 압박받는 장세입니다. SOXX, AI leader basket, 한국 반도체 basket의 동반 약세와 원화 압력을 함께 봅니다."
011200.KS,011200.KS,kr_stock,slowdown_recession_deflation_risk,Slowdown / Recession / Deflation Risk,경기둔화/침체 우려장,us_global,-0.00467,-0.000737,0.0,neutral,0.00467,low,60.696943,rolling_beta,v3,1,4632,4632,3,market,pass,N,,2026-06-04,0,0.0,0.0,high,N,scenario inactive,inactive scenario,-0.046888,-0.096459,-0.000737,slowdown_defense,수요 둔화와 침체/디플레이션 압력이 커지는 방어적 장세입니다. 주식 beta와 신용위험을 보수적으로 봅니다.
017670.KS,017670.KS,kr_stock,usd_strength_krw_weakness,USD Strength / KRW Weakness,달러강세/원화약세장,fx_krw,0.562216,-0.001759,0.443311,positive,0.562216,medium,78.591896,rolling_beta,v3,1,4204,4204,4,market,pass,N,,2026-06-04,1,0.958519,0.958519,high,Y,trade-gated adverse scenario with medium/high evidence,active market context,-0.068619,0.443311,-0.001759,krw_weakness_vulnerable,달러가 강하고 원화가 약해져 KRW 기준 투자자의 환율 리스크가 커지는 장세입니다. 한국 자산과 USD 노출의 역할을 분리해 봅니다.
017670.KS,017670.KS,kr_stock,china_trade_fragmentation_shock,China / Trade Fragmentation Shock,중국·무역분절 충격장,china_asia,0.433757,-0.001759,0.443311,positive,0.433757,medium,67.121129,rolling_beta,v3,1,1184,1184,5,market,pass,N,,2026-06-04,1,0.743352,0.743352,high,Y,trade-gated adverse scenario with medium/high evidence,active market context,0.362046,0.443311,-0.001759,china_asia_shock_vulnerable,중국 경기·무역갈등·공급망 충격이 한국/아시아와 반도체 자산에 번지는 장세입니다. 한국 반도체 factor와 원화 약세를 함께 확인합니다.
017670.KS,017670.KS,kr_stock,higher_for_longer_long_rate_shock,Higher-for-Longer / Long-Rate Shock,장기금리 부담장,us_global,0.0,-0.001759,0.036631,neutral,0.0,low,60.332483,rolling_beta,v3,1,4632,4632,3,market,pass,N,,2026-06-04,1,0.710094,0.0,high,N,below ACTIVE confidence/coverage trade-gate threshold,active market context,-0.000387,0.036631,-0.001759,rate_sensitive,장기금리와 달러 강세 부담이 채권·성장주·신용자산을 압박하는 장세입니다. 고밸류 성장주와 반도체 factor 민감도를 점검합니다.
017670.KS,017670.KS,kr_stock,geopolitical_escalation_supply_shock,Geopolitical Escalation / Supply Shock,지정학 확전·공급충격장,geopolitical,-0.006412,-0.001759,0.0,neutral,0.006412,low,52.44319,rolling_beta,v3,1,4204,4204,3,manual,pass,Y,,2026-06-04,1,0.382179,0.0,medium,N,context only: source_quality=manual,context only: source_quality=manual,0.003962,,-0.001759,geopolitical_supply_shock_hedge,"전쟁, 제재, 해상로 차질, 대만·중동·한반도 긴장처럼 유가·금·방산·변동성이 동시에 움직이는 이벤트성 충격 장세입니다. 뉴스 overlay는 가격 신호를 보강하는 용도로만 해석합니다."
017670.KS,017670.KS,kr_stock,acute_global_stress_liquidity_crunch,Acute Global Stress / Liquidity Crunch,급성 리스크오프/유동성 경색장,us_global,-0.220828,-0.001759,0.036631,negative,0.220828,low,41.987513,rolling_beta,v3,1,4632,4632,3,market,pass,N,,2026-06-04,1,0.362342,0.0,medium,N,context only: WATCH state,context only: WATCH state,-0.000387,0.036631,-0.001759,liquidity_stress_defense,변동성이 튀고 위험자산이 동반 약세를 보이는 단기 스트레스 장세입니다. 상관관계 상승과 유동성 악화를 우선 점검합니다.
017670.KS,017670.KS,kr_stock,soft_landing_goldilocks,Soft Landing / Goldilocks,우호적 위험선호장,us_global,-0.000387,-0.001759,0.036631,neutral,0.000387,low,48.066958,rolling_beta,v3,1,4632,4632,3,market,pass,N,,2026-06-04,0,0.0,0.0,medium,N,non-adverse scenario,inactive scenario,-0.000387,0.036631,-0.001759,neutral_or_defensive,우호적 위험선호장 참여 민감도
017670.KS,017670.KS,kr_stock,stagflation_reinflation_energy_shock,Stagflation / Reinflation / Energy Shock,물가·에너지 재상승장,us_global,0.043984,-0.001759,0.0,neutral,0.043984,low,53.197858,rolling_beta,v3,1,4632,4632,2,market,pass,N,,2026-06-04,0,0.0,0.0,high,N,scenario inactive,inactive scenario,0.003962,,-0.001759,stagflation_vulnerable,성장 부담이 있는데 유가·원자재·인플레이션 압력이 다시 커지는 장세입니다. 에너지/원자재 수혜와 장기채 부담을 함께 봅니다.
017670.KS,017670.KS,kr_stock,korea_domestic_financial_stress,Korea Domestic Financial Stress,한국 내수 금융스트레스장,korea_market,0.425161,-0.001759,0.443311,positive,0.425161,medium,84.809459,rolling_beta,v3,1,4204,4204,5,seed,pass,Y,,2026-06-04,0,0.0,0.0,medium,N,scenario inactive,inactive scenario,0.362046,0.443311,-0.001759,korea_financial_stress_vulnerable,"가계부채, 부동산 PF, 비은행권, 금융주와 건설주 스트레스가 한국 자산 전반으로 번지는 장세입니다. 금융/건설 basket, 신용 spread, 단기자금 spread, 원화 약세를 함께 점검합니다."
017670.KS,017670.KS,kr_stock,semiconductor_ai_cycle_shock,Semiconductor / AI Cycle Shock,AI·반도체 사이클 충격장,korea_semiconductor,-0.076801,-0.001759,0.005195,negative,0.076801,low,77.298138,rolling_beta,v3,1,1184,1184,6,market,pass,N,,2026-06-04,0,0.0,0.0,high,N,scenario inactive,inactive scenario,-0.017804,0.005195,-0.001759,semiconductor_ai_shock_hedge,"AI capex 기대와 반도체 모멘텀이 꺾이면서 미국 성장주와 한국 반도체 대형주가 동시에 압박받는 장세입니다. SOXX, AI leader basket, 한국 반도체 basket의 동반 약세와 원화 압력을 함께 봅니다."
017670.KS,017670.KS,kr_stock,slowdown_recession_deflation_risk,Slowdown / Recession / Deflation Risk,경기둔화/침체 우려장,us_global,-0.288673,-0.001759,0.036631,negative,0.288673,low,60.696943,rolling_beta,v3,1,4632,4632,3,market,pass,N,,2026-06-04,0,0.0,0.0,high,N,scenario inactive,inactive scenario,-0.000387,0.036631,-0.001759,slowdown_defense,수요 둔화와 침체/디플레이션 압력이 커지는 방어적 장세입니다. 주식 beta와 신용위험을 보수적으로 봅니다.
032830.KS,032830.KS,kr_stock,usd_strength_krw_weakness,USD Strength / KRW Weakness,달러강세/원화약세장,fx_krw,0.630996,-0.004678,0.768258,positive,0.630996,medium,78.591896,rolling_beta,v3,1,3472,3472,4,market,pass,N,,2026-06-04,1,0.958519,0.958519,high,Y,trade-gated adverse scenario with medium/high evidence,active market context,-0.317181,0.768258,-0.004678,krw_weakness_vulnerable,달러가 강하고 원화가 약해져 KRW 기준 투자자의 환율 리스크가 커지는 장세입니다. 한국 자산과 USD 노출의 역할을 분리해 봅니다.
032830.KS,032830.KS,kr_stock,china_trade_fragmentation_shock,China / Trade Fragmentation Shock,중국·무역분절 충격장,china_asia,0.561736,-0.004678,0.768258,positive,0.561736,medium,67.121129,rolling_beta,v3,1,1184,1184,5,market,pass,N,,2026-06-04,1,0.743352,0.743352,high,Y,trade-gated adverse scenario with medium/high evidence,active market context,0.725374,0.768258,-0.004678,china_asia_shock_vulnerable,중국 경기·무역갈등·공급망 충격이 한국/아시아와 반도체 자산에 번지는 장세입니다. 한국 반도체 factor와 원화 약세를 함께 확인합니다.
032830.KS,032830.KS,kr_stock,higher_for_longer_long_rate_shock,Higher-for-Longer / Long-Rate Shock,장기금리 부담장,us_global,0.45,-0.004678,0.134675,positive,0.45,medium,60.332483,rolling_beta,v3,1,3823,3823,3,market,pass,N,,2026-06-04,1,0.710094,0.0,high,N,below ACTIVE confidence/coverage trade-gate threshold,active market context,-0.023608,0.134675,-0.004678,rate_sensitive,장기금리와 달러 강세 부담이 채권·성장주·신용자산을 압박하는 장세입니다. 고밸류 성장주와 반도체 factor 민감도를 점검합니다.
032830.KS,032830.KS,kr_stock,geopolitical_escalation_supply_shock,Geopolitical Escalation / Supply Shock,지정학 확전·공급충격장,geopolitical,0.0653,-0.004678,0.0,positive,0.0653,low,52.44319,rolling_beta,v3,1,3472,3472,3,manual,pass,Y,,2026-06-04,1,0.382179,0.0,medium,N,context only: source_quality=manual,context only: source_quality=manual,0.016395,,-0.004678,geopolitical_supply_shock_vulnerable,"전쟁, 제재, 해상로 차질, 대만·중동·한반도 긴장처럼 유가·금·방산·변동성이 동시에 움직이는 이벤트성 충격 장세입니다. 뉴스 overlay는 가격 신호를 보강하는 용도로만 해석합니다."
032830.KS,032830.KS,kr_stock,acute_global_stress_liquidity_crunch,Acute Global Stress / Liquidity Crunch,급성 리스크오프/유동성 경색장,us_global,0.210491,-0.004678,0.134675,positive,0.210491,low,41.987513,rolling_beta,v3,1,3823,3823,3,market,pass,N,,2026-06-04,1,0.362342,0.0,medium,N,context only: WATCH state,context only: WATCH state,-0.023608,0.134675,-0.004678,liquidity_stress_vulnerable,변동성이 튀고 위험자산이 동반 약세를 보이는 단기 스트레스 장세입니다. 상관관계 상승과 유동성 악화를 우선 점검합니다.
032830.KS,032830.KS,kr_stock,soft_landing_goldilocks,Soft Landing / Goldilocks,우호적 위험선호장,us_global,-0.023608,-0.004678,0.134675,neutral,0.023608,low,48.066958,rolling_beta,v3,1,3823,3823,3,market,pass,N,,2026-06-04,0,0.0,0.0,medium,N,non-adverse scenario,inactive scenario,-0.023608,0.134675,-0.004678,neutral_or_defensive,우호적 위험선호장 참여 민감도
032830.KS,032830.KS,kr_stock,stagflation_reinflation_energy_shock,Stagflation / Reinflation / Energy Shock,물가·에너지 재상승장,us_global,0.316939,-0.004678,0.0,positive,0.316939,medium,53.197858,rolling_beta,v3,1,3823,3823,2,market,pass,N,,2026-06-04,0,0.0,0.0,high,N,scenario inactive,inactive scenario,0.016395,,-0.004678,stagflation_vulnerable,성장 부담이 있는데 유가·원자재·인플레이션 압력이 다시 커지는 장세입니다. 에너지/원자재 수혜와 장기채 부담을 함께 봅니다.
032830.KS,032830.KS,kr_stock,korea_domestic_financial_stress,Korea Domestic Financial Stress,한국 내수 금융스트레스장,korea_market,0.805519,-0.004678,0.768258,positive,0.805519,high,84.809459,rolling_beta,v3,1,3472,3472,5,seed,pass,Y,,2026-06-04,0,0.0,0.0,medium,N,scenario inactive,inactive scenario,0.725374,0.768258,-0.004678,korea_financial_stress_vulnerable,"가계부채, 부동산 PF, 비은행권, 금융주와 건설주 스트레스가 한국 자산 전반으로 번지는 장세입니다. 금융/건설 basket, 신용 spread, 단기자금 spread, 원화 약세를 함께 점검합니다."
032830.KS,032830.KS,kr_stock,semiconductor_ai_cycle_shock,Semiconductor / AI Cycle Shock,AI·반도체 사이클 충격장,korea_semiconductor,0.041052,-0.004678,0.130887,neutral,0.041052,low,77.298138,rolling_beta,v3,1,1184,1184,6,market,pass,N,,2026-06-04,0,0.0,0.0,high,N,scenario inactive,inactive scenario,0.006871,0.130887,-0.004678,semiconductor_ai_shock_vulnerable,"AI capex 기대와 반도체 모멘텀이 꺾이면서 미국 성장주와 한국 반도체 대형주가 동시에 압박받는 장세입니다. SOXX, AI leader basket, 한국 반도체 basket의 동반 약세와 원화 압력을 함께 봅니다."
032830.KS,032830.KS,kr_stock,slowdown_recession_deflation_risk,Slowdown / Recession / Deflation Risk,경기둔화/침체 우려장,us_global,-0.20163,-0.004678,0.134675,negative,0.20163,low,60.696943,rolling_beta,v3,1,3823,3823,3,market,pass,N,,2026-06-04,0,0.0,0.0,high,N,scenario inactive,inactive scenario,-0.023608,0.134675,-0.004678,slowdown_defense,수요 둔화와 침체/디플레이션 압력이 커지는 방어적 장세입니다. 주식 beta와 신용위험을 보수적으로 봅니다.
034020.KS,034020.KS,kr_stock,usd_strength_krw_weakness,USD Strength / KRW Weakness,달러강세/원화약세장,fx_krw,0.620349,-0.008922,1.274853,positive,0.620349,medium,78.591896,rolling_beta,v3,1,4204,4204,4,market,pass,N,,2026-06-04,1,0.958519,0.958519,high,Y,trade-gated adverse scenario with medium/high evidence,active market context,-0.427356,1.274853,-0.008922,krw_weakness_vulnerable,달러가 강하고 원화가 약해져 KRW 기준 투자자의 환율 리스크가 커지는 장세입니다. 한국 자산과 USD 노출의 역할을 분리해 봅니다.
034020.KS,034020.KS,kr_stock,china_trade_fragmentation_shock,China / Trade Fragmentation Shock,중국·무역분절 충격장,china_asia,0.659328,-0.008922,1.274853,positive,0.659328,medium,67.121129,rolling_beta,v3,1,1184,1184,5,market,pass,N,,2026-06-04,1,0.743352,0.743352,high,Y,trade-gated adverse scenario with medium/high evidence,active market context,1.117768,1.274853,-0.008922,china_asia_shock_vulnerable,중국 경기·무역갈등·공급망 충격이 한국/아시아와 반도체 자산에 번지는 장세입니다. 한국 반도체 factor와 원화 약세를 함께 확인합니다.
034020.KS,034020.KS,kr_stock,higher_for_longer_long_rate_shock,Higher-for-Longer / Long-Rate Shock,장기금리 부담장,us_global,0.041136,-0.008922,0.213334,neutral,0.041136,low,60.332483,rolling_beta,v3,1,4632,4632,3,market,pass,N,,2026-06-04,1,0.710094,0.0,high,N,below ACTIVE confidence/coverage trade-gate threshold,active market context,0.074793,0.213334,-0.008922,rate_sensitive,장기금리와 달러 강세 부담이 채권·성장주·신용자산을 압박하는 장세입니다. 고밸류 성장주와 반도체 factor 민감도를 점검합니다.
034020.KS,034020.KS,kr_stock,geopolitical_escalation_supply_shock,Geopolitical Escalation / Supply Shock,지정학 확전·공급충격장,geopolitical,0.095872,-0.008922,0.074793,positive,0.095872,low,52.44319,rolling_beta,v3,1,4204,4204,3,manual,pass,Y,,2026-06-04,1,0.382179,0.0,medium,N,context only: source_quality=manual,context only: source_quality=manual,0.03354,,-0.008922,geopolitical_supply_shock_vulnerable,"전쟁, 제재, 해상로 차질, 대만·중동·한반도 긴장처럼 유가·금·방산·변동성이 동시에 움직이는 이벤트성 충격 장세입니다. 뉴스 overlay는 가격 신호를 보강하는 용도로만 해석합니다."
034020.KS,034020.KS,kr_stock,acute_global_stress_liquidity_crunch,Acute Global Stress / Liquidity Crunch,급성 리스크오프/유동성 경색장,us_global,0.442624,-0.008922,0.213334,positive,0.442624,medium,41.987513,rolling_beta,v3,1,4632,4632,3,market,pass,N,,2026-06-04,1,0.362342,0.0,medium,N,context only: WATCH state,context only: WATCH state,0.074793,0.213334,-0.008922,liquidity_stress_vulnerable,변동성이 튀고 위험자산이 동반 약세를 보이는 단기 스트레스 장세입니다. 상관관계 상승과 유동성 악화를 우선 점검합니다.
034020.KS,034020.KS,kr_stock,soft_landing_goldilocks,Soft Landing / Goldilocks,우호적 위험선호장,us_global,0.074793,-0.008922,0.213334,positive,0.074793,low,48.066958,rolling_beta,v3,1,4632,4632,3,market,pass,N,,2026-06-04,0,0.0,0.0,medium,N,non-adverse scenario,inactive scenario,0.074793,0.213334,-0.008922,neutral_or_defensive,우호적 위험선호장 참여 민감도
034020.KS,034020.KS,kr_stock,stagflation_reinflation_energy_shock,Stagflation / Reinflation / Energy Shock,물가·에너지 재상승장,us_global,-0.200774,-0.008922,0.074793,negative,0.200774,low,53.197858,rolling_beta,v3,1,4632,4632,2,market,pass,N,,2026-06-04,0,0.0,0.0,high,N,scenario inactive,inactive scenario,0.03354,,-0.008922,inflation_hedge,성장 부담이 있는데 유가·원자재·인플레이션 압력이 다시 커지는 장세입니다. 에너지/원자재 수혜와 장기채 부담을 함께 봅니다.
034020.KS,034020.KS,kr_stock,korea_domestic_financial_stress,Korea Domestic Financial Stress,한국 내수 금융스트레스장,korea_market,1.258659,-0.008922,1.274853,positive,1.258659,high,84.809459,rolling_beta,v3,1,4204,4204,5,seed,pass,Y,,2026-06-04,0,0.0,0.0,medium,N,scenario inactive,inactive scenario,1.117768,1.274853,-0.008922,korea_financial_stress_vulnerable,"가계부채, 부동산 PF, 비은행권, 금융주와 건설주 스트레스가 한국 자산 전반으로 번지는 장세입니다. 금융/건설 basket, 신용 spread, 단기자금 spread, 원화 약세를 함께 점검합니다."
034020.KS,034020.KS,kr_stock,semiconductor_ai_cycle_shock,Semiconductor / AI Cycle Shock,AI·반도체 사이클 충격장,korea_semiconductor,0.40652,-0.008922,0.130023,positive,0.40652,medium,77.298138,rolling_beta,v3,1,1184,1184,6,market,pass,N,,2026-06-04,0,0.0,0.0,high,N,scenario inactive,inactive scenario,0.024124,0.130023,-0.008922,semiconductor_ai_shock_vulnerable,"AI capex 기대와 반도체 모멘텀이 꺾이면서 미국 성장주와 한국 반도체 대형주가 동시에 압박받는 장세입니다. SOXX, AI leader basket, 한국 반도체 basket의 동반 약세와 원화 압력을 함께 봅니다."
034020.KS,034020.KS,kr_stock,slowdown_recession_deflation_risk,Slowdown / Recession / Deflation Risk,경기둔화/침체 우려장,us_global,0.360884,-0.008922,0.213334,positive,0.360884,medium,60.696943,rolling_beta,v3,1,4632,4632,3,market,pass,N,,2026-06-04,0,0.0,0.0,high,N,scenario inactive,inactive scenario,0.074793,0.213334,-0.008922,slowdown_vulnerable,수요 둔화와 침체/디플레이션 압력이 커지는 방어적 장세입니다. 주식 beta와 신용위험을 보수적으로 봅니다.
035420.KS,035420.KS,kr_stock,usd_strength_krw_weakness,USD Strength / KRW Weakness,달러강세/원화약세장,fx_krw,0.580276,-0.004623,0.851149,positive,0.580276,medium,78.591896,rolling_beta,v3,1,4204,4204,4,market,pass,N,,2026-06-04,1,0.958519,0.958519,high,Y,trade-gated adverse scenario with medium/high evidence,active market context,-0.343788,0.851149,-0.004623,krw_weakness_vulnerable,달러가 강하고 원화가 약해져 KRW 기준 투자자의 환율 리스크가 커지는 장세입니다. 한국 자산과 USD 노출의 역할을 분리해 봅니다.
035420.KS,035420.KS,kr_stock,china_trade_fragmentation_shock,China / Trade Fragmentation Shock,중국·무역분절 충격장,china_asia,0.519794,-0.004623,0.851149,positive,0.519794,medium,67.121129,rolling_beta,v3,1,1184,1184,5,market,pass,N,,2026-06-04,1,0.743352,0.743352,high,Y,trade-gated adverse scenario with medium/high evidence,active market context,0.786189,0.851149,-0.004623,china_asia_shock_vulnerable,중국 경기·무역갈등·공급망 충격이 한국/아시아와 반도체 자산에 번지는 장세입니다. 한국 반도체 factor와 원화 약세를 함께 확인합니다.
035420.KS,035420.KS,kr_stock,higher_for_longer_long_rate_shock,Higher-for-Longer / Long-Rate Shock,장기금리 부담장,us_global,0.45,-0.004623,0.082615,positive,0.45,medium,60.332483,rolling_beta,v3,1,4632,4632,3,market,pass,N,,2026-06-04,1,0.710094,0.0,high,N,below ACTIVE confidence/coverage trade-gate threshold,active market context,-0.055989,0.082615,-0.004623,rate_sensitive,장기금리와 달러 강세 부담이 채권·성장주·신용자산을 압박하는 장세입니다. 고밸류 성장주와 반도체 factor 민감도를 점검합니다.
035420.KS,035420.KS,kr_stock,geopolitical_escalation_supply_shock,Geopolitical Escalation / Supply Shock,지정학 확전·공급충격장,geopolitical,0.065573,-0.004623,0.0,positive,0.065573,low,52.44319,rolling_beta,v3,1,4204,4204,3,manual,pass,Y,,2026-06-04,1,0.382179,0.0,medium,N,context only: source_quality=manual,context only: source_quality=manual,-0.029838,,-0.004623,geopolitical_supply_shock_vulnerable,"전쟁, 제재, 해상로 차질, 대만·중동·한반도 긴장처럼 유가·금·방산·변동성이 동시에 움직이는 이벤트성 충격 장세입니다. 뉴스 overlay는 가격 신호를 보강하는 용도로만 해석합니다."
035420.KS,035420.KS,kr_stock,acute_global_stress_liquidity_crunch,Acute Global Stress / Liquidity Crunch,급성 리스크오프/유동성 경색장,us_global,0.208032,-0.004623,0.082615,positive,0.208032,low,41.987513,rolling_beta,v3,1,4632,4632,3,market,pass,N,,2026-06-04,1,0.362342,0.0,medium,N,context only: WATCH state,context only: WATCH state,-0.055989,0.082615,-0.004623,liquidity_stress_vulnerable,변동성이 튀고 위험자산이 동반 약세를 보이는 단기 스트레스 장세입니다. 상관관계 상승과 유동성 악화를 우선 점검합니다.
035420.KS,035420.KS,kr_stock,soft_landing_goldilocks,Soft Landing / Goldilocks,우호적 위험선호장,us_global,-0.055989,-0.004623,0.082615,negative,0.055989,low,48.066958,rolling_beta,v3,1,4632,4632,3,market,pass,N,,2026-06-04,0,0.0,0.0,medium,N,non-adverse scenario,inactive scenario,-0.055989,0.082615,-0.004623,neutral_or_defensive,우호적 위험선호장 참여 민감도
035420.KS,035420.KS,kr_stock,stagflation_reinflation_energy_shock,Stagflation / Reinflation / Energy Shock,물가·에너지 재상승장,us_global,0.315573,-0.004623,0.0,positive,0.315573,medium,53.197858,rolling_beta,v3,1,4632,4632,2,market,pass,N,,2026-06-04,0,0.0,0.0,high,N,scenario inactive,inactive scenario,-0.029838,,-0.004623,stagflation_vulnerable,성장 부담이 있는데 유가·원자재·인플레이션 압력이 다시 커지는 장세입니다. 에너지/원자재 수혜와 장기채 부담을 함께 봅니다.
035420.KS,035420.KS,kr_stock,korea_domestic_financial_stress,Korea Domestic Financial Stress,한국 내수 금융스트레스장,korea_market,0.678775,-0.004623,0.851149,positive,0.678775,medium,84.809459,rolling_beta,v3,1,4204,4204,5,seed,pass,Y,,2026-06-04,0,0.0,0.0,medium,N,scenario inactive,inactive scenario,0.786189,0.851149,-0.004623,korea_financial_stress_vulnerable,"가계부채, 부동산 PF, 비은행권, 금융주와 건설주 스트레스가 한국 자산 전반으로 번지는 장세입니다. 금융/건설 basket, 신용 spread, 단기자금 spread, 원화 약세를 함께 점검합니다."
035420.KS,035420.KS,kr_stock,semiconductor_ai_cycle_shock,Semiconductor / AI Cycle Shock,AI·반도체 사이클 충격장,korea_semiconductor,0.247351,-0.004623,0.112945,positive,0.247351,low,77.298138,rolling_beta,v3,1,1184,1184,6,market,pass,N,,2026-06-04,0,0.0,0.0,high,N,scenario inactive,inactive scenario,0.012393,0.112945,-0.004623,semiconductor_ai_shock_vulnerable,"AI capex 기대와 반도체 모멘텀이 꺾이면서 미국 성장주와 한국 반도체 대형주가 동시에 압박받는 장세입니다. SOXX, AI leader basket, 한국 반도체 basket의 동반 약세와 원화 압력을 함께 봅니다."
035420.KS,035420.KS,kr_stock,slowdown_recession_deflation_risk,Slowdown / Recession / Deflation Risk,경기둔화/침체 우려장,us_global,-0.22459,-0.004623,0.082615,negative,0.22459,low,60.696943,rolling_beta,v3,1,4632,4632,3,market,pass,N,,2026-06-04,0,0.0,0.0,high,N,scenario inactive,inactive scenario,-0.055989,0.082615,-0.004623,slowdown_defense,수요 둔화와 침체/디플레이션 압력이 커지는 방어적 장세입니다. 주식 beta와 신용위험을 보수적으로 봅니다.
035720.KS,035720.KS,kr_stock,usd_strength_krw_weakness,USD Strength / KRW Weakness,달러강세/원화약세장,fx_krw,0.616031,-0.007714,0.925573,positive,0.616031,medium,78.591896,rolling_beta,v3,1,4204,4204,4,market,pass,N,,2026-06-04,1,0.958519,0.958519,high,Y,trade-gated adverse scenario with medium/high evidence,active market context,-0.367116,0.925573,-0.007714,krw_weakness_vulnerable,달러가 강하고 원화가 약해져 KRW 기준 투자자의 환율 리스크가 커지는 장세입니다. 한국 자산과 USD 노출의 역할을 분리해 봅니다.
035720.KS,035720.KS,kr_stock,china_trade_fragmentation_shock,China / Trade Fragmentation Shock,중국·무역분절 충격장,china_asia,0.625677,-0.007714,0.925573,positive,0.625677,medium,67.121129,rolling_beta,v3,1,1184,1184,5,market,pass,N,,2026-06-04,1,0.743352,0.743352,high,Y,trade-gated adverse scenario with medium/high evidence,active market context,0.764683,0.925573,-0.007714,china_asia_shock_vulnerable,중국 경기·무역갈등·공급망 충격이 한국/아시아와 반도체 자산에 번지는 장세입니다. 한국 반도체 factor와 원화 약세를 함께 확인합니다.
035720.KS,035720.KS,kr_stock,higher_for_longer_long_rate_shock,Higher-for-Longer / Long-Rate Shock,장기금리 부담장,us_global,0.454709,-0.007714,0.116323,positive,0.454709,medium,60.332483,rolling_beta,v3,1,4632,4632,3,market,pass,N,,2026-06-04,1,0.710094,0.0,high,N,below ACTIVE confidence/coverage trade-gate threshold,active market context,0.008561,0.116323,-0.007714,rate_sensitive,장기금리와 달러 강세 부담이 채권·성장주·신용자산을 압박하는 장세입니다. 고밸류 성장주와 반도체 factor 민감도를 점검합니다.
035720.KS,035720.KS,kr_stock,geopolitical_escalation_supply_shock,Geopolitical Escalation / Supply Shock,지정학 확전·공급충격장,geopolitical,0.145849,-0.007714,0.008561,positive,0.145849,low,52.44319,rolling_beta,v3,1,4204,4204,3,manual,pass,Y,,2026-06-04,1,0.382179,0.0,medium,N,context only: source_quality=manual,context only: source_quality=manual,-0.023788,,-0.007714,geopolitical_supply_shock_vulnerable,"전쟁, 제재, 해상로 차질, 대만·중동·한반도 긴장처럼 유가·금·방산·변동성이 동시에 움직이는 이벤트성 충격 장세입니다. 뉴스 overlay는 가격 신호를 보강하는 용도로만 해석합니다."
035720.KS,035720.KS,kr_stock,acute_global_stress_liquidity_crunch,Acute Global Stress / Liquidity Crunch,급성 리스크오프/유동성 경색장,us_global,0.351843,-0.007714,0.116323,positive,0.351843,medium,41.987513,rolling_beta,v3,1,4632,4632,3,market,pass,N,,2026-06-04,1,0.362342,0.0,medium,N,context only: WATCH state,context only: WATCH state,0.008561,0.116323,-0.007714,liquidity_stress_vulnerable,변동성이 튀고 위험자산이 동반 약세를 보이는 단기 스트레스 장세입니다. 상관관계 상승과 유동성 악화를 우선 점검합니다.
035720.KS,035720.KS,kr_stock,soft_landing_goldilocks,Soft Landing / Goldilocks,우호적 위험선호장,us_global,0.008561,-0.007714,0.116323,neutral,0.008561,low,48.066958,rolling_beta,v3,1,4632,4632,3,market,pass,N,,2026-06-04,0,0.0,0.0,medium,N,non-adverse scenario,inactive scenario,0.008561,0.116323,-0.007714,neutral_or_defensive,우호적 위험선호장 참여 민감도
035720.KS,035720.KS,kr_stock,stagflation_reinflation_energy_shock,Stagflation / Reinflation / Energy Shock,물가·에너지 재상승장,us_global,0.395849,-0.007714,0.008561,positive,0.395849,medium,53.197858,rolling_beta,v3,1,4632,4632,2,market,pass,N,,2026-06-04,0,0.0,0.0,high,N,scenario inactive,inactive scenario,-0.023788,,-0.007714,stagflation_vulnerable,성장 부담이 있는데 유가·원자재·인플레이션 압력이 다시 커지는 장세입니다. 에너지/원자재 수혜와 장기채 부담을 함께 봅니다.
035720.KS,035720.KS,kr_stock,korea_domestic_financial_stress,Korea Domestic Financial Stress,한국 내수 금융스트레스장,korea_market,0.744906,-0.007714,0.925573,positive,0.744906,medium,84.809459,rolling_beta,v3,1,4204,4204,5,seed,pass,Y,,2026-06-04,0,0.0,0.0,medium,N,scenario inactive,inactive scenario,0.764683,0.925573,-0.007714,korea_financial_stress_vulnerable,"가계부채, 부동산 PF, 비은행권, 금융주와 건설주 스트레스가 한국 자산 전반으로 번지는 장세입니다. 금융/건설 basket, 신용 spread, 단기자금 spread, 원화 약세를 함께 점검합니다."
035720.KS,035720.KS,kr_stock,semiconductor_ai_cycle_shock,Semiconductor / AI Cycle Shock,AI·반도체 사이클 충격장,korea_semiconductor,0.251089,-0.007714,0.0,positive,0.251089,low,77.298138,rolling_beta,v3,1,1184,1184,6,market,pass,N,,2026-06-04,0,0.0,0.0,high,N,scenario inactive,inactive scenario,0.020975,-0.001955,-0.007714,semiconductor_ai_shock_vulnerable,"AI capex 기대와 반도체 모멘텀이 꺾이면서 미국 성장주와 한국 반도체 대형주가 동시에 압박받는 장세입니다. SOXX, AI leader basket, 한국 반도체 basket의 동반 약세와 원화 압력을 함께 봅니다."
035720.KS,035720.KS,kr_stock,slowdown_recession_deflation_risk,Slowdown / Recession / Deflation Risk,경기둔화/침체 우려장,us_global,-0.074442,-0.007714,0.116323,negative,0.074442,low,60.696943,rolling_beta,v3,1,4632,4632,3,market,pass,N,,2026-06-04,0,0.0,0.0,high,N,scenario inactive,inactive scenario,0.008561,0.116323,-0.007714,slowdown_defense,수요 둔화와 침체/디플레이션 압력이 커지는 방어적 장세입니다. 주식 beta와 신용위험을 보수적으로 봅니다.
051910.KS,051910.KS,kr_stock,usd_strength_krw_weakness,USD Strength / KRW Weakness,달러강세/원화약세장,fx_krw,0.614711,-0.007487,1.122796,positive,0.614711,medium,78.591896,rolling_beta,v3,1,4204,4204,4,market,pass,N,,2026-06-04,1,0.958519,0.958519,high,Y,trade-gated adverse scenario with medium/high evidence,active market context,-0.391349,1.122796,-0.007487,krw_weakness_vulnerable,달러가 강하고 원화가 약해져 KRW 기준 투자자의 환율 리스크가 커지는 장세입니다. 한국 자산과 USD 노출의 역할을 분리해 봅니다.
051910.KS,051910.KS,kr_stock,china_trade_fragmentation_shock,China / Trade Fragmentation Shock,중국·무역분절 충격장,china_asia,0.618949,-0.007487,1.122796,positive,0.618949,medium,67.121129,rolling_beta,v3,1,1184,1184,5,market,pass,N,,2026-06-04,1,0.743352,0.743352,high,Y,trade-gated adverse scenario with medium/high evidence,active market context,1.12141,1.122796,-0.007487,china_asia_shock_vulnerable,중국 경기·무역갈등·공급망 충격이 한국/아시아와 반도체 자산에 번지는 장세입니다. 한국 반도체 factor와 원화 약세를 함께 확인합니다.
051910.KS,051910.KS,kr_stock,higher_for_longer_long_rate_shock,Higher-for-Longer / Long-Rate Shock,장기금리 부담장,us_global,0.469565,-0.007487,0.076803,positive,0.469565,medium,60.332483,rolling_beta,v3,1,4632,4632,3,market,pass,N,,2026-06-04,1,0.710094,0.0,high,N,below ACTIVE confidence/coverage trade-gate threshold,active market context,0.035573,0.076803,-0.007487,rate_sensitive,장기금리와 달러 강세 부담이 채권·성장주·신용자산을 압박하는 장세입니다. 고밸류 성장주와 반도체 factor 민감도를 점검합니다.
051910.KS,051910.KS,kr_stock,geopolitical_escalation_supply_shock,Geopolitical Escalation / Supply Shock,지정학 확전·공급충격장,geopolitical,-0.202715,-0.007487,0.035573,negative,0.202715,low,52.44319,rolling_beta,v3,1,4204,4204,3,manual,pass,Y,,2026-06-04,1,0.382179,0.0,medium,N,context only: source_quality=manual,context only: source_quality=manual,0.023455,,-0.007487,geopolitical_supply_shock_hedge,"전쟁, 제재, 해상로 차질, 대만·중동·한반도 긴장처럼 유가·금·방산·변동성이 동시에 움직이는 이벤트성 충격 장세입니다. 뉴스 overlay는 가격 신호를 보강하는 용도로만 해석합니다."
051910.KS,051910.KS,kr_stock,acute_global_stress_liquidity_crunch,Acute Global Stress / Liquidity Crunch,급성 리스크오프/유동성 경색장,us_global,0.35649,-0.007487,0.076803,positive,0.35649,medium,41.987513,rolling_beta,v3,1,4632,4632,3,market,pass,N,,2026-06-04,1,0.362342,0.0,medium,N,context only: WATCH state,context only: WATCH state,0.035573,0.076803,-0.007487,liquidity_stress_vulnerable,변동성이 튀고 위험자산이 동반 약세를 보이는 단기 스트레스 장세입니다. 상관관계 상승과 유동성 악화를 우선 점검합니다.
051910.KS,051910.KS,kr_stock,soft_landing_goldilocks,Soft Landing / Goldilocks,우호적 위험선호장,us_global,0.035573,-0.007487,0.076803,neutral,0.035573,low,48.066958,rolling_beta,v3,1,4632,4632,3,market,pass,N,,2026-06-04,0,0.0,0.0,medium,N,non-adverse scenario,inactive scenario,0.035573,0.076803,-0.007487,neutral_or_defensive,우호적 위험선호장 참여 민감도
051910.KS,051910.KS,kr_stock,stagflation_reinflation_energy_shock,Stagflation / Reinflation / Energy Shock,물가·에너지 재상승장,us_global,-0.050369,-0.007487,0.035573,negative,0.050369,low,53.197858,rolling_beta,v3,1,4632,4632,2,market,pass,N,,2026-06-04,0,0.0,0.0,high,N,scenario inactive,inactive scenario,0.023455,,-0.007487,inflation_hedge,성장 부담이 있는데 유가·원자재·인플레이션 압력이 다시 커지는 장세입니다. 에너지/원자재 수혜와 장기채 부담을 함께 봅니다.
051910.KS,051910.KS,kr_stock,korea_domestic_financial_stress,Korea Domestic Financial Stress,한국 내수 금융스트레스장,korea_market,0.900123,-0.007487,1.122796,positive,0.900123,high,84.809459,rolling_beta,v3,1,4204,4204,5,seed,pass,Y,,2026-06-04,0,0.0,0.0,medium,N,scenario inactive,inactive scenario,1.12141,1.122796,-0.007487,korea_financial_stress_vulnerable,"가계부채, 부동산 PF, 비은행권, 금융주와 건설주 스트레스가 한국 자산 전반으로 번지는 장세입니다. 금융/건설 basket, 신용 spread, 단기자금 spread, 원화 약세를 함께 점검합니다."
051910.KS,051910.KS,kr_stock,semiconductor_ai_cycle_shock,Semiconductor / AI Cycle Shock,AI·반도체 사이클 충격장,korea_semiconductor,0.102501,-0.007487,0.023439,positive,0.102501,low,77.298138,rolling_beta,v3,1,1184,1184,6,market,pass,N,,2026-06-04,0,0.0,0.0,high,N,scenario inactive,inactive scenario,-0.022917,0.023439,-0.007487,semiconductor_ai_shock_vulnerable,"AI capex 기대와 반도체 모멘텀이 꺾이면서 미국 성장주와 한국 반도체 대형주가 동시에 압박받는 장세입니다. SOXX, AI leader basket, 한국 반도체 basket의 동반 약세와 원화 압력을 함께 봅니다."
051910.KS,051910.KS,kr_stock,slowdown_recession_deflation_risk,Slowdown / Recession / Deflation Risk,경기둔화/침체 우려장,us_global,-0.064825,-0.007487,0.076803,negative,0.064825,low,60.696943,rolling_beta,v3,1,4632,4632,3,market,pass,N,,2026-06-04,0,0.0,0.0,high,N,scenario inactive,inactive scenario,0.035573,0.076803,-0.007487,slowdown_defense,수요 둔화와 침체/디플레이션 압력이 커지는 방어적 장세입니다. 주식 beta와 신용위험을 보수적으로 봅니다.
055550.KS,055550.KS,kr_stock,usd_strength_krw_weakness,USD Strength / KRW Weakness,달러강세/원화약세장,fx_krw,0.563472,-0.00511,0.892061,positive,0.563472,medium,78.591896,rolling_beta,v3,1,4204,4204,4,market,pass,N,,2026-06-04,1,0.958519,0.958519,high,Y,trade-gated adverse scenario with medium/high evidence,active market context,-0.334863,0.892061,-0.00511,krw_weakness_vulnerable,달러가 강하고 원화가 약해져 KRW 기준 투자자의 환율 리스크가 커지는 장세입니다. 한국 자산과 USD 노출의 역할을 분리해 봅니다.
055550.KS,055550.KS,kr_stock,china_trade_fragmentation_shock,China / Trade Fragmentation Shock,중국·무역분절 충격장,china_asia,0.51852,-0.00511,0.892061,positive,0.51852,medium,67.121129,rolling_beta,v3,1,1184,1184,5,market,pass,N,,2026-06-04,1,0.743352,0.743352,high,Y,trade-gated adverse scenario with medium/high evidence,active market context,0.870362,0.892061,-0.00511,china_asia_shock_vulnerable,중국 경기·무역갈등·공급망 충격이 한국/아시아와 반도체 자산에 번지는 장세입니다. 한국 반도체 factor와 원화 약세를 함께 확인합니다.
055550.KS,055550.KS,kr_stock,higher_for_longer_long_rate_shock,Higher-for-Longer / Long-Rate Shock,장기금리 부담장,us_global,0.45,-0.00511,0.070644,positive,0.45,medium,60.332483,rolling_beta,v3,1,4632,4632,3,market,pass,N,,2026-06-04,1,0.710094,0.0,high,N,below ACTIVE confidence/coverage trade-gate threshold,active market context,-0.008828,0.070644,-0.00511,rate_sensitive,장기금리와 달러 강세 부담이 채권·성장주·신용자산을 압박하는 장세입니다. 고밸류 성장주와 반도체 factor 민감도를 점검합니다.
055550.KS,055550.KS,kr_stock,geopolitical_escalation_supply_shock,Geopolitical Escalation / Supply Shock,지정학 확전·공급충격장,geopolitical,0.077742,-0.00511,0.0,positive,0.077742,low,52.44319,rolling_beta,v3,1,4204,4204,3,manual,pass,Y,,2026-06-04,1,0.382179,0.0,medium,N,context only: source_quality=manual,context only: source_quality=manual,-0.002991,,-0.00511,geopolitical_supply_shock_vulnerable,"전쟁, 제재, 해상로 차질, 대만·중동·한반도 긴장처럼 유가·금·방산·변동성이 동시에 움직이는 이벤트성 충격 장세입니다. 뉴스 overlay는 가격 신호를 보강하는 용도로만 해석합니다."
055550.KS,055550.KS,kr_stock,acute_global_stress_liquidity_crunch,Acute Global Stress / Liquidity Crunch,급성 리스크오프/유동성 경색장,us_global,0.229936,-0.00511,0.070644,positive,0.229936,low,41.987513,rolling_beta,v3,1,4632,4632,3,market,pass,N,,2026-06-04,1,0.362342,0.0,medium,N,context only: WATCH state,context only: WATCH state,-0.008828,0.070644,-0.00511,liquidity_stress_vulnerable,변동성이 튀고 위험자산이 동반 약세를 보이는 단기 스트레스 장세입니다. 상관관계 상승과 유동성 악화를 우선 점검합니다.
055550.KS,055550.KS,kr_stock,soft_landing_goldilocks,Soft Landing / Goldilocks,우호적 위험선호장,us_global,-0.008828,-0.00511,0.070644,neutral,0.008828,low,48.066958,rolling_beta,v3,1,4632,4632,3,market,pass,N,,2026-06-04,0,0.0,0.0,medium,N,non-adverse scenario,inactive scenario,-0.008828,0.070644,-0.00511,neutral_or_defensive,우호적 위험선호장 참여 민감도
055550.KS,055550.KS,kr_stock,stagflation_reinflation_energy_shock,Stagflation / Reinflation / Energy Shock,물가·에너지 재상승장,us_global,0.327742,-0.00511,0.0,positive,0.327742,medium,53.197858,rolling_beta,v3,1,4632,4632,2,market,pass,N,,2026-06-04,0,0.0,0.0,high,N,scenario inactive,inactive scenario,-0.002991,,-0.00511,stagflation_vulnerable,성장 부담이 있는데 유가·원자재·인플레이션 압력이 다시 커지는 장세입니다. 에너지/원자재 수혜와 장기채 부담을 함께 봅니다.
055550.KS,055550.KS,kr_stock,korea_domestic_financial_stress,Korea Domestic Financial Stress,한국 내수 금융스트레스장,korea_market,0.976992,-0.00511,0.892061,positive,0.976992,high,84.809459,rolling_beta,v3,1,4204,4204,5,seed,pass,Y,,2026-06-04,0,0.0,0.0,medium,N,scenario inactive,inactive scenario,0.870362,0.892061,-0.00511,korea_financial_stress_vulnerable,"가계부채, 부동산 PF, 비은행권, 금융주와 건설주 스트레스가 한국 자산 전반으로 번지는 장세입니다. 금융/건설 basket, 신용 spread, 단기자금 spread, 원화 약세를 함께 점검합니다."
055550.KS,055550.KS,kr_stock,semiconductor_ai_cycle_shock,Semiconductor / AI Cycle Shock,AI·반도체 사이클 충격장,korea_semiconductor,0.034398,-0.00511,0.0,neutral,0.034398,low,77.298138,rolling_beta,v3,1,1184,1184,6,market,pass,N,,2026-06-04,0,0.0,0.0,high,N,scenario inactive,inactive scenario,0.006868,-0.000633,-0.00511,semiconductor_ai_shock_vulnerable,"AI capex 기대와 반도체 모멘텀이 꺾이면서 미국 성장주와 한국 반도체 대형주가 동시에 압박받는 장세입니다. SOXX, AI leader basket, 한국 반도체 basket의 동반 약세와 원화 압력을 함께 봅니다."
055550.KS,055550.KS,kr_stock,slowdown_recession_deflation_risk,Slowdown / Recession / Deflation Risk,경기둔화/침체 우려장,us_global,-0.176899,-0.00511,0.070644,negative,0.176899,low,60.696943,rolling_beta,v3,1,4632,4632,3,market,pass,N,,2026-06-04,0,0.0,0.0,high,N,scenario inactive,inactive scenario,-0.008828,0.070644,-0.00511,slowdown_defense,수요 둔화와 침체/디플레이션 압력이 커지는 방어적 장세입니다. 주식 beta와 신용위험을 보수적으로 봅니다.
066570.KS,066570.KS,kr_stock,usd_strength_krw_weakness,USD Strength / KRW Weakness,달러강세/원화약세장,fx_krw,0.581333,-0.006955,0.953256,positive,0.581333,medium,78.591896,rolling_beta,v3,1,4204,4204,4,market,pass,N,,2026-06-04,1,0.958519,0.958519,high,Y,trade-gated adverse scenario with medium/high evidence,active market context,-0.329369,0.953256,-0.006955,krw_weakness_vulnerable,달러가 강하고 원화가 약해져 KRW 기준 투자자의 환율 리스크가 커지는 장세입니다. 한국 자산과 USD 노출의 역할을 분리해 봅니다.
066570.KS,066570.KS,kr_stock,china_trade_fragmentation_shock,China / Trade Fragmentation Shock,중국·무역분절 충격장,china_asia,0.578949,-0.006955,0.953256,positive,0.578949,medium,67.121129,rolling_beta,v3,1,1184,1184,5,market,pass,N,,2026-06-04,1,0.743352,0.743352,high,Y,trade-gated adverse scenario with medium/high evidence,active market context,0.980527,0.953256,-0.006955,china_asia_shock_vulnerable,중국 경기·무역갈등·공급망 충격이 한국/아시아와 반도체 자산에 번지는 장세입니다. 한국 반도체 factor와 원화 약세를 함께 확인합니다.
066570.KS,066570.KS,kr_stock,higher_for_longer_long_rate_shock,Higher-for-Longer / Long-Rate Shock,장기금리 부담장,us_global,0.036687,-0.006955,0.099879,neutral,0.036687,low,60.332483,rolling_beta,v3,1,4632,4632,3,market,pass,N,,2026-06-04,1,0.710094,0.0,high,N,below ACTIVE confidence/coverage trade-gate threshold,active market context,0.066704,0.099879,-0.006955,rate_sensitive,장기금리와 달러 강세 부담이 채권·성장주·신용자산을 압박하는 장세입니다. 고밸류 성장주와 반도체 factor 민감도를 점검합니다.
066570.KS,066570.KS,kr_stock,geopolitical_escalation_supply_shock,Geopolitical Escalation / Supply Shock,지정학 확전·공급충격장,geopolitical,0.042935,-0.006955,0.066704,neutral,0.042935,low,52.44319,rolling_beta,v3,1,4204,4204,3,manual,pass,Y,,2026-06-04,1,0.382179,0.0,medium,N,context only: source_quality=manual,context only: source_quality=manual,0.042944,,-0.006955,geopolitical_supply_shock_vulnerable,"전쟁, 제재, 해상로 차질, 대만·중동·한반도 긴장처럼 유가·금·방산·변동성이 동시에 움직이는 이벤트성 충격 장세입니다. 뉴스 overlay는 가격 신호를 보강하는 용도로만 해석합니다."
066570.KS,066570.KS,kr_stock,acute_global_stress_liquidity_crunch,Acute Global Stress / Liquidity Crunch,급성 리스크오프/유동성 경색장,us_global,0.349677,-0.006955,0.099879,positive,0.349677,medium,41.987513,rolling_beta,v3,1,4632,4632,3,market,pass,N,,2026-06-04,1,0.362342,0.0,medium,N,context only: WATCH state,context only: WATCH state,0.066704,0.099879,-0.006955,liquidity_stress_vulnerable,변동성이 튀고 위험자산이 동반 약세를 보이는 단기 스트레스 장세입니다. 상관관계 상승과 유동성 악화를 우선 점검합니다.
066570.KS,066570.KS,kr_stock,soft_landing_goldilocks,Soft Landing / Goldilocks,우호적 위험선호장,us_global,0.066704,-0.006955,0.099879,positive,0.066704,low,48.066958,rolling_beta,v3,1,4632,4632,3,market,pass,N,,2026-06-04,0,0.0,0.0,medium,N,non-adverse scenario,inactive scenario,0.066704,0.099879,-0.006955,neutral_or_defensive,우호적 위험선호장 참여 민감도
066570.KS,066570.KS,kr_stock,stagflation_reinflation_energy_shock,Stagflation / Reinflation / Energy Shock,물가·에너지 재상승장,us_global,-0.252771,-0.006955,0.066704,negative,0.252771,low,53.197858,rolling_beta,v3,1,4632,4632,2,market,pass,N,,2026-06-04,0,0.0,0.0,high,N,scenario inactive,inactive scenario,0.042944,,-0.006955,inflation_hedge,성장 부담이 있는데 유가·원자재·인플레이션 압력이 다시 커지는 장세입니다. 에너지/원자재 수혜와 장기채 부담을 함께 봅니다.
066570.KS,066570.KS,kr_stock,korea_domestic_financial_stress,Korea Domestic Financial Stress,한국 내수 금융스트레스장,korea_market,1.133946,-0.006955,0.953256,positive,1.133946,high,84.809459,rolling_beta,v3,1,4204,4204,5,seed,pass,Y,,2026-06-04,0,0.0,0.0,medium,N,scenario inactive,inactive scenario,0.980527,0.953256,-0.006955,korea_financial_stress_vulnerable,"가계부채, 부동산 PF, 비은행권, 금융주와 건설주 스트레스가 한국 자산 전반으로 번지는 장세입니다. 금융/건설 basket, 신용 spread, 단기자금 spread, 원화 약세를 함께 점검합니다."
066570.KS,066570.KS,kr_stock,semiconductor_ai_cycle_shock,Semiconductor / AI Cycle Shock,AI·반도체 사이클 충격장,korea_semiconductor,0.341991,-0.006955,0.0,positive,0.341991,medium,77.298138,rolling_beta,v3,1,1184,1184,6,market,pass,N,,2026-06-04,0,0.0,0.0,high,N,scenario inactive,inactive scenario,0.046721,-0.021463,-0.006955,semiconductor_ai_shock_vulnerable,"AI capex 기대와 반도체 모멘텀이 꺾이면서 미국 성장주와 한국 반도체 대형주가 동시에 압박받는 장세입니다. SOXX, AI leader basket, 한국 반도체 basket의 동반 약세와 원화 압력을 함께 봅니다."
066570.KS,066570.KS,kr_stock,slowdown_recession_deflation_risk,Slowdown / Recession / Deflation Risk,경기둔화/침체 우려장,us_global,0.286794,-0.006955,0.099879,positive,0.286794,low,60.696943,rolling_beta,v3,1,4632,4632,3,market,pass,N,,2026-06-04,0,0.0,0.0,high,N,scenario inactive,inactive scenario,0.066704,0.099879,-0.006955,slowdown_vulnerable,수요 둔화와 침체/디플레이션 압력이 커지는 방어적 장세입니다. 주식 beta와 신용위험을 보수적으로 봅니다.
068270.KS,068270.KS,kr_stock,usd_strength_krw_weakness,USD Strength / KRW Weakness,달러강세/원화약세장,fx_krw,0.573856,-0.002263,0.80696,positive,0.573856,medium,78.591896,rolling_beta,v3,1,4204,4204,4,market,pass,N,,2026-06-04,1,0.958519,0.958519,high,Y,trade-gated adverse scenario with medium/high evidence,active market context,-0.328727,0.80696,-0.002263,krw_weakness_vulnerable,달러가 강하고 원화가 약해져 KRW 기준 투자자의 환율 리스크가 커지는 장세입니다. 한국 자산과 USD 노출의 역할을 분리해 봅니다.
068270.KS,068270.KS,kr_stock,china_trade_fragmentation_shock,China / Trade Fragmentation Shock,중국·무역분절 충격장,china_asia,0.455647,-0.002263,0.80696,positive,0.455647,medium,67.121129,rolling_beta,v3,1,1184,1184,5,market,pass,N,,2026-06-04,1,0.743352,0.743352,high,Y,trade-gated adverse scenario with medium/high evidence,active market context,0.676583,0.80696,-0.002263,china_asia_shock_vulnerable,중국 경기·무역갈등·공급망 충격이 한국/아시아와 반도체 자산에 번지는 장세입니다. 한국 반도체 factor와 원화 약세를 함께 확인합니다.
068270.KS,068270.KS,kr_stock,higher_for_longer_long_rate_shock,Higher-for-Longer / Long-Rate Shock,장기금리 부담장,us_global,0.45,-0.002263,0.0,positive,0.45,medium,60.332483,rolling_beta,v3,1,4632,4632,3,market,pass,N,,2026-06-04,1,0.710094,0.0,high,N,below ACTIVE confidence/coverage trade-gate threshold,active market context,-0.0415,-0.001469,-0.002263,rate_sensitive,장기금리와 달러 강세 부담이 채권·성장주·신용자산을 압박하는 장세입니다. 고밸류 성장주와 반도체 factor 민감도를 점검합니다.
068270.KS,068270.KS,kr_stock,geopolitical_escalation_supply_shock,Geopolitical Escalation / Supply Shock,지정학 확전·공급충격장,geopolitical,0.006563,-0.002263,0.0,neutral,0.006563,low,52.44319,rolling_beta,v3,1,4204,4204,3,manual,pass,Y,,2026-06-04,1,0.382179,0.0,medium,N,context only: source_quality=manual,context only: source_quality=manual,-0.002755,,-0.002263,geopolitical_supply_shock_vulnerable,"전쟁, 제재, 해상로 차질, 대만·중동·한반도 긴장처럼 유가·금·방산·변동성이 동시에 움직이는 이벤트성 충격 장세입니다. 뉴스 overlay는 가격 신호를 보강하는 용도로만 해석합니다."
068270.KS,068270.KS,kr_stock,acute_global_stress_liquidity_crunch,Acute Global Stress / Liquidity Crunch,급성 리스크오프/유동성 경색장,us_global,0.101813,-0.002263,0.0,positive,0.101813,low,41.987513,rolling_beta,v3,1,4632,4632,3,market,pass,N,,2026-06-04,1,0.362342,0.0,medium,N,context only: WATCH state,context only: WATCH state,-0.0415,-0.001469,-0.002263,liquidity_stress_vulnerable,변동성이 튀고 위험자산이 동반 약세를 보이는 단기 스트레스 장세입니다. 상관관계 상승과 유동성 악화를 우선 점검합니다.
068270.KS,068270.KS,kr_stock,soft_landing_goldilocks,Soft Landing / Goldilocks,우호적 위험선호장,us_global,-0.0415,-0.002263,0.0,neutral,0.0415,low,48.066958,rolling_beta,v3,1,4632,4632,3,market,pass,N,,2026-06-04,0,0.0,0.0,medium,N,non-adverse scenario,inactive scenario,-0.0415,-0.001469,-0.002263,neutral_or_defensive,우호적 위험선호장 참여 민감도
068270.KS,068270.KS,kr_stock,stagflation_reinflation_energy_shock,Stagflation / Reinflation / Energy Shock,물가·에너지 재상승장,us_global,0.256563,-0.002263,0.0,positive,0.256563,low,53.197858,rolling_beta,v3,1,4632,4632,2,market,pass,N,,2026-06-04,0,0.0,0.0,high,N,scenario inactive,inactive scenario,-0.002755,,-0.002263,stagflation_vulnerable,성장 부담이 있는데 유가·원자재·인플레이션 압력이 다시 커지는 장세입니다. 에너지/원자재 수혜와 장기채 부담을 함께 봅니다.
068270.KS,068270.KS,kr_stock,korea_domestic_financial_stress,Korea Domestic Financial Stress,한국 내수 금융스트레스장,korea_market,0.568938,-0.002263,0.80696,positive,0.568938,medium,84.809459,rolling_beta,v3,1,4204,4204,5,seed,pass,Y,,2026-06-04,0,0.0,0.0,medium,N,scenario inactive,inactive scenario,0.676583,0.80696,-0.002263,korea_financial_stress_vulnerable,"가계부채, 부동산 PF, 비은행권, 금융주와 건설주 스트레스가 한국 자산 전반으로 번지는 장세입니다. 금융/건설 basket, 신용 spread, 단기자금 spread, 원화 약세를 함께 점검합니다."
068270.KS,068270.KS,kr_stock,semiconductor_ai_cycle_shock,Semiconductor / AI Cycle Shock,AI·반도체 사이클 충격장,korea_semiconductor,-0.025888,-0.002263,0.0,neutral,0.025888,low,77.298138,rolling_beta,v3,1,1184,1184,6,market,pass,N,,2026-06-04,0,0.0,0.0,high,N,scenario inactive,inactive scenario,-0.066877,-0.014266,-0.002263,semiconductor_ai_shock_hedge,"AI capex 기대와 반도체 모멘텀이 꺾이면서 미국 성장주와 한국 반도체 대형주가 동시에 압박받는 장세입니다. SOXX, AI leader basket, 한국 반도체 basket의 동반 약세와 원화 압력을 함께 봅니다."
068270.KS,068270.KS,kr_stock,slowdown_recession_deflation_risk,Slowdown / Recession / Deflation Risk,경기둔화/침체 우려장,us_global,-0.297787,-0.002263,0.0,negative,0.297787,low,60.696943,rolling_beta,v3,1,4632,4632,3,market,pass,N,,2026-06-04,0,0.0,0.0,high,N,scenario inactive,inactive scenario,-0.0415,-0.001469,-0.002263,slowdown_defense,수요 둔화와 침체/디플레이션 압력이 커지는 방어적 장세입니다. 주식 beta와 신용위험을 보수적으로 봅니다.
069500.KS,069500.KS,kr_etf,usd_strength_krw_weakness,USD Strength / KRW Weakness,달러강세/원화약세장,fx_krw,0.7139,-0.006926,0.982867,positive,0.7139,medium,78.591896,rolling_beta,v3,1,3692,3692,4,market,pass,N,,2026-06-04,1,0.958519,0.958519,high,Y,trade-gated adverse scenario with medium/high evidence,active market context,-0.334628,0.982867,-0.006926,krw_weakness_vulnerable,달러가 강하고 원화가 약해져 KRW 기준 투자자의 환율 리스크가 커지는 장세입니다. 한국 자산과 USD 노출의 역할을 분리해 봅니다.
069500.KS,069500.KS,kr_etf,china_trade_fragmentation_shock,China / Trade Fragmentation Shock,중국·무역분절 충격장,china_asia,0.684267,-0.006926,0.982867,positive,0.684267,medium,67.121129,rolling_beta,v3,1,1165,1165,5,market,pass,N,,2026-06-04,1,0.743352,0.743352,high,Y,trade-gated adverse scenario with medium/high evidence,active market context,0.96794,0.982867,-0.006926,china_asia_shock_vulnerable,중국 경기·무역갈등·공급망 충격이 한국/아시아와 반도체 자산에 번지는 장세입니다. 한국 반도체 factor와 원화 약세를 함께 확인합니다.
069500.KS,069500.KS,kr_etf,higher_for_longer_long_rate_shock,Higher-for-Longer / Long-Rate Shock,장기금리 부담장,us_global,0.031524,-0.006926,0.177912,neutral,0.031524,low,60.332483,rolling_beta,v3,1,4068,4068,3,market,pass,N,,2026-06-04,1,0.710094,0.0,high,N,below ACTIVE confidence/coverage trade-gate threshold,active market context,0.057317,0.177912,-0.006926,rate_sensitive,장기금리와 달러 강세 부담이 채권·성장주·신용자산을 압박하는 장세입니다. 고밸류 성장주와 반도체 factor 민감도를 점검합니다.
069500.KS,069500.KS,kr_etf,geopolitical_escalation_supply_shock,Geopolitical Escalation / Supply Shock,지정학 확전·공급충격장,geopolitical,0.391185,-0.006926,0.057317,positive,0.391185,medium,52.44319,rolling_beta,v3,1,3692,3692,3,manual,pass,Y,,2026-06-04,1,0.382179,0.0,medium,N,context only: source_quality=manual,context only: source_quality=manual,0.020229,,-0.006926,geopolitical_supply_shock_vulnerable,"전쟁, 제재, 해상로 차질, 대만·중동·한반도 긴장처럼 유가·금·방산·변동성이 동시에 움직이는 이벤트성 충격 장세입니다. 뉴스 overlay는 가격 신호를 보강하는 용도로만 해석합니다."
069500.KS,069500.KS,kr_etf,acute_global_stress_liquidity_crunch,Acute Global Stress / Liquidity Crunch,급성 리스크오프/유동성 경색장,us_global,0.34319,-0.006926,0.177912,positive,0.34319,medium,41.987513,rolling_beta,v3,1,4068,4068,3,market,pass,N,,2026-06-04,1,0.362342,0.0,medium,N,context only: WATCH state,context only: WATCH state,0.057317,0.177912,-0.006926,liquidity_stress_vulnerable,변동성이 튀고 위험자산이 동반 약세를 보이는 단기 스트레스 장세입니다. 상관관계 상승과 유동성 악화를 우선 점검합니다.
069500.KS,069500.KS,kr_etf,soft_landing_goldilocks,Soft Landing / Goldilocks,우호적 위험선호장,us_global,0.057317,-0.006926,0.177912,positive,0.057317,low,48.066958,rolling_beta,v3,1,4068,4068,3,market,pass,N,,2026-06-04,0,0.0,0.0,medium,N,non-adverse scenario,inactive scenario,0.057317,0.177912,-0.006926,neutral_or_defensive,우호적 위험선호장 참여 민감도
069500.KS,069500.KS,kr_etf,stagflation_reinflation_energy_shock,Stagflation / Reinflation / Energy Shock,물가·에너지 재상승장,us_global,0.193208,-0.006926,0.057317,positive,0.193208,low,53.197858,rolling_beta,v3,1,4068,4068,2,market,pass,N,,2026-06-04,0,0.0,0.0,high,N,scenario inactive,inactive scenario,0.020229,,-0.006926,stagflation_vulnerable,성장 부담이 있는데 유가·원자재·인플레이션 압력이 다시 커지는 장세입니다. 에너지/원자재 수혜와 장기채 부담을 함께 봅니다.
069500.KS,069500.KS,kr_etf,korea_domestic_financial_stress,Korea Domestic Financial Stress,한국 내수 금융스트레스장,korea_market,1.128894,-0.006926,0.982867,positive,1.128894,high,84.809459,rolling_beta,v3,1,3692,3692,5,seed,pass,Y,,2026-06-04,0,0.0,0.0,medium,N,scenario inactive,inactive scenario,0.96794,0.982867,-0.006926,korea_financial_stress_vulnerable,"가계부채, 부동산 PF, 비은행권, 금융주와 건설주 스트레스가 한국 자산 전반으로 번지는 장세입니다. 금융/건설 basket, 신용 spread, 단기자금 spread, 원화 약세를 함께 점검합니다."
069500.KS,069500.KS,kr_etf,semiconductor_ai_cycle_shock,Semiconductor / AI Cycle Shock,AI·반도체 사이클 충격장,korea_semiconductor,0.351477,-0.006926,0.053435,positive,0.351477,medium,77.298138,rolling_beta,v3,1,1165,1165,6,market,pass,N,,2026-06-04,0,0.0,0.0,high,N,scenario inactive,inactive scenario,0.044842,0.053435,-0.006926,semiconductor_ai_shock_vulnerable,"AI capex 기대와 반도체 모멘텀이 꺾이면서 미국 성장주와 한국 반도체 대형주가 동시에 압박받는 장세입니다. SOXX, AI leader basket, 한국 반도체 basket의 동반 약세와 원화 압력을 함께 봅니다."
069500.KS,069500.KS,kr_etf,slowdown_recession_deflation_risk,Slowdown / Recession / Deflation Risk,경기둔화/침체 우려장,us_global,0.279662,-0.006926,0.177912,positive,0.279662,low,60.696943,rolling_beta,v3,1,4068,4068,3,market,pass,N,,2026-06-04,0,0.0,0.0,high,N,scenario inactive,inactive scenario,0.057317,0.177912,-0.006926,slowdown_vulnerable,수요 둔화와 침체/디플레이션 압력이 커지는 방어적 장세입니다. 주식 beta와 신용위험을 보수적으로 봅니다.
105560.KS,105560.KS,kr_stock,usd_strength_krw_weakness,USD Strength / KRW Weakness,달러강세/원화약세장,fx_krw,0.580325,-0.006056,0.89979,positive,0.580325,medium,78.591896,rolling_beta,v3,1,4204,4204,4,market,pass,N,,2026-06-04,1,0.958519,0.958519,high,Y,trade-gated adverse scenario with medium/high evidence,active market context,-0.396165,0.89979,-0.006056,krw_weakness_vulnerable,달러가 강하고 원화가 약해져 KRW 기준 투자자의 환율 리스크가 커지는 장세입니다. 한국 자산과 USD 노출의 역할을 분리해 봅니다.
105560.KS,105560.KS,kr_stock,china_trade_fragmentation_shock,China / Trade Fragmentation Shock,중국·무역분절 충격장,china_asia,0.55565,-0.006056,0.89979,positive,0.55565,medium,67.121129,rolling_beta,v3,1,1184,1184,5,market,pass,N,,2026-06-04,1,0.743352,0.743352,high,Y,trade-gated adverse scenario with medium/high evidence,active market context,0.840546,0.89979,-0.006056,china_asia_shock_vulnerable,중국 경기·무역갈등·공급망 충격이 한국/아시아와 반도체 자산에 번지는 장세입니다. 한국 반도체 factor와 원화 약세를 함께 확인합니다.
105560.KS,105560.KS,kr_stock,higher_for_longer_long_rate_shock,Higher-for-Longer / Long-Rate Shock,장기금리 부담장,us_global,0.452607,-0.006056,0.108824,positive,0.452607,medium,60.332483,rolling_beta,v3,1,4632,4632,3,market,pass,N,,2026-06-04,1,0.710094,0.0,high,N,below ACTIVE confidence/coverage trade-gate threshold,active market context,0.004739,0.108824,-0.006056,rate_sensitive,장기금리와 달러 강세 부담이 채권·성장주·신용자산을 압박하는 장세입니다. 고밸류 성장주와 반도체 factor 민감도를 점검합니다.
105560.KS,105560.KS,kr_stock,geopolitical_escalation_supply_shock,Geopolitical Escalation / Supply Shock,지정학 확전·공급충격장,geopolitical,0.103049,-0.006056,0.004739,positive,0.103049,low,52.44319,rolling_beta,v3,1,4204,4204,3,manual,pass,Y,,2026-06-04,1,0.382179,0.0,medium,N,context only: source_quality=manual,context only: source_quality=manual,-0.009108,,-0.006056,geopolitical_supply_shock_vulnerable,"전쟁, 제재, 해상로 차질, 대만·중동·한반도 긴장처럼 유가·금·방산·변동성이 동시에 움직이는 이벤트성 충격 장세입니다. 뉴스 overlay는 가격 신호를 보강하는 용도로만 해석합니다."
105560.KS,105560.KS,kr_stock,acute_global_stress_liquidity_crunch,Acute Global Stress / Liquidity Crunch,급성 리스크오프/유동성 경색장,us_global,0.275109,-0.006056,0.108824,positive,0.275109,low,41.987513,rolling_beta,v3,1,4632,4632,3,market,pass,N,,2026-06-04,1,0.362342,0.0,medium,N,context only: WATCH state,context only: WATCH state,0.004739,0.108824,-0.006056,liquidity_stress_vulnerable,변동성이 튀고 위험자산이 동반 약세를 보이는 단기 스트레스 장세입니다. 상관관계 상승과 유동성 악화를 우선 점검합니다.
105560.KS,105560.KS,kr_stock,soft_landing_goldilocks,Soft Landing / Goldilocks,우호적 위험선호장,us_global,0.004739,-0.006056,0.108824,neutral,0.004739,low,48.066958,rolling_beta,v3,1,4632,4632,3,market,pass,N,,2026-06-04,0,0.0,0.0,medium,N,non-adverse scenario,inactive scenario,0.004739,0.108824,-0.006056,neutral_or_defensive,우호적 위험선호장 참여 민감도
105560.KS,105560.KS,kr_stock,stagflation_reinflation_energy_shock,Stagflation / Reinflation / Energy Shock,물가·에너지 재상승장,us_global,0.353049,-0.006056,0.004739,positive,0.353049,medium,53.197858,rolling_beta,v3,1,4632,4632,2,market,pass,N,,2026-06-04,0,0.0,0.0,high,N,scenario inactive,inactive scenario,-0.009108,,-0.006056,stagflation_vulnerable,성장 부담이 있는데 유가·원자재·인플레이션 압력이 다시 커지는 장세입니다. 에너지/원자재 수혜와 장기채 부담을 함께 봅니다.
105560.KS,105560.KS,kr_stock,korea_domestic_financial_stress,Korea Domestic Financial Stress,한국 내수 금융스트레스장,korea_market,1.010281,-0.006056,0.89979,positive,1.010281,high,84.809459,rolling_beta,v3,1,4204,4204,5,seed,pass,Y,,2026-06-04,0,0.0,0.0,medium,N,scenario inactive,inactive scenario,0.840546,0.89979,-0.006056,korea_financial_stress_vulnerable,"가계부채, 부동산 PF, 비은행권, 금융주와 건설주 스트레스가 한국 자산 전반으로 번지는 장세입니다. 금융/건설 basket, 신용 spread, 단기자금 spread, 원화 약세를 함께 점검합니다."
105560.KS,105560.KS,kr_stock,semiconductor_ai_cycle_shock,Semiconductor / AI Cycle Shock,AI·반도체 사이클 충격장,korea_semiconductor,0.05255,-0.006056,0.025883,positive,0.05255,low,77.298138,rolling_beta,v3,1,1184,1184,6,market,pass,N,,2026-06-04,0,0.0,0.0,high,N,scenario inactive,inactive scenario,0.02242,0.025883,-0.006056,semiconductor_ai_shock_vulnerable,"AI capex 기대와 반도체 모멘텀이 꺾이면서 미국 성장주와 한국 반도체 대형주가 동시에 압박받는 장세입니다. SOXX, AI leader basket, 한국 반도체 basket의 동반 약세와 원화 압력을 함께 봅니다."
105560.KS,105560.KS,kr_stock,slowdown_recession_deflation_risk,Slowdown / Recession / Deflation Risk,경기둔화/침체 우려장,us_global,-0.134973,-0.006056,0.108824,negative,0.134973,low,60.696943,rolling_beta,v3,1,4632,4632,3,market,pass,N,,2026-06-04,0,0.0,0.0,high,N,scenario inactive,inactive scenario,0.004739,0.108824,-0.006056,slowdown_defense,수요 둔화와 침체/디플레이션 압력이 커지는 방어적 장세입니다. 주식 beta와 신용위험을 보수적으로 봅니다.
114800.KS,114800.KS,kr_etf,usd_strength_krw_weakness,USD Strength / KRW Weakness,달러강세/원화약세장,fx_krw,0.45,0.007009,0.0,positive,0.45,medium,78.591896,rolling_beta,v3,1,3597,3597,4,market,pass,N,,2026-06-04,1,0.958519,0.958519,high,Y,trade-gated adverse scenario with medium/high evidence,active market context,0.353353,-1.008402,0.007009,krw_weakness_vulnerable,달러가 강하고 원화가 약해져 KRW 기준 투자자의 환율 리스크가 커지는 장세입니다. 한국 자산과 USD 노출의 역할을 분리해 봅니다.
114800.KS,114800.KS,kr_etf,china_trade_fragmentation_shock,China / Trade Fragmentation Shock,중국·무역분절 충격장,china_asia,0.474766,0.007009,0.0,positive,0.474766,medium,67.121129,rolling_beta,v3,1,1165,1165,5,market,pass,N,,2026-06-04,1,0.743352,0.743352,high,Y,trade-gated adverse scenario with medium/high evidence,active market context,-0.991569,-1.008402,0.007009,china_asia_shock_vulnerable,중국 경기·무역갈등·공급망 충격이 한국/아시아와 반도체 자산에 번지는 장세입니다. 한국 반도체 factor와 원화 약세를 함께 확인합니다.
114800.KS,114800.KS,kr_etf,higher_for_longer_long_rate_shock,Higher-for-Longer / Long-Rate Shock,장기금리 부담장,us_global,0.7,0.007009,0.0,positive,0.7,medium,60.332483,rolling_beta,v3,1,3955,3955,3,market,pass,N,,2026-06-04,1,0.710094,0.0,high,N,below ACTIVE confidence/coverage trade-gate threshold,active market context,-0.073968,-0.203064,0.007009,rate_sensitive,장기금리와 달러 강세 부담이 채권·성장주·신용자산을 압박하는 장세입니다. 고밸류 성장주와 반도체 factor 민감도를 점검합니다.
114800.KS,114800.KS,kr_etf,geopolitical_escalation_supply_shock,Geopolitical Escalation / Supply Shock,지정학 확전·공급충격장,geopolitical,-0.17753,0.007009,0.0,negative,0.17753,low,52.44319,rolling_beta,v3,1,3597,3597,3,manual,pass,Y,,2026-06-04,1,0.382179,0.0,medium,N,context only: source_quality=manual,context only: source_quality=manual,-0.024036,,0.007009,geopolitical_supply_shock_hedge,"전쟁, 제재, 해상로 차질, 대만·중동·한반도 긴장처럼 유가·금·방산·변동성이 동시에 움직이는 이벤트성 충격 장세입니다. 뉴스 overlay는 가격 신호를 보강하는 용도로만 해석합니다."
114800.KS,114800.KS,kr_etf,acute_global_stress_liquidity_crunch,Acute Global Stress / Liquidity Crunch,급성 리스크오프/유동성 경색장,us_global,-0.615421,0.007009,0.0,negative,0.615421,medium,41.987513,rolling_beta,v3,1,3955,3955,3,market,pass,N,,2026-06-04,1,0.362342,0.0,medium,N,context only: WATCH state,context only: WATCH state,-0.073968,-0.203064,0.007009,liquidity_stress_defense,변동성이 튀고 위험자산이 동반 약세를 보이는 단기 스트레스 장세입니다. 상관관계 상승과 유동성 악화를 우선 점검합니다.
114800.KS,114800.KS,kr_etf,soft_landing_goldilocks,Soft Landing / Goldilocks,우호적 위험선호장,us_global,-0.073968,0.007009,0.0,negative,0.073968,low,48.066958,rolling_beta,v3,1,3955,3955,3,market,pass,N,,2026-06-04,0,0.0,0.0,medium,N,non-adverse scenario,inactive scenario,-0.073968,-0.203064,0.007009,neutral_or_defensive,우호적 위험선호장 참여 민감도
114800.KS,114800.KS,kr_etf,stagflation_reinflation_energy_shock,Stagflation / Reinflation / Energy Shock,물가·에너지 재상승장,us_global,0.024766,0.007009,0.0,neutral,0.024766,low,53.197858,rolling_beta,v3,1,3955,3955,2,market,pass,N,,2026-06-04,0,0.0,0.0,high,N,scenario inactive,inactive scenario,-0.024036,,0.007009,stagflation_vulnerable,성장 부담이 있는데 유가·원자재·인플레이션 압력이 다시 커지는 장세입니다. 에너지/원자재 수혜와 장기채 부담을 함께 봅니다.
114800.KS,114800.KS,kr_etf,korea_domestic_financial_stress,Korea Domestic Financial Stress,한국 내수 금융스트레스장,korea_market,0.077769,0.007009,0.0,positive,0.077769,low,84.809459,rolling_beta,v3,1,3597,3597,5,seed,pass,Y,,2026-06-04,0,0.0,0.0,medium,N,scenario inactive,inactive scenario,-0.991569,-1.008402,0.007009,korea_financial_stress_vulnerable,"가계부채, 부동산 PF, 비은행권, 금융주와 건설주 스트레스가 한국 자산 전반으로 번지는 장세입니다. 금융/건설 basket, 신용 spread, 단기자금 spread, 원화 약세를 함께 점검합니다."
114800.KS,114800.KS,kr_etf,semiconductor_ai_cycle_shock,Semiconductor / AI Cycle Shock,AI·반도체 사이클 충격장,korea_semiconductor,0.079906,0.007009,0.0,positive,0.079906,low,77.298138,rolling_beta,v3,1,1165,1165,6,market,pass,N,,2026-06-04,0,0.0,0.0,high,N,scenario inactive,inactive scenario,-0.045619,-0.052257,0.007009,semiconductor_ai_shock_vulnerable,"AI capex 기대와 반도체 모멘텀이 꺾이면서 미국 성장주와 한국 반도체 대형주가 동시에 압박받는 장세입니다. SOXX, AI leader basket, 한국 반도체 basket의 동반 약세와 원화 압력을 함께 봅니다."
114800.KS,114800.KS,kr_etf,slowdown_recession_deflation_risk,Slowdown / Recession / Deflation Risk,경기둔화/침체 우려장,us_global,-0.643406,0.007009,0.0,negative,0.643406,medium,60.696943,rolling_beta,v3,1,3955,3955,3,market,pass,N,,2026-06-04,0,0.0,0.0,high,N,scenario inactive,inactive scenario,-0.073968,-0.203064,0.007009,slowdown_defense,수요 둔화와 침체/디플레이션 압력이 커지는 방어적 장세입니다. 주식 beta와 신용위험을 보수적으로 봅니다.
132030.KS,132030.KS,kr_etf,usd_strength_krw_weakness,USD Strength / KRW Weakness,달러강세/원화약세장,fx_krw,0.597727,0.000918,0.175497,positive,0.597727,medium,78.591896,rolling_beta,v3,1,3370,3370,4,market,pass,N,,2026-06-04,1,0.958519,0.958519,high,Y,trade-gated adverse scenario with medium/high evidence,active market context,-0.222346,0.175497,0.000918,krw_weakness_vulnerable,달러가 강하고 원화가 약해져 KRW 기준 투자자의 환율 리스크가 커지는 장세입니다. 한국 자산과 USD 노출의 역할을 분리해 봅니다.
132030.KS,132030.KS,kr_etf,china_trade_fragmentation_shock,China / Trade Fragmentation Shock,중국·무역분절 충격장,china_asia,0.395243,0.000918,0.175497,positive,0.395243,medium,67.121129,rolling_beta,v3,1,1165,1165,5,market,pass,N,,2026-06-04,1,0.743352,0.743352,high,Y,trade-gated adverse scenario with medium/high evidence,active market context,0.160924,0.175497,0.000918,china_asia_shock_vulnerable,중국 경기·무역갈등·공급망 충격이 한국/아시아와 반도체 자산에 번지는 장세입니다. 한국 반도체 factor와 원화 약세를 함께 확인합니다.
132030.KS,132030.KS,kr_etf,higher_for_longer_long_rate_shock,Higher-for-Longer / Long-Rate Shock,장기금리 부담장,us_global,0.0,0.000918,0.0,neutral,0.0,low,60.332483,rolling_beta,v3,1,3703,3703,3,market,pass,N,,2026-06-04,1,0.710094,0.0,high,N,below ACTIVE confidence/coverage trade-gate threshold,active market context,-0.054844,-0.047792,0.000918,rate_sensitive,장기금리와 달러 강세 부담이 채권·성장주·신용자산을 압박하는 장세입니다. 고밸류 성장주와 반도체 factor 민감도를 점검합니다.
132030.KS,132030.KS,kr_etf,geopolitical_escalation_supply_shock,Geopolitical Escalation / Supply Shock,지정학 확전·공급충격장,geopolitical,-0.186012,0.000918,0.0,negative,0.186012,low,52.44319,rolling_beta,v3,1,3370,3370,3,manual,pass,Y,,2026-06-04,1,0.382179,0.0,medium,N,context only: source_quality=manual,context only: source_quality=manual,0.000387,,0.000918,geopolitical_supply_shock_hedge,"전쟁, 제재, 해상로 차질, 대만·중동·한반도 긴장처럼 유가·금·방산·변동성이 동시에 움직이는 이벤트성 충격 장세입니다. 뉴스 overlay는 가격 신호를 보강하는 용도로만 해석합니다."
132030.KS,132030.KS,kr_etf,acute_global_stress_liquidity_crunch,Acute Global Stress / Liquidity Crunch,급성 리스크오프/유동성 경색장,us_global,-0.04129,0.000918,0.0,neutral,0.04129,low,41.987513,rolling_beta,v3,1,3703,3703,3,market,pass,N,,2026-06-04,1,0.362342,0.0,medium,N,context only: WATCH state,context only: WATCH state,-0.054844,-0.047792,0.000918,liquidity_stress_defense,변동성이 튀고 위험자산이 동반 약세를 보이는 단기 스트레스 장세입니다. 상관관계 상승과 유동성 악화를 우선 점검합니다.
132030.KS,132030.KS,kr_etf,soft_landing_goldilocks,Soft Landing / Goldilocks,우호적 위험선호장,us_global,-0.054844,0.000918,0.0,negative,0.054844,low,48.066958,rolling_beta,v3,1,3703,3703,3,market,pass,N,,2026-06-04,0,0.0,0.0,medium,N,non-adverse scenario,inactive scenario,-0.054844,-0.047792,0.000918,neutral_or_defensive,우호적 위험선호장 참여 민감도
132030.KS,132030.KS,kr_etf,stagflation_reinflation_energy_shock,Stagflation / Reinflation / Energy Shock,물가·에너지 재상승장,us_global,-0.472939,0.000918,0.0,negative,0.472939,medium,53.197858,rolling_beta,v3,1,3703,3703,2,market,pass,N,,2026-06-04,0,0.0,0.0,high,N,scenario inactive,inactive scenario,0.000387,,0.000918,inflation_hedge,성장 부담이 있는데 유가·원자재·인플레이션 압력이 다시 커지는 장세입니다. 에너지/원자재 수혜와 장기채 부담을 함께 봅니다.
132030.KS,132030.KS,kr_etf,korea_domestic_financial_stress,Korea Domestic Financial Stress,한국 내수 금융스트레스장,korea_market,0.552673,0.000918,0.175497,positive,0.552673,medium,84.809459,rolling_beta,v3,1,3370,3370,5,seed,pass,Y,,2026-06-04,0,0.0,0.0,medium,N,scenario inactive,inactive scenario,0.160924,0.175497,0.000918,korea_financial_stress_vulnerable,"가계부채, 부동산 PF, 비은행권, 금융주와 건설주 스트레스가 한국 자산 전반으로 번지는 장세입니다. 금융/건설 basket, 신용 spread, 단기자금 spread, 원화 약세를 함께 점검합니다."
132030.KS,132030.KS,kr_etf,semiconductor_ai_cycle_shock,Semiconductor / AI Cycle Shock,AI·반도체 사이클 충격장,korea_semiconductor,0.114963,0.000918,0.0,positive,0.114963,low,77.298138,rolling_beta,v3,1,1165,1165,6,market,pass,N,,2026-06-04,0,0.0,0.0,high,N,scenario inactive,inactive scenario,-0.025147,-0.038707,0.000918,semiconductor_ai_shock_vulnerable,"AI capex 기대와 반도체 모멘텀이 꺾이면서 미국 성장주와 한국 반도체 대형주가 동시에 압박받는 장세입니다. SOXX, AI leader basket, 한국 반도체 basket의 동반 약세와 원화 압력을 함께 봅니다."
132030.KS,132030.KS,kr_etf,slowdown_recession_deflation_risk,Slowdown / Recession / Deflation Risk,경기둔화/침체 우려장,us_global,-0.067763,0.000918,0.0,negative,0.067763,low,60.696943,rolling_beta,v3,1,3703,3703,3,market,pass,N,,2026-06-04,0,0.0,0.0,high,N,scenario inactive,inactive scenario,-0.054844,-0.047792,0.000918,slowdown_defense,수요 둔화와 침체/디플레이션 압력이 커지는 방어적 장세입니다. 주식 beta와 신용위험을 보수적으로 봅니다.
153130.KS,153130.KS,kr_etf,usd_strength_krw_weakness,USD Strength / KRW Weakness,달러강세/원화약세장,fx_krw,0.491713,9.6e-05,0.000103,positive,0.491713,medium,78.591896,rolling_beta,v3,1,3057,3057,4,market,pass,N,,2026-06-04,1,0.958519,0.958519,high,Y,trade-gated adverse scenario with medium/high evidence,active market context,0.000955,0.000103,9.6e-05,krw_weakness_vulnerable,달러가 강하고 원화가 약해져 KRW 기준 투자자의 환율 리스크가 커지는 장세입니다. 한국 자산과 USD 노출의 역할을 분리해 봅니다.
153130.KS,153130.KS,kr_etf,china_trade_fragmentation_shock,China / Trade Fragmentation Shock,중국·무역분절 충격장,china_asia,0.33096,9.6e-05,0.000103,positive,0.33096,medium,67.121129,rolling_beta,v3,1,1165,1165,5,market,pass,N,,2026-06-04,1,0.743352,0.743352,high,Y,trade-gated adverse scenario with medium/high evidence,active market context,0.000284,0.000103,9.6e-05,china_asia_shock_vulnerable,중국 경기·무역갈등·공급망 충격이 한국/아시아와 반도체 자산에 번지는 장세입니다. 한국 반도체 factor와 원화 약세를 함께 확인합니다.
153130.KS,153130.KS,kr_etf,higher_for_longer_long_rate_shock,Higher-for-Longer / Long-Rate Shock,장기금리 부담장,us_global,0.450123,9.6e-05,8.1e-05,positive,0.450123,medium,60.332483,rolling_beta,v3,1,3367,3367,3,market,pass,N,,2026-06-04,1,0.710094,0.0,high,N,below ACTIVE confidence/coverage trade-gate threshold,active market context,0.000223,8.1e-05,9.6e-05,rate_sensitive,장기금리와 달러 강세 부담이 채권·성장주·신용자산을 압박하는 장세입니다. 고밸류 성장주와 반도체 factor 민감도를 점검합니다.
153130.KS,153130.KS,kr_etf,geopolitical_escalation_supply_shock,Geopolitical Escalation / Supply Shock,지정학 확전·공급충격장,geopolitical,-0.052275,9.6e-05,0.000223,negative,0.052275,low,52.44319,rolling_beta,v3,1,3057,3057,3,manual,pass,Y,,2026-06-04,1,0.382179,0.0,medium,N,context only: source_quality=manual,context only: source_quality=manual,4.2e-05,,9.6e-05,geopolitical_supply_shock_hedge,"전쟁, 제재, 해상로 차질, 대만·중동·한반도 긴장처럼 유가·금·방산·변동성이 동시에 움직이는 이벤트성 충격 장세입니다. 뉴스 overlay는 가격 신호를 보강하는 용도로만 해석합니다."
153130.KS,153130.KS,kr_etf,acute_global_stress_liquidity_crunch,Acute Global Stress / Liquidity Crunch,급성 리스크오프/유동성 경색장,us_global,-0.004216,9.6e-05,8.1e-05,neutral,0.004216,low,41.987513,rolling_beta,v3,1,3367,3367,3,market,pass,N,,2026-06-04,1,0.362342,0.0,medium,N,context only: WATCH state,context only: WATCH state,0.000223,8.1e-05,9.6e-05,liquidity_stress_defense,변동성이 튀고 위험자산이 동반 약세를 보이는 단기 스트레스 장세입니다. 상관관계 상승과 유동성 악화를 우선 점검합니다.
153130.KS,153130.KS,kr_etf,soft_landing_goldilocks,Soft Landing / Goldilocks,우호적 위험선호장,us_global,0.000223,9.6e-05,8.1e-05,neutral,0.000223,low,48.066958,rolling_beta,v3,1,3367,3367,3,market,pass,N,,2026-06-04,0,0.0,0.0,medium,N,non-adverse scenario,inactive scenario,0.000223,8.1e-05,9.6e-05,neutral_or_defensive,우호적 위험선호장 참여 민감도
153130.KS,153130.KS,kr_etf,stagflation_reinflation_energy_shock,Stagflation / Reinflation / Energy Shock,물가·에너지 재상승장,us_global,0.197668,9.6e-05,0.000223,positive,0.197668,low,53.197858,rolling_beta,v3,1,3367,3367,2,market,pass,N,,2026-06-04,0,0.0,0.0,high,N,scenario inactive,inactive scenario,4.2e-05,,9.6e-05,stagflation_vulnerable,성장 부담이 있는데 유가·원자재·인플레이션 압력이 다시 커지는 장세입니다. 에너지/원자재 수혜와 장기채 부담을 함께 봅니다.
153130.KS,153130.KS,kr_etf,korea_domestic_financial_stress,Korea Domestic Financial Stress,한국 내수 금융스트레스장,korea_market,0.197832,9.6e-05,0.000103,positive,0.197832,low,84.809459,rolling_beta,v3,1,3057,3057,5,seed,pass,Y,,2026-06-04,0,0.0,0.0,medium,N,scenario inactive,inactive scenario,0.000284,0.000103,9.6e-05,korea_financial_stress_vulnerable,"가계부채, 부동산 PF, 비은행권, 금융주와 건설주 스트레스가 한국 자산 전반으로 번지는 장세입니다. 금융/건설 basket, 신용 spread, 단기자금 spread, 원화 약세를 함께 점검합니다."
153130.KS,153130.KS,kr_etf,semiconductor_ai_cycle_shock,Semiconductor / AI Cycle Shock,AI·반도체 사이클 충격장,korea_semiconductor,-0.150844,9.6e-05,0.000221,negative,0.150844,low,77.298138,rolling_beta,v3,1,1165,1165,6,market,pass,N,,2026-06-04,0,0.0,0.0,high,N,scenario inactive,inactive scenario,-2.4e-05,0.000221,9.6e-05,semiconductor_ai_shock_hedge,"AI capex 기대와 반도체 모멘텀이 꺾이면서 미국 성장주와 한국 반도체 대형주가 동시에 압박받는 장세입니다. SOXX, AI leader basket, 한국 반도체 basket의 동반 약세와 원화 압력을 함께 봅니다."
153130.KS,153130.KS,kr_etf,slowdown_recession_deflation_risk,Slowdown / Recession / Deflation Risk,경기둔화/침체 우려장,us_global,-0.353229,9.6e-05,8.1e-05,negative,0.353229,medium,60.696943,rolling_beta,v3,1,3367,3367,3,market,pass,N,,2026-06-04,0,0.0,0.0,high,N,scenario inactive,inactive scenario,0.000223,8.1e-05,9.6e-05,slowdown_defense,수요 둔화와 침체/디플레이션 압력이 커지는 방어적 장세입니다. 주식 beta와 신용위험을 보수적으로 봅니다.
207940.KS,207940.KS,kr_stock,usd_strength_krw_weakness,USD Strength / KRW Weakness,달러강세/원화약세장,fx_krw,0.587658,-0.00163,0.636421,positive,0.587658,medium,78.591896,rolling_beta,v3,1,2063,2063,4,market,pass,N,,2026-06-04,1,0.958519,0.958519,high,Y,trade-gated adverse scenario with medium/high evidence,active market context,-0.533269,0.636421,-0.00163,krw_weakness_vulnerable,달러가 강하고 원화가 약해져 KRW 기준 투자자의 환율 리스크가 커지는 장세입니다. 한국 자산과 USD 노출의 역할을 분리해 봅니다.
207940.KS,207940.KS,kr_stock,china_trade_fragmentation_shock,China / Trade Fragmentation Shock,중국·무역분절 충격장,china_asia,0.450878,-0.00163,0.636421,positive,0.450878,medium,67.121129,rolling_beta,v3,1,1184,1184,5,market,pass,N,,2026-06-04,1,0.743352,0.743352,high,Y,trade-gated adverse scenario with medium/high evidence,active market context,0.553493,0.636421,-0.00163,china_asia_shock_vulnerable,중국 경기·무역갈등·공급망 충격이 한국/아시아와 반도체 자산에 번지는 장세입니다. 한국 반도체 factor와 원화 약세를 함께 확인합니다.
207940.KS,207940.KS,kr_stock,higher_for_longer_long_rate_shock,Higher-for-Longer / Long-Rate Shock,장기금리 부담장,us_global,0.4544,-0.00163,0.0,positive,0.4544,medium,60.332483,rolling_beta,v3,1,2261,2261,3,market,pass,N,,2026-06-04,1,0.710094,0.0,high,N,below ACTIVE confidence/coverage trade-gate threshold,active market context,0.008001,-0.057575,-0.00163,rate_sensitive,장기금리와 달러 강세 부담이 채권·성장주·신용자산을 압박하는 장세입니다. 고밸류 성장주와 반도체 factor 민감도를 점검합니다.
207940.KS,207940.KS,kr_stock,geopolitical_escalation_supply_shock,Geopolitical Escalation / Supply Shock,지정학 확전·공급충격장,geopolitical,-0.006765,-0.00163,0.008001,neutral,0.006765,low,52.44319,rolling_beta,v3,1,2063,2063,3,manual,pass,Y,,2026-06-04,1,0.382179,0.0,medium,N,context only: source_quality=manual,context only: source_quality=manual,-0.028372,,-0.00163,geopolitical_supply_shock_hedge,"전쟁, 제재, 해상로 차질, 대만·중동·한반도 긴장처럼 유가·금·방산·변동성이 동시에 움직이는 이벤트성 충격 장세입니다. 뉴스 overlay는 가격 신호를 보강하는 용도로만 해석합니다."
207940.KS,207940.KS,kr_stock,acute_global_stress_liquidity_crunch,Acute Global Stress / Liquidity Crunch,급성 리스크오프/유동성 경색장,us_global,0.077753,-0.00163,0.0,positive,0.077753,low,41.987513,rolling_beta,v3,1,2261,2261,3,market,pass,N,,2026-06-04,1,0.362342,0.0,medium,N,context only: WATCH state,context only: WATCH state,0.008001,-0.057575,-0.00163,liquidity_stress_vulnerable,변동성이 튀고 위험자산이 동반 약세를 보이는 단기 스트레스 장세입니다. 상관관계 상승과 유동성 악화를 우선 점검합니다.
207940.KS,207940.KS,kr_stock,soft_landing_goldilocks,Soft Landing / Goldilocks,우호적 위험선호장,us_global,0.008001,-0.00163,0.0,neutral,0.008001,low,48.066958,rolling_beta,v3,1,2261,2261,3,market,pass,N,,2026-06-04,0,0.0,0.0,medium,N,non-adverse scenario,inactive scenario,0.008001,-0.057575,-0.00163,neutral_or_defensive,우호적 위험선호장 참여 민감도
207940.KS,207940.KS,kr_stock,stagflation_reinflation_energy_shock,Stagflation / Reinflation / Energy Shock,물가·에너지 재상승장,us_global,0.243552,-0.00163,0.008001,positive,0.243552,low,53.197858,rolling_beta,v3,1,2261,2261,2,market,pass,N,,2026-06-04,0,0.0,0.0,high,N,scenario inactive,inactive scenario,-0.028372,,-0.00163,stagflation_vulnerable,성장 부담이 있는데 유가·원자재·인플레이션 압력이 다시 커지는 장세입니다. 에너지/원자재 수혜와 장기채 부담을 함께 봅니다.
207940.KS,207940.KS,kr_stock,korea_domestic_financial_stress,Korea Domestic Financial Stress,한국 내수 금융스트레스장,korea_market,0.499038,-0.00163,0.636421,positive,0.499038,medium,84.809459,rolling_beta,v3,1,2063,2063,5,seed,pass,Y,,2026-06-04,0,0.0,0.0,medium,N,scenario inactive,inactive scenario,0.553493,0.636421,-0.00163,korea_financial_stress_vulnerable,"가계부채, 부동산 PF, 비은행권, 금융주와 건설주 스트레스가 한국 자산 전반으로 번지는 장세입니다. 금융/건설 basket, 신용 spread, 단기자금 spread, 원화 약세를 함께 점검합니다."
207940.KS,207940.KS,kr_stock,semiconductor_ai_cycle_shock,Semiconductor / AI Cycle Shock,AI·반도체 사이클 충격장,korea_semiconductor,-0.049876,-0.00163,0.0,neutral,0.049876,low,77.298138,rolling_beta,v3,1,1184,1184,6,market,pass,N,,2026-06-04,0,0.0,0.0,high,N,scenario inactive,inactive scenario,-0.028385,-0.045725,-0.00163,semiconductor_ai_shock_hedge,"AI capex 기대와 반도체 모멘텀이 꺾이면서 미국 성장주와 한국 반도체 대형주가 동시에 압박받는 장세입니다. SOXX, AI leader basket, 한국 반도체 basket의 동반 약세와 원화 압력을 함께 봅니다."
207940.KS,207940.KS,kr_stock,slowdown_recession_deflation_risk,Slowdown / Recession / Deflation Risk,경기둔화/침체 우려장,us_global,-0.287748,-0.00163,0.0,negative,0.287748,low,60.696943,rolling_beta,v3,1,2261,2261,3,market,pass,N,,2026-06-04,0,0.0,0.0,high,N,scenario inactive,inactive scenario,0.008001,-0.057575,-0.00163,slowdown_defense,수요 둔화와 침체/디플레이션 압력이 커지는 방어적 장세입니다. 주식 beta와 신용위험을 보수적으로 봅니다.
261240.KS,261240.KS,kr_etf,usd_strength_krw_weakness,USD Strength / KRW Weakness,달러강세/원화약세장,fx_krw,0.463503,0.001308,0.0,positive,0.463503,medium,78.591896,rolling_beta,v3,1,2005,2005,4,market,pass,N,,2026-06-04,1,0.958519,0.958519,high,Y,trade-gated adverse scenario with medium/high evidence,active market context,0.414995,-0.196702,0.001308,krw_weakness_vulnerable,달러가 강하고 원화가 약해져 KRW 기준 투자자의 환율 리스크가 커지는 장세입니다. 한국 자산과 USD 노출의 역할을 분리해 봅니다.
261240.KS,261240.KS,kr_etf,china_trade_fragmentation_shock,China / Trade Fragmentation Shock,중국·무역분절 충격장,china_asia,0.278112,0.001308,0.0,positive,0.278112,low,67.121129,rolling_beta,v3,1,1165,1165,5,market,pass,N,,2026-06-04,1,0.743352,0.743352,high,Y,trade-gated adverse scenario with medium/high evidence,active market context,-0.208939,-0.196702,0.001308,china_asia_shock_vulnerable,중국 경기·무역갈등·공급망 충격이 한국/아시아와 반도체 자산에 번지는 장세입니다. 한국 반도체 factor와 원화 약세를 함께 확인합니다.
261240.KS,261240.KS,kr_etf,higher_for_longer_long_rate_shock,Higher-for-Longer / Long-Rate Shock,장기금리 부담장,us_global,0.029707,0.001308,0.020622,neutral,0.029707,low,60.332483,rolling_beta,v3,1,2206,2206,3,market,pass,N,,2026-06-04,1,0.710094,0.0,high,N,below ACTIVE confidence/coverage trade-gate threshold,active market context,0.054012,0.020622,0.001308,rate_sensitive,장기금리와 달러 강세 부담이 채권·성장주·신용자산을 압박하는 장세입니다. 고밸류 성장주와 반도체 factor 민감도를 점검합니다.
261240.KS,261240.KS,kr_etf,geopolitical_escalation_supply_shock,Geopolitical Escalation / Supply Shock,지정학 확전·공급충격장,geopolitical,0.241536,0.001308,0.054012,positive,0.241536,low,52.44319,rolling_beta,v3,1,2005,2005,3,manual,pass,Y,,2026-06-04,1,0.382179,0.0,medium,N,context only: source_quality=manual,context only: source_quality=manual,0.016507,,0.001308,geopolitical_supply_shock_vulnerable,"전쟁, 제재, 해상로 차질, 대만·중동·한반도 긴장처럼 유가·금·방산·변동성이 동시에 움직이는 이벤트성 충격 장세입니다. 뉴스 overlay는 가격 신호를 보강하는 용도로만 해석합니다."
261240.KS,261240.KS,kr_etf,acute_global_stress_liquidity_crunch,Acute Global Stress / Liquidity Crunch,급성 리스크오프/유동성 경색장,us_global,-0.029136,0.001308,0.020622,neutral,0.029136,low,41.987513,rolling_beta,v3,1,2206,2206,3,market,pass,N,,2026-06-04,1,0.362342,0.0,medium,N,context only: WATCH state,context only: WATCH state,0.054012,0.020622,0.001308,liquidity_stress_defense,변동성이 튀고 위험자산이 동반 약세를 보이는 단기 스트레스 장세입니다. 상관관계 상승과 유동성 악화를 우선 점검합니다.
261240.KS,261240.KS,kr_etf,soft_landing_goldilocks,Soft Landing / Goldilocks,우호적 위험선호장,us_global,0.054012,0.001308,0.020622,positive,0.054012,low,48.066958,rolling_beta,v3,1,2206,2206,3,market,pass,N,,2026-06-04,0,0.0,0.0,medium,N,non-adverse scenario,inactive scenario,0.054012,0.020622,0.001308,neutral_or_defensive,우호적 위험선호장 참여 민감도
261240.KS,261240.KS,kr_etf,stagflation_reinflation_energy_shock,Stagflation / Reinflation / Energy Shock,물가·에너지 재상승장,us_global,-0.013786,0.001308,0.054012,neutral,0.013786,low,53.197858,rolling_beta,v3,1,2206,2206,2,market,pass,N,,2026-06-04,0,0.0,0.0,high,N,scenario inactive,inactive scenario,0.016507,,0.001308,inflation_hedge,성장 부담이 있는데 유가·원자재·인플레이션 압력이 다시 커지는 장세입니다. 에너지/원자재 수혜와 장기채 부담을 함께 봅니다.
261240.KS,261240.KS,kr_etf,korea_domestic_financial_stress,Korea Domestic Financial Stress,한국 내수 금융스트레스장,korea_market,0.529559,0.001308,0.0,positive,0.529559,medium,84.809459,rolling_beta,v3,1,2005,2005,5,seed,pass,Y,,2026-06-04,0,0.0,0.0,medium,N,scenario inactive,inactive scenario,-0.208939,-0.196702,0.001308,korea_financial_stress_vulnerable,"가계부채, 부동산 PF, 비은행권, 금융주와 건설주 스트레스가 한국 자산 전반으로 번지는 장세입니다. 금융/건설 basket, 신용 spread, 단기자금 spread, 원화 약세를 함께 점검합니다."
261240.KS,261240.KS,kr_etf,semiconductor_ai_cycle_shock,Semiconductor / AI Cycle Shock,AI·반도체 사이클 충격장,korea_semiconductor,0.09936,0.001308,0.000717,positive,0.09936,low,77.298138,rolling_beta,v3,1,1165,1165,6,market,pass,N,,2026-06-04,0,0.0,0.0,high,N,scenario inactive,inactive scenario,0.017139,0.000717,0.001308,semiconductor_ai_shock_vulnerable,"AI capex 기대와 반도체 모멘텀이 꺾이면서 미국 성장주와 한국 반도체 대형주가 동시에 압박받는 장세입니다. SOXX, AI leader basket, 한국 반도체 basket의 동반 약세와 원화 압력을 함께 봅니다."
261240.KS,261240.KS,kr_etf,slowdown_recession_deflation_risk,Slowdown / Recession / Deflation Risk,경기둔화/침체 우려장,us_global,-0.010659,0.001308,0.020622,neutral,0.010659,low,60.696943,rolling_beta,v3,1,2206,2206,3,market,pass,N,,2026-06-04,0,0.0,0.0,high,N,scenario inactive,inactive scenario,0.054012,0.020622,0.001308,slowdown_defense,수요 둔화와 침체/디플레이션 압력이 커지는 방어적 장세입니다. 주식 beta와 신용위험을 보수적으로 봅니다.
AAPL,AAPL,us_stock,usd_strength_krw_weakness,USD Strength / KRW Weakness,달러강세/원화약세장,fx_krw,-0.086527,-0.001743,0.0,negative,0.086527,low,78.591896,rolling_beta,v3,1,4292,4292,4,market,pass,N,,2026-06-04,1,0.958519,0.958519,high,Y,trade-gated adverse scenario with medium/high evidence,active market context,0.604079,-0.017233,-0.001743,krw_weakness_hedge,달러가 강하고 원화가 약해져 KRW 기준 투자자의 환율 리스크가 커지는 장세입니다. 한국 자산과 USD 노출의 역할을 분리해 봅니다.
AAPL,AAPL,us_stock,china_trade_fragmentation_shock,China / Trade Fragmentation Shock,중국·무역분절 충격장,china_asia,0.154354,-0.001743,0.0,positive,0.154354,low,67.121129,rolling_beta,v3,1,1260,1260,5,market,pass,N,,2026-06-04,1,0.743352,0.743352,high,Y,trade-gated adverse scenario with medium/high evidence,active market context,0.045825,-0.017233,-0.001743,china_asia_shock_vulnerable,중국 경기·무역갈등·공급망 충격이 한국/아시아와 반도체 자산에 번지는 장세입니다. 한국 반도체 factor와 원화 약세를 함께 확인합니다.
AAPL,AAPL,us_stock,higher_for_longer_long_rate_shock,Higher-for-Longer / Long-Rate Shock,장기금리 부담장,us_global,0.92964,-0.001743,0.997282,positive,0.92964,high,60.332483,rolling_beta,v3,1,4873,4873,3,market,pass,N,,2026-06-04,1,0.710094,0.0,high,N,below ACTIVE confidence/coverage trade-gate threshold,active market context,1.053892,0.997282,-0.001743,rate_sensitive,장기금리와 달러 강세 부담이 채권·성장주·신용자산을 압박하는 장세입니다. 고밸류 성장주와 반도체 factor 민감도를 점검합니다.
AAPL,AAPL,us_stock,geopolitical_escalation_supply_shock,Geopolitical Escalation / Supply Shock,지정학 확전·공급충격장,geopolitical,0.111868,-0.001743,1.053892,positive,0.111868,low,52.44319,rolling_beta,v3,1,4292,4292,3,manual,pass,Y,,2026-06-04,1,0.382179,0.0,medium,N,context only: source_quality=manual,context only: source_quality=manual,0.206987,,-0.001743,geopolitical_supply_shock_vulnerable,"전쟁, 제재, 해상로 차질, 대만·중동·한반도 긴장처럼 유가·금·방산·변동성이 동시에 움직이는 이벤트성 충격 장세입니다. 뉴스 overlay는 가격 신호를 보강하는 용도로만 해석합니다."
AAPL,AAPL,us_stock,acute_global_stress_liquidity_crunch,Acute Global Stress / Liquidity Crunch,급성 리스크오프/유동성 경색장,us_global,0.358077,-0.001743,0.997282,positive,0.358077,medium,41.987513,rolling_beta,v3,1,4873,4873,3,market,pass,N,,2026-06-04,1,0.362342,0.0,medium,N,context only: WATCH state,context only: WATCH state,1.053892,0.997282,-0.001743,liquidity_stress_vulnerable,변동성이 튀고 위험자산이 동반 약세를 보이는 단기 스트레스 장세입니다. 상관관계 상승과 유동성 악화를 우선 점검합니다.
AAPL,AAPL,us_stock,soft_landing_goldilocks,Soft Landing / Goldilocks,우호적 위험선호장,us_global,1.053892,-0.001743,0.997282,positive,1.053892,high,48.066958,rolling_beta,v3,1,4873,4873,3,market,pass,N,,2026-06-04,0,0.0,0.0,medium,N,non-adverse scenario,inactive scenario,1.053892,0.997282,-0.001743,risk_on_participation,우호적 위험선호장 참여 민감도
AAPL,AAPL,us_stock,stagflation_reinflation_energy_shock,Stagflation / Reinflation / Energy Shock,물가·에너지 재상승장,us_global,0.612438,-0.001743,1.053892,positive,0.612438,medium,53.197858,rolling_beta,v3,1,4873,4873,2,market,pass,N,,2026-06-04,0,0.0,0.0,high,N,scenario inactive,inactive scenario,0.206987,,-0.001743,stagflation_vulnerable,성장 부담이 있는데 유가·원자재·인플레이션 압력이 다시 커지는 장세입니다. 에너지/원자재 수혜와 장기채 부담을 함께 봅니다.
AAPL,AAPL,us_stock,korea_domestic_financial_stress,Korea Domestic Financial Stress,한국 내수 금융스트레스장,korea_market,-0.349773,-0.001743,0.0,negative,0.349773,medium,84.809459,rolling_beta,v3,1,4292,4292,5,seed,pass,Y,,2026-06-04,0,0.0,0.0,medium,N,scenario inactive,inactive scenario,0.045825,-0.017233,-0.001743,korea_financial_stress_hedge,"가계부채, 부동산 PF, 비은행권, 금융주와 건설주 스트레스가 한국 자산 전반으로 번지는 장세입니다. 금융/건설 basket, 신용 spread, 단기자금 spread, 원화 약세를 함께 점검합니다."
AAPL,AAPL,us_stock,semiconductor_ai_cycle_shock,Semiconductor / AI Cycle Shock,AI·반도체 사이클 충격장,korea_semiconductor,0.342229,-0.001743,0.507188,positive,0.342229,medium,77.298138,rolling_beta,v3,1,1260,1260,6,market,pass,N,,2026-06-04,0,0.0,0.0,high,N,scenario inactive,inactive scenario,0.464346,0.507188,-0.001743,semiconductor_ai_shock_vulnerable,"AI capex 기대와 반도체 모멘텀이 꺾이면서 미국 성장주와 한국 반도체 대형주가 동시에 압박받는 장세입니다. SOXX, AI leader basket, 한국 반도체 basket의 동반 약세와 원화 압력을 함께 봅니다."
AAPL,AAPL,us_stock,slowdown_recession_deflation_risk,Slowdown / Recession / Deflation Risk,경기둔화/침체 우려장,us_global,0.396036,-0.001743,0.997282,positive,0.396036,medium,60.696943,rolling_beta,v3,1,4873,4873,3,market,pass,N,,2026-06-04,0,0.0,0.0,high,N,scenario inactive,inactive scenario,1.053892,0.997282,-0.001743,slowdown_vulnerable,수요 둔화와 침체/디플레이션 압력이 커지는 방어적 장세입니다. 주식 beta와 신용위험을 보수적으로 봅니다.
ABBV,ABBV,us_stock,usd_strength_krw_weakness,USD Strength / KRW Weakness,달러강세/원화약세장,fx_krw,-0.163875,-1e-05,0.0,negative,0.163875,low,78.591896,rolling_beta,v3,1,2979,2979,4,market,pass,N,,2026-06-04,1,0.958519,0.958519,high,Y,trade-gated adverse scenario with medium/high evidence,active market context,0.746021,-0.061524,-1e-05,krw_weakness_hedge,달러가 강하고 원화가 약해져 KRW 기준 투자자의 환율 리스크가 커지는 장세입니다. 한국 자산과 USD 노출의 역할을 분리해 봅니다.
ABBV,ABBV,us_stock,china_trade_fragmentation_shock,China / Trade Fragmentation Shock,중국·무역분절 충격장,china_asia,0.049161,-1e-05,0.0,neutral,0.049161,low,67.121129,rolling_beta,v3,1,1260,1260,5,market,pass,N,,2026-06-04,1,0.743352,0.743352,high,Y,trade-gated adverse scenario with medium/high evidence,active market context,-0.056127,-0.061524,-1e-05,china_asia_shock_vulnerable,중국 경기·무역갈등·공급망 충격이 한국/아시아와 반도체 자산에 번지는 장세입니다. 한국 반도체 factor와 원화 약세를 함께 확인합니다.
ABBV,ABBV,us_stock,higher_for_longer_long_rate_shock,Higher-for-Longer / Long-Rate Shock,장기금리 부담장,us_global,0.309475,-1e-05,0.786891,positive,0.309475,medium,60.332483,rolling_beta,v3,1,3375,3375,3,market,pass,N,,2026-06-04,1,0.710094,0.0,high,N,below ACTIVE confidence/coverage trade-gate threshold,active market context,0.7445,0.786891,-1e-05,rate_sensitive,장기금리와 달러 강세 부담이 채권·성장주·신용자산을 압박하는 장세입니다. 고밸류 성장주와 반도체 factor 민감도를 점검합니다.
ABBV,ABBV,us_stock,geopolitical_escalation_supply_shock,Geopolitical Escalation / Supply Shock,지정학 확전·공급충격장,geopolitical,-0.005109,-1e-05,0.7445,neutral,0.005109,low,52.44319,rolling_beta,v3,1,2979,2979,3,manual,pass,Y,,2026-06-04,1,0.382179,0.0,medium,N,context only: source_quality=manual,context only: source_quality=manual,0.127423,,-1e-05,geopolitical_supply_shock_hedge,"전쟁, 제재, 해상로 차질, 대만·중동·한반도 긴장처럼 유가·금·방산·변동성이 동시에 움직이는 이벤트성 충격 장세입니다. 뉴스 overlay는 가격 신호를 보강하는 용도로만 해석합니다."
ABBV,ABBV,us_stock,acute_global_stress_liquidity_crunch,Acute Global Stress / Liquidity Crunch,급성 리스크오프/유동성 경색장,us_global,0.109945,-1e-05,0.786891,positive,0.109945,low,41.987513,rolling_beta,v3,1,3375,3375,3,market,pass,N,,2026-06-04,1,0.362342,0.0,medium,N,context only: WATCH state,context only: WATCH state,0.7445,0.786891,-1e-05,liquidity_stress_vulnerable,변동성이 튀고 위험자산이 동반 약세를 보이는 단기 스트레스 장세입니다. 상관관계 상승과 유동성 악화를 우선 점검합니다.
ABBV,ABBV,us_stock,soft_landing_goldilocks,Soft Landing / Goldilocks,우호적 위험선호장,us_global,0.7445,-1e-05,0.786891,positive,0.7445,medium,48.066958,rolling_beta,v3,1,3375,3375,3,market,pass,N,,2026-06-04,0,0.0,0.0,medium,N,non-adverse scenario,inactive scenario,0.7445,0.786891,-1e-05,risk_on_participation,우호적 위험선호장 참여 민감도
ABBV,ABBV,us_stock,stagflation_reinflation_energy_shock,Stagflation / Reinflation / Energy Shock,물가·에너지 재상승장,us_global,0.260836,-1e-05,0.7445,positive,0.260836,low,53.197858,rolling_beta,v3,1,3375,3375,2,market,pass,N,,2026-06-04,0,0.0,0.0,high,N,scenario inactive,inactive scenario,0.127423,,-1e-05,stagflation_vulnerable,성장 부담이 있는데 유가·원자재·인플레이션 압력이 다시 커지는 장세입니다. 에너지/원자재 수혜와 장기채 부담을 함께 봅니다.
ABBV,ABBV,us_stock,korea_domestic_financial_stress,Korea Domestic Financial Stress,한국 내수 금융스트레스장,korea_market,-0.387836,-1e-05,0.0,negative,0.387836,medium,84.809459,rolling_beta,v3,1,2979,2979,5,seed,pass,Y,,2026-06-04,0,0.0,0.0,medium,N,scenario inactive,inactive scenario,-0.056127,-0.061524,-1e-05,korea_financial_stress_hedge,"가계부채, 부동산 PF, 비은행권, 금융주와 건설주 스트레스가 한국 자산 전반으로 번지는 장세입니다. 금융/건설 basket, 신용 spread, 단기자금 spread, 원화 약세를 함께 점검합니다."
ABBV,ABBV,us_stock,semiconductor_ai_cycle_shock,Semiconductor / AI Cycle Shock,AI·반도체 사이클 충격장,korea_semiconductor,-0.175967,-1e-05,0.045578,negative,0.175967,low,77.298138,rolling_beta,v3,1,1260,1260,6,market,pass,N,,2026-06-04,0,0.0,0.0,high,N,scenario inactive,inactive scenario,0.09521,0.045578,-1e-05,semiconductor_ai_shock_hedge,"AI capex 기대와 반도체 모멘텀이 꺾이면서 미국 성장주와 한국 반도체 대형주가 동시에 압박받는 장세입니다. SOXX, AI leader basket, 한국 반도체 basket의 동반 약세와 원화 압력을 함께 봅니다."
ABBV,ABBV,us_stock,slowdown_recession_deflation_risk,Slowdown / Recession / Deflation Risk,경기둔화/침체 우려장,us_global,0.13429,-1e-05,0.786891,positive,0.13429,low,60.696943,rolling_beta,v3,1,3375,3375,3,market,pass,N,,2026-06-04,0,0.0,0.0,high,N,scenario inactive,inactive scenario,0.7445,0.786891,-1e-05,slowdown_vulnerable,수요 둔화와 침체/디플레이션 압력이 커지는 방어적 장세입니다. 주식 beta와 신용위험을 보수적으로 봅니다.
AGG,AGG,bond_etf,usd_strength_krw_weakness,USD Strength / KRW Weakness,달러강세/원화약세장,fx_krw,-0.291444,-0.000225,0.0,negative,0.291444,low,78.591896,rolling_beta,v3,1,4292,4292,4,market,pass,N,,2026-06-04,1,0.958519,0.958519,high,Y,trade-gated adverse scenario with medium/high evidence,active market context,0.927496,-0.109564,-0.000225,krw_weakness_hedge,달러가 강하고 원화가 약해져 KRW 기준 투자자의 환율 리스크가 커지는 장세입니다. 한국 자산과 USD 노출의 역할을 분리해 봅니다.
AGG,AGG,bond_etf,china_trade_fragmentation_shock,China / Trade Fragmentation Shock,중국·무역분절 충격장,china_asia,-0.047521,-0.000225,0.0,neutral,0.047521,low,67.121129,rolling_beta,v3,1,1260,1260,5,market,pass,N,,2026-06-04,1,0.743352,0.743352,high,Y,trade-gated adverse scenario with medium/high evidence,active market context,-0.118465,-0.109564,-0.000225,china_asia_shock_hedge,중국 경기·무역갈등·공급망 충격이 한국/아시아와 반도체 자산에 번지는 장세입니다. 한국 반도체 factor와 원화 약세를 함께 확인합니다.
AGG,AGG,bond_etf,higher_for_longer_long_rate_shock,Higher-for-Longer / Long-Rate Shock,장기금리 부담장,us_global,0.478822,-0.000225,0.191633,positive,0.478822,medium,60.332483,rolling_beta,v3,1,4873,4873,3,market,pass,N,,2026-06-04,1,0.710094,0.0,high,N,below ACTIVE confidence/coverage trade-gate threshold,active market context,0.234222,0.191633,-0.000225,rate_sensitive,장기금리와 달러 강세 부담이 채권·성장주·신용자산을 압박하는 장세입니다. 고밸류 성장주와 반도체 factor 민감도를 점검합니다.
AGG,AGG,bond_etf,geopolitical_escalation_supply_shock,Geopolitical Escalation / Supply Shock,지정학 확전·공급충격장,geopolitical,-0.166771,-0.000225,0.234222,negative,0.166771,low,52.44319,rolling_beta,v3,1,4292,4292,3,manual,pass,Y,,2026-06-04,1,0.382179,0.0,medium,N,context only: source_quality=manual,context only: source_quality=manual,0.069498,,-0.000225,geopolitical_supply_shock_hedge,"전쟁, 제재, 해상로 차질, 대만·중동·한반도 긴장처럼 유가·금·방산·변동성이 동시에 움직이는 이벤트성 충격 장세입니다. 뉴스 overlay는 가격 신호를 보강하는 용도로만 해석합니다."
AGG,AGG,bond_etf,acute_global_stress_liquidity_crunch,Acute Global Stress / Liquidity Crunch,급성 리스크오프/유동성 경색장,us_global,-0.161036,-0.000225,0.191633,negative,0.161036,low,41.987513,rolling_beta,v3,1,4873,4873,3,market,pass,N,,2026-06-04,1,0.362342,0.0,medium,N,context only: WATCH state,context only: WATCH state,0.234222,0.191633,-0.000225,liquidity_stress_defense,변동성이 튀고 위험자산이 동반 약세를 보이는 단기 스트레스 장세입니다. 상관관계 상승과 유동성 악화를 우선 점검합니다.
AGG,AGG,bond_etf,soft_landing_goldilocks,Soft Landing / Goldilocks,우호적 위험선호장,us_global,0.234222,-0.000225,0.191633,positive,0.234222,low,48.066958,rolling_beta,v3,1,4873,4873,3,market,pass,N,,2026-06-04,0,0.0,0.0,medium,N,non-adverse scenario,inactive scenario,0.234222,0.191633,-0.000225,risk_on_participation,우호적 위험선호장 참여 민감도
AGG,AGG,bond_etf,stagflation_reinflation_energy_shock,Stagflation / Reinflation / Energy Shock,물가·에너지 재상승장,us_global,0.287612,-0.000225,0.234222,positive,0.287612,low,53.197858,rolling_beta,v3,1,4873,4873,2,market,pass,N,,2026-06-04,0,0.0,0.0,high,N,scenario inactive,inactive scenario,0.069498,,-0.000225,stagflation_vulnerable,성장 부담이 있는데 유가·원자재·인플레이션 압력이 다시 커지는 장세입니다. 에너지/원자재 수혜와 장기채 부담을 함께 봅니다.
AGG,AGG,bond_etf,korea_domestic_financial_stress,Korea Domestic Financial Stress,한국 내수 금융스트레스장,korea_market,-0.355241,-0.000225,0.0,negative,0.355241,medium,84.809459,rolling_beta,v3,1,4292,4292,5,seed,pass,Y,,2026-06-04,0,0.0,0.0,medium,N,scenario inactive,inactive scenario,-0.118465,-0.109564,-0.000225,korea_financial_stress_hedge,"가계부채, 부동산 PF, 비은행권, 금융주와 건설주 스트레스가 한국 자산 전반으로 번지는 장세입니다. 금융/건설 basket, 신용 spread, 단기자금 spread, 원화 약세를 함께 점검합니다."
AGG,AGG,bond_etf,semiconductor_ai_cycle_shock,Semiconductor / AI Cycle Shock,AI·반도체 사이클 충격장,korea_semiconductor,-0.248157,-0.000225,0.020967,negative,0.248157,low,77.298138,rolling_beta,v3,1,1260,1260,6,market,pass,N,,2026-06-04,0,0.0,0.0,high,N,scenario inactive,inactive scenario,0.052315,0.020967,-0.000225,semiconductor_ai_shock_hedge,"AI capex 기대와 반도체 모멘텀이 꺾이면서 미국 성장주와 한국 반도체 대형주가 동시에 압박받는 장세입니다. SOXX, AI leader basket, 한국 반도체 basket의 동반 약세와 원화 압력을 함께 봅니다."
AGG,AGG,bond_etf,slowdown_recession_deflation_risk,Slowdown / Recession / Deflation Risk,경기둔화/침체 우려장,us_global,-0.189867,-0.000225,0.191633,negative,0.189867,low,60.696943,rolling_beta,v3,1,4873,4873,3,market,pass,N,,2026-06-04,0,0.0,0.0,high,N,scenario inactive,inactive scenario,0.234222,0.191633,-0.000225,slowdown_defense,수요 둔화와 침체/디플레이션 압력이 커지는 방어적 장세입니다. 주식 beta와 신용위험을 보수적으로 봅니다.
AMAT,AMAT,us_stock,usd_strength_krw_weakness,USD Strength / KRW Weakness,달러강세/원화약세장,fx_krw,-0.028218,-0.000626,0.029928,neutral,0.028218,low,78.591896,rolling_beta,v3,1,4292,4292,4,market,pass,N,,2026-06-04,1,0.958519,0.958519,high,Y,trade-gated adverse scenario with medium/high evidence,active market context,0.50707,0.029928,-0.000626,krw_weakness_hedge,달러가 강하고 원화가 약해져 KRW 기준 투자자의 환율 리스크가 커지는 장세입니다. 한국 자산과 USD 노출의 역할을 분리해 봅니다.
AMAT,AMAT,us_stock,china_trade_fragmentation_shock,China / Trade Fragmentation Shock,중국·무역분절 충격장,china_asia,0.523079,-0.000626,0.029928,positive,0.523079,medium,67.121129,rolling_beta,v3,1,1260,1260,5,market,pass,N,,2026-06-04,1,0.743352,0.743352,high,Y,trade-gated adverse scenario with medium/high evidence,active market context,0.124238,0.029928,-0.000626,china_asia_shock_vulnerable,중국 경기·무역갈등·공급망 충격이 한국/아시아와 반도체 자산에 번지는 장세입니다. 한국 반도체 factor와 원화 약세를 함께 확인합니다.
AMAT,AMAT,us_stock,higher_for_longer_long_rate_shock,Higher-for-Longer / Long-Rate Shock,장기금리 부담장,us_global,1.30792,-0.000626,1.206949,positive,1.30792,high,60.332483,rolling_beta,v3,1,4873,4873,3,market,pass,N,,2026-06-04,1,0.710094,0.0,high,N,below ACTIVE confidence/coverage trade-gate threshold,active market context,1.287127,1.206949,-0.000626,rate_sensitive,장기금리와 달러 강세 부담이 채권·성장주·신용자산을 압박하는 장세입니다. 고밸류 성장주와 반도체 factor 민감도를 점검합니다.
AMAT,AMAT,us_stock,geopolitical_escalation_supply_shock,Geopolitical Escalation / Supply Shock,지정학 확전·공급충격장,geopolitical,0.140798,-0.000626,1.287127,positive,0.140798,low,52.44319,rolling_beta,v3,1,4292,4292,3,manual,pass,Y,,2026-06-04,1,0.382179,0.0,medium,N,context only: source_quality=manual,context only: source_quality=manual,0.245344,,-0.000626,geopolitical_supply_shock_vulnerable,"전쟁, 제재, 해상로 차질, 대만·중동·한반도 긴장처럼 유가·금·방산·변동성이 동시에 움직이는 이벤트성 충격 장세입니다. 뉴스 overlay는 가격 신호를 보강하는 용도로만 해석합니다."
AMAT,AMAT,us_stock,acute_global_stress_liquidity_crunch,Acute Global Stress / Liquidity Crunch,급성 리스크오프/유동성 경색장,us_global,0.736095,-0.000626,1.206949,positive,0.736095,medium,41.987513,rolling_beta,v3,1,4873,4873,3,market,pass,N,,2026-06-04,1,0.362342,0.0,medium,N,context only: WATCH state,context only: WATCH state,1.287127,1.206949,-0.000626,liquidity_stress_vulnerable,변동성이 튀고 위험자산이 동반 약세를 보이는 단기 스트레스 장세입니다. 상관관계 상승과 유동성 악화를 우선 점검합니다.
AMAT,AMAT,us_stock,soft_landing_goldilocks,Soft Landing / Goldilocks,우호적 위험선호장,us_global,1.287127,-0.000626,1.206949,positive,1.287127,high,48.066958,rolling_beta,v3,1,4873,4873,3,market,pass,N,,2026-06-04,0,0.0,0.0,medium,N,non-adverse scenario,inactive scenario,1.287127,1.206949,-0.000626,risk_on_participation,우호적 위험선호장 참여 민감도
AMAT,AMAT,us_stock,stagflation_reinflation_energy_shock,Stagflation / Reinflation / Energy Shock,물가·에너지 재상승장,us_global,0.666148,-0.000626,1.287127,positive,0.666148,medium,53.197858,rolling_beta,v3,1,4873,4873,2,market,pass,N,,2026-06-04,0,0.0,0.0,high,N,scenario inactive,inactive scenario,0.245344,,-0.000626,stagflation_vulnerable,성장 부담이 있는데 유가·원자재·인플레이션 압력이 다시 커지는 장세입니다. 에너지/원자재 수혜와 장기채 부담을 함께 봅니다.
AMAT,AMAT,us_stock,korea_domestic_financial_stress,Korea Domestic Financial Stress,한국 내수 금융스트레스장,korea_market,-0.363072,-0.000626,0.029928,negative,0.363072,medium,84.809459,rolling_beta,v3,1,4292,4292,5,seed,pass,Y,,2026-06-04,0,0.0,0.0,medium,N,scenario inactive,inactive scenario,0.124238,0.029928,-0.000626,korea_financial_stress_hedge,"가계부채, 부동산 PF, 비은행권, 금융주와 건설주 스트레스가 한국 자산 전반으로 번지는 장세입니다. 금융/건설 basket, 신용 spread, 단기자금 spread, 원화 약세를 함께 점검합니다."
AMAT,AMAT,us_stock,semiconductor_ai_cycle_shock,Semiconductor / AI Cycle Shock,AI·반도체 사이클 충격장,korea_semiconductor,1.045017,-0.000626,1.058609,positive,1.045017,high,77.298138,rolling_beta,v3,1,1260,1260,6,market,pass,N,,2026-06-04,0,0.0,0.0,high,N,scenario inactive,inactive scenario,1.066889,1.058609,-0.000626,semiconductor_ai_shock_vulnerable,"AI capex 기대와 반도체 모멘텀이 꺾이면서 미국 성장주와 한국 반도체 대형주가 동시에 압박받는 장세입니다. SOXX, AI leader basket, 한국 반도체 basket의 동반 약세와 원화 압력을 함께 봅니다."
AMAT,AMAT,us_stock,slowdown_recession_deflation_risk,Slowdown / Recession / Deflation Risk,경기둔화/침체 우려장,us_global,0.508547,-0.000626,1.206949,positive,0.508547,medium,60.696943,rolling_beta,v3,1,4873,4873,3,market,pass,N,,2026-06-04,0,0.0,0.0,high,N,scenario inactive,inactive scenario,1.287127,1.206949,-0.000626,slowdown_vulnerable,수요 둔화와 침체/디플레이션 압력이 커지는 방어적 장세입니다. 주식 beta와 신용위험을 보수적으로 봅니다.
AMD,AMD,us_stock,usd_strength_krw_weakness,USD Strength / KRW Weakness,달러강세/원화약세장,fx_krw,0.005842,-0.003945,0.140911,neutral,0.005842,low,78.591896,rolling_beta,v3,1,4292,4292,4,market,pass,N,,2026-06-04,1,0.958519,0.958519,high,Y,trade-gated adverse scenario with medium/high evidence,active market context,0.422306,0.140911,-0.003945,krw_weakness_vulnerable,달러가 강하고 원화가 약해져 KRW 기준 투자자의 환율 리스크가 커지는 장세입니다. 한국 자산과 USD 노출의 역할을 분리해 봅니다.
AMD,AMD,us_stock,china_trade_fragmentation_shock,China / Trade Fragmentation Shock,중국·무역분절 충격장,china_asia,0.63329,-0.003945,0.140911,positive,0.63329,medium,67.121129,rolling_beta,v3,1,1260,1260,5,market,pass,N,,2026-06-04,1,0.743352,0.743352,high,Y,trade-gated adverse scenario with medium/high evidence,active market context,0.228491,0.140911,-0.003945,china_asia_shock_vulnerable,중국 경기·무역갈등·공급망 충격이 한국/아시아와 반도체 자산에 번지는 장세입니다. 한국 반도체 factor와 원화 약세를 함께 확인합니다.
AMD,AMD,us_stock,higher_for_longer_long_rate_shock,Higher-for-Longer / Long-Rate Shock,장기금리 부담장,us_global,1.382852,-0.003945,1.404009,positive,1.382852,high,60.332483,rolling_beta,v3,1,4873,4873,3,market,pass,N,,2026-06-04,1,0.710094,0.0,high,N,below ACTIVE confidence/coverage trade-gate threshold,active market context,1.423367,1.404009,-0.003945,rate_sensitive,장기금리와 달러 강세 부담이 채권·성장주·신용자산을 압박하는 장세입니다. 고밸류 성장주와 반도체 factor 민감도를 점검합니다.
AMD,AMD,us_stock,geopolitical_escalation_supply_shock,Geopolitical Escalation / Supply Shock,지정학 확전·공급충격장,geopolitical,0.263058,-0.003945,1.423367,positive,0.263058,low,52.44319,rolling_beta,v3,1,4292,4292,3,manual,pass,Y,,2026-06-04,1,0.382179,0.0,medium,N,context only: source_quality=manual,context only: source_quality=manual,0.27237,,-0.003945,geopolitical_supply_shock_vulnerable,"전쟁, 제재, 해상로 차질, 대만·중동·한반도 긴장처럼 유가·금·방산·변동성이 동시에 움직이는 이벤트성 충격 장세입니다. 뉴스 overlay는 가격 신호를 보강하는 용도로만 해석합니다."
AMD,AMD,us_stock,acute_global_stress_liquidity_crunch,Acute Global Stress / Liquidity Crunch,급성 리스크오프/유동성 경색장,us_global,0.960361,-0.003945,1.404009,positive,0.960361,high,41.987513,rolling_beta,v3,1,4873,4873,3,market,pass,N,,2026-06-04,1,0.362342,0.0,medium,N,context only: WATCH state,context only: WATCH state,1.423367,1.404009,-0.003945,liquidity_stress_vulnerable,변동성이 튀고 위험자산이 동반 약세를 보이는 단기 스트레스 장세입니다. 상관관계 상승과 유동성 악화를 우선 점검합니다.
AMD,AMD,us_stock,soft_landing_goldilocks,Soft Landing / Goldilocks,우호적 위험선호장,us_global,1.423367,-0.003945,1.404009,positive,1.423367,high,48.066958,rolling_beta,v3,1,4873,4873,3,market,pass,N,,2026-06-04,0,0.0,0.0,medium,N,non-adverse scenario,inactive scenario,1.423367,1.404009,-0.003945,risk_on_participation,우호적 위험선호장 참여 민감도
AMD,AMD,us_stock,stagflation_reinflation_energy_shock,Stagflation / Reinflation / Energy Shock,물가·에너지 재상승장,us_global,0.796795,-0.003945,1.423367,positive,0.796795,high,53.197858,rolling_beta,v3,1,4873,4873,2,market,pass,N,,2026-06-04,0,0.0,0.0,high,N,scenario inactive,inactive scenario,0.27237,,-0.003945,stagflation_vulnerable,성장 부담이 있는데 유가·원자재·인플레이션 압력이 다시 커지는 장세입니다. 에너지/원자재 수혜와 장기채 부담을 함께 봅니다.
AMD,AMD,us_stock,korea_domestic_financial_stress,Korea Domestic Financial Stress,한국 내수 금융스트레스장,korea_market,-0.236101,-0.003945,0.140911,negative,0.236101,low,84.809459,rolling_beta,v3,1,4292,4292,5,seed,pass,Y,,2026-06-04,0,0.0,0.0,medium,N,scenario inactive,inactive scenario,0.228491,0.140911,-0.003945,korea_financial_stress_hedge,"가계부채, 부동산 PF, 비은행권, 금융주와 건설주 스트레스가 한국 자산 전반으로 번지는 장세입니다. 금융/건설 basket, 신용 spread, 단기자금 spread, 원화 약세를 함께 점검합니다."
AMD,AMD,us_stock,semiconductor_ai_cycle_shock,Semiconductor / AI Cycle Shock,AI·반도체 사이클 충격장,korea_semiconductor,1.190922,-0.003945,1.170808,positive,1.190922,high,77.298138,rolling_beta,v3,1,1260,1260,6,market,pass,N,,2026-06-04,0,0.0,0.0,high,N,scenario inactive,inactive scenario,1.205408,1.170808,-0.003945,semiconductor_ai_shock_vulnerable,"AI capex 기대와 반도체 모멘텀이 꺾이면서 미국 성장주와 한국 반도체 대형주가 동시에 압박받는 장세입니다. SOXX, AI leader basket, 한국 반도체 basket의 동반 약세와 원화 압력을 함께 봅니다."
AMD,AMD,us_stock,slowdown_recession_deflation_risk,Slowdown / Recession / Deflation Risk,경기둔화/침체 우려장,us_global,0.713251,-0.003945,1.404009,positive,0.713251,medium,60.696943,rolling_beta,v3,1,4873,4873,3,market,pass,N,,2026-06-04,0,0.0,0.0,high,N,scenario inactive,inactive scenario,1.423367,1.404009,-0.003945,slowdown_vulnerable,수요 둔화와 침체/디플레이션 압력이 커지는 방어적 장세입니다. 주식 beta와 신용위험을 보수적으로 봅니다.
AMZN,AMZN,us_stock,usd_strength_krw_weakness,USD Strength / KRW Weakness,달러강세/원화약세장,fx_krw,-0.069124,4.7e-05,0.0,negative,0.069124,low,78.591896,rolling_beta,v3,1,4292,4292,4,market,pass,N,,2026-06-04,1,0.958519,0.958519,high,Y,trade-gated adverse scenario with medium/high evidence,active market context,0.591339,-0.032678,4.7e-05,krw_weakness_hedge,달러가 강하고 원화가 약해져 KRW 기준 투자자의 환율 리스크가 커지는 장세입니다. 한국 자산과 USD 노출의 역할을 분리해 봅니다.
AMZN,AMZN,us_stock,china_trade_fragmentation_shock,China / Trade Fragmentation Shock,중국·무역분절 충격장,china_asia,0.12353,4.7e-05,0.0,positive,0.12353,low,67.121129,rolling_beta,v3,1,1260,1260,5,market,pass,N,,2026-06-04,1,0.743352,0.743352,high,Y,trade-gated adverse scenario with medium/high evidence,active market context,0.036725,-0.032678,4.7e-05,china_asia_shock_vulnerable,중국 경기·무역갈등·공급망 충격이 한국/아시아와 반도체 자산에 번지는 장세입니다. 한국 반도체 factor와 원화 약세를 함께 확인합니다.
AMZN,AMZN,us_stock,higher_for_longer_long_rate_shock,Higher-for-Longer / Long-Rate Shock,장기금리 부담장,us_global,0.967927,4.7e-05,1.058511,positive,0.967927,high,60.332483,rolling_beta,v3,1,4873,4873,3,market,pass,N,,2026-06-04,1,0.710094,0.0,high,N,below ACTIVE confidence/coverage trade-gate threshold,active market context,1.123504,1.058511,4.7e-05,rate_sensitive,장기금리와 달러 강세 부담이 채권·성장주·신용자산을 압박하는 장세입니다. 고밸류 성장주와 반도체 factor 민감도를 점검합니다.
AMZN,AMZN,us_stock,geopolitical_escalation_supply_shock,Geopolitical Escalation / Supply Shock,지정학 확전·공급충격장,geopolitical,0.089736,4.7e-05,1.123504,positive,0.089736,low,52.44319,rolling_beta,v3,1,4292,4292,3,manual,pass,Y,,2026-06-04,1,0.382179,0.0,medium,N,context only: source_quality=manual,context only: source_quality=manual,0.20073,,4.7e-05,geopolitical_supply_shock_vulnerable,"전쟁, 제재, 해상로 차질, 대만·중동·한반도 긴장처럼 유가·금·방산·변동성이 동시에 움직이는 이벤트성 충격 장세입니다. 뉴스 overlay는 가격 신호를 보강하는 용도로만 해석합니다."
AMZN,AMZN,us_stock,acute_global_stress_liquidity_crunch,Acute Global Stress / Liquidity Crunch,급성 리스크오프/유동성 경색장,us_global,0.31582,4.7e-05,1.058511,positive,0.31582,medium,41.987513,rolling_beta,v3,1,4873,4873,3,market,pass,N,,2026-06-04,1,0.362342,0.0,medium,N,context only: WATCH state,context only: WATCH state,1.123504,1.058511,4.7e-05,liquidity_stress_vulnerable,변동성이 튀고 위험자산이 동반 약세를 보이는 단기 스트레스 장세입니다. 상관관계 상승과 유동성 악화를 우선 점검합니다.
AMZN,AMZN,us_stock,soft_landing_goldilocks,Soft Landing / Goldilocks,우호적 위험선호장,us_global,1.123504,4.7e-05,1.058511,positive,1.123504,high,48.066958,rolling_beta,v3,1,4873,4873,3,market,pass,N,,2026-06-04,0,0.0,0.0,medium,N,non-adverse scenario,inactive scenario,1.123504,1.058511,4.7e-05,risk_on_participation,우호적 위험선호장 참여 민감도
AMZN,AMZN,us_stock,stagflation_reinflation_energy_shock,Stagflation / Reinflation / Energy Shock,물가·에너지 재상승장,us_global,0.592056,4.7e-05,1.123504,positive,0.592056,medium,53.197858,rolling_beta,v3,1,4873,4873,2,market,pass,N,,2026-06-04,0,0.0,0.0,high,N,scenario inactive,inactive scenario,0.20073,,4.7e-05,stagflation_vulnerable,성장 부담이 있는데 유가·원자재·인플레이션 압력이 다시 커지는 장세입니다. 에너지/원자재 수혜와 장기채 부담을 함께 봅니다.
AMZN,AMZN,us_stock,korea_domestic_financial_stress,Korea Domestic Financial Stress,한국 내수 금융스트레스장,korea_market,-0.399616,4.7e-05,0.0,negative,0.399616,medium,84.809459,rolling_beta,v3,1,4292,4292,5,seed,pass,Y,,2026-06-04,0,0.0,0.0,medium,N,scenario inactive,inactive scenario,0.036725,-0.032678,4.7e-05,korea_financial_stress_hedge,"가계부채, 부동산 PF, 비은행권, 금융주와 건설주 스트레스가 한국 자산 전반으로 번지는 장세입니다. 금융/건설 basket, 신용 spread, 단기자금 spread, 원화 약세를 함께 점검합니다."
AMZN,AMZN,us_stock,semiconductor_ai_cycle_shock,Semiconductor / AI Cycle Shock,AI·반도체 사이클 충격장,korea_semiconductor,0.429905,4.7e-05,0.718836,positive,0.429905,medium,77.298138,rolling_beta,v3,1,1260,1260,6,market,pass,N,,2026-06-04,0,0.0,0.0,high,N,scenario inactive,inactive scenario,0.582012,0.718836,4.7e-05,semiconductor_ai_shock_vulnerable,"AI capex 기대와 반도체 모멘텀이 꺾이면서 미국 성장주와 한국 반도체 대형주가 동시에 압박받는 장세입니다. SOXX, AI leader basket, 한국 반도체 basket의 동반 약세와 원화 압력을 함께 봅니다."
AMZN,AMZN,us_stock,slowdown_recession_deflation_risk,Slowdown / Recession / Deflation Risk,경기둔화/침체 우려장,us_global,0.378638,4.7e-05,1.058511,positive,0.378638,medium,60.696943,rolling_beta,v3,1,4873,4873,3,market,pass,N,,2026-06-04,0,0.0,0.0,high,N,scenario inactive,inactive scenario,1.123504,1.058511,4.7e-05,slowdown_vulnerable,수요 둔화와 침체/디플레이션 압력이 커지는 방어적 장세입니다. 주식 beta와 신용위험을 보수적으로 봅니다.
ASML,ASML,us_stock,usd_strength_krw_weakness,USD Strength / KRW Weakness,달러강세/원화약세장,fx_krw,-0.045189,0.000204,0.0,neutral,0.045189,low,78.591896,rolling_beta,v3,1,4292,4292,4,market,pass,N,,2026-06-04,1,0.958519,0.958519,high,Y,trade-gated adverse scenario with medium/high evidence,active market context,0.478418,-0.015509,0.000204,krw_weakness_hedge,달러가 강하고 원화가 약해져 KRW 기준 투자자의 환율 리스크가 커지는 장세입니다. 한국 자산과 USD 노출의 역할을 분리해 봅니다.
ASML,ASML,us_stock,china_trade_fragmentation_shock,China / Trade Fragmentation Shock,중국·무역분절 충격장,china_asia,0.48874,0.000204,0.0,positive,0.48874,medium,67.121129,rolling_beta,v3,1,1260,1260,5,market,pass,N,,2026-06-04,1,0.743352,0.743352,high,Y,trade-gated adverse scenario with medium/high evidence,active market context,0.121757,-0.015509,0.000204,china_asia_shock_vulnerable,중국 경기·무역갈등·공급망 충격이 한국/아시아와 반도체 자산에 번지는 장세입니다. 한국 반도체 factor와 원화 약세를 함께 확인합니다.
ASML,ASML,us_stock,higher_for_longer_long_rate_shock,Higher-for-Longer / Long-Rate Shock,장기금리 부담장,us_global,0.820583,0.000204,1.107984,positive,0.820583,high,60.332483,rolling_beta,v3,1,4873,4873,3,market,pass,N,,2026-06-04,1,0.710094,0.0,high,N,below ACTIVE confidence/coverage trade-gate threshold,active market context,1.219243,1.107984,0.000204,rate_sensitive,장기금리와 달러 강세 부담이 채권·성장주·신용자산을 압박하는 장세입니다. 고밸류 성장주와 반도체 factor 민감도를 점검합니다.
ASML,ASML,us_stock,geopolitical_escalation_supply_shock,Geopolitical Escalation / Supply Shock,지정학 확전·공급충격장,geopolitical,-0.009037,0.000204,1.219243,neutral,0.009037,low,52.44319,rolling_beta,v3,1,4292,4292,3,manual,pass,Y,,2026-06-04,1,0.382179,0.0,medium,N,context only: source_quality=manual,context only: source_quality=manual,0.229765,,0.000204,geopolitical_supply_shock_hedge,"전쟁, 제재, 해상로 차질, 대만·중동·한반도 긴장처럼 유가·금·방산·변동성이 동시에 움직이는 이벤트성 충격 장세입니다. 뉴스 overlay는 가격 신호를 보강하는 용도로만 해석합니다."
ASML,ASML,us_stock,acute_global_stress_liquidity_crunch,Acute Global Stress / Liquidity Crunch,급성 리스크오프/유동성 경색장,us_global,0.661389,0.000204,1.107984,positive,0.661389,medium,41.987513,rolling_beta,v3,1,4873,4873,3,market,pass,N,,2026-06-04,1,0.362342,0.0,medium,N,context only: WATCH state,context only: WATCH state,1.219243,1.107984,0.000204,liquidity_stress_vulnerable,변동성이 튀고 위험자산이 동반 약세를 보이는 단기 스트레스 장세입니다. 상관관계 상승과 유동성 악화를 우선 점검합니다.
ASML,ASML,us_stock,soft_landing_goldilocks,Soft Landing / Goldilocks,우호적 위험선호장,us_global,1.219243,0.000204,1.107984,positive,1.219243,high,48.066958,rolling_beta,v3,1,4873,4873,3,market,pass,N,,2026-06-04,0,0.0,0.0,medium,N,non-adverse scenario,inactive scenario,1.219243,1.107984,0.000204,risk_on_participation,우호적 위험선호장 참여 민감도
ASML,ASML,us_stock,stagflation_reinflation_energy_shock,Stagflation / Reinflation / Energy Shock,물가·에너지 재상승장,us_global,-0.028373,0.000204,1.219243,neutral,0.028373,low,53.197858,rolling_beta,v3,1,4873,4873,2,market,pass,N,,2026-06-04,0,0.0,0.0,high,N,scenario inactive,inactive scenario,0.229765,,0.000204,inflation_hedge,성장 부담이 있는데 유가·원자재·인플레이션 압력이 다시 커지는 장세입니다. 에너지/원자재 수혜와 장기채 부담을 함께 봅니다.
ASML,ASML,us_stock,korea_domestic_financial_stress,Korea Domestic Financial Stress,한국 내수 금융스트레스장,korea_market,-0.085015,0.000204,0.0,negative,0.085015,low,84.809459,rolling_beta,v3,1,4292,4292,5,seed,pass,Y,,2026-06-04,0,0.0,0.0,medium,N,scenario inactive,inactive scenario,0.121757,-0.015509,0.000204,korea_financial_stress_hedge,"가계부채, 부동산 PF, 비은행권, 금융주와 건설주 스트레스가 한국 자산 전반으로 번지는 장세입니다. 금융/건설 basket, 신용 spread, 단기자금 spread, 원화 약세를 함께 점검합니다."
ASML,ASML,us_stock,semiconductor_ai_cycle_shock,Semiconductor / AI Cycle Shock,AI·반도체 사이클 충격장,korea_semiconductor,1.223606,0.000204,1.000927,positive,1.223606,high,77.298138,rolling_beta,v3,1,1260,1260,6,market,pass,N,,2026-06-04,0,0.0,0.0,high,N,scenario inactive,inactive scenario,0.963075,1.000927,0.000204,semiconductor_ai_shock_vulnerable,"AI capex 기대와 반도체 모멘텀이 꺾이면서 미국 성장주와 한국 반도체 대형주가 동시에 압박받는 장세입니다. SOXX, AI leader basket, 한국 반도체 basket의 동반 약세와 원화 압력을 함께 봅니다."
ASML,ASML,us_stock,slowdown_recession_deflation_risk,Slowdown / Recession / Deflation Risk,경기둔화/침체 우려장,us_global,0.785356,0.000204,1.107984,positive,0.785356,high,60.696943,rolling_beta,v3,1,4873,4873,3,market,pass,N,,2026-06-04,0,0.0,0.0,high,N,scenario inactive,inactive scenario,1.219243,1.107984,0.000204,slowdown_vulnerable,수요 둔화와 침체/디플레이션 압력이 커지는 방어적 장세입니다. 주식 beta와 신용위험을 보수적으로 봅니다.
AVGO,AVGO,us_stock,usd_strength_krw_weakness,USD Strength / KRW Weakness,달러강세/원화약세장,fx_krw,-0.026761,0.00084,0.069415,neutral,0.026761,low,78.591896,rolling_beta,v3,1,3732,3732,4,market,pass,N,,2026-06-04,1,0.958519,0.958519,high,Y,trade-gated adverse scenario with medium/high evidence,active market context,0.507425,0.069415,0.00084,krw_weakness_hedge,달러가 강하고 원화가 약해져 KRW 기준 투자자의 환율 리스크가 커지는 장세입니다. 한국 자산과 USD 노출의 역할을 분리해 봅니다.
AVGO,AVGO,us_stock,china_trade_fragmentation_shock,China / Trade Fragmentation Shock,중국·무역분절 충격장,china_asia,0.487599,0.00084,0.069415,positive,0.487599,medium,67.121129,rolling_beta,v3,1,1260,1260,5,market,pass,N,,2026-06-04,1,0.743352,0.743352,high,Y,trade-gated adverse scenario with medium/high evidence,active market context,0.118207,0.069415,0.00084,china_asia_shock_vulnerable,중국 경기·무역갈등·공급망 충격이 한국/아시아와 반도체 자산에 번지는 장세입니다. 한국 반도체 factor와 원화 약세를 함께 확인합니다.
AVGO,AVGO,us_stock,higher_for_longer_long_rate_shock,Higher-for-Longer / Long-Rate Shock,장기금리 부담장,us_global,1.311126,0.00084,1.332853,positive,1.311126,high,60.332483,rolling_beta,v3,1,4232,4232,3,market,pass,N,,2026-06-04,1,0.710094,0.0,high,N,below ACTIVE confidence/coverage trade-gate threshold,active market context,1.292957,1.332853,0.00084,rate_sensitive,장기금리와 달러 강세 부담이 채권·성장주·신용자산을 압박하는 장세입니다. 고밸류 성장주와 반도체 factor 민감도를 점검합니다.
AVGO,AVGO,us_stock,geopolitical_escalation_supply_shock,Geopolitical Escalation / Supply Shock,지정학 확전·공급충격장,geopolitical,0.114323,0.00084,1.292957,positive,0.114323,low,52.44319,rolling_beta,v3,1,3732,3732,3,manual,pass,Y,,2026-06-04,1,0.382179,0.0,medium,N,context only: source_quality=manual,context only: source_quality=manual,0.227406,,0.00084,geopolitical_supply_shock_vulnerable,"전쟁, 제재, 해상로 차질, 대만·중동·한반도 긴장처럼 유가·금·방산·변동성이 동시에 움직이는 이벤트성 충격 장세입니다. 뉴스 overlay는 가격 신호를 보강하는 용도로만 해석합니다."
AVGO,AVGO,us_stock,acute_global_stress_liquidity_crunch,Acute Global Stress / Liquidity Crunch,급성 리스크오프/유동성 경색장,us_global,0.67334,0.00084,1.332853,positive,0.67334,medium,41.987513,rolling_beta,v3,1,4232,4232,3,market,pass,N,,2026-06-04,1,0.362342,0.0,medium,N,context only: WATCH state,context only: WATCH state,1.292957,1.332853,0.00084,liquidity_stress_vulnerable,변동성이 튀고 위험자산이 동반 약세를 보이는 단기 스트레스 장세입니다. 상관관계 상승과 유동성 악화를 우선 점검합니다.
AVGO,AVGO,us_stock,soft_landing_goldilocks,Soft Landing / Goldilocks,우호적 위험선호장,us_global,1.292957,0.00084,1.332853,positive,1.292957,high,48.066958,rolling_beta,v3,1,4232,4232,3,market,pass,N,,2026-06-04,0,0.0,0.0,medium,N,non-adverse scenario,inactive scenario,1.292957,1.332853,0.00084,risk_on_participation,우호적 위험선호장 참여 민감도
AVGO,AVGO,us_stock,stagflation_reinflation_energy_shock,Stagflation / Reinflation / Energy Shock,물가·에너지 재상승장,us_global,0.631542,0.00084,1.292957,positive,0.631542,medium,53.197858,rolling_beta,v3,1,4232,4232,2,market,pass,N,,2026-06-04,0,0.0,0.0,high,N,scenario inactive,inactive scenario,0.227406,,0.00084,stagflation_vulnerable,성장 부담이 있는데 유가·원자재·인플레이션 압력이 다시 커지는 장세입니다. 에너지/원자재 수혜와 장기채 부담을 함께 봅니다.
AVGO,AVGO,us_stock,korea_domestic_financial_stress,Korea Domestic Financial Stress,한국 내수 금융스트레스장,korea_market,-0.403506,0.00084,0.069415,negative,0.403506,medium,84.809459,rolling_beta,v3,1,3732,3732,5,seed,pass,Y,,2026-06-04,0,0.0,0.0,medium,N,scenario inactive,inactive scenario,0.118207,0.069415,0.00084,korea_financial_stress_hedge,"가계부채, 부동산 PF, 비은행권, 금융주와 건설주 스트레스가 한국 자산 전반으로 번지는 장세입니다. 금융/건설 basket, 신용 spread, 단기자금 spread, 원화 약세를 함께 점검합니다."
AVGO,AVGO,us_stock,semiconductor_ai_cycle_shock,Semiconductor / AI Cycle Shock,AI·반도체 사이클 충격장,korea_semiconductor,0.947594,0.00084,0.966357,positive,0.947594,high,77.298138,rolling_beta,v3,1,1260,1260,6,market,pass,N,,2026-06-04,0,0.0,0.0,high,N,scenario inactive,inactive scenario,0.918439,0.966357,0.00084,semiconductor_ai_shock_vulnerable,"AI capex 기대와 반도체 모멘텀이 꺾이면서 미국 성장주와 한국 반도체 대형주가 동시에 압박받는 장세입니다. SOXX, AI leader basket, 한국 반도체 basket의 동반 약세와 원화 압력을 함께 봅니다."
AVGO,AVGO,us_stock,slowdown_recession_deflation_risk,Slowdown / Recession / Deflation Risk,경기둔화/침체 우려장,us_global,0.461032,0.00084,1.332853,positive,0.461032,medium,60.696943,rolling_beta,v3,1,4232,4232,3,market,pass,N,,2026-06-04,0,0.0,0.0,high,N,scenario inactive,inactive scenario,1.292957,1.332853,0.00084,slowdown_vulnerable,수요 둔화와 침체/디플레이션 압력이 커지는 방어적 장세입니다. 주식 beta와 신용위험을 보수적으로 봅니다.
BAC,BAC,us_stock,usd_strength_krw_weakness,USD Strength / KRW Weakness,달러강세/원화약세장,fx_krw,0.014155,-0.000325,0.165967,neutral,0.014155,low,78.591896,rolling_beta,v3,1,4292,4292,4,market,pass,N,,2026-06-04,1,0.958519,0.958519,high,Y,trade-gated adverse scenario with medium/high evidence,active market context,0.376448,0.165967,-0.000325,krw_weakness_vulnerable,달러가 강하고 원화가 약해져 KRW 기준 투자자의 환율 리스크가 커지는 장세입니다. 한국 자산과 USD 노출의 역할을 분리해 봅니다.
BAC,BAC,us_stock,china_trade_fragmentation_shock,China / Trade Fragmentation Shock,중국·무역분절 충격장,china_asia,0.199457,-0.000325,0.165967,positive,0.199457,low,67.121129,rolling_beta,v3,1,1260,1260,5,market,pass,N,,2026-06-04,1,0.743352,0.743352,high,Y,trade-gated adverse scenario with medium/high evidence,active market context,0.183736,0.165967,-0.000325,china_asia_shock_vulnerable,중국 경기·무역갈등·공급망 충격이 한국/아시아와 반도체 자산에 번지는 장세입니다. 한국 반도체 factor와 원화 약세를 함께 확인합니다.
BAC,BAC,us_stock,higher_for_longer_long_rate_shock,Higher-for-Longer / Long-Rate Shock,장기금리 부담장,us_global,1.151142,-0.000325,1.47999,positive,1.151142,high,60.332483,rolling_beta,v3,1,4873,4873,3,market,pass,N,,2026-06-04,1,0.710094,0.0,high,N,below ACTIVE confidence/coverage trade-gate threshold,active market context,1.456622,1.47999,-0.000325,rate_sensitive,장기금리와 달러 강세 부담이 채권·성장주·신용자산을 압박하는 장세입니다. 고밸류 성장주와 반도체 factor 민감도를 점검합니다.
BAC,BAC,us_stock,geopolitical_escalation_supply_shock,Geopolitical Escalation / Supply Shock,지정학 확전·공급충격장,geopolitical,0.192025,-0.000325,1.456622,positive,0.192025,low,52.44319,rolling_beta,v3,1,4292,4292,3,manual,pass,Y,,2026-06-04,1,0.382179,0.0,medium,N,context only: source_quality=manual,context only: source_quality=manual,0.320771,,-0.000325,geopolitical_supply_shock_vulnerable,"전쟁, 제재, 해상로 차질, 대만·중동·한반도 긴장처럼 유가·금·방산·변동성이 동시에 움직이는 이벤트성 충격 장세입니다. 뉴스 overlay는 가격 신호를 보강하는 용도로만 해석합니다."
BAC,BAC,us_stock,acute_global_stress_liquidity_crunch,Acute Global Stress / Liquidity Crunch,급성 리스크오프/유동성 경색장,us_global,0.515781,-0.000325,1.47999,positive,0.515781,medium,41.987513,rolling_beta,v3,1,4873,4873,3,market,pass,N,,2026-06-04,1,0.362342,0.0,medium,N,context only: WATCH state,context only: WATCH state,1.456622,1.47999,-0.000325,liquidity_stress_vulnerable,변동성이 튀고 위험자산이 동반 약세를 보이는 단기 스트레스 장세입니다. 상관관계 상승과 유동성 악화를 우선 점검합니다.
BAC,BAC,us_stock,soft_landing_goldilocks,Soft Landing / Goldilocks,우호적 위험선호장,us_global,1.456622,-0.000325,1.47999,positive,1.456622,high,48.066958,rolling_beta,v3,1,4873,4873,3,market,pass,N,,2026-06-04,0,0.0,0.0,medium,N,non-adverse scenario,inactive scenario,1.456622,1.47999,-0.000325,risk_on_participation,우호적 위험선호장 참여 민감도
BAC,BAC,us_stock,stagflation_reinflation_energy_shock,Stagflation / Reinflation / Energy Shock,물가·에너지 재상승장,us_global,0.717951,-0.000325,1.456622,positive,0.717951,medium,53.197858,rolling_beta,v3,1,4873,4873,2,market,pass,N,,2026-06-04,0,0.0,0.0,high,N,scenario inactive,inactive scenario,0.320771,,-0.000325,stagflation_vulnerable,성장 부담이 있는데 유가·원자재·인플레이션 압력이 다시 커지는 장세입니다. 에너지/원자재 수혜와 장기채 부담을 함께 봅니다.
BAC,BAC,us_stock,korea_domestic_financial_stress,Korea Domestic Financial Stress,한국 내수 금융스트레스장,korea_market,0.102831,-0.000325,0.165967,positive,0.102831,low,84.809459,rolling_beta,v3,1,4292,4292,5,seed,pass,Y,,2026-06-04,0,0.0,0.0,medium,N,scenario inactive,inactive scenario,0.183736,0.165967,-0.000325,korea_financial_stress_vulnerable,"가계부채, 부동산 PF, 비은행권, 금융주와 건설주 스트레스가 한국 자산 전반으로 번지는 장세입니다. 금융/건설 basket, 신용 spread, 단기자금 spread, 원화 약세를 함께 점검합니다."
BAC,BAC,us_stock,semiconductor_ai_cycle_shock,Semiconductor / AI Cycle Shock,AI·반도체 사이클 충격장,korea_semiconductor,0.109567,-0.000325,0.400094,positive,0.109567,low,77.298138,rolling_beta,v3,1,1260,1260,6,market,pass,N,,2026-06-04,0,0.0,0.0,high,N,scenario inactive,inactive scenario,0.332669,0.400094,-0.000325,semiconductor_ai_shock_vulnerable,"AI capex 기대와 반도체 모멘텀이 꺾이면서 미국 성장주와 한국 반도체 대형주가 동시에 압박받는 장세입니다. SOXX, AI leader basket, 한국 반도체 basket의 동반 약세와 원화 압력을 함께 봅니다."
BAC,BAC,us_stock,slowdown_recession_deflation_risk,Slowdown / Recession / Deflation Risk,경기둔화/침체 우려장,us_global,0.60819,-0.000325,1.47999,positive,0.60819,medium,60.696943,rolling_beta,v3,1,4873,4873,3,market,pass,N,,2026-06-04,0,0.0,0.0,high,N,scenario inactive,inactive scenario,1.456622,1.47999,-0.000325,slowdown_vulnerable,수요 둔화와 침체/디플레이션 압력이 커지는 방어적 장세입니다. 주식 beta와 신용위험을 보수적으로 봅니다.
BIL,BIL,bond_etf,usd_strength_krw_weakness,USD Strength / KRW Weakness,달러강세/원화약세장,fx_krw,-0.291891,-0.00013,0.0,negative,0.291891,low,78.591896,rolling_beta,v3,1,4199,4199,4,market,pass,N,,2026-06-04,1,0.958519,0.958519,high,Y,trade-gated adverse scenario with medium/high evidence,active market context,0.944696,-0.134945,-0.00013,krw_weakness_hedge,달러가 강하고 원화가 약해져 KRW 기준 투자자의 환율 리스크가 커지는 장세입니다. 한국 자산과 USD 노출의 역할을 분리해 봅니다.
BIL,BIL,bond_etf,china_trade_fragmentation_shock,China / Trade Fragmentation Shock,중국·무역분절 충격장,china_asia,-0.050271,-0.00013,0.0,negative,0.050271,low,67.121129,rolling_beta,v3,1,1260,1260,5,market,pass,N,,2026-06-04,1,0.743352,0.743352,high,Y,trade-gated adverse scenario with medium/high evidence,active market context,-0.125696,-0.134945,-0.00013,china_asia_shock_hedge,중국 경기·무역갈등·공급망 충격이 한국/아시아와 반도체 자산에 번지는 장세입니다. 한국 반도체 factor와 원화 약세를 함께 확인합니다.
BIL,BIL,bond_etf,higher_for_longer_long_rate_shock,Higher-for-Longer / Long-Rate Shock,장기금리 부담장,us_global,0.47784,-0.00013,0.193442,positive,0.47784,medium,60.332483,rolling_beta,v3,1,4772,4772,3,market,pass,N,,2026-06-04,1,0.710094,0.0,high,N,below ACTIVE confidence/coverage trade-gate threshold,active market context,0.232437,0.193442,-0.00013,rate_sensitive,장기금리와 달러 강세 부담이 채권·성장주·신용자산을 압박하는 장세입니다. 고밸류 성장주와 반도체 factor 민감도를 점검합니다.
BIL,BIL,bond_etf,geopolitical_escalation_supply_shock,Geopolitical Escalation / Supply Shock,지정학 확전·공급충격장,geopolitical,-0.163917,-0.00013,0.232437,negative,0.163917,low,52.44319,rolling_beta,v3,1,4199,4199,3,manual,pass,Y,,2026-06-04,1,0.382179,0.0,medium,N,context only: source_quality=manual,context only: source_quality=manual,0.077449,,-0.00013,geopolitical_supply_shock_hedge,"전쟁, 제재, 해상로 차질, 대만·중동·한반도 긴장처럼 유가·금·방산·변동성이 동시에 움직이는 이벤트성 충격 장세입니다. 뉴스 overlay는 가격 신호를 보강하는 용도로만 해석합니다."
BIL,BIL,bond_etf,acute_global_stress_liquidity_crunch,Acute Global Stress / Liquidity Crunch,급성 리스크오프/유동성 경색장,us_global,-0.166326,-0.00013,0.193442,negative,0.166326,low,41.987513,rolling_beta,v3,1,4772,4772,3,market,pass,N,,2026-06-04,1,0.362342,0.0,medium,N,context only: WATCH state,context only: WATCH state,0.232437,0.193442,-0.00013,liquidity_stress_defense,변동성이 튀고 위험자산이 동반 약세를 보이는 단기 스트레스 장세입니다. 상관관계 상승과 유동성 악화를 우선 점검합니다.
BIL,BIL,bond_etf,soft_landing_goldilocks,Soft Landing / Goldilocks,우호적 위험선호장,us_global,0.232437,-0.00013,0.193442,positive,0.232437,low,48.066958,rolling_beta,v3,1,4772,4772,3,market,pass,N,,2026-06-04,0,0.0,0.0,medium,N,non-adverse scenario,inactive scenario,0.232437,0.193442,-0.00013,risk_on_participation,우호적 위험선호장 참여 민감도
BIL,BIL,bond_etf,stagflation_reinflation_energy_shock,Stagflation / Reinflation / Energy Shock,물가·에너지 재상승장,us_global,0.284594,-0.00013,0.232437,positive,0.284594,low,53.197858,rolling_beta,v3,1,4772,4772,2,market,pass,N,,2026-06-04,0,0.0,0.0,high,N,scenario inactive,inactive scenario,0.077449,,-0.00013,stagflation_vulnerable,성장 부담이 있는데 유가·원자재·인플레이션 압력이 다시 커지는 장세입니다. 에너지/원자재 수혜와 장기채 부담을 함께 봅니다.
BIL,BIL,bond_etf,korea_domestic_financial_stress,Korea Domestic Financial Stress,한국 내수 금융스트레스장,korea_market,-0.355054,-0.00013,0.0,negative,0.355054,medium,84.809459,rolling_beta,v3,1,4199,4199,5,seed,pass,Y,,2026-06-04,0,0.0,0.0,medium,N,scenario inactive,inactive scenario,-0.125696,-0.134945,-0.00013,korea_financial_stress_hedge,"가계부채, 부동산 PF, 비은행권, 금융주와 건설주 스트레스가 한국 자산 전반으로 번지는 장세입니다. 금융/건설 basket, 신용 spread, 단기자금 spread, 원화 약세를 함께 점검합니다."
BIL,BIL,bond_etf,semiconductor_ai_cycle_shock,Semiconductor / AI Cycle Shock,AI·반도체 사이클 충격장,korea_semiconductor,-0.255515,-0.00013,0.019697,negative,0.255515,low,77.298138,rolling_beta,v3,1,1260,1260,6,market,pass,N,,2026-06-04,0,0.0,0.0,high,N,scenario inactive,inactive scenario,0.037552,0.019697,-0.00013,semiconductor_ai_shock_hedge,"AI capex 기대와 반도체 모멘텀이 꺾이면서 미국 성장주와 한국 반도체 대형주가 동시에 압박받는 장세입니다. SOXX, AI leader basket, 한국 반도체 basket의 동반 약세와 원화 압력을 함께 봅니다."
BIL,BIL,bond_etf,slowdown_recession_deflation_risk,Slowdown / Recession / Deflation Risk,경기둔화/침체 우려장,us_global,-0.194378,-0.00013,0.193442,negative,0.194378,low,60.696943,rolling_beta,v3,1,4772,4772,3,market,pass,N,,2026-06-04,0,0.0,0.0,high,N,scenario inactive,inactive scenario,0.232437,0.193442,-0.00013,slowdown_defense,수요 둔화와 침체/디플레이션 압력이 커지는 방어적 장세입니다. 주식 beta와 신용위험을 보수적으로 봅니다.
BNB-USD,BNB-USD,crypto,usd_strength_krw_weakness,USD Strength / KRW Weakness,달러강세/원화약세장,fx_krw,-0.093052,0.008653,0.0,negative,0.093052,low,78.591896,rolling_beta,v3,1,2095,2095,4,market,pass,N,,2026-06-04,1,0.958519,0.958519,high,Y,trade-gated adverse scenario with medium/high evidence,active market context,0.781729,-0.10974,0.008653,krw_weakness_hedge,달러가 강하고 원화가 약해져 KRW 기준 투자자의 환율 리스크가 커지는 장세입니다. 한국 자산과 USD 노출의 역할을 분리해 봅니다.
BNB-USD,BNB-USD,crypto,china_trade_fragmentation_shock,China / Trade Fragmentation Shock,중국·무역분절 충격장,china_asia,-0.110759,0.008653,0.0,negative,0.110759,low,67.121129,rolling_beta,v3,1,1259,1259,5,market,pass,N,,2026-06-04,1,0.743352,0.743352,high,Y,trade-gated adverse scenario with medium/high evidence,active market context,-0.073765,-0.10974,0.008653,china_asia_shock_hedge,중국 경기·무역갈등·공급망 충격이 한국/아시아와 반도체 자산에 번지는 장세입니다. 한국 반도체 factor와 원화 약세를 함께 확인합니다.
BNB-USD,BNB-USD,crypto,higher_for_longer_long_rate_shock,Higher-for-Longer / Long-Rate Shock,장기금리 부담장,us_global,0.465285,0.008653,1.220581,positive,0.465285,medium,60.332483,rolling_beta,v3,1,2150,2150,3,market,pass,N,,2026-06-04,1,0.710094,0.0,high,N,below ACTIVE confidence/coverage trade-gate threshold,active market context,1.027791,1.220581,0.008653,rate_sensitive,장기금리와 달러 강세 부담이 채권·성장주·신용자산을 압박하는 장세입니다. 고밸류 성장주와 반도체 factor 민감도를 점검합니다.
BNB-USD,BNB-USD,crypto,geopolitical_escalation_supply_shock,Geopolitical Escalation / Supply Shock,지정학 확전·공급충격장,geopolitical,-0.151216,0.008653,1.027791,negative,0.151216,low,52.44319,rolling_beta,v3,1,2150,2150,3,manual,pass,Y,,2026-06-04,1,0.382179,0.0,medium,N,context only: source_quality=manual,context only: source_quality=manual,0.137933,,0.008653,geopolitical_supply_shock_hedge,"전쟁, 제재, 해상로 차질, 대만·중동·한반도 긴장처럼 유가·금·방산·변동성이 동시에 움직이는 이벤트성 충격 장세입니다. 뉴스 overlay는 가격 신호를 보강하는 용도로만 해석합니다."
BNB-USD,BNB-USD,crypto,acute_global_stress_liquidity_crunch,Acute Global Stress / Liquidity Crunch,급성 리스크오프/유동성 경색장,us_global,-0.124086,0.008653,1.220581,negative,0.124086,low,41.987513,rolling_beta,v3,1,2150,2150,3,market,pass,N,,2026-06-04,1,0.362342,0.0,medium,N,context only: WATCH state,context only: WATCH state,1.027791,1.220581,0.008653,liquidity_stress_defense,변동성이 튀고 위험자산이 동반 약세를 보이는 단기 스트레스 장세입니다. 상관관계 상승과 유동성 악화를 우선 점검합니다.
BNB-USD,BNB-USD,crypto,soft_landing_goldilocks,Soft Landing / Goldilocks,우호적 위험선호장,us_global,1.027791,0.008653,1.220581,positive,1.027791,high,48.066958,rolling_beta,v3,1,2150,2150,3,market,pass,N,,2026-06-04,0,0.0,0.0,medium,N,non-adverse scenario,inactive scenario,1.027791,1.220581,0.008653,risk_on_participation,우호적 위험선호장 참여 민감도
BNB-USD,BNB-USD,crypto,stagflation_reinflation_energy_shock,Stagflation / Reinflation / Energy Shock,물가·에너지 재상승장,us_global,0.14341,0.008653,1.027791,positive,0.14341,low,53.197858,rolling_beta,v3,1,2150,2150,2,market,pass,N,,2026-06-04,0,0.0,0.0,high,N,scenario inactive,inactive scenario,0.137933,,0.008653,stagflation_vulnerable,성장 부담이 있는데 유가·원자재·인플레이션 압력이 다시 커지는 장세입니다. 에너지/원자재 수혜와 장기채 부담을 함께 봅니다.
BNB-USD,BNB-USD,crypto,korea_domestic_financial_stress,Korea Domestic Financial Stress,한국 내수 금융스트레스장,korea_market,-0.599058,0.008653,0.0,negative,0.599058,medium,84.809459,rolling_beta,v3,1,2094,2094,5,seed,pass,Y,,2026-06-04,0,0.0,0.0,medium,N,scenario inactive,inactive scenario,-0.073765,-0.10974,0.008653,korea_financial_stress_hedge,"가계부채, 부동산 PF, 비은행권, 금융주와 건설주 스트레스가 한국 자산 전반으로 번지는 장세입니다. 금융/건설 basket, 신용 spread, 단기자금 spread, 원화 약세를 함께 점검합니다."
BNB-USD,BNB-USD,crypto,semiconductor_ai_cycle_shock,Semiconductor / AI Cycle Shock,AI·반도체 사이클 충격장,korea_semiconductor,0.022288,0.008653,0.51237,neutral,0.022288,low,77.298138,rolling_beta,v3,1,1259,1259,6,market,pass,N,,2026-06-04,0,0.0,0.0,high,N,scenario inactive,inactive scenario,0.44486,0.51237,0.008653,semiconductor_ai_shock_vulnerable,"AI capex 기대와 반도체 모멘텀이 꺾이면서 미국 성장주와 한국 반도체 대형주가 동시에 압박받는 장세입니다. SOXX, AI leader basket, 한국 반도체 basket의 동반 약세와 원화 압력을 함께 봅니다."
BNB-USD,BNB-USD,crypto,slowdown_recession_deflation_risk,Slowdown / Recession / Deflation Risk,경기둔화/침체 우려장,us_global,0.01522,0.008653,1.220581,neutral,0.01522,low,60.696943,rolling_beta,v3,1,2150,2150,3,market,pass,N,,2026-06-04,0,0.0,0.0,high,N,scenario inactive,inactive scenario,1.027791,1.220581,0.008653,slowdown_vulnerable,수요 둔화와 침체/디플레이션 압력이 커지는 방어적 장세입니다. 주식 beta와 신용위험을 보수적으로 봅니다.
BND,BND,bond_etf,usd_strength_krw_weakness,USD Strength / KRW Weakness,달러강세/원화약세장,fx_krw,-0.291483,-0.000288,0.0,negative,0.291483,low,78.591896,rolling_beta,v3,1,4227,4227,4,market,pass,N,,2026-06-04,1,0.958519,0.958519,high,Y,trade-gated adverse scenario with medium/high evidence,active market context,0.942083,-0.115836,-0.000288,krw_weakness_hedge,달러가 강하고 원화가 약해져 KRW 기준 투자자의 환율 리스크가 커지는 장세입니다. 한국 자산과 USD 노출의 역할을 분리해 봅니다.
BND,BND,bond_etf,china_trade_fragmentation_shock,China / Trade Fragmentation Shock,중국·무역분절 충격장,china_asia,-0.045997,-0.000288,0.0,neutral,0.045997,low,67.121129,rolling_beta,v3,1,1260,1260,5,market,pass,N,,2026-06-04,1,0.743352,0.743352,high,Y,trade-gated adverse scenario with medium/high evidence,active market context,-0.1227,-0.115836,-0.000288,china_asia_shock_hedge,중국 경기·무역갈등·공급망 충격이 한국/아시아와 반도체 자산에 번지는 장세입니다. 한국 반도체 factor와 원화 약세를 함께 확인합니다.
BND,BND,bond_etf,higher_for_longer_long_rate_shock,Higher-for-Longer / Long-Rate Shock,장기금리 부담장,us_global,0.478736,-0.000288,0.208688,positive,0.478736,medium,60.332483,rolling_beta,v3,1,4807,4807,3,market,pass,N,,2026-06-04,1,0.710094,0.0,high,N,below ACTIVE confidence/coverage trade-gate threshold,active market context,0.234066,0.208688,-0.000288,rate_sensitive,장기금리와 달러 강세 부담이 채권·성장주·신용자산을 압박하는 장세입니다. 고밸류 성장주와 반도체 factor 민감도를 점검합니다.
BND,BND,bond_etf,geopolitical_escalation_supply_shock,Geopolitical Escalation / Supply Shock,지정학 확전·공급충격장,geopolitical,-0.162976,-0.000288,0.234066,negative,0.162976,low,52.44319,rolling_beta,v3,1,4227,4227,3,manual,pass,Y,,2026-06-04,1,0.382179,0.0,medium,N,context only: source_quality=manual,context only: source_quality=manual,0.066342,,-0.000288,geopolitical_supply_shock_hedge,"전쟁, 제재, 해상로 차질, 대만·중동·한반도 긴장처럼 유가·금·방산·변동성이 동시에 움직이는 이벤트성 충격 장세입니다. 뉴스 overlay는 가격 신호를 보강하는 용도로만 해석합니다."
BND,BND,bond_etf,acute_global_stress_liquidity_crunch,Acute Global Stress / Liquidity Crunch,급성 리스크오프/유동성 경색장,us_global,-0.158321,-0.000288,0.208688,negative,0.158321,low,41.987513,rolling_beta,v3,1,4807,4807,3,market,pass,N,,2026-06-04,1,0.362342,0.0,medium,N,context only: WATCH state,context only: WATCH state,0.234066,0.208688,-0.000288,liquidity_stress_defense,변동성이 튀고 위험자산이 동반 약세를 보이는 단기 스트레스 장세입니다. 상관관계 상승과 유동성 악화를 우선 점검합니다.
BND,BND,bond_etf,soft_landing_goldilocks,Soft Landing / Goldilocks,우호적 위험선호장,us_global,0.234066,-0.000288,0.208688,positive,0.234066,low,48.066958,rolling_beta,v3,1,4807,4807,3,market,pass,N,,2026-06-04,0,0.0,0.0,medium,N,non-adverse scenario,inactive scenario,0.234066,0.208688,-0.000288,risk_on_participation,우호적 위험선호장 참여 민감도
BND,BND,bond_etf,stagflation_reinflation_energy_shock,Stagflation / Reinflation / Energy Shock,물가·에너지 재상승장,us_global,0.289113,-0.000288,0.234066,positive,0.289113,low,53.197858,rolling_beta,v3,1,4807,4807,2,market,pass,N,,2026-06-04,0,0.0,0.0,high,N,scenario inactive,inactive scenario,0.066342,,-0.000288,stagflation_vulnerable,성장 부담이 있는데 유가·원자재·인플레이션 압력이 다시 커지는 장세입니다. 에너지/원자재 수혜와 장기채 부담을 함께 봅니다.
BND,BND,bond_etf,korea_domestic_financial_stress,Korea Domestic Financial Stress,한국 내수 금융스트레스장,korea_market,-0.351497,-0.000288,0.0,negative,0.351497,medium,84.809459,rolling_beta,v3,1,4227,4227,5,seed,pass,Y,,2026-06-04,0,0.0,0.0,medium,N,scenario inactive,inactive scenario,-0.1227,-0.115836,-0.000288,korea_financial_stress_hedge,"가계부채, 부동산 PF, 비은행권, 금융주와 건설주 스트레스가 한국 자산 전반으로 번지는 장세입니다. 금융/건설 basket, 신용 spread, 단기자금 spread, 원화 약세를 함께 점검합니다."
BND,BND,bond_etf,semiconductor_ai_cycle_shock,Semiconductor / AI Cycle Shock,AI·반도체 사이클 충격장,korea_semiconductor,-0.247766,-0.000288,0.022133,negative,0.247766,low,77.298138,rolling_beta,v3,1,1260,1260,6,market,pass,N,,2026-06-04,0,0.0,0.0,high,N,scenario inactive,inactive scenario,0.051044,0.022133,-0.000288,semiconductor_ai_shock_hedge,"AI capex 기대와 반도체 모멘텀이 꺾이면서 미국 성장주와 한국 반도체 대형주가 동시에 압박받는 장세입니다. SOXX, AI leader basket, 한국 반도체 basket의 동반 약세와 원화 압력을 함께 봅니다."
BND,BND,bond_etf,slowdown_recession_deflation_risk,Slowdown / Recession / Deflation Risk,경기둔화/침체 우려장,us_global,-0.187791,-0.000288,0.208688,negative,0.187791,low,60.696943,rolling_beta,v3,1,4807,4807,3,market,pass,N,,2026-06-04,0,0.0,0.0,high,N,scenario inactive,inactive scenario,0.234066,0.208688,-0.000288,slowdown_defense,수요 둔화와 침체/디플레이션 압력이 커지는 방어적 장세입니다. 주식 beta와 신용위험을 보수적으로 봅니다.
BRK-B,BRK-B,us_stock,usd_strength_krw_weakness,USD Strength / KRW Weakness,달러강세/원화약세장,fx_krw,-0.141878,-0.001186,0.033084,negative,0.141878,low,78.591896,rolling_beta,v3,1,4292,4292,4,market,pass,N,,2026-06-04,1,0.958519,0.958519,high,Y,trade-gated adverse scenario with medium/high evidence,active market context,0.711005,0.033084,-0.001186,krw_weakness_hedge,달러가 강하고 원화가 약해져 KRW 기준 투자자의 환율 리스크가 커지는 장세입니다. 한국 자산과 USD 노출의 역할을 분리해 봅니다.
BRK-B,BRK-B,us_stock,china_trade_fragmentation_shock,China / Trade Fragmentation Shock,중국·무역분절 충격장,china_asia,0.096156,-0.001186,0.033084,positive,0.096156,low,67.121129,rolling_beta,v3,1,1260,1260,5,market,pass,N,,2026-06-04,1,0.743352,0.743352,high,Y,trade-gated adverse scenario with medium/high evidence,active market context,0.02952,0.033084,-0.001186,china_asia_shock_vulnerable,중국 경기·무역갈등·공급망 충격이 한국/아시아와 반도체 자산에 번지는 장세입니다. 한국 반도체 factor와 원화 약세를 함께 확인합니다.
BRK-B,BRK-B,us_stock,higher_for_longer_long_rate_shock,Higher-for-Longer / Long-Rate Shock,장기금리 부담장,us_global,0.357868,-0.001186,0.825202,positive,0.357868,medium,60.332483,rolling_beta,v3,1,4873,4873,3,market,pass,N,,2026-06-04,1,0.710094,0.0,high,N,below ACTIVE confidence/coverage trade-gate threshold,active market context,0.832486,0.825202,-0.001186,rate_sensitive,장기금리와 달러 강세 부담이 채권·성장주·신용자산을 압박하는 장세입니다. 고밸류 성장주와 반도체 factor 민감도를 점검합니다.
BRK-B,BRK-B,us_stock,geopolitical_escalation_supply_shock,Geopolitical Escalation / Supply Shock,지정학 확전·공급충격장,geopolitical,0.035176,-0.001186,0.832486,neutral,0.035176,low,52.44319,rolling_beta,v3,1,4292,4292,3,manual,pass,Y,,2026-06-04,1,0.382179,0.0,medium,N,context only: source_quality=manual,context only: source_quality=manual,0.196016,,-0.001186,geopolitical_supply_shock_vulnerable,"전쟁, 제재, 해상로 차질, 대만·중동·한반도 긴장처럼 유가·금·방산·변동성이 동시에 움직이는 이벤트성 충격 장세입니다. 뉴스 overlay는 가격 신호를 보강하는 용도로만 해석합니다."
BRK-B,BRK-B,us_stock,acute_global_stress_liquidity_crunch,Acute Global Stress / Liquidity Crunch,급성 리스크오프/유동성 경색장,us_global,0.211253,-0.001186,0.825202,positive,0.211253,low,41.987513,rolling_beta,v3,1,4873,4873,3,market,pass,N,,2026-06-04,1,0.362342,0.0,medium,N,context only: WATCH state,context only: WATCH state,0.832486,0.825202,-0.001186,liquidity_stress_vulnerable,변동성이 튀고 위험자산이 동반 약세를 보이는 단기 스트레스 장세입니다. 상관관계 상승과 유동성 악화를 우선 점검합니다.
BRK-B,BRK-B,us_stock,soft_landing_goldilocks,Soft Landing / Goldilocks,우호적 위험선호장,us_global,0.832486,-0.001186,0.825202,positive,0.832486,high,48.066958,rolling_beta,v3,1,4873,4873,3,market,pass,N,,2026-06-04,0,0.0,0.0,medium,N,non-adverse scenario,inactive scenario,0.832486,0.825202,-0.001186,risk_on_participation,우호적 위험선호장 참여 민감도
BRK-B,BRK-B,us_stock,stagflation_reinflation_energy_shock,Stagflation / Reinflation / Energy Shock,물가·에너지 재상승장,us_global,0.321029,-0.001186,0.832486,positive,0.321029,medium,53.197858,rolling_beta,v3,1,4873,4873,2,market,pass,N,,2026-06-04,0,0.0,0.0,high,N,scenario inactive,inactive scenario,0.196016,,-0.001186,stagflation_vulnerable,성장 부담이 있는데 유가·원자재·인플레이션 압력이 다시 커지는 장세입니다. 에너지/원자재 수혜와 장기채 부담을 함께 봅니다.
BRK-B,BRK-B,us_stock,korea_domestic_financial_stress,Korea Domestic Financial Stress,한국 내수 금융스트레스장,korea_market,-0.350959,-0.001186,0.033084,negative,0.350959,medium,84.809459,rolling_beta,v3,1,4292,4292,5,seed,pass,Y,,2026-06-04,0,0.0,0.0,medium,N,scenario inactive,inactive scenario,0.02952,0.033084,-0.001186,korea_financial_stress_hedge,"가계부채, 부동산 PF, 비은행권, 금융주와 건설주 스트레스가 한국 자산 전반으로 번지는 장세입니다. 금융/건설 basket, 신용 spread, 단기자금 spread, 원화 약세를 함께 점검합니다."
BRK-B,BRK-B,us_stock,semiconductor_ai_cycle_shock,Semiconductor / AI Cycle Shock,AI·반도체 사이클 충격장,korea_semiconductor,-0.084645,-0.001186,0.170294,negative,0.084645,low,77.298138,rolling_beta,v3,1,1260,1260,6,market,pass,N,,2026-06-04,0,0.0,0.0,high,N,scenario inactive,inactive scenario,0.183103,0.170294,-0.001186,semiconductor_ai_shock_hedge,"AI capex 기대와 반도체 모멘텀이 꺾이면서 미국 성장주와 한국 반도체 대형주가 동시에 압박받는 장세입니다. SOXX, AI leader basket, 한국 반도체 basket의 동반 약세와 원화 압력을 함께 봅니다."
BRK-B,BRK-B,us_stock,slowdown_recession_deflation_risk,Slowdown / Recession / Deflation Risk,경기둔화/침체 우려장,us_global,0.232638,-0.001186,0.825202,positive,0.232638,low,60.696943,rolling_beta,v3,1,4873,4873,3,market,pass,N,,2026-06-04,0,0.0,0.0,high,N,scenario inactive,inactive scenario,0.832486,0.825202,-0.001186,slowdown_vulnerable,수요 둔화와 침체/디플레이션 압력이 커지는 방어적 장세입니다. 주식 beta와 신용위험을 보수적으로 봅니다.
BTAL,BTAL,equity_etf,usd_strength_krw_weakness,USD Strength / KRW Weakness,달러강세/원화약세장,fx_krw,-0.35,0.00058,0.0,negative,0.35,medium,78.591896,rolling_beta,v3,1,3268,3268,4,market,pass,N,,2026-06-04,1,0.958519,0.958519,high,Y,trade-gated adverse scenario with medium/high evidence,active market context,1.133387,-0.161566,0.00058,krw_weakness_hedge,달러가 강하고 원화가 약해져 KRW 기준 투자자의 환율 리스크가 커지는 장세입니다. 한국 자산과 USD 노출의 역할을 분리해 봅니다.
BTAL,BTAL,equity_etf,china_trade_fragmentation_shock,China / Trade Fragmentation Shock,중국·무역분절 충격장,china_asia,0.235505,0.00058,0.0,positive,0.235505,low,67.121129,rolling_beta,v3,1,1260,1260,5,market,pass,N,,2026-06-04,1,0.743352,0.743352,high,Y,trade-gated adverse scenario with medium/high evidence,active market context,-0.223251,-0.161566,0.00058,china_asia_shock_vulnerable,중국 경기·무역갈등·공급망 충격이 한국/아시아와 반도체 자산에 번지는 장세입니다. 한국 반도체 factor와 원화 약세를 함께 확인합니다.
BTAL,BTAL,equity_etf,higher_for_longer_long_rate_shock,Higher-for-Longer / Long-Rate Shock,장기금리 부담장,us_global,0.6,0.00058,0.0,positive,0.6,medium,60.332483,rolling_beta,v3,1,3702,3702,3,market,pass,N,,2026-06-04,1,0.710094,0.0,high,N,below ACTIVE confidence/coverage trade-gate threshold,active market context,-0.131523,-0.180467,0.00058,rate_sensitive,장기금리와 달러 강세 부담이 채권·성장주·신용자산을 압박하는 장세입니다. 고밸류 성장주와 반도체 factor 민감도를 점검합니다.
BTAL,BTAL,equity_etf,geopolitical_escalation_supply_shock,Geopolitical Escalation / Supply Shock,지정학 확전·공급충격장,geopolitical,-0.221968,0.00058,0.0,negative,0.221968,low,52.44319,rolling_beta,v3,1,3268,3268,3,manual,pass,Y,,2026-06-04,1,0.382179,0.0,medium,N,context only: source_quality=manual,context only: source_quality=manual,0.002162,,0.00058,geopolitical_supply_shock_hedge,"전쟁, 제재, 해상로 차질, 대만·중동·한반도 긴장처럼 유가·금·방산·변동성이 동시에 움직이는 이벤트성 충격 장세입니다. 뉴스 overlay는 가격 신호를 보강하는 용도로만 해석합니다."
BTAL,BTAL,equity_etf,acute_global_stress_liquidity_crunch,Acute Global Stress / Liquidity Crunch,급성 리스크오프/유동성 경색장,us_global,-0.326092,0.00058,0.0,negative,0.326092,medium,41.987513,rolling_beta,v3,1,3702,3702,3,market,pass,N,,2026-06-04,1,0.362342,0.0,medium,N,context only: WATCH state,context only: WATCH state,-0.131523,-0.180467,0.00058,liquidity_stress_defense,변동성이 튀고 위험자산이 동반 약세를 보이는 단기 스트레스 장세입니다. 상관관계 상승과 유동성 악화를 우선 점검합니다.
BTAL,BTAL,equity_etf,soft_landing_goldilocks,Soft Landing / Goldilocks,우호적 위험선호장,us_global,-0.131523,0.00058,0.0,negative,0.131523,low,48.066958,rolling_beta,v3,1,3702,3702,3,market,pass,N,,2026-06-04,0,0.0,0.0,medium,N,non-adverse scenario,inactive scenario,-0.131523,-0.180467,0.00058,neutral_or_defensive,우호적 위험선호장 참여 민감도
BTAL,BTAL,equity_etf,stagflation_reinflation_energy_shock,Stagflation / Reinflation / Energy Shock,물가·에너지 재상승장,us_global,0.185505,0.00058,0.0,positive,0.185505,low,53.197858,rolling_beta,v3,1,3702,3702,2,market,pass,N,,2026-06-04,0,0.0,0.0,high,N,scenario inactive,inactive scenario,0.002162,,0.00058,stagflation_vulnerable,성장 부담이 있는데 유가·원자재·인플레이션 압력이 다시 커지는 장세입니다. 에너지/원자재 수혜와 장기채 부담을 함께 봅니다.
BTAL,BTAL,equity_etf,korea_domestic_financial_stress,Korea Domestic Financial Stress,한국 내수 금융스트레스장,korea_market,-0.344487,0.00058,0.0,negative,0.344487,medium,84.809459,rolling_beta,v3,1,3268,3268,5,seed,pass,Y,,2026-06-04,0,0.0,0.0,medium,N,scenario inactive,inactive scenario,-0.223251,-0.161566,0.00058,korea_financial_stress_hedge,"가계부채, 부동산 PF, 비은행권, 금융주와 건설주 스트레스가 한국 자산 전반으로 번지는 장세입니다. 금융/건설 basket, 신용 spread, 단기자금 spread, 원화 약세를 함께 점검합니다."
BTAL,BTAL,equity_etf,semiconductor_ai_cycle_shock,Semiconductor / AI Cycle Shock,AI·반도체 사이클 충격장,korea_semiconductor,-0.005798,0.00058,0.0,neutral,0.005798,low,77.298138,rolling_beta,v3,1,1260,1260,6,market,pass,N,,2026-06-04,0,0.0,0.0,high,N,scenario inactive,inactive scenario,-0.303586,-0.376309,0.00058,semiconductor_ai_shock_hedge,"AI capex 기대와 반도체 모멘텀이 꺾이면서 미국 성장주와 한국 반도체 대형주가 동시에 압박받는 장세입니다. SOXX, AI leader basket, 한국 반도체 basket의 동반 약세와 원화 압력을 함께 봅니다."
BTAL,BTAL,equity_etf,slowdown_recession_deflation_risk,Slowdown / Recession / Deflation Risk,경기둔화/침체 우려장,us_global,-0.455783,0.00058,0.0,negative,0.455783,medium,60.696943,rolling_beta,v3,1,3702,3702,3,market,pass,N,,2026-06-04,0,0.0,0.0,high,N,scenario inactive,inactive scenario,-0.131523,-0.180467,0.00058,slowdown_defense,수요 둔화와 침체/디플레이션 압력이 커지는 방어적 장세입니다. 주식 beta와 신용위험을 보수적으로 봅니다.
BTC-USD,BTC-USD,crypto,usd_strength_krw_weakness,USD Strength / KRW Weakness,달러강세/원화약세장,fx_krw,-0.141224,0.004874,0.0,negative,0.141224,low,78.591896,rolling_beta,v3,1,2863,2863,4,market,pass,N,,2026-06-04,1,0.958519,0.958519,high,Y,trade-gated adverse scenario with medium/high evidence,active market context,0.908199,-0.154815,0.004874,krw_weakness_hedge,crypto는 방어자산이 아니라 조건부 diversifier로만 해석
BTC-USD,BTC-USD,crypto,china_trade_fragmentation_shock,China / Trade Fragmentation Shock,중국·무역분절 충격장,china_asia,-0.054821,0.004874,0.0,negative,0.054821,low,67.121129,rolling_beta,v3,1,1259,1259,5,market,pass,N,,2026-06-04,1,0.743352,0.743352,high,Y,trade-gated adverse scenario with medium/high evidence,active market context,-0.143652,-0.154815,0.004874,china_asia_shock_hedge,crypto는 방어자산이 아니라 조건부 diversifier로만 해석
BTC-USD,BTC-USD,crypto,higher_for_longer_long_rate_shock,Higher-for-Longer / Long-Rate Shock,장기금리 부담장,us_global,0.359308,0.004874,0.931176,positive,0.359308,medium,60.332483,rolling_beta,v3,1,2944,2944,3,market,pass,N,,2026-06-04,1,0.710094,0.0,high,N,below ACTIVE confidence/coverage trade-gate threshold,active market context,0.835106,0.931176,0.004874,rate_sensitive,crypto는 방어자산이 아니라 조건부 diversifier로만 해석
BTC-USD,BTC-USD,crypto,geopolitical_escalation_supply_shock,Geopolitical Escalation / Supply Shock,지정학 확전·공급충격장,geopolitical,-0.096659,0.004874,0.835106,negative,0.096659,low,52.44319,rolling_beta,v3,1,2944,2944,3,manual,pass,Y,,2026-06-04,1,0.382179,0.0,medium,N,context only: source_quality=manual,context only: source_quality=manual,0.088049,,0.004874,geopolitical_supply_shock_hedge,crypto는 방어자산이 아니라 조건부 diversifier로만 해석
BTC-USD,BTC-USD,crypto,acute_global_stress_liquidity_crunch,Acute Global Stress / Liquidity Crunch,급성 리스크오프/유동성 경색장,us_global,-0.060008,0.004874,0.931176,negative,0.060008,low,41.987513,rolling_beta,v3,1,2944,2944,3,market,pass,N,,2026-06-04,1,0.362342,0.0,medium,N,context only: WATCH state,context only: WATCH state,0.835106,0.931176,0.004874,liquidity_stress_defense,crypto는 방어자산이 아니라 조건부 diversifier로만 해석
BTC-USD,BTC-USD,crypto,soft_landing_goldilocks,Soft Landing / Goldilocks,우호적 위험선호장,us_global,0.835106,0.004874,0.931176,positive,0.835106,high,48.066958,rolling_beta,v3,1,2944,2944,3,market,pass,N,,2026-06-04,0,0.0,0.0,medium,N,non-adverse scenario,inactive scenario,0.835106,0.931176,0.004874,risk_on_participation,우호적 위험선호장 참여 민감도; crypto는 방어자산이 아니라 조건부 diversifier로만 해석
BTC-USD,BTC-USD,crypto,stagflation_reinflation_energy_shock,Stagflation / Reinflation / Energy Shock,물가·에너지 재상승장,us_global,0.170445,0.004874,0.835106,positive,0.170445,low,53.197858,rolling_beta,v3,1,2944,2944,2,market,pass,N,,2026-06-04,0,0.0,0.0,high,N,scenario inactive,inactive scenario,0.088049,,0.004874,stagflation_vulnerable,crypto는 방어자산이 아니라 조건부 diversifier로만 해석
BTC-USD,BTC-USD,crypto,korea_domestic_financial_stress,Korea Domestic Financial Stress,한국 내수 금융스트레스장,korea_market,-0.485612,0.004874,0.0,negative,0.485612,medium,84.809459,rolling_beta,v3,1,2863,2863,5,seed,pass,Y,,2026-06-04,0,0.0,0.0,medium,N,scenario inactive,inactive scenario,-0.143652,-0.154815,0.004874,korea_financial_stress_hedge,crypto는 방어자산이 아니라 조건부 diversifier로만 해석
BTC-USD,BTC-USD,crypto,semiconductor_ai_cycle_shock,Semiconductor / AI Cycle Shock,AI·반도체 사이클 충격장,korea_semiconductor,0.057496,0.004874,0.523384,positive,0.057496,low,77.298138,rolling_beta,v3,1,1259,1259,6,market,pass,N,,2026-06-04,0,0.0,0.0,high,N,scenario inactive,inactive scenario,0.47969,0.523384,0.004874,semiconductor_ai_shock_vulnerable,crypto는 방어자산이 아니라 조건부 diversifier로만 해석
BTC-USD,BTC-USD,crypto,slowdown_recession_deflation_risk,Slowdown / Recession / Deflation Risk,경기둔화/침체 우려장,us_global,0.02224,0.004874,0.931176,neutral,0.02224,low,60.696943,rolling_beta,v3,1,2944,2944,3,market,pass,N,,2026-06-04,0,0.0,0.0,high,N,scenario inactive,inactive scenario,0.835106,0.931176,0.004874,slowdown_vulnerable,crypto는 방어자산이 아니라 조건부 diversifier로만 해석
COST,COST,us_stock,usd_strength_krw_weakness,USD Strength / KRW Weakness,달러강세/원화약세장,fx_krw,-0.155347,-0.000158,0.0,negative,0.155347,low,78.591896,rolling_beta,v3,1,4292,4292,4,market,pass,N,,2026-06-04,1,0.958519,0.958519,high,Y,trade-gated adverse scenario with medium/high evidence,active market context,0.739354,-0.093563,-0.000158,krw_weakness_hedge,달러가 강하고 원화가 약해져 KRW 기준 투자자의 환율 리스크가 커지는 장세입니다. 한국 자산과 USD 노출의 역할을 분리해 봅니다.
COST,COST,us_stock,china_trade_fragmentation_shock,China / Trade Fragmentation Shock,중국·무역분절 충격장,china_asia,0.059661,-0.000158,0.0,positive,0.059661,low,67.121129,rolling_beta,v3,1,1260,1260,5,market,pass,N,,2026-06-04,1,0.743352,0.743352,high,Y,trade-gated adverse scenario with medium/high evidence,active market context,-0.088578,-0.093563,-0.000158,china_asia_shock_vulnerable,중국 경기·무역갈등·공급망 충격이 한국/아시아와 반도체 자산에 번지는 장세입니다. 한국 반도체 factor와 원화 약세를 함께 확인합니다.
COST,COST,us_stock,higher_for_longer_long_rate_shock,Higher-for-Longer / Long-Rate Shock,장기금리 부담장,us_global,0.778237,-0.000158,0.778057,positive,0.778237,high,60.332483,rolling_beta,v3,1,4873,4873,3,market,pass,N,,2026-06-04,1,0.710094,0.0,high,N,below ACTIVE confidence/coverage trade-gate threshold,active market context,0.778612,0.778057,-0.000158,rate_sensitive,장기금리와 달러 강세 부담이 채권·성장주·신용자산을 압박하는 장세입니다. 고밸류 성장주와 반도체 factor 민감도를 점검합니다.
COST,COST,us_stock,geopolitical_escalation_supply_shock,Geopolitical Escalation / Supply Shock,지정학 확전·공급충격장,geopolitical,-0.003519,-0.000158,0.778612,neutral,0.003519,low,52.44319,rolling_beta,v3,1,4292,4292,3,manual,pass,Y,,2026-06-04,1,0.382179,0.0,medium,N,context only: source_quality=manual,context only: source_quality=manual,0.142284,,-0.000158,geopolitical_supply_shock_hedge,"전쟁, 제재, 해상로 차질, 대만·중동·한반도 긴장처럼 유가·금·방산·변동성이 동시에 움직이는 이벤트성 충격 장세입니다. 뉴스 overlay는 가격 신호를 보강하는 용도로만 해석합니다."
COST,COST,us_stock,acute_global_stress_liquidity_crunch,Acute Global Stress / Liquidity Crunch,급성 리스크오프/유동성 경색장,us_global,0.135326,-0.000158,0.778057,positive,0.135326,low,41.987513,rolling_beta,v3,1,4873,4873,3,market,pass,N,,2026-06-04,1,0.362342,0.0,medium,N,context only: WATCH state,context only: WATCH state,0.778612,0.778057,-0.000158,liquidity_stress_vulnerable,변동성이 튀고 위험자산이 동반 약세를 보이는 단기 스트레스 장세입니다. 상관관계 상승과 유동성 악화를 우선 점검합니다.
COST,COST,us_stock,soft_landing_goldilocks,Soft Landing / Goldilocks,우호적 위험선호장,us_global,0.778612,-0.000158,0.778057,positive,0.778612,high,48.066958,rolling_beta,v3,1,4873,4873,3,market,pass,N,,2026-06-04,0,0.0,0.0,medium,N,non-adverse scenario,inactive scenario,0.778612,0.778057,-0.000158,risk_on_participation,우호적 위험선호장 참여 민감도
COST,COST,us_stock,stagflation_reinflation_energy_shock,Stagflation / Reinflation / Energy Shock,물가·에너지 재상승장,us_global,0.476453,-0.000158,0.778612,positive,0.476453,medium,53.197858,rolling_beta,v3,1,4873,4873,2,market,pass,N,,2026-06-04,0,0.0,0.0,high,N,scenario inactive,inactive scenario,0.142284,,-0.000158,stagflation_vulnerable,성장 부담이 있는데 유가·원자재·인플레이션 압력이 다시 커지는 장세입니다. 에너지/원자재 수혜와 장기채 부담을 함께 봅니다.
COST,COST,us_stock,korea_domestic_financial_stress,Korea Domestic Financial Stress,한국 내수 금융스트레스장,korea_market,-0.385158,-0.000158,0.0,negative,0.385158,medium,84.809459,rolling_beta,v3,1,4292,4292,5,seed,pass,Y,,2026-06-04,0,0.0,0.0,medium,N,scenario inactive,inactive scenario,-0.088578,-0.093563,-0.000158,korea_financial_stress_hedge,"가계부채, 부동산 PF, 비은행권, 금융주와 건설주 스트레스가 한국 자산 전반으로 번지는 장세입니다. 금융/건설 basket, 신용 spread, 단기자금 spread, 원화 약세를 함께 점검합니다."
COST,COST,us_stock,semiconductor_ai_cycle_shock,Semiconductor / AI Cycle Shock,AI·반도체 사이클 충격장,korea_semiconductor,-0.043486,-0.000158,0.271722,neutral,0.043486,low,77.298138,rolling_beta,v3,1,1260,1260,6,market,pass,N,,2026-06-04,0,0.0,0.0,high,N,scenario inactive,inactive scenario,0.272867,0.271722,-0.000158,semiconductor_ai_shock_hedge,"AI capex 기대와 반도체 모멘텀이 꺾이면서 미국 성장주와 한국 반도체 대형주가 동시에 압박받는 장세입니다. SOXX, AI leader basket, 한국 반도체 basket의 동반 약세와 원화 압력을 함께 봅니다."
COST,COST,us_stock,slowdown_recession_deflation_risk,Slowdown / Recession / Deflation Risk,경기둔화/침체 우려장,us_global,0.161612,-0.000158,0.778057,positive,0.161612,low,60.696943,rolling_beta,v3,1,4873,4873,3,market,pass,N,,2026-06-04,0,0.0,0.0,high,N,scenario inactive,inactive scenario,0.778612,0.778057,-0.000158,slowdown_vulnerable,수요 둔화와 침체/디플레이션 압력이 커지는 방어적 장세입니다. 주식 beta와 신용위험을 보수적으로 봅니다.
CRM,CRM,us_stock,usd_strength_krw_weakness,USD Strength / KRW Weakness,달러강세/원화약세장,fx_krw,-0.060021,-5.2e-05,0.0,negative,0.060021,low,78.591896,rolling_beta,v3,1,4292,4292,4,market,pass,N,,2026-06-04,1,0.958519,0.958519,high,Y,trade-gated adverse scenario with medium/high evidence,active market context,0.45525,-0.024926,-5.2e-05,krw_weakness_hedge,달러가 강하고 원화가 약해져 KRW 기준 투자자의 환율 리스크가 커지는 장세입니다. 한국 자산과 USD 노출의 역할을 분리해 봅니다.
CRM,CRM,us_stock,china_trade_fragmentation_shock,China / Trade Fragmentation Shock,중국·무역분절 충격장,china_asia,0.133292,-5.2e-05,0.0,positive,0.133292,low,67.121129,rolling_beta,v3,1,1260,1260,5,market,pass,N,,2026-06-04,1,0.743352,0.743352,high,Y,trade-gated adverse scenario with medium/high evidence,active market context,0.050325,-0.024926,-5.2e-05,china_asia_shock_vulnerable,중국 경기·무역갈등·공급망 충격이 한국/아시아와 반도체 자산에 번지는 장세입니다. 한국 반도체 factor와 원화 약세를 함께 확인합니다.
CRM,CRM,us_stock,higher_for_longer_long_rate_shock,Higher-for-Longer / Long-Rate Shock,장기금리 부담장,us_global,0.987954,-5.2e-05,1.165333,positive,0.987954,high,60.332483,rolling_beta,v3,1,4873,4873,3,market,pass,N,,2026-06-04,1,0.710094,0.0,high,N,below ACTIVE confidence/coverage trade-gate threshold,active market context,1.159917,1.165333,-5.2e-05,rate_sensitive,장기금리와 달러 강세 부담이 채권·성장주·신용자산을 압박하는 장세입니다. 고밸류 성장주와 반도체 factor 민감도를 점검합니다.
CRM,CRM,us_stock,geopolitical_escalation_supply_shock,Geopolitical Escalation / Supply Shock,지정학 확전·공급충격장,geopolitical,0.083232,-5.2e-05,1.159917,positive,0.083232,low,52.44319,rolling_beta,v3,1,4292,4292,3,manual,pass,Y,,2026-06-04,1,0.382179,0.0,medium,N,context only: source_quality=manual,context only: source_quality=manual,0.235076,,-5.2e-05,geopolitical_supply_shock_vulnerable,"전쟁, 제재, 해상로 차질, 대만·중동·한반도 긴장처럼 유가·금·방산·변동성이 동시에 움직이는 이벤트성 충격 장세입니다. 뉴스 overlay는 가격 신호를 보강하는 용도로만 해석합니다."
CRM,CRM,us_stock,acute_global_stress_liquidity_crunch,Acute Global Stress / Liquidity Crunch,급성 리스크오프/유동성 경색장,us_global,0.34031,-5.2e-05,1.165333,positive,0.34031,medium,41.987513,rolling_beta,v3,1,4873,4873,3,market,pass,N,,2026-06-04,1,0.362342,0.0,medium,N,context only: WATCH state,context only: WATCH state,1.159917,1.165333,-5.2e-05,liquidity_stress_vulnerable,변동성이 튀고 위험자산이 동반 약세를 보이는 단기 스트레스 장세입니다. 상관관계 상승과 유동성 악화를 우선 점검합니다.
CRM,CRM,us_stock,soft_landing_goldilocks,Soft Landing / Goldilocks,우호적 위험선호장,us_global,1.159917,-5.2e-05,1.165333,positive,1.159917,high,48.066958,rolling_beta,v3,1,4873,4873,3,market,pass,N,,2026-06-04,0,0.0,0.0,medium,N,non-adverse scenario,inactive scenario,1.159917,1.165333,-5.2e-05,risk_on_participation,우호적 위험선호장 참여 민감도
CRM,CRM,us_stock,stagflation_reinflation_energy_shock,Stagflation / Reinflation / Energy Shock,물가·에너지 재상승장,us_global,0.60728,-5.2e-05,1.159917,positive,0.60728,medium,53.197858,rolling_beta,v3,1,4873,4873,2,market,pass,N,,2026-06-04,0,0.0,0.0,high,N,scenario inactive,inactive scenario,0.235076,,-5.2e-05,stagflation_vulnerable,성장 부담이 있는데 유가·원자재·인플레이션 압력이 다시 커지는 장세입니다. 에너지/원자재 수혜와 장기채 부담을 함께 봅니다.
CRM,CRM,us_stock,korea_domestic_financial_stress,Korea Domestic Financial Stress,한국 내수 금융스트레스장,korea_market,-0.41279,-5.2e-05,0.0,negative,0.41279,medium,84.809459,rolling_beta,v3,1,4292,4292,5,seed,pass,Y,,2026-06-04,0,0.0,0.0,medium,N,scenario inactive,inactive scenario,0.050325,-0.024926,-5.2e-05,korea_financial_stress_hedge,"가계부채, 부동산 PF, 비은행권, 금융주와 건설주 스트레스가 한국 자산 전반으로 번지는 장세입니다. 금융/건설 basket, 신용 spread, 단기자금 spread, 원화 약세를 함께 점검합니다."
CRM,CRM,us_stock,semiconductor_ai_cycle_shock,Semiconductor / AI Cycle Shock,AI·반도체 사이클 충격장,korea_semiconductor,0.335766,-5.2e-05,0.495957,positive,0.335766,medium,77.298138,rolling_beta,v3,1,1260,1260,6,market,pass,N,,2026-06-04,0,0.0,0.0,high,N,scenario inactive,inactive scenario,0.469283,0.495957,-5.2e-05,semiconductor_ai_shock_vulnerable,"AI capex 기대와 반도체 모멘텀이 꺾이면서 미국 성장주와 한국 반도체 대형주가 동시에 압박받는 장세입니다. SOXX, AI leader basket, 한국 반도체 basket의 동반 약세와 원화 압력을 함께 봅니다."
CRM,CRM,us_stock,slowdown_recession_deflation_risk,Slowdown / Recession / Deflation Risk,경기둔화/침체 우려장,us_global,0.405778,-5.2e-05,1.165333,positive,0.405778,medium,60.696943,rolling_beta,v3,1,4873,4873,3,market,pass,N,,2026-06-04,0,0.0,0.0,high,N,scenario inactive,inactive scenario,1.159917,1.165333,-5.2e-05,slowdown_vulnerable,수요 둔화와 침체/디플레이션 압력이 커지는 방어적 장세입니다. 주식 beta와 신용위험을 보수적으로 봅니다.
CVX,CVX,us_stock,usd_strength_krw_weakness,USD Strength / KRW Weakness,달러강세/원화약세장,fx_krw,-0.100177,-0.002125,0.10563,negative,0.100177,low,78.591896,rolling_beta,v3,1,4292,4292,4,market,pass,N,,2026-06-04,1,0.958519,0.958519,high,Y,trade-gated adverse scenario with medium/high evidence,active market context,0.629698,0.10563,-0.002125,krw_weakness_hedge,달러가 강하고 원화가 약해져 KRW 기준 투자자의 환율 리스크가 커지는 장세입니다. 한국 자산과 USD 노출의 역할을 분리해 봅니다.
CVX,CVX,us_stock,china_trade_fragmentation_shock,China / Trade Fragmentation Shock,중국·무역분절 충격장,china_asia,0.152974,-0.002125,0.10563,positive,0.152974,low,67.121129,rolling_beta,v3,1,1260,1260,5,market,pass,N,,2026-06-04,1,0.743352,0.743352,high,Y,trade-gated adverse scenario with medium/high evidence,active market context,0.103516,0.10563,-0.002125,china_asia_shock_vulnerable,중국 경기·무역갈등·공급망 충격이 한국/아시아와 반도체 자산에 번지는 장세입니다. 한국 반도체 factor와 원화 약세를 함께 확인합니다.
CVX,CVX,us_stock,higher_for_longer_long_rate_shock,Higher-for-Longer / Long-Rate Shock,장기금리 부담장,us_global,0.449611,-0.002125,1.083134,positive,0.449611,medium,60.332483,rolling_beta,v3,1,4873,4873,3,market,pass,N,,2026-06-04,1,0.710094,0.0,high,N,below ACTIVE confidence/coverage trade-gate threshold,active market context,0.999293,1.083134,-0.002125,rate_sensitive,장기금리와 달러 강세 부담이 채권·성장주·신용자산을 압박하는 장세입니다. 고밸류 성장주와 반도체 factor 민감도를 점검합니다.
CVX,CVX,us_stock,geopolitical_escalation_supply_shock,Geopolitical Escalation / Supply Shock,지정학 확전·공급충격장,geopolitical,-0.029114,-0.002125,0.999293,neutral,0.029114,low,52.44319,rolling_beta,v3,1,4292,4292,3,manual,pass,Y,,2026-06-04,1,0.382179,0.0,medium,N,context only: source_quality=manual,context only: source_quality=manual,0.444666,,-0.002125,geopolitical_supply_shock_hedge,"전쟁, 제재, 해상로 차질, 대만·중동·한반도 긴장처럼 유가·금·방산·변동성이 동시에 움직이는 이벤트성 충격 장세입니다. 뉴스 overlay는 가격 신호를 보강하는 용도로만 해석합니다."
CVX,CVX,us_stock,acute_global_stress_liquidity_crunch,Acute Global Stress / Liquidity Crunch,급성 리스크오프/유동성 경색장,us_global,0.645219,-0.002125,1.083134,positive,0.645219,medium,41.987513,rolling_beta,v3,1,4873,4873,3,market,pass,N,,2026-06-04,1,0.362342,0.0,medium,N,context only: WATCH state,context only: WATCH state,0.999293,1.083134,-0.002125,liquidity_stress_vulnerable,변동성이 튀고 위험자산이 동반 약세를 보이는 단기 스트레스 장세입니다. 상관관계 상승과 유동성 악화를 우선 점검합니다.
CVX,CVX,us_stock,soft_landing_goldilocks,Soft Landing / Goldilocks,우호적 위험선호장,us_global,0.999293,-0.002125,1.083134,positive,0.999293,high,48.066958,rolling_beta,v3,1,4873,4873,3,market,pass,N,,2026-06-04,0,0.0,0.0,medium,N,non-adverse scenario,inactive scenario,0.999293,1.083134,-0.002125,risk_on_participation,우호적 위험선호장 참여 민감도
CVX,CVX,us_stock,stagflation_reinflation_energy_shock,Stagflation / Reinflation / Energy Shock,물가·에너지 재상승장,us_global,-0.047132,-0.002125,0.999293,neutral,0.047132,low,53.197858,rolling_beta,v3,1,4873,4873,2,market,pass,N,,2026-06-04,0,0.0,0.0,high,N,scenario inactive,inactive scenario,0.444666,,-0.002125,inflation_hedge,성장 부담이 있는데 유가·원자재·인플레이션 압력이 다시 커지는 장세입니다. 에너지/원자재 수혜와 장기채 부담을 함께 봅니다.
CVX,CVX,us_stock,korea_domestic_financial_stress,Korea Domestic Financial Stress,한국 내수 금융스트레스장,korea_market,-0.008832,-0.002125,0.10563,neutral,0.008832,low,84.809459,rolling_beta,v3,1,4292,4292,5,seed,pass,Y,,2026-06-04,0,0.0,0.0,medium,N,scenario inactive,inactive scenario,0.103516,0.10563,-0.002125,korea_financial_stress_hedge,"가계부채, 부동산 PF, 비은행권, 금융주와 건설주 스트레스가 한국 자산 전반으로 번지는 장세입니다. 금융/건설 basket, 신용 spread, 단기자금 spread, 원화 약세를 함께 점검합니다."
CVX,CVX,us_stock,semiconductor_ai_cycle_shock,Semiconductor / AI Cycle Shock,AI·반도체 사이클 충격장,korea_semiconductor,0.212317,-0.002125,0.222847,positive,0.212317,low,77.298138,rolling_beta,v3,1,1260,1260,6,market,pass,N,,2026-06-04,0,0.0,0.0,high,N,scenario inactive,inactive scenario,0.174755,0.222847,-0.002125,semiconductor_ai_shock_vulnerable,"AI capex 기대와 반도체 모멘텀이 꺾이면서 미국 성장주와 한국 반도체 대형주가 동시에 압박받는 장세입니다. SOXX, AI leader basket, 한국 반도체 basket의 동반 약세와 원화 압력을 함께 봅니다."
CVX,CVX,us_stock,slowdown_recession_deflation_risk,Slowdown / Recession / Deflation Risk,경기둔화/침체 우려장,us_global,0.723902,-0.002125,1.083134,positive,0.723902,medium,60.696943,rolling_beta,v3,1,4873,4873,3,market,pass,N,,2026-06-04,0,0.0,0.0,high,N,scenario inactive,inactive scenario,0.999293,1.083134,-0.002125,slowdown_vulnerable,수요 둔화와 침체/디플레이션 압력이 커지는 방어적 장세입니다. 주식 beta와 신용위험을 보수적으로 봅니다.
DBA,DBA,commodity_etf,usd_strength_krw_weakness,USD Strength / KRW Weakness,달러강세/원화약세장,fx_krw,-0.245577,-0.002066,0.0,negative,0.245577,low,78.591896,rolling_beta,v3,1,4290,4290,4,market,pass,N,,2026-06-04,1,0.958519,0.958519,high,Y,trade-gated adverse scenario with medium/high evidence,active market context,0.834178,-0.011744,-0.002066,krw_weakness_hedge,달러가 강하고 원화가 약해져 KRW 기준 투자자의 환율 리스크가 커지는 장세입니다. 한국 자산과 USD 노출의 역할을 분리해 봅니다.
DBA,DBA,commodity_etf,china_trade_fragmentation_shock,China / Trade Fragmentation Shock,중국·무역분절 충격장,china_asia,0.035197,-0.002066,0.0,neutral,0.035197,low,67.121129,rolling_beta,v3,1,1260,1260,5,market,pass,N,,2026-06-04,1,0.743352,0.743352,high,Y,trade-gated adverse scenario with medium/high evidence,active market context,-0.029023,-0.011744,-0.002066,china_asia_shock_vulnerable,중국 경기·무역갈등·공급망 충격이 한국/아시아와 반도체 자산에 번지는 장세입니다. 한국 반도체 factor와 원화 약세를 함께 확인합니다.
DBA,DBA,commodity_etf,higher_for_longer_long_rate_shock,Higher-for-Longer / Long-Rate Shock,장기금리 부담장,us_global,0.129731,-0.002066,0.450637,positive,0.129731,low,60.332483,rolling_beta,v3,1,4871,4871,3,market,pass,N,,2026-06-04,1,0.710094,0.0,high,N,below ACTIVE confidence/coverage trade-gate threshold,active market context,0.417692,0.450637,-0.002066,rate_sensitive,장기금리와 달러 강세 부담이 채권·성장주·신용자산을 압박하는 장세입니다. 고밸류 성장주와 반도체 factor 민감도를 점검합니다.
DBA,DBA,commodity_etf,geopolitical_escalation_supply_shock,Geopolitical Escalation / Supply Shock,지정학 확전·공급충격장,geopolitical,-0.188595,-0.002066,0.417692,negative,0.188595,low,52.44319,rolling_beta,v3,1,4290,4290,3,manual,pass,Y,,2026-06-04,1,0.382179,0.0,medium,N,context only: source_quality=manual,context only: source_quality=manual,0.210878,,-0.002066,geopolitical_supply_shock_hedge,"전쟁, 제재, 해상로 차질, 대만·중동·한반도 긴장처럼 유가·금·방산·변동성이 동시에 움직이는 이벤트성 충격 장세입니다. 뉴스 overlay는 가격 신호를 보강하는 용도로만 해석합니다."
DBA,DBA,commodity_etf,acute_global_stress_liquidity_crunch,Acute Global Stress / Liquidity Crunch,급성 리스크오프/유동성 경색장,us_global,0.322717,-0.002066,0.450637,positive,0.322717,medium,41.987513,rolling_beta,v3,1,4871,4871,3,market,pass,N,,2026-06-04,1,0.362342,0.0,medium,N,context only: WATCH state,context only: WATCH state,0.417692,0.450637,-0.002066,liquidity_stress_vulnerable,변동성이 튀고 위험자산이 동반 약세를 보이는 단기 스트레스 장세입니다. 상관관계 상승과 유동성 악화를 우선 점검합니다.
DBA,DBA,commodity_etf,soft_landing_goldilocks,Soft Landing / Goldilocks,우호적 위험선호장,us_global,0.417692,-0.002066,0.450637,positive,0.417692,medium,48.066958,rolling_beta,v3,1,4871,4871,3,market,pass,N,,2026-06-04,0,0.0,0.0,medium,N,non-adverse scenario,inactive scenario,0.417692,0.450637,-0.002066,risk_on_participation,우호적 위험선호장 참여 민감도
DBA,DBA,commodity_etf,stagflation_reinflation_energy_shock,Stagflation / Reinflation / Energy Shock,물가·에너지 재상승장,us_global,-0.252149,-0.002066,0.417692,negative,0.252149,low,53.197858,rolling_beta,v3,1,4871,4871,2,market,pass,N,,2026-06-04,0,0.0,0.0,high,N,scenario inactive,inactive scenario,0.210878,,-0.002066,inflation_hedge,성장 부담이 있는데 유가·원자재·인플레이션 압력이 다시 커지는 장세입니다. 에너지/원자재 수혜와 장기채 부담을 함께 봅니다.
DBA,DBA,commodity_etf,korea_domestic_financial_stress,Korea Domestic Financial Stress,한국 내수 금융스트레스장,korea_market,-0.023214,-0.002066,0.0,neutral,0.023214,low,84.809459,rolling_beta,v3,1,4290,4290,5,seed,pass,Y,,2026-06-04,0,0.0,0.0,medium,N,scenario inactive,inactive scenario,-0.029023,-0.011744,-0.002066,korea_financial_stress_hedge,"가계부채, 부동산 PF, 비은행권, 금융주와 건설주 스트레스가 한국 자산 전반으로 번지는 장세입니다. 금융/건설 basket, 신용 spread, 단기자금 spread, 원화 약세를 함께 점검합니다."
DBA,DBA,commodity_etf,semiconductor_ai_cycle_shock,Semiconductor / AI Cycle Shock,AI·반도체 사이클 충격장,korea_semiconductor,0.060064,-0.002066,0.076999,positive,0.060064,low,77.298138,rolling_beta,v3,1,1260,1260,6,market,pass,N,,2026-06-04,0,0.0,0.0,high,N,scenario inactive,inactive scenario,0.070954,0.076999,-0.002066,semiconductor_ai_shock_vulnerable,"AI capex 기대와 반도체 모멘텀이 꺾이면서 미국 성장주와 한국 반도체 대형주가 동시에 압박받는 장세입니다. SOXX, AI leader basket, 한국 반도체 basket의 동반 약세와 원화 압력을 함께 봅니다."
DBA,DBA,commodity_etf,slowdown_recession_deflation_risk,Slowdown / Recession / Deflation Risk,경기둔화/침체 우려장,us_global,0.343822,-0.002066,0.450637,positive,0.343822,medium,60.696943,rolling_beta,v3,1,4871,4871,3,market,pass,N,,2026-06-04,0,0.0,0.0,high,N,scenario inactive,inactive scenario,0.417692,0.450637,-0.002066,slowdown_vulnerable,수요 둔화와 침체/디플레이션 압력이 커지는 방어적 장세입니다. 주식 beta와 신용위험을 보수적으로 봅니다.
DBC,DBC,commodity_etf,usd_strength_krw_weakness,USD Strength / KRW Weakness,달러강세/원화약세장,fx_krw,-0.218706,-0.003664,0.069823,negative,0.218706,low,78.591896,rolling_beta,v3,1,4292,4292,4,market,pass,N,,2026-06-04,1,0.958519,0.958519,high,Y,trade-gated adverse scenario with medium/high evidence,active market context,0.77143,0.069823,-0.003664,krw_weakness_hedge,달러가 강하고 원화가 약해져 KRW 기준 투자자의 환율 리스크가 커지는 장세입니다. 한국 자산과 USD 노출의 역할을 분리해 봅니다.
DBC,DBC,commodity_etf,china_trade_fragmentation_shock,China / Trade Fragmentation Shock,중국·무역분절 충격장,china_asia,0.096642,-0.003664,0.069823,positive,0.096642,low,67.121129,rolling_beta,v3,1,1260,1260,5,market,pass,N,,2026-06-04,1,0.743352,0.743352,high,Y,trade-gated adverse scenario with medium/high evidence,active market context,0.021037,0.069823,-0.003664,china_asia_shock_vulnerable,중국 경기·무역갈등·공급망 충격이 한국/아시아와 반도체 자산에 번지는 장세입니다. 한국 반도체 factor와 원화 약세를 함께 확인합니다.
DBC,DBC,commodity_etf,higher_for_longer_long_rate_shock,Higher-for-Longer / Long-Rate Shock,장기금리 부담장,us_global,0.188847,-0.003664,0.610122,positive,0.188847,low,60.332483,rolling_beta,v3,1,4873,4873,3,market,pass,N,,2026-06-04,1,0.710094,0.0,high,N,below ACTIVE confidence/coverage trade-gate threshold,active market context,0.525176,0.610122,-0.003664,rate_sensitive,장기금리와 달러 강세 부담이 채권·성장주·신용자산을 압박하는 장세입니다. 고밸류 성장주와 반도체 factor 민감도를 점검합니다.
DBC,DBC,commodity_etf,geopolitical_escalation_supply_shock,Geopolitical Escalation / Supply Shock,지정학 확전·공급충격장,geopolitical,-0.157619,-0.003664,0.525176,negative,0.157619,low,52.44319,rolling_beta,v3,1,4292,4292,3,manual,pass,Y,,2026-06-04,1,0.382179,0.0,medium,N,context only: source_quality=manual,context only: source_quality=manual,0.475744,,-0.003664,geopolitical_supply_shock_hedge,"전쟁, 제재, 해상로 차질, 대만·중동·한반도 긴장처럼 유가·금·방산·변동성이 동시에 움직이는 이벤트성 충격 장세입니다. 뉴스 overlay는 가격 신호를 보강하는 용도로만 해석합니다."
DBC,DBC,commodity_etf,acute_global_stress_liquidity_crunch,Acute Global Stress / Liquidity Crunch,급성 리스크오프/유동성 경색장,us_global,0.45374,-0.003664,0.610122,positive,0.45374,medium,41.987513,rolling_beta,v3,1,4873,4873,3,market,pass,N,,2026-06-04,1,0.362342,0.0,medium,N,context only: WATCH state,context only: WATCH state,0.525176,0.610122,-0.003664,liquidity_stress_vulnerable,변동성이 튀고 위험자산이 동반 약세를 보이는 단기 스트레스 장세입니다. 상관관계 상승과 유동성 악화를 우선 점검합니다.
DBC,DBC,commodity_etf,soft_landing_goldilocks,Soft Landing / Goldilocks,우호적 위험선호장,us_global,0.525176,-0.003664,0.610122,positive,0.525176,medium,48.066958,rolling_beta,v3,1,4873,4873,3,market,pass,N,,2026-06-04,0,0.0,0.0,medium,N,non-adverse scenario,inactive scenario,0.525176,0.610122,-0.003664,risk_on_participation,우호적 위험선호장 참여 민감도
DBC,DBC,commodity_etf,stagflation_reinflation_energy_shock,Stagflation / Reinflation / Energy Shock,물가·에너지 재상승장,us_global,-0.174581,-0.003664,0.525176,negative,0.174581,low,53.197858,rolling_beta,v3,1,4873,4873,2,market,pass,N,,2026-06-04,0,0.0,0.0,high,N,scenario inactive,inactive scenario,0.475744,,-0.003664,inflation_hedge,성장 부담이 있는데 유가·원자재·인플레이션 압력이 다시 커지는 장세입니다. 에너지/원자재 수혜와 장기채 부담을 함께 봅니다.
DBC,DBC,commodity_etf,korea_domestic_financial_stress,Korea Domestic Financial Stress,한국 내수 금융스트레스장,korea_market,0.014685,-0.003664,0.069823,neutral,0.014685,low,84.809459,rolling_beta,v3,1,4292,4292,5,seed,pass,Y,,2026-06-04,0,0.0,0.0,medium,N,scenario inactive,inactive scenario,0.021037,0.069823,-0.003664,korea_financial_stress_vulnerable,"가계부채, 부동산 PF, 비은행권, 금융주와 건설주 스트레스가 한국 자산 전반으로 번지는 장세입니다. 금융/건설 basket, 신용 spread, 단기자금 spread, 원화 약세를 함께 점검합니다."
DBC,DBC,commodity_etf,semiconductor_ai_cycle_shock,Semiconductor / AI Cycle Shock,AI·반도체 사이클 충격장,korea_semiconductor,0.121322,-0.003664,0.140924,positive,0.121322,low,77.298138,rolling_beta,v3,1,1260,1260,6,market,pass,N,,2026-06-04,0,0.0,0.0,high,N,scenario inactive,inactive scenario,0.109438,0.140924,-0.003664,semiconductor_ai_shock_vulnerable,"AI capex 기대와 반도체 모멘텀이 꺾이면서 미국 성장주와 한국 반도체 대형주가 동시에 압박받는 장세입니다. SOXX, AI leader basket, 한국 반도체 basket의 동반 약세와 원화 압력을 함께 봅니다."
DBC,DBC,commodity_etf,slowdown_recession_deflation_risk,Slowdown / Recession / Deflation Risk,경기둔화/침체 우려장,us_global,0.469614,-0.003664,0.610122,positive,0.469614,medium,60.696943,rolling_beta,v3,1,4873,4873,3,market,pass,N,,2026-06-04,0,0.0,0.0,high,N,scenario inactive,inactive scenario,0.525176,0.610122,-0.003664,slowdown_vulnerable,수요 둔화와 침체/디플레이션 압력이 커지는 방어적 장세입니다. 주식 beta와 신용위험을 보수적으로 봅니다.
DIA,DIA,equity_etf,usd_strength_krw_weakness,USD Strength / KRW Weakness,달러강세/원화약세장,fx_krw,-0.11518,-0.001311,0.032593,negative,0.11518,low,78.591896,rolling_beta,v3,1,4292,4292,4,market,pass,N,,2026-06-04,1,0.958519,0.958519,high,Y,trade-gated adverse scenario with medium/high evidence,active market context,0.637476,0.032593,-0.001311,krw_weakness_hedge,달러가 강하고 원화가 약해져 KRW 기준 투자자의 환율 리스크가 커지는 장세입니다. 한국 자산과 USD 노출의 역할을 분리해 봅니다.
DIA,DIA,equity_etf,china_trade_fragmentation_shock,China / Trade Fragmentation Shock,중국·무역분절 충격장,china_asia,0.12062,-0.001311,0.032593,positive,0.12062,low,67.121129,rolling_beta,v3,1,1260,1260,5,market,pass,N,,2026-06-04,1,0.743352,0.743352,high,Y,trade-gated adverse scenario with medium/high evidence,active market context,0.046848,0.032593,-0.001311,china_asia_shock_vulnerable,중국 경기·무역갈등·공급망 충격이 한국/아시아와 반도체 자산에 번지는 장세입니다. 한국 반도체 factor와 원화 약세를 함께 확인합니다.
DIA,DIA,equity_etf,higher_for_longer_long_rate_shock,Higher-for-Longer / Long-Rate Shock,장기금리 부담장,us_global,0.416603,-0.001311,0.944327,positive,0.416603,medium,60.332483,rolling_beta,v3,1,4873,4873,3,market,pass,N,,2026-06-04,1,0.710094,0.0,high,N,below ACTIVE confidence/coverage trade-gate threshold,active market context,0.939278,0.944327,-0.001311,rate_sensitive,장기금리와 달러 강세 부담이 채권·성장주·신용자산을 압박하는 장세입니다. 고밸류 성장주와 반도체 factor 민감도를 점검합니다.
DIA,DIA,equity_etf,geopolitical_escalation_supply_shock,Geopolitical Escalation / Supply Shock,지정학 확전·공급충격장,geopolitical,0.06248,-0.001311,0.939278,positive,0.06248,low,52.44319,rolling_beta,v3,1,4292,4292,3,manual,pass,Y,,2026-06-04,1,0.382179,0.0,medium,N,context only: source_quality=manual,context only: source_quality=manual,0.204477,,-0.001311,geopolitical_supply_shock_vulnerable,"전쟁, 제재, 해상로 차질, 대만·중동·한반도 긴장처럼 유가·금·방산·변동성이 동시에 움직이는 이벤트성 충격 장세입니다. 뉴스 overlay는 가격 신호를 보강하는 용도로만 해석합니다."
DIA,DIA,equity_etf,acute_global_stress_liquidity_crunch,Acute Global Stress / Liquidity Crunch,급성 리스크오프/유동성 경색장,us_global,0.275578,-0.001311,0.944327,positive,0.275578,low,41.987513,rolling_beta,v3,1,4873,4873,3,market,pass,N,,2026-06-04,1,0.362342,0.0,medium,N,context only: WATCH state,context only: WATCH state,0.939278,0.944327,-0.001311,liquidity_stress_vulnerable,변동성이 튀고 위험자산이 동반 약세를 보이는 단기 스트레스 장세입니다. 상관관계 상승과 유동성 악화를 우선 점검합니다.
DIA,DIA,equity_etf,soft_landing_goldilocks,Soft Landing / Goldilocks,우호적 위험선호장,us_global,0.939278,-0.001311,0.944327,positive,0.939278,high,48.066958,rolling_beta,v3,1,4873,4873,3,market,pass,N,,2026-06-04,0,0.0,0.0,medium,N,non-adverse scenario,inactive scenario,0.939278,0.944327,-0.001311,risk_on_participation,우호적 위험선호장 참여 민감도
DIA,DIA,equity_etf,stagflation_reinflation_energy_shock,Stagflation / Reinflation / Energy Shock,물가·에너지 재상승장,us_global,0.361511,-0.001311,0.939278,positive,0.361511,medium,53.197858,rolling_beta,v3,1,4873,4873,2,market,pass,N,,2026-06-04,0,0.0,0.0,high,N,scenario inactive,inactive scenario,0.204477,,-0.001311,stagflation_vulnerable,성장 부담이 있는데 유가·원자재·인플레이션 압력이 다시 커지는 장세입니다. 에너지/원자재 수혜와 장기채 부담을 함께 봅니다.
DIA,DIA,equity_etf,korea_domestic_financial_stress,Korea Domestic Financial Stress,한국 내수 금융스트레스장,korea_market,-0.355218,-0.001311,0.032593,negative,0.355218,medium,84.809459,rolling_beta,v3,1,4292,4292,5,seed,pass,Y,,2026-06-04,0,0.0,0.0,medium,N,scenario inactive,inactive scenario,0.046848,0.032593,-0.001311,korea_financial_stress_hedge,"가계부채, 부동산 PF, 비은행권, 금융주와 건설주 스트레스가 한국 자산 전반으로 번지는 장세입니다. 금융/건설 basket, 신용 spread, 단기자금 spread, 원화 약세를 함께 점검합니다."
DIA,DIA,equity_etf,semiconductor_ai_cycle_shock,Semiconductor / AI Cycle Shock,AI·반도체 사이클 충격장,korea_semiconductor,0.001883,-0.001311,0.28793,neutral,0.001883,low,77.298138,rolling_beta,v3,1,1260,1260,6,market,pass,N,,2026-06-04,0,0.0,0.0,high,N,scenario inactive,inactive scenario,0.289599,0.28793,-0.001311,semiconductor_ai_shock_vulnerable,"AI capex 기대와 반도체 모멘텀이 꺾이면서 미국 성장주와 한국 반도체 대형주가 동시에 압박받는 장세입니다. SOXX, AI leader basket, 한국 반도체 basket의 동반 약세와 원화 압력을 함께 봅니다."
DIA,DIA,equity_etf,slowdown_recession_deflation_risk,Slowdown / Recession / Deflation Risk,경기둔화/침체 우려장,us_global,0.306401,-0.001311,0.944327,positive,0.306401,medium,60.696943,rolling_beta,v3,1,4873,4873,3,market,pass,N,,2026-06-04,0,0.0,0.0,high,N,scenario inactive,inactive scenario,0.939278,0.944327,-0.001311,slowdown_vulnerable,수요 둔화와 침체/디플레이션 압력이 커지는 방어적 장세입니다. 주식 beta와 신용위험을 보수적으로 봅니다.
DIS,DIS,us_stock,usd_strength_krw_weakness,USD Strength / KRW Weakness,달러강세/원화약세장,fx_krw,-0.092384,-0.001283,0.002024,negative,0.092384,low,78.591896,rolling_beta,v3,1,4292,4292,4,market,pass,N,,2026-06-04,1,0.958519,0.958519,high,Y,trade-gated adverse scenario with medium/high evidence,active market context,0.61185,0.002024,-0.001283,krw_weakness_hedge,달러가 강하고 원화가 약해져 KRW 기준 투자자의 환율 리스크가 커지는 장세입니다. 한국 자산과 USD 노출의 역할을 분리해 봅니다.
DIS,DIS,us_stock,china_trade_fragmentation_shock,China / Trade Fragmentation Shock,중국·무역분절 충격장,china_asia,0.138177,-0.001283,0.002024,positive,0.138177,low,67.121129,rolling_beta,v3,1,1260,1260,5,market,pass,N,,2026-06-04,1,0.743352,0.743352,high,Y,trade-gated adverse scenario with medium/high evidence,active market context,0.052435,0.002024,-0.001283,china_asia_shock_vulnerable,중국 경기·무역갈등·공급망 충격이 한국/아시아와 반도체 자산에 번지는 장세입니다. 한국 반도체 factor와 원화 약세를 함께 확인합니다.
DIS,DIS,us_stock,higher_for_longer_long_rate_shock,Higher-for-Longer / Long-Rate Shock,장기금리 부담장,us_global,0.916755,-0.001283,1.055397,positive,0.916755,high,60.332483,rolling_beta,v3,1,4873,4873,3,market,pass,N,,2026-06-04,1,0.710094,0.0,high,N,below ACTIVE confidence/coverage trade-gate threshold,active market context,1.030464,1.055397,-0.001283,rate_sensitive,장기금리와 달러 강세 부담이 채권·성장주·신용자산을 압박하는 장세입니다. 고밸류 성장주와 반도체 factor 민감도를 점검합니다.
DIS,DIS,us_stock,geopolitical_escalation_supply_shock,Geopolitical Escalation / Supply Shock,지정학 확전·공급충격장,geopolitical,0.090063,-0.001283,1.030464,positive,0.090063,low,52.44319,rolling_beta,v3,1,4292,4292,3,manual,pass,Y,,2026-06-04,1,0.382179,0.0,medium,N,context only: source_quality=manual,context only: source_quality=manual,0.223364,,-0.001283,geopolitical_supply_shock_vulnerable,"전쟁, 제재, 해상로 차질, 대만·중동·한반도 긴장처럼 유가·금·방산·변동성이 동시에 움직이는 이벤트성 충격 장세입니다. 뉴스 overlay는 가격 신호를 보강하는 용도로만 해석합니다."
DIS,DIS,us_stock,acute_global_stress_liquidity_crunch,Acute Global Stress / Liquidity Crunch,급성 리스크오프/유동성 경색장,us_global,0.324506,-0.001283,1.055397,positive,0.324506,medium,41.987513,rolling_beta,v3,1,4873,4873,3,market,pass,N,,2026-06-04,1,0.362342,0.0,medium,N,context only: WATCH state,context only: WATCH state,1.030464,1.055397,-0.001283,liquidity_stress_vulnerable,변동성이 튀고 위험자산이 동반 약세를 보이는 단기 스트레스 장세입니다. 상관관계 상승과 유동성 악화를 우선 점검합니다.
DIS,DIS,us_stock,soft_landing_goldilocks,Soft Landing / Goldilocks,우호적 위험선호장,us_global,1.030464,-0.001283,1.055397,positive,1.030464,high,48.066958,rolling_beta,v3,1,4873,4873,3,market,pass,N,,2026-06-04,0,0.0,0.0,medium,N,non-adverse scenario,inactive scenario,1.030464,1.055397,-0.001283,risk_on_participation,우호적 위험선호장 참여 민감도
DIS,DIS,us_stock,stagflation_reinflation_energy_shock,Stagflation / Reinflation / Energy Shock,물가·에너지 재상승장,us_global,0.592746,-0.001283,1.030464,positive,0.592746,medium,53.197858,rolling_beta,v3,1,4873,4873,2,market,pass,N,,2026-06-04,0,0.0,0.0,high,N,scenario inactive,inactive scenario,0.223364,,-0.001283,stagflation_vulnerable,성장 부담이 있는데 유가·원자재·인플레이션 압력이 다시 커지는 장세입니다. 에너지/원자재 수혜와 장기채 부담을 함께 봅니다.
DIS,DIS,us_stock,korea_domestic_financial_stress,Korea Domestic Financial Stress,한국 내수 금융스트레스장,korea_market,-0.357272,-0.001283,0.002024,negative,0.357272,medium,84.809459,rolling_beta,v3,1,4292,4292,5,seed,pass,Y,,2026-06-04,0,0.0,0.0,medium,N,scenario inactive,inactive scenario,0.052435,0.002024,-0.001283,korea_financial_stress_hedge,"가계부채, 부동산 PF, 비은행권, 금융주와 건설주 스트레스가 한국 자산 전반으로 번지는 장세입니다. 금융/건설 basket, 신용 spread, 단기자금 spread, 원화 약세를 함께 점검합니다."
DIS,DIS,us_stock,semiconductor_ai_cycle_shock,Semiconductor / AI Cycle Shock,AI·반도체 사이클 충격장,korea_semiconductor,0.086547,-0.001283,0.461718,positive,0.086547,low,77.298138,rolling_beta,v3,1,1260,1260,6,market,pass,N,,2026-06-04,0,0.0,0.0,high,N,scenario inactive,inactive scenario,0.368431,0.461718,-0.001283,semiconductor_ai_shock_vulnerable,"AI capex 기대와 반도체 모멘텀이 꺾이면서 미국 성장주와 한국 반도체 대형주가 동시에 압박받는 장세입니다. SOXX, AI leader basket, 한국 반도체 basket의 동반 약세와 원화 압력을 함께 봅니다."
DIS,DIS,us_stock,slowdown_recession_deflation_risk,Slowdown / Recession / Deflation Risk,경기둔화/침체 우려장,us_global,0.364719,-0.001283,1.055397,positive,0.364719,medium,60.696943,rolling_beta,v3,1,4873,4873,3,market,pass,N,,2026-06-04,0,0.0,0.0,high,N,scenario inactive,inactive scenario,1.030464,1.055397,-0.001283,slowdown_vulnerable,수요 둔화와 침체/디플레이션 압력이 커지는 방어적 장세입니다. 주식 beta와 신용위험을 보수적으로 봅니다.
EDV,EDV,bond_etf,usd_strength_krw_weakness,USD Strength / KRW Weakness,달러강세/원화약세장,fx_krw,-0.35,0.000444,0.0,negative,0.35,medium,78.591896,rolling_beta,v3,1,4055,4055,4,market,pass,N,,2026-06-04,1,0.958519,0.958519,high,Y,trade-gated adverse scenario with medium/high evidence,active market context,1.030499,-0.213667,0.000444,krw_weakness_hedge,달러가 강하고 원화가 약해져 KRW 기준 투자자의 환율 리스크가 커지는 장세입니다. 한국 자산과 USD 노출의 역할을 분리해 봅니다.
EDV,EDV,bond_etf,china_trade_fragmentation_shock,China / Trade Fragmentation Shock,중국·무역분절 충격장,china_asia,-0.1111,0.000444,0.0,negative,0.1111,low,67.121129,rolling_beta,v3,1,1260,1260,5,market,pass,N,,2026-06-04,1,0.743352,0.743352,high,Y,trade-gated adverse scenario with medium/high evidence,active market context,-0.239681,-0.213667,0.000444,china_asia_shock_hedge,중국 경기·무역갈등·공급망 충격이 한국/아시아와 반도체 자산에 번지는 장세입니다. 한국 반도체 factor와 원화 약세를 함께 확인합니다.
EDV,EDV,bond_etf,higher_for_longer_long_rate_shock,Higher-for-Longer / Long-Rate Shock,장기금리 부담장,us_global,0.35,0.000444,0.0,positive,0.35,medium,60.332483,rolling_beta,v3,1,4604,4604,3,market,pass,N,,2026-06-04,1,0.710094,0.0,high,N,below ACTIVE confidence/coverage trade-gate threshold,active market context,-0.031792,-0.105873,0.000444,rate_sensitive,장기금리와 달러 강세 부담이 채권·성장주·신용자산을 압박하는 장세입니다. 고밸류 성장주와 반도체 factor 민감도를 점검합니다.
EDV,EDV,bond_etf,geopolitical_escalation_supply_shock,Geopolitical Escalation / Supply Shock,지정학 확전·공급충격장,geopolitical,-0.256706,0.000444,0.0,negative,0.256706,low,52.44319,rolling_beta,v3,1,4055,4055,3,manual,pass,Y,,2026-06-04,1,0.382179,0.0,medium,N,context only: source_quality=manual,context only: source_quality=manual,-0.051379,,0.000444,geopolitical_supply_shock_hedge,"전쟁, 제재, 해상로 차질, 대만·중동·한반도 긴장처럼 유가·금·방산·변동성이 동시에 움직이는 이벤트성 충격 장세입니다. 뉴스 overlay는 가격 신호를 보강하는 용도로만 해석합니다."
EDV,EDV,bond_etf,acute_global_stress_liquidity_crunch,Acute Global Stress / Liquidity Crunch,급성 리스크오프/유동성 경색장,us_global,-0.31998,0.000444,0.0,negative,0.31998,medium,41.987513,rolling_beta,v3,1,4604,4604,3,market,pass,N,,2026-06-04,1,0.362342,0.0,medium,N,context only: WATCH state,context only: WATCH state,-0.031792,-0.105873,0.000444,liquidity_stress_defense,변동성이 튀고 위험자산이 동반 약세를 보이는 단기 스트레스 장세입니다. 상관관계 상승과 유동성 악화를 우선 점검합니다.
EDV,EDV,bond_etf,soft_landing_goldilocks,Soft Landing / Goldilocks,우호적 위험선호장,us_global,-0.031792,0.000444,0.0,neutral,0.031792,low,48.066958,rolling_beta,v3,1,4604,4604,3,market,pass,N,,2026-06-04,0,0.0,0.0,medium,N,non-adverse scenario,inactive scenario,-0.031792,-0.105873,0.000444,neutral_or_defensive,우호적 위험선호장 참여 민감도
EDV,EDV,bond_etf,stagflation_reinflation_energy_shock,Stagflation / Reinflation / Energy Shock,물가·에너지 재상승장,us_global,0.1889,0.000444,0.0,positive,0.1889,low,53.197858,rolling_beta,v3,1,4604,4604,2,market,pass,N,,2026-06-04,0,0.0,0.0,high,N,scenario inactive,inactive scenario,-0.051379,,0.000444,stagflation_vulnerable,성장 부담이 있는데 유가·원자재·인플레이션 압력이 다시 커지는 장세입니다. 에너지/원자재 수혜와 장기채 부담을 함께 봅니다.
EDV,EDV,bond_etf,korea_domestic_financial_stress,Korea Domestic Financial Stress,한국 내수 금융스트레스장,korea_market,-0.356525,0.000444,0.0,negative,0.356525,medium,84.809459,rolling_beta,v3,1,4055,4055,5,seed,pass,Y,,2026-06-04,0,0.0,0.0,medium,N,scenario inactive,inactive scenario,-0.239681,-0.213667,0.000444,korea_financial_stress_hedge,"가계부채, 부동산 PF, 비은행권, 금융주와 건설주 스트레스가 한국 자산 전반으로 번지는 장세입니다. 금융/건설 basket, 신용 spread, 단기자금 spread, 원화 약세를 함께 점검합니다."
EDV,EDV,bond_etf,semiconductor_ai_cycle_shock,Semiconductor / AI Cycle Shock,AI·반도체 사이클 충격장,korea_semiconductor,-0.290277,0.000444,0.0,negative,0.290277,low,77.298138,rolling_beta,v3,1,1260,1260,6,market,pass,N,,2026-06-04,0,0.0,0.0,high,N,scenario inactive,inactive scenario,0.035408,-0.010069,0.000444,semiconductor_ai_shock_hedge,"AI capex 기대와 반도체 모멘텀이 꺾이면서 미국 성장주와 한국 반도체 대형주가 동시에 압박받는 장세입니다. SOXX, AI leader basket, 한국 반도체 basket의 동반 약세와 원화 압력을 함께 봅니다."
EDV,EDV,bond_etf,slowdown_recession_deflation_risk,Slowdown / Recession / Deflation Risk,경기둔화/침체 우려장,us_global,-0.386205,0.000444,0.0,negative,0.386205,medium,60.696943,rolling_beta,v3,1,4604,4604,3,market,pass,N,,2026-06-04,0,0.0,0.0,high,N,scenario inactive,inactive scenario,-0.031792,-0.105873,0.000444,slowdown_defense,수요 둔화와 침체/디플레이션 압력이 커지는 방어적 장세입니다. 주식 beta와 신용위험을 보수적으로 봅니다.
EEM,EEM,equity_etf,usd_strength_krw_weakness,USD Strength / KRW Weakness,달러강세/원화약세장,fx_krw,-0.091344,-0.001183,0.167914,negative,0.091344,low,78.591896,rolling_beta,v3,1,4292,4292,4,market,pass,N,,2026-06-04,1,0.958519,0.958519,high,Y,trade-gated adverse scenario with medium/high evidence,active market context,0.303302,0.167914,-0.001183,krw_weakness_hedge,달러가 강하고 원화가 약해져 KRW 기준 투자자의 환율 리스크가 커지는 장세입니다. 한국 자산과 USD 노출의 역할을 분리해 봅니다.
EEM,EEM,equity_etf,china_trade_fragmentation_shock,China / Trade Fragmentation Shock,중국·무역분절 충격장,china_asia,0.136504,-0.001183,0.167914,positive,0.136504,low,67.121129,rolling_beta,v3,1,1260,1260,5,market,pass,N,,2026-06-04,1,0.743352,0.743352,high,Y,trade-gated adverse scenario with medium/high evidence,active market context,0.270379,0.167914,-0.001183,china_asia_shock_vulnerable,중국 경기·무역갈등·공급망 충격이 한국/아시아와 반도체 자산에 번지는 장세입니다. 한국 반도체 factor와 원화 약세를 함께 확인합니다.
EEM,EEM,equity_etf,higher_for_longer_long_rate_shock,Higher-for-Longer / Long-Rate Shock,장기금리 부담장,us_global,0.469042,-0.001183,1.049962,positive,0.469042,medium,60.332483,rolling_beta,v3,1,4873,4873,3,market,pass,N,,2026-06-04,1,0.710094,0.0,high,N,below ACTIVE confidence/coverage trade-gate threshold,active market context,1.034622,1.049962,-0.001183,rate_sensitive,장기금리와 달러 강세 부담이 채권·성장주·신용자산을 압박하는 장세입니다. 고밸류 성장주와 반도체 factor 민감도를 점검합니다.
EEM,EEM,equity_etf,geopolitical_escalation_supply_shock,Geopolitical Escalation / Supply Shock,지정학 확전·공급충격장,geopolitical,-0.066774,-0.001183,1.034622,negative,0.066774,low,52.44319,rolling_beta,v3,1,4292,4292,3,manual,pass,Y,,2026-06-04,1,0.382179,0.0,medium,N,context only: source_quality=manual,context only: source_quality=manual,0.259676,,-0.001183,geopolitical_supply_shock_hedge,"전쟁, 제재, 해상로 차질, 대만·중동·한반도 긴장처럼 유가·금·방산·변동성이 동시에 움직이는 이벤트성 충격 장세입니다. 뉴스 overlay는 가격 신호를 보강하는 용도로만 해석합니다."
EEM,EEM,equity_etf,acute_global_stress_liquidity_crunch,Acute Global Stress / Liquidity Crunch,급성 리스크오프/유동성 경색장,us_global,0.622285,-0.001183,1.049962,positive,0.622285,medium,41.987513,rolling_beta,v3,1,4873,4873,3,market,pass,N,,2026-06-04,1,0.362342,0.0,medium,N,context only: WATCH state,context only: WATCH state,1.034622,1.049962,-0.001183,liquidity_stress_vulnerable,변동성이 튀고 위험자산이 동반 약세를 보이는 단기 스트레스 장세입니다. 상관관계 상승과 유동성 악화를 우선 점검합니다.
EEM,EEM,equity_etf,soft_landing_goldilocks,Soft Landing / Goldilocks,우호적 위험선호장,us_global,1.034622,-0.001183,1.049962,positive,1.034622,high,48.066958,rolling_beta,v3,1,4873,4873,3,market,pass,N,,2026-06-04,0,0.0,0.0,medium,N,non-adverse scenario,inactive scenario,1.034622,1.049962,-0.001183,risk_on_participation,우호적 위험선호장 참여 민감도
EEM,EEM,equity_etf,stagflation_reinflation_energy_shock,Stagflation / Reinflation / Energy Shock,물가·에너지 재상승장,us_global,-0.058303,-0.001183,1.034622,negative,0.058303,low,53.197858,rolling_beta,v3,1,4873,4873,2,market,pass,N,,2026-06-04,0,0.0,0.0,high,N,scenario inactive,inactive scenario,0.259676,,-0.001183,inflation_hedge,성장 부담이 있는데 유가·원자재·인플레이션 압력이 다시 커지는 장세입니다. 에너지/원자재 수혜와 장기채 부담을 함께 봅니다.
EEM,EEM,equity_etf,korea_domestic_financial_stress,Korea Domestic Financial Stress,한국 내수 금융스트레스장,korea_market,-0.006958,-0.001183,0.167914,neutral,0.006958,low,84.809459,rolling_beta,v3,1,4292,4292,5,seed,pass,Y,,2026-06-04,0,0.0,0.0,medium,N,scenario inactive,inactive scenario,0.270379,0.167914,-0.001183,korea_financial_stress_hedge,"가계부채, 부동산 PF, 비은행권, 금융주와 건설주 스트레스가 한국 자산 전반으로 번지는 장세입니다. 금융/건설 basket, 신용 spread, 단기자금 spread, 원화 약세를 함께 점검합니다."
EEM,EEM,equity_etf,semiconductor_ai_cycle_shock,Semiconductor / AI Cycle Shock,AI·반도체 사이클 충격장,korea_semiconductor,0.337706,-0.001183,0.354097,positive,0.337706,medium,77.298138,rolling_beta,v3,1,1260,1260,6,market,pass,N,,2026-06-04,0,0.0,0.0,high,N,scenario inactive,inactive scenario,0.358326,0.354097,-0.001183,semiconductor_ai_shock_vulnerable,"AI capex 기대와 반도체 모멘텀이 꺾이면서 미국 성장주와 한국 반도체 대형주가 동시에 압박받는 장세입니다. SOXX, AI leader basket, 한국 반도체 basket의 동반 약세와 원화 압력을 함께 봅니다."
EEM,EEM,equity_etf,slowdown_recession_deflation_risk,Slowdown / Recession / Deflation Risk,경기둔화/침체 우려장,us_global,0.713916,-0.001183,1.049962,positive,0.713916,medium,60.696943,rolling_beta,v3,1,4873,4873,3,market,pass,N,,2026-06-04,0,0.0,0.0,high,N,scenario inactive,inactive scenario,1.034622,1.049962,-0.001183,slowdown_vulnerable,수요 둔화와 침체/디플레이션 압력이 커지는 방어적 장세입니다. 주식 beta와 신용위험을 보수적으로 봅니다.
EFA,EFA,equity_etf,usd_strength_krw_weakness,USD Strength / KRW Weakness,달러강세/원화약세장,fx_krw,-0.115829,-0.001541,0.094655,negative,0.115829,low,78.591896,rolling_beta,v3,1,4292,4292,4,market,pass,N,,2026-06-04,1,0.958519,0.958519,high,Y,trade-gated adverse scenario with medium/high evidence,active market context,0.501104,0.094655,-0.001541,krw_weakness_hedge,달러가 강하고 원화가 약해져 KRW 기준 투자자의 환율 리스크가 커지는 장세입니다. 한국 자산과 USD 노출의 역할을 분리해 봅니다.
EFA,EFA,equity_etf,china_trade_fragmentation_shock,China / Trade Fragmentation Shock,중국·무역분절 충격장,china_asia,0.125849,-0.001541,0.094655,positive,0.125849,low,67.121129,rolling_beta,v3,1,1260,1260,5,market,pass,N,,2026-06-04,1,0.743352,0.743352,high,Y,trade-gated adverse scenario with medium/high evidence,active market context,0.114212,0.094655,-0.001541,china_asia_shock_vulnerable,중국 경기·무역갈등·공급망 충격이 한국/아시아와 반도체 자산에 번지는 장세입니다. 한국 반도체 factor와 원화 약세를 함께 확인합니다.
EFA,EFA,equity_etf,higher_for_longer_long_rate_shock,Higher-for-Longer / Long-Rate Shock,장기금리 부담장,us_global,0.415176,-0.001541,0.965631,positive,0.415176,medium,60.332483,rolling_beta,v3,1,4873,4873,3,market,pass,N,,2026-06-04,1,0.710094,0.0,high,N,below ACTIVE confidence/coverage trade-gate threshold,active market context,0.936683,0.965631,-0.001541,rate_sensitive,장기금리와 달러 강세 부담이 채권·성장주·신용자산을 압박하는 장세입니다. 고밸류 성장주와 반도체 factor 민감도를 점검합니다.
EFA,EFA,equity_etf,geopolitical_escalation_supply_shock,Geopolitical Escalation / Supply Shock,지정학 확전·공급충격장,geopolitical,-0.060308,-0.001541,0.936683,negative,0.060308,low,52.44319,rolling_beta,v3,1,4292,4292,3,manual,pass,Y,,2026-06-04,1,0.382179,0.0,medium,N,context only: source_quality=manual,context only: source_quality=manual,0.224874,,-0.001541,geopolitical_supply_shock_hedge,"전쟁, 제재, 해상로 차질, 대만·중동·한반도 긴장처럼 유가·금·방산·변동성이 동시에 움직이는 이벤트성 충격 장세입니다. 뉴스 overlay는 가격 신호를 보강하는 용도로만 해석합니다."
EFA,EFA,equity_etf,acute_global_stress_liquidity_crunch,Acute Global Stress / Liquidity Crunch,급성 리스크오프/유동성 경색장,us_global,0.584498,-0.001541,0.965631,positive,0.584498,medium,41.987513,rolling_beta,v3,1,4873,4873,3,market,pass,N,,2026-06-04,1,0.362342,0.0,medium,N,context only: WATCH state,context only: WATCH state,0.936683,0.965631,-0.001541,liquidity_stress_vulnerable,변동성이 튀고 위험자산이 동반 약세를 보이는 단기 스트레스 장세입니다. 상관관계 상승과 유동성 악화를 우선 점검합니다.
EFA,EFA,equity_etf,soft_landing_goldilocks,Soft Landing / Goldilocks,우호적 위험선호장,us_global,0.936683,-0.001541,0.965631,positive,0.936683,high,48.066958,rolling_beta,v3,1,4873,4873,3,market,pass,N,,2026-06-04,0,0.0,0.0,medium,N,non-adverse scenario,inactive scenario,0.936683,0.965631,-0.001541,risk_on_participation,우호적 위험선호장 참여 민감도
EFA,EFA,equity_etf,stagflation_reinflation_energy_shock,Stagflation / Reinflation / Energy Shock,물가·에너지 재상승장,us_global,-0.083648,-0.001541,0.936683,negative,0.083648,low,53.197858,rolling_beta,v3,1,4873,4873,2,market,pass,N,,2026-06-04,0,0.0,0.0,high,N,scenario inactive,inactive scenario,0.224874,,-0.001541,inflation_hedge,성장 부담이 있는데 유가·원자재·인플레이션 압력이 다시 커지는 장세입니다. 에너지/원자재 수혜와 장기채 부담을 함께 봅니다.
EFA,EFA,equity_etf,korea_domestic_financial_stress,Korea Domestic Financial Stress,한국 내수 금융스트레스장,korea_market,-0.039469,-0.001541,0.094655,neutral,0.039469,low,84.809459,rolling_beta,v3,1,4292,4292,5,seed,pass,Y,,2026-06-04,0,0.0,0.0,medium,N,scenario inactive,inactive scenario,0.114212,0.094655,-0.001541,korea_financial_stress_hedge,"가계부채, 부동산 PF, 비은행권, 금융주와 건설주 스트레스가 한국 자산 전반으로 번지는 장세입니다. 금융/건설 basket, 신용 spread, 단기자금 spread, 원화 약세를 함께 점검합니다."
EFA,EFA,equity_etf,semiconductor_ai_cycle_shock,Semiconductor / AI Cycle Shock,AI·반도체 사이클 충격장,korea_semiconductor,0.281943,-0.001541,0.315402,positive,0.281943,low,77.298138,rolling_beta,v3,1,1260,1260,6,market,pass,N,,2026-06-04,0,0.0,0.0,high,N,scenario inactive,inactive scenario,0.317219,0.315402,-0.001541,semiconductor_ai_shock_vulnerable,"AI capex 기대와 반도체 모멘텀이 꺾이면서 미국 성장주와 한국 반도체 대형주가 동시에 압박받는 장세입니다. SOXX, AI leader basket, 한국 반도체 basket의 동반 약세와 원화 압력을 함께 봅니다."
EFA,EFA,equity_etf,slowdown_recession_deflation_risk,Slowdown / Recession / Deflation Risk,경기둔화/침체 우려장,us_global,0.662762,-0.001541,0.965631,positive,0.662762,medium,60.696943,rolling_beta,v3,1,4873,4873,3,market,pass,N,,2026-06-04,0,0.0,0.0,high,N,scenario inactive,inactive scenario,0.936683,0.965631,-0.001541,slowdown_vulnerable,수요 둔화와 침체/디플레이션 압력이 커지는 방어적 장세입니다. 주식 beta와 신용위험을 보수적으로 봅니다.
ETH-USD,ETH-USD,crypto,usd_strength_krw_weakness,USD Strength / KRW Weakness,달러강세/원화약세장,fx_krw,-0.037578,0.00827,0.01135,neutral,0.037578,low,78.591896,rolling_beta,v3,1,2095,2095,4,market,pass,N,,2026-06-04,1,0.958519,0.958519,high,Y,trade-gated adverse scenario with medium/high evidence,active market context,0.603758,0.01135,0.00827,krw_weakness_hedge,crypto는 방어자산이 아니라 조건부 diversifier로만 해석
ETH-USD,ETH-USD,crypto,china_trade_fragmentation_shock,China / Trade Fragmentation Shock,중국·무역분절 충격장,china_asia,-0.056806,0.00827,0.01135,negative,0.056806,low,67.121129,rolling_beta,v3,1,1259,1259,5,market,pass,N,,2026-06-04,1,0.743352,0.743352,high,Y,trade-gated adverse scenario with medium/high evidence,active market context,-0.020845,0.01135,0.00827,china_asia_shock_hedge,crypto는 방어자산이 아니라 조건부 diversifier로만 해석
ETH-USD,ETH-USD,crypto,higher_for_longer_long_rate_shock,Higher-for-Longer / Long-Rate Shock,장기금리 부담장,us_global,1.037329,0.00827,1.368001,positive,1.037329,high,60.332483,rolling_beta,v3,1,2150,2150,3,market,pass,N,,2026-06-04,1,0.710094,0.0,high,N,below ACTIVE confidence/coverage trade-gate threshold,active market context,1.249689,1.368001,0.00827,rate_sensitive,crypto는 방어자산이 아니라 조건부 diversifier로만 해석
ETH-USD,ETH-USD,crypto,geopolitical_escalation_supply_shock,Geopolitical Escalation / Supply Shock,지정학 확전·공급충격장,geopolitical,-0.09292,0.00827,1.249689,negative,0.09292,low,52.44319,rolling_beta,v3,1,2150,2150,3,manual,pass,Y,,2026-06-04,1,0.382179,0.0,medium,N,context only: source_quality=manual,context only: source_quality=manual,0.148313,,0.00827,geopolitical_supply_shock_hedge,crypto는 방어자산이 아니라 조건부 diversifier로만 해석
ETH-USD,ETH-USD,crypto,acute_global_stress_liquidity_crunch,Acute Global Stress / Liquidity Crunch,급성 리스크오프/유동성 경색장,us_global,0.015191,0.00827,1.368001,neutral,0.015191,low,41.987513,rolling_beta,v3,1,2150,2150,3,market,pass,N,,2026-06-04,1,0.362342,0.0,medium,N,context only: WATCH state,context only: WATCH state,1.249689,1.368001,0.00827,liquidity_stress_vulnerable,crypto는 방어자산이 아니라 조건부 diversifier로만 해석
ETH-USD,ETH-USD,crypto,soft_landing_goldilocks,Soft Landing / Goldilocks,우호적 위험선호장,us_global,1.249689,0.00827,1.368001,positive,1.249689,high,48.066958,rolling_beta,v3,1,2150,2150,3,market,pass,N,,2026-06-04,0,0.0,0.0,medium,N,non-adverse scenario,inactive scenario,1.249689,1.368001,0.00827,risk_on_participation,우호적 위험선호장 참여 민감도; crypto는 방어자산이 아니라 조건부 diversifier로만 해석
ETH-USD,ETH-USD,crypto,stagflation_reinflation_energy_shock,Stagflation / Reinflation / Energy Shock,물가·에너지 재상승장,us_global,0.430648,0.00827,1.249689,positive,0.430648,medium,53.197858,rolling_beta,v3,1,2150,2150,2,market,pass,N,,2026-06-04,0,0.0,0.0,high,N,scenario inactive,inactive scenario,0.148313,,0.00827,stagflation_vulnerable,crypto는 방어자산이 아니라 조건부 diversifier로만 해석
ETH-USD,ETH-USD,crypto,korea_domestic_financial_stress,Korea Domestic Financial Stress,한국 내수 금융스트레스장,korea_market,-0.61618,0.00827,0.01135,negative,0.61618,medium,84.809459,rolling_beta,v3,1,2094,2094,5,seed,pass,Y,,2026-06-04,0,0.0,0.0,medium,N,scenario inactive,inactive scenario,-0.020845,0.01135,0.00827,korea_financial_stress_hedge,crypto는 방어자산이 아니라 조건부 diversifier로만 해석
ETH-USD,ETH-USD,crypto,semiconductor_ai_cycle_shock,Semiconductor / AI Cycle Shock,AI·반도체 사이클 충격장,korea_semiconductor,0.213336,0.00827,0.7722,positive,0.213336,low,77.298138,rolling_beta,v3,1,1259,1259,6,market,pass,N,,2026-06-04,0,0.0,0.0,high,N,scenario inactive,inactive scenario,0.695035,0.7722,0.00827,semiconductor_ai_shock_vulnerable,crypto는 방어자산이 아니라 조건부 diversifier로만 해석
ETH-USD,ETH-USD,crypto,slowdown_recession_deflation_risk,Slowdown / Recession / Deflation Risk,경기둔화/침체 우려장,us_global,0.172857,0.00827,1.368001,positive,0.172857,low,60.696943,rolling_beta,v3,1,2150,2150,3,market,pass,N,,2026-06-04,0,0.0,0.0,high,N,scenario inactive,inactive scenario,1.249689,1.368001,0.00827,slowdown_vulnerable,crypto는 방어자산이 아니라 조건부 diversifier로만 해석
EWJ,EWJ,equity_etf,usd_strength_krw_weakness,USD Strength / KRW Weakness,달러강세/원화약세장,fx_krw,-0.146753,-0.000931,0.075812,negative,0.146753,low,78.591896,rolling_beta,v3,1,4292,4292,4,market,pass,N,,2026-06-04,1,0.958519,0.958519,high,Y,trade-gated adverse scenario with medium/high evidence,active market context,0.586026,0.075812,-0.000931,krw_weakness_hedge,달러가 강하고 원화가 약해져 KRW 기준 투자자의 환율 리스크가 커지는 장세입니다. 한국 자산과 USD 노출의 역할을 분리해 봅니다.
EWJ,EWJ,equity_etf,china_trade_fragmentation_shock,China / Trade Fragmentation Shock,중국·무역분절 충격장,china_asia,0.085863,-0.000931,0.075812,positive,0.085863,low,67.121129,rolling_beta,v3,1,1260,1260,5,market,pass,N,,2026-06-04,1,0.743352,0.743352,high,Y,trade-gated adverse scenario with medium/high evidence,active market context,0.112688,0.075812,-0.000931,china_asia_shock_vulnerable,중국 경기·무역갈등·공급망 충격이 한국/아시아와 반도체 자산에 번지는 장세입니다. 한국 반도체 factor와 원화 약세를 함께 확인합니다.
EWJ,EWJ,equity_etf,higher_for_longer_long_rate_shock,Higher-for-Longer / Long-Rate Shock,장기금리 부담장,us_global,0.347143,-0.000931,0.811061,positive,0.347143,medium,60.332483,rolling_beta,v3,1,4873,4873,3,market,pass,N,,2026-06-04,1,0.710094,0.0,high,N,below ACTIVE confidence/coverage trade-gate threshold,active market context,0.812988,0.811061,-0.000931,rate_sensitive,장기금리와 달러 강세 부담이 채권·성장주·신용자산을 압박하는 장세입니다. 고밸류 성장주와 반도체 factor 민감도를 점검합니다.
EWJ,EWJ,equity_etf,geopolitical_escalation_supply_shock,Geopolitical Escalation / Supply Shock,지정학 확전·공급충격장,geopolitical,-0.100181,-0.000931,0.812988,negative,0.100181,low,52.44319,rolling_beta,v3,1,4292,4292,3,manual,pass,Y,,2026-06-04,1,0.382179,0.0,medium,N,context only: source_quality=manual,context only: source_quality=manual,0.17285,,-0.000931,geopolitical_supply_shock_hedge,"전쟁, 제재, 해상로 차질, 대만·중동·한반도 긴장처럼 유가·금·방산·변동성이 동시에 움직이는 이벤트성 충격 장세입니다. 뉴스 overlay는 가격 신호를 보강하는 용도로만 해석합니다."
EWJ,EWJ,equity_etf,acute_global_stress_liquidity_crunch,Acute Global Stress / Liquidity Crunch,급성 리스크오프/유동성 경색장,us_global,0.48902,-0.000931,0.811061,positive,0.48902,medium,41.987513,rolling_beta,v3,1,4873,4873,3,market,pass,N,,2026-06-04,1,0.362342,0.0,medium,N,context only: WATCH state,context only: WATCH state,0.812988,0.811061,-0.000931,liquidity_stress_vulnerable,변동성이 튀고 위험자산이 동반 약세를 보이는 단기 스트레스 장세입니다. 상관관계 상승과 유동성 악화를 우선 점검합니다.
EWJ,EWJ,equity_etf,soft_landing_goldilocks,Soft Landing / Goldilocks,우호적 위험선호장,us_global,0.812988,-0.000931,0.811061,positive,0.812988,high,48.066958,rolling_beta,v3,1,4873,4873,3,market,pass,N,,2026-06-04,0,0.0,0.0,medium,N,non-adverse scenario,inactive scenario,0.812988,0.811061,-0.000931,risk_on_participation,우호적 위험선호장 참여 민감도
EWJ,EWJ,equity_etf,stagflation_reinflation_energy_shock,Stagflation / Reinflation / Energy Shock,물가·에너지 재상승장,us_global,-0.142189,-0.000931,0.812988,negative,0.142189,low,53.197858,rolling_beta,v3,1,4873,4873,2,market,pass,N,,2026-06-04,0,0.0,0.0,high,N,scenario inactive,inactive scenario,0.17285,,-0.000931,inflation_hedge,성장 부담이 있는데 유가·원자재·인플레이션 압력이 다시 커지는 장세입니다. 에너지/원자재 수혜와 장기채 부담을 함께 봅니다.
EWJ,EWJ,equity_etf,korea_domestic_financial_stress,Korea Domestic Financial Stress,한국 내수 금융스트레스장,korea_market,-0.042809,-0.000931,0.075812,neutral,0.042809,low,84.809459,rolling_beta,v3,1,4292,4292,5,seed,pass,Y,,2026-06-04,0,0.0,0.0,medium,N,scenario inactive,inactive scenario,0.112688,0.075812,-0.000931,korea_financial_stress_hedge,"가계부채, 부동산 PF, 비은행권, 금융주와 건설주 스트레스가 한국 자산 전반으로 번지는 장세입니다. 금융/건설 basket, 신용 spread, 단기자금 spread, 원화 약세를 함께 점검합니다."
EWJ,EWJ,equity_etf,semiconductor_ai_cycle_shock,Semiconductor / AI Cycle Shock,AI·반도체 사이클 충격장,korea_semiconductor,0.283969,-0.000931,0.376623,positive,0.283969,low,77.298138,rolling_beta,v3,1,1260,1260,6,market,pass,N,,2026-06-04,0,0.0,0.0,high,N,scenario inactive,inactive scenario,0.330764,0.376623,-0.000931,semiconductor_ai_shock_vulnerable,"AI capex 기대와 반도체 모멘텀이 꺾이면서 미국 성장주와 한국 반도체 대형주가 동시에 압박받는 장세입니다. SOXX, AI leader basket, 한국 반도체 basket의 동반 약세와 원화 압력을 함께 봅니다."
EWJ,EWJ,equity_etf,slowdown_recession_deflation_risk,Slowdown / Recession / Deflation Risk,경기둔화/침체 우려장,us_global,0.561013,-0.000931,0.811061,positive,0.561013,medium,60.696943,rolling_beta,v3,1,4873,4873,3,market,pass,N,,2026-06-04,0,0.0,0.0,high,N,scenario inactive,inactive scenario,0.812988,0.811061,-0.000931,slowdown_vulnerable,수요 둔화와 침체/디플레이션 압력이 커지는 방어적 장세입니다. 주식 beta와 신용위험을 보수적으로 봅니다.
EWY,EWY,equity_etf,usd_strength_krw_weakness,USD Strength / KRW Weakness,달러강세/원화약세장,fx_krw,0.389595,-0.003203,0.463828,positive,0.389595,medium,78.591896,rolling_beta,v3,1,4292,4292,4,market,pass,N,,2026-06-04,1,0.958519,0.958519,high,Y,trade-gated adverse scenario with medium/high evidence,active market context,0.133071,0.463828,-0.003203,krw_weakness_vulnerable,달러가 강하고 원화가 약해져 KRW 기준 투자자의 환율 리스크가 커지는 장세입니다. 한국 자산과 USD 노출의 역할을 분리해 봅니다.
EWY,EWY,equity_etf,china_trade_fragmentation_shock,China / Trade Fragmentation Shock,중국·무역분절 충격장,china_asia,0.861759,-0.003203,0.463828,positive,0.861759,high,67.121129,rolling_beta,v3,1,1260,1260,5,market,pass,N,,2026-06-04,1,0.743352,0.743352,high,Y,trade-gated adverse scenario with medium/high evidence,active market context,0.605797,0.463828,-0.003203,china_asia_shock_vulnerable,중국 경기·무역갈등·공급망 충격이 한국/아시아와 반도체 자산에 번지는 장세입니다. 한국 반도체 factor와 원화 약세를 함께 확인합니다.
EWY,EWY,equity_etf,higher_for_longer_long_rate_shock,Higher-for-Longer / Long-Rate Shock,장기금리 부담장,us_global,0.687993,-0.003203,0.990316,positive,0.687993,medium,60.332483,rolling_beta,v3,1,4873,4873,3,market,pass,N,,2026-06-04,1,0.710094,0.0,high,N,below ACTIVE confidence/coverage trade-gate threshold,active market context,0.978169,0.990316,-0.003203,rate_sensitive,장기금리와 달러 강세 부담이 채권·성장주·신용자산을 압박하는 장세입니다. 고밸류 성장주와 반도체 factor 민감도를 점검합니다.
EWY,EWY,equity_etf,geopolitical_escalation_supply_shock,Geopolitical Escalation / Supply Shock,지정학 확전·공급충격장,geopolitical,0.49917,-0.003203,0.978169,positive,0.49917,medium,52.44319,rolling_beta,v3,1,4292,4292,3,manual,pass,Y,,2026-06-04,1,0.382179,0.0,medium,N,context only: source_quality=manual,context only: source_quality=manual,0.207489,,-0.003203,geopolitical_supply_shock_vulnerable,"전쟁, 제재, 해상로 차질, 대만·중동·한반도 긴장처럼 유가·금·방산·변동성이 동시에 움직이는 이벤트성 충격 장세입니다. 뉴스 overlay는 가격 신호를 보강하는 용도로만 해석합니다."
EWY,EWY,equity_etf,acute_global_stress_liquidity_crunch,Acute Global Stress / Liquidity Crunch,급성 리스크오프/유동성 경색장,us_global,0.682142,-0.003203,0.990316,positive,0.682142,medium,41.987513,rolling_beta,v3,1,4873,4873,3,market,pass,N,,2026-06-04,1,0.362342,0.0,medium,N,context only: WATCH state,context only: WATCH state,0.978169,0.990316,-0.003203,liquidity_stress_vulnerable,변동성이 튀고 위험자산이 동반 약세를 보이는 단기 스트레스 장세입니다. 상관관계 상승과 유동성 악화를 우선 점검합니다.
EWY,EWY,equity_etf,soft_landing_goldilocks,Soft Landing / Goldilocks,우호적 위험선호장,us_global,0.978169,-0.003203,0.990316,positive,0.978169,high,48.066958,rolling_beta,v3,1,4873,4873,3,market,pass,N,,2026-06-04,0,0.0,0.0,medium,N,non-adverse scenario,inactive scenario,0.978169,0.990316,-0.003203,risk_on_participation,우호적 위험선호장 참여 민감도
EWY,EWY,equity_etf,stagflation_reinflation_energy_shock,Stagflation / Reinflation / Energy Shock,물가·에너지 재상승장,us_global,0.422442,-0.003203,0.978169,positive,0.422442,medium,53.197858,rolling_beta,v3,1,4873,4873,2,market,pass,N,,2026-06-04,0,0.0,0.0,high,N,scenario inactive,inactive scenario,0.207489,,-0.003203,stagflation_vulnerable,성장 부담이 있는데 유가·원자재·인플레이션 압력이 다시 커지는 장세입니다. 에너지/원자재 수혜와 장기채 부담을 함께 봅니다.
EWY,EWY,equity_etf,korea_domestic_financial_stress,Korea Domestic Financial Stress,한국 내수 금융스트레스장,korea_market,0.677013,-0.003203,0.463828,positive,0.677013,medium,84.809459,rolling_beta,v3,1,4292,4292,5,seed,pass,Y,,2026-06-04,0,0.0,0.0,medium,N,scenario inactive,inactive scenario,0.605797,0.463828,-0.003203,korea_financial_stress_vulnerable,"가계부채, 부동산 PF, 비은행권, 금융주와 건설주 스트레스가 한국 자산 전반으로 번지는 장세입니다. 금융/건설 basket, 신용 spread, 단기자금 spread, 원화 약세를 함께 점검합니다."
EWY,EWY,equity_etf,semiconductor_ai_cycle_shock,Semiconductor / AI Cycle Shock,AI·반도체 사이클 충격장,korea_semiconductor,0.882713,-0.003203,0.463969,positive,0.882713,high,77.298138,rolling_beta,v3,1,1260,1260,6,market,pass,N,,2026-06-04,0,0.0,0.0,high,N,scenario inactive,inactive scenario,0.490003,0.463969,-0.003203,semiconductor_ai_shock_vulnerable,"AI capex 기대와 반도체 모멘텀이 꺾이면서 미국 성장주와 한국 반도체 대형주가 동시에 압박받는 장세입니다. SOXX, AI leader basket, 한국 반도체 basket의 동반 약세와 원화 압력을 함께 봅니다."
EWY,EWY,equity_etf,slowdown_recession_deflation_risk,Slowdown / Recession / Deflation Risk,경기둔화/침체 우려장,us_global,0.747926,-0.003203,0.990316,positive,0.747926,medium,60.696943,rolling_beta,v3,1,4873,4873,3,market,pass,N,,2026-06-04,0,0.0,0.0,high,N,scenario inactive,inactive scenario,0.978169,0.990316,-0.003203,slowdown_vulnerable,수요 둔화와 침체/디플레이션 압력이 커지는 방어적 장세입니다. 주식 beta와 신용위험을 보수적으로 봅니다.
FXE,FXE,fx_etf,usd_strength_krw_weakness,USD Strength / KRW Weakness,달러강세/원화약세장,fx_krw,-0.27708,-0.000797,0.0,negative,0.27708,low,78.591896,rolling_beta,v3,1,4292,4292,4,market,pass,N,,2026-06-04,1,0.958519,0.958519,high,Y,trade-gated adverse scenario with medium/high evidence,active market context,0.820167,-0.096378,-0.000797,krw_weakness_hedge,달러가 강하고 원화가 약해져 KRW 기준 투자자의 환율 리스크가 커지는 장세입니다. 한국 자산과 USD 노출의 역할을 분리해 봅니다.
FXE,FXE,fx_etf,china_trade_fragmentation_shock,China / Trade Fragmentation Shock,중국·무역분절 충격장,china_asia,-0.021742,-0.000797,0.0,neutral,0.021742,low,67.121129,rolling_beta,v3,1,1260,1260,5,market,pass,N,,2026-06-04,1,0.743352,0.743352,high,Y,trade-gated adverse scenario with medium/high evidence,active market context,-0.090044,-0.096378,-0.000797,china_asia_shock_hedge,중국 경기·무역갈등·공급망 충격이 한국/아시아와 반도체 자산에 번지는 장세입니다. 한국 반도체 factor와 원화 약세를 함께 확인합니다.
FXE,FXE,fx_etf,higher_for_longer_long_rate_shock,Higher-for-Longer / Long-Rate Shock,장기금리 부담장,us_global,0.060423,-0.000797,0.268774,positive,0.060423,low,60.332483,rolling_beta,v3,1,4873,4873,3,market,pass,N,,2026-06-04,1,0.710094,0.0,high,N,below ACTIVE confidence/coverage trade-gate threshold,active market context,0.291678,0.268774,-0.000797,rate_sensitive,장기금리와 달러 강세 부담이 채권·성장주·신용자산을 압박하는 장세입니다. 고밸류 성장주와 반도체 factor 민감도를 점검합니다.
FXE,FXE,fx_etf,geopolitical_escalation_supply_shock,Geopolitical Escalation / Supply Shock,지정학 확전·공급충격장,geopolitical,0.093182,-0.000797,0.291678,positive,0.093182,low,52.44319,rolling_beta,v3,1,4292,4292,3,manual,pass,Y,,2026-06-04,1,0.382179,0.0,medium,N,context only: source_quality=manual,context only: source_quality=manual,0.104854,,-0.000797,geopolitical_supply_shock_vulnerable,"전쟁, 제재, 해상로 차질, 대만·중동·한반도 긴장처럼 유가·금·방산·변동성이 동시에 움직이는 이벤트성 충격 장세입니다. 뉴스 overlay는 가격 신호를 보강하는 용도로만 해석합니다."
FXE,FXE,fx_etf,acute_global_stress_liquidity_crunch,Acute Global Stress / Liquidity Crunch,급성 리스크오프/유동성 경색장,us_global,0.196283,-0.000797,0.268774,positive,0.196283,low,41.987513,rolling_beta,v3,1,4873,4873,3,market,pass,N,,2026-06-04,1,0.362342,0.0,medium,N,context only: WATCH state,context only: WATCH state,0.291678,0.268774,-0.000797,liquidity_stress_vulnerable,변동성이 튀고 위험자산이 동반 약세를 보이는 단기 스트레스 장세입니다. 상관관계 상승과 유동성 악화를 우선 점검합니다.
FXE,FXE,fx_etf,soft_landing_goldilocks,Soft Landing / Goldilocks,우호적 위험선호장,us_global,0.291678,-0.000797,0.268774,positive,0.291678,low,48.066958,rolling_beta,v3,1,4873,4873,3,market,pass,N,,2026-06-04,0,0.0,0.0,medium,N,non-adverse scenario,inactive scenario,0.291678,0.268774,-0.000797,risk_on_participation,우호적 위험선호장 참여 민감도
FXE,FXE,fx_etf,stagflation_reinflation_energy_shock,Stagflation / Reinflation / Energy Shock,물가·에너지 재상승장,us_global,0.12201,-0.000797,0.291678,positive,0.12201,low,53.197858,rolling_beta,v3,1,4873,4873,2,market,pass,N,,2026-06-04,0,0.0,0.0,high,N,scenario inactive,inactive scenario,0.104854,,-0.000797,stagflation_vulnerable,성장 부담이 있는데 유가·원자재·인플레이션 압력이 다시 커지는 장세입니다. 에너지/원자재 수혜와 장기채 부담을 함께 봅니다.
FXE,FXE,fx_etf,korea_domestic_financial_stress,Korea Domestic Financial Stress,한국 내수 금융스트레스장,korea_market,-0.057052,-0.000797,0.0,negative,0.057052,low,84.809459,rolling_beta,v3,1,4292,4292,5,seed,pass,Y,,2026-06-04,0,0.0,0.0,medium,N,scenario inactive,inactive scenario,-0.090044,-0.096378,-0.000797,korea_financial_stress_hedge,"가계부채, 부동산 PF, 비은행권, 금융주와 건설주 스트레스가 한국 자산 전반으로 번지는 장세입니다. 금융/건설 basket, 신용 spread, 단기자금 spread, 원화 약세를 함께 점검합니다."
FXE,FXE,fx_etf,semiconductor_ai_cycle_shock,Semiconductor / AI Cycle Shock,AI·반도체 사이클 충격장,korea_semiconductor,0.019352,-0.000797,0.024154,neutral,0.019352,low,77.298138,rolling_beta,v3,1,1260,1260,6,market,pass,N,,2026-06-04,0,0.0,0.0,high,N,scenario inactive,inactive scenario,0.065441,0.024154,-0.000797,semiconductor_ai_shock_vulnerable,"AI capex 기대와 반도체 모멘텀이 꺾이면서 미국 성장주와 한국 반도체 대형주가 동시에 압박받는 장세입니다. SOXX, AI leader basket, 한국 반도체 basket의 동반 약세와 원화 압력을 함께 봅니다."
FXE,FXE,fx_etf,slowdown_recession_deflation_risk,Slowdown / Recession / Deflation Risk,경기둔화/침체 우려장,us_global,0.217482,-0.000797,0.268774,positive,0.217482,low,60.696943,rolling_beta,v3,1,4873,4873,3,market,pass,N,,2026-06-04,0,0.0,0.0,high,N,scenario inactive,inactive scenario,0.291678,0.268774,-0.000797,slowdown_vulnerable,수요 둔화와 침체/디플레이션 압력이 커지는 방어적 장세입니다. 주식 beta와 신용위험을 보수적으로 봅니다.
FXF,FXF,fx_etf,usd_strength_krw_weakness,USD Strength / KRW Weakness,달러강세/원화약세장,fx_krw,-0.296836,-0.001185,0.0,negative,0.296836,low,78.591896,rolling_beta,v3,1,4292,4292,4,market,pass,N,,2026-06-04,1,0.958519,0.958519,high,Y,trade-gated adverse scenario with medium/high evidence,active market context,0.863955,-0.117183,-0.001185,krw_weakness_hedge,달러가 강하고 원화가 약해져 KRW 기준 투자자의 환율 리스크가 커지는 장세입니다. 한국 자산과 USD 노출의 역할을 분리해 봅니다.
FXF,FXF,fx_etf,china_trade_fragmentation_shock,China / Trade Fragmentation Shock,중국·무역분절 충격장,china_asia,-0.027844,-0.001185,0.0,neutral,0.027844,low,67.121129,rolling_beta,v3,1,1260,1260,5,market,pass,N,,2026-06-04,1,0.743352,0.743352,high,Y,trade-gated adverse scenario with medium/high evidence,active market context,-0.114871,-0.117183,-0.001185,china_asia_shock_hedge,중국 경기·무역갈등·공급망 충격이 한국/아시아와 반도체 자산에 번지는 장세입니다. 한국 반도체 factor와 원화 약세를 함께 확인합니다.
FXF,FXF,fx_etf,higher_for_longer_long_rate_shock,Higher-for-Longer / Long-Rate Shock,장기금리 부담장,us_global,0.01696,-0.001185,0.19666,neutral,0.01696,low,60.332483,rolling_beta,v3,1,4873,4873,3,market,pass,N,,2026-06-04,1,0.710094,0.0,high,N,below ACTIVE confidence/coverage trade-gate threshold,active market context,0.212655,0.19666,-0.001185,rate_sensitive,장기금리와 달러 강세 부담이 채권·성장주·신용자산을 압박하는 장세입니다. 고밸류 성장주와 반도체 factor 민감도를 점검합니다.
FXF,FXF,fx_etf,geopolitical_escalation_supply_shock,Geopolitical Escalation / Supply Shock,지정학 확전·공급충격장,geopolitical,0.080086,-0.001185,0.212655,positive,0.080086,low,52.44319,rolling_beta,v3,1,4292,4292,3,manual,pass,Y,,2026-06-04,1,0.382179,0.0,medium,N,context only: source_quality=manual,context only: source_quality=manual,0.085869,,-0.001185,geopolitical_supply_shock_vulnerable,"전쟁, 제재, 해상로 차질, 대만·중동·한반도 긴장처럼 유가·금·방산·변동성이 동시에 움직이는 이벤트성 충격 장세입니다. 뉴스 overlay는 가격 신호를 보강하는 용도로만 해석합니다."
FXF,FXF,fx_etf,acute_global_stress_liquidity_crunch,Acute Global Stress / Liquidity Crunch,급성 리스크오프/유동성 경색장,us_global,0.170286,-0.001185,0.19666,positive,0.170286,low,41.987513,rolling_beta,v3,1,4873,4873,3,market,pass,N,,2026-06-04,1,0.362342,0.0,medium,N,context only: WATCH state,context only: WATCH state,0.212655,0.19666,-0.001185,liquidity_stress_vulnerable,변동성이 튀고 위험자산이 동반 약세를 보이는 단기 스트레스 장세입니다. 상관관계 상승과 유동성 악화를 우선 점검합니다.
FXF,FXF,fx_etf,soft_landing_goldilocks,Soft Landing / Goldilocks,우호적 위험선호장,us_global,0.212655,-0.001185,0.19666,positive,0.212655,low,48.066958,rolling_beta,v3,1,4873,4873,3,market,pass,N,,2026-06-04,0,0.0,0.0,medium,N,non-adverse scenario,inactive scenario,0.212655,0.19666,-0.001185,risk_on_participation,우호적 위험선호장 참여 민감도
FXF,FXF,fx_etf,stagflation_reinflation_energy_shock,Stagflation / Reinflation / Energy Shock,물가·에너지 재상승장,us_global,0.104055,-0.001185,0.212655,positive,0.104055,low,53.197858,rolling_beta,v3,1,4873,4873,2,market,pass,N,,2026-06-04,0,0.0,0.0,high,N,scenario inactive,inactive scenario,0.085869,,-0.001185,stagflation_vulnerable,성장 부담이 있는데 유가·원자재·인플레이션 압력이 다시 커지는 장세입니다. 에너지/원자재 수혜와 장기채 부담을 함께 봅니다.
FXF,FXF,fx_etf,korea_domestic_financial_stress,Korea Domestic Financial Stress,한국 내수 금융스트레스장,korea_market,-0.040781,-0.001185,0.0,neutral,0.040781,low,84.809459,rolling_beta,v3,1,4292,4292,5,seed,pass,Y,,2026-06-04,0,0.0,0.0,medium,N,scenario inactive,inactive scenario,-0.114871,-0.117183,-0.001185,korea_financial_stress_hedge,"가계부채, 부동산 PF, 비은행권, 금융주와 건설주 스트레스가 한국 자산 전반으로 번지는 장세입니다. 금융/건설 basket, 신용 spread, 단기자금 spread, 원화 약세를 함께 점검합니다."
FXF,FXF,fx_etf,semiconductor_ai_cycle_shock,Semiconductor / AI Cycle Shock,AI·반도체 사이클 충격장,korea_semiconductor,-0.003476,-0.001185,0.0,neutral,0.003476,low,77.298138,rolling_beta,v3,1,1260,1260,6,market,pass,N,,2026-06-04,0,0.0,0.0,high,N,scenario inactive,inactive scenario,0.033521,-0.020953,-0.001185,semiconductor_ai_shock_hedge,"AI capex 기대와 반도체 모멘텀이 꺾이면서 미국 성장주와 한국 반도체 대형주가 동시에 압박받는 장세입니다. SOXX, AI leader basket, 한국 반도체 basket의 동반 약세와 원화 압력을 함께 봅니다."
FXF,FXF,fx_etf,slowdown_recession_deflation_risk,Slowdown / Recession / Deflation Risk,경기둔화/침체 우려장,us_global,0.179701,-0.001185,0.19666,positive,0.179701,low,60.696943,rolling_beta,v3,1,4873,4873,3,market,pass,N,,2026-06-04,0,0.0,0.0,high,N,scenario inactive,inactive scenario,0.212655,0.19666,-0.001185,slowdown_vulnerable,수요 둔화와 침체/디플레이션 압력이 커지는 방어적 장세입니다. 주식 beta와 신용위험을 보수적으로 봅니다.
FXI,FXI,equity_etf,usd_strength_krw_weakness,USD Strength / KRW Weakness,달러강세/원화약세장,fx_krw,-0.097841,0.000123,0.177329,negative,0.097841,low,78.591896,rolling_beta,v3,1,4292,4292,4,market,pass,N,,2026-06-04,1,0.958519,0.958519,high,Y,trade-gated adverse scenario with medium/high evidence,active market context,0.265887,0.177329,0.000123,krw_weakness_hedge,달러가 강하고 원화가 약해져 KRW 기준 투자자의 환율 리스크가 커지는 장세입니다. 한국 자산과 USD 노출의 역할을 분리해 봅니다.
FXI,FXI,equity_etf,china_trade_fragmentation_shock,China / Trade Fragmentation Shock,중국·무역분절 충격장,china_asia,0.098651,0.000123,0.177329,positive,0.098651,low,67.121129,rolling_beta,v3,1,1260,1260,5,market,pass,N,,2026-06-04,1,0.743352,0.743352,high,Y,trade-gated adverse scenario with medium/high evidence,active market context,0.281214,0.177329,0.000123,china_asia_shock_vulnerable,중국 경기·무역갈등·공급망 충격이 한국/아시아와 반도체 자산에 번지는 장세입니다. 한국 반도체 factor와 원화 약세를 함께 확인합니다.
FXI,FXI,equity_etf,higher_for_longer_long_rate_shock,Higher-for-Longer / Long-Rate Shock,장기금리 부담장,us_global,0.45475,0.000123,0.957604,positive,0.45475,medium,60.332483,rolling_beta,v3,1,4873,4873,3,market,pass,N,,2026-06-04,1,0.710094,0.0,high,N,below ACTIVE confidence/coverage trade-gate threshold,active market context,1.008636,0.957604,0.000123,rate_sensitive,장기금리와 달러 강세 부담이 채권·성장주·신용자산을 압박하는 장세입니다. 고밸류 성장주와 반도체 factor 민감도를 점검합니다.
FXI,FXI,equity_etf,geopolitical_escalation_supply_shock,Geopolitical Escalation / Supply Shock,지정학 확전·공급충격장,geopolitical,-0.107258,0.000123,1.008636,negative,0.107258,low,52.44319,rolling_beta,v3,1,4292,4292,3,manual,pass,Y,,2026-06-04,1,0.382179,0.0,medium,N,context only: source_quality=manual,context only: source_quality=manual,0.250267,,0.000123,geopolitical_supply_shock_hedge,"전쟁, 제재, 해상로 차질, 대만·중동·한반도 긴장처럼 유가·금·방산·변동성이 동시에 움직이는 이벤트성 충격 장세입니다. 뉴스 overlay는 가격 신호를 보강하는 용도로만 해석합니다."
FXI,FXI,equity_etf,acute_global_stress_liquidity_crunch,Acute Global Stress / Liquidity Crunch,급성 리스크오프/유동성 경색장,us_global,0.549213,0.000123,0.957604,positive,0.549213,medium,41.987513,rolling_beta,v3,1,4873,4873,3,market,pass,N,,2026-06-04,1,0.362342,0.0,medium,N,context only: WATCH state,context only: WATCH state,1.008636,0.957604,0.000123,liquidity_stress_vulnerable,변동성이 튀고 위험자산이 동반 약세를 보이는 단기 스트레스 장세입니다. 상관관계 상승과 유동성 악화를 우선 점검합니다.
FXI,FXI,equity_etf,soft_landing_goldilocks,Soft Landing / Goldilocks,우호적 위험선호장,us_global,1.008636,0.000123,0.957604,positive,1.008636,high,48.066958,rolling_beta,v3,1,4873,4873,3,market,pass,N,,2026-06-04,0,0.0,0.0,medium,N,non-adverse scenario,inactive scenario,1.008636,0.957604,0.000123,risk_on_participation,우호적 위험선호장 참여 민감도
FXI,FXI,equity_etf,stagflation_reinflation_energy_shock,Stagflation / Reinflation / Energy Shock,물가·에너지 재상승장,us_global,-0.100053,0.000123,1.008636,negative,0.100053,low,53.197858,rolling_beta,v3,1,4873,4873,2,market,pass,N,,2026-06-04,0,0.0,0.0,high,N,scenario inactive,inactive scenario,0.250267,,0.000123,inflation_hedge,성장 부담이 있는데 유가·원자재·인플레이션 압력이 다시 커지는 장세입니다. 에너지/원자재 수혜와 장기채 부담을 함께 봅니다.
FXI,FXI,equity_etf,korea_domestic_financial_stress,Korea Domestic Financial Stress,한국 내수 금융스트레스장,korea_market,-0.037662,0.000123,0.177329,neutral,0.037662,low,84.809459,rolling_beta,v3,1,4292,4292,5,seed,pass,Y,,2026-06-04,0,0.0,0.0,medium,N,scenario inactive,inactive scenario,0.281214,0.177329,0.000123,korea_financial_stress_hedge,"가계부채, 부동산 PF, 비은행권, 금융주와 건설주 스트레스가 한국 자산 전반으로 번지는 장세입니다. 금융/건설 basket, 신용 spread, 단기자금 spread, 원화 약세를 함께 점검합니다."
FXI,FXI,equity_etf,semiconductor_ai_cycle_shock,Semiconductor / AI Cycle Shock,AI·반도체 사이클 충격장,korea_semiconductor,0.31196,0.000123,0.308148,positive,0.31196,medium,77.298138,rolling_beta,v3,1,1260,1260,6,market,pass,N,,2026-06-04,0,0.0,0.0,high,N,scenario inactive,inactive scenario,0.357769,0.308148,0.000123,semiconductor_ai_shock_vulnerable,"AI capex 기대와 반도체 모멘텀이 꺾이면서 미국 성장주와 한국 반도체 대형주가 동시에 압박받는 장세입니다. SOXX, AI leader basket, 한국 반도체 basket의 동반 약세와 원화 압력을 함께 봅니다."
FXI,FXI,equity_etf,slowdown_recession_deflation_risk,Slowdown / Recession / Deflation Risk,경기둔화/침체 우려장,us_global,0.651307,0.000123,0.957604,positive,0.651307,medium,60.696943,rolling_beta,v3,1,4873,4873,3,market,pass,N,,2026-06-04,0,0.0,0.0,high,N,scenario inactive,inactive scenario,1.008636,0.957604,0.000123,slowdown_vulnerable,수요 둔화와 침체/디플레이션 압력이 커지는 방어적 장세입니다. 주식 beta와 신용위험을 보수적으로 봅니다.
FXY,FXY,fx_etf,usd_strength_krw_weakness,USD Strength / KRW Weakness,달러강세/원화약세장,fx_krw,-0.323055,0.000108,0.0,negative,0.323055,medium,78.591896,rolling_beta,v3,1,4264,4264,4,market,pass,N,,2026-06-04,1,0.958519,0.958519,high,Y,trade-gated adverse scenario with medium/high evidence,active market context,0.958309,-0.17772,0.000108,krw_weakness_hedge,달러가 강하고 원화가 약해져 KRW 기준 투자자의 환율 리스크가 커지는 장세입니다. 한국 자산과 USD 노출의 역할을 분리해 봅니다.
FXY,FXY,fx_etf,china_trade_fragmentation_shock,China / Trade Fragmentation Shock,중국·무역분절 충격장,china_asia,-0.081154,0.000108,0.0,negative,0.081154,low,67.121129,rolling_beta,v3,1,1260,1260,5,market,pass,N,,2026-06-04,1,0.743352,0.743352,high,Y,trade-gated adverse scenario with medium/high evidence,active market context,-0.176285,-0.17772,0.000108,china_asia_shock_hedge,중국 경기·무역갈등·공급망 충격이 한국/아시아와 반도체 자산에 번지는 장세입니다. 한국 반도체 factor와 원화 약세를 함께 확인합니다.
FXY,FXY,fx_etf,higher_for_longer_long_rate_shock,Higher-for-Longer / Long-Rate Shock,장기금리 부담장,us_global,-0.040721,0.000108,0.063368,neutral,0.040721,low,60.332483,rolling_beta,v3,1,4845,4845,3,market,pass,N,,2026-06-04,1,0.710094,0.0,high,N,below ACTIVE confidence/coverage trade-gate threshold,active market context,0.10778,0.063368,0.000108,rate_shock_hedge,장기금리와 달러 강세 부담이 채권·성장주·신용자산을 압박하는 장세입니다. 고밸류 성장주와 반도체 factor 민감도를 점검합니다.
FXY,FXY,fx_etf,geopolitical_escalation_supply_shock,Geopolitical Escalation / Supply Shock,지정학 확전·공급충격장,geopolitical,0.029458,0.000108,0.10778,neutral,0.029458,low,52.44319,rolling_beta,v3,1,4264,4264,3,manual,pass,Y,,2026-06-04,1,0.382179,0.0,medium,N,context only: source_quality=manual,context only: source_quality=manual,0.045897,,0.000108,geopolitical_supply_shock_vulnerable,"전쟁, 제재, 해상로 차질, 대만·중동·한반도 긴장처럼 유가·금·방산·변동성이 동시에 움직이는 이벤트성 충격 장세입니다. 뉴스 overlay는 가격 신호를 보강하는 용도로만 해석합니다."
FXY,FXY,fx_etf,acute_global_stress_liquidity_crunch,Acute Global Stress / Liquidity Crunch,급성 리스크오프/유동성 경색장,us_global,0.054401,0.000108,0.063368,positive,0.054401,low,41.987513,rolling_beta,v3,1,4845,4845,3,market,pass,N,,2026-06-04,1,0.362342,0.0,medium,N,context only: WATCH state,context only: WATCH state,0.10778,0.063368,0.000108,liquidity_stress_vulnerable,변동성이 튀고 위험자산이 동반 약세를 보이는 단기 스트레스 장세입니다. 상관관계 상승과 유동성 악화를 우선 점검합니다.
FXY,FXY,fx_etf,soft_landing_goldilocks,Soft Landing / Goldilocks,우호적 위험선호장,us_global,0.10778,0.000108,0.063368,positive,0.10778,low,48.066958,rolling_beta,v3,1,4845,4845,3,market,pass,N,,2026-06-04,0,0.0,0.0,medium,N,non-adverse scenario,inactive scenario,0.10778,0.063368,0.000108,neutral_or_defensive,우호적 위험선호장 참여 민감도
FXY,FXY,fx_etf,stagflation_reinflation_energy_shock,Stagflation / Reinflation / Energy Shock,물가·에너지 재상승장,us_global,0.035013,0.000108,0.10778,neutral,0.035013,low,53.197858,rolling_beta,v3,1,4845,4845,2,market,pass,N,,2026-06-04,0,0.0,0.0,high,N,scenario inactive,inactive scenario,0.045897,,0.000108,stagflation_vulnerable,성장 부담이 있는데 유가·원자재·인플레이션 압력이 다시 커지는 장세입니다. 에너지/원자재 수혜와 장기채 부담을 함께 봅니다.
FXY,FXY,fx_etf,korea_domestic_financial_stress,Korea Domestic Financial Stress,한국 내수 금융스트레스장,korea_market,-0.058964,0.000108,0.0,negative,0.058964,low,84.809459,rolling_beta,v3,1,4264,4264,5,seed,pass,Y,,2026-06-04,0,0.0,0.0,medium,N,scenario inactive,inactive scenario,-0.176285,-0.17772,0.000108,korea_financial_stress_hedge,"가계부채, 부동산 PF, 비은행권, 금융주와 건설주 스트레스가 한국 자산 전반으로 번지는 장세입니다. 금융/건설 basket, 신용 spread, 단기자금 spread, 원화 약세를 함께 점검합니다."
FXY,FXY,fx_etf,semiconductor_ai_cycle_shock,Semiconductor / AI Cycle Shock,AI·반도체 사이클 충격장,korea_semiconductor,-0.035391,0.000108,0.0,neutral,0.035391,low,77.298138,rolling_beta,v3,1,1260,1260,6,market,pass,N,,2026-06-04,0,0.0,0.0,high,N,scenario inactive,inactive scenario,0.012288,-0.045776,0.000108,semiconductor_ai_shock_hedge,"AI capex 기대와 반도체 모멘텀이 꺾이면서 미국 성장주와 한국 반도체 대형주가 동시에 압박받는 장세입니다. SOXX, AI leader basket, 한국 반도체 basket의 동반 약세와 원화 압력을 함께 봅니다."
FXY,FXY,fx_etf,slowdown_recession_deflation_risk,Slowdown / Recession / Deflation Risk,경기둔화/침체 우려장,us_global,0.066263,0.000108,0.063368,positive,0.066263,low,60.696943,rolling_beta,v3,1,4845,4845,3,market,pass,N,,2026-06-04,0,0.0,0.0,high,N,scenario inactive,inactive scenario,0.10778,0.063368,0.000108,slowdown_vulnerable,수요 둔화와 침체/디플레이션 압력이 커지는 방어적 장세입니다. 주식 beta와 신용위험을 보수적으로 봅니다.
GLD,GLD,gold_etf,usd_strength_krw_weakness,USD Strength / KRW Weakness,달러강세/원화약세장,fx_krw,-0.283882,-0.000627,0.0,negative,0.283882,low,78.591896,rolling_beta,v3,1,4292,4292,4,market,pass,N,,2026-06-04,1,0.958519,0.958519,high,Y,trade-gated adverse scenario with medium/high evidence,active market context,0.850301,-0.036943,-0.000627,krw_weakness_hedge,달러가 강하고 원화가 약해져 KRW 기준 투자자의 환율 리스크가 커지는 장세입니다. 한국 자산과 USD 노출의 역할을 분리해 봅니다.
GLD,GLD,gold_etf,china_trade_fragmentation_shock,China / Trade Fragmentation Shock,중국·무역분절 충격장,china_asia,-0.03142,-0.000627,0.0,neutral,0.03142,low,67.121129,rolling_beta,v3,1,1260,1260,5,market,pass,N,,2026-06-04,1,0.743352,0.743352,high,Y,trade-gated adverse scenario with medium/high evidence,active market context,-0.059036,-0.036943,-0.000627,china_asia_shock_hedge,중국 경기·무역갈등·공급망 충격이 한국/아시아와 반도체 자산에 번지는 장세입니다. 한국 반도체 factor와 원화 약세를 함께 확인합니다.
GLD,GLD,gold_etf,higher_for_longer_long_rate_shock,Higher-for-Longer / Long-Rate Shock,장기금리 부담장,us_global,0.04546,-0.000627,0.267722,neutral,0.04546,low,60.332483,rolling_beta,v3,1,4873,4873,3,market,pass,N,,2026-06-04,1,0.710094,0.0,high,N,below ACTIVE confidence/coverage trade-gate threshold,active market context,0.264472,0.267722,-0.000627,rate_sensitive,장기금리와 달러 강세 부담이 채권·성장주·신용자산을 압박하는 장세입니다. 고밸류 성장주와 반도체 factor 민감도를 점검합니다.
GLD,GLD,gold_etf,geopolitical_escalation_supply_shock,Geopolitical Escalation / Supply Shock,지정학 확전·공급충격장,geopolitical,-0.579091,-0.000627,0.264472,negative,0.579091,medium,52.44319,rolling_beta,v3,1,4292,4292,3,manual,pass,Y,,2026-06-04,1,0.382179,0.0,medium,N,context only: source_quality=manual,context only: source_quality=manual,0.148872,,-0.000627,geopolitical_supply_shock_hedge,"전쟁, 제재, 해상로 차질, 대만·중동·한반도 긴장처럼 유가·금·방산·변동성이 동시에 움직이는 이벤트성 충격 장세입니다. 뉴스 overlay는 가격 신호를 보강하는 용도로만 해석합니다."
GLD,GLD,gold_etf,acute_global_stress_liquidity_crunch,Acute Global Stress / Liquidity Crunch,급성 리스크오프/유동성 경색장,us_global,-0.126305,-0.000627,0.267722,negative,0.126305,low,41.987513,rolling_beta,v3,1,4873,4873,3,market,pass,N,,2026-06-04,1,0.362342,0.0,medium,N,context only: WATCH state,context only: WATCH state,0.264472,0.267722,-0.000627,liquidity_stress_defense,변동성이 튀고 위험자산이 동반 약세를 보이는 단기 스트레스 장세입니다. 상관관계 상승과 유동성 악화를 우선 점검합니다.
GLD,GLD,gold_etf,soft_landing_goldilocks,Soft Landing / Goldilocks,우호적 위험선호장,us_global,0.264472,-0.000627,0.267722,positive,0.264472,low,48.066958,rolling_beta,v3,1,4873,4873,3,market,pass,N,,2026-06-04,0,0.0,0.0,medium,N,non-adverse scenario,inactive scenario,0.264472,0.267722,-0.000627,risk_on_participation,우호적 위험선호장 참여 민감도
GLD,GLD,gold_etf,stagflation_reinflation_energy_shock,Stagflation / Reinflation / Energy Shock,물가·에너지 재상승장,us_global,-0.341749,-0.000627,0.264472,negative,0.341749,medium,53.197858,rolling_beta,v3,1,4873,4873,2,market,pass,N,,2026-06-04,0,0.0,0.0,high,N,scenario inactive,inactive scenario,0.148872,,-0.000627,inflation_hedge,성장 부담이 있는데 유가·원자재·인플레이션 압력이 다시 커지는 장세입니다. 에너지/원자재 수혜와 장기채 부담을 함께 봅니다.
GLD,GLD,gold_etf,korea_domestic_financial_stress,Korea Domestic Financial Stress,한국 내수 금융스트레스장,korea_market,-0.356769,-0.000627,0.0,negative,0.356769,medium,84.809459,rolling_beta,v3,1,4292,4292,5,seed,pass,Y,,2026-06-04,0,0.0,0.0,medium,N,scenario inactive,inactive scenario,-0.059036,-0.036943,-0.000627,korea_financial_stress_hedge,"가계부채, 부동산 PF, 비은행권, 금융주와 건설주 스트레스가 한국 자산 전반으로 번지는 장세입니다. 금융/건설 basket, 신용 spread, 단기자금 spread, 원화 약세를 함께 점검합니다."
GLD,GLD,gold_etf,semiconductor_ai_cycle_shock,Semiconductor / AI Cycle Shock,AI·반도체 사이클 충격장,korea_semiconductor,-0.209194,-0.000627,0.089613,negative,0.209194,low,77.298138,rolling_beta,v3,1,1260,1260,6,market,pass,N,,2026-06-04,0,0.0,0.0,high,N,scenario inactive,inactive scenario,0.089202,0.089613,-0.000627,semiconductor_ai_shock_hedge,"AI capex 기대와 반도체 모멘텀이 꺾이면서 미국 성장주와 한국 반도체 대형주가 동시에 압박받는 장세입니다. SOXX, AI leader basket, 한국 반도체 basket의 동반 약세와 원화 압력을 함께 봅니다."
GLD,GLD,gold_etf,slowdown_recession_deflation_risk,Slowdown / Recession / Deflation Risk,경기둔화/침체 우려장,us_global,-0.156133,-0.000627,0.267722,negative,0.156133,low,60.696943,rolling_beta,v3,1,4873,4873,3,market,pass,N,,2026-06-04,0,0.0,0.0,high,N,scenario inactive,inactive scenario,0.264472,0.267722,-0.000627,slowdown_defense,수요 둔화와 침체/디플레이션 압력이 커지는 방어적 장세입니다. 주식 beta와 신용위험을 보수적으로 봅니다.
GOOGL,GOOGL,us_stock,usd_strength_krw_weakness,USD Strength / KRW Weakness,달러강세/원화약세장,fx_krw,-0.093968,-0.003505,0.006947,negative,0.093968,low,78.591896,rolling_beta,v3,1,4292,4292,4,market,pass,N,,2026-06-04,1,0.958519,0.958519,high,Y,trade-gated adverse scenario with medium/high evidence,active market context,0.61659,0.006947,-0.003505,krw_weakness_hedge,달러가 강하고 원화가 약해져 KRW 기준 투자자의 환율 리스크가 커지는 장세입니다. 한국 자산과 USD 노출의 역할을 분리해 봅니다.
GOOGL,GOOGL,us_stock,china_trade_fragmentation_shock,China / Trade Fragmentation Shock,중국·무역분절 충격장,china_asia,0.192443,-0.003505,0.006947,positive,0.192443,low,67.121129,rolling_beta,v3,1,1260,1260,5,market,pass,N,,2026-06-04,1,0.743352,0.743352,high,Y,trade-gated adverse scenario with medium/high evidence,active market context,0.048255,0.006947,-0.003505,china_asia_shock_vulnerable,중국 경기·무역갈등·공급망 충격이 한국/아시아와 반도체 자산에 번지는 장세입니다. 한국 반도체 factor와 원화 약세를 함께 확인합니다.
GOOGL,GOOGL,us_stock,higher_for_longer_long_rate_shock,Higher-for-Longer / Long-Rate Shock,장기금리 부담장,us_global,0.91327,-0.003505,0.99301,positive,0.91327,high,60.332483,rolling_beta,v3,1,4873,4873,3,market,pass,N,,2026-06-04,1,0.710094,0.0,high,N,below ACTIVE confidence/coverage trade-gate threshold,active market context,1.024127,0.99301,-0.003505,rate_sensitive,장기금리와 달러 강세 부담이 채권·성장주·신용자산을 압박하는 장세입니다. 고밸류 성장주와 반도체 factor 민감도를 점검합니다.
GOOGL,GOOGL,us_stock,geopolitical_escalation_supply_shock,Geopolitical Escalation / Supply Shock,지정학 확전·공급충격장,geopolitical,0.147115,-0.003505,1.024127,positive,0.147115,low,52.44319,rolling_beta,v3,1,4292,4292,3,manual,pass,Y,,2026-06-04,1,0.382179,0.0,medium,N,context only: source_quality=manual,context only: source_quality=manual,0.183703,,-0.003505,geopolitical_supply_shock_vulnerable,"전쟁, 제재, 해상로 차질, 대만·중동·한반도 긴장처럼 유가·금·방산·변동성이 동시에 움직이는 이벤트성 충격 장세입니다. 뉴스 overlay는 가격 신호를 보강하는 용도로만 해석합니다."
GOOGL,GOOGL,us_stock,acute_global_stress_liquidity_crunch,Acute Global Stress / Liquidity Crunch,급성 리스크오프/유동성 경색장,us_global,0.420981,-0.003505,0.99301,positive,0.420981,medium,41.987513,rolling_beta,v3,1,4873,4873,3,market,pass,N,,2026-06-04,1,0.362342,0.0,medium,N,context only: WATCH state,context only: WATCH state,1.024127,0.99301,-0.003505,liquidity_stress_vulnerable,변동성이 튀고 위험자산이 동반 약세를 보이는 단기 스트레스 장세입니다. 상관관계 상승과 유동성 악화를 우선 점검합니다.
GOOGL,GOOGL,us_stock,soft_landing_goldilocks,Soft Landing / Goldilocks,우호적 위험선호장,us_global,1.024127,-0.003505,0.99301,positive,1.024127,high,48.066958,rolling_beta,v3,1,4873,4873,3,market,pass,N,,2026-06-04,0,0.0,0.0,medium,N,non-adverse scenario,inactive scenario,1.024127,0.99301,-0.003505,risk_on_participation,우호적 위험선호장 참여 민감도
GOOGL,GOOGL,us_stock,stagflation_reinflation_energy_shock,Stagflation / Reinflation / Energy Shock,물가·에너지 재상승장,us_global,0.646062,-0.003505,1.024127,positive,0.646062,medium,53.197858,rolling_beta,v3,1,4873,4873,2,market,pass,N,,2026-06-04,0,0.0,0.0,high,N,scenario inactive,inactive scenario,0.183703,,-0.003505,stagflation_vulnerable,성장 부담이 있는데 유가·원자재·인플레이션 압력이 다시 커지는 장세입니다. 에너지/원자재 수혜와 장기채 부담을 함께 봅니다.
GOOGL,GOOGL,us_stock,korea_domestic_financial_stress,Korea Domestic Financial Stress,한국 내수 금융스트레스장,korea_market,-0.303005,-0.003505,0.006947,negative,0.303005,medium,84.809459,rolling_beta,v3,1,4292,4292,5,seed,pass,Y,,2026-06-04,0,0.0,0.0,medium,N,scenario inactive,inactive scenario,0.048255,0.006947,-0.003505,korea_financial_stress_hedge,"가계부채, 부동산 PF, 비은행권, 금융주와 건설주 스트레스가 한국 자산 전반으로 번지는 장세입니다. 금융/건설 basket, 신용 spread, 단기자금 spread, 원화 약세를 함께 점검합니다."
GOOGL,GOOGL,us_stock,semiconductor_ai_cycle_shock,Semiconductor / AI Cycle Shock,AI·반도체 사이클 충격장,korea_semiconductor,0.37173,-0.003505,0.520945,positive,0.37173,medium,77.298138,rolling_beta,v3,1,1260,1260,6,market,pass,N,,2026-06-04,0,0.0,0.0,high,N,scenario inactive,inactive scenario,0.491991,0.520945,-0.003505,semiconductor_ai_shock_vulnerable,"AI capex 기대와 반도체 모멘텀이 꺾이면서 미국 성장주와 한국 반도체 대형주가 동시에 압박받는 장세입니다. SOXX, AI leader basket, 한국 반도체 basket의 동반 약세와 원화 압력을 함께 봅니다."
GOOGL,GOOGL,us_stock,slowdown_recession_deflation_risk,Slowdown / Recession / Deflation Risk,경기둔화/침체 우려장,us_global,0.438347,-0.003505,0.99301,positive,0.438347,medium,60.696943,rolling_beta,v3,1,4873,4873,3,market,pass,N,,2026-06-04,0,0.0,0.0,high,N,scenario inactive,inactive scenario,1.024127,0.99301,-0.003505,slowdown_vulnerable,수요 둔화와 침체/디플레이션 압력이 커지는 방어적 장세입니다. 주식 beta와 신용위험을 보수적으로 봅니다.
GOVT,GOVT,bond_etf,usd_strength_krw_weakness,USD Strength / KRW Weakness,달러강세/원화약세장,fx_krw,-0.307948,0.000634,0.0,negative,0.307948,medium,78.591896,rolling_beta,v3,1,3162,3162,4,market,pass,N,,2026-06-04,1,0.958519,0.958519,high,Y,trade-gated adverse scenario with medium/high evidence,active market context,0.863633,-0.12998,0.000634,krw_weakness_hedge,달러가 강하고 원화가 약해져 KRW 기준 투자자의 환율 리스크가 커지는 장세입니다. 한국 자산과 USD 노출의 역할을 분리해 봅니다.
GOVT,GOVT,bond_etf,china_trade_fragmentation_shock,China / Trade Fragmentation Shock,중국·무역분절 충격장,china_asia,-0.082206,0.000634,0.0,negative,0.082206,low,67.121129,rolling_beta,v3,1,1260,1260,5,market,pass,N,,2026-06-04,1,0.743352,0.743352,high,Y,trade-gated adverse scenario with medium/high evidence,active market context,-0.105611,-0.12998,0.000634,china_asia_shock_hedge,중국 경기·무역갈등·공급망 충격이 한국/아시아와 반도체 자산에 번지는 장세입니다. 한국 반도체 factor와 원화 약세를 함께 확인합니다.
GOVT,GOVT,bond_etf,higher_for_longer_long_rate_shock,Higher-for-Longer / Long-Rate Shock,장기금리 부담장,us_global,0.442514,0.000634,0.088001,positive,0.442514,medium,60.332483,rolling_beta,v3,1,3589,3589,3,market,pass,N,,2026-06-04,1,0.710094,0.0,high,N,below ACTIVE confidence/coverage trade-gate threshold,active market context,0.168207,0.088001,0.000634,rate_sensitive,장기금리와 달러 강세 부담이 채권·성장주·신용자산을 압박하는 장세입니다. 고밸류 성장주와 반도체 factor 민감도를 점검합니다.
GOVT,GOVT,bond_etf,geopolitical_escalation_supply_shock,Geopolitical Escalation / Supply Shock,지정학 확전·공급충격장,geopolitical,-0.210504,0.000634,0.168207,negative,0.210504,low,52.44319,rolling_beta,v3,1,3162,3162,3,manual,pass,Y,,2026-06-04,1,0.382179,0.0,medium,N,context only: source_quality=manual,context only: source_quality=manual,0.032868,,0.000634,geopolitical_supply_shock_hedge,"전쟁, 제재, 해상로 차질, 대만·중동·한반도 긴장처럼 유가·금·방산·변동성이 동시에 움직이는 이벤트성 충격 장세입니다. 뉴스 overlay는 가격 신호를 보강하는 용도로만 해석합니다."
GOVT,GOVT,bond_etf,acute_global_stress_liquidity_crunch,Acute Global Stress / Liquidity Crunch,급성 리스크오프/유동성 경색장,us_global,-0.236011,0.000634,0.088001,negative,0.236011,low,41.987513,rolling_beta,v3,1,3589,3589,3,market,pass,N,,2026-06-04,1,0.362342,0.0,medium,N,context only: WATCH state,context only: WATCH state,0.168207,0.088001,0.000634,liquidity_stress_defense,변동성이 튀고 위험자산이 동반 약세를 보이는 단기 스트레스 장세입니다. 상관관계 상승과 유동성 악화를 우선 점검합니다.
GOVT,GOVT,bond_etf,soft_landing_goldilocks,Soft Landing / Goldilocks,우호적 위험선호장,us_global,0.168207,0.000634,0.088001,positive,0.168207,low,48.066958,rolling_beta,v3,1,3589,3589,3,market,pass,N,,2026-06-04,0,0.0,0.0,medium,N,non-adverse scenario,inactive scenario,0.168207,0.088001,0.000634,neutral_or_defensive,우호적 위험선호장 참여 민감도
GOVT,GOVT,bond_etf,stagflation_reinflation_energy_shock,Stagflation / Reinflation / Energy Shock,물가·에너지 재상승장,us_global,0.243025,0.000634,0.168207,positive,0.243025,low,53.197858,rolling_beta,v3,1,3589,3589,2,market,pass,N,,2026-06-04,0,0.0,0.0,high,N,scenario inactive,inactive scenario,0.032868,,0.000634,stagflation_vulnerable,성장 부담이 있는데 유가·원자재·인플레이션 압력이 다시 커지는 장세입니다. 에너지/원자재 수혜와 장기채 부담을 함께 봅니다.
GOVT,GOVT,bond_etf,korea_domestic_financial_stress,Korea Domestic Financial Stress,한국 내수 금융스트레스장,korea_market,-0.386302,0.000634,0.0,negative,0.386302,medium,84.809459,rolling_beta,v3,1,3162,3162,5,seed,pass,Y,,2026-06-04,0,0.0,0.0,medium,N,scenario inactive,inactive scenario,-0.105611,-0.12998,0.000634,korea_financial_stress_hedge,"가계부채, 부동산 PF, 비은행권, 금융주와 건설주 스트레스가 한국 자산 전반으로 번지는 장세입니다. 금융/건설 basket, 신용 spread, 단기자금 spread, 원화 약세를 함께 점검합니다."
GOVT,GOVT,bond_etf,semiconductor_ai_cycle_shock,Semiconductor / AI Cycle Shock,AI·반도체 사이클 충격장,korea_semiconductor,-0.2749,0.000634,0.005669,negative,0.2749,low,77.298138,rolling_beta,v3,1,1260,1260,6,market,pass,N,,2026-06-04,0,0.0,0.0,high,N,scenario inactive,inactive scenario,0.033003,0.005669,0.000634,semiconductor_ai_shock_hedge,"AI capex 기대와 반도체 모멘텀이 꺾이면서 미국 성장주와 한국 반도체 대형주가 동시에 압박받는 장세입니다. SOXX, AI leader basket, 한국 반도체 basket의 동반 약세와 원화 압력을 함께 봅니다."
GOVT,GOVT,bond_etf,slowdown_recession_deflation_risk,Slowdown / Recession / Deflation Risk,경기둔화/침체 우려장,us_global,-0.262852,0.000634,0.088001,negative,0.262852,low,60.696943,rolling_beta,v3,1,3589,3589,3,market,pass,N,,2026-06-04,0,0.0,0.0,high,N,scenario inactive,inactive scenario,0.168207,0.088001,0.000634,slowdown_defense,수요 둔화와 침체/디플레이션 압력이 커지는 방어적 장세입니다. 주식 beta와 신용위험을 보수적으로 봅니다.
GS,GS,us_stock,usd_strength_krw_weakness,USD Strength / KRW Weakness,달러강세/원화약세장,fx_krw,-0.034709,-0.002867,0.083452,neutral,0.034709,low,78.591896,rolling_beta,v3,1,4292,4292,4,market,pass,N,,2026-06-04,1,0.958519,0.958519,high,Y,trade-gated adverse scenario with medium/high evidence,active market context,0.5295,0.083452,-0.002867,krw_weakness_hedge,달러가 강하고 원화가 약해져 KRW 기준 투자자의 환율 리스크가 커지는 장세입니다. 한국 자산과 USD 노출의 역할을 분리해 봅니다.
GS,GS,us_stock,china_trade_fragmentation_shock,China / Trade Fragmentation Shock,중국·무역분절 충격장,china_asia,0.223917,-0.002867,0.083452,positive,0.223917,low,67.121129,rolling_beta,v3,1,1260,1260,5,market,pass,N,,2026-06-04,1,0.743352,0.743352,high,Y,trade-gated adverse scenario with medium/high evidence,active market context,0.119387,0.083452,-0.002867,china_asia_shock_vulnerable,중국 경기·무역갈등·공급망 충격이 한국/아시아와 반도체 자산에 번지는 장세입니다. 한국 반도체 factor와 원화 약세를 함께 확인합니다.
GS,GS,us_stock,higher_for_longer_long_rate_shock,Higher-for-Longer / Long-Rate Shock,장기금리 부담장,us_global,1.04364,-0.002867,1.269622,positive,1.04364,high,60.332483,rolling_beta,v3,1,4873,4873,3,market,pass,N,,2026-06-04,1,0.710094,0.0,high,N,below ACTIVE confidence/coverage trade-gate threshold,active market context,1.261163,1.269622,-0.002867,rate_sensitive,장기금리와 달러 강세 부담이 채권·성장주·신용자산을 압박하는 장세입니다. 고밸류 성장주와 반도체 factor 민감도를 점검합니다.
GS,GS,us_stock,geopolitical_escalation_supply_shock,Geopolitical Escalation / Supply Shock,지정학 확전·공급충격장,geopolitical,0.199964,-0.002867,1.261163,positive,0.199964,low,52.44319,rolling_beta,v3,1,4292,4292,3,manual,pass,Y,,2026-06-04,1,0.382179,0.0,medium,N,context only: source_quality=manual,context only: source_quality=manual,0.265389,,-0.002867,geopolitical_supply_shock_vulnerable,"전쟁, 제재, 해상로 차질, 대만·중동·한반도 긴장처럼 유가·금·방산·변동성이 동시에 움직이는 이벤트성 충격 장세입니다. 뉴스 overlay는 가격 신호를 보강하는 용도로만 해석합니다."
GS,GS,us_stock,acute_global_stress_liquidity_crunch,Acute Global Stress / Liquidity Crunch,급성 리스크오프/유동성 경색장,us_global,0.522671,-0.002867,1.269622,positive,0.522671,medium,41.987513,rolling_beta,v3,1,4873,4873,3,market,pass,N,,2026-06-04,1,0.362342,0.0,medium,N,context only: WATCH state,context only: WATCH state,1.261163,1.269622,-0.002867,liquidity_stress_vulnerable,변동성이 튀고 위험자산이 동반 약세를 보이는 단기 스트레스 장세입니다. 상관관계 상승과 유동성 악화를 우선 점검합니다.
GS,GS,us_stock,soft_landing_goldilocks,Soft Landing / Goldilocks,우호적 위험선호장,us_global,1.261163,-0.002867,1.269622,positive,1.261163,high,48.066958,rolling_beta,v3,1,4873,4873,3,market,pass,N,,2026-06-04,0,0.0,0.0,medium,N,non-adverse scenario,inactive scenario,1.261163,1.269622,-0.002867,risk_on_participation,우호적 위험선호장 참여 민감도
GS,GS,us_stock,stagflation_reinflation_energy_shock,Stagflation / Reinflation / Energy Shock,물가·에너지 재상승장,us_global,0.713091,-0.002867,1.261163,positive,0.713091,medium,53.197858,rolling_beta,v3,1,4873,4873,2,market,pass,N,,2026-06-04,0,0.0,0.0,high,N,scenario inactive,inactive scenario,0.265389,,-0.002867,stagflation_vulnerable,성장 부담이 있는데 유가·원자재·인플레이션 압력이 다시 커지는 장세입니다. 에너지/원자재 수혜와 장기채 부담을 함께 봅니다.
GS,GS,us_stock,korea_domestic_financial_stress,Korea Domestic Financial Stress,한국 내수 금융스트레스장,korea_market,0.154971,-0.002867,0.083452,positive,0.154971,low,84.809459,rolling_beta,v3,1,4292,4292,5,seed,pass,Y,,2026-06-04,0,0.0,0.0,medium,N,scenario inactive,inactive scenario,0.119387,0.083452,-0.002867,korea_financial_stress_vulnerable,"가계부채, 부동산 PF, 비은행권, 금융주와 건설주 스트레스가 한국 자산 전반으로 번지는 장세입니다. 금융/건설 basket, 신용 spread, 단기자금 spread, 원화 약세를 함께 점검합니다."
GS,GS,us_stock,semiconductor_ai_cycle_shock,Semiconductor / AI Cycle Shock,AI·반도체 사이클 충격장,korea_semiconductor,0.169741,-0.002867,0.498419,positive,0.169741,low,77.298138,rolling_beta,v3,1,1260,1260,6,market,pass,N,,2026-06-04,0,0.0,0.0,high,N,scenario inactive,inactive scenario,0.431096,0.498419,-0.002867,semiconductor_ai_shock_vulnerable,"AI capex 기대와 반도체 모멘텀이 꺾이면서 미국 성장주와 한국 반도체 대형주가 동시에 압박받는 장세입니다. SOXX, AI leader basket, 한국 반도체 basket의 동반 약세와 원화 압력을 함께 봅니다."
GS,GS,us_stock,slowdown_recession_deflation_risk,Slowdown / Recession / Deflation Risk,경기둔화/침체 우려장,us_global,0.570114,-0.002867,1.269622,positive,0.570114,medium,60.696943,rolling_beta,v3,1,4873,4873,3,market,pass,N,,2026-06-04,0,0.0,0.0,high,N,scenario inactive,inactive scenario,1.261163,1.269622,-0.002867,slowdown_vulnerable,수요 둔화와 침체/디플레이션 압력이 커지는 방어적 장세입니다. 주식 beta와 신용위험을 보수적으로 봅니다.
GSG,GSG,commodity_etf,usd_strength_krw_weakness,USD Strength / KRW Weakness,달러강세/원화약세장,fx_krw,-0.205081,-0.004214,0.122381,negative,0.205081,low,78.591896,rolling_beta,v3,1,4292,4292,4,market,pass,N,,2026-06-04,1,0.958519,0.958519,high,Y,trade-gated adverse scenario with medium/high evidence,active market context,0.742236,0.122381,-0.004214,krw_weakness_hedge,달러가 강하고 원화가 약해져 KRW 기준 투자자의 환율 리스크가 커지는 장세입니다. 한국 자산과 USD 노출의 역할을 분리해 봅니다.
GSG,GSG,commodity_etf,china_trade_fragmentation_shock,China / Trade Fragmentation Shock,중국·무역분절 충격장,china_asia,0.121292,-0.004214,0.122381,positive,0.121292,low,67.121129,rolling_beta,v3,1,1260,1260,5,market,pass,N,,2026-06-04,1,0.743352,0.743352,high,Y,trade-gated adverse scenario with medium/high evidence,active market context,0.042281,0.122381,-0.004214,china_asia_shock_vulnerable,중국 경기·무역갈등·공급망 충격이 한국/아시아와 반도체 자산에 번지는 장세입니다. 한국 반도체 factor와 원화 약세를 함께 확인합니다.
GSG,GSG,commodity_etf,higher_for_longer_long_rate_shock,Higher-for-Longer / Long-Rate Shock,장기금리 부담장,us_global,0.218821,-0.004214,0.712518,positive,0.218821,low,60.332483,rolling_beta,v3,1,4873,4873,3,market,pass,N,,2026-06-04,1,0.710094,0.0,high,N,below ACTIVE confidence/coverage trade-gate threshold,active market context,0.579674,0.712518,-0.004214,rate_sensitive,장기금리와 달러 강세 부담이 채권·성장주·신용자산을 압박하는 장세입니다. 고밸류 성장주와 반도체 factor 민감도를 점검합니다.
GSG,GSG,commodity_etf,geopolitical_escalation_supply_shock,Geopolitical Escalation / Supply Shock,지정학 확전·공급충격장,geopolitical,-0.138068,-0.004214,0.579674,negative,0.138068,low,52.44319,rolling_beta,v3,1,4292,4292,3,manual,pass,Y,,2026-06-04,1,0.382179,0.0,medium,N,context only: source_quality=manual,context only: source_quality=manual,0.602295,,-0.004214,geopolitical_supply_shock_hedge,"전쟁, 제재, 해상로 차질, 대만·중동·한반도 긴장처럼 유가·금·방산·변동성이 동시에 움직이는 이벤트성 충격 장세입니다. 뉴스 overlay는 가격 신호를 보강하는 용도로만 해석합니다."
GSG,GSG,commodity_etf,acute_global_stress_liquidity_crunch,Acute Global Stress / Liquidity Crunch,급성 리스크오프/유동성 경색장,us_global,0.508464,-0.004214,0.712518,positive,0.508464,medium,41.987513,rolling_beta,v3,1,4873,4873,3,market,pass,N,,2026-06-04,1,0.362342,0.0,medium,N,context only: WATCH state,context only: WATCH state,0.579674,0.712518,-0.004214,liquidity_stress_vulnerable,변동성이 튀고 위험자산이 동반 약세를 보이는 단기 스트레스 장세입니다. 상관관계 상승과 유동성 악화를 우선 점검합니다.
GSG,GSG,commodity_etf,soft_landing_goldilocks,Soft Landing / Goldilocks,우호적 위험선호장,us_global,0.579674,-0.004214,0.712518,positive,0.579674,medium,48.066958,rolling_beta,v3,1,4873,4873,3,market,pass,N,,2026-06-04,0,0.0,0.0,medium,N,non-adverse scenario,inactive scenario,0.579674,0.712518,-0.004214,risk_on_participation,우호적 위험선호장 참여 민감도
GSG,GSG,commodity_etf,stagflation_reinflation_energy_shock,Stagflation / Reinflation / Energy Shock,물가·에너지 재상승장,us_global,-0.141756,-0.004214,0.579674,negative,0.141756,low,53.197858,rolling_beta,v3,1,4873,4873,2,market,pass,N,,2026-06-04,0,0.0,0.0,high,N,scenario inactive,inactive scenario,0.602295,,-0.004214,inflation_hedge,성장 부담이 있는데 유가·원자재·인플레이션 압력이 다시 커지는 장세입니다. 에너지/원자재 수혜와 장기채 부담을 함께 봅니다.
GSG,GSG,commodity_etf,korea_domestic_financial_stress,Korea Domestic Financial Stress,한국 내수 금융스트레스장,korea_market,0.031491,-0.004214,0.122381,neutral,0.031491,low,84.809459,rolling_beta,v3,1,4292,4292,5,seed,pass,Y,,2026-06-04,0,0.0,0.0,medium,N,scenario inactive,inactive scenario,0.042281,0.122381,-0.004214,korea_financial_stress_vulnerable,"가계부채, 부동산 PF, 비은행권, 금융주와 건설주 스트레스가 한국 자산 전반으로 번지는 장세입니다. 금융/건설 basket, 신용 spread, 단기자금 spread, 원화 약세를 함께 점검합니다."
GSG,GSG,commodity_etf,semiconductor_ai_cycle_shock,Semiconductor / AI Cycle Shock,AI·반도체 사이클 충격장,korea_semiconductor,0.131058,-0.004214,0.132447,positive,0.131058,low,77.298138,rolling_beta,v3,1,1260,1260,6,market,pass,N,,2026-06-04,0,0.0,0.0,high,N,scenario inactive,inactive scenario,0.103734,0.132447,-0.004214,semiconductor_ai_shock_vulnerable,"AI capex 기대와 반도체 모멘텀이 꺾이면서 미국 성장주와 한국 반도체 대형주가 동시에 압박받는 장세입니다. SOXX, AI leader basket, 한국 반도체 basket의 동반 약세와 원화 압력을 함께 봅니다."
GSG,GSG,commodity_etf,slowdown_recession_deflation_risk,Slowdown / Recession / Deflation Risk,경기둔화/침체 우려장,us_global,0.524289,-0.004214,0.712518,positive,0.524289,medium,60.696943,rolling_beta,v3,1,4873,4873,3,market,pass,N,,2026-06-04,0,0.0,0.0,high,N,scenario inactive,inactive scenario,0.579674,0.712518,-0.004214,slowdown_vulnerable,수요 둔화와 침체/디플레이션 압력이 커지는 방어적 장세입니다. 주식 beta와 신용위험을 보수적으로 봅니다.
HD,HD,us_stock,usd_strength_krw_weakness,USD Strength / KRW Weakness,달러강세/원화약세장,fx_krw,-0.100686,0.000454,0.0,negative,0.100686,low,78.591896,rolling_beta,v3,1,4292,4292,4,market,pass,N,,2026-06-04,1,0.958519,0.958519,high,Y,trade-gated adverse scenario with medium/high evidence,active market context,0.702248,-0.00855,0.000454,krw_weakness_hedge,달러가 강하고 원화가 약해져 KRW 기준 투자자의 환율 리스크가 커지는 장세입니다. 한국 자산과 USD 노출의 역할을 분리해 봅니다.
HD,HD,us_stock,china_trade_fragmentation_shock,China / Trade Fragmentation Shock,중국·무역분절 충격장,china_asia,0.08811,0.000454,0.0,positive,0.08811,low,67.121129,rolling_beta,v3,1,1260,1260,5,market,pass,N,,2026-06-04,1,0.743352,0.743352,high,Y,trade-gated adverse scenario with medium/high evidence,active market context,0.021641,-0.00855,0.000454,china_asia_shock_vulnerable,중국 경기·무역갈등·공급망 충격이 한국/아시아와 반도체 자산에 번지는 장세입니다. 한국 반도체 factor와 원화 약세를 함께 확인합니다.
HD,HD,us_stock,higher_for_longer_long_rate_shock,Higher-for-Longer / Long-Rate Shock,장기금리 부담장,us_global,0.898492,0.000454,0.987781,positive,0.898492,high,60.332483,rolling_beta,v3,1,4873,4873,3,market,pass,N,,2026-06-04,1,0.710094,0.0,high,N,below ACTIVE confidence/coverage trade-gate threshold,active market context,0.997258,0.987781,0.000454,rate_sensitive,장기금리와 달러 강세 부담이 채권·성장주·신용자산을 압박하는 장세입니다. 고밸류 성장주와 반도체 factor 민감도를 점검합니다.
HD,HD,us_stock,geopolitical_escalation_supply_shock,Geopolitical Escalation / Supply Shock,지정학 확전·공급충격장,geopolitical,0.051871,0.000454,0.997258,positive,0.051871,low,52.44319,rolling_beta,v3,1,4292,4292,3,manual,pass,Y,,2026-06-04,1,0.382179,0.0,medium,N,context only: source_quality=manual,context only: source_quality=manual,0.173242,,0.000454,geopolitical_supply_shock_vulnerable,"전쟁, 제재, 해상로 차질, 대만·중동·한반도 긴장처럼 유가·금·방산·변동성이 동시에 움직이는 이벤트성 충격 장세입니다. 뉴스 overlay는 가격 신호를 보강하는 용도로만 해석합니다."
HD,HD,us_stock,acute_global_stress_liquidity_crunch,Acute Global Stress / Liquidity Crunch,급성 리스크오프/유동성 경색장,us_global,0.228077,0.000454,0.987781,positive,0.228077,low,41.987513,rolling_beta,v3,1,4873,4873,3,market,pass,N,,2026-06-04,1,0.362342,0.0,medium,N,context only: WATCH state,context only: WATCH state,0.997258,0.987781,0.000454,liquidity_stress_vulnerable,변동성이 튀고 위험자산이 동반 약세를 보이는 단기 스트레스 장세입니다. 상관관계 상승과 유동성 악화를 우선 점검합니다.
HD,HD,us_stock,soft_landing_goldilocks,Soft Landing / Goldilocks,우호적 위험선호장,us_global,0.997258,0.000454,0.987781,positive,0.997258,high,48.066958,rolling_beta,v3,1,4873,4873,3,market,pass,N,,2026-06-04,0,0.0,0.0,medium,N,non-adverse scenario,inactive scenario,0.997258,0.987781,0.000454,risk_on_participation,우호적 위험선호장 참여 민감도
HD,HD,us_stock,stagflation_reinflation_energy_shock,Stagflation / Reinflation / Energy Shock,물가·에너지 재상승장,us_global,0.537699,0.000454,0.997258,positive,0.537699,medium,53.197858,rolling_beta,v3,1,4873,4873,2,market,pass,N,,2026-06-04,0,0.0,0.0,high,N,scenario inactive,inactive scenario,0.173242,,0.000454,stagflation_vulnerable,성장 부담이 있는데 유가·원자재·인플레이션 압력이 다시 커지는 장세입니다. 에너지/원자재 수혜와 장기채 부담을 함께 봅니다.
HD,HD,us_stock,korea_domestic_financial_stress,Korea Domestic Financial Stress,한국 내수 금융스트레스장,korea_market,-0.39843,0.000454,0.0,negative,0.39843,medium,84.809459,rolling_beta,v3,1,4292,4292,5,seed,pass,Y,,2026-06-04,0,0.0,0.0,medium,N,scenario inactive,inactive scenario,0.021641,-0.00855,0.000454,korea_financial_stress_hedge,"가계부채, 부동산 PF, 비은행권, 금융주와 건설주 스트레스가 한국 자산 전반으로 번지는 장세입니다. 금융/건설 basket, 신용 spread, 단기자금 spread, 원화 약세를 함께 점검합니다."
HD,HD,us_stock,semiconductor_ai_cycle_shock,Semiconductor / AI Cycle Shock,AI·반도체 사이클 충격장,korea_semiconductor,-0.024522,0.000454,0.239957,neutral,0.024522,low,77.298138,rolling_beta,v3,1,1260,1260,6,market,pass,N,,2026-06-04,0,0.0,0.0,high,N,scenario inactive,inactive scenario,0.292633,0.239957,0.000454,semiconductor_ai_shock_hedge,"AI capex 기대와 반도체 모멘텀이 꺾이면서 미국 성장주와 한국 반도체 대형주가 동시에 압박받는 장세입니다. SOXX, AI leader basket, 한국 반도체 basket의 동반 약세와 원화 압력을 함께 봅니다."
HD,HD,us_stock,slowdown_recession_deflation_risk,Slowdown / Recession / Deflation Risk,경기둔화/침체 우려장,us_global,0.282339,0.000454,0.987781,positive,0.282339,low,60.696943,rolling_beta,v3,1,4873,4873,3,market,pass,N,,2026-06-04,0,0.0,0.0,high,N,scenario inactive,inactive scenario,0.997258,0.987781,0.000454,slowdown_vulnerable,수요 둔화와 침체/디플레이션 압력이 커지는 방어적 장세입니다. 주식 beta와 신용위험을 보수적으로 봅니다.
HYG,HYG,bond_etf,usd_strength_krw_weakness,USD Strength / KRW Weakness,달러강세/원화약세장,fx_krw,-0.226569,-0.001305,0.008446,negative,0.226569,low,78.591896,rolling_beta,v3,1,4226,4226,4,market,pass,N,,2026-06-04,1,0.958519,0.958519,high,Y,trade-gated adverse scenario with medium/high evidence,active market context,0.746458,0.008446,-0.001305,krw_weakness_hedge,달러가 강하고 원화가 약해져 KRW 기준 투자자의 환율 리스크가 커지는 장세입니다. 한국 자산과 USD 노출의 역할을 분리해 봅니다.
HYG,HYG,bond_etf,china_trade_fragmentation_shock,China / Trade Fragmentation Shock,중국·무역분절 충격장,china_asia,0.031379,-0.001305,0.008446,neutral,0.031379,low,67.121129,rolling_beta,v3,1,1260,1260,5,market,pass,N,,2026-06-04,1,0.743352,0.743352,high,Y,trade-gated adverse scenario with medium/high evidence,active market context,-0.020853,0.008446,-0.001305,china_asia_shock_vulnerable,중국 경기·무역갈등·공급망 충격이 한국/아시아와 반도체 자산에 번지는 장세입니다. 한국 반도체 factor와 원화 약세를 함께 확인합니다.
HYG,HYG,bond_etf,higher_for_longer_long_rate_shock,Higher-for-Longer / Long-Rate Shock,장기금리 부담장,us_global,0.621548,-0.001305,0.492008,positive,0.621548,medium,60.332483,rolling_beta,v3,1,4806,4806,3,market,pass,N,,2026-06-04,1,0.710094,0.0,high,N,below ACTIVE confidence/coverage trade-gate threshold,active market context,0.493724,0.492008,-0.001305,rate_sensitive,장기금리와 달러 강세 부담이 채권·성장주·신용자산을 압박하는 장세입니다. 고밸류 성장주와 반도체 factor 민감도를 점검합니다.
HYG,HYG,bond_etf,geopolitical_escalation_supply_shock,Geopolitical Escalation / Supply Shock,지정학 확전·공급충격장,geopolitical,-0.072202,-0.001305,0.493724,negative,0.072202,low,52.44319,rolling_beta,v3,1,4226,4226,3,manual,pass,Y,,2026-06-04,1,0.382179,0.0,medium,N,context only: source_quality=manual,context only: source_quality=manual,0.133622,,-0.001305,geopolitical_supply_shock_hedge,"전쟁, 제재, 해상로 차질, 대만·중동·한반도 긴장처럼 유가·금·방산·변동성이 동시에 움직이는 이벤트성 충격 장세입니다. 뉴스 overlay는 가격 신호를 보강하는 용도로만 해석합니다."
HYG,HYG,bond_etf,acute_global_stress_liquidity_crunch,Acute Global Stress / Liquidity Crunch,급성 리스크오프/유동성 경색장,us_global,0.030291,-0.001305,0.492008,neutral,0.030291,low,41.987513,rolling_beta,v3,1,4806,4806,3,market,pass,N,,2026-06-04,1,0.362342,0.0,medium,N,context only: WATCH state,context only: WATCH state,0.493724,0.492008,-0.001305,liquidity_stress_vulnerable,변동성이 튀고 위험자산이 동반 약세를 보이는 단기 스트레스 장세입니다. 상관관계 상승과 유동성 악화를 우선 점검합니다.
HYG,HYG,bond_etf,soft_landing_goldilocks,Soft Landing / Goldilocks,우호적 위험선호장,us_global,0.493724,-0.001305,0.492008,positive,0.493724,medium,48.066958,rolling_beta,v3,1,4806,4806,3,market,pass,N,,2026-06-04,0,0.0,0.0,medium,N,non-adverse scenario,inactive scenario,0.493724,0.492008,-0.001305,risk_on_participation,우호적 위험선호장 참여 민감도
HYG,HYG,bond_etf,stagflation_reinflation_energy_shock,Stagflation / Reinflation / Energy Shock,물가·에너지 재상승장,us_global,0.405438,-0.001305,0.493724,positive,0.405438,medium,53.197858,rolling_beta,v3,1,4806,4806,2,market,pass,N,,2026-06-04,0,0.0,0.0,high,N,scenario inactive,inactive scenario,0.133622,,-0.001305,stagflation_vulnerable,성장 부담이 있는데 유가·원자재·인플레이션 압력이 다시 커지는 장세입니다. 에너지/원자재 수혜와 장기채 부담을 함께 봅니다.
HYG,HYG,bond_etf,korea_domestic_financial_stress,Korea Domestic Financial Stress,한국 내수 금융스트레스장,korea_market,-0.255397,-0.001305,0.008446,negative,0.255397,low,84.809459,rolling_beta,v3,1,4226,4226,5,seed,pass,Y,,2026-06-04,0,0.0,0.0,medium,N,scenario inactive,inactive scenario,-0.020853,0.008446,-0.001305,korea_financial_stress_hedge,"가계부채, 부동산 PF, 비은행권, 금융주와 건설주 스트레스가 한국 자산 전반으로 번지는 장세입니다. 금융/건설 basket, 신용 spread, 단기자금 spread, 원화 약세를 함께 점검합니다."
HYG,HYG,bond_etf,semiconductor_ai_cycle_shock,Semiconductor / AI Cycle Shock,AI·반도체 사이클 충격장,korea_semiconductor,-0.142231,-0.001305,0.140694,negative,0.142231,low,77.298138,rolling_beta,v3,1,1260,1260,6,market,pass,N,,2026-06-04,0,0.0,0.0,high,N,scenario inactive,inactive scenario,0.150424,0.140694,-0.001305,semiconductor_ai_shock_hedge,"AI capex 기대와 반도체 모멘텀이 꺾이면서 미국 성장주와 한국 반도체 대형주가 동시에 압박받는 장세입니다. SOXX, AI leader basket, 한국 반도체 basket의 동반 약세와 원화 압력을 함께 봅니다."
HYG,HYG,bond_etf,slowdown_recession_deflation_risk,Slowdown / Recession / Deflation Risk,경기둔화/침체 우려장,us_global,0.016609,-0.001305,0.492008,neutral,0.016609,low,60.696943,rolling_beta,v3,1,4806,4806,3,market,pass,N,,2026-06-04,0,0.0,0.0,high,N,scenario inactive,inactive scenario,0.493724,0.492008,-0.001305,slowdown_vulnerable,수요 둔화와 침체/디플레이션 압력이 커지는 방어적 장세입니다. 주식 beta와 신용위험을 보수적으로 봅니다.
IAU,IAU,gold_etf,usd_strength_krw_weakness,USD Strength / KRW Weakness,달러강세/원화약세장,fx_krw,-0.284253,-0.000527,0.0,negative,0.284253,low,78.591896,rolling_beta,v3,1,4292,4292,4,market,pass,N,,2026-06-04,1,0.958519,0.958519,high,Y,trade-gated adverse scenario with medium/high evidence,active market context,0.851878,-0.034542,-0.000527,krw_weakness_hedge,달러가 강하고 원화가 약해져 KRW 기준 투자자의 환율 리스크가 커지는 장세입니다. 한국 자산과 USD 노출의 역할을 분리해 봅니다.
IAU,IAU,gold_etf,china_trade_fragmentation_shock,China / Trade Fragmentation Shock,중국·무역분절 충격장,china_asia,-0.034224,-0.000527,0.0,neutral,0.034224,low,67.121129,rolling_beta,v3,1,1260,1260,5,market,pass,N,,2026-06-04,1,0.743352,0.743352,high,Y,trade-gated adverse scenario with medium/high evidence,active market context,-0.059199,-0.034542,-0.000527,china_asia_shock_hedge,중국 경기·무역갈등·공급망 충격이 한국/아시아와 반도체 자산에 번지는 장세입니다. 한국 반도체 factor와 원화 약세를 함께 확인합니다.
IAU,IAU,gold_etf,higher_for_longer_long_rate_shock,Higher-for-Longer / Long-Rate Shock,장기금리 부담장,us_global,0.044643,-0.000527,0.265536,neutral,0.044643,low,60.332483,rolling_beta,v3,1,4873,4873,3,market,pass,N,,2026-06-04,1,0.710094,0.0,high,N,below ACTIVE confidence/coverage trade-gate threshold,active market context,0.262987,0.265536,-0.000527,rate_sensitive,장기금리와 달러 강세 부담이 채권·성장주·신용자산을 압박하는 장세입니다. 고밸류 성장주와 반도체 factor 민감도를 점검합니다.
IAU,IAU,gold_etf,geopolitical_escalation_supply_shock,Geopolitical Escalation / Supply Shock,지정학 확전·공급충격장,geopolitical,-0.58181,-0.000527,0.262987,negative,0.58181,medium,52.44319,rolling_beta,v3,1,4292,4292,3,manual,pass,Y,,2026-06-04,1,0.382179,0.0,medium,N,context only: source_quality=manual,context only: source_quality=manual,0.149781,,-0.000527,geopolitical_supply_shock_hedge,"전쟁, 제재, 해상로 차질, 대만·중동·한반도 긴장처럼 유가·금·방산·변동성이 동시에 움직이는 이벤트성 충격 장세입니다. 뉴스 overlay는 가격 신호를 보강하는 용도로만 해석합니다."
IAU,IAU,gold_etf,acute_global_stress_liquidity_crunch,Acute Global Stress / Liquidity Crunch,급성 리스크오프/유동성 경색장,us_global,-0.131636,-0.000527,0.265536,negative,0.131636,low,41.987513,rolling_beta,v3,1,4873,4873,3,market,pass,N,,2026-06-04,1,0.362342,0.0,medium,N,context only: WATCH state,context only: WATCH state,0.262987,0.265536,-0.000527,liquidity_stress_defense,변동성이 튀고 위험자산이 동반 약세를 보이는 단기 스트레스 장세입니다. 상관관계 상승과 유동성 악화를 우선 점검합니다.
IAU,IAU,gold_etf,soft_landing_goldilocks,Soft Landing / Goldilocks,우호적 위험선호장,us_global,0.262987,-0.000527,0.265536,positive,0.262987,low,48.066958,rolling_beta,v3,1,4873,4873,3,market,pass,N,,2026-06-04,0,0.0,0.0,medium,N,non-adverse scenario,inactive scenario,0.262987,0.265536,-0.000527,risk_on_participation,우호적 위험선호장 참여 민감도
IAU,IAU,gold_etf,stagflation_reinflation_energy_shock,Stagflation / Reinflation / Energy Shock,물가·에너지 재상승장,us_global,-0.344776,-0.000527,0.262987,negative,0.344776,medium,53.197858,rolling_beta,v3,1,4873,4873,2,market,pass,N,,2026-06-04,0,0.0,0.0,high,N,scenario inactive,inactive scenario,0.149781,,-0.000527,inflation_hedge,성장 부담이 있는데 유가·원자재·인플레이션 압력이 다시 커지는 장세입니다. 에너지/원자재 수혜와 장기채 부담을 함께 봅니다.
IAU,IAU,gold_etf,korea_domestic_financial_stress,Korea Domestic Financial Stress,한국 내수 금융스트레스장,korea_market,-0.35904,-0.000527,0.0,negative,0.35904,medium,84.809459,rolling_beta,v3,1,4292,4292,5,seed,pass,Y,,2026-06-04,0,0.0,0.0,medium,N,scenario inactive,inactive scenario,-0.059199,-0.034542,-0.000527,korea_financial_stress_hedge,"가계부채, 부동산 PF, 비은행권, 금융주와 건설주 스트레스가 한국 자산 전반으로 번지는 장세입니다. 금융/건설 basket, 신용 spread, 단기자금 spread, 원화 약세를 함께 점검합니다."
IAU,IAU,gold_etf,semiconductor_ai_cycle_shock,Semiconductor / AI Cycle Shock,AI·반도체 사이클 충격장,korea_semiconductor,-0.210387,-0.000527,0.089927,negative,0.210387,low,77.298138,rolling_beta,v3,1,1260,1260,6,market,pass,N,,2026-06-04,0,0.0,0.0,high,N,scenario inactive,inactive scenario,0.088903,0.089927,-0.000527,semiconductor_ai_shock_hedge,"AI capex 기대와 반도체 모멘텀이 꺾이면서 미국 성장주와 한국 반도체 대형주가 동시에 압박받는 장세입니다. SOXX, AI leader basket, 한국 반도체 basket의 동반 약세와 원화 압력을 함께 봅니다."
IAU,IAU,gold_etf,slowdown_recession_deflation_risk,Slowdown / Recession / Deflation Risk,경기둔화/침체 우려장,us_global,-0.160609,-0.000527,0.265536,negative,0.160609,low,60.696943,rolling_beta,v3,1,4873,4873,3,market,pass,N,,2026-06-04,0,0.0,0.0,high,N,scenario inactive,inactive scenario,0.262987,0.265536,-0.000527,slowdown_defense,수요 둔화와 침체/디플레이션 압력이 커지는 방어적 장세입니다. 주식 beta와 신용위험을 보수적으로 봅니다.
ICLN,ICLN,equity_etf,usd_strength_krw_weakness,USD Strength / KRW Weakness,달러강세/원화약세장,fx_krw,-0.085894,-0.004796,0.194566,negative,0.085894,low,78.591896,rolling_beta,v3,1,3966,3966,4,market,pass,N,,2026-06-04,1,0.958519,0.958519,high,Y,trade-gated adverse scenario with medium/high evidence,active market context,0.341535,0.194566,-0.004796,krw_weakness_hedge,달러가 강하고 원화가 약해져 KRW 기준 투자자의 환율 리스크가 커지는 장세입니다. 한국 자산과 USD 노출의 역할을 분리해 봅니다.
ICLN,ICLN,equity_etf,china_trade_fragmentation_shock,China / Trade Fragmentation Shock,중국·무역분절 충격장,china_asia,0.23118,-0.004796,0.194566,positive,0.23118,low,67.121129,rolling_beta,v3,1,1260,1260,5,market,pass,N,,2026-06-04,1,0.743352,0.743352,high,Y,trade-gated adverse scenario with medium/high evidence,active market context,0.199548,0.194566,-0.004796,china_asia_shock_vulnerable,중국 경기·무역갈등·공급망 충격이 한국/아시아와 반도체 자산에 번지는 장세입니다. 한국 반도체 factor와 원화 약세를 함께 확인합니다.
ICLN,ICLN,equity_etf,higher_for_longer_long_rate_shock,Higher-for-Longer / Long-Rate Shock,장기금리 부담장,us_global,0.931033,-0.004796,1.122388,positive,0.931033,high,60.332483,rolling_beta,v3,1,4501,4501,3,market,pass,N,,2026-06-04,1,0.710094,0.0,high,N,below ACTIVE confidence/coverage trade-gate threshold,active market context,1.056423,1.122388,-0.004796,rate_sensitive,장기금리와 달러 강세 부담이 채권·성장주·신용자산을 압박하는 장세입니다. 고밸류 성장주와 반도체 factor 민감도를 점검합니다.
ICLN,ICLN,equity_etf,geopolitical_escalation_supply_shock,Geopolitical Escalation / Supply Shock,지정학 확전·공급충격장,geopolitical,-0.215384,-0.004796,1.056423,negative,0.215384,low,52.44319,rolling_beta,v3,1,3966,3966,3,manual,pass,Y,,2026-06-04,1,0.382179,0.0,medium,N,context only: source_quality=manual,context only: source_quality=manual,0.269668,,-0.004796,geopolitical_supply_shock_hedge,"전쟁, 제재, 해상로 차질, 대만·중동·한반도 긴장처럼 유가·금·방산·변동성이 동시에 움직이는 이벤트성 충격 장세입니다. 뉴스 overlay는 가격 신호를 보강하는 용도로만 해석합니다."
ICLN,ICLN,equity_etf,acute_global_stress_liquidity_crunch,Acute Global Stress / Liquidity Crunch,급성 리스크오프/유동성 경색장,us_global,0.796845,-0.004796,1.122388,positive,0.796845,high,41.987513,rolling_beta,v3,1,4501,4501,3,market,pass,N,,2026-06-04,1,0.362342,0.0,medium,N,context only: WATCH state,context only: WATCH state,1.056423,1.122388,-0.004796,liquidity_stress_vulnerable,변동성이 튀고 위험자산이 동반 약세를 보이는 단기 스트레스 장세입니다. 상관관계 상승과 유동성 악화를 우선 점검합니다.
ICLN,ICLN,equity_etf,soft_landing_goldilocks,Soft Landing / Goldilocks,우호적 위험선호장,us_global,1.056423,-0.004796,1.122388,positive,1.056423,high,48.066958,rolling_beta,v3,1,4501,4501,3,market,pass,N,,2026-06-04,0,0.0,0.0,medium,N,non-adverse scenario,inactive scenario,1.056423,1.122388,-0.004796,risk_on_participation,우호적 위험선호장 참여 민감도
ICLN,ICLN,equity_etf,stagflation_reinflation_energy_shock,Stagflation / Reinflation / Energy Shock,물가·에너지 재상승장,us_global,0.239644,-0.004796,1.056423,positive,0.239644,low,53.197858,rolling_beta,v3,1,4501,4501,2,market,pass,N,,2026-06-04,0,0.0,0.0,high,N,scenario inactive,inactive scenario,0.269668,,-0.004796,stagflation_vulnerable,성장 부담이 있는데 유가·원자재·인플레이션 압력이 다시 커지는 장세입니다. 에너지/원자재 수혜와 장기채 부담을 함께 봅니다.
ICLN,ICLN,equity_etf,korea_domestic_financial_stress,Korea Domestic Financial Stress,한국 내수 금융스트레스장,korea_market,-0.239647,-0.004796,0.194566,negative,0.239647,low,84.809459,rolling_beta,v3,1,3966,3966,5,seed,pass,Y,,2026-06-04,0,0.0,0.0,medium,N,scenario inactive,inactive scenario,0.199548,0.194566,-0.004796,korea_financial_stress_hedge,"가계부채, 부동산 PF, 비은행권, 금융주와 건설주 스트레스가 한국 자산 전반으로 번지는 장세입니다. 금융/건설 basket, 신용 spread, 단기자금 spread, 원화 약세를 함께 점검합니다."
ICLN,ICLN,equity_etf,semiconductor_ai_cycle_shock,Semiconductor / AI Cycle Shock,AI·반도체 사이클 충격장,korea_semiconductor,0.335692,-0.004796,0.346712,positive,0.335692,medium,77.298138,rolling_beta,v3,1,1260,1260,6,market,pass,N,,2026-06-04,0,0.0,0.0,high,N,scenario inactive,inactive scenario,0.413702,0.346712,-0.004796,semiconductor_ai_shock_vulnerable,"AI capex 기대와 반도체 모멘텀이 꺾이면서 미국 성장주와 한국 반도체 대형주가 동시에 압박받는 장세입니다. SOXX, AI leader basket, 한국 반도체 basket의 동반 약세와 원화 압력을 함께 봅니다."
ICLN,ICLN,equity_etf,slowdown_recession_deflation_risk,Slowdown / Recession / Deflation Risk,경기둔화/침체 우려장,us_global,0.504529,-0.004796,1.122388,positive,0.504529,medium,60.696943,rolling_beta,v3,1,4501,4501,3,market,pass,N,,2026-06-04,0,0.0,0.0,high,N,scenario inactive,inactive scenario,1.056423,1.122388,-0.004796,slowdown_vulnerable,수요 둔화와 침체/디플레이션 압력이 커지는 방어적 장세입니다. 주식 beta와 신용위험을 보수적으로 봅니다.
IEF,IEF,bond_etf,usd_strength_krw_weakness,USD Strength / KRW Weakness,달러강세/원화약세장,fx_krw,-0.310204,0.000289,0.0,negative,0.310204,medium,78.591896,rolling_beta,v3,1,4292,4292,4,market,pass,N,,2026-06-04,1,0.958519,0.958519,high,Y,trade-gated adverse scenario with medium/high evidence,active market context,0.965538,-0.151274,0.000289,krw_weakness_hedge,달러가 강하고 원화가 약해져 KRW 기준 투자자의 환율 리스크가 커지는 장세입니다. 한국 자산과 USD 노출의 역할을 분리해 봅니다.
IEF,IEF,bond_etf,china_trade_fragmentation_shock,China / Trade Fragmentation Shock,중국·무역분절 충격장,china_asia,-0.07538,0.000289,0.0,negative,0.07538,low,67.121129,rolling_beta,v3,1,1260,1260,5,market,pass,N,,2026-06-04,1,0.743352,0.743352,high,Y,trade-gated adverse scenario with medium/high evidence,active market context,-0.152658,-0.151274,0.000289,china_asia_shock_hedge,중국 경기·무역갈등·공급망 충격이 한국/아시아와 반도체 자산에 번지는 장세입니다. 한국 반도체 factor와 원화 약세를 함께 확인합니다.
IEF,IEF,bond_etf,higher_for_longer_long_rate_shock,Higher-for-Longer / Long-Rate Shock,장기금리 부담장,us_global,0.437551,0.000289,0.108419,positive,0.437551,medium,60.332483,rolling_beta,v3,1,4873,4873,3,market,pass,N,,2026-06-04,1,0.710094,0.0,high,N,below ACTIVE confidence/coverage trade-gate threshold,active market context,0.159183,0.108419,0.000289,rate_sensitive,장기금리와 달러 강세 부담이 채권·성장주·신용자산을 압박하는 장세입니다. 고밸류 성장주와 반도체 factor 민감도를 점검합니다.
IEF,IEF,bond_etf,geopolitical_escalation_supply_shock,Geopolitical Escalation / Supply Shock,지정학 확전·공급충격장,geopolitical,-0.200887,0.000289,0.159183,negative,0.200887,low,52.44319,rolling_beta,v3,1,4292,4292,3,manual,pass,Y,,2026-06-04,1,0.382179,0.0,medium,N,context only: source_quality=manual,context only: source_quality=manual,0.045626,,0.000289,geopolitical_supply_shock_hedge,"전쟁, 제재, 해상로 차질, 대만·중동·한반도 긴장처럼 유가·금·방산·변동성이 동시에 움직이는 이벤트성 충격 장세입니다. 뉴스 overlay는 가격 신호를 보강하는 용도로만 해석합니다."
IEF,IEF,bond_etf,acute_global_stress_liquidity_crunch,Acute Global Stress / Liquidity Crunch,급성 리스크오프/유동성 경색장,us_global,-0.22544,0.000289,0.108419,negative,0.22544,low,41.987513,rolling_beta,v3,1,4873,4873,3,market,pass,N,,2026-06-04,1,0.362342,0.0,medium,N,context only: WATCH state,context only: WATCH state,0.159183,0.108419,0.000289,liquidity_stress_defense,변동성이 튀고 위험자산이 동반 약세를 보이는 단기 스트레스 장세입니다. 상관관계 상승과 유동성 악화를 우선 점검합니다.
IEF,IEF,bond_etf,soft_landing_goldilocks,Soft Landing / Goldilocks,우호적 위험선호장,us_global,0.159183,0.000289,0.108419,positive,0.159183,low,48.066958,rolling_beta,v3,1,4873,4873,3,market,pass,N,,2026-06-04,0,0.0,0.0,medium,N,non-adverse scenario,inactive scenario,0.159183,0.108419,0.000289,neutral_or_defensive,우호적 위험선호장 참여 민감도
IEF,IEF,bond_etf,stagflation_reinflation_energy_shock,Stagflation / Reinflation / Energy Shock,물가·에너지 재상승장,us_global,0.248497,0.000289,0.159183,positive,0.248497,low,53.197858,rolling_beta,v3,1,4873,4873,2,market,pass,N,,2026-06-04,0,0.0,0.0,high,N,scenario inactive,inactive scenario,0.045626,,0.000289,stagflation_vulnerable,성장 부담이 있는데 유가·원자재·인플레이션 압력이 다시 커지는 장세입니다. 에너지/원자재 수혜와 장기채 부담을 함께 봅니다.
IEF,IEF,bond_etf,korea_domestic_financial_stress,Korea Domestic Financial Stress,한국 내수 금융스트레스장,korea_market,-0.362386,0.000289,0.0,negative,0.362386,medium,84.809459,rolling_beta,v3,1,4292,4292,5,seed,pass,Y,,2026-06-04,0,0.0,0.0,medium,N,scenario inactive,inactive scenario,-0.152658,-0.151274,0.000289,korea_financial_stress_hedge,"가계부채, 부동산 PF, 비은행권, 금융주와 건설주 스트레스가 한국 자산 전반으로 번지는 장세입니다. 금융/건설 basket, 신용 spread, 단기자금 spread, 원화 약세를 함께 점검합니다."
IEF,IEF,bond_etf,semiconductor_ai_cycle_shock,Semiconductor / AI Cycle Shock,AI·반도체 사이클 충격장,korea_semiconductor,-0.272697,0.000289,0.001165,negative,0.272697,low,77.298138,rolling_beta,v3,1,1260,1260,6,market,pass,N,,2026-06-04,0,0.0,0.0,high,N,scenario inactive,inactive scenario,0.034951,0.001165,0.000289,semiconductor_ai_shock_hedge,"AI capex 기대와 반도체 모멘텀이 꺾이면서 미국 성장주와 한국 반도체 대형주가 동시에 압박받는 장세입니다. SOXX, AI leader basket, 한국 반도체 basket의 동반 약세와 원화 압력을 함께 봅니다."
IEF,IEF,bond_etf,slowdown_recession_deflation_risk,Slowdown / Recession / Deflation Risk,경기둔화/침체 우려장,us_global,-0.256635,0.000289,0.108419,negative,0.256635,low,60.696943,rolling_beta,v3,1,4873,4873,3,market,pass,N,,2026-06-04,0,0.0,0.0,high,N,scenario inactive,inactive scenario,0.159183,0.108419,0.000289,slowdown_defense,수요 둔화와 침체/디플레이션 압력이 커지는 방어적 장세입니다. 주식 beta와 신용위험을 보수적으로 봅니다.
INDA,INDA,equity_etf,usd_strength_krw_weakness,USD Strength / KRW Weakness,달러강세/원화약세장,fx_krw,-0.14628,-0.001899,0.136172,negative,0.14628,low,78.591896,rolling_beta,v3,1,3176,3176,4,market,pass,N,,2026-06-04,1,0.958519,0.958519,high,Y,trade-gated adverse scenario with medium/high evidence,active market context,0.585502,0.136172,-0.001899,krw_weakness_hedge,달러가 강하고 원화가 약해져 KRW 기준 투자자의 환율 리스크가 커지는 장세입니다. 한국 자산과 USD 노출의 역할을 분리해 봅니다.
INDA,INDA,equity_etf,china_trade_fragmentation_shock,China / Trade Fragmentation Shock,중국·무역분절 충격장,china_asia,0.110449,-0.001899,0.136172,positive,0.110449,low,67.121129,rolling_beta,v3,1,1260,1260,5,market,pass,N,,2026-06-04,1,0.743352,0.743352,high,Y,trade-gated adverse scenario with medium/high evidence,active market context,0.117075,0.136172,-0.001899,china_asia_shock_vulnerable,중국 경기·무역갈등·공급망 충격이 한국/아시아와 반도체 자산에 번지는 장세입니다. 한국 반도체 factor와 원화 약세를 함께 확인합니다.
INDA,INDA,equity_etf,higher_for_longer_long_rate_shock,Higher-for-Longer / Long-Rate Shock,장기금리 부담장,us_global,0.348183,-0.001899,0.857217,positive,0.348183,medium,60.332483,rolling_beta,v3,1,3603,3603,3,market,pass,N,,2026-06-04,1,0.710094,0.0,high,N,below ACTIVE confidence/coverage trade-gate threshold,active market context,0.814879,0.857217,-0.001899,rate_sensitive,장기금리와 달러 강세 부담이 채권·성장주·신용자산을 압박하는 장세입니다. 고밸류 성장주와 반도체 factor 민감도를 점검합니다.
INDA,INDA,equity_etf,geopolitical_escalation_supply_shock,Geopolitical Escalation / Supply Shock,지정학 확전·공급충격장,geopolitical,-0.069559,-0.001899,0.814879,negative,0.069559,low,52.44319,rolling_beta,v3,1,3176,3176,3,manual,pass,Y,,2026-06-04,1,0.382179,0.0,medium,N,context only: source_quality=manual,context only: source_quality=manual,0.133605,,-0.001899,geopolitical_supply_shock_hedge,"전쟁, 제재, 해상로 차질, 대만·중동·한반도 긴장처럼 유가·금·방산·변동성이 동시에 움직이는 이벤트성 충격 장세입니다. 뉴스 overlay는 가격 신호를 보강하는 용도로만 해석합니다."
INDA,INDA,equity_etf,acute_global_stress_liquidity_crunch,Acute Global Stress / Liquidity Crunch,급성 리스크오프/유동성 경색장,us_global,0.533636,-0.001899,0.857217,positive,0.533636,medium,41.987513,rolling_beta,v3,1,3603,3603,3,market,pass,N,,2026-06-04,1,0.362342,0.0,medium,N,context only: WATCH state,context only: WATCH state,0.814879,0.857217,-0.001899,liquidity_stress_vulnerable,변동성이 튀고 위험자산이 동반 약세를 보이는 단기 스트레스 장세입니다. 상관관계 상승과 유동성 악화를 우선 점검합니다.
INDA,INDA,equity_etf,soft_landing_goldilocks,Soft Landing / Goldilocks,우호적 위험선호장,us_global,0.814879,-0.001899,0.857217,positive,0.814879,high,48.066958,rolling_beta,v3,1,3603,3603,3,market,pass,N,,2026-06-04,0,0.0,0.0,medium,N,non-adverse scenario,inactive scenario,0.814879,0.857217,-0.001899,risk_on_participation,우호적 위험선호장 참여 민감도
INDA,INDA,equity_etf,stagflation_reinflation_energy_shock,Stagflation / Reinflation / Energy Shock,물가·에너지 재상승장,us_global,-0.117319,-0.001899,0.814879,negative,0.117319,low,53.197858,rolling_beta,v3,1,3603,3603,2,market,pass,N,,2026-06-04,0,0.0,0.0,high,N,scenario inactive,inactive scenario,0.133605,,-0.001899,inflation_hedge,성장 부담이 있는데 유가·원자재·인플레이션 압력이 다시 커지는 장세입니다. 에너지/원자재 수혜와 장기채 부담을 함께 봅니다.
INDA,INDA,equity_etf,korea_domestic_financial_stress,Korea Domestic Financial Stress,한국 내수 금융스트레스장,korea_market,-0.016372,-0.001899,0.136172,neutral,0.016372,low,84.809459,rolling_beta,v3,1,3176,3176,5,seed,pass,Y,,2026-06-04,0,0.0,0.0,medium,N,scenario inactive,inactive scenario,0.117075,0.136172,-0.001899,korea_financial_stress_hedge,"가계부채, 부동산 PF, 비은행권, 금융주와 건설주 스트레스가 한국 자산 전반으로 번지는 장세입니다. 금융/건설 basket, 신용 spread, 단기자금 spread, 원화 약세를 함께 점검합니다."
INDA,INDA,equity_etf,semiconductor_ai_cycle_shock,Semiconductor / AI Cycle Shock,AI·반도체 사이클 충격장,korea_semiconductor,0.211369,-0.001899,0.218772,positive,0.211369,low,77.298138,rolling_beta,v3,1,1260,1260,6,market,pass,N,,2026-06-04,0,0.0,0.0,high,N,scenario inactive,inactive scenario,0.221593,0.218772,-0.001899,semiconductor_ai_shock_vulnerable,"AI capex 기대와 반도체 모멘텀이 꺾이면서 미국 성장주와 한국 반도체 대형주가 동시에 압박받는 장세입니다. SOXX, AI leader basket, 한국 반도체 basket의 동반 약세와 원화 압력을 함께 봅니다."
INDA,INDA,equity_etf,slowdown_recession_deflation_risk,Slowdown / Recession / Deflation Risk,경기둔화/침체 우려장,us_global,0.596134,-0.001899,0.857217,positive,0.596134,medium,60.696943,rolling_beta,v3,1,3603,3603,3,market,pass,N,,2026-06-04,0,0.0,0.0,high,N,scenario inactive,inactive scenario,0.814879,0.857217,-0.001899,slowdown_vulnerable,수요 둔화와 침체/디플레이션 압력이 커지는 방어적 장세입니다. 주식 beta와 신용위험을 보수적으로 봅니다.
INTC,INTC,us_stock,usd_strength_krw_weakness,USD Strength / KRW Weakness,달러강세/원화약세장,fx_krw,-0.065122,-5.4e-05,0.031066,negative,0.065122,low,78.591896,rolling_beta,v3,1,4292,4292,4,market,pass,N,,2026-06-04,1,0.958519,0.958519,high,Y,trade-gated adverse scenario with medium/high evidence,active market context,0.573179,0.031066,-5.4e-05,krw_weakness_hedge,달러가 강하고 원화가 약해져 KRW 기준 투자자의 환율 리스크가 커지는 장세입니다. 한국 자산과 USD 노출의 역할을 분리해 봅니다.
INTC,INTC,us_stock,china_trade_fragmentation_shock,China / Trade Fragmentation Shock,중국·무역분절 충격장,china_asia,0.479251,-5.4e-05,0.031066,positive,0.479251,medium,67.121129,rolling_beta,v3,1,1260,1260,5,market,pass,N,,2026-06-04,1,0.743352,0.743352,high,Y,trade-gated adverse scenario with medium/high evidence,active market context,0.09344,0.031066,-5.4e-05,china_asia_shock_vulnerable,중국 경기·무역갈등·공급망 충격이 한국/아시아와 반도체 자산에 번지는 장세입니다. 한국 반도체 factor와 원화 약세를 함께 확인합니다.
INTC,INTC,us_stock,higher_for_longer_long_rate_shock,Higher-for-Longer / Long-Rate Shock,장기금리 부담장,us_global,0.776731,-5.4e-05,1.038807,positive,0.776731,high,60.332483,rolling_beta,v3,1,4873,4873,3,market,pass,N,,2026-06-04,1,0.710094,0.0,high,N,below ACTIVE confidence/coverage trade-gate threshold,active market context,1.139512,1.038807,-5.4e-05,rate_sensitive,장기금리와 달러 강세 부담이 채권·성장주·신용자산을 압박하는 장세입니다. 고밸류 성장주와 반도체 factor 민감도를 점검합니다.
INTC,INTC,us_stock,geopolitical_escalation_supply_shock,Geopolitical Escalation / Supply Shock,지정학 확전·공급충격장,geopolitical,0.087978,-5.4e-05,1.139512,positive,0.087978,low,52.44319,rolling_beta,v3,1,4292,4292,3,manual,pass,Y,,2026-06-04,1,0.382179,0.0,medium,N,context only: source_quality=manual,context only: source_quality=manual,0.204087,,-5.4e-05,geopolitical_supply_shock_vulnerable,"전쟁, 제재, 해상로 차질, 대만·중동·한반도 긴장처럼 유가·금·방산·변동성이 동시에 움직이는 이벤트성 충격 장세입니다. 뉴스 overlay는 가격 신호를 보강하는 용도로만 해석합니다."
INTC,INTC,us_stock,acute_global_stress_liquidity_crunch,Acute Global Stress / Liquidity Crunch,급성 리스크오프/유동성 경색장,us_global,0.32916,-5.4e-05,1.038807,positive,0.32916,medium,41.987513,rolling_beta,v3,1,4873,4873,3,market,pass,N,,2026-06-04,1,0.362342,0.0,medium,N,context only: WATCH state,context only: WATCH state,1.139512,1.038807,-5.4e-05,liquidity_stress_vulnerable,변동성이 튀고 위험자산이 동반 약세를 보이는 단기 스트레스 장세입니다. 상관관계 상승과 유동성 악화를 우선 점검합니다.
INTC,INTC,us_stock,soft_landing_goldilocks,Soft Landing / Goldilocks,우호적 위험선호장,us_global,1.139512,-5.4e-05,1.038807,positive,1.139512,high,48.066958,rolling_beta,v3,1,4873,4873,3,market,pass,N,,2026-06-04,0,0.0,0.0,medium,N,non-adverse scenario,inactive scenario,1.139512,1.038807,-5.4e-05,risk_on_participation,우호적 위험선호장 참여 민감도
INTC,INTC,us_stock,stagflation_reinflation_energy_shock,Stagflation / Reinflation / Energy Shock,물가·에너지 재상승장,us_global,0.400178,-5.4e-05,1.139512,positive,0.400178,medium,53.197858,rolling_beta,v3,1,4873,4873,2,market,pass,N,,2026-06-04,0,0.0,0.0,high,N,scenario inactive,inactive scenario,0.204087,,-5.4e-05,stagflation_vulnerable,성장 부담이 있는데 유가·원자재·인플레이션 압력이 다시 커지는 장세입니다. 에너지/원자재 수혜와 장기채 부담을 함께 봅니다.
INTC,INTC,us_stock,korea_domestic_financial_stress,Korea Domestic Financial Stress,한국 내수 금융스트레스장,korea_market,-0.37997,-5.4e-05,0.031066,negative,0.37997,medium,84.809459,rolling_beta,v3,1,4292,4292,5,seed,pass,Y,,2026-06-04,0,0.0,0.0,medium,N,scenario inactive,inactive scenario,0.09344,0.031066,-5.4e-05,korea_financial_stress_hedge,"가계부채, 부동산 PF, 비은행권, 금융주와 건설주 스트레스가 한국 자산 전반으로 번지는 장세입니다. 금융/건설 basket, 신용 spread, 단기자금 spread, 원화 약세를 함께 점검합니다."
INTC,INTC,us_stock,semiconductor_ai_cycle_shock,Semiconductor / AI Cycle Shock,AI·반도체 사이클 충격장,korea_semiconductor,0.85853,-5.4e-05,0.732224,positive,0.85853,high,77.298138,rolling_beta,v3,1,1260,1260,6,market,pass,N,,2026-06-04,0,0.0,0.0,high,N,scenario inactive,inactive scenario,0.867419,0.732224,-5.4e-05,semiconductor_ai_shock_vulnerable,"AI capex 기대와 반도체 모멘텀이 꺾이면서 미국 성장주와 한국 반도체 대형주가 동시에 압박받는 장세입니다. SOXX, AI leader basket, 한국 반도체 basket의 동반 약세와 원화 압력을 함께 봅니다."
INTC,INTC,us_stock,slowdown_recession_deflation_risk,Slowdown / Recession / Deflation Risk,경기둔화/침체 우려장,us_global,0.392571,-5.4e-05,1.038807,positive,0.392571,medium,60.696943,rolling_beta,v3,1,4873,4873,3,market,pass,N,,2026-06-04,0,0.0,0.0,high,N,scenario inactive,inactive scenario,1.139512,1.038807,-5.4e-05,slowdown_vulnerable,수요 둔화와 침체/디플레이션 압력이 커지는 방어적 장세입니다. 주식 beta와 신용위험을 보수적으로 봅니다.
ITA,ITA,equity_etf,usd_strength_krw_weakness,USD Strength / KRW Weakness,달러강세/원화약세장,fx_krw,-0.10775,-0.002696,0.060737,negative,0.10775,low,78.591896,rolling_beta,v3,1,4292,4292,4,market,pass,N,,2026-06-04,1,0.958519,0.958519,high,Y,trade-gated adverse scenario with medium/high evidence,active market context,0.602274,0.060737,-0.002696,krw_weakness_hedge,달러가 강하고 원화가 약해져 KRW 기준 투자자의 환율 리스크가 커지는 장세입니다. 한국 자산과 USD 노출의 역할을 분리해 봅니다.
ITA,ITA,equity_etf,china_trade_fragmentation_shock,China / Trade Fragmentation Shock,중국·무역분절 충격장,china_asia,0.161205,-0.002696,0.060737,positive,0.161205,low,67.121129,rolling_beta,v3,1,1260,1260,5,market,pass,N,,2026-06-04,1,0.743352,0.743352,high,Y,trade-gated adverse scenario with medium/high evidence,active market context,0.070966,0.060737,-0.002696,china_asia_shock_vulnerable,중국 경기·무역갈등·공급망 충격이 한국/아시아와 반도체 자산에 번지는 장세입니다. 한국 반도체 factor와 원화 약세를 함께 확인합니다.
ITA,ITA,equity_etf,higher_for_longer_long_rate_shock,Higher-for-Longer / Long-Rate Shock,장기금리 부담장,us_global,0.43295,-0.002696,1.025291,positive,0.43295,medium,60.332483,rolling_beta,v3,1,4873,4873,3,market,pass,N,,2026-06-04,1,0.710094,0.0,high,N,below ACTIVE confidence/coverage trade-gate threshold,active market context,0.969,1.025291,-0.002696,rate_sensitive,장기금리와 달러 강세 부담이 채권·성장주·신용자산을 압박하는 장세입니다. 고밸류 성장주와 반도체 factor 민감도를 점검합니다.
ITA,ITA,equity_etf,geopolitical_escalation_supply_shock,Geopolitical Escalation / Supply Shock,지정학 확전·공급충격장,geopolitical,-0.001016,-0.002696,0.969,neutral,0.001016,low,52.44319,rolling_beta,v3,1,4292,4292,3,manual,pass,Y,,2026-06-04,1,0.382179,0.0,medium,N,context only: source_quality=manual,context only: source_quality=manual,0.227325,,-0.002696,geopolitical_supply_shock_hedge,"전쟁, 제재, 해상로 차질, 대만·중동·한반도 긴장처럼 유가·금·방산·변동성이 동시에 움직이는 이벤트성 충격 장세입니다. 뉴스 overlay는 가격 신호를 보강하는 용도로만 해석합니다."
ITA,ITA,equity_etf,acute_global_stress_liquidity_crunch,Acute Global Stress / Liquidity Crunch,급성 리스크오프/유동성 경색장,us_global,0.654279,-0.002696,1.025291,positive,0.654279,medium,41.987513,rolling_beta,v3,1,4873,4873,3,market,pass,N,,2026-06-04,1,0.362342,0.0,medium,N,context only: WATCH state,context only: WATCH state,0.969,1.025291,-0.002696,liquidity_stress_vulnerable,변동성이 튀고 위험자산이 동반 약세를 보이는 단기 스트레스 장세입니다. 상관관계 상승과 유동성 악화를 우선 점검합니다.
ITA,ITA,equity_etf,soft_landing_goldilocks,Soft Landing / Goldilocks,우호적 위험선호장,us_global,0.969,-0.002696,1.025291,positive,0.969,high,48.066958,rolling_beta,v3,1,4873,4873,3,market,pass,N,,2026-06-04,0,0.0,0.0,medium,N,non-adverse scenario,inactive scenario,0.969,1.025291,-0.002696,risk_on_participation,우호적 위험선호장 참여 민감도
ITA,ITA,equity_etf,stagflation_reinflation_energy_shock,Stagflation / Reinflation / Energy Shock,물가·에너지 재상승장,us_global,-0.043445,-0.002696,0.969,neutral,0.043445,low,53.197858,rolling_beta,v3,1,4873,4873,2,market,pass,N,,2026-06-04,0,0.0,0.0,high,N,scenario inactive,inactive scenario,0.227325,,-0.002696,inflation_hedge,성장 부담이 있는데 유가·원자재·인플레이션 압력이 다시 커지는 장세입니다. 에너지/원자재 수혜와 장기채 부담을 함께 봅니다.
ITA,ITA,equity_etf,korea_domestic_financial_stress,Korea Domestic Financial Stress,한국 내수 금융스트레스장,korea_market,-0.013716,-0.002696,0.060737,neutral,0.013716,low,84.809459,rolling_beta,v3,1,4292,4292,5,seed,pass,Y,,2026-06-04,0,0.0,0.0,medium,N,scenario inactive,inactive scenario,0.070966,0.060737,-0.002696,korea_financial_stress_hedge,"가계부채, 부동산 PF, 비은행권, 금융주와 건설주 스트레스가 한국 자산 전반으로 번지는 장세입니다. 금융/건설 basket, 신용 spread, 단기자금 spread, 원화 약세를 함께 점검합니다."
ITA,ITA,equity_etf,semiconductor_ai_cycle_shock,Semiconductor / AI Cycle Shock,AI·반도체 사이클 충격장,korea_semiconductor,0.303264,-0.002696,0.380825,positive,0.303264,medium,77.298138,rolling_beta,v3,1,1260,1260,6,market,pass,N,,2026-06-04,0,0.0,0.0,high,N,scenario inactive,inactive scenario,0.308877,0.380825,-0.002696,semiconductor_ai_shock_vulnerable,"AI capex 기대와 반도체 모멘텀이 꺾이면서 미국 성장주와 한국 반도체 대형주가 동시에 압박받는 장세입니다. SOXX, AI leader basket, 한국 반도체 basket의 동반 약세와 원화 압력을 함께 봅니다."
ITA,ITA,equity_etf,slowdown_recession_deflation_risk,Slowdown / Recession / Deflation Risk,경기둔화/침체 우려장,us_global,0.724217,-0.002696,1.025291,positive,0.724217,medium,60.696943,rolling_beta,v3,1,4873,4873,3,market,pass,N,,2026-06-04,0,0.0,0.0,high,N,scenario inactive,inactive scenario,0.969,1.025291,-0.002696,slowdown_vulnerable,수요 둔화와 침체/디플레이션 압력이 커지는 방어적 장세입니다. 주식 beta와 신용위험을 보수적으로 봅니다.
IWD,IWD,equity_etf,usd_strength_krw_weakness,USD Strength / KRW Weakness,달러강세/원화약세장,fx_krw,-0.105485,-0.001661,0.042389,negative,0.105485,low,78.591896,rolling_beta,v3,1,4292,4292,4,market,pass,N,,2026-06-04,1,0.958519,0.958519,high,Y,trade-gated adverse scenario with medium/high evidence,active market context,0.602501,0.042389,-0.001661,krw_weakness_hedge,달러가 강하고 원화가 약해져 KRW 기준 투자자의 환율 리스크가 커지는 장세입니다. 한국 자산과 USD 노출의 역할을 분리해 봅니다.
IWD,IWD,equity_etf,china_trade_fragmentation_shock,China / Trade Fragmentation Shock,중국·무역분절 충격장,china_asia,0.137146,-0.001661,0.042389,positive,0.137146,low,67.121129,rolling_beta,v3,1,1260,1260,5,market,pass,N,,2026-06-04,1,0.743352,0.743352,high,Y,trade-gated adverse scenario with medium/high evidence,active market context,0.054597,0.042389,-0.001661,china_asia_shock_vulnerable,중국 경기·무역갈등·공급망 충격이 한국/아시아와 반도체 자산에 번지는 장세입니다. 한국 반도체 factor와 원화 약세를 함께 확인합니다.
IWD,IWD,equity_etf,higher_for_longer_long_rate_shock,Higher-for-Longer / Long-Rate Shock,장기금리 부담장,us_global,0.887933,-0.001661,0.99552,positive,0.887933,high,60.332483,rolling_beta,v3,1,4873,4873,3,market,pass,N,,2026-06-04,1,0.710094,0.0,high,N,below ACTIVE confidence/coverage trade-gate threshold,active market context,0.97806,0.99552,-0.001661,rate_sensitive,장기금리와 달러 강세 부담이 채권·성장주·신용자산을 압박하는 장세입니다. 고밸류 성장주와 반도체 factor 민감도를 점검합니다.
IWD,IWD,equity_etf,geopolitical_escalation_supply_shock,Geopolitical Escalation / Supply Shock,지정학 확전·공급충격장,geopolitical,0.077184,-0.001661,0.97806,positive,0.077184,low,52.44319,rolling_beta,v3,1,4292,4292,3,manual,pass,Y,,2026-06-04,1,0.382179,0.0,medium,N,context only: source_quality=manual,context only: source_quality=manual,0.228398,,-0.001661,geopolitical_supply_shock_vulnerable,"전쟁, 제재, 해상로 차질, 대만·중동·한반도 긴장처럼 유가·금·방산·변동성이 동시에 움직이는 이벤트성 충격 장세입니다. 뉴스 overlay는 가격 신호를 보강하는 용도로만 해석합니다."
IWD,IWD,equity_etf,acute_global_stress_liquidity_crunch,Acute Global Stress / Liquidity Crunch,급성 리스크오프/유동성 경색장,us_global,0.312695,-0.001661,0.99552,positive,0.312695,medium,41.987513,rolling_beta,v3,1,4873,4873,3,market,pass,N,,2026-06-04,1,0.362342,0.0,medium,N,context only: WATCH state,context only: WATCH state,0.97806,0.99552,-0.001661,liquidity_stress_vulnerable,변동성이 튀고 위험자산이 동반 약세를 보이는 단기 스트레스 장세입니다. 상관관계 상승과 유동성 악화를 우선 점검합니다.
IWD,IWD,equity_etf,soft_landing_goldilocks,Soft Landing / Goldilocks,우호적 위험선호장,us_global,0.97806,-0.001661,0.99552,positive,0.97806,high,48.066958,rolling_beta,v3,1,4873,4873,3,market,pass,N,,2026-06-04,0,0.0,0.0,medium,N,non-adverse scenario,inactive scenario,0.97806,0.99552,-0.001661,risk_on_participation,우호적 위험선호장 참여 민감도
IWD,IWD,equity_etf,stagflation_reinflation_energy_shock,Stagflation / Reinflation / Energy Shock,물가·에너지 재상승장,us_global,0.583855,-0.001661,0.97806,positive,0.583855,medium,53.197858,rolling_beta,v3,1,4873,4873,2,market,pass,N,,2026-06-04,0,0.0,0.0,high,N,scenario inactive,inactive scenario,0.228398,,-0.001661,stagflation_vulnerable,성장 부담이 있는데 유가·원자재·인플레이션 압력이 다시 커지는 장세입니다. 에너지/원자재 수혜와 장기채 부담을 함께 봅니다.
IWD,IWD,equity_etf,korea_domestic_financial_stress,Korea Domestic Financial Stress,한국 내수 금융스트레스장,korea_market,-0.346964,-0.001661,0.042389,negative,0.346964,medium,84.809459,rolling_beta,v3,1,4292,4292,5,seed,pass,Y,,2026-06-04,0,0.0,0.0,medium,N,scenario inactive,inactive scenario,0.054597,0.042389,-0.001661,korea_financial_stress_hedge,"가계부채, 부동산 PF, 비은행권, 금융주와 건설주 스트레스가 한국 자산 전반으로 번지는 장세입니다. 금융/건설 basket, 신용 spread, 단기자금 spread, 원화 약세를 함께 점검합니다."
IWD,IWD,equity_etf,semiconductor_ai_cycle_shock,Semiconductor / AI Cycle Shock,AI·반도체 사이클 충격장,korea_semiconductor,0.011672,-0.001661,0.290935,neutral,0.011672,low,77.298138,rolling_beta,v3,1,1260,1260,6,market,pass,N,,2026-06-04,0,0.0,0.0,high,N,scenario inactive,inactive scenario,0.290823,0.290935,-0.001661,semiconductor_ai_shock_vulnerable,"AI capex 기대와 반도체 모멘텀이 꺾이면서 미국 성장주와 한국 반도체 대형주가 동시에 압박받는 장세입니다. SOXX, AI leader basket, 한국 반도체 basket의 동반 약세와 원화 압력을 함께 봅니다."
IWD,IWD,equity_etf,slowdown_recession_deflation_risk,Slowdown / Recession / Deflation Risk,경기둔화/침체 우려장,us_global,0.343887,-0.001661,0.99552,positive,0.343887,medium,60.696943,rolling_beta,v3,1,4873,4873,3,market,pass,N,,2026-06-04,0,0.0,0.0,high,N,scenario inactive,inactive scenario,0.97806,0.99552,-0.001661,slowdown_vulnerable,수요 둔화와 침체/디플레이션 압력이 커지는 방어적 장세입니다. 주식 beta와 신용위험을 보수적으로 봅니다.
IWF,IWF,equity_etf,usd_strength_krw_weakness,USD Strength / KRW Weakness,달러강세/원화약세장,fx_krw,-0.097212,-0.001294,0.03388,negative,0.097212,low,78.591896,rolling_beta,v3,1,4292,4292,4,market,pass,N,,2026-06-04,1,0.958519,0.958519,high,Y,trade-gated adverse scenario with medium/high evidence,active market context,0.605817,0.03388,-0.001294,krw_weakness_hedge,달러가 강하고 원화가 약해져 KRW 기준 투자자의 환율 리스크가 커지는 장세입니다. 한국 자산과 USD 노출의 역할을 분리해 봅니다.
IWF,IWF,equity_etf,china_trade_fragmentation_shock,China / Trade Fragmentation Shock,중국·무역분절 충격장,china_asia,0.484586,-0.001294,0.03388,positive,0.484586,medium,67.121129,rolling_beta,v3,1,1260,1260,5,market,pass,N,,2026-06-04,1,0.743352,0.743352,high,Y,trade-gated adverse scenario with medium/high evidence,active market context,0.052609,0.03388,-0.001294,china_asia_shock_vulnerable,중국 경기·무역갈등·공급망 충격이 한국/아시아와 반도체 자산에 번지는 장세입니다. 한국 반도체 factor와 원화 약세를 함께 확인합니다.
IWF,IWF,equity_etf,higher_for_longer_long_rate_shock,Higher-for-Longer / Long-Rate Shock,장기금리 부담장,us_global,1.156133,-0.001294,0.990343,positive,1.156133,high,60.332483,rolling_beta,v3,1,4873,4873,3,market,pass,N,,2026-06-04,1,0.710094,0.0,high,N,below ACTIVE confidence/coverage trade-gate threshold,active market context,1.011151,0.990343,-0.001294,rate_sensitive,장기금리와 달러 강세 부담이 채권·성장주·신용자산을 압박하는 장세입니다. 고밸류 성장주와 반도체 factor 민감도를 점검합니다.
IWF,IWF,equity_etf,geopolitical_escalation_supply_shock,Geopolitical Escalation / Supply Shock,지정학 확전·공급충격장,geopolitical,0.081877,-0.001294,1.011151,positive,0.081877,low,52.44319,rolling_beta,v3,1,4292,4292,3,manual,pass,Y,,2026-06-04,1,0.382179,0.0,medium,N,context only: source_quality=manual,context only: source_quality=manual,0.199226,,-0.001294,geopolitical_supply_shock_vulnerable,"전쟁, 제재, 해상로 차질, 대만·중동·한반도 긴장처럼 유가·금·방산·변동성이 동시에 움직이는 이벤트성 충격 장세입니다. 뉴스 overlay는 가격 신호를 보강하는 용도로만 해석합니다."
IWF,IWF,equity_etf,acute_global_stress_liquidity_crunch,Acute Global Stress / Liquidity Crunch,급성 리스크오프/유동성 경색장,us_global,0.614373,-0.001294,0.990343,positive,0.614373,medium,41.987513,rolling_beta,v3,1,4873,4873,3,market,pass,N,,2026-06-04,1,0.362342,0.0,medium,N,context only: WATCH state,context only: WATCH state,1.011151,0.990343,-0.001294,liquidity_stress_vulnerable,변동성이 튀고 위험자산이 동반 약세를 보이는 단기 스트레스 장세입니다. 상관관계 상승과 유동성 악화를 우선 점검합니다.
IWF,IWF,equity_etf,soft_landing_goldilocks,Soft Landing / Goldilocks,우호적 위험선호장,us_global,1.011151,-0.001294,0.990343,positive,1.011151,high,48.066958,rolling_beta,v3,1,4873,4873,3,market,pass,N,,2026-06-04,0,0.0,0.0,medium,N,non-adverse scenario,inactive scenario,1.011151,0.990343,-0.001294,risk_on_participation,우호적 위험선호장 참여 민감도
IWF,IWF,equity_etf,stagflation_reinflation_energy_shock,Stagflation / Reinflation / Energy Shock,물가·에너지 재상승장,us_global,0.586259,-0.001294,1.011151,positive,0.586259,medium,53.197858,rolling_beta,v3,1,4873,4873,2,market,pass,N,,2026-06-04,0,0.0,0.0,high,N,scenario inactive,inactive scenario,0.199226,,-0.001294,stagflation_vulnerable,성장 부담이 있는데 유가·원자재·인플레이션 압력이 다시 커지는 장세입니다. 에너지/원자재 수혜와 장기채 부담을 함께 봅니다.
IWF,IWF,equity_etf,korea_domestic_financial_stress,Korea Domestic Financial Stress,한국 내수 금융스트레스장,korea_market,-0.358358,-0.001294,0.03388,negative,0.358358,medium,84.809459,rolling_beta,v3,1,4292,4292,5,seed,pass,Y,,2026-06-04,0,0.0,0.0,medium,N,scenario inactive,inactive scenario,0.052609,0.03388,-0.001294,korea_financial_stress_hedge,"가계부채, 부동산 PF, 비은행권, 금융주와 건설주 스트레스가 한국 자산 전반으로 번지는 장세입니다. 금융/건설 basket, 신용 spread, 단기자금 spread, 원화 약세를 함께 점검합니다."
IWF,IWF,equity_etf,semiconductor_ai_cycle_shock,Semiconductor / AI Cycle Shock,AI·반도체 사이클 충격장,korea_semiconductor,0.664269,-0.001294,0.558624,positive,0.664269,medium,77.298138,rolling_beta,v3,1,1260,1260,6,market,pass,N,,2026-06-04,0,0.0,0.0,high,N,scenario inactive,inactive scenario,0.506659,0.558624,-0.001294,semiconductor_ai_shock_vulnerable,"AI capex 기대와 반도체 모멘텀이 꺾이면서 미국 성장주와 한국 반도체 대형주가 동시에 압박받는 장세입니다. SOXX, AI leader basket, 한국 반도체 basket의 동반 약세와 원화 압력을 함께 봅니다."
IWF,IWF,equity_etf,slowdown_recession_deflation_risk,Slowdown / Recession / Deflation Risk,경기둔화/침체 우려장,us_global,0.352546,-0.001294,0.990343,positive,0.352546,medium,60.696943,rolling_beta,v3,1,4873,4873,3,market,pass,N,,2026-06-04,0,0.0,0.0,high,N,scenario inactive,inactive scenario,1.011151,0.990343,-0.001294,slowdown_vulnerable,수요 둔화와 침체/디플레이션 압력이 커지는 방어적 장세입니다. 주식 beta와 신용위험을 보수적으로 봅니다.
IWM,IWM,equity_etf,usd_strength_krw_weakness,USD Strength / KRW Weakness,달러강세/원화약세장,fx_krw,-0.077001,-0.001818,0.014296,negative,0.077001,low,78.591896,rolling_beta,v3,1,4292,4292,4,market,pass,N,,2026-06-04,1,0.958519,0.958519,high,Y,trade-gated adverse scenario with medium/high evidence,active market context,0.536936,0.014296,-0.001818,krw_weakness_hedge,달러가 강하고 원화가 약해져 KRW 기준 투자자의 환율 리스크가 커지는 장세입니다. 한국 자산과 USD 노출의 역할을 분리해 봅니다.
IWM,IWM,equity_etf,china_trade_fragmentation_shock,China / Trade Fragmentation Shock,중국·무역분절 충격장,china_asia,0.163843,-0.001818,0.014296,positive,0.163843,low,67.121129,rolling_beta,v3,1,1260,1260,5,market,pass,N,,2026-06-04,1,0.743352,0.743352,high,Y,trade-gated adverse scenario with medium/high evidence,active market context,0.065238,0.014296,-0.001818,china_asia_shock_vulnerable,중국 경기·무역갈등·공급망 충격이 한국/아시아와 반도체 자산에 번지는 장세입니다. 한국 반도체 factor와 원화 약세를 함께 확인합니다.
IWM,IWM,equity_etf,higher_for_longer_long_rate_shock,Higher-for-Longer / Long-Rate Shock,장기금리 부담장,us_global,0.950597,-0.001818,1.090263,positive,0.950597,high,60.332483,rolling_beta,v3,1,4873,4873,3,market,pass,N,,2026-06-04,1,0.710094,0.0,high,N,below ACTIVE confidence/coverage trade-gate threshold,active market context,1.091995,1.090263,-0.001818,rate_sensitive,장기금리와 달러 강세 부담이 채권·성장주·신용자산을 압박하는 장세입니다. 고밸류 성장주와 반도체 factor 민감도를 점검합니다.
IWM,IWM,equity_etf,geopolitical_escalation_supply_shock,Geopolitical Escalation / Supply Shock,지정학 확전·공급충격장,geopolitical,0.111127,-0.001818,1.091995,positive,0.111127,low,52.44319,rolling_beta,v3,1,4292,4292,3,manual,pass,Y,,2026-06-04,1,0.382179,0.0,medium,N,context only: source_quality=manual,context only: source_quality=manual,0.236297,,-0.001818,geopolitical_supply_shock_vulnerable,"전쟁, 제재, 해상로 차질, 대만·중동·한반도 긴장처럼 유가·금·방산·변동성이 동시에 움직이는 이벤트성 충격 장세입니다. 뉴스 overlay는 가격 신호를 보강하는 용도로만 해석합니다."
IWM,IWM,equity_etf,acute_global_stress_liquidity_crunch,Acute Global Stress / Liquidity Crunch,급성 리스크오프/유동성 경색장,us_global,0.382396,-0.001818,1.090263,positive,0.382396,medium,41.987513,rolling_beta,v3,1,4873,4873,3,market,pass,N,,2026-06-04,1,0.362342,0.0,medium,N,context only: WATCH state,context only: WATCH state,1.091995,1.090263,-0.001818,liquidity_stress_vulnerable,변동성이 튀고 위험자산이 동반 약세를 보이는 단기 스트레스 장세입니다. 상관관계 상승과 유동성 악화를 우선 점검합니다.
IWM,IWM,equity_etf,soft_landing_goldilocks,Soft Landing / Goldilocks,우호적 위험선호장,us_global,1.091995,-0.001818,1.090263,positive,1.091995,high,48.066958,rolling_beta,v3,1,4873,4873,3,market,pass,N,,2026-06-04,0,0.0,0.0,medium,N,non-adverse scenario,inactive scenario,1.091995,1.090263,-0.001818,risk_on_participation,우호적 위험선호장 참여 민감도
IWM,IWM,equity_etf,stagflation_reinflation_energy_shock,Stagflation / Reinflation / Energy Shock,물가·에너지 재상승장,us_global,0.627642,-0.001818,1.091995,positive,0.627642,medium,53.197858,rolling_beta,v3,1,4873,4873,2,market,pass,N,,2026-06-04,0,0.0,0.0,high,N,scenario inactive,inactive scenario,0.236297,,-0.001818,stagflation_vulnerable,성장 부담이 있는데 유가·원자재·인플레이션 압력이 다시 커지는 장세입니다. 에너지/원자재 수혜와 장기채 부담을 함께 봅니다.
IWM,IWM,equity_etf,korea_domestic_financial_stress,Korea Domestic Financial Stress,한국 내수 금융스트레스장,korea_market,-0.349115,-0.001818,0.014296,negative,0.349115,medium,84.809459,rolling_beta,v3,1,4292,4292,5,seed,pass,Y,,2026-06-04,0,0.0,0.0,medium,N,scenario inactive,inactive scenario,0.065238,0.014296,-0.001818,korea_financial_stress_hedge,"가계부채, 부동산 PF, 비은행권, 금융주와 건설주 스트레스가 한국 자산 전반으로 번지는 장세입니다. 금융/건설 basket, 신용 spread, 단기자금 spread, 원화 약세를 함께 점검합니다."
IWM,IWM,equity_etf,semiconductor_ai_cycle_shock,Semiconductor / AI Cycle Shock,AI·반도체 사이클 충격장,korea_semiconductor,0.141281,-0.001818,0.479901,positive,0.141281,low,77.298138,rolling_beta,v3,1,1260,1260,6,market,pass,N,,2026-06-04,0,0.0,0.0,high,N,scenario inactive,inactive scenario,0.460357,0.479901,-0.001818,semiconductor_ai_shock_vulnerable,"AI capex 기대와 반도체 모멘텀이 꺾이면서 미국 성장주와 한국 반도체 대형주가 동시에 압박받는 장세입니다. SOXX, AI leader basket, 한국 반도체 basket의 동반 약세와 원화 압력을 함께 봅니다."
IWM,IWM,equity_etf,slowdown_recession_deflation_risk,Slowdown / Recession / Deflation Risk,경기둔화/침체 우려장,us_global,0.423418,-0.001818,1.090263,positive,0.423418,medium,60.696943,rolling_beta,v3,1,4873,4873,3,market,pass,N,,2026-06-04,0,0.0,0.0,high,N,scenario inactive,inactive scenario,1.091995,1.090263,-0.001818,slowdown_vulnerable,수요 둔화와 침체/디플레이션 압력이 커지는 방어적 장세입니다. 주식 beta와 신용위험을 보수적으로 봅니다.
IYR,IYR,equity_etf,usd_strength_krw_weakness,USD Strength / KRW Weakness,달러강세/원화약세장,fx_krw,-0.085033,-0.001152,0.0,negative,0.085033,low,78.591896,rolling_beta,v3,1,4292,4292,4,market,pass,N,,2026-06-04,1,0.958519,0.958519,high,Y,trade-gated adverse scenario with medium/high evidence,active market context,0.485995,-0.013241,-0.001152,krw_weakness_hedge,달러가 강하고 원화가 약해져 KRW 기준 투자자의 환율 리스크가 커지는 장세입니다. 한국 자산과 USD 노출의 역할을 분리해 봅니다.
IYR,IYR,equity_etf,china_trade_fragmentation_shock,China / Trade Fragmentation Shock,중국·무역분절 충격장,china_asia,0.140784,-0.001152,0.0,positive,0.140784,low,67.121129,rolling_beta,v3,1,1260,1260,5,market,pass,N,,2026-06-04,1,0.743352,0.743352,high,Y,trade-gated adverse scenario with medium/high evidence,active market context,0.049317,-0.013241,-0.001152,china_asia_shock_vulnerable,중국 경기·무역갈등·공급망 충격이 한국/아시아와 반도체 자산에 번지는 장세입니다. 한국 반도체 factor와 원화 약세를 함께 확인합니다.
IYR,IYR,equity_etf,higher_for_longer_long_rate_shock,Higher-for-Longer / Long-Rate Shock,장기금리 부담장,us_global,0.932928,-0.001152,1.168957,positive,0.932928,high,60.332483,rolling_beta,v3,1,4873,4873,3,market,pass,N,,2026-06-04,1,0.710094,0.0,high,N,below ACTIVE confidence/coverage trade-gate threshold,active market context,1.059868,1.168957,-0.001152,rate_sensitive,장기금리와 달러 강세 부담이 채권·성장주·신용자산을 압박하는 장세입니다. 고밸류 성장주와 반도체 factor 민감도를 점검합니다.
IYR,IYR,equity_etf,geopolitical_escalation_supply_shock,Geopolitical Escalation / Supply Shock,지정학 확전·공급충격장,geopolitical,0.078357,-0.001152,1.059868,positive,0.078357,low,52.44319,rolling_beta,v3,1,4292,4292,3,manual,pass,Y,,2026-06-04,1,0.382179,0.0,medium,N,context only: source_quality=manual,context only: source_quality=manual,0.1999,,-0.001152,geopolitical_supply_shock_vulnerable,"전쟁, 제재, 해상로 차질, 대만·중동·한반도 긴장처럼 유가·금·방산·변동성이 동시에 움직이는 이벤트성 충격 장세입니다. 뉴스 overlay는 가격 신호를 보강하는 용도로만 해석합니다."
IYR,IYR,equity_etf,acute_global_stress_liquidity_crunch,Acute Global Stress / Liquidity Crunch,급성 리스크오프/유동성 경색장,us_global,0.334786,-0.001152,1.168957,positive,0.334786,medium,41.987513,rolling_beta,v3,1,4873,4873,3,market,pass,N,,2026-06-04,1,0.362342,0.0,medium,N,context only: WATCH state,context only: WATCH state,1.059868,1.168957,-0.001152,liquidity_stress_vulnerable,변동성이 튀고 위험자산이 동반 약세를 보이는 단기 스트레스 장세입니다. 상관관계 상승과 유동성 악화를 우선 점검합니다.
IYR,IYR,equity_etf,soft_landing_goldilocks,Soft Landing / Goldilocks,우호적 위험선호장,us_global,1.059868,-0.001152,1.168957,positive,1.059868,high,48.066958,rolling_beta,v3,1,4873,4873,3,market,pass,N,,2026-06-04,0,0.0,0.0,medium,N,non-adverse scenario,inactive scenario,1.059868,1.168957,-0.001152,risk_on_participation,우호적 위험선호장 참여 민감도
IYR,IYR,equity_etf,stagflation_reinflation_energy_shock,Stagflation / Reinflation / Energy Shock,물가·에너지 재상승장,us_global,0.599764,-0.001152,1.059868,positive,0.599764,medium,53.197858,rolling_beta,v3,1,4873,4873,2,market,pass,N,,2026-06-04,0,0.0,0.0,high,N,scenario inactive,inactive scenario,0.1999,,-0.001152,stagflation_vulnerable,성장 부담이 있는데 유가·원자재·인플레이션 압력이 다시 커지는 장세입니다. 에너지/원자재 수혜와 장기채 부담을 함께 봅니다.
IYR,IYR,equity_etf,korea_domestic_financial_stress,Korea Domestic Financial Stress,한국 내수 금융스트레스장,korea_market,-0.031029,-0.001152,0.0,neutral,0.031029,low,84.809459,rolling_beta,v3,1,4292,4292,5,seed,pass,Y,,2026-06-04,0,0.0,0.0,medium,N,scenario inactive,inactive scenario,0.049317,-0.013241,-0.001152,korea_financial_stress_hedge,"가계부채, 부동산 PF, 비은행권, 금융주와 건설주 스트레스가 한국 자산 전반으로 번지는 장세입니다. 금융/건설 basket, 신용 spread, 단기자금 spread, 원화 약세를 함께 점검합니다."
IYR,IYR,equity_etf,semiconductor_ai_cycle_shock,Semiconductor / AI Cycle Shock,AI·반도체 사이클 충격장,korea_semiconductor,-0.023403,-0.001152,0.228726,neutral,0.023403,low,77.298138,rolling_beta,v3,1,1260,1260,6,market,pass,N,,2026-06-04,0,0.0,0.0,high,N,scenario inactive,inactive scenario,0.236267,0.228726,-0.001152,semiconductor_ai_shock_hedge,"AI capex 기대와 반도체 모멘텀이 꺾이면서 미국 성장주와 한국 반도체 대형주가 동시에 압박받는 장세입니다. SOXX, AI leader basket, 한국 반도체 basket의 동반 약세와 원화 압력을 함께 봅니다."
IYR,IYR,equity_etf,slowdown_recession_deflation_risk,Slowdown / Recession / Deflation Risk,경기둔화/침체 우려장,us_global,0.379249,-0.001152,1.168957,positive,0.379249,medium,60.696943,rolling_beta,v3,1,4873,4873,3,market,pass,N,,2026-06-04,0,0.0,0.0,high,N,scenario inactive,inactive scenario,1.059868,1.168957,-0.001152,slowdown_vulnerable,수요 둔화와 침체/디플레이션 압력이 커지는 방어적 장세입니다. 주식 beta와 신용위험을 보수적으로 봅니다.
JNJ,JNJ,us_stock,usd_strength_krw_weakness,USD Strength / KRW Weakness,달러강세/원화약세장,fx_krw,-0.189383,-0.000541,0.0,negative,0.189383,low,78.591896,rolling_beta,v3,1,4292,4292,4,market,pass,N,,2026-06-04,1,0.958519,0.958519,high,Y,trade-gated adverse scenario with medium/high evidence,active market context,0.796856,-0.018033,-0.000541,krw_weakness_hedge,달러가 강하고 원화가 약해져 KRW 기준 투자자의 환율 리스크가 커지는 장세입니다. 한국 자산과 USD 노출의 역할을 분리해 봅니다.
JNJ,JNJ,us_stock,china_trade_fragmentation_shock,China / Trade Fragmentation Shock,중국·무역분절 충격장,china_asia,0.042014,-0.000541,0.0,neutral,0.042014,low,67.121129,rolling_beta,v3,1,1260,1260,5,market,pass,N,,2026-06-04,1,0.743352,0.743352,high,Y,trade-gated adverse scenario with medium/high evidence,active market context,-0.051114,-0.018033,-0.000541,china_asia_shock_vulnerable,중국 경기·무역갈등·공급망 충격이 한국/아시아와 반도체 자산에 번지는 장세입니다. 한국 반도체 factor와 원화 약세를 함께 확인합니다.
JNJ,JNJ,us_stock,higher_for_longer_long_rate_shock,Higher-for-Longer / Long-Rate Shock,장기금리 부담장,us_global,0.703357,-0.000541,0.641007,positive,0.703357,medium,60.332483,rolling_beta,v3,1,4873,4873,3,market,pass,N,,2026-06-04,1,0.710094,0.0,high,N,below ACTIVE confidence/coverage trade-gate threshold,active market context,0.642468,0.641007,-0.000541,rate_sensitive,장기금리와 달러 강세 부담이 채권·성장주·신용자산을 압박하는 장세입니다. 고밸류 성장주와 반도체 factor 민감도를 점검합니다.
JNJ,JNJ,us_stock,geopolitical_escalation_supply_shock,Geopolitical Escalation / Supply Shock,지정학 확전·공급충격장,geopolitical,-0.033992,-0.000541,0.642468,neutral,0.033992,low,52.44319,rolling_beta,v3,1,4292,4292,3,manual,pass,Y,,2026-06-04,1,0.382179,0.0,medium,N,context only: source_quality=manual,context only: source_quality=manual,0.128473,,-0.000541,geopolitical_supply_shock_hedge,"전쟁, 제재, 해상로 차질, 대만·중동·한반도 긴장처럼 유가·금·방산·변동성이 동시에 움직이는 이벤트성 충격 장세입니다. 뉴스 overlay는 가격 신호를 보강하는 용도로만 해석합니다."
JNJ,JNJ,us_stock,acute_global_stress_liquidity_crunch,Acute Global Stress / Liquidity Crunch,급성 리스크오프/유동성 경색장,us_global,0.077694,-0.000541,0.641007,positive,0.077694,low,41.987513,rolling_beta,v3,1,4873,4873,3,market,pass,N,,2026-06-04,1,0.362342,0.0,medium,N,context only: WATCH state,context only: WATCH state,0.642468,0.641007,-0.000541,liquidity_stress_vulnerable,변동성이 튀고 위험자산이 동반 약세를 보이는 단기 스트레스 장세입니다. 상관관계 상승과 유동성 악화를 우선 점검합니다.
JNJ,JNJ,us_stock,soft_landing_goldilocks,Soft Landing / Goldilocks,우호적 위험선호장,us_global,0.642468,-0.000541,0.641007,positive,0.642468,medium,48.066958,rolling_beta,v3,1,4873,4873,3,market,pass,N,,2026-06-04,0,0.0,0.0,medium,N,non-adverse scenario,inactive scenario,0.642468,0.641007,-0.000541,risk_on_participation,우호적 위험선호장 참여 민감도
JNJ,JNJ,us_stock,stagflation_reinflation_energy_shock,Stagflation / Reinflation / Energy Shock,물가·에너지 재상승장,us_global,0.438384,-0.000541,0.642468,positive,0.438384,medium,53.197858,rolling_beta,v3,1,4873,4873,2,market,pass,N,,2026-06-04,0,0.0,0.0,high,N,scenario inactive,inactive scenario,0.128473,,-0.000541,stagflation_vulnerable,성장 부담이 있는데 유가·원자재·인플레이션 압력이 다시 커지는 장세입니다. 에너지/원자재 수혜와 장기채 부담을 함께 봅니다.
JNJ,JNJ,us_stock,korea_domestic_financial_stress,Korea Domestic Financial Stress,한국 내수 금융스트레스장,korea_market,-0.366951,-0.000541,0.0,negative,0.366951,medium,84.809459,rolling_beta,v3,1,4292,4292,5,seed,pass,Y,,2026-06-04,0,0.0,0.0,medium,N,scenario inactive,inactive scenario,-0.051114,-0.018033,-0.000541,korea_financial_stress_hedge,"가계부채, 부동산 PF, 비은행권, 금융주와 건설주 스트레스가 한국 자산 전반으로 번지는 장세입니다. 금융/건설 basket, 신용 spread, 단기자금 spread, 원화 약세를 함께 점검합니다."
JNJ,JNJ,us_stock,semiconductor_ai_cycle_shock,Semiconductor / AI Cycle Shock,AI·반도체 사이클 충격장,korea_semiconductor,-0.219535,-0.000541,0.0,negative,0.219535,low,77.298138,rolling_beta,v3,1,1260,1260,6,market,pass,N,,2026-06-04,0,0.0,0.0,high,N,scenario inactive,inactive scenario,0.027024,-0.083381,-0.000541,semiconductor_ai_shock_hedge,"AI capex 기대와 반도체 모멘텀이 꺾이면서 미국 성장주와 한국 반도체 대형주가 동시에 압박받는 장세입니다. SOXX, AI leader basket, 한국 반도체 basket의 동반 약세와 원화 압력을 함께 봅니다."
JNJ,JNJ,us_stock,slowdown_recession_deflation_risk,Slowdown / Recession / Deflation Risk,경기둔화/침체 우려장,us_global,0.086532,-0.000541,0.641007,positive,0.086532,low,60.696943,rolling_beta,v3,1,4873,4873,3,market,pass,N,,2026-06-04,0,0.0,0.0,high,N,scenario inactive,inactive scenario,0.642468,0.641007,-0.000541,slowdown_vulnerable,수요 둔화와 침체/디플레이션 압력이 커지는 방어적 장세입니다. 주식 beta와 신용위험을 보수적으로 봅니다.
JPM,JPM,us_stock,usd_strength_krw_weakness,USD Strength / KRW Weakness,달러강세/원화약세장,fx_krw,-0.032365,0.001095,0.021522,neutral,0.032365,low,78.591896,rolling_beta,v3,1,4292,4292,4,market,pass,N,,2026-06-04,1,0.958519,0.958519,high,Y,trade-gated adverse scenario with medium/high evidence,active market context,0.454142,0.021522,0.001095,krw_weakness_hedge,달러가 강하고 원화가 약해져 KRW 기준 투자자의 환율 리스크가 커지는 장세입니다. 한국 자산과 USD 노출의 역할을 분리해 봅니다.
JPM,JPM,us_stock,china_trade_fragmentation_shock,China / Trade Fragmentation Shock,중국·무역분절 충격장,china_asia,0.126727,0.001095,0.021522,positive,0.126727,low,67.121129,rolling_beta,v3,1,1260,1260,5,market,pass,N,,2026-06-04,1,0.743352,0.743352,high,Y,trade-gated adverse scenario with medium/high evidence,active market context,0.065609,0.021522,0.001095,china_asia_shock_vulnerable,중국 경기·무역갈등·공급망 충격이 한국/아시아와 반도체 자산에 번지는 장세입니다. 한국 반도체 factor와 원화 약세를 함께 확인합니다.
JPM,JPM,us_stock,higher_for_longer_long_rate_shock,Higher-for-Longer / Long-Rate Shock,장기금리 부담장,us_global,1.048797,0.001095,1.262034,positive,1.048797,high,60.332483,rolling_beta,v3,1,4873,4873,3,market,pass,N,,2026-06-04,1,0.710094,0.0,high,N,below ACTIVE confidence/coverage trade-gate threshold,active market context,1.27054,1.262034,0.001095,rate_sensitive,장기금리와 달러 강세 부담이 채권·성장주·신용자산을 압박하는 장세입니다. 고밸류 성장주와 반도체 factor 민감도를 점검합니다.
JPM,JPM,us_stock,geopolitical_escalation_supply_shock,Geopolitical Escalation / Supply Shock,지정학 확전·공급충격장,geopolitical,0.102184,0.001095,1.27054,positive,0.102184,low,52.44319,rolling_beta,v3,1,4292,4292,3,manual,pass,Y,,2026-06-04,1,0.382179,0.0,medium,N,context only: source_quality=manual,context only: source_quality=manual,0.260962,,0.001095,geopolitical_supply_shock_vulnerable,"전쟁, 제재, 해상로 차질, 대만·중동·한반도 긴장처럼 유가·금·방산·변동성이 동시에 움직이는 이벤트성 충격 장세입니다. 뉴스 overlay는 가격 신호를 보강하는 용도로만 해석합니다."
JPM,JPM,us_stock,acute_global_stress_liquidity_crunch,Acute Global Stress / Liquidity Crunch,급성 리스크오프/유동성 경색장,us_global,0.349511,0.001095,1.262034,positive,0.349511,medium,41.987513,rolling_beta,v3,1,4873,4873,3,market,pass,N,,2026-06-04,1,0.362342,0.0,medium,N,context only: WATCH state,context only: WATCH state,1.27054,1.262034,0.001095,liquidity_stress_vulnerable,변동성이 튀고 위험자산이 동반 약세를 보이는 단기 스트레스 장세입니다. 상관관계 상승과 유동성 악화를 우선 점검합니다.
JPM,JPM,us_stock,soft_landing_goldilocks,Soft Landing / Goldilocks,우호적 위험선호장,us_global,1.27054,0.001095,1.262034,positive,1.27054,high,48.066958,rolling_beta,v3,1,4873,4873,3,market,pass,N,,2026-06-04,0,0.0,0.0,medium,N,non-adverse scenario,inactive scenario,1.27054,1.262034,0.001095,risk_on_participation,우호적 위험선호장 참여 민감도
JPM,JPM,us_stock,stagflation_reinflation_energy_shock,Stagflation / Reinflation / Energy Shock,물가·에너지 재상승장,us_global,0.617308,0.001095,1.27054,positive,0.617308,medium,53.197858,rolling_beta,v3,1,4873,4873,2,market,pass,N,,2026-06-04,0,0.0,0.0,high,N,scenario inactive,inactive scenario,0.260962,,0.001095,stagflation_vulnerable,성장 부담이 있는데 유가·원자재·인플레이션 압력이 다시 커지는 장세입니다. 에너지/원자재 수혜와 장기채 부담을 함께 봅니다.
JPM,JPM,us_stock,korea_domestic_financial_stress,Korea Domestic Financial Stress,한국 내수 금융스트레스장,korea_market,0.020327,0.001095,0.021522,neutral,0.020327,low,84.809459,rolling_beta,v3,1,4292,4292,5,seed,pass,Y,,2026-06-04,0,0.0,0.0,medium,N,scenario inactive,inactive scenario,0.065609,0.021522,0.001095,korea_financial_stress_vulnerable,"가계부채, 부동산 PF, 비은행권, 금융주와 건설주 스트레스가 한국 자산 전반으로 번지는 장세입니다. 금융/건설 basket, 신용 spread, 단기자금 spread, 원화 약세를 함께 점검합니다."
JPM,JPM,us_stock,semiconductor_ai_cycle_shock,Semiconductor / AI Cycle Shock,AI·반도체 사이클 충격장,korea_semiconductor,0.039362,0.001095,0.355156,neutral,0.039362,low,77.298138,rolling_beta,v3,1,1260,1260,6,market,pass,N,,2026-06-04,0,0.0,0.0,high,N,scenario inactive,inactive scenario,0.311576,0.355156,0.001095,semiconductor_ai_shock_vulnerable,"AI capex 기대와 반도체 모멘텀이 꺾이면서 미국 성장주와 한국 반도체 대형주가 동시에 압박받는 장세입니다. SOXX, AI leader basket, 한국 반도체 basket의 동반 약세와 원화 압력을 함께 봅니다."
JPM,JPM,us_stock,slowdown_recession_deflation_risk,Slowdown / Recession / Deflation Risk,경기둔화/침체 우려장,us_global,0.437517,0.001095,1.262034,positive,0.437517,medium,60.696943,rolling_beta,v3,1,4873,4873,3,market,pass,N,,2026-06-04,0,0.0,0.0,high,N,scenario inactive,inactive scenario,1.27054,1.262034,0.001095,slowdown_vulnerable,수요 둔화와 침체/디플레이션 압력이 커지는 방어적 장세입니다. 주식 beta와 신용위험을 보수적으로 봅니다.
KO,KO,us_stock,usd_strength_krw_weakness,USD Strength / KRW Weakness,달러강세/원화약세장,fx_krw,-0.18692,-0.002396,0.024231,negative,0.18692,low,78.591896,rolling_beta,v3,1,4292,4292,4,market,pass,N,,2026-06-04,1,0.958519,0.958519,high,Y,trade-gated adverse scenario with medium/high evidence,active market context,0.761097,0.024231,-0.002396,krw_weakness_hedge,달러가 강하고 원화가 약해져 KRW 기준 투자자의 환율 리스크가 커지는 장세입니다. 한국 자산과 USD 노출의 역할을 분리해 봅니다.
KO,KO,us_stock,china_trade_fragmentation_shock,China / Trade Fragmentation Shock,중국·무역분절 충격장,china_asia,0.090369,-0.002396,0.024231,positive,0.090369,low,67.121129,rolling_beta,v3,1,1260,1260,5,market,pass,N,,2026-06-04,1,0.743352,0.743352,high,Y,trade-gated adverse scenario with medium/high evidence,active market context,-0.02479,0.024231,-0.002396,china_asia_shock_vulnerable,중국 경기·무역갈등·공급망 충격이 한국/아시아와 반도체 자산에 번지는 장세입니다. 한국 반도체 factor와 원화 약세를 함께 확인합니다.
KO,KO,us_stock,higher_for_longer_long_rate_shock,Higher-for-Longer / Long-Rate Shock,장기금리 부담장,us_global,0.708775,-0.002396,0.704446,positive,0.708775,medium,60.332483,rolling_beta,v3,1,4873,4873,3,market,pass,N,,2026-06-04,1,0.710094,0.0,high,N,below ACTIVE confidence/coverage trade-gate threshold,active market context,0.652318,0.704446,-0.002396,rate_sensitive,장기금리와 달러 강세 부담이 채권·성장주·신용자산을 압박하는 장세입니다. 고밸류 성장주와 반도체 factor 민감도를 점검합니다.
KO,KO,us_stock,geopolitical_escalation_supply_shock,Geopolitical Escalation / Supply Shock,지정학 확전·공급충격장,geopolitical,0.008998,-0.002396,0.652318,neutral,0.008998,low,52.44319,rolling_beta,v3,1,4292,4292,3,manual,pass,Y,,2026-06-04,1,0.382179,0.0,medium,N,context only: source_quality=manual,context only: source_quality=manual,0.143547,,-0.002396,geopolitical_supply_shock_vulnerable,"전쟁, 제재, 해상로 차질, 대만·중동·한반도 긴장처럼 유가·금·방산·변동성이 동시에 움직이는 이벤트성 충격 장세입니다. 뉴스 overlay는 가격 신호를 보강하는 용도로만 해석합니다."
KO,KO,us_stock,acute_global_stress_liquidity_crunch,Acute Global Stress / Liquidity Crunch,급성 리스크오프/유동성 경색장,us_global,0.166604,-0.002396,0.704446,positive,0.166604,low,41.987513,rolling_beta,v3,1,4873,4873,3,market,pass,N,,2026-06-04,1,0.362342,0.0,medium,N,context only: WATCH state,context only: WATCH state,0.652318,0.704446,-0.002396,liquidity_stress_vulnerable,변동성이 튀고 위험자산이 동반 약세를 보이는 단기 스트레스 장세입니다. 상관관계 상승과 유동성 악화를 우선 점검합니다.
KO,KO,us_stock,soft_landing_goldilocks,Soft Landing / Goldilocks,우호적 위험선호장,us_global,0.652318,-0.002396,0.704446,positive,0.652318,medium,48.066958,rolling_beta,v3,1,4873,4873,3,market,pass,N,,2026-06-04,0,0.0,0.0,medium,N,non-adverse scenario,inactive scenario,0.652318,0.704446,-0.002396,risk_on_participation,우호적 위험선호장 참여 민감도
KO,KO,us_stock,stagflation_reinflation_energy_shock,Stagflation / Reinflation / Energy Shock,물가·에너지 재상승장,us_global,0.488217,-0.002396,0.652318,positive,0.488217,medium,53.197858,rolling_beta,v3,1,4873,4873,2,market,pass,N,,2026-06-04,0,0.0,0.0,high,N,scenario inactive,inactive scenario,0.143547,,-0.002396,stagflation_vulnerable,성장 부담이 있는데 유가·원자재·인플레이션 압력이 다시 커지는 장세입니다. 에너지/원자재 수혜와 장기채 부담을 함께 봅니다.
KO,KO,us_stock,korea_domestic_financial_stress,Korea Domestic Financial Stress,한국 내수 금융스트레스장,korea_market,-0.32593,-0.002396,0.024231,negative,0.32593,medium,84.809459,rolling_beta,v3,1,4292,4292,5,seed,pass,Y,,2026-06-04,0,0.0,0.0,medium,N,scenario inactive,inactive scenario,-0.02479,0.024231,-0.002396,korea_financial_stress_hedge,"가계부채, 부동산 PF, 비은행권, 금융주와 건설주 스트레스가 한국 자산 전반으로 번지는 장세입니다. 금융/건설 basket, 신용 spread, 단기자금 spread, 원화 약세를 함께 점검합니다."
KO,KO,us_stock,semiconductor_ai_cycle_shock,Semiconductor / AI Cycle Shock,AI·반도체 사이클 충격장,korea_semiconductor,-0.183644,-0.002396,0.01629,negative,0.183644,low,77.298138,rolling_beta,v3,1,1260,1260,6,market,pass,N,,2026-06-04,0,0.0,0.0,high,N,scenario inactive,inactive scenario,0.057725,0.01629,-0.002396,semiconductor_ai_shock_hedge,"AI capex 기대와 반도체 모멘텀이 꺾이면서 미국 성장주와 한국 반도체 대형주가 동시에 압박받는 장세입니다. SOXX, AI leader basket, 한국 반도체 basket의 동반 약세와 원화 압력을 함께 봅니다."
KO,KO,us_stock,slowdown_recession_deflation_risk,Slowdown / Recession / Deflation Risk,경기둔화/침체 우려장,us_global,0.157874,-0.002396,0.704446,positive,0.157874,low,60.696943,rolling_beta,v3,1,4873,4873,3,market,pass,N,,2026-06-04,0,0.0,0.0,high,N,scenario inactive,inactive scenario,0.652318,0.704446,-0.002396,slowdown_vulnerable,수요 둔화와 침체/디플레이션 압력이 커지는 방어적 장세입니다. 주식 beta와 신용위험을 보수적으로 봅니다.
KRE,KRE,equity_etf,usd_strength_krw_weakness,USD Strength / KRW Weakness,달러강세/원화약세장,fx_krw,-0.045134,0.000201,0.0,neutral,0.045134,low,78.591896,rolling_beta,v3,1,4292,4292,4,market,pass,N,,2026-06-04,1,0.958519,0.958519,high,Y,trade-gated adverse scenario with medium/high evidence,active market context,0.56504,-0.034292,0.000201,krw_weakness_hedge,달러가 강하고 원화가 약해져 KRW 기준 투자자의 환율 리스크가 커지는 장세입니다. 한국 자산과 USD 노출의 역할을 분리해 봅니다.
KRE,KRE,equity_etf,china_trade_fragmentation_shock,China / Trade Fragmentation Shock,중국·무역분절 충격장,china_asia,0.138869,0.000201,0.0,positive,0.138869,low,67.121129,rolling_beta,v3,1,1260,1260,5,market,pass,N,,2026-06-04,1,0.743352,0.743352,high,Y,trade-gated adverse scenario with medium/high evidence,active market context,0.045468,-0.034292,0.000201,china_asia_shock_vulnerable,중국 경기·무역갈등·공급망 충격이 한국/아시아와 반도체 자산에 번지는 장세입니다. 한국 반도체 factor와 원화 약세를 함께 확인합니다.
KRE,KRE,equity_etf,higher_for_longer_long_rate_shock,Higher-for-Longer / Long-Rate Shock,장기금리 부담장,us_global,1.020705,0.000201,1.234042,positive,1.020705,high,60.332483,rolling_beta,v3,1,4873,4873,3,market,pass,N,,2026-06-04,1,0.710094,0.0,high,N,below ACTIVE confidence/coverage trade-gate threshold,active market context,1.219463,1.234042,0.000201,rate_sensitive,장기금리와 달러 강세 부담이 채권·성장주·신용자산을 압박하는 장세입니다. 고밸류 성장주와 반도체 factor 민감도를 점검합니다.
KRE,KRE,equity_etf,geopolitical_escalation_supply_shock,Geopolitical Escalation / Supply Shock,지정학 확전·공급충격장,geopolitical,0.119492,0.000201,1.219463,positive,0.119492,low,52.44319,rolling_beta,v3,1,4292,4292,3,manual,pass,Y,,2026-06-04,1,0.382179,0.0,medium,N,context only: source_quality=manual,context only: source_quality=manual,0.252667,,0.000201,geopolitical_supply_shock_vulnerable,"전쟁, 제재, 해상로 차질, 대만·중동·한반도 긴장처럼 유가·금·방산·변동성이 동시에 움직이는 이벤트성 충격 장세입니다. 뉴스 overlay는 가격 신호를 보강하는 용도로만 해석합니다."
KRE,KRE,equity_etf,acute_global_stress_liquidity_crunch,Acute Global Stress / Liquidity Crunch,급성 리스크오프/유동성 경색장,us_global,0.361662,0.000201,1.234042,positive,0.361662,medium,41.987513,rolling_beta,v3,1,4873,4873,3,market,pass,N,,2026-06-04,1,0.362342,0.0,medium,N,context only: WATCH state,context only: WATCH state,1.219463,1.234042,0.000201,liquidity_stress_vulnerable,변동성이 튀고 위험자산이 동반 약세를 보이는 단기 스트레스 장세입니다. 상관관계 상승과 유동성 악화를 우선 점검합니다.
KRE,KRE,equity_etf,soft_landing_goldilocks,Soft Landing / Goldilocks,우호적 위험선호장,us_global,1.219463,0.000201,1.234042,positive,1.219463,high,48.066958,rolling_beta,v3,1,4873,4873,3,market,pass,N,,2026-06-04,0,0.0,0.0,medium,N,non-adverse scenario,inactive scenario,1.219463,1.234042,0.000201,risk_on_participation,우호적 위험선호장 참여 민감도
KRE,KRE,equity_etf,stagflation_reinflation_energy_shock,Stagflation / Reinflation / Energy Shock,물가·에너지 재상승장,us_global,0.621789,0.000201,1.219463,positive,0.621789,medium,53.197858,rolling_beta,v3,1,4873,4873,2,market,pass,N,,2026-06-04,0,0.0,0.0,high,N,scenario inactive,inactive scenario,0.252667,,0.000201,stagflation_vulnerable,성장 부담이 있는데 유가·원자재·인플레이션 압력이 다시 커지는 장세입니다. 에너지/원자재 수혜와 장기채 부담을 함께 봅니다.
KRE,KRE,equity_etf,korea_domestic_financial_stress,Korea Domestic Financial Stress,한국 내수 금융스트레스장,korea_market,0.049754,0.000201,0.0,neutral,0.049754,low,84.809459,rolling_beta,v3,1,4292,4292,5,seed,pass,Y,,2026-06-04,0,0.0,0.0,medium,N,scenario inactive,inactive scenario,0.045468,-0.034292,0.000201,korea_financial_stress_vulnerable,"가계부채, 부동산 PF, 비은행권, 금융주와 건설주 스트레스가 한국 자산 전반으로 번지는 장세입니다. 금융/건설 basket, 신용 spread, 단기자금 spread, 원화 약세를 함께 점검합니다."
KRE,KRE,equity_etf,semiconductor_ai_cycle_shock,Semiconductor / AI Cycle Shock,AI·반도체 사이클 충격장,korea_semiconductor,0.075569,0.000201,0.374064,positive,0.075569,low,77.298138,rolling_beta,v3,1,1260,1260,6,market,pass,N,,2026-06-04,0,0.0,0.0,high,N,scenario inactive,inactive scenario,0.388239,0.374064,0.000201,semiconductor_ai_shock_vulnerable,"AI capex 기대와 반도체 모멘텀이 꺾이면서 미국 성장주와 한국 반도체 대형주가 동시에 압박받는 장세입니다. SOXX, AI leader basket, 한국 반도체 basket의 동반 약세와 원화 압력을 함께 봅니다."
KRE,KRE,equity_etf,slowdown_recession_deflation_risk,Slowdown / Recession / Deflation Risk,경기둔화/침체 우려장,us_global,0.435618,0.000201,1.234042,positive,0.435618,medium,60.696943,rolling_beta,v3,1,4873,4873,3,market,pass,N,,2026-06-04,0,0.0,0.0,high,N,scenario inactive,inactive scenario,1.219463,1.234042,0.000201,slowdown_vulnerable,수요 둔화와 침체/디플레이션 압력이 커지는 방어적 장세입니다. 주식 beta와 신용위험을 보수적으로 봅니다.
LLY,LLY,us_stock,usd_strength_krw_weakness,USD Strength / KRW Weakness,달러강세/원화약세장,fx_krw,-0.149247,0.000429,0.012253,negative,0.149247,low,78.591896,rolling_beta,v3,1,4292,4292,4,market,pass,N,,2026-06-04,1,0.958519,0.958519,high,Y,trade-gated adverse scenario with medium/high evidence,active market context,0.774432,0.012253,0.000429,krw_weakness_hedge,달러가 강하고 원화가 약해져 KRW 기준 투자자의 환율 리스크가 커지는 장세입니다. 한국 자산과 USD 노출의 역할을 분리해 봅니다.
LLY,LLY,us_stock,china_trade_fragmentation_shock,China / Trade Fragmentation Shock,중국·무역분절 충격장,china_asia,0.04988,0.000429,0.012253,neutral,0.04988,low,67.121129,rolling_beta,v3,1,1260,1260,5,market,pass,N,,2026-06-04,1,0.743352,0.743352,high,Y,trade-gated adverse scenario with medium/high evidence,active market context,-0.027543,0.012253,0.000429,china_asia_shock_vulnerable,중국 경기·무역갈등·공급망 충격이 한국/아시아와 반도체 자산에 번지는 장세입니다. 한국 반도체 factor와 원화 약세를 함께 확인합니다.
LLY,LLY,us_stock,higher_for_longer_long_rate_shock,Higher-for-Longer / Long-Rate Shock,장기금리 부담장,us_global,0.791656,0.000429,0.798696,positive,0.791656,high,60.332483,rolling_beta,v3,1,4873,4873,3,market,pass,N,,2026-06-04,1,0.710094,0.0,high,N,below ACTIVE confidence/coverage trade-gate threshold,active market context,0.80301,0.798696,0.000429,rate_sensitive,장기금리와 달러 강세 부담이 채권·성장주·신용자산을 압박하는 장세입니다. 고밸류 성장주와 반도체 factor 민감도를 점검합니다.
LLY,LLY,us_stock,geopolitical_escalation_supply_shock,Geopolitical Escalation / Supply Shock,지정학 확전·공급충격장,geopolitical,-0.006676,0.000429,0.80301,neutral,0.006676,low,52.44319,rolling_beta,v3,1,4292,4292,3,manual,pass,Y,,2026-06-04,1,0.382179,0.0,medium,N,context only: source_quality=manual,context only: source_quality=manual,0.141889,,0.000429,geopolitical_supply_shock_hedge,"전쟁, 제재, 해상로 차질, 대만·중동·한반도 긴장처럼 유가·금·방산·변동성이 동시에 움직이는 이벤트성 충격 장세입니다. 뉴스 overlay는 가격 신호를 보강하는 용도로만 해석합니다."
LLY,LLY,us_stock,acute_global_stress_liquidity_crunch,Acute Global Stress / Liquidity Crunch,급성 리스크오프/유동성 경색장,us_global,0.122357,0.000429,0.798696,positive,0.122357,low,41.987513,rolling_beta,v3,1,4873,4873,3,market,pass,N,,2026-06-04,1,0.362342,0.0,medium,N,context only: WATCH state,context only: WATCH state,0.80301,0.798696,0.000429,liquidity_stress_vulnerable,변동성이 튀고 위험자산이 동반 약세를 보이는 단기 스트레스 장세입니다. 상관관계 상승과 유동성 악화를 우선 점검합니다.
LLY,LLY,us_stock,soft_landing_goldilocks,Soft Landing / Goldilocks,우호적 위험선호장,us_global,0.80301,0.000429,0.798696,positive,0.80301,high,48.066958,rolling_beta,v3,1,4873,4873,3,market,pass,N,,2026-06-04,0,0.0,0.0,medium,N,non-adverse scenario,inactive scenario,0.80301,0.798696,0.000429,risk_on_participation,우호적 위험선호장 참여 민감도
LLY,LLY,us_stock,stagflation_reinflation_energy_shock,Stagflation / Reinflation / Energy Shock,물가·에너지 재상승장,us_global,0.470332,0.000429,0.80301,positive,0.470332,medium,53.197858,rolling_beta,v3,1,4873,4873,2,market,pass,N,,2026-06-04,0,0.0,0.0,high,N,scenario inactive,inactive scenario,0.141889,,0.000429,stagflation_vulnerable,성장 부담이 있는데 유가·원자재·인플레이션 압력이 다시 커지는 장세입니다. 에너지/원자재 수혜와 장기채 부담을 함께 봅니다.
LLY,LLY,us_stock,korea_domestic_financial_stress,Korea Domestic Financial Stress,한국 내수 금융스트레스장,korea_market,-0.394557,0.000429,0.012253,negative,0.394557,medium,84.809459,rolling_beta,v3,1,4292,4292,5,seed,pass,Y,,2026-06-04,0,0.0,0.0,medium,N,scenario inactive,inactive scenario,-0.027543,0.012253,0.000429,korea_financial_stress_hedge,"가계부채, 부동산 PF, 비은행권, 금융주와 건설주 스트레스가 한국 자산 전반으로 번지는 장세입니다. 금융/건설 basket, 신용 spread, 단기자금 spread, 원화 약세를 함께 점검합니다."
LLY,LLY,us_stock,semiconductor_ai_cycle_shock,Semiconductor / AI Cycle Shock,AI·반도체 사이클 충격장,korea_semiconductor,-0.089679,0.000429,0.220926,negative,0.089679,low,77.298138,rolling_beta,v3,1,1260,1260,6,market,pass,N,,2026-06-04,0,0.0,0.0,high,N,scenario inactive,inactive scenario,0.197692,0.220926,0.000429,semiconductor_ai_shock_hedge,"AI capex 기대와 반도체 모멘텀이 꺾이면서 미국 성장주와 한국 반도체 대형주가 동시에 압박받는 장세입니다. SOXX, AI leader basket, 한국 반도체 basket의 동반 약세와 원화 압력을 함께 봅니다."
LLY,LLY,us_stock,slowdown_recession_deflation_risk,Slowdown / Recession / Deflation Risk,경기둔화/침체 우려장,us_global,0.156946,0.000429,0.798696,positive,0.156946,low,60.696943,rolling_beta,v3,1,4873,4873,3,market,pass,N,,2026-06-04,0,0.0,0.0,high,N,scenario inactive,inactive scenario,0.80301,0.798696,0.000429,slowdown_vulnerable,수요 둔화와 침체/디플레이션 압력이 커지는 방어적 장세입니다. 주식 beta와 신용위험을 보수적으로 봅니다.
LQD,LQD,bond_etf,usd_strength_krw_weakness,USD Strength / KRW Weakness,달러강세/원화약세장,fx_krw,-0.276038,-0.000832,0.0,negative,0.276038,low,78.591896,rolling_beta,v3,1,4292,4292,4,market,pass,N,,2026-06-04,1,0.958519,0.958519,high,Y,trade-gated adverse scenario with medium/high evidence,active market context,0.884829,-0.083259,-0.000832,krw_weakness_hedge,달러가 강하고 원화가 약해져 KRW 기준 투자자의 환율 리스크가 커지는 장세입니다. 한국 자산과 USD 노출의 역할을 분리해 봅니다.
LQD,LQD,bond_etf,china_trade_fragmentation_shock,China / Trade Fragmentation Shock,중국·무역분절 충격장,china_asia,-0.020032,-0.000832,0.0,neutral,0.020032,low,67.121129,rolling_beta,v3,1,1260,1260,5,market,pass,N,,2026-06-04,1,0.743352,0.743352,high,Y,trade-gated adverse scenario with medium/high evidence,active market context,-0.100312,-0.083259,-0.000832,china_asia_shock_hedge,중국 경기·무역갈등·공급망 충격이 한국/아시아와 반도체 자산에 번지는 장세입니다. 한국 반도체 factor와 원화 약세를 함께 확인합니다.
LQD,LQD,bond_etf,higher_for_longer_long_rate_shock,Higher-for-Longer / Long-Rate Shock,장기금리 부담장,us_global,0.512715,-0.000832,0.287356,positive,0.512715,medium,60.332483,rolling_beta,v3,1,4873,4873,3,market,pass,N,,2026-06-04,1,0.710094,0.0,high,N,below ACTIVE confidence/coverage trade-gate threshold,active market context,0.295846,0.287356,-0.000832,rate_sensitive,장기금리와 달러 강세 부담이 채권·성장주·신용자산을 압박하는 장세입니다. 고밸류 성장주와 반도체 factor 민감도를 점검합니다.
LQD,LQD,bond_etf,geopolitical_escalation_supply_shock,Geopolitical Escalation / Supply Shock,지정학 확전·공급충격장,geopolitical,-0.135849,-0.000832,0.295846,negative,0.135849,low,52.44319,rolling_beta,v3,1,4292,4292,3,manual,pass,Y,,2026-06-04,1,0.382179,0.0,medium,N,context only: source_quality=manual,context only: source_quality=manual,0.074443,,-0.000832,geopolitical_supply_shock_hedge,"전쟁, 제재, 해상로 차질, 대만·중동·한반도 긴장처럼 유가·금·방산·변동성이 동시에 움직이는 이벤트성 충격 장세입니다. 뉴스 overlay는 가격 신호를 보강하는 용도로만 해석합니다."
LQD,LQD,bond_etf,acute_global_stress_liquidity_crunch,Acute Global Stress / Liquidity Crunch,급성 리스크오프/유동성 경색장,us_global,-0.099846,-0.000832,0.287356,negative,0.099846,low,41.987513,rolling_beta,v3,1,4873,4873,3,market,pass,N,,2026-06-04,1,0.362342,0.0,medium,N,context only: WATCH state,context only: WATCH state,0.295846,0.287356,-0.000832,liquidity_stress_defense,변동성이 튀고 위험자산이 동반 약세를 보이는 단기 스트레스 장세입니다. 상관관계 상승과 유동성 악화를 우선 점검합니다.
LQD,LQD,bond_etf,soft_landing_goldilocks,Soft Landing / Goldilocks,우호적 위험선호장,us_global,0.295846,-0.000832,0.287356,positive,0.295846,low,48.066958,rolling_beta,v3,1,4873,4873,3,market,pass,N,,2026-06-04,0,0.0,0.0,medium,N,non-adverse scenario,inactive scenario,0.295846,0.287356,-0.000832,risk_on_participation,우호적 위험선호장 참여 민감도
LQD,LQD,bond_etf,stagflation_reinflation_energy_shock,Stagflation / Reinflation / Energy Shock,물가·에너지 재상승장,us_global,0.324345,-0.000832,0.295846,positive,0.324345,medium,53.197858,rolling_beta,v3,1,4873,4873,2,market,pass,N,,2026-06-04,0,0.0,0.0,high,N,scenario inactive,inactive scenario,0.074443,,-0.000832,stagflation_vulnerable,성장 부담이 있는데 유가·원자재·인플레이션 압력이 다시 커지는 장세입니다. 에너지/원자재 수혜와 장기채 부담을 함께 봅니다.
LQD,LQD,bond_etf,korea_domestic_financial_stress,Korea Domestic Financial Stress,한국 내수 금융스트레스장,korea_market,-0.246477,-0.000832,0.0,negative,0.246477,low,84.809459,rolling_beta,v3,1,4292,4292,5,seed,pass,Y,,2026-06-04,0,0.0,0.0,medium,N,scenario inactive,inactive scenario,-0.100312,-0.083259,-0.000832,korea_financial_stress_hedge,"가계부채, 부동산 PF, 비은행권, 금융주와 건설주 스트레스가 한국 자산 전반으로 번지는 장세입니다. 금융/건설 basket, 신용 spread, 단기자금 spread, 원화 약세를 함께 점검합니다."
LQD,LQD,bond_etf,semiconductor_ai_cycle_shock,Semiconductor / AI Cycle Shock,AI·반도체 사이클 충격장,korea_semiconductor,-0.210706,-0.000832,0.060112,negative,0.210706,low,77.298138,rolling_beta,v3,1,1260,1260,6,market,pass,N,,2026-06-04,0,0.0,0.0,high,N,scenario inactive,inactive scenario,0.090906,0.060112,-0.000832,semiconductor_ai_shock_hedge,"AI capex 기대와 반도체 모멘텀이 꺾이면서 미국 성장주와 한국 반도체 대형주가 동시에 압박받는 장세입니다. SOXX, AI leader basket, 한국 반도체 basket의 동반 약세와 원화 압력을 함께 봅니다."
LQD,LQD,bond_etf,slowdown_recession_deflation_risk,Slowdown / Recession / Deflation Risk,경기둔화/침체 우려장,us_global,-0.128581,-0.000832,0.287356,negative,0.128581,low,60.696943,rolling_beta,v3,1,4873,4873,3,market,pass,N,,2026-06-04,0,0.0,0.0,high,N,scenario inactive,inactive scenario,0.295846,0.287356,-0.000832,slowdown_defense,수요 둔화와 침체/디플레이션 압력이 커지는 방어적 장세입니다. 주식 beta와 신용위험을 보수적으로 봅니다.
LRCX,LRCX,us_stock,usd_strength_krw_weakness,USD Strength / KRW Weakness,달러강세/원화약세장,fx_krw,-0.012255,-0.001858,0.033789,neutral,0.012255,low,78.591896,rolling_beta,v3,1,4292,4292,4,market,pass,N,,2026-06-04,1,0.958519,0.958519,high,Y,trade-gated adverse scenario with medium/high evidence,active market context,0.50065,0.033789,-0.001858,krw_weakness_hedge,달러가 강하고 원화가 약해져 KRW 기준 투자자의 환율 리스크가 커지는 장세입니다. 한국 자산과 USD 노출의 역할을 분리해 봅니다.
LRCX,LRCX,us_stock,china_trade_fragmentation_shock,China / Trade Fragmentation Shock,중국·무역분절 충격장,china_asia,0.566651,-0.001858,0.033789,positive,0.566651,medium,67.121129,rolling_beta,v3,1,1260,1260,5,market,pass,N,,2026-06-04,1,0.743352,0.743352,high,Y,trade-gated adverse scenario with medium/high evidence,active market context,0.161804,0.033789,-0.001858,china_asia_shock_vulnerable,중국 경기·무역갈등·공급망 충격이 한국/아시아와 반도체 자산에 번지는 장세입니다. 한국 반도체 factor와 원화 약세를 함께 확인합니다.
LRCX,LRCX,us_stock,higher_for_longer_long_rate_shock,Higher-for-Longer / Long-Rate Shock,장기금리 부담장,us_global,1.343039,-0.001858,1.225913,positive,1.343039,high,60.332483,rolling_beta,v3,1,4873,4873,3,market,pass,N,,2026-06-04,1,0.710094,0.0,high,N,below ACTIVE confidence/coverage trade-gate threshold,active market context,1.35098,1.225913,-0.001858,rate_sensitive,장기금리와 달러 강세 부담이 채권·성장주·신용자산을 압박하는 장세입니다. 고밸류 성장주와 반도체 factor 민감도를 점검합니다.
LRCX,LRCX,us_stock,geopolitical_escalation_supply_shock,Geopolitical Escalation / Supply Shock,지정학 확전·공급충격장,geopolitical,0.191392,-0.001858,1.35098,positive,0.191392,low,52.44319,rolling_beta,v3,1,4292,4292,3,manual,pass,Y,,2026-06-04,1,0.382179,0.0,medium,N,context only: source_quality=manual,context only: source_quality=manual,0.229351,,-0.001858,geopolitical_supply_shock_vulnerable,"전쟁, 제재, 해상로 차질, 대만·중동·한반도 긴장처럼 유가·금·방산·변동성이 동시에 움직이는 이벤트성 충격 장세입니다. 뉴스 overlay는 가격 신호를 보강하는 용도로만 해석합니다."
LRCX,LRCX,us_stock,acute_global_stress_liquidity_crunch,Acute Global Stress / Liquidity Crunch,급성 리스크오프/유동성 경색장,us_global,0.826658,-0.001858,1.225913,positive,0.826658,high,41.987513,rolling_beta,v3,1,4873,4873,3,market,pass,N,,2026-06-04,1,0.362342,0.0,medium,N,context only: WATCH state,context only: WATCH state,1.35098,1.225913,-0.001858,liquidity_stress_vulnerable,변동성이 튀고 위험자산이 동반 약세를 보이는 단기 스트레스 장세입니다. 상관관계 상승과 유동성 악화를 우선 점검합니다.
LRCX,LRCX,us_stock,soft_landing_goldilocks,Soft Landing / Goldilocks,우호적 위험선호장,us_global,1.35098,-0.001858,1.225913,positive,1.35098,high,48.066958,rolling_beta,v3,1,4873,4873,3,market,pass,N,,2026-06-04,0,0.0,0.0,medium,N,non-adverse scenario,inactive scenario,1.35098,1.225913,-0.001858,risk_on_participation,우호적 위험선호장 참여 민감도
LRCX,LRCX,us_stock,stagflation_reinflation_energy_shock,Stagflation / Reinflation / Energy Shock,물가·에너지 재상승장,us_global,0.719298,-0.001858,1.35098,positive,0.719298,medium,53.197858,rolling_beta,v3,1,4873,4873,2,market,pass,N,,2026-06-04,0,0.0,0.0,high,N,scenario inactive,inactive scenario,0.229351,,-0.001858,stagflation_vulnerable,성장 부담이 있는데 유가·원자재·인플레이션 압력이 다시 커지는 장세입니다. 에너지/원자재 수혜와 장기채 부담을 함께 봅니다.
LRCX,LRCX,us_stock,korea_domestic_financial_stress,Korea Domestic Financial Stress,한국 내수 금융스트레스장,korea_market,-0.311671,-0.001858,0.033789,negative,0.311671,medium,84.809459,rolling_beta,v3,1,4292,4292,5,seed,pass,Y,,2026-06-04,0,0.0,0.0,medium,N,scenario inactive,inactive scenario,0.161804,0.033789,-0.001858,korea_financial_stress_hedge,"가계부채, 부동산 PF, 비은행권, 금융주와 건설주 스트레스가 한국 자산 전반으로 번지는 장세입니다. 금융/건설 basket, 신용 spread, 단기자금 spread, 원화 약세를 함께 점검합니다."
LRCX,LRCX,us_stock,semiconductor_ai_cycle_shock,Semiconductor / AI Cycle Shock,AI·반도체 사이클 충격장,korea_semiconductor,1.119072,-0.001858,1.158863,positive,1.119072,high,77.298138,rolling_beta,v3,1,1260,1260,6,market,pass,N,,2026-06-04,0,0.0,0.0,high,N,scenario inactive,inactive scenario,1.128515,1.158863,-0.001858,semiconductor_ai_shock_vulnerable,"AI capex 기대와 반도체 모멘텀이 꺾이면서 미국 성장주와 한국 반도체 대형주가 동시에 압박받는 장세입니다. SOXX, AI leader basket, 한국 반도체 basket의 동반 약세와 원화 압력을 함께 봅니다."
LRCX,LRCX,us_stock,slowdown_recession_deflation_risk,Slowdown / Recession / Deflation Risk,경기둔화/침체 우려장,us_global,0.593174,-0.001858,1.225913,positive,0.593174,medium,60.696943,rolling_beta,v3,1,4873,4873,3,market,pass,N,,2026-06-04,0,0.0,0.0,high,N,scenario inactive,inactive scenario,1.35098,1.225913,-0.001858,slowdown_vulnerable,수요 둔화와 침체/디플레이션 압력이 커지는 방어적 장세입니다. 주식 beta와 신용위험을 보수적으로 봅니다.
MA,MA,us_stock,usd_strength_krw_weakness,USD Strength / KRW Weakness,달러강세/원화약세장,fx_krw,-0.076455,0.000256,0.075698,negative,0.076455,low,78.591896,rolling_beta,v3,1,4292,4292,4,market,pass,N,,2026-06-04,1,0.958519,0.958519,high,Y,trade-gated adverse scenario with medium/high evidence,active market context,0.567585,0.075698,0.000256,krw_weakness_hedge,달러가 강하고 원화가 약해져 KRW 기준 투자자의 환율 리스크가 커지는 장세입니다. 한국 자산과 USD 노출의 역할을 분리해 봅니다.
MA,MA,us_stock,china_trade_fragmentation_shock,China / Trade Fragmentation Shock,중국·무역분절 충격장,china_asia,0.112438,0.000256,0.075698,positive,0.112438,low,67.121129,rolling_beta,v3,1,1260,1260,5,market,pass,N,,2026-06-04,1,0.743352,0.743352,high,Y,trade-gated adverse scenario with medium/high evidence,active market context,0.08547,0.075698,0.000256,china_asia_shock_vulnerable,중국 경기·무역갈등·공급망 충격이 한국/아시아와 반도체 자산에 번지는 장세입니다. 한국 반도체 factor와 원화 약세를 함께 확인합니다.
MA,MA,us_stock,higher_for_longer_long_rate_shock,Higher-for-Longer / Long-Rate Shock,장기금리 부담장,us_global,0.9518,0.000256,1.062338,positive,0.9518,high,60.332483,rolling_beta,v3,1,4873,4873,3,market,pass,N,,2026-06-04,1,0.710094,0.0,high,N,below ACTIVE confidence/coverage trade-gate threshold,active market context,1.094181,1.062338,0.000256,rate_sensitive,장기금리와 달러 강세 부담이 채권·성장주·신용자산을 압박하는 장세입니다. 고밸류 성장주와 반도체 factor 민감도를 점검합니다.
MA,MA,us_stock,geopolitical_escalation_supply_shock,Geopolitical Escalation / Supply Shock,지정학 확전·공급충격장,geopolitical,0.06747,0.000256,1.094181,positive,0.06747,low,52.44319,rolling_beta,v3,1,4292,4292,3,manual,pass,Y,,2026-06-04,1,0.382179,0.0,medium,N,context only: source_quality=manual,context only: source_quality=manual,0.235442,,0.000256,geopolitical_supply_shock_vulnerable,"전쟁, 제재, 해상로 차질, 대만·중동·한반도 긴장처럼 유가·금·방산·변동성이 동시에 움직이는 이벤트성 충격 장세입니다. 뉴스 overlay는 가격 신호를 보강하는 용도로만 해석합니다."
MA,MA,us_stock,acute_global_stress_liquidity_crunch,Acute Global Stress / Liquidity Crunch,급성 리스크오프/유동성 경색장,us_global,0.290282,0.000256,1.062338,positive,0.290282,low,41.987513,rolling_beta,v3,1,4873,4873,3,market,pass,N,,2026-06-04,1,0.362342,0.0,medium,N,context only: WATCH state,context only: WATCH state,1.094181,1.062338,0.000256,liquidity_stress_vulnerable,변동성이 튀고 위험자산이 동반 약세를 보이는 단기 스트레스 장세입니다. 상관관계 상승과 유동성 악화를 우선 점검합니다.
MA,MA,us_stock,soft_landing_goldilocks,Soft Landing / Goldilocks,우호적 위험선호장,us_global,1.094181,0.000256,1.062338,positive,1.094181,high,48.066958,rolling_beta,v3,1,4873,4873,3,market,pass,N,,2026-06-04,0,0.0,0.0,medium,N,non-adverse scenario,inactive scenario,1.094181,1.062338,0.000256,risk_on_participation,우호적 위험선호장 참여 민감도
MA,MA,us_stock,stagflation_reinflation_energy_shock,Stagflation / Reinflation / Energy Shock,물가·에너지 재상승장,us_global,0.576565,0.000256,1.094181,positive,0.576565,medium,53.197858,rolling_beta,v3,1,4873,4873,2,market,pass,N,,2026-06-04,0,0.0,0.0,high,N,scenario inactive,inactive scenario,0.235442,,0.000256,stagflation_vulnerable,성장 부담이 있는데 유가·원자재·인플레이션 압력이 다시 커지는 장세입니다. 에너지/원자재 수혜와 장기채 부담을 함께 봅니다.
MA,MA,us_stock,korea_domestic_financial_stress,Korea Domestic Financial Stress,한국 내수 금융스트레스장,korea_market,-0.385072,0.000256,0.075698,negative,0.385072,medium,84.809459,rolling_beta,v3,1,4292,4292,5,seed,pass,Y,,2026-06-04,0,0.0,0.0,medium,N,scenario inactive,inactive scenario,0.08547,0.075698,0.000256,korea_financial_stress_hedge,"가계부채, 부동산 PF, 비은행권, 금융주와 건설주 스트레스가 한국 자산 전반으로 번지는 장세입니다. 금융/건설 basket, 신용 spread, 단기자금 spread, 원화 약세를 함께 점검합니다."
MA,MA,us_stock,semiconductor_ai_cycle_shock,Semiconductor / AI Cycle Shock,AI·반도체 사이클 충격장,korea_semiconductor,-0.002322,0.000256,0.242089,neutral,0.002322,low,77.298138,rolling_beta,v3,1,1260,1260,6,market,pass,N,,2026-06-04,0,0.0,0.0,high,N,scenario inactive,inactive scenario,0.293692,0.242089,0.000256,semiconductor_ai_shock_hedge,"AI capex 기대와 반도체 모멘텀이 꺾이면서 미국 성장주와 한국 반도체 대형주가 동시에 압박받는 장세입니다. SOXX, AI leader basket, 한국 반도체 basket의 동반 약세와 원화 압력을 함께 봅니다."
MA,MA,us_stock,slowdown_recession_deflation_risk,Slowdown / Recession / Deflation Risk,경기둔화/침체 우려장,us_global,0.35226,0.000256,1.062338,positive,0.35226,medium,60.696943,rolling_beta,v3,1,4873,4873,3,market,pass,N,,2026-06-04,0,0.0,0.0,high,N,scenario inactive,inactive scenario,1.094181,1.062338,0.000256,slowdown_vulnerable,수요 둔화와 침체/디플레이션 압력이 커지는 방어적 장세입니다. 주식 beta와 신용위험을 보수적으로 봅니다.
META,META,us_stock,usd_strength_krw_weakness,USD Strength / KRW Weakness,달러강세/원화약세장,fx_krw,-0.048501,-0.002534,0.071607,neutral,0.048501,low,78.591896,rolling_beta,v3,1,3110,3110,4,market,pass,N,,2026-06-04,1,0.958519,0.958519,high,Y,trade-gated adverse scenario with medium/high evidence,active market context,0.61075,0.071607,-0.002534,krw_weakness_hedge,달러가 강하고 원화가 약해져 KRW 기준 투자자의 환율 리스크가 커지는 장세입니다. 한국 자산과 USD 노출의 역할을 분리해 봅니다.
META,META,us_stock,china_trade_fragmentation_shock,China / Trade Fragmentation Shock,중국·무역분절 충격장,china_asia,0.204544,-0.002534,0.071607,positive,0.204544,low,67.121129,rolling_beta,v3,1,1260,1260,5,market,pass,N,,2026-06-04,1,0.743352,0.743352,high,Y,trade-gated adverse scenario with medium/high evidence,active market context,0.037662,0.071607,-0.002534,china_asia_shock_vulnerable,중국 경기·무역갈등·공급망 충격이 한국/아시아와 반도체 자산에 번지는 장세입니다. 한국 반도체 factor와 원화 약세를 함께 확인합니다.
META,META,us_stock,higher_for_longer_long_rate_shock,Higher-for-Longer / Long-Rate Shock,장기금리 부담장,us_global,1.013297,-0.002534,1.234015,positive,1.013297,high,60.332483,rolling_beta,v3,1,3530,3530,3,market,pass,N,,2026-06-04,1,0.710094,0.0,high,N,below ACTIVE confidence/coverage trade-gate threshold,active market context,1.205994,1.234015,-0.002534,rate_sensitive,장기금리와 달러 강세 부담이 채권·성장주·신용자산을 압박하는 장세입니다. 고밸류 성장주와 반도체 factor 민감도를 점검합니다.
META,META,us_stock,geopolitical_escalation_supply_shock,Geopolitical Escalation / Supply Shock,지정학 확전·공급충격장,geopolitical,0.19392,-0.002534,1.205994,positive,0.19392,low,52.44319,rolling_beta,v3,1,3110,3110,3,manual,pass,Y,,2026-06-04,1,0.382179,0.0,medium,N,context only: source_quality=manual,context only: source_quality=manual,0.128229,,-0.002534,geopolitical_supply_shock_vulnerable,"전쟁, 제재, 해상로 차질, 대만·중동·한반도 긴장처럼 유가·금·방산·변동성이 동시에 움직이는 이벤트성 충격 장세입니다. 뉴스 overlay는 가격 신호를 보강하는 용도로만 해석합니다."
META,META,us_stock,acute_global_stress_liquidity_crunch,Acute Global Stress / Liquidity Crunch,급성 리스크오프/유동성 경색장,us_global,0.477318,-0.002534,1.234015,positive,0.477318,medium,41.987513,rolling_beta,v3,1,3530,3530,3,market,pass,N,,2026-06-04,1,0.362342,0.0,medium,N,context only: WATCH state,context only: WATCH state,1.205994,1.234015,-0.002534,liquidity_stress_vulnerable,변동성이 튀고 위험자산이 동반 약세를 보이는 단기 스트레스 장세입니다. 상관관계 상승과 유동성 악화를 우선 점검합니다.
META,META,us_stock,soft_landing_goldilocks,Soft Landing / Goldilocks,우호적 위험선호장,us_global,1.205994,-0.002534,1.234015,positive,1.205994,high,48.066958,rolling_beta,v3,1,3530,3530,3,market,pass,N,,2026-06-04,0,0.0,0.0,medium,N,non-adverse scenario,inactive scenario,1.205994,1.234015,-0.002534,risk_on_participation,우호적 위험선호장 참여 민감도
META,META,us_stock,stagflation_reinflation_energy_shock,Stagflation / Reinflation / Energy Shock,물가·에너지 재상승장,us_global,0.685443,-0.002534,1.205994,positive,0.685443,medium,53.197858,rolling_beta,v3,1,3530,3530,2,market,pass,N,,2026-06-04,0,0.0,0.0,high,N,scenario inactive,inactive scenario,0.128229,,-0.002534,stagflation_vulnerable,성장 부담이 있는데 유가·원자재·인플레이션 압력이 다시 커지는 장세입니다. 에너지/원자재 수혜와 장기채 부담을 함께 봅니다.
META,META,us_stock,korea_domestic_financial_stress,Korea Domestic Financial Stress,한국 내수 금융스트레스장,korea_market,-0.331861,-0.002534,0.071607,negative,0.331861,medium,84.809459,rolling_beta,v3,1,3110,3110,5,seed,pass,Y,,2026-06-04,0,0.0,0.0,medium,N,scenario inactive,inactive scenario,0.037662,0.071607,-0.002534,korea_financial_stress_hedge,"가계부채, 부동산 PF, 비은행권, 금융주와 건설주 스트레스가 한국 자산 전반으로 번지는 장세입니다. 금융/건설 basket, 신용 spread, 단기자금 spread, 원화 약세를 함께 점검합니다."
META,META,us_stock,semiconductor_ai_cycle_shock,Semiconductor / AI Cycle Shock,AI·반도체 사이클 충격장,korea_semiconductor,0.47097,-0.002534,0.657078,positive,0.47097,medium,77.298138,rolling_beta,v3,1,1260,1260,6,market,pass,N,,2026-06-04,0,0.0,0.0,high,N,scenario inactive,inactive scenario,0.637785,0.657078,-0.002534,semiconductor_ai_shock_vulnerable,"AI capex 기대와 반도체 모멘텀이 꺾이면서 미국 성장주와 한국 반도체 대형주가 동시에 압박받는 장세입니다. SOXX, AI leader basket, 한국 반도체 basket의 동반 약세와 원화 압력을 함께 봅니다."
META,META,us_stock,slowdown_recession_deflation_risk,Slowdown / Recession / Deflation Risk,경기둔화/침체 우려장,us_global,0.52258,-0.002534,1.234015,positive,0.52258,medium,60.696943,rolling_beta,v3,1,3530,3530,3,market,pass,N,,2026-06-04,0,0.0,0.0,high,N,scenario inactive,inactive scenario,1.205994,1.234015,-0.002534,slowdown_vulnerable,수요 둔화와 침체/디플레이션 압력이 커지는 방어적 장세입니다. 주식 beta와 신용위험을 보수적으로 봅니다.
MRK,MRK,us_stock,usd_strength_krw_weakness,USD Strength / KRW Weakness,달러강세/원화약세장,fx_krw,-0.163291,-0.00214,0.0,negative,0.163291,low,78.591896,rolling_beta,v3,1,4292,4292,4,market,pass,N,,2026-06-04,1,0.958519,0.958519,high,Y,trade-gated adverse scenario with medium/high evidence,active market context,0.732284,-0.034103,-0.00214,krw_weakness_hedge,달러가 강하고 원화가 약해져 KRW 기준 투자자의 환율 리스크가 커지는 장세입니다. 한국 자산과 USD 노출의 역할을 분리해 봅니다.
MRK,MRK,us_stock,china_trade_fragmentation_shock,China / Trade Fragmentation Shock,중국·무역분절 충격장,china_asia,0.102861,-0.00214,0.0,positive,0.102861,low,67.121129,rolling_beta,v3,1,1260,1260,5,market,pass,N,,2026-06-04,1,0.743352,0.743352,high,Y,trade-gated adverse scenario with medium/high evidence,active market context,-0.037347,-0.034103,-0.00214,china_asia_shock_vulnerable,중국 경기·무역갈등·공급망 충격이 한국/아시아와 반도체 자산에 번지는 장세입니다. 한국 반도체 factor와 원화 약세를 함께 확인합니다.
MRK,MRK,us_stock,higher_for_longer_long_rate_shock,Higher-for-Longer / Long-Rate Shock,장기금리 부담장,us_global,0.760759,-0.00214,0.735904,positive,0.760759,high,60.332483,rolling_beta,v3,1,4873,4873,3,market,pass,N,,2026-06-04,1,0.710094,0.0,high,N,below ACTIVE confidence/coverage trade-gate threshold,active market context,0.746835,0.735904,-0.00214,rate_sensitive,장기금리와 달러 강세 부담이 채권·성장주·신용자산을 압박하는 장세입니다. 고밸류 성장주와 반도체 factor 민감도를 점검합니다.
MRK,MRK,us_stock,geopolitical_escalation_supply_shock,Geopolitical Escalation / Supply Shock,지정학 확전·공급충격장,geopolitical,0.032422,-0.00214,0.746835,neutral,0.032422,low,52.44319,rolling_beta,v3,1,4292,4292,3,manual,pass,Y,,2026-06-04,1,0.382179,0.0,medium,N,context only: source_quality=manual,context only: source_quality=manual,0.154155,,-0.00214,geopolitical_supply_shock_vulnerable,"전쟁, 제재, 해상로 차질, 대만·중동·한반도 긴장처럼 유가·금·방산·변동성이 동시에 움직이는 이벤트성 충격 장세입니다. 뉴스 overlay는 가격 신호를 보강하는 용도로만 해석합니다."
MRK,MRK,us_stock,acute_global_stress_liquidity_crunch,Acute Global Stress / Liquidity Crunch,급성 리스크오프/유동성 경색장,us_global,0.207048,-0.00214,0.735904,positive,0.207048,low,41.987513,rolling_beta,v3,1,4873,4873,3,market,pass,N,,2026-06-04,1,0.362342,0.0,medium,N,context only: WATCH state,context only: WATCH state,0.746835,0.735904,-0.00214,liquidity_stress_vulnerable,변동성이 튀고 위험자산이 동반 약세를 보이는 단기 스트레스 장세입니다. 상관관계 상승과 유동성 악화를 우선 점검합니다.
MRK,MRK,us_stock,soft_landing_goldilocks,Soft Landing / Goldilocks,우호적 위험선호장,us_global,0.746835,-0.00214,0.735904,positive,0.746835,medium,48.066958,rolling_beta,v3,1,4873,4873,3,market,pass,N,,2026-06-04,0,0.0,0.0,medium,N,non-adverse scenario,inactive scenario,0.746835,0.735904,-0.00214,risk_on_participation,우호적 위험선호장 참여 민감도
MRK,MRK,us_stock,stagflation_reinflation_energy_shock,Stagflation / Reinflation / Energy Shock,물가·에너지 재상승장,us_global,0.514886,-0.00214,0.746835,positive,0.514886,medium,53.197858,rolling_beta,v3,1,4873,4873,2,market,pass,N,,2026-06-04,0,0.0,0.0,high,N,scenario inactive,inactive scenario,0.154155,,-0.00214,stagflation_vulnerable,성장 부담이 있는데 유가·원자재·인플레이션 압력이 다시 커지는 장세입니다. 에너지/원자재 수혜와 장기채 부담을 함께 봅니다.
MRK,MRK,us_stock,korea_domestic_financial_stress,Korea Domestic Financial Stress,한국 내수 금융스트레스장,korea_market,-0.336664,-0.00214,0.0,negative,0.336664,medium,84.809459,rolling_beta,v3,1,4292,4292,5,seed,pass,Y,,2026-06-04,0,0.0,0.0,medium,N,scenario inactive,inactive scenario,-0.037347,-0.034103,-0.00214,korea_financial_stress_hedge,"가계부채, 부동산 PF, 비은행권, 금융주와 건설주 스트레스가 한국 자산 전반으로 번지는 장세입니다. 금융/건설 basket, 신용 spread, 단기자금 spread, 원화 약세를 함께 점검합니다."
MRK,MRK,us_stock,semiconductor_ai_cycle_shock,Semiconductor / AI Cycle Shock,AI·반도체 사이클 충격장,korea_semiconductor,-0.155409,-0.00214,0.073234,negative,0.155409,low,77.298138,rolling_beta,v3,1,1260,1260,6,market,pass,N,,2026-06-04,0,0.0,0.0,high,N,scenario inactive,inactive scenario,0.075503,0.073234,-0.00214,semiconductor_ai_shock_hedge,"AI capex 기대와 반도체 모멘텀이 꺾이면서 미국 성장주와 한국 반도체 대형주가 동시에 압박받는 장세입니다. SOXX, AI leader basket, 한국 반도체 basket의 동반 약세와 원화 압력을 함께 봅니다."
MRK,MRK,us_stock,slowdown_recession_deflation_risk,Slowdown / Recession / Deflation Risk,경기둔화/침체 우려장,us_global,0.210334,-0.00214,0.735904,positive,0.210334,low,60.696943,rolling_beta,v3,1,4873,4873,3,market,pass,N,,2026-06-04,0,0.0,0.0,high,N,scenario inactive,inactive scenario,0.746835,0.735904,-0.00214,slowdown_vulnerable,수요 둔화와 침체/디플레이션 압력이 커지는 방어적 장세입니다. 주식 beta와 신용위험을 보수적으로 봅니다.
MS,MS,us_stock,usd_strength_krw_weakness,USD Strength / KRW Weakness,달러강세/원화약세장,fx_krw,0.037476,7.9e-05,0.163129,neutral,0.037476,low,78.591896,rolling_beta,v3,1,4292,4292,4,market,pass,N,,2026-06-04,1,0.958519,0.958519,high,Y,trade-gated adverse scenario with medium/high evidence,active market context,0.364342,0.163129,7.9e-05,krw_weakness_vulnerable,달러가 강하고 원화가 약해져 KRW 기준 투자자의 환율 리스크가 커지는 장세입니다. 한국 자산과 USD 노출의 역할을 분리해 봅니다.
MS,MS,us_stock,china_trade_fragmentation_shock,China / Trade Fragmentation Shock,중국·무역분절 충격장,china_asia,0.208013,7.9e-05,0.163129,positive,0.208013,low,67.121129,rolling_beta,v3,1,1260,1260,5,market,pass,N,,2026-06-04,1,0.743352,0.743352,high,Y,trade-gated adverse scenario with medium/high evidence,active market context,0.225602,0.163129,7.9e-05,china_asia_shock_vulnerable,중국 경기·무역갈등·공급망 충격이 한국/아시아와 반도체 자산에 번지는 장세입니다. 한국 반도체 factor와 원화 약세를 함께 확인합니다.
MS,MS,us_stock,higher_for_longer_long_rate_shock,Higher-for-Longer / Long-Rate Shock,장기금리 부담장,us_global,1.202447,7.9e-05,1.548153,positive,1.202447,high,60.332483,rolling_beta,v3,1,4873,4873,3,market,pass,N,,2026-06-04,1,0.710094,0.0,high,N,below ACTIVE confidence/coverage trade-gate threshold,active market context,1.549904,1.548153,7.9e-05,rate_sensitive,장기금리와 달러 강세 부담이 채권·성장주·신용자산을 압박하는 장세입니다. 고밸류 성장주와 반도체 factor 민감도를 점검합니다.
MS,MS,us_stock,geopolitical_escalation_supply_shock,Geopolitical Escalation / Supply Shock,지정학 확전·공급충격장,geopolitical,0.213967,7.9e-05,1.549904,positive,0.213967,low,52.44319,rolling_beta,v3,1,4292,4292,3,manual,pass,Y,,2026-06-04,1,0.382179,0.0,medium,N,context only: source_quality=manual,context only: source_quality=manual,0.294138,,7.9e-05,geopolitical_supply_shock_vulnerable,"전쟁, 제재, 해상로 차질, 대만·중동·한반도 긴장처럼 유가·금·방산·변동성이 동시에 움직이는 이벤트성 충격 장세입니다. 뉴스 overlay는 가격 신호를 보강하는 용도로만 해석합니다."
MS,MS,us_stock,acute_global_stress_liquidity_crunch,Acute Global Stress / Liquidity Crunch,급성 리스크오프/유동성 경색장,us_global,0.548905,7.9e-05,1.548153,positive,0.548905,medium,41.987513,rolling_beta,v3,1,4873,4873,3,market,pass,N,,2026-06-04,1,0.362342,0.0,medium,N,context only: WATCH state,context only: WATCH state,1.549904,1.548153,7.9e-05,liquidity_stress_vulnerable,변동성이 튀고 위험자산이 동반 약세를 보이는 단기 스트레스 장세입니다. 상관관계 상승과 유동성 악화를 우선 점검합니다.
MS,MS,us_stock,soft_landing_goldilocks,Soft Landing / Goldilocks,우호적 위험선호장,us_global,1.549904,7.9e-05,1.548153,positive,1.549904,high,48.066958,rolling_beta,v3,1,4873,4873,3,market,pass,N,,2026-06-04,0,0.0,0.0,medium,N,non-adverse scenario,inactive scenario,1.549904,1.548153,7.9e-05,risk_on_participation,우호적 위험선호장 참여 민감도
MS,MS,us_stock,stagflation_reinflation_energy_shock,Stagflation / Reinflation / Energy Shock,물가·에너지 재상승장,us_global,0.740499,7.9e-05,1.549904,positive,0.740499,medium,53.197858,rolling_beta,v3,1,4873,4873,2,market,pass,N,,2026-06-04,0,0.0,0.0,high,N,scenario inactive,inactive scenario,0.294138,,7.9e-05,stagflation_vulnerable,성장 부담이 있는데 유가·원자재·인플레이션 압력이 다시 커지는 장세입니다. 에너지/원자재 수혜와 장기채 부담을 함께 봅니다.
MS,MS,us_stock,korea_domestic_financial_stress,Korea Domestic Financial Stress,한국 내수 금융스트레스장,korea_market,0.106329,7.9e-05,0.163129,positive,0.106329,low,84.809459,rolling_beta,v3,1,4292,4292,5,seed,pass,Y,,2026-06-04,0,0.0,0.0,medium,N,scenario inactive,inactive scenario,0.225602,0.163129,7.9e-05,korea_financial_stress_vulnerable,"가계부채, 부동산 PF, 비은행권, 금융주와 건설주 스트레스가 한국 자산 전반으로 번지는 장세입니다. 금융/건설 basket, 신용 spread, 단기자금 spread, 원화 약세를 함께 점검합니다."
MS,MS,us_stock,semiconductor_ai_cycle_shock,Semiconductor / AI Cycle Shock,AI·반도체 사이클 충격장,korea_semiconductor,0.185426,7.9e-05,0.486091,positive,0.185426,low,77.298138,rolling_beta,v3,1,1260,1260,6,market,pass,N,,2026-06-04,0,0.0,0.0,high,N,scenario inactive,inactive scenario,0.439648,0.486091,7.9e-05,semiconductor_ai_shock_vulnerable,"AI capex 기대와 반도체 모멘텀이 꺾이면서 미국 성장주와 한국 반도체 대형주가 동시에 압박받는 장세입니다. SOXX, AI leader basket, 한국 반도체 basket의 동반 약세와 원화 압력을 함께 봅니다."
MS,MS,us_stock,slowdown_recession_deflation_risk,Slowdown / Recession / Deflation Risk,경기둔화/침체 우려장,us_global,0.654683,7.9e-05,1.548153,positive,0.654683,medium,60.696943,rolling_beta,v3,1,4873,4873,3,market,pass,N,,2026-06-04,0,0.0,0.0,high,N,scenario inactive,inactive scenario,1.549904,1.548153,7.9e-05,slowdown_vulnerable,수요 둔화와 침체/디플레이션 압력이 커지는 방어적 장세입니다. 주식 beta와 신용위험을 보수적으로 봅니다.
MSFT,MSFT,us_stock,usd_strength_krw_weakness,USD Strength / KRW Weakness,달러강세/원화약세장,fx_krw,-0.087148,-0.002233,0.0,negative,0.087148,low,78.591896,rolling_beta,v3,1,4292,4292,4,market,pass,N,,2026-06-04,1,0.958519,0.958519,high,Y,trade-gated adverse scenario with medium/high evidence,active market context,0.641757,-0.00037,-0.002233,krw_weakness_hedge,달러가 강하고 원화가 약해져 KRW 기준 투자자의 환율 리스크가 커지는 장세입니다. 한국 자산과 USD 노출의 역할을 분리해 봅니다.
MSFT,MSFT,us_stock,china_trade_fragmentation_shock,China / Trade Fragmentation Shock,중국·무역분절 충격장,china_asia,0.166098,-0.002233,0.0,positive,0.166098,low,67.121129,rolling_beta,v3,1,1260,1260,5,market,pass,N,,2026-06-04,1,0.743352,0.743352,high,Y,trade-gated adverse scenario with medium/high evidence,active market context,0.026233,-0.00037,-0.002233,china_asia_shock_vulnerable,중국 경기·무역갈등·공급망 충격이 한국/아시아와 반도체 자산에 번지는 장세입니다. 한국 반도체 factor와 원화 약세를 함께 확인합니다.
MSFT,MSFT,us_stock,higher_for_longer_long_rate_shock,Higher-for-Longer / Long-Rate Shock,장기금리 부담장,us_global,0.928275,-0.002233,1.037848,positive,0.928275,high,60.332483,rolling_beta,v3,1,4873,4873,3,market,pass,N,,2026-06-04,1,0.710094,0.0,high,N,below ACTIVE confidence/coverage trade-gate threshold,active market context,1.051409,1.037848,-0.002233,rate_sensitive,장기금리와 달러 강세 부담이 채권·성장주·신용자산을 압박하는 장세입니다. 고밸류 성장주와 반도체 factor 민감도를 점검합니다.
MSFT,MSFT,us_stock,geopolitical_escalation_supply_shock,Geopolitical Escalation / Supply Shock,지정학 확전·공급충격장,geopolitical,0.126462,-0.002233,1.051409,positive,0.126462,low,52.44319,rolling_beta,v3,1,4292,4292,3,manual,pass,Y,,2026-06-04,1,0.382179,0.0,medium,N,context only: source_quality=manual,context only: source_quality=manual,0.199445,,-0.002233,geopolitical_supply_shock_vulnerable,"전쟁, 제재, 해상로 차질, 대만·중동·한반도 긴장처럼 유가·금·방산·변동성이 동시에 움직이는 이벤트성 충격 장세입니다. 뉴스 overlay는 가격 신호를 보강하는 용도로만 해석합니다."
MSFT,MSFT,us_stock,acute_global_stress_liquidity_crunch,Acute Global Stress / Liquidity Crunch,급성 리스크오프/유동성 경색장,us_global,0.378744,-0.002233,1.037848,positive,0.378744,medium,41.987513,rolling_beta,v3,1,4873,4873,3,market,pass,N,,2026-06-04,1,0.362342,0.0,medium,N,context only: WATCH state,context only: WATCH state,1.051409,1.037848,-0.002233,liquidity_stress_vulnerable,변동성이 튀고 위험자산이 동반 약세를 보이는 단기 스트레스 장세입니다. 상관관계 상승과 유동성 악화를 우선 점검합니다.
MSFT,MSFT,us_stock,soft_landing_goldilocks,Soft Landing / Goldilocks,우호적 위험선호장,us_global,1.051409,-0.002233,1.037848,positive,1.051409,high,48.066958,rolling_beta,v3,1,4873,4873,3,market,pass,N,,2026-06-04,0,0.0,0.0,medium,N,non-adverse scenario,inactive scenario,1.051409,1.037848,-0.002233,risk_on_participation,우호적 위험선호장 참여 민감도
MSFT,MSFT,us_stock,stagflation_reinflation_energy_shock,Stagflation / Reinflation / Energy Shock,물가·에너지 재상승장,us_global,0.623809,-0.002233,1.051409,positive,0.623809,medium,53.197858,rolling_beta,v3,1,4873,4873,2,market,pass,N,,2026-06-04,0,0.0,0.0,high,N,scenario inactive,inactive scenario,0.199445,,-0.002233,stagflation_vulnerable,성장 부담이 있는데 유가·원자재·인플레이션 압력이 다시 커지는 장세입니다. 에너지/원자재 수혜와 장기채 부담을 함께 봅니다.
MSFT,MSFT,us_stock,korea_domestic_financial_stress,Korea Domestic Financial Stress,한국 내수 금융스트레스장,korea_market,-0.338739,-0.002233,0.0,negative,0.338739,medium,84.809459,rolling_beta,v3,1,4292,4292,5,seed,pass,Y,,2026-06-04,0,0.0,0.0,medium,N,scenario inactive,inactive scenario,0.026233,-0.00037,-0.002233,korea_financial_stress_hedge,"가계부채, 부동산 PF, 비은행권, 금융주와 건설주 스트레스가 한국 자산 전반으로 번지는 장세입니다. 금융/건설 basket, 신용 spread, 단기자금 spread, 원화 약세를 함께 점검합니다."
MSFT,MSFT,us_stock,semiconductor_ai_cycle_shock,Semiconductor / AI Cycle Shock,AI·반도체 사이클 충격장,korea_semiconductor,0.304758,-0.002233,0.415983,positive,0.304758,medium,77.298138,rolling_beta,v3,1,1260,1260,6,market,pass,N,,2026-06-04,0,0.0,0.0,high,N,scenario inactive,inactive scenario,0.4234,0.415983,-0.002233,semiconductor_ai_shock_vulnerable,"AI capex 기대와 반도체 모멘텀이 꺾이면서 미국 성장주와 한국 반도체 대형주가 동시에 압박받는 장세입니다. SOXX, AI leader basket, 한국 반도체 basket의 동반 약세와 원화 압력을 함께 봅니다."
MSFT,MSFT,us_stock,slowdown_recession_deflation_risk,Slowdown / Recession / Deflation Risk,경기둔화/침체 우려장,us_global,0.411558,-0.002233,1.037848,positive,0.411558,medium,60.696943,rolling_beta,v3,1,4873,4873,3,market,pass,N,,2026-06-04,0,0.0,0.0,high,N,scenario inactive,inactive scenario,1.051409,1.037848,-0.002233,slowdown_vulnerable,수요 둔화와 침체/디플레이션 압력이 커지는 방어적 장세입니다. 주식 beta와 신용위험을 보수적으로 봅니다.
MTUM,MTUM,equity_etf,usd_strength_krw_weakness,USD Strength / KRW Weakness,달러강세/원화약세장,fx_krw,-0.089923,-0.000555,0.091003,negative,0.089923,low,78.591896,rolling_beta,v3,1,2908,2908,4,market,pass,N,,2026-06-04,1,0.958519,0.958519,high,Y,trade-gated adverse scenario with medium/high evidence,active market context,0.660934,0.091003,-0.000555,krw_weakness_hedge,달러가 강하고 원화가 약해져 KRW 기준 투자자의 환율 리스크가 커지는 장세입니다. 한국 자산과 USD 노출의 역할을 분리해 봅니다.
MTUM,MTUM,equity_etf,china_trade_fragmentation_shock,China / Trade Fragmentation Shock,중국·무역분절 충격장,china_asia,0.121945,-0.000555,0.091003,positive,0.121945,low,67.121129,rolling_beta,v3,1,1260,1260,5,market,pass,N,,2026-06-04,1,0.743352,0.743352,high,Y,trade-gated adverse scenario with medium/high evidence,active market context,0.058432,0.091003,-0.000555,china_asia_shock_vulnerable,중국 경기·무역갈등·공급망 충격이 한국/아시아와 반도체 자산에 번지는 장세입니다. 한국 반도체 factor와 원화 약세를 함께 확인합니다.
MTUM,MTUM,equity_etf,higher_for_longer_long_rate_shock,Higher-for-Longer / Long-Rate Shock,장기금리 부담장,us_global,0.922169,-0.000555,1.03093,positive,0.922169,high,60.332483,rolling_beta,v3,1,3302,3302,3,market,pass,N,,2026-06-04,1,0.710094,0.0,high,N,below ACTIVE confidence/coverage trade-gate threshold,active market context,1.040307,1.03093,-0.000555,rate_sensitive,장기금리와 달러 강세 부담이 채권·성장주·신용자산을 압박하는 장세입니다. 고밸류 성장주와 반도체 factor 민감도를 점검합니다.
MTUM,MTUM,equity_etf,geopolitical_escalation_supply_shock,Geopolitical Escalation / Supply Shock,지정학 확전·공급충격장,geopolitical,0.091636,-0.000555,1.040307,positive,0.091636,low,52.44319,rolling_beta,v3,1,2908,2908,3,manual,pass,Y,,2026-06-04,1,0.382179,0.0,medium,N,context only: source_quality=manual,context only: source_quality=manual,0.13271,,-0.000555,geopolitical_supply_shock_vulnerable,"전쟁, 제재, 해상로 차질, 대만·중동·한반도 긴장처럼 유가·금·방산·변동성이 동시에 움직이는 이벤트성 충격 장세입니다. 뉴스 overlay는 가격 신호를 보강하는 용도로만 해석합니다."
MTUM,MTUM,equity_etf,acute_global_stress_liquidity_crunch,Acute Global Stress / Liquidity Crunch,급성 리스크오프/유동성 경색장,us_global,0.29716,-0.000555,1.03093,positive,0.29716,low,41.987513,rolling_beta,v3,1,3302,3302,3,market,pass,N,,2026-06-04,1,0.362342,0.0,medium,N,context only: WATCH state,context only: WATCH state,1.040307,1.03093,-0.000555,liquidity_stress_vulnerable,변동성이 튀고 위험자산이 동반 약세를 보이는 단기 스트레스 장세입니다. 상관관계 상승과 유동성 악화를 우선 점검합니다.
MTUM,MTUM,equity_etf,soft_landing_goldilocks,Soft Landing / Goldilocks,우호적 위험선호장,us_global,1.040307,-0.000555,1.03093,positive,1.040307,high,48.066958,rolling_beta,v3,1,3302,3302,3,market,pass,N,,2026-06-04,0,0.0,0.0,medium,N,non-adverse scenario,inactive scenario,1.040307,1.03093,-0.000555,risk_on_participation,우호적 위험선호장 참여 민감도
MTUM,MTUM,equity_etf,stagflation_reinflation_energy_shock,Stagflation / Reinflation / Energy Shock,물가·에너지 재상승장,us_global,0.577991,-0.000555,1.040307,positive,0.577991,medium,53.197858,rolling_beta,v3,1,3302,3302,2,market,pass,N,,2026-06-04,0,0.0,0.0,high,N,scenario inactive,inactive scenario,0.13271,,-0.000555,stagflation_vulnerable,성장 부담이 있는데 유가·원자재·인플레이션 압력이 다시 커지는 장세입니다. 에너지/원자재 수혜와 장기채 부담을 함께 봅니다.
MTUM,MTUM,equity_etf,korea_domestic_financial_stress,Korea Domestic Financial Stress,한국 내수 금융스트레스장,korea_market,-0.366525,-0.000555,0.091003,negative,0.366525,medium,84.809459,rolling_beta,v3,1,2908,2908,5,seed,pass,Y,,2026-06-04,0,0.0,0.0,medium,N,scenario inactive,inactive scenario,0.058432,0.091003,-0.000555,korea_financial_stress_hedge,"가계부채, 부동산 PF, 비은행권, 금융주와 건설주 스트레스가 한국 자산 전반으로 번지는 장세입니다. 금융/건설 basket, 신용 spread, 단기자금 spread, 원화 약세를 함께 점검합니다."
MTUM,MTUM,equity_etf,semiconductor_ai_cycle_shock,Semiconductor / AI Cycle Shock,AI·반도체 사이클 충격장,korea_semiconductor,0.338803,-0.000555,0.531459,positive,0.338803,medium,77.298138,rolling_beta,v3,1,1260,1260,6,market,pass,N,,2026-06-04,0,0.0,0.0,high,N,scenario inactive,inactive scenario,0.468972,0.531459,-0.000555,semiconductor_ai_shock_vulnerable,"AI capex 기대와 반도체 모멘텀이 꺾이면서 미국 성장주와 한국 반도체 대형주가 동시에 압박받는 장세입니다. SOXX, AI leader basket, 한국 반도체 basket의 동반 약세와 원화 압력을 함께 봅니다."
MTUM,MTUM,equity_etf,slowdown_recession_deflation_risk,Slowdown / Recession / Deflation Risk,경기둔화/침체 우려장,us_global,0.345637,-0.000555,1.03093,positive,0.345637,medium,60.696943,rolling_beta,v3,1,3302,3302,3,market,pass,N,,2026-06-04,0,0.0,0.0,high,N,scenario inactive,inactive scenario,1.040307,1.03093,-0.000555,slowdown_vulnerable,수요 둔화와 침체/디플레이션 압력이 커지는 방어적 장세입니다. 주식 beta와 신용위험을 보수적으로 봅니다.
MU,MU,us_stock,usd_strength_krw_weakness,USD Strength / KRW Weakness,달러강세/원화약세장,fx_krw,0.012946,-0.003482,0.262503,neutral,0.012946,low,78.591896,rolling_beta,v3,1,4292,4292,4,market,pass,N,,2026-06-04,1,0.958519,0.958519,high,Y,trade-gated adverse scenario with medium/high evidence,active market context,0.290085,0.262503,-0.003482,krw_weakness_vulnerable,달러가 강하고 원화가 약해져 KRW 기준 투자자의 환율 리스크가 커지는 장세입니다. 한국 자산과 USD 노출의 역할을 분리해 봅니다.
MU,MU,us_stock,china_trade_fragmentation_shock,China / Trade Fragmentation Shock,중국·무역분절 충격장,china_asia,0.627401,-0.003482,0.262503,positive,0.627401,medium,67.121129,rolling_beta,v3,1,1260,1260,5,market,pass,N,,2026-06-04,1,0.743352,0.743352,high,Y,trade-gated adverse scenario with medium/high evidence,active market context,0.371087,0.262503,-0.003482,china_asia_shock_vulnerable,중국 경기·무역갈등·공급망 충격이 한국/아시아와 반도체 자산에 번지는 장세입니다. 한국 반도체 factor와 원화 약세를 함께 확인합니다.
MU,MU,us_stock,higher_for_longer_long_rate_shock,Higher-for-Longer / Long-Rate Shock,장기금리 부담장,us_global,0.948482,-0.003482,1.376766,positive,0.948482,high,60.332483,rolling_beta,v3,1,4873,4873,3,market,pass,N,,2026-06-04,1,0.710094,0.0,high,N,below ACTIVE confidence/coverage trade-gate threshold,active market context,1.451785,1.376766,-0.003482,rate_sensitive,장기금리와 달러 강세 부담이 채권·성장주·신용자산을 압박하는 장세입니다. 고밸류 성장주와 반도체 factor 민감도를 점검합니다.
MU,MU,us_stock,geopolitical_escalation_supply_shock,Geopolitical Escalation / Supply Shock,지정학 확전·공급충격장,geopolitical,0.243379,-0.003482,1.451785,positive,0.243379,low,52.44319,rolling_beta,v3,1,4292,4292,3,manual,pass,Y,,2026-06-04,1,0.382179,0.0,medium,N,context only: source_quality=manual,context only: source_quality=manual,0.295066,,-0.003482,geopolitical_supply_shock_vulnerable,"전쟁, 제재, 해상로 차질, 대만·중동·한반도 긴장처럼 유가·금·방산·변동성이 동시에 움직이는 이벤트성 충격 장세입니다. 뉴스 overlay는 가격 신호를 보강하는 용도로만 해석합니다."
MU,MU,us_stock,acute_global_stress_liquidity_crunch,Acute Global Stress / Liquidity Crunch,급성 리스크오프/유동성 경색장,us_global,0.655162,-0.003482,1.376766,positive,0.655162,medium,41.987513,rolling_beta,v3,1,4873,4873,3,market,pass,N,,2026-06-04,1,0.362342,0.0,medium,N,context only: WATCH state,context only: WATCH state,1.451785,1.376766,-0.003482,liquidity_stress_vulnerable,변동성이 튀고 위험자산이 동반 약세를 보이는 단기 스트레스 장세입니다. 상관관계 상승과 유동성 악화를 우선 점검합니다.
MU,MU,us_stock,soft_landing_goldilocks,Soft Landing / Goldilocks,우호적 위험선호장,us_global,1.451785,-0.003482,1.376766,positive,1.451785,high,48.066958,rolling_beta,v3,1,4873,4873,3,market,pass,N,,2026-06-04,0,0.0,0.0,medium,N,non-adverse scenario,inactive scenario,1.451785,1.376766,-0.003482,risk_on_participation,우호적 위험선호장 참여 민감도
MU,MU,us_stock,stagflation_reinflation_energy_shock,Stagflation / Reinflation / Energy Shock,물가·에너지 재상승장,us_global,0.595169,-0.003482,1.451785,positive,0.595169,medium,53.197858,rolling_beta,v3,1,4873,4873,2,market,pass,N,,2026-06-04,0,0.0,0.0,high,N,scenario inactive,inactive scenario,0.295066,,-0.003482,stagflation_vulnerable,성장 부담이 있는데 유가·원자재·인플레이션 압력이 다시 커지는 장세입니다. 에너지/원자재 수혜와 장기채 부담을 함께 봅니다.
MU,MU,us_stock,korea_domestic_financial_stress,Korea Domestic Financial Stress,한국 내수 금융스트레스장,korea_market,-0.216287,-0.003482,0.262503,negative,0.216287,low,84.809459,rolling_beta,v3,1,4292,4292,5,seed,pass,Y,,2026-06-04,0,0.0,0.0,medium,N,scenario inactive,inactive scenario,0.371087,0.262503,-0.003482,korea_financial_stress_hedge,"가계부채, 부동산 PF, 비은행권, 금융주와 건설주 스트레스가 한국 자산 전반으로 번지는 장세입니다. 금융/건설 basket, 신용 spread, 단기자금 spread, 원화 약세를 함께 점검합니다."
MU,MU,us_stock,semiconductor_ai_cycle_shock,Semiconductor / AI Cycle Shock,AI·반도체 사이클 충격장,korea_semiconductor,1.166696,-0.003482,1.143836,positive,1.166696,high,77.298138,rolling_beta,v3,1,1260,1260,6,market,pass,N,,2026-06-04,0,0.0,0.0,high,N,scenario inactive,inactive scenario,1.112695,1.143836,-0.003482,semiconductor_ai_shock_vulnerable,"AI capex 기대와 반도체 모멘텀이 꺾이면서 미국 성장주와 한국 반도체 대형주가 동시에 압박받는 장세입니다. SOXX, AI leader basket, 한국 반도체 basket의 동반 약세와 원화 압력을 함께 봅니다."
MU,MU,us_stock,slowdown_recession_deflation_risk,Slowdown / Recession / Deflation Risk,경기둔화/침체 우려장,us_global,0.715522,-0.003482,1.376766,positive,0.715522,medium,60.696943,rolling_beta,v3,1,4873,4873,3,market,pass,N,,2026-06-04,0,0.0,0.0,high,N,scenario inactive,inactive scenario,1.451785,1.376766,-0.003482,slowdown_vulnerable,수요 둔화와 침체/디플레이션 압력이 커지는 방어적 장세입니다. 주식 beta와 신용위험을 보수적으로 봅니다.
NFLX,NFLX,us_stock,usd_strength_krw_weakness,USD Strength / KRW Weakness,달러강세/원화약세장,fx_krw,-0.103859,0.001838,0.0,negative,0.103859,low,78.591896,rolling_beta,v3,1,4292,4292,4,market,pass,N,,2026-06-04,1,0.958519,0.958519,high,Y,trade-gated adverse scenario with medium/high evidence,active market context,0.588614,-0.107745,0.001838,krw_weakness_hedge,달러가 강하고 원화가 약해져 KRW 기준 투자자의 환율 리스크가 커지는 장세입니다. 한국 자산과 USD 노출의 역할을 분리해 봅니다.
NFLX,NFLX,us_stock,china_trade_fragmentation_shock,China / Trade Fragmentation Shock,중국·무역분절 충격장,china_asia,0.050959,0.001838,0.0,positive,0.050959,low,67.121129,rolling_beta,v3,1,1260,1260,5,market,pass,N,,2026-06-04,1,0.743352,0.743352,high,Y,trade-gated adverse scenario with medium/high evidence,active market context,-0.028614,-0.107745,0.001838,china_asia_shock_vulnerable,중국 경기·무역갈등·공급망 충격이 한국/아시아와 반도체 자산에 번지는 장세입니다. 한국 반도체 factor와 원화 약세를 함께 확인합니다.
NFLX,NFLX,us_stock,higher_for_longer_long_rate_shock,Higher-for-Longer / Long-Rate Shock,장기금리 부담장,us_global,0.891511,0.001838,0.962741,positive,0.891511,high,60.332483,rolling_beta,v3,1,4873,4873,3,market,pass,N,,2026-06-04,1,0.710094,0.0,high,N,below ACTIVE confidence/coverage trade-gate threshold,active market context,0.984566,0.962741,0.001838,rate_sensitive,장기금리와 달러 강세 부담이 채권·성장주·신용자산을 압박하는 장세입니다. 고밸류 성장주와 반도체 factor 민감도를 점검합니다.
NFLX,NFLX,us_stock,geopolitical_escalation_supply_shock,Geopolitical Escalation / Supply Shock,지정학 확전·공급충격장,geopolitical,-0.004485,0.001838,0.984566,neutral,0.004485,low,52.44319,rolling_beta,v3,1,4292,4292,3,manual,pass,Y,,2026-06-04,1,0.382179,0.0,medium,N,context only: source_quality=manual,context only: source_quality=manual,0.185377,,0.001838,geopolitical_supply_shock_hedge,"전쟁, 제재, 해상로 차질, 대만·중동·한반도 긴장처럼 유가·금·방산·변동성이 동시에 움직이는 이벤트성 충격 장세입니다. 뉴스 overlay는 가격 신호를 보강하는 용도로만 해석합니다."
NFLX,NFLX,us_stock,acute_global_stress_liquidity_crunch,Acute Global Stress / Liquidity Crunch,급성 리스크오프/유동성 경색장,us_global,0.158793,0.001838,0.962741,positive,0.158793,low,41.987513,rolling_beta,v3,1,4873,4873,3,market,pass,N,,2026-06-04,1,0.362342,0.0,medium,N,context only: WATCH state,context only: WATCH state,0.984566,0.962741,0.001838,liquidity_stress_vulnerable,변동성이 튀고 위험자산이 동반 약세를 보이는 단기 스트레스 장세입니다. 상관관계 상승과 유동성 악화를 우선 점검합니다.
NFLX,NFLX,us_stock,soft_landing_goldilocks,Soft Landing / Goldilocks,우호적 위험선호장,us_global,0.984566,0.001838,0.962741,positive,0.984566,high,48.066958,rolling_beta,v3,1,4873,4873,3,market,pass,N,,2026-06-04,0,0.0,0.0,medium,N,non-adverse scenario,inactive scenario,0.984566,0.962741,0.001838,risk_on_participation,우호적 위험선호장 참여 민감도
NFLX,NFLX,us_stock,stagflation_reinflation_energy_shock,Stagflation / Reinflation / Energy Shock,물가·에너지 재상승장,us_global,0.498644,0.001838,0.984566,positive,0.498644,medium,53.197858,rolling_beta,v3,1,4873,4873,2,market,pass,N,,2026-06-04,0,0.0,0.0,high,N,scenario inactive,inactive scenario,0.185377,,0.001838,stagflation_vulnerable,성장 부담이 있는데 유가·원자재·인플레이션 압력이 다시 커지는 장세입니다. 에너지/원자재 수혜와 장기채 부담을 함께 봅니다.
NFLX,NFLX,us_stock,korea_domestic_financial_stress,Korea Domestic Financial Stress,한국 내수 금융스트레스장,korea_market,-0.457662,0.001838,0.0,negative,0.457662,medium,84.809459,rolling_beta,v3,1,4292,4292,5,seed,pass,Y,,2026-06-04,0,0.0,0.0,medium,N,scenario inactive,inactive scenario,-0.028614,-0.107745,0.001838,korea_financial_stress_hedge,"가계부채, 부동산 PF, 비은행권, 금융주와 건설주 스트레스가 한국 자산 전반으로 번지는 장세입니다. 금융/건설 basket, 신용 spread, 단기자금 spread, 원화 약세를 함께 점검합니다."
NFLX,NFLX,us_stock,semiconductor_ai_cycle_shock,Semiconductor / AI Cycle Shock,AI·반도체 사이클 충격장,korea_semiconductor,0.298148,0.001838,0.522951,positive,0.298148,low,77.298138,rolling_beta,v3,1,1260,1260,6,market,pass,N,,2026-06-04,0,0.0,0.0,high,N,scenario inactive,inactive scenario,0.468339,0.522951,0.001838,semiconductor_ai_shock_vulnerable,"AI capex 기대와 반도체 모멘텀이 꺾이면서 미국 성장주와 한국 반도체 대형주가 동시에 압박받는 장세입니다. SOXX, AI leader basket, 한국 반도체 basket의 동반 약세와 원화 압력을 함께 봅니다."
NFLX,NFLX,us_stock,slowdown_recession_deflation_risk,Slowdown / Recession / Deflation Risk,경기둔화/침체 우려장,us_global,0.225632,0.001838,0.962741,positive,0.225632,low,60.696943,rolling_beta,v3,1,4873,4873,3,market,pass,N,,2026-06-04,0,0.0,0.0,high,N,scenario inactive,inactive scenario,0.984566,0.962741,0.001838,slowdown_vulnerable,수요 둔화와 침체/디플레이션 압력이 커지는 방어적 장세입니다. 주식 beta와 신용위험을 보수적으로 봅니다.
NOBL,NOBL,equity_etf,usd_strength_krw_weakness,USD Strength / KRW Weakness,달러강세/원화약세장,fx_krw,-0.138316,-0.001728,0.065761,negative,0.138316,low,78.591896,rolling_beta,v3,1,2812,2812,4,market,pass,N,,2026-06-04,1,0.958519,0.958519,high,Y,trade-gated adverse scenario with medium/high evidence,active market context,0.737841,0.065761,-0.001728,krw_weakness_hedge,달러가 강하고 원화가 약해져 KRW 기준 투자자의 환율 리스크가 커지는 장세입니다. 한국 자산과 USD 노출의 역할을 분리해 봅니다.
NOBL,NOBL,equity_etf,china_trade_fragmentation_shock,China / Trade Fragmentation Shock,중국·무역분절 충격장,china_asia,0.112536,-0.001728,0.065761,positive,0.112536,low,67.121129,rolling_beta,v3,1,1260,1260,5,market,pass,N,,2026-06-04,1,0.743352,0.743352,high,Y,trade-gated adverse scenario with medium/high evidence,active market context,0.032203,0.065761,-0.001728,china_asia_shock_vulnerable,중국 경기·무역갈등·공급망 충격이 한국/아시아와 반도체 자산에 번지는 장세입니다. 한국 반도체 factor와 원화 약세를 함께 확인합니다.
NOBL,NOBL,equity_etf,higher_for_longer_long_rate_shock,Higher-for-Longer / Long-Rate Shock,장기금리 부담장,us_global,0.815705,-0.001728,0.840964,positive,0.815705,high,60.332483,rolling_beta,v3,1,3180,3180,3,market,pass,N,,2026-06-04,1,0.710094,0.0,high,N,below ACTIVE confidence/coverage trade-gate threshold,active market context,0.846735,0.840964,-0.001728,rate_sensitive,장기금리와 달러 강세 부담이 채권·성장주·신용자산을 압박하는 장세입니다. 고밸류 성장주와 반도체 factor 민감도를 점검합니다.
NOBL,NOBL,equity_etf,geopolitical_escalation_supply_shock,Geopolitical Escalation / Supply Shock,지정학 확전·공급충격장,geopolitical,0.068253,-0.001728,0.846735,positive,0.068253,low,52.44319,rolling_beta,v3,1,2812,2812,3,manual,pass,Y,,2026-06-04,1,0.382179,0.0,medium,N,context only: source_quality=manual,context only: source_quality=manual,0.134626,,-0.001728,geopolitical_supply_shock_vulnerable,"전쟁, 제재, 해상로 차질, 대만·중동·한반도 긴장처럼 유가·금·방산·변동성이 동시에 움직이는 이벤트성 충격 장세입니다. 뉴스 overlay는 가격 신호를 보강하는 용도로만 해석합니다."
NOBL,NOBL,equity_etf,acute_global_stress_liquidity_crunch,Acute Global Stress / Liquidity Crunch,급성 리스크오프/유동성 경색장,us_global,0.243445,-0.001728,0.840964,positive,0.243445,low,41.987513,rolling_beta,v3,1,3180,3180,3,market,pass,N,,2026-06-04,1,0.362342,0.0,medium,N,context only: WATCH state,context only: WATCH state,0.846735,0.840964,-0.001728,liquidity_stress_vulnerable,변동성이 튀고 위험자산이 동반 약세를 보이는 단기 스트레스 장세입니다. 상관관계 상승과 유동성 악화를 우선 점검합니다.
NOBL,NOBL,equity_etf,soft_landing_goldilocks,Soft Landing / Goldilocks,우호적 위험선호장,us_global,0.846735,-0.001728,0.840964,positive,0.846735,high,48.066958,rolling_beta,v3,1,3180,3180,3,market,pass,N,,2026-06-04,0,0.0,0.0,medium,N,non-adverse scenario,inactive scenario,0.846735,0.840964,-0.001728,risk_on_participation,우호적 위험선호장 참여 민감도
NOBL,NOBL,equity_etf,stagflation_reinflation_energy_shock,Stagflation / Reinflation / Energy Shock,물가·에너지 재상승장,us_global,0.539547,-0.001728,0.846735,positive,0.539547,medium,53.197858,rolling_beta,v3,1,3180,3180,2,market,pass,N,,2026-06-04,0,0.0,0.0,high,N,scenario inactive,inactive scenario,0.134626,,-0.001728,stagflation_vulnerable,성장 부담이 있는데 유가·원자재·인플레이션 압력이 다시 커지는 장세입니다. 에너지/원자재 수혜와 장기채 부담을 함께 봅니다.
NOBL,NOBL,equity_etf,korea_domestic_financial_stress,Korea Domestic Financial Stress,한국 내수 금융스트레스장,korea_market,-0.33235,-0.001728,0.065761,negative,0.33235,medium,84.809459,rolling_beta,v3,1,2812,2812,5,seed,pass,Y,,2026-06-04,0,0.0,0.0,medium,N,scenario inactive,inactive scenario,0.032203,0.065761,-0.001728,korea_financial_stress_hedge,"가계부채, 부동산 PF, 비은행권, 금융주와 건설주 스트레스가 한국 자산 전반으로 번지는 장세입니다. 금융/건설 basket, 신용 spread, 단기자금 spread, 원화 약세를 함께 점검합니다."
NOBL,NOBL,equity_etf,semiconductor_ai_cycle_shock,Semiconductor / AI Cycle Shock,AI·반도체 사이클 충격장,korea_semiconductor,-0.059271,-0.001728,0.188435,negative,0.059271,low,77.298138,rolling_beta,v3,1,1260,1260,6,market,pass,N,,2026-06-04,0,0.0,0.0,high,N,scenario inactive,inactive scenario,0.217103,0.188435,-0.001728,semiconductor_ai_shock_hedge,"AI capex 기대와 반도체 모멘텀이 꺾이면서 미국 성장주와 한국 반도체 대형주가 동시에 압박받는 장세입니다. SOXX, AI leader basket, 한국 반도체 basket의 동반 약세와 원화 압력을 함께 봅니다."
NOBL,NOBL,equity_etf,slowdown_recession_deflation_risk,Slowdown / Recession / Deflation Risk,경기둔화/침체 우려장,us_global,0.260843,-0.001728,0.840964,positive,0.260843,low,60.696943,rolling_beta,v3,1,3180,3180,3,market,pass,N,,2026-06-04,0,0.0,0.0,high,N,scenario inactive,inactive scenario,0.846735,0.840964,-0.001728,slowdown_vulnerable,수요 둔화와 침체/디플레이션 압력이 커지는 방어적 장세입니다. 주식 beta와 신용위험을 보수적으로 봅니다.
NVDA,NVDA,us_stock,usd_strength_krw_weakness,USD Strength / KRW Weakness,달러강세/원화약세장,fx_krw,0.010298,-0.0007,0.097772,neutral,0.010298,low,78.591896,rolling_beta,v3,1,4292,4292,4,market,pass,N,,2026-06-04,1,0.958519,0.958519,high,Y,trade-gated adverse scenario with medium/high evidence,active market context,0.451749,0.097772,-0.0007,krw_weakness_vulnerable,달러가 강하고 원화가 약해져 KRW 기준 투자자의 환율 리스크가 커지는 장세입니다. 한국 자산과 USD 노출의 역할을 분리해 봅니다.
NVDA,NVDA,us_stock,china_trade_fragmentation_shock,China / Trade Fragmentation Shock,중국·무역분절 충격장,china_asia,0.555735,-0.0007,0.097772,positive,0.555735,medium,67.121129,rolling_beta,v3,1,1260,1260,5,market,pass,N,,2026-06-04,1,0.743352,0.743352,high,Y,trade-gated adverse scenario with medium/high evidence,active market context,0.17074,0.097772,-0.0007,china_asia_shock_vulnerable,중국 경기·무역갈등·공급망 충격이 한국/아시아와 반도체 자산에 번지는 장세입니다. 한국 반도체 factor와 원화 약세를 함께 확인합니다.
NVDA,NVDA,us_stock,higher_for_longer_long_rate_shock,Higher-for-Longer / Long-Rate Shock,장기금리 부담장,us_global,1.392656,-0.0007,1.370345,positive,1.392656,high,60.332483,rolling_beta,v3,1,4873,4873,3,market,pass,N,,2026-06-04,1,0.710094,0.0,high,N,below ACTIVE confidence/coverage trade-gate threshold,active market context,1.441192,1.370345,-0.0007,rate_sensitive,장기금리와 달러 강세 부담이 채권·성장주·신용자산을 압박하는 장세입니다. 고밸류 성장주와 반도체 factor 민감도를 점검합니다.
NVDA,NVDA,us_stock,geopolitical_escalation_supply_shock,Geopolitical Escalation / Supply Shock,지정학 확전·공급충격장,geopolitical,0.193096,-0.0007,1.441192,positive,0.193096,low,52.44319,rolling_beta,v3,1,4292,4292,3,manual,pass,Y,,2026-06-04,1,0.382179,0.0,medium,N,context only: source_quality=manual,context only: source_quality=manual,0.254559,,-0.0007,geopolitical_supply_shock_vulnerable,"전쟁, 제재, 해상로 차질, 대만·중동·한반도 긴장처럼 유가·금·방산·변동성이 동시에 움직이는 이벤트성 충격 장세입니다. 뉴스 overlay는 가격 신호를 보강하는 용도로만 해석합니다."
NVDA,NVDA,us_stock,acute_global_stress_liquidity_crunch,Acute Global Stress / Liquidity Crunch,급성 리스크오프/유동성 경색장,us_global,0.824149,-0.0007,1.370345,positive,0.824149,high,41.987513,rolling_beta,v3,1,4873,4873,3,market,pass,N,,2026-06-04,1,0.362342,0.0,medium,N,context only: WATCH state,context only: WATCH state,1.441192,1.370345,-0.0007,liquidity_stress_vulnerable,변동성이 튀고 위험자산이 동반 약세를 보이는 단기 스트레스 장세입니다. 상관관계 상승과 유동성 악화를 우선 점검합니다.
NVDA,NVDA,us_stock,soft_landing_goldilocks,Soft Landing / Goldilocks,우호적 위험선호장,us_global,1.441192,-0.0007,1.370345,positive,1.441192,high,48.066958,rolling_beta,v3,1,4873,4873,3,market,pass,N,,2026-06-04,0,0.0,0.0,medium,N,non-adverse scenario,inactive scenario,1.441192,1.370345,-0.0007,risk_on_participation,우호적 위험선호장 참여 민감도
NVDA,NVDA,us_stock,stagflation_reinflation_energy_shock,Stagflation / Reinflation / Energy Shock,물가·에너지 재상승장,us_global,0.721914,-0.0007,1.441192,positive,0.721914,medium,53.197858,rolling_beta,v3,1,4873,4873,2,market,pass,N,,2026-06-04,0,0.0,0.0,high,N,scenario inactive,inactive scenario,0.254559,,-0.0007,stagflation_vulnerable,성장 부담이 있는데 유가·원자재·인플레이션 압력이 다시 커지는 장세입니다. 에너지/원자재 수혜와 장기채 부담을 함께 봅니다.
NVDA,NVDA,us_stock,korea_domestic_financial_stress,Korea Domestic Financial Stress,한국 내수 금융스트레스장,korea_market,-0.351266,-0.0007,0.097772,negative,0.351266,medium,84.809459,rolling_beta,v3,1,4292,4292,5,seed,pass,Y,,2026-06-04,0,0.0,0.0,medium,N,scenario inactive,inactive scenario,0.17074,0.097772,-0.0007,korea_financial_stress_hedge,"가계부채, 부동산 PF, 비은행권, 금융주와 건설주 스트레스가 한국 자산 전반으로 번지는 장세입니다. 금융/건설 basket, 신용 spread, 단기자금 spread, 원화 약세를 함께 점검합니다."
NVDA,NVDA,us_stock,semiconductor_ai_cycle_shock,Semiconductor / AI Cycle Shock,AI·반도체 사이클 충격장,korea_semiconductor,1.120661,-0.0007,1.190085,positive,1.120661,high,77.298138,rolling_beta,v3,1,1260,1260,6,market,pass,N,,2026-06-04,0,0.0,0.0,high,N,scenario inactive,inactive scenario,1.116027,1.190085,-0.0007,semiconductor_ai_shock_vulnerable,"AI capex 기대와 반도체 모멘텀이 꺾이면서 미국 성장주와 한국 반도체 대형주가 동시에 압박받는 장세입니다. SOXX, AI leader basket, 한국 반도체 basket의 동반 약세와 원화 압력을 함께 봅니다."
NVDA,NVDA,us_stock,slowdown_recession_deflation_risk,Slowdown / Recession / Deflation Risk,경기둔화/침체 우려장,us_global,0.61127,-0.0007,1.370345,positive,0.61127,medium,60.696943,rolling_beta,v3,1,4873,4873,3,market,pass,N,,2026-06-04,0,0.0,0.0,high,N,scenario inactive,inactive scenario,1.441192,1.370345,-0.0007,slowdown_vulnerable,수요 둔화와 침체/디플레이션 압력이 커지는 방어적 장세입니다. 주식 beta와 신용위험을 보수적으로 봅니다.
ORCL,ORCL,us_stock,usd_strength_krw_weakness,USD Strength / KRW Weakness,달러강세/원화약세장,fx_krw,-0.097551,-0.001173,0.053723,negative,0.097551,low,78.591896,rolling_beta,v3,1,4292,4292,4,market,pass,N,,2026-06-04,1,0.958519,0.958519,high,Y,trade-gated adverse scenario with medium/high evidence,active market context,0.571589,0.053723,-0.001173,krw_weakness_hedge,달러가 강하고 원화가 약해져 KRW 기준 투자자의 환율 리스크가 커지는 장세입니다. 한국 자산과 USD 노출의 역할을 분리해 봅니다.
ORCL,ORCL,us_stock,china_trade_fragmentation_shock,China / Trade Fragmentation Shock,중국·무역분절 충격장,china_asia,0.131288,-0.001173,0.053723,positive,0.131288,low,67.121129,rolling_beta,v3,1,1260,1260,5,market,pass,N,,2026-06-04,1,0.743352,0.743352,high,Y,trade-gated adverse scenario with medium/high evidence,active market context,0.066351,0.053723,-0.001173,china_asia_shock_vulnerable,중국 경기·무역갈등·공급망 충격이 한국/아시아와 반도체 자산에 번지는 장세입니다. 한국 반도체 factor와 원화 약세를 함께 확인합니다.
ORCL,ORCL,us_stock,higher_for_longer_long_rate_shock,Higher-for-Longer / Long-Rate Shock,장기금리 부담장,us_global,0.905388,-0.001173,0.925312,positive,0.905388,high,60.332483,rolling_beta,v3,1,4873,4873,3,market,pass,N,,2026-06-04,1,0.710094,0.0,high,N,below ACTIVE confidence/coverage trade-gate threshold,active market context,1.009797,0.925312,-0.001173,rate_sensitive,장기금리와 달러 강세 부담이 채권·성장주·신용자산을 압박하는 장세입니다. 고밸류 성장주와 반도체 factor 민감도를 점검합니다.
ORCL,ORCL,us_stock,geopolitical_escalation_supply_shock,Geopolitical Escalation / Supply Shock,지정학 확전·공급충격장,geopolitical,0.076585,-0.001173,1.009797,positive,0.076585,low,52.44319,rolling_beta,v3,1,4292,4292,3,manual,pass,Y,,2026-06-04,1,0.382179,0.0,medium,N,context only: source_quality=manual,context only: source_quality=manual,0.194954,,-0.001173,geopolitical_supply_shock_vulnerable,"전쟁, 제재, 해상로 차질, 대만·중동·한반도 긴장처럼 유가·금·방산·변동성이 동시에 움직이는 이벤트성 충격 장세입니다. 뉴스 overlay는 가격 신호를 보강하는 용도로만 해석합니다."
ORCL,ORCL,us_stock,acute_global_stress_liquidity_crunch,Acute Global Stress / Liquidity Crunch,급성 리스크오프/유동성 경색장,us_global,0.30818,-0.001173,0.925312,positive,0.30818,medium,41.987513,rolling_beta,v3,1,4873,4873,3,market,pass,N,,2026-06-04,1,0.362342,0.0,medium,N,context only: WATCH state,context only: WATCH state,1.009797,0.925312,-0.001173,liquidity_stress_vulnerable,변동성이 튀고 위험자산이 동반 약세를 보이는 단기 스트레스 장세입니다. 상관관계 상승과 유동성 악화를 우선 점검합니다.
ORCL,ORCL,us_stock,soft_landing_goldilocks,Soft Landing / Goldilocks,우호적 위험선호장,us_global,1.009797,-0.001173,0.925312,positive,1.009797,high,48.066958,rolling_beta,v3,1,4873,4873,3,market,pass,N,,2026-06-04,0,0.0,0.0,medium,N,non-adverse scenario,inactive scenario,1.009797,0.925312,-0.001173,risk_on_participation,우호적 위험선호장 참여 민감도
ORCL,ORCL,us_stock,stagflation_reinflation_energy_shock,Stagflation / Reinflation / Energy Shock,물가·에너지 재상승장,us_global,0.582758,-0.001173,1.009797,positive,0.582758,medium,53.197858,rolling_beta,v3,1,4873,4873,2,market,pass,N,,2026-06-04,0,0.0,0.0,high,N,scenario inactive,inactive scenario,0.194954,,-0.001173,stagflation_vulnerable,성장 부담이 있는데 유가·원자재·인플레이션 압력이 다시 커지는 장세입니다. 에너지/원자재 수혜와 장기채 부담을 함께 봅니다.
ORCL,ORCL,us_stock,korea_domestic_financial_stress,Korea Domestic Financial Stress,한국 내수 금융스트레스장,korea_market,-0.36171,-0.001173,0.053723,negative,0.36171,medium,84.809459,rolling_beta,v3,1,4292,4292,5,seed,pass,Y,,2026-06-04,0,0.0,0.0,medium,N,scenario inactive,inactive scenario,0.066351,0.053723,-0.001173,korea_financial_stress_hedge,"가계부채, 부동산 PF, 비은행권, 금융주와 건설주 스트레스가 한국 자산 전반으로 번지는 장세입니다. 금융/건설 basket, 신용 spread, 단기자금 spread, 원화 약세를 함께 점검합니다."
ORCL,ORCL,us_stock,semiconductor_ai_cycle_shock,Semiconductor / AI Cycle Shock,AI·반도체 사이클 충격장,korea_semiconductor,0.357773,-0.001173,0.559538,positive,0.357773,medium,77.298138,rolling_beta,v3,1,1260,1260,6,market,pass,N,,2026-06-04,0,0.0,0.0,high,N,scenario inactive,inactive scenario,0.488062,0.559538,-0.001173,semiconductor_ai_shock_vulnerable,"AI capex 기대와 반도체 모멘텀이 꺾이면서 미국 성장주와 한국 반도체 대형주가 동시에 압박받는 장세입니다. SOXX, AI leader basket, 한국 반도체 basket의 동반 약세와 원화 압력을 함께 봅니다."
ORCL,ORCL,us_stock,slowdown_recession_deflation_risk,Slowdown / Recession / Deflation Risk,경기둔화/침체 우려장,us_global,0.347428,-0.001173,0.925312,positive,0.347428,medium,60.696943,rolling_beta,v3,1,4873,4873,3,market,pass,N,,2026-06-04,0,0.0,0.0,high,N,scenario inactive,inactive scenario,1.009797,0.925312,-0.001173,slowdown_vulnerable,수요 둔화와 침체/디플레이션 압력이 커지는 방어적 장세입니다. 주식 beta와 신용위험을 보수적으로 봅니다.
PDBC,PDBC,commodity_etf,usd_strength_krw_weakness,USD Strength / KRW Weakness,달러강세/원화약세장,fx_krw,-0.249347,-0.002801,0.076683,negative,0.249347,low,78.591896,rolling_beta,v3,1,2571,2571,4,market,pass,N,,2026-06-04,1,0.958519,0.958519,high,Y,trade-gated adverse scenario with medium/high evidence,active market context,0.803468,0.076683,-0.002801,krw_weakness_hedge,달러가 강하고 원화가 약해져 KRW 기준 투자자의 환율 리스크가 커지는 장세입니다. 한국 자산과 USD 노출의 역할을 분리해 봅니다.
PDBC,PDBC,commodity_etf,china_trade_fragmentation_shock,China / Trade Fragmentation Shock,중국·무역분절 충격장,china_asia,0.050542,-0.002801,0.076683,positive,0.050542,low,67.121129,rolling_beta,v3,1,1260,1260,5,market,pass,N,,2026-06-04,1,0.743352,0.743352,high,Y,trade-gated adverse scenario with medium/high evidence,active market context,0.028842,0.076683,-0.002801,china_asia_shock_vulnerable,중국 경기·무역갈등·공급망 충격이 한국/아시아와 반도체 자산에 번지는 장세입니다. 한국 반도체 factor와 원화 약세를 함께 확인합니다.
PDBC,PDBC,commodity_etf,higher_for_longer_long_rate_shock,Higher-for-Longer / Long-Rate Shock,장기금리 부담장,us_global,0.121437,-0.002801,0.519992,positive,0.121437,low,60.332483,rolling_beta,v3,1,2908,2908,3,market,pass,N,,2026-06-04,1,0.710094,0.0,high,N,below ACTIVE confidence/coverage trade-gate threshold,active market context,0.402612,0.519992,-0.002801,rate_sensitive,장기금리와 달러 강세 부담이 채권·성장주·신용자산을 압박하는 장세입니다. 고밸류 성장주와 반도체 factor 민감도를 점검합니다.
PDBC,PDBC,commodity_etf,geopolitical_escalation_supply_shock,Geopolitical Escalation / Supply Shock,지정학 확전·공급충격장,geopolitical,-0.198164,-0.002801,0.402612,negative,0.198164,low,52.44319,rolling_beta,v3,1,2571,2571,3,manual,pass,Y,,2026-06-04,1,0.382179,0.0,medium,N,context only: source_quality=manual,context only: source_quality=manual,0.395672,,-0.002801,geopolitical_supply_shock_hedge,"전쟁, 제재, 해상로 차질, 대만·중동·한반도 긴장처럼 유가·금·방산·변동성이 동시에 움직이는 이벤트성 충격 장세입니다. 뉴스 overlay는 가격 신호를 보강하는 용도로만 해석합니다."
PDBC,PDBC,commodity_etf,acute_global_stress_liquidity_crunch,Acute Global Stress / Liquidity Crunch,급성 리스크오프/유동성 경색장,us_global,0.347472,-0.002801,0.519992,positive,0.347472,medium,41.987513,rolling_beta,v3,1,2908,2908,3,market,pass,N,,2026-06-04,1,0.362342,0.0,medium,N,context only: WATCH state,context only: WATCH state,0.402612,0.519992,-0.002801,liquidity_stress_vulnerable,변동성이 튀고 위험자산이 동반 약세를 보이는 단기 스트레스 장세입니다. 상관관계 상승과 유동성 악화를 우선 점검합니다.
PDBC,PDBC,commodity_etf,soft_landing_goldilocks,Soft Landing / Goldilocks,우호적 위험선호장,us_global,0.402612,-0.002801,0.519992,positive,0.402612,medium,48.066958,rolling_beta,v3,1,2908,2908,3,market,pass,N,,2026-06-04,0,0.0,0.0,medium,N,non-adverse scenario,inactive scenario,0.402612,0.519992,-0.002801,risk_on_participation,우호적 위험선호장 참여 민감도
PDBC,PDBC,commodity_etf,stagflation_reinflation_energy_shock,Stagflation / Reinflation / Energy Shock,물가·에너지 재상승장,us_global,-0.239066,-0.002801,0.402612,negative,0.239066,low,53.197858,rolling_beta,v3,1,2908,2908,2,market,pass,N,,2026-06-04,0,0.0,0.0,high,N,scenario inactive,inactive scenario,0.395672,,-0.002801,inflation_hedge,성장 부담이 있는데 유가·원자재·인플레이션 압력이 다시 커지는 장세입니다. 에너지/원자재 수혜와 장기채 부담을 함께 봅니다.
PDBC,PDBC,commodity_etf,korea_domestic_financial_stress,Korea Domestic Financial Stress,한국 내수 금융스트레스장,korea_market,0.004142,-0.002801,0.076683,neutral,0.004142,low,84.809459,rolling_beta,v3,1,2571,2571,5,seed,pass,Y,,2026-06-04,0,0.0,0.0,medium,N,scenario inactive,inactive scenario,0.028842,0.076683,-0.002801,korea_financial_stress_vulnerable,"가계부채, 부동산 PF, 비은행권, 금융주와 건설주 스트레스가 한국 자산 전반으로 번지는 장세입니다. 금융/건설 basket, 신용 spread, 단기자금 spread, 원화 약세를 함께 점검합니다."
PDBC,PDBC,commodity_etf,semiconductor_ai_cycle_shock,Semiconductor / AI Cycle Shock,AI·반도체 사이클 충격장,korea_semiconductor,0.102222,-0.002801,0.144097,positive,0.102222,low,77.298138,rolling_beta,v3,1,1260,1260,6,market,pass,N,,2026-06-04,0,0.0,0.0,high,N,scenario inactive,inactive scenario,0.109006,0.144097,-0.002801,semiconductor_ai_shock_vulnerable,"AI capex 기대와 반도체 모멘텀이 꺾이면서 미국 성장주와 한국 반도체 대형주가 동시에 압박받는 장세입니다. SOXX, AI leader basket, 한국 반도체 basket의 동반 약세와 원화 압력을 함께 봅니다."
PDBC,PDBC,commodity_etf,slowdown_recession_deflation_risk,Slowdown / Recession / Deflation Risk,경기둔화/침체 우려장,us_global,0.359726,-0.002801,0.519992,positive,0.359726,medium,60.696943,rolling_beta,v3,1,2908,2908,3,market,pass,N,,2026-06-04,0,0.0,0.0,high,N,scenario inactive,inactive scenario,0.402612,0.519992,-0.002801,slowdown_vulnerable,수요 둔화와 침체/디플레이션 압력이 커지는 방어적 장세입니다. 주식 beta와 신용위험을 보수적으로 봅니다.
PFE,PFE,us_stock,usd_strength_krw_weakness,USD Strength / KRW Weakness,달러강세/원화약세장,fx_krw,-0.158051,-0.000488,0.0,negative,0.158051,low,78.591896,rolling_beta,v3,1,4292,4292,4,market,pass,N,,2026-06-04,1,0.958519,0.958519,high,Y,trade-gated adverse scenario with medium/high evidence,active market context,0.740837,-0.001388,-0.000488,krw_weakness_hedge,달러가 강하고 원화가 약해져 KRW 기준 투자자의 환율 리스크가 커지는 장세입니다. 한국 자산과 USD 노출의 역할을 분리해 봅니다.
PFE,PFE,us_stock,china_trade_fragmentation_shock,China / Trade Fragmentation Shock,중국·무역분절 충격장,china_asia,0.065766,-0.000488,0.0,positive,0.065766,low,67.121129,rolling_beta,v3,1,1260,1260,5,market,pass,N,,2026-06-04,1,0.743352,0.743352,high,Y,trade-gated adverse scenario with medium/high evidence,active market context,-0.027008,-0.001388,-0.000488,china_asia_shock_vulnerable,중국 경기·무역갈등·공급망 충격이 한국/아시아와 반도체 자산에 번지는 장세입니다. 한국 반도체 factor와 원화 약세를 함께 확인합니다.
PFE,PFE,us_stock,higher_for_longer_long_rate_shock,Higher-for-Longer / Long-Rate Shock,장기금리 부담장,us_global,0.772289,-0.000488,0.767799,positive,0.772289,high,60.332483,rolling_beta,v3,1,4873,4873,3,market,pass,N,,2026-06-04,1,0.710094,0.0,high,N,below ACTIVE confidence/coverage trade-gate threshold,active market context,0.767797,0.767799,-0.000488,rate_sensitive,장기금리와 달러 강세 부담이 채권·성장주·신용자산을 압박하는 장세입니다. 고밸류 성장주와 반도체 factor 민감도를 점검합니다.
PFE,PFE,us_stock,geopolitical_escalation_supply_shock,Geopolitical Escalation / Supply Shock,지정학 확전·공급충격장,geopolitical,0.00039,-0.000488,0.767797,neutral,0.00039,low,52.44319,rolling_beta,v3,1,4292,4292,3,manual,pass,Y,,2026-06-04,1,0.382179,0.0,medium,N,context only: source_quality=manual,context only: source_quality=manual,0.145006,,-0.000488,geopolitical_supply_shock_vulnerable,"전쟁, 제재, 해상로 차질, 대만·중동·한반도 긴장처럼 유가·금·방산·변동성이 동시에 움직이는 이벤트성 충격 장세입니다. 뉴스 overlay는 가격 신호를 보강하는 용도로만 해석합니다."
PFE,PFE,us_stock,acute_global_stress_liquidity_crunch,Acute Global Stress / Liquidity Crunch,급성 리스크오프/유동성 경색장,us_global,0.14426,-0.000488,0.767799,positive,0.14426,low,41.987513,rolling_beta,v3,1,4873,4873,3,market,pass,N,,2026-06-04,1,0.362342,0.0,medium,N,context only: WATCH state,context only: WATCH state,0.767797,0.767799,-0.000488,liquidity_stress_vulnerable,변동성이 튀고 위험자산이 동반 약세를 보이는 단기 스트레스 장세입니다. 상관관계 상승과 유동성 악화를 우선 점검합니다.
PFE,PFE,us_stock,soft_landing_goldilocks,Soft Landing / Goldilocks,우호적 위험선호장,us_global,0.767797,-0.000488,0.767799,positive,0.767797,high,48.066958,rolling_beta,v3,1,4873,4873,3,market,pass,N,,2026-06-04,0,0.0,0.0,medium,N,non-adverse scenario,inactive scenario,0.767797,0.767799,-0.000488,risk_on_participation,우호적 위험선호장 참여 민감도
PFE,PFE,us_stock,stagflation_reinflation_energy_shock,Stagflation / Reinflation / Energy Shock,물가·에너지 재상승장,us_global,0.480935,-0.000488,0.767797,positive,0.480935,medium,53.197858,rolling_beta,v3,1,4873,4873,2,market,pass,N,,2026-06-04,0,0.0,0.0,high,N,scenario inactive,inactive scenario,0.145006,,-0.000488,stagflation_vulnerable,성장 부담이 있는데 유가·원자재·인플레이션 압력이 다시 커지는 장세입니다. 에너지/원자재 수혜와 장기채 부담을 함께 봅니다.
PFE,PFE,us_stock,korea_domestic_financial_stress,Korea Domestic Financial Stress,한국 내수 금융스트레스장,korea_market,-0.376668,-0.000488,0.0,negative,0.376668,medium,84.809459,rolling_beta,v3,1,4292,4292,5,seed,pass,Y,,2026-06-04,0,0.0,0.0,medium,N,scenario inactive,inactive scenario,-0.027008,-0.001388,-0.000488,korea_financial_stress_hedge,"가계부채, 부동산 PF, 비은행권, 금융주와 건설주 스트레스가 한국 자산 전반으로 번지는 장세입니다. 금융/건설 basket, 신용 spread, 단기자금 spread, 원화 약세를 함께 점검합니다."
PFE,PFE,us_stock,semiconductor_ai_cycle_shock,Semiconductor / AI Cycle Shock,AI·반도체 사이클 충격장,korea_semiconductor,-0.156942,-0.000488,0.065261,negative,0.156942,low,77.298138,rolling_beta,v3,1,1260,1260,6,market,pass,N,,2026-06-04,0,0.0,0.0,high,N,scenario inactive,inactive scenario,0.112702,0.065261,-0.000488,semiconductor_ai_shock_hedge,"AI capex 기대와 반도체 모멘텀이 꺾이면서 미국 성장주와 한국 반도체 대형주가 동시에 압박받는 장세입니다. SOXX, AI leader basket, 한국 반도체 basket의 동반 약세와 원화 압력을 함께 봅니다."
PFE,PFE,us_stock,slowdown_recession_deflation_risk,Slowdown / Recession / Deflation Risk,경기둔화/침체 우려장,us_global,0.166157,-0.000488,0.767799,positive,0.166157,low,60.696943,rolling_beta,v3,1,4873,4873,3,market,pass,N,,2026-06-04,0,0.0,0.0,high,N,scenario inactive,inactive scenario,0.767797,0.767799,-0.000488,slowdown_vulnerable,수요 둔화와 침체/디플레이션 압력이 커지는 방어적 장세입니다. 주식 beta와 신용위험을 보수적으로 봅니다.
PG,PG,us_stock,usd_strength_krw_weakness,USD Strength / KRW Weakness,달러강세/원화약세장,fx_krw,-0.185082,-0.001366,0.0,negative,0.185082,low,78.591896,rolling_beta,v3,1,4292,4292,4,market,pass,N,,2026-06-04,1,0.958519,0.958519,high,Y,trade-gated adverse scenario with medium/high evidence,active market context,0.792956,-0.0354,-0.001366,krw_weakness_hedge,달러가 강하고 원화가 약해져 KRW 기준 투자자의 환율 리스크가 커지는 장세입니다. 한국 자산과 USD 노출의 역할을 분리해 봅니다.
PG,PG,us_stock,china_trade_fragmentation_shock,China / Trade Fragmentation Shock,중국·무역분절 충격장,china_asia,0.066095,-0.001366,0.0,positive,0.066095,low,67.121129,rolling_beta,v3,1,1260,1260,5,market,pass,N,,2026-06-04,1,0.743352,0.743352,high,Y,trade-gated adverse scenario with medium/high evidence,active market context,-0.070518,-0.0354,-0.001366,china_asia_shock_vulnerable,중국 경기·무역갈등·공급망 충격이 한국/아시아와 반도체 자산에 번지는 장세입니다. 한국 반도체 factor와 원화 약세를 함께 확인합니다.
PG,PG,us_stock,higher_for_longer_long_rate_shock,Higher-for-Longer / Long-Rate Shock,장기금리 부담장,us_global,0.712819,-0.001366,0.649528,positive,0.712819,medium,60.332483,rolling_beta,v3,1,4873,4873,3,market,pass,N,,2026-06-04,1,0.710094,0.0,high,N,below ACTIVE confidence/coverage trade-gate threshold,active market context,0.659671,0.649528,-0.001366,rate_sensitive,장기금리와 달러 강세 부담이 채권·성장주·신용자산을 압박하는 장세입니다. 고밸류 성장주와 반도체 factor 민감도를 점검합니다.
PG,PG,us_stock,geopolitical_escalation_supply_shock,Geopolitical Escalation / Supply Shock,지정학 확전·공급충격장,geopolitical,-0.009557,-0.001366,0.659671,neutral,0.009557,low,52.44319,rolling_beta,v3,1,4292,4292,3,manual,pass,Y,,2026-06-04,1,0.382179,0.0,medium,N,context only: source_quality=manual,context only: source_quality=manual,0.129029,,-0.001366,geopolitical_supply_shock_hedge,"전쟁, 제재, 해상로 차질, 대만·중동·한반도 긴장처럼 유가·금·방산·변동성이 동시에 움직이는 이벤트성 충격 장세입니다. 뉴스 overlay는 가격 신호를 보강하는 용도로만 해석합니다."
PG,PG,us_stock,acute_global_stress_liquidity_crunch,Acute Global Stress / Liquidity Crunch,급성 리스크오프/유동성 경색장,us_global,0.124309,-0.001366,0.649528,positive,0.124309,low,41.987513,rolling_beta,v3,1,4873,4873,3,market,pass,N,,2026-06-04,1,0.362342,0.0,medium,N,context only: WATCH state,context only: WATCH state,0.659671,0.649528,-0.001366,liquidity_stress_vulnerable,변동성이 튀고 위험자산이 동반 약세를 보이는 단기 스트레스 장세입니다. 상관관계 상승과 유동성 악화를 우선 점검합니다.
PG,PG,us_stock,soft_landing_goldilocks,Soft Landing / Goldilocks,우호적 위험선호장,us_global,0.659671,-0.001366,0.649528,positive,0.659671,medium,48.066958,rolling_beta,v3,1,4873,4873,3,market,pass,N,,2026-06-04,0,0.0,0.0,medium,N,non-adverse scenario,inactive scenario,0.659671,0.649528,-0.001366,risk_on_participation,우호적 위험선호장 참여 민감도
PG,PG,us_stock,stagflation_reinflation_energy_shock,Stagflation / Reinflation / Energy Shock,물가·에너지 재상승장,us_global,0.465046,-0.001366,0.659671,positive,0.465046,medium,53.197858,rolling_beta,v3,1,4873,4873,2,market,pass,N,,2026-06-04,0,0.0,0.0,high,N,scenario inactive,inactive scenario,0.129029,,-0.001366,stagflation_vulnerable,성장 부담이 있는데 유가·원자재·인플레이션 압력이 다시 커지는 장세입니다. 에너지/원자재 수혜와 장기채 부담을 함께 봅니다.
PG,PG,us_stock,korea_domestic_financial_stress,Korea Domestic Financial Stress,한국 내수 금융스트레스장,korea_market,-0.346896,-0.001366,0.0,negative,0.346896,medium,84.809459,rolling_beta,v3,1,4292,4292,5,seed,pass,Y,,2026-06-04,0,0.0,0.0,medium,N,scenario inactive,inactive scenario,-0.070518,-0.0354,-0.001366,korea_financial_stress_hedge,"가계부채, 부동산 PF, 비은행권, 금융주와 건설주 스트레스가 한국 자산 전반으로 번지는 장세입니다. 금융/건설 basket, 신용 spread, 단기자금 spread, 원화 약세를 함께 점검합니다."
PG,PG,us_stock,semiconductor_ai_cycle_shock,Semiconductor / AI Cycle Shock,AI·반도체 사이클 충격장,korea_semiconductor,-0.187696,-0.001366,0.032991,negative,0.187696,low,77.298138,rolling_beta,v3,1,1260,1260,6,market,pass,N,,2026-06-04,0,0.0,0.0,high,N,scenario inactive,inactive scenario,0.061063,0.032991,-0.001366,semiconductor_ai_shock_hedge,"AI capex 기대와 반도체 모멘텀이 꺾이면서 미국 성장주와 한국 반도체 대형주가 동시에 압박받는 장세입니다. SOXX, AI leader basket, 한국 반도체 basket의 동반 약세와 원화 압력을 함께 봅니다."
PG,PG,us_stock,slowdown_recession_deflation_risk,Slowdown / Recession / Deflation Risk,경기둔화/침체 우려장,us_global,0.126611,-0.001366,0.649528,positive,0.126611,low,60.696943,rolling_beta,v3,1,4873,4873,3,market,pass,N,,2026-06-04,0,0.0,0.0,high,N,scenario inactive,inactive scenario,0.659671,0.649528,-0.001366,slowdown_vulnerable,수요 둔화와 침체/디플레이션 압력이 커지는 방어적 장세입니다. 주식 beta와 신용위험을 보수적으로 봅니다.
PPA,PPA,equity_etf,usd_strength_krw_weakness,USD Strength / KRW Weakness,달러강세/원화약세장,fx_krw,-0.115431,-0.002299,0.042712,negative,0.115431,low,78.591896,rolling_beta,v3,1,4292,4292,4,market,pass,N,,2026-06-04,1,0.958519,0.958519,high,Y,trade-gated adverse scenario with medium/high evidence,active market context,0.620028,0.042712,-0.002299,krw_weakness_hedge,달러가 강하고 원화가 약해져 KRW 기준 투자자의 환율 리스크가 커지는 장세입니다. 한국 자산과 USD 노출의 역할을 분리해 봅니다.
PPA,PPA,equity_etf,china_trade_fragmentation_shock,China / Trade Fragmentation Shock,중국·무역분절 충격장,china_asia,0.145138,-0.002299,0.042712,positive,0.145138,low,67.121129,rolling_beta,v3,1,1260,1260,5,market,pass,N,,2026-06-04,1,0.743352,0.743352,high,Y,trade-gated adverse scenario with medium/high evidence,active market context,0.056045,0.042712,-0.002299,china_asia_shock_vulnerable,중국 경기·무역갈등·공급망 충격이 한국/아시아와 반도체 자산에 번지는 장세입니다. 한국 반도체 factor와 원화 약세를 함께 확인합니다.
PPA,PPA,equity_etf,higher_for_longer_long_rate_shock,Higher-for-Longer / Long-Rate Shock,장기금리 부담장,us_global,0.416052,-0.002299,0.973018,positive,0.416052,medium,60.332483,rolling_beta,v3,1,4873,4873,3,market,pass,N,,2026-06-04,1,0.710094,0.0,high,N,below ACTIVE confidence/coverage trade-gate threshold,active market context,0.938277,0.973018,-0.002299,rate_sensitive,장기금리와 달러 강세 부담이 채권·성장주·신용자산을 압박하는 장세입니다. 고밸류 성장주와 반도체 factor 민감도를 점검합니다.
PPA,PPA,equity_etf,geopolitical_escalation_supply_shock,Geopolitical Escalation / Supply Shock,지정학 확전·공급충격장,geopolitical,-0.018117,-0.002299,0.938277,neutral,0.018117,low,52.44319,rolling_beta,v3,1,4292,4292,3,manual,pass,Y,,2026-06-04,1,0.382179,0.0,medium,N,context only: source_quality=manual,context only: source_quality=manual,0.213363,,-0.002299,geopolitical_supply_shock_hedge,"전쟁, 제재, 해상로 차질, 대만·중동·한반도 긴장처럼 유가·금·방산·변동성이 동시에 움직이는 이벤트성 충격 장세입니다. 뉴스 overlay는 가격 신호를 보강하는 용도로만 해석합니다."
PPA,PPA,equity_etf,acute_global_stress_liquidity_crunch,Acute Global Stress / Liquidity Crunch,급성 리스크오프/유동성 경색장,us_global,0.619521,-0.002299,0.973018,positive,0.619521,medium,41.987513,rolling_beta,v3,1,4873,4873,3,market,pass,N,,2026-06-04,1,0.362342,0.0,medium,N,context only: WATCH state,context only: WATCH state,0.938277,0.973018,-0.002299,liquidity_stress_vulnerable,변동성이 튀고 위험자산이 동반 약세를 보이는 단기 스트레스 장세입니다. 상관관계 상승과 유동성 악화를 우선 점검합니다.
PPA,PPA,equity_etf,soft_landing_goldilocks,Soft Landing / Goldilocks,우호적 위험선호장,us_global,0.938277,-0.002299,0.973018,positive,0.938277,high,48.066958,rolling_beta,v3,1,4873,4873,3,market,pass,N,,2026-06-04,0,0.0,0.0,medium,N,non-adverse scenario,inactive scenario,0.938277,0.973018,-0.002299,risk_on_participation,우호적 위험선호장 참여 민감도
PPA,PPA,equity_etf,stagflation_reinflation_energy_shock,Stagflation / Reinflation / Energy Shock,물가·에너지 재상승장,us_global,-0.06412,-0.002299,0.938277,negative,0.06412,low,53.197858,rolling_beta,v3,1,4873,4873,2,market,pass,N,,2026-06-04,0,0.0,0.0,high,N,scenario inactive,inactive scenario,0.213363,,-0.002299,inflation_hedge,성장 부담이 있는데 유가·원자재·인플레이션 압력이 다시 커지는 장세입니다. 에너지/원자재 수혜와 장기채 부담을 함께 봅니다.
PPA,PPA,equity_etf,korea_domestic_financial_stress,Korea Domestic Financial Stress,한국 내수 금융스트레스장,korea_market,-0.029245,-0.002299,0.042712,neutral,0.029245,low,84.809459,rolling_beta,v3,1,4292,4292,5,seed,pass,Y,,2026-06-04,0,0.0,0.0,medium,N,scenario inactive,inactive scenario,0.056045,0.042712,-0.002299,korea_financial_stress_hedge,"가계부채, 부동산 PF, 비은행권, 금융주와 건설주 스트레스가 한국 자산 전반으로 번지는 장세입니다. 금융/건설 basket, 신용 spread, 단기자금 spread, 원화 약세를 함께 점검합니다."
PPA,PPA,equity_etf,semiconductor_ai_cycle_shock,Semiconductor / AI Cycle Shock,AI·반도체 사이클 충격장,korea_semiconductor,0.290688,-0.002299,0.364148,positive,0.290688,low,77.298138,rolling_beta,v3,1,1260,1260,6,market,pass,N,,2026-06-04,0,0.0,0.0,high,N,scenario inactive,inactive scenario,0.31106,0.364148,-0.002299,semiconductor_ai_shock_vulnerable,"AI capex 기대와 반도체 모멘텀이 꺾이면서 미국 성장주와 한국 반도체 대형주가 동시에 압박받는 장세입니다. SOXX, AI leader basket, 한국 반도체 basket의 동반 약세와 원화 압력을 함께 봅니다."
PPA,PPA,equity_etf,slowdown_recession_deflation_risk,Slowdown / Recession / Deflation Risk,경기둔화/침체 우려장,us_global,0.690356,-0.002299,0.973018,positive,0.690356,medium,60.696943,rolling_beta,v3,1,4873,4873,3,market,pass,N,,2026-06-04,0,0.0,0.0,high,N,scenario inactive,inactive scenario,0.938277,0.973018,-0.002299,slowdown_vulnerable,수요 둔화와 침체/디플레이션 압력이 커지는 방어적 장세입니다. 주식 beta와 신용위험을 보수적으로 봅니다.
PSQ,PSQ,inverse_etf,usd_strength_krw_weakness,USD Strength / KRW Weakness,달러강세/원화약세장,fx_krw,-0.35,0.00114,0.0,negative,0.35,medium,78.591896,rolling_beta,v3,1,4292,4292,4,market,pass,N,,2026-06-04,1,0.958519,0.958519,high,Y,trade-gated adverse scenario with medium/high evidence,active market context,1.28486,-0.275838,0.00114,krw_weakness_hedge,달러가 강하고 원화가 약해져 KRW 기준 투자자의 환율 리스크가 커지는 장세입니다. 한국 자산과 USD 노출의 역할을 분리해 봅니다.
PSQ,PSQ,inverse_etf,china_trade_fragmentation_shock,China / Trade Fragmentation Shock,중국·무역분절 충격장,china_asia,0.221503,0.00114,0.0,positive,0.221503,low,67.121129,rolling_beta,v3,1,1260,1260,5,market,pass,N,,2026-06-04,1,0.743352,0.743352,high,Y,trade-gated adverse scenario with medium/high evidence,active market context,-0.297896,-0.275838,0.00114,china_asia_shock_vulnerable,중국 경기·무역갈등·공급망 충격이 한국/아시아와 반도체 자산에 번지는 장세입니다. 한국 반도체 factor와 원화 약세를 함께 확인합니다.
PSQ,PSQ,inverse_etf,higher_for_longer_long_rate_shock,Higher-for-Longer / Long-Rate Shock,장기금리 부담장,us_global,0.6,0.00114,0.0,positive,0.6,medium,60.332483,rolling_beta,v3,1,4873,4873,3,market,pass,N,,2026-06-04,1,0.710094,0.0,high,N,below ACTIVE confidence/coverage trade-gate threshold,active market context,-0.546222,-0.586469,0.00114,rate_sensitive,장기금리와 달러 강세 부담이 채권·성장주·신용자산을 압박하는 장세입니다. 고밸류 성장주와 반도체 factor 민감도를 점검합니다.
PSQ,PSQ,inverse_etf,geopolitical_escalation_supply_shock,Geopolitical Escalation / Supply Shock,지정학 확전·공급충격장,geopolitical,-0.227596,0.00114,0.0,negative,0.227596,low,52.44319,rolling_beta,v3,1,4292,4292,3,manual,pass,Y,,2026-06-04,1,0.382179,0.0,medium,N,context only: source_quality=manual,context only: source_quality=manual,-0.027735,,0.00114,geopolitical_supply_shock_hedge,"전쟁, 제재, 해상로 차질, 대만·중동·한반도 긴장처럼 유가·금·방산·변동성이 동시에 움직이는 이벤트성 충격 장세입니다. 뉴스 overlay는 가격 신호를 보강하는 용도로만 해석합니다."
PSQ,PSQ,inverse_etf,acute_global_stress_liquidity_crunch,Acute Global Stress / Liquidity Crunch,급성 리스크오프/유동성 경색장,us_global,-0.351294,0.00114,0.0,negative,0.351294,medium,41.987513,rolling_beta,v3,1,4873,4873,3,market,pass,N,,2026-06-04,1,0.362342,0.0,medium,N,context only: WATCH state,context only: WATCH state,-0.546222,-0.586469,0.00114,liquidity_stress_defense,변동성이 튀고 위험자산이 동반 약세를 보이는 단기 스트레스 장세입니다. 상관관계 상승과 유동성 악화를 우선 점검합니다.
PSQ,PSQ,inverse_etf,soft_landing_goldilocks,Soft Landing / Goldilocks,우호적 위험선호장,us_global,-0.546222,0.00114,0.0,negative,0.546222,medium,48.066958,rolling_beta,v3,1,4873,4873,3,market,pass,N,,2026-06-04,0,0.0,0.0,medium,N,non-adverse scenario,inactive scenario,-0.546222,-0.586469,0.00114,neutral_or_defensive,우호적 위험선호장 참여 민감도
PSQ,PSQ,inverse_etf,stagflation_reinflation_energy_shock,Stagflation / Reinflation / Energy Shock,물가·에너지 재상승장,us_global,0.171503,0.00114,0.0,positive,0.171503,low,53.197858,rolling_beta,v3,1,4873,4873,2,market,pass,N,,2026-06-04,0,0.0,0.0,high,N,scenario inactive,inactive scenario,-0.027735,,0.00114,stagflation_vulnerable,성장 부담이 있는데 유가·원자재·인플레이션 압력이 다시 커지는 장세입니다. 에너지/원자재 수혜와 장기채 부담을 함께 봅니다.
PSQ,PSQ,inverse_etf,korea_domestic_financial_stress,Korea Domestic Financial Stress,한국 내수 금융스트레스장,korea_market,-0.335768,0.00114,0.0,negative,0.335768,medium,84.809459,rolling_beta,v3,1,4292,4292,5,seed,pass,Y,,2026-06-04,0,0.0,0.0,medium,N,scenario inactive,inactive scenario,-0.297896,-0.275838,0.00114,korea_financial_stress_hedge,"가계부채, 부동산 PF, 비은행권, 금융주와 건설주 스트레스가 한국 자산 전반으로 번지는 장세입니다. 금융/건설 basket, 신용 spread, 단기자금 spread, 원화 약세를 함께 점검합니다."
PSQ,PSQ,inverse_etf,semiconductor_ai_cycle_shock,Semiconductor / AI Cycle Shock,AI·반도체 사이클 충격장,korea_semiconductor,-0.011399,0.00114,0.0,neutral,0.011399,low,77.298138,rolling_beta,v3,1,1260,1260,6,market,pass,N,,2026-06-04,0,0.0,0.0,high,N,scenario inactive,inactive scenario,-0.479964,-0.550182,0.00114,semiconductor_ai_shock_hedge,"AI capex 기대와 반도체 모멘텀이 꺾이면서 미국 성장주와 한국 반도체 대형주가 동시에 압박받는 장세입니다. SOXX, AI leader basket, 한국 반도체 basket의 동반 약세와 원화 압력을 함께 봅니다."
PSQ,PSQ,inverse_etf,slowdown_recession_deflation_risk,Slowdown / Recession / Deflation Risk,경기둔화/침체 우려장,us_global,-0.74494,0.00114,0.0,negative,0.74494,medium,60.696943,rolling_beta,v3,1,4873,4873,3,market,pass,N,,2026-06-04,0,0.0,0.0,high,N,scenario inactive,inactive scenario,-0.546222,-0.586469,0.00114,slowdown_defense,수요 둔화와 침체/디플레이션 압력이 커지는 방어적 장세입니다. 주식 beta와 신용위험을 보수적으로 봅니다.
QCOM,QCOM,us_stock,usd_strength_krw_weakness,USD Strength / KRW Weakness,달러강세/원화약세장,fx_krw,-0.074009,-0.001203,0.0,negative,0.074009,low,78.591896,rolling_beta,v3,1,4292,4292,4,market,pass,N,,2026-06-04,1,0.958519,0.958519,high,Y,trade-gated adverse scenario with medium/high evidence,active market context,0.524867,-0.028974,-0.001203,krw_weakness_hedge,달러가 강하고 원화가 약해져 KRW 기준 투자자의 환율 리스크가 커지는 장세입니다. 한국 자산과 USD 노출의 역할을 분리해 봅니다.
QCOM,QCOM,us_stock,china_trade_fragmentation_shock,China / Trade Fragmentation Shock,중국·무역분절 충격장,china_asia,0.500866,-0.001203,0.0,positive,0.500866,medium,67.121129,rolling_beta,v3,1,1260,1260,5,market,pass,N,,2026-06-04,1,0.743352,0.743352,high,Y,trade-gated adverse scenario with medium/high evidence,active market context,0.050992,-0.028974,-0.001203,china_asia_shock_vulnerable,중국 경기·무역갈등·공급망 충격이 한국/아시아와 반도체 자산에 번지는 장세입니다. 한국 반도체 factor와 원화 약세를 함께 확인합니다.
QCOM,QCOM,us_stock,higher_for_longer_long_rate_shock,Higher-for-Longer / Long-Rate Shock,장기금리 부담장,us_global,0.75718,-0.001203,1.042543,positive,0.75718,high,60.332483,rolling_beta,v3,1,4873,4873,3,market,pass,N,,2026-06-04,1,0.710094,0.0,high,N,below ACTIVE confidence/coverage trade-gate threshold,active market context,1.103963,1.042543,-0.001203,rate_sensitive,장기금리와 달러 강세 부담이 채권·성장주·신용자산을 압박하는 장세입니다. 고밸류 성장주와 반도체 factor 민감도를 점검합니다.
QCOM,QCOM,us_stock,geopolitical_escalation_supply_shock,Geopolitical Escalation / Supply Shock,지정학 확전·공급충격장,geopolitical,-0.000295,-0.001203,1.103963,neutral,0.000295,low,52.44319,rolling_beta,v3,1,4292,4292,3,manual,pass,Y,,2026-06-04,1,0.382179,0.0,medium,N,context only: source_quality=manual,context only: source_quality=manual,0.216456,,-0.001203,geopolitical_supply_shock_hedge,"전쟁, 제재, 해상로 차질, 대만·중동·한반도 긴장처럼 유가·금·방산·변동성이 동시에 움직이는 이벤트성 충격 장세입니다. 뉴스 overlay는 가격 신호를 보강하는 용도로만 해석합니다."
QCOM,QCOM,us_stock,acute_global_stress_liquidity_crunch,Acute Global Stress / Liquidity Crunch,급성 리스크오프/유동성 경색장,us_global,0.661312,-0.001203,1.042543,positive,0.661312,medium,41.987513,rolling_beta,v3,1,4873,4873,3,market,pass,N,,2026-06-04,1,0.362342,0.0,medium,N,context only: WATCH state,context only: WATCH state,1.103963,1.042543,-0.001203,liquidity_stress_vulnerable,변동성이 튀고 위험자산이 동반 약세를 보이는 단기 스트레스 장세입니다. 상관관계 상승과 유동성 악화를 우선 점검합니다.
QCOM,QCOM,us_stock,soft_landing_goldilocks,Soft Landing / Goldilocks,우호적 위험선호장,us_global,1.103963,-0.001203,1.042543,positive,1.103963,high,48.066958,rolling_beta,v3,1,4873,4873,3,market,pass,N,,2026-06-04,0,0.0,0.0,medium,N,non-adverse scenario,inactive scenario,1.103963,1.042543,-0.001203,risk_on_participation,우호적 위험선호장 참여 민감도
QCOM,QCOM,us_stock,stagflation_reinflation_energy_shock,Stagflation / Reinflation / Energy Shock,물가·에너지 재상승장,us_global,-0.033539,-0.001203,1.103963,neutral,0.033539,low,53.197858,rolling_beta,v3,1,4873,4873,2,market,pass,N,,2026-06-04,0,0.0,0.0,high,N,scenario inactive,inactive scenario,0.216456,,-0.001203,inflation_hedge,성장 부담이 있는데 유가·원자재·인플레이션 압력이 다시 커지는 장세입니다. 에너지/원자재 수혜와 장기채 부담을 함께 봅니다.
QCOM,QCOM,us_stock,korea_domestic_financial_stress,Korea Domestic Financial Stress,한국 내수 금융스트레스장,korea_market,-0.073349,-0.001203,0.0,negative,0.073349,low,84.809459,rolling_beta,v3,1,4292,4292,5,seed,pass,Y,,2026-06-04,0,0.0,0.0,medium,N,scenario inactive,inactive scenario,0.050992,-0.028974,-0.001203,korea_financial_stress_hedge,"가계부채, 부동산 PF, 비은행권, 금융주와 건설주 스트레스가 한국 자산 전반으로 번지는 장세입니다. 금융/건설 basket, 신용 spread, 단기자금 spread, 원화 약세를 함께 점검합니다."
QCOM,QCOM,us_stock,semiconductor_ai_cycle_shock,Semiconductor / AI Cycle Shock,AI·반도체 사이클 충격장,korea_semiconductor,1.132505,-0.001203,0.840914,positive,1.132505,high,77.298138,rolling_beta,v3,1,1260,1260,6,market,pass,N,,2026-06-04,0,0.0,0.0,high,N,scenario inactive,inactive scenario,0.855504,0.840914,-0.001203,semiconductor_ai_shock_vulnerable,"AI capex 기대와 반도체 모멘텀이 꺾이면서 미국 성장주와 한국 반도체 대형주가 동시에 압박받는 장세입니다. SOXX, AI leader basket, 한국 반도체 basket의 동반 약세와 원화 압력을 함께 봅니다."
QCOM,QCOM,us_stock,slowdown_recession_deflation_risk,Slowdown / Recession / Deflation Risk,경기둔화/침체 우려장,us_global,0.759679,-0.001203,1.042543,positive,0.759679,high,60.696943,rolling_beta,v3,1,4873,4873,3,market,pass,N,,2026-06-04,0,0.0,0.0,high,N,scenario inactive,inactive scenario,1.103963,1.042543,-0.001203,slowdown_vulnerable,수요 둔화와 침체/디플레이션 압력이 커지는 방어적 장세입니다. 주식 beta와 신용위험을 보수적으로 봅니다.
QQQ,QQQ,equity_etf,usd_strength_krw_weakness,USD Strength / KRW Weakness,달러강세/원화약세장,fx_krw,-0.090256,-0.001386,0.007783,negative,0.090256,low,78.591896,rolling_beta,v3,1,4292,4292,4,market,pass,N,,2026-06-04,1,0.958519,0.958519,high,Y,trade-gated adverse scenario with medium/high evidence,active market context,0.59433,0.007783,-0.001386,krw_weakness_hedge,달러가 강하고 원화가 약해져 KRW 기준 투자자의 환율 리스크가 커지는 장세입니다. 한국 자산과 USD 노출의 역할을 분리해 봅니다.
QQQ,QQQ,equity_etf,china_trade_fragmentation_shock,China / Trade Fragmentation Shock,중국·무역분절 충격장,china_asia,0.492447,-0.001386,0.007783,positive,0.492447,medium,67.121129,rolling_beta,v3,1,1260,1260,5,market,pass,N,,2026-06-04,1,0.743352,0.743352,high,Y,trade-gated adverse scenario with medium/high evidence,active market context,0.051374,0.007783,-0.001386,china_asia_shock_vulnerable,중국 경기·무역갈등·공급망 충격이 한국/아시아와 반도체 자산에 번지는 장세입니다. 한국 반도체 factor와 원화 약세를 함께 확인합니다.
QQQ,QQQ,equity_etf,higher_for_longer_long_rate_shock,Higher-for-Longer / Long-Rate Shock,장기금리 부담장,us_global,1.171438,-0.001386,0.999801,positive,1.171438,high,60.332483,rolling_beta,v3,1,4873,4873,3,market,pass,N,,2026-06-04,1,0.710094,0.0,high,N,below ACTIVE confidence/coverage trade-gate threshold,active market context,1.038977,0.999801,-0.001386,rate_sensitive,장기금리와 달러 강세 부담이 채권·성장주·신용자산을 압박하는 장세입니다. 고밸류 성장주와 반도체 factor 민감도를 점검합니다.
QQQ,QQQ,equity_etf,geopolitical_escalation_supply_shock,Geopolitical Escalation / Supply Shock,지정학 확전·공급충격장,geopolitical,0.094401,-0.001386,1.038977,positive,0.094401,low,52.44319,rolling_beta,v3,1,4292,4292,3,manual,pass,Y,,2026-06-04,1,0.382179,0.0,medium,N,context only: source_quality=manual,context only: source_quality=manual,0.191502,,-0.001386,geopolitical_supply_shock_vulnerable,"전쟁, 제재, 해상로 차질, 대만·중동·한반도 긴장처럼 유가·금·방산·변동성이 동시에 움직이는 이벤트성 충격 장세입니다. 뉴스 overlay는 가격 신호를 보강하는 용도로만 해석합니다."
QQQ,QQQ,equity_etf,acute_global_stress_liquidity_crunch,Acute Global Stress / Liquidity Crunch,급성 리스크오프/유동성 경색장,us_global,0.63381,-0.001386,0.999801,positive,0.63381,medium,41.987513,rolling_beta,v3,1,4873,4873,3,market,pass,N,,2026-06-04,1,0.362342,0.0,medium,N,context only: WATCH state,context only: WATCH state,1.038977,0.999801,-0.001386,liquidity_stress_vulnerable,변동성이 튀고 위험자산이 동반 약세를 보이는 단기 스트레스 장세입니다. 상관관계 상승과 유동성 악화를 우선 점검합니다.
QQQ,QQQ,equity_etf,soft_landing_goldilocks,Soft Landing / Goldilocks,우호적 위험선호장,us_global,1.038977,-0.001386,0.999801,positive,1.038977,high,48.066958,rolling_beta,v3,1,4873,4873,3,market,pass,N,,2026-06-04,0,0.0,0.0,medium,N,non-adverse scenario,inactive scenario,1.038977,0.999801,-0.001386,risk_on_participation,우호적 위험선호장 참여 민감도
QQQ,QQQ,equity_etf,stagflation_reinflation_energy_shock,Stagflation / Reinflation / Energy Shock,물가·에너지 재상승장,us_global,0.598293,-0.001386,1.038977,positive,0.598293,medium,53.197858,rolling_beta,v3,1,4873,4873,2,market,pass,N,,2026-06-04,0,0.0,0.0,high,N,scenario inactive,inactive scenario,0.191502,,-0.001386,stagflation_vulnerable,성장 부담이 있는데 유가·원자재·인플레이션 압력이 다시 커지는 장세입니다. 에너지/원자재 수혜와 장기채 부담을 함께 봅니다.
QQQ,QQQ,equity_etf,korea_domestic_financial_stress,Korea Domestic Financial Stress,한국 내수 금융스트레스장,korea_market,-0.358219,-0.001386,0.007783,negative,0.358219,medium,84.809459,rolling_beta,v3,1,4292,4292,5,seed,pass,Y,,2026-06-04,0,0.0,0.0,medium,N,scenario inactive,inactive scenario,0.051374,0.007783,-0.001386,korea_financial_stress_hedge,"가계부채, 부동산 PF, 비은행권, 금융주와 건설주 스트레스가 한국 자산 전반으로 번지는 장세입니다. 금융/건설 basket, 신용 spread, 단기자금 spread, 원화 약세를 함께 점검합니다."
QQQ,QQQ,equity_etf,semiconductor_ai_cycle_shock,Semiconductor / AI Cycle Shock,AI·반도체 사이클 충격장,korea_semiconductor,0.694951,-0.001386,0.591628,positive,0.694951,medium,77.298138,rolling_beta,v3,1,1260,1260,6,market,pass,N,,2026-06-04,0,0.0,0.0,high,N,scenario inactive,inactive scenario,0.553949,0.591628,-0.001386,semiconductor_ai_shock_vulnerable,"AI capex 기대와 반도체 모멘텀이 꺾이면서 미국 성장주와 한국 반도체 대형주가 동시에 압박받는 장세입니다. SOXX, AI leader basket, 한국 반도체 basket의 동반 약세와 원화 압력을 함께 봅니다."
QQQ,QQQ,equity_etf,slowdown_recession_deflation_risk,Slowdown / Recession / Deflation Risk,경기둔화/침체 우려장,us_global,0.373847,-0.001386,0.999801,positive,0.373847,medium,60.696943,rolling_beta,v3,1,4873,4873,3,market,pass,N,,2026-06-04,0,0.0,0.0,high,N,scenario inactive,inactive scenario,1.038977,0.999801,-0.001386,slowdown_vulnerable,수요 둔화와 침체/디플레이션 압력이 커지는 방어적 장세입니다. 주식 beta와 신용위험을 보수적으로 봅니다.
QUAL,QUAL,equity_etf,usd_strength_krw_weakness,USD Strength / KRW Weakness,달러강세/원화약세장,fx_krw,-0.101664,-0.001361,0.075289,negative,0.101664,low,78.591896,rolling_beta,v3,1,2858,2858,4,market,pass,N,,2026-06-04,1,0.958519,0.958519,high,Y,trade-gated adverse scenario with medium/high evidence,active market context,0.671844,0.075289,-0.001361,krw_weakness_hedge,달러가 강하고 원화가 약해져 KRW 기준 투자자의 환율 리스크가 커지는 장세입니다. 한국 자산과 USD 노출의 역할을 분리해 봅니다.
QUAL,QUAL,equity_etf,china_trade_fragmentation_shock,China / Trade Fragmentation Shock,중국·무역분절 충격장,china_asia,0.132692,-0.001361,0.075289,positive,0.132692,low,67.121129,rolling_beta,v3,1,1260,1260,5,market,pass,N,,2026-06-04,1,0.743352,0.743352,high,Y,trade-gated adverse scenario with medium/high evidence,active market context,0.050121,0.075289,-0.001361,china_asia_shock_vulnerable,중국 경기·무역갈등·공급망 충격이 한국/아시아와 반도체 자산에 번지는 장세입니다. 한국 반도체 factor와 원화 약세를 함께 확인합니다.
QUAL,QUAL,equity_etf,higher_for_longer_long_rate_shock,Higher-for-Longer / Long-Rate Shock,장기금리 부담장,us_global,0.896338,-0.001361,0.975391,positive,0.896338,high,60.332483,rolling_beta,v3,1,3239,3239,3,market,pass,N,,2026-06-04,1,0.710094,0.0,high,N,below ACTIVE confidence/coverage trade-gate threshold,active market context,0.993343,0.975391,-0.001361,rate_sensitive,장기금리와 달러 강세 부담이 채권·성장주·신용자산을 압박하는 장세입니다. 고밸류 성장주와 반도체 factor 민감도를 점검합니다.
QUAL,QUAL,equity_etf,geopolitical_escalation_supply_shock,Geopolitical Escalation / Supply Shock,지정학 확전·공급충격장,geopolitical,0.100608,-0.001361,0.993343,positive,0.100608,low,52.44319,rolling_beta,v3,1,2858,2858,3,manual,pass,Y,,2026-06-04,1,0.382179,0.0,medium,N,context only: source_quality=manual,context only: source_quality=manual,0.138397,,-0.001361,geopolitical_supply_shock_vulnerable,"전쟁, 제재, 해상로 차질, 대만·중동·한반도 긴장처럼 유가·금·방산·변동성이 동시에 움직이는 이벤트성 충격 장세입니다. 뉴스 overlay는 가격 신호를 보강하는 용도로만 해석합니다."
QUAL,QUAL,equity_etf,acute_global_stress_liquidity_crunch,Acute Global Stress / Liquidity Crunch,급성 리스크오프/유동성 경색장,us_global,0.307581,-0.001361,0.975391,positive,0.307581,medium,41.987513,rolling_beta,v3,1,3239,3239,3,market,pass,N,,2026-06-04,1,0.362342,0.0,medium,N,context only: WATCH state,context only: WATCH state,0.993343,0.975391,-0.001361,liquidity_stress_vulnerable,변동성이 튀고 위험자산이 동반 약세를 보이는 단기 스트레스 장세입니다. 상관관계 상승과 유동성 악화를 우선 점검합니다.
QUAL,QUAL,equity_etf,soft_landing_goldilocks,Soft Landing / Goldilocks,우호적 위험선호장,us_global,0.993343,-0.001361,0.975391,positive,0.993343,high,48.066958,rolling_beta,v3,1,3239,3239,3,market,pass,N,,2026-06-04,0,0.0,0.0,medium,N,non-adverse scenario,inactive scenario,0.993343,0.975391,-0.001361,risk_on_participation,우호적 위험선호장 참여 민감도
QUAL,QUAL,equity_etf,stagflation_reinflation_energy_shock,Stagflation / Reinflation / Energy Shock,물가·에너지 재상승장,us_global,0.581694,-0.001361,0.993343,positive,0.581694,medium,53.197858,rolling_beta,v3,1,3239,3239,2,market,pass,N,,2026-06-04,0,0.0,0.0,high,N,scenario inactive,inactive scenario,0.138397,,-0.001361,stagflation_vulnerable,성장 부담이 있는데 유가·원자재·인플레이션 압력이 다시 커지는 장세입니다. 에너지/원자재 수혜와 장기채 부담을 함께 봅니다.
QUAL,QUAL,equity_etf,korea_domestic_financial_stress,Korea Domestic Financial Stress,한국 내수 금융스트레스장,korea_market,-0.347657,-0.001361,0.075289,negative,0.347657,medium,84.809459,rolling_beta,v3,1,2858,2858,5,seed,pass,Y,,2026-06-04,0,0.0,0.0,medium,N,scenario inactive,inactive scenario,0.050121,0.075289,-0.001361,korea_financial_stress_hedge,"가계부채, 부동산 PF, 비은행권, 금융주와 건설주 스트레스가 한국 자산 전반으로 번지는 장세입니다. 금융/건설 basket, 신용 spread, 단기자금 spread, 원화 약세를 함께 점검합니다."
QUAL,QUAL,equity_etf,semiconductor_ai_cycle_shock,Semiconductor / AI Cycle Shock,AI·반도체 사이클 충격장,korea_semiconductor,0.086994,-0.001361,0.414757,positive,0.086994,low,77.298138,rolling_beta,v3,1,1260,1260,6,market,pass,N,,2026-06-04,0,0.0,0.0,high,N,scenario inactive,inactive scenario,0.407106,0.414757,-0.001361,semiconductor_ai_shock_vulnerable,"AI capex 기대와 반도체 모멘텀이 꺾이면서 미국 성장주와 한국 반도체 대형주가 동시에 압박받는 장세입니다. SOXX, AI leader basket, 한국 반도체 basket의 동반 약세와 원화 압력을 함께 봅니다."
QUAL,QUAL,equity_etf,slowdown_recession_deflation_risk,Slowdown / Recession / Deflation Risk,경기둔화/침체 우려장,us_global,0.343306,-0.001361,0.975391,positive,0.343306,medium,60.696943,rolling_beta,v3,1,3239,3239,3,market,pass,N,,2026-06-04,0,0.0,0.0,high,N,scenario inactive,inactive scenario,0.993343,0.975391,-0.001361,slowdown_vulnerable,수요 둔화와 침체/디플레이션 압력이 커지는 방어적 장세입니다. 주식 beta와 신용위험을 보수적으로 봅니다.
RSP,RSP,equity_etf,usd_strength_krw_weakness,USD Strength / KRW Weakness,달러강세/원화약세장,fx_krw,-0.096842,-0.001726,0.051399,negative,0.096842,low,78.591896,rolling_beta,v3,1,4292,4292,4,market,pass,N,,2026-06-04,1,0.958519,0.958519,high,Y,trade-gated adverse scenario with medium/high evidence,active market context,0.578658,0.051399,-0.001726,krw_weakness_hedge,달러가 강하고 원화가 약해져 KRW 기준 투자자의 환율 리스크가 커지는 장세입니다. 한국 자산과 USD 노출의 역할을 분리해 봅니다.
RSP,RSP,equity_etf,china_trade_fragmentation_shock,China / Trade Fragmentation Shock,중국·무역분절 충격장,china_asia,0.145683,-0.001726,0.051399,positive,0.145683,low,67.121129,rolling_beta,v3,1,1260,1260,5,market,pass,N,,2026-06-04,1,0.743352,0.743352,high,Y,trade-gated adverse scenario with medium/high evidence,active market context,0.068111,0.051399,-0.001726,china_asia_shock_vulnerable,중국 경기·무역갈등·공급망 충격이 한국/아시아와 반도체 자산에 번지는 장세입니다. 한국 반도체 factor와 원화 약세를 함께 확인합니다.
RSP,RSP,equity_etf,higher_for_longer_long_rate_shock,Higher-for-Longer / Long-Rate Shock,장기금리 부담장,us_global,0.906948,-0.001726,1.021959,positive,0.906948,high,60.332483,rolling_beta,v3,1,4873,4873,3,market,pass,N,,2026-06-04,1,0.710094,0.0,high,N,below ACTIVE confidence/coverage trade-gate threshold,active market context,1.012633,1.021959,-0.001726,rate_sensitive,장기금리와 달러 강세 부담이 채권·성장주·신용자산을 압박하는 장세입니다. 고밸류 성장주와 반도체 factor 민감도를 점검합니다.
RSP,RSP,equity_etf,geopolitical_escalation_supply_shock,Geopolitical Escalation / Supply Shock,지정학 확전·공급충격장,geopolitical,0.087622,-0.001726,1.012633,positive,0.087622,low,52.44319,rolling_beta,v3,1,4292,4292,3,manual,pass,Y,,2026-06-04,1,0.382179,0.0,medium,N,context only: source_quality=manual,context only: source_quality=manual,0.230842,,-0.001726,geopolitical_supply_shock_vulnerable,"전쟁, 제재, 해상로 차질, 대만·중동·한반도 긴장처럼 유가·금·방산·변동성이 동시에 움직이는 이벤트성 충격 장세입니다. 뉴스 overlay는 가격 신호를 보강하는 용도로만 해석합니다."
RSP,RSP,equity_etf,acute_global_stress_liquidity_crunch,Acute Global Stress / Liquidity Crunch,급성 리스크오프/유동성 경색장,us_global,0.334629,-0.001726,1.021959,positive,0.334629,medium,41.987513,rolling_beta,v3,1,4873,4873,3,market,pass,N,,2026-06-04,1,0.362342,0.0,medium,N,context only: WATCH state,context only: WATCH state,1.012633,1.021959,-0.001726,liquidity_stress_vulnerable,변동성이 튀고 위험자산이 동반 약세를 보이는 단기 스트레스 장세입니다. 상관관계 상승과 유동성 악화를 우선 점검합니다.
RSP,RSP,equity_etf,soft_landing_goldilocks,Soft Landing / Goldilocks,우호적 위험선호장,us_global,1.012633,-0.001726,1.021959,positive,1.012633,high,48.066958,rolling_beta,v3,1,4873,4873,3,market,pass,N,,2026-06-04,0,0.0,0.0,medium,N,non-adverse scenario,inactive scenario,1.012633,1.021959,-0.001726,risk_on_participation,우호적 위험선호장 참여 민감도
RSP,RSP,equity_etf,stagflation_reinflation_energy_shock,Stagflation / Reinflation / Energy Shock,물가·에너지 재상승장,us_global,0.597578,-0.001726,1.012633,positive,0.597578,medium,53.197858,rolling_beta,v3,1,4873,4873,2,market,pass,N,,2026-06-04,0,0.0,0.0,high,N,scenario inactive,inactive scenario,0.230842,,-0.001726,stagflation_vulnerable,성장 부담이 있는데 유가·원자재·인플레이션 압력이 다시 커지는 장세입니다. 에너지/원자재 수혜와 장기채 부담을 함께 봅니다.
RSP,RSP,equity_etf,korea_domestic_financial_stress,Korea Domestic Financial Stress,한국 내수 금융스트레스장,korea_market,-0.342971,-0.001726,0.051399,negative,0.342971,medium,84.809459,rolling_beta,v3,1,4292,4292,5,seed,pass,Y,,2026-06-04,0,0.0,0.0,medium,N,scenario inactive,inactive scenario,0.068111,0.051399,-0.001726,korea_financial_stress_hedge,"가계부채, 부동산 PF, 비은행권, 금융주와 건설주 스트레스가 한국 자산 전반으로 번지는 장세입니다. 금융/건설 basket, 신용 spread, 단기자금 spread, 원화 약세를 함께 점검합니다."
RSP,RSP,equity_etf,semiconductor_ai_cycle_shock,Semiconductor / AI Cycle Shock,AI·반도체 사이클 충격장,korea_semiconductor,0.045024,-0.001726,0.334194,neutral,0.045024,low,77.298138,rolling_beta,v3,1,1260,1260,6,market,pass,N,,2026-06-04,0,0.0,0.0,high,N,scenario inactive,inactive scenario,0.331834,0.334194,-0.001726,semiconductor_ai_shock_vulnerable,"AI capex 기대와 반도체 모멘텀이 꺾이면서 미국 성장주와 한국 반도체 대형주가 동시에 압박받는 장세입니다. SOXX, AI leader basket, 한국 반도체 basket의 동반 약세와 원화 압력을 함께 봅니다."
RSP,RSP,equity_etf,slowdown_recession_deflation_risk,Slowdown / Recession / Deflation Risk,경기둔화/침체 우려장,us_global,0.36863,-0.001726,1.021959,positive,0.36863,medium,60.696943,rolling_beta,v3,1,4873,4873,3,market,pass,N,,2026-06-04,0,0.0,0.0,high,N,scenario inactive,inactive scenario,1.012633,1.021959,-0.001726,slowdown_vulnerable,수요 둔화와 침체/디플레이션 압력이 커지는 방어적 장세입니다. 주식 beta와 신용위험을 보수적으로 봅니다.
SCHD,SCHD,equity_etf,usd_strength_krw_weakness,USD Strength / KRW Weakness,달러강세/원화약세장,fx_krw,-0.133829,-0.001156,0.052611,negative,0.133829,low,78.591896,rolling_beta,v3,1,3246,3246,4,market,pass,N,,2026-06-04,1,0.958519,0.958519,high,Y,trade-gated adverse scenario with medium/high evidence,active market context,0.717139,0.052611,-0.001156,krw_weakness_hedge,달러가 강하고 원화가 약해져 KRW 기준 투자자의 환율 리스크가 커지는 장세입니다. 한국 자산과 USD 노출의 역할을 분리해 봅니다.
SCHD,SCHD,equity_etf,china_trade_fragmentation_shock,China / Trade Fragmentation Shock,중국·무역분절 충격장,china_asia,0.101838,-0.001156,0.052611,positive,0.101838,low,67.121129,rolling_beta,v3,1,1260,1260,5,market,pass,N,,2026-06-04,1,0.743352,0.743352,high,Y,trade-gated adverse scenario with medium/high evidence,active market context,0.018687,0.052611,-0.001156,china_asia_shock_vulnerable,중국 경기·무역갈등·공급망 충격이 한국/아시아와 반도체 자산에 번지는 장세입니다. 한국 반도체 factor와 원화 약세를 함께 확인합니다.
SCHD,SCHD,equity_etf,higher_for_longer_long_rate_shock,Higher-for-Longer / Long-Rate Shock,장기금리 부담장,us_global,0.825576,-0.001156,0.864187,positive,0.825576,high,60.332483,rolling_beta,v3,1,3675,3675,3,market,pass,N,,2026-06-04,1,0.710094,0.0,high,N,below ACTIVE confidence/coverage trade-gate threshold,active market context,0.864684,0.864187,-0.001156,rate_sensitive,장기금리와 달러 강세 부담이 채권·성장주·신용자산을 압박하는 장세입니다. 고밸류 성장주와 반도체 factor 민감도를 점검합니다.
SCHD,SCHD,equity_etf,geopolitical_escalation_supply_shock,Geopolitical Escalation / Supply Shock,지정학 확전·공급충격장,geopolitical,0.048909,-0.001156,0.864684,neutral,0.048909,low,52.44319,rolling_beta,v3,1,3246,3246,3,manual,pass,Y,,2026-06-04,1,0.382179,0.0,medium,N,context only: source_quality=manual,context only: source_quality=manual,0.171989,,-0.001156,geopolitical_supply_shock_vulnerable,"전쟁, 제재, 해상로 차질, 대만·중동·한반도 긴장처럼 유가·금·방산·변동성이 동시에 움직이는 이벤트성 충격 장세입니다. 뉴스 overlay는 가격 신호를 보강하는 용도로만 해석합니다."
SCHD,SCHD,equity_etf,acute_global_stress_liquidity_crunch,Acute Global Stress / Liquidity Crunch,급성 리스크오프/유동성 경색장,us_global,0.227598,-0.001156,0.864187,positive,0.227598,low,41.987513,rolling_beta,v3,1,3675,3675,3,market,pass,N,,2026-06-04,1,0.362342,0.0,medium,N,context only: WATCH state,context only: WATCH state,0.864684,0.864187,-0.001156,liquidity_stress_vulnerable,변동성이 튀고 위험자산이 동반 약세를 보이는 단기 스트레스 장세입니다. 상관관계 상승과 유동성 악화를 우선 점검합니다.
SCHD,SCHD,equity_etf,soft_landing_goldilocks,Soft Landing / Goldilocks,우호적 위험선호장,us_global,0.864684,-0.001156,0.864187,positive,0.864684,high,48.066958,rolling_beta,v3,1,3675,3675,3,market,pass,N,,2026-06-04,0,0.0,0.0,medium,N,non-adverse scenario,inactive scenario,0.864684,0.864187,-0.001156,risk_on_participation,우호적 위험선호장 참여 민감도
SCHD,SCHD,equity_etf,stagflation_reinflation_energy_shock,Stagflation / Reinflation / Energy Shock,물가·에너지 재상승장,us_global,0.53154,-0.001156,0.864684,positive,0.53154,medium,53.197858,rolling_beta,v3,1,3675,3675,2,market,pass,N,,2026-06-04,0,0.0,0.0,high,N,scenario inactive,inactive scenario,0.171989,,-0.001156,stagflation_vulnerable,성장 부담이 있는데 유가·원자재·인플레이션 압력이 다시 커지는 장세입니다. 에너지/원자재 수혜와 장기채 부담을 함께 봅니다.
SCHD,SCHD,equity_etf,korea_domestic_financial_stress,Korea Domestic Financial Stress,한국 내수 금융스트레스장,korea_market,-0.356988,-0.001156,0.052611,negative,0.356988,medium,84.809459,rolling_beta,v3,1,3246,3246,5,seed,pass,Y,,2026-06-04,0,0.0,0.0,medium,N,scenario inactive,inactive scenario,0.018687,0.052611,-0.001156,korea_financial_stress_hedge,"가계부채, 부동산 PF, 비은행권, 금융주와 건설주 스트레스가 한국 자산 전반으로 번지는 장세입니다. 금융/건설 basket, 신용 spread, 단기자금 spread, 원화 약세를 함께 점검합니다."
SCHD,SCHD,equity_etf,semiconductor_ai_cycle_shock,Semiconductor / AI Cycle Shock,AI·반도체 사이클 충격장,korea_semiconductor,-0.050179,-0.001156,0.212861,negative,0.050179,low,77.298138,rolling_beta,v3,1,1260,1260,6,market,pass,N,,2026-06-04,0,0.0,0.0,high,N,scenario inactive,inactive scenario,0.239435,0.212861,-0.001156,semiconductor_ai_shock_hedge,"AI capex 기대와 반도체 모멘텀이 꺾이면서 미국 성장주와 한국 반도체 대형주가 동시에 압박받는 장세입니다. SOXX, AI leader basket, 한국 반도체 basket의 동반 약세와 원화 압력을 함께 봅니다."
SCHD,SCHD,equity_etf,slowdown_recession_deflation_risk,Slowdown / Recession / Deflation Risk,경기둔화/침체 우려장,us_global,0.252506,-0.001156,0.864187,positive,0.252506,low,60.696943,rolling_beta,v3,1,3675,3675,3,market,pass,N,,2026-06-04,0,0.0,0.0,high,N,scenario inactive,inactive scenario,0.864684,0.864187,-0.001156,slowdown_vulnerable,수요 둔화와 침체/디플레이션 압력이 커지는 방어적 장세입니다. 주식 beta와 신용위험을 보수적으로 봅니다.
SGOV,SGOV,bond_etf,usd_strength_krw_weakness,USD Strength / KRW Weakness,달러강세/원화약세장,fx_krw,-0.302218,0.000444,0.0,negative,0.302218,medium,78.591896,rolling_beta,v3,1,1332,1332,4,market,pass,N,,2026-06-04,1,0.958519,0.958519,high,Y,trade-gated adverse scenario with medium/high evidence,active market context,1.002787,-0.112233,0.000444,krw_weakness_hedge,달러가 강하고 원화가 약해져 KRW 기준 투자자의 환율 리스크가 커지는 장세입니다. 한국 자산과 USD 노출의 역할을 분리해 봅니다.
SGOV,SGOV,bond_etf,china_trade_fragmentation_shock,China / Trade Fragmentation Shock,중국·무역분절 충격장,china_asia,-0.072875,0.000444,0.0,negative,0.072875,low,67.121129,rolling_beta,v3,1,1260,1260,5,market,pass,N,,2026-06-04,1,0.743352,0.743352,high,Y,trade-gated adverse scenario with medium/high evidence,active market context,-0.079956,-0.112233,0.000444,china_asia_shock_hedge,중국 경기·무역갈등·공급망 충격이 한국/아시아와 반도체 자산에 번지는 장세입니다. 한국 반도체 factor와 원화 약세를 함께 확인합니다.
SGOV,SGOV,bond_etf,higher_for_longer_long_rate_shock,Higher-for-Longer / Long-Rate Shock,장기금리 부담장,us_global,0.455121,0.000444,0.169954,positive,0.455121,medium,60.332483,rolling_beta,v3,1,1510,1510,3,market,pass,N,,2026-06-04,1,0.710094,0.0,high,N,below ACTIVE confidence/coverage trade-gate threshold,active market context,0.191129,0.169954,0.000444,rate_sensitive,장기금리와 달러 강세 부담이 채권·성장주·신용자산을 압박하는 장세입니다. 고밸류 성장주와 반도체 factor 민감도를 점검합니다.
SGOV,SGOV,bond_etf,geopolitical_escalation_supply_shock,Geopolitical Escalation / Supply Shock,지정학 확전·공급충격장,geopolitical,-0.168761,0.000444,0.191129,negative,0.168761,low,52.44319,rolling_beta,v3,1,1332,1332,3,manual,pass,Y,,2026-06-04,1,0.382179,0.0,medium,N,context only: source_quality=manual,context only: source_quality=manual,0.07206,,0.000444,geopolitical_supply_shock_hedge,"전쟁, 제재, 해상로 차질, 대만·중동·한반도 긴장처럼 유가·금·방산·변동성이 동시에 움직이는 이벤트성 충격 장세입니다. 뉴스 overlay는 가격 신호를 보강하는 용도로만 해석합니다."
SGOV,SGOV,bond_etf,acute_global_stress_liquidity_crunch,Acute Global Stress / Liquidity Crunch,급성 리스크오프/유동성 경색장,us_global,-0.21486,0.000444,0.169954,negative,0.21486,low,41.987513,rolling_beta,v3,1,1510,1510,3,market,pass,N,,2026-06-04,1,0.362342,0.0,medium,N,context only: WATCH state,context only: WATCH state,0.191129,0.169954,0.000444,liquidity_stress_defense,변동성이 튀고 위험자산이 동반 약세를 보이는 단기 스트레스 장세입니다. 상관관계 상승과 유동성 악화를 우선 점검합니다.
SGOV,SGOV,bond_etf,soft_landing_goldilocks,Soft Landing / Goldilocks,우호적 위험선호장,us_global,0.191129,0.000444,0.169954,positive,0.191129,low,48.066958,rolling_beta,v3,1,1510,1510,3,market,pass,N,,2026-06-04,0,0.0,0.0,medium,N,non-adverse scenario,inactive scenario,0.191129,0.169954,0.000444,neutral_or_defensive,우호적 위험선호장 참여 민감도
SGOV,SGOV,bond_etf,stagflation_reinflation_energy_shock,Stagflation / Reinflation / Energy Shock,물가·에너지 재상승장,us_global,0.255795,0.000444,0.191129,positive,0.255795,low,53.197858,rolling_beta,v3,1,1510,1510,2,market,pass,N,,2026-06-04,0,0.0,0.0,high,N,scenario inactive,inactive scenario,0.07206,,0.000444,stagflation_vulnerable,성장 부담이 있는데 유가·원자재·인플레이션 압력이 다시 커지는 장세입니다. 에너지/원자재 수혜와 장기채 부담을 함께 봅니다.
SGOV,SGOV,bond_etf,korea_domestic_financial_stress,Korea Domestic Financial Stress,한국 내수 금융스트레스장,korea_market,-0.360682,0.000444,0.0,negative,0.360682,medium,84.809459,rolling_beta,v3,1,1332,1332,5,seed,pass,Y,,2026-06-04,0,0.0,0.0,medium,N,scenario inactive,inactive scenario,-0.079956,-0.112233,0.000444,korea_financial_stress_hedge,"가계부채, 부동산 PF, 비은행권, 금융주와 건설주 스트레스가 한국 자산 전반으로 번지는 장세입니다. 금융/건설 basket, 신용 spread, 단기자금 spread, 원화 약세를 함께 점검합니다."
SGOV,SGOV,bond_etf,semiconductor_ai_cycle_shock,Semiconductor / AI Cycle Shock,AI·반도체 사이클 충격장,korea_semiconductor,-0.265564,0.000444,0.019309,negative,0.265564,low,77.298138,rolling_beta,v3,1,1260,1260,6,market,pass,N,,2026-06-04,0,0.0,0.0,high,N,scenario inactive,inactive scenario,0.037341,0.019309,0.000444,semiconductor_ai_shock_hedge,"AI capex 기대와 반도체 모멘텀이 꺾이면서 미국 성장주와 한국 반도체 대형주가 동시에 압박받는 장세입니다. SOXX, AI leader basket, 한국 반도체 basket의 동반 약세와 원화 압력을 함께 봅니다."
SGOV,SGOV,bond_etf,slowdown_recession_deflation_risk,Slowdown / Recession / Deflation Risk,경기둔화/침체 우려장,us_global,-0.241307,0.000444,0.169954,negative,0.241307,low,60.696943,rolling_beta,v3,1,1510,1510,3,market,pass,N,,2026-06-04,0,0.0,0.0,high,N,scenario inactive,inactive scenario,0.191129,0.169954,0.000444,slowdown_defense,수요 둔화와 침체/디플레이션 압력이 커지는 방어적 장세입니다. 주식 beta와 신용위험을 보수적으로 봅니다.
SH,SH,inverse_etf,usd_strength_krw_weakness,USD Strength / KRW Weakness,달러강세/원화약세장,fx_krw,-0.35,0.001278,0.0,negative,0.35,medium,78.591896,rolling_beta,v3,1,4292,4292,4,market,pass,N,,2026-06-04,1,0.958519,0.958519,high,Y,trade-gated adverse scenario with medium/high evidence,active market context,1.272148,-0.308434,0.001278,krw_weakness_hedge,달러가 강하고 원화가 약해져 KRW 기준 투자자의 환율 리스크가 커지는 장세입니다. 한국 자산과 USD 노출의 역할을 분리해 봅니다.
SH,SH,inverse_etf,china_trade_fragmentation_shock,China / Trade Fragmentation Shock,중국·무역분절 충격장,china_asia,0.218043,0.001278,0.0,positive,0.218043,low,67.121129,rolling_beta,v3,1,1260,1260,5,market,pass,N,,2026-06-04,1,0.743352,0.743352,high,Y,trade-gated adverse scenario with medium/high evidence,active market context,-0.30072,-0.308434,0.001278,china_asia_shock_vulnerable,중국 경기·무역갈등·공급망 충격이 한국/아시아와 반도체 자산에 번지는 장세입니다. 한국 반도체 factor와 원화 약세를 함께 확인합니다.
SH,SH,inverse_etf,higher_for_longer_long_rate_shock,Higher-for-Longer / Long-Rate Shock,장기금리 부담장,us_global,0.6,0.001278,0.0,positive,0.6,medium,60.332483,rolling_beta,v3,1,4873,4873,3,market,pass,N,,2026-06-04,1,0.710094,0.0,high,N,below ACTIVE confidence/coverage trade-gate threshold,active market context,-0.508382,-0.587169,0.001278,rate_sensitive,장기금리와 달러 강세 부담이 채권·성장주·신용자산을 압박하는 장세입니다. 고밸류 성장주와 반도체 factor 민감도를 점검합니다.
SH,SH,inverse_etf,geopolitical_escalation_supply_shock,Geopolitical Escalation / Supply Shock,지정학 확전·공급충격장,geopolitical,-0.232556,0.001278,0.0,negative,0.232556,low,52.44319,rolling_beta,v3,1,4292,4292,3,manual,pass,Y,,2026-06-04,1,0.382179,0.0,medium,N,context only: source_quality=manual,context only: source_quality=manual,-0.049337,,0.001278,geopolitical_supply_shock_hedge,"전쟁, 제재, 해상로 차질, 대만·중동·한반도 긴장처럼 유가·금·방산·변동성이 동시에 움직이는 이벤트성 충격 장세입니다. 뉴스 overlay는 가격 신호를 보강하는 용도로만 해석합니다."
SH,SH,inverse_etf,acute_global_stress_liquidity_crunch,Acute Global Stress / Liquidity Crunch,급성 리스크오프/유동성 경색장,us_global,-0.357523,0.001278,0.0,negative,0.357523,medium,41.987513,rolling_beta,v3,1,4873,4873,3,market,pass,N,,2026-06-04,1,0.362342,0.0,medium,N,context only: WATCH state,context only: WATCH state,-0.508382,-0.587169,0.001278,liquidity_stress_defense,변동성이 튀고 위험자산이 동반 약세를 보이는 단기 스트레스 장세입니다. 상관관계 상승과 유동성 악화를 우선 점검합니다.
SH,SH,inverse_etf,soft_landing_goldilocks,Soft Landing / Goldilocks,우호적 위험선호장,us_global,-0.508382,0.001278,0.0,negative,0.508382,medium,48.066958,rolling_beta,v3,1,4873,4873,3,market,pass,N,,2026-06-04,0,0.0,0.0,medium,N,non-adverse scenario,inactive scenario,-0.508382,-0.587169,0.001278,neutral_or_defensive,우호적 위험선호장 참여 민감도
SH,SH,inverse_etf,stagflation_reinflation_energy_shock,Stagflation / Reinflation / Energy Shock,물가·에너지 재상승장,us_global,0.168043,0.001278,0.0,positive,0.168043,low,53.197858,rolling_beta,v3,1,4873,4873,2,market,pass,N,,2026-06-04,0,0.0,0.0,high,N,scenario inactive,inactive scenario,-0.049337,,0.001278,stagflation_vulnerable,성장 부담이 있는데 유가·원자재·인플레이션 압력이 다시 커지는 장세입니다. 에너지/원자재 수혜와 장기채 부담을 함께 봅니다.
SH,SH,inverse_etf,korea_domestic_financial_stress,Korea Domestic Financial Stress,한국 내수 금융스트레스장,korea_market,-0.341135,0.001278,0.0,negative,0.341135,medium,84.809459,rolling_beta,v3,1,4292,4292,5,seed,pass,Y,,2026-06-04,0,0.0,0.0,medium,N,scenario inactive,inactive scenario,-0.30072,-0.308434,0.001278,korea_financial_stress_hedge,"가계부채, 부동산 PF, 비은행권, 금융주와 건설주 스트레스가 한국 자산 전반으로 번지는 장세입니다. 금융/건설 basket, 신용 spread, 단기자금 spread, 원화 약세를 함께 점검합니다."
SH,SH,inverse_etf,semiconductor_ai_cycle_shock,Semiconductor / AI Cycle Shock,AI·반도체 사이클 충격장,korea_semiconductor,-0.012783,0.001278,0.0,neutral,0.012783,low,77.298138,rolling_beta,v3,1,1260,1260,6,market,pass,N,,2026-06-04,0,0.0,0.0,high,N,scenario inactive,inactive scenario,-0.320758,-0.383499,0.001278,semiconductor_ai_shock_hedge,"AI capex 기대와 반도체 모멘텀이 꺾이면서 미국 성장주와 한국 반도체 대형주가 동시에 압박받는 장세입니다. SOXX, AI leader basket, 한국 반도체 basket의 동반 약세와 원화 압력을 함께 봅니다."
SH,SH,inverse_etf,slowdown_recession_deflation_risk,Slowdown / Recession / Deflation Risk,경기둔화/침체 우려장,us_global,-0.725189,0.001278,0.0,negative,0.725189,medium,60.696943,rolling_beta,v3,1,4873,4873,3,market,pass,N,,2026-06-04,0,0.0,0.0,high,N,scenario inactive,inactive scenario,-0.508382,-0.587169,0.001278,slowdown_defense,수요 둔화와 침체/디플레이션 압력이 커지는 방어적 장세입니다. 주식 beta와 신용위험을 보수적으로 봅니다.
SHV,SHV,bond_etf,usd_strength_krw_weakness,USD Strength / KRW Weakness,달러강세/원화약세장,fx_krw,-0.289205,-7.6e-05,0.0,negative,0.289205,low,78.591896,rolling_beta,v3,1,4286,4286,4,market,pass,N,,2026-06-04,1,0.958519,0.958519,high,Y,trade-gated adverse scenario with medium/high evidence,active market context,0.944177,-0.134452,-7.6e-05,krw_weakness_hedge,달러가 강하고 원화가 약해져 KRW 기준 투자자의 환율 리스크가 커지는 장세입니다. 한국 자산과 USD 노출의 역할을 분리해 봅니다.
SHV,SHV,bond_etf,china_trade_fragmentation_shock,China / Trade Fragmentation Shock,중국·무역분절 충격장,china_asia,-0.049473,-7.6e-05,0.0,neutral,0.049473,low,67.121129,rolling_beta,v3,1,1260,1260,5,market,pass,N,,2026-06-04,1,0.743352,0.743352,high,Y,trade-gated adverse scenario with medium/high evidence,active market context,-0.124697,-0.134452,-7.6e-05,china_asia_shock_hedge,중국 경기·무역갈등·공급망 충격이 한국/아시아와 반도체 자산에 번지는 장세입니다. 한국 반도체 factor와 원화 약세를 함께 확인합니다.
SHV,SHV,bond_etf,higher_for_longer_long_rate_shock,Higher-for-Longer / Long-Rate Shock,장기금리 부담장,us_global,0.48375,-7.6e-05,0.204882,positive,0.48375,medium,60.332483,rolling_beta,v3,1,4867,4867,3,market,pass,N,,2026-06-04,1,0.710094,0.0,high,N,below ACTIVE confidence/coverage trade-gate threshold,active market context,0.243182,0.204882,-7.6e-05,rate_sensitive,장기금리와 달러 강세 부담이 채권·성장주·신용자산을 압박하는 장세입니다. 고밸류 성장주와 반도체 factor 민감도를 점검합니다.
SHV,SHV,bond_etf,geopolitical_escalation_supply_shock,Geopolitical Escalation / Supply Shock,지정학 확전·공급충격장,geopolitical,-0.162759,-7.6e-05,0.243182,negative,0.162759,low,52.44319,rolling_beta,v3,1,4286,4286,3,manual,pass,Y,,2026-06-04,1,0.382179,0.0,medium,N,context only: source_quality=manual,context only: source_quality=manual,0.081989,,-7.6e-05,geopolitical_supply_shock_hedge,"전쟁, 제재, 해상로 차질, 대만·중동·한반도 긴장처럼 유가·금·방산·변동성이 동시에 움직이는 이벤트성 충격 장세입니다. 뉴스 overlay는 가격 신호를 보강하는 용도로만 해석합니다."
SHV,SHV,bond_etf,acute_global_stress_liquidity_crunch,Acute Global Stress / Liquidity Crunch,급성 리스크오프/유동성 경색장,us_global,-0.162847,-7.6e-05,0.204882,negative,0.162847,low,41.987513,rolling_beta,v3,1,4867,4867,3,market,pass,N,,2026-06-04,1,0.362342,0.0,medium,N,context only: WATCH state,context only: WATCH state,0.243182,0.204882,-7.6e-05,liquidity_stress_defense,변동성이 튀고 위험자산이 동반 약세를 보이는 단기 스트레스 장세입니다. 상관관계 상승과 유동성 악화를 우선 점검합니다.
SHV,SHV,bond_etf,soft_landing_goldilocks,Soft Landing / Goldilocks,우호적 위험선호장,us_global,0.243182,-7.6e-05,0.204882,positive,0.243182,low,48.066958,rolling_beta,v3,1,4867,4867,3,market,pass,N,,2026-06-04,0,0.0,0.0,medium,N,non-adverse scenario,inactive scenario,0.243182,0.204882,-7.6e-05,risk_on_participation,우호적 위험선호장 참여 민감도
SHV,SHV,bond_etf,stagflation_reinflation_energy_shock,Stagflation / Reinflation / Energy Shock,물가·에너지 재상승장,us_global,0.287004,-7.6e-05,0.243182,positive,0.287004,low,53.197858,rolling_beta,v3,1,4867,4867,2,market,pass,N,,2026-06-04,0,0.0,0.0,high,N,scenario inactive,inactive scenario,0.081989,,-7.6e-05,stagflation_vulnerable,성장 부담이 있는데 유가·원자재·인플레이션 압력이 다시 커지는 장세입니다. 에너지/원자재 수혜와 장기채 부담을 함께 봅니다.
SHV,SHV,bond_etf,korea_domestic_financial_stress,Korea Domestic Financial Stress,한국 내수 금융스트레스장,korea_market,-0.356483,-7.6e-05,0.0,negative,0.356483,medium,84.809459,rolling_beta,v3,1,4286,4286,5,seed,pass,Y,,2026-06-04,0,0.0,0.0,medium,N,scenario inactive,inactive scenario,-0.124697,-0.134452,-7.6e-05,korea_financial_stress_hedge,"가계부채, 부동산 PF, 비은행권, 금융주와 건설주 스트레스가 한국 자산 전반으로 번지는 장세입니다. 금융/건설 basket, 신용 spread, 단기자금 spread, 원화 약세를 함께 점검합니다."
SHV,SHV,bond_etf,semiconductor_ai_cycle_shock,Semiconductor / AI Cycle Shock,AI·반도체 사이클 충격장,korea_semiconductor,-0.254873,-7.6e-05,0.020008,negative,0.254873,low,77.298138,rolling_beta,v3,1,1260,1260,6,market,pass,N,,2026-06-04,0,0.0,0.0,high,N,scenario inactive,inactive scenario,0.037625,0.020008,-7.6e-05,semiconductor_ai_shock_hedge,"AI capex 기대와 반도체 모멘텀이 꺾이면서 미국 성장주와 한국 반도체 대형주가 동시에 압박받는 장세입니다. SOXX, AI leader basket, 한국 반도체 basket의 동반 약세와 원화 압력을 함께 봅니다."
SHV,SHV,bond_etf,slowdown_recession_deflation_risk,Slowdown / Recession / Deflation Risk,경기둔화/침체 우려장,us_global,-0.189285,-7.6e-05,0.204882,negative,0.189285,low,60.696943,rolling_beta,v3,1,4867,4867,3,market,pass,N,,2026-06-04,0,0.0,0.0,high,N,scenario inactive,inactive scenario,0.243182,0.204882,-7.6e-05,slowdown_defense,수요 둔화와 침체/디플레이션 압력이 커지는 방어적 장세입니다. 주식 beta와 신용위험을 보수적으로 봅니다.
SHY,SHY,bond_etf,usd_strength_krw_weakness,USD Strength / KRW Weakness,달러강세/원화약세장,fx_krw,-0.292358,-1.1e-05,0.0,negative,0.292358,low,78.591896,rolling_beta,v3,1,4292,4292,4,market,pass,N,,2026-06-04,1,0.958519,0.958519,high,Y,trade-gated adverse scenario with medium/high evidence,active market context,0.945718,-0.1389,-1.1e-05,krw_weakness_hedge,달러가 강하고 원화가 약해져 KRW 기준 투자자의 환율 리스크가 커지는 장세입니다. 한국 자산과 USD 노출의 역할을 분리해 봅니다.
SHY,SHY,bond_etf,china_trade_fragmentation_shock,China / Trade Fragmentation Shock,중국·무역분절 충격장,china_asia,-0.0536,-1.1e-05,0.0,negative,0.0536,low,67.121129,rolling_beta,v3,1,1260,1260,5,market,pass,N,,2026-06-04,1,0.743352,0.743352,high,Y,trade-gated adverse scenario with medium/high evidence,active market context,-0.13021,-0.1389,-1.1e-05,china_asia_shock_hedge,중국 경기·무역갈등·공급망 충격이 한국/아시아와 반도체 자산에 번지는 장세입니다. 한국 반도체 factor와 원화 약세를 함께 확인합니다.
SHY,SHY,bond_etf,higher_for_longer_long_rate_shock,Higher-for-Longer / Long-Rate Shock,장기금리 부담장,us_global,0.476813,-1.1e-05,0.188915,positive,0.476813,medium,60.332483,rolling_beta,v3,1,4873,4873,3,market,pass,N,,2026-06-04,1,0.710094,0.0,high,N,below ACTIVE confidence/coverage trade-gate threshold,active market context,0.230569,0.188915,-1.1e-05,rate_sensitive,장기금리와 달러 강세 부담이 채권·성장주·신용자산을 압박하는 장세입니다. 고밸류 성장주와 반도체 factor 민감도를 점검합니다.
SHY,SHY,bond_etf,geopolitical_escalation_supply_shock,Geopolitical Escalation / Supply Shock,지정학 확전·공급충격장,geopolitical,-0.169251,-1.1e-05,0.230569,negative,0.169251,low,52.44319,rolling_beta,v3,1,4292,4292,3,manual,pass,Y,,2026-06-04,1,0.382179,0.0,medium,N,context only: source_quality=manual,context only: source_quality=manual,0.076856,,-1.1e-05,geopolitical_supply_shock_hedge,"전쟁, 제재, 해상로 차질, 대만·중동·한반도 긴장처럼 유가·금·방산·변동성이 동시에 움직이는 이벤트성 충격 장세입니다. 뉴스 overlay는 가격 신호를 보강하는 용도로만 해석합니다."
SHY,SHY,bond_etf,acute_global_stress_liquidity_crunch,Acute Global Stress / Liquidity Crunch,급성 리스크오프/유동성 경색장,us_global,-0.172671,-1.1e-05,0.188915,negative,0.172671,low,41.987513,rolling_beta,v3,1,4873,4873,3,market,pass,N,,2026-06-04,1,0.362342,0.0,medium,N,context only: WATCH state,context only: WATCH state,0.230569,0.188915,-1.1e-05,liquidity_stress_defense,변동성이 튀고 위험자산이 동반 약세를 보이는 단기 스트레스 장세입니다. 상관관계 상승과 유동성 악화를 우선 점검합니다.
SHY,SHY,bond_etf,soft_landing_goldilocks,Soft Landing / Goldilocks,우호적 위험선호장,us_global,0.230569,-1.1e-05,0.188915,positive,0.230569,low,48.066958,rolling_beta,v3,1,4873,4873,3,market,pass,N,,2026-06-04,0,0.0,0.0,medium,N,non-adverse scenario,inactive scenario,0.230569,0.188915,-1.1e-05,risk_on_participation,우호적 위험선호장 참여 민감도
SHY,SHY,bond_etf,stagflation_reinflation_energy_shock,Stagflation / Reinflation / Energy Shock,물가·에너지 재상승장,us_global,0.280986,-1.1e-05,0.230569,positive,0.280986,low,53.197858,rolling_beta,v3,1,4873,4873,2,market,pass,N,,2026-06-04,0,0.0,0.0,high,N,scenario inactive,inactive scenario,0.076856,,-1.1e-05,stagflation_vulnerable,성장 부담이 있는데 유가·원자재·인플레이션 압력이 다시 커지는 장세입니다. 에너지/원자재 수혜와 장기채 부담을 함께 봅니다.
SHY,SHY,bond_etf,korea_domestic_financial_stress,Korea Domestic Financial Stress,한국 내수 금융스트레스장,korea_market,-0.357856,-1.1e-05,0.0,negative,0.357856,medium,84.809459,rolling_beta,v3,1,4292,4292,5,seed,pass,Y,,2026-06-04,0,0.0,0.0,medium,N,scenario inactive,inactive scenario,-0.13021,-0.1389,-1.1e-05,korea_financial_stress_hedge,"가계부채, 부동산 PF, 비은행권, 금융주와 건설주 스트레스가 한국 자산 전반으로 번지는 장세입니다. 금융/건설 basket, 신용 spread, 단기자금 spread, 원화 약세를 함께 점검합니다."
SHY,SHY,bond_etf,semiconductor_ai_cycle_shock,Semiconductor / AI Cycle Shock,AI·반도체 사이클 충격장,korea_semiconductor,-0.257982,-1.1e-05,0.015227,negative,0.257982,low,77.298138,rolling_beta,v3,1,1260,1260,6,market,pass,N,,2026-06-04,0,0.0,0.0,high,N,scenario inactive,inactive scenario,0.0376,0.015227,-1.1e-05,semiconductor_ai_shock_hedge,"AI capex 기대와 반도체 모멘텀이 꺾이면서 미국 성장주와 한국 반도체 대형주가 동시에 압박받는 장세입니다. SOXX, AI leader basket, 한국 반도체 basket의 동반 약세와 원화 압력을 함께 봅니다."
SHY,SHY,bond_etf,slowdown_recession_deflation_risk,Slowdown / Recession / Deflation Risk,경기둔화/침체 우려장,us_global,-0.199729,-1.1e-05,0.188915,negative,0.199729,low,60.696943,rolling_beta,v3,1,4873,4873,3,market,pass,N,,2026-06-04,0,0.0,0.0,high,N,scenario inactive,inactive scenario,0.230569,0.188915,-1.1e-05,slowdown_defense,수요 둔화와 침체/디플레이션 압력이 커지는 방어적 장세입니다. 주식 beta와 신용위험을 보수적으로 봅니다.
SLV,SLV,commodity_etf,usd_strength_krw_weakness,USD Strength / KRW Weakness,달러강세/원화약세장,fx_krw,-0.229584,-0.002979,0.152556,negative,0.229584,low,78.591896,rolling_beta,v3,1,4292,4292,4,market,pass,N,,2026-06-04,1,0.958519,0.958519,high,Y,trade-gated adverse scenario with medium/high evidence,active market context,0.659637,0.152556,-0.002979,krw_weakness_hedge,달러가 강하고 원화가 약해져 KRW 기준 투자자의 환율 리스크가 커지는 장세입니다. 한국 자산과 USD 노출의 역할을 분리해 봅니다.
SLV,SLV,commodity_etf,china_trade_fragmentation_shock,China / Trade Fragmentation Shock,중국·무역분절 충격장,china_asia,0.070806,-0.002979,0.152556,positive,0.070806,low,67.121129,rolling_beta,v3,1,1260,1260,5,market,pass,N,,2026-06-04,1,0.743352,0.743352,high,Y,trade-gated adverse scenario with medium/high evidence,active market context,0.104608,0.152556,-0.002979,china_asia_shock_vulnerable,중국 경기·무역갈등·공급망 충격이 한국/아시아와 반도체 자산에 번지는 장세입니다. 한국 반도체 factor와 원화 약세를 함께 확인합니다.
SLV,SLV,commodity_etf,higher_for_longer_long_rate_shock,Higher-for-Longer / Long-Rate Shock,장기금리 부담장,us_global,0.164915,-0.002979,0.587307,positive,0.164915,low,60.332483,rolling_beta,v3,1,4873,4873,3,market,pass,N,,2026-06-04,1,0.710094,0.0,high,N,below ACTIVE confidence/coverage trade-gate threshold,active market context,0.481664,0.587307,-0.002979,rate_sensitive,장기금리와 달러 강세 부담이 채권·성장주·신용자산을 압박하는 장세입니다. 고밸류 성장주와 반도체 factor 민감도를 점검합니다.
SLV,SLV,commodity_etf,geopolitical_escalation_supply_shock,Geopolitical Escalation / Supply Shock,지정학 확전·공급충격장,geopolitical,-0.257068,-0.002979,0.481664,negative,0.257068,low,52.44319,rolling_beta,v3,1,4292,4292,3,manual,pass,Y,,2026-06-04,1,0.382179,0.0,medium,N,context only: source_quality=manual,context only: source_quality=manual,0.253691,,-0.002979,geopolitical_supply_shock_hedge,"전쟁, 제재, 해상로 차질, 대만·중동·한반도 긴장처럼 유가·금·방산·변동성이 동시에 움직이는 이벤트성 충격 장세입니다. 뉴스 overlay는 가격 신호를 보강하는 용도로만 해석합니다."
SLV,SLV,commodity_etf,acute_global_stress_liquidity_crunch,Acute Global Stress / Liquidity Crunch,급성 리스크오프/유동성 경색장,us_global,0.398967,-0.002979,0.587307,positive,0.398967,medium,41.987513,rolling_beta,v3,1,4873,4873,3,market,pass,N,,2026-06-04,1,0.362342,0.0,medium,N,context only: WATCH state,context only: WATCH state,0.481664,0.587307,-0.002979,liquidity_stress_vulnerable,변동성이 튀고 위험자산이 동반 약세를 보이는 단기 스트레스 장세입니다. 상관관계 상승과 유동성 악화를 우선 점검합니다.
SLV,SLV,commodity_etf,soft_landing_goldilocks,Soft Landing / Goldilocks,우호적 위험선호장,us_global,0.481664,-0.002979,0.587307,positive,0.481664,medium,48.066958,rolling_beta,v3,1,4873,4873,3,market,pass,N,,2026-06-04,0,0.0,0.0,medium,N,non-adverse scenario,inactive scenario,0.481664,0.587307,-0.002979,risk_on_participation,우호적 위험선호장 참여 민감도
SLV,SLV,commodity_etf,stagflation_reinflation_energy_shock,Stagflation / Reinflation / Energy Shock,물가·에너지 재상승장,us_global,-0.206944,-0.002979,0.481664,negative,0.206944,low,53.197858,rolling_beta,v3,1,4873,4873,2,market,pass,N,,2026-06-04,0,0.0,0.0,high,N,scenario inactive,inactive scenario,0.253691,,-0.002979,inflation_hedge,성장 부담이 있는데 유가·원자재·인플레이션 압력이 다시 커지는 장세입니다. 에너지/원자재 수혜와 장기채 부담을 함께 봅니다.
SLV,SLV,commodity_etf,korea_domestic_financial_stress,Korea Domestic Financial Stress,한국 내수 금융스트레스장,korea_market,0.015871,-0.002979,0.152556,neutral,0.015871,low,84.809459,rolling_beta,v3,1,4292,4292,5,seed,pass,Y,,2026-06-04,0,0.0,0.0,medium,N,scenario inactive,inactive scenario,0.104608,0.152556,-0.002979,korea_financial_stress_vulnerable,"가계부채, 부동산 PF, 비은행권, 금융주와 건설주 스트레스가 한국 자산 전반으로 번지는 장세입니다. 금융/건설 basket, 신용 spread, 단기자금 spread, 원화 약세를 함께 점검합니다."
SLV,SLV,commodity_etf,semiconductor_ai_cycle_shock,Semiconductor / AI Cycle Shock,AI·반도체 사이클 충격장,korea_semiconductor,0.233113,-0.002979,0.356149,positive,0.233113,low,77.298138,rolling_beta,v3,1,1260,1260,6,market,pass,N,,2026-06-04,0,0.0,0.0,high,N,scenario inactive,inactive scenario,0.251071,0.356149,-0.002979,semiconductor_ai_shock_vulnerable,"AI capex 기대와 반도체 모멘텀이 꺾이면서 미국 성장주와 한국 반도체 대형주가 동시에 압박받는 장세입니다. SOXX, AI leader basket, 한국 반도체 basket의 동반 약세와 원화 압력을 함께 봅니다."
SLV,SLV,commodity_etf,slowdown_recession_deflation_risk,Slowdown / Recession / Deflation Risk,경기둔화/침체 우려장,us_global,0.417344,-0.002979,0.587307,positive,0.417344,medium,60.696943,rolling_beta,v3,1,4873,4873,3,market,pass,N,,2026-06-04,0,0.0,0.0,high,N,scenario inactive,inactive scenario,0.481664,0.587307,-0.002979,slowdown_vulnerable,수요 둔화와 침체/디플레이션 압력이 커지는 방어적 장세입니다. 주식 beta와 신용위험을 보수적으로 봅니다.
SMH,SMH,equity_etf,usd_strength_krw_weakness,USD Strength / KRW Weakness,달러강세/원화약세장,fx_krw,-0.054598,-0.001074,0.039288,negative,0.054598,low,78.591896,rolling_beta,v3,1,4292,4292,4,market,pass,N,,2026-06-04,1,0.958519,0.958519,high,Y,trade-gated adverse scenario with medium/high evidence,active market context,0.535687,0.039288,-0.001074,krw_weakness_hedge,달러가 강하고 원화가 약해져 KRW 기준 투자자의 환율 리스크가 커지는 장세입니다. 한국 자산과 USD 노출의 역할을 분리해 봅니다.
SMH,SMH,equity_etf,china_trade_fragmentation_shock,China / Trade Fragmentation Shock,중국·무역분절 충격장,china_asia,0.513175,-0.001074,0.039288,positive,0.513175,medium,67.121129,rolling_beta,v3,1,1260,1260,5,market,pass,N,,2026-06-04,1,0.743352,0.743352,high,Y,trade-gated adverse scenario with medium/high evidence,active market context,0.117334,0.039288,-0.001074,china_asia_shock_vulnerable,중국 경기·무역갈등·공급망 충격이 한국/아시아와 반도체 자산에 번지는 장세입니다. 한국 반도체 factor와 원화 약세를 함께 확인합니다.
SMH,SMH,equity_etf,higher_for_longer_long_rate_shock,Higher-for-Longer / Long-Rate Shock,장기금리 부담장,us_global,0.799885,-0.001074,1.091191,positive,0.799885,high,60.332483,rolling_beta,v3,1,4873,4873,3,market,pass,N,,2026-06-04,1,0.710094,0.0,high,N,below ACTIVE confidence/coverage trade-gate threshold,active market context,1.181609,1.091191,-0.001074,rate_sensitive,장기금리와 달러 강세 부담이 채권·성장주·신용자산을 압박하는 장세입니다. 고밸류 성장주와 반도체 factor 민감도를 점검합니다.
SMH,SMH,equity_etf,geopolitical_escalation_supply_shock,Geopolitical Escalation / Supply Shock,지정학 확전·공급충격장,geopolitical,0.372584,-0.001074,1.181609,positive,0.372584,medium,52.44319,rolling_beta,v3,1,4292,4292,3,manual,pass,Y,,2026-06-04,1,0.382179,0.0,medium,N,context only: source_quality=manual,context only: source_quality=manual,0.220687,,-0.001074,geopolitical_supply_shock_vulnerable,"전쟁, 제재, 해상로 차질, 대만·중동·한반도 긴장처럼 유가·금·방산·변동성이 동시에 움직이는 이벤트성 충격 장세입니다. 뉴스 overlay는 가격 신호를 보강하는 용도로만 해석합니다."
SMH,SMH,equity_etf,acute_global_stress_liquidity_crunch,Acute Global Stress / Liquidity Crunch,급성 리스크오프/유동성 경색장,us_global,0.69822,-0.001074,1.091191,positive,0.69822,medium,41.987513,rolling_beta,v3,1,4873,4873,3,market,pass,N,,2026-06-04,1,0.362342,0.0,medium,N,context only: WATCH state,context only: WATCH state,1.181609,1.091191,-0.001074,liquidity_stress_vulnerable,변동성이 튀고 위험자산이 동반 약세를 보이는 단기 스트레스 장세입니다. 상관관계 상승과 유동성 악화를 우선 점검합니다.
SMH,SMH,equity_etf,soft_landing_goldilocks,Soft Landing / Goldilocks,우호적 위험선호장,us_global,1.181609,-0.001074,1.091191,positive,1.181609,high,48.066958,rolling_beta,v3,1,4873,4873,3,market,pass,N,,2026-06-04,0,0.0,0.0,medium,N,non-adverse scenario,inactive scenario,1.181609,1.091191,-0.001074,risk_on_participation,우호적 위험선호장 참여 민감도
SMH,SMH,equity_etf,stagflation_reinflation_energy_shock,Stagflation / Reinflation / Energy Shock,물가·에너지 재상승장,us_global,0.440416,-0.001074,1.181609,positive,0.440416,medium,53.197858,rolling_beta,v3,1,4873,4873,2,market,pass,N,,2026-06-04,0,0.0,0.0,high,N,scenario inactive,inactive scenario,0.220687,,-0.001074,stagflation_vulnerable,성장 부담이 있는데 유가·원자재·인플레이션 압력이 다시 커지는 장세입니다. 에너지/원자재 수혜와 장기채 부담을 함께 봅니다.
SMH,SMH,equity_etf,korea_domestic_financial_stress,Korea Domestic Financial Stress,한국 내수 금융스트레스장,korea_market,-0.050919,-0.001074,0.039288,negative,0.050919,low,84.809459,rolling_beta,v3,1,4292,4292,5,seed,pass,Y,,2026-06-04,0,0.0,0.0,medium,N,scenario inactive,inactive scenario,0.117334,0.039288,-0.001074,korea_financial_stress_hedge,"가계부채, 부동산 PF, 비은행권, 금융주와 건설주 스트레스가 한국 자산 전반으로 번지는 장세입니다. 금융/건설 basket, 신용 spread, 단기자금 spread, 원화 약세를 함께 점검합니다."
SMH,SMH,equity_etf,semiconductor_ai_cycle_shock,Semiconductor / AI Cycle Shock,AI·반도체 사이클 충격장,korea_semiconductor,1.222025,-0.001074,0.973713,positive,1.222025,high,77.298138,rolling_beta,v3,1,1260,1260,6,market,pass,N,,2026-06-04,0,0.0,0.0,high,N,scenario inactive,inactive scenario,0.955236,0.973713,-0.001074,semiconductor_ai_shock_vulnerable,"AI capex 기대와 반도체 모멘텀이 꺾이면서 미국 성장주와 한국 반도체 대형주가 동시에 압박받는 장세입니다. SOXX, AI leader basket, 한국 반도체 basket의 동반 약세와 원화 압력을 함께 봅니다."
SMH,SMH,equity_etf,slowdown_recession_deflation_risk,Slowdown / Recession / Deflation Risk,경기둔화/침체 우려장,us_global,0.80564,-0.001074,1.091191,positive,0.80564,high,60.696943,rolling_beta,v3,1,4873,4873,3,market,pass,N,,2026-06-04,0,0.0,0.0,high,N,scenario inactive,inactive scenario,1.181609,1.091191,-0.001074,slowdown_vulnerable,수요 둔화와 침체/디플레이션 압력이 커지는 방어적 장세입니다. 주식 beta와 신용위험을 보수적으로 봅니다.
SOL-USD,SOL-USD,crypto,usd_strength_krw_weakness,USD Strength / KRW Weakness,달러강세/원화약세장,fx_krw,0.0608,0.011753,0.0,positive,0.0608,low,78.591896,rolling_beta,v3,1,1502,1502,4,market,pass,N,,2026-06-04,1,0.958519,0.958519,high,Y,trade-gated adverse scenario with medium/high evidence,active market context,0.290914,-0.125687,0.011753,krw_weakness_vulnerable,달러가 강하고 원화가 약해져 KRW 기준 투자자의 환율 리스크가 커지는 장세입니다. 한국 자산과 USD 노출의 역할을 분리해 봅니다.
SOL-USD,SOL-USD,crypto,china_trade_fragmentation_shock,China / Trade Fragmentation Shock,중국·무역분절 충격장,china_asia,-0.065176,0.011753,0.0,negative,0.065176,low,67.121129,rolling_beta,v3,1,1259,1259,5,market,pass,N,,2026-06-04,1,0.743352,0.743352,high,Y,trade-gated adverse scenario with medium/high evidence,active market context,-0.078321,-0.125687,0.011753,china_asia_shock_hedge,중국 경기·무역갈등·공급망 충격이 한국/아시아와 반도체 자산에 번지는 장세입니다. 한국 반도체 factor와 원화 약세를 함께 확인합니다.
SOL-USD,SOL-USD,crypto,higher_for_longer_long_rate_shock,Higher-for-Longer / Long-Rate Shock,장기금리 부담장,us_global,1.25376,0.011753,1.573198,positive,1.25376,high,60.332483,rolling_beta,v3,1,1544,1544,3,market,pass,N,,2026-06-04,1,0.710094,0.0,high,N,below ACTIVE confidence/coverage trade-gate threshold,active market context,1.643201,1.573198,0.011753,rate_sensitive,장기금리와 달러 강세 부담이 채권·성장주·신용자산을 압박하는 장세입니다. 고밸류 성장주와 반도체 factor 민감도를 점검합니다.
SOL-USD,SOL-USD,crypto,geopolitical_escalation_supply_shock,Geopolitical Escalation / Supply Shock,지정학 확전·공급충격장,geopolitical,-0.070683,0.011753,1.643201,negative,0.070683,low,52.44319,rolling_beta,v3,1,1544,1544,3,manual,pass,Y,,2026-06-04,1,0.382179,0.0,medium,N,context only: source_quality=manual,context only: source_quality=manual,0.112522,,0.011753,geopolitical_supply_shock_hedge,"전쟁, 제재, 해상로 차질, 대만·중동·한반도 긴장처럼 유가·금·방산·변동성이 동시에 움직이는 이벤트성 충격 장세입니다. 뉴스 overlay는 가격 신호를 보강하는 용도로만 해석합니다."
SOL-USD,SOL-USD,crypto,acute_global_stress_liquidity_crunch,Acute Global Stress / Liquidity Crunch,급성 리스크오프/유동성 경색장,us_global,0.074891,0.011753,1.573198,positive,0.074891,low,41.987513,rolling_beta,v3,1,1544,1544,3,market,pass,N,,2026-06-04,1,0.362342,0.0,medium,N,context only: WATCH state,context only: WATCH state,1.643201,1.573198,0.011753,liquidity_stress_vulnerable,변동성이 튀고 위험자산이 동반 약세를 보이는 단기 스트레스 장세입니다. 상관관계 상승과 유동성 악화를 우선 점검합니다.
SOL-USD,SOL-USD,crypto,soft_landing_goldilocks,Soft Landing / Goldilocks,우호적 위험선호장,us_global,1.643201,0.011753,1.573198,positive,1.643201,high,48.066958,rolling_beta,v3,1,1544,1544,3,market,pass,N,,2026-06-04,0,0.0,0.0,medium,N,non-adverse scenario,inactive scenario,1.643201,1.573198,0.011753,risk_on_participation,우호적 위험선호장 참여 민감도
SOL-USD,SOL-USD,crypto,stagflation_reinflation_energy_shock,Stagflation / Reinflation / Energy Shock,물가·에너지 재상승장,us_global,0.481304,0.011753,1.643201,positive,0.481304,medium,53.197858,rolling_beta,v3,1,1544,1544,2,market,pass,N,,2026-06-04,0,0.0,0.0,high,N,scenario inactive,inactive scenario,0.112522,,0.011753,stagflation_vulnerable,성장 부담이 있는데 유가·원자재·인플레이션 압력이 다시 커지는 장세입니다. 에너지/원자재 수혜와 장기채 부담을 함께 봅니다.
SOL-USD,SOL-USD,crypto,korea_domestic_financial_stress,Korea Domestic Financial Stress,한국 내수 금융스트레스장,korea_market,-0.750179,0.011753,0.0,negative,0.750179,high,84.809459,rolling_beta,v3,1,1501,1501,5,seed,pass,Y,,2026-06-04,0,0.0,0.0,medium,N,scenario inactive,inactive scenario,-0.078321,-0.125687,0.011753,korea_financial_stress_hedge,"가계부채, 부동산 PF, 비은행권, 금융주와 건설주 스트레스가 한국 자산 전반으로 번지는 장세입니다. 금융/건설 basket, 신용 spread, 단기자금 spread, 원화 약세를 함께 점검합니다."
SOL-USD,SOL-USD,crypto,semiconductor_ai_cycle_shock,Semiconductor / AI Cycle Shock,AI·반도체 사이클 충격장,korea_semiconductor,0.271033,0.011753,0.898166,positive,0.271033,low,77.298138,rolling_beta,v3,1,1259,1259,6,market,pass,N,,2026-06-04,0,0.0,0.0,high,N,scenario inactive,inactive scenario,0.749246,0.898166,0.011753,semiconductor_ai_shock_vulnerable,"AI capex 기대와 반도체 모멘텀이 꺾이면서 미국 성장주와 한국 반도체 대형주가 동시에 압박받는 장세입니다. SOXX, AI leader basket, 한국 반도체 basket의 동반 약세와 원화 압력을 함께 봅니다."
SOL-USD,SOL-USD,crypto,slowdown_recession_deflation_risk,Slowdown / Recession / Deflation Risk,경기둔화/침체 우려장,us_global,0.306737,0.011753,1.573198,positive,0.306737,medium,60.696943,rolling_beta,v3,1,1544,1544,3,market,pass,N,,2026-06-04,0,0.0,0.0,high,N,scenario inactive,inactive scenario,1.643201,1.573198,0.011753,slowdown_vulnerable,수요 둔화와 침체/디플레이션 압력이 커지는 방어적 장세입니다. 주식 beta와 신용위험을 보수적으로 봅니다.
SPLV,SPLV,equity_etf,usd_strength_krw_weakness,USD Strength / KRW Weakness,달러강세/원화약세장,fx_krw,-0.159249,-0.001171,0.03964,negative,0.159249,low,78.591896,rolling_beta,v3,1,3339,3339,4,market,pass,N,,2026-06-04,1,0.958519,0.958519,high,Y,trade-gated adverse scenario with medium/high evidence,active market context,0.736799,0.03964,-0.001171,krw_weakness_hedge,달러가 강하고 원화가 약해져 KRW 기준 투자자의 환율 리스크가 커지는 장세입니다. 한국 자산과 USD 노출의 역할을 분리해 봅니다.
SPLV,SPLV,equity_etf,china_trade_fragmentation_shock,China / Trade Fragmentation Shock,중국·무역분절 충격장,china_asia,0.431867,-0.001171,0.03964,positive,0.431867,medium,67.121129,rolling_beta,v3,1,1260,1260,5,market,pass,N,,2026-06-04,1,0.743352,0.743352,high,Y,trade-gated adverse scenario with medium/high evidence,active market context,-0.010432,0.03964,-0.001171,china_asia_shock_vulnerable,중국 경기·무역갈등·공급망 충격이 한국/아시아와 반도체 자산에 번지는 장세입니다. 한국 반도체 factor와 원화 약세를 함께 확인합니다.
SPLV,SPLV,equity_etf,higher_for_longer_long_rate_shock,Higher-for-Longer / Long-Rate Shock,장기금리 부담장,us_global,1.019652,-0.001171,0.782069,positive,1.019652,high,60.332483,rolling_beta,v3,1,3792,3792,3,market,pass,N,,2026-06-04,1,0.710094,0.0,high,N,below ACTIVE confidence/coverage trade-gate threshold,active market context,0.763004,0.782069,-0.001171,rate_sensitive,장기금리와 달러 강세 부담이 채권·성장주·신용자산을 압박하는 장세입니다. 고밸류 성장주와 반도체 factor 민감도를 점검합니다.
SPLV,SPLV,equity_etf,geopolitical_escalation_supply_shock,Geopolitical Escalation / Supply Shock,지정학 확전·공급충격장,geopolitical,0.018482,-0.001171,0.763004,neutral,0.018482,low,52.44319,rolling_beta,v3,1,3339,3339,3,manual,pass,Y,,2026-06-04,1,0.382179,0.0,medium,N,context only: source_quality=manual,context only: source_quality=manual,0.130033,,-0.001171,geopolitical_supply_shock_vulnerable,"전쟁, 제재, 해상로 차질, 대만·중동·한반도 긴장처럼 유가·금·방산·변동성이 동시에 움직이는 이벤트성 충격 장세입니다. 뉴스 overlay는 가격 신호를 보강하는 용도로만 해석합니다."
SPLV,SPLV,equity_etf,acute_global_stress_liquidity_crunch,Acute Global Stress / Liquidity Crunch,급성 리스크오프/유동성 경색장,us_global,0.172331,-0.001171,0.782069,positive,0.172331,low,41.987513,rolling_beta,v3,1,3792,3792,3,market,pass,N,,2026-06-04,1,0.362342,0.0,medium,N,context only: WATCH state,context only: WATCH state,0.763004,0.782069,-0.001171,liquidity_stress_vulnerable,변동성이 튀고 위험자산이 동반 약세를 보이는 단기 스트레스 장세입니다. 상관관계 상승과 유동성 악화를 우선 점검합니다.
SPLV,SPLV,equity_etf,soft_landing_goldilocks,Soft Landing / Goldilocks,우호적 위험선호장,us_global,0.763004,-0.001171,0.782069,positive,0.763004,high,48.066958,rolling_beta,v3,1,3792,3792,3,market,pass,N,,2026-06-04,0,0.0,0.0,medium,N,non-adverse scenario,inactive scenario,0.763004,0.782069,-0.001171,risk_on_participation,우호적 위험선호장 참여 민감도
SPLV,SPLV,equity_etf,stagflation_reinflation_energy_shock,Stagflation / Reinflation / Energy Shock,물가·에너지 재상승장,us_global,0.496317,-0.001171,0.763004,positive,0.496317,medium,53.197858,rolling_beta,v3,1,3792,3792,2,market,pass,N,,2026-06-04,0,0.0,0.0,high,N,scenario inactive,inactive scenario,0.130033,,-0.001171,stagflation_vulnerable,성장 부담이 있는데 유가·원자재·인플레이션 압력이 다시 커지는 장세입니다. 에너지/원자재 수혜와 장기채 부담을 함께 봅니다.
SPLV,SPLV,equity_etf,korea_domestic_financial_stress,Korea Domestic Financial Stress,한국 내수 금융스트레스장,korea_market,-0.360214,-0.001171,0.03964,negative,0.360214,medium,84.809459,rolling_beta,v3,1,3339,3339,5,seed,pass,Y,,2026-06-04,0,0.0,0.0,medium,N,scenario inactive,inactive scenario,-0.010432,0.03964,-0.001171,korea_financial_stress_hedge,"가계부채, 부동산 PF, 비은행권, 금융주와 건설주 스트레스가 한국 자산 전반으로 번지는 장세입니다. 금융/건설 basket, 신용 spread, 단기자금 spread, 원화 약세를 함께 점검합니다."
SPLV,SPLV,equity_etf,semiconductor_ai_cycle_shock,Semiconductor / AI Cycle Shock,AI·반도체 사이클 충격장,korea_semiconductor,0.167739,-0.001171,0.112073,positive,0.167739,low,77.298138,rolling_beta,v3,1,1260,1260,6,market,pass,N,,2026-06-04,0,0.0,0.0,high,N,scenario inactive,inactive scenario,0.129286,0.112073,-0.001171,semiconductor_ai_shock_vulnerable,"AI capex 기대와 반도체 모멘텀이 꺾이면서 미국 성장주와 한국 반도체 대형주가 동시에 압박받는 장세입니다. SOXX, AI leader basket, 한국 반도체 basket의 동반 약세와 원화 압력을 함께 봅니다."
SPLV,SPLV,equity_etf,slowdown_recession_deflation_risk,Slowdown / Recession / Deflation Risk,경기둔화/침체 우려장,us_global,0.186925,-0.001171,0.782069,positive,0.186925,low,60.696943,rolling_beta,v3,1,3792,3792,3,market,pass,N,,2026-06-04,0,0.0,0.0,high,N,scenario inactive,inactive scenario,0.763004,0.782069,-0.001171,slowdown_vulnerable,수요 둔화와 침체/디플레이션 압력이 커지는 방어적 장세입니다. 주식 beta와 신용위험을 보수적으로 봅니다.
SPY,SPY,equity_etf,usd_strength_krw_weakness,USD Strength / KRW Weakness,달러강세/원화약세장,fx_krw,-0.1,-0.001459,0.044807,negative,0.1,low,78.591896,rolling_beta,v3,1,4292,4292,4,market,pass,N,,2026-06-04,1,0.958519,0.958519,high,Y,trade-gated adverse scenario with medium/high evidence,active market context,0.60636,0.044807,-0.001459,krw_weakness_hedge,달러가 강하고 원화가 약해져 KRW 기준 투자자의 환율 리스크가 커지는 장세입니다. 한국 자산과 USD 노출의 역할을 분리해 봅니다.
SPY,SPY,equity_etf,china_trade_fragmentation_shock,China / Trade Fragmentation Shock,중국·무역분절 충격장,china_asia,0.136468,-0.001459,0.044807,positive,0.136468,low,67.121129,rolling_beta,v3,1,1260,1260,5,market,pass,N,,2026-06-04,1,0.743352,0.743352,high,Y,trade-gated adverse scenario with medium/high evidence,active market context,0.054106,0.044807,-0.001459,china_asia_shock_vulnerable,중국 경기·무역갈등·공급망 충격이 한국/아시아와 반도체 자산에 번지는 장세입니다. 한국 반도체 factor와 원화 약세를 함께 확인합니다.
SPY,SPY,equity_etf,higher_for_longer_long_rate_shock,Higher-for-Longer / Long-Rate Shock,장기금리 부담장,us_global,0.9,-0.001459,1.0,positive,0.9,high,60.332483,rolling_beta,v3,1,4873,4873,3,market,pass,N,,2026-06-04,1,0.710094,0.0,high,N,below ACTIVE confidence/coverage trade-gate threshold,active market context,1.0,1.0,-0.001459,rate_sensitive,장기금리와 달러 강세 부담이 채권·성장주·신용자산을 압박하는 장세입니다. 고밸류 성장주와 반도체 factor 민감도를 점검합니다.
SPY,SPY,equity_etf,geopolitical_escalation_supply_shock,Geopolitical Escalation / Supply Shock,지정학 확전·공급충격장,geopolitical,0.081807,-0.001459,1.0,positive,0.081807,low,52.44319,rolling_beta,v3,1,4292,4292,3,manual,pass,Y,,2026-06-04,1,0.382179,0.0,medium,N,context only: source_quality=manual,context only: source_quality=manual,0.213869,,-0.001459,geopolitical_supply_shock_vulnerable,"전쟁, 제재, 해상로 차질, 대만·중동·한반도 긴장처럼 유가·금·방산·변동성이 동시에 움직이는 이벤트성 충격 장세입니다. 뉴스 overlay는 가격 신호를 보강하는 용도로만 해석합니다."
SPY,SPY,equity_etf,acute_global_stress_liquidity_crunch,Acute Global Stress / Liquidity Crunch,급성 리스크오프/유동성 경색장,us_global,0.315642,-0.001459,1.0,positive,0.315642,medium,41.987513,rolling_beta,v3,1,4873,4873,3,market,pass,N,,2026-06-04,1,0.362342,0.0,medium,N,context only: WATCH state,context only: WATCH state,1.0,1.0,-0.001459,liquidity_stress_vulnerable,변동성이 튀고 위험자산이 동반 약세를 보이는 단기 스트레스 장세입니다. 상관관계 상승과 유동성 악화를 우선 점검합니다.
SPY,SPY,equity_etf,soft_landing_goldilocks,Soft Landing / Goldilocks,우호적 위험선호장,us_global,1.0,-0.001459,1.0,positive,1.0,high,48.066958,rolling_beta,v3,1,4873,4873,3,market,pass,N,,2026-06-04,0,0.0,0.0,medium,N,non-adverse scenario,inactive scenario,1.0,1.0,-0.001459,risk_on_participation,우호적 위험선호장 참여 민감도
SPY,SPY,equity_etf,stagflation_reinflation_energy_shock,Stagflation / Reinflation / Energy Shock,물가·에너지 재상승장,us_global,0.586468,-0.001459,1.0,positive,0.586468,medium,53.197858,rolling_beta,v3,1,4873,4873,2,market,pass,N,,2026-06-04,0,0.0,0.0,high,N,scenario inactive,inactive scenario,0.213869,,-0.001459,stagflation_vulnerable,성장 부담이 있는데 유가·원자재·인플레이션 압력이 다시 커지는 장세입니다. 에너지/원자재 수혜와 장기채 부담을 함께 봅니다.
SPY,SPY,equity_etf,korea_domestic_financial_stress,Korea Domestic Financial Stress,한국 내수 금융스트레스장,korea_market,-0.353641,-0.001459,0.044807,negative,0.353641,medium,84.809459,rolling_beta,v3,1,4292,4292,5,seed,pass,Y,,2026-06-04,0,0.0,0.0,medium,N,scenario inactive,inactive scenario,0.054106,0.044807,-0.001459,korea_financial_stress_hedge,"가계부채, 부동산 PF, 비은행권, 금융주와 건설주 스트레스가 한국 자산 전반으로 번지는 장세입니다. 금융/건설 basket, 신용 spread, 단기자금 spread, 원화 약세를 함께 점검합니다."
SPY,SPY,equity_etf,semiconductor_ai_cycle_shock,Semiconductor / AI Cycle Shock,AI·반도체 사이클 충격장,korea_semiconductor,0.090199,-0.001459,0.428778,positive,0.090199,low,77.298138,rolling_beta,v3,1,1260,1260,6,market,pass,N,,2026-06-04,0,0.0,0.0,high,N,scenario inactive,inactive scenario,0.400754,0.428778,-0.001459,semiconductor_ai_shock_vulnerable,"AI capex 기대와 반도체 모멘텀이 꺾이면서 미국 성장주와 한국 반도체 대형주가 동시에 압박받는 장세입니다. SOXX, AI leader basket, 한국 반도체 basket의 동반 약세와 원화 압력을 함께 봅니다."
SPY,SPY,equity_etf,slowdown_recession_deflation_risk,Slowdown / Recession / Deflation Risk,경기둔화/침체 우려장,us_global,0.351055,-0.001459,1.0,positive,0.351055,medium,60.696943,rolling_beta,v3,1,4873,4873,3,market,pass,N,,2026-06-04,0,0.0,0.0,high,N,scenario inactive,inactive scenario,1.0,1.0,-0.001459,slowdown_vulnerable,수요 둔화와 침체/디플레이션 압력이 커지는 방어적 장세입니다. 주식 beta와 신용위험을 보수적으로 봅니다.
TAIL,TAIL,tail_risk_etf,usd_strength_krw_weakness,USD Strength / KRW Weakness,달러강세/원화약세장,fx_krw,-0.35,0.001798,0.0,negative,0.35,medium,78.591896,rolling_beta,v3,1,2025,2025,4,market,pass,N,,2026-06-04,1,0.958519,0.958519,high,Y,trade-gated adverse scenario with medium/high evidence,active market context,1.18648,-0.240081,0.001798,krw_weakness_hedge,달러가 강하고 원화가 약해져 KRW 기준 투자자의 환율 리스크가 커지는 장세입니다. 한국 자산과 USD 노출의 역할을 분리해 봅니다.
TAIL,TAIL,tail_risk_etf,china_trade_fragmentation_shock,China / Trade Fragmentation Shock,중국·무역분절 충격장,china_asia,-0.144958,0.001798,0.0,negative,0.144958,low,67.121129,rolling_beta,v3,1,1260,1260,5,market,pass,N,,2026-06-04,1,0.743352,0.743352,high,Y,trade-gated adverse scenario with medium/high evidence,active market context,-0.177782,-0.240081,0.001798,china_asia_shock_hedge,중국 경기·무역갈등·공급망 충격이 한국/아시아와 반도체 자산에 번지는 장세입니다. 한국 반도체 factor와 원화 약세를 함께 확인합니다.
TAIL,TAIL,tail_risk_etf,higher_for_longer_long_rate_shock,Higher-for-Longer / Long-Rate Shock,장기금리 부담장,us_global,0.35,0.001798,0.0,positive,0.35,medium,60.332483,rolling_beta,v3,1,2302,2302,3,market,pass,N,,2026-06-04,1,0.710094,0.0,high,N,below ACTIVE confidence/coverage trade-gate threshold,active market context,-0.400511,-0.574722,0.001798,rate_sensitive,장기금리와 달러 강세 부담이 채권·성장주·신용자산을 압박하는 장세입니다. 고밸류 성장주와 반도체 factor 민감도를 점검합니다.
TAIL,TAIL,tail_risk_etf,geopolitical_escalation_supply_shock,Geopolitical Escalation / Supply Shock,지정학 확전·공급충격장,geopolitical,-0.596505,0.001798,0.0,negative,0.596505,medium,52.44319,rolling_beta,v3,1,2025,2025,3,manual,pass,Y,,2026-06-04,1,0.382179,0.0,medium,N,context only: source_quality=manual,context only: source_quality=manual,-0.037319,,0.001798,geopolitical_supply_shock_hedge,"전쟁, 제재, 해상로 차질, 대만·중동·한반도 긴장처럼 유가·금·방산·변동성이 동시에 움직이는 이벤트성 충격 장세입니다. 뉴스 overlay는 가격 신호를 보강하는 용도로만 해석합니다."
TAIL,TAIL,tail_risk_etf,acute_global_stress_liquidity_crunch,Acute Global Stress / Liquidity Crunch,급성 리스크오프/유동성 경색장,us_global,-0.380925,0.001798,0.0,negative,0.380925,medium,41.987513,rolling_beta,v3,1,2302,2302,3,market,pass,N,,2026-06-04,1,0.362342,0.0,medium,N,context only: WATCH state,context only: WATCH state,-0.400511,-0.574722,0.001798,liquidity_stress_defense,변동성이 튀고 위험자산이 동반 약세를 보이는 단기 스트레스 장세입니다. 상관관계 상승과 유동성 악화를 우선 점검합니다.
TAIL,TAIL,tail_risk_etf,soft_landing_goldilocks,Soft Landing / Goldilocks,우호적 위험선호장,us_global,-0.400511,0.001798,0.0,negative,0.400511,medium,48.066958,rolling_beta,v3,1,2302,2302,3,market,pass,N,,2026-06-04,0,0.0,0.0,medium,N,non-adverse scenario,inactive scenario,-0.400511,-0.574722,0.001798,neutral_or_defensive,우호적 위험선호장 참여 민감도
TAIL,TAIL,tail_risk_etf,stagflation_reinflation_energy_shock,Stagflation / Reinflation / Energy Shock,물가·에너지 재상승장,us_global,-0.294958,0.001798,0.0,negative,0.294958,low,53.197858,rolling_beta,v3,1,2302,2302,2,market,pass,N,,2026-06-04,0,0.0,0.0,high,N,scenario inactive,inactive scenario,-0.037319,,0.001798,inflation_hedge,성장 부담이 있는데 유가·원자재·인플레이션 압력이 다시 커지는 장세입니다. 에너지/원자재 수혜와 장기채 부담을 함께 봅니다.
TAIL,TAIL,tail_risk_etf,korea_domestic_financial_stress,Korea Domestic Financial Stress,한국 내수 금융스트레스장,korea_market,-0.366986,0.001798,0.0,negative,0.366986,medium,84.809459,rolling_beta,v3,1,2025,2025,5,seed,pass,Y,,2026-06-04,0,0.0,0.0,medium,N,scenario inactive,inactive scenario,-0.177782,-0.240081,0.001798,korea_financial_stress_hedge,"가계부채, 부동산 PF, 비은행권, 금융주와 건설주 스트레스가 한국 자산 전반으로 번지는 장세입니다. 금융/건설 basket, 신용 spread, 단기자금 spread, 원화 약세를 함께 점검합니다."
TAIL,TAIL,tail_risk_etf,semiconductor_ai_cycle_shock,Semiconductor / AI Cycle Shock,AI·반도체 사이클 충격장,korea_semiconductor,-0.317983,0.001798,0.0,negative,0.317983,medium,77.298138,rolling_beta,v3,1,1260,1260,6,market,pass,N,,2026-06-04,0,0.0,0.0,high,N,scenario inactive,inactive scenario,-0.219193,-0.345531,0.001798,semiconductor_ai_shock_hedge,"AI capex 기대와 반도체 모멘텀이 꺾이면서 미국 성장주와 한국 반도체 대형주가 동시에 압박받는 장세입니다. SOXX, AI leader basket, 한국 반도체 basket의 동반 약세와 원화 압력을 함께 봅니다."
TAIL,TAIL,tail_risk_etf,slowdown_recession_deflation_risk,Slowdown / Recession / Deflation Risk,경기둔화/침체 우려장,us_global,-0.673274,0.001798,0.0,negative,0.673274,medium,60.696943,rolling_beta,v3,1,2302,2302,3,market,pass,N,,2026-06-04,0,0.0,0.0,high,N,scenario inactive,inactive scenario,-0.400511,-0.574722,0.001798,slowdown_defense,수요 둔화와 침체/디플레이션 압력이 커지는 방어적 장세입니다. 주식 beta와 신용위험을 보수적으로 봅니다.
TAN,TAN,equity_etf,usd_strength_krw_weakness,USD Strength / KRW Weakness,달러강세/원화약세장,fx_krw,-0.035935,-0.00554,0.254135,neutral,0.035935,low,78.591896,rolling_beta,v3,1,4005,4005,4,market,pass,N,,2026-06-04,1,0.958519,0.958519,high,Y,trade-gated adverse scenario with medium/high evidence,active market context,0.273245,0.254135,-0.00554,krw_weakness_hedge,달러가 강하고 원화가 약해져 KRW 기준 투자자의 환율 리스크가 커지는 장세입니다. 한국 자산과 USD 노출의 역할을 분리해 봅니다.
TAN,TAN,equity_etf,china_trade_fragmentation_shock,China / Trade Fragmentation Shock,중국·무역분절 충격장,china_asia,0.289748,-0.00554,0.254135,positive,0.289748,low,67.121129,rolling_beta,v3,1,1260,1260,5,market,pass,N,,2026-06-04,1,0.743352,0.743352,high,Y,trade-gated adverse scenario with medium/high evidence,active market context,0.256739,0.254135,-0.00554,china_asia_shock_vulnerable,중국 경기·무역갈등·공급망 충격이 한국/아시아와 반도체 자산에 번지는 장세입니다. 한국 반도체 factor와 원화 약세를 함께 확인합니다.
TAN,TAN,equity_etf,higher_for_longer_long_rate_shock,Higher-for-Longer / Long-Rate Shock,장기금리 부담장,us_global,1.040942,-0.00554,1.310207,positive,1.040942,high,60.332483,rolling_beta,v3,1,4551,4551,3,market,pass,N,,2026-06-04,1,0.710094,0.0,high,N,below ACTIVE confidence/coverage trade-gate threshold,active market context,1.256259,1.310207,-0.00554,rate_sensitive,장기금리와 달러 강세 부담이 채권·성장주·신용자산을 압박하는 장세입니다. 고밸류 성장주와 반도체 factor 민감도를 점검합니다.
TAN,TAN,equity_etf,geopolitical_escalation_supply_shock,Geopolitical Escalation / Supply Shock,지정학 확전·공급충격장,geopolitical,-0.139944,-0.00554,1.256259,negative,0.139944,low,52.44319,rolling_beta,v3,1,4005,4005,3,manual,pass,Y,,2026-06-04,1,0.382179,0.0,medium,N,context only: source_quality=manual,context only: source_quality=manual,0.323761,,-0.00554,geopolitical_supply_shock_hedge,"전쟁, 제재, 해상로 차질, 대만·중동·한반도 긴장처럼 유가·금·방산·변동성이 동시에 움직이는 이벤트성 충격 장세입니다. 뉴스 overlay는 가격 신호를 보강하는 용도로만 해석합니다."
TAN,TAN,equity_etf,acute_global_stress_liquidity_crunch,Acute Global Stress / Liquidity Crunch,급성 리스크오프/유동성 경색장,us_global,0.940236,-0.00554,1.310207,positive,0.940236,high,41.987513,rolling_beta,v3,1,4551,4551,3,market,pass,N,,2026-06-04,1,0.362342,0.0,medium,N,context only: WATCH state,context only: WATCH state,1.256259,1.310207,-0.00554,liquidity_stress_vulnerable,변동성이 튀고 위험자산이 동반 약세를 보이는 단기 스트레스 장세입니다. 상관관계 상승과 유동성 악화를 우선 점검합니다.
TAN,TAN,equity_etf,soft_landing_goldilocks,Soft Landing / Goldilocks,우호적 위험선호장,us_global,1.256259,-0.00554,1.310207,positive,1.256259,high,48.066958,rolling_beta,v3,1,4551,4551,3,market,pass,N,,2026-06-04,0,0.0,0.0,medium,N,non-adverse scenario,inactive scenario,1.256259,1.310207,-0.00554,risk_on_participation,우호적 위험선호장 참여 민감도
TAN,TAN,equity_etf,stagflation_reinflation_energy_shock,Stagflation / Reinflation / Energy Shock,물가·에너지 재상승장,us_global,0.328187,-0.00554,1.256259,positive,0.328187,medium,53.197858,rolling_beta,v3,1,4551,4551,2,market,pass,N,,2026-06-04,0,0.0,0.0,high,N,scenario inactive,inactive scenario,0.323761,,-0.00554,stagflation_vulnerable,성장 부담이 있는데 유가·원자재·인플레이션 압력이 다시 커지는 장세입니다. 에너지/원자재 수혜와 장기채 부담을 함께 봅니다.
TAN,TAN,equity_etf,korea_domestic_financial_stress,Korea Domestic Financial Stress,한국 내수 금융스트레스장,korea_market,-0.20629,-0.00554,0.254135,negative,0.20629,low,84.809459,rolling_beta,v3,1,4005,4005,5,seed,pass,Y,,2026-06-04,0,0.0,0.0,medium,N,scenario inactive,inactive scenario,0.256739,0.254135,-0.00554,korea_financial_stress_hedge,"가계부채, 부동산 PF, 비은행권, 금융주와 건설주 스트레스가 한국 자산 전반으로 번지는 장세입니다. 금융/건설 basket, 신용 spread, 단기자금 spread, 원화 약세를 함께 점검합니다."
TAN,TAN,equity_etf,semiconductor_ai_cycle_shock,Semiconductor / AI Cycle Shock,AI·반도체 사이클 충격장,korea_semiconductor,0.452533,-0.00554,0.451957,positive,0.452533,medium,77.298138,rolling_beta,v3,1,1260,1260,6,market,pass,N,,2026-06-04,0,0.0,0.0,high,N,scenario inactive,inactive scenario,0.550022,0.451957,-0.00554,semiconductor_ai_shock_vulnerable,"AI capex 기대와 반도체 모멘텀이 꺾이면서 미국 성장주와 한국 반도체 대형주가 동시에 압박받는 장세입니다. SOXX, AI leader basket, 한국 반도체 basket의 동반 약세와 원화 압력을 함께 봅니다."
TAN,TAN,equity_etf,slowdown_recession_deflation_risk,Slowdown / Recession / Deflation Risk,경기둔화/침체 우려장,us_global,0.660463,-0.00554,1.310207,positive,0.660463,medium,60.696943,rolling_beta,v3,1,4551,4551,3,market,pass,N,,2026-06-04,0,0.0,0.0,high,N,scenario inactive,inactive scenario,1.256259,1.310207,-0.00554,slowdown_vulnerable,수요 둔화와 침체/디플레이션 압력이 커지는 방어적 장세입니다. 주식 beta와 신용위험을 보수적으로 봅니다.
TIP,TIP,bond_etf,usd_strength_krw_weakness,USD Strength / KRW Weakness,달러강세/원화약세장,fx_krw,-0.297458,-0.000605,0.0,negative,0.297458,low,78.591896,rolling_beta,v3,1,4292,4292,4,market,pass,N,,2026-06-04,1,0.958519,0.958519,high,Y,trade-gated adverse scenario with medium/high evidence,active market context,0.928154,-0.101851,-0.000605,krw_weakness_hedge,달러가 강하고 원화가 약해져 KRW 기준 투자자의 환율 리스크가 커지는 장세입니다. 한국 자산과 USD 노출의 역할을 분리해 봅니다.
TIP,TIP,bond_etf,china_trade_fragmentation_shock,China / Trade Fragmentation Shock,중국·무역분절 충격장,china_asia,-0.042845,-0.000605,0.0,neutral,0.042845,low,67.121129,rolling_beta,v3,1,1260,1260,5,market,pass,N,,2026-06-04,1,0.743352,0.743352,high,Y,trade-gated adverse scenario with medium/high evidence,active market context,-0.11707,-0.101851,-0.000605,china_asia_shock_hedge,중국 경기·무역갈등·공급망 충격이 한국/아시아와 반도체 자산에 번지는 장세입니다. 한국 반도체 factor와 원화 약세를 함께 확인합니다.
TIP,TIP,bond_etf,higher_for_longer_long_rate_shock,Higher-for-Longer / Long-Rate Shock,장기금리 부담장,us_global,0.465593,-0.000605,0.187606,positive,0.465593,medium,60.332483,rolling_beta,v3,1,4873,4873,3,market,pass,N,,2026-06-04,1,0.710094,0.0,high,N,below ACTIVE confidence/coverage trade-gate threshold,active market context,0.210169,0.187606,-0.000605,rate_sensitive,장기금리와 달러 강세 부담이 채권·성장주·신용자산을 압박하는 장세입니다. 고밸류 성장주와 반도체 factor 민감도를 점검합니다.
TIP,TIP,bond_etf,geopolitical_escalation_supply_shock,Geopolitical Escalation / Supply Shock,지정학 확전·공급충격장,geopolitical,-0.519418,-0.000605,0.210169,negative,0.519418,medium,52.44319,rolling_beta,v3,1,4292,4292,3,manual,pass,Y,,2026-06-04,1,0.382179,0.0,medium,N,context only: source_quality=manual,context only: source_quality=manual,0.08384,,-0.000605,geopolitical_supply_shock_hedge,"전쟁, 제재, 해상로 차질, 대만·중동·한반도 긴장처럼 유가·금·방산·변동성이 동시에 움직이는 이벤트성 충격 장세입니다. 뉴스 overlay는 가격 신호를 보강하는 용도로만 해석합니다."
TIP,TIP,bond_etf,acute_global_stress_liquidity_crunch,Acute Global Stress / Liquidity Crunch,급성 리스크오프/유동성 경색장,us_global,-0.157188,-0.000605,0.187606,negative,0.157188,low,41.987513,rolling_beta,v3,1,4873,4873,3,market,pass,N,,2026-06-04,1,0.362342,0.0,medium,N,context only: WATCH state,context only: WATCH state,0.210169,0.187606,-0.000605,liquidity_stress_defense,변동성이 튀고 위험자산이 동반 약세를 보이는 단기 스트레스 장세입니다. 상관관계 상승과 유동성 악화를 우선 점검합니다.
TIP,TIP,bond_etf,soft_landing_goldilocks,Soft Landing / Goldilocks,우호적 위험선호장,us_global,0.210169,-0.000605,0.187606,positive,0.210169,low,48.066958,rolling_beta,v3,1,4873,4873,3,market,pass,N,,2026-06-04,0,0.0,0.0,medium,N,non-adverse scenario,inactive scenario,0.210169,0.187606,-0.000605,risk_on_participation,우호적 위험선호장 참여 민감도
TIP,TIP,bond_etf,stagflation_reinflation_energy_shock,Stagflation / Reinflation / Energy Shock,물가·에너지 재상승장,us_global,-0.161319,-0.000605,0.210169,negative,0.161319,low,53.197858,rolling_beta,v3,1,4873,4873,2,market,pass,N,,2026-06-04,0,0.0,0.0,high,N,scenario inactive,inactive scenario,0.08384,,-0.000605,inflation_hedge,성장 부담이 있는데 유가·원자재·인플레이션 압력이 다시 커지는 장세입니다. 에너지/원자재 수혜와 장기채 부담을 함께 봅니다.
TIP,TIP,bond_etf,korea_domestic_financial_stress,Korea Domestic Financial Stress,한국 내수 금융스트레스장,korea_market,-0.345655,-0.000605,0.0,negative,0.345655,medium,84.809459,rolling_beta,v3,1,4292,4292,5,seed,pass,Y,,2026-06-04,0,0.0,0.0,medium,N,scenario inactive,inactive scenario,-0.11707,-0.101851,-0.000605,korea_financial_stress_hedge,"가계부채, 부동산 PF, 비은행권, 금융주와 건설주 스트레스가 한국 자산 전반으로 번지는 장세입니다. 금융/건설 basket, 신용 spread, 단기자금 spread, 원화 약세를 함께 점검합니다."
TIP,TIP,bond_etf,semiconductor_ai_cycle_shock,Semiconductor / AI Cycle Shock,AI·반도체 사이클 충격장,korea_semiconductor,-0.248296,-0.000605,0.021021,negative,0.248296,low,77.298138,rolling_beta,v3,1,1260,1260,6,market,pass,N,,2026-06-04,0,0.0,0.0,high,N,scenario inactive,inactive scenario,0.048457,0.021021,-0.000605,semiconductor_ai_shock_hedge,"AI capex 기대와 반도체 모멘텀이 꺾이면서 미국 성장주와 한국 반도체 대형주가 동시에 압박받는 장세입니다. SOXX, AI leader basket, 한국 반도체 basket의 동반 약세와 원화 압력을 함께 봅니다."
TIP,TIP,bond_etf,slowdown_recession_deflation_risk,Slowdown / Recession / Deflation Risk,경기둔화/침체 우려장,us_global,-0.19222,-0.000605,0.187606,negative,0.19222,low,60.696943,rolling_beta,v3,1,4873,4873,3,market,pass,N,,2026-06-04,0,0.0,0.0,high,N,scenario inactive,inactive scenario,0.210169,0.187606,-0.000605,slowdown_defense,수요 둔화와 침체/디플레이션 압력이 커지는 방어적 장세입니다. 주식 beta와 신용위험을 보수적으로 봅니다.
TLT,TLT,bond_etf,usd_strength_krw_weakness,USD Strength / KRW Weakness,달러강세/원화약세장,fx_krw,-0.336801,0.000645,0.0,negative,0.336801,medium,78.591896,rolling_beta,v3,1,4292,4292,4,market,pass,N,,2026-06-04,1,0.958519,0.958519,high,Y,trade-gated adverse scenario with medium/high evidence,active market context,0.9992,-0.180438,0.000645,krw_weakness_hedge,달러가 강하고 원화가 약해져 KRW 기준 투자자의 환율 리스크가 커지는 장세입니다. 한국 자산과 USD 노출의 역할을 분리해 봅니다.
TLT,TLT,bond_etf,china_trade_fragmentation_shock,China / Trade Fragmentation Shock,중국·무역분절 충격장,china_asia,-0.105574,0.000645,0.0,negative,0.105574,low,67.121129,rolling_beta,v3,1,1260,1260,5,market,pass,N,,2026-06-04,1,0.743352,0.743352,high,Y,trade-gated adverse scenario with medium/high evidence,active market context,-0.18843,-0.180438,0.000645,china_asia_shock_hedge,중국 경기·무역갈등·공급망 충격이 한국/아시아와 반도체 자산에 번지는 장세입니다. 한국 반도체 factor와 원화 약세를 함께 확인합니다.
TLT,TLT,bond_etf,higher_for_longer_long_rate_shock,Higher-for-Longer / Long-Rate Shock,장기금리 부담장,us_global,0.379037,0.000645,0.0,positive,0.379037,medium,60.332483,rolling_beta,v3,1,4873,4873,3,market,pass,N,,2026-06-04,1,0.710094,0.0,high,N,below ACTIVE confidence/coverage trade-gate threshold,active market context,0.052794,-0.020432,0.000645,rate_sensitive,장기금리와 달러 강세 부담이 채권·성장주·신용자산을 압박하는 장세입니다. 고밸류 성장주와 반도체 factor 민감도를 점검합니다.
TLT,TLT,bond_etf,geopolitical_escalation_supply_shock,Geopolitical Escalation / Supply Shock,지정학 확전·공급충격장,geopolitical,-0.242465,0.000645,0.052794,negative,0.242465,low,52.44319,rolling_beta,v3,1,4292,4292,3,manual,pass,Y,,2026-06-04,1,0.382179,0.0,medium,N,context only: source_quality=manual,context only: source_quality=manual,-0.00495,,0.000645,geopolitical_supply_shock_hedge,"전쟁, 제재, 해상로 차질, 대만·중동·한반도 긴장처럼 유가·금·방산·변동성이 동시에 움직이는 이벤트성 충격 장세입니다. 뉴스 overlay는 가격 신호를 보강하는 용도로만 해석합니다."
TLT,TLT,bond_etf,acute_global_stress_liquidity_crunch,Acute Global Stress / Liquidity Crunch,급성 리스크오프/유동성 경색장,us_global,-0.300001,0.000645,0.0,negative,0.300001,medium,41.987513,rolling_beta,v3,1,4873,4873,3,market,pass,N,,2026-06-04,1,0.362342,0.0,medium,N,context only: WATCH state,context only: WATCH state,0.052794,-0.020432,0.000645,liquidity_stress_defense,변동성이 튀고 위험자산이 동반 약세를 보이는 단기 스트레스 장세입니다. 상관관계 상승과 유동성 악화를 우선 점검합니다.
TLT,TLT,bond_etf,soft_landing_goldilocks,Soft Landing / Goldilocks,우호적 위험선호장,us_global,0.052794,0.000645,0.0,positive,0.052794,low,48.066958,rolling_beta,v3,1,4873,4873,3,market,pass,N,,2026-06-04,0,0.0,0.0,medium,N,non-adverse scenario,inactive scenario,0.052794,-0.020432,0.000645,neutral_or_defensive,우호적 위험선호장 참여 민감도
TLT,TLT,bond_etf,stagflation_reinflation_energy_shock,Stagflation / Reinflation / Energy Shock,물가·에너지 재상승장,us_global,0.202346,0.000645,0.052794,positive,0.202346,low,53.197858,rolling_beta,v3,1,4873,4873,2,market,pass,N,,2026-06-04,0,0.0,0.0,high,N,scenario inactive,inactive scenario,-0.00495,,0.000645,stagflation_vulnerable,성장 부담이 있는데 유가·원자재·인플레이션 압력이 다시 커지는 장세입니다. 에너지/원자재 수혜와 장기채 부담을 함께 봅니다.
TLT,TLT,bond_etf,korea_domestic_financial_stress,Korea Domestic Financial Stress,한국 내수 금융스트레스장,korea_market,-0.366252,0.000645,0.0,negative,0.366252,medium,84.809459,rolling_beta,v3,1,4292,4292,5,seed,pass,Y,,2026-06-04,0,0.0,0.0,medium,N,scenario inactive,inactive scenario,-0.18843,-0.180438,0.000645,korea_financial_stress_hedge,"가계부채, 부동산 PF, 비은행권, 금융주와 건설주 스트레스가 한국 자산 전반으로 번지는 장세입니다. 금융/건설 basket, 신용 spread, 단기자금 spread, 원화 약세를 함께 점검합니다."
TLT,TLT,bond_etf,semiconductor_ai_cycle_shock,Semiconductor / AI Cycle Shock,AI·반도체 사이클 충격장,korea_semiconductor,-0.286351,0.000645,0.0,negative,0.286351,low,77.298138,rolling_beta,v3,1,1260,1260,6,market,pass,N,,2026-06-04,0,0.0,0.0,high,N,scenario inactive,inactive scenario,0.037056,-0.003877,0.000645,semiconductor_ai_shock_hedge,"AI capex 기대와 반도체 모멘텀이 꺾이면서 미국 성장주와 한국 반도체 대형주가 동시에 압박받는 장세입니다. SOXX, AI leader basket, 한국 반도체 basket의 동반 약세와 원화 압력을 함께 봅니다."
TLT,TLT,bond_etf,slowdown_recession_deflation_risk,Slowdown / Recession / Deflation Risk,경기둔화/침체 우려장,us_global,-0.338269,0.000645,0.0,negative,0.338269,medium,60.696943,rolling_beta,v3,1,4873,4873,3,market,pass,N,,2026-06-04,0,0.0,0.0,high,N,scenario inactive,inactive scenario,0.052794,-0.020432,0.000645,slowdown_defense,수요 둔화와 침체/디플레이션 압력이 커지는 방어적 장세입니다. 주식 beta와 신용위험을 보수적으로 봅니다.
TSLA,TSLA,us_stock,usd_strength_krw_weakness,USD Strength / KRW Weakness,달러강세/원화약세장,fx_krw,0.009207,-0.002331,0.035359,neutral,0.009207,low,78.591896,rolling_beta,v3,1,3531,3531,4,market,pass,N,,2026-06-04,1,0.958519,0.958519,high,Y,trade-gated adverse scenario with medium/high evidence,active market context,0.621298,0.035359,-0.002331,krw_weakness_vulnerable,달러가 강하고 원화가 약해져 KRW 기준 투자자의 환율 리스크가 커지는 장세입니다. 한국 자산과 USD 노출의 역할을 분리해 봅니다.
TSLA,TSLA,us_stock,china_trade_fragmentation_shock,China / Trade Fragmentation Shock,중국·무역분절 충격장,china_asia,0.245635,-0.002331,0.035359,positive,0.245635,low,67.121129,rolling_beta,v3,1,1260,1260,5,market,pass,N,,2026-06-04,1,0.743352,0.743352,high,Y,trade-gated adverse scenario with medium/high evidence,active market context,0.166114,0.035359,-0.002331,china_asia_shock_vulnerable,중국 경기·무역갈등·공급망 충격이 한국/아시아와 반도체 자산에 번지는 장세입니다. 한국 반도체 factor와 원화 약세를 함께 확인합니다.
TSLA,TSLA,us_stock,higher_for_longer_long_rate_shock,Higher-for-Longer / Long-Rate Shock,장기금리 부담장,us_global,1.140256,-0.002331,1.484307,positive,1.140256,high,60.332483,rolling_beta,v3,1,4007,4007,3,market,pass,N,,2026-06-04,1,0.710094,0.0,high,N,below ACTIVE confidence/coverage trade-gate threshold,active market context,1.436829,1.484307,-0.002331,rate_sensitive,장기금리와 달러 강세 부담이 채권·성장주·신용자산을 압박하는 장세입니다. 고밸류 성장주와 반도체 factor 민감도를 점검합니다.
TSLA,TSLA,us_stock,geopolitical_escalation_supply_shock,Geopolitical Escalation / Supply Shock,지정학 확전·공급충격장,geopolitical,0.251165,-0.002331,1.436829,positive,0.251165,low,52.44319,rolling_beta,v3,1,3531,3531,3,manual,pass,Y,,2026-06-04,1,0.382179,0.0,medium,N,context only: source_quality=manual,context only: source_quality=manual,0.250643,,-0.002331,geopolitical_supply_shock_vulnerable,"전쟁, 제재, 해상로 차질, 대만·중동·한반도 긴장처럼 유가·금·방산·변동성이 동시에 움직이는 이벤트성 충격 장세입니다. 뉴스 overlay는 가격 신호를 보강하는 용도로만 해석합니다."
TSLA,TSLA,us_stock,acute_global_stress_liquidity_crunch,Acute Global Stress / Liquidity Crunch,급성 리스크오프/유동성 경색장,us_global,0.59514,-0.002331,1.484307,positive,0.59514,medium,41.987513,rolling_beta,v3,1,4007,4007,3,market,pass,N,,2026-06-04,1,0.362342,0.0,medium,N,context only: WATCH state,context only: WATCH state,1.436829,1.484307,-0.002331,liquidity_stress_vulnerable,변동성이 튀고 위험자산이 동반 약세를 보이는 단기 스트레스 장세입니다. 상관관계 상승과 유동성 악화를 우선 점검합니다.
TSLA,TSLA,us_stock,soft_landing_goldilocks,Soft Landing / Goldilocks,우호적 위험선호장,us_global,1.436829,-0.002331,1.484307,positive,1.436829,high,48.066958,rolling_beta,v3,1,4007,4007,3,market,pass,N,,2026-06-04,0,0.0,0.0,medium,N,non-adverse scenario,inactive scenario,1.436829,1.484307,-0.002331,risk_on_participation,우호적 위험선호장 참여 민감도
TSLA,TSLA,us_stock,stagflation_reinflation_energy_shock,Stagflation / Reinflation / Energy Shock,물가·에너지 재상승장,us_global,0.761159,-0.002331,1.436829,positive,0.761159,high,53.197858,rolling_beta,v3,1,4007,4007,2,market,pass,N,,2026-06-04,0,0.0,0.0,high,N,scenario inactive,inactive scenario,0.250643,,-0.002331,stagflation_vulnerable,성장 부담이 있는데 유가·원자재·인플레이션 압력이 다시 커지는 장세입니다. 에너지/원자재 수혜와 장기채 부담을 함께 봅니다.
TSLA,TSLA,us_stock,korea_domestic_financial_stress,Korea Domestic Financial Stress,한국 내수 금융스트레스장,korea_market,-0.284406,-0.002331,0.035359,negative,0.284406,low,84.809459,rolling_beta,v3,1,3531,3531,5,seed,pass,Y,,2026-06-04,0,0.0,0.0,medium,N,scenario inactive,inactive scenario,0.166114,0.035359,-0.002331,korea_financial_stress_hedge,"가계부채, 부동산 PF, 비은행권, 금융주와 건설주 스트레스가 한국 자산 전반으로 번지는 장세입니다. 금융/건설 basket, 신용 spread, 단기자금 spread, 원화 약세를 함께 점검합니다."
TSLA,TSLA,us_stock,semiconductor_ai_cycle_shock,Semiconductor / AI Cycle Shock,AI·반도체 사이클 충격장,korea_semiconductor,0.668057,-0.002331,0.943152,positive,0.668057,medium,77.298138,rolling_beta,v3,1,1260,1260,6,market,pass,N,,2026-06-04,0,0.0,0.0,high,N,scenario inactive,inactive scenario,0.850903,0.943152,-0.002331,semiconductor_ai_shock_vulnerable,"AI capex 기대와 반도체 모멘텀이 꺾이면서 미국 성장주와 한국 반도체 대형주가 동시에 압박받는 장세입니다. SOXX, AI leader basket, 한국 반도체 basket의 동반 약세와 원화 압력을 함께 봅니다."
TSLA,TSLA,us_stock,slowdown_recession_deflation_risk,Slowdown / Recession / Deflation Risk,경기둔화/침체 우려장,us_global,0.665515,-0.002331,1.484307,positive,0.665515,medium,60.696943,rolling_beta,v3,1,4007,4007,3,market,pass,N,,2026-06-04,0,0.0,0.0,high,N,scenario inactive,inactive scenario,1.436829,1.484307,-0.002331,slowdown_vulnerable,수요 둔화와 침체/디플레이션 압력이 커지는 방어적 장세입니다. 주식 beta와 신용위험을 보수적으로 봅니다.
TSM,TSM,us_stock,usd_strength_krw_weakness,USD Strength / KRW Weakness,달러강세/원화약세장,fx_krw,-0.087621,-0.000724,0.129135,negative,0.087621,low,78.591896,rolling_beta,v3,1,4292,4292,4,market,pass,N,,2026-06-04,1,0.958519,0.958519,high,Y,trade-gated adverse scenario with medium/high evidence,active market context,0.461684,0.129135,-0.000724,krw_weakness_hedge,달러가 강하고 원화가 약해져 KRW 기준 투자자의 환율 리스크가 커지는 장세입니다. 한국 자산과 USD 노출의 역할을 분리해 봅니다.
TSM,TSM,us_stock,china_trade_fragmentation_shock,China / Trade Fragmentation Shock,중국·무역분절 충격장,china_asia,0.47801,-0.000724,0.129135,positive,0.47801,medium,67.121129,rolling_beta,v3,1,1260,1260,5,market,pass,N,,2026-06-04,1,0.743352,0.743352,high,Y,trade-gated adverse scenario with medium/high evidence,active market context,0.267234,0.129135,-0.000724,china_asia_shock_vulnerable,중국 경기·무역갈등·공급망 충격이 한국/아시아와 반도체 자산에 번지는 장세입니다. 한국 반도체 factor와 원화 약세를 함께 확인합니다.
TSM,TSM,us_stock,higher_for_longer_long_rate_shock,Higher-for-Longer / Long-Rate Shock,장기금리 부담장,us_global,0.727233,-0.000724,1.021377,positive,0.727233,medium,60.332483,rolling_beta,v3,1,4873,4873,3,market,pass,N,,2026-06-04,1,0.710094,0.0,high,N,below ACTIVE confidence/coverage trade-gate threshold,active market context,1.049515,1.021377,-0.000724,rate_sensitive,장기금리와 달러 강세 부담이 채권·성장주·신용자산을 압박하는 장세입니다. 고밸류 성장주와 반도체 factor 민감도를 점검합니다.
TSM,TSM,us_stock,geopolitical_escalation_supply_shock,Geopolitical Escalation / Supply Shock,지정학 확전·공급충격장,geopolitical,-0.042999,-0.000724,1.049515,neutral,0.042999,low,52.44319,rolling_beta,v3,1,4292,4292,3,manual,pass,Y,,2026-06-04,1,0.382179,0.0,medium,N,context only: source_quality=manual,context only: source_quality=manual,0.208349,,-0.000724,geopolitical_supply_shock_hedge,"전쟁, 제재, 해상로 차질, 대만·중동·한반도 긴장처럼 유가·금·방산·변동성이 동시에 움직이는 이벤트성 충격 장세입니다. 뉴스 overlay는 가격 신호를 보강하는 용도로만 해석합니다."
TSM,TSM,us_stock,acute_global_stress_liquidity_crunch,Acute Global Stress / Liquidity Crunch,급성 리스크오프/유동성 경색장,us_global,0.609827,-0.000724,1.021377,positive,0.609827,medium,41.987513,rolling_beta,v3,1,4873,4873,3,market,pass,N,,2026-06-04,1,0.362342,0.0,medium,N,context only: WATCH state,context only: WATCH state,1.049515,1.021377,-0.000724,liquidity_stress_vulnerable,변동성이 튀고 위험자산이 동반 약세를 보이는 단기 스트레스 장세입니다. 상관관계 상승과 유동성 악화를 우선 점검합니다.
TSM,TSM,us_stock,soft_landing_goldilocks,Soft Landing / Goldilocks,우호적 위험선호장,us_global,1.049515,-0.000724,1.021377,positive,1.049515,high,48.066958,rolling_beta,v3,1,4873,4873,3,market,pass,N,,2026-06-04,0,0.0,0.0,medium,N,non-adverse scenario,inactive scenario,1.049515,1.021377,-0.000724,risk_on_participation,우호적 위험선호장 참여 민감도
TSM,TSM,us_stock,stagflation_reinflation_energy_shock,Stagflation / Reinflation / Energy Shock,물가·에너지 재상승장,us_global,-0.064562,-0.000724,1.049515,negative,0.064562,low,53.197858,rolling_beta,v3,1,4873,4873,2,market,pass,N,,2026-06-04,0,0.0,0.0,high,N,scenario inactive,inactive scenario,0.208349,,-0.000724,inflation_hedge,성장 부담이 있는데 유가·원자재·인플레이션 압력이 다시 커지는 장세입니다. 에너지/원자재 수혜와 장기채 부담을 함께 봅니다.
TSM,TSM,us_stock,korea_domestic_financial_stress,Korea Domestic Financial Stress,한국 내수 금융스트레스장,korea_market,-0.003372,-0.000724,0.129135,neutral,0.003372,low,84.809459,rolling_beta,v3,1,4292,4292,5,seed,pass,Y,,2026-06-04,0,0.0,0.0,medium,N,scenario inactive,inactive scenario,0.267234,0.129135,-0.000724,korea_financial_stress_hedge,"가계부채, 부동산 PF, 비은행권, 금융주와 건설주 스트레스가 한국 자산 전반으로 번지는 장세입니다. 금융/건설 basket, 신용 spread, 단기자금 spread, 원화 약세를 함께 점검합니다."
TSM,TSM,us_stock,semiconductor_ai_cycle_shock,Semiconductor / AI Cycle Shock,AI·반도체 사이클 충격장,korea_semiconductor,1.132505,-0.000724,0.842629,positive,1.132505,high,77.298138,rolling_beta,v3,1,1260,1260,6,market,pass,N,,2026-06-04,0,0.0,0.0,high,N,scenario inactive,inactive scenario,0.798922,0.842629,-0.000724,semiconductor_ai_shock_vulnerable,"AI capex 기대와 반도체 모멘텀이 꺾이면서 미국 성장주와 한국 반도체 대형주가 동시에 압박받는 장세입니다. SOXX, AI leader basket, 한국 반도체 basket의 동반 약세와 원화 압력을 함께 봅니다."
TSM,TSM,us_stock,slowdown_recession_deflation_risk,Slowdown / Recession / Deflation Risk,경기둔화/침체 우려장,us_global,0.707535,-0.000724,1.021377,positive,0.707535,medium,60.696943,rolling_beta,v3,1,4873,4873,3,market,pass,N,,2026-06-04,0,0.0,0.0,high,N,scenario inactive,inactive scenario,1.049515,1.021377,-0.000724,slowdown_vulnerable,수요 둔화와 침체/디플레이션 압력이 커지는 방어적 장세입니다. 주식 beta와 신용위험을 보수적으로 봅니다.
UNG,UNG,commodity_etf,usd_strength_krw_weakness,USD Strength / KRW Weakness,달러강세/원화약세장,fx_krw,-0.25054,-0.006396,0.007115,negative,0.25054,low,78.591896,rolling_beta,v3,1,4222,4222,4,market,pass,N,,2026-06-04,1,0.958519,0.958519,high,Y,trade-gated adverse scenario with medium/high evidence,active market context,0.860798,0.007115,-0.006396,krw_weakness_hedge,달러가 강하고 원화가 약해져 KRW 기준 투자자의 환율 리스크가 커지는 장세입니다. 한국 자산과 USD 노출의 역할을 분리해 봅니다.
UNG,UNG,commodity_etf,china_trade_fragmentation_shock,China / Trade Fragmentation Shock,중국·무역분절 충격장,china_asia,0.139464,-0.006396,0.007115,positive,0.139464,low,67.121129,rolling_beta,v3,1,1260,1260,5,market,pass,N,,2026-06-04,1,0.743352,0.743352,high,Y,trade-gated adverse scenario with medium/high evidence,active market context,-0.087099,0.007115,-0.006396,china_asia_shock_vulnerable,중국 경기·무역갈등·공급망 충격이 한국/아시아와 반도체 자산에 번지는 장세입니다. 한국 반도체 factor와 원화 약세를 함께 확인합니다.
UNG,UNG,commodity_etf,higher_for_longer_long_rate_shock,Higher-for-Longer / Long-Rate Shock,장기금리 부담장,us_global,0.118812,-0.006396,0.489534,positive,0.118812,low,60.332483,rolling_beta,v3,1,4801,4801,3,market,pass,N,,2026-06-04,1,0.710094,0.0,high,N,below ACTIVE confidence/coverage trade-gate threshold,active market context,0.397839,0.489534,-0.006396,rate_sensitive,장기금리와 달러 강세 부담이 채권·성장주·신용자산을 압박하는 장세입니다. 고밸류 성장주와 반도체 factor 민감도를 점검합니다.
UNG,UNG,commodity_etf,geopolitical_escalation_supply_shock,Geopolitical Escalation / Supply Shock,지정학 확전·공급충격장,geopolitical,-0.08656,-0.006396,0.397839,negative,0.08656,low,52.44319,rolling_beta,v3,1,4222,4222,3,manual,pass,Y,,2026-06-04,1,0.382179,0.0,medium,N,context only: source_quality=manual,context only: source_quality=manual,0.278523,,-0.006396,geopolitical_supply_shock_hedge,"전쟁, 제재, 해상로 차질, 대만·중동·한반도 긴장처럼 유가·금·방산·변동성이 동시에 움직이는 이벤트성 충격 장세입니다. 뉴스 overlay는 가격 신호를 보강하는 용도로만 해석합니다."
UNG,UNG,commodity_etf,acute_global_stress_liquidity_crunch,Acute Global Stress / Liquidity Crunch,급성 리스크오프/유동성 경색장,us_global,0.506625,-0.006396,0.489534,positive,0.506625,medium,41.987513,rolling_beta,v3,1,4801,4801,3,market,pass,N,,2026-06-04,1,0.362342,0.0,medium,N,context only: WATCH state,context only: WATCH state,0.397839,0.489534,-0.006396,liquidity_stress_vulnerable,변동성이 튀고 위험자산이 동반 약세를 보이는 단기 스트레스 장세입니다. 상관관계 상승과 유동성 악화를 우선 점검합니다.
UNG,UNG,commodity_etf,soft_landing_goldilocks,Soft Landing / Goldilocks,우호적 위험선호장,us_global,0.397839,-0.006396,0.489534,positive,0.397839,medium,48.066958,rolling_beta,v3,1,4801,4801,3,market,pass,N,,2026-06-04,0,0.0,0.0,medium,N,non-adverse scenario,inactive scenario,0.397839,0.489534,-0.006396,risk_on_participation,우호적 위험선호장 참여 민감도
UNG,UNG,commodity_etf,stagflation_reinflation_energy_shock,Stagflation / Reinflation / Energy Shock,물가·에너지 재상승장,us_global,-0.15086,-0.006396,0.397839,negative,0.15086,low,53.197858,rolling_beta,v3,1,4801,4801,2,market,pass,N,,2026-06-04,0,0.0,0.0,high,N,scenario inactive,inactive scenario,0.278523,,-0.006396,inflation_hedge,성장 부담이 있는데 유가·원자재·인플레이션 압력이 다시 커지는 장세입니다. 에너지/원자재 수혜와 장기채 부담을 함께 봅니다.
UNG,UNG,commodity_etf,korea_domestic_financial_stress,Korea Domestic Financial Stress,한국 내수 금융스트레스장,korea_market,0.089016,-0.006396,0.007115,positive,0.089016,low,84.809459,rolling_beta,v3,1,4222,4222,5,seed,pass,Y,,2026-06-04,0,0.0,0.0,medium,N,scenario inactive,inactive scenario,-0.087099,0.007115,-0.006396,korea_financial_stress_vulnerable,"가계부채, 부동산 PF, 비은행권, 금융주와 건설주 스트레스가 한국 자산 전반으로 번지는 장세입니다. 금융/건설 basket, 신용 spread, 단기자금 spread, 원화 약세를 함께 점검합니다."
UNG,UNG,commodity_etf,semiconductor_ai_cycle_shock,Semiconductor / AI Cycle Shock,AI·반도체 사이클 충격장,korea_semiconductor,0.149916,-0.006396,0.195513,positive,0.149916,low,77.298138,rolling_beta,v3,1,1260,1260,6,market,pass,N,,2026-06-04,0,0.0,0.0,high,N,scenario inactive,inactive scenario,0.118239,0.195513,-0.006396,semiconductor_ai_shock_vulnerable,"AI capex 기대와 반도체 모멘텀이 꺾이면서 미국 성장주와 한국 반도체 대형주가 동시에 압박받는 장세입니다. SOXX, AI leader basket, 한국 반도체 basket의 동반 약세와 원화 압력을 함께 봅니다."
UNG,UNG,commodity_etf,slowdown_recession_deflation_risk,Slowdown / Recession / Deflation Risk,경기둔화/침체 우려장,us_global,0.48245,-0.006396,0.489534,positive,0.48245,medium,60.696943,rolling_beta,v3,1,4801,4801,3,market,pass,N,,2026-06-04,0,0.0,0.0,high,N,scenario inactive,inactive scenario,0.397839,0.489534,-0.006396,slowdown_vulnerable,수요 둔화와 침체/디플레이션 압력이 커지는 방어적 장세입니다. 주식 beta와 신용위험을 보수적으로 봅니다.
UNH,UNH,us_stock,usd_strength_krw_weakness,USD Strength / KRW Weakness,달러강세/원화약세장,fx_krw,-0.126012,-0.002754,0.041037,negative,0.126012,low,78.591896,rolling_beta,v3,1,4292,4292,4,market,pass,N,,2026-06-04,1,0.958519,0.958519,high,Y,trade-gated adverse scenario with medium/high evidence,active market context,0.673552,0.041037,-0.002754,krw_weakness_hedge,달러가 강하고 원화가 약해져 KRW 기준 투자자의 환율 리스크가 커지는 장세입니다. 한국 자산과 USD 노출의 역할을 분리해 봅니다.
UNH,UNH,us_stock,china_trade_fragmentation_shock,China / Trade Fragmentation Shock,중국·무역분절 충격장,china_asia,0.148032,-0.002754,0.041037,positive,0.148032,low,67.121129,rolling_beta,v3,1,1260,1260,5,market,pass,N,,2026-06-04,1,0.743352,0.743352,high,Y,trade-gated adverse scenario with medium/high evidence,active market context,0.022066,0.041037,-0.002754,china_asia_shock_vulnerable,중국 경기·무역갈등·공급망 충격이 한국/아시아와 반도체 자산에 번지는 장세입니다. 한국 반도체 factor와 원화 약세를 함께 확인합니다.
UNH,UNH,us_stock,higher_for_longer_long_rate_shock,Higher-for-Longer / Long-Rate Shock,장기금리 부담장,us_global,0.842774,-0.002754,0.912808,positive,0.842774,high,60.332483,rolling_beta,v3,1,4873,4873,3,market,pass,N,,2026-06-04,1,0.710094,0.0,high,N,below ACTIVE confidence/coverage trade-gate threshold,active market context,0.895953,0.912808,-0.002754,rate_sensitive,장기금리와 달러 강세 부담이 채권·성장주·신용자산을 압박하는 장세입니다. 고밸류 성장주와 반도체 factor 민감도를 점검합니다.
UNH,UNH,us_stock,geopolitical_escalation_supply_shock,Geopolitical Escalation / Supply Shock,지정학 확전·공급충격장,geopolitical,0.096684,-0.002754,0.895953,positive,0.096684,low,52.44319,rolling_beta,v3,1,4292,4292,3,manual,pass,Y,,2026-06-04,1,0.382179,0.0,medium,N,context only: source_quality=manual,context only: source_quality=manual,0.17906,,-0.002754,geopolitical_supply_shock_vulnerable,"전쟁, 제재, 해상로 차질, 대만·중동·한반도 긴장처럼 유가·금·방산·변동성이 동시에 움직이는 이벤트성 충격 장세입니다. 뉴스 overlay는 가격 신호를 보강하는 용도로만 해석합니다."
UNH,UNH,us_stock,acute_global_stress_liquidity_crunch,Acute Global Stress / Liquidity Crunch,급성 리스크오프/유동성 경색장,us_global,0.316689,-0.002754,0.912808,positive,0.316689,medium,41.987513,rolling_beta,v3,1,4873,4873,3,market,pass,N,,2026-06-04,1,0.362342,0.0,medium,N,context only: WATCH state,context only: WATCH state,0.895953,0.912808,-0.002754,liquidity_stress_vulnerable,변동성이 튀고 위험자산이 동반 약세를 보이는 단기 스트레스 장세입니다. 상관관계 상승과 유동성 악화를 우선 점검합니다.
UNH,UNH,us_stock,soft_landing_goldilocks,Soft Landing / Goldilocks,우호적 위험선호장,us_global,0.895953,-0.002754,0.912808,positive,0.895953,high,48.066958,rolling_beta,v3,1,4873,4873,3,market,pass,N,,2026-06-04,0,0.0,0.0,medium,N,non-adverse scenario,inactive scenario,0.895953,0.912808,-0.002754,risk_on_participation,우호적 위험선호장 참여 민감도
UNH,UNH,us_stock,stagflation_reinflation_energy_shock,Stagflation / Reinflation / Energy Shock,물가·에너지 재상승장,us_global,0.582425,-0.002754,0.895953,positive,0.582425,medium,53.197858,rolling_beta,v3,1,4873,4873,2,market,pass,N,,2026-06-04,0,0.0,0.0,high,N,scenario inactive,inactive scenario,0.17906,,-0.002754,stagflation_vulnerable,성장 부담이 있는데 유가·원자재·인플레이션 압력이 다시 커지는 장세입니다. 에너지/원자재 수혜와 장기채 부담을 함께 봅니다.
UNH,UNH,us_stock,korea_domestic_financial_stress,Korea Domestic Financial Stress,한국 내수 금융스트레스장,korea_market,-0.322403,-0.002754,0.041037,negative,0.322403,medium,84.809459,rolling_beta,v3,1,4292,4292,5,seed,pass,Y,,2026-06-04,0,0.0,0.0,medium,N,scenario inactive,inactive scenario,0.022066,0.041037,-0.002754,korea_financial_stress_hedge,"가계부채, 부동산 PF, 비은행권, 금융주와 건설주 스트레스가 한국 자산 전반으로 번지는 장세입니다. 금융/건설 basket, 신용 spread, 단기자금 spread, 원화 약세를 함께 점검합니다."
UNH,UNH,us_stock,semiconductor_ai_cycle_shock,Semiconductor / AI Cycle Shock,AI·반도체 사이클 충격장,korea_semiconductor,-0.125102,-0.002754,0.025452,negative,0.125102,low,77.298138,rolling_beta,v3,1,1260,1260,6,market,pass,N,,2026-06-04,0,0.0,0.0,high,N,scenario inactive,inactive scenario,0.120233,0.025452,-0.002754,semiconductor_ai_shock_hedge,"AI capex 기대와 반도체 모멘텀이 꺾이면서 미국 성장주와 한국 반도체 대형주가 동시에 압박받는 장세입니다. SOXX, AI leader basket, 한국 반도체 basket의 동반 약세와 원화 압력을 함께 봅니다."
UNH,UNH,us_stock,slowdown_recession_deflation_risk,Slowdown / Recession / Deflation Risk,경기둔화/침체 우려장,us_global,0.328747,-0.002754,0.912808,positive,0.328747,medium,60.696943,rolling_beta,v3,1,4873,4873,3,market,pass,N,,2026-06-04,0,0.0,0.0,high,N,scenario inactive,inactive scenario,0.895953,0.912808,-0.002754,slowdown_vulnerable,수요 둔화와 침체/디플레이션 압력이 커지는 방어적 장세입니다. 주식 beta와 신용위험을 보수적으로 봅니다.
URA,URA,equity_etf,usd_strength_krw_weakness,USD Strength / KRW Weakness,달러강세/원화약세장,fx_krw,-0.091554,-0.001116,0.262047,negative,0.091554,low,78.591896,rolling_beta,v3,1,3458,3458,4,market,pass,N,,2026-06-04,1,0.958519,0.958519,high,Y,trade-gated adverse scenario with medium/high evidence,active market context,0.340993,0.262047,-0.001116,krw_weakness_hedge,달러가 강하고 원화가 약해져 KRW 기준 투자자의 환율 리스크가 커지는 장세입니다. 한국 자산과 USD 노출의 역할을 분리해 봅니다.
URA,URA,equity_etf,china_trade_fragmentation_shock,China / Trade Fragmentation Shock,중국·무역분절 충격장,china_asia,0.134657,-0.001116,0.262047,positive,0.134657,low,67.121129,rolling_beta,v3,1,1260,1260,5,market,pass,N,,2026-06-04,1,0.743352,0.743352,high,Y,trade-gated adverse scenario with medium/high evidence,active market context,0.262076,0.262047,-0.001116,china_asia_shock_vulnerable,중국 경기·무역갈등·공급망 충격이 한국/아시아와 반도체 자산에 번지는 장세입니다. 한국 반도체 factor와 원화 약세를 함께 확인합니다.
URA,URA,equity_etf,higher_for_longer_long_rate_shock,Higher-for-Longer / Long-Rate Shock,장기금리 부담장,us_global,0.468582,-0.001116,1.071938,positive,0.468582,medium,60.332483,rolling_beta,v3,1,3916,3916,3,market,pass,N,,2026-06-04,1,0.710094,0.0,high,N,below ACTIVE confidence/coverage trade-gate threshold,active market context,1.033785,1.071938,-0.001116,rate_sensitive,장기금리와 달러 강세 부담이 채권·성장주·신용자산을 압박하는 장세입니다. 고밸류 성장주와 반도체 factor 민감도를 점검합니다.
URA,URA,equity_etf,geopolitical_escalation_supply_shock,Geopolitical Escalation / Supply Shock,지정학 확전·공급충격장,geopolitical,-0.089603,-0.001116,1.033785,negative,0.089603,low,52.44319,rolling_beta,v3,1,3458,3458,3,manual,pass,Y,,2026-06-04,1,0.382179,0.0,medium,N,context only: source_quality=manual,context only: source_quality=manual,0.278378,,-0.001116,geopolitical_supply_shock_hedge,"전쟁, 제재, 해상로 차질, 대만·중동·한반도 긴장처럼 유가·금·방산·변동성이 동시에 움직이는 이벤트성 충격 장세입니다. 뉴스 overlay는 가격 신호를 보강하는 용도로만 해석합니다."
URA,URA,equity_etf,acute_global_stress_liquidity_crunch,Acute Global Stress / Liquidity Crunch,급성 리스크오프/유동성 경색장,us_global,0.618802,-0.001116,1.071938,positive,0.618802,medium,41.987513,rolling_beta,v3,1,3916,3916,3,market,pass,N,,2026-06-04,1,0.362342,0.0,medium,N,context only: WATCH state,context only: WATCH state,1.033785,1.071938,-0.001116,liquidity_stress_vulnerable,변동성이 튀고 위험자산이 동반 약세를 보이는 단기 스트레스 장세입니다. 상관관계 상승과 유동성 악화를 우선 점검합니다.
URA,URA,equity_etf,soft_landing_goldilocks,Soft Landing / Goldilocks,우호적 위험선호장,us_global,1.033785,-0.001116,1.071938,positive,1.033785,high,48.066958,rolling_beta,v3,1,3916,3916,3,market,pass,N,,2026-06-04,0,0.0,0.0,medium,N,non-adverse scenario,inactive scenario,1.033785,1.071938,-0.001116,risk_on_participation,우호적 위험선호장 참여 민감도
URA,URA,equity_etf,stagflation_reinflation_energy_shock,Stagflation / Reinflation / Energy Shock,물가·에너지 재상승장,us_global,-0.060275,-0.001116,1.033785,negative,0.060275,low,53.197858,rolling_beta,v3,1,3916,3916,2,market,pass,N,,2026-06-04,0,0.0,0.0,high,N,scenario inactive,inactive scenario,0.278378,,-0.001116,inflation_hedge,성장 부담이 있는데 유가·원자재·인플레이션 압력이 다시 커지는 장세입니다. 에너지/원자재 수혜와 장기채 부담을 함께 봅니다.
URA,URA,equity_etf,korea_domestic_financial_stress,Korea Domestic Financial Stress,한국 내수 금융스트레스장,korea_market,-0.003861,-0.001116,0.262047,neutral,0.003861,low,84.809459,rolling_beta,v3,1,3458,3458,5,seed,pass,Y,,2026-06-04,0,0.0,0.0,medium,N,scenario inactive,inactive scenario,0.262076,0.262047,-0.001116,korea_financial_stress_hedge,"가계부채, 부동산 PF, 비은행권, 금융주와 건설주 스트레스가 한국 자산 전반으로 번지는 장세입니다. 금융/건설 basket, 신용 spread, 단기자금 spread, 원화 약세를 함께 점검합니다."
URA,URA,equity_etf,semiconductor_ai_cycle_shock,Semiconductor / AI Cycle Shock,AI·반도체 사이클 충격장,korea_semiconductor,0.531477,-0.001116,0.77398,positive,0.531477,medium,77.298138,rolling_beta,v3,1,1260,1260,6,market,pass,N,,2026-06-04,0,0.0,0.0,high,N,scenario inactive,inactive scenario,0.58533,0.77398,-0.001116,semiconductor_ai_shock_vulnerable,"AI capex 기대와 반도체 모멘텀이 꺾이면서 미국 성장주와 한국 반도체 대형주가 동시에 압박받는 장세입니다. SOXX, AI leader basket, 한국 반도체 basket의 동반 약세와 원화 압력을 함께 봅니다."
URA,URA,equity_etf,slowdown_recession_deflation_risk,Slowdown / Recession / Deflation Risk,경기둔화/침체 우려장,us_global,0.71102,-0.001116,1.071938,positive,0.71102,medium,60.696943,rolling_beta,v3,1,3916,3916,3,market,pass,N,,2026-06-04,0,0.0,0.0,high,N,scenario inactive,inactive scenario,1.033785,1.071938,-0.001116,slowdown_vulnerable,수요 둔화와 침체/디플레이션 압력이 커지는 방어적 장세입니다. 주식 beta와 신용위험을 보수적으로 봅니다.
USMV,USMV,equity_etf,usd_strength_krw_weakness,USD Strength / KRW Weakness,달러강세/원화약세장,fx_krw,-0.154174,-0.001302,0.032211,negative,0.154174,low,78.591896,rolling_beta,v3,1,3246,3246,4,market,pass,N,,2026-06-04,1,0.958519,0.958519,high,Y,trade-gated adverse scenario with medium/high evidence,active market context,0.732798,0.032211,-0.001302,krw_weakness_hedge,달러가 강하고 원화가 약해져 KRW 기준 투자자의 환율 리스크가 커지는 장세입니다. 한국 자산과 USD 노출의 역할을 분리해 봅니다.
USMV,USMV,equity_etf,china_trade_fragmentation_shock,China / Trade Fragmentation Shock,중국·무역분절 충격장,china_asia,0.439202,-0.001302,0.032211,positive,0.439202,medium,67.121129,rolling_beta,v3,1,1260,1260,5,market,pass,N,,2026-06-04,1,0.743352,0.743352,high,Y,trade-gated adverse scenario with medium/high evidence,active market context,-0.00707,0.032211,-0.001302,china_asia_shock_vulnerable,중국 경기·무역갈등·공급망 충격이 한국/아시아와 반도체 자산에 번지는 장세입니다. 한국 반도체 factor와 원화 약세를 함께 확인합니다.
USMV,USMV,equity_etf,higher_for_longer_long_rate_shock,Higher-for-Longer / Long-Rate Shock,장기금리 부담장,us_global,1.030818,-0.001302,0.788047,positive,1.030818,high,60.332483,rolling_beta,v3,1,3675,3675,3,market,pass,N,,2026-06-04,1,0.710094,0.0,high,N,below ACTIVE confidence/coverage trade-gate threshold,active market context,0.783306,0.788047,-0.001302,rate_sensitive,장기금리와 달러 강세 부담이 채권·성장주·신용자산을 압박하는 장세입니다. 고밸류 성장주와 반도체 factor 민감도를 점검합니다.
USMV,USMV,equity_etf,geopolitical_escalation_supply_shock,Geopolitical Escalation / Supply Shock,지정학 확전·공급충격장,geopolitical,0.028071,-0.001302,0.783306,neutral,0.028071,low,52.44319,rolling_beta,v3,1,3246,3246,3,manual,pass,Y,,2026-06-04,1,0.382179,0.0,medium,N,context only: source_quality=manual,context only: source_quality=manual,0.125753,,-0.001302,geopolitical_supply_shock_vulnerable,"전쟁, 제재, 해상로 차질, 대만·중동·한반도 긴장처럼 유가·금·방산·변동성이 동시에 움직이는 이벤트성 충격 장세입니다. 뉴스 overlay는 가격 신호를 보강하는 용도로만 해석합니다."
USMV,USMV,equity_etf,acute_global_stress_liquidity_crunch,Acute Global Stress / Liquidity Crunch,급성 리스크오프/유동성 경색장,us_global,0.189391,-0.001302,0.788047,positive,0.189391,low,41.987513,rolling_beta,v3,1,3675,3675,3,market,pass,N,,2026-06-04,1,0.362342,0.0,medium,N,context only: WATCH state,context only: WATCH state,0.783306,0.788047,-0.001302,liquidity_stress_vulnerable,변동성이 튀고 위험자산이 동반 약세를 보이는 단기 스트레스 장세입니다. 상관관계 상승과 유동성 악화를 우선 점검합니다.
USMV,USMV,equity_etf,soft_landing_goldilocks,Soft Landing / Goldilocks,우호적 위험선호장,us_global,0.783306,-0.001302,0.788047,positive,0.783306,high,48.066958,rolling_beta,v3,1,3675,3675,3,market,pass,N,,2026-06-04,0,0.0,0.0,medium,N,non-adverse scenario,inactive scenario,0.783306,0.788047,-0.001302,risk_on_participation,우호적 위험선호장 참여 민감도
USMV,USMV,equity_etf,stagflation_reinflation_energy_shock,Stagflation / Reinflation / Energy Shock,물가·에너지 재상승장,us_global,0.506697,-0.001302,0.783306,positive,0.506697,medium,53.197858,rolling_beta,v3,1,3675,3675,2,market,pass,N,,2026-06-04,0,0.0,0.0,high,N,scenario inactive,inactive scenario,0.125753,,-0.001302,stagflation_vulnerable,성장 부담이 있는데 유가·원자재·인플레이션 압력이 다시 커지는 장세입니다. 에너지/원자재 수혜와 장기채 부담을 함께 봅니다.
USMV,USMV,equity_etf,korea_domestic_financial_stress,Korea Domestic Financial Stress,한국 내수 금융스트레스장,korea_market,-0.35754,-0.001302,0.032211,negative,0.35754,medium,84.809459,rolling_beta,v3,1,3246,3246,5,seed,pass,Y,,2026-06-04,0,0.0,0.0,medium,N,scenario inactive,inactive scenario,-0.00707,0.032211,-0.001302,korea_financial_stress_hedge,"가계부채, 부동산 PF, 비은행권, 금융주와 건설주 스트레스가 한국 자산 전반으로 번지는 장세입니다. 금융/건설 basket, 신용 spread, 단기자금 spread, 원화 약세를 함께 점검합니다."
USMV,USMV,equity_etf,semiconductor_ai_cycle_shock,Semiconductor / AI Cycle Shock,AI·반도체 사이클 충격장,korea_semiconductor,0.22094,-0.001302,0.19249,positive,0.22094,low,77.298138,rolling_beta,v3,1,1260,1260,6,market,pass,N,,2026-06-04,0,0.0,0.0,high,N,scenario inactive,inactive scenario,0.203676,0.19249,-0.001302,semiconductor_ai_shock_vulnerable,"AI capex 기대와 반도체 모멘텀이 꺾이면서 미국 성장주와 한국 반도체 대형주가 동시에 압박받는 장세입니다. SOXX, AI leader basket, 한국 반도체 basket의 동반 약세와 원화 압력을 함께 봅니다."
USMV,USMV,equity_etf,slowdown_recession_deflation_risk,Slowdown / Recession / Deflation Risk,경기둔화/침체 우려장,us_global,0.204705,-0.001302,0.788047,positive,0.204705,low,60.696943,rolling_beta,v3,1,3675,3675,3,market,pass,N,,2026-06-04,0,0.0,0.0,high,N,scenario inactive,inactive scenario,0.783306,0.788047,-0.001302,slowdown_vulnerable,수요 둔화와 침체/디플레이션 압력이 커지는 방어적 장세입니다. 주식 beta와 신용위험을 보수적으로 봅니다.
USO,USO,commodity_etf,usd_strength_krw_weakness,USD Strength / KRW Weakness,달러강세/원화약세장,fx_krw,-0.165924,-0.004588,0.174847,negative,0.165924,low,78.591896,rolling_beta,v3,1,4292,4292,4,market,pass,N,,2026-06-04,1,0.958519,0.958519,high,Y,trade-gated adverse scenario with medium/high evidence,active market context,0.691617,0.174847,-0.004588,krw_weakness_hedge,달러가 강하고 원화가 약해져 KRW 기준 투자자의 환율 리스크가 커지는 장세입니다. 한국 자산과 USD 노출의 역할을 분리해 봅니다.
USO,USO,commodity_etf,china_trade_fragmentation_shock,China / Trade Fragmentation Shock,중국·무역분절 충격장,china_asia,0.161963,-0.004588,0.174847,positive,0.161963,low,67.121129,rolling_beta,v3,1,1260,1260,5,market,pass,N,,2026-06-04,1,0.743352,0.743352,high,Y,trade-gated adverse scenario with medium/high evidence,active market context,0.075944,0.174847,-0.004588,china_asia_shock_vulnerable,중국 경기·무역갈등·공급망 충격이 한국/아시아와 반도체 자산에 번지는 장세입니다. 한국 반도체 factor와 원화 약세를 함께 확인합니다.
USO,USO,commodity_etf,higher_for_longer_long_rate_shock,Higher-for-Longer / Long-Rate Shock,장기금리 부담장,us_global,0.304968,-0.004588,0.968225,positive,0.304968,medium,60.332483,rolling_beta,v3,1,4873,4873,3,market,pass,N,,2026-06-04,1,0.710094,0.0,high,N,below ACTIVE confidence/coverage trade-gate threshold,active market context,0.736305,0.968225,-0.004588,rate_sensitive,장기금리와 달러 강세 부담이 채권·성장주·신용자산을 압박하는 장세입니다. 고밸류 성장주와 반도체 factor 민감도를 점검합니다.
USO,USO,commodity_etf,geopolitical_escalation_supply_shock,Geopolitical Escalation / Supply Shock,지정학 확전·공급충격장,geopolitical,-0.120801,-0.004588,0.736305,negative,0.120801,low,52.44319,rolling_beta,v3,1,4292,4292,3,manual,pass,Y,,2026-06-04,1,0.382179,0.0,medium,N,context only: source_quality=manual,context only: source_quality=manual,1.0,,-0.004588,geopolitical_supply_shock_hedge,"전쟁, 제재, 해상로 차질, 대만·중동·한반도 긴장처럼 유가·금·방산·변동성이 동시에 움직이는 이벤트성 충격 장세입니다. 뉴스 overlay는 가격 신호를 보강하는 용도로만 해석합니다."
USO,USO,commodity_etf,acute_global_stress_liquidity_crunch,Acute Global Stress / Liquidity Crunch,급성 리스크오프/유동성 경색장,us_global,0.611431,-0.004588,0.968225,positive,0.611431,medium,41.987513,rolling_beta,v3,1,4873,4873,3,market,pass,N,,2026-06-04,1,0.362342,0.0,medium,N,context only: WATCH state,context only: WATCH state,0.736305,0.968225,-0.004588,liquidity_stress_vulnerable,변동성이 튀고 위험자산이 동반 약세를 보이는 단기 스트레스 장세입니다. 상관관계 상승과 유동성 악화를 우선 점검합니다.
USO,USO,commodity_etf,soft_landing_goldilocks,Soft Landing / Goldilocks,우호적 위험선호장,us_global,0.736305,-0.004588,0.968225,positive,0.736305,medium,48.066958,rolling_beta,v3,1,4873,4873,3,market,pass,N,,2026-06-04,0,0.0,0.0,medium,N,non-adverse scenario,inactive scenario,0.736305,0.968225,-0.004588,risk_on_participation,우호적 위험선호장 참여 민감도
USO,USO,commodity_etf,stagflation_reinflation_energy_shock,Stagflation / Reinflation / Energy Shock,물가·에너지 재상승장,us_global,-0.077591,-0.004588,0.736305,negative,0.077591,low,53.197858,rolling_beta,v3,1,4873,4873,2,market,pass,N,,2026-06-04,0,0.0,0.0,high,N,scenario inactive,inactive scenario,1.0,,-0.004588,inflation_hedge,성장 부담이 있는데 유가·원자재·인플레이션 압력이 다시 커지는 장세입니다. 에너지/원자재 수혜와 장기채 부담을 함께 봅니다.
USO,USO,commodity_etf,korea_domestic_financial_stress,Korea Domestic Financial Stress,한국 내수 금융스트레스장,korea_market,0.045025,-0.004588,0.174847,neutral,0.045025,low,84.809459,rolling_beta,v3,1,4292,4292,5,seed,pass,Y,,2026-06-04,0,0.0,0.0,medium,N,scenario inactive,inactive scenario,0.075944,0.174847,-0.004588,korea_financial_stress_vulnerable,"가계부채, 부동산 PF, 비은행권, 금융주와 건설주 스트레스가 한국 자산 전반으로 번지는 장세입니다. 금융/건설 basket, 신용 spread, 단기자금 spread, 원화 약세를 함께 점검합니다."
USO,USO,commodity_etf,semiconductor_ai_cycle_shock,Semiconductor / AI Cycle Shock,AI·반도체 사이클 충격장,korea_semiconductor,0.160259,-0.004588,0.160864,positive,0.160259,low,77.298138,rolling_beta,v3,1,1260,1260,6,market,pass,N,,2026-06-04,0,0.0,0.0,high,N,scenario inactive,inactive scenario,0.097849,0.160864,-0.004588,semiconductor_ai_shock_vulnerable,"AI capex 기대와 반도체 모멘텀이 꺾이면서 미국 성장주와 한국 반도체 대형주가 동시에 압박받는 장세입니다. SOXX, AI leader basket, 한국 반도체 basket의 동반 약세와 원화 압력을 함께 봅니다."
USO,USO,commodity_etf,slowdown_recession_deflation_risk,Slowdown / Recession / Deflation Risk,경기둔화/침체 우려장,us_global,0.639181,-0.004588,0.968225,positive,0.639181,medium,60.696943,rolling_beta,v3,1,4873,4873,3,market,pass,N,,2026-06-04,0,0.0,0.0,high,N,scenario inactive,inactive scenario,0.736305,0.968225,-0.004588,slowdown_vulnerable,수요 둔화와 침체/디플레이션 압력이 커지는 방어적 장세입니다. 주식 beta와 신용위험을 보수적으로 봅니다.
V,V,us_stock,usd_strength_krw_weakness,USD Strength / KRW Weakness,달러강세/원화약세장,fx_krw,-0.102772,-0.000509,0.0,negative,0.102772,low,78.591896,rolling_beta,v3,1,4020,4020,4,market,pass,N,,2026-06-04,1,0.958519,0.958519,high,Y,trade-gated adverse scenario with medium/high evidence,active market context,0.600808,-0.0017,-0.000509,krw_weakness_hedge,달러가 강하고 원화가 약해져 KRW 기준 투자자의 환율 리스크가 커지는 장세입니다. 한국 자산과 USD 노출의 역할을 분리해 봅니다.
V,V,us_stock,china_trade_fragmentation_shock,China / Trade Fragmentation Shock,중국·무역분절 충격장,china_asia,0.110504,-0.000509,0.0,positive,0.110504,low,67.121129,rolling_beta,v3,1,1260,1260,5,market,pass,N,,2026-06-04,1,0.743352,0.743352,high,Y,trade-gated adverse scenario with medium/high evidence,active market context,0.041386,-0.0017,-0.000509,china_asia_shock_vulnerable,중국 경기·무역갈등·공급망 충격이 한국/아시아와 반도체 자산에 번지는 장세입니다. 한국 반도체 factor와 원화 약세를 함께 확인합니다.
V,V,us_stock,higher_for_longer_long_rate_shock,Higher-for-Longer / Long-Rate Shock,장기금리 부담장,us_global,0.893902,-0.000509,0.953716,positive,0.893902,high,60.332483,rolling_beta,v3,1,4569,4569,3,market,pass,N,,2026-06-04,1,0.710094,0.0,high,N,below ACTIVE confidence/coverage trade-gate threshold,active market context,0.988912,0.953716,-0.000509,rate_sensitive,장기금리와 달러 강세 부담이 채권·성장주·신용자산을 압박하는 장세입니다. 고밸류 성장주와 반도체 factor 민감도를 점검합니다.
V,V,us_stock,geopolitical_escalation_supply_shock,Geopolitical Escalation / Supply Shock,지정학 확전·공급충격장,geopolitical,0.061108,-0.000509,0.988912,positive,0.061108,low,52.44319,rolling_beta,v3,1,4020,4020,3,manual,pass,Y,,2026-06-04,1,0.382179,0.0,medium,N,context only: source_quality=manual,context only: source_quality=manual,0.202211,,-0.000509,geopolitical_supply_shock_vulnerable,"전쟁, 제재, 해상로 차질, 대만·중동·한반도 긴장처럼 유가·금·방산·변동성이 동시에 움직이는 이벤트성 충격 장세입니다. 뉴스 overlay는 가격 신호를 보강하는 용도로만 해석합니다."
V,V,us_stock,acute_global_stress_liquidity_crunch,Acute Global Stress / Liquidity Crunch,급성 리스크오프/유동성 경색장,us_global,0.266801,-0.000509,0.953716,positive,0.266801,low,41.987513,rolling_beta,v3,1,4569,4569,3,market,pass,N,,2026-06-04,1,0.362342,0.0,medium,N,context only: WATCH state,context only: WATCH state,0.988912,0.953716,-0.000509,liquidity_stress_vulnerable,변동성이 튀고 위험자산이 동반 약세를 보이는 단기 스트레스 장세입니다. 상관관계 상승과 유동성 악화를 우선 점검합니다.
V,V,us_stock,soft_landing_goldilocks,Soft Landing / Goldilocks,우호적 위험선호장,us_global,0.988912,-0.000509,0.953716,positive,0.988912,high,48.066958,rolling_beta,v3,1,4569,4569,3,market,pass,N,,2026-06-04,0,0.0,0.0,medium,N,non-adverse scenario,inactive scenario,0.988912,0.953716,-0.000509,risk_on_participation,우호적 위험선호장 참여 민감도
V,V,us_stock,stagflation_reinflation_energy_shock,Stagflation / Reinflation / Energy Shock,물가·에너지 재상승장,us_global,0.558841,-0.000509,0.988912,positive,0.558841,medium,53.197858,rolling_beta,v3,1,4569,4569,2,market,pass,N,,2026-06-04,0,0.0,0.0,high,N,scenario inactive,inactive scenario,0.202211,,-0.000509,stagflation_vulnerable,성장 부담이 있는데 유가·원자재·인플레이션 압력이 다시 커지는 장세입니다. 에너지/원자재 수혜와 장기채 부담을 함께 봅니다.
V,V,us_stock,korea_domestic_financial_stress,Korea Domestic Financial Stress,한국 내수 금융스트레스장,korea_market,-0.380459,-0.000509,0.0,negative,0.380459,medium,84.809459,rolling_beta,v3,1,4020,4020,5,seed,pass,Y,,2026-06-04,0,0.0,0.0,medium,N,scenario inactive,inactive scenario,0.041386,-0.0017,-0.000509,korea_financial_stress_hedge,"가계부채, 부동산 PF, 비은행권, 금융주와 건설주 스트레스가 한국 자산 전반으로 번지는 장세입니다. 금융/건설 basket, 신용 spread, 단기자금 spread, 원화 약세를 함께 점검합니다."
V,V,us_stock,semiconductor_ai_cycle_shock,Semiconductor / AI Cycle Shock,AI·반도체 사이클 충격장,korea_semiconductor,-0.02419,-0.000509,0.232222,neutral,0.02419,low,77.298138,rolling_beta,v3,1,1260,1260,6,market,pass,N,,2026-06-04,0,0.0,0.0,high,N,scenario inactive,inactive scenario,0.268916,0.232222,-0.000509,semiconductor_ai_shock_hedge,"AI capex 기대와 반도체 모멘텀이 꺾이면서 미국 성장주와 한국 반도체 대형주가 동시에 압박받는 장세입니다. SOXX, AI leader basket, 한국 반도체 basket의 동반 약세와 원화 압력을 함께 봅니다."
V,V,us_stock,slowdown_recession_deflation_risk,Slowdown / Recession / Deflation Risk,경기둔화/침체 우려장,us_global,0.310604,-0.000509,0.953716,positive,0.310604,medium,60.696943,rolling_beta,v3,1,4569,4569,3,market,pass,N,,2026-06-04,0,0.0,0.0,high,N,scenario inactive,inactive scenario,0.988912,0.953716,-0.000509,slowdown_vulnerable,수요 둔화와 침체/디플레이션 압력이 커지는 방어적 장세입니다. 주식 beta와 신용위험을 보수적으로 봅니다.
VCIT,VCIT,bond_etf,usd_strength_krw_weakness,USD Strength / KRW Weakness,달러강세/원화약세장,fx_krw,-0.285395,-0.000339,0.0,negative,0.285395,low,78.591896,rolling_beta,v3,1,3668,3668,4,market,pass,N,,2026-06-04,1,0.958519,0.958519,high,Y,trade-gated adverse scenario with medium/high evidence,active market context,0.851521,-0.10123,-0.000339,krw_weakness_hedge,달러가 강하고 원화가 약해져 KRW 기준 투자자의 환율 리스크가 커지는 장세입니다. 한국 자산과 USD 노출의 역할을 분리해 봅니다.
VCIT,VCIT,bond_etf,china_trade_fragmentation_shock,China / Trade Fragmentation Shock,중국·무역분절 충격장,china_asia,-0.039828,-0.000339,0.0,neutral,0.039828,low,67.121129,rolling_beta,v3,1,1260,1260,5,market,pass,N,,2026-06-04,1,0.743352,0.743352,high,Y,trade-gated adverse scenario with medium/high evidence,active market context,-0.092765,-0.10123,-0.000339,china_asia_shock_hedge,중국 경기·무역갈등·공급망 충격이 한국/아시아와 반도체 자산에 번지는 장세입니다. 한국 반도체 factor와 원화 약세를 함께 확인합니다.
VCIT,VCIT,bond_etf,higher_for_longer_long_rate_shock,Higher-for-Longer / Long-Rate Shock,장기금리 부담장,us_global,0.492132,-0.000339,0.209499,positive,0.492132,medium,60.332483,rolling_beta,v3,1,4156,4156,3,market,pass,N,,2026-06-04,1,0.710094,0.0,high,N,below ACTIVE confidence/coverage trade-gate threshold,active market context,0.258422,0.209499,-0.000339,rate_sensitive,장기금리와 달러 강세 부담이 채권·성장주·신용자산을 압박하는 장세입니다. 고밸류 성장주와 반도체 factor 민감도를 점검합니다.
VCIT,VCIT,bond_etf,geopolitical_escalation_supply_shock,Geopolitical Escalation / Supply Shock,지정학 확전·공급충격장,geopolitical,-0.160428,-0.000339,0.258422,negative,0.160428,low,52.44319,rolling_beta,v3,1,3668,3668,3,manual,pass,Y,,2026-06-04,1,0.382179,0.0,medium,N,context only: source_quality=manual,context only: source_quality=manual,0.053936,,-0.000339,geopolitical_supply_shock_hedge,"전쟁, 제재, 해상로 차질, 대만·중동·한반도 긴장처럼 유가·금·방산·변동성이 동시에 움직이는 이벤트성 충격 장세입니다. 뉴스 overlay는 가격 신호를 보강하는 용도로만 해석합니다."
VCIT,VCIT,bond_etf,acute_global_stress_liquidity_crunch,Acute Global Stress / Liquidity Crunch,급성 리스크오프/유동성 경색장,us_global,-0.142591,-0.000339,0.209499,negative,0.142591,low,41.987513,rolling_beta,v3,1,4156,4156,3,market,pass,N,,2026-06-04,1,0.362342,0.0,medium,N,context only: WATCH state,context only: WATCH state,0.258422,0.209499,-0.000339,liquidity_stress_defense,변동성이 튀고 위험자산이 동반 약세를 보이는 단기 스트레스 장세입니다. 상관관계 상승과 유동성 악화를 우선 점검합니다.
VCIT,VCIT,bond_etf,soft_landing_goldilocks,Soft Landing / Goldilocks,우호적 위험선호장,us_global,0.258422,-0.000339,0.209499,positive,0.258422,low,48.066958,rolling_beta,v3,1,4156,4156,3,market,pass,N,,2026-06-04,0,0.0,0.0,medium,N,non-adverse scenario,inactive scenario,0.258422,0.209499,-0.000339,risk_on_participation,우호적 위험선호장 참여 민감도
VCIT,VCIT,bond_etf,stagflation_reinflation_energy_shock,Stagflation / Reinflation / Energy Shock,물가·에너지 재상승장,us_global,0.298935,-0.000339,0.258422,positive,0.298935,low,53.197858,rolling_beta,v3,1,4156,4156,2,market,pass,N,,2026-06-04,0,0.0,0.0,high,N,scenario inactive,inactive scenario,0.053936,,-0.000339,stagflation_vulnerable,성장 부담이 있는데 유가·원자재·인플레이션 압력이 다시 커지는 장세입니다. 에너지/원자재 수혜와 장기채 부담을 함께 봅니다.
VCIT,VCIT,bond_etf,korea_domestic_financial_stress,Korea Domestic Financial Stress,한국 내수 금융스트레스장,korea_market,-0.263785,-0.000339,0.0,negative,0.263785,low,84.809459,rolling_beta,v3,1,3668,3668,5,seed,pass,Y,,2026-06-04,0,0.0,0.0,medium,N,scenario inactive,inactive scenario,-0.092765,-0.10123,-0.000339,korea_financial_stress_hedge,"가계부채, 부동산 PF, 비은행권, 금융주와 건설주 스트레스가 한국 자산 전반으로 번지는 장세입니다. 금융/건설 basket, 신용 spread, 단기자금 spread, 원화 약세를 함께 점검합니다."
VCIT,VCIT,bond_etf,semiconductor_ai_cycle_shock,Semiconductor / AI Cycle Shock,AI·반도체 사이클 충격장,korea_semiconductor,-0.229995,-0.000339,0.046145,negative,0.229995,low,77.298138,rolling_beta,v3,1,1260,1260,6,market,pass,N,,2026-06-04,0,0.0,0.0,high,N,scenario inactive,inactive scenario,0.07308,0.046145,-0.000339,semiconductor_ai_shock_hedge,"AI capex 기대와 반도체 모멘텀이 꺾이면서 미국 성장주와 한국 반도체 대형주가 동시에 압박받는 장세입니다. SOXX, AI leader basket, 한국 반도체 basket의 동반 약세와 원화 압력을 함께 봅니다."
VCIT,VCIT,bond_etf,slowdown_recession_deflation_risk,Slowdown / Recession / Deflation Risk,경기둔화/침체 우려장,us_global,-0.170144,-0.000339,0.209499,negative,0.170144,low,60.696943,rolling_beta,v3,1,4156,4156,3,market,pass,N,,2026-06-04,0,0.0,0.0,high,N,scenario inactive,inactive scenario,0.258422,0.209499,-0.000339,slowdown_defense,수요 둔화와 침체/디플레이션 압력이 커지는 방어적 장세입니다. 주식 beta와 신용위험을 보수적으로 봅니다.
VCSH,VCSH,bond_etf,usd_strength_krw_weakness,USD Strength / KRW Weakness,달러강세/원화약세장,fx_krw,-0.286927,0.000167,0.0,negative,0.286927,low,78.591896,rolling_beta,v3,1,3668,3668,4,market,pass,N,,2026-06-04,1,0.958519,0.958519,high,Y,trade-gated adverse scenario with medium/high evidence,active market context,0.877396,-0.098904,0.000167,krw_weakness_hedge,달러가 강하고 원화가 약해져 KRW 기준 투자자의 환율 리스크가 커지는 장세입니다. 한국 자산과 USD 노출의 역할을 분리해 봅니다.
VCSH,VCSH,bond_etf,china_trade_fragmentation_shock,China / Trade Fragmentation Shock,중국·무역분절 충격장,china_asia,-0.053719,0.000167,0.0,negative,0.053719,low,67.121129,rolling_beta,v3,1,1260,1260,5,market,pass,N,,2026-06-04,1,0.743352,0.743352,high,Y,trade-gated adverse scenario with medium/high evidence,active market context,-0.08674,-0.098904,0.000167,china_asia_shock_hedge,중국 경기·무역갈등·공급망 충격이 한국/아시아와 반도체 자산에 번지는 장세입니다. 한국 반도체 factor와 원화 약세를 함께 확인합니다.
VCSH,VCSH,bond_etf,higher_for_longer_long_rate_shock,Higher-for-Longer / Long-Rate Shock,장기금리 부담장,us_global,0.488761,0.000167,0.192616,positive,0.488761,medium,60.332483,rolling_beta,v3,1,4156,4156,3,market,pass,N,,2026-06-04,1,0.710094,0.0,high,N,below ACTIVE confidence/coverage trade-gate threshold,active market context,0.252292,0.192616,0.000167,rate_sensitive,장기금리와 달러 강세 부담이 채권·성장주·신용자산을 압박하는 장세입니다. 고밸류 성장주와 반도체 factor 민감도를 점검합니다.
VCSH,VCSH,bond_etf,geopolitical_escalation_supply_shock,Geopolitical Escalation / Supply Shock,지정학 확전·공급충격장,geopolitical,-0.169045,0.000167,0.252292,negative,0.169045,low,52.44319,rolling_beta,v3,1,3668,3668,3,manual,pass,Y,,2026-06-04,1,0.382179,0.0,medium,N,context only: source_quality=manual,context only: source_quality=manual,0.059943,,0.000167,geopolitical_supply_shock_hedge,"전쟁, 제재, 해상로 차질, 대만·중동·한반도 긴장처럼 유가·금·방산·변동성이 동시에 움직이는 이벤트성 충격 장세입니다. 뉴스 overlay는 가격 신호를 보강하는 용도로만 해석합니다."
VCSH,VCSH,bond_etf,acute_global_stress_liquidity_crunch,Acute Global Stress / Liquidity Crunch,급성 리스크오프/유동성 경색장,us_global,-0.168758,0.000167,0.192616,negative,0.168758,low,41.987513,rolling_beta,v3,1,4156,4156,3,market,pass,N,,2026-06-04,1,0.362342,0.0,medium,N,context only: WATCH state,context only: WATCH state,0.252292,0.192616,0.000167,liquidity_stress_defense,변동성이 튀고 위험자산이 동반 약세를 보이는 단기 스트레스 장세입니다. 상관관계 상승과 유동성 악화를 우선 점검합니다.
VCSH,VCSH,bond_etf,soft_landing_goldilocks,Soft Landing / Goldilocks,우호적 위험선호장,us_global,0.252292,0.000167,0.192616,positive,0.252292,low,48.066958,rolling_beta,v3,1,4156,4156,3,market,pass,N,,2026-06-04,0,0.0,0.0,medium,N,non-adverse scenario,inactive scenario,0.252292,0.192616,0.000167,risk_on_participation,우호적 위험선호장 참여 민감도
VCSH,VCSH,bond_etf,stagflation_reinflation_energy_shock,Stagflation / Reinflation / Energy Shock,물가·에너지 재상승장,us_global,0.284125,0.000167,0.252292,positive,0.284125,low,53.197858,rolling_beta,v3,1,4156,4156,2,market,pass,N,,2026-06-04,0,0.0,0.0,high,N,scenario inactive,inactive scenario,0.059943,,0.000167,stagflation_vulnerable,성장 부담이 있는데 유가·원자재·인플레이션 압력이 다시 커지는 장세입니다. 에너지/원자재 수혜와 장기채 부담을 함께 봅니다.
VCSH,VCSH,bond_etf,korea_domestic_financial_stress,Korea Domestic Financial Stress,한국 내수 금융스트레스장,korea_market,-0.272568,0.000167,0.0,negative,0.272568,low,84.809459,rolling_beta,v3,1,3668,3668,5,seed,pass,Y,,2026-06-04,0,0.0,0.0,medium,N,scenario inactive,inactive scenario,-0.08674,-0.098904,0.000167,korea_financial_stress_hedge,"가계부채, 부동산 PF, 비은행권, 금융주와 건설주 스트레스가 한국 자산 전반으로 번지는 장세입니다. 금융/건설 basket, 신용 spread, 단기자금 spread, 원화 약세를 함께 점검합니다."
VCSH,VCSH,bond_etf,semiconductor_ai_cycle_shock,Semiconductor / AI Cycle Shock,AI·반도체 사이클 충격장,korea_semiconductor,-0.248602,0.000167,0.029157,negative,0.248602,low,77.298138,rolling_beta,v3,1,1260,1260,6,market,pass,N,,2026-06-04,0,0.0,0.0,high,N,scenario inactive,inactive scenario,0.051375,0.029157,0.000167,semiconductor_ai_shock_hedge,"AI capex 기대와 반도체 모멘텀이 꺾이면서 미국 성장주와 한국 반도체 대형주가 동시에 압박받는 장세입니다. SOXX, AI leader basket, 한국 반도체 basket의 동반 약세와 원화 압력을 함께 봅니다."
VCSH,VCSH,bond_etf,slowdown_recession_deflation_risk,Slowdown / Recession / Deflation Risk,경기둔화/침체 우려장,us_global,-0.191858,0.000167,0.192616,negative,0.191858,low,60.696943,rolling_beta,v3,1,4156,4156,3,market,pass,N,,2026-06-04,0,0.0,0.0,high,N,scenario inactive,inactive scenario,0.252292,0.192616,0.000167,slowdown_defense,수요 둔화와 침체/디플레이션 압력이 커지는 방어적 장세입니다. 주식 beta와 신용위험을 보수적으로 봅니다.
VGIT,VGIT,bond_etf,usd_strength_krw_weakness,USD Strength / KRW Weakness,달러강세/원화약세장,fx_krw,-0.305161,0.000715,0.0,negative,0.305161,medium,78.591896,rolling_beta,v3,1,3668,3668,4,market,pass,N,,2026-06-04,1,0.958519,0.958519,high,Y,trade-gated adverse scenario with medium/high evidence,active market context,0.892368,-0.139876,0.000715,krw_weakness_hedge,달러가 강하고 원화가 약해져 KRW 기준 투자자의 환율 리스크가 커지는 장세입니다. 한국 자산과 USD 노출의 역할을 분리해 봅니다.
VGIT,VGIT,bond_etf,china_trade_fragmentation_shock,China / Trade Fragmentation Shock,중국·무역분절 충격장,china_asia,-0.081994,0.000715,0.0,negative,0.081994,low,67.121129,rolling_beta,v3,1,1260,1260,5,market,pass,N,,2026-06-04,1,0.743352,0.743352,high,Y,trade-gated adverse scenario with medium/high evidence,active market context,-0.11677,-0.139876,0.000715,china_asia_shock_hedge,중국 경기·무역갈등·공급망 충격이 한국/아시아와 반도체 자산에 번지는 장세입니다. 한국 반도체 factor와 원화 약세를 함께 확인합니다.
VGIT,VGIT,bond_etf,higher_for_longer_long_rate_shock,Higher-for-Longer / Long-Rate Shock,장기금리 부담장,us_global,0.448646,0.000715,0.081076,positive,0.448646,medium,60.332483,rolling_beta,v3,1,4156,4156,3,market,pass,N,,2026-06-04,1,0.710094,0.0,high,N,below ACTIVE confidence/coverage trade-gate threshold,active market context,0.179356,0.081076,0.000715,rate_sensitive,장기금리와 달러 강세 부담이 채권·성장주·신용자산을 압박하는 장세입니다. 고밸류 성장주와 반도체 factor 민감도를 점검합니다.
VGIT,VGIT,bond_etf,geopolitical_escalation_supply_shock,Geopolitical Escalation / Supply Shock,지정학 확전·공급충격장,geopolitical,-0.206683,0.000715,0.179356,negative,0.206683,low,52.44319,rolling_beta,v3,1,3668,3668,3,manual,pass,Y,,2026-06-04,1,0.382179,0.0,medium,N,context only: source_quality=manual,context only: source_quality=manual,0.038921,,0.000715,geopolitical_supply_shock_hedge,"전쟁, 제재, 해상로 차질, 대만·중동·한반도 긴장처럼 유가·금·방산·변동성이 동시에 움직이는 이벤트성 충격 장세입니다. 뉴스 overlay는 가격 신호를 보강하는 용도로만 해석합니다."
VGIT,VGIT,bond_etf,acute_global_stress_liquidity_crunch,Acute Global Stress / Liquidity Crunch,급성 리스크오프/유동성 경색장,us_global,-0.233512,0.000715,0.081076,negative,0.233512,low,41.987513,rolling_beta,v3,1,4156,4156,3,market,pass,N,,2026-06-04,1,0.362342,0.0,medium,N,context only: WATCH state,context only: WATCH state,0.179356,0.081076,0.000715,liquidity_stress_defense,변동성이 튀고 위험자산이 동반 약세를 보이는 단기 스트레스 장세입니다. 상관관계 상승과 유동성 악화를 우선 점검합니다.
VGIT,VGIT,bond_etf,soft_landing_goldilocks,Soft Landing / Goldilocks,우호적 위험선호장,us_global,0.179356,0.000715,0.081076,positive,0.179356,low,48.066958,rolling_beta,v3,1,4156,4156,3,market,pass,N,,2026-06-04,0,0.0,0.0,medium,N,non-adverse scenario,inactive scenario,0.179356,0.081076,0.000715,neutral_or_defensive,우호적 위험선호장 참여 민감도
VGIT,VGIT,bond_etf,stagflation_reinflation_energy_shock,Stagflation / Reinflation / Energy Shock,물가·에너지 재상승장,us_global,0.244909,0.000715,0.179356,positive,0.244909,low,53.197858,rolling_beta,v3,1,4156,4156,2,market,pass,N,,2026-06-04,0,0.0,0.0,high,N,scenario inactive,inactive scenario,0.038921,,0.000715,stagflation_vulnerable,성장 부담이 있는데 유가·원자재·인플레이션 압력이 다시 커지는 장세입니다. 에너지/원자재 수혜와 장기채 부담을 함께 봅니다.
VGIT,VGIT,bond_etf,korea_domestic_financial_stress,Korea Domestic Financial Stress,한국 내수 금융스트레스장,korea_market,-0.38401,0.000715,0.0,negative,0.38401,medium,84.809459,rolling_beta,v3,1,3668,3668,5,seed,pass,Y,,2026-06-04,0,0.0,0.0,medium,N,scenario inactive,inactive scenario,-0.11677,-0.139876,0.000715,korea_financial_stress_hedge,"가계부채, 부동산 PF, 비은행권, 금융주와 건설주 스트레스가 한국 자산 전반으로 번지는 장세입니다. 금융/건설 basket, 신용 spread, 단기자금 spread, 원화 약세를 함께 점검합니다."
VGIT,VGIT,bond_etf,semiconductor_ai_cycle_shock,Semiconductor / AI Cycle Shock,AI·반도체 사이클 충격장,korea_semiconductor,-0.274505,0.000715,0.004895,negative,0.274505,low,77.298138,rolling_beta,v3,1,1260,1260,6,market,pass,N,,2026-06-04,0,0.0,0.0,high,N,scenario inactive,inactive scenario,0.033704,0.004895,0.000715,semiconductor_ai_shock_hedge,"AI capex 기대와 반도체 모멘텀이 꺾이면서 미국 성장주와 한국 반도체 대형주가 동시에 압박받는 장세입니다. SOXX, AI leader basket, 한국 반도체 basket의 동반 약세와 원화 압력을 함께 봅니다."
VGIT,VGIT,bond_etf,slowdown_recession_deflation_risk,Slowdown / Recession / Deflation Risk,경기둔화/침체 우려장,us_global,-0.25843,0.000715,0.081076,negative,0.25843,low,60.696943,rolling_beta,v3,1,4156,4156,3,market,pass,N,,2026-06-04,0,0.0,0.0,high,N,scenario inactive,inactive scenario,0.179356,0.081076,0.000715,slowdown_defense,수요 둔화와 침체/디플레이션 압력이 커지는 방어적 장세입니다. 주식 beta와 신용위험을 보수적으로 봅니다.
VGLT,VGLT,bond_etf,usd_strength_krw_weakness,USD Strength / KRW Weakness,달러강세/원화약세장,fx_krw,-0.339552,0.001249,0.0,negative,0.339552,medium,78.591896,rolling_beta,v3,1,3641,3641,4,market,pass,N,,2026-06-04,1,0.958519,0.958519,high,Y,trade-gated adverse scenario with medium/high evidence,active market context,0.902304,-0.170742,0.001249,krw_weakness_hedge,달러가 강하고 원화가 약해져 KRW 기준 투자자의 환율 리스크가 커지는 장세입니다. 한국 자산과 USD 노출의 역할을 분리해 봅니다.
VGLT,VGLT,bond_etf,china_trade_fragmentation_shock,China / Trade Fragmentation Shock,중국·무역분절 충격장,china_asia,-0.122862,0.001249,0.0,negative,0.122862,low,67.121129,rolling_beta,v3,1,1260,1260,5,market,pass,N,,2026-06-04,1,0.743352,0.743352,high,Y,trade-gated adverse scenario with medium/high evidence,active market context,-0.152243,-0.170742,0.001249,china_asia_shock_hedge,중국 경기·무역갈등·공급망 충격이 한국/아시아와 반도체 자산에 번지는 장세입니다. 한국 반도체 factor와 원화 약세를 함께 확인합니다.
VGLT,VGLT,bond_etf,higher_for_longer_long_rate_shock,Higher-for-Longer / Long-Rate Shock,장기금리 부담장,us_global,0.372985,0.001249,0.0,positive,0.372985,medium,60.332483,rolling_beta,v3,1,4129,4129,3,market,pass,N,,2026-06-04,1,0.710094,0.0,high,N,below ACTIVE confidence/coverage trade-gate threshold,active market context,0.041791,-0.085173,0.001249,rate_sensitive,장기금리와 달러 강세 부담이 채권·성장주·신용자산을 압박하는 장세입니다. 고밸류 성장주와 반도체 factor 민감도를 점검합니다.
VGLT,VGLT,bond_etf,geopolitical_escalation_supply_shock,Geopolitical Escalation / Supply Shock,지정학 확전·공급충격장,geopolitical,-0.271335,0.001249,0.041791,negative,0.271335,low,52.44319,rolling_beta,v3,1,3641,3641,3,manual,pass,Y,,2026-06-04,1,0.382179,0.0,medium,N,context only: source_quality=manual,context only: source_quality=manual,-0.020464,,0.001249,geopolitical_supply_shock_hedge,"전쟁, 제재, 해상로 차질, 대만·중동·한반도 긴장처럼 유가·금·방산·변동성이 동시에 움직이는 이벤트성 충격 장세입니다. 뉴스 overlay는 가격 신호를 보강하는 용도로만 해석합니다."
VGLT,VGLT,bond_etf,acute_global_stress_liquidity_crunch,Acute Global Stress / Liquidity Crunch,급성 리스크오프/유동성 경색장,us_global,-0.333211,0.001249,0.0,negative,0.333211,medium,41.987513,rolling_beta,v3,1,4129,4129,3,market,pass,N,,2026-06-04,1,0.362342,0.0,medium,N,context only: WATCH state,context only: WATCH state,0.041791,-0.085173,0.001249,liquidity_stress_defense,변동성이 튀고 위험자산이 동반 약세를 보이는 단기 스트레스 장세입니다. 상관관계 상승과 유동성 악화를 우선 점검합니다.
VGLT,VGLT,bond_etf,soft_landing_goldilocks,Soft Landing / Goldilocks,우호적 위험선호장,us_global,0.041791,0.001249,0.0,neutral,0.041791,low,48.066958,rolling_beta,v3,1,4129,4129,3,market,pass,N,,2026-06-04,0,0.0,0.0,medium,N,non-adverse scenario,inactive scenario,0.041791,-0.085173,0.001249,neutral_or_defensive,우호적 위험선호장 참여 민감도
VGLT,VGLT,bond_etf,stagflation_reinflation_energy_shock,Stagflation / Reinflation / Energy Shock,물가·에너지 재상승장,us_global,0.183407,0.001249,0.041791,positive,0.183407,low,53.197858,rolling_beta,v3,1,4129,4129,2,market,pass,N,,2026-06-04,0,0.0,0.0,high,N,scenario inactive,inactive scenario,-0.020464,,0.001249,stagflation_vulnerable,성장 부담이 있는데 유가·원자재·인플레이션 압력이 다시 커지는 장세입니다. 에너지/원자재 수혜와 장기채 부담을 함께 봅니다.
VGLT,VGLT,bond_etf,korea_domestic_financial_stress,Korea Domestic Financial Stress,한국 내수 금융스트레스장,korea_market,-0.395875,0.001249,0.0,negative,0.395875,medium,84.809459,rolling_beta,v3,1,3641,3641,5,seed,pass,Y,,2026-06-04,0,0.0,0.0,medium,N,scenario inactive,inactive scenario,-0.152243,-0.170742,0.001249,korea_financial_stress_hedge,"가계부채, 부동산 PF, 비은행권, 금융주와 건설주 스트레스가 한국 자산 전반으로 번지는 장세입니다. 금융/건설 basket, 신용 spread, 단기자금 spread, 원화 약세를 함께 점검합니다."
VGLT,VGLT,bond_etf,semiconductor_ai_cycle_shock,Semiconductor / AI Cycle Shock,AI·반도체 사이클 충격장,korea_semiconductor,-0.294904,0.001249,0.0,negative,0.294904,low,77.298138,rolling_beta,v3,1,1260,1260,6,market,pass,N,,2026-06-04,0,0.0,0.0,high,N,scenario inactive,inactive scenario,0.033512,-0.007958,0.001249,semiconductor_ai_shock_hedge,"AI capex 기대와 반도체 모멘텀이 꺾이면서 미국 성장주와 한국 반도체 대형주가 동시에 압박받는 장세입니다. SOXX, AI leader basket, 한국 반도체 basket의 동반 약세와 원화 압력을 함께 봅니다."
VGLT,VGLT,bond_etf,slowdown_recession_deflation_risk,Slowdown / Recession / Deflation Risk,경기둔화/침체 우려장,us_global,-0.366544,0.001249,0.0,negative,0.366544,medium,60.696943,rolling_beta,v3,1,4129,4129,3,market,pass,N,,2026-06-04,0,0.0,0.0,high,N,scenario inactive,inactive scenario,0.041791,-0.085173,0.001249,slowdown_defense,수요 둔화와 침체/디플레이션 압력이 커지는 방어적 장세입니다. 주식 beta와 신용위험을 보수적으로 봅니다.
VGSH,VGSH,bond_etf,usd_strength_krw_weakness,USD Strength / KRW Weakness,달러강세/원화약세장,fx_krw,-0.294832,0.000574,0.0,negative,0.294832,low,78.591896,rolling_beta,v3,1,3668,3668,4,market,pass,N,,2026-06-04,1,0.958519,0.958519,high,Y,trade-gated adverse scenario with medium/high evidence,active market context,0.898988,-0.129861,0.000574,krw_weakness_hedge,달러가 강하고 원화가 약해져 KRW 기준 투자자의 환율 리스크가 커지는 장세입니다. 한국 자산과 USD 노출의 역할을 분리해 봅니다.
VGSH,VGSH,bond_etf,china_trade_fragmentation_shock,China / Trade Fragmentation Shock,중국·무역분절 충격장,china_asia,-0.07021,0.000574,0.0,negative,0.07021,low,67.121129,rolling_beta,v3,1,1260,1260,5,market,pass,N,,2026-06-04,1,0.743352,0.743352,high,Y,trade-gated adverse scenario with medium/high evidence,active market context,-0.104102,-0.129861,0.000574,china_asia_shock_hedge,중국 경기·무역갈등·공급망 충격이 한국/아시아와 반도체 자산에 번지는 장세입니다. 한국 반도체 factor와 원화 약세를 함께 확인합니다.
VGSH,VGSH,bond_etf,higher_for_longer_long_rate_shock,Higher-for-Longer / Long-Rate Shock,장기금리 부담장,us_global,0.471371,0.000574,0.133604,positive,0.471371,medium,60.332483,rolling_beta,v3,1,4156,4156,3,market,pass,N,,2026-06-04,1,0.710094,0.0,high,N,below ACTIVE confidence/coverage trade-gate threshold,active market context,0.220674,0.133604,0.000574,rate_sensitive,장기금리와 달러 강세 부담이 채권·성장주·신용자산을 압박하는 장세입니다. 고밸류 성장주와 반도체 factor 민감도를 점검합니다.
VGSH,VGSH,bond_etf,geopolitical_escalation_supply_shock,Geopolitical Escalation / Supply Shock,지정학 확전·공급충격장,geopolitical,-0.185377,0.000574,0.220674,negative,0.185377,low,52.44319,rolling_beta,v3,1,3668,3668,3,manual,pass,Y,,2026-06-04,1,0.382179,0.0,medium,N,context only: source_quality=manual,context only: source_quality=manual,0.056695,,0.000574,geopolitical_supply_shock_hedge,"전쟁, 제재, 해상로 차질, 대만·중동·한반도 긴장처럼 유가·금·방산·변동성이 동시에 움직이는 이벤트성 충격 장세입니다. 뉴스 overlay는 가격 신호를 보강하는 용도로만 해석합니다."
VGSH,VGSH,bond_etf,acute_global_stress_liquidity_crunch,Acute Global Stress / Liquidity Crunch,급성 리스크오프/유동성 경색장,us_global,-0.204449,0.000574,0.133604,negative,0.204449,low,41.987513,rolling_beta,v3,1,4156,4156,3,market,pass,N,,2026-06-04,1,0.362342,0.0,medium,N,context only: WATCH state,context only: WATCH state,0.220674,0.133604,0.000574,liquidity_stress_defense,변동성이 튀고 위험자산이 동반 약세를 보이는 단기 스트레스 장세입니다. 상관관계 상승과 유동성 악화를 우선 점검합니다.
VGSH,VGSH,bond_etf,soft_landing_goldilocks,Soft Landing / Goldilocks,우호적 위험선호장,us_global,0.220674,0.000574,0.133604,positive,0.220674,low,48.066958,rolling_beta,v3,1,4156,4156,3,market,pass,N,,2026-06-04,0,0.0,0.0,medium,N,non-adverse scenario,inactive scenario,0.220674,0.133604,0.000574,risk_on_participation,우호적 위험선호장 참여 민감도
VGSH,VGSH,bond_etf,stagflation_reinflation_energy_shock,Stagflation / Reinflation / Energy Shock,물가·에너지 재상승장,us_global,0.262892,0.000574,0.220674,positive,0.262892,low,53.197858,rolling_beta,v3,1,4156,4156,2,market,pass,N,,2026-06-04,0,0.0,0.0,high,N,scenario inactive,inactive scenario,0.056695,,0.000574,stagflation_vulnerable,성장 부담이 있는데 유가·원자재·인플레이션 압력이 다시 커지는 장세입니다. 에너지/원자재 수혜와 장기채 부담을 함께 봅니다.
VGSH,VGSH,bond_etf,korea_domestic_financial_stress,Korea Domestic Financial Stress,한국 내수 금융스트레스장,korea_market,-0.379496,0.000574,0.0,negative,0.379496,medium,84.809459,rolling_beta,v3,1,3668,3668,5,seed,pass,Y,,2026-06-04,0,0.0,0.0,medium,N,scenario inactive,inactive scenario,-0.104102,-0.129861,0.000574,korea_financial_stress_hedge,"가계부채, 부동산 PF, 비은행권, 금융주와 건설주 스트레스가 한국 자산 전반으로 번지는 장세입니다. 금융/건설 basket, 신용 spread, 단기자금 spread, 원화 약세를 함께 점검합니다."
VGSH,VGSH,bond_etf,semiconductor_ai_cycle_shock,Semiconductor / AI Cycle Shock,AI·반도체 사이클 충격장,korea_semiconductor,-0.266445,0.000574,0.013088,negative,0.266445,low,77.298138,rolling_beta,v3,1,1260,1260,6,market,pass,N,,2026-06-04,0,0.0,0.0,high,N,scenario inactive,inactive scenario,0.034883,0.013088,0.000574,semiconductor_ai_shock_hedge,"AI capex 기대와 반도체 모멘텀이 꺾이면서 미국 성장주와 한국 반도체 대형주가 동시에 압박받는 장세입니다. SOXX, AI leader basket, 한국 반도체 basket의 동반 약세와 원화 압력을 함께 봅니다."
VGSH,VGSH,bond_etf,slowdown_recession_deflation_risk,Slowdown / Recession / Deflation Risk,경기둔화/침체 우려장,us_global,-0.226644,0.000574,0.133604,negative,0.226644,low,60.696943,rolling_beta,v3,1,4156,4156,3,market,pass,N,,2026-06-04,0,0.0,0.0,high,N,scenario inactive,inactive scenario,0.220674,0.133604,0.000574,slowdown_defense,수요 둔화와 침체/디플레이션 압력이 커지는 방어적 장세입니다. 주식 beta와 신용위험을 보수적으로 봅니다.
VIG,VIG,equity_etf,usd_strength_krw_weakness,USD Strength / KRW Weakness,달러강세/원화약세장,fx_krw,-0.127564,-0.001252,0.001823,negative,0.127564,low,78.591896,rolling_beta,v3,1,4292,4292,4,market,pass,N,,2026-06-04,1,0.958519,0.958519,high,Y,trade-gated adverse scenario with medium/high evidence,active market context,0.66347,0.001823,-0.001252,krw_weakness_hedge,달러가 강하고 원화가 약해져 KRW 기준 투자자의 환율 리스크가 커지는 장세입니다. 한국 자산과 USD 노출의 역할을 분리해 봅니다.
VIG,VIG,equity_etf,china_trade_fragmentation_shock,China / Trade Fragmentation Shock,중국·무역분절 충격장,china_asia,0.109253,-0.001252,0.001823,positive,0.109253,low,67.121129,rolling_beta,v3,1,1260,1260,5,market,pass,N,,2026-06-04,1,0.743352,0.743352,high,Y,trade-gated adverse scenario with medium/high evidence,active market context,0.013691,0.001823,-0.001252,china_asia_shock_vulnerable,중국 경기·무역갈등·공급망 충격이 한국/아시아와 반도체 자산에 번지는 장세입니다. 한국 반도체 factor와 원화 약세를 함께 확인합니다.
VIG,VIG,equity_etf,higher_for_longer_long_rate_shock,Higher-for-Longer / Long-Rate Shock,장기금리 부담장,us_global,0.839359,-0.001252,0.880222,positive,0.839359,high,60.332483,rolling_beta,v3,1,4873,4873,3,market,pass,N,,2026-06-04,1,0.710094,0.0,high,N,below ACTIVE confidence/coverage trade-gate threshold,active market context,0.889744,0.880222,-0.001252,rate_sensitive,장기금리와 달러 강세 부담이 채권·성장주·신용자산을 압박하는 장세입니다. 고밸류 성장주와 반도체 factor 민감도를 점검합니다.
VIG,VIG,equity_etf,geopolitical_escalation_supply_shock,Geopolitical Escalation / Supply Shock,지정학 확전·공급충격장,geopolitical,0.047352,-0.001252,0.889744,neutral,0.047352,low,52.44319,rolling_beta,v3,1,4292,4292,3,manual,pass,Y,,2026-06-04,1,0.382179,0.0,medium,N,context only: source_quality=manual,context only: source_quality=manual,0.186214,,-0.001252,geopolitical_supply_shock_vulnerable,"전쟁, 제재, 해상로 차질, 대만·중동·한반도 긴장처럼 유가·금·방산·변동성이 동시에 움직이는 이벤트성 충격 장세입니다. 뉴스 overlay는 가격 신호를 보강하는 용도로만 해석합니다."
VIG,VIG,equity_etf,acute_global_stress_liquidity_crunch,Acute Global Stress / Liquidity Crunch,급성 리스크오프/유동성 경색장,us_global,0.245707,-0.001252,0.880222,positive,0.245707,low,41.987513,rolling_beta,v3,1,4873,4873,3,market,pass,N,,2026-06-04,1,0.362342,0.0,medium,N,context only: WATCH state,context only: WATCH state,0.889744,0.880222,-0.001252,liquidity_stress_vulnerable,변동성이 튀고 위험자산이 동반 약세를 보이는 단기 스트레스 장세입니다. 상관관계 상승과 유동성 악화를 우선 점검합니다.
VIG,VIG,equity_etf,soft_landing_goldilocks,Soft Landing / Goldilocks,우호적 위험선호장,us_global,0.889744,-0.001252,0.880222,positive,0.889744,high,48.066958,rolling_beta,v3,1,4873,4873,3,market,pass,N,,2026-06-04,0,0.0,0.0,medium,N,non-adverse scenario,inactive scenario,0.889744,0.880222,-0.001252,risk_on_participation,우호적 위험선호장 참여 민감도
VIG,VIG,equity_etf,stagflation_reinflation_energy_shock,Stagflation / Reinflation / Energy Shock,물가·에너지 재상승장,us_global,0.542715,-0.001252,0.889744,positive,0.542715,medium,53.197858,rolling_beta,v3,1,4873,4873,2,market,pass,N,,2026-06-04,0,0.0,0.0,high,N,scenario inactive,inactive scenario,0.186214,,-0.001252,stagflation_vulnerable,성장 부담이 있는데 유가·원자재·인플레이션 압력이 다시 커지는 장세입니다. 에너지/원자재 수혜와 장기채 부담을 함께 봅니다.
VIG,VIG,equity_etf,korea_domestic_financial_stress,Korea Domestic Financial Stress,한국 내수 금융스트레스장,korea_market,-0.364383,-0.001252,0.001823,negative,0.364383,medium,84.809459,rolling_beta,v3,1,4292,4292,5,seed,pass,Y,,2026-06-04,0,0.0,0.0,medium,N,scenario inactive,inactive scenario,0.013691,0.001823,-0.001252,korea_financial_stress_hedge,"가계부채, 부동산 PF, 비은행권, 금융주와 건설주 스트레스가 한국 자산 전반으로 번지는 장세입니다. 금융/건설 basket, 신용 spread, 단기자금 spread, 원화 약세를 함께 점검합니다."
VIG,VIG,equity_etf,semiconductor_ai_cycle_shock,Semiconductor / AI Cycle Shock,AI·반도체 사이클 충격장,korea_semiconductor,-0.004306,-0.001252,0.291751,neutral,0.004306,low,77.298138,rolling_beta,v3,1,1260,1260,6,market,pass,N,,2026-06-04,0,0.0,0.0,high,N,scenario inactive,inactive scenario,0.298016,0.291751,-0.001252,semiconductor_ai_shock_hedge,"AI capex 기대와 반도체 모멘텀이 꺾이면서 미국 성장주와 한국 반도체 대형주가 동시에 압박받는 장세입니다. SOXX, AI leader basket, 한국 반도체 basket의 동반 약세와 원화 압력을 함께 봅니다."
VIG,VIG,equity_etf,slowdown_recession_deflation_risk,Slowdown / Recession / Deflation Risk,경기둔화/침체 우려장,us_global,0.27216,-0.001252,0.880222,positive,0.27216,low,60.696943,rolling_beta,v3,1,4873,4873,3,market,pass,N,,2026-06-04,0,0.0,0.0,high,N,scenario inactive,inactive scenario,0.889744,0.880222,-0.001252,slowdown_vulnerable,수요 둔화와 침체/디플레이션 압력이 커지는 방어적 장세입니다. 주식 beta와 신용위험을 보수적으로 봅니다.
VNQ,VNQ,equity_etf,usd_strength_krw_weakness,USD Strength / KRW Weakness,달러강세/원화약세장,fx_krw,-0.081587,-0.001066,0.0,negative,0.081587,low,78.591896,rolling_beta,v3,1,4292,4292,4,market,pass,N,,2026-06-04,1,0.958519,0.958519,high,Y,trade-gated adverse scenario with medium/high evidence,active market context,0.47255,-0.032312,-0.001066,krw_weakness_hedge,달러가 강하고 원화가 약해져 KRW 기준 투자자의 환율 리스크가 커지는 장세입니다. 한국 자산과 USD 노출의 역할을 분리해 봅니다.
VNQ,VNQ,equity_etf,china_trade_fragmentation_shock,China / Trade Fragmentation Shock,중국·무역분절 충격장,china_asia,0.141373,-0.001066,0.0,positive,0.141373,low,67.121129,rolling_beta,v3,1,1260,1260,5,market,pass,N,,2026-06-04,1,0.743352,0.743352,high,Y,trade-gated adverse scenario with medium/high evidence,active market context,0.042599,-0.032312,-0.001066,china_asia_shock_vulnerable,중국 경기·무역갈등·공급망 충격이 한국/아시아와 반도체 자산에 번지는 장세입니다. 한국 반도체 factor와 원화 약세를 함께 확인합니다.
VNQ,VNQ,equity_etf,higher_for_longer_long_rate_shock,Higher-for-Longer / Long-Rate Shock,장기금리 부담장,us_global,0.940509,-0.001066,1.174096,positive,0.940509,high,60.332483,rolling_beta,v3,1,4873,4873,3,market,pass,N,,2026-06-04,1,0.710094,0.0,high,N,below ACTIVE confidence/coverage trade-gate threshold,active market context,1.073653,1.174096,-0.001066,rate_sensitive,장기금리와 달러 강세 부담이 채권·성장주·신용자산을 압박하는 장세입니다. 고밸류 성장주와 반도체 factor 민감도를 점검합니다.
VNQ,VNQ,equity_etf,geopolitical_escalation_supply_shock,Geopolitical Escalation / Supply Shock,지정학 확전·공급충격장,geopolitical,0.080292,-0.001066,1.073653,positive,0.080292,low,52.44319,rolling_beta,v3,1,4292,4292,3,manual,pass,Y,,2026-06-04,1,0.382179,0.0,medium,N,context only: source_quality=manual,context only: source_quality=manual,0.202022,,-0.001066,geopolitical_supply_shock_vulnerable,"전쟁, 제재, 해상로 차질, 대만·중동·한반도 긴장처럼 유가·금·방산·변동성이 동시에 움직이는 이벤트성 충격 장세입니다. 뉴스 overlay는 가격 신호를 보강하는 용도로만 해석합니다."
VNQ,VNQ,equity_etf,acute_global_stress_liquidity_crunch,Acute Global Stress / Liquidity Crunch,급성 리스크오프/유동성 경색장,us_global,0.338465,-0.001066,1.174096,positive,0.338465,medium,41.987513,rolling_beta,v3,1,4873,4873,3,market,pass,N,,2026-06-04,1,0.362342,0.0,medium,N,context only: WATCH state,context only: WATCH state,1.073653,1.174096,-0.001066,liquidity_stress_vulnerable,변동성이 튀고 위험자산이 동반 약세를 보이는 단기 스트레스 장세입니다. 상관관계 상승과 유동성 악화를 우선 점검합니다.
VNQ,VNQ,equity_etf,soft_landing_goldilocks,Soft Landing / Goldilocks,우호적 위험선호장,us_global,1.073653,-0.001066,1.174096,positive,1.073653,high,48.066958,rolling_beta,v3,1,4873,4873,3,market,pass,N,,2026-06-04,0,0.0,0.0,medium,N,non-adverse scenario,inactive scenario,1.073653,1.174096,-0.001066,risk_on_participation,우호적 위험선호장 참여 민감도
VNQ,VNQ,equity_etf,stagflation_reinflation_energy_shock,Stagflation / Reinflation / Energy Shock,물가·에너지 재상승장,us_global,0.602421,-0.001066,1.073653,positive,0.602421,medium,53.197858,rolling_beta,v3,1,4873,4873,2,market,pass,N,,2026-06-04,0,0.0,0.0,high,N,scenario inactive,inactive scenario,0.202022,,-0.001066,stagflation_vulnerable,성장 부담이 있는데 유가·원자재·인플레이션 압력이 다시 커지는 장세입니다. 에너지/원자재 수혜와 장기채 부담을 함께 봅니다.
VNQ,VNQ,equity_etf,korea_domestic_financial_stress,Korea Domestic Financial Stress,한국 내수 금융스트레스장,korea_market,-0.037566,-0.001066,0.0,neutral,0.037566,low,84.809459,rolling_beta,v3,1,4292,4292,5,seed,pass,Y,,2026-06-04,0,0.0,0.0,medium,N,scenario inactive,inactive scenario,0.042599,-0.032312,-0.001066,korea_financial_stress_hedge,"가계부채, 부동산 PF, 비은행권, 금융주와 건설주 스트레스가 한국 자산 전반으로 번지는 장세입니다. 금융/건설 basket, 신용 spread, 단기자금 spread, 원화 약세를 함께 점검합니다."
VNQ,VNQ,equity_etf,semiconductor_ai_cycle_shock,Semiconductor / AI Cycle Shock,AI·반도체 사이클 충격장,korea_semiconductor,-0.019966,-0.001066,0.235399,neutral,0.019966,low,77.298138,rolling_beta,v3,1,1260,1260,6,market,pass,N,,2026-06-04,0,0.0,0.0,high,N,scenario inactive,inactive scenario,0.24193,0.235399,-0.001066,semiconductor_ai_shock_hedge,"AI capex 기대와 반도체 모멘텀이 꺾이면서 미국 성장주와 한국 반도체 대형주가 동시에 압박받는 장세입니다. SOXX, AI leader basket, 한국 반도체 basket의 동반 약세와 원화 압력을 함께 봅니다."
VNQ,VNQ,equity_etf,slowdown_recession_deflation_risk,Slowdown / Recession / Deflation Risk,경기둔화/침체 우려장,us_global,0.385173,-0.001066,1.174096,positive,0.385173,medium,60.696943,rolling_beta,v3,1,4873,4873,3,market,pass,N,,2026-06-04,0,0.0,0.0,high,N,scenario inactive,inactive scenario,1.073653,1.174096,-0.001066,slowdown_vulnerable,수요 둔화와 침체/디플레이션 압력이 커지는 방어적 장세입니다. 주식 beta와 신용위험을 보수적으로 봅니다.
VTI,VTI,equity_etf,usd_strength_krw_weakness,USD Strength / KRW Weakness,달러강세/원화약세장,fx_krw,-0.09864,-0.001582,0.041195,negative,0.09864,low,78.591896,rolling_beta,v3,1,4292,4292,4,market,pass,N,,2026-06-04,1,0.958519,0.958519,high,Y,trade-gated adverse scenario with medium/high evidence,active market context,0.605779,0.041195,-0.001582,krw_weakness_hedge,달러가 강하고 원화가 약해져 KRW 기준 투자자의 환율 리스크가 커지는 장세입니다. 한국 자산과 USD 노출의 역할을 분리해 봅니다.
VTI,VTI,equity_etf,china_trade_fragmentation_shock,China / Trade Fragmentation Shock,중국·무역분절 충격장,china_asia,0.140639,-0.001582,0.041195,positive,0.140639,low,67.121129,rolling_beta,v3,1,1260,1260,5,market,pass,N,,2026-06-04,1,0.743352,0.743352,high,Y,trade-gated adverse scenario with medium/high evidence,active market context,0.057392,0.041195,-0.001582,china_asia_shock_vulnerable,중국 경기·무역갈등·공급망 충격이 한국/아시아와 반도체 자산에 번지는 장세입니다. 한국 반도체 factor와 원화 약세를 함께 확인합니다.
VTI,VTI,equity_etf,higher_for_longer_long_rate_shock,Higher-for-Longer / Long-Rate Shock,장기금리 부담장,us_global,0.452992,-0.001582,1.005062,positive,0.452992,medium,60.332483,rolling_beta,v3,1,4873,4873,3,market,pass,N,,2026-06-04,1,0.710094,0.0,high,N,below ACTIVE confidence/coverage trade-gate threshold,active market context,1.005439,1.005062,-0.001582,rate_sensitive,장기금리와 달러 강세 부담이 채권·성장주·신용자산을 압박하는 장세입니다. 고밸류 성장주와 반도체 factor 민감도를 점검합니다.
VTI,VTI,equity_etf,geopolitical_escalation_supply_shock,Geopolitical Escalation / Supply Shock,지정학 확전·공급충격장,geopolitical,0.085763,-0.001582,1.005439,positive,0.085763,low,52.44319,rolling_beta,v3,1,4292,4292,3,manual,pass,Y,,2026-06-04,1,0.382179,0.0,medium,N,context only: source_quality=manual,context only: source_quality=manual,0.215593,,-0.001582,geopolitical_supply_shock_vulnerable,"전쟁, 제재, 해상로 차질, 대만·중동·한반도 긴장처럼 유가·금·방산·변동성이 동시에 움직이는 이벤트성 충격 장세입니다. 뉴스 overlay는 가격 신호를 보강하는 용도로만 해석합니다."
VTI,VTI,equity_etf,acute_global_stress_liquidity_crunch,Acute Global Stress / Liquidity Crunch,급성 리스크오프/유동성 경색장,us_global,0.324184,-0.001582,1.005062,positive,0.324184,medium,41.987513,rolling_beta,v3,1,4873,4873,3,market,pass,N,,2026-06-04,1,0.362342,0.0,medium,N,context only: WATCH state,context only: WATCH state,1.005439,1.005062,-0.001582,liquidity_stress_vulnerable,변동성이 튀고 위험자산이 동반 약세를 보이는 단기 스트레스 장세입니다. 상관관계 상승과 유동성 악화를 우선 점검합니다.
VTI,VTI,equity_etf,soft_landing_goldilocks,Soft Landing / Goldilocks,우호적 위험선호장,us_global,1.005439,-0.001582,1.005062,positive,1.005439,high,48.066958,rolling_beta,v3,1,4873,4873,3,market,pass,N,,2026-06-04,0,0.0,0.0,medium,N,non-adverse scenario,inactive scenario,1.005439,1.005062,-0.001582,risk_on_participation,우호적 위험선호장 참여 민감도
VTI,VTI,equity_etf,stagflation_reinflation_energy_shock,Stagflation / Reinflation / Energy Shock,물가·에너지 재상승장,us_global,0.391455,-0.001582,1.005439,positive,0.391455,medium,53.197858,rolling_beta,v3,1,4873,4873,2,market,pass,N,,2026-06-04,0,0.0,0.0,high,N,scenario inactive,inactive scenario,0.215593,,-0.001582,stagflation_vulnerable,성장 부담이 있는데 유가·원자재·인플레이션 압력이 다시 커지는 장세입니다. 에너지/원자재 수혜와 장기채 부담을 함께 봅니다.
VTI,VTI,equity_etf,korea_domestic_financial_stress,Korea Domestic Financial Stress,한국 내수 금융스트레스장,korea_market,-0.349495,-0.001582,0.041195,negative,0.349495,medium,84.809459,rolling_beta,v3,1,4292,4292,5,seed,pass,Y,,2026-06-04,0,0.0,0.0,medium,N,scenario inactive,inactive scenario,0.057392,0.041195,-0.001582,korea_financial_stress_hedge,"가계부채, 부동산 PF, 비은행권, 금융주와 건설주 스트레스가 한국 자산 전반으로 번지는 장세입니다. 금융/건설 basket, 신용 spread, 단기자금 spread, 원화 약세를 함께 점검합니다."
VTI,VTI,equity_etf,semiconductor_ai_cycle_shock,Semiconductor / AI Cycle Shock,AI·반도체 사이클 충격장,korea_semiconductor,0.098208,-0.001582,0.437582,positive,0.098208,low,77.298138,rolling_beta,v3,1,1260,1260,6,market,pass,N,,2026-06-04,0,0.0,0.0,high,N,scenario inactive,inactive scenario,0.409599,0.437582,-0.001582,semiconductor_ai_shock_vulnerable,"AI capex 기대와 반도체 모멘텀이 꺾이면서 미국 성장주와 한국 반도체 대형주가 동시에 압박받는 장세입니다. SOXX, AI leader basket, 한국 반도체 basket의 동반 약세와 원화 압력을 함께 봅니다."
VTI,VTI,equity_etf,slowdown_recession_deflation_risk,Slowdown / Recession / Deflation Risk,경기둔화/침체 우려장,us_global,0.358908,-0.001582,1.005062,positive,0.358908,medium,60.696943,rolling_beta,v3,1,4873,4873,3,market,pass,N,,2026-06-04,0,0.0,0.0,high,N,scenario inactive,inactive scenario,1.005439,1.005062,-0.001582,slowdown_vulnerable,수요 둔화와 침체/디플레이션 압력이 커지는 방어적 장세입니다. 주식 beta와 신용위험을 보수적으로 봅니다.
VTV,VTV,equity_etf,usd_strength_krw_weakness,USD Strength / KRW Weakness,달러강세/원화약세장,fx_krw,-0.10999,-0.001634,0.034444,negative,0.10999,low,78.591896,rolling_beta,v3,1,4292,4292,4,market,pass,N,,2026-06-04,1,0.958519,0.958519,high,Y,trade-gated adverse scenario with medium/high evidence,active market context,0.617135,0.034444,-0.001634,krw_weakness_hedge,달러가 강하고 원화가 약해져 KRW 기준 투자자의 환율 리스크가 커지는 장세입니다. 한국 자산과 USD 노출의 역할을 분리해 봅니다.
VTV,VTV,equity_etf,china_trade_fragmentation_shock,China / Trade Fragmentation Shock,중국·무역분절 충격장,china_asia,0.13287,-0.001634,0.034444,positive,0.13287,low,67.121129,rolling_beta,v3,1,1260,1260,5,market,pass,N,,2026-06-04,1,0.743352,0.743352,high,Y,trade-gated adverse scenario with medium/high evidence,active market context,0.043959,0.034444,-0.001634,china_asia_shock_vulnerable,중국 경기·무역갈등·공급망 충격이 한국/아시아와 반도체 자산에 번지는 장세입니다. 한국 반도체 factor와 원화 약세를 함께 확인합니다.
VTV,VTV,equity_etf,higher_for_longer_long_rate_shock,Higher-for-Longer / Long-Rate Shock,장기금리 부담장,us_global,0.878021,-0.001634,0.974724,positive,0.878021,high,60.332483,rolling_beta,v3,1,4873,4873,3,market,pass,N,,2026-06-04,1,0.710094,0.0,high,N,below ACTIVE confidence/coverage trade-gate threshold,active market context,0.960039,0.974724,-0.001634,rate_sensitive,장기금리와 달러 강세 부담이 채권·성장주·신용자산을 압박하는 장세입니다. 고밸류 성장주와 반도체 factor 민감도를 점검합니다.
VTV,VTV,equity_etf,geopolitical_escalation_supply_shock,Geopolitical Escalation / Supply Shock,지정학 확전·공급충격장,geopolitical,0.072839,-0.001634,0.960039,positive,0.072839,low,52.44319,rolling_beta,v3,1,4292,4292,3,manual,pass,Y,,2026-06-04,1,0.382179,0.0,medium,N,context only: source_quality=manual,context only: source_quality=manual,0.223671,,-0.001634,geopolitical_supply_shock_vulnerable,"전쟁, 제재, 해상로 차질, 대만·중동·한반도 긴장처럼 유가·금·방산·변동성이 동시에 움직이는 이벤트성 충격 장세입니다. 뉴스 overlay는 가격 신호를 보강하는 용도로만 해석합니다."
VTV,VTV,equity_etf,acute_global_stress_liquidity_crunch,Acute Global Stress / Liquidity Crunch,급성 리스크오프/유동성 경색장,us_global,0.301573,-0.001634,0.974724,positive,0.301573,medium,41.987513,rolling_beta,v3,1,4873,4873,3,market,pass,N,,2026-06-04,1,0.362342,0.0,medium,N,context only: WATCH state,context only: WATCH state,0.960039,0.974724,-0.001634,liquidity_stress_vulnerable,변동성이 튀고 위험자산이 동반 약세를 보이는 단기 스트레스 장세입니다. 상관관계 상승과 유동성 악화를 우선 점검합니다.
VTV,VTV,equity_etf,soft_landing_goldilocks,Soft Landing / Goldilocks,우호적 위험선호장,us_global,0.960039,-0.001634,0.974724,positive,0.960039,high,48.066958,rolling_beta,v3,1,4873,4873,3,market,pass,N,,2026-06-04,0,0.0,0.0,medium,N,non-adverse scenario,inactive scenario,0.960039,0.974724,-0.001634,risk_on_participation,우호적 위험선호장 참여 민감도
VTV,VTV,equity_etf,stagflation_reinflation_energy_shock,Stagflation / Reinflation / Energy Shock,물가·에너지 재상승장,us_global,0.576876,-0.001634,0.960039,positive,0.576876,medium,53.197858,rolling_beta,v3,1,4873,4873,2,market,pass,N,,2026-06-04,0,0.0,0.0,high,N,scenario inactive,inactive scenario,0.223671,,-0.001634,stagflation_vulnerable,성장 부담이 있는데 유가·원자재·인플레이션 압력이 다시 커지는 장세입니다. 에너지/원자재 수혜와 장기채 부담을 함께 봅니다.
VTV,VTV,equity_etf,korea_domestic_financial_stress,Korea Domestic Financial Stress,한국 내수 금융스트레스장,korea_market,-0.350662,-0.001634,0.034444,negative,0.350662,medium,84.809459,rolling_beta,v3,1,4292,4292,5,seed,pass,Y,,2026-06-04,0,0.0,0.0,medium,N,scenario inactive,inactive scenario,0.043959,0.034444,-0.001634,korea_financial_stress_hedge,"가계부채, 부동산 PF, 비은행권, 금융주와 건설주 스트레스가 한국 자산 전반으로 번지는 장세입니다. 금융/건설 basket, 신용 spread, 단기자금 spread, 원화 약세를 함께 점검합니다."
VTV,VTV,equity_etf,semiconductor_ai_cycle_shock,Semiconductor / AI Cycle Shock,AI·반도체 사이클 충격장,korea_semiconductor,-0.011923,-0.001634,0.261206,neutral,0.011923,low,77.298138,rolling_beta,v3,1,1260,1260,6,market,pass,N,,2026-06-04,0,0.0,0.0,high,N,scenario inactive,inactive scenario,0.259583,0.261206,-0.001634,semiconductor_ai_shock_hedge,"AI capex 기대와 반도체 모멘텀이 꺾이면서 미국 성장주와 한국 반도체 대형주가 동시에 압박받는 장세입니다. SOXX, AI leader basket, 한국 반도체 basket의 동반 약세와 원화 압력을 함께 봅니다."
VTV,VTV,equity_etf,slowdown_recession_deflation_risk,Slowdown / Recession / Deflation Risk,경기둔화/침체 우려장,us_global,0.331232,-0.001634,0.974724,positive,0.331232,medium,60.696943,rolling_beta,v3,1,4873,4873,3,market,pass,N,,2026-06-04,0,0.0,0.0,high,N,scenario inactive,inactive scenario,0.960039,0.974724,-0.001634,slowdown_vulnerable,수요 둔화와 침체/디플레이션 압력이 커지는 방어적 장세입니다. 주식 beta와 신용위험을 보수적으로 봅니다.
VUG,VUG,equity_etf,usd_strength_krw_weakness,USD Strength / KRW Weakness,달러강세/원화약세장,fx_krw,-0.094104,-0.001451,0.034763,negative,0.094104,low,78.591896,rolling_beta,v3,1,4292,4292,4,market,pass,N,,2026-06-04,1,0.958519,0.958519,high,Y,trade-gated adverse scenario with medium/high evidence,active market context,0.591245,0.034763,-0.001451,krw_weakness_hedge,달러가 강하고 원화가 약해져 KRW 기준 투자자의 환율 리스크가 커지는 장세입니다. 한국 자산과 USD 노출의 역할을 분리해 봅니다.
VUG,VUG,equity_etf,china_trade_fragmentation_shock,China / Trade Fragmentation Shock,중국·무역분절 충격장,china_asia,0.490985,-0.001451,0.034763,positive,0.490985,medium,67.121129,rolling_beta,v3,1,1260,1260,5,market,pass,N,,2026-06-04,1,0.743352,0.743352,high,Y,trade-gated adverse scenario with medium/high evidence,active market context,0.060838,0.034763,-0.001451,china_asia_shock_vulnerable,중국 경기·무역갈등·공급망 충격이 한국/아시아와 반도체 자산에 번지는 장세입니다. 한국 반도체 factor와 원화 약세를 함께 확인합니다.
VUG,VUG,equity_etf,higher_for_longer_long_rate_shock,Higher-for-Longer / Long-Rate Shock,장기금리 부담장,us_global,1.162972,-0.001451,1.00378,positive,1.162972,high,60.332483,rolling_beta,v3,1,4873,4873,3,market,pass,N,,2026-06-04,1,0.710094,0.0,high,N,below ACTIVE confidence/coverage trade-gate threshold,active market context,1.023585,1.00378,-0.001451,rate_sensitive,장기금리와 달러 강세 부담이 채권·성장주·신용자산을 압박하는 장세입니다. 고밸류 성장주와 반도체 factor 민감도를 점검합니다.
VUG,VUG,equity_etf,geopolitical_escalation_supply_shock,Geopolitical Escalation / Supply Shock,지정학 확전·공급충격장,geopolitical,0.087812,-0.001451,1.023585,positive,0.087812,low,52.44319,rolling_beta,v3,1,4292,4292,3,manual,pass,Y,,2026-06-04,1,0.382179,0.0,medium,N,context only: source_quality=manual,context only: source_quality=manual,0.202506,,-0.001451,geopolitical_supply_shock_vulnerable,"전쟁, 제재, 해상로 차질, 대만·중동·한반도 긴장처럼 유가·금·방산·변동성이 동시에 움직이는 이벤트성 충격 장세입니다. 뉴스 overlay는 가격 신호를 보강하는 용도로만 해석합니다."
VUG,VUG,equity_etf,acute_global_stress_liquidity_crunch,Acute Global Stress / Liquidity Crunch,급성 리스크오프/유동성 경색장,us_global,0.628254,-0.001451,1.00378,positive,0.628254,medium,41.987513,rolling_beta,v3,1,4873,4873,3,market,pass,N,,2026-06-04,1,0.362342,0.0,medium,N,context only: WATCH state,context only: WATCH state,1.023585,1.00378,-0.001451,liquidity_stress_vulnerable,변동성이 튀고 위험자산이 동반 약세를 보이는 단기 스트레스 장세입니다. 상관관계 상승과 유동성 악화를 우선 점검합니다.
VUG,VUG,equity_etf,soft_landing_goldilocks,Soft Landing / Goldilocks,우호적 위험선호장,us_global,1.023585,-0.001451,1.00378,positive,1.023585,high,48.066958,rolling_beta,v3,1,4873,4873,3,market,pass,N,,2026-06-04,0,0.0,0.0,medium,N,non-adverse scenario,inactive scenario,1.023585,1.00378,-0.001451,risk_on_participation,우호적 위험선호장 참여 민감도
VUG,VUG,equity_etf,stagflation_reinflation_energy_shock,Stagflation / Reinflation / Energy Shock,물가·에너지 재상승장,us_global,0.594523,-0.001451,1.023585,positive,0.594523,medium,53.197858,rolling_beta,v3,1,4873,4873,2,market,pass,N,,2026-06-04,0,0.0,0.0,high,N,scenario inactive,inactive scenario,0.202506,,-0.001451,stagflation_vulnerable,성장 부담이 있는데 유가·원자재·인플레이션 압력이 다시 커지는 장세입니다. 에너지/원자재 수혜와 장기채 부담을 함께 봅니다.
VUG,VUG,equity_etf,korea_domestic_financial_stress,Korea Domestic Financial Stress,한국 내수 금융스트레스장,korea_market,-0.353752,-0.001451,0.034763,negative,0.353752,medium,84.809459,rolling_beta,v3,1,4292,4292,5,seed,pass,Y,,2026-06-04,0,0.0,0.0,medium,N,scenario inactive,inactive scenario,0.060838,0.034763,-0.001451,korea_financial_stress_hedge,"가계부채, 부동산 PF, 비은행권, 금융주와 건설주 스트레스가 한국 자산 전반으로 번지는 장세입니다. 금융/건설 basket, 신용 spread, 단기자금 spread, 원화 약세를 함께 점검합니다."
VUG,VUG,equity_etf,semiconductor_ai_cycle_shock,Semiconductor / AI Cycle Shock,AI·반도체 사이클 충격장,korea_semiconductor,0.677598,-0.001451,0.570797,positive,0.677598,medium,77.298138,rolling_beta,v3,1,1260,1260,6,market,pass,N,,2026-06-04,0,0.0,0.0,high,N,scenario inactive,inactive scenario,0.522269,0.570797,-0.001451,semiconductor_ai_shock_vulnerable,"AI capex 기대와 반도체 모멘텀이 꺾이면서 미국 성장주와 한국 반도체 대형주가 동시에 압박받는 장세입니다. SOXX, AI leader basket, 한국 반도체 basket의 동반 약세와 원화 압력을 함께 봅니다."
VUG,VUG,equity_etf,slowdown_recession_deflation_risk,Slowdown / Recession / Deflation Risk,경기둔화/침체 우려장,us_global,0.366105,-0.001451,1.00378,positive,0.366105,medium,60.696943,rolling_beta,v3,1,4873,4873,3,market,pass,N,,2026-06-04,0,0.0,0.0,high,N,scenario inactive,inactive scenario,1.023585,1.00378,-0.001451,slowdown_vulnerable,수요 둔화와 침체/디플레이션 압력이 커지는 방어적 장세입니다. 주식 beta와 신용위험을 보수적으로 봅니다.
VXUS,VXUS,equity_etf,usd_strength_krw_weakness,USD Strength / KRW Weakness,달러강세/원화약세장,fx_krw,-0.131884,-0.001139,0.131667,negative,0.131884,low,78.591896,rolling_beta,v3,1,3401,3401,4,market,pass,N,,2026-06-04,1,0.958519,0.958519,high,Y,trade-gated adverse scenario with medium/high evidence,active market context,0.520856,0.131667,-0.001139,krw_weakness_hedge,달러가 강하고 원화가 약해져 KRW 기준 투자자의 환율 리스크가 커지는 장세입니다. 한국 자산과 USD 노출의 역할을 분리해 봅니다.
VXUS,VXUS,equity_etf,china_trade_fragmentation_shock,China / Trade Fragmentation Shock,중국·무역분절 충격장,china_asia,0.10296,-0.001139,0.131667,positive,0.10296,low,67.121129,rolling_beta,v3,1,1260,1260,5,market,pass,N,,2026-06-04,1,0.743352,0.743352,high,Y,trade-gated adverse scenario with medium/high evidence,active market context,0.134171,0.131667,-0.001139,china_asia_shock_vulnerable,중국 경기·무역갈등·공급망 충격이 한국/아시아와 반도체 자산에 번지는 장세입니다. 한국 반도체 factor와 원화 약세를 함께 확인합니다.
VXUS,VXUS,equity_etf,higher_for_longer_long_rate_shock,Higher-for-Longer / Long-Rate Shock,장기금리 부담장,us_global,0.379854,-0.001139,0.905779,positive,0.379854,medium,60.332483,rolling_beta,v3,1,3859,3859,3,market,pass,N,,2026-06-04,1,0.710094,0.0,high,N,below ACTIVE confidence/coverage trade-gate threshold,active market context,0.872462,0.905779,-0.001139,rate_sensitive,장기금리와 달러 강세 부담이 채권·성장주·신용자산을 압박하는 장세입니다. 고밸류 성장주와 반도체 factor 민감도를 점검합니다.
VXUS,VXUS,equity_etf,geopolitical_escalation_supply_shock,Geopolitical Escalation / Supply Shock,지정학 확전·공급충격장,geopolitical,-0.085314,-0.001139,0.872462,negative,0.085314,low,52.44319,rolling_beta,v3,1,3401,3401,3,manual,pass,Y,,2026-06-04,1,0.382179,0.0,medium,N,context only: source_quality=manual,context only: source_quality=manual,0.180857,,-0.001139,geopolitical_supply_shock_hedge,"전쟁, 제재, 해상로 차질, 대만·중동·한반도 긴장처럼 유가·금·방산·변동성이 동시에 움직이는 이벤트성 충격 장세입니다. 뉴스 overlay는 가격 신호를 보강하는 용도로만 해석합니다."
VXUS,VXUS,equity_etf,acute_global_stress_liquidity_crunch,Acute Global Stress / Liquidity Crunch,급성 리스크오프/유동성 경색장,us_global,0.531096,-0.001139,0.905779,positive,0.531096,medium,41.987513,rolling_beta,v3,1,3859,3859,3,market,pass,N,,2026-06-04,1,0.362342,0.0,medium,N,context only: WATCH state,context only: WATCH state,0.872462,0.905779,-0.001139,liquidity_stress_vulnerable,변동성이 튀고 위험자산이 동반 약세를 보이는 단기 스트레스 장세입니다. 상관관계 상승과 유동성 악화를 우선 점검합니다.
VXUS,VXUS,equity_etf,soft_landing_goldilocks,Soft Landing / Goldilocks,우호적 위험선호장,us_global,0.872462,-0.001139,0.905779,positive,0.872462,high,48.066958,rolling_beta,v3,1,3859,3859,3,market,pass,N,,2026-06-04,0,0.0,0.0,medium,N,non-adverse scenario,inactive scenario,0.872462,0.905779,-0.001139,risk_on_participation,우호적 위험선호장 참여 민감도
VXUS,VXUS,equity_etf,stagflation_reinflation_energy_shock,Stagflation / Reinflation / Energy Shock,물가·에너지 재상승장,us_global,-0.11617,-0.001139,0.872462,negative,0.11617,low,53.197858,rolling_beta,v3,1,3859,3859,2,market,pass,N,,2026-06-04,0,0.0,0.0,high,N,scenario inactive,inactive scenario,0.180857,,-0.001139,inflation_hedge,성장 부담이 있는데 유가·원자재·인플레이션 압력이 다시 커지는 장세입니다. 에너지/원자재 수혜와 장기채 부담을 함께 봅니다.
VXUS,VXUS,equity_etf,korea_domestic_financial_stress,Korea Domestic Financial Stress,한국 내수 금융스트레스장,korea_market,-0.035309,-0.001139,0.131667,neutral,0.035309,low,84.809459,rolling_beta,v3,1,3401,3401,5,seed,pass,Y,,2026-06-04,0,0.0,0.0,medium,N,scenario inactive,inactive scenario,0.134171,0.131667,-0.001139,korea_financial_stress_hedge,"가계부채, 부동산 PF, 비은행권, 금융주와 건설주 스트레스가 한국 자산 전반으로 번지는 장세입니다. 금융/건설 basket, 신용 spread, 단기자금 spread, 원화 약세를 함께 점검합니다."
VXUS,VXUS,equity_etf,semiconductor_ai_cycle_shock,Semiconductor / AI Cycle Shock,AI·반도체 사이클 충격장,korea_semiconductor,0.277624,-0.001139,0.320792,positive,0.277624,low,77.298138,rolling_beta,v3,1,1260,1260,6,market,pass,N,,2026-06-04,0,0.0,0.0,high,N,scenario inactive,inactive scenario,0.321669,0.320792,-0.001139,semiconductor_ai_shock_vulnerable,"AI capex 기대와 반도체 모멘텀이 꺾이면서 미국 성장주와 한국 반도체 대형주가 동시에 압박받는 장세입니다. SOXX, AI leader basket, 한국 반도체 basket의 동반 약세와 원화 압력을 함께 봅니다."
VXUS,VXUS,equity_etf,slowdown_recession_deflation_risk,Slowdown / Recession / Deflation Risk,경기둔화/침체 우려장,us_global,0.606955,-0.001139,0.905779,positive,0.606955,medium,60.696943,rolling_beta,v3,1,3859,3859,3,market,pass,N,,2026-06-04,0,0.0,0.0,high,N,scenario inactive,inactive scenario,0.872462,0.905779,-0.001139,slowdown_vulnerable,수요 둔화와 침체/디플레이션 압력이 커지는 방어적 장세입니다. 주식 beta와 신용위험을 보수적으로 봅니다.
WMT,WMT,us_stock,usd_strength_krw_weakness,USD Strength / KRW Weakness,달러강세/원화약세장,fx_krw,-0.188904,0.001375,0.0,negative,0.188904,low,78.591896,rolling_beta,v3,1,4292,4292,4,market,pass,N,,2026-06-04,1,0.958519,0.958519,high,Y,trade-gated adverse scenario with medium/high evidence,active market context,0.786413,-0.128102,0.001375,krw_weakness_hedge,달러가 강하고 원화가 약해져 KRW 기준 투자자의 환율 리스크가 커지는 장세입니다. 한국 자산과 USD 노출의 역할을 분리해 봅니다.
WMT,WMT,us_stock,china_trade_fragmentation_shock,China / Trade Fragmentation Shock,중국·무역분절 충격장,china_asia,-0.005495,0.001375,0.0,neutral,0.005495,low,67.121129,rolling_beta,v3,1,1260,1260,5,market,pass,N,,2026-06-04,1,0.743352,0.743352,high,Y,trade-gated adverse scenario with medium/high evidence,active market context,-0.100813,-0.128102,0.001375,china_asia_shock_hedge,중국 경기·무역갈등·공급망 충격이 한국/아시아와 반도체 자산에 번지는 장세입니다. 한국 반도체 factor와 원화 약세를 함께 확인합니다.
WMT,WMT,us_stock,higher_for_longer_long_rate_shock,Higher-for-Longer / Long-Rate Shock,장기금리 부담장,us_global,0.704411,0.001375,0.625037,positive,0.704411,medium,60.332483,rolling_beta,v3,1,4873,4873,3,market,pass,N,,2026-06-04,1,0.710094,0.0,high,N,below ACTIVE confidence/coverage trade-gate threshold,active market context,0.644384,0.625037,0.001375,rate_sensitive,장기금리와 달러 강세 부담이 채권·성장주·신용자산을 압박하는 장세입니다. 고밸류 성장주와 반도체 factor 민감도를 점검합니다.
WMT,WMT,us_stock,geopolitical_escalation_supply_shock,Geopolitical Escalation / Supply Shock,지정학 확전·공급충격장,geopolitical,-0.080322,0.001375,0.644384,negative,0.080322,low,52.44319,rolling_beta,v3,1,4292,4292,3,manual,pass,Y,,2026-06-04,1,0.382179,0.0,medium,N,context only: source_quality=manual,context only: source_quality=manual,0.108985,,0.001375,geopolitical_supply_shock_hedge,"전쟁, 제재, 해상로 차질, 대만·중동·한반도 긴장처럼 유가·금·방산·변동성이 동시에 움직이는 이벤트성 충격 장세입니다. 뉴스 overlay는 가격 신호를 보강하는 용도로만 해석합니다."
WMT,WMT,us_stock,acute_global_stress_liquidity_crunch,Acute Global Stress / Liquidity Crunch,급성 리스크오프/유동성 경색장,us_global,-0.007459,0.001375,0.625037,neutral,0.007459,low,41.987513,rolling_beta,v3,1,4873,4873,3,market,pass,N,,2026-06-04,1,0.362342,0.0,medium,N,context only: WATCH state,context only: WATCH state,0.644384,0.625037,0.001375,liquidity_stress_defense,변동성이 튀고 위험자산이 동반 약세를 보이는 단기 스트레스 장세입니다. 상관관계 상승과 유동성 악화를 우선 점검합니다.
WMT,WMT,us_stock,soft_landing_goldilocks,Soft Landing / Goldilocks,우호적 위험선호장,us_global,0.644384,0.001375,0.625037,positive,0.644384,medium,48.066958,rolling_beta,v3,1,4873,4873,3,market,pass,N,,2026-06-04,0,0.0,0.0,medium,N,non-adverse scenario,inactive scenario,0.644384,0.625037,0.001375,risk_on_participation,우호적 위험선호장 참여 민감도
WMT,WMT,us_stock,stagflation_reinflation_energy_shock,Stagflation / Reinflation / Energy Shock,물가·에너지 재상승장,us_global,0.391162,0.001375,0.644384,positive,0.391162,medium,53.197858,rolling_beta,v3,1,4873,4873,2,market,pass,N,,2026-06-04,0,0.0,0.0,high,N,scenario inactive,inactive scenario,0.108985,,0.001375,stagflation_vulnerable,성장 부담이 있는데 유가·원자재·인플레이션 압력이 다시 커지는 장세입니다. 에너지/원자재 수혜와 장기채 부담을 함께 봅니다.
WMT,WMT,us_stock,korea_domestic_financial_stress,Korea Domestic Financial Stress,한국 내수 금융스트레스장,korea_market,-0.41641,0.001375,0.0,negative,0.41641,medium,84.809459,rolling_beta,v3,1,4292,4292,5,seed,pass,Y,,2026-06-04,0,0.0,0.0,medium,N,scenario inactive,inactive scenario,-0.100813,-0.128102,0.001375,korea_financial_stress_hedge,"가계부채, 부동산 PF, 비은행권, 금융주와 건설주 스트레스가 한국 자산 전반으로 번지는 장세입니다. 금융/건설 basket, 신용 spread, 단기자금 spread, 원화 약세를 함께 점검합니다."
WMT,WMT,us_stock,semiconductor_ai_cycle_shock,Semiconductor / AI Cycle Shock,AI·반도체 사이클 충격장,korea_semiconductor,-0.171692,0.001375,0.106668,negative,0.171692,low,77.298138,rolling_beta,v3,1,1260,1260,6,market,pass,N,,2026-06-04,0,0.0,0.0,high,N,scenario inactive,inactive scenario,0.127378,0.106668,0.001375,semiconductor_ai_shock_hedge,"AI capex 기대와 반도체 모멘텀이 꺾이면서 미국 성장주와 한국 반도체 대형주가 동시에 압박받는 장세입니다. SOXX, AI leader basket, 한국 반도체 basket의 동반 약세와 원화 압력을 함께 봅니다."
WMT,WMT,us_stock,slowdown_recession_deflation_risk,Slowdown / Recession / Deflation Risk,경기둔화/침체 우려장,us_global,0.020728,0.001375,0.625037,neutral,0.020728,low,60.696943,rolling_beta,v3,1,4873,4873,3,market,pass,N,,2026-06-04,0,0.0,0.0,high,N,scenario inactive,inactive scenario,0.644384,0.625037,0.001375,slowdown_vulnerable,수요 둔화와 침체/디플레이션 압력이 커지는 방어적 장세입니다. 주식 beta와 신용위험을 보수적으로 봅니다.
XBI,XBI,equity_etf,usd_strength_krw_weakness,USD Strength / KRW Weakness,달러강세/원화약세장,fx_krw,-0.096911,0.000468,0.0,negative,0.096911,low,78.591896,rolling_beta,v3,1,4292,4292,4,market,pass,N,,2026-06-04,1,0.958519,0.958519,high,Y,trade-gated adverse scenario with medium/high evidence,active market context,0.593355,-0.067457,0.000468,krw_weakness_hedge,달러가 강하고 원화가 약해져 KRW 기준 투자자의 환율 리스크가 커지는 장세입니다. 한국 자산과 USD 노출의 역할을 분리해 봅니다.
XBI,XBI,equity_etf,china_trade_fragmentation_shock,China / Trade Fragmentation Shock,중국·무역분절 충격장,china_asia,0.090767,0.000468,0.0,positive,0.090767,low,67.121129,rolling_beta,v3,1,1260,1260,5,market,pass,N,,2026-06-04,1,0.743352,0.743352,high,Y,trade-gated adverse scenario with medium/high evidence,active market context,-0.004541,-0.067457,0.000468,china_asia_shock_vulnerable,중국 경기·무역갈등·공급망 충격이 한국/아시아와 반도체 자산에 번지는 장세입니다. 한국 반도체 factor와 원화 약세를 함께 확인합니다.
XBI,XBI,equity_etf,higher_for_longer_long_rate_shock,Higher-for-Longer / Long-Rate Shock,장기금리 부담장,us_global,0.906796,0.000468,0.987972,positive,0.906796,high,60.332483,rolling_beta,v3,1,4873,4873,3,market,pass,N,,2026-06-04,1,0.710094,0.0,high,N,below ACTIVE confidence/coverage trade-gate threshold,active market context,1.012356,0.987972,0.000468,rate_sensitive,장기금리와 달러 강세 부담이 채권·성장주·신용자산을 압박하는 장세입니다. 고밸류 성장주와 반도체 factor 민감도를 점검합니다.
XBI,XBI,equity_etf,geopolitical_escalation_supply_shock,Geopolitical Escalation / Supply Shock,지정학 확전·공급충격장,geopolitical,0.038083,0.000468,1.012356,neutral,0.038083,low,52.44319,rolling_beta,v3,1,4292,4292,3,manual,pass,Y,,2026-06-04,1,0.382179,0.0,medium,N,context only: source_quality=manual,context only: source_quality=manual,0.184765,,0.000468,geopolitical_supply_shock_vulnerable,"전쟁, 제재, 해상로 차질, 대만·중동·한반도 긴장처럼 유가·금·방산·변동성이 동시에 움직이는 이벤트성 충격 장세입니다. 뉴스 overlay는 가격 신호를 보강하는 용도로만 해석합니다."
XBI,XBI,equity_etf,acute_global_stress_liquidity_crunch,Acute Global Stress / Liquidity Crunch,급성 리스크오프/유동성 경색장,us_global,0.235728,0.000468,0.987972,positive,0.235728,low,41.987513,rolling_beta,v3,1,4873,4873,3,market,pass,N,,2026-06-04,1,0.362342,0.0,medium,N,context only: WATCH state,context only: WATCH state,1.012356,0.987972,0.000468,liquidity_stress_vulnerable,변동성이 튀고 위험자산이 동반 약세를 보이는 단기 스트레스 장세입니다. 상관관계 상승과 유동성 악화를 우선 점검합니다.
XBI,XBI,equity_etf,soft_landing_goldilocks,Soft Landing / Goldilocks,우호적 위험선호장,us_global,1.012356,0.000468,0.987972,positive,1.012356,high,48.066958,rolling_beta,v3,1,4873,4873,3,market,pass,N,,2026-06-04,0,0.0,0.0,medium,N,non-adverse scenario,inactive scenario,1.012356,0.987972,0.000468,risk_on_participation,우호적 위험선호장 참여 민감도
XBI,XBI,equity_etf,stagflation_reinflation_energy_shock,Stagflation / Reinflation / Energy Shock,물가·에너지 재상승장,us_global,0.54262,0.000468,1.012356,positive,0.54262,medium,53.197858,rolling_beta,v3,1,4873,4873,2,market,pass,N,,2026-06-04,0,0.0,0.0,high,N,scenario inactive,inactive scenario,0.184765,,0.000468,stagflation_vulnerable,성장 부담이 있는데 유가·원자재·인플레이션 압력이 다시 커지는 장세입니다. 에너지/원자재 수혜와 장기채 부담을 함께 봅니다.
XBI,XBI,equity_etf,korea_domestic_financial_stress,Korea Domestic Financial Stress,한국 내수 금융스트레스장,korea_market,-0.422701,0.000468,0.0,negative,0.422701,medium,84.809459,rolling_beta,v3,1,4292,4292,5,seed,pass,Y,,2026-06-04,0,0.0,0.0,medium,N,scenario inactive,inactive scenario,-0.004541,-0.067457,0.000468,korea_financial_stress_hedge,"가계부채, 부동산 PF, 비은행권, 금융주와 건설주 스트레스가 한국 자산 전반으로 번지는 장세입니다. 금융/건설 basket, 신용 spread, 단기자금 spread, 원화 약세를 함께 점검합니다."
XBI,XBI,equity_etf,semiconductor_ai_cycle_shock,Semiconductor / AI Cycle Shock,AI·반도체 사이클 충격장,korea_semiconductor,0.309404,0.000468,0.520026,positive,0.309404,medium,77.298138,rolling_beta,v3,1,1260,1260,6,market,pass,N,,2026-06-04,0,0.0,0.0,high,N,scenario inactive,inactive scenario,0.45711,0.520026,0.000468,semiconductor_ai_shock_vulnerable,"AI capex 기대와 반도체 모멘텀이 꺾이면서 미국 성장주와 한국 반도체 대형주가 동시에 압박받는 장세입니다. SOXX, AI leader basket, 한국 반도체 basket의 동반 약세와 원화 압력을 함께 봅니다."
XBI,XBI,equity_etf,slowdown_recession_deflation_risk,Slowdown / Recession / Deflation Risk,경기둔화/침체 우려장,us_global,0.291645,0.000468,0.987972,positive,0.291645,low,60.696943,rolling_beta,v3,1,4873,4873,3,market,pass,N,,2026-06-04,0,0.0,0.0,high,N,scenario inactive,inactive scenario,1.012356,0.987972,0.000468,slowdown_vulnerable,수요 둔화와 침체/디플레이션 압력이 커지는 방어적 장세입니다. 주식 beta와 신용위험을 보수적으로 봅니다.
XLB,XLB,equity_etf,usd_strength_krw_weakness,USD Strength / KRW Weakness,달러강세/원화약세장,fx_krw,-0.097191,-0.001367,0.079949,negative,0.097191,low,78.591896,rolling_beta,v3,1,4292,4292,4,market,pass,N,,2026-06-04,1,0.958519,0.958519,high,Y,trade-gated adverse scenario with medium/high evidence,active market context,0.540904,0.079949,-0.001367,krw_weakness_hedge,달러가 강하고 원화가 약해져 KRW 기준 투자자의 환율 리스크가 커지는 장세입니다. 한국 자산과 USD 노출의 역할을 분리해 봅니다.
XLB,XLB,equity_etf,china_trade_fragmentation_shock,China / Trade Fragmentation Shock,중국·무역분절 충격장,china_asia,0.136432,-0.001367,0.079949,positive,0.136432,low,67.121129,rolling_beta,v3,1,1260,1260,5,market,pass,N,,2026-06-04,1,0.743352,0.743352,high,Y,trade-gated adverse scenario with medium/high evidence,active market context,0.102344,0.079949,-0.001367,china_asia_shock_vulnerable,중국 경기·무역갈등·공급망 충격이 한국/아시아와 반도체 자산에 번지는 장세입니다. 한국 반도체 factor와 원화 약세를 함께 확인합니다.
XLB,XLB,equity_etf,higher_for_longer_long_rate_shock,Higher-for-Longer / Long-Rate Shock,장기금리 부담장,us_global,0.456179,-0.001367,1.015734,positive,0.456179,medium,60.332483,rolling_beta,v3,1,4873,4873,3,market,pass,N,,2026-06-04,1,0.710094,0.0,high,N,below ACTIVE confidence/coverage trade-gate threshold,active market context,1.011234,1.015734,-0.001367,rate_sensitive,장기금리와 달러 강세 부담이 채권·성장주·신용자산을 압박하는 장세입니다. 고밸류 성장주와 반도체 factor 민감도를 점검합니다.
XLB,XLB,equity_etf,geopolitical_escalation_supply_shock,Geopolitical Escalation / Supply Shock,지정학 확전·공급충격장,geopolitical,-0.041294,-0.001367,1.011234,neutral,0.041294,low,52.44319,rolling_beta,v3,1,4292,4292,3,manual,pass,Y,,2026-06-04,1,0.382179,0.0,medium,N,context only: source_quality=manual,context only: source_quality=manual,0.262825,,-0.001367,geopolitical_supply_shock_hedge,"전쟁, 제재, 해상로 차질, 대만·중동·한반도 긴장처럼 유가·금·방산·변동성이 동시에 움직이는 이벤트성 충격 장세입니다. 뉴스 overlay는 가격 신호를 보강하는 용도로만 해석합니다."
XLB,XLB,equity_etf,acute_global_stress_liquidity_crunch,Acute Global Stress / Liquidity Crunch,급성 리스크오프/유동성 경색장,us_global,0.617713,-0.001367,1.015734,positive,0.617713,medium,41.987513,rolling_beta,v3,1,4873,4873,3,market,pass,N,,2026-06-04,1,0.362342,0.0,medium,N,context only: WATCH state,context only: WATCH state,1.011234,1.015734,-0.001367,liquidity_stress_vulnerable,변동성이 튀고 위험자산이 동반 약세를 보이는 단기 스트레스 장세입니다. 상관관계 상승과 유동성 악화를 우선 점검합니다.
XLB,XLB,equity_etf,soft_landing_goldilocks,Soft Landing / Goldilocks,우호적 위험선호장,us_global,1.011234,-0.001367,1.015734,positive,1.011234,high,48.066958,rolling_beta,v3,1,4873,4873,3,market,pass,N,,2026-06-04,0,0.0,0.0,medium,N,non-adverse scenario,inactive scenario,1.011234,1.015734,-0.001367,risk_on_participation,우호적 위험선호장 참여 민감도
XLB,XLB,equity_etf,stagflation_reinflation_energy_shock,Stagflation / Reinflation / Energy Shock,물가·에너지 재상승장,us_global,-0.061882,-0.001367,1.011234,negative,0.061882,low,53.197858,rolling_beta,v3,1,4873,4873,2,market,pass,N,,2026-06-04,0,0.0,0.0,high,N,scenario inactive,inactive scenario,0.262825,,-0.001367,inflation_hedge,성장 부담이 있는데 유가·원자재·인플레이션 압력이 다시 커지는 장세입니다. 에너지/원자재 수혜와 장기채 부담을 함께 봅니다.
XLB,XLB,equity_etf,korea_domestic_financial_stress,Korea Domestic Financial Stress,한국 내수 금융스트레스장,korea_market,-0.044385,-0.001367,0.079949,neutral,0.044385,low,84.809459,rolling_beta,v3,1,4292,4292,5,seed,pass,Y,,2026-06-04,0,0.0,0.0,medium,N,scenario inactive,inactive scenario,0.102344,0.079949,-0.001367,korea_financial_stress_hedge,"가계부채, 부동산 PF, 비은행권, 금융주와 건설주 스트레스가 한국 자산 전반으로 번지는 장세입니다. 금융/건설 basket, 신용 spread, 단기자금 spread, 원화 약세를 함께 점검합니다."
XLB,XLB,equity_etf,semiconductor_ai_cycle_shock,Semiconductor / AI Cycle Shock,AI·반도체 사이클 충격장,korea_semiconductor,0.29345,-0.001367,0.323723,positive,0.29345,low,77.298138,rolling_beta,v3,1,1260,1260,6,market,pass,N,,2026-06-04,0,0.0,0.0,high,N,scenario inactive,inactive scenario,0.330925,0.323723,-0.001367,semiconductor_ai_shock_vulnerable,"AI capex 기대와 반도체 모멘텀이 꺾이면서 미국 성장주와 한국 반도체 대형주가 동시에 압박받는 장세입니다. SOXX, AI leader basket, 한국 반도체 basket의 동반 약세와 원화 압력을 함께 봅니다."
XLB,XLB,equity_etf,slowdown_recession_deflation_risk,Slowdown / Recession / Deflation Risk,경기둔화/침체 우려장,us_global,0.705162,-0.001367,1.015734,positive,0.705162,medium,60.696943,rolling_beta,v3,1,4873,4873,3,market,pass,N,,2026-06-04,0,0.0,0.0,high,N,scenario inactive,inactive scenario,1.011234,1.015734,-0.001367,slowdown_vulnerable,수요 둔화와 침체/디플레이션 압력이 커지는 방어적 장세입니다. 주식 beta와 신용위험을 보수적으로 봅니다.
XLC,XLC,equity_etf,usd_strength_krw_weakness,USD Strength / KRW Weakness,달러강세/원화약세장,fx_krw,-0.103891,-0.000842,0.003818,negative,0.103891,low,78.591896,rolling_beta,v3,1,1765,1765,4,market,pass,N,,2026-06-04,1,0.958519,0.958519,high,Y,trade-gated adverse scenario with medium/high evidence,active market context,0.615325,0.003818,-0.000842,krw_weakness_hedge,달러가 강하고 원화가 약해져 KRW 기준 투자자의 환율 리스크가 커지는 장세입니다. 한국 자산과 USD 노출의 역할을 분리해 봅니다.
XLC,XLC,equity_etf,china_trade_fragmentation_shock,China / Trade Fragmentation Shock,중국·무역분절 충격장,china_asia,0.117937,-0.000842,0.003818,positive,0.117937,low,67.121129,rolling_beta,v3,1,1260,1260,5,market,pass,N,,2026-06-04,1,0.743352,0.743352,high,Y,trade-gated adverse scenario with medium/high evidence,active market context,0.016064,0.003818,-0.000842,china_asia_shock_vulnerable,중국 경기·무역갈등·공급망 충격이 한국/아시아와 반도체 자산에 번지는 장세입니다. 한국 반도체 factor와 원화 약세를 함께 확인합니다.
XLC,XLC,equity_etf,higher_for_longer_long_rate_shock,Higher-for-Longer / Long-Rate Shock,장기금리 부담장,us_global,0.89144,-0.000842,0.986478,positive,0.89144,high,60.332483,rolling_beta,v3,1,2000,2000,3,market,pass,N,,2026-06-04,1,0.710094,0.0,high,N,below ACTIVE confidence/coverage trade-gate threshold,active market context,0.984436,0.986478,-0.000842,rate_sensitive,장기금리와 달러 강세 부담이 채권·성장주·신용자산을 압박하는 장세입니다. 고밸류 성장주와 반도체 factor 민감도를 점검합니다.
XLC,XLC,equity_etf,geopolitical_escalation_supply_shock,Geopolitical Escalation / Supply Shock,지정학 확전·공급충격장,geopolitical,0.075091,-0.000842,0.984436,positive,0.075091,low,52.44319,rolling_beta,v3,1,1765,1765,3,manual,pass,Y,,2026-06-04,1,0.382179,0.0,medium,N,context only: source_quality=manual,context only: source_quality=manual,0.127719,,-0.000842,geopolitical_supply_shock_vulnerable,"전쟁, 제재, 해상로 차질, 대만·중동·한반도 긴장처럼 유가·금·방산·변동성이 동시에 움직이는 이벤트성 충격 장세입니다. 뉴스 overlay는 가격 신호를 보강하는 용도로만 해석합니다."
XLC,XLC,equity_etf,acute_global_stress_liquidity_crunch,Acute Global Stress / Liquidity Crunch,급성 리스크오프/유동성 경색장,us_global,0.27933,-0.000842,0.986478,positive,0.27933,low,41.987513,rolling_beta,v3,1,2000,2000,3,market,pass,N,,2026-06-04,1,0.362342,0.0,medium,N,context only: WATCH state,context only: WATCH state,0.984436,0.986478,-0.000842,liquidity_stress_vulnerable,변동성이 튀고 위험자산이 동반 약세를 보이는 단기 스트레스 장세입니다. 상관관계 상승과 유동성 악화를 우선 점검합니다.
XLC,XLC,equity_etf,soft_landing_goldilocks,Soft Landing / Goldilocks,우호적 위험선호장,us_global,0.984436,-0.000842,0.986478,positive,0.984436,high,48.066958,rolling_beta,v3,1,2000,2000,3,market,pass,N,,2026-06-04,0,0.0,0.0,medium,N,non-adverse scenario,inactive scenario,0.984436,0.986478,-0.000842,risk_on_participation,우호적 위험선호장 참여 민감도
XLC,XLC,equity_etf,stagflation_reinflation_energy_shock,Stagflation / Reinflation / Energy Shock,물가·에너지 재상승장,us_global,0.565602,-0.000842,0.984436,positive,0.565602,medium,53.197858,rolling_beta,v3,1,2000,2000,2,market,pass,N,,2026-06-04,0,0.0,0.0,high,N,scenario inactive,inactive scenario,0.127719,,-0.000842,stagflation_vulnerable,성장 부담이 있는데 유가·원자재·인플레이션 압력이 다시 커지는 장세입니다. 에너지/원자재 수혜와 장기채 부담을 함께 봅니다.
XLC,XLC,equity_etf,korea_domestic_financial_stress,Korea Domestic Financial Stress,한국 내수 금융스트레스장,korea_market,-0.381029,-0.000842,0.003818,negative,0.381029,medium,84.809459,rolling_beta,v3,1,1765,1765,5,seed,pass,Y,,2026-06-04,0,0.0,0.0,medium,N,scenario inactive,inactive scenario,0.016064,0.003818,-0.000842,korea_financial_stress_hedge,"가계부채, 부동산 PF, 비은행권, 금융주와 건설주 스트레스가 한국 자산 전반으로 번지는 장세입니다. 금융/건설 basket, 신용 spread, 단기자금 spread, 원화 약세를 함께 점검합니다."
XLC,XLC,equity_etf,semiconductor_ai_cycle_shock,Semiconductor / AI Cycle Shock,AI·반도체 사이클 충격장,korea_semiconductor,0.261615,-0.000842,0.404344,positive,0.261615,low,77.298138,rolling_beta,v3,1,1260,1260,6,market,pass,N,,2026-06-04,0,0.0,0.0,high,N,scenario inactive,inactive scenario,0.378139,0.404344,-0.000842,semiconductor_ai_shock_vulnerable,"AI capex 기대와 반도체 모멘텀이 꺾이면서 미국 성장주와 한국 반도체 대형주가 동시에 압박받는 장세입니다. SOXX, AI leader basket, 한국 반도체 basket의 동반 약세와 원화 압력을 함께 봅니다."
XLC,XLC,equity_etf,slowdown_recession_deflation_risk,Slowdown / Recession / Deflation Risk,경기둔화/침체 우려장,us_global,0.319353,-0.000842,0.986478,positive,0.319353,medium,60.696943,rolling_beta,v3,1,2000,2000,3,market,pass,N,,2026-06-04,0,0.0,0.0,high,N,scenario inactive,inactive scenario,0.984436,0.986478,-0.000842,slowdown_vulnerable,수요 둔화와 침체/디플레이션 압력이 커지는 방어적 장세입니다. 주식 beta와 신용위험을 보수적으로 봅니다.
XLE,XLE,equity_etf,usd_strength_krw_weakness,USD Strength / KRW Weakness,달러강세/원화약세장,fx_krw,-0.07913,-0.002884,0.143976,negative,0.07913,low,78.591896,rolling_beta,v3,1,4292,4292,4,market,pass,N,,2026-06-04,1,0.958519,0.958519,high,Y,trade-gated adverse scenario with medium/high evidence,active market context,0.560261,0.143976,-0.002884,krw_weakness_hedge,달러가 강하고 원화가 약해져 KRW 기준 투자자의 환율 리스크가 커지는 장세입니다. 한국 자산과 USD 노출의 역할을 분리해 봅니다.
XLE,XLE,equity_etf,china_trade_fragmentation_shock,China / Trade Fragmentation Shock,중국·무역분절 충격장,china_asia,0.188789,-0.002884,0.143976,positive,0.188789,low,67.121129,rolling_beta,v3,1,1260,1260,5,market,pass,N,,2026-06-04,1,0.743352,0.743352,high,Y,trade-gated adverse scenario with medium/high evidence,active market context,0.140635,0.143976,-0.002884,china_asia_shock_vulnerable,중국 경기·무역갈등·공급망 충격이 한국/아시아와 반도체 자산에 번지는 장세입니다. 한국 반도체 factor와 원화 약세를 함께 확인합니다.
XLE,XLE,equity_etf,higher_for_longer_long_rate_shock,Higher-for-Longer / Long-Rate Shock,장기금리 부담장,us_global,0.495914,-0.002884,1.199444,positive,0.495914,medium,60.332483,rolling_beta,v3,1,4873,4873,3,market,pass,N,,2026-06-04,1,0.710094,0.0,high,N,below ACTIVE confidence/coverage trade-gate threshold,active market context,1.083481,1.199444,-0.002884,rate_sensitive,장기금리와 달러 강세 부담이 채권·성장주·신용자산을 압박하는 장세입니다. 고밸류 성장주와 반도체 factor 민감도를 점검합니다.
XLE,XLE,equity_etf,geopolitical_escalation_supply_shock,Geopolitical Escalation / Supply Shock,지정학 확전·공급충격장,geopolitical,0.001282,-0.002884,1.083481,neutral,0.001282,low,52.44319,rolling_beta,v3,1,4292,4292,3,manual,pass,Y,,2026-06-04,1,0.382179,0.0,medium,N,context only: source_quality=manual,context only: source_quality=manual,0.515672,,-0.002884,geopolitical_supply_shock_vulnerable,"전쟁, 제재, 해상로 차질, 대만·중동·한반도 긴장처럼 유가·금·방산·변동성이 동시에 움직이는 이벤트성 충격 장세입니다. 뉴스 overlay는 가격 신호를 보강하는 용도로만 해석합니다."
XLE,XLE,equity_etf,acute_global_stress_liquidity_crunch,Acute Global Stress / Liquidity Crunch,급성 리스크오프/유동성 경색장,us_global,0.725682,-0.002884,1.199444,positive,0.725682,medium,41.987513,rolling_beta,v3,1,4873,4873,3,market,pass,N,,2026-06-04,1,0.362342,0.0,medium,N,context only: WATCH state,context only: WATCH state,1.083481,1.199444,-0.002884,liquidity_stress_vulnerable,변동성이 튀고 위험자산이 동반 약세를 보이는 단기 스트레스 장세입니다. 상관관계 상승과 유동성 악화를 우선 점검합니다.
XLE,XLE,equity_etf,soft_landing_goldilocks,Soft Landing / Goldilocks,우호적 위험선호장,us_global,1.083481,-0.002884,1.199444,positive,1.083481,high,48.066958,rolling_beta,v3,1,4873,4873,3,market,pass,N,,2026-06-04,0,0.0,0.0,medium,N,non-adverse scenario,inactive scenario,1.083481,1.199444,-0.002884,risk_on_participation,우호적 위험선호장 참여 민감도
XLE,XLE,equity_etf,stagflation_reinflation_energy_shock,Stagflation / Reinflation / Energy Shock,물가·에너지 재상승장,us_global,0.001311,-0.002884,1.083481,neutral,0.001311,low,53.197858,rolling_beta,v3,1,4873,4873,2,market,pass,N,,2026-06-04,0,0.0,0.0,high,N,scenario inactive,inactive scenario,0.515672,,-0.002884,stagflation_vulnerable,성장 부담이 있는데 유가·원자재·인플레이션 압력이 다시 커지는 장세입니다. 에너지/원자재 수혜와 장기채 부담을 함께 봅니다.
XLE,XLE,equity_etf,korea_domestic_financial_stress,Korea Domestic Financial Stress,한국 내수 금융스트레스장,korea_market,0.015246,-0.002884,0.143976,neutral,0.015246,low,84.809459,rolling_beta,v3,1,4292,4292,5,seed,pass,Y,,2026-06-04,0,0.0,0.0,medium,N,scenario inactive,inactive scenario,0.140635,0.143976,-0.002884,korea_financial_stress_vulnerable,"가계부채, 부동산 PF, 비은행권, 금융주와 건설주 스트레스가 한국 자산 전반으로 번지는 장세입니다. 금융/건설 basket, 신용 spread, 단기자금 spread, 원화 약세를 함께 점검합니다."
XLE,XLE,equity_etf,semiconductor_ai_cycle_shock,Semiconductor / AI Cycle Shock,AI·반도체 사이클 충격장,korea_semiconductor,0.269999,-0.002884,0.288822,positive,0.269999,low,77.298138,rolling_beta,v3,1,1260,1260,6,market,pass,N,,2026-06-04,0,0.0,0.0,high,N,scenario inactive,inactive scenario,0.223781,0.288822,-0.002884,semiconductor_ai_shock_vulnerable,"AI capex 기대와 반도체 모멘텀이 꺾이면서 미국 성장주와 한국 반도체 대형주가 동시에 압박받는 장세입니다. SOXX, AI leader basket, 한국 반도체 basket의 동반 약세와 원화 압력을 함께 봅니다."
XLE,XLE,equity_etf,slowdown_recession_deflation_risk,Slowdown / Recession / Deflation Risk,경기둔화/침체 우려장,us_global,0.805193,-0.002884,1.199444,positive,0.805193,high,60.696943,rolling_beta,v3,1,4873,4873,3,market,pass,N,,2026-06-04,0,0.0,0.0,high,N,scenario inactive,inactive scenario,1.083481,1.199444,-0.002884,slowdown_vulnerable,수요 둔화와 침체/디플레이션 압력이 커지는 방어적 장세입니다. 주식 beta와 신용위험을 보수적으로 봅니다.
XLF,XLF,equity_etf,usd_strength_krw_weakness,USD Strength / KRW Weakness,달러강세/원화약세장,fx_krw,-0.046383,-0.001081,0.067038,neutral,0.046383,low,78.591896,rolling_beta,v3,1,4292,4292,4,market,pass,N,,2026-06-04,1,0.958519,0.958519,high,Y,trade-gated adverse scenario with medium/high evidence,active market context,0.480251,0.067038,-0.001081,krw_weakness_hedge,달러가 강하고 원화가 약해져 KRW 기준 투자자의 환율 리스크가 커지는 장세입니다. 한국 자산과 USD 노출의 역할을 분리해 봅니다.
XLF,XLF,equity_etf,china_trade_fragmentation_shock,China / Trade Fragmentation Shock,중국·무역분절 충격장,china_asia,0.169921,-0.001081,0.067038,positive,0.169921,low,67.121129,rolling_beta,v3,1,1260,1260,5,market,pass,N,,2026-06-04,1,0.743352,0.743352,high,Y,trade-gated adverse scenario with medium/high evidence,active market context,0.087841,0.067038,-0.001081,china_asia_shock_vulnerable,중국 경기·무역갈등·공급망 충격이 한국/아시아와 반도체 자산에 번지는 장세입니다. 한국 반도체 factor와 원화 약세를 함께 확인합니다.
XLF,XLF,equity_etf,higher_for_longer_long_rate_shock,Higher-for-Longer / Long-Rate Shock,장기금리 부담장,us_global,1.017956,-0.001081,1.257619,positive,1.017956,high,60.332483,rolling_beta,v3,1,4873,4873,3,market,pass,N,,2026-06-04,1,0.710094,0.0,high,N,below ACTIVE confidence/coverage trade-gate threshold,active market context,1.214466,1.257619,-0.001081,rate_sensitive,장기금리와 달러 강세 부담이 채권·성장주·신용자산을 압박하는 장세입니다. 고밸류 성장주와 반도체 factor 민감도를 점검합니다.
XLF,XLF,equity_etf,geopolitical_escalation_supply_shock,Geopolitical Escalation / Supply Shock,지정학 확전·공급충격장,geopolitical,0.137656,-0.001081,1.214466,positive,0.137656,low,52.44319,rolling_beta,v3,1,4292,4292,3,manual,pass,Y,,2026-06-04,1,0.382179,0.0,medium,N,context only: source_quality=manual,context only: source_quality=manual,0.246805,,-0.001081,geopolitical_supply_shock_vulnerable,"전쟁, 제재, 해상로 차질, 대만·중동·한반도 긴장처럼 유가·금·방산·변동성이 동시에 움직이는 이벤트성 충격 장세입니다. 뉴스 overlay는 가격 신호를 보강하는 용도로만 해석합니다."
XLF,XLF,equity_etf,acute_global_stress_liquidity_crunch,Acute Global Stress / Liquidity Crunch,급성 리스크오프/유동성 경색장,us_global,0.416606,-0.001081,1.257619,positive,0.416606,medium,41.987513,rolling_beta,v3,1,4873,4873,3,market,pass,N,,2026-06-04,1,0.362342,0.0,medium,N,context only: WATCH state,context only: WATCH state,1.214466,1.257619,-0.001081,liquidity_stress_vulnerable,변동성이 튀고 위험자산이 동반 약세를 보이는 단기 스트레스 장세입니다. 상관관계 상승과 유동성 악화를 우선 점검합니다.
XLF,XLF,equity_etf,soft_landing_goldilocks,Soft Landing / Goldilocks,우호적 위험선호장,us_global,1.214466,-0.001081,1.257619,positive,1.214466,high,48.066958,rolling_beta,v3,1,4873,4873,3,market,pass,N,,2026-06-04,0,0.0,0.0,medium,N,non-adverse scenario,inactive scenario,1.214466,1.257619,-0.001081,risk_on_participation,우호적 위험선호장 참여 민감도
XLF,XLF,equity_etf,stagflation_reinflation_energy_shock,Stagflation / Reinflation / Energy Shock,물가·에너지 재상승장,us_global,0.65209,-0.001081,1.214466,positive,0.65209,medium,53.197858,rolling_beta,v3,1,4873,4873,2,market,pass,N,,2026-06-04,0,0.0,0.0,high,N,scenario inactive,inactive scenario,0.246805,,-0.001081,stagflation_vulnerable,성장 부담이 있는데 유가·원자재·인플레이션 압력이 다시 커지는 장세입니다. 에너지/원자재 수혜와 장기채 부담을 함께 봅니다.
XLF,XLF,equity_etf,korea_domestic_financial_stress,Korea Domestic Financial Stress,한국 내수 금융스트레스장,korea_market,0.088627,-0.001081,0.067038,positive,0.088627,low,84.809459,rolling_beta,v3,1,4292,4292,5,seed,pass,Y,,2026-06-04,0,0.0,0.0,medium,N,scenario inactive,inactive scenario,0.087841,0.067038,-0.001081,korea_financial_stress_vulnerable,"가계부채, 부동산 PF, 비은행권, 금융주와 건설주 스트레스가 한국 자산 전반으로 번지는 장세입니다. 금융/건설 basket, 신용 spread, 단기자금 spread, 원화 약세를 함께 점검합니다."
XLF,XLF,equity_etf,semiconductor_ai_cycle_shock,Semiconductor / AI Cycle Shock,AI·반도체 사이클 충격장,korea_semiconductor,0.037709,-0.001081,0.303133,neutral,0.037709,low,77.298138,rolling_beta,v3,1,1260,1260,6,market,pass,N,,2026-06-04,0,0.0,0.0,high,N,scenario inactive,inactive scenario,0.291232,0.303133,-0.001081,semiconductor_ai_shock_vulnerable,"AI capex 기대와 반도체 모멘텀이 꺾이면서 미국 성장주와 한국 반도체 대형주가 동시에 압박받는 장세입니다. SOXX, AI leader basket, 한국 반도체 basket의 동반 약세와 원화 압력을 함께 봅니다."
XLF,XLF,equity_etf,slowdown_recession_deflation_risk,Slowdown / Recession / Deflation Risk,경기둔화/침체 우려장,us_global,0.477241,-0.001081,1.257619,positive,0.477241,medium,60.696943,rolling_beta,v3,1,4873,4873,3,market,pass,N,,2026-06-04,0,0.0,0.0,high,N,scenario inactive,inactive scenario,1.214466,1.257619,-0.001081,slowdown_vulnerable,수요 둔화와 침체/디플레이션 압력이 커지는 방어적 장세입니다. 주식 beta와 신용위험을 보수적으로 봅니다.
XLI,XLI,equity_etf,usd_strength_krw_weakness,USD Strength / KRW Weakness,달러강세/원화약세장,fx_krw,-0.099399,-0.002172,0.062709,negative,0.099399,low,78.591896,rolling_beta,v3,1,4292,4292,4,market,pass,N,,2026-06-04,1,0.958519,0.958519,high,Y,trade-gated adverse scenario with medium/high evidence,active market context,0.621092,0.062709,-0.002172,krw_weakness_hedge,달러가 강하고 원화가 약해져 KRW 기준 투자자의 환율 리스크가 커지는 장세입니다. 한국 자산과 USD 노출의 역할을 분리해 봅니다.
XLI,XLI,equity_etf,china_trade_fragmentation_shock,China / Trade Fragmentation Shock,중국·무역분절 충격장,china_asia,0.154776,-0.002172,0.062709,positive,0.154776,low,67.121129,rolling_beta,v3,1,1260,1260,5,market,pass,N,,2026-06-04,1,0.743352,0.743352,high,Y,trade-gated adverse scenario with medium/high evidence,active market context,0.079548,0.062709,-0.002172,china_asia_shock_vulnerable,중국 경기·무역갈등·공급망 충격이 한국/아시아와 반도체 자산에 번지는 장세입니다. 한국 반도체 factor와 원화 약세를 함께 확인합니다.
XLI,XLI,equity_etf,higher_for_longer_long_rate_shock,Higher-for-Longer / Long-Rate Shock,장기금리 부담장,us_global,0.451322,-0.002172,1.008593,positive,0.451322,medium,60.332483,rolling_beta,v3,1,4873,4873,3,market,pass,N,,2026-06-04,1,0.710094,0.0,high,N,below ACTIVE confidence/coverage trade-gate threshold,active market context,1.002403,1.008593,-0.002172,rate_sensitive,장기금리와 달러 강세 부담이 채권·성장주·신용자산을 압박하는 장세입니다. 고밸류 성장주와 반도체 factor 민감도를 점검합니다.
XLI,XLI,equity_etf,geopolitical_escalation_supply_shock,Geopolitical Escalation / Supply Shock,지정학 확전·공급충격장,geopolitical,-0.249686,-0.002172,1.002403,negative,0.249686,low,52.44319,rolling_beta,v3,1,4292,4292,3,manual,pass,Y,,2026-06-04,1,0.382179,0.0,medium,N,context only: source_quality=manual,context only: source_quality=manual,0.225019,,-0.002172,geopolitical_supply_shock_hedge,"전쟁, 제재, 해상로 차질, 대만·중동·한반도 긴장처럼 유가·금·방산·변동성이 동시에 움직이는 이벤트성 충격 장세입니다. 뉴스 overlay는 가격 신호를 보강하는 용도로만 해석합니다."
XLI,XLI,equity_etf,acute_global_stress_liquidity_crunch,Acute Global Stress / Liquidity Crunch,급성 리스크오프/유동성 경색장,us_global,0.349054,-0.002172,1.008593,positive,0.349054,medium,41.987513,rolling_beta,v3,1,4873,4873,3,market,pass,N,,2026-06-04,1,0.362342,0.0,medium,N,context only: WATCH state,context only: WATCH state,1.002403,1.008593,-0.002172,liquidity_stress_vulnerable,변동성이 튀고 위험자산이 동반 약세를 보이는 단기 스트레스 장세입니다. 상관관계 상승과 유동성 악화를 우선 점검합니다.
XLI,XLI,equity_etf,soft_landing_goldilocks,Soft Landing / Goldilocks,우호적 위험선호장,us_global,1.002403,-0.002172,1.008593,positive,1.002403,high,48.066958,rolling_beta,v3,1,4873,4873,3,market,pass,N,,2026-06-04,0,0.0,0.0,medium,N,non-adverse scenario,inactive scenario,1.002403,1.008593,-0.002172,risk_on_participation,우호적 위험선호장 참여 민감도
XLI,XLI,equity_etf,stagflation_reinflation_energy_shock,Stagflation / Reinflation / Energy Shock,물가·에너지 재상승장,us_global,-0.044863,-0.002172,1.002403,neutral,0.044863,low,53.197858,rolling_beta,v3,1,4873,4873,2,market,pass,N,,2026-06-04,0,0.0,0.0,high,N,scenario inactive,inactive scenario,0.225019,,-0.002172,inflation_hedge,성장 부담이 있는데 유가·원자재·인플레이션 압력이 다시 커지는 장세입니다. 에너지/원자재 수혜와 장기채 부담을 함께 봅니다.
XLI,XLI,equity_etf,korea_domestic_financial_stress,Korea Domestic Financial Stress,한국 내수 금융스트레스장,korea_market,-0.319533,-0.002172,0.062709,negative,0.319533,medium,84.809459,rolling_beta,v3,1,4292,4292,5,seed,pass,Y,,2026-06-04,0,0.0,0.0,medium,N,scenario inactive,inactive scenario,0.079548,0.062709,-0.002172,korea_financial_stress_hedge,"가계부채, 부동산 PF, 비은행권, 금융주와 건설주 스트레스가 한국 자산 전반으로 번지는 장세입니다. 금융/건설 basket, 신용 spread, 단기자금 spread, 원화 약세를 함께 점검합니다."
XLI,XLI,equity_etf,semiconductor_ai_cycle_shock,Semiconductor / AI Cycle Shock,AI·반도체 사이클 충격장,korea_semiconductor,0.062908,-0.002172,0.366661,positive,0.062908,low,77.298138,rolling_beta,v3,1,1260,1260,6,market,pass,N,,2026-06-04,0,0.0,0.0,high,N,scenario inactive,inactive scenario,0.343381,0.366661,-0.002172,semiconductor_ai_shock_vulnerable,"AI capex 기대와 반도체 모멘텀이 꺾이면서 미국 성장주와 한국 반도체 대형주가 동시에 압박받는 장세입니다. SOXX, AI leader basket, 한국 반도체 basket의 동반 약세와 원화 압력을 함께 봅니다."
XLI,XLI,equity_etf,slowdown_recession_deflation_risk,Slowdown / Recession / Deflation Risk,경기둔화/침체 우려장,us_global,0.377576,-0.002172,1.008593,positive,0.377576,medium,60.696943,rolling_beta,v3,1,4873,4873,3,market,pass,N,,2026-06-04,0,0.0,0.0,high,N,scenario inactive,inactive scenario,1.002403,1.008593,-0.002172,slowdown_vulnerable,수요 둔화와 침체/디플레이션 압력이 커지는 방어적 장세입니다. 주식 beta와 신용위험을 보수적으로 봅니다.
XLK,XLK,equity_etf,usd_strength_krw_weakness,USD Strength / KRW Weakness,달러강세/원화약세장,fx_krw,-0.081822,-0.001321,0.028891,negative,0.081822,low,78.591896,rolling_beta,v3,1,4292,4292,4,market,pass,N,,2026-06-04,1,0.958519,0.958519,high,Y,trade-gated adverse scenario with medium/high evidence,active market context,0.595942,0.028891,-0.001321,krw_weakness_hedge,달러가 강하고 원화가 약해져 KRW 기준 투자자의 환율 리스크가 커지는 장세입니다. 한국 자산과 USD 노출의 역할을 분리해 봅니다.
XLK,XLK,equity_etf,china_trade_fragmentation_shock,China / Trade Fragmentation Shock,중국·무역분절 충격장,china_asia,0.497559,-0.001321,0.028891,positive,0.497559,medium,67.121129,rolling_beta,v3,1,1260,1260,5,market,pass,N,,2026-06-04,1,0.743352,0.743352,high,Y,trade-gated adverse scenario with medium/high evidence,active market context,0.068896,0.028891,-0.001321,china_asia_shock_vulnerable,중국 경기·무역갈등·공급망 충격이 한국/아시아와 반도체 자산에 번지는 장세입니다. 한국 반도체 factor와 원화 약세를 함께 확인합니다.
XLK,XLK,equity_etf,higher_for_longer_long_rate_shock,Higher-for-Longer / Long-Rate Shock,장기금리 부담장,us_global,1.189991,-0.001321,1.032445,positive,1.189991,high,60.332483,rolling_beta,v3,1,4873,4873,3,market,pass,N,,2026-06-04,1,0.710094,0.0,high,N,below ACTIVE confidence/coverage trade-gate threshold,active market context,1.072712,1.032445,-0.001321,rate_sensitive,장기금리와 달러 강세 부담이 채권·성장주·신용자산을 압박하는 장세입니다. 고밸류 성장주와 반도체 factor 민감도를 점검합니다.
XLK,XLK,equity_etf,geopolitical_escalation_supply_shock,Geopolitical Escalation / Supply Shock,지정학 확전·공급충격장,geopolitical,0.103359,-0.001321,1.072712,positive,0.103359,low,52.44319,rolling_beta,v3,1,4292,4292,3,manual,pass,Y,,2026-06-04,1,0.382179,0.0,medium,N,context only: source_quality=manual,context only: source_quality=manual,0.202144,,-0.001321,geopolitical_supply_shock_vulnerable,"전쟁, 제재, 해상로 차질, 대만·중동·한반도 긴장처럼 유가·금·방산·변동성이 동시에 움직이는 이벤트성 충격 장세입니다. 뉴스 overlay는 가격 신호를 보강하는 용도로만 해석합니다."
XLK,XLK,equity_etf,acute_global_stress_liquidity_crunch,Acute Global Stress / Liquidity Crunch,급성 리스크오프/유동성 경색장,us_global,0.649422,-0.001321,1.032445,positive,0.649422,medium,41.987513,rolling_beta,v3,1,4873,4873,3,market,pass,N,,2026-06-04,1,0.362342,0.0,medium,N,context only: WATCH state,context only: WATCH state,1.072712,1.032445,-0.001321,liquidity_stress_vulnerable,변동성이 튀고 위험자산이 동반 약세를 보이는 단기 스트레스 장세입니다. 상관관계 상승과 유동성 악화를 우선 점검합니다.
XLK,XLK,equity_etf,soft_landing_goldilocks,Soft Landing / Goldilocks,우호적 위험선호장,us_global,1.072712,-0.001321,1.032445,positive,1.072712,high,48.066958,rolling_beta,v3,1,4873,4873,3,market,pass,N,,2026-06-04,0,0.0,0.0,medium,N,non-adverse scenario,inactive scenario,1.072712,1.032445,-0.001321,risk_on_participation,우호적 위험선호장 참여 민감도
XLK,XLK,equity_etf,stagflation_reinflation_energy_shock,Stagflation / Reinflation / Energy Shock,물가·에너지 재상승장,us_global,0.608466,-0.001321,1.072712,positive,0.608466,medium,53.197858,rolling_beta,v3,1,4873,4873,2,market,pass,N,,2026-06-04,0,0.0,0.0,high,N,scenario inactive,inactive scenario,0.202144,,-0.001321,stagflation_vulnerable,성장 부담이 있는데 유가·원자재·인플레이션 압력이 다시 커지는 장세입니다. 에너지/원자재 수혜와 장기채 부담을 함께 봅니다.
XLK,XLK,equity_etf,korea_domestic_financial_stress,Korea Domestic Financial Stress,한국 내수 금융스트레스장,korea_market,-0.353478,-0.001321,0.028891,negative,0.353478,medium,84.809459,rolling_beta,v3,1,4292,4292,5,seed,pass,Y,,2026-06-04,0,0.0,0.0,medium,N,scenario inactive,inactive scenario,0.068896,0.028891,-0.001321,korea_financial_stress_hedge,"가계부채, 부동산 PF, 비은행권, 금융주와 건설주 스트레스가 한국 자산 전반으로 번지는 장세입니다. 금융/건설 basket, 신용 spread, 단기자금 spread, 원화 약세를 함께 점검합니다."
XLK,XLK,equity_etf,semiconductor_ai_cycle_shock,Semiconductor / AI Cycle Shock,AI·반도체 사이클 충격장,korea_semiconductor,0.750045,-0.001321,0.669261,positive,0.750045,high,77.298138,rolling_beta,v3,1,1260,1260,6,market,pass,N,,2026-06-04,0,0.0,0.0,high,N,scenario inactive,inactive scenario,0.629792,0.669261,-0.001321,semiconductor_ai_shock_vulnerable,"AI capex 기대와 반도체 모멘텀이 꺾이면서 미국 성장주와 한국 반도체 대형주가 동시에 압박받는 장세입니다. SOXX, AI leader basket, 한국 반도체 basket의 동반 약세와 원화 압력을 함께 봅니다."
XLK,XLK,equity_etf,slowdown_recession_deflation_risk,Slowdown / Recession / Deflation Risk,경기둔화/침체 우려장,us_global,0.393486,-0.001321,1.032445,positive,0.393486,medium,60.696943,rolling_beta,v3,1,4873,4873,3,market,pass,N,,2026-06-04,0,0.0,0.0,high,N,scenario inactive,inactive scenario,1.072712,1.032445,-0.001321,slowdown_vulnerable,수요 둔화와 침체/디플레이션 압력이 커지는 방어적 장세입니다. 주식 beta와 신용위험을 보수적으로 봅니다.
XLP,XLP,equity_etf,usd_strength_krw_weakness,USD Strength / KRW Weakness,달러강세/원화약세장,fx_krw,-0.182811,-0.00134,0.0,negative,0.182811,low,78.591896,rolling_beta,v3,1,4292,4292,4,market,pass,N,,2026-06-04,1,0.958519,0.958519,high,Y,trade-gated adverse scenario with medium/high evidence,active market context,0.779015,-0.013133,-0.00134,krw_weakness_hedge,달러가 강하고 원화가 약해져 KRW 기준 투자자의 환율 리스크가 커지는 장세입니다. 한국 자산과 USD 노출의 역할을 분리해 봅니다.
XLP,XLP,equity_etf,china_trade_fragmentation_shock,China / Trade Fragmentation Shock,중국·무역분절 충격장,china_asia,0.067261,-0.00134,0.0,positive,0.067261,low,67.121129,rolling_beta,v3,1,1260,1260,5,market,pass,N,,2026-06-04,1,0.743352,0.743352,high,Y,trade-gated adverse scenario with medium/high evidence,active market context,-0.046904,-0.013133,-0.00134,china_asia_shock_vulnerable,중국 경기·무역갈등·공급망 충격이 한국/아시아와 반도체 자산에 번지는 장세입니다. 한국 반도체 factor와 원화 약세를 함께 확인합니다.
XLP,XLP,equity_etf,higher_for_longer_long_rate_shock,Higher-for-Longer / Long-Rate Shock,장기금리 부담장,us_global,0.717816,-0.00134,0.67349,positive,0.717816,medium,60.332483,rolling_beta,v3,1,4873,4873,3,market,pass,N,,2026-06-04,1,0.710094,0.0,high,N,below ACTIVE confidence/coverage trade-gate threshold,active market context,0.668756,0.67349,-0.00134,rate_sensitive,장기금리와 달러 강세 부담이 채권·성장주·신용자산을 압박하는 장세입니다. 고밸류 성장주와 반도체 factor 민감도를 점검합니다.
XLP,XLP,equity_etf,geopolitical_escalation_supply_shock,Geopolitical Escalation / Supply Shock,지정학 확전·공급충격장,geopolitical,-0.008668,-0.00134,0.668756,neutral,0.008668,low,52.44319,rolling_beta,v3,1,4292,4292,3,manual,pass,Y,,2026-06-04,1,0.382179,0.0,medium,N,context only: source_quality=manual,context only: source_quality=manual,0.140055,,-0.00134,geopolitical_supply_shock_hedge,"전쟁, 제재, 해상로 차질, 대만·중동·한반도 긴장처럼 유가·금·방산·변동성이 동시에 움직이는 이벤트성 충격 장세입니다. 뉴스 overlay는 가격 신호를 보강하는 용도로만 해석합니다."
XLP,XLP,equity_etf,acute_global_stress_liquidity_crunch,Acute Global Stress / Liquidity Crunch,급성 리스크오프/유동성 경색장,us_global,0.128133,-0.00134,0.67349,positive,0.128133,low,41.987513,rolling_beta,v3,1,4873,4873,3,market,pass,N,,2026-06-04,1,0.362342,0.0,medium,N,context only: WATCH state,context only: WATCH state,0.668756,0.67349,-0.00134,liquidity_stress_vulnerable,변동성이 튀고 위험자산이 동반 약세를 보이는 단기 스트레스 장세입니다. 상관관계 상승과 유동성 악화를 우선 점검합니다.
XLP,XLP,equity_etf,soft_landing_goldilocks,Soft Landing / Goldilocks,우호적 위험선호장,us_global,0.668756,-0.00134,0.67349,positive,0.668756,medium,48.066958,rolling_beta,v3,1,4873,4873,3,market,pass,N,,2026-06-04,0,0.0,0.0,medium,N,non-adverse scenario,inactive scenario,0.668756,0.67349,-0.00134,risk_on_participation,우호적 위험선호장 참여 민감도
XLP,XLP,equity_etf,stagflation_reinflation_energy_shock,Stagflation / Reinflation / Energy Shock,물가·에너지 재상승장,us_global,0.467574,-0.00134,0.668756,positive,0.467574,medium,53.197858,rolling_beta,v3,1,4873,4873,2,market,pass,N,,2026-06-04,0,0.0,0.0,high,N,scenario inactive,inactive scenario,0.140055,,-0.00134,stagflation_vulnerable,성장 부담이 있는데 유가·원자재·인플레이션 압력이 다시 커지는 장세입니다. 에너지/원자재 수혜와 장기채 부담을 함께 봅니다.
XLP,XLP,equity_etf,korea_domestic_financial_stress,Korea Domestic Financial Stress,한국 내수 금융스트레스장,korea_market,-0.349638,-0.00134,0.0,negative,0.349638,medium,84.809459,rolling_beta,v3,1,4292,4292,5,seed,pass,Y,,2026-06-04,0,0.0,0.0,medium,N,scenario inactive,inactive scenario,-0.046904,-0.013133,-0.00134,korea_financial_stress_hedge,"가계부채, 부동산 PF, 비은행권, 금융주와 건설주 스트레스가 한국 자산 전반으로 번지는 장세입니다. 금융/건설 basket, 신용 spread, 단기자금 spread, 원화 약세를 함께 점검합니다."
XLP,XLP,equity_etf,semiconductor_ai_cycle_shock,Semiconductor / AI Cycle Shock,AI·반도체 사이클 충격장,korea_semiconductor,-0.155874,-0.00134,0.08157,negative,0.155874,low,77.298138,rolling_beta,v3,1,1260,1260,6,market,pass,N,,2026-06-04,0,0.0,0.0,high,N,scenario inactive,inactive scenario,0.108635,0.08157,-0.00134,semiconductor_ai_shock_hedge,"AI capex 기대와 반도체 모멘텀이 꺾이면서 미국 성장주와 한국 반도체 대형주가 동시에 압박받는 장세입니다. SOXX, AI leader basket, 한국 반도체 basket의 동반 약세와 원화 압력을 함께 봅니다."
XLP,XLP,equity_etf,slowdown_recession_deflation_risk,Slowdown / Recession / Deflation Risk,경기둔화/침체 우려장,us_global,0.131605,-0.00134,0.67349,positive,0.131605,low,60.696943,rolling_beta,v3,1,4873,4873,3,market,pass,N,,2026-06-04,0,0.0,0.0,high,N,scenario inactive,inactive scenario,0.668756,0.67349,-0.00134,slowdown_vulnerable,수요 둔화와 침체/디플레이션 압력이 커지는 방어적 장세입니다. 주식 beta와 신용위험을 보수적으로 봅니다.
XLU,XLU,equity_etf,usd_strength_krw_weakness,USD Strength / KRW Weakness,달러강세/원화약세장,fx_krw,-0.173272,-0.002025,0.041415,negative,0.173272,low,78.591896,rolling_beta,v3,1,4292,4292,4,market,pass,N,,2026-06-04,1,0.958519,0.958519,high,Y,trade-gated adverse scenario with medium/high evidence,active market context,0.700659,0.041415,-0.002025,krw_weakness_hedge,달러가 강하고 원화가 약해져 KRW 기준 투자자의 환율 리스크가 커지는 장세입니다. 한국 자산과 USD 노출의 역할을 분리해 봅니다.
XLU,XLU,equity_etf,china_trade_fragmentation_shock,China / Trade Fragmentation Shock,중국·무역분절 충격장,china_asia,0.092019,-0.002025,0.041415,positive,0.092019,low,67.121129,rolling_beta,v3,1,1260,1260,5,market,pass,N,,2026-06-04,1,0.743352,0.743352,high,Y,trade-gated adverse scenario with medium/high evidence,active market context,-0.004163,0.041415,-0.002025,china_asia_shock_vulnerable,중국 경기·무역갈등·공급망 충격이 한국/아시아와 반도체 자산에 번지는 장세입니다. 한국 반도체 factor와 원화 약세를 함께 확인합니다.
XLU,XLU,equity_etf,higher_for_longer_long_rate_shock,Higher-for-Longer / Long-Rate Shock,장기금리 부담장,us_global,0.738801,-0.002025,0.721936,positive,0.738801,medium,60.332483,rolling_beta,v3,1,4873,4873,3,market,pass,N,,2026-06-04,1,0.710094,0.0,high,N,below ACTIVE confidence/coverage trade-gate threshold,active market context,0.706911,0.721936,-0.002025,rate_sensitive,장기금리와 달러 강세 부담이 채권·성장주·신용자산을 압박하는 장세입니다. 고밸류 성장주와 반도체 factor 민감도를 점검합니다.
XLU,XLU,equity_etf,geopolitical_escalation_supply_shock,Geopolitical Escalation / Supply Shock,지정학 확전·공급충격장,geopolitical,0.006102,-0.002025,0.706911,neutral,0.006102,low,52.44319,rolling_beta,v3,1,4292,4292,3,manual,pass,Y,,2026-06-04,1,0.382179,0.0,medium,N,context only: source_quality=manual,context only: source_quality=manual,0.142689,,-0.002025,geopolitical_supply_shock_vulnerable,"전쟁, 제재, 해상로 차질, 대만·중동·한반도 긴장처럼 유가·금·방산·변동성이 동시에 움직이는 이벤트성 충격 장세입니다. 뉴스 overlay는 가격 신호를 보강하는 용도로만 해석합니다."
XLU,XLU,equity_etf,acute_global_stress_liquidity_crunch,Acute Global Stress / Liquidity Crunch,급성 리스크오프/유동성 경색장,us_global,0.179946,-0.002025,0.721936,positive,0.179946,low,41.987513,rolling_beta,v3,1,4873,4873,3,market,pass,N,,2026-06-04,1,0.362342,0.0,medium,N,context only: WATCH state,context only: WATCH state,0.706911,0.721936,-0.002025,liquidity_stress_vulnerable,변동성이 튀고 위험자산이 동반 약세를 보이는 단기 스트레스 장세입니다. 상관관계 상승과 유동성 악화를 우선 점검합니다.
XLU,XLU,equity_etf,soft_landing_goldilocks,Soft Landing / Goldilocks,우호적 위험선호장,us_global,0.706911,-0.002025,0.721936,positive,0.706911,medium,48.066958,rolling_beta,v3,1,4873,4873,3,market,pass,N,,2026-06-04,0,0.0,0.0,medium,N,non-adverse scenario,inactive scenario,0.706911,0.721936,-0.002025,risk_on_participation,우호적 위험선호장 참여 민감도
XLU,XLU,equity_etf,stagflation_reinflation_energy_shock,Stagflation / Reinflation / Energy Shock,물가·에너지 재상승장,us_global,0.498055,-0.002025,0.706911,positive,0.498055,medium,53.197858,rolling_beta,v3,1,4873,4873,2,market,pass,N,,2026-06-04,0,0.0,0.0,high,N,scenario inactive,inactive scenario,0.142689,,-0.002025,stagflation_vulnerable,성장 부담이 있는데 유가·원자재·인플레이션 압력이 다시 커지는 장세입니다. 에너지/원자재 수혜와 장기채 부담을 함께 봅니다.
XLU,XLU,equity_etf,korea_domestic_financial_stress,Korea Domestic Financial Stress,한국 내수 금융스트레스장,korea_market,-0.344265,-0.002025,0.041415,negative,0.344265,medium,84.809459,rolling_beta,v3,1,4292,4292,5,seed,pass,Y,,2026-06-04,0,0.0,0.0,medium,N,scenario inactive,inactive scenario,-0.004163,0.041415,-0.002025,korea_financial_stress_hedge,"가계부채, 부동산 PF, 비은행권, 금융주와 건설주 스트레스가 한국 자산 전반으로 번지는 장세입니다. 금융/건설 basket, 신용 spread, 단기자금 spread, 원화 약세를 함께 점검합니다."
XLU,XLU,equity_etf,semiconductor_ai_cycle_shock,Semiconductor / AI Cycle Shock,AI·반도체 사이클 충격장,korea_semiconductor,-0.127139,-0.002025,0.124937,negative,0.127139,low,77.298138,rolling_beta,v3,1,1260,1260,6,market,pass,N,,2026-06-04,0,0.0,0.0,high,N,scenario inactive,inactive scenario,0.126701,0.124937,-0.002025,semiconductor_ai_shock_hedge,"AI capex 기대와 반도체 모멘텀이 꺾이면서 미국 성장주와 한국 반도체 대형주가 동시에 압박받는 장세입니다. SOXX, AI leader basket, 한국 반도체 basket의 동반 약세와 원화 압력을 함께 봅니다."
XLU,XLU,equity_etf,slowdown_recession_deflation_risk,Slowdown / Recession / Deflation Risk,경기둔화/침체 우려장,us_global,0.180383,-0.002025,0.721936,positive,0.180383,low,60.696943,rolling_beta,v3,1,4873,4873,3,market,pass,N,,2026-06-04,0,0.0,0.0,high,N,scenario inactive,inactive scenario,0.706911,0.721936,-0.002025,slowdown_vulnerable,수요 둔화와 침체/디플레이션 압력이 커지는 방어적 장세입니다. 주식 beta와 신용위험을 보수적으로 봅니다.
XLV,XLV,equity_etf,usd_strength_krw_weakness,USD Strength / KRW Weakness,달러강세/원화약세장,fx_krw,-0.154498,-0.001158,0.0,negative,0.154498,low,78.591896,rolling_beta,v3,1,4292,4292,4,market,pass,N,,2026-06-04,1,0.958519,0.958519,high,Y,trade-gated adverse scenario with medium/high evidence,active market context,0.722394,-0.010824,-0.001158,krw_weakness_hedge,달러가 강하고 원화가 약해져 KRW 기준 투자자의 환율 리스크가 커지는 장세입니다. 한국 자산과 USD 노출의 역할을 분리해 봅니다.
XLV,XLV,equity_etf,china_trade_fragmentation_shock,China / Trade Fragmentation Shock,중국·무역분절 충격장,china_asia,0.085354,-0.001158,0.0,positive,0.085354,low,67.121129,rolling_beta,v3,1,1260,1260,5,market,pass,N,,2026-06-04,1,0.743352,0.743352,high,Y,trade-gated adverse scenario with medium/high evidence,active market context,-0.018366,-0.010824,-0.001158,china_asia_shock_vulnerable,중국 경기·무역갈등·공급망 충격이 한국/아시아와 반도체 자산에 번지는 장세입니다. 한국 반도체 factor와 원화 약세를 함께 확인합니다.
XLV,XLV,equity_etf,higher_for_longer_long_rate_shock,Higher-for-Longer / Long-Rate Shock,장기금리 부담장,us_global,0.780105,-0.001158,0.757759,positive,0.780105,high,60.332483,rolling_beta,v3,1,4873,4873,3,market,pass,N,,2026-06-04,1,0.710094,0.0,high,N,below ACTIVE confidence/coverage trade-gate threshold,active market context,0.782009,0.757759,-0.001158,rate_sensitive,장기금리와 달러 강세 부담이 채권·성장주·신용자산을 압박하는 장세입니다. 고밸류 성장주와 반도체 factor 민감도를 점검합니다.
XLV,XLV,equity_etf,geopolitical_escalation_supply_shock,Geopolitical Escalation / Supply Shock,지정학 확전·공급충격장,geopolitical,0.01998,-0.001158,0.782009,neutral,0.01998,low,52.44319,rolling_beta,v3,1,4292,4292,3,manual,pass,Y,,2026-06-04,1,0.382179,0.0,medium,N,context only: source_quality=manual,context only: source_quality=manual,0.145206,,-0.001158,geopolitical_supply_shock_vulnerable,"전쟁, 제재, 해상로 차질, 대만·중동·한반도 긴장처럼 유가·금·방산·변동성이 동시에 움직이는 이벤트성 충격 장세입니다. 뉴스 overlay는 가격 신호를 보강하는 용도로만 해석합니다."
XLV,XLV,equity_etf,acute_global_stress_liquidity_crunch,Acute Global Stress / Liquidity Crunch,급성 리스크오프/유동성 경색장,us_global,0.182219,-0.001158,0.757759,positive,0.182219,low,41.987513,rolling_beta,v3,1,4873,4873,3,market,pass,N,,2026-06-04,1,0.362342,0.0,medium,N,context only: WATCH state,context only: WATCH state,0.782009,0.757759,-0.001158,liquidity_stress_vulnerable,변동성이 튀고 위험자산이 동반 약세를 보이는 단기 스트레스 장세입니다. 상관관계 상승과 유동성 악화를 우선 점검합니다.
XLV,XLV,equity_etf,soft_landing_goldilocks,Soft Landing / Goldilocks,우호적 위험선호장,us_global,0.782009,-0.001158,0.757759,positive,0.782009,high,48.066958,rolling_beta,v3,1,4873,4873,3,market,pass,N,,2026-06-04,0,0.0,0.0,medium,N,non-adverse scenario,inactive scenario,0.782009,0.757759,-0.001158,risk_on_participation,우호적 위험선호장 참여 민감도
XLV,XLV,equity_etf,stagflation_reinflation_energy_shock,Stagflation / Reinflation / Energy Shock,물가·에너지 재상승장,us_global,0.502656,-0.001158,0.782009,positive,0.502656,medium,53.197858,rolling_beta,v3,1,4873,4873,2,market,pass,N,,2026-06-04,0,0.0,0.0,high,N,scenario inactive,inactive scenario,0.145206,,-0.001158,stagflation_vulnerable,성장 부담이 있는데 유가·원자재·인플레이션 압력이 다시 커지는 장세입니다. 에너지/원자재 수혜와 장기채 부담을 함께 봅니다.
XLV,XLV,equity_etf,korea_domestic_financial_stress,Korea Domestic Financial Stress,한국 내수 금융스트레스장,korea_market,-0.362689,-0.001158,0.0,negative,0.362689,medium,84.809459,rolling_beta,v3,1,4292,4292,5,seed,pass,Y,,2026-06-04,0,0.0,0.0,medium,N,scenario inactive,inactive scenario,-0.018366,-0.010824,-0.001158,korea_financial_stress_hedge,"가계부채, 부동산 PF, 비은행권, 금융주와 건설주 스트레스가 한국 자산 전반으로 번지는 장세입니다. 금융/건설 basket, 신용 spread, 단기자금 spread, 원화 약세를 함께 점검합니다."
XLV,XLV,equity_etf,semiconductor_ai_cycle_shock,Semiconductor / AI Cycle Shock,AI·반도체 사이클 충격장,korea_semiconductor,-0.100269,-0.001158,0.148852,negative,0.100269,low,77.298138,rolling_beta,v3,1,1260,1260,6,market,pass,N,,2026-06-04,0,0.0,0.0,high,N,scenario inactive,inactive scenario,0.181839,0.148852,-0.001158,semiconductor_ai_shock_hedge,"AI capex 기대와 반도체 모멘텀이 꺾이면서 미국 성장주와 한국 반도체 대형주가 동시에 압박받는 장세입니다. SOXX, AI leader basket, 한국 반도체 basket의 동반 약세와 원화 압력을 함께 봅니다."
XLV,XLV,equity_etf,slowdown_recession_deflation_risk,Slowdown / Recession / Deflation Risk,경기둔화/침체 우려장,us_global,0.198839,-0.001158,0.757759,positive,0.198839,low,60.696943,rolling_beta,v3,1,4873,4873,3,market,pass,N,,2026-06-04,0,0.0,0.0,high,N,scenario inactive,inactive scenario,0.782009,0.757759,-0.001158,slowdown_vulnerable,수요 둔화와 침체/디플레이션 압력이 커지는 방어적 장세입니다. 주식 beta와 신용위험을 보수적으로 봅니다.
XLY,XLY,equity_etf,usd_strength_krw_weakness,USD Strength / KRW Weakness,달러강세/원화약세장,fx_krw,-0.087255,-0.001334,0.0,negative,0.087255,low,78.591896,rolling_beta,v3,1,4292,4292,4,market,pass,N,,2026-06-04,1,0.958519,0.958519,high,Y,trade-gated adverse scenario with medium/high evidence,active market context,0.628145,-0.000185,-0.001334,krw_weakness_hedge,달러가 강하고 원화가 약해져 KRW 기준 투자자의 환율 리스크가 커지는 장세입니다. 한국 자산과 USD 노출의 역할을 분리해 봅니다.
XLY,XLY,equity_etf,china_trade_fragmentation_shock,China / Trade Fragmentation Shock,중국·무역분절 충격장,china_asia,0.143555,-0.001334,0.0,positive,0.143555,low,67.121129,rolling_beta,v3,1,1260,1260,5,market,pass,N,,2026-06-04,1,0.743352,0.743352,high,Y,trade-gated adverse scenario with medium/high evidence,active market context,0.047511,-0.000185,-0.001334,china_asia_shock_vulnerable,중국 경기·무역갈등·공급망 충격이 한국/아시아와 반도체 자산에 번지는 장세입니다. 한국 반도체 factor와 원화 약세를 함께 확인합니다.
XLY,XLY,equity_etf,higher_for_longer_long_rate_shock,Higher-for-Longer / Long-Rate Shock,장기금리 부담장,us_global,0.928038,-0.001334,1.050129,positive,0.928038,high,60.332483,rolling_beta,v3,1,4873,4873,3,market,pass,N,,2026-06-04,1,0.710094,0.0,high,N,below ACTIVE confidence/coverage trade-gate threshold,active market context,1.050979,1.050129,-0.001334,rate_sensitive,장기금리와 달러 강세 부담이 채권·성장주·신용자산을 압박하는 장세입니다. 고밸류 성장주와 반도체 factor 민감도를 점검합니다.
XLY,XLY,equity_etf,geopolitical_escalation_supply_shock,Geopolitical Escalation / Supply Shock,지정학 확전·공급충격장,geopolitical,0.103724,-0.001334,1.050979,positive,0.103724,low,52.44319,rolling_beta,v3,1,4292,4292,3,manual,pass,Y,,2026-06-04,1,0.382179,0.0,medium,N,context only: source_quality=manual,context only: source_quality=manual,0.191749,,-0.001334,geopolitical_supply_shock_vulnerable,"전쟁, 제재, 해상로 차질, 대만·중동·한반도 긴장처럼 유가·금·방산·변동성이 동시에 움직이는 이벤트성 충격 장세입니다. 뉴스 overlay는 가격 신호를 보강하는 용도로만 해석합니다."
XLY,XLY,equity_etf,acute_global_stress_liquidity_crunch,Acute Global Stress / Liquidity Crunch,급성 리스크오프/유동성 경색장,us_global,0.338084,-0.001334,1.050129,positive,0.338084,medium,41.987513,rolling_beta,v3,1,4873,4873,3,market,pass,N,,2026-06-04,1,0.362342,0.0,medium,N,context only: WATCH state,context only: WATCH state,1.050979,1.050129,-0.001334,liquidity_stress_vulnerable,변동성이 튀고 위험자산이 동반 약세를 보이는 단기 스트레스 장세입니다. 상관관계 상승과 유동성 악화를 우선 점검합니다.
XLY,XLY,equity_etf,soft_landing_goldilocks,Soft Landing / Goldilocks,우호적 위험선호장,us_global,1.050979,-0.001334,1.050129,positive,1.050979,high,48.066958,rolling_beta,v3,1,4873,4873,3,market,pass,N,,2026-06-04,0,0.0,0.0,medium,N,non-adverse scenario,inactive scenario,1.050979,1.050129,-0.001334,risk_on_participation,우호적 위험선호장 참여 민감도
XLY,XLY,equity_etf,stagflation_reinflation_energy_shock,Stagflation / Reinflation / Energy Shock,물가·에너지 재상승장,us_global,0.601201,-0.001334,1.050979,positive,0.601201,medium,53.197858,rolling_beta,v3,1,4873,4873,2,market,pass,N,,2026-06-04,0,0.0,0.0,high,N,scenario inactive,inactive scenario,0.191749,,-0.001334,stagflation_vulnerable,성장 부담이 있는데 유가·원자재·인플레이션 압력이 다시 커지는 장세입니다. 에너지/원자재 수혜와 장기채 부담을 함께 봅니다.
XLY,XLY,equity_etf,korea_domestic_financial_stress,Korea Domestic Financial Stress,한국 내수 금융스트레스장,korea_market,-0.35579,-0.001334,0.0,negative,0.35579,medium,84.809459,rolling_beta,v3,1,4292,4292,5,seed,pass,Y,,2026-06-04,0,0.0,0.0,medium,N,scenario inactive,inactive scenario,0.047511,-0.000185,-0.001334,korea_financial_stress_hedge,"가계부채, 부동산 PF, 비은행권, 금융주와 건설주 스트레스가 한국 자산 전반으로 번지는 장세입니다. 금융/건설 basket, 신용 spread, 단기자금 spread, 원화 약세를 함께 점검합니다."
XLY,XLY,equity_etf,semiconductor_ai_cycle_shock,Semiconductor / AI Cycle Shock,AI·반도체 사이클 충격장,korea_semiconductor,0.151488,-0.001334,0.53176,positive,0.151488,low,77.298138,rolling_beta,v3,1,1260,1260,6,market,pass,N,,2026-06-04,0,0.0,0.0,high,N,scenario inactive,inactive scenario,0.482449,0.53176,-0.001334,semiconductor_ai_shock_vulnerable,"AI capex 기대와 반도체 모멘텀이 꺾이면서 미국 성장주와 한국 반도체 대형주가 동시에 압박받는 장세입니다. SOXX, AI leader basket, 한국 반도체 basket의 동반 약세와 원화 압력을 함께 봅니다."
XLY,XLY,equity_etf,slowdown_recession_deflation_risk,Slowdown / Recession / Deflation Risk,경기둔화/침체 우려장,us_global,0.379839,-0.001334,1.050129,positive,0.379839,medium,60.696943,rolling_beta,v3,1,4873,4873,3,market,pass,N,,2026-06-04,0,0.0,0.0,high,N,scenario inactive,inactive scenario,1.050979,1.050129,-0.001334,slowdown_vulnerable,수요 둔화와 침체/디플레이션 압력이 커지는 방어적 장세입니다. 주식 beta와 신용위험을 보수적으로 봅니다.
XOM,XOM,us_stock,usd_strength_krw_weakness,USD Strength / KRW Weakness,달러강세/원화약세장,fx_krw,-0.120461,-0.001613,0.007726,negative,0.120461,low,78.591896,rolling_beta,v3,1,4292,4292,4,market,pass,N,,2026-06-04,1,0.958519,0.958519,high,Y,trade-gated adverse scenario with medium/high evidence,active market context,0.674775,0.007726,-0.001613,krw_weakness_hedge,달러가 강하고 원화가 약해져 KRW 기준 투자자의 환율 리스크가 커지는 장세입니다. 한국 자산과 USD 노출의 역할을 분리해 봅니다.
XOM,XOM,us_stock,china_trade_fragmentation_shock,China / Trade Fragmentation Shock,중국·무역분절 충격장,china_asia,0.123952,-0.001613,0.007726,positive,0.123952,low,67.121129,rolling_beta,v3,1,1260,1260,5,market,pass,N,,2026-06-04,1,0.743352,0.743352,high,Y,trade-gated adverse scenario with medium/high evidence,active market context,0.034904,0.007726,-0.001613,china_asia_shock_vulnerable,중국 경기·무역갈등·공급망 충격이 한국/아시아와 반도체 자산에 번지는 장세입니다. 한국 반도체 factor와 원화 약세를 함께 확인합니다.
XOM,XOM,us_stock,higher_for_longer_long_rate_shock,Higher-for-Longer / Long-Rate Shock,장기금리 부담장,us_global,0.404986,-0.001613,0.994131,positive,0.404986,medium,60.332483,rolling_beta,v3,1,4873,4873,3,market,pass,N,,2026-06-04,1,0.710094,0.0,high,N,below ACTIVE confidence/coverage trade-gate threshold,active market context,0.918157,0.994131,-0.001613,rate_sensitive,장기금리와 달러 강세 부담이 채권·성장주·신용자산을 압박하는 장세입니다. 고밸류 성장주와 반도체 factor 민감도를 점검합니다.
XOM,XOM,us_stock,geopolitical_escalation_supply_shock,Geopolitical Escalation / Supply Shock,지정학 확전·공급충격장,geopolitical,-0.061022,-0.001613,0.918157,negative,0.061022,low,52.44319,rolling_beta,v3,1,4292,4292,3,manual,pass,Y,,2026-06-04,1,0.382179,0.0,medium,N,context only: source_quality=manual,context only: source_quality=manual,0.418611,,-0.001613,geopolitical_supply_shock_hedge,"전쟁, 제재, 해상로 차질, 대만·중동·한반도 긴장처럼 유가·금·방산·변동성이 동시에 움직이는 이벤트성 충격 장세입니다. 뉴스 overlay는 가격 신호를 보강하는 용도로만 해석합니다."
XOM,XOM,us_stock,acute_global_stress_liquidity_crunch,Acute Global Stress / Liquidity Crunch,급성 리스크오프/유동성 경색장,us_global,0.577563,-0.001613,0.994131,positive,0.577563,medium,41.987513,rolling_beta,v3,1,4873,4873,3,market,pass,N,,2026-06-04,1,0.362342,0.0,medium,N,context only: WATCH state,context only: WATCH state,0.918157,0.994131,-0.001613,liquidity_stress_vulnerable,변동성이 튀고 위험자산이 동반 약세를 보이는 단기 스트레스 장세입니다. 상관관계 상승과 유동성 악화를 우선 점검합니다.
XOM,XOM,us_stock,soft_landing_goldilocks,Soft Landing / Goldilocks,우호적 위험선호장,us_global,0.918157,-0.001613,0.994131,positive,0.918157,high,48.066958,rolling_beta,v3,1,4873,4873,3,market,pass,N,,2026-06-04,0,0.0,0.0,medium,N,non-adverse scenario,inactive scenario,0.918157,0.994131,-0.001613,risk_on_participation,우호적 위험선호장 참여 민감도
XOM,XOM,us_stock,stagflation_reinflation_energy_shock,Stagflation / Reinflation / Energy Shock,물가·에너지 재상승장,us_global,-0.088325,-0.001613,0.918157,negative,0.088325,low,53.197858,rolling_beta,v3,1,4873,4873,2,market,pass,N,,2026-06-04,0,0.0,0.0,high,N,scenario inactive,inactive scenario,0.418611,,-0.001613,inflation_hedge,성장 부담이 있는데 유가·원자재·인플레이션 압력이 다시 커지는 장세입니다. 에너지/원자재 수혜와 장기채 부담을 함께 봅니다.
XOM,XOM,us_stock,korea_domestic_financial_stress,Korea Domestic Financial Stress,한국 내수 금융스트레스장,korea_market,-0.046247,-0.001613,0.007726,neutral,0.046247,low,84.809459,rolling_beta,v3,1,4292,4292,5,seed,pass,Y,,2026-06-04,0,0.0,0.0,medium,N,scenario inactive,inactive scenario,0.034904,0.007726,-0.001613,korea_financial_stress_hedge,"가계부채, 부동산 PF, 비은행권, 금융주와 건설주 스트레스가 한국 자산 전반으로 번지는 장세입니다. 금융/건설 basket, 신용 spread, 단기자금 spread, 원화 약세를 함께 점검합니다."
XOM,XOM,us_stock,semiconductor_ai_cycle_shock,Semiconductor / AI Cycle Shock,AI·반도체 사이클 충격장,korea_semiconductor,0.163817,-0.001613,0.171225,positive,0.163817,low,77.298138,rolling_beta,v3,1,1260,1260,6,market,pass,N,,2026-06-04,0,0.0,0.0,high,N,scenario inactive,inactive scenario,0.144578,0.171225,-0.001613,semiconductor_ai_shock_vulnerable,"AI capex 기대와 반도체 모멘텀이 꺾이면서 미국 성장주와 한국 반도체 대형주가 동시에 압박받는 장세입니다. SOXX, AI leader basket, 한국 반도체 basket의 동반 약세와 원화 압력을 함께 봅니다."
XOM,XOM,us_stock,slowdown_recession_deflation_risk,Slowdown / Recession / Deflation Risk,경기둔화/침체 우려장,us_global,0.65325,-0.001613,0.994131,positive,0.65325,medium,60.696943,rolling_beta,v3,1,4873,4873,3,market,pass,N,,2026-06-04,0,0.0,0.0,high,N,scenario inactive,inactive scenario,0.918157,0.994131,-0.001613,slowdown_vulnerable,수요 둔화와 침체/디플레이션 압력이 커지는 방어적 장세입니다. 주식 beta와 신용위험을 보수적으로 봅니다.
XOP,XOP,equity_etf,usd_strength_krw_weakness,USD Strength / KRW Weakness,달러강세/원화약세장,fx_krw,-0.042551,-0.003658,0.209979,neutral,0.042551,low,78.591896,rolling_beta,v3,1,4292,4292,4,market,pass,N,,2026-06-04,1,0.958519,0.958519,high,Y,trade-gated adverse scenario with medium/high evidence,active market context,0.440196,0.209979,-0.003658,krw_weakness_hedge,달러가 강하고 원화가 약해져 KRW 기준 투자자의 환율 리스크가 커지는 장세입니다. 한국 자산과 USD 노출의 역할을 분리해 봅니다.
XOP,XOP,equity_etf,china_trade_fragmentation_shock,China / Trade Fragmentation Shock,중국·무역분절 충격장,china_asia,0.237411,-0.003658,0.209979,positive,0.237411,low,67.121129,rolling_beta,v3,1,1260,1260,5,market,pass,N,,2026-06-04,1,0.743352,0.743352,high,Y,trade-gated adverse scenario with medium/high evidence,active market context,0.203551,0.209979,-0.003658,china_asia_shock_vulnerable,중국 경기·무역갈등·공급망 충격이 한국/아시아와 반도체 자산에 번지는 장세입니다. 한국 반도체 factor와 원화 약세를 함께 확인합니다.
XOP,XOP,equity_etf,higher_for_longer_long_rate_shock,Higher-for-Longer / Long-Rate Shock,장기금리 부담장,us_global,0.576388,-0.003658,1.333318,positive,0.576388,medium,60.332483,rolling_beta,v3,1,4873,4873,3,market,pass,N,,2026-06-04,1,0.710094,0.0,high,N,below ACTIVE confidence/coverage trade-gate threshold,active market context,1.229796,1.333318,-0.003658,rate_sensitive,장기금리와 달러 강세 부담이 채권·성장주·신용자산을 압박하는 장세입니다. 고밸류 성장주와 반도체 factor 민감도를 점검합니다.
XOP,XOP,equity_etf,geopolitical_escalation_supply_shock,Geopolitical Escalation / Supply Shock,지정학 확전·공급충격장,geopolitical,0.040154,-0.003658,1.229796,neutral,0.040154,low,52.44319,rolling_beta,v3,1,4292,4292,3,manual,pass,Y,,2026-06-04,1,0.382179,0.0,medium,N,context only: source_quality=manual,context only: source_quality=manual,0.682318,,-0.003658,geopolitical_supply_shock_vulnerable,"전쟁, 제재, 해상로 차질, 대만·중동·한반도 긴장처럼 유가·금·방산·변동성이 동시에 움직이는 이벤트성 충격 장세입니다. 뉴스 overlay는 가격 신호를 보강하는 용도로만 해석합니다."
XOP,XOP,equity_etf,acute_global_stress_liquidity_crunch,Acute Global Stress / Liquidity Crunch,급성 리스크오프/유동성 경색장,us_global,0.841001,-0.003658,1.333318,positive,0.841001,high,41.987513,rolling_beta,v3,1,4873,4873,3,market,pass,N,,2026-06-04,1,0.362342,0.0,medium,N,context only: WATCH state,context only: WATCH state,1.229796,1.333318,-0.003658,liquidity_stress_vulnerable,변동성이 튀고 위험자산이 동반 약세를 보이는 단기 스트레스 장세입니다. 상관관계 상승과 유동성 악화를 우선 점검합니다.
XOP,XOP,equity_etf,soft_landing_goldilocks,Soft Landing / Goldilocks,우호적 위험선호장,us_global,1.229796,-0.003658,1.333318,positive,1.229796,high,48.066958,rolling_beta,v3,1,4873,4873,3,market,pass,N,,2026-06-04,0,0.0,0.0,medium,N,non-adverse scenario,inactive scenario,1.229796,1.333318,-0.003658,risk_on_participation,우호적 위험선호장 참여 민감도
XOP,XOP,equity_etf,stagflation_reinflation_energy_shock,Stagflation / Reinflation / Energy Shock,물가·에너지 재상승장,us_global,0.07188,-0.003658,1.229796,positive,0.07188,low,53.197858,rolling_beta,v3,1,4873,4873,2,market,pass,N,,2026-06-04,0,0.0,0.0,high,N,scenario inactive,inactive scenario,0.682318,,-0.003658,stagflation_vulnerable,성장 부담이 있는데 유가·원자재·인플레이션 압력이 다시 커지는 장세입니다. 에너지/원자재 수혜와 장기채 부담을 함께 봅니다.
XOP,XOP,equity_etf,korea_domestic_financial_stress,Korea Domestic Financial Stress,한국 내수 금융스트레스장,korea_market,0.044614,-0.003658,0.209979,neutral,0.044614,low,84.809459,rolling_beta,v3,1,4292,4292,5,seed,pass,Y,,2026-06-04,0,0.0,0.0,medium,N,scenario inactive,inactive scenario,0.203551,0.209979,-0.003658,korea_financial_stress_vulnerable,"가계부채, 부동산 PF, 비은행권, 금융주와 건설주 스트레스가 한국 자산 전반으로 번지는 장세입니다. 금융/건설 basket, 신용 spread, 단기자금 spread, 원화 약세를 함께 점검합니다."
XOP,XOP,equity_etf,semiconductor_ai_cycle_shock,Semiconductor / AI Cycle Shock,AI·반도체 사이클 충격장,korea_semiconductor,0.386968,-0.003658,0.441515,positive,0.386968,medium,77.298138,rolling_beta,v3,1,1260,1260,6,market,pass,N,,2026-06-04,0,0.0,0.0,high,N,scenario inactive,inactive scenario,0.341241,0.441515,-0.003658,semiconductor_ai_shock_vulnerable,"AI capex 기대와 반도체 모멘텀이 꺾이면서 미국 성장주와 한국 반도체 대형주가 동시에 압박받는 장세입니다. SOXX, AI leader basket, 한국 반도체 basket의 동반 약세와 원화 압력을 함께 봅니다."
XOP,XOP,equity_etf,slowdown_recession_deflation_risk,Slowdown / Recession / Deflation Risk,경기둔화/침체 우려장,us_global,0.9274,-0.003658,1.333318,positive,0.9274,high,60.696943,rolling_beta,v3,1,4873,4873,3,market,pass,N,,2026-06-04,0,0.0,0.0,high,N,scenario inactive,inactive scenario,1.229796,1.333318,-0.003658,slowdown_vulnerable,수요 둔화와 침체/디플레이션 압력이 커지는 방어적 장세입니다. 주식 beta와 신용위험을 보수적으로 봅니다.
XRP-USD,XRP-USD,crypto,usd_strength_krw_weakness,USD Strength / KRW Weakness,달러강세/원화약세장,fx_krw,-0.107465,0.004639,0.034032,negative,0.107465,low,78.591896,rolling_beta,v3,1,2095,2095,4,market,pass,N,,2026-06-04,1,0.958519,0.958519,high,Y,trade-gated adverse scenario with medium/high evidence,active market context,0.103572,0.034032,0.004639,krw_weakness_hedge,달러가 강하고 원화가 약해져 KRW 기준 투자자의 환율 리스크가 커지는 장세입니다. 한국 자산과 USD 노출의 역할을 분리해 봅니다.
XRP-USD,XRP-USD,crypto,china_trade_fragmentation_shock,China / Trade Fragmentation Shock,중국·무역분절 충격장,china_asia,-0.021954,0.004639,0.034032,neutral,0.021954,low,67.121129,rolling_beta,v3,1,1259,1259,5,market,pass,N,,2026-06-04,1,0.743352,0.743352,high,Y,trade-gated adverse scenario with medium/high evidence,active market context,-0.012966,0.034032,0.004639,china_asia_shock_hedge,중국 경기·무역갈등·공급망 충격이 한국/아시아와 반도체 자산에 번지는 장세입니다. 한국 반도체 factor와 원화 약세를 함께 확인합니다.
XRP-USD,XRP-USD,crypto,higher_for_longer_long_rate_shock,Higher-for-Longer / Long-Rate Shock,장기금리 부담장,us_global,0.433576,0.004639,1.030039,positive,0.433576,medium,60.332483,rolling_beta,v3,1,2150,2150,3,market,pass,N,,2026-06-04,1,0.710094,0.0,high,N,below ACTIVE confidence/coverage trade-gate threshold,active market context,0.970138,1.030039,0.004639,rate_sensitive,장기금리와 달러 강세 부담이 채권·성장주·신용자산을 압박하는 장세입니다. 고밸류 성장주와 반도체 factor 민감도를 점검합니다.
XRP-USD,XRP-USD,crypto,geopolitical_escalation_supply_shock,Geopolitical Escalation / Supply Shock,지정학 확전·공급충격장,geopolitical,-0.144037,0.004639,0.970138,negative,0.144037,low,52.44319,rolling_beta,v3,1,2150,2150,3,manual,pass,Y,,2026-06-04,1,0.382179,0.0,medium,N,context only: source_quality=manual,context only: source_quality=manual,0.098691,,0.004639,geopolitical_supply_shock_hedge,"전쟁, 제재, 해상로 차질, 대만·중동·한반도 긴장처럼 유가·금·방산·변동성이 동시에 움직이는 이벤트성 충격 장세입니다. 뉴스 overlay는 가격 신호를 보강하는 용도로만 해석합니다."
XRP-USD,XRP-USD,crypto,acute_global_stress_liquidity_crunch,Acute Global Stress / Liquidity Crunch,급성 리스크오프/유동성 경색장,us_global,0.024809,0.004639,1.030039,neutral,0.024809,low,41.987513,rolling_beta,v3,1,2150,2150,3,market,pass,N,,2026-06-04,1,0.362342,0.0,medium,N,context only: WATCH state,context only: WATCH state,0.970138,1.030039,0.004639,liquidity_stress_vulnerable,변동성이 튀고 위험자산이 동반 약세를 보이는 단기 스트레스 장세입니다. 상관관계 상승과 유동성 악화를 우선 점검합니다.
XRP-USD,XRP-USD,crypto,soft_landing_goldilocks,Soft Landing / Goldilocks,우호적 위험선호장,us_global,0.970138,0.004639,1.030039,positive,0.970138,high,48.066958,rolling_beta,v3,1,2150,2150,3,market,pass,N,,2026-06-04,0,0.0,0.0,medium,N,non-adverse scenario,inactive scenario,0.970138,1.030039,0.004639,risk_on_participation,우호적 위험선호장 참여 민감도
XRP-USD,XRP-USD,crypto,stagflation_reinflation_energy_shock,Stagflation / Reinflation / Energy Shock,물가·에너지 재상승장,us_global,0.223567,0.004639,0.970138,positive,0.223567,low,53.197858,rolling_beta,v3,1,2150,2150,2,market,pass,N,,2026-06-04,0,0.0,0.0,high,N,scenario inactive,inactive scenario,0.098691,,0.004639,stagflation_vulnerable,성장 부담이 있는데 유가·원자재·인플레이션 압력이 다시 커지는 장세입니다. 에너지/원자재 수혜와 장기채 부담을 함께 봅니다.
XRP-USD,XRP-USD,crypto,korea_domestic_financial_stress,Korea Domestic Financial Stress,한국 내수 금융스트레스장,korea_market,-0.583902,0.004639,0.034032,negative,0.583902,medium,84.809459,rolling_beta,v3,1,2094,2094,5,seed,pass,Y,,2026-06-04,0,0.0,0.0,medium,N,scenario inactive,inactive scenario,-0.012966,0.034032,0.004639,korea_financial_stress_hedge,"가계부채, 부동산 PF, 비은행권, 금융주와 건설주 스트레스가 한국 자산 전반으로 번지는 장세입니다. 금융/건설 basket, 신용 spread, 단기자금 spread, 원화 약세를 함께 점검합니다."
XRP-USD,XRP-USD,crypto,semiconductor_ai_cycle_shock,Semiconductor / AI Cycle Shock,AI·반도체 사이클 충격장,korea_semiconductor,0.106734,0.004639,0.522311,positive,0.106734,low,77.298138,rolling_beta,v3,1,1259,1259,6,market,pass,N,,2026-06-04,0,0.0,0.0,high,N,scenario inactive,inactive scenario,0.563839,0.522311,0.004639,semiconductor_ai_shock_vulnerable,"AI capex 기대와 반도체 모멘텀이 꺾이면서 미국 성장주와 한국 반도체 대형주가 동시에 압박받는 장세입니다. SOXX, AI leader basket, 한국 반도체 basket의 동반 약세와 원화 압력을 함께 봅니다."
XRP-USD,XRP-USD,crypto,slowdown_recession_deflation_risk,Slowdown / Recession / Deflation Risk,경기둔화/침체 우려장,us_global,0.118215,0.004639,1.030039,positive,0.118215,low,60.696943,rolling_beta,v3,1,2150,2150,3,market,pass,N,,2026-06-04,0,0.0,0.0,high,N,scenario inactive,inactive scenario,0.970138,1.030039,0.004639,slowdown_vulnerable,수요 둔화와 침체/디플레이션 압력이 커지는 방어적 장세입니다. 주식 beta와 신용위험을 보수적으로 봅니다.
XRT,XRT,equity_etf,usd_strength_krw_weakness,USD Strength / KRW Weakness,달러강세/원화약세장,fx_krw,-0.086115,-0.001031,0.0,negative,0.086115,low,78.591896,rolling_beta,v3,1,4292,4292,4,market,pass,N,,2026-06-04,1,0.958519,0.958519,high,Y,trade-gated adverse scenario with medium/high evidence,active market context,0.619133,-0.068197,-0.001031,krw_weakness_hedge,달러가 강하고 원화가 약해져 KRW 기준 투자자의 환율 리스크가 커지는 장세입니다. 한국 자산과 USD 노출의 역할을 분리해 봅니다.
XRT,XRT,equity_etf,china_trade_fragmentation_shock,China / Trade Fragmentation Shock,중국·무역분절 충격장,china_asia,0.136877,-0.001031,0.0,positive,0.136877,low,67.121129,rolling_beta,v3,1,1260,1260,5,market,pass,N,,2026-06-04,1,0.743352,0.743352,high,Y,trade-gated adverse scenario with medium/high evidence,active market context,0.008639,-0.068197,-0.001031,china_asia_shock_vulnerable,중국 경기·무역갈등·공급망 충격이 한국/아시아와 반도체 자산에 번지는 장세입니다. 한국 반도체 factor와 원화 약세를 함께 확인합니다.
XRT,XRT,equity_etf,higher_for_longer_long_rate_shock,Higher-for-Longer / Long-Rate Shock,장기금리 부담장,us_global,0.930547,-0.001031,1.058032,positive,0.930547,high,60.332483,rolling_beta,v3,1,4873,4873,3,market,pass,N,,2026-06-04,1,0.710094,0.0,high,N,below ACTIVE confidence/coverage trade-gate threshold,active market context,1.05554,1.058032,-0.001031,rate_sensitive,장기금리와 달러 강세 부담이 채권·성장주·신용자산을 압박하는 장세입니다. 고밸류 성장주와 반도체 factor 민감도를 점검합니다.
XRT,XRT,equity_etf,geopolitical_escalation_supply_shock,Geopolitical Escalation / Supply Shock,지정학 확전·공급충격장,geopolitical,0.097756,-0.001031,1.05554,positive,0.097756,low,52.44319,rolling_beta,v3,1,4292,4292,3,manual,pass,Y,,2026-06-04,1,0.382179,0.0,medium,N,context only: source_quality=manual,context only: source_quality=manual,0.198676,,-0.001031,geopolitical_supply_shock_vulnerable,"전쟁, 제재, 해상로 차질, 대만·중동·한반도 긴장처럼 유가·금·방산·변동성이 동시에 움직이는 이벤트성 충격 장세입니다. 뉴스 overlay는 가격 신호를 보강하는 용도로만 해석합니다."
XRT,XRT,equity_etf,acute_global_stress_liquidity_crunch,Acute Global Stress / Liquidity Crunch,급성 리스크오프/유동성 경색장,us_global,0.326931,-0.001031,1.058032,positive,0.326931,medium,41.987513,rolling_beta,v3,1,4873,4873,3,market,pass,N,,2026-06-04,1,0.362342,0.0,medium,N,context only: WATCH state,context only: WATCH state,1.05554,1.058032,-0.001031,liquidity_stress_vulnerable,변동성이 튀고 위험자산이 동반 약세를 보이는 단기 스트레스 장세입니다. 상관관계 상승과 유동성 악화를 우선 점검합니다.
XRT,XRT,equity_etf,soft_landing_goldilocks,Soft Landing / Goldilocks,우호적 위험선호장,us_global,1.05554,-0.001031,1.058032,positive,1.05554,high,48.066958,rolling_beta,v3,1,4873,4873,3,market,pass,N,,2026-06-04,0,0.0,0.0,medium,N,non-adverse scenario,inactive scenario,1.05554,1.058032,-0.001031,risk_on_participation,우호적 위험선호장 참여 민감도
XRT,XRT,equity_etf,stagflation_reinflation_energy_shock,Stagflation / Reinflation / Energy Shock,물가·에너지 재상승장,us_global,0.595208,-0.001031,1.05554,positive,0.595208,medium,53.197858,rolling_beta,v3,1,4873,4873,2,market,pass,N,,2026-06-04,0,0.0,0.0,high,N,scenario inactive,inactive scenario,0.198676,,-0.001031,stagflation_vulnerable,성장 부담이 있는데 유가·원자재·인플레이션 압력이 다시 커지는 장세입니다. 에너지/원자재 수혜와 장기채 부담을 함께 봅니다.
XRT,XRT,equity_etf,korea_domestic_financial_stress,Korea Domestic Financial Stress,한국 내수 금융스트레스장,korea_market,-0.378337,-0.001031,0.0,negative,0.378337,medium,84.809459,rolling_beta,v3,1,4292,4292,5,seed,pass,Y,,2026-06-04,0,0.0,0.0,medium,N,scenario inactive,inactive scenario,0.008639,-0.068197,-0.001031,korea_financial_stress_hedge,"가계부채, 부동산 PF, 비은행권, 금융주와 건설주 스트레스가 한국 자산 전반으로 번지는 장세입니다. 금융/건설 basket, 신용 spread, 단기자금 spread, 원화 약세를 함께 점검합니다."
XRT,XRT,equity_etf,semiconductor_ai_cycle_shock,Semiconductor / AI Cycle Shock,AI·반도체 사이클 충격장,korea_semiconductor,0.115284,-0.001031,0.458209,positive,0.115284,low,77.298138,rolling_beta,v3,1,1260,1260,6,market,pass,N,,2026-06-04,0,0.0,0.0,high,N,scenario inactive,inactive scenario,0.458937,0.458209,-0.001031,semiconductor_ai_shock_vulnerable,"AI capex 기대와 반도체 모멘텀이 꺾이면서 미국 성장주와 한국 반도체 대형주가 동시에 압박받는 장세입니다. SOXX, AI leader basket, 한국 반도체 basket의 동반 약세와 원화 압력을 함께 봅니다."
XRT,XRT,equity_etf,slowdown_recession_deflation_risk,Slowdown / Recession / Deflation Risk,경기둔화/침체 우려장,us_global,0.372177,-0.001031,1.058032,positive,0.372177,medium,60.696943,rolling_beta,v3,1,4873,4873,3,market,pass,N,,2026-06-04,0,0.0,0.0,high,N,scenario inactive,inactive scenario,1.05554,1.058032,-0.001031,slowdown_vulnerable,수요 둔화와 침체/디플레이션 압력이 커지는 방어적 장세입니다. 주식 beta와 신용위험을 보수적으로 봅니다.
