timestamp_utc,timestamp_kst,date_kst,hour_kst,ticker,label,asset_class,lens,open,high,low,close,volume,currency,source,ingested_at
2026-06-04T00:00:00+00:00,2026-06-04T09:00:00+09:00,2026-06-04,09:00,000270.KS,Kia,kr_stock,korea_exporter,166000.0,168000.0,163400.0,163700.0,0.0,KRW,yahoo_intraday,2026-06-10T09:10:05.132145+00:00
2026-06-04T01:00:00+00:00,2026-06-04T10:00:00+09:00,2026-06-04,10:00,000270.KS,Kia,kr_stock,korea_exporter,163700.0,164400.0,162000.0,162300.0,224686.0,KRW,yahoo_intraday,2026-06-10T09:10:05.132145+00:00
2026-06-04T02:00:00+00:00,2026-06-04T11:00:00+09:00,2026-06-04,11:00,000270.KS,Kia,kr_stock,korea_exporter,162300.0,166100.0,162000.0,165800.0,174871.0,KRW,yahoo_intraday,2026-06-10T09:10:05.132145+00:00
2026-06-04T03:00:00+00:00,2026-06-04T12:00:00+09:00,2026-06-04,12:00,000270.KS,Kia,kr_stock,korea_exporter,165800.0,167200.0,165600.0,166600.0,134583.0,KRW,yahoo_intraday,2026-06-10T09:10:05.132145+00:00
2026-06-04T04:00:00+00:00,2026-06-04T13:00:00+09:00,2026-06-04,13:00,000270.KS,Kia,kr_stock,korea_exporter,166600.0,166600.0,165200.0,165900.0,119421.0,KRW,yahoo_intraday,2026-06-10T09:10:05.132145+00:00
2026-06-04T05:00:00+00:00,2026-06-04T14:00:00+09:00,2026-06-04,14:00,000270.KS,Kia,kr_stock,korea_exporter,165700.0,166300.0,164700.0,165200.0,144748.0,KRW,yahoo_intraday,2026-06-10T09:10:05.132145+00:00
2026-06-05T00:00:00+00:00,2026-06-05T09:00:00+09:00,2026-06-05,09:00,000270.KS,Kia,kr_stock,korea_exporter,162900.0,163000.0,155700.0,156200.0,287557.0,KRW,yahoo_intraday,2026-06-10T09:10:05.132145+00:00
2026-06-05T01:00:00+00:00,2026-06-05T10:00:00+09:00,2026-06-05,10:00,000270.KS,Kia,kr_stock,korea_exporter,156100.0,159400.0,154600.0,158950.0,150056.0,KRW,yahoo_intraday,2026-06-10T09:10:05.132145+00:00
2026-06-05T02:00:00+00:00,2026-06-05T11:00:00+09:00,2026-06-05,11:00,000270.KS,Kia,kr_stock,korea_exporter,158900.0,160400.0,158300.0,159100.0,99829.0,KRW,yahoo_intraday,2026-06-10T09:10:05.132145+00:00
2026-06-05T03:00:00+00:00,2026-06-05T12:00:00+09:00,2026-06-05,12:00,000270.KS,Kia,kr_stock,korea_exporter,158900.0,160500.0,158700.0,159300.0,67758.0,KRW,yahoo_intraday,2026-06-10T09:10:05.132145+00:00
2026-06-05T04:00:00+00:00,2026-06-05T13:00:00+09:00,2026-06-05,13:00,000270.KS,Kia,kr_stock,korea_exporter,159400.0,160000.0,158000.0,159500.0,72613.0,KRW,yahoo_intraday,2026-06-10T09:10:05.132145+00:00
2026-06-05T05:00:00+00:00,2026-06-05T14:00:00+09:00,2026-06-05,14:00,000270.KS,Kia,kr_stock,korea_exporter,159500.0,162500.0,159100.0,160100.0,158948.0,KRW,yahoo_intraday,2026-06-10T09:10:05.132145+00:00
2026-06-08T00:00:00+00:00,2026-06-08T09:00:00+09:00,2026-06-08,09:00,000270.KS,Kia,kr_stock,korea_exporter,149900.0,154700.0,149800.0,151800.0,0.0,KRW,yahoo_intraday,2026-06-10T09:10:05.132145+00:00
2026-06-08T01:00:00+00:00,2026-06-08T10:00:00+09:00,2026-06-08,10:00,000270.KS,Kia,kr_stock,korea_exporter,151800.0,152200.0,150000.0,151000.0,197733.0,KRW,yahoo_intraday,2026-06-10T09:10:05.132145+00:00
2026-06-08T02:00:00+00:00,2026-06-08T11:00:00+09:00,2026-06-08,11:00,000270.KS,Kia,kr_stock,korea_exporter,151000.0,153700.0,150700.0,153200.0,125424.0,KRW,yahoo_intraday,2026-06-10T09:10:05.132145+00:00
2026-06-08T03:00:00+00:00,2026-06-08T12:00:00+09:00,2026-06-08,12:00,000270.KS,Kia,kr_stock,korea_exporter,153100.0,154100.0,152400.0,153200.0,128223.0,KRW,yahoo_intraday,2026-06-10T09:10:05.132145+00:00
2026-06-08T04:00:00+00:00,2026-06-08T13:00:00+09:00,2026-06-08,13:00,000270.KS,Kia,kr_stock,korea_exporter,153500.0,153900.0,151500.0,151600.0,121007.0,KRW,yahoo_intraday,2026-06-10T09:10:05.132145+00:00
2026-06-08T05:00:00+00:00,2026-06-08T14:00:00+09:00,2026-06-08,14:00,000270.KS,Kia,kr_stock,korea_exporter,151600.0,152900.0,150200.0,150400.0,206394.0,KRW,yahoo_intraday,2026-06-10T09:10:05.132145+00:00
2026-06-09T00:00:00+00:00,2026-06-09T09:00:00+09:00,2026-06-09,09:00,000270.KS,Kia,kr_stock,korea_exporter,155900.0,164500.0,154500.0,162100.0,651774.0,KRW,yahoo_intraday,2026-06-10T09:10:05.132145+00:00
2026-06-09T01:00:00+00:00,2026-06-09T10:00:00+09:00,2026-06-09,10:00,000270.KS,Kia,kr_stock,korea_exporter,162000.0,163800.0,160900.0,162600.0,410876.0,KRW,yahoo_intraday,2026-06-10T09:10:05.132145+00:00
2026-06-09T02:00:00+00:00,2026-06-09T11:00:00+09:00,2026-06-09,11:00,000270.KS,Kia,kr_stock,korea_exporter,162600.0,163800.0,161800.0,163400.0,268132.0,KRW,yahoo_intraday,2026-06-10T09:10:05.132145+00:00
2026-06-09T03:00:00+00:00,2026-06-09T12:00:00+09:00,2026-06-09,12:00,000270.KS,Kia,kr_stock,korea_exporter,163400.0,165000.0,163200.0,163900.0,239311.0,KRW,yahoo_intraday,2026-06-10T09:10:05.132145+00:00
2026-06-09T04:00:00+00:00,2026-06-09T13:00:00+09:00,2026-06-09,13:00,000270.KS,Kia,kr_stock,korea_exporter,163900.0,166700.0,163900.0,166400.0,234773.0,KRW,yahoo_intraday,2026-06-10T09:10:05.132145+00:00
2026-06-09T05:00:00+00:00,2026-06-09T14:00:00+09:00,2026-06-09,14:00,000270.KS,Kia,kr_stock,korea_exporter,166400.0,167300.0,165100.0,165300.0,259625.0,KRW,yahoo_intraday,2026-06-10T09:10:05.132145+00:00
2026-06-10T00:00:00+00:00,2026-06-10T09:00:00+09:00,2026-06-10,09:00,000270.KS,Kia,kr_stock,korea_exporter,162000.0,163700.0,160100.0,162400.0,387829.0,KRW,yahoo_intraday,2026-06-10T09:10:05.132145+00:00
2026-06-10T01:00:00+00:00,2026-06-10T10:00:00+09:00,2026-06-10,10:00,000270.KS,Kia,kr_stock,korea_exporter,162400.0,164800.0,162000.0,162800.0,286480.0,KRW,yahoo_intraday,2026-06-10T09:10:05.132145+00:00
2026-06-10T02:00:00+00:00,2026-06-10T11:00:00+09:00,2026-06-10,11:00,000270.KS,Kia,kr_stock,korea_exporter,162800.0,162800.0,161400.0,161800.0,196513.0,KRW,yahoo_intraday,2026-06-10T09:10:05.132145+00:00
2026-06-10T03:00:00+00:00,2026-06-10T12:00:00+09:00,2026-06-10,12:00,000270.KS,Kia,kr_stock,korea_exporter,161600.0,161700.0,159000.0,159400.0,198804.0,KRW,yahoo_intraday,2026-06-10T09:10:05.132145+00:00
2026-06-10T04:00:00+00:00,2026-06-10T13:00:00+09:00,2026-06-10,13:00,000270.KS,Kia,kr_stock,korea_exporter,159400.0,159800.0,154500.0,155100.0,282477.0,KRW,yahoo_intraday,2026-06-10T09:10:05.132145+00:00
2026-06-10T05:00:00+00:00,2026-06-10T14:00:00+09:00,2026-06-10,14:00,000270.KS,Kia,kr_stock,korea_exporter,155100.0,157300.0,154700.0,156500.0,329599.0,KRW,yahoo_intraday,2026-06-10T09:10:05.132145+00:00
2026-06-10T06:00:00+00:00,2026-06-10T15:00:00+09:00,2026-06-10,15:00,000270.KS,Kia,kr_stock,korea_exporter,159700.0,159700.0,159700.0,159700.0,0.0,KRW,yahoo_intraday,2026-06-10T09:10:05.132145+00:00
2026-06-04T00:00:00+00:00,2026-06-04T09:00:00+09:00,2026-06-04,09:00,000660.KS,SK Hynix,kr_stock,korea_semiconductor,2284000.0,2327000.0,2262000.0,2290000.0,0.0,KRW,yahoo_intraday,2026-06-10T09:10:05.132145+00:00
2026-06-04T01:00:00+00:00,2026-06-04T10:00:00+09:00,2026-06-04,10:00,000660.KS,SK Hynix,kr_stock,korea_semiconductor,2291000.0,2312000.0,2281000.0,2282000.0,557340.0,KRW,yahoo_intraday,2026-06-10T09:10:05.132145+00:00
2026-06-04T02:00:00+00:00,2026-06-04T11:00:00+09:00,2026-06-04,11:00,000660.KS,SK Hynix,kr_stock,korea_semiconductor,2282000.0,2303000.0,2267000.0,2291000.0,390051.0,KRW,yahoo_intraday,2026-06-10T09:10:05.132145+00:00
2026-06-04T03:00:00+00:00,2026-06-04T12:00:00+09:00,2026-06-04,12:00,000660.KS,SK Hynix,kr_stock,korea_semiconductor,2290000.0,2315000.0,2288000.0,2302000.0,265979.0,KRW,yahoo_intraday,2026-06-10T09:10:05.132145+00:00
2026-06-04T04:00:00+00:00,2026-06-04T13:00:00+09:00,2026-06-04,13:00,000660.KS,SK Hynix,kr_stock,korea_semiconductor,2303000.0,2309000.0,2287000.0,2306000.0,238326.0,KRW,yahoo_intraday,2026-06-10T09:10:05.132145+00:00
2026-06-04T05:00:00+00:00,2026-06-04T14:00:00+09:00,2026-06-04,14:00,000660.KS,SK Hynix,kr_stock,korea_semiconductor,2305000.0,2313000.0,2283000.0,2292000.0,402105.0,KRW,yahoo_intraday,2026-06-10T09:10:05.132145+00:00
2026-06-05T00:00:00+00:00,2026-06-05T09:00:00+09:00,2026-06-05,09:00,000660.KS,SK Hynix,kr_stock,korea_semiconductor,2142000.0,2153000.0,2077000.0,2094000.0,1671722.0,KRW,yahoo_intraday,2026-06-10T09:10:05.132145+00:00
2026-06-05T01:00:00+00:00,2026-06-05T10:00:00+09:00,2026-06-05,10:00,000660.KS,SK Hynix,kr_stock,korea_semiconductor,2094000.0,2158000.0,2078000.0,2150000.0,869730.0,KRW,yahoo_intraday,2026-06-10T09:10:05.132145+00:00
2026-06-05T02:00:00+00:00,2026-06-05T11:00:00+09:00,2026-06-05,11:00,000660.KS,SK Hynix,kr_stock,korea_semiconductor,2150000.0,2188000.0,2139000.0,2145000.0,660010.0,KRW,yahoo_intraday,2026-06-10T09:10:05.132145+00:00
2026-06-05T03:00:00+00:00,2026-06-05T12:00:00+09:00,2026-06-05,12:00,000660.KS,SK Hynix,kr_stock,korea_semiconductor,2146000.0,2159000.0,2105000.0,2124000.0,339731.0,KRW,yahoo_intraday,2026-06-10T09:10:05.132145+00:00
2026-06-05T04:00:00+00:00,2026-06-05T13:00:00+09:00,2026-06-05,13:00,000660.KS,SK Hynix,kr_stock,korea_semiconductor,2123000.0,2125000.0,2093000.0,2116000.0,385483.0,KRW,yahoo_intraday,2026-06-10T09:10:05.132145+00:00
2026-06-05T05:00:00+00:00,2026-06-05T14:00:00+09:00,2026-06-05,14:00,000660.KS,SK Hynix,kr_stock,korea_semiconductor,2116000.0,2130000.0,2093000.0,2094000.0,492445.0,KRW,yahoo_intraday,2026-06-10T09:10:05.132145+00:00
2026-06-08T00:00:00+00:00,2026-06-08T09:00:00+09:00,2026-06-08,09:00,000660.KS,SK Hynix,kr_stock,korea_semiconductor,1856000.0,1995000.0,1855000.0,1988000.0,0.0,KRW,yahoo_intraday,2026-06-10T09:10:05.132145+00:00
2026-06-08T01:00:00+00:00,2026-06-08T10:00:00+09:00,2026-06-08,10:00,000660.KS,SK Hynix,kr_stock,korea_semiconductor,1988000.0,2010000.0,1930000.0,2001000.0,1218217.0,KRW,yahoo_intraday,2026-06-10T09:10:05.132145+00:00
2026-06-08T02:00:00+00:00,2026-06-08T11:00:00+09:00,2026-06-08,11:00,000660.KS,SK Hynix,kr_stock,korea_semiconductor,2001000.0,2072000.0,1990000.0,2029000.0,1036887.0,KRW,yahoo_intraday,2026-06-10T09:10:05.132145+00:00
2026-06-08T03:00:00+00:00,2026-06-08T12:00:00+09:00,2026-06-08,12:00,000660.KS,SK Hynix,kr_stock,korea_semiconductor,2029000.0,2039000.0,2010000.0,2018000.0,438313.0,KRW,yahoo_intraday,2026-06-10T09:10:05.132145+00:00
2026-06-08T04:00:00+00:00,2026-06-08T13:00:00+09:00,2026-06-08,13:00,000660.KS,SK Hynix,kr_stock,korea_semiconductor,2018000.0,2029500.0,1977000.0,1978000.0,372167.0,KRW,yahoo_intraday,2026-06-10T09:10:05.132145+00:00
2026-06-08T05:00:00+00:00,2026-06-08T14:00:00+09:00,2026-06-08,14:00,000660.KS,SK Hynix,kr_stock,korea_semiconductor,1978000.0,1997000.0,1920000.0,1930000.0,739882.0,KRW,yahoo_intraday,2026-06-10T09:10:05.132145+00:00
2026-06-09T00:00:00+00:00,2026-06-09T09:00:00+09:00,2026-06-09,09:00,000660.KS,SK Hynix,kr_stock,korea_semiconductor,2050000.0,2066000.0,2007000.0,2035000.0,1257126.0,KRW,yahoo_intraday,2026-06-10T09:10:05.132145+00:00
2026-06-09T01:00:00+00:00,2026-06-09T10:00:00+09:00,2026-06-09,10:00,000660.KS,SK Hynix,kr_stock,korea_semiconductor,2035000.0,2077000.0,1998000.0,2068000.0,863356.0,KRW,yahoo_intraday,2026-06-10T09:10:05.132145+00:00
2026-06-09T02:00:00+00:00,2026-06-09T11:00:00+09:00,2026-06-09,11:00,000660.KS,SK Hynix,kr_stock,korea_semiconductor,2069000.0,2069000.0,2043000.0,2057500.0,410690.0,KRW,yahoo_intraday,2026-06-10T09:10:05.132145+00:00
2026-06-09T03:00:00+00:00,2026-06-09T12:00:00+09:00,2026-06-09,12:00,000660.KS,SK Hynix,kr_stock,korea_semiconductor,2057500.0,2135000.0,2055000.0,2133000.0,628158.0,KRW,yahoo_intraday,2026-06-10T09:10:05.132145+00:00
2026-06-09T04:00:00+00:00,2026-06-09T13:00:00+09:00,2026-06-09,13:00,000660.KS,SK Hynix,kr_stock,korea_semiconductor,2133000.0,2188000.0,2122000.0,2169000.0,801605.0,KRW,yahoo_intraday,2026-06-10T09:10:05.132145+00:00
2026-06-09T05:00:00+00:00,2026-06-09T14:00:00+09:00,2026-06-09,14:00,000660.KS,SK Hynix,kr_stock,korea_semiconductor,2169000.0,2226000.0,2160000.0,2211000.0,881868.0,KRW,yahoo_intraday,2026-06-10T09:10:05.132145+00:00
2026-06-10T00:00:00+00:00,2026-06-10T09:00:00+09:00,2026-06-10,09:00,000660.KS,SK Hynix,kr_stock,korea_semiconductor,2137000.0,2180000.0,2118000.0,2125000.0,1236150.0,KRW,yahoo_intraday,2026-06-10T09:10:05.132145+00:00
2026-06-10T01:00:00+00:00,2026-06-10T10:00:00+09:00,2026-06-10,10:00,000660.KS,SK Hynix,kr_stock,korea_semiconductor,2126000.0,2156000.0,2110000.0,2110000.0,543450.0,KRW,yahoo_intraday,2026-06-10T09:10:05.132145+00:00
2026-06-10T02:00:00+00:00,2026-06-10T11:00:00+09:00,2026-06-10,11:00,000660.KS,SK Hynix,kr_stock,korea_semiconductor,2111000.0,2113000.0,2072500.0,2094000.0,480930.0,KRW,yahoo_intraday,2026-06-10T09:10:05.132145+00:00
2026-06-10T03:00:00+00:00,2026-06-10T12:00:00+09:00,2026-06-10,12:00,000660.KS,SK Hynix,kr_stock,korea_semiconductor,2093000.0,2116000.0,2072000.0,2079000.0,322429.0,KRW,yahoo_intraday,2026-06-10T09:10:05.132145+00:00
2026-06-10T04:00:00+00:00,2026-06-10T13:00:00+09:00,2026-06-10,13:00,000660.KS,SK Hynix,kr_stock,korea_semiconductor,2078000.0,2084000.0,2004000.0,2017000.0,787469.0,KRW,yahoo_intraday,2026-06-10T09:10:05.132145+00:00
2026-06-10T05:00:00+00:00,2026-06-10T14:00:00+09:00,2026-06-10,14:00,000660.KS,SK Hynix,kr_stock,korea_semiconductor,2018000.0,2033000.0,1992000.0,2000000.0,741780.0,KRW,yahoo_intraday,2026-06-10T09:10:05.132145+00:00
2026-06-10T06:00:00+00:00,2026-06-10T15:00:00+09:00,2026-06-10,15:00,000660.KS,SK Hynix,kr_stock,korea_semiconductor,2048000.0,2048000.0,2048000.0,2048000.0,0.0,KRW,yahoo_intraday,2026-06-10T09:10:05.132145+00:00
2026-06-04T00:00:00+00:00,2026-06-04T09:00:00+09:00,2026-06-04,09:00,005380.KS,Hyundai Motor,kr_stock,korea_exporter,708000.0,727000.0,692000.0,707000.0,0.0,KRW,yahoo_intraday,2026-06-10T09:10:05.132145+00:00
2026-06-04T01:00:00+00:00,2026-06-04T10:00:00+09:00,2026-06-04,10:00,005380.KS,Hyundai Motor,kr_stock,korea_exporter,707000.0,710000.0,698000.0,699000.0,133145.0,KRW,yahoo_intraday,2026-06-10T09:10:05.132145+00:00
2026-06-04T02:00:00+00:00,2026-06-04T11:00:00+09:00,2026-06-04,11:00,005380.KS,Hyundai Motor,kr_stock,korea_exporter,699000.0,705000.0,695000.0,703500.0,115410.0,KRW,yahoo_intraday,2026-06-10T09:10:05.132145+00:00
2026-06-04T03:00:00+00:00,2026-06-04T12:00:00+09:00,2026-06-04,12:00,005380.KS,Hyundai Motor,kr_stock,korea_exporter,703500.0,714000.0,703000.0,708000.0,100563.0,KRW,yahoo_intraday,2026-06-10T09:10:05.132145+00:00
2026-06-04T04:00:00+00:00,2026-06-04T13:00:00+09:00,2026-06-04,13:00,005380.KS,Hyundai Motor,kr_stock,korea_exporter,708000.0,712000.0,704000.0,708000.0,90674.0,KRW,yahoo_intraday,2026-06-10T09:10:05.132145+00:00
2026-06-04T05:00:00+00:00,2026-06-04T14:00:00+09:00,2026-06-04,14:00,005380.KS,Hyundai Motor,kr_stock,korea_exporter,707000.0,710000.0,702000.0,704000.0,116491.0,KRW,yahoo_intraday,2026-06-10T09:10:05.132145+00:00
2026-06-05T00:00:00+00:00,2026-06-05T09:00:00+09:00,2026-06-05,09:00,005380.KS,Hyundai Motor,kr_stock,korea_exporter,691000.0,691000.0,652000.0,659000.0,502497.0,KRW,yahoo_intraday,2026-06-10T09:10:05.132145+00:00
2026-06-05T01:00:00+00:00,2026-06-05T10:00:00+09:00,2026-06-05,10:00,005380.KS,Hyundai Motor,kr_stock,korea_exporter,658000.0,673000.0,650000.0,671000.0,217950.0,KRW,yahoo_intraday,2026-06-10T09:10:05.132145+00:00
2026-06-05T02:00:00+00:00,2026-06-05T11:00:00+09:00,2026-06-05,11:00,005380.KS,Hyundai Motor,kr_stock,korea_exporter,671000.0,684000.0,668000.0,676000.0,133252.0,KRW,yahoo_intraday,2026-06-10T09:10:05.132145+00:00
2026-06-05T03:00:00+00:00,2026-06-05T12:00:00+09:00,2026-06-05,12:00,005380.KS,Hyundai Motor,kr_stock,korea_exporter,676000.0,683000.0,672000.0,675000.0,86357.0,KRW,yahoo_intraday,2026-06-10T09:10:05.132145+00:00
2026-06-05T04:00:00+00:00,2026-06-05T13:00:00+09:00,2026-06-05,13:00,005380.KS,Hyundai Motor,kr_stock,korea_exporter,675000.0,688500.0,668000.0,686000.0,113914.0,KRW,yahoo_intraday,2026-06-10T09:10:05.132145+00:00
2026-06-05T05:00:00+00:00,2026-06-05T14:00:00+09:00,2026-06-05,14:00,005380.KS,Hyundai Motor,kr_stock,korea_exporter,686000.0,715000.0,681000.0,697000.0,336818.0,KRW,yahoo_intraday,2026-06-10T09:10:05.132145+00:00
2026-06-08T00:00:00+00:00,2026-06-08T09:00:00+09:00,2026-06-08,09:00,005380.KS,Hyundai Motor,kr_stock,korea_exporter,621000.0,664000.0,620000.0,643000.0,0.0,KRW,yahoo_intraday,2026-06-10T09:10:05.132145+00:00
2026-06-08T01:00:00+00:00,2026-06-08T10:00:00+09:00,2026-06-08,10:00,005380.KS,Hyundai Motor,kr_stock,korea_exporter,643000.0,644000.0,628000.0,632000.0,249378.0,KRW,yahoo_intraday,2026-06-10T09:10:05.132145+00:00
2026-06-08T02:00:00+00:00,2026-06-08T11:00:00+09:00,2026-06-08,11:00,005380.KS,Hyundai Motor,kr_stock,korea_exporter,632000.0,656000.0,632000.0,652000.0,192702.0,KRW,yahoo_intraday,2026-06-10T09:10:05.132145+00:00
2026-06-08T03:00:00+00:00,2026-06-08T12:00:00+09:00,2026-06-08,12:00,005380.KS,Hyundai Motor,kr_stock,korea_exporter,652000.0,662000.0,650000.0,656000.0,114875.0,KRW,yahoo_intraday,2026-06-10T09:10:05.132145+00:00
2026-06-08T04:00:00+00:00,2026-06-08T13:00:00+09:00,2026-06-08,13:00,005380.KS,Hyundai Motor,kr_stock,korea_exporter,655000.0,657000.0,643000.0,644000.0,124133.0,KRW,yahoo_intraday,2026-06-10T09:10:05.132145+00:00
2026-06-08T05:00:00+00:00,2026-06-08T14:00:00+09:00,2026-06-08,14:00,005380.KS,Hyundai Motor,kr_stock,korea_exporter,643000.0,651000.0,632000.0,634000.0,175759.0,KRW,yahoo_intraday,2026-06-10T09:10:05.132145+00:00
2026-06-09T00:00:00+00:00,2026-06-09T09:00:00+09:00,2026-06-09,09:00,005380.KS,Hyundai Motor,kr_stock,korea_exporter,660000.0,667000.0,636000.0,643000.0,376135.0,KRW,yahoo_intraday,2026-06-10T09:10:05.132145+00:00
2026-06-09T01:00:00+00:00,2026-06-09T10:00:00+09:00,2026-06-09,10:00,005380.KS,Hyundai Motor,kr_stock,korea_exporter,642000.0,645000.0,620000.0,626000.0,328374.0,KRW,yahoo_intraday,2026-06-10T09:10:05.132145+00:00
2026-06-09T02:00:00+00:00,2026-06-09T11:00:00+09:00,2026-06-09,11:00,005380.KS,Hyundai Motor,kr_stock,korea_exporter,625000.0,628000.0,620000.0,628000.0,168144.0,KRW,yahoo_intraday,2026-06-10T09:10:05.132145+00:00
2026-06-09T03:00:00+00:00,2026-06-09T12:00:00+09:00,2026-06-09,12:00,005380.KS,Hyundai Motor,kr_stock,korea_exporter,628000.0,642000.0,626000.0,642000.0,165442.0,KRW,yahoo_intraday,2026-06-10T09:10:05.132145+00:00
2026-06-09T04:00:00+00:00,2026-06-09T13:00:00+09:00,2026-06-09,13:00,005380.KS,Hyundai Motor,kr_stock,korea_exporter,642000.0,645000.0,639000.0,641000.0,179132.0,KRW,yahoo_intraday,2026-06-10T09:10:05.132145+00:00
2026-06-09T05:00:00+00:00,2026-06-09T14:00:00+09:00,2026-06-09,14:00,005380.KS,Hyundai Motor,kr_stock,korea_exporter,642000.0,645000.0,633000.0,637000.0,238042.0,KRW,yahoo_intraday,2026-06-10T09:10:05.132145+00:00
2026-06-10T00:00:00+00:00,2026-06-10T09:00:00+09:00,2026-06-10,09:00,005380.KS,Hyundai Motor,kr_stock,korea_exporter,637000.0,653000.0,620000.0,622000.0,393437.0,KRW,yahoo_intraday,2026-06-10T09:10:05.132145+00:00
2026-06-10T01:00:00+00:00,2026-06-10T10:00:00+09:00,2026-06-10,10:00,005380.KS,Hyundai Motor,kr_stock,korea_exporter,621000.0,629000.0,618000.0,619000.0,209826.0,KRW,yahoo_intraday,2026-06-10T09:10:05.132145+00:00
2026-06-10T02:00:00+00:00,2026-06-10T11:00:00+09:00,2026-06-10,11:00,005380.KS,Hyundai Motor,kr_stock,korea_exporter,618000.0,619000.0,610000.0,611000.0,180215.0,KRW,yahoo_intraday,2026-06-10T09:10:05.132145+00:00
2026-06-10T03:00:00+00:00,2026-06-10T12:00:00+09:00,2026-06-10,12:00,005380.KS,Hyundai Motor,kr_stock,korea_exporter,610500.0,614000.0,601000.0,604000.0,144488.0,KRW,yahoo_intraday,2026-06-10T09:10:05.132145+00:00
2026-06-10T04:00:00+00:00,2026-06-10T13:00:00+09:00,2026-06-10,13:00,005380.KS,Hyundai Motor,kr_stock,korea_exporter,604000.0,606000.0,585000.0,590000.0,334577.0,KRW,yahoo_intraday,2026-06-10T09:10:05.132145+00:00
2026-06-10T05:00:00+00:00,2026-06-10T14:00:00+09:00,2026-06-10,14:00,005380.KS,Hyundai Motor,kr_stock,korea_exporter,589000.0,596000.0,583000.0,590000.0,286080.0,KRW,yahoo_intraday,2026-06-10T09:10:05.132145+00:00
2026-06-10T06:00:00+00:00,2026-06-10T15:00:00+09:00,2026-06-10,15:00,005380.KS,Hyundai Motor,kr_stock,korea_exporter,602000.0,602000.0,602000.0,602000.0,0.0,KRW,yahoo_intraday,2026-06-10T09:10:05.132145+00:00
2026-06-04T00:00:00+00:00,2026-06-04T09:00:00+09:00,2026-06-04,09:00,005930.KS,Samsung Electronics,kr_stock,korea_semiconductor,349000.0,366000.0,348000.0,359500.0,0.0,KRW,yahoo_intraday,2026-06-10T09:10:05.132145+00:00
2026-06-04T01:00:00+00:00,2026-06-04T10:00:00+09:00,2026-06-04,10:00,005930.KS,Samsung Electronics,kr_stock,korea_semiconductor,359500.0,362000.0,354500.0,354500.0,4558636.0,KRW,yahoo_intraday,2026-06-10T09:10:05.132145+00:00
2026-06-04T02:00:00+00:00,2026-06-04T11:00:00+09:00,2026-06-04,11:00,005930.KS,Samsung Electronics,kr_stock,korea_semiconductor,354500.0,356000.0,350500.0,353750.0,3823506.0,KRW,yahoo_intraday,2026-06-10T09:10:05.132145+00:00
2026-06-04T03:00:00+00:00,2026-06-04T12:00:00+09:00,2026-06-04,12:00,005930.KS,Samsung Electronics,kr_stock,korea_semiconductor,353750.0,360000.0,353500.0,358500.0,2642135.0,KRW,yahoo_intraday,2026-06-10T09:10:05.132145+00:00
2026-06-04T04:00:00+00:00,2026-06-04T13:00:00+09:00,2026-06-04,13:00,005930.KS,Samsung Electronics,kr_stock,korea_semiconductor,358500.0,359000.0,356000.0,357750.0,2230981.0,KRW,yahoo_intraday,2026-06-10T09:10:05.132145+00:00
2026-06-04T05:00:00+00:00,2026-06-04T14:00:00+09:00,2026-06-04,14:00,005930.KS,Samsung Electronics,kr_stock,korea_semiconductor,357500.0,359000.0,353500.0,355500.0,3445290.0,KRW,yahoo_intraday,2026-06-10T09:10:05.132145+00:00
2026-06-05T00:00:00+00:00,2026-06-05T09:00:00+09:00,2026-06-05,09:00,005930.KS,Samsung Electronics,kr_stock,korea_semiconductor,333500.0,335000.0,325000.0,326500.0,10420498.0,KRW,yahoo_intraday,2026-06-10T09:10:05.132145+00:00
2026-06-05T01:00:00+00:00,2026-06-05T10:00:00+09:00,2026-06-05,10:00,005930.KS,Samsung Electronics,kr_stock,korea_semiconductor,326500.0,338000.0,325500.0,337500.0,4585589.0,KRW,yahoo_intraday,2026-06-10T09:10:05.132145+00:00
2026-06-05T02:00:00+00:00,2026-06-05T11:00:00+09:00,2026-06-05,11:00,005930.KS,Samsung Electronics,kr_stock,korea_semiconductor,337500.0,343000.0,335000.0,336500.0,3581752.0,KRW,yahoo_intraday,2026-06-10T09:10:05.132145+00:00
2026-06-05T03:00:00+00:00,2026-06-05T12:00:00+09:00,2026-06-05,12:00,005930.KS,Samsung Electronics,kr_stock,korea_semiconductor,336500.0,338500.0,332500.0,334000.0,2179824.0,KRW,yahoo_intraday,2026-06-10T09:10:05.132145+00:00
2026-06-05T04:00:00+00:00,2026-06-05T13:00:00+09:00,2026-06-05,13:00,005930.KS,Samsung Electronics,kr_stock,korea_semiconductor,334000.0,335500.0,330000.0,334500.0,2701860.0,KRW,yahoo_intraday,2026-06-10T09:10:05.132145+00:00
2026-06-05T05:00:00+00:00,2026-06-05T14:00:00+09:00,2026-06-05,14:00,005930.KS,Samsung Electronics,kr_stock,korea_semiconductor,334500.0,336500.0,331000.0,331500.0,2903530.0,KRW,yahoo_intraday,2026-06-10T09:10:05.132145+00:00
2026-06-08T00:00:00+00:00,2026-06-08T09:00:00+09:00,2026-06-08,09:00,005930.KS,Samsung Electronics,kr_stock,korea_semiconductor,293000.0,311500.0,292500.0,306000.0,0.0,KRW,yahoo_intraday,2026-06-10T09:10:05.132145+00:00
2026-06-08T01:00:00+00:00,2026-06-08T10:00:00+09:00,2026-06-08,10:00,005930.KS,Samsung Electronics,kr_stock,korea_semiconductor,306000.0,308000.0,297500.0,307000.0,7127228.0,KRW,yahoo_intraday,2026-06-10T09:10:05.132145+00:00
2026-06-08T02:00:00+00:00,2026-06-08T11:00:00+09:00,2026-06-08,11:00,005930.KS,Samsung Electronics,kr_stock,korea_semiconductor,307000.0,315500.0,306000.0,312000.0,5195055.0,KRW,yahoo_intraday,2026-06-10T09:10:05.132145+00:00
2026-06-08T03:00:00+00:00,2026-06-08T12:00:00+09:00,2026-06-08,12:00,005930.KS,Samsung Electronics,kr_stock,korea_semiconductor,312000.0,314000.0,308500.0,310250.0,2567074.0,KRW,yahoo_intraday,2026-06-10T09:10:05.132145+00:00
2026-06-08T04:00:00+00:00,2026-06-08T13:00:00+09:00,2026-06-08,13:00,005930.KS,Samsung Electronics,kr_stock,korea_semiconductor,310500.0,312000.0,302500.0,303000.0,2980400.0,KRW,yahoo_intraday,2026-06-10T09:10:05.132145+00:00
2026-06-08T05:00:00+00:00,2026-06-08T14:00:00+09:00,2026-06-08,14:00,005930.KS,Samsung Electronics,kr_stock,korea_semiconductor,303000.0,306000.0,296500.0,297000.0,4806906.0,KRW,yahoo_intraday,2026-06-10T09:10:05.132145+00:00
2026-06-09T00:00:00+00:00,2026-06-09T09:00:00+09:00,2026-06-09,09:00,005930.KS,Samsung Electronics,kr_stock,korea_semiconductor,310000.0,312000.0,303000.0,305500.0,6258173.0,KRW,yahoo_intraday,2026-06-10T09:10:05.132145+00:00
2026-06-09T01:00:00+00:00,2026-06-09T10:00:00+09:00,2026-06-09,10:00,005930.KS,Samsung Electronics,kr_stock,korea_semiconductor,305500.0,307500.0,300000.0,307250.0,3820043.0,KRW,yahoo_intraday,2026-06-10T09:10:05.132145+00:00
2026-06-09T02:00:00+00:00,2026-06-09T11:00:00+09:00,2026-06-09,11:00,005930.KS,Samsung Electronics,kr_stock,korea_semiconductor,307250.0,307500.0,303500.0,306750.0,2516263.0,KRW,yahoo_intraday,2026-06-10T09:10:05.132145+00:00
2026-06-09T03:00:00+00:00,2026-06-09T12:00:00+09:00,2026-06-09,12:00,005930.KS,Samsung Electronics,kr_stock,korea_semiconductor,306750.0,313000.0,306000.0,313000.0,3355600.0,KRW,yahoo_intraday,2026-06-10T09:10:05.132145+00:00
2026-06-09T04:00:00+00:00,2026-06-09T13:00:00+09:00,2026-06-09,13:00,005930.KS,Samsung Electronics,kr_stock,korea_semiconductor,313000.0,322500.0,312000.0,318250.0,5045556.0,KRW,yahoo_intraday,2026-06-10T09:10:05.132145+00:00
2026-06-09T05:00:00+00:00,2026-06-09T14:00:00+09:00,2026-06-09,14:00,005930.KS,Samsung Electronics,kr_stock,korea_semiconductor,318250.0,324000.0,318000.0,320000.0,3363504.0,KRW,yahoo_intraday,2026-06-10T09:10:05.132145+00:00
2026-06-10T00:00:00+00:00,2026-06-10T09:00:00+09:00,2026-06-10,09:00,005930.KS,Samsung Electronics,kr_stock,korea_semiconductor,311000.0,314500.0,305000.0,307000.0,6710039.0,KRW,yahoo_intraday,2026-06-10T09:10:05.132145+00:00
2026-06-10T01:00:00+00:00,2026-06-10T10:00:00+09:00,2026-06-10,10:00,005930.KS,Samsung Electronics,kr_stock,korea_semiconductor,307000.0,310500.0,305500.0,306500.0,2675036.0,KRW,yahoo_intraday,2026-06-10T09:10:05.132145+00:00
2026-06-10T02:00:00+00:00,2026-06-10T11:00:00+09:00,2026-06-10,11:00,005930.KS,Samsung Electronics,kr_stock,korea_semiconductor,307000.0,307500.0,303000.0,305000.0,2501075.0,KRW,yahoo_intraday,2026-06-10T09:10:05.132145+00:00
2026-06-10T03:00:00+00:00,2026-06-10T12:00:00+09:00,2026-06-10,12:00,005930.KS,Samsung Electronics,kr_stock,korea_semiconductor,305000.0,308500.0,303000.0,303000.0,1954535.0,KRW,yahoo_intraday,2026-06-10T09:10:05.132145+00:00
2026-06-10T04:00:00+00:00,2026-06-10T13:00:00+09:00,2026-06-10,13:00,005930.KS,Samsung Electronics,kr_stock,korea_semiconductor,303500.0,304000.0,296500.0,298750.0,4806392.0,KRW,yahoo_intraday,2026-06-10T09:10:05.132145+00:00
2026-06-10T05:00:00+00:00,2026-06-10T14:00:00+09:00,2026-06-10,14:00,005930.KS,Samsung Electronics,kr_stock,korea_semiconductor,298500.0,301000.0,295250.0,298500.0,3925497.0,KRW,yahoo_intraday,2026-06-10T09:10:05.132145+00:00
2026-06-10T06:00:00+00:00,2026-06-10T15:00:00+09:00,2026-06-10,15:00,005930.KS,Samsung Electronics,kr_stock,korea_semiconductor,302500.0,302500.0,302500.0,302500.0,0.0,KRW,yahoo_intraday,2026-06-10T09:10:05.132145+00:00
2026-06-04T00:00:00+00:00,2026-06-04T09:00:00+09:00,2026-06-04,09:00,006400.KS,Samsung SDI,kr_stock,korea_battery,604000.0,624000.0,588000.0,594000.0,0.0,KRW,yahoo_intraday,2026-06-10T09:10:05.132145+00:00
2026-06-04T01:00:00+00:00,2026-06-04T10:00:00+09:00,2026-06-04,10:00,006400.KS,Samsung SDI,kr_stock,korea_battery,594000.0,599000.0,586000.0,589000.0,56803.0,KRW,yahoo_intraday,2026-06-10T09:10:05.132145+00:00
2026-06-04T02:00:00+00:00,2026-06-04T11:00:00+09:00,2026-06-04,11:00,006400.KS,Samsung SDI,kr_stock,korea_battery,589000.0,605000.0,587000.0,601000.0,38880.0,KRW,yahoo_intraday,2026-06-10T09:10:05.132145+00:00
2026-06-04T03:00:00+00:00,2026-06-04T12:00:00+09:00,2026-06-04,12:00,006400.KS,Samsung SDI,kr_stock,korea_battery,601000.0,609000.0,600000.0,605000.0,38734.0,KRW,yahoo_intraday,2026-06-10T09:10:05.132145+00:00
2026-06-04T04:00:00+00:00,2026-06-04T13:00:00+09:00,2026-06-04,13:00,006400.KS,Samsung SDI,kr_stock,korea_battery,604000.0,608000.0,602000.0,604000.0,32044.0,KRW,yahoo_intraday,2026-06-10T09:10:05.132145+00:00
2026-06-04T05:00:00+00:00,2026-06-04T14:00:00+09:00,2026-06-04,14:00,006400.KS,Samsung SDI,kr_stock,korea_battery,603000.0,610000.0,600000.0,604000.0,49756.0,KRW,yahoo_intraday,2026-06-10T09:10:05.132145+00:00
2026-06-05T00:00:00+00:00,2026-06-05T09:00:00+09:00,2026-06-05,09:00,006400.KS,Samsung SDI,kr_stock,korea_battery,599000.0,601000.0,558000.0,558000.0,200891.0,KRW,yahoo_intraday,2026-06-10T09:10:05.132145+00:00
2026-06-05T01:00:00+00:00,2026-06-05T10:00:00+09:00,2026-06-05,10:00,006400.KS,Samsung SDI,kr_stock,korea_battery,558000.0,574000.0,555000.0,574000.0,86567.0,KRW,yahoo_intraday,2026-06-10T09:10:05.132145+00:00
2026-06-05T02:00:00+00:00,2026-06-05T11:00:00+09:00,2026-06-05,11:00,006400.KS,Samsung SDI,kr_stock,korea_battery,574000.0,580000.0,570000.0,573500.0,50946.0,KRW,yahoo_intraday,2026-06-10T09:10:05.132145+00:00
2026-06-05T03:00:00+00:00,2026-06-05T12:00:00+09:00,2026-06-05,12:00,006400.KS,Samsung SDI,kr_stock,korea_battery,573000.0,577000.0,565000.0,567000.0,38386.0,KRW,yahoo_intraday,2026-06-10T09:10:05.132145+00:00
2026-06-05T04:00:00+00:00,2026-06-05T13:00:00+09:00,2026-06-05,13:00,006400.KS,Samsung SDI,kr_stock,korea_battery,567000.0,573000.0,565000.0,572000.0,31154.0,KRW,yahoo_intraday,2026-06-10T09:10:05.132145+00:00
2026-06-05T05:00:00+00:00,2026-06-05T14:00:00+09:00,2026-06-05,14:00,006400.KS,Samsung SDI,kr_stock,korea_battery,572000.0,576000.0,564000.0,565000.0,55162.0,KRW,yahoo_intraday,2026-06-10T09:10:05.132145+00:00
2026-06-08T00:00:00+00:00,2026-06-08T09:00:00+09:00,2026-06-08,09:00,006400.KS,Samsung SDI,kr_stock,korea_battery,504000.0,525000.0,503000.0,514000.0,0.0,KRW,yahoo_intraday,2026-06-10T09:10:05.132145+00:00
2026-06-08T01:00:00+00:00,2026-06-08T10:00:00+09:00,2026-06-08,10:00,006400.KS,Samsung SDI,kr_stock,korea_battery,514000.0,515000.0,501000.0,505000.0,96018.0,KRW,yahoo_intraday,2026-06-10T09:10:05.132145+00:00
2026-06-08T02:00:00+00:00,2026-06-08T11:00:00+09:00,2026-06-08,11:00,006400.KS,Samsung SDI,kr_stock,korea_battery,505000.0,519000.0,505000.0,519000.0,60760.0,KRW,yahoo_intraday,2026-06-10T09:10:05.132145+00:00
2026-06-08T03:00:00+00:00,2026-06-08T12:00:00+09:00,2026-06-08,12:00,006400.KS,Samsung SDI,kr_stock,korea_battery,518000.0,522500.0,515000.0,520000.0,52375.0,KRW,yahoo_intraday,2026-06-10T09:10:05.132145+00:00
2026-06-08T04:00:00+00:00,2026-06-08T13:00:00+09:00,2026-06-08,13:00,006400.KS,Samsung SDI,kr_stock,korea_battery,520000.0,521000.0,511000.0,513000.0,53128.0,KRW,yahoo_intraday,2026-06-10T09:10:05.132145+00:00
2026-06-08T05:00:00+00:00,2026-06-08T14:00:00+09:00,2026-06-08,14:00,006400.KS,Samsung SDI,kr_stock,korea_battery,513000.0,516000.0,501000.0,502000.0,101907.0,KRW,yahoo_intraday,2026-06-10T09:10:05.132145+00:00
2026-06-09T00:00:00+00:00,2026-06-09T09:00:00+09:00,2026-06-09,09:00,006400.KS,Samsung SDI,kr_stock,korea_battery,516000.0,527000.0,495500.0,500000.0,171584.0,KRW,yahoo_intraday,2026-06-10T09:10:05.132145+00:00
2026-06-09T01:00:00+00:00,2026-06-09T10:00:00+09:00,2026-06-09,10:00,006400.KS,Samsung SDI,kr_stock,korea_battery,500000.0,501000.0,488000.0,495500.0,149097.0,KRW,yahoo_intraday,2026-06-10T09:10:05.132145+00:00
2026-06-09T02:00:00+00:00,2026-06-09T11:00:00+09:00,2026-06-09,11:00,006400.KS,Samsung SDI,kr_stock,korea_battery,495500.0,504000.0,491000.0,503000.0,49986.0,KRW,yahoo_intraday,2026-06-10T09:10:05.132145+00:00
2026-06-09T03:00:00+00:00,2026-06-09T12:00:00+09:00,2026-06-09,12:00,006400.KS,Samsung SDI,kr_stock,korea_battery,503000.0,508000.0,501000.0,506000.0,43158.0,KRW,yahoo_intraday,2026-06-10T09:10:05.132145+00:00
2026-06-09T04:00:00+00:00,2026-06-09T13:00:00+09:00,2026-06-09,13:00,006400.KS,Samsung SDI,kr_stock,korea_battery,506000.0,516000.0,505000.0,514000.0,48739.0,KRW,yahoo_intraday,2026-06-10T09:10:05.132145+00:00
2026-06-09T05:00:00+00:00,2026-06-09T14:00:00+09:00,2026-06-09,14:00,006400.KS,Samsung SDI,kr_stock,korea_battery,513000.0,517000.0,506000.0,511000.0,61520.0,KRW,yahoo_intraday,2026-06-10T09:10:05.132145+00:00
2026-06-10T00:00:00+00:00,2026-06-10T09:00:00+09:00,2026-06-10,09:00,006400.KS,Samsung SDI,kr_stock,korea_battery,509000.0,524000.0,495000.0,498000.0,111722.0,KRW,yahoo_intraday,2026-06-10T09:10:05.132145+00:00
2026-06-10T01:00:00+00:00,2026-06-10T10:00:00+09:00,2026-06-10,10:00,006400.KS,Samsung SDI,kr_stock,korea_battery,497500.0,508000.0,497500.0,503000.0,51100.0,KRW,yahoo_intraday,2026-06-10T09:10:05.132145+00:00
2026-06-10T02:00:00+00:00,2026-06-10T11:00:00+09:00,2026-06-10,11:00,006400.KS,Samsung SDI,kr_stock,korea_battery,503000.0,504500.0,496500.0,496500.0,38207.0,KRW,yahoo_intraday,2026-06-10T09:10:05.132145+00:00
2026-06-10T03:00:00+00:00,2026-06-10T12:00:00+09:00,2026-06-10,12:00,006400.KS,Samsung SDI,kr_stock,korea_battery,496500.0,502000.0,493000.0,495000.0,50074.0,KRW,yahoo_intraday,2026-06-10T09:10:05.132145+00:00
2026-06-10T04:00:00+00:00,2026-06-10T13:00:00+09:00,2026-06-10,13:00,006400.KS,Samsung SDI,kr_stock,korea_battery,495000.0,496500.0,482000.0,485000.0,86670.0,KRW,yahoo_intraday,2026-06-10T09:10:05.132145+00:00
2026-06-10T05:00:00+00:00,2026-06-10T14:00:00+09:00,2026-06-10,14:00,006400.KS,Samsung SDI,kr_stock,korea_battery,485500.0,493000.0,482500.0,487000.0,92540.0,KRW,yahoo_intraday,2026-06-10T09:10:05.132145+00:00
2026-06-10T06:00:00+00:00,2026-06-10T15:00:00+09:00,2026-06-10,15:00,006400.KS,Samsung SDI,kr_stock,korea_battery,496500.0,496500.0,496500.0,496500.0,0.0,KRW,yahoo_intraday,2026-06-10T09:10:05.132145+00:00
2026-06-04T00:00:00+00:00,2026-06-04T09:00:00+09:00,2026-06-04,09:00,035420.KS,NAVER,kr_stock,korea_growth,267500.0,270000.0,255000.0,257500.0,0.0,KRW,yahoo_intraday,2026-06-10T09:10:05.132145+00:00
2026-06-04T01:00:00+00:00,2026-06-04T10:00:00+09:00,2026-06-04,10:00,035420.KS,NAVER,kr_stock,korea_growth,257500.0,260000.0,256000.0,258000.0,296407.0,KRW,yahoo_intraday,2026-06-10T09:10:05.132145+00:00
2026-06-04T02:00:00+00:00,2026-06-04T11:00:00+09:00,2026-06-04,11:00,035420.KS,NAVER,kr_stock,korea_growth,257500.0,264000.0,255000.0,263500.0,354228.0,KRW,yahoo_intraday,2026-06-10T09:10:05.132145+00:00
2026-06-04T03:00:00+00:00,2026-06-04T12:00:00+09:00,2026-06-04,12:00,035420.KS,NAVER,kr_stock,korea_growth,263500.0,267500.0,262500.0,264000.0,296661.0,KRW,yahoo_intraday,2026-06-10T09:10:05.132145+00:00
2026-06-04T04:00:00+00:00,2026-06-04T13:00:00+09:00,2026-06-04,13:00,035420.KS,NAVER,kr_stock,korea_growth,263500.0,269500.0,262500.0,268500.0,312816.0,KRW,yahoo_intraday,2026-06-10T09:10:05.132145+00:00
2026-06-04T05:00:00+00:00,2026-06-04T14:00:00+09:00,2026-06-04,14:00,035420.KS,NAVER,kr_stock,korea_growth,268000.0,275000.0,267500.0,269000.0,682622.0,KRW,yahoo_intraday,2026-06-10T09:10:05.132145+00:00
2026-06-05T00:00:00+00:00,2026-06-05T09:00:00+09:00,2026-06-05,09:00,035420.KS,NAVER,kr_stock,korea_growth,254500.0,260500.0,245500.0,247000.0,946961.0,KRW,yahoo_intraday,2026-06-10T09:10:05.132145+00:00
2026-06-05T01:00:00+00:00,2026-06-05T10:00:00+09:00,2026-06-05,10:00,035420.KS,NAVER,kr_stock,korea_growth,246500.0,255000.0,245000.0,252500.0,416906.0,KRW,yahoo_intraday,2026-06-10T09:10:05.132145+00:00
2026-06-05T02:00:00+00:00,2026-06-05T11:00:00+09:00,2026-06-05,11:00,035420.KS,NAVER,kr_stock,korea_growth,252500.0,254000.0,250500.0,251000.0,217548.0,KRW,yahoo_intraday,2026-06-10T09:10:05.132145+00:00
2026-06-05T03:00:00+00:00,2026-06-05T12:00:00+09:00,2026-06-05,12:00,035420.KS,NAVER,kr_stock,korea_growth,251000.0,255750.0,251000.0,251500.0,189142.0,KRW,yahoo_intraday,2026-06-10T09:10:05.132145+00:00
2026-06-05T04:00:00+00:00,2026-06-05T13:00:00+09:00,2026-06-05,13:00,035420.KS,NAVER,kr_stock,korea_growth,252000.0,263000.0,249000.0,262500.0,415448.0,KRW,yahoo_intraday,2026-06-10T09:10:05.132145+00:00
2026-06-05T05:00:00+00:00,2026-06-05T14:00:00+09:00,2026-06-05,14:00,035420.KS,NAVER,kr_stock,korea_growth,262500.0,266500.0,254000.0,255500.0,692601.0,KRW,yahoo_intraday,2026-06-10T09:10:05.132145+00:00
2026-06-08T00:00:00+00:00,2026-06-08T09:00:00+09:00,2026-06-08,09:00,035420.KS,NAVER,kr_stock,korea_growth,239500.0,261000.0,238500.0,257500.0,0.0,KRW,yahoo_intraday,2026-06-10T09:10:05.132145+00:00
2026-06-08T01:00:00+00:00,2026-06-08T10:00:00+09:00,2026-06-08,10:00,035420.KS,NAVER,kr_stock,korea_growth,257500.0,258500.0,241500.0,249500.0,800782.0,KRW,yahoo_intraday,2026-06-10T09:10:05.132145+00:00
2026-06-08T02:00:00+00:00,2026-06-08T11:00:00+09:00,2026-06-08,11:00,035420.KS,NAVER,kr_stock,korea_growth,250000.0,294000.0,249500.0,287000.0,4072848.0,KRW,yahoo_intraday,2026-06-10T09:10:05.132145+00:00
2026-06-08T03:00:00+00:00,2026-06-08T12:00:00+09:00,2026-06-08,12:00,035420.KS,NAVER,kr_stock,korea_growth,288000.0,290000.0,279500.0,285500.0,1140415.0,KRW,yahoo_intraday,2026-06-10T09:10:05.132145+00:00
2026-06-08T04:00:00+00:00,2026-06-08T13:00:00+09:00,2026-06-08,13:00,035420.KS,NAVER,kr_stock,korea_growth,285750.0,292000.0,284500.0,290000.0,1334403.0,KRW,yahoo_intraday,2026-06-10T09:10:05.132145+00:00
2026-06-08T05:00:00+00:00,2026-06-08T14:00:00+09:00,2026-06-08,14:00,035420.KS,NAVER,kr_stock,korea_growth,290000.0,292500.0,278500.0,283000.0,1169105.0,KRW,yahoo_intraday,2026-06-10T09:10:05.132145+00:00
2026-06-09T00:00:00+00:00,2026-06-09T09:00:00+09:00,2026-06-09,09:00,035420.KS,NAVER,kr_stock,korea_growth,286000.0,288500.0,252000.0,254000.0,2892955.0,KRW,yahoo_intraday,2026-06-10T09:10:05.132145+00:00
2026-06-09T01:00:00+00:00,2026-06-09T10:00:00+09:00,2026-06-09,10:00,035420.KS,NAVER,kr_stock,korea_growth,253500.0,254000.0,243000.0,248500.0,1456722.0,KRW,yahoo_intraday,2026-06-10T09:10:05.132145+00:00
2026-06-09T02:00:00+00:00,2026-06-09T11:00:00+09:00,2026-06-09,11:00,035420.KS,NAVER,kr_stock,korea_growth,248500.0,256500.0,246500.0,254500.0,688703.0,KRW,yahoo_intraday,2026-06-10T09:10:05.132145+00:00
2026-06-09T03:00:00+00:00,2026-06-09T12:00:00+09:00,2026-06-09,12:00,035420.KS,NAVER,kr_stock,korea_growth,255000.0,256000.0,250000.0,253500.0,405322.0,KRW,yahoo_intraday,2026-06-10T09:10:05.132145+00:00
2026-06-09T04:00:00+00:00,2026-06-09T13:00:00+09:00,2026-06-09,13:00,035420.KS,NAVER,kr_stock,korea_growth,253500.0,258000.0,252500.0,255500.0,508774.0,KRW,yahoo_intraday,2026-06-10T09:10:05.132145+00:00
2026-06-09T05:00:00+00:00,2026-06-09T14:00:00+09:00,2026-06-09,14:00,035420.KS,NAVER,kr_stock,korea_growth,255500.0,256000.0,250000.0,254000.0,589633.0,KRW,yahoo_intraday,2026-06-10T09:10:05.132145+00:00
2026-06-10T00:00:00+00:00,2026-06-10T09:00:00+09:00,2026-06-10,09:00,035420.KS,NAVER,kr_stock,korea_growth,245000.0,253500.0,235000.0,237500.0,1201810.0,KRW,yahoo_intraday,2026-06-10T09:10:05.132145+00:00
2026-06-10T01:00:00+00:00,2026-06-10T10:00:00+09:00,2026-06-10,10:00,035420.KS,NAVER,kr_stock,korea_growth,237000.0,238000.0,233500.0,234500.0,481757.0,KRW,yahoo_intraday,2026-06-10T09:10:05.132145+00:00
2026-06-10T02:00:00+00:00,2026-06-10T11:00:00+09:00,2026-06-10,11:00,035420.KS,NAVER,kr_stock,korea_growth,234000.0,234500.0,230500.0,232000.0,376277.0,KRW,yahoo_intraday,2026-06-10T09:10:05.132145+00:00
2026-06-10T03:00:00+00:00,2026-06-10T12:00:00+09:00,2026-06-10,12:00,035420.KS,NAVER,kr_stock,korea_growth,232000.0,234000.0,228750.0,231000.0,336356.0,KRW,yahoo_intraday,2026-06-10T09:10:05.132145+00:00
2026-06-10T04:00:00+00:00,2026-06-10T13:00:00+09:00,2026-06-10,13:00,035420.KS,NAVER,kr_stock,korea_growth,230500.0,231000.0,224250.0,226000.0,470617.0,KRW,yahoo_intraday,2026-06-10T09:10:05.132145+00:00
2026-06-10T05:00:00+00:00,2026-06-10T14:00:00+09:00,2026-06-10,14:00,035420.KS,NAVER,kr_stock,korea_growth,225500.0,226500.0,222000.0,224000.0,447249.0,KRW,yahoo_intraday,2026-06-10T09:10:05.132145+00:00
2026-06-10T06:00:00+00:00,2026-06-10T15:00:00+09:00,2026-06-10,15:00,035420.KS,NAVER,kr_stock,korea_growth,227000.0,227000.0,227000.0,227000.0,0.0,KRW,yahoo_intraday,2026-06-10T09:10:05.132145+00:00
2026-06-04T00:00:00+00:00,2026-06-04T09:00:00+09:00,2026-06-04,09:00,035720.KS,Kakao,kr_stock,korea_growth,41850.0,42550.0,41350.0,41750.0,0.0,KRW,yahoo_intraday,2026-06-10T09:10:05.132145+00:00
2026-06-04T01:00:00+00:00,2026-06-04T10:00:00+09:00,2026-06-04,10:00,035720.KS,Kakao,kr_stock,korea_growth,41700.0,42250.0,41700.0,41950.0,229500.0,KRW,yahoo_intraday,2026-06-10T09:10:05.132145+00:00
2026-06-04T02:00:00+00:00,2026-06-04T11:00:00+09:00,2026-06-04,11:00,035720.KS,Kakao,kr_stock,korea_growth,41950.0,42350.0,41600.0,42300.0,230205.0,KRW,yahoo_intraday,2026-06-10T09:10:05.132145+00:00
2026-06-04T03:00:00+00:00,2026-06-04T12:00:00+09:00,2026-06-04,12:00,035720.KS,Kakao,kr_stock,korea_growth,42350.0,42750.0,42150.0,42300.0,273972.0,KRW,yahoo_intraday,2026-06-10T09:10:05.132145+00:00
2026-06-04T04:00:00+00:00,2026-06-04T13:00:00+09:00,2026-06-04,13:00,035720.KS,Kakao,kr_stock,korea_growth,42300.0,42350.0,42050.0,42200.0,189919.0,KRW,yahoo_intraday,2026-06-10T09:10:05.132145+00:00
2026-06-04T05:00:00+00:00,2026-06-04T14:00:00+09:00,2026-06-04,14:00,035720.KS,Kakao,kr_stock,korea_growth,42150.0,42550.0,41950.0,42000.0,259584.0,KRW,yahoo_intraday,2026-06-10T09:10:05.132145+00:00
2026-06-05T00:00:00+00:00,2026-06-05T09:00:00+09:00,2026-06-05,09:00,035720.KS,Kakao,kr_stock,korea_growth,41250.0,41500.0,39850.0,39900.0,681370.0,KRW,yahoo_intraday,2026-06-10T09:10:05.132145+00:00
2026-06-05T01:00:00+00:00,2026-06-05T10:00:00+09:00,2026-06-05,10:00,035720.KS,Kakao,kr_stock,korea_growth,39950.0,40400.0,39800.0,40300.0,263846.0,KRW,yahoo_intraday,2026-06-10T09:10:05.132145+00:00
2026-06-05T02:00:00+00:00,2026-06-05T11:00:00+09:00,2026-06-05,11:00,035720.KS,Kakao,kr_stock,korea_growth,40300.0,40350.0,40100.0,40100.0,161503.0,KRW,yahoo_intraday,2026-06-10T09:10:05.132145+00:00
2026-06-05T03:00:00+00:00,2026-06-05T12:00:00+09:00,2026-06-05,12:00,035720.KS,Kakao,kr_stock,korea_growth,40100.0,40250.0,39900.0,39950.0,182090.0,KRW,yahoo_intraday,2026-06-10T09:10:05.132145+00:00
2026-06-05T04:00:00+00:00,2026-06-05T13:00:00+09:00,2026-06-05,13:00,035720.KS,Kakao,kr_stock,korea_growth,39950.0,40350.0,39800.0,40300.0,263535.0,KRW,yahoo_intraday,2026-06-10T09:10:05.132145+00:00
2026-06-05T05:00:00+00:00,2026-06-05T14:00:00+09:00,2026-06-05,14:00,035720.KS,Kakao,kr_stock,korea_growth,40350.0,40600.0,40100.0,40100.0,244535.0,KRW,yahoo_intraday,2026-06-10T09:10:05.132145+00:00
2026-06-08T00:00:00+00:00,2026-06-08T09:00:00+09:00,2026-06-08,09:00,035720.KS,Kakao,kr_stock,korea_growth,37850.0,39550.0,37850.0,38550.0,0.0,KRW,yahoo_intraday,2026-06-10T09:10:05.132145+00:00
2026-06-08T01:00:00+00:00,2026-06-08T10:00:00+09:00,2026-06-08,10:00,035720.KS,Kakao,kr_stock,korea_growth,38550.0,38650.0,37750.0,38100.0,400693.0,KRW,yahoo_intraday,2026-06-10T09:10:05.132145+00:00
2026-06-08T02:00:00+00:00,2026-06-08T11:00:00+09:00,2026-06-08,11:00,035720.KS,Kakao,kr_stock,korea_growth,38050.0,39250.0,38000.0,38850.0,678037.0,KRW,yahoo_intraday,2026-06-10T09:10:05.132145+00:00
2026-06-08T03:00:00+00:00,2026-06-08T12:00:00+09:00,2026-06-08,12:00,035720.KS,Kakao,kr_stock,korea_growth,38800.0,39450.0,38650.0,39400.0,303916.0,KRW,yahoo_intraday,2026-06-10T09:10:05.132145+00:00
2026-06-08T04:00:00+00:00,2026-06-08T13:00:00+09:00,2026-06-08,13:00,035720.KS,Kakao,kr_stock,korea_growth,39400.0,39800.0,38900.0,39175.0,272907.0,KRW,yahoo_intraday,2026-06-10T09:10:05.132145+00:00
2026-06-08T05:00:00+00:00,2026-06-08T14:00:00+09:00,2026-06-08,14:00,035720.KS,Kakao,kr_stock,korea_growth,39150.0,39450.0,38550.0,38650.0,271425.0,KRW,yahoo_intraday,2026-06-10T09:10:05.132145+00:00
2026-06-09T00:00:00+00:00,2026-06-09T09:00:00+09:00,2026-06-09,09:00,035720.KS,Kakao,kr_stock,korea_growth,38850.0,40100.0,38850.0,39800.0,603874.0,KRW,yahoo_intraday,2026-06-10T09:10:05.132145+00:00
2026-06-09T01:00:00+00:00,2026-06-09T10:00:00+09:00,2026-06-09,10:00,035720.KS,Kakao,kr_stock,korea_growth,39800.0,39850.0,38700.0,39050.0,382925.0,KRW,yahoo_intraday,2026-06-10T09:10:05.132145+00:00
2026-06-09T02:00:00+00:00,2026-06-09T11:00:00+09:00,2026-06-09,11:00,035720.KS,Kakao,kr_stock,korea_growth,39050.0,39650.0,38850.0,39500.0,277205.0,KRW,yahoo_intraday,2026-06-10T09:10:05.132145+00:00
2026-06-09T03:00:00+00:00,2026-06-09T12:00:00+09:00,2026-06-09,12:00,035720.KS,Kakao,kr_stock,korea_growth,39500.0,39650.0,39250.0,39500.0,158605.0,KRW,yahoo_intraday,2026-06-10T09:10:05.132145+00:00
2026-06-09T04:00:00+00:00,2026-06-09T13:00:00+09:00,2026-06-09,13:00,035720.KS,Kakao,kr_stock,korea_growth,39550.0,39800.0,39450.0,39700.0,181238.0,KRW,yahoo_intraday,2026-06-10T09:10:05.132145+00:00
2026-06-09T05:00:00+00:00,2026-06-09T14:00:00+09:00,2026-06-09,14:00,035720.KS,Kakao,kr_stock,korea_growth,39700.0,39900.0,39350.0,39450.0,243679.0,KRW,yahoo_intraday,2026-06-10T09:10:05.132145+00:00
2026-06-10T00:00:00+00:00,2026-06-10T09:00:00+09:00,2026-06-10,09:00,035720.KS,Kakao,kr_stock,korea_growth,38700.0,39100.0,38000.0,38250.0,491524.0,KRW,yahoo_intraday,2026-06-10T09:10:05.132145+00:00
2026-06-10T01:00:00+00:00,2026-06-10T10:00:00+09:00,2026-06-10,10:00,035720.KS,Kakao,kr_stock,korea_growth,38250.0,38500.0,38000.0,38400.0,322606.0,KRW,yahoo_intraday,2026-06-10T09:10:05.132145+00:00
2026-06-10T02:00:00+00:00,2026-06-10T11:00:00+09:00,2026-06-10,11:00,035720.KS,Kakao,kr_stock,korea_growth,38450.0,38450.0,38000.0,38050.0,227513.0,KRW,yahoo_intraday,2026-06-10T09:10:05.132145+00:00
2026-06-10T03:00:00+00:00,2026-06-10T12:00:00+09:00,2026-06-10,12:00,035720.KS,Kakao,kr_stock,korea_growth,38100.0,38250.0,37850.0,37950.0,236789.0,KRW,yahoo_intraday,2026-06-10T09:10:05.132145+00:00
2026-06-10T04:00:00+00:00,2026-06-10T13:00:00+09:00,2026-06-10,13:00,035720.KS,Kakao,kr_stock,korea_growth,37950.0,38100.0,37450.0,37500.0,334769.0,KRW,yahoo_intraday,2026-06-10T09:10:05.132145+00:00
2026-06-10T05:00:00+00:00,2026-06-10T14:00:00+09:00,2026-06-10,14:00,035720.KS,Kakao,kr_stock,korea_growth,37550.0,37950.0,37400.0,37700.0,279340.0,KRW,yahoo_intraday,2026-06-10T09:10:05.132145+00:00
2026-06-10T06:00:00+00:00,2026-06-10T15:00:00+09:00,2026-06-10,15:00,035720.KS,Kakao,kr_stock,korea_growth,38150.0,38150.0,38150.0,38150.0,0.0,KRW,yahoo_intraday,2026-06-10T09:10:05.132145+00:00
2026-06-04T00:00:00+00:00,2026-06-04T09:00:00+09:00,2026-06-04,09:00,051910.KS,LG Chem,kr_stock,korea_battery,351500.0,358500.0,340500.0,354000.0,0.0,KRW,yahoo_intraday,2026-06-10T09:10:05.132145+00:00
2026-06-04T01:00:00+00:00,2026-06-04T10:00:00+09:00,2026-06-04,10:00,051910.KS,LG Chem,kr_stock,korea_battery,353500.0,356500.0,343000.0,345500.0,47584.0,KRW,yahoo_intraday,2026-06-10T09:10:05.132145+00:00
2026-06-04T02:00:00+00:00,2026-06-04T11:00:00+09:00,2026-06-04,11:00,051910.KS,LG Chem,kr_stock,korea_battery,345500.0,349500.0,344000.0,347500.0,34938.0,KRW,yahoo_intraday,2026-06-10T09:10:05.132145+00:00
2026-06-04T03:00:00+00:00,2026-06-04T12:00:00+09:00,2026-06-04,12:00,051910.KS,LG Chem,kr_stock,korea_battery,347000.0,350000.0,347000.0,348500.0,28766.0,KRW,yahoo_intraday,2026-06-10T09:10:05.132145+00:00
2026-06-04T04:00:00+00:00,2026-06-04T13:00:00+09:00,2026-06-04,13:00,051910.KS,LG Chem,kr_stock,korea_battery,349000.0,352500.0,346500.0,352000.0,35644.0,KRW,yahoo_intraday,2026-06-10T09:10:05.132145+00:00
2026-06-04T05:00:00+00:00,2026-06-04T14:00:00+09:00,2026-06-04,14:00,051910.KS,LG Chem,kr_stock,korea_battery,351500.0,354000.0,350000.0,350500.0,45740.0,KRW,yahoo_intraday,2026-06-10T09:10:05.132145+00:00
2026-06-05T00:00:00+00:00,2026-06-05T09:00:00+09:00,2026-06-05,09:00,051910.KS,LG Chem,kr_stock,korea_battery,357000.0,359000.0,331000.0,331500.0,85484.0,KRW,yahoo_intraday,2026-06-10T09:10:05.132145+00:00
2026-06-05T01:00:00+00:00,2026-06-05T10:00:00+09:00,2026-06-05,10:00,051910.KS,LG Chem,kr_stock,korea_battery,331500.0,350000.0,330000.0,349500.0,50409.0,KRW,yahoo_intraday,2026-06-10T09:10:05.132145+00:00
2026-06-05T02:00:00+00:00,2026-06-05T11:00:00+09:00,2026-06-05,11:00,051910.KS,LG Chem,kr_stock,korea_battery,350000.0,350000.0,344000.0,346500.0,21314.0,KRW,yahoo_intraday,2026-06-10T09:10:05.132145+00:00
2026-06-05T03:00:00+00:00,2026-06-05T12:00:00+09:00,2026-06-05,12:00,051910.KS,LG Chem,kr_stock,korea_battery,346500.0,351500.0,345500.0,348000.0,27581.0,KRW,yahoo_intraday,2026-06-10T09:10:05.132145+00:00
2026-06-05T04:00:00+00:00,2026-06-05T13:00:00+09:00,2026-06-05,13:00,051910.KS,LG Chem,kr_stock,korea_battery,348500.0,350000.0,344500.0,348500.0,22420.0,KRW,yahoo_intraday,2026-06-10T09:10:05.132145+00:00
2026-06-05T05:00:00+00:00,2026-06-05T14:00:00+09:00,2026-06-05,14:00,051910.KS,LG Chem,kr_stock,korea_battery,348500.0,353500.0,346000.0,347000.0,30191.0,KRW,yahoo_intraday,2026-06-10T09:10:05.132145+00:00
2026-06-08T00:00:00+00:00,2026-06-08T09:00:00+09:00,2026-06-08,09:00,051910.KS,LG Chem,kr_stock,korea_battery,320500.0,331000.0,317500.0,324000.0,0.0,KRW,yahoo_intraday,2026-06-10T09:10:05.132145+00:00
2026-06-08T01:00:00+00:00,2026-06-08T10:00:00+09:00,2026-06-08,10:00,051910.KS,LG Chem,kr_stock,korea_battery,324000.0,325000.0,319000.0,321500.0,46902.0,KRW,yahoo_intraday,2026-06-10T09:10:05.132145+00:00
2026-06-08T02:00:00+00:00,2026-06-08T11:00:00+09:00,2026-06-08,11:00,051910.KS,LG Chem,kr_stock,korea_battery,321000.0,328000.0,320500.0,327000.0,28098.0,KRW,yahoo_intraday,2026-06-10T09:10:05.132145+00:00
2026-06-08T03:00:00+00:00,2026-06-08T12:00:00+09:00,2026-06-08,12:00,051910.KS,LG Chem,kr_stock,korea_battery,326500.0,327500.0,324000.0,325500.0,15475.0,KRW,yahoo_intraday,2026-06-10T09:10:05.132145+00:00
2026-06-08T04:00:00+00:00,2026-06-08T13:00:00+09:00,2026-06-08,13:00,051910.KS,LG Chem,kr_stock,korea_battery,325500.0,328500.0,324500.0,324500.0,24640.0,KRW,yahoo_intraday,2026-06-10T09:10:05.132145+00:00
2026-06-08T05:00:00+00:00,2026-06-08T14:00:00+09:00,2026-06-08,14:00,051910.KS,LG Chem,kr_stock,korea_battery,325000.0,328000.0,320000.0,320500.0,66563.0,KRW,yahoo_intraday,2026-06-10T09:10:05.132145+00:00
2026-06-09T00:00:00+00:00,2026-06-09T09:00:00+09:00,2026-06-09,09:00,051910.KS,LG Chem,kr_stock,korea_battery,323500.0,332000.0,318000.0,324500.0,96969.0,KRW,yahoo_intraday,2026-06-10T09:10:05.132145+00:00
2026-06-09T01:00:00+00:00,2026-06-09T10:00:00+09:00,2026-06-09,10:00,051910.KS,LG Chem,kr_stock,korea_battery,324500.0,326500.0,319500.0,323000.0,60533.0,KRW,yahoo_intraday,2026-06-10T09:10:05.132145+00:00
2026-06-09T02:00:00+00:00,2026-06-09T11:00:00+09:00,2026-06-09,11:00,051910.KS,LG Chem,kr_stock,korea_battery,323500.0,325500.0,319000.0,324500.0,37445.0,KRW,yahoo_intraday,2026-06-10T09:10:05.132145+00:00
2026-06-09T03:00:00+00:00,2026-06-09T12:00:00+09:00,2026-06-09,12:00,051910.KS,LG Chem,kr_stock,korea_battery,325000.0,327000.0,323500.0,326500.0,25011.0,KRW,yahoo_intraday,2026-06-10T09:10:05.132145+00:00
2026-06-09T04:00:00+00:00,2026-06-09T13:00:00+09:00,2026-06-09,13:00,051910.KS,LG Chem,kr_stock,korea_battery,326500.0,333500.0,326000.0,331000.0,48936.0,KRW,yahoo_intraday,2026-06-10T09:10:05.132145+00:00
2026-06-09T05:00:00+00:00,2026-06-09T14:00:00+09:00,2026-06-09,14:00,051910.KS,LG Chem,kr_stock,korea_battery,331500.0,332500.0,325500.0,326500.0,78436.0,KRW,yahoo_intraday,2026-06-10T09:10:05.132145+00:00
2026-06-10T00:00:00+00:00,2026-06-10T09:00:00+09:00,2026-06-10,09:00,051910.KS,LG Chem,kr_stock,korea_battery,321500.0,333000.0,317000.0,322500.0,80116.0,KRW,yahoo_intraday,2026-06-10T09:10:05.132145+00:00
2026-06-10T01:00:00+00:00,2026-06-10T10:00:00+09:00,2026-06-10,10:00,051910.KS,LG Chem,kr_stock,korea_battery,323000.0,326000.0,321000.0,325000.0,79126.0,KRW,yahoo_intraday,2026-06-10T09:10:05.132145+00:00
2026-06-10T02:00:00+00:00,2026-06-10T11:00:00+09:00,2026-06-10,11:00,051910.KS,LG Chem,kr_stock,korea_battery,325500.0,325500.0,318000.0,319000.0,34100.0,KRW,yahoo_intraday,2026-06-10T09:10:05.132145+00:00
2026-06-10T03:00:00+00:00,2026-06-10T12:00:00+09:00,2026-06-10,12:00,051910.KS,LG Chem,kr_stock,korea_battery,319000.0,321500.0,317000.0,318500.0,34641.0,KRW,yahoo_intraday,2026-06-10T09:10:05.132145+00:00
2026-06-10T04:00:00+00:00,2026-06-10T13:00:00+09:00,2026-06-10,13:00,051910.KS,LG Chem,kr_stock,korea_battery,318500.0,320000.0,312500.0,313500.0,50740.0,KRW,yahoo_intraday,2026-06-10T09:10:05.132145+00:00
2026-06-10T05:00:00+00:00,2026-06-10T14:00:00+09:00,2026-06-10,14:00,051910.KS,LG Chem,kr_stock,korea_battery,314000.0,319000.0,312000.0,316500.0,63187.0,KRW,yahoo_intraday,2026-06-10T09:10:05.132145+00:00
2026-06-10T06:00:00+00:00,2026-06-10T15:00:00+09:00,2026-06-10,15:00,051910.KS,LG Chem,kr_stock,korea_battery,323000.0,323000.0,323000.0,323000.0,0.0,KRW,yahoo_intraday,2026-06-10T09:10:05.132145+00:00
2026-06-04T00:00:00+00:00,2026-06-04T09:00:00+09:00,2026-06-04,09:00,068270.KS,Celltrion,kr_stock,korea_defensive,181200.0,181900.0,174000.0,175900.0,0.0,KRW,yahoo_intraday,2026-06-10T09:10:05.132145+00:00
2026-06-04T01:00:00+00:00,2026-06-04T10:00:00+09:00,2026-06-04,10:00,068270.KS,Celltrion,kr_stock,korea_defensive,175900.0,177800.0,175300.0,176500.0,81035.0,KRW,yahoo_intraday,2026-06-10T09:10:05.132145+00:00
2026-06-04T02:00:00+00:00,2026-06-04T11:00:00+09:00,2026-06-04,11:00,068270.KS,Celltrion,kr_stock,korea_defensive,176500.0,177500.0,175600.0,177400.0,52364.0,KRW,yahoo_intraday,2026-06-10T09:10:05.132145+00:00
2026-06-04T03:00:00+00:00,2026-06-04T12:00:00+09:00,2026-06-04,12:00,068270.KS,Celltrion,kr_stock,korea_defensive,177400.0,178500.0,176800.0,177500.0,55699.0,KRW,yahoo_intraday,2026-06-10T09:10:05.132145+00:00
2026-06-04T04:00:00+00:00,2026-06-04T13:00:00+09:00,2026-06-04,13:00,068270.KS,Celltrion,kr_stock,korea_defensive,177500.0,178000.0,176700.0,177600.0,55161.0,KRW,yahoo_intraday,2026-06-10T09:10:05.132145+00:00
2026-06-04T05:00:00+00:00,2026-06-04T14:00:00+09:00,2026-06-04,14:00,068270.KS,Celltrion,kr_stock,korea_defensive,177700.0,178400.0,176300.0,176500.0,72448.0,KRW,yahoo_intraday,2026-06-10T09:10:05.132145+00:00
2026-06-05T00:00:00+00:00,2026-06-05T09:00:00+09:00,2026-06-05,09:00,068270.KS,Celltrion,kr_stock,korea_defensive,179700.0,179800.0,170100.0,170300.0,193300.0,KRW,yahoo_intraday,2026-06-10T09:10:05.132145+00:00
2026-06-05T01:00:00+00:00,2026-06-05T10:00:00+09:00,2026-06-05,10:00,068270.KS,Celltrion,kr_stock,korea_defensive,170200.0,172400.0,169900.0,172100.0,110624.0,KRW,yahoo_intraday,2026-06-10T09:10:05.132145+00:00
2026-06-05T02:00:00+00:00,2026-06-05T11:00:00+09:00,2026-06-05,11:00,068270.KS,Celltrion,kr_stock,korea_defensive,172000.0,172200.0,170700.0,171000.0,60945.0,KRW,yahoo_intraday,2026-06-10T09:10:05.132145+00:00
2026-06-05T03:00:00+00:00,2026-06-05T12:00:00+09:00,2026-06-05,12:00,068270.KS,Celltrion,kr_stock,korea_defensive,171100.0,171400.0,170100.0,170400.0,44689.0,KRW,yahoo_intraday,2026-06-10T09:10:05.132145+00:00
2026-06-05T04:00:00+00:00,2026-06-05T13:00:00+09:00,2026-06-05,13:00,068270.KS,Celltrion,kr_stock,korea_defensive,170400.0,170900.0,170000.0,170400.0,50994.0,KRW,yahoo_intraday,2026-06-10T09:10:05.132145+00:00
2026-06-05T05:00:00+00:00,2026-06-05T14:00:00+09:00,2026-06-05,14:00,068270.KS,Celltrion,kr_stock,korea_defensive,170300.0,171600.0,170100.0,170600.0,69315.0,KRW,yahoo_intraday,2026-06-10T09:10:05.132145+00:00
2026-06-08T00:00:00+00:00,2026-06-08T09:00:00+09:00,2026-06-08,09:00,068270.KS,Celltrion,kr_stock,korea_defensive,160700.0,164200.0,160000.0,160600.0,0.0,KRW,yahoo_intraday,2026-06-10T09:10:05.132145+00:00
2026-06-08T01:00:00+00:00,2026-06-08T10:00:00+09:00,2026-06-08,10:00,068270.KS,Celltrion,kr_stock,korea_defensive,160700.0,161700.0,159500.0,160300.0,122476.0,KRW,yahoo_intraday,2026-06-10T09:10:05.132145+00:00
2026-06-08T02:00:00+00:00,2026-06-08T11:00:00+09:00,2026-06-08,11:00,068270.KS,Celltrion,kr_stock,korea_defensive,160300.0,161600.0,159800.0,161500.0,87287.0,KRW,yahoo_intraday,2026-06-10T09:10:05.132145+00:00
2026-06-08T03:00:00+00:00,2026-06-08T12:00:00+09:00,2026-06-08,12:00,068270.KS,Celltrion,kr_stock,korea_defensive,161500.0,162000.0,160800.0,161400.0,60974.0,KRW,yahoo_intraday,2026-06-10T09:10:05.132145+00:00
2026-06-08T04:00:00+00:00,2026-06-08T13:00:00+09:00,2026-06-08,13:00,068270.KS,Celltrion,kr_stock,korea_defensive,161400.0,161900.0,160500.0,160700.0,77931.0,KRW,yahoo_intraday,2026-06-10T09:10:05.132145+00:00
2026-06-08T05:00:00+00:00,2026-06-08T14:00:00+09:00,2026-06-08,14:00,068270.KS,Celltrion,kr_stock,korea_defensive,160600.0,161100.0,159100.0,159200.0,122983.0,KRW,yahoo_intraday,2026-06-10T09:10:05.132145+00:00
2026-06-09T00:00:00+00:00,2026-06-09T09:00:00+09:00,2026-06-09,09:00,068270.KS,Celltrion,kr_stock,korea_defensive,160100.0,169800.0,160100.0,169700.0,203413.0,KRW,yahoo_intraday,2026-06-10T09:10:05.132145+00:00
2026-06-09T01:00:00+00:00,2026-06-09T10:00:00+09:00,2026-06-09,10:00,068270.KS,Celltrion,kr_stock,korea_defensive,169700.0,171700.0,166700.0,167800.0,124098.0,KRW,yahoo_intraday,2026-06-10T09:10:05.132145+00:00
2026-06-09T02:00:00+00:00,2026-06-09T11:00:00+09:00,2026-06-09,11:00,068270.KS,Celltrion,kr_stock,korea_defensive,167700.0,169700.0,167200.0,169500.0,57107.0,KRW,yahoo_intraday,2026-06-10T09:10:05.132145+00:00
2026-06-09T03:00:00+00:00,2026-06-09T12:00:00+09:00,2026-06-09,12:00,068270.KS,Celltrion,kr_stock,korea_defensive,169400.0,169500.0,167700.0,168100.0,45939.0,KRW,yahoo_intraday,2026-06-10T09:10:05.132145+00:00
2026-06-09T04:00:00+00:00,2026-06-09T13:00:00+09:00,2026-06-09,13:00,068270.KS,Celltrion,kr_stock,korea_defensive,168200.0,170500.0,167900.0,169900.0,68668.0,KRW,yahoo_intraday,2026-06-10T09:10:05.132145+00:00
2026-06-09T05:00:00+00:00,2026-06-09T14:00:00+09:00,2026-06-09,14:00,068270.KS,Celltrion,kr_stock,korea_defensive,169900.0,170800.0,168600.0,169500.0,121871.0,KRW,yahoo_intraday,2026-06-10T09:10:05.132145+00:00
2026-06-10T00:00:00+00:00,2026-06-10T09:00:00+09:00,2026-06-10,09:00,068270.KS,Celltrion,kr_stock,korea_defensive,165100.0,168400.0,165000.0,166200.0,86268.0,KRW,yahoo_intraday,2026-06-10T09:10:05.132145+00:00
2026-06-10T01:00:00+00:00,2026-06-10T10:00:00+09:00,2026-06-10,10:00,068270.KS,Celltrion,kr_stock,korea_defensive,166200.0,166800.0,165600.0,166600.0,63781.0,KRW,yahoo_intraday,2026-06-10T09:10:05.132145+00:00
2026-06-10T02:00:00+00:00,2026-06-10T11:00:00+09:00,2026-06-10,11:00,068270.KS,Celltrion,kr_stock,korea_defensive,166500.0,166800.0,165000.0,165000.0,53257.0,KRW,yahoo_intraday,2026-06-10T09:10:05.132145+00:00
2026-06-10T03:00:00+00:00,2026-06-10T12:00:00+09:00,2026-06-10,12:00,068270.KS,Celltrion,kr_stock,korea_defensive,165100.0,165700.0,163700.0,164500.0,62117.0,KRW,yahoo_intraday,2026-06-10T09:10:05.132145+00:00
2026-06-10T04:00:00+00:00,2026-06-10T13:00:00+09:00,2026-06-10,13:00,068270.KS,Celltrion,kr_stock,korea_defensive,164500.0,166000.0,162800.0,163200.0,88725.0,KRW,yahoo_intraday,2026-06-10T09:10:05.132145+00:00
2026-06-10T05:00:00+00:00,2026-06-10T14:00:00+09:00,2026-06-10,14:00,068270.KS,Celltrion,kr_stock,korea_defensive,163300.0,165700.0,162700.0,165000.0,102951.0,KRW,yahoo_intraday,2026-06-10T09:10:05.132145+00:00
2026-06-10T06:00:00+00:00,2026-06-10T15:00:00+09:00,2026-06-10,15:00,068270.KS,Celltrion,kr_stock,korea_defensive,167300.0,167300.0,167300.0,167300.0,0.0,KRW,yahoo_intraday,2026-06-10T09:10:05.132145+00:00
2026-06-04T00:00:00+00:00,2026-06-04T09:00:00+09:00,2026-06-04,09:00,069500.KS,KODEX 200 ETF,kr_etf,korea_market,138375.0,140930.0,137565.0,139265.0,0.0,KRW,yahoo_intraday,2026-06-10T09:10:05.132145+00:00
2026-06-04T01:00:00+00:00,2026-06-04T10:00:00+09:00,2026-06-04,10:00,069500.KS,KODEX 200 ETF,kr_etf,korea_market,139230.0,140310.0,138330.0,138470.0,3027110.0,KRW,yahoo_intraday,2026-06-10T09:10:05.132145+00:00
2026-06-04T02:00:00+00:00,2026-06-04T11:00:00+09:00,2026-06-04,11:00,069500.KS,KODEX 200 ETF,kr_etf,korea_market,138470.0,139765.0,137460.0,139160.0,2457251.0,KRW,yahoo_intraday,2026-06-10T09:10:05.132145+00:00
2026-06-04T03:00:00+00:00,2026-06-04T12:00:00+09:00,2026-06-04,12:00,069500.KS,KODEX 200 ETF,kr_etf,korea_market,139170.0,140970.0,139115.0,140290.0,1951525.0,KRW,yahoo_intraday,2026-06-10T09:10:05.132145+00:00
2026-06-04T04:00:00+00:00,2026-06-04T13:00:00+09:00,2026-06-04,13:00,069500.KS,KODEX 200 ETF,kr_etf,korea_market,140280.0,140370.0,139455.0,140255.0,1763864.0,KRW,yahoo_intraday,2026-06-10T09:10:05.132145+00:00
2026-06-04T05:00:00+00:00,2026-06-04T14:00:00+09:00,2026-06-04,14:00,069500.KS,KODEX 200 ETF,kr_etf,korea_market,140235.0,140540.0,138830.0,139270.0,1163348.0,KRW,yahoo_intraday,2026-06-10T09:10:05.132145+00:00
2026-06-05T00:00:00+00:00,2026-06-05T09:00:00+09:00,2026-06-05,09:00,069500.KS,KODEX 200 ETF,kr_etf,korea_market,133445.0,133445.0,129000.0,129110.0,7995498.0,KRW,yahoo_intraday,2026-06-10T09:10:05.132145+00:00
2026-06-05T01:00:00+00:00,2026-06-05T10:00:00+09:00,2026-06-05,10:00,069500.KS,KODEX 200 ETF,kr_etf,korea_market,129125.0,132860.0,128485.0,132820.0,3633434.0,KRW,yahoo_intraday,2026-06-10T09:10:05.132145+00:00
2026-06-05T02:00:00+00:00,2026-06-05T11:00:00+09:00,2026-06-05,11:00,069500.KS,KODEX 200 ETF,kr_etf,korea_market,132820.0,134560.0,132315.0,132765.0,2123748.0,KRW,yahoo_intraday,2026-06-10T09:10:05.132145+00:00
2026-06-05T03:00:00+00:00,2026-06-05T12:00:00+09:00,2026-06-05,12:00,069500.KS,KODEX 200 ETF,kr_etf,korea_market,132765.0,133315.0,131000.0,131590.0,1604910.0,KRW,yahoo_intraday,2026-06-10T09:10:05.132145+00:00
2026-06-05T04:00:00+00:00,2026-06-05T13:00:00+09:00,2026-06-05,13:00,069500.KS,KODEX 200 ETF,kr_etf,korea_market,131605.0,131985.0,130165.0,131615.0,3156582.0,KRW,yahoo_intraday,2026-06-10T09:10:05.132145+00:00
2026-06-05T05:00:00+00:00,2026-06-05T14:00:00+09:00,2026-06-05,14:00,069500.KS,KODEX 200 ETF,kr_etf,korea_market,131610.0,132695.0,130900.0,130925.0,2026137.0,KRW,yahoo_intraday,2026-06-10T09:10:05.132145+00:00
2026-06-08T00:00:00+00:00,2026-06-08T09:00:00+09:00,2026-06-08,09:00,069500.KS,KODEX 200 ETF,kr_etf,korea_market,119010.0,124100.0,117930.0,122545.0,0.0,KRW,yahoo_intraday,2026-06-10T09:10:05.132145+00:00
2026-06-08T01:00:00+00:00,2026-06-08T10:00:00+09:00,2026-06-08,10:00,069500.KS,KODEX 200 ETF,kr_etf,korea_market,122545.0,123300.0,119405.0,122385.0,5509435.0,KRW,yahoo_intraday,2026-06-10T09:10:05.132145+00:00
2026-06-08T02:00:00+00:00,2026-06-08T11:00:00+09:00,2026-06-08,11:00,069500.KS,KODEX 200 ETF,kr_etf,korea_market,122390.0,125665.0,122085.0,124510.0,2372625.0,KRW,yahoo_intraday,2026-06-10T09:10:05.132145+00:00
2026-06-08T03:00:00+00:00,2026-06-08T12:00:00+09:00,2026-06-08,12:00,069500.KS,KODEX 200 ETF,kr_etf,korea_market,124510.0,124880.0,123682.0,124250.0,1465375.0,KRW,yahoo_intraday,2026-06-10T09:10:05.132145+00:00
2026-06-08T04:00:00+00:00,2026-06-08T13:00:00+09:00,2026-06-08,13:00,069500.KS,KODEX 200 ETF,kr_etf,korea_market,124260.0,124700.0,121885.0,121945.0,2004019.0,KRW,yahoo_intraday,2026-06-10T09:10:05.132145+00:00
2026-06-08T05:00:00+00:00,2026-06-08T14:00:00+09:00,2026-06-08,14:00,069500.KS,KODEX 200 ETF,kr_etf,korea_market,121975.0,122990.0,119180.0,119560.0,4214589.0,KRW,yahoo_intraday,2026-06-10T09:10:05.132145+00:00
2026-06-09T00:00:00+00:00,2026-06-09T09:00:00+09:00,2026-06-09,09:00,069500.KS,KODEX 200 ETF,kr_etf,korea_market,124780.0,125420.0,122555.0,123520.0,4586961.0,KRW,yahoo_intraday,2026-06-10T09:10:05.132145+00:00
2026-06-09T01:00:00+00:00,2026-06-09T10:00:00+09:00,2026-06-09,10:00,069500.KS,KODEX 200 ETF,kr_etf,korea_market,123535.0,124380.0,121410.0,124255.0,2690834.0,KRW,yahoo_intraday,2026-06-10T09:10:05.132145+00:00
2026-06-09T02:00:00+00:00,2026-06-09T11:00:00+09:00,2026-06-09,11:00,069500.KS,KODEX 200 ETF,kr_etf,korea_market,124250.0,124445.0,123265.0,124445.0,1122897.0,KRW,yahoo_intraday,2026-06-10T09:10:05.132145+00:00
2026-06-09T03:00:00+00:00,2026-06-09T12:00:00+09:00,2026-06-09,12:00,069500.KS,KODEX 200 ETF,kr_etf,korea_market,124425.0,126880.0,124200.0,126860.0,1710360.0,KRW,yahoo_intraday,2026-06-10T09:10:05.132145+00:00
2026-06-09T04:00:00+00:00,2026-06-09T13:00:00+09:00,2026-06-09,13:00,069500.KS,KODEX 200 ETF,kr_etf,korea_market,126860.0,129780.0,126650.0,128955.0,2375480.0,KRW,yahoo_intraday,2026-06-10T09:10:05.132145+00:00
2026-06-09T05:00:00+00:00,2026-06-09T14:00:00+09:00,2026-06-09,14:00,069500.KS,KODEX 200 ETF,kr_etf,korea_market,128910.0,130445.0,128530.0,129655.0,2186710.0,KRW,yahoo_intraday,2026-06-10T09:10:05.132145+00:00
2026-06-10T00:00:00+00:00,2026-06-10T09:00:00+09:00,2026-06-10,09:00,069500.KS,KODEX 200 ETF,kr_etf,korea_market,125915.0,128025.0,124855.0,125835.0,3363573.0,KRW,yahoo_intraday,2026-06-10T09:10:05.132145+00:00
2026-06-10T01:00:00+00:00,2026-06-10T10:00:00+09:00,2026-06-10,10:00,069500.KS,KODEX 200 ETF,kr_etf,korea_market,125845.0,127345.0,125400.0,125655.0,1621124.0,KRW,yahoo_intraday,2026-06-10T09:10:05.132145+00:00
2026-06-10T02:00:00+00:00,2026-06-10T11:00:00+09:00,2026-06-10,11:00,069500.KS,KODEX 200 ETF,kr_etf,korea_market,125670.0,125850.0,124045.0,124680.0,1442903.0,KRW,yahoo_intraday,2026-06-10T09:10:05.132145+00:00
2026-06-10T03:00:00+00:00,2026-06-10T12:00:00+09:00,2026-06-10,12:00,069500.KS,KODEX 200 ETF,kr_etf,korea_market,124645.0,125965.0,123675.0,124000.0,1013204.0,KRW,yahoo_intraday,2026-06-10T09:10:05.132145+00:00
2026-06-10T04:00:00+00:00,2026-06-10T13:00:00+09:00,2026-06-10,13:00,069500.KS,KODEX 200 ETF,kr_etf,korea_market,124000.0,124245.0,120820.0,121245.0,1936377.0,KRW,yahoo_intraday,2026-06-10T09:10:05.132145+00:00
2026-06-10T05:00:00+00:00,2026-06-10T14:00:00+09:00,2026-06-10,14:00,069500.KS,KODEX 200 ETF,kr_etf,korea_market,121270.0,122300.0,120360.0,121075.0,3593500.0,KRW,yahoo_intraday,2026-06-10T09:10:05.132145+00:00
2026-06-10T06:00:00+00:00,2026-06-10T15:00:00+09:00,2026-06-10,15:00,069500.KS,KODEX 200 ETF,kr_etf,korea_market,123795.0,123795.0,123795.0,123795.0,0.0,KRW,yahoo_intraday,2026-06-10T09:10:05.132145+00:00
2026-06-04T00:00:00+00:00,2026-06-04T09:00:00+09:00,2026-06-04,09:00,105560.KS,KB Financial,kr_stock,korea_financial,156600.0,158800.0,154600.0,157400.0,0.0,KRW,yahoo_intraday,2026-06-10T09:10:05.132145+00:00
2026-06-04T01:00:00+00:00,2026-06-04T10:00:00+09:00,2026-06-04,10:00,105560.KS,KB Financial,kr_stock,korea_financial,157500.0,161500.0,157300.0,159400.0,303496.0,KRW,yahoo_intraday,2026-06-10T09:10:05.132145+00:00
2026-06-04T02:00:00+00:00,2026-06-04T11:00:00+09:00,2026-06-04,11:00,105560.KS,KB Financial,kr_stock,korea_financial,159400.0,164200.0,159200.0,163700.0,339533.0,KRW,yahoo_intraday,2026-06-10T09:10:05.132145+00:00
2026-06-04T03:00:00+00:00,2026-06-04T12:00:00+09:00,2026-06-04,12:00,105560.KS,KB Financial,kr_stock,korea_financial,163700.0,165900.0,163100.0,164000.0,294185.0,KRW,yahoo_intraday,2026-06-10T09:10:05.132145+00:00
2026-06-04T04:00:00+00:00,2026-06-04T13:00:00+09:00,2026-06-04,13:00,105560.KS,KB Financial,kr_stock,korea_financial,164000.0,165000.0,162800.0,165000.0,233543.0,KRW,yahoo_intraday,2026-06-10T09:10:05.132145+00:00
2026-06-04T05:00:00+00:00,2026-06-04T14:00:00+09:00,2026-06-04,14:00,105560.KS,KB Financial,kr_stock,korea_financial,165000.0,165500.0,163500.0,163900.0,249098.0,KRW,yahoo_intraday,2026-06-10T09:10:05.132145+00:00
2026-06-05T00:00:00+00:00,2026-06-05T09:00:00+09:00,2026-06-05,09:00,105560.KS,KB Financial,kr_stock,korea_financial,171500.0,175700.0,167200.0,169100.0,1204373.0,KRW,yahoo_intraday,2026-06-10T09:10:05.132145+00:00
2026-06-05T01:00:00+00:00,2026-06-05T10:00:00+09:00,2026-06-05,10:00,105560.KS,KB Financial,kr_stock,korea_financial,169100.0,170400.0,166000.0,167200.0,433087.0,KRW,yahoo_intraday,2026-06-10T09:10:05.132145+00:00
2026-06-05T02:00:00+00:00,2026-06-05T11:00:00+09:00,2026-06-05,11:00,105560.KS,KB Financial,kr_stock,korea_financial,167300.0,169400.0,166000.0,168500.0,213645.0,KRW,yahoo_intraday,2026-06-10T09:10:05.132145+00:00
2026-06-05T03:00:00+00:00,2026-06-05T12:00:00+09:00,2026-06-05,12:00,105560.KS,KB Financial,kr_stock,korea_financial,168500.0,170900.0,168200.0,169900.0,212866.0,KRW,yahoo_intraday,2026-06-10T09:10:05.132145+00:00
2026-06-05T04:00:00+00:00,2026-06-05T13:00:00+09:00,2026-06-05,13:00,105560.KS,KB Financial,kr_stock,korea_financial,169900.0,170500.0,168500.0,169350.0,204758.0,KRW,yahoo_intraday,2026-06-10T09:10:05.132145+00:00
2026-06-05T05:00:00+00:00,2026-06-05T14:00:00+09:00,2026-06-05,14:00,105560.KS,KB Financial,kr_stock,korea_financial,169400.0,172000.0,168700.0,170500.0,333427.0,KRW,yahoo_intraday,2026-06-10T09:10:05.132145+00:00
2026-06-08T00:00:00+00:00,2026-06-08T09:00:00+09:00,2026-06-08,09:00,105560.KS,KB Financial,kr_stock,korea_financial,168900.0,169500.0,156600.0,158100.0,0.0,KRW,yahoo_intraday,2026-06-10T09:10:05.132145+00:00
2026-06-08T01:00:00+00:00,2026-06-08T10:00:00+09:00,2026-06-08,10:00,105560.KS,KB Financial,kr_stock,korea_financial,158200.0,158200.0,152000.0,152000.0,430241.0,KRW,yahoo_intraday,2026-06-10T09:10:05.132145+00:00
2026-06-08T02:00:00+00:00,2026-06-08T11:00:00+09:00,2026-06-08,11:00,105560.KS,KB Financial,kr_stock,korea_financial,152000.0,153700.0,151200.0,153300.0,243022.0,KRW,yahoo_intraday,2026-06-10T09:10:05.132145+00:00
2026-06-08T03:00:00+00:00,2026-06-08T12:00:00+09:00,2026-06-08,12:00,105560.KS,KB Financial,kr_stock,korea_financial,153200.0,153900.0,152400.0,152700.0,164686.0,KRW,yahoo_intraday,2026-06-10T09:10:05.132145+00:00
2026-06-08T04:00:00+00:00,2026-06-08T13:00:00+09:00,2026-06-08,13:00,105560.KS,KB Financial,kr_stock,korea_financial,152600.0,154900.0,152300.0,152400.0,178947.0,KRW,yahoo_intraday,2026-06-10T09:10:05.132145+00:00
2026-06-08T05:00:00+00:00,2026-06-08T14:00:00+09:00,2026-06-08,14:00,105560.KS,KB Financial,kr_stock,korea_financial,152400.0,153200.0,150400.0,150800.0,271509.0,KRW,yahoo_intraday,2026-06-10T09:10:05.132145+00:00
2026-06-09T00:00:00+00:00,2026-06-09T09:00:00+09:00,2026-06-09,09:00,105560.KS,KB Financial,kr_stock,korea_financial,157200.0,157200.0,151000.0,153500.0,478566.0,KRW,yahoo_intraday,2026-06-10T09:10:05.132145+00:00
2026-06-09T01:00:00+00:00,2026-06-09T10:00:00+09:00,2026-06-09,10:00,105560.KS,KB Financial,kr_stock,korea_financial,153600.0,156500.0,152800.0,153900.0,203997.0,KRW,yahoo_intraday,2026-06-10T09:10:05.132145+00:00
2026-06-09T02:00:00+00:00,2026-06-09T11:00:00+09:00,2026-06-09,11:00,105560.KS,KB Financial,kr_stock,korea_financial,153900.0,155200.0,153300.0,154900.0,160594.0,KRW,yahoo_intraday,2026-06-10T09:10:05.132145+00:00
2026-06-09T03:00:00+00:00,2026-06-09T12:00:00+09:00,2026-06-09,12:00,105560.KS,KB Financial,kr_stock,korea_financial,155000.0,155400.0,154200.0,154400.0,129090.0,KRW,yahoo_intraday,2026-06-10T09:10:05.132145+00:00
2026-06-09T04:00:00+00:00,2026-06-09T13:00:00+09:00,2026-06-09,13:00,105560.KS,KB Financial,kr_stock,korea_financial,154400.0,156800.0,154300.0,156000.0,176484.0,KRW,yahoo_intraday,2026-06-10T09:10:05.132145+00:00
2026-06-09T05:00:00+00:00,2026-06-09T14:00:00+09:00,2026-06-09,14:00,105560.KS,KB Financial,kr_stock,korea_financial,155900.0,156400.0,153000.0,153950.0,226578.0,KRW,yahoo_intraday,2026-06-10T09:10:05.132145+00:00
2026-06-10T00:00:00+00:00,2026-06-10T09:00:00+09:00,2026-06-10,09:00,105560.KS,KB Financial,kr_stock,korea_financial,152800.0,156400.0,152000.0,155900.0,297697.0,KRW,yahoo_intraday,2026-06-10T09:10:05.132145+00:00
2026-06-10T01:00:00+00:00,2026-06-10T10:00:00+09:00,2026-06-10,10:00,105560.KS,KB Financial,kr_stock,korea_financial,155950.0,156800.0,154100.0,155200.0,200889.0,KRW,yahoo_intraday,2026-06-10T09:10:05.132145+00:00
2026-06-10T02:00:00+00:00,2026-06-10T11:00:00+09:00,2026-06-10,11:00,105560.KS,KB Financial,kr_stock,korea_financial,155200.0,155200.0,152900.0,153100.0,146504.0,KRW,yahoo_intraday,2026-06-10T09:10:05.132145+00:00
2026-06-10T03:00:00+00:00,2026-06-10T12:00:00+09:00,2026-06-10,12:00,105560.KS,KB Financial,kr_stock,korea_financial,153100.0,154400.0,152000.0,152300.0,156549.0,KRW,yahoo_intraday,2026-06-10T09:10:05.132145+00:00
2026-06-10T04:00:00+00:00,2026-06-10T13:00:00+09:00,2026-06-10,13:00,105560.KS,KB Financial,kr_stock,korea_financial,152200.0,153700.0,149300.0,149800.0,231164.0,KRW,yahoo_intraday,2026-06-10T09:10:05.132145+00:00
2026-06-10T05:00:00+00:00,2026-06-10T14:00:00+09:00,2026-06-10,14:00,105560.KS,KB Financial,kr_stock,korea_financial,149900.0,152200.0,149700.0,151900.0,204156.0,KRW,yahoo_intraday,2026-06-10T09:10:05.132145+00:00
2026-06-10T06:00:00+00:00,2026-06-10T15:00:00+09:00,2026-06-10,15:00,105560.KS,KB Financial,kr_stock,korea_financial,154000.0,154000.0,154000.0,154000.0,0.0,KRW,yahoo_intraday,2026-06-10T09:10:05.132145+00:00
2026-06-04T00:00:00+00:00,2026-06-04T09:00:00+09:00,2026-06-04,09:00,207940.KS,Samsung Biologics,kr_stock,korea_defensive,1375000.0,1375000.0,1342000.0,1365000.0,0.0,KRW,yahoo_intraday,2026-06-10T09:10:05.132145+00:00
2026-06-04T01:00:00+00:00,2026-06-04T10:00:00+09:00,2026-06-04,10:00,207940.KS,Samsung Biologics,kr_stock,korea_defensive,1365000.0,1374000.0,1355000.0,1365000.0,8612.0,KRW,yahoo_intraday,2026-06-10T09:10:05.132145+00:00
2026-06-04T02:00:00+00:00,2026-06-04T11:00:00+09:00,2026-06-04,11:00,207940.KS,Samsung Biologics,kr_stock,korea_defensive,1364000.0,1383000.0,1362000.0,1376000.0,8483.0,KRW,yahoo_intraday,2026-06-10T09:10:05.132145+00:00
2026-06-04T03:00:00+00:00,2026-06-04T12:00:00+09:00,2026-06-04,12:00,207940.KS,Samsung Biologics,kr_stock,korea_defensive,1374000.0,1376000.0,1356000.0,1358000.0,8824.0,KRW,yahoo_intraday,2026-06-10T09:10:05.132145+00:00
2026-06-04T04:00:00+00:00,2026-06-04T13:00:00+09:00,2026-06-04,13:00,207940.KS,Samsung Biologics,kr_stock,korea_defensive,1358000.0,1362000.0,1349000.0,1351000.0,6629.0,KRW,yahoo_intraday,2026-06-10T09:10:05.132145+00:00
2026-06-04T05:00:00+00:00,2026-06-04T14:00:00+09:00,2026-06-04,14:00,207940.KS,Samsung Biologics,kr_stock,korea_defensive,1350000.0,1357000.0,1346000.0,1350000.0,8135.0,KRW,yahoo_intraday,2026-06-10T09:10:05.132145+00:00
2026-06-05T00:00:00+00:00,2026-06-05T09:00:00+09:00,2026-06-05,09:00,207940.KS,Samsung Biologics,kr_stock,korea_defensive,1377000.0,1408000.0,1335000.0,1339000.0,18096.0,KRW,yahoo_intraday,2026-06-10T09:10:05.132145+00:00
2026-06-05T01:00:00+00:00,2026-06-05T10:00:00+09:00,2026-06-05,10:00,207940.KS,Samsung Biologics,kr_stock,korea_defensive,1339000.0,1356000.0,1329000.0,1352000.0,6940.0,KRW,yahoo_intraday,2026-06-10T09:10:05.132145+00:00
2026-06-05T02:00:00+00:00,2026-06-05T11:00:00+09:00,2026-06-05,11:00,207940.KS,Samsung Biologics,kr_stock,korea_defensive,1352000.0,1353000.0,1335000.0,1341000.0,3116.0,KRW,yahoo_intraday,2026-06-10T09:10:05.132145+00:00
2026-06-05T03:00:00+00:00,2026-06-05T12:00:00+09:00,2026-06-05,12:00,207940.KS,Samsung Biologics,kr_stock,korea_defensive,1342000.0,1345000.0,1330000.0,1331000.0,3151.0,KRW,yahoo_intraday,2026-06-10T09:10:05.132145+00:00
2026-06-05T04:00:00+00:00,2026-06-05T13:00:00+09:00,2026-06-05,13:00,207940.KS,Samsung Biologics,kr_stock,korea_defensive,1330000.0,1334000.0,1329000.0,1332000.0,3847.0,KRW,yahoo_intraday,2026-06-10T09:10:05.132145+00:00
2026-06-05T05:00:00+00:00,2026-06-05T14:00:00+09:00,2026-06-05,14:00,207940.KS,Samsung Biologics,kr_stock,korea_defensive,1332000.0,1340000.0,1331000.0,1334000.0,3848.0,KRW,yahoo_intraday,2026-06-10T09:10:05.132145+00:00
2026-06-08T00:00:00+00:00,2026-06-08T09:00:00+09:00,2026-06-08,09:00,207940.KS,Samsung Biologics,kr_stock,korea_defensive,1268000.0,1295000.0,1247000.0,1256000.0,0.0,KRW,yahoo_intraday,2026-06-10T09:10:05.132145+00:00
2026-06-08T01:00:00+00:00,2026-06-08T10:00:00+09:00,2026-06-08,10:00,207940.KS,Samsung Biologics,kr_stock,korea_defensive,1257000.0,1263000.0,1228000.0,1231000.0,15459.0,KRW,yahoo_intraday,2026-06-10T09:10:05.132145+00:00
2026-06-08T02:00:00+00:00,2026-06-08T11:00:00+09:00,2026-06-08,11:00,207940.KS,Samsung Biologics,kr_stock,korea_defensive,1230000.0,1249000.0,1229000.0,1243000.0,8002.0,KRW,yahoo_intraday,2026-06-10T09:10:05.132145+00:00
2026-06-08T03:00:00+00:00,2026-06-08T12:00:00+09:00,2026-06-08,12:00,207940.KS,Samsung Biologics,kr_stock,korea_defensive,1243000.0,1251000.0,1242000.0,1247000.0,4135.0,KRW,yahoo_intraday,2026-06-10T09:10:05.132145+00:00
2026-06-08T04:00:00+00:00,2026-06-08T13:00:00+09:00,2026-06-08,13:00,207940.KS,Samsung Biologics,kr_stock,korea_defensive,1247000.0,1250000.0,1240000.0,1240000.0,10875.0,KRW,yahoo_intraday,2026-06-10T09:10:05.132145+00:00
2026-06-08T05:00:00+00:00,2026-06-08T14:00:00+09:00,2026-06-08,14:00,207940.KS,Samsung Biologics,kr_stock,korea_defensive,1240000.0,1248000.0,1230000.0,1234000.0,12397.0,KRW,yahoo_intraday,2026-06-10T09:10:05.132145+00:00
2026-06-09T00:00:00+00:00,2026-06-09T09:00:00+09:00,2026-06-09,09:00,207940.KS,Samsung Biologics,kr_stock,korea_defensive,1255000.0,1285000.0,1238000.0,1285000.0,12358.0,KRW,yahoo_intraday,2026-06-10T09:10:05.132145+00:00
2026-06-09T01:00:00+00:00,2026-06-09T10:00:00+09:00,2026-06-09,10:00,207940.KS,Samsung Biologics,kr_stock,korea_defensive,1283000.0,1307000.0,1270000.0,1278000.0,8808.0,KRW,yahoo_intraday,2026-06-10T09:10:05.132145+00:00
2026-06-09T02:00:00+00:00,2026-06-09T11:00:00+09:00,2026-06-09,11:00,207940.KS,Samsung Biologics,kr_stock,korea_defensive,1279000.0,1292000.0,1275000.0,1289000.0,6332.0,KRW,yahoo_intraday,2026-06-10T09:10:05.132145+00:00
2026-06-09T03:00:00+00:00,2026-06-09T12:00:00+09:00,2026-06-09,12:00,207940.KS,Samsung Biologics,kr_stock,korea_defensive,1290000.0,1295000.0,1280000.0,1285000.0,5286.0,KRW,yahoo_intraday,2026-06-10T09:10:05.132145+00:00
2026-06-09T04:00:00+00:00,2026-06-09T13:00:00+09:00,2026-06-09,13:00,207940.KS,Samsung Biologics,kr_stock,korea_defensive,1286000.0,1304000.0,1285000.0,1298000.0,8100.0,KRW,yahoo_intraday,2026-06-10T09:10:05.132145+00:00
2026-06-09T05:00:00+00:00,2026-06-09T14:00:00+09:00,2026-06-09,14:00,207940.KS,Samsung Biologics,kr_stock,korea_defensive,1297000.0,1302000.0,1287000.0,1287000.0,9931.0,KRW,yahoo_intraday,2026-06-10T09:10:05.132145+00:00
2026-06-10T00:00:00+00:00,2026-06-10T09:00:00+09:00,2026-06-10,09:00,207940.KS,Samsung Biologics,kr_stock,korea_defensive,1291000.0,1305000.0,1276000.0,1293000.0,9998.0,KRW,yahoo_intraday,2026-06-10T09:10:05.132145+00:00
2026-06-10T01:00:00+00:00,2026-06-10T10:00:00+09:00,2026-06-10,10:00,207940.KS,Samsung Biologics,kr_stock,korea_defensive,1293000.0,1300000.0,1283000.0,1296000.0,5765.0,KRW,yahoo_intraday,2026-06-10T09:10:05.132145+00:00
2026-06-10T02:00:00+00:00,2026-06-10T11:00:00+09:00,2026-06-10,11:00,207940.KS,Samsung Biologics,kr_stock,korea_defensive,1294000.0,1296000.0,1274000.0,1277000.0,3955.0,KRW,yahoo_intraday,2026-06-10T09:10:05.132145+00:00
2026-06-10T03:00:00+00:00,2026-06-10T12:00:00+09:00,2026-06-10,12:00,207940.KS,Samsung Biologics,kr_stock,korea_defensive,1276000.0,1285000.0,1273000.0,1279000.0,3737.0,KRW,yahoo_intraday,2026-06-10T09:10:05.132145+00:00
2026-06-10T04:00:00+00:00,2026-06-10T13:00:00+09:00,2026-06-10,13:00,207940.KS,Samsung Biologics,kr_stock,korea_defensive,1278000.0,1281000.0,1256000.0,1257000.0,4922.0,KRW,yahoo_intraday,2026-06-10T09:10:05.132145+00:00
2026-06-10T05:00:00+00:00,2026-06-10T14:00:00+09:00,2026-06-10,14:00,207940.KS,Samsung Biologics,kr_stock,korea_defensive,1256000.0,1282000.0,1253000.0,1277000.0,9519.0,KRW,yahoo_intraday,2026-06-10T09:10:05.132145+00:00
2026-06-10T06:00:00+00:00,2026-06-10T15:00:00+09:00,2026-06-10,15:00,207940.KS,Samsung Biologics,kr_stock,korea_defensive,1298000.0,1298000.0,1298000.0,1298000.0,0.0,KRW,yahoo_intraday,2026-06-10T09:10:05.132145+00:00
2026-06-04T00:00:00+00:00,2026-06-04T09:00:00+09:00,2026-06-04,09:00,373220.KS,LG Energy Solution,kr_stock,korea_battery,448000.0,463000.0,421000.0,423500.0,0.0,KRW,yahoo_intraday,2026-06-10T09:10:05.132145+00:00
2026-06-04T01:00:00+00:00,2026-06-04T10:00:00+09:00,2026-06-04,10:00,373220.KS,LG Energy Solution,kr_stock,korea_battery,423000.0,424500.0,413500.0,417500.0,139245.0,KRW,yahoo_intraday,2026-06-10T09:10:05.132145+00:00
2026-06-04T02:00:00+00:00,2026-06-04T11:00:00+09:00,2026-06-04,11:00,373220.KS,LG Energy Solution,kr_stock,korea_battery,417500.0,423000.0,414750.0,422000.0,77943.0,KRW,yahoo_intraday,2026-06-10T09:10:05.132145+00:00
2026-06-04T03:00:00+00:00,2026-06-04T12:00:00+09:00,2026-06-04,12:00,373220.KS,LG Energy Solution,kr_stock,korea_battery,422500.0,425000.0,420500.0,423500.0,68889.0,KRW,yahoo_intraday,2026-06-10T09:10:05.132145+00:00
2026-06-04T04:00:00+00:00,2026-06-04T13:00:00+09:00,2026-06-04,13:00,373220.KS,LG Energy Solution,kr_stock,korea_battery,423500.0,427500.0,422000.0,424750.0,72037.0,KRW,yahoo_intraday,2026-06-10T09:10:05.132145+00:00
2026-06-04T05:00:00+00:00,2026-06-04T14:00:00+09:00,2026-06-04,14:00,373220.KS,LG Energy Solution,kr_stock,korea_battery,424500.0,427500.0,422000.0,424500.0,75161.0,KRW,yahoo_intraday,2026-06-10T09:10:05.132145+00:00
2026-06-05T00:00:00+00:00,2026-06-05T09:00:00+09:00,2026-06-05,09:00,373220.KS,LG Energy Solution,kr_stock,korea_battery,422500.0,428500.0,406000.0,407000.0,127010.0,KRW,yahoo_intraday,2026-06-10T09:10:05.132145+00:00
2026-06-05T01:00:00+00:00,2026-06-05T10:00:00+09:00,2026-06-05,10:00,373220.KS,LG Energy Solution,kr_stock,korea_battery,407000.0,415500.0,405500.0,415500.0,58724.0,KRW,yahoo_intraday,2026-06-10T09:10:05.132145+00:00
2026-06-05T02:00:00+00:00,2026-06-05T11:00:00+09:00,2026-06-05,11:00,373220.KS,LG Energy Solution,kr_stock,korea_battery,415500.0,418000.0,413000.0,414000.0,43778.0,KRW,yahoo_intraday,2026-06-10T09:10:05.132145+00:00
2026-06-05T03:00:00+00:00,2026-06-05T12:00:00+09:00,2026-06-05,12:00,373220.KS,LG Energy Solution,kr_stock,korea_battery,414000.0,414500.0,410000.0,411000.0,33810.0,KRW,yahoo_intraday,2026-06-10T09:10:05.132145+00:00
2026-06-05T04:00:00+00:00,2026-06-05T13:00:00+09:00,2026-06-05,13:00,373220.KS,LG Energy Solution,kr_stock,korea_battery,411000.0,417000.0,409000.0,416500.0,54440.0,KRW,yahoo_intraday,2026-06-10T09:10:05.132145+00:00
2026-06-05T05:00:00+00:00,2026-06-05T14:00:00+09:00,2026-06-05,14:00,373220.KS,LG Energy Solution,kr_stock,korea_battery,416750.0,418500.0,410000.0,410500.0,70239.0,KRW,yahoo_intraday,2026-06-10T09:10:05.132145+00:00
2026-06-08T00:00:00+00:00,2026-06-08T09:00:00+09:00,2026-06-08,09:00,373220.KS,LG Energy Solution,kr_stock,korea_battery,388500.0,404000.0,388500.0,394000.0,0.0,KRW,yahoo_intraday,2026-06-10T09:10:05.132145+00:00
2026-06-08T01:00:00+00:00,2026-06-08T10:00:00+09:00,2026-06-08,10:00,373220.KS,LG Energy Solution,kr_stock,korea_battery,393500.0,395500.0,387000.0,391500.0,61409.0,KRW,yahoo_intraday,2026-06-10T09:10:05.132145+00:00
2026-06-08T02:00:00+00:00,2026-06-08T11:00:00+09:00,2026-06-08,11:00,373220.KS,LG Energy Solution,kr_stock,korea_battery,391000.0,398000.0,389500.0,396500.0,32313.0,KRW,yahoo_intraday,2026-06-10T09:10:05.132145+00:00
2026-06-08T03:00:00+00:00,2026-06-08T12:00:00+09:00,2026-06-08,12:00,373220.KS,LG Energy Solution,kr_stock,korea_battery,396000.0,398000.0,394500.0,396000.0,26359.0,KRW,yahoo_intraday,2026-06-10T09:10:05.132145+00:00
2026-06-08T04:00:00+00:00,2026-06-08T13:00:00+09:00,2026-06-08,13:00,373220.KS,LG Energy Solution,kr_stock,korea_battery,396000.0,397000.0,392500.0,392500.0,27131.0,KRW,yahoo_intraday,2026-06-10T09:10:05.132145+00:00
2026-06-08T05:00:00+00:00,2026-06-08T14:00:00+09:00,2026-06-08,14:00,373220.KS,LG Energy Solution,kr_stock,korea_battery,392500.0,395500.0,383500.0,384500.0,83060.0,KRW,yahoo_intraday,2026-06-10T09:10:05.132145+00:00
2026-06-09T00:00:00+00:00,2026-06-09T09:00:00+09:00,2026-06-09,09:00,373220.KS,LG Energy Solution,kr_stock,korea_battery,393500.0,399500.0,387500.0,390500.0,88354.0,KRW,yahoo_intraday,2026-06-10T09:10:05.132145+00:00
2026-06-09T01:00:00+00:00,2026-06-09T10:00:00+09:00,2026-06-09,10:00,373220.KS,LG Energy Solution,kr_stock,korea_battery,390000.0,393000.0,385500.0,392000.0,60439.0,KRW,yahoo_intraday,2026-06-10T09:10:05.132145+00:00
2026-06-09T02:00:00+00:00,2026-06-09T11:00:00+09:00,2026-06-09,11:00,373220.KS,LG Energy Solution,kr_stock,korea_battery,392000.0,392000.0,386500.0,391000.0,38559.0,KRW,yahoo_intraday,2026-06-10T09:10:05.132145+00:00
2026-06-09T03:00:00+00:00,2026-06-09T12:00:00+09:00,2026-06-09,12:00,373220.KS,LG Energy Solution,kr_stock,korea_battery,391500.0,394000.0,390500.0,393000.0,32026.0,KRW,yahoo_intraday,2026-06-10T09:10:05.132145+00:00
2026-06-09T04:00:00+00:00,2026-06-09T13:00:00+09:00,2026-06-09,13:00,373220.KS,LG Energy Solution,kr_stock,korea_battery,393500.0,399500.0,392500.0,399000.0,48985.0,KRW,yahoo_intraday,2026-06-10T09:10:05.132145+00:00
2026-06-09T05:00:00+00:00,2026-06-09T14:00:00+09:00,2026-06-09,14:00,373220.KS,LG Energy Solution,kr_stock,korea_battery,399000.0,401500.0,394000.0,397000.0,87102.0,KRW,yahoo_intraday,2026-06-10T09:10:05.132145+00:00
2026-06-10T00:00:00+00:00,2026-06-10T09:00:00+09:00,2026-06-10,09:00,373220.KS,LG Energy Solution,kr_stock,korea_battery,393000.0,407000.0,382500.0,390500.0,94511.0,KRW,yahoo_intraday,2026-06-10T09:10:05.132145+00:00
2026-06-10T01:00:00+00:00,2026-06-10T10:00:00+09:00,2026-06-10,10:00,373220.KS,LG Energy Solution,kr_stock,korea_battery,390000.0,395500.0,387500.0,392000.0,47692.0,KRW,yahoo_intraday,2026-06-10T09:10:05.132145+00:00
2026-06-10T02:00:00+00:00,2026-06-10T11:00:00+09:00,2026-06-10,11:00,373220.KS,LG Energy Solution,kr_stock,korea_battery,392000.0,392000.0,385000.0,386000.0,23248.0,KRW,yahoo_intraday,2026-06-10T09:10:05.132145+00:00
2026-06-10T03:00:00+00:00,2026-06-10T12:00:00+09:00,2026-06-10,12:00,373220.KS,LG Energy Solution,kr_stock,korea_battery,385500.0,387500.0,382500.0,383500.0,25767.0,KRW,yahoo_intraday,2026-06-10T09:10:05.132145+00:00
2026-06-10T04:00:00+00:00,2026-06-10T13:00:00+09:00,2026-06-10,13:00,373220.KS,LG Energy Solution,kr_stock,korea_battery,384000.0,384000.0,375000.0,376500.0,59817.0,KRW,yahoo_intraday,2026-06-10T09:10:05.132145+00:00
2026-06-10T05:00:00+00:00,2026-06-10T14:00:00+09:00,2026-06-10,14:00,373220.KS,LG Energy Solution,kr_stock,korea_battery,376250.0,380500.0,375000.0,377500.0,53309.0,KRW,yahoo_intraday,2026-06-10T09:10:05.132145+00:00
2026-06-10T06:00:00+00:00,2026-06-10T15:00:00+09:00,2026-06-10,15:00,373220.KS,LG Energy Solution,kr_stock,korea_battery,385500.0,385500.0,385500.0,385500.0,0.0,KRW,yahoo_intraday,2026-06-10T09:10:05.132145+00:00
2026-06-03T13:30:00+00:00,2026-06-03T22:30:00+09:00,2026-06-03,22:30,EWY,iShares MSCI South Korea ETF,us_etf,korea_adr_proxy,213.929993,214.335007,208.600006,212.059998,5057417.0,USD,yahoo_intraday,2026-06-10T09:10:05.132145+00:00
2026-06-03T14:30:00+00:00,2026-06-03T23:30:00+09:00,2026-06-03,23:30,EWY,iShares MSCI South Korea ETF,us_etf,korea_adr_proxy,212.059998,213.464996,211.539993,212.080002,2170074.0,USD,yahoo_intraday,2026-06-10T09:10:05.132145+00:00
2026-06-03T15:30:00+00:00,2026-06-04T00:30:00+09:00,2026-06-04,00:30,EWY,iShares MSCI South Korea ETF,us_etf,korea_adr_proxy,212.110001,212.399994,210.100006,210.5,1747655.0,USD,yahoo_intraday,2026-06-10T09:10:05.132145+00:00
2026-06-03T16:30:00+00:00,2026-06-04T01:30:00+09:00,2026-06-04,01:30,EWY,iShares MSCI South Korea ETF,us_etf,korea_adr_proxy,210.440002,211.149994,209.619995,210.410004,936018.0,USD,yahoo_intraday,2026-06-10T09:10:05.132145+00:00
2026-06-03T17:30:00+00:00,2026-06-04T02:30:00+09:00,2026-06-04,02:30,EWY,iShares MSCI South Korea ETF,us_etf,korea_adr_proxy,210.380005,211.410004,210.089996,211.25,825906.0,USD,yahoo_intraday,2026-06-10T09:10:05.132145+00:00
2026-06-03T18:30:00+00:00,2026-06-04T03:30:00+09:00,2026-06-04,03:30,EWY,iShares MSCI South Korea ETF,us_etf,korea_adr_proxy,211.229996,211.639999,210.699997,211.419998,767443.0,USD,yahoo_intraday,2026-06-10T09:10:05.132145+00:00
2026-06-03T19:30:00+00:00,2026-06-04T04:30:00+09:00,2026-06-04,04:30,EWY,iShares MSCI South Korea ETF,us_etf,korea_adr_proxy,211.400101,213.089996,211.270004,213.0,1219808.0,USD,yahoo_intraday,2026-06-10T09:10:05.132145+00:00
2026-06-04T13:30:00+00:00,2026-06-04T22:30:00+09:00,2026-06-04,22:30,EWY,iShares MSCI South Korea ETF,us_etf,korea_adr_proxy,199.880005,202.059998,196.570007,200.119995,5694181.0,USD,yahoo_intraday,2026-06-10T09:10:05.132145+00:00
2026-06-04T14:30:00+00:00,2026-06-04T23:30:00+09:00,2026-06-04,23:30,EWY,iShares MSCI South Korea ETF,us_etf,korea_adr_proxy,200.110001,202.369995,199.320007,202.100006,1808784.0,USD,yahoo_intraday,2026-06-10T09:10:05.132145+00:00
2026-06-04T15:30:00+00:00,2026-06-05T00:30:00+09:00,2026-06-05,00:30,EWY,iShares MSCI South Korea ETF,us_etf,korea_adr_proxy,202.110001,204.149994,201.520004,204.035004,1311196.0,USD,yahoo_intraday,2026-06-10T09:10:05.132145+00:00
2026-06-04T16:30:00+00:00,2026-06-05T01:30:00+09:00,2026-06-05,01:30,EWY,iShares MSCI South Korea ETF,us_etf,korea_adr_proxy,204.050003,204.789993,203.029999,204.279999,1161641.0,USD,yahoo_intraday,2026-06-10T09:10:05.132145+00:00
2026-06-04T17:30:00+00:00,2026-06-05T02:30:00+09:00,2026-06-05,02:30,EWY,iShares MSCI South Korea ETF,us_etf,korea_adr_proxy,204.270004,205.559998,204.240005,205.154999,1179451.0,USD,yahoo_intraday,2026-06-10T09:10:05.132145+00:00
2026-06-04T18:30:00+00:00,2026-06-05T03:30:00+09:00,2026-06-05,03:30,EWY,iShares MSCI South Korea ETF,us_etf,korea_adr_proxy,205.154999,205.539993,204.270004,205.539993,1417112.0,USD,yahoo_intraday,2026-06-10T09:10:05.132145+00:00
2026-06-04T19:30:00+00:00,2026-06-05T04:30:00+09:00,2026-06-05,04:30,EWY,iShares MSCI South Korea ETF,us_etf,korea_adr_proxy,205.539993,205.929993,203.809998,204.130005,1972452.0,USD,yahoo_intraday,2026-06-10T09:10:05.132145+00:00
2026-06-05T13:30:00+00:00,2026-06-05T22:30:00+09:00,2026-06-05,22:30,EWY,iShares MSCI South Korea ETF,us_etf,korea_adr_proxy,189.149994,190.779999,186.330002,186.460007,9964160.0,USD,yahoo_intraday,2026-06-10T09:10:05.132145+00:00
2026-06-05T14:30:00+00:00,2026-06-05T23:30:00+09:00,2026-06-05,23:30,EWY,iShares MSCI South Korea ETF,us_etf,korea_adr_proxy,186.429993,188.759995,185.460007,186.070007,2749100.0,USD,yahoo_intraday,2026-06-10T09:10:05.132145+00:00
2026-06-05T15:30:00+00:00,2026-06-06T00:30:00+09:00,2026-06-06,00:30,EWY,iShares MSCI South Korea ETF,us_etf,korea_adr_proxy,186.009995,186.507996,182.850006,182.912933,3272500.0,USD,yahoo_intraday,2026-06-10T09:10:05.132145+00:00
2026-06-05T16:30:00+00:00,2026-06-06T01:30:00+09:00,2026-06-06,01:30,EWY,iShares MSCI South Korea ETF,us_etf,korea_adr_proxy,182.880005,183.479996,180.059998,181.080002,5393518.0,USD,yahoo_intraday,2026-06-10T09:10:05.132145+00:00
2026-06-05T17:30:00+00:00,2026-06-06T02:30:00+09:00,2026-06-06,02:30,EWY,iShares MSCI South Korea ETF,us_etf,korea_adr_proxy,181.059998,181.600006,177.940002,178.380005,4318781.0,USD,yahoo_intraday,2026-06-10T09:10:05.132145+00:00
2026-06-05T18:30:00+00:00,2026-06-06T03:30:00+09:00,2026-06-06,03:30,EWY,iShares MSCI South Korea ETF,us_etf,korea_adr_proxy,178.369995,178.690002,175.919998,177.660004,6075828.0,USD,yahoo_intraday,2026-06-10T09:10:05.132145+00:00
2026-06-05T19:30:00+00:00,2026-06-06T04:30:00+09:00,2026-06-06,04:30,EWY,iShares MSCI South Korea ETF,us_etf,korea_adr_proxy,177.699997,178.0,175.199997,175.205002,6706409.0,USD,yahoo_intraday,2026-06-10T09:10:05.132145+00:00
2026-06-08T13:30:00+00:00,2026-06-08T22:30:00+09:00,2026-06-08,22:30,EWY,iShares MSCI South Korea ETF,us_etf,korea_adr_proxy,186.880005,188.800003,183.309998,184.979996,12609254.0,USD,yahoo_intraday,2026-06-10T09:10:05.132145+00:00
2026-06-08T14:30:00+00:00,2026-06-08T23:30:00+09:00,2026-06-08,23:30,EWY,iShares MSCI South Korea ETF,us_etf,korea_adr_proxy,184.940002,187.899994,184.839996,185.990005,3834339.0,USD,yahoo_intraday,2026-06-10T09:10:05.132145+00:00
2026-06-08T15:30:00+00:00,2026-06-09T00:30:00+09:00,2026-06-09,00:30,EWY,iShares MSCI South Korea ETF,us_etf,korea_adr_proxy,185.979996,187.369995,185.279999,186.5,3232647.0,USD,yahoo_intraday,2026-06-10T09:10:05.132145+00:00
2026-06-08T16:30:00+00:00,2026-06-09T01:30:00+09:00,2026-06-09,01:30,EWY,iShares MSCI South Korea ETF,us_etf,korea_adr_proxy,186.5,187.139999,185.619995,186.759995,1761734.0,USD,yahoo_intraday,2026-06-10T09:10:05.132145+00:00
2026-06-08T17:30:00+00:00,2026-06-09T02:30:00+09:00,2026-06-09,02:30,EWY,iShares MSCI South Korea ETF,us_etf,korea_adr_proxy,186.710007,186.949997,185.529999,186.520004,1143214.0,USD,yahoo_intraday,2026-06-10T09:10:05.132145+00:00
2026-06-08T18:30:00+00:00,2026-06-09T03:30:00+09:00,2026-06-09,03:30,EWY,iShares MSCI South Korea ETF,us_etf,korea_adr_proxy,186.529999,186.839996,184.369995,185.080002,1547419.0,USD,yahoo_intraday,2026-06-10T09:10:05.132145+00:00
2026-06-08T19:30:00+00:00,2026-06-09T04:30:00+09:00,2026-06-09,04:30,EWY,iShares MSCI South Korea ETF,us_etf,korea_adr_proxy,185.119995,186.289993,184.720001,185.729996,2674345.0,USD,yahoo_intraday,2026-06-10T09:10:05.132145+00:00
2026-06-09T13:30:00+00:00,2026-06-09T22:30:00+09:00,2026-06-09,22:30,EWY,iShares MSCI South Korea ETF,us_etf,korea_adr_proxy,193.300003,193.570007,185.634995,187.410004,6820910.0,USD,yahoo_intraday,2026-06-10T09:10:05.132145+00:00
2026-06-09T14:30:00+00:00,2026-06-09T23:30:00+09:00,2026-06-09,23:30,EWY,iShares MSCI South Korea ETF,us_etf,korea_adr_proxy,187.410004,187.759995,181.779999,181.869995,3407313.0,USD,yahoo_intraday,2026-06-10T09:10:05.132145+00:00
2026-06-09T15:30:00+00:00,2026-06-10T00:30:00+09:00,2026-06-10,00:30,EWY,iShares MSCI South Korea ETF,us_etf,korea_adr_proxy,181.845001,182.889008,175.940002,177.570007,4232910.0,USD,yahoo_intraday,2026-06-10T09:10:05.132145+00:00
2026-06-09T16:30:00+00:00,2026-06-10T01:30:00+09:00,2026-06-10,01:30,EWY,iShares MSCI South Korea ETF,us_etf,korea_adr_proxy,177.520004,182.0,175.050003,180.875,4416898.0,USD,yahoo_intraday,2026-06-10T09:10:05.132145+00:00
2026-06-09T17:30:00+00:00,2026-06-10T02:30:00+09:00,2026-06-10,02:30,EWY,iShares MSCI South Korea ETF,us_etf,korea_adr_proxy,180.850006,183.119995,180.350006,182.789993,2225353.0,USD,yahoo_intraday,2026-06-10T09:10:05.132145+00:00
2026-06-09T18:30:00+00:00,2026-06-10T03:30:00+09:00,2026-06-10,03:30,EWY,iShares MSCI South Korea ETF,us_etf,korea_adr_proxy,182.830002,184.184998,180.740005,182.065002,2038683.0,USD,yahoo_intraday,2026-06-10T09:10:05.132145+00:00
2026-06-09T19:30:00+00:00,2026-06-10T04:30:00+09:00,2026-06-10,04:30,EWY,iShares MSCI South Korea ETF,us_etf,korea_adr_proxy,182.119995,184.350006,181.494995,183.869995,2721759.0,USD,yahoo_intraday,2026-06-10T09:10:05.132145+00:00
2026-06-09T20:00:00+00:00,2026-06-10T05:00:00+09:00,2026-06-10,05:00,EWY,iShares MSCI South Korea ETF,us_etf,korea_adr_proxy,184.050003,184.050003,184.050003,184.050003,0.0,USD,yahoo_intraday,2026-06-10T09:10:05.132145+00:00
2026-06-03T09:00:00+00:00,2026-06-03T18:00:00+09:00,2026-06-03,18:00,KRW=X,USD/KRW,fx,fx_krw,1526.27002,1532.0,1518.0,1531.089966,0.0,KRW,yahoo_intraday,2026-06-10T09:10:05.132145+00:00
2026-06-03T10:00:00+00:00,2026-06-03T19:00:00+09:00,2026-06-03,19:00,KRW=X,USD/KRW,fx,fx_krw,1527.329956,1531.280029,1524.280029,1526.609985,0.0,KRW,yahoo_intraday,2026-06-10T09:10:05.132145+00:00
2026-06-03T11:00:00+00:00,2026-06-03T20:00:00+09:00,2026-06-03,20:00,KRW=X,USD/KRW,fx,fx_krw,1525.189941,1531.339966,1523.26001,1525.780029,0.0,KRW,yahoo_intraday,2026-06-10T09:10:05.132145+00:00
2026-06-03T12:00:00+00:00,2026-06-03T21:00:00+09:00,2026-06-03,21:00,KRW=X,USD/KRW,fx,fx_krw,1525.780029,1530.680054,1523.589966,1525.790039,0.0,KRW,yahoo_intraday,2026-06-10T09:10:05.132145+00:00
2026-06-03T13:00:00+00:00,2026-06-03T22:00:00+09:00,2026-06-03,22:00,KRW=X,USD/KRW,fx,fx_krw,1527.170044,1530.869995,1524.219971,1526.890015,0.0,KRW,yahoo_intraday,2026-06-10T09:10:05.132145+00:00
2026-06-03T14:00:00+00:00,2026-06-03T23:00:00+09:00,2026-06-03,23:00,KRW=X,USD/KRW,fx,fx_krw,1526.890015,1530.199951,1524.619995,1527.140015,0.0,KRW,yahoo_intraday,2026-06-10T09:10:05.132145+00:00
2026-06-03T15:00:00+00:00,2026-06-04T00:00:00+09:00,2026-06-04,00:00,KRW=X,USD/KRW,fx,fx_krw,1527.030029,1530.689941,1525.310059,1527.449951,0.0,KRW,yahoo_intraday,2026-06-10T09:10:05.132145+00:00
2026-06-03T16:00:00+00:00,2026-06-04T01:00:00+09:00,2026-06-04,01:00,KRW=X,USD/KRW,fx,fx_krw,1527.619995,1529.810059,1524.609985,1527.959961,0.0,KRW,yahoo_intraday,2026-06-10T09:10:05.132145+00:00
2026-06-03T17:00:00+00:00,2026-06-04T02:00:00+09:00,2026-06-04,02:00,KRW=X,USD/KRW,fx,fx_krw,1527.959961,1530.869995,1524.959961,1529.300049,0.0,KRW,yahoo_intraday,2026-06-10T09:10:05.132145+00:00
2026-06-03T18:00:00+00:00,2026-06-04T03:00:00+09:00,2026-06-04,03:00,KRW=X,USD/KRW,fx,fx_krw,1529.199951,1530.939941,1523.52002,1530.01001,0.0,KRW,yahoo_intraday,2026-06-10T09:10:05.132145+00:00
2026-06-03T19:00:00+00:00,2026-06-04T04:00:00+09:00,2026-06-04,04:00,KRW=X,USD/KRW,fx,fx_krw,1529.420044,1536.380005,1524.439941,1533.97998,0.0,KRW,yahoo_intraday,2026-06-10T09:10:05.132145+00:00
2026-06-03T20:00:00+00:00,2026-06-04T05:00:00+09:00,2026-06-04,05:00,KRW=X,USD/KRW,fx,fx_krw,1534.030029,1535.390015,1533.829956,1534.709961,0.0,KRW,yahoo_intraday,2026-06-10T09:10:05.132145+00:00
2026-06-03T21:00:00+00:00,2026-06-04T06:00:00+09:00,2026-06-04,06:00,KRW=X,USD/KRW,fx,fx_krw,1534.599976,1534.609985,1529.709961,1531.719971,0.0,KRW,yahoo_intraday,2026-06-10T09:10:05.132145+00:00
2026-06-03T22:00:00+00:00,2026-06-04T07:00:00+09:00,2026-06-04,07:00,KRW=X,USD/KRW,fx,fx_krw,1531.439941,1532.650024,1529.180054,1532.180054,0.0,KRW,yahoo_intraday,2026-06-10T09:10:05.132145+00:00
2026-06-03T23:00:00+00:00,2026-06-04T08:00:00+09:00,2026-06-04,08:00,KRW=X,USD/KRW,fx,fx_krw,1532.180054,1532.180054,1532.180054,1532.180054,0.0,KRW,yahoo_intraday,2026-06-10T09:10:05.132145+00:00
2026-06-04T00:00:00+00:00,2026-06-04T09:00:00+09:00,2026-06-04,09:00,KRW=X,USD/KRW,fx,fx_krw,1530.680054,1530.680054,1521.280029,1528.48999,0.0,KRW,yahoo_intraday,2026-06-10T09:10:05.132145+00:00
2026-06-04T01:00:00+00:00,2026-06-04T10:00:00+09:00,2026-06-04,10:00,KRW=X,USD/KRW,fx,fx_krw,1528.280029,1530.280029,1527.47998,1530.079956,0.0,KRW,yahoo_intraday,2026-06-10T09:10:05.132145+00:00
2026-06-04T02:00:00+00:00,2026-06-04T11:00:00+09:00,2026-06-04,11:00,KRW=X,USD/KRW,fx,fx_krw,1530.079956,1530.079956,1525.47998,1528.579956,0.0,KRW,yahoo_intraday,2026-06-10T09:10:05.132145+00:00
2026-06-04T03:00:00+00:00,2026-06-04T12:00:00+09:00,2026-06-04,12:00,KRW=X,USD/KRW,fx,fx_krw,1528.079956,1530.02002,1527.380005,1529.709961,0.0,KRW,yahoo_intraday,2026-06-10T09:10:05.132145+00:00
2026-06-04T04:00:00+00:00,2026-06-04T13:00:00+09:00,2026-06-04,13:00,KRW=X,USD/KRW,fx,fx_krw,1529.709961,1530.26001,1527.380005,1529.380005,0.0,KRW,yahoo_intraday,2026-06-10T09:10:05.132145+00:00
2026-06-04T05:00:00+00:00,2026-06-04T14:00:00+09:00,2026-06-04,14:00,KRW=X,USD/KRW,fx,fx_krw,1529.380005,1529.949951,1528.280029,1529.609985,0.0,KRW,yahoo_intraday,2026-06-10T09:10:05.132145+00:00
2026-06-04T06:00:00+00:00,2026-06-04T15:00:00+09:00,2026-06-04,15:00,KRW=X,USD/KRW,fx,fx_krw,1529.380005,1531.869995,1528.47998,1531.869995,0.0,KRW,yahoo_intraday,2026-06-10T09:10:05.132145+00:00
2026-06-04T07:00:00+00:00,2026-06-04T16:00:00+09:00,2026-06-04,16:00,KRW=X,USD/KRW,fx,fx_krw,1531.869995,1538.939941,1530.680054,1538.849976,0.0,KRW,yahoo_intraday,2026-06-10T09:10:05.132145+00:00
2026-06-04T08:00:00+00:00,2026-06-04T17:00:00+09:00,2026-06-04,17:00,KRW=X,USD/KRW,fx,fx_krw,1538.849976,1540.23999,1537.380005,1538.079956,0.0,KRW,yahoo_intraday,2026-06-10T09:10:05.132145+00:00
2026-06-04T09:00:00+00:00,2026-06-04T18:00:00+09:00,2026-06-04,18:00,KRW=X,USD/KRW,fx,fx_krw,1537.880005,1537.880005,1533.380005,1535.780029,0.0,KRW,yahoo_intraday,2026-06-10T09:10:05.132145+00:00
2026-06-04T10:00:00+00:00,2026-06-04T19:00:00+09:00,2026-06-04,19:00,KRW=X,USD/KRW,fx,fx_krw,1535.680054,1535.780029,1533.280029,1533.880005,0.0,KRW,yahoo_intraday,2026-06-10T09:10:05.132145+00:00
2026-06-04T11:00:00+00:00,2026-06-04T20:00:00+09:00,2026-06-04,20:00,KRW=X,USD/KRW,fx,fx_krw,1533.97998,1534.150024,1530.280029,1531.969971,0.0,KRW,yahoo_intraday,2026-06-10T09:10:05.132145+00:00
2026-06-04T12:00:00+00:00,2026-06-04T21:00:00+09:00,2026-06-04,21:00,KRW=X,USD/KRW,fx,fx_krw,1532.0,1533.47998,1530.280029,1532.97998,0.0,KRW,yahoo_intraday,2026-06-10T09:10:05.132145+00:00
2026-06-04T13:00:00+00:00,2026-06-04T22:00:00+09:00,2026-06-04,22:00,KRW=X,USD/KRW,fx,fx_krw,1532.780029,1534.079956,1530.380005,1531.459961,0.0,KRW,yahoo_intraday,2026-06-10T09:10:05.132145+00:00
2026-06-04T14:00:00+00:00,2026-06-04T23:00:00+09:00,2026-06-04,23:00,KRW=X,USD/KRW,fx,fx_krw,1531.650024,1532.780029,1530.680054,1531.48999,0.0,KRW,yahoo_intraday,2026-06-10T09:10:05.132145+00:00
2026-06-04T15:00:00+00:00,2026-06-05T00:00:00+09:00,2026-06-05,00:00,KRW=X,USD/KRW,fx,fx_krw,1530.97998,1532.280029,1530.680054,1531.77002,0.0,KRW,yahoo_intraday,2026-06-10T09:10:05.132145+00:00
2026-06-04T16:00:00+00:00,2026-06-05T01:00:00+09:00,2026-06-05,01:00,KRW=X,USD/KRW,fx,fx_krw,1531.400024,1532.390015,1530.280029,1531.77002,0.0,KRW,yahoo_intraday,2026-06-10T09:10:05.132145+00:00
2026-06-04T17:00:00+00:00,2026-06-05T02:00:00+09:00,2026-06-05,02:00,KRW=X,USD/KRW,fx,fx_krw,1531.77002,1532.76001,1531.680054,1532.540039,0.0,KRW,yahoo_intraday,2026-06-10T09:10:05.132145+00:00
2026-06-04T18:00:00+00:00,2026-06-05T03:00:00+09:00,2026-06-05,03:00,KRW=X,USD/KRW,fx,fx_krw,1531.76001,1533.609985,1531.670044,1531.810059,0.0,KRW,yahoo_intraday,2026-06-10T09:10:05.132145+00:00
2026-06-04T19:00:00+00:00,2026-06-05T04:00:00+09:00,2026-06-05,04:00,KRW=X,USD/KRW,fx,fx_krw,1531.910034,1533.290039,1531.719971,1532.01001,0.0,KRW,yahoo_intraday,2026-06-10T09:10:05.132145+00:00
2026-06-04T20:00:00+00:00,2026-06-05T05:00:00+09:00,2026-06-05,05:00,KRW=X,USD/KRW,fx,fx_krw,1532.089966,1533.369995,1531.76001,1531.859985,0.0,KRW,yahoo_intraday,2026-06-10T09:10:05.132145+00:00
2026-06-04T21:00:00+00:00,2026-06-05T06:00:00+09:00,2026-06-05,06:00,KRW=X,USD/KRW,fx,fx_krw,1532.329956,1533.540039,1532.01001,1532.790039,0.0,KRW,yahoo_intraday,2026-06-10T09:10:05.132145+00:00
2026-06-04T22:00:00+00:00,2026-06-05T07:00:00+09:00,2026-06-05,07:00,KRW=X,USD/KRW,fx,fx_krw,1532.859985,1533.390015,1532.040039,1532.599976,0.0,KRW,yahoo_intraday,2026-06-10T09:10:05.132145+00:00
2026-06-04T23:00:00+00:00,2026-06-05T08:00:00+09:00,2026-06-05,08:00,KRW=X,USD/KRW,fx,fx_krw,1532.599976,1532.599976,1532.599976,1532.599976,0.0,KRW,yahoo_intraday,2026-06-10T09:10:05.132145+00:00
2026-06-05T00:00:00+00:00,2026-06-05T09:00:00+09:00,2026-06-05,09:00,KRW=X,USD/KRW,fx,fx_krw,1532.449951,1541.339966,1531.680054,1540.619995,0.0,KRW,yahoo_intraday,2026-06-10T09:10:05.132145+00:00
2026-06-05T01:00:00+00:00,2026-06-05T10:00:00+09:00,2026-06-05,10:00,KRW=X,USD/KRW,fx,fx_krw,1540.380005,1549.319946,1539.780029,1547.97998,0.0,KRW,yahoo_intraday,2026-06-10T09:10:05.132145+00:00
2026-06-05T02:00:00+00:00,2026-06-05T11:00:00+09:00,2026-06-05,11:00,KRW=X,USD/KRW,fx,fx_krw,1547.880005,1548.48999,1541.47998,1544.780029,0.0,KRW,yahoo_intraday,2026-06-10T09:10:05.132145+00:00
2026-06-05T03:00:00+00:00,2026-06-05T12:00:00+09:00,2026-06-05,12:00,KRW=X,USD/KRW,fx,fx_krw,1545.180054,1546.099976,1543.280029,1545.150024,0.0,KRW,yahoo_intraday,2026-06-10T09:10:05.132145+00:00
2026-06-05T04:00:00+00:00,2026-06-05T13:00:00+09:00,2026-06-05,13:00,KRW=X,USD/KRW,fx,fx_krw,1544.859985,1545.5,1541.079956,1542.47998,0.0,KRW,yahoo_intraday,2026-06-10T09:10:05.132145+00:00
2026-06-05T05:00:00+00:00,2026-06-05T14:00:00+09:00,2026-06-05,14:00,KRW=X,USD/KRW,fx,fx_krw,1542.47998,1543.329956,1539.380005,1542.579956,0.0,KRW,yahoo_intraday,2026-06-10T09:10:05.132145+00:00
2026-06-05T06:00:00+00:00,2026-06-05T15:00:00+09:00,2026-06-05,15:00,KRW=X,USD/KRW,fx,fx_krw,1542.579956,1544.780029,1537.680054,1539.680054,0.0,KRW,yahoo_intraday,2026-06-10T09:10:05.132145+00:00
2026-06-05T07:00:00+00:00,2026-06-05T16:00:00+09:00,2026-06-05,16:00,KRW=X,USD/KRW,fx,fx_krw,1539.920044,1542.400024,1535.780029,1540.51001,0.0,KRW,yahoo_intraday,2026-06-10T09:10:05.132145+00:00
2026-06-05T08:00:00+00:00,2026-06-05T17:00:00+09:00,2026-06-05,17:00,KRW=X,USD/KRW,fx,fx_krw,1540.579956,1541.280029,1537.97998,1539.380005,0.0,KRW,yahoo_intraday,2026-06-10T09:10:05.132145+00:00
2026-06-05T09:00:00+00:00,2026-06-05T18:00:00+09:00,2026-06-05,18:00,KRW=X,USD/KRW,fx,fx_krw,1539.380005,1539.880005,1534.280029,1537.180054,0.0,KRW,yahoo_intraday,2026-06-10T09:10:05.132145+00:00
2026-06-05T10:00:00+00:00,2026-06-05T19:00:00+09:00,2026-06-05,19:00,KRW=X,USD/KRW,fx,fx_krw,1537.22998,1538.380005,1536.280029,1537.880005,0.0,KRW,yahoo_intraday,2026-06-10T09:10:05.132145+00:00
2026-06-05T11:00:00+00:00,2026-06-05T20:00:00+09:00,2026-06-05,20:00,KRW=X,USD/KRW,fx,fx_krw,1537.47998,1542.380005,1536.97998,1541.839966,0.0,KRW,yahoo_intraday,2026-06-10T09:10:05.132145+00:00
2026-06-05T12:00:00+00:00,2026-06-05T21:00:00+09:00,2026-06-05,21:00,KRW=X,USD/KRW,fx,fx_krw,1541.859985,1550.97998,1539.380005,1550.380005,0.0,KRW,yahoo_intraday,2026-06-10T09:10:05.132145+00:00
2026-06-05T13:00:00+00:00,2026-06-05T22:00:00+09:00,2026-06-05,22:00,KRW=X,USD/KRW,fx,fx_krw,1550.180054,1555.680054,1549.280029,1553.560059,0.0,KRW,yahoo_intraday,2026-06-10T09:10:05.132145+00:00
2026-06-05T14:00:00+00:00,2026-06-05T23:00:00+09:00,2026-06-05,23:00,KRW=X,USD/KRW,fx,fx_krw,1553.650024,1556.02002,1550.280029,1553.280029,0.0,KRW,yahoo_intraday,2026-06-10T09:10:05.132145+00:00
2026-06-05T15:00:00+00:00,2026-06-06T00:00:00+09:00,2026-06-06,00:00,KRW=X,USD/KRW,fx,fx_krw,1553.280029,1555.930054,1550.280029,1555.930054,0.0,KRW,yahoo_intraday,2026-06-10T09:10:05.132145+00:00
2026-06-05T16:00:00+00:00,2026-06-06T01:00:00+09:00,2026-06-06,01:00,KRW=X,USD/KRW,fx,fx_krw,1555.880005,1561.47998,1554.880005,1557.660034,0.0,KRW,yahoo_intraday,2026-06-10T09:10:05.132145+00:00
2026-06-05T17:00:00+00:00,2026-06-06T02:00:00+09:00,2026-06-06,02:00,KRW=X,USD/KRW,fx,fx_krw,1557.76001,1559.310059,1557.170044,1558.290039,0.0,KRW,yahoo_intraday,2026-06-10T09:10:05.132145+00:00
2026-06-05T18:00:00+00:00,2026-06-06T03:00:00+09:00,2026-06-06,03:00,KRW=X,USD/KRW,fx,fx_krw,1558.47998,1560.410034,1558.0,1559.420044,0.0,KRW,yahoo_intraday,2026-06-10T09:10:05.132145+00:00
2026-06-05T19:00:00+00:00,2026-06-06T04:00:00+09:00,2026-06-06,04:00,KRW=X,USD/KRW,fx,fx_krw,1558.76001,1560.150024,1557.469971,1558.890015,0.0,KRW,yahoo_intraday,2026-06-10T09:10:05.132145+00:00
2026-06-05T20:00:00+00:00,2026-06-06T05:00:00+09:00,2026-06-06,05:00,KRW=X,USD/KRW,fx,fx_krw,1559.0,1560.0,1558.300049,1558.839966,0.0,KRW,yahoo_intraday,2026-06-10T09:10:05.132145+00:00
2026-06-05T21:00:00+00:00,2026-06-06T06:00:00+09:00,2026-06-06,06:00,KRW=X,USD/KRW,fx,fx_krw,1558.839966,1558.839966,1558.839966,1558.839966,0.0,KRW,yahoo_intraday,2026-06-10T09:10:05.132145+00:00
2026-06-05T22:00:00+00:00,2026-06-06T07:00:00+09:00,2026-06-06,07:00,KRW=X,USD/KRW,fx,fx_krw,1558.839966,1558.839966,1558.839966,1558.839966,0.0,KRW,yahoo_intraday,2026-06-10T09:10:05.132145+00:00
2026-06-08T00:00:00+00:00,2026-06-08T09:00:00+09:00,2026-06-08,09:00,KRW=X,USD/KRW,fx,fx_krw,1559.439941,1559.439941,1546.880005,1548.280029,0.0,KRW,yahoo_intraday,2026-06-10T09:10:05.132145+00:00
2026-06-08T01:00:00+00:00,2026-06-08T10:00:00+09:00,2026-06-08,10:00,KRW=X,USD/KRW,fx,fx_krw,1548.380005,1550.890015,1545.780029,1548.97998,0.0,KRW,yahoo_intraday,2026-06-10T09:10:05.132145+00:00
2026-06-08T02:00:00+00:00,2026-06-08T11:00:00+09:00,2026-06-08,11:00,KRW=X,USD/KRW,fx,fx_krw,1548.880005,1553.569946,1545.180054,1548.920044,0.0,KRW,yahoo_intraday,2026-06-10T09:10:05.132145+00:00
2026-06-08T03:00:00+00:00,2026-06-08T12:00:00+09:00,2026-06-08,12:00,KRW=X,USD/KRW,fx,fx_krw,1547.810059,1549.619995,1546.780029,1548.97998,0.0,KRW,yahoo_intraday,2026-06-10T09:10:05.132145+00:00
2026-06-08T04:00:00+00:00,2026-06-08T13:00:00+09:00,2026-06-08,13:00,KRW=X,USD/KRW,fx,fx_krw,1548.880005,1549.630005,1544.97998,1548.880005,0.0,KRW,yahoo_intraday,2026-06-10T09:10:05.132145+00:00
2026-06-08T05:00:00+00:00,2026-06-08T14:00:00+09:00,2026-06-08,14:00,KRW=X,USD/KRW,fx,fx_krw,1548.880005,1549.380005,1535.780029,1541.719971,0.0,KRW,yahoo_intraday,2026-06-10T09:10:05.132145+00:00
2026-06-08T06:00:00+00:00,2026-06-08T15:00:00+09:00,2026-06-08,15:00,KRW=X,USD/KRW,fx,fx_krw,1541.709961,1542.579956,1532.660034,1533.170044,0.0,KRW,yahoo_intraday,2026-06-10T09:10:05.132145+00:00
2026-06-08T07:00:00+00:00,2026-06-08T16:00:00+09:00,2026-06-08,16:00,KRW=X,USD/KRW,fx,fx_krw,1533.170044,1533.469971,1530.589966,1531.300049,0.0,KRW,yahoo_intraday,2026-06-10T09:10:05.132145+00:00
2026-06-08T08:00:00+00:00,2026-06-08T17:00:00+09:00,2026-06-08,17:00,KRW=X,USD/KRW,fx,fx_krw,1531.300049,1532.920044,1530.329956,1532.75,0.0,KRW,yahoo_intraday,2026-06-10T09:10:05.132145+00:00
2026-06-08T09:00:00+00:00,2026-06-08T18:00:00+09:00,2026-06-08,18:00,KRW=X,USD/KRW,fx,fx_krw,1532.829956,1535.390015,1530.459961,1533.109985,0.0,KRW,yahoo_intraday,2026-06-10T09:10:05.132145+00:00
2026-06-08T10:00:00+00:00,2026-06-08T19:00:00+09:00,2026-06-08,19:00,KRW=X,USD/KRW,fx,fx_krw,1533.109985,1534.880005,1531.319946,1531.589966,0.0,KRW,yahoo_intraday,2026-06-10T09:10:05.132145+00:00
2026-06-08T11:00:00+00:00,2026-06-08T20:00:00+09:00,2026-06-08,20:00,KRW=X,USD/KRW,fx,fx_krw,1534.040039,1534.680054,1525.280029,1527.890015,0.0,KRW,yahoo_intraday,2026-06-10T09:10:05.132145+00:00
2026-06-08T12:00:00+00:00,2026-06-08T21:00:00+09:00,2026-06-08,21:00,KRW=X,USD/KRW,fx,fx_krw,1527.930054,1528.27002,1525.280029,1526.52002,0.0,KRW,yahoo_intraday,2026-06-10T09:10:05.132145+00:00
2026-06-08T13:00:00+00:00,2026-06-08T22:00:00+09:00,2026-06-08,22:00,KRW=X,USD/KRW,fx,fx_krw,1527.079956,1528.390015,1524.630005,1527.290039,0.0,KRW,yahoo_intraday,2026-06-10T09:10:05.132145+00:00
2026-06-08T14:00:00+00:00,2026-06-08T23:00:00+09:00,2026-06-08,23:00,KRW=X,USD/KRW,fx,fx_krw,1527.300049,1529.280029,1525.469971,1527.199951,0.0,KRW,yahoo_intraday,2026-06-10T09:10:05.132145+00:00
2026-06-08T15:00:00+00:00,2026-06-09T00:00:00+09:00,2026-06-09,00:00,KRW=X,USD/KRW,fx,fx_krw,1527.099976,1528.98999,1525.880005,1527.0,0.0,KRW,yahoo_intraday,2026-06-10T09:10:05.132145+00:00
2026-06-08T16:00:00+00:00,2026-06-09T01:00:00+09:00,2026-06-09,01:00,KRW=X,USD/KRW,fx,fx_krw,1527.0,1527.27002,1525.079956,1526.26001,0.0,KRW,yahoo_intraday,2026-06-10T09:10:05.132145+00:00
2026-06-08T17:00:00+00:00,2026-06-09T02:00:00+09:00,2026-06-09,02:00,KRW=X,USD/KRW,fx,fx_krw,1526.23999,1527.050049,1525.310059,1526.050049,0.0,KRW,yahoo_intraday,2026-06-10T09:10:05.132145+00:00
2026-06-08T18:00:00+00:00,2026-06-09T03:00:00+09:00,2026-06-09,03:00,KRW=X,USD/KRW,fx,fx_krw,1526.050049,1526.689941,1525.619995,1526.369995,0.0,KRW,yahoo_intraday,2026-06-10T09:10:05.132145+00:00
2026-06-08T19:00:00+00:00,2026-06-09T04:00:00+09:00,2026-06-09,04:00,KRW=X,USD/KRW,fx,fx_krw,1526.349976,1527.869995,1525.969971,1526.469971,0.0,KRW,yahoo_intraday,2026-06-10T09:10:05.132145+00:00
2026-06-08T20:00:00+00:00,2026-06-09T05:00:00+09:00,2026-06-09,05:00,KRW=X,USD/KRW,fx,fx_krw,1527.349976,1527.589966,1525.939941,1526.359985,0.0,KRW,yahoo_intraday,2026-06-10T09:10:05.132145+00:00
2026-06-08T21:00:00+00:00,2026-06-09T06:00:00+09:00,2026-06-09,06:00,KRW=X,USD/KRW,fx,fx_krw,1526.380005,1527.48999,1526.339966,1526.780029,0.0,KRW,yahoo_intraday,2026-06-10T09:10:05.132145+00:00
2026-06-08T22:00:00+00:00,2026-06-09T07:00:00+09:00,2026-06-09,07:00,KRW=X,USD/KRW,fx,fx_krw,1526.72998,1527.670044,1526.609985,1526.839966,0.0,KRW,yahoo_intraday,2026-06-10T09:10:05.132145+00:00
2026-06-09T00:00:00+00:00,2026-06-09T09:00:00+09:00,2026-06-09,09:00,KRW=X,USD/KRW,fx,fx_krw,1529.079956,1533.02002,1518.780029,1522.48999,0.0,KRW,yahoo_intraday,2026-06-10T09:10:05.132145+00:00
2026-06-09T01:00:00+00:00,2026-06-09T10:00:00+09:00,2026-06-09,10:00,KRW=X,USD/KRW,fx,fx_krw,1521.0,1522.23999,1516.180054,1516.75,0.0,KRW,yahoo_intraday,2026-06-10T09:10:05.132145+00:00
2026-06-09T02:00:00+00:00,2026-06-09T11:00:00+09:00,2026-06-09,11:00,KRW=X,USD/KRW,fx,fx_krw,1516.5,1519.180054,1513.680054,1519.180054,0.0,KRW,yahoo_intraday,2026-06-10T09:10:05.132145+00:00
2026-06-09T03:00:00+00:00,2026-06-09T12:00:00+09:00,2026-06-09,12:00,KRW=X,USD/KRW,fx,fx_krw,1519.060059,1519.719971,1517.680054,1518.920044,0.0,KRW,yahoo_intraday,2026-06-10T09:10:05.132145+00:00
2026-06-09T04:00:00+00:00,2026-06-09T13:00:00+09:00,2026-06-09,13:00,KRW=X,USD/KRW,fx,fx_krw,1519.079956,1519.290039,1515.380005,1516.579956,0.0,KRW,yahoo_intraday,2026-06-10T09:10:05.132145+00:00
2026-06-09T05:00:00+00:00,2026-06-09T14:00:00+09:00,2026-06-09,14:00,KRW=X,USD/KRW,fx,fx_krw,1516.780029,1517.189941,1509.97998,1510.180054,0.0,KRW,yahoo_intraday,2026-06-10T09:10:05.132145+00:00
2026-06-09T06:00:00+00:00,2026-06-09T15:00:00+09:00,2026-06-09,15:00,KRW=X,USD/KRW,fx,fx_krw,1510.280029,1517.060059,1508.97998,1515.650024,0.0,KRW,yahoo_intraday,2026-06-10T09:10:05.132145+00:00
2026-06-09T07:00:00+00:00,2026-06-09T16:00:00+09:00,2026-06-09,16:00,KRW=X,USD/KRW,fx,fx_krw,1515.660034,1520.380005,1515.079956,1520.170044,0.0,KRW,yahoo_intraday,2026-06-10T09:10:05.132145+00:00
2026-06-09T08:00:00+00:00,2026-06-09T17:00:00+09:00,2026-06-09,17:00,KRW=X,USD/KRW,fx,fx_krw,1520.030029,1522.0,1518.079956,1519.939941,0.0,KRW,yahoo_intraday,2026-06-10T09:10:05.132145+00:00
2026-06-09T09:00:00+00:00,2026-06-09T18:00:00+09:00,2026-06-09,18:00,KRW=X,USD/KRW,fx,fx_krw,1519.890015,1521.660034,1518.880005,1521.359985,0.0,KRW,yahoo_intraday,2026-06-10T09:10:05.132145+00:00
2026-06-09T10:00:00+00:00,2026-06-09T19:00:00+09:00,2026-06-09,19:00,KRW=X,USD/KRW,fx,fx_krw,1521.209961,1524.079956,1518.97998,1524.079956,0.0,KRW,yahoo_intraday,2026-06-10T09:10:05.132145+00:00
2026-06-09T11:00:00+00:00,2026-06-09T20:00:00+09:00,2026-06-09,20:00,KRW=X,USD/KRW,fx,fx_krw,1523.880005,1525.640015,1522.920044,1525.27002,0.0,KRW,yahoo_intraday,2026-06-10T09:10:05.132145+00:00
2026-06-09T12:00:00+00:00,2026-06-09T21:00:00+09:00,2026-06-09,21:00,KRW=X,USD/KRW,fx,fx_krw,1525.069946,1527.920044,1523.0,1525.829956,0.0,KRW,yahoo_intraday,2026-06-10T09:10:05.132145+00:00
2026-06-09T13:00:00+00:00,2026-06-09T22:00:00+09:00,2026-06-09,22:00,KRW=X,USD/KRW,fx,fx_krw,1525.599976,1526.630005,1521.880005,1525.280029,0.0,KRW,yahoo_intraday,2026-06-10T09:10:05.132145+00:00
2026-06-09T14:00:00+00:00,2026-06-09T23:00:00+09:00,2026-06-09,23:00,KRW=X,USD/KRW,fx,fx_krw,1525.26001,1526.650024,1522.380005,1525.219971,0.0,KRW,yahoo_intraday,2026-06-10T09:10:05.132145+00:00
2026-06-09T15:00:00+00:00,2026-06-10T00:00:00+09:00,2026-06-10,00:00,KRW=X,USD/KRW,fx,fx_krw,1525.219971,1530.76001,1524.380005,1529.189941,0.0,KRW,yahoo_intraday,2026-06-10T09:10:05.132145+00:00
2026-06-09T16:00:00+00:00,2026-06-10T01:00:00+09:00,2026-06-10,01:00,KRW=X,USD/KRW,fx,fx_krw,1529.180054,1533.640015,1525.390015,1530.670044,0.0,KRW,yahoo_intraday,2026-06-10T09:10:05.132145+00:00
2026-06-09T17:00:00+00:00,2026-06-10T02:00:00+09:00,2026-06-10,02:00,KRW=X,USD/KRW,fx,fx_krw,1530.680054,1530.680054,1526.329956,1527.560059,0.0,KRW,yahoo_intraday,2026-06-10T09:10:05.132145+00:00
2026-06-09T18:00:00+00:00,2026-06-10T03:00:00+09:00,2026-06-10,03:00,KRW=X,USD/KRW,fx,fx_krw,1527.589966,1528.209961,1524.689941,1525.030029,0.0,KRW,yahoo_intraday,2026-06-10T09:10:05.132145+00:00
2026-06-09T19:00:00+00:00,2026-06-10T04:00:00+09:00,2026-06-10,04:00,KRW=X,USD/KRW,fx,fx_krw,1525.01001,1527.959961,1524.25,1524.880005,0.0,KRW,yahoo_intraday,2026-06-10T09:10:05.132145+00:00
2026-06-09T20:00:00+00:00,2026-06-10T05:00:00+09:00,2026-06-10,05:00,KRW=X,USD/KRW,fx,fx_krw,1524.880005,1525.01001,1521.069946,1522.209961,0.0,KRW,yahoo_intraday,2026-06-10T09:10:05.132145+00:00
2026-06-09T21:00:00+00:00,2026-06-10T06:00:00+09:00,2026-06-10,06:00,KRW=X,USD/KRW,fx,fx_krw,1522.459961,1526.439941,1522.060059,1524.670044,0.0,KRW,yahoo_intraday,2026-06-10T09:10:05.132145+00:00
2026-06-09T22:00:00+00:00,2026-06-10T07:00:00+09:00,2026-06-10,07:00,KRW=X,USD/KRW,fx,fx_krw,1524.619995,1527.530029,1524.569946,1527.219971,0.0,KRW,yahoo_intraday,2026-06-10T09:10:05.132145+00:00
2026-06-10T00:00:00+00:00,2026-06-10T09:00:00+09:00,2026-06-10,09:00,KRW=X,USD/KRW,fx,fx_krw,1527.400024,1527.400024,1513.680054,1519.380005,0.0,KRW,yahoo_intraday,2026-06-10T09:10:05.132145+00:00
2026-06-10T01:00:00+00:00,2026-06-10T10:00:00+09:00,2026-06-10,10:00,KRW=X,USD/KRW,fx,fx_krw,1519.280029,1524.880005,1516.880005,1524.180054,0.0,KRW,yahoo_intraday,2026-06-10T09:10:05.132145+00:00
2026-06-10T02:00:00+00:00,2026-06-10T11:00:00+09:00,2026-06-10,11:00,KRW=X,USD/KRW,fx,fx_krw,1523.900024,1524.800049,1522.079956,1523.079956,0.0,KRW,yahoo_intraday,2026-06-10T09:10:05.132145+00:00
2026-06-10T03:00:00+00:00,2026-06-10T12:00:00+09:00,2026-06-10,12:00,KRW=X,USD/KRW,fx,fx_krw,1523.380005,1524.26001,1521.300049,1523.47998,0.0,KRW,yahoo_intraday,2026-06-10T09:10:05.132145+00:00
2026-06-10T04:00:00+00:00,2026-06-10T13:00:00+09:00,2026-06-10,13:00,KRW=X,USD/KRW,fx,fx_krw,1523.579956,1525.27002,1522.97998,1524.47998,0.0,KRW,yahoo_intraday,2026-06-10T09:10:05.132145+00:00
2026-06-10T05:00:00+00:00,2026-06-10T14:00:00+09:00,2026-06-10,14:00,KRW=X,USD/KRW,fx,fx_krw,1524.790039,1525.130005,1522.47998,1524.22998,0.0,KRW,yahoo_intraday,2026-06-10T09:10:05.132145+00:00
2026-06-10T06:00:00+00:00,2026-06-10T15:00:00+09:00,2026-06-10,15:00,KRW=X,USD/KRW,fx,fx_krw,1523.780029,1526.469971,1523.280029,1526.329956,0.0,KRW,yahoo_intraday,2026-06-10T09:10:05.132145+00:00
2026-06-10T07:00:00+00:00,2026-06-10T16:00:00+09:00,2026-06-10,16:00,KRW=X,USD/KRW,fx,fx_krw,1526.349976,1528.280029,1525.310059,1525.47998,0.0,KRW,yahoo_intraday,2026-06-10T09:10:05.132145+00:00
2026-06-10T08:00:00+00:00,2026-06-10T17:00:00+09:00,2026-06-10,17:00,KRW=X,USD/KRW,fx,fx_krw,1525.47998,1527.280029,1519.880005,1523.180054,0.0,KRW,yahoo_intraday,2026-06-10T09:10:05.132145+00:00
2026-06-10T09:00:00+00:00,2026-06-10T18:00:00+09:00,2026-06-10,18:00,KRW=X,USD/KRW,fx,fx_krw,1523.199951,1523.880005,1520.280029,1523.430054,0.0,KRW,yahoo_intraday,2026-06-10T09:10:05.132145+00:00
2026-06-10T09:10:03+00:00,2026-06-10T18:10:03+09:00,2026-06-10,18:10,KRW=X,USD/KRW,fx,fx_krw,1523.430054,1523.430054,1523.430054,1523.430054,0.0,KRW,yahoo_intraday,2026-06-10T09:10:05.132145+00:00
2026-06-03T13:30:00+00:00,2026-06-03T22:30:00+09:00,2026-06-03,22:30,QQQ,Nasdaq 100 ETF,us_etf,global_growth,747.344971,748.630005,741.02002,746.549988,12758287.0,USD,yahoo_intraday,2026-06-10T09:10:05.132145+00:00
2026-06-03T14:30:00+00:00,2026-06-03T23:30:00+09:00,2026-06-03,23:30,QQQ,Nasdaq 100 ETF,us_etf,global_growth,746.549988,746.950012,743.940002,745.219971,4461660.0,USD,yahoo_intraday,2026-06-10T09:10:05.132145+00:00
2026-06-03T15:30:00+00:00,2026-06-04T00:30:00+09:00,2026-06-04,00:30,QQQ,Nasdaq 100 ETF,us_etf,global_growth,745.190002,745.799988,741.880005,742.419983,3717004.0,USD,yahoo_intraday,2026-06-10T09:10:05.132145+00:00
2026-06-03T16:30:00+00:00,2026-06-04T01:30:00+09:00,2026-06-04,01:30,QQQ,Nasdaq 100 ETF,us_etf,global_growth,742.320007,743.780029,741.27002,742.921021,2825203.0,USD,yahoo_intraday,2026-06-10T09:10:05.132145+00:00
2026-06-03T17:30:00+00:00,2026-06-04T02:30:00+09:00,2026-06-04,02:30,QQQ,Nasdaq 100 ETF,us_etf,global_growth,742.919983,745.469971,742.219971,745.409973,3498880.0,USD,yahoo_intraday,2026-06-10T09:10:05.132145+00:00
2026-06-03T18:30:00+00:00,2026-06-04T03:30:00+09:00,2026-06-04,03:30,QQQ,Nasdaq 100 ETF,us_etf,global_growth,745.409973,745.52002,743.770508,744.359985,4185849.0,USD,yahoo_intraday,2026-06-10T09:10:05.132145+00:00
2026-06-03T19:30:00+00:00,2026-06-04T04:30:00+09:00,2026-06-04,04:30,QQQ,Nasdaq 100 ETF,us_etf,global_growth,744.344971,745.755005,743.940002,744.254211,4989970.0,USD,yahoo_intraday,2026-06-10T09:10:05.132145+00:00
2026-06-04T13:30:00+00:00,2026-06-04T22:30:00+09:00,2026-06-04,22:30,QQQ,Nasdaq 100 ETF,us_etf,global_growth,735.48999,737.799988,732.630005,737.190002,13080534.0,USD,yahoo_intraday,2026-06-10T09:10:05.132145+00:00
2026-06-04T14:30:00+00:00,2026-06-04T23:30:00+09:00,2026-06-04,23:30,QQQ,Nasdaq 100 ETF,us_etf,global_growth,737.150024,740.27002,735.98877,739.610474,4477327.0,USD,yahoo_intraday,2026-06-10T09:10:05.132145+00:00
2026-06-04T15:30:00+00:00,2026-06-05T00:30:00+09:00,2026-06-05,00:30,QQQ,Nasdaq 100 ETF,us_etf,global_growth,739.630005,740.674988,737.719971,740.549988,3227007.0,USD,yahoo_intraday,2026-06-10T09:10:05.132145+00:00
2026-06-04T16:30:00+00:00,2026-06-05T01:30:00+09:00,2026-06-05,01:30,QQQ,Nasdaq 100 ETF,us_etf,global_growth,740.554993,741.450012,739.5401,741.390015,2837227.0,USD,yahoo_intraday,2026-06-10T09:10:05.132145+00:00
2026-06-04T17:30:00+00:00,2026-06-05T02:30:00+09:00,2026-06-05,02:30,QQQ,Nasdaq 100 ETF,us_etf,global_growth,741.38501,743.429993,741.309998,743.159973,3185907.0,USD,yahoo_intraday,2026-06-10T09:10:05.132145+00:00
2026-06-04T18:30:00+00:00,2026-06-05T03:30:00+09:00,2026-06-05,03:30,QQQ,Nasdaq 100 ETF,us_etf,global_growth,743.13501,743.309998,741.744995,743.281494,3915631.0,USD,yahoo_intraday,2026-06-10T09:10:05.132145+00:00
2026-06-04T19:30:00+00:00,2026-06-05T04:30:00+09:00,2026-06-05,04:30,QQQ,Nasdaq 100 ETF,us_etf,global_growth,743.275024,744.210022,740.390015,740.5,5683974.0,USD,yahoo_intraday,2026-06-10T09:10:05.132145+00:00
2026-06-05T13:30:00+00:00,2026-06-05T22:30:00+09:00,2026-06-05,22:30,QQQ,Nasdaq 100 ETF,us_etf,global_growth,729.926025,731.679993,723.340027,724.9599,17247682.0,USD,yahoo_intraday,2026-06-10T09:10:05.132145+00:00
2026-06-05T14:30:00+00:00,2026-06-05T23:30:00+09:00,2026-06-05,23:30,QQQ,Nasdaq 100 ETF,us_etf,global_growth,724.955017,727.47998,721.76001,722.318176,7951200.0,USD,yahoo_intraday,2026-06-10T09:10:05.132145+00:00
2026-06-05T15:30:00+00:00,2026-06-06T00:30:00+09:00,2026-06-06,00:30,QQQ,Nasdaq 100 ETF,us_etf,global_growth,722.220215,722.849976,717.914978,718.079895,8221046.0,USD,yahoo_intraday,2026-06-10T09:10:05.132145+00:00
2026-06-05T16:30:00+00:00,2026-06-06T01:30:00+09:00,2026-06-06,01:30,QQQ,Nasdaq 100 ETF,us_etf,global_growth,718.075012,718.210022,713.700012,715.650024,12720628.0,USD,yahoo_intraday,2026-06-10T09:10:05.132145+00:00
2026-06-05T17:30:00+00:00,2026-06-06T02:30:00+09:00,2026-06-06,02:30,QQQ,Nasdaq 100 ETF,us_etf,global_growth,715.619995,717.210022,710.309998,710.809998,9929198.0,USD,yahoo_intraday,2026-06-10T09:10:05.132145+00:00
2026-06-05T18:30:00+00:00,2026-06-06T03:30:00+09:00,2026-06-06,03:30,QQQ,Nasdaq 100 ETF,us_etf,global_growth,710.830017,711.140015,704.320007,708.72998,16944559.0,USD,yahoo_intraday,2026-06-10T09:10:05.132145+00:00
2026-06-05T19:30:00+00:00,2026-06-06T04:30:00+09:00,2026-06-06,04:30,QQQ,Nasdaq 100 ETF,us_etf,global_growth,708.72998,709.73999,705.049988,705.210022,16199789.0,USD,yahoo_intraday,2026-06-10T09:10:05.132145+00:00
2026-06-08T13:30:00+00:00,2026-06-08T22:30:00+09:00,2026-06-08,22:30,QQQ,Nasdaq 100 ETF,us_etf,global_growth,717.809998,719.210022,713.099976,717.559998,14321669.0,USD,yahoo_intraday,2026-06-10T09:10:05.132145+00:00
2026-06-08T14:30:00+00:00,2026-06-08T23:30:00+09:00,2026-06-08,23:30,QQQ,Nasdaq 100 ETF,us_etf,global_growth,717.47998,723.027588,717.25,720.252014,7822270.0,USD,yahoo_intraday,2026-06-10T09:10:05.132145+00:00
2026-06-08T15:30:00+00:00,2026-06-09T00:30:00+09:00,2026-06-09,00:30,QQQ,Nasdaq 100 ETF,us_etf,global_growth,720.299072,722.27002,718.580017,719.27002,4292031.0,USD,yahoo_intraday,2026-06-10T09:10:05.132145+00:00
2026-06-08T16:30:00+00:00,2026-06-09T01:30:00+09:00,2026-06-09,01:30,QQQ,Nasdaq 100 ETF,us_etf,global_growth,719.27002,720.349915,716.799988,719.679871,3584593.0,USD,yahoo_intraday,2026-06-10T09:10:05.132145+00:00
2026-06-08T17:30:00+00:00,2026-06-09T02:30:00+09:00,2026-06-09,02:30,QQQ,Nasdaq 100 ETF,us_etf,global_growth,719.590027,720.140015,717.419983,719.340088,3934354.0,USD,yahoo_intraday,2026-06-10T09:10:05.132145+00:00
2026-06-08T18:30:00+00:00,2026-06-09T03:30:00+09:00,2026-06-09,03:30,QQQ,Nasdaq 100 ETF,us_etf,global_growth,719.350098,720.005005,714.22998,715.650024,5562166.0,USD,yahoo_intraday,2026-06-10T09:10:05.132145+00:00
2026-06-08T19:30:00+00:00,2026-06-09T04:30:00+09:00,2026-06-09,04:30,QQQ,Nasdaq 100 ETF,us_etf,global_growth,715.664978,717.059998,715.210022,716.099976,4500910.0,USD,yahoo_intraday,2026-06-10T09:10:05.132145+00:00
2026-06-09T13:30:00+00:00,2026-06-09T22:30:00+09:00,2026-06-09,22:30,QQQ,Nasdaq 100 ETF,us_etf,global_growth,722.969971,725.659973,714.01001,715.950012,13389388.0,USD,yahoo_intraday,2026-06-10T09:10:05.132145+00:00
2026-06-09T14:30:00+00:00,2026-06-09T23:30:00+09:00,2026-06-09,23:30,QQQ,Nasdaq 100 ETF,us_etf,global_growth,715.929993,716.969971,701.5,701.72998,11744452.0,USD,yahoo_intraday,2026-06-10T09:10:05.132145+00:00
2026-06-09T15:30:00+00:00,2026-06-10T00:30:00+09:00,2026-06-10,00:30,QQQ,Nasdaq 100 ETF,us_etf,global_growth,701.76001,704.405029,690.640015,693.575012,17262557.0,USD,yahoo_intraday,2026-06-10T09:10:05.132145+00:00
2026-06-09T16:30:00+00:00,2026-06-10T01:30:00+09:00,2026-06-10,01:30,QQQ,Nasdaq 100 ETF,us_etf,global_growth,693.5,700.0,686.369995,698.955017,17687362.0,USD,yahoo_intraday,2026-06-10T09:10:05.132145+00:00
2026-06-09T17:30:00+00:00,2026-06-10T02:30:00+09:00,2026-06-10,02:30,QQQ,Nasdaq 100 ETF,us_etf,global_growth,698.929993,704.61499,698.039978,704.469971,9266462.0,USD,yahoo_intraday,2026-06-10T09:10:05.132145+00:00
2026-06-09T18:30:00+00:00,2026-06-10T03:30:00+09:00,2026-06-10,03:30,QQQ,Nasdaq 100 ETF,us_etf,global_growth,704.469971,708.599976,701.179993,703.969971,9534246.0,USD,yahoo_intraday,2026-06-10T09:10:05.132145+00:00
2026-06-09T19:30:00+00:00,2026-06-10T04:30:00+09:00,2026-06-10,04:30,QQQ,Nasdaq 100 ETF,us_etf,global_growth,703.950012,708.280029,701.440002,707.960022,7402563.0,USD,yahoo_intraday,2026-06-10T09:10:05.132145+00:00
2026-06-09T20:00:00+00:00,2026-06-10T05:00:00+09:00,2026-06-10,05:00,QQQ,Nasdaq 100 ETF,us_etf,global_growth,707.830017,707.830017,707.830017,707.830017,0.0,USD,yahoo_intraday,2026-06-10T09:10:05.132145+00:00
2026-06-03T13:30:00+00:00,2026-06-03T22:30:00+09:00,2026-06-03,22:30,SOXX,US Semiconductor ETF,us_etf,global_semiconductor,616.244995,618.840027,598.01001,617.280029,3200061.0,USD,yahoo_intraday,2026-06-10T09:10:05.132145+00:00
2026-06-03T14:30:00+00:00,2026-06-03T23:30:00+09:00,2026-06-03,23:30,SOXX,US Semiconductor ETF,us_etf,global_semiconductor,617.049988,617.51001,610.940002,613.755005,933337.0,USD,yahoo_intraday,2026-06-10T09:10:05.132145+00:00
2026-06-03T15:30:00+00:00,2026-06-04T00:30:00+09:00,2026-06-04,00:30,SOXX,US Semiconductor ETF,us_etf,global_semiconductor,613.669983,615.784973,609.400024,611.484985,716876.0,USD,yahoo_intraday,2026-06-10T09:10:05.132145+00:00
2026-06-03T16:30:00+00:00,2026-06-04T01:30:00+09:00,2026-06-04,01:30,SOXX,US Semiconductor ETF,us_etf,global_semiconductor,611.534973,614.169983,609.361023,613.400024,468493.0,USD,yahoo_intraday,2026-06-10T09:10:05.132145+00:00
2026-06-03T17:30:00+00:00,2026-06-04T02:30:00+09:00,2026-06-04,02:30,SOXX,US Semiconductor ETF,us_etf,global_semiconductor,613.380005,618.5,612.179993,618.289978,708651.0,USD,yahoo_intraday,2026-06-10T09:10:05.132145+00:00
2026-06-03T18:30:00+00:00,2026-06-04T03:30:00+09:00,2026-06-04,03:30,SOXX,US Semiconductor ETF,us_etf,global_semiconductor,618.440002,618.52002,613.130005,614.484985,534771.0,USD,yahoo_intraday,2026-06-10T09:10:05.132145+00:00
2026-06-03T19:30:00+00:00,2026-06-04T04:30:00+09:00,2026-06-04,04:30,SOXX,US Semiconductor ETF,us_etf,global_semiconductor,614.5,618.140015,613.880005,615.580017,1237223.0,USD,yahoo_intraday,2026-06-10T09:10:05.132145+00:00
2026-06-04T13:30:00+00:00,2026-06-04T22:30:00+09:00,2026-06-04,22:30,SOXX,US Semiconductor ETF,us_etf,global_semiconductor,587.310974,593.030029,577.539978,592.25,5424031.0,USD,yahoo_intraday,2026-06-10T09:10:05.132145+00:00
2026-06-04T14:30:00+00:00,2026-06-04T23:30:00+09:00,2026-06-04,23:30,SOXX,US Semiconductor ETF,us_etf,global_semiconductor,592.27002,601.155029,587.849976,598.309998,1471041.0,USD,yahoo_intraday,2026-06-10T09:10:05.132145+00:00
2026-06-04T15:30:00+00:00,2026-06-05T00:30:00+09:00,2026-06-05,00:30,SOXX,US Semiconductor ETF,us_etf,global_semiconductor,598.150024,602.155029,593.289978,602.099915,795103.0,USD,yahoo_intraday,2026-06-10T09:10:05.132145+00:00
2026-06-04T16:30:00+00:00,2026-06-05T01:30:00+09:00,2026-06-05,01:30,SOXX,US Semiconductor ETF,us_etf,global_semiconductor,602.099976,604.450012,599.130005,604.090027,559583.0,USD,yahoo_intraday,2026-06-10T09:10:05.132145+00:00
2026-06-04T17:30:00+00:00,2026-06-05T02:30:00+09:00,2026-06-05,02:30,SOXX,US Semiconductor ETF,us_etf,global_semiconductor,604.090027,611.26001,603.940002,609.059998,678848.0,USD,yahoo_intraday,2026-06-10T09:10:05.132145+00:00
2026-06-04T18:30:00+00:00,2026-06-05T03:30:00+09:00,2026-06-05,03:30,SOXX,US Semiconductor ETF,us_etf,global_semiconductor,608.64502,609.0,602.659973,608.809998,717635.0,USD,yahoo_intraday,2026-06-10T09:10:05.132145+00:00
2026-06-04T19:30:00+00:00,2026-06-05T04:30:00+09:00,2026-06-05,04:30,SOXX,US Semiconductor ETF,us_etf,global_semiconductor,608.789978,615.679993,602.109985,602.580017,995482.0,USD,yahoo_intraday,2026-06-10T09:10:05.132145+00:00
2026-06-05T13:30:00+00:00,2026-06-05T22:30:00+09:00,2026-06-05,22:30,SOXX,US Semiconductor ETF,us_etf,global_semiconductor,578.049988,580.5,564.195007,570.200012,5366781.0,USD,yahoo_intraday,2026-06-10T09:10:05.132145+00:00
2026-06-05T14:30:00+00:00,2026-06-05T23:30:00+09:00,2026-06-05,23:30,SOXX,US Semiconductor ETF,us_etf,global_semiconductor,570.26001,576.97998,564.76001,566.309998,1868706.0,USD,yahoo_intraday,2026-06-10T09:10:05.132145+00:00
2026-06-05T15:30:00+00:00,2026-06-06T00:30:00+09:00,2026-06-06,00:30,SOXX,US Semiconductor ETF,us_etf,global_semiconductor,566.130005,567.820007,558.549988,559.080017,1968299.0,USD,yahoo_intraday,2026-06-10T09:10:05.132145+00:00
2026-06-05T16:30:00+00:00,2026-06-06T01:30:00+09:00,2026-06-06,01:30,SOXX,US Semiconductor ETF,us_etf,global_semiconductor,559.169983,559.369995,551.719971,556.27002,2774774.0,USD,yahoo_intraday,2026-06-10T09:10:05.132145+00:00
2026-06-05T17:30:00+00:00,2026-06-06T02:30:00+09:00,2026-06-06,02:30,SOXX,US Semiconductor ETF,us_etf,global_semiconductor,556.190002,559.684998,548.670105,549.630005,2379964.0,USD,yahoo_intraday,2026-06-10T09:10:05.132145+00:00
2026-06-05T18:30:00+00:00,2026-06-06T03:30:00+09:00,2026-06-06,03:30,SOXX,US Semiconductor ETF,us_etf,global_semiconductor,549.719971,551.809998,541.630005,550.085022,3710852.0,USD,yahoo_intraday,2026-06-10T09:10:05.132145+00:00
2026-06-05T19:30:00+00:00,2026-06-06T04:30:00+09:00,2026-06-06,04:30,SOXX,US Semiconductor ETF,us_etf,global_semiconductor,550.169983,551.789978,539.570007,539.679993,3524835.0,USD,yahoo_intraday,2026-06-10T09:10:05.132145+00:00
2026-06-08T13:30:00+00:00,2026-06-08T22:30:00+09:00,2026-06-08,22:30,SOXX,US Semiconductor ETF,us_etf,global_semiconductor,569.765015,572.51001,560.789978,569.159973,3960930.0,USD,yahoo_intraday,2026-06-10T09:10:05.132145+00:00
2026-06-08T14:30:00+00:00,2026-06-08T23:30:00+09:00,2026-06-08,23:30,SOXX,US Semiconductor ETF,us_etf,global_semiconductor,568.98999,581.379883,568.780029,576.570007,1695260.0,USD,yahoo_intraday,2026-06-10T09:10:05.132145+00:00
2026-06-08T15:30:00+00:00,2026-06-09T00:30:00+09:00,2026-06-09,00:30,SOXX,US Semiconductor ETF,us_etf,global_semiconductor,576.679993,580.559998,574.219971,575.455017,803370.0,USD,yahoo_intraday,2026-06-10T09:10:05.132145+00:00
2026-06-08T16:30:00+00:00,2026-06-09T01:30:00+09:00,2026-06-09,01:30,SOXX,US Semiconductor ETF,us_etf,global_semiconductor,575.5,577.799988,571.869995,575.479919,839305.0,USD,yahoo_intraday,2026-06-10T09:10:05.132145+00:00
2026-06-08T17:30:00+00:00,2026-06-09T02:30:00+09:00,2026-06-09,02:30,SOXX,US Semiconductor ETF,us_etf,global_semiconductor,575.359985,578.75,572.919983,577.299988,1114464.0,USD,yahoo_intraday,2026-06-10T09:10:05.132145+00:00
2026-06-08T18:30:00+00:00,2026-06-09T03:30:00+09:00,2026-06-09,03:30,SOXX,US Semiconductor ETF,us_etf,global_semiconductor,577.330017,578.380005,568.219971,570.23999,1784771.0,USD,yahoo_intraday,2026-06-10T09:10:05.132145+00:00
2026-06-08T19:30:00+00:00,2026-06-09T04:30:00+09:00,2026-06-09,04:30,SOXX,US Semiconductor ETF,us_etf,global_semiconductor,570.380005,573.474976,568.799988,570.840027,2169770.0,USD,yahoo_intraday,2026-06-10T09:10:05.132145+00:00
2026-06-09T13:30:00+00:00,2026-06-09T22:30:00+09:00,2026-06-09,22:30,SOXX,US Semiconductor ETF,us_etf,global_semiconductor,584.950012,588.559998,568.860107,572.150024,3926861.0,USD,yahoo_intraday,2026-06-10T09:10:05.132145+00:00
2026-06-09T14:30:00+00:00,2026-06-09T23:30:00+09:00,2026-06-09,23:30,SOXX,US Semiconductor ETF,us_etf,global_semiconductor,571.97998,573.349976,548.520081,549.169983,2901807.0,USD,yahoo_intraday,2026-06-10T09:10:05.132145+00:00
2026-06-09T15:30:00+00:00,2026-06-10T00:30:00+09:00,2026-06-10,00:30,SOXX,US Semiconductor ETF,us_etf,global_semiconductor,549.390015,554.97998,527.400024,532.469971,5042702.0,USD,yahoo_intraday,2026-06-10T09:10:05.132145+00:00
2026-06-09T16:30:00+00:00,2026-06-10T01:30:00+09:00,2026-06-10,01:30,SOXX,US Semiconductor ETF,us_etf,global_semiconductor,532.359985,546.289978,522.23999,544.130005,5371962.0,USD,yahoo_intraday,2026-06-10T09:10:05.132145+00:00
2026-06-09T17:30:00+00:00,2026-06-10T02:30:00+09:00,2026-06-10,02:30,SOXX,US Semiconductor ETF,us_etf,global_semiconductor,544.109985,553.380005,540.75,553.289978,2372538.0,USD,yahoo_intraday,2026-06-10T09:10:05.132145+00:00
2026-06-09T18:30:00+00:00,2026-06-10T03:30:00+09:00,2026-06-10,03:30,SOXX,US Semiconductor ETF,us_etf,global_semiconductor,553.294983,560.25,546.059998,553.200012,2418279.0,USD,yahoo_intraday,2026-06-10T09:10:05.132145+00:00
2026-06-09T19:30:00+00:00,2026-06-10T04:30:00+09:00,2026-06-10,04:30,SOXX,US Semiconductor ETF,us_etf,global_semiconductor,553.26001,562.109924,548.87207,561.969971,1994601.0,USD,yahoo_intraday,2026-06-10T09:10:05.132145+00:00
2026-06-09T20:00:00+00:00,2026-06-10T05:00:00+09:00,2026-06-10,05:00,SOXX,US Semiconductor ETF,us_etf,global_semiconductor,562.140015,562.140015,562.140015,562.140015,0.0,USD,yahoo_intraday,2026-06-10T09:10:05.132145+00:00
2026-06-03T13:30:00+00:00,2026-06-03T22:30:00+09:00,2026-06-03,22:30,SPY,S&P 500 ETF,us_etf,global_risk,758.150024,758.799988,754.73999,756.809998,8761155.0,USD,yahoo_intraday,2026-06-10T09:10:05.132145+00:00
2026-06-03T14:30:00+00:00,2026-06-03T23:30:00+09:00,2026-06-03,23:30,SPY,S&P 500 ETF,us_etf,global_risk,756.799988,757.01001,755.330017,756.119995,3495290.0,USD,yahoo_intraday,2026-06-10T09:10:05.132145+00:00
2026-06-03T15:30:00+00:00,2026-06-04T00:30:00+09:00,2026-06-04,00:30,SPY,S&P 500 ETF,us_etf,global_risk,756.125,756.289978,753.880005,754.309998,3796249.0,USD,yahoo_intraday,2026-06-10T09:10:05.132145+00:00
2026-06-03T16:30:00+00:00,2026-06-04T01:30:00+09:00,2026-06-04,01:30,SPY,S&P 500 ETF,us_etf,global_risk,754.309998,755.179993,753.570007,754.632507,4522733.0,USD,yahoo_intraday,2026-06-10T09:10:05.132145+00:00
2026-06-03T17:30:00+00:00,2026-06-04T02:30:00+09:00,2026-06-04,02:30,SPY,S&P 500 ETF,us_etf,global_risk,754.632507,756.039978,754.200012,755.97998,4086294.0,USD,yahoo_intraday,2026-06-10T09:10:05.132145+00:00
2026-06-03T18:30:00+00:00,2026-06-04T03:30:00+09:00,2026-06-04,03:30,SPY,S&P 500 ETF,us_etf,global_risk,755.97998,756.049988,754.609985,754.830017,6175427.0,USD,yahoo_intraday,2026-06-10T09:10:05.132145+00:00
2026-06-03T19:30:00+00:00,2026-06-04T04:30:00+09:00,2026-06-04,04:30,SPY,S&P 500 ETF,us_etf,global_risk,754.830017,755.47998,753.900024,754.190002,11697075.0,USD,yahoo_intraday,2026-06-10T09:10:05.132145+00:00
2026-06-04T13:30:00+00:00,2026-06-04T22:30:00+09:00,2026-06-04,22:30,SPY,S&P 500 ETF,us_etf,global_risk,752.099976,754.289978,751.469971,754.02002,9226817.0,USD,yahoo_intraday,2026-06-10T09:10:05.132145+00:00
2026-06-04T14:30:00+00:00,2026-06-04T23:30:00+09:00,2026-06-04,23:30,SPY,S&P 500 ETF,us_etf,global_risk,754.02002,755.969971,753.380005,755.86499,6914754.0,USD,yahoo_intraday,2026-06-10T09:10:05.132145+00:00
2026-06-04T15:30:00+00:00,2026-06-05T00:30:00+09:00,2026-06-05,00:30,SPY,S&P 500 ETF,us_etf,global_risk,755.859985,756.669983,754.799988,756.5,4126933.0,USD,yahoo_intraday,2026-06-10T09:10:05.132145+00:00
2026-06-04T16:30:00+00:00,2026-06-05T01:30:00+09:00,2026-06-05,01:30,SPY,S&P 500 ETF,us_etf,global_risk,756.52002,757.179993,756.049988,757.109985,3334279.0,USD,yahoo_intraday,2026-06-10T09:10:05.132145+00:00
2026-06-04T17:30:00+00:00,2026-06-05T02:30:00+09:00,2026-06-05,02:30,SPY,S&P 500 ETF,us_etf,global_risk,757.109985,757.929993,757.02002,757.809998,4265241.0,USD,yahoo_intraday,2026-06-10T09:10:05.132145+00:00
2026-06-04T18:30:00+00:00,2026-06-05T03:30:00+09:00,2026-06-05,03:30,SPY,S&P 500 ETF,us_etf,global_risk,757.799988,758.299988,757.5,758.289978,5269760.0,USD,yahoo_intraday,2026-06-10T09:10:05.132145+00:00
2026-06-04T19:30:00+00:00,2026-06-05T04:30:00+09:00,2026-06-05,04:30,SPY,S&P 500 ETF,us_etf,global_risk,758.289978,758.309998,756.799988,757.049988,10503046.0,USD,yahoo_intraday,2026-06-10T09:10:05.132145+00:00
2026-06-05T13:30:00+00:00,2026-06-05T22:30:00+09:00,2026-06-05,22:30,SPY,S&P 500 ETF,us_etf,global_risk,752.309998,752.820007,748.224976,749.219971,12324478.0,USD,yahoo_intraday,2026-06-10T09:10:05.132145+00:00
2026-06-05T14:30:00+00:00,2026-06-05T23:30:00+09:00,2026-06-05,23:30,SPY,S&P 500 ETF,us_etf,global_risk,749.210022,750.739929,747.539978,748.14801,5219735.0,USD,yahoo_intraday,2026-06-10T09:10:05.132145+00:00
2026-06-05T15:30:00+00:00,2026-06-06T00:30:00+09:00,2026-06-06,00:30,SPY,S&P 500 ETF,us_etf,global_risk,748.109985,748.419983,744.619995,744.740112,7222216.0,USD,yahoo_intraday,2026-06-10T09:10:05.132145+00:00
2026-06-05T16:30:00+00:00,2026-06-06T01:30:00+09:00,2026-06-06,01:30,SPY,S&P 500 ETF,us_etf,global_risk,744.73999,744.809998,742.460022,744.030029,10431221.0,USD,yahoo_intraday,2026-06-10T09:10:05.132145+00:00
2026-06-05T17:30:00+00:00,2026-06-06T02:30:00+09:00,2026-06-06,02:30,SPY,S&P 500 ETF,us_etf,global_risk,744.02002,745.294983,740.5,740.900024,10285858.0,USD,yahoo_intraday,2026-06-10T09:10:05.132145+00:00
2026-06-05T18:30:00+00:00,2026-06-06T03:30:00+09:00,2026-06-06,03:30,SPY,S&P 500 ETF,us_etf,global_risk,740.900024,741.140015,735.525024,738.450012,16033105.0,USD,yahoo_intraday,2026-06-10T09:10:05.132145+00:00
2026-06-05T19:30:00+00:00,2026-06-06T04:30:00+09:00,2026-06-06,04:30,SPY,S&P 500 ETF,us_etf,global_risk,738.450012,739.799988,736.960022,737.400024,14934583.0,USD,yahoo_intraday,2026-06-10T09:10:05.132145+00:00
2026-06-08T13:30:00+00:00,2026-06-08T22:30:00+09:00,2026-06-08,22:30,SPY,S&P 500 ETF,us_etf,global_risk,743.359985,744.51001,740.599976,742.47998,11167759.0,USD,yahoo_intraday,2026-06-10T09:10:05.132145+00:00
2026-06-08T14:30:00+00:00,2026-06-08T23:30:00+09:00,2026-06-08,23:30,SPY,S&P 500 ETF,us_etf,global_risk,742.440002,745.340027,741.969971,743.22998,5679999.0,USD,yahoo_intraday,2026-06-10T09:10:05.132145+00:00
2026-06-08T15:30:00+00:00,2026-06-09T00:30:00+09:00,2026-06-09,00:30,SPY,S&P 500 ETF,us_etf,global_risk,743.25,744.349976,741.869995,742.140015,4298546.0,USD,yahoo_intraday,2026-06-10T09:10:05.132145+00:00
2026-06-08T16:30:00+00:00,2026-06-09T01:30:00+09:00,2026-06-09,01:30,SPY,S&P 500 ETF,us_etf,global_risk,742.159973,742.969971,740.080017,742.030029,4943512.0,USD,yahoo_intraday,2026-06-10T09:10:05.132145+00:00
2026-06-08T17:30:00+00:00,2026-06-09T02:30:00+09:00,2026-06-09,02:30,SPY,S&P 500 ETF,us_etf,global_risk,742.01001,742.390015,740.400024,741.960022,4297783.0,USD,yahoo_intraday,2026-06-10T09:10:05.132145+00:00
2026-06-08T18:30:00+00:00,2026-06-09T03:30:00+09:00,2026-06-09,03:30,SPY,S&P 500 ETF,us_etf,global_risk,741.969971,742.450012,738.190002,739.200012,5547239.0,USD,yahoo_intraday,2026-06-10T09:10:05.132145+00:00
2026-06-08T19:30:00+00:00,2026-06-09T04:30:00+09:00,2026-06-09,04:30,SPY,S&P 500 ETF,us_etf,global_risk,739.210022,740.179993,738.77002,739.309998,5881438.0,USD,yahoo_intraday,2026-06-10T09:10:05.132145+00:00
2026-06-09T13:30:00+00:00,2026-06-09T22:30:00+09:00,2026-06-09,22:30,SPY,S&P 500 ETF,us_etf,global_risk,743.630005,746.900024,739.419983,741.210022,11226356.0,USD,yahoo_intraday,2026-06-10T09:10:05.132145+00:00
2026-06-09T14:30:00+00:00,2026-06-09T23:30:00+09:00,2026-06-09,23:30,SPY,S&P 500 ETF,us_etf,global_risk,741.169983,741.710022,730.77002,731.0,10019337.0,USD,yahoo_intraday,2026-06-10T09:10:05.132145+00:00
2026-06-09T15:30:00+00:00,2026-06-10T00:30:00+09:00,2026-06-10,00:30,SPY,S&P 500 ETF,us_etf,global_risk,731.0,732.75,725.299988,727.359985,12808370.0,USD,yahoo_intraday,2026-06-10T09:10:05.132145+00:00
2026-06-09T16:30:00+00:00,2026-06-10T01:30:00+09:00,2026-06-10,01:30,SPY,S&P 500 ETF,us_etf,global_risk,727.340027,731.280029,722.590027,730.76001,14021041.0,USD,yahoo_intraday,2026-06-10T09:10:05.132145+00:00
2026-06-09T17:30:00+00:00,2026-06-10T02:30:00+09:00,2026-06-10,02:30,SPY,S&P 500 ETF,us_etf,global_risk,730.780029,735.179993,730.210022,735.099976,7955274.0,USD,yahoo_intraday,2026-06-10T09:10:05.132145+00:00
2026-06-09T18:30:00+00:00,2026-06-10T03:30:00+09:00,2026-06-10,03:30,SPY,S&P 500 ETF,us_etf,global_risk,735.119995,737.690002,733.200012,734.599976,7763086.0,USD,yahoo_intraday,2026-06-10T09:10:05.132145+00:00
2026-06-09T19:30:00+00:00,2026-06-10T04:30:00+09:00,2026-06-10,04:30,SPY,S&P 500 ETF,us_etf,global_risk,734.580017,737.469971,732.530029,737.059998,10798149.0,USD,yahoo_intraday,2026-06-10T09:10:05.132145+00:00
2026-06-09T20:00:00+00:00,2026-06-10T05:00:00+09:00,2026-06-10,05:00,SPY,S&P 500 ETF,us_etf,global_risk,737.049988,737.049988,737.049988,737.049988,0.0,USD,yahoo_intraday,2026-06-10T09:10:05.132145+00:00
2026-06-03T13:30:00+00:00,2026-06-03T22:30:00+09:00,2026-06-03,22:30,TLT,US Long Treasury ETF,us_etf,global_rates,85.285004,85.43,85.224998,85.4151,3299560.0,USD,yahoo_intraday,2026-06-10T09:10:05.132145+00:00
2026-06-03T14:30:00+00:00,2026-06-03T23:30:00+09:00,2026-06-03,23:30,TLT,US Long Treasury ETF,us_etf,global_rates,85.425003,85.428703,85.25,85.290001,2080441.0,USD,yahoo_intraday,2026-06-10T09:10:05.132145+00:00
2026-06-03T15:30:00+00:00,2026-06-04T00:30:00+09:00,2026-06-04,00:30,TLT,US Long Treasury ETF,us_etf,global_rates,85.289703,85.294998,85.099998,85.150002,1472169.0,USD,yahoo_intraday,2026-06-10T09:10:05.132145+00:00
2026-06-03T16:30:00+00:00,2026-06-04T01:30:00+09:00,2026-06-04,01:30,TLT,US Long Treasury ETF,us_etf,global_rates,85.160004,85.279999,85.160004,85.220001,1152304.0,USD,yahoo_intraday,2026-06-10T09:10:05.132145+00:00
2026-06-03T17:30:00+00:00,2026-06-04T02:30:00+09:00,2026-06-04,02:30,TLT,US Long Treasury ETF,us_etf,global_rates,85.220001,85.32,85.213097,85.315102,858187.0,USD,yahoo_intraday,2026-06-10T09:10:05.132145+00:00
2026-06-03T18:30:00+00:00,2026-06-04T03:30:00+09:00,2026-06-04,03:30,TLT,US Long Treasury ETF,us_etf,global_rates,85.32,85.355003,85.260002,85.294998,1264835.0,USD,yahoo_intraday,2026-06-10T09:10:05.132145+00:00
2026-06-03T19:30:00+00:00,2026-06-04T04:30:00+09:00,2026-06-04,04:30,TLT,US Long Treasury ETF,us_etf,global_rates,85.294998,85.32,85.269997,85.32,3035074.0,USD,yahoo_intraday,2026-06-10T09:10:05.132145+00:00
2026-06-04T13:30:00+00:00,2026-06-04T22:30:00+09:00,2026-06-04,22:30,TLT,US Long Treasury ETF,us_etf,global_rates,85.605003,85.709999,85.550003,85.559998,3899024.0,USD,yahoo_intraday,2026-06-10T09:10:05.132145+00:00
2026-06-04T14:30:00+00:00,2026-06-04T23:30:00+09:00,2026-06-04,23:30,TLT,US Long Treasury ETF,us_etf,global_rates,85.559998,85.605003,85.520103,85.584999,1663002.0,USD,yahoo_intraday,2026-06-10T09:10:05.132145+00:00
2026-06-04T15:30:00+00:00,2026-06-05T00:30:00+09:00,2026-06-05,00:30,TLT,US Long Treasury ETF,us_etf,global_rates,85.582001,85.639999,85.559998,85.584999,1599655.0,USD,yahoo_intraday,2026-06-10T09:10:05.132145+00:00
2026-06-04T16:30:00+00:00,2026-06-05T01:30:00+09:00,2026-06-05,01:30,TLT,US Long Treasury ETF,us_etf,global_rates,85.584999,85.620003,85.529999,85.544998,701240.0,USD,yahoo_intraday,2026-06-10T09:10:05.132145+00:00
2026-06-04T17:30:00+00:00,2026-06-05T02:30:00+09:00,2026-06-05,02:30,TLT,US Long Treasury ETF,us_etf,global_rates,85.544998,85.590103,85.455002,85.480003,1284023.0,USD,yahoo_intraday,2026-06-10T09:10:05.132145+00:00
2026-06-04T18:30:00+00:00,2026-06-05T03:30:00+09:00,2026-06-05,03:30,TLT,US Long Treasury ETF,us_etf,global_rates,85.470001,85.536003,85.419998,85.535004,938141.0,USD,yahoo_intraday,2026-06-10T09:10:05.132145+00:00
2026-06-04T19:30:00+00:00,2026-06-05T04:30:00+09:00,2026-06-05,04:30,TLT,US Long Treasury ETF,us_etf,global_rates,85.535004,85.540001,85.309998,85.5,2218732.0,USD,yahoo_intraday,2026-06-10T09:10:05.132145+00:00
2026-06-05T13:30:00+00:00,2026-06-05T22:30:00+09:00,2026-06-05,22:30,TLT,US Long Treasury ETF,us_etf,global_rates,84.980698,85.139999,84.919998,85.129997,4493165.0,USD,yahoo_intraday,2026-06-10T09:10:05.132145+00:00
2026-06-05T14:30:00+00:00,2026-06-05T23:30:00+09:00,2026-06-05,23:30,TLT,US Long Treasury ETF,us_etf,global_rates,85.129898,85.195,85.014999,85.139702,3852127.0,USD,yahoo_intraday,2026-06-10T09:10:05.132145+00:00
2026-06-05T15:30:00+00:00,2026-06-06T00:30:00+09:00,2026-06-06,00:30,TLT,US Long Treasury ETF,us_etf,global_rates,85.135002,85.230003,85.099998,85.18,1999399.0,USD,yahoo_intraday,2026-06-10T09:10:05.132145+00:00
2026-06-05T16:30:00+00:00,2026-06-06T01:30:00+09:00,2026-06-06,01:30,TLT,US Long Treasury ETF,us_etf,global_rates,85.184998,85.345001,85.154999,85.214996,1352119.0,USD,yahoo_intraday,2026-06-10T09:10:05.132145+00:00
2026-06-05T17:30:00+00:00,2026-06-06T02:30:00+09:00,2026-06-06,02:30,TLT,US Long Treasury ETF,us_etf,global_rates,85.209999,85.245003,85.035004,85.139999,2563453.0,USD,yahoo_intraday,2026-06-10T09:10:05.132145+00:00
2026-06-05T18:30:00+00:00,2026-06-06T03:30:00+09:00,2026-06-06,03:30,TLT,US Long Treasury ETF,us_etf,global_rates,85.135002,85.254997,85.084999,85.089996,2393792.0,USD,yahoo_intraday,2026-06-10T09:10:05.132145+00:00
2026-06-05T19:30:00+00:00,2026-06-06T04:30:00+09:00,2026-06-06,04:30,TLT,US Long Treasury ETF,us_etf,global_rates,85.090103,85.129997,85.019997,85.07,5429984.0,USD,yahoo_intraday,2026-06-10T09:10:05.132145+00:00
2026-06-08T13:30:00+00:00,2026-06-08T22:30:00+09:00,2026-06-08,22:30,TLT,US Long Treasury ETF,us_etf,global_rates,85.230003,85.324997,84.940002,84.9795,3437184.0,USD,yahoo_intraday,2026-06-10T09:10:05.132145+00:00
2026-06-08T14:30:00+00:00,2026-06-08T23:30:00+09:00,2026-06-08,23:30,TLT,US Long Treasury ETF,us_etf,global_rates,84.980003,85.059998,84.894997,84.940002,2818031.0,USD,yahoo_intraday,2026-06-10T09:10:05.132145+00:00
2026-06-08T15:30:00+00:00,2026-06-09T00:30:00+09:00,2026-06-09,00:30,TLT,US Long Treasury ETF,us_etf,global_rates,84.940002,84.945,84.855003,84.894997,2073100.0,USD,yahoo_intraday,2026-06-10T09:10:05.132145+00:00
2026-06-08T16:30:00+00:00,2026-06-09T01:30:00+09:00,2026-06-09,01:30,TLT,US Long Treasury ETF,us_etf,global_rates,84.894997,84.909897,84.860001,84.889999,1469821.0,USD,yahoo_intraday,2026-06-10T09:10:05.132145+00:00
2026-06-08T17:30:00+00:00,2026-06-09T02:30:00+09:00,2026-06-09,02:30,TLT,US Long Treasury ETF,us_etf,global_rates,84.891998,84.980003,84.864998,84.974998,1444879.0,USD,yahoo_intraday,2026-06-10T09:10:05.132145+00:00
2026-06-08T18:30:00+00:00,2026-06-09T03:30:00+09:00,2026-06-09,03:30,TLT,US Long Treasury ETF,us_etf,global_rates,84.971397,84.980003,84.800003,84.805,1326118.0,USD,yahoo_intraday,2026-06-10T09:10:05.132145+00:00
2026-06-08T19:30:00+00:00,2026-06-09T04:30:00+09:00,2026-06-09,04:30,TLT,US Long Treasury ETF,us_etf,global_rates,84.809998,84.815002,84.620003,84.629997,4389872.0,USD,yahoo_intraday,2026-06-10T09:10:05.132145+00:00
2026-06-09T13:30:00+00:00,2026-06-09T22:30:00+09:00,2026-06-09,22:30,TLT,US Long Treasury ETF,us_etf,global_rates,84.980003,85.110001,84.904999,85.001801,4515350.0,USD,yahoo_intraday,2026-06-10T09:10:05.132145+00:00
2026-06-09T14:30:00+00:00,2026-06-09T23:30:00+09:00,2026-06-09,23:30,TLT,US Long Treasury ETF,us_etf,global_rates,85.0,85.019997,84.794998,84.815002,1562506.0,USD,yahoo_intraday,2026-06-10T09:10:05.132145+00:00
2026-06-09T15:30:00+00:00,2026-06-10T00:30:00+09:00,2026-06-10,00:30,TLT,US Long Treasury ETF,us_etf,global_rates,84.82,85.150002,84.785004,85.098999,2944449.0,USD,yahoo_intraday,2026-06-10T09:10:05.132145+00:00
2026-06-09T16:30:00+00:00,2026-06-10T01:30:00+09:00,2026-06-10,01:30,TLT,US Long Treasury ETF,us_etf,global_rates,85.089996,85.139999,84.82,85.095001,3371669.0,USD,yahoo_intraday,2026-06-10T09:10:05.132145+00:00
2026-06-09T17:30:00+00:00,2026-06-10T02:30:00+09:00,2026-06-10,02:30,TLT,US Long Treasury ETF,us_etf,global_rates,85.095001,85.154999,85.014999,85.065002,2005304.0,USD,yahoo_intraday,2026-06-10T09:10:05.132145+00:00
2026-06-09T18:30:00+00:00,2026-06-10T03:30:00+09:00,2026-06-10,03:30,TLT,US Long Treasury ETF,us_etf,global_rates,85.065002,85.136497,85.055,85.136497,1413796.0,USD,yahoo_intraday,2026-06-10T09:10:05.132145+00:00
2026-06-09T19:30:00+00:00,2026-06-10T04:30:00+09:00,2026-06-10,04:30,TLT,US Long Treasury ETF,us_etf,global_rates,85.135002,85.18,85.129997,85.135002,2956885.0,USD,yahoo_intraday,2026-06-10T09:10:05.132145+00:00
2026-06-09T20:00:00+00:00,2026-06-10T05:00:00+09:00,2026-06-10,05:00,TLT,US Long Treasury ETF,us_etf,global_rates,85.120003,85.120003,85.120003,85.120003,0.0,USD,yahoo_intraday,2026-06-10T09:10:05.132145+00:00
2026-06-04T00:00:00+00:00,2026-06-04T09:00:00+09:00,2026-06-04,09:00,^KS200,KOSPI 200,kr_index,korea_market,1374.73999,1402.040039,1367.150024,1385.0,0.0,KRW,yahoo_intraday,2026-06-10T09:10:05.132145+00:00
2026-06-04T01:00:00+00:00,2026-06-04T10:00:00+09:00,2026-06-04,10:00,^KS200,KOSPI 200,kr_index,korea_market,1384.890015,1394.099976,1376.880005,1377.01001,26834.0,KRW,yahoo_intraday,2026-06-10T09:10:05.132145+00:00
2026-06-04T02:00:00+00:00,2026-06-04T11:00:00+09:00,2026-06-04,11:00,^KS200,KOSPI 200,kr_index,korea_market,1377.079956,1389.369995,1368.640015,1383.390015,20081.0,KRW,yahoo_intraday,2026-06-10T09:10:05.132145+00:00
2026-06-04T03:00:00+00:00,2026-06-04T12:00:00+09:00,2026-06-04,12:00,^KS200,KOSPI 200,kr_index,korea_market,1383.630005,1400.219971,1382.77002,1393.560059,19289.0,KRW,yahoo_intraday,2026-06-10T09:10:05.132145+00:00
2026-06-04T04:00:00+00:00,2026-06-04T13:00:00+09:00,2026-06-04,13:00,^KS200,KOSPI 200,kr_index,korea_market,1394.22998,1395.089966,1386.719971,1393.97998,15927.0,KRW,yahoo_intraday,2026-06-10T09:10:05.132145+00:00
2026-06-04T05:00:00+00:00,2026-06-04T14:00:00+09:00,2026-06-04,14:00,^KS200,KOSPI 200,kr_index,korea_market,1393.689941,1396.550049,1380.439941,1384.349976,22449.0,KRW,yahoo_intraday,2026-06-10T09:10:05.132145+00:00
2026-06-05T00:00:00+00:00,2026-06-05T09:00:00+09:00,2026-06-05,09:00,^KS200,KOSPI 200,kr_index,korea_market,1323.25,1323.939941,1283.660034,1285.099976,67766.0,KRW,yahoo_intraday,2026-06-10T09:10:05.132145+00:00
2026-06-05T01:00:00+00:00,2026-06-05T10:00:00+09:00,2026-06-05,10:00,^KS200,KOSPI 200,kr_index,korea_market,1285.780029,1320.52002,1278.650024,1320.140015,28299.0,KRW,yahoo_intraday,2026-06-10T09:10:05.132145+00:00
2026-06-05T02:00:00+00:00,2026-06-05T11:00:00+09:00,2026-06-05,11:00,^KS200,KOSPI 200,kr_index,korea_market,1320.079956,1338.130005,1315.73999,1319.930054,19316.0,KRW,yahoo_intraday,2026-06-10T09:10:05.132145+00:00
2026-06-05T03:00:00+00:00,2026-06-05T12:00:00+09:00,2026-06-05,12:00,^KS200,KOSPI 200,kr_index,korea_market,1319.0,1325.689941,1303.400024,1309.400024,13661.0,KRW,yahoo_intraday,2026-06-10T09:10:05.132145+00:00
2026-06-05T04:00:00+00:00,2026-06-05T13:00:00+09:00,2026-06-05,13:00,^KS200,KOSPI 200,kr_index,korea_market,1309.930054,1313.47998,1296.079956,1311.089966,15855.0,KRW,yahoo_intraday,2026-06-10T09:10:05.132145+00:00
2026-06-05T05:00:00+00:00,2026-06-05T14:00:00+09:00,2026-06-05,14:00,^KS200,KOSPI 200,kr_index,korea_market,1310.869995,1318.829956,1301.579956,1301.699951,20950.0,KRW,yahoo_intraday,2026-06-10T09:10:05.132145+00:00
2026-06-08T00:00:00+00:00,2026-06-08T09:00:00+09:00,2026-06-08,09:00,^KS200,KOSPI 200,kr_index,korea_market,1282.810059,1282.810059,1177.719971,1219.939941,0.0,KRW,yahoo_intraday,2026-06-10T09:10:05.132145+00:00
2026-06-08T01:00:00+00:00,2026-06-08T10:00:00+09:00,2026-06-08,10:00,^KS200,KOSPI 200,kr_index,korea_market,1219.969971,1226.75,1188.160034,1216.02002,32971.0,KRW,yahoo_intraday,2026-06-10T09:10:05.132145+00:00
2026-06-08T02:00:00+00:00,2026-06-08T11:00:00+09:00,2026-06-08,11:00,^KS200,KOSPI 200,kr_index,korea_market,1216.790039,1250.579956,1214.630005,1238.0,28986.0,KRW,yahoo_intraday,2026-06-10T09:10:05.132145+00:00
2026-06-08T03:00:00+00:00,2026-06-08T12:00:00+09:00,2026-06-08,12:00,^KS200,KOSPI 200,kr_index,korea_market,1238.160034,1242.140015,1228.810059,1234.26001,16340.0,KRW,yahoo_intraday,2026-06-10T09:10:05.132145+00:00
2026-06-08T04:00:00+00:00,2026-06-08T13:00:00+09:00,2026-06-08,13:00,^KS200,KOSPI 200,kr_index,korea_market,1234.550049,1239.75,1212.530029,1213.040039,20110.0,KRW,yahoo_intraday,2026-06-10T09:10:05.132145+00:00
2026-06-08T05:00:00+00:00,2026-06-08T14:00:00+09:00,2026-06-08,14:00,^KS200,KOSPI 200,kr_index,korea_market,1212.920044,1222.76001,1187.5,1190.719971,28159.0,KRW,yahoo_intraday,2026-06-10T09:10:05.132145+00:00
2026-06-09T00:00:00+00:00,2026-06-09T09:00:00+09:00,2026-06-09,09:00,^KS200,KOSPI 200,kr_index,korea_market,1221.75,1248.619995,1218.689941,1228.439941,61532.0,KRW,yahoo_intraday,2026-06-10T09:10:05.132145+00:00
2026-06-09T01:00:00+00:00,2026-06-09T10:00:00+09:00,2026-06-09,10:00,^KS200,KOSPI 200,kr_index,korea_market,1228.449951,1235.890015,1206.939941,1235.069946,35443.0,KRW,yahoo_intraday,2026-06-10T09:10:05.132145+00:00
2026-06-09T02:00:00+00:00,2026-06-09T11:00:00+09:00,2026-06-09,11:00,^KS200,KOSPI 200,kr_index,korea_market,1234.540039,1237.140015,1224.47998,1236.119995,18035.0,KRW,yahoo_intraday,2026-06-10T09:10:05.132145+00:00
2026-06-09T03:00:00+00:00,2026-06-09T12:00:00+09:00,2026-06-09,12:00,^KS200,KOSPI 200,kr_index,korea_market,1236.099976,1261.77002,1235.050049,1260.900024,16762.0,KRW,yahoo_intraday,2026-06-10T09:10:05.132145+00:00
2026-06-09T04:00:00+00:00,2026-06-09T13:00:00+09:00,2026-06-09,13:00,^KS200,KOSPI 200,kr_index,korea_market,1261.51001,1290.589966,1258.670044,1280.77002,24239.0,KRW,yahoo_intraday,2026-06-10T09:10:05.132145+00:00
2026-06-09T05:00:00+00:00,2026-06-09T14:00:00+09:00,2026-06-09,14:00,^KS200,KOSPI 200,kr_index,korea_market,1280.839966,1297.790039,1278.209961,1289.26001,24904.0,KRW,yahoo_intraday,2026-06-10T09:10:05.132145+00:00
2026-06-10T00:00:00+00:00,2026-06-10T09:00:00+09:00,2026-06-10,09:00,^KS200,KOSPI 200,kr_index,korea_market,1258.439941,1274.609985,1241.959961,1251.130005,52874.0,KRW,yahoo_intraday,2026-06-10T09:10:05.132145+00:00
2026-06-10T01:00:00+00:00,2026-06-10T10:00:00+09:00,2026-06-10,10:00,^KS200,KOSPI 200,kr_index,korea_market,1251.040039,1265.47998,1247.469971,1250.48999,31945.0,KRW,yahoo_intraday,2026-06-10T09:10:05.132145+00:00
2026-06-10T02:00:00+00:00,2026-06-10T11:00:00+09:00,2026-06-10,11:00,^KS200,KOSPI 200,kr_index,korea_market,1250.109985,1251.150024,1233.430054,1240.300049,21200.0,KRW,yahoo_intraday,2026-06-10T09:10:05.132145+00:00
2026-06-10T03:00:00+00:00,2026-06-10T12:00:00+09:00,2026-06-10,12:00,^KS200,KOSPI 200,kr_index,korea_market,1240.01001,1252.449951,1230.300049,1233.359985,16962.0,KRW,yahoo_intraday,2026-06-10T09:10:05.132145+00:00
2026-06-10T04:00:00+00:00,2026-06-10T13:00:00+09:00,2026-06-10,13:00,^KS200,KOSPI 200,kr_index,korea_market,1233.280029,1235.170044,1200.969971,1206.640015,27911.0,KRW,yahoo_intraday,2026-06-10T09:10:05.132145+00:00
2026-06-10T05:00:00+00:00,2026-06-10T14:00:00+09:00,2026-06-10,14:00,^KS200,KOSPI 200,kr_index,korea_market,1206.189941,1215.160034,1197.040039,1205.040039,27182.0,KRW,yahoo_intraday,2026-06-10T09:10:05.132145+00:00
2026-06-10T06:00:00+00:00,2026-06-10T15:00:00+09:00,2026-06-10,15:00,^KS200,KOSPI 200,kr_index,korea_market,1227.119995,1227.119995,1227.119995,1227.119995,0.0,KRW,yahoo_intraday,2026-06-10T09:10:05.132145+00:00
