timestamp_utc,timestamp_kst,date_kst,hour_kst,ticker,label,asset_class,lens,open,high,low,close,volume,currency,source,ingested_at
2026-06-01T00:00:00+00:00,2026-06-01T09:00:00+09:00,2026-06-01,09:00,000270.KS,Kia,kr_stock,korea_exporter,170500.0,174400.0,167600.0,170300.0,0.0,KRW,yahoo_intraday,2026-06-05T12:01:03.116012+00:00
2026-06-01T01:00:00+00:00,2026-06-01T10:00:00+09:00,2026-06-01,10:00,000270.KS,Kia,kr_stock,korea_exporter,170400.0,171400.0,169500.0,170800.0,186804.0,KRW,yahoo_intraday,2026-06-05T12:01:03.116012+00:00
2026-06-01T02:00:00+00:00,2026-06-01T11:00:00+09:00,2026-06-01,11:00,000270.KS,Kia,kr_stock,korea_exporter,170800.0,172900.0,170500.0,172800.0,180271.0,KRW,yahoo_intraday,2026-06-05T12:01:03.116012+00:00
2026-06-01T03:00:00+00:00,2026-06-01T12:00:00+09:00,2026-06-01,12:00,000270.KS,Kia,kr_stock,korea_exporter,172850.0,174600.0,171500.0,171900.0,215516.0,KRW,yahoo_intraday,2026-06-05T12:01:03.116012+00:00
2026-06-01T04:00:00+00:00,2026-06-01T13:00:00+09:00,2026-06-01,13:00,000270.KS,Kia,kr_stock,korea_exporter,171900.0,174600.0,171900.0,173400.0,190253.0,KRW,yahoo_intraday,2026-06-05T12:01:03.116012+00:00
2026-06-01T05:00:00+00:00,2026-06-01T14:00:00+09:00,2026-06-01,14:00,000270.KS,Kia,kr_stock,korea_exporter,173400.0,173600.0,169600.0,170400.0,200629.0,KRW,yahoo_intraday,2026-06-05T12:01:03.116012+00:00
2026-06-02T00:00:00+00:00,2026-06-02T09:00:00+09:00,2026-06-02,09:00,000270.KS,Kia,kr_stock,korea_exporter,171300.0,172700.0,163900.0,165300.0,587299.0,KRW,yahoo_intraday,2026-06-05T12:01:03.116012+00:00
2026-06-02T01:00:00+00:00,2026-06-02T10:00:00+09:00,2026-06-02,10:00,000270.KS,Kia,kr_stock,korea_exporter,165300.0,168800.0,164900.0,165500.0,161868.0,KRW,yahoo_intraday,2026-06-05T12:01:03.116012+00:00
2026-06-02T02:00:00+00:00,2026-06-02T11:00:00+09:00,2026-06-02,11:00,000270.KS,Kia,kr_stock,korea_exporter,165400.0,167700.0,164800.0,167200.0,136800.0,KRW,yahoo_intraday,2026-06-05T12:01:03.116012+00:00
2026-06-02T03:00:00+00:00,2026-06-02T12:00:00+09:00,2026-06-02,12:00,000270.KS,Kia,kr_stock,korea_exporter,167200.0,167500.0,165500.0,166400.0,91159.0,KRW,yahoo_intraday,2026-06-05T12:01:03.116012+00:00
2026-06-02T04:00:00+00:00,2026-06-02T13:00:00+09:00,2026-06-02,13:00,000270.KS,Kia,kr_stock,korea_exporter,166400.0,167600.0,165800.0,167300.0,115248.0,KRW,yahoo_intraday,2026-06-05T12:01:03.116012+00:00
2026-06-02T05:00:00+00:00,2026-06-02T14:00:00+09:00,2026-06-02,14:00,000270.KS,Kia,kr_stock,korea_exporter,167400.0,170400.0,167000.0,168800.0,217270.0,KRW,yahoo_intraday,2026-06-05T12:01:03.116012+00:00
2026-06-04T00:00:00+00:00,2026-06-04T09:00:00+09:00,2026-06-04,09:00,000270.KS,Kia,kr_stock,korea_exporter,166000.0,168000.0,163400.0,163700.0,0.0,KRW,yahoo_intraday,2026-06-05T12:01:03.116012+00:00
2026-06-04T01:00:00+00:00,2026-06-04T10:00:00+09:00,2026-06-04,10:00,000270.KS,Kia,kr_stock,korea_exporter,163700.0,164400.0,162000.0,162300.0,224686.0,KRW,yahoo_intraday,2026-06-05T12:01:03.116012+00:00
2026-06-04T02:00:00+00:00,2026-06-04T11:00:00+09:00,2026-06-04,11:00,000270.KS,Kia,kr_stock,korea_exporter,162300.0,166100.0,162000.0,165800.0,174871.0,KRW,yahoo_intraday,2026-06-05T12:01:03.116012+00:00
2026-06-04T03:00:00+00:00,2026-06-04T12:00:00+09:00,2026-06-04,12:00,000270.KS,Kia,kr_stock,korea_exporter,165800.0,167200.0,165600.0,166600.0,134583.0,KRW,yahoo_intraday,2026-06-05T12:01:03.116012+00:00
2026-06-04T04:00:00+00:00,2026-06-04T13:00:00+09:00,2026-06-04,13:00,000270.KS,Kia,kr_stock,korea_exporter,166600.0,166600.0,165200.0,165900.0,119421.0,KRW,yahoo_intraday,2026-06-05T12:01:03.116012+00:00
2026-06-04T05:00:00+00:00,2026-06-04T14:00:00+09:00,2026-06-04,14:00,000270.KS,Kia,kr_stock,korea_exporter,165700.0,166300.0,164700.0,165200.0,144748.0,KRW,yahoo_intraday,2026-06-05T12:01:03.116012+00:00
2026-06-05T00:00:00+00:00,2026-06-05T09:00:00+09:00,2026-06-05,09:00,000270.KS,Kia,kr_stock,korea_exporter,162900.0,163000.0,155700.0,156200.0,287557.0,KRW,yahoo_intraday,2026-06-05T12:01:03.116012+00:00
2026-06-05T01:00:00+00:00,2026-06-05T10:00:00+09:00,2026-06-05,10:00,000270.KS,Kia,kr_stock,korea_exporter,156100.0,159400.0,154600.0,158950.0,150056.0,KRW,yahoo_intraday,2026-06-05T12:01:03.116012+00:00
2026-06-05T02:00:00+00:00,2026-06-05T11:00:00+09:00,2026-06-05,11:00,000270.KS,Kia,kr_stock,korea_exporter,158900.0,160400.0,158300.0,159100.0,99829.0,KRW,yahoo_intraday,2026-06-05T12:01:03.116012+00:00
2026-06-05T03:00:00+00:00,2026-06-05T12:00:00+09:00,2026-06-05,12:00,000270.KS,Kia,kr_stock,korea_exporter,158900.0,160500.0,158700.0,159300.0,67758.0,KRW,yahoo_intraday,2026-06-05T12:01:03.116012+00:00
2026-06-05T04:00:00+00:00,2026-06-05T13:00:00+09:00,2026-06-05,13:00,000270.KS,Kia,kr_stock,korea_exporter,159400.0,160000.0,158000.0,159500.0,72613.0,KRW,yahoo_intraday,2026-06-05T12:01:03.116012+00:00
2026-06-05T05:00:00+00:00,2026-06-05T14:00:00+09:00,2026-06-05,14:00,000270.KS,Kia,kr_stock,korea_exporter,159500.0,162500.0,159100.0,160100.0,158948.0,KRW,yahoo_intraday,2026-06-05T12:01:03.116012+00:00
2026-06-05T06:00:00+00:00,2026-06-05T15:00:00+09:00,2026-06-05,15:00,000270.KS,Kia,kr_stock,korea_exporter,161100.0,161100.0,161100.0,161100.0,0.0,KRW,yahoo_intraday,2026-06-05T12:01:03.116012+00:00
2026-06-01T00:00:00+00:00,2026-06-01T09:00:00+09:00,2026-06-01,09:00,000660.KS,SK Hynix,kr_stock,korea_semiconductor,2299000.0,2345000.0,2296000.0,2326000.0,0.0,KRW,yahoo_intraday,2026-06-05T12:01:03.116012+00:00
2026-06-01T01:00:00+00:00,2026-06-01T10:00:00+09:00,2026-06-01,10:00,000660.KS,SK Hynix,kr_stock,korea_semiconductor,2326000.0,2395000.0,2326000.0,2395000.0,1014769.0,KRW,yahoo_intraday,2026-06-05T12:01:03.116012+00:00
2026-06-01T02:00:00+00:00,2026-06-01T11:00:00+09:00,2026-06-01,11:00,000660.KS,SK Hynix,kr_stock,korea_semiconductor,2395000.0,2398000.0,2361000.0,2378000.0,648748.0,KRW,yahoo_intraday,2026-06-05T12:01:03.116012+00:00
2026-06-01T03:00:00+00:00,2026-06-01T12:00:00+09:00,2026-06-01,12:00,000660.KS,SK Hynix,kr_stock,korea_semiconductor,2378000.0,2384000.0,2344000.0,2355000.0,423064.0,KRW,yahoo_intraday,2026-06-05T12:01:03.116012+00:00
2026-06-01T04:00:00+00:00,2026-06-01T13:00:00+09:00,2026-06-01,13:00,000660.KS,SK Hynix,kr_stock,korea_semiconductor,2354000.0,2385000.0,2353000.0,2384000.0,450584.0,KRW,yahoo_intraday,2026-06-05T12:01:03.116012+00:00
2026-06-01T05:00:00+00:00,2026-06-01T14:00:00+09:00,2026-06-01,14:00,000660.KS,SK Hynix,kr_stock,korea_semiconductor,2384000.0,2385000.0,2341000.0,2368000.0,580350.0,KRW,yahoo_intraday,2026-06-05T12:01:03.116012+00:00
2026-06-02T00:00:00+00:00,2026-06-02T09:00:00+09:00,2026-06-02,09:00,000660.KS,SK Hynix,kr_stock,korea_semiconductor,2376000.0,2407000.0,2259000.0,2292000.0,1999116.0,KRW,yahoo_intraday,2026-06-05T12:01:03.116012+00:00
2026-06-02T01:00:00+00:00,2026-06-02T10:00:00+09:00,2026-06-02,10:00,000660.KS,SK Hynix,kr_stock,korea_semiconductor,2293000.0,2341000.0,2284000.0,2285000.0,780268.0,KRW,yahoo_intraday,2026-06-05T12:01:03.116012+00:00
2026-06-02T02:00:00+00:00,2026-06-02T11:00:00+09:00,2026-06-02,11:00,000660.KS,SK Hynix,kr_stock,korea_semiconductor,2285000.0,2335000.0,2262000.0,2325000.0,594163.0,KRW,yahoo_intraday,2026-06-05T12:01:03.116012+00:00
2026-06-02T03:00:00+00:00,2026-06-02T12:00:00+09:00,2026-06-02,12:00,000660.KS,SK Hynix,kr_stock,korea_semiconductor,2325000.0,2330000.0,2283000.0,2297000.0,407894.0,KRW,yahoo_intraday,2026-06-05T12:01:03.116012+00:00
2026-06-02T04:00:00+00:00,2026-06-02T13:00:00+09:00,2026-06-02,13:00,000660.KS,SK Hynix,kr_stock,korea_semiconductor,2296000.0,2317000.0,2284000.0,2310000.0,405363.0,KRW,yahoo_intraday,2026-06-05T12:01:03.116012+00:00
2026-06-02T05:00:00+00:00,2026-06-02T14:00:00+09:00,2026-06-02,14:00,000660.KS,SK Hynix,kr_stock,korea_semiconductor,2310000.0,2368000.0,2305000.0,2342000.0,655402.0,KRW,yahoo_intraday,2026-06-05T12:01:03.116012+00:00
2026-06-04T00:00:00+00:00,2026-06-04T09:00:00+09:00,2026-06-04,09:00,000660.KS,SK Hynix,kr_stock,korea_semiconductor,2284000.0,2327000.0,2262000.0,2290000.0,0.0,KRW,yahoo_intraday,2026-06-05T12:01:03.116012+00:00
2026-06-04T01:00:00+00:00,2026-06-04T10:00:00+09:00,2026-06-04,10:00,000660.KS,SK Hynix,kr_stock,korea_semiconductor,2291000.0,2312000.0,2281000.0,2282000.0,557340.0,KRW,yahoo_intraday,2026-06-05T12:01:03.116012+00:00
2026-06-04T02:00:00+00:00,2026-06-04T11:00:00+09:00,2026-06-04,11:00,000660.KS,SK Hynix,kr_stock,korea_semiconductor,2282000.0,2303000.0,2267000.0,2291000.0,390051.0,KRW,yahoo_intraday,2026-06-05T12:01:03.116012+00:00
2026-06-04T03:00:00+00:00,2026-06-04T12:00:00+09:00,2026-06-04,12:00,000660.KS,SK Hynix,kr_stock,korea_semiconductor,2290000.0,2315000.0,2288000.0,2302000.0,265979.0,KRW,yahoo_intraday,2026-06-05T12:01:03.116012+00:00
2026-06-04T04:00:00+00:00,2026-06-04T13:00:00+09:00,2026-06-04,13:00,000660.KS,SK Hynix,kr_stock,korea_semiconductor,2303000.0,2309000.0,2287000.0,2306000.0,238326.0,KRW,yahoo_intraday,2026-06-05T12:01:03.116012+00:00
2026-06-04T05:00:00+00:00,2026-06-04T14:00:00+09:00,2026-06-04,14:00,000660.KS,SK Hynix,kr_stock,korea_semiconductor,2305000.0,2313000.0,2283000.0,2292000.0,402105.0,KRW,yahoo_intraday,2026-06-05T12:01:03.116012+00:00
2026-06-05T00:00:00+00:00,2026-06-05T09:00:00+09:00,2026-06-05,09:00,000660.KS,SK Hynix,kr_stock,korea_semiconductor,2142000.0,2153000.0,2077000.0,2094000.0,1671722.0,KRW,yahoo_intraday,2026-06-05T12:01:03.116012+00:00
2026-06-05T01:00:00+00:00,2026-06-05T10:00:00+09:00,2026-06-05,10:00,000660.KS,SK Hynix,kr_stock,korea_semiconductor,2094000.0,2158000.0,2078000.0,2150000.0,869730.0,KRW,yahoo_intraday,2026-06-05T12:01:03.116012+00:00
2026-06-05T02:00:00+00:00,2026-06-05T11:00:00+09:00,2026-06-05,11:00,000660.KS,SK Hynix,kr_stock,korea_semiconductor,2150000.0,2188000.0,2139000.0,2145000.0,660010.0,KRW,yahoo_intraday,2026-06-05T12:01:03.116012+00:00
2026-06-05T03:00:00+00:00,2026-06-05T12:00:00+09:00,2026-06-05,12:00,000660.KS,SK Hynix,kr_stock,korea_semiconductor,2146000.0,2159000.0,2105000.0,2124000.0,339731.0,KRW,yahoo_intraday,2026-06-05T12:01:03.116012+00:00
2026-06-05T04:00:00+00:00,2026-06-05T13:00:00+09:00,2026-06-05,13:00,000660.KS,SK Hynix,kr_stock,korea_semiconductor,2123000.0,2125000.0,2093000.0,2116000.0,385483.0,KRW,yahoo_intraday,2026-06-05T12:01:03.116012+00:00
2026-06-05T05:00:00+00:00,2026-06-05T14:00:00+09:00,2026-06-05,14:00,000660.KS,SK Hynix,kr_stock,korea_semiconductor,2116000.0,2130000.0,2093000.0,2094000.0,492445.0,KRW,yahoo_intraday,2026-06-05T12:01:03.116012+00:00
2026-06-05T06:00:00+00:00,2026-06-05T15:00:00+09:00,2026-06-05,15:00,000660.KS,SK Hynix,kr_stock,korea_semiconductor,2070000.0,2070000.0,2070000.0,2070000.0,0.0,KRW,yahoo_intraday,2026-06-05T12:01:03.116012+00:00
2026-06-01T00:00:00+00:00,2026-06-01T09:00:00+09:00,2026-06-01,09:00,005380.KS,Hyundai Motor,kr_stock,korea_exporter,736000.0,778000.0,727000.0,739000.0,0.0,KRW,yahoo_intraday,2026-06-05T12:01:03.116012+00:00
2026-06-01T01:00:00+00:00,2026-06-01T10:00:00+09:00,2026-06-01,10:00,005380.KS,Hyundai Motor,kr_stock,korea_exporter,740000.0,752000.0,734000.0,746000.0,318505.0,KRW,yahoo_intraday,2026-06-05T12:01:03.116012+00:00
2026-06-01T02:00:00+00:00,2026-06-01T11:00:00+09:00,2026-06-01,11:00,005380.KS,Hyundai Motor,kr_stock,korea_exporter,746000.0,755000.0,743000.0,753000.0,181238.0,KRW,yahoo_intraday,2026-06-05T12:01:03.116012+00:00
2026-06-01T03:00:00+00:00,2026-06-01T12:00:00+09:00,2026-06-01,12:00,005380.KS,Hyundai Motor,kr_stock,korea_exporter,752000.0,768000.0,751000.0,760000.0,253583.0,KRW,yahoo_intraday,2026-06-05T12:01:03.116012+00:00
2026-06-01T04:00:00+00:00,2026-06-01T13:00:00+09:00,2026-06-01,13:00,005380.KS,Hyundai Motor,kr_stock,korea_exporter,759000.0,783000.0,759000.0,777000.0,433375.0,KRW,yahoo_intraday,2026-06-05T12:01:03.116012+00:00
2026-06-01T05:00:00+00:00,2026-06-01T14:00:00+09:00,2026-06-01,14:00,005380.KS,Hyundai Motor,kr_stock,korea_exporter,777000.0,777000.0,745000.0,755000.0,380788.0,KRW,yahoo_intraday,2026-06-05T12:01:03.116012+00:00
2026-06-02T00:00:00+00:00,2026-06-02T09:00:00+09:00,2026-06-02,09:00,005380.KS,Hyundai Motor,kr_stock,korea_exporter,770000.0,772000.0,697000.0,702000.0,1185365.0,KRW,yahoo_intraday,2026-06-05T12:01:03.116012+00:00
2026-06-02T01:00:00+00:00,2026-06-02T10:00:00+09:00,2026-06-02,10:00,005380.KS,Hyundai Motor,kr_stock,korea_exporter,702000.0,725000.0,701000.0,706000.0,299539.0,KRW,yahoo_intraday,2026-06-05T12:01:03.116012+00:00
2026-06-02T02:00:00+00:00,2026-06-02T11:00:00+09:00,2026-06-02,11:00,005380.KS,Hyundai Motor,kr_stock,korea_exporter,706000.0,722000.0,702000.0,719000.0,224455.0,KRW,yahoo_intraday,2026-06-05T12:01:03.116012+00:00
2026-06-02T03:00:00+00:00,2026-06-02T12:00:00+09:00,2026-06-02,12:00,005380.KS,Hyundai Motor,kr_stock,korea_exporter,718000.0,720000.0,706000.0,712000.0,155892.0,KRW,yahoo_intraday,2026-06-05T12:01:03.116012+00:00
2026-06-02T04:00:00+00:00,2026-06-02T13:00:00+09:00,2026-06-02,13:00,005380.KS,Hyundai Motor,kr_stock,korea_exporter,712000.0,724000.0,710000.0,724000.0,129602.0,KRW,yahoo_intraday,2026-06-05T12:01:03.116012+00:00
2026-06-02T05:00:00+00:00,2026-06-02T14:00:00+09:00,2026-06-02,14:00,005380.KS,Hyundai Motor,kr_stock,korea_exporter,723000.0,735000.0,721000.0,727000.0,224565.0,KRW,yahoo_intraday,2026-06-05T12:01:03.116012+00:00
2026-06-04T00:00:00+00:00,2026-06-04T09:00:00+09:00,2026-06-04,09:00,005380.KS,Hyundai Motor,kr_stock,korea_exporter,708000.0,727000.0,692000.0,707000.0,0.0,KRW,yahoo_intraday,2026-06-05T12:01:03.116012+00:00
2026-06-04T01:00:00+00:00,2026-06-04T10:00:00+09:00,2026-06-04,10:00,005380.KS,Hyundai Motor,kr_stock,korea_exporter,707000.0,710000.0,698000.0,699000.0,133145.0,KRW,yahoo_intraday,2026-06-05T12:01:03.116012+00:00
2026-06-04T02:00:00+00:00,2026-06-04T11:00:00+09:00,2026-06-04,11:00,005380.KS,Hyundai Motor,kr_stock,korea_exporter,699000.0,705000.0,695000.0,703500.0,115410.0,KRW,yahoo_intraday,2026-06-05T12:01:03.116012+00:00
2026-06-04T03:00:00+00:00,2026-06-04T12:00:00+09:00,2026-06-04,12:00,005380.KS,Hyundai Motor,kr_stock,korea_exporter,703500.0,714000.0,703000.0,708000.0,100563.0,KRW,yahoo_intraday,2026-06-05T12:01:03.116012+00:00
2026-06-04T04:00:00+00:00,2026-06-04T13:00:00+09:00,2026-06-04,13:00,005380.KS,Hyundai Motor,kr_stock,korea_exporter,708000.0,712000.0,704000.0,708000.0,90674.0,KRW,yahoo_intraday,2026-06-05T12:01:03.116012+00:00
2026-06-04T05:00:00+00:00,2026-06-04T14:00:00+09:00,2026-06-04,14:00,005380.KS,Hyundai Motor,kr_stock,korea_exporter,707000.0,710000.0,702000.0,704000.0,116491.0,KRW,yahoo_intraday,2026-06-05T12:01:03.116012+00:00
2026-06-05T00:00:00+00:00,2026-06-05T09:00:00+09:00,2026-06-05,09:00,005380.KS,Hyundai Motor,kr_stock,korea_exporter,691000.0,691000.0,652000.0,659000.0,502497.0,KRW,yahoo_intraday,2026-06-05T12:01:03.116012+00:00
2026-06-05T01:00:00+00:00,2026-06-05T10:00:00+09:00,2026-06-05,10:00,005380.KS,Hyundai Motor,kr_stock,korea_exporter,658000.0,673000.0,650000.0,671000.0,217950.0,KRW,yahoo_intraday,2026-06-05T12:01:03.116012+00:00
2026-06-05T02:00:00+00:00,2026-06-05T11:00:00+09:00,2026-06-05,11:00,005380.KS,Hyundai Motor,kr_stock,korea_exporter,671000.0,684000.0,668000.0,676000.0,133252.0,KRW,yahoo_intraday,2026-06-05T12:01:03.116012+00:00
2026-06-05T03:00:00+00:00,2026-06-05T12:00:00+09:00,2026-06-05,12:00,005380.KS,Hyundai Motor,kr_stock,korea_exporter,676000.0,683000.0,672000.0,675000.0,86357.0,KRW,yahoo_intraday,2026-06-05T12:01:03.116012+00:00
2026-06-05T04:00:00+00:00,2026-06-05T13:00:00+09:00,2026-06-05,13:00,005380.KS,Hyundai Motor,kr_stock,korea_exporter,675000.0,688500.0,668000.0,686000.0,113914.0,KRW,yahoo_intraday,2026-06-05T12:01:03.116012+00:00
2026-06-05T05:00:00+00:00,2026-06-05T14:00:00+09:00,2026-06-05,14:00,005380.KS,Hyundai Motor,kr_stock,korea_exporter,686000.0,715000.0,681000.0,697000.0,336818.0,KRW,yahoo_intraday,2026-06-05T12:01:03.116012+00:00
2026-06-05T06:00:00+00:00,2026-06-05T15:00:00+09:00,2026-06-05,15:00,005380.KS,Hyundai Motor,kr_stock,korea_exporter,700000.0,700000.0,700000.0,700000.0,0.0,KRW,yahoo_intraday,2026-06-05T12:01:03.116012+00:00
2026-06-01T00:00:00+00:00,2026-06-01T09:00:00+09:00,2026-06-01,09:00,005930.KS,Samsung Electronics,kr_stock,korea_semiconductor,319500.0,335500.0,319500.0,334500.0,0.0,KRW,yahoo_intraday,2026-06-05T12:01:03.116012+00:00
2026-06-01T01:00:00+00:00,2026-06-01T10:00:00+09:00,2026-06-01,10:00,005930.KS,Samsung Electronics,kr_stock,korea_semiconductor,334750.0,349000.0,334500.0,346000.0,7934918.0,KRW,yahoo_intraday,2026-06-05T12:01:03.116012+00:00
2026-06-01T02:00:00+00:00,2026-06-01T11:00:00+09:00,2026-06-01,11:00,005930.KS,Samsung Electronics,kr_stock,korea_semiconductor,346000.0,348500.0,343500.0,346750.0,4337141.0,KRW,yahoo_intraday,2026-06-05T12:01:03.116012+00:00
2026-06-01T03:00:00+00:00,2026-06-01T12:00:00+09:00,2026-06-01,12:00,005930.KS,Samsung Electronics,kr_stock,korea_semiconductor,347000.0,349000.0,346000.0,347250.0,2699317.0,KRW,yahoo_intraday,2026-06-05T12:01:03.116012+00:00
2026-06-01T04:00:00+00:00,2026-06-01T13:00:00+09:00,2026-06-01,13:00,005930.KS,Samsung Electronics,kr_stock,korea_semiconductor,347000.0,350000.0,346500.0,349500.0,2900988.0,KRW,yahoo_intraday,2026-06-05T12:01:03.116012+00:00
2026-06-01T05:00:00+00:00,2026-06-01T14:00:00+09:00,2026-06-01,14:00,005930.KS,Samsung Electronics,kr_stock,korea_semiconductor,349500.0,351250.0,343500.0,351250.0,5004076.0,KRW,yahoo_intraday,2026-06-05T12:01:03.116012+00:00
2026-06-02T00:00:00+00:00,2026-06-02T09:00:00+09:00,2026-06-02,09:00,005930.KS,Samsung Electronics,kr_stock,korea_semiconductor,360500.0,370000.0,342000.0,350000.0,18741727.0,KRW,yahoo_intraday,2026-06-05T12:01:03.116012+00:00
2026-06-02T01:00:00+00:00,2026-06-02T10:00:00+09:00,2026-06-02,10:00,005930.KS,Samsung Electronics,kr_stock,korea_semiconductor,350000.0,361500.0,349500.0,350000.0,5277253.0,KRW,yahoo_intraday,2026-06-05T12:01:03.116012+00:00
2026-06-02T02:00:00+00:00,2026-06-02T11:00:00+09:00,2026-06-02,11:00,005930.KS,Samsung Electronics,kr_stock,korea_semiconductor,350000.0,356000.0,347000.0,352500.0,4053931.0,KRW,yahoo_intraday,2026-06-05T12:01:03.116012+00:00
2026-06-02T03:00:00+00:00,2026-06-02T12:00:00+09:00,2026-06-02,12:00,005930.KS,Samsung Electronics,kr_stock,korea_semiconductor,352500.0,353500.0,347500.0,351000.0,3120063.0,KRW,yahoo_intraday,2026-06-05T12:01:03.116012+00:00
2026-06-02T04:00:00+00:00,2026-06-02T13:00:00+09:00,2026-06-02,13:00,005930.KS,Samsung Electronics,kr_stock,korea_semiconductor,350750.0,356500.0,349500.0,356500.0,3565585.0,KRW,yahoo_intraday,2026-06-05T12:01:03.116012+00:00
2026-06-02T05:00:00+00:00,2026-06-02T14:00:00+09:00,2026-06-02,14:00,005930.KS,Samsung Electronics,kr_stock,korea_semiconductor,356250.0,366000.0,354500.0,361500.0,4358269.0,KRW,yahoo_intraday,2026-06-05T12:01:03.116012+00:00
2026-06-04T00:00:00+00:00,2026-06-04T09:00:00+09:00,2026-06-04,09:00,005930.KS,Samsung Electronics,kr_stock,korea_semiconductor,349000.0,366000.0,348000.0,359500.0,0.0,KRW,yahoo_intraday,2026-06-05T12:01:03.116012+00:00
2026-06-04T01:00:00+00:00,2026-06-04T10:00:00+09:00,2026-06-04,10:00,005930.KS,Samsung Electronics,kr_stock,korea_semiconductor,359500.0,362000.0,354500.0,354500.0,4558636.0,KRW,yahoo_intraday,2026-06-05T12:01:03.116012+00:00
2026-06-04T02:00:00+00:00,2026-06-04T11:00:00+09:00,2026-06-04,11:00,005930.KS,Samsung Electronics,kr_stock,korea_semiconductor,354500.0,356000.0,350500.0,353750.0,3823506.0,KRW,yahoo_intraday,2026-06-05T12:01:03.116012+00:00
2026-06-04T03:00:00+00:00,2026-06-04T12:00:00+09:00,2026-06-04,12:00,005930.KS,Samsung Electronics,kr_stock,korea_semiconductor,353750.0,360000.0,353500.0,358500.0,2642135.0,KRW,yahoo_intraday,2026-06-05T12:01:03.116012+00:00
2026-06-04T04:00:00+00:00,2026-06-04T13:00:00+09:00,2026-06-04,13:00,005930.KS,Samsung Electronics,kr_stock,korea_semiconductor,358500.0,359000.0,356000.0,357750.0,2230981.0,KRW,yahoo_intraday,2026-06-05T12:01:03.116012+00:00
2026-06-04T05:00:00+00:00,2026-06-04T14:00:00+09:00,2026-06-04,14:00,005930.KS,Samsung Electronics,kr_stock,korea_semiconductor,357500.0,359000.0,353500.0,355500.0,3445290.0,KRW,yahoo_intraday,2026-06-05T12:01:03.116012+00:00
2026-06-05T00:00:00+00:00,2026-06-05T09:00:00+09:00,2026-06-05,09:00,005930.KS,Samsung Electronics,kr_stock,korea_semiconductor,333500.0,335000.0,325000.0,326500.0,10420498.0,KRW,yahoo_intraday,2026-06-05T12:01:03.116012+00:00
2026-06-05T01:00:00+00:00,2026-06-05T10:00:00+09:00,2026-06-05,10:00,005930.KS,Samsung Electronics,kr_stock,korea_semiconductor,326500.0,338000.0,325500.0,337500.0,4585589.0,KRW,yahoo_intraday,2026-06-05T12:01:03.116012+00:00
2026-06-05T02:00:00+00:00,2026-06-05T11:00:00+09:00,2026-06-05,11:00,005930.KS,Samsung Electronics,kr_stock,korea_semiconductor,337500.0,343000.0,335000.0,336500.0,3581752.0,KRW,yahoo_intraday,2026-06-05T12:01:03.116012+00:00
2026-06-05T03:00:00+00:00,2026-06-05T12:00:00+09:00,2026-06-05,12:00,005930.KS,Samsung Electronics,kr_stock,korea_semiconductor,336500.0,338500.0,332500.0,334000.0,2179824.0,KRW,yahoo_intraday,2026-06-05T12:01:03.116012+00:00
2026-06-05T04:00:00+00:00,2026-06-05T13:00:00+09:00,2026-06-05,13:00,005930.KS,Samsung Electronics,kr_stock,korea_semiconductor,334000.0,335500.0,330000.0,334500.0,2701860.0,KRW,yahoo_intraday,2026-06-05T12:01:03.116012+00:00
2026-06-05T05:00:00+00:00,2026-06-05T14:00:00+09:00,2026-06-05,14:00,005930.KS,Samsung Electronics,kr_stock,korea_semiconductor,334500.0,336500.0,331000.0,331500.0,2903530.0,KRW,yahoo_intraday,2026-06-05T12:01:03.116012+00:00
2026-06-05T06:00:00+00:00,2026-06-05T15:00:00+09:00,2026-06-05,15:00,005930.KS,Samsung Electronics,kr_stock,korea_semiconductor,329000.0,329000.0,329000.0,329000.0,0.0,KRW,yahoo_intraday,2026-06-05T12:01:03.116012+00:00
2026-06-01T00:00:00+00:00,2026-06-01T09:00:00+09:00,2026-06-01,09:00,006400.KS,Samsung SDI,kr_stock,korea_battery,679000.0,679000.0,650000.0,663000.0,0.0,KRW,yahoo_intraday,2026-06-05T12:01:03.116012+00:00
2026-06-01T01:00:00+00:00,2026-06-01T10:00:00+09:00,2026-06-01,10:00,006400.KS,Samsung SDI,kr_stock,korea_battery,663000.0,671000.0,652000.0,654000.0,167825.0,KRW,yahoo_intraday,2026-06-05T12:01:03.116012+00:00
2026-06-01T02:00:00+00:00,2026-06-01T11:00:00+09:00,2026-06-01,11:00,006400.KS,Samsung SDI,kr_stock,korea_battery,654000.0,661000.0,652000.0,656000.0,76110.0,KRW,yahoo_intraday,2026-06-05T12:01:03.116012+00:00
2026-06-01T03:00:00+00:00,2026-06-01T12:00:00+09:00,2026-06-01,12:00,006400.KS,Samsung SDI,kr_stock,korea_battery,656000.0,660000.0,655000.0,657000.0,48795.0,KRW,yahoo_intraday,2026-06-05T12:01:03.116012+00:00
2026-06-01T04:00:00+00:00,2026-06-01T13:00:00+09:00,2026-06-01,13:00,006400.KS,Samsung SDI,kr_stock,korea_battery,657000.0,664000.0,655000.0,661000.0,55378.0,KRW,yahoo_intraday,2026-06-05T12:01:03.116012+00:00
2026-06-01T05:00:00+00:00,2026-06-01T14:00:00+09:00,2026-06-01,14:00,006400.KS,Samsung SDI,kr_stock,korea_battery,660000.0,662000.0,652000.0,653000.0,103528.0,KRW,yahoo_intraday,2026-06-05T12:01:03.116012+00:00
2026-06-02T00:00:00+00:00,2026-06-02T09:00:00+09:00,2026-06-02,09:00,006400.KS,Samsung SDI,kr_stock,korea_battery,641000.0,670000.0,621000.0,624000.0,449405.0,KRW,yahoo_intraday,2026-06-05T12:01:03.116012+00:00
2026-06-02T01:00:00+00:00,2026-06-02T10:00:00+09:00,2026-06-02,10:00,006400.KS,Samsung SDI,kr_stock,korea_battery,623000.0,630000.0,610500.0,612500.0,131302.0,KRW,yahoo_intraday,2026-06-05T12:01:03.116012+00:00
2026-06-02T02:00:00+00:00,2026-06-02T11:00:00+09:00,2026-06-02,11:00,006400.KS,Samsung SDI,kr_stock,korea_battery,612000.0,617000.0,603000.0,613000.0,81202.0,KRW,yahoo_intraday,2026-06-05T12:01:03.116012+00:00
2026-06-02T03:00:00+00:00,2026-06-02T12:00:00+09:00,2026-06-02,12:00,006400.KS,Samsung SDI,kr_stock,korea_battery,613000.0,614000.0,604000.0,611000.0,54232.0,KRW,yahoo_intraday,2026-06-05T12:01:03.116012+00:00
2026-06-02T04:00:00+00:00,2026-06-02T13:00:00+09:00,2026-06-02,13:00,006400.KS,Samsung SDI,kr_stock,korea_battery,611000.0,611000.0,605000.0,611000.0,46719.0,KRW,yahoo_intraday,2026-06-05T12:01:03.116012+00:00
2026-06-02T05:00:00+00:00,2026-06-02T14:00:00+09:00,2026-06-02,14:00,006400.KS,Samsung SDI,kr_stock,korea_battery,610000.0,615000.0,601000.0,602000.0,129540.0,KRW,yahoo_intraday,2026-06-05T12:01:03.116012+00:00
2026-06-04T00:00:00+00:00,2026-06-04T09:00:00+09:00,2026-06-04,09:00,006400.KS,Samsung SDI,kr_stock,korea_battery,604000.0,624000.0,588000.0,594000.0,0.0,KRW,yahoo_intraday,2026-06-05T12:01:03.116012+00:00
2026-06-04T01:00:00+00:00,2026-06-04T10:00:00+09:00,2026-06-04,10:00,006400.KS,Samsung SDI,kr_stock,korea_battery,594000.0,599000.0,586000.0,589000.0,56803.0,KRW,yahoo_intraday,2026-06-05T12:01:03.116012+00:00
2026-06-04T02:00:00+00:00,2026-06-04T11:00:00+09:00,2026-06-04,11:00,006400.KS,Samsung SDI,kr_stock,korea_battery,589000.0,605000.0,587000.0,601000.0,38880.0,KRW,yahoo_intraday,2026-06-05T12:01:03.116012+00:00
2026-06-04T03:00:00+00:00,2026-06-04T12:00:00+09:00,2026-06-04,12:00,006400.KS,Samsung SDI,kr_stock,korea_battery,601000.0,609000.0,600000.0,605000.0,38734.0,KRW,yahoo_intraday,2026-06-05T12:01:03.116012+00:00
2026-06-04T04:00:00+00:00,2026-06-04T13:00:00+09:00,2026-06-04,13:00,006400.KS,Samsung SDI,kr_stock,korea_battery,604000.0,608000.0,602000.0,604000.0,32044.0,KRW,yahoo_intraday,2026-06-05T12:01:03.116012+00:00
2026-06-04T05:00:00+00:00,2026-06-04T14:00:00+09:00,2026-06-04,14:00,006400.KS,Samsung SDI,kr_stock,korea_battery,603000.0,610000.0,600000.0,604000.0,49756.0,KRW,yahoo_intraday,2026-06-05T12:01:03.116012+00:00
2026-06-05T00:00:00+00:00,2026-06-05T09:00:00+09:00,2026-06-05,09:00,006400.KS,Samsung SDI,kr_stock,korea_battery,599000.0,601000.0,558000.0,558000.0,200891.0,KRW,yahoo_intraday,2026-06-05T12:01:03.116012+00:00
2026-06-05T01:00:00+00:00,2026-06-05T10:00:00+09:00,2026-06-05,10:00,006400.KS,Samsung SDI,kr_stock,korea_battery,558000.0,574000.0,555000.0,574000.0,86567.0,KRW,yahoo_intraday,2026-06-05T12:01:03.116012+00:00
2026-06-05T02:00:00+00:00,2026-06-05T11:00:00+09:00,2026-06-05,11:00,006400.KS,Samsung SDI,kr_stock,korea_battery,574000.0,580000.0,570000.0,573500.0,50946.0,KRW,yahoo_intraday,2026-06-05T12:01:03.116012+00:00
2026-06-05T03:00:00+00:00,2026-06-05T12:00:00+09:00,2026-06-05,12:00,006400.KS,Samsung SDI,kr_stock,korea_battery,573000.0,577000.0,565000.0,567000.0,38386.0,KRW,yahoo_intraday,2026-06-05T12:01:03.116012+00:00
2026-06-05T04:00:00+00:00,2026-06-05T13:00:00+09:00,2026-06-05,13:00,006400.KS,Samsung SDI,kr_stock,korea_battery,567000.0,573000.0,565000.0,572000.0,31154.0,KRW,yahoo_intraday,2026-06-05T12:01:03.116012+00:00
2026-06-05T05:00:00+00:00,2026-06-05T14:00:00+09:00,2026-06-05,14:00,006400.KS,Samsung SDI,kr_stock,korea_battery,572000.0,576000.0,564000.0,565000.0,55162.0,KRW,yahoo_intraday,2026-06-05T12:01:03.116012+00:00
2026-06-05T06:00:00+00:00,2026-06-05T15:00:00+09:00,2026-06-05,15:00,006400.KS,Samsung SDI,kr_stock,korea_battery,568000.0,568000.0,568000.0,568000.0,0.0,KRW,yahoo_intraday,2026-06-05T12:01:03.116012+00:00
2026-06-01T00:00:00+00:00,2026-06-01T09:00:00+09:00,2026-06-01,09:00,035420.KS,NAVER,kr_stock,korea_growth,251000.0,262000.0,244500.0,261500.0,0.0,KRW,yahoo_intraday,2026-06-05T12:01:03.116012+00:00
2026-06-01T01:00:00+00:00,2026-06-01T10:00:00+09:00,2026-06-01,10:00,035420.KS,NAVER,kr_stock,korea_growth,261500.0,262000.0,254500.0,258500.0,844569.0,KRW,yahoo_intraday,2026-06-05T12:01:03.116012+00:00
2026-06-01T02:00:00+00:00,2026-06-01T11:00:00+09:00,2026-06-01,11:00,035420.KS,NAVER,kr_stock,korea_growth,258500.0,272500.0,258000.0,271500.0,1472702.0,KRW,yahoo_intraday,2026-06-05T12:01:03.116012+00:00
2026-06-01T03:00:00+00:00,2026-06-01T12:00:00+09:00,2026-06-01,12:00,035420.KS,NAVER,kr_stock,korea_growth,272000.0,286000.0,267000.0,286000.0,1663769.0,KRW,yahoo_intraday,2026-06-05T12:01:03.116012+00:00
2026-06-01T04:00:00+00:00,2026-06-01T13:00:00+09:00,2026-06-01,13:00,035420.KS,NAVER,kr_stock,korea_growth,285500.0,303000.0,283000.0,303000.0,3108522.0,KRW,yahoo_intraday,2026-06-05T12:01:03.116012+00:00
2026-06-01T05:00:00+00:00,2026-06-01T14:00:00+09:00,2026-06-01,14:00,035420.KS,NAVER,kr_stock,korea_growth,302500.0,304000.0,274000.0,278000.0,3436117.0,KRW,yahoo_intraday,2026-06-05T12:01:03.116012+00:00
2026-06-02T00:00:00+00:00,2026-06-02T09:00:00+09:00,2026-06-02,09:00,035420.KS,NAVER,kr_stock,korea_growth,285000.0,289500.0,244000.0,248500.0,3896202.0,KRW,yahoo_intraday,2026-06-05T12:01:03.116012+00:00
2026-06-02T01:00:00+00:00,2026-06-02T10:00:00+09:00,2026-06-02,10:00,035420.KS,NAVER,kr_stock,korea_growth,249500.0,264000.0,248500.0,251000.0,920528.0,KRW,yahoo_intraday,2026-06-05T12:01:03.116012+00:00
2026-06-02T02:00:00+00:00,2026-06-02T11:00:00+09:00,2026-06-02,11:00,035420.KS,NAVER,kr_stock,korea_growth,251000.0,269000.0,250000.0,267500.0,645275.0,KRW,yahoo_intraday,2026-06-05T12:01:03.116012+00:00
2026-06-02T03:00:00+00:00,2026-06-02T12:00:00+09:00,2026-06-02,12:00,035420.KS,NAVER,kr_stock,korea_growth,267500.0,271500.0,257500.0,271500.0,631347.0,KRW,yahoo_intraday,2026-06-05T12:01:03.116012+00:00
2026-06-02T04:00:00+00:00,2026-06-02T13:00:00+09:00,2026-06-02,13:00,035420.KS,NAVER,kr_stock,korea_growth,275000.0,284000.0,271500.0,281000.0,1751295.0,KRW,yahoo_intraday,2026-06-05T12:01:03.116012+00:00
2026-06-02T05:00:00+00:00,2026-06-02T14:00:00+09:00,2026-06-02,14:00,035420.KS,NAVER,kr_stock,korea_growth,281000.0,286500.0,278000.0,280500.0,1076660.0,KRW,yahoo_intraday,2026-06-05T12:01:03.116012+00:00
2026-06-04T00:00:00+00:00,2026-06-04T09:00:00+09:00,2026-06-04,09:00,035420.KS,NAVER,kr_stock,korea_growth,267500.0,270000.0,255000.0,257500.0,0.0,KRW,yahoo_intraday,2026-06-05T12:01:03.116012+00:00
2026-06-04T01:00:00+00:00,2026-06-04T10:00:00+09:00,2026-06-04,10:00,035420.KS,NAVER,kr_stock,korea_growth,257500.0,260000.0,256000.0,258000.0,296407.0,KRW,yahoo_intraday,2026-06-05T12:01:03.116012+00:00
2026-06-04T02:00:00+00:00,2026-06-04T11:00:00+09:00,2026-06-04,11:00,035420.KS,NAVER,kr_stock,korea_growth,257500.0,264000.0,255000.0,263500.0,354228.0,KRW,yahoo_intraday,2026-06-05T12:01:03.116012+00:00
2026-06-04T03:00:00+00:00,2026-06-04T12:00:00+09:00,2026-06-04,12:00,035420.KS,NAVER,kr_stock,korea_growth,263500.0,267500.0,262500.0,264000.0,296661.0,KRW,yahoo_intraday,2026-06-05T12:01:03.116012+00:00
2026-06-04T04:00:00+00:00,2026-06-04T13:00:00+09:00,2026-06-04,13:00,035420.KS,NAVER,kr_stock,korea_growth,263500.0,269500.0,262500.0,268500.0,312816.0,KRW,yahoo_intraday,2026-06-05T12:01:03.116012+00:00
2026-06-04T05:00:00+00:00,2026-06-04T14:00:00+09:00,2026-06-04,14:00,035420.KS,NAVER,kr_stock,korea_growth,268000.0,275000.0,267500.0,269000.0,682622.0,KRW,yahoo_intraday,2026-06-05T12:01:03.116012+00:00
2026-06-05T00:00:00+00:00,2026-06-05T09:00:00+09:00,2026-06-05,09:00,035420.KS,NAVER,kr_stock,korea_growth,254500.0,260500.0,245500.0,247000.0,946961.0,KRW,yahoo_intraday,2026-06-05T12:01:03.116012+00:00
2026-06-05T01:00:00+00:00,2026-06-05T10:00:00+09:00,2026-06-05,10:00,035420.KS,NAVER,kr_stock,korea_growth,246500.0,255000.0,245000.0,252500.0,416906.0,KRW,yahoo_intraday,2026-06-05T12:01:03.116012+00:00
2026-06-05T02:00:00+00:00,2026-06-05T11:00:00+09:00,2026-06-05,11:00,035420.KS,NAVER,kr_stock,korea_growth,252500.0,254000.0,250500.0,251000.0,217548.0,KRW,yahoo_intraday,2026-06-05T12:01:03.116012+00:00
2026-06-05T03:00:00+00:00,2026-06-05T12:00:00+09:00,2026-06-05,12:00,035420.KS,NAVER,kr_stock,korea_growth,251000.0,255750.0,251000.0,251500.0,189142.0,KRW,yahoo_intraday,2026-06-05T12:01:03.116012+00:00
2026-06-05T04:00:00+00:00,2026-06-05T13:00:00+09:00,2026-06-05,13:00,035420.KS,NAVER,kr_stock,korea_growth,252000.0,263000.0,249000.0,262500.0,415448.0,KRW,yahoo_intraday,2026-06-05T12:01:03.116012+00:00
2026-06-05T05:00:00+00:00,2026-06-05T14:00:00+09:00,2026-06-05,14:00,035420.KS,NAVER,kr_stock,korea_growth,262500.0,266500.0,254000.0,255500.0,692601.0,KRW,yahoo_intraday,2026-06-05T12:01:03.116012+00:00
2026-06-05T06:00:00+00:00,2026-06-05T15:00:00+09:00,2026-06-05,15:00,035420.KS,NAVER,kr_stock,korea_growth,255500.0,255500.0,255500.0,255500.0,0.0,KRW,yahoo_intraday,2026-06-05T12:01:03.116012+00:00
2026-06-01T00:00:00+00:00,2026-06-01T09:00:00+09:00,2026-06-01,09:00,035720.KS,Kakao,kr_stock,korea_growth,43000.0,43150.0,41300.0,42700.0,0.0,KRW,yahoo_intraday,2026-06-05T12:01:03.116012+00:00
2026-06-01T01:00:00+00:00,2026-06-01T10:00:00+09:00,2026-06-01,10:00,035720.KS,Kakao,kr_stock,korea_growth,42700.0,42750.0,42150.0,42450.0,384445.0,KRW,yahoo_intraday,2026-06-05T12:01:03.116012+00:00
2026-06-01T02:00:00+00:00,2026-06-01T11:00:00+09:00,2026-06-01,11:00,035720.KS,Kakao,kr_stock,korea_growth,42450.0,43150.0,42400.0,43000.0,506985.0,KRW,yahoo_intraday,2026-06-05T12:01:03.116012+00:00
2026-06-01T03:00:00+00:00,2026-06-01T12:00:00+09:00,2026-06-01,12:00,035720.KS,Kakao,kr_stock,korea_growth,42950.0,43500.0,42700.0,43450.0,472970.0,KRW,yahoo_intraday,2026-06-05T12:01:03.116012+00:00
2026-06-01T04:00:00+00:00,2026-06-01T13:00:00+09:00,2026-06-01,13:00,035720.KS,Kakao,kr_stock,korea_growth,43450.0,45900.0,43350.0,45700.0,3619714.0,KRW,yahoo_intraday,2026-06-05T12:01:03.116012+00:00
2026-06-01T05:00:00+00:00,2026-06-01T14:00:00+09:00,2026-06-01,14:00,035720.KS,Kakao,kr_stock,korea_growth,45800.0,48500.0,42650.0,42825.0,5080084.0,KRW,yahoo_intraday,2026-06-05T12:01:03.116012+00:00
2026-06-02T00:00:00+00:00,2026-06-02T09:00:00+09:00,2026-06-02,09:00,035720.KS,Kakao,kr_stock,korea_growth,43300.0,43300.0,41100.0,41200.0,1549055.0,KRW,yahoo_intraday,2026-06-05T12:01:03.116012+00:00
2026-06-02T01:00:00+00:00,2026-06-02T10:00:00+09:00,2026-06-02,10:00,035720.KS,Kakao,kr_stock,korea_growth,41200.0,41850.0,41150.0,41250.0,358529.0,KRW,yahoo_intraday,2026-06-05T12:01:03.116012+00:00
2026-06-02T02:00:00+00:00,2026-06-02T11:00:00+09:00,2026-06-02,11:00,035720.KS,Kakao,kr_stock,korea_growth,41250.0,42150.0,41100.0,42050.0,298346.0,KRW,yahoo_intraday,2026-06-05T12:01:03.116012+00:00
2026-06-02T03:00:00+00:00,2026-06-02T12:00:00+09:00,2026-06-02,12:00,035720.KS,Kakao,kr_stock,korea_growth,42050.0,42050.0,41450.0,42000.0,221090.0,KRW,yahoo_intraday,2026-06-05T12:01:03.116012+00:00
2026-06-02T04:00:00+00:00,2026-06-02T13:00:00+09:00,2026-06-02,13:00,035720.KS,Kakao,kr_stock,korea_growth,41950.0,42400.0,41800.0,42200.0,304515.0,KRW,yahoo_intraday,2026-06-05T12:01:03.116012+00:00
2026-06-02T05:00:00+00:00,2026-06-02T14:00:00+09:00,2026-06-02,14:00,035720.KS,Kakao,kr_stock,korea_growth,42200.0,42900.0,42100.0,42550.0,465668.0,KRW,yahoo_intraday,2026-06-05T12:01:03.116012+00:00
2026-06-04T00:00:00+00:00,2026-06-04T09:00:00+09:00,2026-06-04,09:00,035720.KS,Kakao,kr_stock,korea_growth,41850.0,42550.0,41350.0,41750.0,0.0,KRW,yahoo_intraday,2026-06-05T12:01:03.116012+00:00
2026-06-04T01:00:00+00:00,2026-06-04T10:00:00+09:00,2026-06-04,10:00,035720.KS,Kakao,kr_stock,korea_growth,41700.0,42250.0,41700.0,41950.0,229500.0,KRW,yahoo_intraday,2026-06-05T12:01:03.116012+00:00
2026-06-04T02:00:00+00:00,2026-06-04T11:00:00+09:00,2026-06-04,11:00,035720.KS,Kakao,kr_stock,korea_growth,41950.0,42350.0,41600.0,42300.0,230205.0,KRW,yahoo_intraday,2026-06-05T12:01:03.116012+00:00
2026-06-04T03:00:00+00:00,2026-06-04T12:00:00+09:00,2026-06-04,12:00,035720.KS,Kakao,kr_stock,korea_growth,42350.0,42750.0,42150.0,42300.0,273972.0,KRW,yahoo_intraday,2026-06-05T12:01:03.116012+00:00
2026-06-04T04:00:00+00:00,2026-06-04T13:00:00+09:00,2026-06-04,13:00,035720.KS,Kakao,kr_stock,korea_growth,42300.0,42350.0,42050.0,42200.0,189919.0,KRW,yahoo_intraday,2026-06-05T12:01:03.116012+00:00
2026-06-04T05:00:00+00:00,2026-06-04T14:00:00+09:00,2026-06-04,14:00,035720.KS,Kakao,kr_stock,korea_growth,42150.0,42550.0,41950.0,42000.0,259584.0,KRW,yahoo_intraday,2026-06-05T12:01:03.116012+00:00
2026-06-05T00:00:00+00:00,2026-06-05T09:00:00+09:00,2026-06-05,09:00,035720.KS,Kakao,kr_stock,korea_growth,41250.0,41500.0,39850.0,39900.0,681370.0,KRW,yahoo_intraday,2026-06-05T12:01:03.116012+00:00
2026-06-05T01:00:00+00:00,2026-06-05T10:00:00+09:00,2026-06-05,10:00,035720.KS,Kakao,kr_stock,korea_growth,39950.0,40400.0,39800.0,40300.0,263846.0,KRW,yahoo_intraday,2026-06-05T12:01:03.116012+00:00
2026-06-05T02:00:00+00:00,2026-06-05T11:00:00+09:00,2026-06-05,11:00,035720.KS,Kakao,kr_stock,korea_growth,40300.0,40350.0,40100.0,40100.0,161503.0,KRW,yahoo_intraday,2026-06-05T12:01:03.116012+00:00
2026-06-05T03:00:00+00:00,2026-06-05T12:00:00+09:00,2026-06-05,12:00,035720.KS,Kakao,kr_stock,korea_growth,40100.0,40250.0,39900.0,39950.0,182090.0,KRW,yahoo_intraday,2026-06-05T12:01:03.116012+00:00
2026-06-05T04:00:00+00:00,2026-06-05T13:00:00+09:00,2026-06-05,13:00,035720.KS,Kakao,kr_stock,korea_growth,39950.0,40350.0,39800.0,40300.0,263535.0,KRW,yahoo_intraday,2026-06-05T12:01:03.116012+00:00
2026-06-05T05:00:00+00:00,2026-06-05T14:00:00+09:00,2026-06-05,14:00,035720.KS,Kakao,kr_stock,korea_growth,40350.0,40600.0,40100.0,40100.0,244535.0,KRW,yahoo_intraday,2026-06-05T12:01:03.116012+00:00
2026-06-05T06:00:00+00:00,2026-06-05T15:00:00+09:00,2026-06-05,15:00,035720.KS,Kakao,kr_stock,korea_growth,40250.0,40250.0,40250.0,40250.0,0.0,KRW,yahoo_intraday,2026-06-05T12:01:03.116012+00:00
2026-06-01T00:00:00+00:00,2026-06-01T09:00:00+09:00,2026-06-01,09:00,051910.KS,LG Chem,kr_stock,korea_battery,364500.0,377000.0,358500.0,372000.0,0.0,KRW,yahoo_intraday,2026-06-05T12:01:03.116012+00:00
2026-06-01T01:00:00+00:00,2026-06-01T10:00:00+09:00,2026-06-01,10:00,051910.KS,LG Chem,kr_stock,korea_battery,372000.0,377000.0,367500.0,371000.0,59687.0,KRW,yahoo_intraday,2026-06-05T12:01:03.116012+00:00
2026-06-01T02:00:00+00:00,2026-06-01T11:00:00+09:00,2026-06-01,11:00,051910.KS,LG Chem,kr_stock,korea_battery,370500.0,379000.0,370500.0,376000.0,46786.0,KRW,yahoo_intraday,2026-06-05T12:01:03.116012+00:00
2026-06-01T03:00:00+00:00,2026-06-01T12:00:00+09:00,2026-06-01,12:00,051910.KS,LG Chem,kr_stock,korea_battery,376500.0,379500.0,375000.0,375500.0,44496.0,KRW,yahoo_intraday,2026-06-05T12:01:03.116012+00:00
2026-06-01T04:00:00+00:00,2026-06-01T13:00:00+09:00,2026-06-01,13:00,051910.KS,LG Chem,kr_stock,korea_battery,375000.0,376000.0,369000.0,371000.0,71297.0,KRW,yahoo_intraday,2026-06-05T12:01:03.116012+00:00
2026-06-01T05:00:00+00:00,2026-06-01T14:00:00+09:00,2026-06-01,14:00,051910.KS,LG Chem,kr_stock,korea_battery,371000.0,374000.0,367000.0,367500.0,90156.0,KRW,yahoo_intraday,2026-06-05T12:01:03.116012+00:00
2026-06-02T00:00:00+00:00,2026-06-02T09:00:00+09:00,2026-06-02,09:00,051910.KS,LG Chem,kr_stock,korea_battery,358000.0,381000.0,356000.0,365000.0,201870.0,KRW,yahoo_intraday,2026-06-05T12:01:03.116012+00:00
2026-06-02T01:00:00+00:00,2026-06-02T10:00:00+09:00,2026-06-02,10:00,051910.KS,LG Chem,kr_stock,korea_battery,365000.0,366000.0,354000.0,355500.0,66247.0,KRW,yahoo_intraday,2026-06-05T12:01:03.116012+00:00
2026-06-02T02:00:00+00:00,2026-06-02T11:00:00+09:00,2026-06-02,11:00,051910.KS,LG Chem,kr_stock,korea_battery,355000.0,358000.0,354000.0,356500.0,30136.0,KRW,yahoo_intraday,2026-06-05T12:01:03.116012+00:00
2026-06-02T03:00:00+00:00,2026-06-02T12:00:00+09:00,2026-06-02,12:00,051910.KS,LG Chem,kr_stock,korea_battery,356500.0,358500.0,354500.0,358500.0,34669.0,KRW,yahoo_intraday,2026-06-05T12:01:03.116012+00:00
2026-06-02T04:00:00+00:00,2026-06-02T13:00:00+09:00,2026-06-02,13:00,051910.KS,LG Chem,kr_stock,korea_battery,358000.0,359500.0,355500.0,358500.0,33653.0,KRW,yahoo_intraday,2026-06-05T12:01:03.116012+00:00
2026-06-02T05:00:00+00:00,2026-06-02T14:00:00+09:00,2026-06-02,14:00,051910.KS,LG Chem,kr_stock,korea_battery,358000.0,362000.0,357000.0,360000.0,52401.0,KRW,yahoo_intraday,2026-06-05T12:01:03.116012+00:00
2026-06-04T00:00:00+00:00,2026-06-04T09:00:00+09:00,2026-06-04,09:00,051910.KS,LG Chem,kr_stock,korea_battery,351500.0,358500.0,340500.0,354000.0,0.0,KRW,yahoo_intraday,2026-06-05T12:01:03.116012+00:00
2026-06-04T01:00:00+00:00,2026-06-04T10:00:00+09:00,2026-06-04,10:00,051910.KS,LG Chem,kr_stock,korea_battery,353500.0,356500.0,343000.0,345500.0,47584.0,KRW,yahoo_intraday,2026-06-05T12:01:03.116012+00:00
2026-06-04T02:00:00+00:00,2026-06-04T11:00:00+09:00,2026-06-04,11:00,051910.KS,LG Chem,kr_stock,korea_battery,345500.0,349500.0,344000.0,347500.0,34938.0,KRW,yahoo_intraday,2026-06-05T12:01:03.116012+00:00
2026-06-04T03:00:00+00:00,2026-06-04T12:00:00+09:00,2026-06-04,12:00,051910.KS,LG Chem,kr_stock,korea_battery,347000.0,350000.0,347000.0,348500.0,28766.0,KRW,yahoo_intraday,2026-06-05T12:01:03.116012+00:00
2026-06-04T04:00:00+00:00,2026-06-04T13:00:00+09:00,2026-06-04,13:00,051910.KS,LG Chem,kr_stock,korea_battery,349000.0,352500.0,346500.0,352000.0,35644.0,KRW,yahoo_intraday,2026-06-05T12:01:03.116012+00:00
2026-06-04T05:00:00+00:00,2026-06-04T14:00:00+09:00,2026-06-04,14:00,051910.KS,LG Chem,kr_stock,korea_battery,351500.0,354000.0,350000.0,350500.0,45740.0,KRW,yahoo_intraday,2026-06-05T12:01:03.116012+00:00
2026-06-05T00:00:00+00:00,2026-06-05T09:00:00+09:00,2026-06-05,09:00,051910.KS,LG Chem,kr_stock,korea_battery,357000.0,359000.0,331000.0,331500.0,85484.0,KRW,yahoo_intraday,2026-06-05T12:01:03.116012+00:00
2026-06-05T01:00:00+00:00,2026-06-05T10:00:00+09:00,2026-06-05,10:00,051910.KS,LG Chem,kr_stock,korea_battery,331500.0,350000.0,330000.0,349500.0,50409.0,KRW,yahoo_intraday,2026-06-05T12:01:03.116012+00:00
2026-06-05T02:00:00+00:00,2026-06-05T11:00:00+09:00,2026-06-05,11:00,051910.KS,LG Chem,kr_stock,korea_battery,350000.0,350000.0,344000.0,346500.0,21314.0,KRW,yahoo_intraday,2026-06-05T12:01:03.116012+00:00
2026-06-05T03:00:00+00:00,2026-06-05T12:00:00+09:00,2026-06-05,12:00,051910.KS,LG Chem,kr_stock,korea_battery,346500.0,351500.0,345500.0,348000.0,27581.0,KRW,yahoo_intraday,2026-06-05T12:01:03.116012+00:00
2026-06-05T04:00:00+00:00,2026-06-05T13:00:00+09:00,2026-06-05,13:00,051910.KS,LG Chem,kr_stock,korea_battery,348500.0,350000.0,344500.0,348500.0,22420.0,KRW,yahoo_intraday,2026-06-05T12:01:03.116012+00:00
2026-06-05T05:00:00+00:00,2026-06-05T14:00:00+09:00,2026-06-05,14:00,051910.KS,LG Chem,kr_stock,korea_battery,348500.0,353500.0,346000.0,347000.0,30191.0,KRW,yahoo_intraday,2026-06-05T12:01:03.116012+00:00
2026-06-05T06:00:00+00:00,2026-06-05T15:00:00+09:00,2026-06-05,15:00,051910.KS,LG Chem,kr_stock,korea_battery,349000.0,349000.0,349000.0,349000.0,0.0,KRW,yahoo_intraday,2026-06-05T12:01:03.116012+00:00
2026-06-01T00:00:00+00:00,2026-06-01T09:00:00+09:00,2026-06-01,09:00,068270.KS,Celltrion,kr_stock,korea_defensive,182285.71875,185047.625,180095.25,183428.578125,0.0,KRW,yahoo_intraday,2026-06-05T12:01:03.116012+00:00
2026-06-01T01:00:00+00:00,2026-06-01T10:00:00+09:00,2026-06-01,10:00,068270.KS,Celltrion,kr_stock,korea_defensive,183333.34375,183428.578125,181714.296875,182000.015625,88537.0,KRW,yahoo_intraday,2026-06-05T12:01:03.116012+00:00
2026-06-01T02:00:00+00:00,2026-06-01T11:00:00+09:00,2026-06-01,11:00,068270.KS,Celltrion,kr_stock,korea_defensive,181904.765625,183523.8125,181904.765625,183238.109375,104910.0,KRW,yahoo_intraday,2026-06-05T12:01:03.116012+00:00
2026-06-01T03:00:00+00:00,2026-06-01T12:00:00+09:00,2026-06-01,12:00,068270.KS,Celltrion,kr_stock,korea_defensive,183142.859375,183333.34375,181809.53125,182000.015625,79337.0,KRW,yahoo_intraday,2026-06-05T12:01:03.116012+00:00
2026-06-01T04:00:00+00:00,2026-06-01T13:00:00+09:00,2026-06-01,13:00,068270.KS,Celltrion,kr_stock,korea_defensive,182000.015625,182952.390625,181809.53125,182857.15625,126099.0,KRW,yahoo_intraday,2026-06-05T12:01:03.116012+00:00
2026-06-01T05:00:00+00:00,2026-06-01T14:00:00+09:00,2026-06-01,14:00,068270.KS,Celltrion,kr_stock,korea_defensive,182666.671875,185238.109375,182476.203125,182857.15625,171842.0,KRW,yahoo_intraday,2026-06-05T12:01:03.116012+00:00
2026-06-02T00:00:00+00:00,2026-06-02T09:00:00+09:00,2026-06-02,09:00,068270.KS,Celltrion,kr_stock,korea_defensive,181428.578125,182571.4375,177333.34375,177428.578125,245486.0,KRW,yahoo_intraday,2026-06-05T12:01:03.116012+00:00
2026-06-02T01:00:00+00:00,2026-06-02T10:00:00+09:00,2026-06-02,10:00,068270.KS,Celltrion,kr_stock,korea_defensive,177571.4375,178666.671875,177142.859375,177238.109375,111080.0,KRW,yahoo_intraday,2026-06-05T12:01:03.116012+00:00
2026-06-02T02:00:00+00:00,2026-06-02T11:00:00+09:00,2026-06-02,11:00,068270.KS,Celltrion,kr_stock,korea_defensive,177238.109375,180190.484375,176857.15625,179904.765625,81692.0,KRW,yahoo_intraday,2026-06-05T12:01:03.116012+00:00
2026-06-02T03:00:00+00:00,2026-06-02T12:00:00+09:00,2026-06-02,12:00,068270.KS,Celltrion,kr_stock,korea_defensive,179904.765625,179952.390625,178761.90625,178952.390625,47780.0,KRW,yahoo_intraday,2026-06-05T12:01:03.116012+00:00
2026-06-02T04:00:00+00:00,2026-06-02T13:00:00+09:00,2026-06-02,13:00,068270.KS,Celltrion,kr_stock,korea_defensive,178857.15625,179238.109375,178190.484375,178666.671875,57478.0,KRW,yahoo_intraday,2026-06-05T12:01:03.116012+00:00
2026-06-02T05:00:00+00:00,2026-06-02T14:00:00+09:00,2026-06-02,14:00,068270.KS,Celltrion,kr_stock,korea_defensive,178761.90625,180571.4375,178666.671875,179142.859375,90524.0,KRW,yahoo_intraday,2026-06-05T12:01:03.116012+00:00
2026-06-04T00:00:00+00:00,2026-06-04T09:00:00+09:00,2026-06-04,09:00,068270.KS,Celltrion,kr_stock,korea_defensive,181200.0,181900.0,174000.0,175900.0,0.0,KRW,yahoo_intraday,2026-06-05T12:01:03.116012+00:00
2026-06-04T01:00:00+00:00,2026-06-04T10:00:00+09:00,2026-06-04,10:00,068270.KS,Celltrion,kr_stock,korea_defensive,175900.0,177800.0,175300.0,176500.0,81035.0,KRW,yahoo_intraday,2026-06-05T12:01:03.116012+00:00
2026-06-04T02:00:00+00:00,2026-06-04T11:00:00+09:00,2026-06-04,11:00,068270.KS,Celltrion,kr_stock,korea_defensive,176500.0,177500.0,175600.0,177400.0,52364.0,KRW,yahoo_intraday,2026-06-05T12:01:03.116012+00:00
2026-06-04T03:00:00+00:00,2026-06-04T12:00:00+09:00,2026-06-04,12:00,068270.KS,Celltrion,kr_stock,korea_defensive,177400.0,178500.0,176800.0,177500.0,55699.0,KRW,yahoo_intraday,2026-06-05T12:01:03.116012+00:00
2026-06-04T04:00:00+00:00,2026-06-04T13:00:00+09:00,2026-06-04,13:00,068270.KS,Celltrion,kr_stock,korea_defensive,177500.0,178000.0,176700.0,177600.0,55161.0,KRW,yahoo_intraday,2026-06-05T12:01:03.116012+00:00
2026-06-04T05:00:00+00:00,2026-06-04T14:00:00+09:00,2026-06-04,14:00,068270.KS,Celltrion,kr_stock,korea_defensive,177700.0,178400.0,176300.0,176500.0,72448.0,KRW,yahoo_intraday,2026-06-05T12:01:03.116012+00:00
2026-06-05T00:00:00+00:00,2026-06-05T09:00:00+09:00,2026-06-05,09:00,068270.KS,Celltrion,kr_stock,korea_defensive,179700.0,179800.0,170100.0,170300.0,193300.0,KRW,yahoo_intraday,2026-06-05T12:01:03.116012+00:00
2026-06-05T01:00:00+00:00,2026-06-05T10:00:00+09:00,2026-06-05,10:00,068270.KS,Celltrion,kr_stock,korea_defensive,170200.0,172400.0,169900.0,172100.0,110624.0,KRW,yahoo_intraday,2026-06-05T12:01:03.116012+00:00
2026-06-05T02:00:00+00:00,2026-06-05T11:00:00+09:00,2026-06-05,11:00,068270.KS,Celltrion,kr_stock,korea_defensive,172000.0,172200.0,170700.0,171000.0,60945.0,KRW,yahoo_intraday,2026-06-05T12:01:03.116012+00:00
2026-06-05T03:00:00+00:00,2026-06-05T12:00:00+09:00,2026-06-05,12:00,068270.KS,Celltrion,kr_stock,korea_defensive,171100.0,171400.0,170100.0,170400.0,44689.0,KRW,yahoo_intraday,2026-06-05T12:01:03.116012+00:00
2026-06-05T04:00:00+00:00,2026-06-05T13:00:00+09:00,2026-06-05,13:00,068270.KS,Celltrion,kr_stock,korea_defensive,170400.0,170900.0,170000.0,170400.0,50994.0,KRW,yahoo_intraday,2026-06-05T12:01:03.116012+00:00
2026-06-05T05:00:00+00:00,2026-06-05T14:00:00+09:00,2026-06-05,14:00,068270.KS,Celltrion,kr_stock,korea_defensive,170300.0,171600.0,170100.0,170600.0,69315.0,KRW,yahoo_intraday,2026-06-05T12:01:03.116012+00:00
2026-06-05T06:00:00+00:00,2026-06-05T15:00:00+09:00,2026-06-05,15:00,068270.KS,Celltrion,kr_stock,korea_defensive,171400.0,171400.0,171400.0,171400.0,0.0,KRW,yahoo_intraday,2026-06-05T12:01:03.116012+00:00
2026-06-01T00:00:00+00:00,2026-06-01T09:00:00+09:00,2026-06-01,09:00,069500.KS,KODEX 200 ETF,kr_etf,korea_market,135000.0,138870.0,134815.0,138595.0,0.0,KRW,yahoo_intraday,2026-06-05T12:01:03.116012+00:00
2026-06-01T01:00:00+00:00,2026-06-01T10:00:00+09:00,2026-06-01,10:00,069500.KS,KODEX 200 ETF,kr_etf,korea_market,138595.0,141750.0,138550.0,141710.0,3852841.0,KRW,yahoo_intraday,2026-06-05T12:01:03.116012+00:00
2026-06-01T02:00:00+00:00,2026-06-01T11:00:00+09:00,2026-06-01,11:00,069500.KS,KODEX 200 ETF,kr_etf,korea_market,141700.0,142225.0,141315.0,141920.0,4504172.0,KRW,yahoo_intraday,2026-06-05T12:01:03.116012+00:00
2026-06-01T03:00:00+00:00,2026-06-01T12:00:00+09:00,2026-06-01,12:00,069500.KS,KODEX 200 ETF,kr_etf,korea_market,141920.0,142270.0,141035.0,141385.0,2823715.0,KRW,yahoo_intraday,2026-06-05T12:01:03.116012+00:00
2026-06-01T04:00:00+00:00,2026-06-01T13:00:00+09:00,2026-06-01,13:00,069500.KS,KODEX 200 ETF,kr_etf,korea_market,141430.0,142310.0,141310.0,142300.0,2476783.0,KRW,yahoo_intraday,2026-06-05T12:01:03.116012+00:00
2026-06-01T05:00:00+00:00,2026-06-01T14:00:00+09:00,2026-06-01,14:00,069500.KS,KODEX 200 ETF,kr_etf,korea_market,142300.0,142305.0,140025.0,141400.0,2497181.0,KRW,yahoo_intraday,2026-06-05T12:01:03.116012+00:00
2026-06-02T00:00:00+00:00,2026-06-02T09:00:00+09:00,2026-06-02,09:00,069500.KS,KODEX 200 ETF,kr_etf,korea_market,142700.0,143640.0,136900.0,137325.0,7233139.0,KRW,yahoo_intraday,2026-06-05T12:01:03.116012+00:00
2026-06-02T01:00:00+00:00,2026-06-02T10:00:00+09:00,2026-06-02,10:00,069500.KS,KODEX 200 ETF,kr_etf,korea_market,137305.0,140450.0,137010.0,137025.0,4148120.0,KRW,yahoo_intraday,2026-06-05T12:01:03.116012+00:00
2026-06-02T02:00:00+00:00,2026-06-02T11:00:00+09:00,2026-06-02,11:00,069500.KS,KODEX 200 ETF,kr_etf,korea_market,137020.0,139590.0,136430.0,138960.0,2478282.0,KRW,yahoo_intraday,2026-06-05T12:01:03.116012+00:00
2026-06-02T03:00:00+00:00,2026-06-02T12:00:00+09:00,2026-06-02,12:00,069500.KS,KODEX 200 ETF,kr_etf,korea_market,138970.0,139310.0,136905.0,138100.0,2504562.0,KRW,yahoo_intraday,2026-06-05T12:01:03.116012+00:00
2026-06-02T04:00:00+00:00,2026-06-02T13:00:00+09:00,2026-06-02,13:00,069500.KS,KODEX 200 ETF,kr_etf,korea_market,138100.0,139750.0,137665.0,139575.0,2910007.0,KRW,yahoo_intraday,2026-06-05T12:01:03.116012+00:00
2026-06-02T05:00:00+00:00,2026-06-02T14:00:00+09:00,2026-06-02,14:00,069500.KS,KODEX 200 ETF,kr_etf,korea_market,139595.0,142435.0,139240.0,141210.0,3470947.0,KRW,yahoo_intraday,2026-06-05T12:01:03.116012+00:00
2026-06-04T00:00:00+00:00,2026-06-04T09:00:00+09:00,2026-06-04,09:00,069500.KS,KODEX 200 ETF,kr_etf,korea_market,138375.0,140930.0,137565.0,139265.0,0.0,KRW,yahoo_intraday,2026-06-05T12:01:03.116012+00:00
2026-06-04T01:00:00+00:00,2026-06-04T10:00:00+09:00,2026-06-04,10:00,069500.KS,KODEX 200 ETF,kr_etf,korea_market,139230.0,140310.0,138330.0,138470.0,3027110.0,KRW,yahoo_intraday,2026-06-05T12:01:03.116012+00:00
2026-06-04T02:00:00+00:00,2026-06-04T11:00:00+09:00,2026-06-04,11:00,069500.KS,KODEX 200 ETF,kr_etf,korea_market,138470.0,139765.0,137460.0,139160.0,2457251.0,KRW,yahoo_intraday,2026-06-05T12:01:03.116012+00:00
2026-06-04T03:00:00+00:00,2026-06-04T12:00:00+09:00,2026-06-04,12:00,069500.KS,KODEX 200 ETF,kr_etf,korea_market,139170.0,140970.0,139115.0,140290.0,1951525.0,KRW,yahoo_intraday,2026-06-05T12:01:03.116012+00:00
2026-06-04T04:00:00+00:00,2026-06-04T13:00:00+09:00,2026-06-04,13:00,069500.KS,KODEX 200 ETF,kr_etf,korea_market,140280.0,140370.0,139455.0,140255.0,1763864.0,KRW,yahoo_intraday,2026-06-05T12:01:03.116012+00:00
2026-06-04T05:00:00+00:00,2026-06-04T14:00:00+09:00,2026-06-04,14:00,069500.KS,KODEX 200 ETF,kr_etf,korea_market,140235.0,140540.0,138830.0,139270.0,1163348.0,KRW,yahoo_intraday,2026-06-05T12:01:03.116012+00:00
2026-06-05T00:00:00+00:00,2026-06-05T09:00:00+09:00,2026-06-05,09:00,069500.KS,KODEX 200 ETF,kr_etf,korea_market,133445.0,133445.0,129000.0,129110.0,7995498.0,KRW,yahoo_intraday,2026-06-05T12:01:03.116012+00:00
2026-06-05T01:00:00+00:00,2026-06-05T10:00:00+09:00,2026-06-05,10:00,069500.KS,KODEX 200 ETF,kr_etf,korea_market,129125.0,132860.0,128485.0,132820.0,3633434.0,KRW,yahoo_intraday,2026-06-05T12:01:03.116012+00:00
2026-06-05T02:00:00+00:00,2026-06-05T11:00:00+09:00,2026-06-05,11:00,069500.KS,KODEX 200 ETF,kr_etf,korea_market,132820.0,134560.0,132315.0,132765.0,2123748.0,KRW,yahoo_intraday,2026-06-05T12:01:03.116012+00:00
2026-06-05T03:00:00+00:00,2026-06-05T12:00:00+09:00,2026-06-05,12:00,069500.KS,KODEX 200 ETF,kr_etf,korea_market,132765.0,133315.0,131000.0,131590.0,1604910.0,KRW,yahoo_intraday,2026-06-05T12:01:03.116012+00:00
2026-06-05T04:00:00+00:00,2026-06-05T13:00:00+09:00,2026-06-05,13:00,069500.KS,KODEX 200 ETF,kr_etf,korea_market,131605.0,131985.0,130165.0,131615.0,3156582.0,KRW,yahoo_intraday,2026-06-05T12:01:03.116012+00:00
2026-06-05T05:00:00+00:00,2026-06-05T14:00:00+09:00,2026-06-05,14:00,069500.KS,KODEX 200 ETF,kr_etf,korea_market,131610.0,132695.0,130900.0,130925.0,2026137.0,KRW,yahoo_intraday,2026-06-05T12:01:03.116012+00:00
2026-06-05T06:00:00+00:00,2026-06-05T15:00:00+09:00,2026-06-05,15:00,069500.KS,KODEX 200 ETF,kr_etf,korea_market,131030.0,131030.0,131030.0,131030.0,0.0,KRW,yahoo_intraday,2026-06-05T12:01:03.116012+00:00
2026-06-01T00:00:00+00:00,2026-06-01T09:00:00+09:00,2026-06-01,09:00,105560.KS,KB Financial,kr_stock,korea_financial,149100.0,155500.0,149100.0,153200.0,0.0,KRW,yahoo_intraday,2026-06-05T12:01:03.116012+00:00
2026-06-01T01:00:00+00:00,2026-06-01T10:00:00+09:00,2026-06-01,10:00,105560.KS,KB Financial,kr_stock,korea_financial,153200.0,153800.0,151300.0,153400.0,117329.0,KRW,yahoo_intraday,2026-06-05T12:01:03.116012+00:00
2026-06-01T02:00:00+00:00,2026-06-01T11:00:00+09:00,2026-06-01,11:00,105560.KS,KB Financial,kr_stock,korea_financial,153400.0,154600.0,153000.0,153700.0,149915.0,KRW,yahoo_intraday,2026-06-05T12:01:03.116012+00:00
2026-06-01T03:00:00+00:00,2026-06-01T12:00:00+09:00,2026-06-01,12:00,105560.KS,KB Financial,kr_stock,korea_financial,153700.0,154100.0,153300.0,153500.0,111647.0,KRW,yahoo_intraday,2026-06-05T12:01:03.116012+00:00
2026-06-01T04:00:00+00:00,2026-06-01T13:00:00+09:00,2026-06-01,13:00,105560.KS,KB Financial,kr_stock,korea_financial,153500.0,154700.0,152500.0,153400.0,147588.0,KRW,yahoo_intraday,2026-06-05T12:01:03.116012+00:00
2026-06-01T05:00:00+00:00,2026-06-01T14:00:00+09:00,2026-06-01,14:00,105560.KS,KB Financial,kr_stock,korea_financial,153400.0,153800.0,152100.0,153300.0,222739.0,KRW,yahoo_intraday,2026-06-05T12:01:03.116012+00:00
2026-06-02T00:00:00+00:00,2026-06-02T09:00:00+09:00,2026-06-02,09:00,105560.KS,KB Financial,kr_stock,korea_financial,155800.0,155800.0,150100.0,150300.0,383016.0,KRW,yahoo_intraday,2026-06-05T12:01:03.116012+00:00
2026-06-02T01:00:00+00:00,2026-06-02T10:00:00+09:00,2026-06-02,10:00,105560.KS,KB Financial,kr_stock,korea_financial,150300.0,152500.0,150000.0,151600.0,140943.0,KRW,yahoo_intraday,2026-06-05T12:01:03.116012+00:00
2026-06-02T02:00:00+00:00,2026-06-02T11:00:00+09:00,2026-06-02,11:00,105560.KS,KB Financial,kr_stock,korea_financial,151600.0,152600.0,151000.0,152200.0,114272.0,KRW,yahoo_intraday,2026-06-05T12:01:03.116012+00:00
2026-06-02T03:00:00+00:00,2026-06-02T12:00:00+09:00,2026-06-02,12:00,105560.KS,KB Financial,kr_stock,korea_financial,152200.0,153500.0,152200.0,152800.0,108942.0,KRW,yahoo_intraday,2026-06-05T12:01:03.116012+00:00
2026-06-02T04:00:00+00:00,2026-06-02T13:00:00+09:00,2026-06-02,13:00,105560.KS,KB Financial,kr_stock,korea_financial,152800.0,154800.0,152100.0,154700.0,149684.0,KRW,yahoo_intraday,2026-06-05T12:01:03.116012+00:00
2026-06-02T05:00:00+00:00,2026-06-02T14:00:00+09:00,2026-06-02,14:00,105560.KS,KB Financial,kr_stock,korea_financial,154700.0,156500.0,154400.0,156000.0,194017.0,KRW,yahoo_intraday,2026-06-05T12:01:03.116012+00:00
2026-06-04T00:00:00+00:00,2026-06-04T09:00:00+09:00,2026-06-04,09:00,105560.KS,KB Financial,kr_stock,korea_financial,156600.0,158800.0,154600.0,157400.0,0.0,KRW,yahoo_intraday,2026-06-05T12:01:03.116012+00:00
2026-06-04T01:00:00+00:00,2026-06-04T10:00:00+09:00,2026-06-04,10:00,105560.KS,KB Financial,kr_stock,korea_financial,157500.0,161500.0,157300.0,159400.0,303496.0,KRW,yahoo_intraday,2026-06-05T12:01:03.116012+00:00
2026-06-04T02:00:00+00:00,2026-06-04T11:00:00+09:00,2026-06-04,11:00,105560.KS,KB Financial,kr_stock,korea_financial,159400.0,164200.0,159200.0,163700.0,339533.0,KRW,yahoo_intraday,2026-06-05T12:01:03.116012+00:00
2026-06-04T03:00:00+00:00,2026-06-04T12:00:00+09:00,2026-06-04,12:00,105560.KS,KB Financial,kr_stock,korea_financial,163700.0,165900.0,163100.0,164000.0,294185.0,KRW,yahoo_intraday,2026-06-05T12:01:03.116012+00:00
2026-06-04T04:00:00+00:00,2026-06-04T13:00:00+09:00,2026-06-04,13:00,105560.KS,KB Financial,kr_stock,korea_financial,164000.0,165000.0,162800.0,165000.0,233543.0,KRW,yahoo_intraday,2026-06-05T12:01:03.116012+00:00
2026-06-04T05:00:00+00:00,2026-06-04T14:00:00+09:00,2026-06-04,14:00,105560.KS,KB Financial,kr_stock,korea_financial,165000.0,165500.0,163500.0,163900.0,249098.0,KRW,yahoo_intraday,2026-06-05T12:01:03.116012+00:00
2026-06-05T00:00:00+00:00,2026-06-05T09:00:00+09:00,2026-06-05,09:00,105560.KS,KB Financial,kr_stock,korea_financial,171500.0,175700.0,167200.0,169100.0,1204373.0,KRW,yahoo_intraday,2026-06-05T12:01:03.116012+00:00
2026-06-05T01:00:00+00:00,2026-06-05T10:00:00+09:00,2026-06-05,10:00,105560.KS,KB Financial,kr_stock,korea_financial,169100.0,170400.0,166000.0,167200.0,433087.0,KRW,yahoo_intraday,2026-06-05T12:01:03.116012+00:00
2026-06-05T02:00:00+00:00,2026-06-05T11:00:00+09:00,2026-06-05,11:00,105560.KS,KB Financial,kr_stock,korea_financial,167300.0,169400.0,166000.0,168500.0,213645.0,KRW,yahoo_intraday,2026-06-05T12:01:03.116012+00:00
2026-06-05T03:00:00+00:00,2026-06-05T12:00:00+09:00,2026-06-05,12:00,105560.KS,KB Financial,kr_stock,korea_financial,168500.0,170900.0,168200.0,169900.0,212866.0,KRW,yahoo_intraday,2026-06-05T12:01:03.116012+00:00
2026-06-05T04:00:00+00:00,2026-06-05T13:00:00+09:00,2026-06-05,13:00,105560.KS,KB Financial,kr_stock,korea_financial,169900.0,170500.0,168500.0,169350.0,204758.0,KRW,yahoo_intraday,2026-06-05T12:01:03.116012+00:00
2026-06-05T05:00:00+00:00,2026-06-05T14:00:00+09:00,2026-06-05,14:00,105560.KS,KB Financial,kr_stock,korea_financial,169400.0,172000.0,168700.0,170500.0,333427.0,KRW,yahoo_intraday,2026-06-05T12:01:03.116012+00:00
2026-06-05T06:00:00+00:00,2026-06-05T15:00:00+09:00,2026-06-05,15:00,105560.KS,KB Financial,kr_stock,korea_financial,171600.0,171600.0,171600.0,171600.0,0.0,KRW,yahoo_intraday,2026-06-05T12:01:03.116012+00:00
2026-06-01T00:00:00+00:00,2026-06-01T09:00:00+09:00,2026-06-01,09:00,207940.KS,Samsung Biologics,kr_stock,korea_defensive,1356000.0,1378000.0,1344000.0,1365000.0,0.0,KRW,yahoo_intraday,2026-06-05T12:01:03.116012+00:00
2026-06-01T01:00:00+00:00,2026-06-01T10:00:00+09:00,2026-06-01,10:00,207940.KS,Samsung Biologics,kr_stock,korea_defensive,1364000.0,1373000.0,1355000.0,1370000.0,7105.0,KRW,yahoo_intraday,2026-06-05T12:01:03.116012+00:00
2026-06-01T02:00:00+00:00,2026-06-01T11:00:00+09:00,2026-06-01,11:00,207940.KS,Samsung Biologics,kr_stock,korea_defensive,1370000.0,1390000.0,1369000.0,1383000.0,7558.0,KRW,yahoo_intraday,2026-06-05T12:01:03.116012+00:00
2026-06-01T03:00:00+00:00,2026-06-01T12:00:00+09:00,2026-06-01,12:00,207940.KS,Samsung Biologics,kr_stock,korea_defensive,1383000.0,1397000.0,1380000.0,1391000.0,6438.0,KRW,yahoo_intraday,2026-06-05T12:01:03.116012+00:00
2026-06-01T04:00:00+00:00,2026-06-01T13:00:00+09:00,2026-06-01,13:00,207940.KS,Samsung Biologics,kr_stock,korea_defensive,1393000.0,1398000.0,1383000.0,1395000.0,7695.0,KRW,yahoo_intraday,2026-06-05T12:01:03.116012+00:00
2026-06-01T05:00:00+00:00,2026-06-01T14:00:00+09:00,2026-06-01,14:00,207940.KS,Samsung Biologics,kr_stock,korea_defensive,1394500.0,1400000.0,1375000.0,1382000.0,11732.0,KRW,yahoo_intraday,2026-06-05T12:01:03.116012+00:00
2026-06-02T00:00:00+00:00,2026-06-02T09:00:00+09:00,2026-06-02,09:00,207940.KS,Samsung Biologics,kr_stock,korea_defensive,1363000.0,1401000.0,1350000.0,1354000.0,18888.0,KRW,yahoo_intraday,2026-06-05T12:01:03.116012+00:00
2026-06-02T01:00:00+00:00,2026-06-02T10:00:00+09:00,2026-06-02,10:00,207940.KS,Samsung Biologics,kr_stock,korea_defensive,1354000.0,1363000.0,1352000.0,1354500.0,8214.0,KRW,yahoo_intraday,2026-06-05T12:01:03.116012+00:00
2026-06-02T02:00:00+00:00,2026-06-02T11:00:00+09:00,2026-06-02,11:00,207940.KS,Samsung Biologics,kr_stock,korea_defensive,1354000.0,1371000.0,1354000.0,1370000.0,5156.0,KRW,yahoo_intraday,2026-06-05T12:01:03.116012+00:00
2026-06-02T03:00:00+00:00,2026-06-02T12:00:00+09:00,2026-06-02,12:00,207940.KS,Samsung Biologics,kr_stock,korea_defensive,1371000.0,1374000.0,1365000.0,1368000.0,3255.0,KRW,yahoo_intraday,2026-06-05T12:01:03.116012+00:00
2026-06-02T04:00:00+00:00,2026-06-02T13:00:00+09:00,2026-06-02,13:00,207940.KS,Samsung Biologics,kr_stock,korea_defensive,1369000.0,1369000.0,1361000.0,1364000.0,4468.0,KRW,yahoo_intraday,2026-06-05T12:01:03.116012+00:00
2026-06-02T05:00:00+00:00,2026-06-02T14:00:00+09:00,2026-06-02,14:00,207940.KS,Samsung Biologics,kr_stock,korea_defensive,1364000.0,1373000.0,1361000.0,1361000.0,7170.0,KRW,yahoo_intraday,2026-06-05T12:01:03.116012+00:00
2026-06-04T00:00:00+00:00,2026-06-04T09:00:00+09:00,2026-06-04,09:00,207940.KS,Samsung Biologics,kr_stock,korea_defensive,1375000.0,1375000.0,1342000.0,1365000.0,0.0,KRW,yahoo_intraday,2026-06-05T12:01:03.116012+00:00
2026-06-04T01:00:00+00:00,2026-06-04T10:00:00+09:00,2026-06-04,10:00,207940.KS,Samsung Biologics,kr_stock,korea_defensive,1365000.0,1374000.0,1355000.0,1365000.0,8612.0,KRW,yahoo_intraday,2026-06-05T12:01:03.116012+00:00
2026-06-04T02:00:00+00:00,2026-06-04T11:00:00+09:00,2026-06-04,11:00,207940.KS,Samsung Biologics,kr_stock,korea_defensive,1364000.0,1383000.0,1362000.0,1376000.0,8483.0,KRW,yahoo_intraday,2026-06-05T12:01:03.116012+00:00
2026-06-04T03:00:00+00:00,2026-06-04T12:00:00+09:00,2026-06-04,12:00,207940.KS,Samsung Biologics,kr_stock,korea_defensive,1374000.0,1376000.0,1356000.0,1358000.0,8824.0,KRW,yahoo_intraday,2026-06-05T12:01:03.116012+00:00
2026-06-04T04:00:00+00:00,2026-06-04T13:00:00+09:00,2026-06-04,13:00,207940.KS,Samsung Biologics,kr_stock,korea_defensive,1358000.0,1362000.0,1349000.0,1351000.0,6629.0,KRW,yahoo_intraday,2026-06-05T12:01:03.116012+00:00
2026-06-04T05:00:00+00:00,2026-06-04T14:00:00+09:00,2026-06-04,14:00,207940.KS,Samsung Biologics,kr_stock,korea_defensive,1350000.0,1357000.0,1346000.0,1350000.0,8135.0,KRW,yahoo_intraday,2026-06-05T12:01:03.116012+00:00
2026-06-05T00:00:00+00:00,2026-06-05T09:00:00+09:00,2026-06-05,09:00,207940.KS,Samsung Biologics,kr_stock,korea_defensive,1377000.0,1408000.0,1335000.0,1339000.0,18096.0,KRW,yahoo_intraday,2026-06-05T12:01:03.116012+00:00
2026-06-05T01:00:00+00:00,2026-06-05T10:00:00+09:00,2026-06-05,10:00,207940.KS,Samsung Biologics,kr_stock,korea_defensive,1339000.0,1356000.0,1329000.0,1352000.0,6940.0,KRW,yahoo_intraday,2026-06-05T12:01:03.116012+00:00
2026-06-05T02:00:00+00:00,2026-06-05T11:00:00+09:00,2026-06-05,11:00,207940.KS,Samsung Biologics,kr_stock,korea_defensive,1352000.0,1353000.0,1335000.0,1341000.0,3116.0,KRW,yahoo_intraday,2026-06-05T12:01:03.116012+00:00
2026-06-05T03:00:00+00:00,2026-06-05T12:00:00+09:00,2026-06-05,12:00,207940.KS,Samsung Biologics,kr_stock,korea_defensive,1342000.0,1345000.0,1330000.0,1331000.0,3151.0,KRW,yahoo_intraday,2026-06-05T12:01:03.116012+00:00
2026-06-05T04:00:00+00:00,2026-06-05T13:00:00+09:00,2026-06-05,13:00,207940.KS,Samsung Biologics,kr_stock,korea_defensive,1330000.0,1334000.0,1329000.0,1332000.0,3847.0,KRW,yahoo_intraday,2026-06-05T12:01:03.116012+00:00
2026-06-05T05:00:00+00:00,2026-06-05T14:00:00+09:00,2026-06-05,14:00,207940.KS,Samsung Biologics,kr_stock,korea_defensive,1332000.0,1340000.0,1331000.0,1334000.0,3848.0,KRW,yahoo_intraday,2026-06-05T12:01:03.116012+00:00
2026-06-05T06:00:00+00:00,2026-06-05T15:00:00+09:00,2026-06-05,15:00,207940.KS,Samsung Biologics,kr_stock,korea_defensive,1340000.0,1340000.0,1340000.0,1340000.0,0.0,KRW,yahoo_intraday,2026-06-05T12:01:03.116012+00:00
2026-06-01T00:00:00+00:00,2026-06-01T09:00:00+09:00,2026-06-01,09:00,373220.KS,LG Energy Solution,kr_stock,korea_battery,469500.0,476000.0,452500.0,455500.0,0.0,KRW,yahoo_intraday,2026-06-05T12:01:03.116012+00:00
2026-06-01T01:00:00+00:00,2026-06-01T10:00:00+09:00,2026-06-01,10:00,373220.KS,LG Energy Solution,kr_stock,korea_battery,455500.0,456500.0,446000.0,450500.0,136390.0,KRW,yahoo_intraday,2026-06-05T12:01:03.116012+00:00
2026-06-01T02:00:00+00:00,2026-06-01T11:00:00+09:00,2026-06-01,11:00,373220.KS,LG Energy Solution,kr_stock,korea_battery,451000.0,459000.0,450500.0,454500.0,58878.0,KRW,yahoo_intraday,2026-06-05T12:01:03.116012+00:00
2026-06-01T03:00:00+00:00,2026-06-01T12:00:00+09:00,2026-06-01,12:00,373220.KS,LG Energy Solution,kr_stock,korea_battery,454500.0,463500.0,454500.0,458500.0,70655.0,KRW,yahoo_intraday,2026-06-05T12:01:03.116012+00:00
2026-06-01T04:00:00+00:00,2026-06-01T13:00:00+09:00,2026-06-01,13:00,373220.KS,LG Energy Solution,kr_stock,korea_battery,458000.0,464500.0,457500.0,459500.0,72455.0,KRW,yahoo_intraday,2026-06-05T12:01:03.116012+00:00
2026-06-01T05:00:00+00:00,2026-06-01T14:00:00+09:00,2026-06-01,14:00,373220.KS,LG Energy Solution,kr_stock,korea_battery,459000.0,468000.0,459000.0,461500.0,123989.0,KRW,yahoo_intraday,2026-06-05T12:01:03.116012+00:00
2026-06-02T00:00:00+00:00,2026-06-02T09:00:00+09:00,2026-06-02,09:00,373220.KS,LG Energy Solution,kr_stock,korea_battery,458500.0,497500.0,457000.0,463000.0,813374.0,KRW,yahoo_intraday,2026-06-05T12:01:03.116012+00:00
2026-06-02T01:00:00+00:00,2026-06-02T10:00:00+09:00,2026-06-02,10:00,373220.KS,LG Energy Solution,kr_stock,korea_battery,463000.0,469500.0,454500.0,456500.0,161241.0,KRW,yahoo_intraday,2026-06-05T12:01:03.116012+00:00
2026-06-02T02:00:00+00:00,2026-06-02T11:00:00+09:00,2026-06-02,11:00,373220.KS,LG Energy Solution,kr_stock,korea_battery,456000.0,457000.0,446500.0,447500.0,120488.0,KRW,yahoo_intraday,2026-06-05T12:01:03.116012+00:00
2026-06-02T03:00:00+00:00,2026-06-02T12:00:00+09:00,2026-06-02,12:00,373220.KS,LG Energy Solution,kr_stock,korea_battery,447500.0,447500.0,441000.0,444000.0,107339.0,KRW,yahoo_intraday,2026-06-05T12:01:03.116012+00:00
2026-06-02T04:00:00+00:00,2026-06-02T13:00:00+09:00,2026-06-02,13:00,373220.KS,LG Energy Solution,kr_stock,korea_battery,444000.0,444500.0,438000.0,443000.0,95858.0,KRW,yahoo_intraday,2026-06-05T12:01:03.116012+00:00
2026-06-02T05:00:00+00:00,2026-06-02T14:00:00+09:00,2026-06-02,14:00,373220.KS,LG Energy Solution,kr_stock,korea_battery,443000.0,448500.0,439500.0,443500.0,124716.0,KRW,yahoo_intraday,2026-06-05T12:01:03.116012+00:00
2026-06-04T00:00:00+00:00,2026-06-04T09:00:00+09:00,2026-06-04,09:00,373220.KS,LG Energy Solution,kr_stock,korea_battery,448000.0,463000.0,421000.0,423500.0,0.0,KRW,yahoo_intraday,2026-06-05T12:01:03.116012+00:00
2026-06-04T01:00:00+00:00,2026-06-04T10:00:00+09:00,2026-06-04,10:00,373220.KS,LG Energy Solution,kr_stock,korea_battery,423000.0,424500.0,413500.0,417500.0,139245.0,KRW,yahoo_intraday,2026-06-05T12:01:03.116012+00:00
2026-06-04T02:00:00+00:00,2026-06-04T11:00:00+09:00,2026-06-04,11:00,373220.KS,LG Energy Solution,kr_stock,korea_battery,417500.0,423000.0,414750.0,422000.0,77943.0,KRW,yahoo_intraday,2026-06-05T12:01:03.116012+00:00
2026-06-04T03:00:00+00:00,2026-06-04T12:00:00+09:00,2026-06-04,12:00,373220.KS,LG Energy Solution,kr_stock,korea_battery,422500.0,425000.0,420500.0,423500.0,68889.0,KRW,yahoo_intraday,2026-06-05T12:01:03.116012+00:00
2026-06-04T04:00:00+00:00,2026-06-04T13:00:00+09:00,2026-06-04,13:00,373220.KS,LG Energy Solution,kr_stock,korea_battery,423500.0,427500.0,422000.0,424750.0,72037.0,KRW,yahoo_intraday,2026-06-05T12:01:03.116012+00:00
2026-06-04T05:00:00+00:00,2026-06-04T14:00:00+09:00,2026-06-04,14:00,373220.KS,LG Energy Solution,kr_stock,korea_battery,424500.0,427500.0,422000.0,424500.0,75161.0,KRW,yahoo_intraday,2026-06-05T12:01:03.116012+00:00
2026-06-05T00:00:00+00:00,2026-06-05T09:00:00+09:00,2026-06-05,09:00,373220.KS,LG Energy Solution,kr_stock,korea_battery,422500.0,428500.0,406000.0,407000.0,127010.0,KRW,yahoo_intraday,2026-06-05T12:01:03.116012+00:00
2026-06-05T01:00:00+00:00,2026-06-05T10:00:00+09:00,2026-06-05,10:00,373220.KS,LG Energy Solution,kr_stock,korea_battery,407000.0,415500.0,405500.0,415500.0,58724.0,KRW,yahoo_intraday,2026-06-05T12:01:03.116012+00:00
2026-06-05T02:00:00+00:00,2026-06-05T11:00:00+09:00,2026-06-05,11:00,373220.KS,LG Energy Solution,kr_stock,korea_battery,415500.0,418000.0,413000.0,414000.0,43778.0,KRW,yahoo_intraday,2026-06-05T12:01:03.116012+00:00
2026-06-05T03:00:00+00:00,2026-06-05T12:00:00+09:00,2026-06-05,12:00,373220.KS,LG Energy Solution,kr_stock,korea_battery,414000.0,414500.0,410000.0,411000.0,33810.0,KRW,yahoo_intraday,2026-06-05T12:01:03.116012+00:00
2026-06-05T04:00:00+00:00,2026-06-05T13:00:00+09:00,2026-06-05,13:00,373220.KS,LG Energy Solution,kr_stock,korea_battery,411000.0,417000.0,409000.0,416500.0,54440.0,KRW,yahoo_intraday,2026-06-05T12:01:03.116012+00:00
2026-06-05T05:00:00+00:00,2026-06-05T14:00:00+09:00,2026-06-05,14:00,373220.KS,LG Energy Solution,kr_stock,korea_battery,416750.0,418500.0,410000.0,410500.0,70239.0,KRW,yahoo_intraday,2026-06-05T12:01:03.116012+00:00
2026-06-05T06:00:00+00:00,2026-06-05T15:00:00+09:00,2026-06-05,15:00,373220.KS,LG Energy Solution,kr_stock,korea_battery,414000.0,414000.0,414000.0,414000.0,0.0,KRW,yahoo_intraday,2026-06-05T12:01:03.116012+00:00
2026-05-29T13:30:00+00:00,2026-05-29T22:30:00+09:00,2026-05-29,22:30,EWY,iShares MSCI South Korea ETF,us_etf,korea_adr_proxy,206.110001,208.119995,205.240005,206.179993,2751220.0,USD,yahoo_intraday,2026-06-05T12:01:03.116012+00:00
2026-05-29T14:30:00+00:00,2026-05-29T23:30:00+09:00,2026-05-29,23:30,EWY,iShares MSCI South Korea ETF,us_etf,korea_adr_proxy,206.169998,207.339996,204.649994,205.720001,1676723.0,USD,yahoo_intraday,2026-06-05T12:01:03.116012+00:00
2026-05-29T15:30:00+00:00,2026-05-30T00:30:00+09:00,2026-05-30,00:30,EWY,iShares MSCI South Korea ETF,us_etf,korea_adr_proxy,205.720001,206.570007,205.440002,206.100006,779455.0,USD,yahoo_intraday,2026-06-05T12:01:03.116012+00:00
2026-05-29T16:30:00+00:00,2026-05-30T01:30:00+09:00,2026-05-30,01:30,EWY,iShares MSCI South Korea ETF,us_etf,korea_adr_proxy,206.059998,206.619995,205.625,205.720001,566320.0,USD,yahoo_intraday,2026-06-05T12:01:03.116012+00:00
2026-05-29T17:30:00+00:00,2026-05-30T02:30:00+09:00,2026-05-30,02:30,EWY,iShares MSCI South Korea ETF,us_etf,korea_adr_proxy,205.720001,205.899994,204.479996,205.304993,850791.0,USD,yahoo_intraday,2026-06-05T12:01:03.116012+00:00
2026-05-29T18:30:00+00:00,2026-05-30T03:30:00+09:00,2026-05-30,03:30,EWY,iShares MSCI South Korea ETF,us_etf,korea_adr_proxy,205.320007,205.589996,204.660004,205.119904,1220004.0,USD,yahoo_intraday,2026-06-05T12:01:03.116012+00:00
2026-05-29T19:30:00+00:00,2026-05-30T04:30:00+09:00,2026-05-30,04:30,EWY,iShares MSCI South Korea ETF,us_etf,korea_adr_proxy,205.119995,206.460007,205.0,205.789993,1660012.0,USD,yahoo_intraday,2026-06-05T12:01:03.116012+00:00
2026-06-01T13:30:00+00:00,2026-06-01T22:30:00+09:00,2026-06-01,22:30,EWY,iShares MSCI South Korea ETF,us_etf,korea_adr_proxy,211.470001,212.256805,209.100006,210.650101,3450801.0,USD,yahoo_intraday,2026-06-05T12:01:03.116012+00:00
2026-06-01T14:30:00+00:00,2026-06-01T23:30:00+09:00,2026-06-01,23:30,EWY,iShares MSCI South Korea ETF,us_etf,korea_adr_proxy,210.759995,213.315002,210.639999,213.240005,1841169.0,USD,yahoo_intraday,2026-06-05T12:01:03.116012+00:00
2026-06-01T15:30:00+00:00,2026-06-02T00:30:00+09:00,2026-06-02,00:30,EWY,iShares MSCI South Korea ETF,us_etf,korea_adr_proxy,213.190002,214.119995,212.449997,213.669998,1535375.0,USD,yahoo_intraday,2026-06-05T12:01:03.116012+00:00
2026-06-01T16:30:00+00:00,2026-06-02T01:30:00+09:00,2026-06-02,01:30,EWY,iShares MSCI South Korea ETF,us_etf,korea_adr_proxy,213.690002,216.210007,213.470001,216.169998,1408228.0,USD,yahoo_intraday,2026-06-05T12:01:03.116012+00:00
2026-06-01T17:30:00+00:00,2026-06-02T02:30:00+09:00,2026-06-02,02:30,EWY,iShares MSCI South Korea ETF,us_etf,korea_adr_proxy,216.210007,217.759995,216.059998,217.300003,1411116.0,USD,yahoo_intraday,2026-06-05T12:01:03.116012+00:00
2026-06-01T18:30:00+00:00,2026-06-02T03:30:00+09:00,2026-06-02,03:30,EWY,iShares MSCI South Korea ETF,us_etf,korea_adr_proxy,217.289993,217.440002,216.059998,217.210007,1766214.0,USD,yahoo_intraday,2026-06-05T12:01:03.116012+00:00
2026-06-01T19:30:00+00:00,2026-06-02T04:30:00+09:00,2026-06-02,04:30,EWY,iShares MSCI South Korea ETF,us_etf,korea_adr_proxy,217.210007,217.539993,215.940002,217.210007,3660392.0,USD,yahoo_intraday,2026-06-05T12:01:03.116012+00:00
2026-06-02T13:30:00+00:00,2026-06-02T22:30:00+09:00,2026-06-02,22:30,EWY,iShares MSCI South Korea ETF,us_etf,korea_adr_proxy,211.169998,214.240005,209.669998,211.595001,5345254.0,USD,yahoo_intraday,2026-06-05T12:01:03.116012+00:00
2026-06-02T14:30:00+00:00,2026-06-02T23:30:00+09:00,2026-06-02,23:30,EWY,iShares MSCI South Korea ETF,us_etf,korea_adr_proxy,211.610001,213.949997,211.539993,213.679993,2098142.0,USD,yahoo_intraday,2026-06-05T12:01:03.116012+00:00
2026-06-02T15:30:00+00:00,2026-06-03T00:30:00+09:00,2026-06-03,00:30,EWY,iShares MSCI South Korea ETF,us_etf,korea_adr_proxy,213.729996,214.190002,212.860001,212.899994,1185694.0,USD,yahoo_intraday,2026-06-05T12:01:03.116012+00:00
2026-06-02T16:30:00+00:00,2026-06-03T01:30:00+09:00,2026-06-03,01:30,EWY,iShares MSCI South Korea ETF,us_etf,korea_adr_proxy,212.869995,213.240005,212.050003,212.279999,816610.0,USD,yahoo_intraday,2026-06-05T12:01:03.116012+00:00
2026-06-02T17:30:00+00:00,2026-06-03T02:30:00+09:00,2026-06-03,02:30,EWY,iShares MSCI South Korea ETF,us_etf,korea_adr_proxy,212.289993,213.360001,212.139999,213.210007,1055097.0,USD,yahoo_intraday,2026-06-05T12:01:03.116012+00:00
2026-06-02T18:30:00+00:00,2026-06-03T03:30:00+09:00,2026-06-03,03:30,EWY,iShares MSCI South Korea ETF,us_etf,korea_adr_proxy,213.205002,213.809998,212.580002,213.320007,1315818.0,USD,yahoo_intraday,2026-06-05T12:01:03.116012+00:00
2026-06-02T19:30:00+00:00,2026-06-03T04:30:00+09:00,2026-06-03,04:30,EWY,iShares MSCI South Korea ETF,us_etf,korea_adr_proxy,213.300003,214.649994,213.279999,214.535004,2013873.0,USD,yahoo_intraday,2026-06-05T12:01:03.116012+00:00
2026-06-03T13:30:00+00:00,2026-06-03T22:30:00+09:00,2026-06-03,22:30,EWY,iShares MSCI South Korea ETF,us_etf,korea_adr_proxy,213.929993,214.335007,208.600006,212.059998,5057417.0,USD,yahoo_intraday,2026-06-05T12:01:03.116012+00:00
2026-06-03T14:30:00+00:00,2026-06-03T23:30:00+09:00,2026-06-03,23:30,EWY,iShares MSCI South Korea ETF,us_etf,korea_adr_proxy,212.059998,213.464996,211.539993,212.080002,2170074.0,USD,yahoo_intraday,2026-06-05T12:01:03.116012+00:00
2026-06-03T15:30:00+00:00,2026-06-04T00:30:00+09:00,2026-06-04,00:30,EWY,iShares MSCI South Korea ETF,us_etf,korea_adr_proxy,212.110001,212.399994,210.100006,210.5,1747655.0,USD,yahoo_intraday,2026-06-05T12:01:03.116012+00:00
2026-06-03T16:30:00+00:00,2026-06-04T01:30:00+09:00,2026-06-04,01:30,EWY,iShares MSCI South Korea ETF,us_etf,korea_adr_proxy,210.440002,211.149994,209.619995,210.410004,936018.0,USD,yahoo_intraday,2026-06-05T12:01:03.116012+00:00
2026-06-03T17:30:00+00:00,2026-06-04T02:30:00+09:00,2026-06-04,02:30,EWY,iShares MSCI South Korea ETF,us_etf,korea_adr_proxy,210.380005,211.410004,210.089996,211.25,825906.0,USD,yahoo_intraday,2026-06-05T12:01:03.116012+00:00
2026-06-03T18:30:00+00:00,2026-06-04T03:30:00+09:00,2026-06-04,03:30,EWY,iShares MSCI South Korea ETF,us_etf,korea_adr_proxy,211.229996,211.639999,210.699997,211.419998,767443.0,USD,yahoo_intraday,2026-06-05T12:01:03.116012+00:00
2026-06-03T19:30:00+00:00,2026-06-04T04:30:00+09:00,2026-06-04,04:30,EWY,iShares MSCI South Korea ETF,us_etf,korea_adr_proxy,211.400101,213.089996,211.270004,213.0,1219808.0,USD,yahoo_intraday,2026-06-05T12:01:03.116012+00:00
2026-06-04T13:30:00+00:00,2026-06-04T22:30:00+09:00,2026-06-04,22:30,EWY,iShares MSCI South Korea ETF,us_etf,korea_adr_proxy,199.880005,202.059998,196.570007,200.119995,5694181.0,USD,yahoo_intraday,2026-06-05T12:01:03.116012+00:00
2026-06-04T14:30:00+00:00,2026-06-04T23:30:00+09:00,2026-06-04,23:30,EWY,iShares MSCI South Korea ETF,us_etf,korea_adr_proxy,200.110001,202.369995,199.320007,202.100006,1808784.0,USD,yahoo_intraday,2026-06-05T12:01:03.116012+00:00
2026-06-04T15:30:00+00:00,2026-06-05T00:30:00+09:00,2026-06-05,00:30,EWY,iShares MSCI South Korea ETF,us_etf,korea_adr_proxy,202.110001,204.149994,201.520004,204.035004,1311196.0,USD,yahoo_intraday,2026-06-05T12:01:03.116012+00:00
2026-06-04T16:30:00+00:00,2026-06-05T01:30:00+09:00,2026-06-05,01:30,EWY,iShares MSCI South Korea ETF,us_etf,korea_adr_proxy,204.050003,204.789993,203.029999,204.279999,1161641.0,USD,yahoo_intraday,2026-06-05T12:01:03.116012+00:00
2026-06-04T17:30:00+00:00,2026-06-05T02:30:00+09:00,2026-06-05,02:30,EWY,iShares MSCI South Korea ETF,us_etf,korea_adr_proxy,204.270004,205.559998,204.240005,205.154999,1179451.0,USD,yahoo_intraday,2026-06-05T12:01:03.116012+00:00
2026-06-04T18:30:00+00:00,2026-06-05T03:30:00+09:00,2026-06-05,03:30,EWY,iShares MSCI South Korea ETF,us_etf,korea_adr_proxy,205.154999,205.539993,204.270004,205.539993,1417112.0,USD,yahoo_intraday,2026-06-05T12:01:03.116012+00:00
2026-06-04T19:30:00+00:00,2026-06-05T04:30:00+09:00,2026-06-05,04:30,EWY,iShares MSCI South Korea ETF,us_etf,korea_adr_proxy,205.539993,205.929993,203.809998,204.130005,1972452.0,USD,yahoo_intraday,2026-06-05T12:01:03.116012+00:00
2026-06-04T20:00:00+00:00,2026-06-05T05:00:00+09:00,2026-06-05,05:00,EWY,iShares MSCI South Korea ETF,us_etf,korea_adr_proxy,203.970001,203.970001,203.970001,203.970001,0.0,USD,yahoo_intraday,2026-06-05T12:01:03.116012+00:00
2026-05-29T12:00:00+00:00,2026-05-29T21:00:00+09:00,2026-05-29,21:00,KRW=X,USD/KRW,fx,fx_krw,1505.97998,1507.780029,1505.180054,1505.72998,0.0,KRW,yahoo_intraday,2026-06-05T12:01:03.116012+00:00
2026-05-29T13:00:00+00:00,2026-05-29T22:00:00+09:00,2026-05-29,22:00,KRW=X,USD/KRW,fx,fx_krw,1505.77002,1506.420044,1504.859985,1505.380005,0.0,KRW,yahoo_intraday,2026-06-05T12:01:03.116012+00:00
2026-05-29T14:00:00+00:00,2026-05-29T23:00:00+09:00,2026-05-29,23:00,KRW=X,USD/KRW,fx,fx_krw,1505.089966,1505.47998,1500.880005,1504.079956,0.0,KRW,yahoo_intraday,2026-06-05T12:01:03.116012+00:00
2026-05-29T15:00:00+00:00,2026-05-30T00:00:00+09:00,2026-05-30,00:00,KRW=X,USD/KRW,fx,fx_krw,1503.589966,1504.180054,1500.780029,1503.5,0.0,KRW,yahoo_intraday,2026-06-05T12:01:03.116012+00:00
2026-05-29T16:00:00+00:00,2026-05-30T01:00:00+09:00,2026-05-30,01:00,KRW=X,USD/KRW,fx,fx_krw,1503.51001,1504.619995,1502.280029,1503.880005,0.0,KRW,yahoo_intraday,2026-06-05T12:01:03.116012+00:00
2026-05-29T17:00:00+00:00,2026-05-30T02:00:00+09:00,2026-05-30,02:00,KRW=X,USD/KRW,fx,fx_krw,1503.619995,1505.930054,1503.530029,1505.180054,0.0,KRW,yahoo_intraday,2026-06-05T12:01:03.116012+00:00
2026-05-29T18:00:00+00:00,2026-05-30T03:00:00+09:00,2026-05-30,03:00,KRW=X,USD/KRW,fx,fx_krw,1505.76001,1506.339966,1504.180054,1505.969971,0.0,KRW,yahoo_intraday,2026-06-05T12:01:03.116012+00:00
2026-05-29T19:00:00+00:00,2026-05-30T04:00:00+09:00,2026-05-30,04:00,KRW=X,USD/KRW,fx,fx_krw,1505.969971,1508.040039,1504.25,1508.040039,0.0,KRW,yahoo_intraday,2026-06-05T12:01:03.116012+00:00
2026-05-29T20:00:00+00:00,2026-05-30T05:00:00+09:00,2026-05-30,05:00,KRW=X,USD/KRW,fx,fx_krw,1507.800049,1509.199951,1505.910034,1507.130005,0.0,KRW,yahoo_intraday,2026-06-05T12:01:03.116012+00:00
2026-05-29T21:00:00+00:00,2026-05-30T06:00:00+09:00,2026-05-30,06:00,KRW=X,USD/KRW,fx,fx_krw,1507.130005,1507.130005,1507.130005,1507.130005,0.0,KRW,yahoo_intraday,2026-06-05T12:01:03.116012+00:00
2026-06-01T00:00:00+00:00,2026-06-01T09:00:00+09:00,2026-06-01,09:00,KRW=X,USD/KRW,fx,fx_krw,1507.390015,1513.660034,1504.410034,1513.380005,0.0,KRW,yahoo_intraday,2026-06-05T12:01:03.116012+00:00
2026-06-01T01:00:00+00:00,2026-06-01T10:00:00+09:00,2026-06-01,10:00,KRW=X,USD/KRW,fx,fx_krw,1513.579956,1517.150024,1512.880005,1514.680054,0.0,KRW,yahoo_intraday,2026-06-05T12:01:03.116012+00:00
2026-06-01T02:00:00+00:00,2026-06-01T11:00:00+09:00,2026-06-01,11:00,KRW=X,USD/KRW,fx,fx_krw,1514.609985,1518.079956,1514.079956,1516.359985,0.0,KRW,yahoo_intraday,2026-06-05T12:01:03.116012+00:00
2026-06-01T03:00:00+00:00,2026-06-01T12:00:00+09:00,2026-06-01,12:00,KRW=X,USD/KRW,fx,fx_krw,1516.369995,1517.089966,1514.97998,1515.839966,0.0,KRW,yahoo_intraday,2026-06-05T12:01:03.116012+00:00
2026-06-01T04:00:00+00:00,2026-06-01T13:00:00+09:00,2026-06-01,13:00,KRW=X,USD/KRW,fx,fx_krw,1515.859985,1515.869995,1512.75,1513.680054,0.0,KRW,yahoo_intraday,2026-06-05T12:01:03.116012+00:00
2026-06-01T05:00:00+00:00,2026-06-01T14:00:00+09:00,2026-06-01,14:00,KRW=X,USD/KRW,fx,fx_krw,1513.680054,1513.97998,1500.079956,1504.880005,0.0,KRW,yahoo_intraday,2026-06-05T12:01:03.116012+00:00
2026-06-01T06:00:00+00:00,2026-06-01T15:00:00+09:00,2026-06-01,15:00,KRW=X,USD/KRW,fx,fx_krw,1504.880005,1505.829956,1502.579956,1505.079956,0.0,KRW,yahoo_intraday,2026-06-05T12:01:03.116012+00:00
2026-06-01T07:00:00+00:00,2026-06-01T16:00:00+09:00,2026-06-01,16:00,KRW=X,USD/KRW,fx,fx_krw,1505.180054,1508.380005,1504.680054,1506.780029,0.0,KRW,yahoo_intraday,2026-06-05T12:01:03.116012+00:00
2026-06-01T08:00:00+00:00,2026-06-01T17:00:00+09:00,2026-06-01,17:00,KRW=X,USD/KRW,fx,fx_krw,1506.969971,1507.97998,1505.079956,1506.180054,0.0,KRW,yahoo_intraday,2026-06-05T12:01:03.116012+00:00
2026-06-01T09:00:00+00:00,2026-06-01T18:00:00+09:00,2026-06-01,18:00,KRW=X,USD/KRW,fx,fx_krw,1506.680054,1508.819946,1505.880005,1508.640015,0.0,KRW,yahoo_intraday,2026-06-05T12:01:03.116012+00:00
2026-06-01T10:00:00+00:00,2026-06-01T19:00:00+09:00,2026-06-01,19:00,KRW=X,USD/KRW,fx,fx_krw,1508.650024,1509.109985,1507.579956,1508.23999,0.0,KRW,yahoo_intraday,2026-06-05T12:01:03.116012+00:00
2026-06-01T11:00:00+00:00,2026-06-01T20:00:00+09:00,2026-06-01,20:00,KRW=X,USD/KRW,fx,fx_krw,1508.449951,1509.280029,1506.680054,1508.709961,0.0,KRW,yahoo_intraday,2026-06-05T12:01:03.116012+00:00
2026-06-01T12:00:00+00:00,2026-06-01T21:00:00+09:00,2026-06-01,21:00,KRW=X,USD/KRW,fx,fx_krw,1508.709961,1509.27002,1507.680054,1508.880005,0.0,KRW,yahoo_intraday,2026-06-05T12:01:03.116012+00:00
2026-06-01T13:00:00+00:00,2026-06-01T22:00:00+09:00,2026-06-01,22:00,KRW=X,USD/KRW,fx,fx_krw,1508.880005,1514.280029,1506.380005,1512.880005,0.0,KRW,yahoo_intraday,2026-06-05T12:01:03.116012+00:00
2026-06-01T14:00:00+00:00,2026-06-01T23:00:00+09:00,2026-06-01,23:00,KRW=X,USD/KRW,fx,fx_krw,1512.780029,1513.390015,1511.180054,1512.170044,0.0,KRW,yahoo_intraday,2026-06-05T12:01:03.116012+00:00
2026-06-01T15:00:00+00:00,2026-06-02T00:00:00+09:00,2026-06-02,00:00,KRW=X,USD/KRW,fx,fx_krw,1512.030029,1512.76001,1509.219971,1511.900024,0.0,KRW,yahoo_intraday,2026-06-05T12:01:03.116012+00:00
2026-06-01T16:00:00+00:00,2026-06-02T01:00:00+09:00,2026-06-02,01:00,KRW=X,USD/KRW,fx,fx_krw,1511.540039,1514.849976,1509.380005,1512.680054,0.0,KRW,yahoo_intraday,2026-06-05T12:01:03.116012+00:00
2026-06-01T17:00:00+00:00,2026-06-02T02:00:00+09:00,2026-06-02,02:00,KRW=X,USD/KRW,fx,fx_krw,1512.910034,1514.680054,1512.040039,1512.900024,0.0,KRW,yahoo_intraday,2026-06-05T12:01:03.116012+00:00
2026-06-01T18:00:00+00:00,2026-06-02T03:00:00+09:00,2026-06-02,03:00,KRW=X,USD/KRW,fx,fx_krw,1512.900024,1513.380005,1512.359985,1513.089966,0.0,KRW,yahoo_intraday,2026-06-05T12:01:03.116012+00:00
2026-06-01T19:00:00+00:00,2026-06-02T04:00:00+09:00,2026-06-02,04:00,KRW=X,USD/KRW,fx,fx_krw,1513.089966,1513.569946,1512.579956,1512.98999,0.0,KRW,yahoo_intraday,2026-06-05T12:01:03.116012+00:00
2026-06-01T20:00:00+00:00,2026-06-02T05:00:00+09:00,2026-06-02,05:00,KRW=X,USD/KRW,fx,fx_krw,1513.209961,1514.400024,1511.910034,1513.219971,0.0,KRW,yahoo_intraday,2026-06-05T12:01:03.116012+00:00
2026-06-01T21:00:00+00:00,2026-06-02T06:00:00+09:00,2026-06-02,06:00,KRW=X,USD/KRW,fx,fx_krw,1513.47998,1514.290039,1511.369995,1512.069946,0.0,KRW,yahoo_intraday,2026-06-05T12:01:03.116012+00:00
2026-06-01T22:00:00+00:00,2026-06-02T07:00:00+09:00,2026-06-02,07:00,KRW=X,USD/KRW,fx,fx_krw,1511.849976,1512.959961,1511.469971,1511.719971,0.0,KRW,yahoo_intraday,2026-06-05T12:01:03.116012+00:00
2026-06-01T23:00:00+00:00,2026-06-02T08:00:00+09:00,2026-06-02,08:00,KRW=X,USD/KRW,fx,fx_krw,1511.719971,1511.719971,1511.719971,1511.719971,0.0,KRW,yahoo_intraday,2026-06-05T12:01:03.116012+00:00
2026-06-02T00:00:00+00:00,2026-06-02T09:00:00+09:00,2026-06-02,09:00,KRW=X,USD/KRW,fx,fx_krw,1511.709961,1515.51001,1508.680054,1508.880005,0.0,KRW,yahoo_intraday,2026-06-05T12:01:03.116012+00:00
2026-06-02T01:00:00+00:00,2026-06-02T10:00:00+09:00,2026-06-02,10:00,KRW=X,USD/KRW,fx,fx_krw,1509.180054,1517.880005,1509.079956,1516.540039,0.0,KRW,yahoo_intraday,2026-06-05T12:01:03.116012+00:00
2026-06-02T02:00:00+00:00,2026-06-02T11:00:00+09:00,2026-06-02,11:00,KRW=X,USD/KRW,fx,fx_krw,1516.579956,1518.47998,1514.97998,1518.380005,0.0,KRW,yahoo_intraday,2026-06-05T12:01:03.116012+00:00
2026-06-02T03:00:00+00:00,2026-06-02T12:00:00+09:00,2026-06-02,12:00,KRW=X,USD/KRW,fx,fx_krw,1518.380005,1518.380005,1516.97998,1517.410034,0.0,KRW,yahoo_intraday,2026-06-05T12:01:03.116012+00:00
2026-06-02T04:00:00+00:00,2026-06-02T13:00:00+09:00,2026-06-02,13:00,KRW=X,USD/KRW,fx,fx_krw,1517.48999,1519.97998,1514.680054,1516.180054,0.0,KRW,yahoo_intraday,2026-06-05T12:01:03.116012+00:00
2026-06-02T05:00:00+00:00,2026-06-02T14:00:00+09:00,2026-06-02,14:00,KRW=X,USD/KRW,fx,fx_krw,1516.079956,1517.380005,1513.280029,1517.380005,0.0,KRW,yahoo_intraday,2026-06-05T12:01:03.116012+00:00
2026-06-02T06:00:00+00:00,2026-06-02T15:00:00+09:00,2026-06-02,15:00,KRW=X,USD/KRW,fx,fx_krw,1517.47998,1519.880005,1514.380005,1518.280029,0.0,KRW,yahoo_intraday,2026-06-05T12:01:03.116012+00:00
2026-06-02T07:00:00+00:00,2026-06-02T16:00:00+09:00,2026-06-02,16:00,KRW=X,USD/KRW,fx,fx_krw,1517.780029,1519.180054,1516.079956,1518.380005,0.0,KRW,yahoo_intraday,2026-06-05T12:01:03.116012+00:00
2026-06-02T08:00:00+00:00,2026-06-02T17:00:00+09:00,2026-06-02,17:00,KRW=X,USD/KRW,fx,fx_krw,1518.380005,1518.640015,1516.380005,1517.890015,0.0,KRW,yahoo_intraday,2026-06-05T12:01:03.116012+00:00
2026-06-02T09:00:00+00:00,2026-06-02T18:00:00+09:00,2026-06-02,18:00,KRW=X,USD/KRW,fx,fx_krw,1517.869995,1517.97998,1515.97998,1517.22998,0.0,KRW,yahoo_intraday,2026-06-05T12:01:03.116012+00:00
2026-06-02T10:00:00+00:00,2026-06-02T19:00:00+09:00,2026-06-02,19:00,KRW=X,USD/KRW,fx,fx_krw,1517.25,1518.079956,1515.280029,1517.339966,0.0,KRW,yahoo_intraday,2026-06-05T12:01:03.116012+00:00
2026-06-02T11:00:00+00:00,2026-06-02T20:00:00+09:00,2026-06-02,20:00,KRW=X,USD/KRW,fx,fx_krw,1517.469971,1518.829956,1516.079956,1516.829956,0.0,KRW,yahoo_intraday,2026-06-05T12:01:03.116012+00:00
2026-06-02T12:00:00+00:00,2026-06-02T21:00:00+09:00,2026-06-02,21:00,KRW=X,USD/KRW,fx,fx_krw,1516.849976,1517.47998,1515.280029,1516.819946,0.0,KRW,yahoo_intraday,2026-06-05T12:01:03.116012+00:00
2026-06-02T13:00:00+00:00,2026-06-02T22:00:00+09:00,2026-06-02,22:00,KRW=X,USD/KRW,fx,fx_krw,1516.48999,1518.280029,1515.280029,1516.189941,0.0,KRW,yahoo_intraday,2026-06-05T12:01:03.116012+00:00
2026-06-02T14:00:00+00:00,2026-06-02T23:00:00+09:00,2026-06-02,23:00,KRW=X,USD/KRW,fx,fx_krw,1515.880005,1517.439941,1515.280029,1516.469971,0.0,KRW,yahoo_intraday,2026-06-05T12:01:03.116012+00:00
2026-06-02T15:00:00+00:00,2026-06-03T00:00:00+09:00,2026-06-03,00:00,KRW=X,USD/KRW,fx,fx_krw,1516.589966,1517.680054,1515.680054,1516.949951,0.0,KRW,yahoo_intraday,2026-06-05T12:01:03.116012+00:00
2026-06-02T16:00:00+00:00,2026-06-03T01:00:00+09:00,2026-06-03,01:00,KRW=X,USD/KRW,fx,fx_krw,1517.079956,1519.189941,1515.030029,1517.52002,0.0,KRW,yahoo_intraday,2026-06-05T12:01:03.116012+00:00
2026-06-02T17:00:00+00:00,2026-06-03T02:00:00+09:00,2026-06-03,02:00,KRW=X,USD/KRW,fx,fx_krw,1517.640015,1519.380005,1517.48999,1518.599976,0.0,KRW,yahoo_intraday,2026-06-05T12:01:03.116012+00:00
2026-06-02T18:00:00+00:00,2026-06-03T03:00:00+09:00,2026-06-03,03:00,KRW=X,USD/KRW,fx,fx_krw,1518.5,1519.23999,1516.410034,1517.73999,0.0,KRW,yahoo_intraday,2026-06-05T12:01:03.116012+00:00
2026-06-02T19:00:00+00:00,2026-06-03T04:00:00+09:00,2026-06-03,04:00,KRW=X,USD/KRW,fx,fx_krw,1517.73999,1517.880005,1516.650024,1517.72998,0.0,KRW,yahoo_intraday,2026-06-05T12:01:03.116012+00:00
2026-06-02T20:00:00+00:00,2026-06-03T05:00:00+09:00,2026-06-03,05:00,KRW=X,USD/KRW,fx,fx_krw,1517.72998,1517.829956,1516.859985,1517.030029,0.0,KRW,yahoo_intraday,2026-06-05T12:01:03.116012+00:00
2026-06-02T21:00:00+00:00,2026-06-03T06:00:00+09:00,2026-06-03,06:00,KRW=X,USD/KRW,fx,fx_krw,1516.910034,1517.77002,1515.170044,1516.410034,0.0,KRW,yahoo_intraday,2026-06-05T12:01:03.116012+00:00
2026-06-02T22:00:00+00:00,2026-06-03T07:00:00+09:00,2026-06-03,07:00,KRW=X,USD/KRW,fx,fx_krw,1516.339966,1517.689941,1515.069946,1515.300049,0.0,KRW,yahoo_intraday,2026-06-05T12:01:03.116012+00:00
2026-06-02T23:00:00+00:00,2026-06-03T08:00:00+09:00,2026-06-03,08:00,KRW=X,USD/KRW,fx,fx_krw,1515.300049,1515.300049,1515.300049,1515.300049,0.0,KRW,yahoo_intraday,2026-06-05T12:01:03.116012+00:00
2026-06-03T00:00:00+00:00,2026-06-03T09:00:00+09:00,2026-06-03,09:00,KRW=X,USD/KRW,fx,fx_krw,1515.22998,1518.880005,1515.22998,1517.48999,0.0,KRW,yahoo_intraday,2026-06-05T12:01:03.116012+00:00
2026-06-03T01:00:00+00:00,2026-06-03T10:00:00+09:00,2026-06-03,10:00,KRW=X,USD/KRW,fx,fx_krw,1517.410034,1518.22998,1515.589966,1515.849976,0.0,KRW,yahoo_intraday,2026-06-05T12:01:03.116012+00:00
2026-06-03T02:00:00+00:00,2026-06-03T11:00:00+09:00,2026-06-03,11:00,KRW=X,USD/KRW,fx,fx_krw,1516.050049,1519.160034,1515.430054,1518.910034,0.0,KRW,yahoo_intraday,2026-06-05T12:01:03.116012+00:00
2026-06-03T03:00:00+00:00,2026-06-03T12:00:00+09:00,2026-06-03,12:00,KRW=X,USD/KRW,fx,fx_krw,1519.109985,1519.280029,1517.890015,1518.550049,0.0,KRW,yahoo_intraday,2026-06-05T12:01:03.116012+00:00
2026-06-03T04:00:00+00:00,2026-06-03T13:00:00+09:00,2026-06-03,13:00,KRW=X,USD/KRW,fx,fx_krw,1518.900024,1519.469971,1517.469971,1518.030029,0.0,KRW,yahoo_intraday,2026-06-05T12:01:03.116012+00:00
2026-06-03T05:00:00+00:00,2026-06-03T14:00:00+09:00,2026-06-03,14:00,KRW=X,USD/KRW,fx,fx_krw,1518.030029,1523.219971,1517.920044,1523.219971,0.0,KRW,yahoo_intraday,2026-06-05T12:01:03.116012+00:00
2026-06-03T06:00:00+00:00,2026-06-03T15:00:00+09:00,2026-06-03,15:00,KRW=X,USD/KRW,fx,fx_krw,1523.219971,1525.790039,1521.810059,1524.099976,0.0,KRW,yahoo_intraday,2026-06-05T12:01:03.116012+00:00
2026-06-03T07:00:00+00:00,2026-06-03T16:00:00+09:00,2026-06-03,16:00,KRW=X,USD/KRW,fx,fx_krw,1524.180054,1528.609985,1524.180054,1526.060059,0.0,KRW,yahoo_intraday,2026-06-05T12:01:03.116012+00:00
2026-06-03T08:00:00+00:00,2026-06-03T17:00:00+09:00,2026-06-03,17:00,KRW=X,USD/KRW,fx,fx_krw,1527.630005,1531.319946,1518.0,1526.97998,0.0,KRW,yahoo_intraday,2026-06-05T12:01:03.116012+00:00
2026-06-03T09:00:00+00:00,2026-06-03T18:00:00+09:00,2026-06-03,18:00,KRW=X,USD/KRW,fx,fx_krw,1526.27002,1532.0,1518.0,1531.089966,0.0,KRW,yahoo_intraday,2026-06-05T12:01:03.116012+00:00
2026-06-03T10:00:00+00:00,2026-06-03T19:00:00+09:00,2026-06-03,19:00,KRW=X,USD/KRW,fx,fx_krw,1527.329956,1531.280029,1524.280029,1526.609985,0.0,KRW,yahoo_intraday,2026-06-05T12:01:03.116012+00:00
2026-06-03T11:00:00+00:00,2026-06-03T20:00:00+09:00,2026-06-03,20:00,KRW=X,USD/KRW,fx,fx_krw,1525.189941,1531.339966,1523.26001,1525.780029,0.0,KRW,yahoo_intraday,2026-06-05T12:01:03.116012+00:00
2026-06-03T12:00:00+00:00,2026-06-03T21:00:00+09:00,2026-06-03,21:00,KRW=X,USD/KRW,fx,fx_krw,1525.780029,1530.680054,1523.589966,1525.790039,0.0,KRW,yahoo_intraday,2026-06-05T12:01:03.116012+00:00
2026-06-03T13:00:00+00:00,2026-06-03T22:00:00+09:00,2026-06-03,22:00,KRW=X,USD/KRW,fx,fx_krw,1527.170044,1530.869995,1524.219971,1526.890015,0.0,KRW,yahoo_intraday,2026-06-05T12:01:03.116012+00:00
2026-06-03T14:00:00+00:00,2026-06-03T23:00:00+09:00,2026-06-03,23:00,KRW=X,USD/KRW,fx,fx_krw,1526.890015,1530.199951,1524.619995,1527.140015,0.0,KRW,yahoo_intraday,2026-06-05T12:01:03.116012+00:00
2026-06-03T15:00:00+00:00,2026-06-04T00:00:00+09:00,2026-06-04,00:00,KRW=X,USD/KRW,fx,fx_krw,1527.030029,1530.689941,1525.310059,1527.449951,0.0,KRW,yahoo_intraday,2026-06-05T12:01:03.116012+00:00
2026-06-03T16:00:00+00:00,2026-06-04T01:00:00+09:00,2026-06-04,01:00,KRW=X,USD/KRW,fx,fx_krw,1527.619995,1529.810059,1524.609985,1527.959961,0.0,KRW,yahoo_intraday,2026-06-05T12:01:03.116012+00:00
2026-06-03T17:00:00+00:00,2026-06-04T02:00:00+09:00,2026-06-04,02:00,KRW=X,USD/KRW,fx,fx_krw,1527.959961,1530.869995,1524.959961,1529.300049,0.0,KRW,yahoo_intraday,2026-06-05T12:01:03.116012+00:00
2026-06-03T18:00:00+00:00,2026-06-04T03:00:00+09:00,2026-06-04,03:00,KRW=X,USD/KRW,fx,fx_krw,1529.199951,1530.939941,1523.52002,1530.01001,0.0,KRW,yahoo_intraday,2026-06-05T12:01:03.116012+00:00
2026-06-03T19:00:00+00:00,2026-06-04T04:00:00+09:00,2026-06-04,04:00,KRW=X,USD/KRW,fx,fx_krw,1529.420044,1536.380005,1524.439941,1533.97998,0.0,KRW,yahoo_intraday,2026-06-05T12:01:03.116012+00:00
2026-06-03T20:00:00+00:00,2026-06-04T05:00:00+09:00,2026-06-04,05:00,KRW=X,USD/KRW,fx,fx_krw,1534.030029,1535.390015,1533.829956,1534.709961,0.0,KRW,yahoo_intraday,2026-06-05T12:01:03.116012+00:00
2026-06-03T21:00:00+00:00,2026-06-04T06:00:00+09:00,2026-06-04,06:00,KRW=X,USD/KRW,fx,fx_krw,1534.599976,1534.609985,1529.709961,1531.719971,0.0,KRW,yahoo_intraday,2026-06-05T12:01:03.116012+00:00
2026-06-03T22:00:00+00:00,2026-06-04T07:00:00+09:00,2026-06-04,07:00,KRW=X,USD/KRW,fx,fx_krw,1531.439941,1532.650024,1529.180054,1532.180054,0.0,KRW,yahoo_intraday,2026-06-05T12:01:03.116012+00:00
2026-06-03T23:00:00+00:00,2026-06-04T08:00:00+09:00,2026-06-04,08:00,KRW=X,USD/KRW,fx,fx_krw,1532.180054,1532.180054,1532.180054,1532.180054,0.0,KRW,yahoo_intraday,2026-06-05T12:01:03.116012+00:00
2026-06-04T00:00:00+00:00,2026-06-04T09:00:00+09:00,2026-06-04,09:00,KRW=X,USD/KRW,fx,fx_krw,1530.680054,1530.680054,1521.280029,1528.48999,0.0,KRW,yahoo_intraday,2026-06-05T12:01:03.116012+00:00
2026-06-04T01:00:00+00:00,2026-06-04T10:00:00+09:00,2026-06-04,10:00,KRW=X,USD/KRW,fx,fx_krw,1528.280029,1530.280029,1527.47998,1530.079956,0.0,KRW,yahoo_intraday,2026-06-05T12:01:03.116012+00:00
2026-06-04T02:00:00+00:00,2026-06-04T11:00:00+09:00,2026-06-04,11:00,KRW=X,USD/KRW,fx,fx_krw,1530.079956,1530.079956,1525.47998,1528.579956,0.0,KRW,yahoo_intraday,2026-06-05T12:01:03.116012+00:00
2026-06-04T03:00:00+00:00,2026-06-04T12:00:00+09:00,2026-06-04,12:00,KRW=X,USD/KRW,fx,fx_krw,1528.079956,1530.02002,1527.380005,1529.709961,0.0,KRW,yahoo_intraday,2026-06-05T12:01:03.116012+00:00
2026-06-04T04:00:00+00:00,2026-06-04T13:00:00+09:00,2026-06-04,13:00,KRW=X,USD/KRW,fx,fx_krw,1529.709961,1530.26001,1527.380005,1529.380005,0.0,KRW,yahoo_intraday,2026-06-05T12:01:03.116012+00:00
2026-06-04T05:00:00+00:00,2026-06-04T14:00:00+09:00,2026-06-04,14:00,KRW=X,USD/KRW,fx,fx_krw,1529.380005,1529.949951,1528.280029,1529.609985,0.0,KRW,yahoo_intraday,2026-06-05T12:01:03.116012+00:00
2026-06-04T06:00:00+00:00,2026-06-04T15:00:00+09:00,2026-06-04,15:00,KRW=X,USD/KRW,fx,fx_krw,1529.380005,1531.869995,1528.47998,1531.869995,0.0,KRW,yahoo_intraday,2026-06-05T12:01:03.116012+00:00
2026-06-04T07:00:00+00:00,2026-06-04T16:00:00+09:00,2026-06-04,16:00,KRW=X,USD/KRW,fx,fx_krw,1531.869995,1538.939941,1530.680054,1538.849976,0.0,KRW,yahoo_intraday,2026-06-05T12:01:03.116012+00:00
2026-06-04T08:00:00+00:00,2026-06-04T17:00:00+09:00,2026-06-04,17:00,KRW=X,USD/KRW,fx,fx_krw,1538.849976,1540.23999,1537.380005,1538.079956,0.0,KRW,yahoo_intraday,2026-06-05T12:01:03.116012+00:00
2026-06-04T09:00:00+00:00,2026-06-04T18:00:00+09:00,2026-06-04,18:00,KRW=X,USD/KRW,fx,fx_krw,1537.880005,1537.880005,1533.380005,1535.780029,0.0,KRW,yahoo_intraday,2026-06-05T12:01:03.116012+00:00
2026-06-04T10:00:00+00:00,2026-06-04T19:00:00+09:00,2026-06-04,19:00,KRW=X,USD/KRW,fx,fx_krw,1535.680054,1535.780029,1533.280029,1533.880005,0.0,KRW,yahoo_intraday,2026-06-05T12:01:03.116012+00:00
2026-06-04T11:00:00+00:00,2026-06-04T20:00:00+09:00,2026-06-04,20:00,KRW=X,USD/KRW,fx,fx_krw,1533.97998,1534.150024,1530.280029,1531.969971,0.0,KRW,yahoo_intraday,2026-06-05T12:01:03.116012+00:00
2026-06-04T12:00:00+00:00,2026-06-04T21:00:00+09:00,2026-06-04,21:00,KRW=X,USD/KRW,fx,fx_krw,1532.0,1533.47998,1530.280029,1532.97998,0.0,KRW,yahoo_intraday,2026-06-05T12:01:03.116012+00:00
2026-06-04T13:00:00+00:00,2026-06-04T22:00:00+09:00,2026-06-04,22:00,KRW=X,USD/KRW,fx,fx_krw,1532.780029,1534.079956,1530.380005,1531.459961,0.0,KRW,yahoo_intraday,2026-06-05T12:01:03.116012+00:00
2026-06-04T14:00:00+00:00,2026-06-04T23:00:00+09:00,2026-06-04,23:00,KRW=X,USD/KRW,fx,fx_krw,1531.650024,1532.780029,1530.680054,1531.48999,0.0,KRW,yahoo_intraday,2026-06-05T12:01:03.116012+00:00
2026-06-04T15:00:00+00:00,2026-06-05T00:00:00+09:00,2026-06-05,00:00,KRW=X,USD/KRW,fx,fx_krw,1530.97998,1532.280029,1530.680054,1531.77002,0.0,KRW,yahoo_intraday,2026-06-05T12:01:03.116012+00:00
2026-06-04T16:00:00+00:00,2026-06-05T01:00:00+09:00,2026-06-05,01:00,KRW=X,USD/KRW,fx,fx_krw,1531.400024,1532.390015,1530.280029,1531.77002,0.0,KRW,yahoo_intraday,2026-06-05T12:01:03.116012+00:00
2026-06-04T17:00:00+00:00,2026-06-05T02:00:00+09:00,2026-06-05,02:00,KRW=X,USD/KRW,fx,fx_krw,1531.77002,1532.76001,1531.680054,1532.540039,0.0,KRW,yahoo_intraday,2026-06-05T12:01:03.116012+00:00
2026-06-04T18:00:00+00:00,2026-06-05T03:00:00+09:00,2026-06-05,03:00,KRW=X,USD/KRW,fx,fx_krw,1531.76001,1533.609985,1531.670044,1531.810059,0.0,KRW,yahoo_intraday,2026-06-05T12:01:03.116012+00:00
2026-06-04T19:00:00+00:00,2026-06-05T04:00:00+09:00,2026-06-05,04:00,KRW=X,USD/KRW,fx,fx_krw,1531.910034,1533.290039,1531.719971,1532.01001,0.0,KRW,yahoo_intraday,2026-06-05T12:01:03.116012+00:00
2026-06-04T20:00:00+00:00,2026-06-05T05:00:00+09:00,2026-06-05,05:00,KRW=X,USD/KRW,fx,fx_krw,1532.089966,1533.369995,1531.76001,1531.859985,0.0,KRW,yahoo_intraday,2026-06-05T12:01:03.116012+00:00
2026-06-04T21:00:00+00:00,2026-06-05T06:00:00+09:00,2026-06-05,06:00,KRW=X,USD/KRW,fx,fx_krw,1532.329956,1533.540039,1532.01001,1532.790039,0.0,KRW,yahoo_intraday,2026-06-05T12:01:03.116012+00:00
2026-06-04T22:00:00+00:00,2026-06-05T07:00:00+09:00,2026-06-05,07:00,KRW=X,USD/KRW,fx,fx_krw,1532.859985,1533.390015,1532.040039,1532.599976,0.0,KRW,yahoo_intraday,2026-06-05T12:01:03.116012+00:00
2026-06-04T23:00:00+00:00,2026-06-05T08:00:00+09:00,2026-06-05,08:00,KRW=X,USD/KRW,fx,fx_krw,1532.599976,1532.599976,1532.599976,1532.599976,0.0,KRW,yahoo_intraday,2026-06-05T12:01:03.116012+00:00
2026-06-05T00:00:00+00:00,2026-06-05T09:00:00+09:00,2026-06-05,09:00,KRW=X,USD/KRW,fx,fx_krw,1532.449951,1541.339966,1531.680054,1540.619995,0.0,KRW,yahoo_intraday,2026-06-05T12:01:03.116012+00:00
2026-06-05T01:00:00+00:00,2026-06-05T10:00:00+09:00,2026-06-05,10:00,KRW=X,USD/KRW,fx,fx_krw,1540.380005,1549.319946,1539.780029,1547.97998,0.0,KRW,yahoo_intraday,2026-06-05T12:01:03.116012+00:00
2026-06-05T02:00:00+00:00,2026-06-05T11:00:00+09:00,2026-06-05,11:00,KRW=X,USD/KRW,fx,fx_krw,1547.880005,1548.48999,1541.47998,1544.780029,0.0,KRW,yahoo_intraday,2026-06-05T12:01:03.116012+00:00
2026-06-05T03:00:00+00:00,2026-06-05T12:00:00+09:00,2026-06-05,12:00,KRW=X,USD/KRW,fx,fx_krw,1545.180054,1546.099976,1543.280029,1545.150024,0.0,KRW,yahoo_intraday,2026-06-05T12:01:03.116012+00:00
2026-06-05T04:00:00+00:00,2026-06-05T13:00:00+09:00,2026-06-05,13:00,KRW=X,USD/KRW,fx,fx_krw,1544.859985,1545.5,1541.079956,1542.47998,0.0,KRW,yahoo_intraday,2026-06-05T12:01:03.116012+00:00
2026-06-05T05:00:00+00:00,2026-06-05T14:00:00+09:00,2026-06-05,14:00,KRW=X,USD/KRW,fx,fx_krw,1542.47998,1543.329956,1539.380005,1542.579956,0.0,KRW,yahoo_intraday,2026-06-05T12:01:03.116012+00:00
2026-06-05T06:00:00+00:00,2026-06-05T15:00:00+09:00,2026-06-05,15:00,KRW=X,USD/KRW,fx,fx_krw,1542.579956,1544.780029,1537.680054,1539.680054,0.0,KRW,yahoo_intraday,2026-06-05T12:01:03.116012+00:00
2026-06-05T07:00:00+00:00,2026-06-05T16:00:00+09:00,2026-06-05,16:00,KRW=X,USD/KRW,fx,fx_krw,1539.920044,1542.400024,1535.780029,1540.51001,0.0,KRW,yahoo_intraday,2026-06-05T12:01:03.116012+00:00
2026-06-05T08:00:00+00:00,2026-06-05T17:00:00+09:00,2026-06-05,17:00,KRW=X,USD/KRW,fx,fx_krw,1540.579956,1541.280029,1537.97998,1539.380005,0.0,KRW,yahoo_intraday,2026-06-05T12:01:03.116012+00:00
2026-06-05T09:00:00+00:00,2026-06-05T18:00:00+09:00,2026-06-05,18:00,KRW=X,USD/KRW,fx,fx_krw,1539.380005,1539.880005,1534.280029,1537.180054,0.0,KRW,yahoo_intraday,2026-06-05T12:01:03.116012+00:00
2026-06-05T10:00:00+00:00,2026-06-05T19:00:00+09:00,2026-06-05,19:00,KRW=X,USD/KRW,fx,fx_krw,1537.22998,1538.380005,1536.280029,1537.880005,0.0,KRW,yahoo_intraday,2026-06-05T12:01:03.116012+00:00
2026-06-05T11:00:00+00:00,2026-06-05T20:00:00+09:00,2026-06-05,20:00,KRW=X,USD/KRW,fx,fx_krw,1537.47998,1542.380005,1536.97998,1541.839966,0.0,KRW,yahoo_intraday,2026-06-05T12:01:03.116012+00:00
2026-06-05T12:00:00+00:00,2026-06-05T21:00:00+09:00,2026-06-05,21:00,KRW=X,USD/KRW,fx,fx_krw,1541.859985,1541.859985,1540.780029,1541.47998,0.0,KRW,yahoo_intraday,2026-06-05T12:01:03.116012+00:00
2026-06-05T12:01:06+00:00,2026-06-05T21:01:06+09:00,2026-06-05,21:01,KRW=X,USD/KRW,fx,fx_krw,1541.380005,1541.380005,1541.380005,1541.380005,0.0,KRW,yahoo_intraday,2026-06-05T12:01:03.116012+00:00
2026-05-29T13:30:00+00:00,2026-05-29T22:30:00+09:00,2026-05-29,22:30,QQQ,Nasdaq 100 ETF,us_etf,global_growth,737.710083,741.609985,737.039978,738.5,9918696.0,USD,yahoo_intraday,2026-06-05T12:01:03.116012+00:00
2026-05-29T14:30:00+00:00,2026-05-29T23:30:00+09:00,2026-05-29,23:30,QQQ,Nasdaq 100 ETF,us_etf,global_growth,738.48999,739.349976,735.25,738.320007,6785823.0,USD,yahoo_intraday,2026-06-05T12:01:03.116012+00:00
2026-05-29T15:30:00+00:00,2026-05-30T00:30:00+09:00,2026-05-30,00:30,QQQ,Nasdaq 100 ETF,us_etf,global_growth,738.320007,739.538025,737.299988,738.48999,2598937.0,USD,yahoo_intraday,2026-06-05T12:01:03.116012+00:00
2026-05-29T16:30:00+00:00,2026-05-30T01:30:00+09:00,2026-05-30,01:30,QQQ,Nasdaq 100 ETF,us_etf,global_growth,738.494995,739.530029,737.320007,737.630005,2299062.0,USD,yahoo_intraday,2026-06-05T12:01:03.116012+00:00
2026-05-29T17:30:00+00:00,2026-05-30T02:30:00+09:00,2026-05-30,02:30,QQQ,Nasdaq 100 ETF,us_etf,global_growth,737.630005,738.01001,735.780029,737.869995,3258810.0,USD,yahoo_intraday,2026-06-05T12:01:03.116012+00:00
2026-05-29T18:30:00+00:00,2026-05-30T03:30:00+09:00,2026-05-30,03:30,QQQ,Nasdaq 100 ETF,us_etf,global_growth,737.859985,738.409973,736.309998,737.859985,3587030.0,USD,yahoo_intraday,2026-06-05T12:01:03.116012+00:00
2026-05-29T19:30:00+00:00,2026-05-30T04:30:00+09:00,2026-05-30,04:30,QQQ,Nasdaq 100 ETF,us_etf,global_growth,737.869995,739.419983,737.869995,738.224976,4602785.0,USD,yahoo_intraday,2026-06-05T12:01:03.116012+00:00
2026-06-01T13:30:00+00:00,2026-06-01T22:30:00+09:00,2026-06-01,22:30,QQQ,Nasdaq 100 ETF,us_etf,global_growth,737.130005,740.130005,735.98999,738.130005,9213052.0,USD,yahoo_intraday,2026-06-05T12:01:03.116012+00:00
2026-06-01T14:30:00+00:00,2026-06-01T23:30:00+09:00,2026-06-01,23:30,QQQ,Nasdaq 100 ETF,us_etf,global_growth,738.099976,740.719971,737.820007,740.52002,4175459.0,USD,yahoo_intraday,2026-06-05T12:01:03.116012+00:00
2026-06-01T15:30:00+00:00,2026-06-02T00:30:00+09:00,2026-06-02,00:30,QQQ,Nasdaq 100 ETF,us_etf,global_growth,740.51001,742.280029,739.840027,741.25,3675640.0,USD,yahoo_intraday,2026-06-05T12:01:03.116012+00:00
2026-06-01T16:30:00+00:00,2026-06-02T01:30:00+09:00,2026-06-02,01:30,QQQ,Nasdaq 100 ETF,us_etf,global_growth,741.299988,743.47998,741.187012,743.409973,2561966.0,USD,yahoo_intraday,2026-06-05T12:01:03.116012+00:00
2026-06-01T17:30:00+00:00,2026-06-02T02:30:00+09:00,2026-06-02,02:30,QQQ,Nasdaq 100 ETF,us_etf,global_growth,743.48999,745.640015,742.669983,744.539978,4307738.0,USD,yahoo_intraday,2026-06-05T12:01:03.116012+00:00
2026-06-01T18:30:00+00:00,2026-06-02T03:30:00+09:00,2026-06-02,03:30,QQQ,Nasdaq 100 ETF,us_etf,global_growth,744.530029,744.707581,743.719971,744.0,3439585.0,USD,yahoo_intraday,2026-06-05T12:01:03.116012+00:00
2026-06-01T19:30:00+00:00,2026-06-02T04:30:00+09:00,2026-06-02,04:30,QQQ,Nasdaq 100 ETF,us_etf,global_growth,744.0,744.002014,742.340027,742.690002,3572414.0,USD,yahoo_intraday,2026-06-05T12:01:03.116012+00:00
2026-06-02T13:30:00+00:00,2026-06-02T22:30:00+09:00,2026-06-02,22:30,QQQ,Nasdaq 100 ETF,us_etf,global_growth,742.460022,744.659973,739.22998,742.5448,8932017.0,USD,yahoo_intraday,2026-06-05T12:01:03.116012+00:00
2026-06-02T14:30:00+00:00,2026-06-02T23:30:00+09:00,2026-06-02,23:30,QQQ,Nasdaq 100 ETF,us_etf,global_growth,742.530029,745.369995,742.440002,745.099976,4406687.0,USD,yahoo_intraday,2026-06-05T12:01:03.116012+00:00
2026-06-02T15:30:00+00:00,2026-06-03T00:30:00+09:00,2026-06-03,00:30,QQQ,Nasdaq 100 ETF,us_etf,global_growth,745.070129,746.219971,744.740112,744.950012,2545408.0,USD,yahoo_intraday,2026-06-05T12:01:03.116012+00:00
2026-06-02T16:30:00+00:00,2026-06-03T01:30:00+09:00,2026-06-03,01:30,QQQ,Nasdaq 100 ETF,us_etf,global_growth,744.960876,746.02002,744.309998,744.554993,2841226.0,USD,yahoo_intraday,2026-06-05T12:01:03.116012+00:00
2026-06-02T17:30:00+00:00,2026-06-03T02:30:00+09:00,2026-06-03,02:30,QQQ,Nasdaq 100 ETF,us_etf,global_growth,744.559998,745.070007,743.734985,744.47998,2102528.0,USD,yahoo_intraday,2026-06-05T12:01:03.116012+00:00
2026-06-02T18:30:00+00:00,2026-06-03T03:30:00+09:00,2026-06-03,03:30,QQQ,Nasdaq 100 ETF,us_etf,global_growth,744.47998,745.599976,743.5,745.030029,2850385.0,USD,yahoo_intraday,2026-06-05T12:01:03.116012+00:00
2026-06-02T19:30:00+00:00,2026-06-03T04:30:00+09:00,2026-06-03,04:30,QQQ,Nasdaq 100 ETF,us_etf,global_growth,745.030029,746.440002,744.98999,746.140015,4086945.0,USD,yahoo_intraday,2026-06-05T12:01:03.116012+00:00
2026-06-03T13:30:00+00:00,2026-06-03T22:30:00+09:00,2026-06-03,22:30,QQQ,Nasdaq 100 ETF,us_etf,global_growth,747.344971,748.630005,741.02002,746.549988,12758287.0,USD,yahoo_intraday,2026-06-05T12:01:03.116012+00:00
2026-06-03T14:30:00+00:00,2026-06-03T23:30:00+09:00,2026-06-03,23:30,QQQ,Nasdaq 100 ETF,us_etf,global_growth,746.549988,746.950012,743.940002,745.219971,4461660.0,USD,yahoo_intraday,2026-06-05T12:01:03.116012+00:00
2026-06-03T15:30:00+00:00,2026-06-04T00:30:00+09:00,2026-06-04,00:30,QQQ,Nasdaq 100 ETF,us_etf,global_growth,745.190002,745.799988,741.880005,742.419983,3717004.0,USD,yahoo_intraday,2026-06-05T12:01:03.116012+00:00
2026-06-03T16:30:00+00:00,2026-06-04T01:30:00+09:00,2026-06-04,01:30,QQQ,Nasdaq 100 ETF,us_etf,global_growth,742.320007,743.780029,741.27002,742.921021,2825203.0,USD,yahoo_intraday,2026-06-05T12:01:03.116012+00:00
2026-06-03T17:30:00+00:00,2026-06-04T02:30:00+09:00,2026-06-04,02:30,QQQ,Nasdaq 100 ETF,us_etf,global_growth,742.919983,745.469971,742.219971,745.409973,3498880.0,USD,yahoo_intraday,2026-06-05T12:01:03.116012+00:00
2026-06-03T18:30:00+00:00,2026-06-04T03:30:00+09:00,2026-06-04,03:30,QQQ,Nasdaq 100 ETF,us_etf,global_growth,745.409973,745.52002,743.770508,744.359985,4185849.0,USD,yahoo_intraday,2026-06-05T12:01:03.116012+00:00
2026-06-03T19:30:00+00:00,2026-06-04T04:30:00+09:00,2026-06-04,04:30,QQQ,Nasdaq 100 ETF,us_etf,global_growth,744.344971,745.755005,743.940002,744.254211,4989970.0,USD,yahoo_intraday,2026-06-05T12:01:03.116012+00:00
2026-06-04T13:30:00+00:00,2026-06-04T22:30:00+09:00,2026-06-04,22:30,QQQ,Nasdaq 100 ETF,us_etf,global_growth,735.48999,737.799988,732.630005,737.190002,13080534.0,USD,yahoo_intraday,2026-06-05T12:01:03.116012+00:00
2026-06-04T14:30:00+00:00,2026-06-04T23:30:00+09:00,2026-06-04,23:30,QQQ,Nasdaq 100 ETF,us_etf,global_growth,737.150024,740.27002,735.98877,739.610474,4477327.0,USD,yahoo_intraday,2026-06-05T12:01:03.116012+00:00
2026-06-04T15:30:00+00:00,2026-06-05T00:30:00+09:00,2026-06-05,00:30,QQQ,Nasdaq 100 ETF,us_etf,global_growth,739.630005,740.674988,737.719971,740.549988,3227007.0,USD,yahoo_intraday,2026-06-05T12:01:03.116012+00:00
2026-06-04T16:30:00+00:00,2026-06-05T01:30:00+09:00,2026-06-05,01:30,QQQ,Nasdaq 100 ETF,us_etf,global_growth,740.554993,741.450012,739.5401,741.390015,2837227.0,USD,yahoo_intraday,2026-06-05T12:01:03.116012+00:00
2026-06-04T17:30:00+00:00,2026-06-05T02:30:00+09:00,2026-06-05,02:30,QQQ,Nasdaq 100 ETF,us_etf,global_growth,741.38501,743.429993,741.309998,743.159973,3185907.0,USD,yahoo_intraday,2026-06-05T12:01:03.116012+00:00
2026-06-04T18:30:00+00:00,2026-06-05T03:30:00+09:00,2026-06-05,03:30,QQQ,Nasdaq 100 ETF,us_etf,global_growth,743.13501,743.309998,741.744995,743.281494,3915631.0,USD,yahoo_intraday,2026-06-05T12:01:03.116012+00:00
2026-06-04T19:30:00+00:00,2026-06-05T04:30:00+09:00,2026-06-05,04:30,QQQ,Nasdaq 100 ETF,us_etf,global_growth,743.275024,744.210022,740.390015,740.5,5683974.0,USD,yahoo_intraday,2026-06-05T12:01:03.116012+00:00
2026-06-04T20:00:00+00:00,2026-06-05T05:00:00+09:00,2026-06-05,05:00,QQQ,Nasdaq 100 ETF,us_etf,global_growth,740.609985,740.609985,740.609985,740.609985,0.0,USD,yahoo_intraday,2026-06-05T12:01:03.116012+00:00
2026-05-29T13:30:00+00:00,2026-05-29T22:30:00+09:00,2026-05-29,22:30,SOXX,US Semiconductor ETF,us_etf,global_semiconductor,576.440002,582.22998,570.609985,572.690002,1966023.0,USD,yahoo_intraday,2026-06-05T12:01:03.116012+00:00
2026-05-29T14:30:00+00:00,2026-05-29T23:30:00+09:00,2026-05-29,23:30,SOXX,US Semiconductor ETF,us_etf,global_semiconductor,572.63501,573.97998,564.919983,570.005005,1472258.0,USD,yahoo_intraday,2026-06-05T12:01:03.116012+00:00
2026-05-29T15:30:00+00:00,2026-05-30T00:30:00+09:00,2026-05-30,00:30,SOXX,US Semiconductor ETF,us_etf,global_semiconductor,570.090027,571.359985,567.48999,569.030029,553488.0,USD,yahoo_intraday,2026-06-05T12:01:03.116012+00:00
2026-05-29T16:30:00+00:00,2026-05-30T01:30:00+09:00,2026-05-30,01:30,SOXX,US Semiconductor ETF,us_etf,global_semiconductor,568.97998,569.97998,567.169983,567.640015,637841.0,USD,yahoo_intraday,2026-06-05T12:01:03.116012+00:00
2026-05-29T17:30:00+00:00,2026-05-30T02:30:00+09:00,2026-05-30,02:30,SOXX,US Semiconductor ETF,us_etf,global_semiconductor,567.5,568.299988,564.60498,567.97998,642798.0,USD,yahoo_intraday,2026-06-05T12:01:03.116012+00:00
2026-05-29T18:30:00+00:00,2026-05-30T03:30:00+09:00,2026-05-30,03:30,SOXX,US Semiconductor ETF,us_etf,global_semiconductor,568.140015,568.710022,565.697998,566.780029,529674.0,USD,yahoo_intraday,2026-06-05T12:01:03.116012+00:00
2026-05-29T19:30:00+00:00,2026-05-30T04:30:00+09:00,2026-05-30,04:30,SOXX,US Semiconductor ETF,us_etf,global_semiconductor,566.859985,570.349976,566.859985,569.119995,1280565.0,USD,yahoo_intraday,2026-06-05T12:01:03.116012+00:00
2026-06-01T13:30:00+00:00,2026-06-01T22:30:00+09:00,2026-06-01,22:30,SOXX,US Semiconductor ETF,us_etf,global_semiconductor,563.515015,570.929993,557.380005,566.329895,2360579.0,USD,yahoo_intraday,2026-06-05T12:01:03.116012+00:00
2026-06-01T14:30:00+00:00,2026-06-01T23:30:00+09:00,2026-06-01,23:30,SOXX,US Semiconductor ETF,us_etf,global_semiconductor,566.330017,572.719971,565.890015,572.27002,852771.0,USD,yahoo_intraday,2026-06-05T12:01:03.116012+00:00
2026-06-01T15:30:00+00:00,2026-06-02T00:30:00+09:00,2026-06-02,00:30,SOXX,US Semiconductor ETF,us_etf,global_semiconductor,572.190002,574.349976,570.179993,572.034973,1147322.0,USD,yahoo_intraday,2026-06-05T12:01:03.116012+00:00
2026-06-01T16:30:00+00:00,2026-06-02T01:30:00+09:00,2026-06-02,01:30,SOXX,US Semiconductor ETF,us_etf,global_semiconductor,572.140015,575.0,571.159973,574.973328,479838.0,USD,yahoo_intraday,2026-06-05T12:01:03.116012+00:00
2026-06-01T17:30:00+00:00,2026-06-02T02:30:00+09:00,2026-06-02,02:30,SOXX,US Semiconductor ETF,us_etf,global_semiconductor,574.929993,577.98999,573.97998,575.01001,556783.0,USD,yahoo_intraday,2026-06-05T12:01:03.116012+00:00
2026-06-01T18:30:00+00:00,2026-06-02T03:30:00+09:00,2026-06-02,03:30,SOXX,US Semiconductor ETF,us_etf,global_semiconductor,574.937012,575.522522,571.919983,572.655029,552171.0,USD,yahoo_intraday,2026-06-05T12:01:03.116012+00:00
2026-06-01T19:30:00+00:00,2026-06-02T04:30:00+09:00,2026-06-02,04:30,SOXX,US Semiconductor ETF,us_etf,global_semiconductor,572.580017,572.630005,570.049988,571.75,880932.0,USD,yahoo_intraday,2026-06-05T12:01:03.116012+00:00
2026-06-02T13:30:00+00:00,2026-06-02T22:30:00+09:00,2026-06-02,22:30,SOXX,US Semiconductor ETF,us_etf,global_semiconductor,585.843994,594.900024,582.0,590.0,2055294.0,USD,yahoo_intraday,2026-06-05T12:01:03.116012+00:00
2026-06-02T14:30:00+00:00,2026-06-02T23:30:00+09:00,2026-06-02,23:30,SOXX,US Semiconductor ETF,us_etf,global_semiconductor,589.919983,599.340027,589.869995,598.900024,1183124.0,USD,yahoo_intraday,2026-06-05T12:01:03.116012+00:00
2026-06-02T15:30:00+00:00,2026-06-03T00:30:00+09:00,2026-06-03,00:30,SOXX,US Semiconductor ETF,us_etf,global_semiconductor,598.900024,601.190002,596.619995,596.72998,631014.0,USD,yahoo_intraday,2026-06-05T12:01:03.116012+00:00
2026-06-02T16:30:00+00:00,2026-06-03T01:30:00+09:00,2026-06-03,01:30,SOXX,US Semiconductor ETF,us_etf,global_semiconductor,596.72998,599.429993,595.515015,596.38147,709430.0,USD,yahoo_intraday,2026-06-05T12:01:03.116012+00:00
2026-06-02T17:30:00+00:00,2026-06-03T02:30:00+09:00,2026-06-03,02:30,SOXX,US Semiconductor ETF,us_etf,global_semiconductor,596.380005,599.200012,594.47998,599.200012,564261.0,USD,yahoo_intraday,2026-06-05T12:01:03.116012+00:00
2026-06-02T18:30:00+00:00,2026-06-03T03:30:00+09:00,2026-06-03,03:30,SOXX,US Semiconductor ETF,us_etf,global_semiconductor,599.184998,602.0,596.830078,600.450012,924167.0,USD,yahoo_intraday,2026-06-05T12:01:03.116012+00:00
2026-06-02T19:30:00+00:00,2026-06-03T04:30:00+09:00,2026-06-03,04:30,SOXX,US Semiconductor ETF,us_etf,global_semiconductor,600.469971,605.440002,600.359985,604.820007,1000135.0,USD,yahoo_intraday,2026-06-05T12:01:03.116012+00:00
2026-06-03T13:30:00+00:00,2026-06-03T22:30:00+09:00,2026-06-03,22:30,SOXX,US Semiconductor ETF,us_etf,global_semiconductor,616.244995,618.840027,598.01001,617.280029,3200061.0,USD,yahoo_intraday,2026-06-05T12:01:03.116012+00:00
2026-06-03T14:30:00+00:00,2026-06-03T23:30:00+09:00,2026-06-03,23:30,SOXX,US Semiconductor ETF,us_etf,global_semiconductor,617.049988,617.51001,610.940002,613.755005,933337.0,USD,yahoo_intraday,2026-06-05T12:01:03.116012+00:00
2026-06-03T15:30:00+00:00,2026-06-04T00:30:00+09:00,2026-06-04,00:30,SOXX,US Semiconductor ETF,us_etf,global_semiconductor,613.669983,615.784973,609.400024,611.484985,716876.0,USD,yahoo_intraday,2026-06-05T12:01:03.116012+00:00
2026-06-03T16:30:00+00:00,2026-06-04T01:30:00+09:00,2026-06-04,01:30,SOXX,US Semiconductor ETF,us_etf,global_semiconductor,611.534973,614.169983,609.361023,613.400024,468493.0,USD,yahoo_intraday,2026-06-05T12:01:03.116012+00:00
2026-06-03T17:30:00+00:00,2026-06-04T02:30:00+09:00,2026-06-04,02:30,SOXX,US Semiconductor ETF,us_etf,global_semiconductor,613.380005,618.5,612.179993,618.289978,708651.0,USD,yahoo_intraday,2026-06-05T12:01:03.116012+00:00
2026-06-03T18:30:00+00:00,2026-06-04T03:30:00+09:00,2026-06-04,03:30,SOXX,US Semiconductor ETF,us_etf,global_semiconductor,618.440002,618.52002,613.130005,614.484985,534771.0,USD,yahoo_intraday,2026-06-05T12:01:03.116012+00:00
2026-06-03T19:30:00+00:00,2026-06-04T04:30:00+09:00,2026-06-04,04:30,SOXX,US Semiconductor ETF,us_etf,global_semiconductor,614.5,618.140015,613.880005,615.580017,1237223.0,USD,yahoo_intraday,2026-06-05T12:01:03.116012+00:00
2026-06-04T13:30:00+00:00,2026-06-04T22:30:00+09:00,2026-06-04,22:30,SOXX,US Semiconductor ETF,us_etf,global_semiconductor,587.310974,593.030029,577.539978,592.25,5424031.0,USD,yahoo_intraday,2026-06-05T12:01:03.116012+00:00
2026-06-04T14:30:00+00:00,2026-06-04T23:30:00+09:00,2026-06-04,23:30,SOXX,US Semiconductor ETF,us_etf,global_semiconductor,592.27002,601.155029,587.849976,598.309998,1471041.0,USD,yahoo_intraday,2026-06-05T12:01:03.116012+00:00
2026-06-04T15:30:00+00:00,2026-06-05T00:30:00+09:00,2026-06-05,00:30,SOXX,US Semiconductor ETF,us_etf,global_semiconductor,598.150024,602.155029,593.289978,602.099915,795103.0,USD,yahoo_intraday,2026-06-05T12:01:03.116012+00:00
2026-06-04T16:30:00+00:00,2026-06-05T01:30:00+09:00,2026-06-05,01:30,SOXX,US Semiconductor ETF,us_etf,global_semiconductor,602.099976,604.450012,599.130005,604.090027,559583.0,USD,yahoo_intraday,2026-06-05T12:01:03.116012+00:00
2026-06-04T17:30:00+00:00,2026-06-05T02:30:00+09:00,2026-06-05,02:30,SOXX,US Semiconductor ETF,us_etf,global_semiconductor,604.090027,611.26001,603.940002,609.059998,678848.0,USD,yahoo_intraday,2026-06-05T12:01:03.116012+00:00
2026-06-04T18:30:00+00:00,2026-06-05T03:30:00+09:00,2026-06-05,03:30,SOXX,US Semiconductor ETF,us_etf,global_semiconductor,608.64502,609.0,602.659973,608.809998,717635.0,USD,yahoo_intraday,2026-06-05T12:01:03.116012+00:00
2026-06-04T19:30:00+00:00,2026-06-05T04:30:00+09:00,2026-06-05,04:30,SOXX,US Semiconductor ETF,us_etf,global_semiconductor,608.789978,615.679993,602.109985,602.580017,995482.0,USD,yahoo_intraday,2026-06-05T12:01:03.116012+00:00
2026-06-04T20:00:00+00:00,2026-06-05T05:00:00+09:00,2026-06-05,05:00,SOXX,US Semiconductor ETF,us_etf,global_semiconductor,602.719971,602.719971,602.719971,602.719971,0.0,USD,yahoo_intraday,2026-06-05T12:01:03.116012+00:00
2026-05-29T13:30:00+00:00,2026-05-29T22:30:00+09:00,2026-05-29,22:30,SPY,S&P 500 ETF,us_etf,global_risk,755.900024,758.080017,755.5,756.599976,9997949.0,USD,yahoo_intraday,2026-06-05T12:01:03.116012+00:00
2026-05-29T14:30:00+00:00,2026-05-29T23:30:00+09:00,2026-05-29,23:30,SPY,S&P 500 ETF,us_etf,global_risk,756.599976,757.419983,754.690002,756.780029,7046757.0,USD,yahoo_intraday,2026-06-05T12:01:03.116012+00:00
2026-05-29T15:30:00+00:00,2026-05-30T00:30:00+09:00,2026-05-30,00:30,SPY,S&P 500 ETF,us_etf,global_risk,756.809998,757.465027,756.299988,756.75,3106974.0,USD,yahoo_intraday,2026-06-05T12:01:03.116012+00:00
2026-05-29T16:30:00+00:00,2026-05-30T01:30:00+09:00,2026-05-30,01:30,SPY,S&P 500 ETF,us_etf,global_risk,756.76001,757.820007,756.219971,756.609985,3024110.0,USD,yahoo_intraday,2026-06-05T12:01:03.116012+00:00
2026-05-29T17:30:00+00:00,2026-05-30T02:30:00+09:00,2026-05-30,02:30,SPY,S&P 500 ETF,us_etf,global_risk,756.599976,756.679993,755.130005,756.289978,4179205.0,USD,yahoo_intraday,2026-06-05T12:01:03.116012+00:00
2026-05-29T18:30:00+00:00,2026-05-30T03:30:00+09:00,2026-05-30,03:30,SPY,S&P 500 ETF,us_etf,global_risk,756.289978,756.880005,755.359985,756.859985,5158451.0,USD,yahoo_intraday,2026-06-05T12:01:03.116012+00:00
2026-05-29T19:30:00+00:00,2026-05-30T04:30:00+09:00,2026-05-30,04:30,SPY,S&P 500 ETF,us_etf,global_risk,756.859985,757.630005,756.169983,756.400024,10239410.0,USD,yahoo_intraday,2026-06-05T12:01:03.116012+00:00
2026-06-01T13:30:00+00:00,2026-06-01T22:30:00+09:00,2026-06-01,22:30,SPY,S&P 500 ETF,us_etf,global_risk,755.359985,756.77002,754.690002,755.85498,9846467.0,USD,yahoo_intraday,2026-06-05T12:01:03.116012+00:00
2026-06-01T14:30:00+00:00,2026-06-01T23:30:00+09:00,2026-06-01,23:30,SPY,S&P 500 ETF,us_etf,global_risk,755.840027,756.405029,755.280029,756.159973,4485379.0,USD,yahoo_intraday,2026-06-05T12:01:03.116012+00:00
2026-06-01T15:30:00+00:00,2026-06-02T00:30:00+09:00,2026-06-02,00:30,SPY,S&P 500 ETF,us_etf,global_risk,756.140015,757.419983,755.870972,756.780029,4751368.0,USD,yahoo_intraday,2026-06-05T12:01:03.116012+00:00
2026-06-01T16:30:00+00:00,2026-06-02T01:30:00+09:00,2026-06-02,01:30,SPY,S&P 500 ETF,us_etf,global_risk,756.780029,758.549988,756.780029,758.51001,3945292.0,USD,yahoo_intraday,2026-06-05T12:01:03.116012+00:00
2026-06-01T17:30:00+00:00,2026-06-02T02:30:00+09:00,2026-06-02,02:30,SPY,S&P 500 ETF,us_etf,global_risk,758.539978,760.27002,757.72998,759.820496,5777300.0,USD,yahoo_intraday,2026-06-05T12:01:03.116012+00:00
2026-06-01T18:30:00+00:00,2026-06-02T03:30:00+09:00,2026-06-02,03:30,SPY,S&P 500 ETF,us_etf,global_risk,759.820007,759.869995,759.369995,759.679993,3333036.0,USD,yahoo_intraday,2026-06-05T12:01:03.116012+00:00
2026-06-01T19:30:00+00:00,2026-06-02T04:30:00+09:00,2026-06-02,04:30,SPY,S&P 500 ETF,us_etf,global_risk,759.669983,759.679199,758.039978,758.440002,6294748.0,USD,yahoo_intraday,2026-06-05T12:01:03.116012+00:00
2026-06-02T13:30:00+00:00,2026-06-02T22:30:00+09:00,2026-06-02,22:30,SPY,S&P 500 ETF,us_etf,global_risk,757.030029,758.469971,756.75,757.734985,6399062.0,USD,yahoo_intraday,2026-06-05T12:01:03.116012+00:00
2026-06-02T14:30:00+00:00,2026-06-02T23:30:00+09:00,2026-06-02,23:30,SPY,S&P 500 ETF,us_etf,global_risk,757.73999,760.400024,757.719971,759.890015,4629833.0,USD,yahoo_intraday,2026-06-05T12:01:03.116012+00:00
2026-06-02T15:30:00+00:00,2026-06-03T00:30:00+09:00,2026-06-03,00:30,SPY,S&P 500 ETF,us_etf,global_risk,759.869995,760.039978,759.22998,759.349976,2292200.0,USD,yahoo_intraday,2026-06-05T12:01:03.116012+00:00
2026-06-02T16:30:00+00:00,2026-06-03T01:30:00+09:00,2026-06-03,01:30,SPY,S&P 500 ETF,us_etf,global_risk,759.359009,759.969971,758.924988,759.025024,2326195.0,USD,yahoo_intraday,2026-06-05T12:01:03.116012+00:00
2026-06-02T17:30:00+00:00,2026-06-03T02:30:00+09:00,2026-06-03,02:30,SPY,S&P 500 ETF,us_etf,global_risk,759.01123,759.349976,758.780029,758.956421,2590862.0,USD,yahoo_intraday,2026-06-05T12:01:03.116012+00:00
2026-06-02T18:30:00+00:00,2026-06-03T03:30:00+09:00,2026-06-03,03:30,SPY,S&P 500 ETF,us_etf,global_risk,758.955322,759.575012,758.625,759.330017,4064345.0,USD,yahoo_intraday,2026-06-05T12:01:03.116012+00:00
2026-06-02T19:30:00+00:00,2026-06-03T04:30:00+09:00,2026-06-03,04:30,SPY,S&P 500 ETF,us_etf,global_risk,759.330017,759.690002,759.119995,759.469971,4631392.0,USD,yahoo_intraday,2026-06-05T12:01:03.116012+00:00
2026-06-03T13:30:00+00:00,2026-06-03T22:30:00+09:00,2026-06-03,22:30,SPY,S&P 500 ETF,us_etf,global_risk,758.150024,758.799988,754.73999,756.809998,8761155.0,USD,yahoo_intraday,2026-06-05T12:01:03.116012+00:00
2026-06-03T14:30:00+00:00,2026-06-03T23:30:00+09:00,2026-06-03,23:30,SPY,S&P 500 ETF,us_etf,global_risk,756.799988,757.01001,755.330017,756.119995,3495290.0,USD,yahoo_intraday,2026-06-05T12:01:03.116012+00:00
2026-06-03T15:30:00+00:00,2026-06-04T00:30:00+09:00,2026-06-04,00:30,SPY,S&P 500 ETF,us_etf,global_risk,756.125,756.289978,753.880005,754.309998,3796249.0,USD,yahoo_intraday,2026-06-05T12:01:03.116012+00:00
2026-06-03T16:30:00+00:00,2026-06-04T01:30:00+09:00,2026-06-04,01:30,SPY,S&P 500 ETF,us_etf,global_risk,754.309998,755.179993,753.570007,754.632507,4522733.0,USD,yahoo_intraday,2026-06-05T12:01:03.116012+00:00
2026-06-03T17:30:00+00:00,2026-06-04T02:30:00+09:00,2026-06-04,02:30,SPY,S&P 500 ETF,us_etf,global_risk,754.632507,756.039978,754.200012,755.97998,4086294.0,USD,yahoo_intraday,2026-06-05T12:01:03.116012+00:00
2026-06-03T18:30:00+00:00,2026-06-04T03:30:00+09:00,2026-06-04,03:30,SPY,S&P 500 ETF,us_etf,global_risk,755.97998,756.049988,754.609985,754.830017,6175427.0,USD,yahoo_intraday,2026-06-05T12:01:03.116012+00:00
2026-06-03T19:30:00+00:00,2026-06-04T04:30:00+09:00,2026-06-04,04:30,SPY,S&P 500 ETF,us_etf,global_risk,754.830017,755.47998,753.900024,754.190002,11697075.0,USD,yahoo_intraday,2026-06-05T12:01:03.116012+00:00
2026-06-04T13:30:00+00:00,2026-06-04T22:30:00+09:00,2026-06-04,22:30,SPY,S&P 500 ETF,us_etf,global_risk,752.099976,754.289978,751.469971,754.02002,9226817.0,USD,yahoo_intraday,2026-06-05T12:01:03.116012+00:00
2026-06-04T14:30:00+00:00,2026-06-04T23:30:00+09:00,2026-06-04,23:30,SPY,S&P 500 ETF,us_etf,global_risk,754.02002,755.969971,753.380005,755.86499,6914754.0,USD,yahoo_intraday,2026-06-05T12:01:03.116012+00:00
2026-06-04T15:30:00+00:00,2026-06-05T00:30:00+09:00,2026-06-05,00:30,SPY,S&P 500 ETF,us_etf,global_risk,755.859985,756.669983,754.799988,756.5,4126933.0,USD,yahoo_intraday,2026-06-05T12:01:03.116012+00:00
2026-06-04T16:30:00+00:00,2026-06-05T01:30:00+09:00,2026-06-05,01:30,SPY,S&P 500 ETF,us_etf,global_risk,756.52002,757.179993,756.049988,757.109985,3334279.0,USD,yahoo_intraday,2026-06-05T12:01:03.116012+00:00
2026-06-04T17:30:00+00:00,2026-06-05T02:30:00+09:00,2026-06-05,02:30,SPY,S&P 500 ETF,us_etf,global_risk,757.109985,757.929993,757.02002,757.809998,4265241.0,USD,yahoo_intraday,2026-06-05T12:01:03.116012+00:00
2026-06-04T18:30:00+00:00,2026-06-05T03:30:00+09:00,2026-06-05,03:30,SPY,S&P 500 ETF,us_etf,global_risk,757.799988,758.299988,757.5,758.289978,5269760.0,USD,yahoo_intraday,2026-06-05T12:01:03.116012+00:00
2026-06-04T19:30:00+00:00,2026-06-05T04:30:00+09:00,2026-06-05,04:30,SPY,S&P 500 ETF,us_etf,global_risk,758.289978,758.309998,756.799988,757.049988,10503046.0,USD,yahoo_intraday,2026-06-05T12:01:03.116012+00:00
2026-06-04T20:00:00+00:00,2026-06-05T05:00:00+09:00,2026-06-05,05:00,SPY,S&P 500 ETF,us_etf,global_risk,757.090027,757.090027,757.090027,757.090027,0.0,USD,yahoo_intraday,2026-06-05T12:01:03.116012+00:00
2026-05-29T13:30:00+00:00,2026-05-29T22:30:00+09:00,2026-05-29,22:30,TLT,US Long Treasury ETF,us_etf,global_rates,85.809998,85.82,85.629997,85.705002,3597885.0,USD,yahoo_intraday,2026-06-05T12:01:03.116012+00:00
2026-05-29T14:30:00+00:00,2026-05-29T23:30:00+09:00,2026-05-29,23:30,TLT,US Long Treasury ETF,us_etf,global_rates,85.709999,85.958397,85.669998,85.900002,3453201.0,USD,yahoo_intraday,2026-06-05T12:01:03.116012+00:00
2026-05-29T15:30:00+00:00,2026-05-30T00:30:00+09:00,2026-05-30,00:30,TLT,US Long Treasury ETF,us_etf,global_rates,85.904999,85.93,85.730103,85.790001,2750290.0,USD,yahoo_intraday,2026-06-05T12:01:03.116012+00:00
2026-05-29T16:30:00+00:00,2026-05-30T01:30:00+09:00,2026-05-30,01:30,TLT,US Long Treasury ETF,us_etf,global_rates,85.790001,85.864998,85.7724,85.785004,2297340.0,USD,yahoo_intraday,2026-06-05T12:01:03.116012+00:00
2026-05-29T17:30:00+00:00,2026-05-30T02:30:00+09:00,2026-05-30,02:30,TLT,US Long Treasury ETF,us_etf,global_rates,85.785004,85.790001,85.6828,85.769997,2176962.0,USD,yahoo_intraday,2026-06-05T12:01:03.116012+00:00
2026-05-29T18:30:00+00:00,2026-05-30T03:30:00+09:00,2026-05-30,03:30,TLT,US Long Treasury ETF,us_etf,global_rates,85.775002,85.790001,85.565002,85.654999,5160872.0,USD,yahoo_intraday,2026-06-05T12:01:03.116012+00:00
2026-05-29T19:30:00+00:00,2026-05-30T04:30:00+09:00,2026-05-30,04:30,TLT,US Long Treasury ETF,us_etf,global_rates,85.654999,85.75,85.550003,85.730003,7098640.0,USD,yahoo_intraday,2026-06-05T12:01:03.116012+00:00
2026-06-01T13:30:00+00:00,2026-06-01T22:30:00+09:00,2026-06-01,22:30,TLT,US Long Treasury ETF,us_etf,global_rates,84.9207,85.0327,84.809998,84.870003,7947861.0,USD,yahoo_intraday,2026-06-05T12:01:03.116012+00:00
2026-06-01T14:30:00+00:00,2026-06-01T23:30:00+09:00,2026-06-01,23:30,TLT,US Long Treasury ETF,us_etf,global_rates,84.879997,85.010002,84.800003,84.970001,2447069.0,USD,yahoo_intraday,2026-06-05T12:01:03.116012+00:00
2026-06-01T15:30:00+00:00,2026-06-02T00:30:00+09:00,2026-06-02,00:30,TLT,US Long Treasury ETF,us_etf,global_rates,84.974998,85.139999,84.919998,85.004997,2613997.0,USD,yahoo_intraday,2026-06-05T12:01:03.116012+00:00
2026-06-01T16:30:00+00:00,2026-06-02T01:30:00+09:00,2026-06-02,01:30,TLT,US Long Treasury ETF,us_etf,global_rates,85.010002,85.445,85.010002,85.445,2298105.0,USD,yahoo_intraday,2026-06-05T12:01:03.116012+00:00
2026-06-01T17:30:00+00:00,2026-06-02T02:30:00+09:00,2026-06-02,02:30,TLT,US Long Treasury ETF,us_etf,global_rates,85.43,85.535004,85.300003,85.309898,2599456.0,USD,yahoo_intraday,2026-06-05T12:01:03.116012+00:00
2026-06-01T18:30:00+00:00,2026-06-02T03:30:00+09:00,2026-06-02,03:30,TLT,US Long Treasury ETF,us_etf,global_rates,85.305,85.324997,85.248001,85.305,1599531.0,USD,yahoo_intraday,2026-06-05T12:01:03.116012+00:00
2026-06-01T19:30:00+00:00,2026-06-02T04:30:00+09:00,2026-06-02,04:30,TLT,US Long Treasury ETF,us_etf,global_rates,85.315002,85.470001,85.309998,85.455002,2856747.0,USD,yahoo_intraday,2026-06-05T12:01:03.116012+00:00
2026-06-02T13:30:00+00:00,2026-06-02T22:30:00+09:00,2026-06-02,22:30,TLT,US Long Treasury ETF,us_etf,global_rates,85.802002,85.82,85.559998,85.709999,5453054.0,USD,yahoo_intraday,2026-06-05T12:01:03.116012+00:00
2026-06-02T14:30:00+00:00,2026-06-02T23:30:00+09:00,2026-06-02,23:30,TLT,US Long Treasury ETF,us_etf,global_rates,85.699997,85.739899,85.650002,85.705002,1884360.0,USD,yahoo_intraday,2026-06-05T12:01:03.116012+00:00
2026-06-02T15:30:00+00:00,2026-06-03T00:30:00+09:00,2026-06-03,00:30,TLT,US Long Treasury ETF,us_etf,global_rates,85.705002,85.760002,85.57,85.57,3526842.0,USD,yahoo_intraday,2026-06-05T12:01:03.116012+00:00
2026-06-02T16:30:00+00:00,2026-06-03T01:30:00+09:00,2026-06-03,01:30,TLT,US Long Treasury ETF,us_etf,global_rates,85.57,85.610001,85.5,85.555,1527352.0,USD,yahoo_intraday,2026-06-05T12:01:03.116012+00:00
2026-06-02T17:30:00+00:00,2026-06-03T02:30:00+09:00,2026-06-03,02:30,TLT,US Long Treasury ETF,us_etf,global_rates,85.550003,85.665001,85.540001,85.635002,1522458.0,USD,yahoo_intraday,2026-06-05T12:01:03.116012+00:00
2026-06-02T18:30:00+00:00,2026-06-03T03:30:00+09:00,2026-06-03,03:30,TLT,US Long Treasury ETF,us_etf,global_rates,85.635002,85.654999,85.580002,85.635002,1740302.0,USD,yahoo_intraday,2026-06-05T12:01:03.116012+00:00
2026-06-02T19:30:00+00:00,2026-06-03T04:30:00+09:00,2026-06-03,04:30,TLT,US Long Treasury ETF,us_etf,global_rates,85.635002,85.68,85.584999,85.630997,2353006.0,USD,yahoo_intraday,2026-06-05T12:01:03.116012+00:00
2026-06-03T13:30:00+00:00,2026-06-03T22:30:00+09:00,2026-06-03,22:30,TLT,US Long Treasury ETF,us_etf,global_rates,85.285004,85.43,85.224998,85.4151,3299560.0,USD,yahoo_intraday,2026-06-05T12:01:03.116012+00:00
2026-06-03T14:30:00+00:00,2026-06-03T23:30:00+09:00,2026-06-03,23:30,TLT,US Long Treasury ETF,us_etf,global_rates,85.425003,85.428703,85.25,85.290001,2080441.0,USD,yahoo_intraday,2026-06-05T12:01:03.116012+00:00
2026-06-03T15:30:00+00:00,2026-06-04T00:30:00+09:00,2026-06-04,00:30,TLT,US Long Treasury ETF,us_etf,global_rates,85.289703,85.294998,85.099998,85.150002,1472169.0,USD,yahoo_intraday,2026-06-05T12:01:03.116012+00:00
2026-06-03T16:30:00+00:00,2026-06-04T01:30:00+09:00,2026-06-04,01:30,TLT,US Long Treasury ETF,us_etf,global_rates,85.160004,85.279999,85.160004,85.220001,1152304.0,USD,yahoo_intraday,2026-06-05T12:01:03.116012+00:00
2026-06-03T17:30:00+00:00,2026-06-04T02:30:00+09:00,2026-06-04,02:30,TLT,US Long Treasury ETF,us_etf,global_rates,85.220001,85.32,85.213097,85.315102,858187.0,USD,yahoo_intraday,2026-06-05T12:01:03.116012+00:00
2026-06-03T18:30:00+00:00,2026-06-04T03:30:00+09:00,2026-06-04,03:30,TLT,US Long Treasury ETF,us_etf,global_rates,85.32,85.355003,85.260002,85.294998,1264835.0,USD,yahoo_intraday,2026-06-05T12:01:03.116012+00:00
2026-06-03T19:30:00+00:00,2026-06-04T04:30:00+09:00,2026-06-04,04:30,TLT,US Long Treasury ETF,us_etf,global_rates,85.294998,85.32,85.269997,85.32,3035074.0,USD,yahoo_intraday,2026-06-05T12:01:03.116012+00:00
2026-06-04T13:30:00+00:00,2026-06-04T22:30:00+09:00,2026-06-04,22:30,TLT,US Long Treasury ETF,us_etf,global_rates,85.605003,85.709999,85.550003,85.559998,3899024.0,USD,yahoo_intraday,2026-06-05T12:01:03.116012+00:00
2026-06-04T14:30:00+00:00,2026-06-04T23:30:00+09:00,2026-06-04,23:30,TLT,US Long Treasury ETF,us_etf,global_rates,85.559998,85.605003,85.520103,85.584999,1663002.0,USD,yahoo_intraday,2026-06-05T12:01:03.116012+00:00
2026-06-04T15:30:00+00:00,2026-06-05T00:30:00+09:00,2026-06-05,00:30,TLT,US Long Treasury ETF,us_etf,global_rates,85.582001,85.639999,85.559998,85.584999,1599655.0,USD,yahoo_intraday,2026-06-05T12:01:03.116012+00:00
2026-06-04T16:30:00+00:00,2026-06-05T01:30:00+09:00,2026-06-05,01:30,TLT,US Long Treasury ETF,us_etf,global_rates,85.584999,85.620003,85.529999,85.544998,701240.0,USD,yahoo_intraday,2026-06-05T12:01:03.116012+00:00
2026-06-04T17:30:00+00:00,2026-06-05T02:30:00+09:00,2026-06-05,02:30,TLT,US Long Treasury ETF,us_etf,global_rates,85.544998,85.590103,85.455002,85.480003,1284023.0,USD,yahoo_intraday,2026-06-05T12:01:03.116012+00:00
2026-06-04T18:30:00+00:00,2026-06-05T03:30:00+09:00,2026-06-05,03:30,TLT,US Long Treasury ETF,us_etf,global_rates,85.470001,85.536003,85.419998,85.535004,938141.0,USD,yahoo_intraday,2026-06-05T12:01:03.116012+00:00
2026-06-04T19:30:00+00:00,2026-06-05T04:30:00+09:00,2026-06-05,04:30,TLT,US Long Treasury ETF,us_etf,global_rates,85.535004,85.540001,85.309998,85.5,2218732.0,USD,yahoo_intraday,2026-06-05T12:01:03.116012+00:00
2026-06-04T20:00:00+00:00,2026-06-05T05:00:00+09:00,2026-06-05,05:00,TLT,US Long Treasury ETF,us_etf,global_rates,85.5,85.5,85.5,85.5,0.0,USD,yahoo_intraday,2026-06-05T12:01:03.116012+00:00
2026-06-01T00:00:00+00:00,2026-06-01T09:00:00+09:00,2026-06-01,09:00,^KS200,KOSPI 200,kr_index,korea_market,1344.089966,1379.910034,1343.959961,1376.949951,0.0,KRW,yahoo_intraday,2026-06-05T12:01:03.116012+00:00
2026-06-01T01:00:00+00:00,2026-06-01T10:00:00+09:00,2026-06-01,10:00,^KS200,KOSPI 200,kr_index,korea_market,1376.959961,1407.800049,1376.390015,1406.699951,44159.0,KRW,yahoo_intraday,2026-06-05T12:01:03.116012+00:00
2026-06-01T02:00:00+00:00,2026-06-01T11:00:00+09:00,2026-06-01,11:00,^KS200,KOSPI 200,kr_index,korea_market,1406.630005,1412.380005,1401.98999,1408.660034,32301.0,KRW,yahoo_intraday,2026-06-05T12:01:03.116012+00:00
2026-06-01T03:00:00+00:00,2026-06-01T12:00:00+09:00,2026-06-01,12:00,^KS200,KOSPI 200,kr_index,korea_market,1408.449951,1411.52002,1399.579956,1403.079956,26475.0,KRW,yahoo_intraday,2026-06-05T12:01:03.116012+00:00
2026-06-01T04:00:00+00:00,2026-06-01T13:00:00+09:00,2026-06-01,13:00,^KS200,KOSPI 200,kr_index,korea_market,1403.219971,1412.579956,1402.150024,1411.709961,33999.0,KRW,yahoo_intraday,2026-06-05T12:01:03.116012+00:00
2026-06-01T05:00:00+00:00,2026-06-01T14:00:00+09:00,2026-06-01,14:00,^KS200,KOSPI 200,kr_index,korea_market,1411.77002,1412.099976,1390.119995,1405.25,46129.0,KRW,yahoo_intraday,2026-06-05T12:01:03.116012+00:00
2026-06-02T00:00:00+00:00,2026-06-02T09:00:00+09:00,2026-06-02,09:00,^KS200,KOSPI 200,kr_index,korea_market,1419.069946,1430.48999,1353.189941,1363.390015,130691.0,KRW,yahoo_intraday,2026-06-05T12:01:03.116012+00:00
2026-06-02T01:00:00+00:00,2026-06-02T10:00:00+09:00,2026-06-02,10:00,^KS200,KOSPI 200,kr_index,korea_market,1364.130005,1396.98999,1363.410034,1364.099976,46585.0,KRW,yahoo_intraday,2026-06-05T12:01:03.116012+00:00
2026-06-02T02:00:00+00:00,2026-06-02T11:00:00+09:00,2026-06-02,11:00,^KS200,KOSPI 200,kr_index,korea_market,1364.040039,1386.98999,1355.910034,1380.930054,28502.0,KRW,yahoo_intraday,2026-06-05T12:01:03.116012+00:00
2026-06-02T03:00:00+00:00,2026-06-02T12:00:00+09:00,2026-06-02,12:00,^KS200,KOSPI 200,kr_index,korea_market,1380.339966,1383.640015,1362.400024,1372.130005,26587.0,KRW,yahoo_intraday,2026-06-05T12:01:03.116012+00:00
2026-06-02T04:00:00+00:00,2026-06-02T13:00:00+09:00,2026-06-02,13:00,^KS200,KOSPI 200,kr_index,korea_market,1372.599976,1388.77002,1368.73999,1387.300049,25506.0,KRW,yahoo_intraday,2026-06-05T12:01:03.116012+00:00
2026-06-02T05:00:00+00:00,2026-06-02T14:00:00+09:00,2026-06-02,14:00,^KS200,KOSPI 200,kr_index,korea_market,1387.439941,1417.109985,1383.670044,1403.98999,34910.0,KRW,yahoo_intraday,2026-06-05T12:01:03.116012+00:00
2026-06-04T00:00:00+00:00,2026-06-04T09:00:00+09:00,2026-06-04,09:00,^KS200,KOSPI 200,kr_index,korea_market,1374.73999,1402.040039,1367.150024,1385.0,0.0,KRW,yahoo_intraday,2026-06-05T12:01:03.116012+00:00
2026-06-04T01:00:00+00:00,2026-06-04T10:00:00+09:00,2026-06-04,10:00,^KS200,KOSPI 200,kr_index,korea_market,1384.890015,1394.099976,1376.880005,1377.01001,26834.0,KRW,yahoo_intraday,2026-06-05T12:01:03.116012+00:00
2026-06-04T02:00:00+00:00,2026-06-04T11:00:00+09:00,2026-06-04,11:00,^KS200,KOSPI 200,kr_index,korea_market,1377.079956,1389.369995,1368.640015,1383.390015,20081.0,KRW,yahoo_intraday,2026-06-05T12:01:03.116012+00:00
2026-06-04T03:00:00+00:00,2026-06-04T12:00:00+09:00,2026-06-04,12:00,^KS200,KOSPI 200,kr_index,korea_market,1383.630005,1400.219971,1382.77002,1393.560059,19289.0,KRW,yahoo_intraday,2026-06-05T12:01:03.116012+00:00
2026-06-04T04:00:00+00:00,2026-06-04T13:00:00+09:00,2026-06-04,13:00,^KS200,KOSPI 200,kr_index,korea_market,1394.22998,1395.089966,1386.719971,1393.97998,15927.0,KRW,yahoo_intraday,2026-06-05T12:01:03.116012+00:00
2026-06-04T05:00:00+00:00,2026-06-04T14:00:00+09:00,2026-06-04,14:00,^KS200,KOSPI 200,kr_index,korea_market,1393.689941,1396.550049,1380.439941,1384.349976,22449.0,KRW,yahoo_intraday,2026-06-05T12:01:03.116012+00:00
2026-06-05T00:00:00+00:00,2026-06-05T09:00:00+09:00,2026-06-05,09:00,^KS200,KOSPI 200,kr_index,korea_market,1323.25,1323.939941,1283.660034,1285.099976,67766.0,KRW,yahoo_intraday,2026-06-05T12:01:03.116012+00:00
2026-06-05T01:00:00+00:00,2026-06-05T10:00:00+09:00,2026-06-05,10:00,^KS200,KOSPI 200,kr_index,korea_market,1285.780029,1320.52002,1278.650024,1320.140015,28299.0,KRW,yahoo_intraday,2026-06-05T12:01:03.116012+00:00
2026-06-05T02:00:00+00:00,2026-06-05T11:00:00+09:00,2026-06-05,11:00,^KS200,KOSPI 200,kr_index,korea_market,1320.079956,1338.130005,1315.73999,1319.930054,19316.0,KRW,yahoo_intraday,2026-06-05T12:01:03.116012+00:00
2026-06-05T03:00:00+00:00,2026-06-05T12:00:00+09:00,2026-06-05,12:00,^KS200,KOSPI 200,kr_index,korea_market,1319.0,1325.689941,1303.400024,1309.400024,13661.0,KRW,yahoo_intraday,2026-06-05T12:01:03.116012+00:00
2026-06-05T04:00:00+00:00,2026-06-05T13:00:00+09:00,2026-06-05,13:00,^KS200,KOSPI 200,kr_index,korea_market,1309.930054,1313.47998,1296.079956,1311.089966,15855.0,KRW,yahoo_intraday,2026-06-05T12:01:03.116012+00:00
2026-06-05T05:00:00+00:00,2026-06-05T14:00:00+09:00,2026-06-05,14:00,^KS200,KOSPI 200,kr_index,korea_market,1310.869995,1318.829956,1301.579956,1301.699951,20950.0,KRW,yahoo_intraday,2026-06-05T12:01:03.116012+00:00
2026-06-05T06:00:00+00:00,2026-06-05T15:00:00+09:00,2026-06-05,15:00,^KS200,KOSPI 200,kr_index,korea_market,1297.02002,1297.02002,1297.02002,1297.02002,0.0,KRW,yahoo_intraday,2026-06-05T12:01:03.116012+00:00
