date,ticker,adj_close,source,currency,ingested_at
2007-01-02,^KS200,185.699997,yahoo,KRW,2026-06-05T09:03:38.313619+00:00
2007-01-03,^KS200,182.130005,yahoo,KRW,2026-06-05T09:03:38.313619+00:00
2007-01-04,^KS200,180.520004,yahoo,KRW,2026-06-05T09:03:38.313619+00:00
2007-01-05,^KS200,179.100006,yahoo,KRW,2026-06-05T09:03:38.313619+00:00
2007-01-08,^KS200,177.080002,yahoo,KRW,2026-06-05T09:03:38.313619+00:00
2007-01-09,^KS200,177.520004,yahoo,KRW,2026-06-05T09:03:38.313619+00:00
2007-01-10,^KS200,174.990005,yahoo,KRW,2026-06-05T09:03:38.313619+00:00
2007-01-11,^KS200,176.259995,yahoo,KRW,2026-06-05T09:03:38.313619+00:00
2007-01-12,^KS200,179.360001,yahoo,KRW,2026-06-05T09:03:38.313619+00:00
2007-01-15,^KS200,179.820007,yahoo,KRW,2026-06-05T09:03:38.313619+00:00
2007-01-16,^KS200,179.729996,yahoo,KRW,2026-06-05T09:03:38.313619+00:00
2007-01-17,^KS200,178.5,yahoo,KRW,2026-06-05T09:03:38.313619+00:00
2007-01-18,^KS200,179.119995,yahoo,KRW,2026-06-05T09:03:38.313619+00:00
2007-01-19,^KS200,176.229996,yahoo,KRW,2026-06-05T09:03:38.313619+00:00
2007-01-22,^KS200,176.830002,yahoo,KRW,2026-06-05T09:03:38.313619+00:00
2007-01-23,^KS200,176.899994,yahoo,KRW,2026-06-05T09:03:38.313619+00:00
2007-01-24,^KS200,179.369995,yahoo,KRW,2026-06-05T09:03:38.313619+00:00
2007-01-25,^KS200,179.119995,yahoo,KRW,2026-06-05T09:03:38.313619+00:00
2007-01-26,^KS200,177.580002,yahoo,KRW,2026-06-05T09:03:38.313619+00:00
2007-01-29,^KS200,176.410004,yahoo,KRW,2026-06-05T09:03:38.313619+00:00
2007-01-30,^KS200,177.449997,yahoo,KRW,2026-06-05T09:03:38.313619+00:00
2007-01-31,^KS200,175.990005,yahoo,KRW,2026-06-05T09:03:38.313619+00:00
2007-02-01,^KS200,179.100006,yahoo,KRW,2026-06-05T09:03:38.313619+00:00
2007-02-02,^KS200,183.199997,yahoo,KRW,2026-06-05T09:03:38.313619+00:00
2007-02-05,^KS200,183.729996,yahoo,KRW,2026-06-05T09:03:38.313619+00:00
2007-02-06,^KS200,185.089996,yahoo,KRW,2026-06-05T09:03:38.313619+00:00
2007-02-07,^KS200,184.669998,yahoo,KRW,2026-06-05T09:03:38.313619+00:00
2007-02-08,^KS200,184.25,yahoo,KRW,2026-06-05T09:03:38.313619+00:00
2007-02-09,^KS200,184.720001,yahoo,KRW,2026-06-05T09:03:38.313619+00:00
2007-02-12,^KS200,182.800003,yahoo,KRW,2026-06-05T09:03:38.313619+00:00
2007-02-13,^KS200,183.289993,yahoo,KRW,2026-06-05T09:03:38.313619+00:00
2007-02-14,^KS200,185.720001,yahoo,KRW,2026-06-05T09:03:38.313619+00:00
2007-02-15,^KS200,186.820007,yahoo,KRW,2026-06-05T09:03:38.313619+00:00
2007-02-16,^KS200,187.570007,yahoo,KRW,2026-06-05T09:03:38.313619+00:00
2007-02-20,^KS200,188.119995,yahoo,KRW,2026-06-05T09:03:38.313619+00:00
2007-02-21,^KS200,187.899994,yahoo,KRW,2026-06-05T09:03:38.313619+00:00
2007-02-22,^KS200,189.720001,yahoo,KRW,2026-06-05T09:03:38.313619+00:00
2007-02-23,^KS200,190.190002,yahoo,KRW,2026-06-05T09:03:38.313619+00:00
2007-02-26,^KS200,190.119995,yahoo,KRW,2026-06-05T09:03:38.313619+00:00
2007-02-27,^KS200,188.149994,yahoo,KRW,2026-06-05T09:03:38.313619+00:00
2007-02-28,^KS200,183.199997,yahoo,KRW,2026-06-05T09:03:38.313619+00:00
2007-03-05,^KS200,177.690002,yahoo,KRW,2026-06-05T09:03:38.313619+00:00
2007-03-06,^KS200,181.229996,yahoo,KRW,2026-06-05T09:03:38.313619+00:00
2007-03-07,^KS200,182.360001,yahoo,KRW,2026-06-05T09:03:38.313619+00:00
2007-03-08,^KS200,183.940002,yahoo,KRW,2026-06-05T09:03:38.313619+00:00
2007-03-09,^KS200,183.869995,yahoo,KRW,2026-06-05T09:03:38.313619+00:00
2007-03-12,^KS200,186.360001,yahoo,KRW,2026-06-05T09:03:38.313619+00:00
2007-03-13,^KS200,185.720001,yahoo,KRW,2026-06-05T09:03:38.313619+00:00
2007-03-14,^KS200,181.809998,yahoo,KRW,2026-06-05T09:03:38.313619+00:00
2007-03-15,^KS200,184.410004,yahoo,KRW,2026-06-05T09:03:38.313619+00:00
2007-03-16,^KS200,184.419998,yahoo,KRW,2026-06-05T09:03:38.313619+00:00
2007-03-19,^KS200,186.309998,yahoo,KRW,2026-06-05T09:03:38.313619+00:00
2007-03-20,^KS200,186.339996,yahoo,KRW,2026-06-05T09:03:38.313619+00:00
2007-03-21,^KS200,186.240005,yahoo,KRW,2026-06-05T09:03:38.313619+00:00
2007-03-22,^KS200,187.149994,yahoo,KRW,2026-06-05T09:03:38.313619+00:00
2007-03-23,^KS200,186.889999,yahoo,KRW,2026-06-05T09:03:38.313619+00:00
2007-03-26,^KS200,187.190002,yahoo,KRW,2026-06-05T09:03:38.313619+00:00
2007-03-27,^KS200,187.679993,yahoo,KRW,2026-06-05T09:03:38.313619+00:00
2007-03-28,^KS200,185.960007,yahoo,KRW,2026-06-05T09:03:38.313619+00:00
2007-03-29,^KS200,187.440002,yahoo,KRW,2026-06-05T09:03:38.313619+00:00
2007-03-30,^KS200,187.600006,yahoo,KRW,2026-06-05T09:03:38.313619+00:00
2007-04-02,^KS200,188.559998,yahoo,KRW,2026-06-05T09:03:38.313619+00:00
2007-04-03,^KS200,189.119995,yahoo,KRW,2026-06-05T09:03:38.313619+00:00
2007-04-04,^KS200,191.770004,yahoo,KRW,2026-06-05T09:03:38.313619+00:00
2007-04-05,^KS200,191.410004,yahoo,KRW,2026-06-05T09:03:38.313619+00:00
2007-04-06,^KS200,191.630005,yahoo,KRW,2026-06-05T09:03:38.313619+00:00
2007-04-09,^KS200,193.850006,yahoo,KRW,2026-06-05T09:03:38.313619+00:00
2007-04-10,^KS200,193.550003,yahoo,KRW,2026-06-05T09:03:38.313619+00:00
2007-04-11,^KS200,195.270004,yahoo,KRW,2026-06-05T09:03:38.313619+00:00
2007-04-12,^KS200,196.809998,yahoo,KRW,2026-06-05T09:03:38.313619+00:00
2007-04-13,^KS200,195.850006,yahoo,KRW,2026-06-05T09:03:38.313619+00:00
2007-04-16,^KS200,197.100006,yahoo,KRW,2026-06-05T09:03:38.313619+00:00
2007-04-17,^KS200,196.570007,yahoo,KRW,2026-06-05T09:03:38.313619+00:00
2007-04-18,^KS200,197.309998,yahoo,KRW,2026-06-05T09:03:38.313619+00:00
2007-04-19,^KS200,194.589996,yahoo,KRW,2026-06-05T09:03:38.313619+00:00
2007-04-20,^KS200,197.240005,yahoo,KRW,2026-06-05T09:03:38.313619+00:00
2007-04-23,^KS200,198.619995,yahoo,KRW,2026-06-05T09:03:38.313619+00:00
2007-04-24,^KS200,200.020004,yahoo,KRW,2026-06-05T09:03:38.313619+00:00
2007-04-25,^KS200,198.429993,yahoo,KRW,2026-06-05T09:03:38.313619+00:00
2007-04-26,^KS200,199.75,yahoo,KRW,2026-06-05T09:03:38.313619+00:00
2007-04-27,^KS200,198.279999,yahoo,KRW,2026-06-05T09:03:38.313619+00:00
2007-04-30,^KS200,198.550003,yahoo,KRW,2026-06-05T09:03:38.313619+00:00
2007-05-02,^KS200,199.860001,yahoo,KRW,2026-06-05T09:03:38.313619+00:00
2007-05-03,^KS200,200.669998,yahoo,KRW,2026-06-05T09:03:38.313619+00:00
2007-05-04,^KS200,201.559998,yahoo,KRW,2026-06-05T09:03:38.313619+00:00
2007-05-07,^KS200,203.570007,yahoo,KRW,2026-06-05T09:03:38.313619+00:00
2007-05-08,^KS200,203.509995,yahoo,KRW,2026-06-05T09:03:38.313619+00:00
2007-05-09,^KS200,204.770004,yahoo,KRW,2026-06-05T09:03:38.313619+00:00
2007-05-10,^KS200,205.509995,yahoo,KRW,2026-06-05T09:03:38.313619+00:00
2007-05-11,^KS200,206.059998,yahoo,KRW,2026-06-05T09:03:38.313619+00:00
2007-05-14,^KS200,206.279999,yahoo,KRW,2026-06-05T09:03:38.313619+00:00
2007-05-15,^KS200,204.220001,yahoo,KRW,2026-06-05T09:03:38.313619+00:00
2007-05-16,^KS200,205.619995,yahoo,KRW,2026-06-05T09:03:38.313619+00:00
2007-05-17,^KS200,207.350006,yahoo,KRW,2026-06-05T09:03:38.313619+00:00
2007-05-18,^KS200,206.690002,yahoo,KRW,2026-06-05T09:03:38.313619+00:00
2007-05-21,^KS200,208.740005,yahoo,KRW,2026-06-05T09:03:38.313619+00:00
2007-05-22,^KS200,210.690002,yahoo,KRW,2026-06-05T09:03:38.313619+00:00
2007-05-23,^KS200,211.149994,yahoo,KRW,2026-06-05T09:03:38.313619+00:00
2007-05-25,^KS200,210.539993,yahoo,KRW,2026-06-05T09:03:38.313619+00:00
2007-05-28,^KS200,211.880005,yahoo,KRW,2026-06-05T09:03:38.313619+00:00
2007-05-29,^KS200,212.059998,yahoo,KRW,2026-06-05T09:03:38.313619+00:00
2007-05-30,^KS200,211.759995,yahoo,KRW,2026-06-05T09:03:38.313619+00:00
2007-05-31,^KS200,216.449997,yahoo,KRW,2026-06-05T09:03:38.313619+00:00
2007-06-01,^KS200,218.740005,yahoo,KRW,2026-06-05T09:03:38.313619+00:00
2007-06-04,^KS200,221.899994,yahoo,KRW,2026-06-05T09:03:38.313619+00:00
2007-06-05,^KS200,222.369995,yahoo,KRW,2026-06-05T09:03:38.313619+00:00
2007-06-07,^KS200,223.169998,yahoo,KRW,2026-06-05T09:03:38.313619+00:00
2007-06-08,^KS200,219.800003,yahoo,KRW,2026-06-05T09:03:38.313619+00:00
2007-06-11,^KS200,218.389999,yahoo,KRW,2026-06-05T09:03:38.313619+00:00
2007-06-12,^KS200,219.940002,yahoo,KRW,2026-06-05T09:03:38.313619+00:00
2007-06-13,^KS200,218.589996,yahoo,KRW,2026-06-05T09:03:38.313619+00:00
2007-06-14,^KS200,224.460007,yahoo,KRW,2026-06-05T09:03:38.313619+00:00
2007-06-15,^KS200,224.610001,yahoo,KRW,2026-06-05T09:03:38.313619+00:00
2007-06-18,^KS200,228.800003,yahoo,KRW,2026-06-05T09:03:38.313619+00:00
2007-06-19,^KS200,229.039993,yahoo,KRW,2026-06-05T09:03:38.313619+00:00
2007-06-20,^KS200,226.580002,yahoo,KRW,2026-06-05T09:03:38.313619+00:00
2007-06-21,^KS200,227.809998,yahoo,KRW,2026-06-05T09:03:38.313619+00:00
2007-06-22,^KS200,224.949997,yahoo,KRW,2026-06-05T09:03:38.313619+00:00
2007-06-25,^KS200,223.399994,yahoo,KRW,2026-06-05T09:03:38.313619+00:00
2007-06-26,^KS200,222.429993,yahoo,KRW,2026-06-05T09:03:38.313619+00:00
2007-06-27,^KS200,220.350006,yahoo,KRW,2026-06-05T09:03:38.313619+00:00
2007-06-28,^KS200,222.600006,yahoo,KRW,2026-06-05T09:03:38.313619+00:00
2007-06-29,^KS200,221.309998,yahoo,KRW,2026-06-05T09:03:38.313619+00:00
2007-07-02,^KS200,224.75,yahoo,KRW,2026-06-05T09:03:38.313619+00:00
2007-07-03,^KS200,229.289993,yahoo,KRW,2026-06-05T09:03:38.313619+00:00
2007-07-04,^KS200,233.429993,yahoo,KRW,2026-06-05T09:03:38.313619+00:00
2007-07-05,^KS200,234.75,yahoo,KRW,2026-06-05T09:03:38.313619+00:00
2007-07-06,^KS200,236.520004,yahoo,KRW,2026-06-05T09:03:38.313619+00:00
2007-07-09,^KS200,239.679993,yahoo,KRW,2026-06-05T09:03:38.313619+00:00
2007-07-10,^KS200,241.020004,yahoo,KRW,2026-06-05T09:03:38.313619+00:00
2007-07-11,^KS200,240.460007,yahoo,KRW,2026-06-05T09:03:38.313619+00:00
2007-07-12,^KS200,242.860001,yahoo,KRW,2026-06-05T09:03:38.313619+00:00
2007-07-13,^KS200,250.190002,yahoo,KRW,2026-06-05T09:03:38.313619+00:00
2007-07-16,^KS200,247.910004,yahoo,KRW,2026-06-05T09:03:38.313619+00:00
2007-07-18,^KS200,244.919998,yahoo,KRW,2026-06-05T09:03:38.313619+00:00
2007-07-19,^KS200,245.699997,yahoo,KRW,2026-06-05T09:03:38.313619+00:00
2007-07-20,^KS200,251.449997,yahoo,KRW,2026-06-05T09:03:38.313619+00:00
2007-07-23,^KS200,252.279999,yahoo,KRW,2026-06-05T09:03:38.313619+00:00
2007-07-24,^KS200,252.610001,yahoo,KRW,2026-06-05T09:03:38.313619+00:00
2007-07-25,^KS200,253.929993,yahoo,KRW,2026-06-05T09:03:38.313619+00:00
2007-07-26,^KS200,248.75,yahoo,KRW,2026-06-05T09:03:38.313619+00:00
2007-07-27,^KS200,238.339996,yahoo,KRW,2026-06-05T09:03:38.313619+00:00
2007-07-30,^KS200,241.389999,yahoo,KRW,2026-06-05T09:03:38.313619+00:00
2007-07-31,^KS200,244.320007,yahoo,KRW,2026-06-05T09:03:38.313619+00:00
2007-08-01,^KS200,234.360001,yahoo,KRW,2026-06-05T09:03:38.313619+00:00
2007-08-02,^KS200,233.839996,yahoo,KRW,2026-06-05T09:03:38.313619+00:00
2007-08-03,^KS200,236.910004,yahoo,KRW,2026-06-05T09:03:38.313619+00:00
2007-08-06,^KS200,233.919998,yahoo,KRW,2026-06-05T09:03:38.313619+00:00
2007-08-07,^KS200,234.5,yahoo,KRW,2026-06-05T09:03:38.313619+00:00
2007-08-08,^KS200,240.070007,yahoo,KRW,2026-06-05T09:03:38.313619+00:00
2007-08-09,^KS200,241.0,yahoo,KRW,2026-06-05T09:03:38.313619+00:00
2007-08-10,^KS200,230.679993,yahoo,KRW,2026-06-05T09:03:38.313619+00:00
2007-08-13,^KS200,233.880005,yahoo,KRW,2026-06-05T09:03:38.313619+00:00
2007-08-14,^KS200,230.449997,yahoo,KRW,2026-06-05T09:03:38.313619+00:00
2007-08-16,^KS200,215.669998,yahoo,KRW,2026-06-05T09:03:38.313619+00:00
2007-08-17,^KS200,208.570007,yahoo,KRW,2026-06-05T09:03:38.313619+00:00
2007-08-20,^KS200,219.720001,yahoo,KRW,2026-06-05T09:03:38.313619+00:00
2007-08-21,^KS200,220.179993,yahoo,KRW,2026-06-05T09:03:38.313619+00:00
2007-08-22,^KS200,223.240005,yahoo,KRW,2026-06-05T09:03:38.313619+00:00
2007-08-23,^KS200,228.600006,yahoo,KRW,2026-06-05T09:03:38.313619+00:00
2007-08-24,^KS200,227.179993,yahoo,KRW,2026-06-05T09:03:38.313619+00:00
2007-08-27,^KS200,228.649994,yahoo,KRW,2026-06-05T09:03:38.313619+00:00
2007-08-28,^KS200,232.380005,yahoo,KRW,2026-06-05T09:03:38.313619+00:00
2007-08-29,^KS200,232.320007,yahoo,KRW,2026-06-05T09:03:38.313619+00:00
2007-08-30,^KS200,234.220001,yahoo,KRW,2026-06-05T09:03:38.313619+00:00
2007-08-31,^KS200,238.279999,yahoo,KRW,2026-06-05T09:03:38.313619+00:00
2007-09-03,^KS200,238.720001,yahoo,KRW,2026-06-05T09:03:38.313619+00:00
2007-09-04,^KS200,237.910004,yahoo,KRW,2026-06-05T09:03:38.313619+00:00
2007-09-05,^KS200,236.610001,yahoo,KRW,2026-06-05T09:03:38.313619+00:00
2007-09-06,^KS200,239.610001,yahoo,KRW,2026-06-05T09:03:38.313619+00:00
2007-09-07,^KS200,238.919998,yahoo,KRW,2026-06-05T09:03:38.313619+00:00
2007-09-10,^KS200,232.440002,yahoo,KRW,2026-06-05T09:03:38.313619+00:00
2007-09-11,^KS200,234.119995,yahoo,KRW,2026-06-05T09:03:38.313619+00:00
2007-09-12,^KS200,229.440002,yahoo,KRW,2026-06-05T09:03:38.313619+00:00
2007-09-13,^KS200,233.860001,yahoo,KRW,2026-06-05T09:03:38.313619+00:00
2007-09-14,^KS200,236.539993,yahoo,KRW,2026-06-05T09:03:38.313619+00:00
2007-09-17,^KS200,236.720001,yahoo,KRW,2026-06-05T09:03:38.313619+00:00
2007-09-18,^KS200,232.419998,yahoo,KRW,2026-06-05T09:03:38.313619+00:00
2007-09-19,^KS200,241.080002,yahoo,KRW,2026-06-05T09:03:38.313619+00:00
2007-09-20,^KS200,242.419998,yahoo,KRW,2026-06-05T09:03:38.313619+00:00
2007-09-21,^KS200,243.449997,yahoo,KRW,2026-06-05T09:03:38.313619+00:00
2007-09-27,^KS200,247.100006,yahoo,KRW,2026-06-05T09:03:38.313619+00:00
2007-09-28,^KS200,247.199997,yahoo,KRW,2026-06-05T09:03:38.313619+00:00
2007-10-01,^KS200,249.300003,yahoo,KRW,2026-06-05T09:03:38.313619+00:00
2007-10-02,^KS200,256.799988,yahoo,KRW,2026-06-05T09:03:38.313619+00:00
2007-10-04,^KS200,254.919998,yahoo,KRW,2026-06-05T09:03:38.313619+00:00
2007-10-05,^KS200,253.630005,yahoo,KRW,2026-06-05T09:03:38.313619+00:00
2007-10-08,^KS200,255.869995,yahoo,KRW,2026-06-05T09:03:38.313619+00:00
2007-10-09,^KS200,256.190002,yahoo,KRW,2026-06-05T09:03:38.313619+00:00
2007-10-10,^KS200,259.790009,yahoo,KRW,2026-06-05T09:03:38.313619+00:00
2007-10-11,^KS200,261.820007,yahoo,KRW,2026-06-05T09:03:38.313619+00:00
2007-10-12,^KS200,257.309998,yahoo,KRW,2026-06-05T09:03:38.313619+00:00
2007-10-15,^KS200,257.679993,yahoo,KRW,2026-06-05T09:03:38.313619+00:00
2007-10-16,^KS200,253.429993,yahoo,KRW,2026-06-05T09:03:38.313619+00:00
2007-10-17,^KS200,250.479996,yahoo,KRW,2026-06-05T09:03:38.313619+00:00
2007-10-18,^KS200,252.600006,yahoo,KRW,2026-06-05T09:03:38.313619+00:00
2007-10-19,^KS200,248.350006,yahoo,KRW,2026-06-05T09:03:38.313619+00:00
2007-10-22,^KS200,239.940002,yahoo,KRW,2026-06-05T09:03:38.313619+00:00
2007-10-23,^KS200,244.899994,yahoo,KRW,2026-06-05T09:03:38.313619+00:00
2007-10-24,^KS200,243.309998,yahoo,KRW,2026-06-05T09:03:38.313619+00:00
2007-10-25,^KS200,248.800003,yahoo,KRW,2026-06-05T09:03:38.313619+00:00
2007-10-26,^KS200,255.649994,yahoo,KRW,2026-06-05T09:03:38.313619+00:00
2007-10-29,^KS200,260.399994,yahoo,KRW,2026-06-05T09:03:38.313619+00:00
2007-10-30,^KS200,258.869995,yahoo,KRW,2026-06-05T09:03:38.313619+00:00
2007-10-31,^KS200,260.420013,yahoo,KRW,2026-06-05T09:03:38.313619+00:00
2007-11-01,^KS200,260.76001,yahoo,KRW,2026-06-05T09:03:38.313619+00:00
2007-11-02,^KS200,254.740005,yahoo,KRW,2026-06-05T09:03:38.313619+00:00
2007-11-05,^KS200,253.910004,yahoo,KRW,2026-06-05T09:03:38.313619+00:00
2007-11-06,^KS200,259.23999,yahoo,KRW,2026-06-05T09:03:38.313619+00:00
2007-11-07,^KS200,258.73999,yahoo,KRW,2026-06-05T09:03:38.313619+00:00
2007-11-08,^KS200,249.970001,yahoo,KRW,2026-06-05T09:03:38.313619+00:00
2007-11-09,^KS200,252.210007,yahoo,KRW,2026-06-05T09:03:38.313619+00:00
2007-11-12,^KS200,243.889999,yahoo,KRW,2026-06-05T09:03:38.313619+00:00
2007-11-13,^KS200,244.729996,yahoo,KRW,2026-06-05T09:03:38.313619+00:00
2007-11-14,^KS200,250.210007,yahoo,KRW,2026-06-05T09:03:38.313619+00:00
2007-11-15,^KS200,247.389999,yahoo,KRW,2026-06-05T09:03:38.313619+00:00
2007-11-16,^KS200,244.130005,yahoo,KRW,2026-06-05T09:03:38.313619+00:00
2007-11-19,^KS200,239.779999,yahoo,KRW,2026-06-05T09:03:38.313619+00:00
2007-11-20,^KS200,236.910004,yahoo,KRW,2026-06-05T09:03:38.313619+00:00
2007-11-21,^KS200,228.839996,yahoo,KRW,2026-06-05T09:03:38.313619+00:00
2007-11-22,^KS200,228.100006,yahoo,KRW,2026-06-05T09:03:38.313619+00:00
2007-11-23,^KS200,225.539993,yahoo,KRW,2026-06-05T09:03:38.313619+00:00
2007-11-26,^KS200,236.009995,yahoo,KRW,2026-06-05T09:03:38.313619+00:00
2007-11-27,^KS200,236.380005,yahoo,KRW,2026-06-05T09:03:38.313619+00:00
2007-11-28,^KS200,232.869995,yahoo,KRW,2026-06-05T09:03:38.313619+00:00
2007-11-29,^KS200,238.679993,yahoo,KRW,2026-06-05T09:03:38.313619+00:00
2007-11-30,^KS200,241.910004,yahoo,KRW,2026-06-05T09:03:38.313619+00:00
2007-12-03,^KS200,241.610001,yahoo,KRW,2026-06-05T09:03:38.313619+00:00
2007-12-04,^KS200,244.039993,yahoo,KRW,2026-06-05T09:03:38.313619+00:00
2007-12-05,^KS200,247.029999,yahoo,KRW,2026-06-05T09:03:38.313619+00:00
2007-12-06,^KS200,249.630005,yahoo,KRW,2026-06-05T09:03:38.313619+00:00
2007-12-07,^KS200,247.380005,yahoo,KRW,2026-06-05T09:03:38.313619+00:00
2007-12-10,^KS200,244.25,yahoo,KRW,2026-06-05T09:03:38.313619+00:00
2007-12-11,^KS200,246.850006,yahoo,KRW,2026-06-05T09:03:38.313619+00:00
2007-12-12,^KS200,247.149994,yahoo,KRW,2026-06-05T09:03:38.313619+00:00
2007-12-13,^KS200,245.210007,yahoo,KRW,2026-06-05T09:03:38.313619+00:00
2007-12-14,^KS200,241.5,yahoo,KRW,2026-06-05T09:03:38.313619+00:00
2007-12-17,^KS200,234.330002,yahoo,KRW,2026-06-05T09:03:38.313619+00:00
2007-12-18,^KS200,236.649994,yahoo,KRW,2026-06-05T09:03:38.313619+00:00
2007-12-20,^KS200,234.399994,yahoo,KRW,2026-06-05T09:03:38.313619+00:00
2007-12-21,^KS200,239.600006,yahoo,KRW,2026-06-05T09:03:38.313619+00:00
2007-12-24,^KS200,245.139999,yahoo,KRW,2026-06-05T09:03:38.313619+00:00
2007-12-26,^KS200,243.479996,yahoo,KRW,2026-06-05T09:03:38.313619+00:00
2007-12-27,^KS200,243.380005,yahoo,KRW,2026-06-05T09:03:38.313619+00:00
2007-12-28,^KS200,241.270004,yahoo,KRW,2026-06-05T09:03:38.313619+00:00
2008-01-02,^KS200,235.300003,yahoo,KRW,2026-06-05T09:03:38.313619+00:00
2008-01-03,^KS200,234.669998,yahoo,KRW,2026-06-05T09:03:38.313619+00:00
2008-01-04,^KS200,235.770004,yahoo,KRW,2026-06-05T09:03:38.313619+00:00
2008-01-07,^KS200,231.0,yahoo,KRW,2026-06-05T09:03:38.313619+00:00
2008-01-08,^KS200,230.339996,yahoo,KRW,2026-06-05T09:03:38.313619+00:00
2008-01-09,^KS200,232.529999,yahoo,KRW,2026-06-05T09:03:38.313619+00:00
2008-01-10,^KS200,229.470001,yahoo,KRW,2026-06-05T09:03:38.313619+00:00
2008-01-11,^KS200,224.410004,yahoo,KRW,2026-06-05T09:03:38.313619+00:00
2008-01-14,^KS200,222.809998,yahoo,KRW,2026-06-05T09:03:38.313619+00:00
2008-01-15,^KS200,220.910004,yahoo,KRW,2026-06-05T09:03:38.313619+00:00
2008-01-16,^KS200,215.869995,yahoo,KRW,2026-06-05T09:03:38.313619+00:00
2008-01-17,^KS200,218.830002,yahoo,KRW,2026-06-05T09:03:38.313619+00:00
2008-01-18,^KS200,219.869995,yahoo,KRW,2026-06-05T09:03:38.313619+00:00
2008-01-21,^KS200,213.600006,yahoo,KRW,2026-06-05T09:03:38.313619+00:00
2008-01-22,^KS200,204.550003,yahoo,KRW,2026-06-05T09:03:38.313619+00:00
2008-01-23,^KS200,207.229996,yahoo,KRW,2026-06-05T09:03:38.313619+00:00
2008-01-24,^KS200,211.199997,yahoo,KRW,2026-06-05T09:03:38.313619+00:00
2008-01-25,^KS200,215.059998,yahoo,KRW,2026-06-05T09:03:38.313619+00:00
2008-01-28,^KS200,206.520004,yahoo,KRW,2026-06-05T09:03:38.313619+00:00
2008-01-29,^KS200,208.800003,yahoo,KRW,2026-06-05T09:03:38.313619+00:00
2008-01-30,^KS200,203.5,yahoo,KRW,2026-06-05T09:03:38.313619+00:00
2008-01-31,^KS200,207.770004,yahoo,KRW,2026-06-05T09:03:38.313619+00:00
2008-02-01,^KS200,209.080002,yahoo,KRW,2026-06-05T09:03:38.313619+00:00
2008-02-04,^KS200,216.229996,yahoo,KRW,2026-06-05T09:03:38.313619+00:00
2008-02-05,^KS200,216.910004,yahoo,KRW,2026-06-05T09:03:38.313619+00:00
2008-02-11,^KS200,208.919998,yahoo,KRW,2026-06-05T09:03:38.313619+00:00
2008-02-12,^KS200,209.009995,yahoo,KRW,2026-06-05T09:03:38.313619+00:00
2008-02-13,^KS200,207.559998,yahoo,KRW,2026-06-05T09:03:38.313619+00:00
2008-02-14,^KS200,216.199997,yahoo,KRW,2026-06-05T09:03:38.313619+00:00
2008-02-15,^KS200,215.380005,yahoo,KRW,2026-06-05T09:03:38.313619+00:00
2008-02-18,^KS200,215.460007,yahoo,KRW,2026-06-05T09:03:38.313619+00:00
2008-02-19,^KS200,218.369995,yahoo,KRW,2026-06-05T09:03:38.313619+00:00
2008-02-20,^KS200,213.839996,yahoo,KRW,2026-06-05T09:03:38.313619+00:00
2008-02-21,^KS200,216.380005,yahoo,KRW,2026-06-05T09:03:38.313619+00:00
2008-02-22,^KS200,213.729996,yahoo,KRW,2026-06-05T09:03:38.313619+00:00
2008-02-25,^KS200,217.070007,yahoo,KRW,2026-06-05T09:03:38.313619+00:00
2008-02-26,^KS200,217.220001,yahoo,KRW,2026-06-05T09:03:38.313619+00:00
2008-02-27,^KS200,218.869995,yahoo,KRW,2026-06-05T09:03:38.313619+00:00
2008-02-28,^KS200,220.589996,yahoo,KRW,2026-06-05T09:03:38.313619+00:00
2008-02-29,^KS200,216.850006,yahoo,KRW,2026-06-05T09:03:38.313619+00:00
2008-03-03,^KS200,211.729996,yahoo,KRW,2026-06-05T09:03:38.313619+00:00
2008-03-04,^KS200,212.139999,yahoo,KRW,2026-06-05T09:03:38.313619+00:00
2008-03-05,^KS200,212.139999,yahoo,KRW,2026-06-05T09:03:38.313619+00:00
2008-03-06,^KS200,214.919998,yahoo,KRW,2026-06-05T09:03:38.313619+00:00
2008-03-07,^KS200,210.570007,yahoo,KRW,2026-06-05T09:03:38.313619+00:00
2008-03-10,^KS200,206.289993,yahoo,KRW,2026-06-05T09:03:38.313619+00:00
2008-03-11,^KS200,208.059998,yahoo,KRW,2026-06-05T09:03:38.313619+00:00
2008-03-12,^KS200,210.490005,yahoo,KRW,2026-06-05T09:03:38.313619+00:00
2008-03-13,^KS200,204.419998,yahoo,KRW,2026-06-05T09:03:38.313619+00:00
2008-03-14,^KS200,202.630005,yahoo,KRW,2026-06-05T09:03:38.313619+00:00
2008-03-17,^KS200,199.679993,yahoo,KRW,2026-06-05T09:03:38.313619+00:00
2008-03-18,^KS200,201.789993,yahoo,KRW,2026-06-05T09:03:38.313619+00:00
2008-03-19,^KS200,206.479996,yahoo,KRW,2026-06-05T09:03:38.313619+00:00
2008-03-20,^KS200,206.619995,yahoo,KRW,2026-06-05T09:03:38.313619+00:00
2008-03-21,^KS200,209.690002,yahoo,KRW,2026-06-05T09:03:38.313619+00:00
2008-03-24,^KS200,211.0,yahoo,KRW,2026-06-05T09:03:38.313619+00:00
2008-03-25,^KS200,213.729996,yahoo,KRW,2026-06-05T09:03:38.313619+00:00
2008-03-26,^KS200,214.410004,yahoo,KRW,2026-06-05T09:03:38.313619+00:00
2008-03-27,^KS200,213.850006,yahoo,KRW,2026-06-05T09:03:38.313619+00:00
2008-03-28,^KS200,217.220001,yahoo,KRW,2026-06-05T09:03:38.313619+00:00
2008-03-31,^KS200,217.649994,yahoo,KRW,2026-06-05T09:03:38.313619+00:00
2008-04-01,^KS200,217.809998,yahoo,KRW,2026-06-05T09:03:38.313619+00:00
2008-04-02,^KS200,223.759995,yahoo,KRW,2026-06-05T09:03:38.313619+00:00
2008-04-03,^KS200,226.990005,yahoo,KRW,2026-06-05T09:03:38.313619+00:00
2008-04-04,^KS200,226.949997,yahoo,KRW,2026-06-05T09:03:38.313619+00:00
2008-04-07,^KS200,227.789993,yahoo,KRW,2026-06-05T09:03:38.313619+00:00
2008-04-08,^KS200,225.100006,yahoo,KRW,2026-06-05T09:03:38.313619+00:00
2008-04-10,^KS200,226.440002,yahoo,KRW,2026-06-05T09:03:38.313619+00:00
2008-04-11,^KS200,228.800003,yahoo,KRW,2026-06-05T09:03:38.313619+00:00
2008-04-14,^KS200,224.539993,yahoo,KRW,2026-06-05T09:03:38.313619+00:00
2008-04-15,^KS200,223.509995,yahoo,KRW,2026-06-05T09:03:38.313619+00:00
2008-04-16,^KS200,225.360001,yahoo,KRW,2026-06-05T09:03:38.313619+00:00
2008-04-17,^KS200,226.979996,yahoo,KRW,2026-06-05T09:03:38.313619+00:00
2008-04-18,^KS200,227.25,yahoo,KRW,2026-06-05T09:03:38.313619+00:00
2008-04-21,^KS200,231.110001,yahoo,KRW,2026-06-05T09:03:38.313619+00:00
2008-04-22,^KS200,229.220001,yahoo,KRW,2026-06-05T09:03:38.313619+00:00
2008-04-23,^KS200,230.559998,yahoo,KRW,2026-06-05T09:03:38.313619+00:00
2008-04-24,^KS200,230.770004,yahoo,KRW,2026-06-05T09:03:38.313619+00:00
2008-04-25,^KS200,234.559998,yahoo,KRW,2026-06-05T09:03:38.313619+00:00
2008-04-28,^KS200,234.970001,yahoo,KRW,2026-06-05T09:03:38.313619+00:00
2008-04-29,^KS200,233.240005,yahoo,KRW,2026-06-05T09:03:38.313619+00:00
2008-04-30,^KS200,235.0,yahoo,KRW,2026-06-05T09:03:38.313619+00:00
2008-05-02,^KS200,238.179993,yahoo,KRW,2026-06-05T09:03:38.313619+00:00
2008-05-06,^KS200,239.529999,yahoo,KRW,2026-06-05T09:03:38.313619+00:00
2008-05-07,^KS200,238.660004,yahoo,KRW,2026-06-05T09:03:38.313619+00:00
2008-05-08,^KS200,237.369995,yahoo,KRW,2026-06-05T09:03:38.313619+00:00
2008-05-09,^KS200,233.979996,yahoo,KRW,2026-06-05T09:03:38.313619+00:00
2008-05-13,^KS200,237.020004,yahoo,KRW,2026-06-05T09:03:38.313619+00:00
2008-05-14,^KS200,237.039993,yahoo,KRW,2026-06-05T09:03:38.313619+00:00
2008-05-15,^KS200,243.110001,yahoo,KRW,2026-06-05T09:03:38.313619+00:00
2008-05-16,^KS200,243.539993,yahoo,KRW,2026-06-05T09:03:38.313619+00:00
2008-05-19,^KS200,242.669998,yahoo,KRW,2026-06-05T09:03:38.313619+00:00
2008-05-20,^KS200,240.619995,yahoo,KRW,2026-06-05T09:03:38.313619+00:00
2008-05-21,^KS200,237.149994,yahoo,KRW,2026-06-05T09:03:38.313619+00:00
2008-05-22,^KS200,235.309998,yahoo,KRW,2026-06-05T09:03:38.313619+00:00
2008-05-23,^KS200,234.139999,yahoo,KRW,2026-06-05T09:03:38.313619+00:00
2008-05-26,^KS200,230.429993,yahoo,KRW,2026-06-05T09:03:38.313619+00:00
2008-05-27,^KS200,233.970001,yahoo,KRW,2026-06-05T09:03:38.313619+00:00
2008-05-28,^KS200,231.169998,yahoo,KRW,2026-06-05T09:03:38.313619+00:00
2008-05-29,^KS200,236.389999,yahoo,KRW,2026-06-05T09:03:38.313619+00:00
2008-05-30,^KS200,237.460007,yahoo,KRW,2026-06-05T09:03:38.313619+00:00
2008-06-02,^KS200,236.779999,yahoo,KRW,2026-06-05T09:03:38.313619+00:00
2008-06-03,^KS200,233.139999,yahoo,KRW,2026-06-05T09:03:38.313619+00:00
2008-06-04,^KS200,235.089996,yahoo,KRW,2026-06-05T09:03:38.313619+00:00
2008-06-05,^KS200,234.759995,yahoo,KRW,2026-06-05T09:03:38.313619+00:00
2008-06-09,^KS200,231.350006,yahoo,KRW,2026-06-05T09:03:38.313619+00:00
2008-06-10,^KS200,226.559998,yahoo,KRW,2026-06-05T09:03:38.313619+00:00
2008-06-11,^KS200,227.419998,yahoo,KRW,2026-06-05T09:03:38.313619+00:00
2008-06-12,^KS200,221.169998,yahoo,KRW,2026-06-05T09:03:38.313619+00:00
2008-06-13,^KS200,222.789993,yahoo,KRW,2026-06-05T09:03:38.313619+00:00
2008-06-16,^KS200,224.910004,yahoo,KRW,2026-06-05T09:03:38.313619+00:00
2008-06-17,^KS200,223.660004,yahoo,KRW,2026-06-05T09:03:38.313619+00:00
2008-06-18,^KS200,226.600006,yahoo,KRW,2026-06-05T09:03:38.313619+00:00
2008-06-19,^KS200,222.029999,yahoo,KRW,2026-06-05T09:03:38.313619+00:00
2008-06-20,^KS200,220.570007,yahoo,KRW,2026-06-05T09:03:38.313619+00:00
2008-06-23,^KS200,218.509995,yahoo,KRW,2026-06-05T09:03:38.313619+00:00
2008-06-24,^KS200,217.970001,yahoo,KRW,2026-06-05T09:03:38.313619+00:00
2008-06-25,^KS200,218.949997,yahoo,KRW,2026-06-05T09:03:38.313619+00:00
2008-06-26,^KS200,219.119995,yahoo,KRW,2026-06-05T09:03:38.313619+00:00
2008-06-27,^KS200,214.589996,yahoo,KRW,2026-06-05T09:03:38.313619+00:00
2008-06-30,^KS200,213.520004,yahoo,KRW,2026-06-05T09:03:38.313619+00:00
2008-07-01,^KS200,213.020004,yahoo,KRW,2026-06-05T09:03:38.313619+00:00
2008-07-02,^KS200,207.960007,yahoo,KRW,2026-06-05T09:03:38.313619+00:00
2008-07-03,^KS200,205.710007,yahoo,KRW,2026-06-05T09:03:38.313619+00:00
2008-07-04,^KS200,201.740005,yahoo,KRW,2026-06-05T09:03:38.313619+00:00
2008-07-07,^KS200,202.339996,yahoo,KRW,2026-06-05T09:03:38.313619+00:00
2008-07-08,^KS200,196.520004,yahoo,KRW,2026-06-05T09:03:38.313619+00:00
2008-07-09,^KS200,194.610001,yahoo,KRW,2026-06-05T09:03:38.313619+00:00
2008-07-10,^KS200,196.339996,yahoo,KRW,2026-06-05T09:03:38.313619+00:00
2008-07-11,^KS200,200.119995,yahoo,KRW,2026-06-05T09:03:38.313619+00:00
2008-07-14,^KS200,199.119995,yahoo,KRW,2026-06-05T09:03:38.313619+00:00
2008-07-15,^KS200,193.009995,yahoo,KRW,2026-06-05T09:03:38.313619+00:00
2008-07-16,^KS200,192.479996,yahoo,KRW,2026-06-05T09:03:38.313619+00:00
2008-07-17,^KS200,194.889999,yahoo,KRW,2026-06-05T09:03:38.313619+00:00
2008-07-18,^KS200,192.860001,yahoo,KRW,2026-06-05T09:03:38.313619+00:00
2008-07-21,^KS200,200.0,yahoo,KRW,2026-06-05T09:03:38.313619+00:00
2008-07-22,^KS200,199.770004,yahoo,KRW,2026-06-05T09:03:38.313619+00:00
2008-07-23,^KS200,203.639999,yahoo,KRW,2026-06-05T09:03:38.313619+00:00
2008-07-24,^KS200,208.339996,yahoo,KRW,2026-06-05T09:03:38.313619+00:00
2008-07-25,^KS200,204.270004,yahoo,KRW,2026-06-05T09:03:38.313619+00:00
2008-07-28,^KS200,203.970001,yahoo,KRW,2026-06-05T09:03:38.313619+00:00
2008-07-29,^KS200,199.899994,yahoo,KRW,2026-06-05T09:03:38.313619+00:00
2008-07-30,^KS200,201.820007,yahoo,KRW,2026-06-05T09:03:38.313619+00:00
2008-07-31,^KS200,204.119995,yahoo,KRW,2026-06-05T09:03:38.313619+00:00
2008-08-01,^KS200,201.429993,yahoo,KRW,2026-06-05T09:03:38.313619+00:00
2008-08-04,^KS200,197.559998,yahoo,KRW,2026-06-05T09:03:38.313619+00:00
2008-08-05,^KS200,196.440002,yahoo,KRW,2026-06-05T09:03:38.313619+00:00
2008-08-06,^KS200,202.279999,yahoo,KRW,2026-06-05T09:03:38.313619+00:00
2008-08-07,^KS200,200.309998,yahoo,KRW,2026-06-05T09:03:38.313619+00:00
2008-08-08,^KS200,200.759995,yahoo,KRW,2026-06-05T09:03:38.313619+00:00
2008-08-11,^KS200,202.419998,yahoo,KRW,2026-06-05T09:03:38.313619+00:00
2008-08-12,^KS200,202.119995,yahoo,KRW,2026-06-05T09:03:38.313619+00:00
2008-08-13,^KS200,200.259995,yahoo,KRW,2026-06-05T09:03:38.313619+00:00
2008-08-14,^KS200,201.5,yahoo,KRW,2026-06-05T09:03:38.313619+00:00
2008-08-18,^KS200,200.970001,yahoo,KRW,2026-06-05T09:03:38.313619+00:00
2008-08-19,^KS200,197.559998,yahoo,KRW,2026-06-05T09:03:38.313619+00:00
2008-08-20,^KS200,197.350006,yahoo,KRW,2026-06-05T09:03:38.313619+00:00
2008-08-21,^KS200,193.850006,yahoo,KRW,2026-06-05T09:03:38.313619+00:00
2008-08-22,^KS200,192.039993,yahoo,KRW,2026-06-05T09:03:38.313619+00:00
2008-08-25,^KS200,192.990005,yahoo,KRW,2026-06-05T09:03:38.313619+00:00
2008-08-26,^KS200,191.360001,yahoo,KRW,2026-06-05T09:03:38.313619+00:00
2008-08-27,^KS200,191.600006,yahoo,KRW,2026-06-05T09:03:38.313619+00:00
2008-08-28,^KS200,188.75,yahoo,KRW,2026-06-05T09:03:38.313619+00:00
2008-08-29,^KS200,188.960007,yahoo,KRW,2026-06-05T09:03:38.313619+00:00
2008-09-01,^KS200,182.130005,yahoo,KRW,2026-06-05T09:03:38.313619+00:00
2008-09-02,^KS200,182.410004,yahoo,KRW,2026-06-05T09:03:38.313619+00:00
2008-09-03,^KS200,184.360001,yahoo,KRW,2026-06-05T09:03:38.313619+00:00
2008-09-04,^KS200,183.570007,yahoo,KRW,2026-06-05T09:03:38.313619+00:00
2008-09-05,^KS200,180.490005,yahoo,KRW,2026-06-05T09:03:38.313619+00:00
2008-09-08,^KS200,189.970001,yahoo,KRW,2026-06-05T09:03:38.313619+00:00
2008-09-09,^KS200,186.990005,yahoo,KRW,2026-06-05T09:03:38.313619+00:00
2008-09-10,^KS200,188.5,yahoo,KRW,2026-06-05T09:03:38.313619+00:00
2008-09-11,^KS200,185.270004,yahoo,KRW,2026-06-05T09:03:38.313619+00:00
2008-09-12,^KS200,189.899994,yahoo,KRW,2026-06-05T09:03:38.313619+00:00
2008-09-16,^KS200,179.0,yahoo,KRW,2026-06-05T09:03:38.313619+00:00
2008-09-17,^KS200,183.539993,yahoo,KRW,2026-06-05T09:03:38.313619+00:00
2008-09-18,^KS200,179.25,yahoo,KRW,2026-06-05T09:03:38.313619+00:00
2008-09-19,^KS200,188.309998,yahoo,KRW,2026-06-05T09:03:38.313619+00:00
2008-09-22,^KS200,189.160004,yahoo,KRW,2026-06-05T09:03:38.313619+00:00
2008-09-23,^KS200,191.580002,yahoo,KRW,2026-06-05T09:03:38.313619+00:00
2008-09-24,^KS200,193.179993,yahoo,KRW,2026-06-05T09:03:38.313619+00:00
2008-09-25,^KS200,193.869995,yahoo,KRW,2026-06-05T09:03:38.313619+00:00
2008-09-26,^KS200,190.600006,yahoo,KRW,2026-06-05T09:03:38.313619+00:00
2008-09-29,^KS200,188.100006,yahoo,KRW,2026-06-05T09:03:38.313619+00:00
2008-09-30,^KS200,186.619995,yahoo,KRW,2026-06-05T09:03:38.313619+00:00
2008-10-01,^KS200,185.520004,yahoo,KRW,2026-06-05T09:03:38.313619+00:00
2008-10-02,^KS200,182.699997,yahoo,KRW,2026-06-05T09:03:38.313619+00:00
2008-10-06,^KS200,175.029999,yahoo,KRW,2026-06-05T09:03:38.313619+00:00
2008-10-07,^KS200,176.460007,yahoo,KRW,2026-06-05T09:03:38.313619+00:00
2008-10-08,^KS200,167.160004,yahoo,KRW,2026-06-05T09:03:38.313619+00:00
2008-10-09,^KS200,168.860001,yahoo,KRW,2026-06-05T09:03:38.313619+00:00
2008-10-10,^KS200,162.050003,yahoo,KRW,2026-06-05T09:03:38.313619+00:00
2008-10-13,^KS200,167.910004,yahoo,KRW,2026-06-05T09:03:38.313619+00:00
2008-10-14,^KS200,178.149994,yahoo,KRW,2026-06-05T09:03:38.313619+00:00
2008-10-15,^KS200,174.279999,yahoo,KRW,2026-06-05T09:03:38.313619+00:00
2008-10-16,^KS200,157.630005,yahoo,KRW,2026-06-05T09:03:38.313619+00:00
2008-10-17,^KS200,153.059998,yahoo,KRW,2026-06-05T09:03:38.313619+00:00
2008-10-20,^KS200,157.509995,yahoo,KRW,2026-06-05T09:03:38.313619+00:00
2008-10-21,^KS200,155.800003,yahoo,KRW,2026-06-05T09:03:38.313619+00:00
2008-10-22,^KS200,148.130005,yahoo,KRW,2026-06-05T09:03:38.313619+00:00
2008-10-23,^KS200,137.470001,yahoo,KRW,2026-06-05T09:03:38.313619+00:00
2008-10-24,^KS200,123.269997,yahoo,KRW,2026-06-05T09:03:38.313619+00:00
2008-10-27,^KS200,125.93,yahoo,KRW,2026-06-05T09:03:38.313619+00:00
2008-10-28,^KS200,132.419998,yahoo,KRW,2026-06-05T09:03:38.313619+00:00
2008-10-29,^KS200,128.679993,yahoo,KRW,2026-06-05T09:03:38.313619+00:00
2008-10-30,^KS200,144.419998,yahoo,KRW,2026-06-05T09:03:38.313619+00:00
2008-10-31,^KS200,147.5,yahoo,KRW,2026-06-05T09:03:38.313619+00:00
2008-11-03,^KS200,148.809998,yahoo,KRW,2026-06-05T09:03:38.313619+00:00
2008-11-04,^KS200,151.630005,yahoo,KRW,2026-06-05T09:03:38.313619+00:00
2008-11-05,^KS200,154.929993,yahoo,KRW,2026-06-05T09:03:38.313619+00:00
2008-11-06,^KS200,143.369995,yahoo,KRW,2026-06-05T09:03:38.313619+00:00
2008-11-07,^KS200,148.440002,yahoo,KRW,2026-06-05T09:03:38.313619+00:00
2008-11-10,^KS200,150.839996,yahoo,KRW,2026-06-05T09:03:38.313619+00:00
2008-11-11,^KS200,147.669998,yahoo,KRW,2026-06-05T09:03:38.313619+00:00
2008-11-12,^KS200,147.270004,yahoo,KRW,2026-06-05T09:03:38.313619+00:00
2008-11-13,^KS200,142.699997,yahoo,KRW,2026-06-05T09:03:38.313619+00:00
2008-11-14,^KS200,142.259995,yahoo,KRW,2026-06-05T09:03:38.313619+00:00
2008-11-17,^KS200,140.570007,yahoo,KRW,2026-06-05T09:03:38.313619+00:00
2008-11-18,^KS200,134.880005,yahoo,KRW,2026-06-05T09:03:38.313619+00:00
2008-11-19,^KS200,132.330002,yahoo,KRW,2026-06-05T09:03:38.313619+00:00
2008-11-20,^KS200,123.540001,yahoo,KRW,2026-06-05T09:03:38.313619+00:00
2008-11-21,^KS200,130.759995,yahoo,KRW,2026-06-05T09:03:38.313619+00:00
2008-11-24,^KS200,126.019997,yahoo,KRW,2026-06-05T09:03:38.313619+00:00
2008-11-25,^KS200,128.009995,yahoo,KRW,2026-06-05T09:03:38.313619+00:00
2008-11-26,^KS200,134.5,yahoo,KRW,2026-06-05T09:03:38.313619+00:00
2008-11-27,^KS200,139.169998,yahoo,KRW,2026-06-05T09:03:38.313619+00:00
2008-11-28,^KS200,140.660004,yahoo,KRW,2026-06-05T09:03:38.313619+00:00
2008-12-01,^KS200,138.330002,yahoo,KRW,2026-06-05T09:03:38.313619+00:00
2008-12-02,^KS200,133.699997,yahoo,KRW,2026-06-05T09:03:38.313619+00:00
2008-12-03,^KS200,133.619995,yahoo,KRW,2026-06-05T09:03:38.313619+00:00
2008-12-04,^KS200,131.429993,yahoo,KRW,2026-06-05T09:03:38.313619+00:00
2008-12-05,^KS200,134.330002,yahoo,KRW,2026-06-05T09:03:38.313619+00:00
2008-12-08,^KS200,144.889999,yahoo,KRW,2026-06-05T09:03:38.313619+00:00
2008-12-09,^KS200,145.199997,yahoo,KRW,2026-06-05T09:03:38.313619+00:00
2008-12-10,^KS200,150.729996,yahoo,KRW,2026-06-05T09:03:38.313619+00:00
2008-12-11,^KS200,151.929993,yahoo,KRW,2026-06-05T09:03:38.313619+00:00
2008-12-12,^KS200,144.380005,yahoo,KRW,2026-06-05T09:03:38.313619+00:00
2008-12-15,^KS200,151.429993,yahoo,KRW,2026-06-05T09:03:38.313619+00:00
2008-12-16,^KS200,151.350006,yahoo,KRW,2026-06-05T09:03:38.313619+00:00
2008-12-17,^KS200,152.619995,yahoo,KRW,2026-06-05T09:03:38.313619+00:00
2008-12-18,^KS200,153.240005,yahoo,KRW,2026-06-05T09:03:38.313619+00:00
2008-12-19,^KS200,154.100006,yahoo,KRW,2026-06-05T09:03:38.313619+00:00
2008-12-22,^KS200,153.979996,yahoo,KRW,2026-06-05T09:03:38.313619+00:00
2008-12-23,^KS200,148.929993,yahoo,KRW,2026-06-05T09:03:38.313619+00:00
2008-12-24,^KS200,147.020004,yahoo,KRW,2026-06-05T09:03:38.313619+00:00
2008-12-26,^KS200,145.809998,yahoo,KRW,2026-06-05T09:03:38.313619+00:00
2008-12-29,^KS200,145.720001,yahoo,KRW,2026-06-05T09:03:38.313619+00:00
2008-12-30,^KS200,146.350006,yahoo,KRW,2026-06-05T09:03:38.313619+00:00
2009-01-02,^KS200,151.149994,yahoo,KRW,2026-06-05T09:03:38.313619+00:00
2009-01-05,^KS200,153.830002,yahoo,KRW,2026-06-05T09:03:38.313619+00:00
2009-01-06,^KS200,156.789993,yahoo,KRW,2026-06-05T09:03:38.313619+00:00
2009-01-07,^KS200,161.360001,yahoo,KRW,2026-06-05T09:03:38.313619+00:00
2009-01-08,^KS200,157.759995,yahoo,KRW,2026-06-05T09:03:38.313619+00:00
2009-01-09,^KS200,154.169998,yahoo,KRW,2026-06-05T09:03:38.313619+00:00
2009-01-12,^KS200,151.009995,yahoo,KRW,2026-06-05T09:03:38.313619+00:00
2009-01-13,^KS200,152.449997,yahoo,KRW,2026-06-05T09:03:38.313619+00:00
2009-01-14,^KS200,154.5,yahoo,KRW,2026-06-05T09:03:38.313619+00:00
2009-01-15,^KS200,145.050003,yahoo,KRW,2026-06-05T09:03:38.313619+00:00
2009-01-16,^KS200,148.029999,yahoo,KRW,2026-06-05T09:03:38.313619+00:00
2009-01-19,^KS200,150.020004,yahoo,KRW,2026-06-05T09:03:38.313619+00:00
2009-01-20,^KS200,146.550003,yahoo,KRW,2026-06-05T09:03:38.313619+00:00
2009-01-21,^KS200,143.289993,yahoo,KRW,2026-06-05T09:03:38.313619+00:00
2009-01-22,^KS200,145.110001,yahoo,KRW,2026-06-05T09:03:38.313619+00:00
2009-01-23,^KS200,141.75,yahoo,KRW,2026-06-05T09:03:38.313619+00:00
2009-01-28,^KS200,151.039993,yahoo,KRW,2026-06-05T09:03:38.313619+00:00
2009-01-29,^KS200,152.289993,yahoo,KRW,2026-06-05T09:03:38.313619+00:00
2009-01-30,^KS200,151.330002,yahoo,KRW,2026-06-05T09:03:38.313619+00:00
2009-02-02,^KS200,149.0,yahoo,KRW,2026-06-05T09:03:38.313619+00:00
2009-02-03,^KS200,151.419998,yahoo,KRW,2026-06-05T09:03:38.313619+00:00
2009-02-04,^KS200,155.990005,yahoo,KRW,2026-06-05T09:03:38.313619+00:00
2009-02-05,^KS200,154.0,yahoo,KRW,2026-06-05T09:03:38.313619+00:00
2009-02-06,^KS200,158.899994,yahoo,KRW,2026-06-05T09:03:38.313619+00:00
2009-02-09,^KS200,157.699997,yahoo,KRW,2026-06-05T09:03:38.313619+00:00
2009-02-10,^KS200,156.839996,yahoo,KRW,2026-06-05T09:03:38.313619+00:00
2009-02-11,^KS200,155.259995,yahoo,KRW,2026-06-05T09:03:38.313619+00:00
2009-02-12,^KS200,153.660004,yahoo,KRW,2026-06-05T09:03:38.313619+00:00
2009-02-13,^KS200,155.190002,yahoo,KRW,2026-06-05T09:03:38.313619+00:00
2009-02-16,^KS200,152.660004,yahoo,KRW,2026-06-05T09:03:38.313619+00:00
2009-02-17,^KS200,146.600006,yahoo,KRW,2026-06-05T09:03:38.313619+00:00
2009-02-18,^KS200,144.210007,yahoo,KRW,2026-06-05T09:03:38.313619+00:00
2009-02-19,^KS200,143.600006,yahoo,KRW,2026-06-05T09:03:38.313619+00:00
2009-02-20,^KS200,138.309998,yahoo,KRW,2026-06-05T09:03:38.313619+00:00
2009-02-23,^KS200,142.779999,yahoo,KRW,2026-06-05T09:03:38.313619+00:00
2009-02-24,^KS200,137.820007,yahoo,KRW,2026-06-05T09:03:38.313619+00:00
2009-02-25,^KS200,138.649994,yahoo,KRW,2026-06-05T09:03:38.313619+00:00
2009-02-26,^KS200,136.979996,yahoo,KRW,2026-06-05T09:03:38.313619+00:00
2009-02-27,^KS200,138.070007,yahoo,KRW,2026-06-05T09:03:38.313619+00:00
2009-03-02,^KS200,132.470001,yahoo,KRW,2026-06-05T09:03:38.313619+00:00
2009-03-03,^KS200,133.779999,yahoo,KRW,2026-06-05T09:03:38.313619+00:00
2009-03-04,^KS200,138.210007,yahoo,KRW,2026-06-05T09:03:38.313619+00:00
2009-03-05,^KS200,138.25,yahoo,KRW,2026-06-05T09:03:38.313619+00:00
2009-03-06,^KS200,137.830002,yahoo,KRW,2026-06-05T09:03:38.313619+00:00
2009-03-09,^KS200,140.0,yahoo,KRW,2026-06-05T09:03:38.313619+00:00
2009-03-10,^KS200,142.729996,yahoo,KRW,2026-06-05T09:03:38.313619+00:00
2009-03-11,^KS200,147.600006,yahoo,KRW,2026-06-05T09:03:38.313619+00:00
2009-03-12,^KS200,148.020004,yahoo,KRW,2026-06-05T09:03:38.313619+00:00
2009-03-13,^KS200,147.289993,yahoo,KRW,2026-06-05T09:03:38.313619+00:00
2009-03-16,^KS200,147.0,yahoo,KRW,2026-06-05T09:03:38.313619+00:00
2009-03-17,^KS200,152.169998,yahoo,KRW,2026-06-05T09:03:38.313619+00:00
2009-03-18,^KS200,152.889999,yahoo,KRW,2026-06-05T09:03:38.313619+00:00
2009-03-19,^KS200,151.509995,yahoo,KRW,2026-06-05T09:03:38.313619+00:00
2009-03-20,^KS200,152.580002,yahoo,KRW,2026-06-05T09:03:38.313619+00:00
2009-03-23,^KS200,156.419998,yahoo,KRW,2026-06-05T09:03:38.313619+00:00
2009-03-24,^KS200,159.559998,yahoo,KRW,2026-06-05T09:03:38.313619+00:00
2009-03-25,^KS200,160.279999,yahoo,KRW,2026-06-05T09:03:38.313619+00:00
2009-03-26,^KS200,162.220001,yahoo,KRW,2026-06-05T09:03:38.313619+00:00
2009-03-27,^KS200,161.660004,yahoo,KRW,2026-06-05T09:03:38.313619+00:00
2009-03-30,^KS200,156.229996,yahoo,KRW,2026-06-05T09:03:38.313619+00:00
2009-03-31,^KS200,157.009995,yahoo,KRW,2026-06-05T09:03:38.313619+00:00
2009-04-01,^KS200,160.460007,yahoo,KRW,2026-06-05T09:03:38.313619+00:00
2009-04-02,^KS200,166.179993,yahoo,KRW,2026-06-05T09:03:38.313619+00:00
2009-04-03,^KS200,167.110001,yahoo,KRW,2026-06-05T09:03:38.313619+00:00
2009-04-06,^KS200,168.619995,yahoo,KRW,2026-06-05T09:03:38.313619+00:00
2009-04-07,^KS200,168.339996,yahoo,KRW,2026-06-05T09:03:38.313619+00:00
2009-04-08,^KS200,162.679993,yahoo,KRW,2026-06-05T09:03:38.313619+00:00
2009-04-09,^KS200,169.479996,yahoo,KRW,2026-06-05T09:03:38.313619+00:00
2009-04-13,^KS200,171.690002,yahoo,KRW,2026-06-05T09:03:38.313619+00:00
2009-04-14,^KS200,172.029999,yahoo,KRW,2026-06-05T09:03:38.313619+00:00
2009-04-15,^KS200,171.210007,yahoo,KRW,2026-06-05T09:03:38.313619+00:00
2009-04-16,^KS200,171.729996,yahoo,KRW,2026-06-05T09:03:38.313619+00:00
2009-04-17,^KS200,171.330002,yahoo,KRW,2026-06-05T09:03:38.313619+00:00
2009-04-20,^KS200,172.300003,yahoo,KRW,2026-06-05T09:03:38.313619+00:00
2009-04-21,^KS200,171.960007,yahoo,KRW,2026-06-05T09:03:38.313619+00:00
2009-04-22,^KS200,174.399994,yahoo,KRW,2026-06-05T09:03:38.313619+00:00
2009-04-23,^KS200,176.139999,yahoo,KRW,2026-06-05T09:03:38.313619+00:00
2009-04-24,^KS200,174.130005,yahoo,KRW,2026-06-05T09:03:38.313619+00:00
2009-04-27,^KS200,172.130005,yahoo,KRW,2026-06-05T09:03:38.313619+00:00
2009-04-28,^KS200,167.240005,yahoo,KRW,2026-06-05T09:03:38.313619+00:00
2009-04-29,^KS200,172.080002,yahoo,KRW,2026-06-05T09:03:38.313619+00:00
2009-04-30,^KS200,176.0,yahoo,KRW,2026-06-05T09:03:38.313619+00:00
2009-05-04,^KS200,179.690002,yahoo,KRW,2026-06-05T09:03:38.313619+00:00
2009-05-06,^KS200,178.820007,yahoo,KRW,2026-06-05T09:03:38.313619+00:00
2009-05-07,^KS200,179.740005,yahoo,KRW,2026-06-05T09:03:38.313619+00:00
2009-05-08,^KS200,181.039993,yahoo,KRW,2026-06-05T09:03:38.313619+00:00
2009-05-11,^KS200,181.350006,yahoo,KRW,2026-06-05T09:03:38.313619+00:00
2009-05-12,^KS200,179.729996,yahoo,KRW,2026-06-05T09:03:38.313619+00:00
2009-05-13,^KS200,181.139999,yahoo,KRW,2026-06-05T09:03:38.313619+00:00
2009-05-15,^KS200,177.800003,yahoo,KRW,2026-06-05T09:03:38.313619+00:00
2009-05-18,^KS200,177.259995,yahoo,KRW,2026-06-05T09:03:38.313619+00:00
2009-05-19,^KS200,182.759995,yahoo,KRW,2026-06-05T09:03:38.313619+00:00
2009-05-20,^KS200,183.800003,yahoo,KRW,2026-06-05T09:03:38.313619+00:00
2009-05-21,^KS200,181.820007,yahoo,KRW,2026-06-05T09:03:38.313619+00:00
2009-05-22,^KS200,179.009995,yahoo,KRW,2026-06-05T09:03:38.313619+00:00
2009-05-25,^KS200,178.570007,yahoo,KRW,2026-06-05T09:03:38.313619+00:00
2009-05-26,^KS200,174.770004,yahoo,KRW,2026-06-05T09:03:38.313619+00:00
2009-05-27,^KS200,173.75,yahoo,KRW,2026-06-05T09:03:38.313619+00:00
2009-05-28,^KS200,178.190002,yahoo,KRW,2026-06-05T09:03:38.313619+00:00
2009-05-29,^KS200,178.699997,yahoo,KRW,2026-06-05T09:03:38.313619+00:00
2009-06-01,^KS200,180.899994,yahoo,KRW,2026-06-05T09:03:38.313619+00:00
2009-06-02,^KS200,180.470001,yahoo,KRW,2026-06-05T09:03:38.313619+00:00
2009-06-03,^KS200,180.309998,yahoo,KRW,2026-06-05T09:03:38.313619+00:00
2009-06-04,^KS200,175.75,yahoo,KRW,2026-06-05T09:03:38.313619+00:00
2009-06-05,^KS200,177.770004,yahoo,KRW,2026-06-05T09:03:38.313619+00:00
2009-06-08,^KS200,177.669998,yahoo,KRW,2026-06-05T09:03:38.313619+00:00
2009-06-09,^KS200,174.910004,yahoo,KRW,2026-06-05T09:03:38.313619+00:00
2009-06-10,^KS200,180.910004,yahoo,KRW,2026-06-05T09:03:38.313619+00:00
2009-06-11,^KS200,181.429993,yahoo,KRW,2026-06-05T09:03:38.313619+00:00
2009-06-12,^KS200,182.690002,yahoo,KRW,2026-06-05T09:03:38.313619+00:00
2009-06-15,^KS200,180.660004,yahoo,KRW,2026-06-05T09:03:38.313619+00:00
2009-06-16,^KS200,178.880005,yahoo,KRW,2026-06-05T09:03:38.313619+00:00
2009-06-17,^KS200,177.800003,yahoo,KRW,2026-06-05T09:03:38.313619+00:00
2009-06-18,^KS200,175.539993,yahoo,KRW,2026-06-05T09:03:38.313619+00:00
2009-06-19,^KS200,176.630005,yahoo,KRW,2026-06-05T09:03:38.313619+00:00
2009-06-22,^KS200,179.020004,yahoo,KRW,2026-06-05T09:03:38.313619+00:00
2009-06-23,^KS200,174.320007,yahoo,KRW,2026-06-05T09:03:38.313619+00:00
2009-06-24,^KS200,175.080002,yahoo,KRW,2026-06-05T09:03:38.313619+00:00
2009-06-25,^KS200,178.860001,yahoo,KRW,2026-06-05T09:03:38.313619+00:00
2009-06-26,^KS200,179.279999,yahoo,KRW,2026-06-05T09:03:38.313619+00:00
2009-06-29,^KS200,178.809998,yahoo,KRW,2026-06-05T09:03:38.313619+00:00
2009-06-30,^KS200,178.990005,yahoo,KRW,2026-06-05T09:03:38.313619+00:00
2009-07-01,^KS200,181.949997,yahoo,KRW,2026-06-05T09:03:38.313619+00:00
2009-07-02,^KS200,181.850006,yahoo,KRW,2026-06-05T09:03:38.313619+00:00
2009-07-03,^KS200,182.919998,yahoo,KRW,2026-06-05T09:03:38.313619+00:00
2009-07-06,^KS200,184.5,yahoo,KRW,2026-06-05T09:03:38.313619+00:00
2009-07-07,^KS200,185.110001,yahoo,KRW,2026-06-05T09:03:38.313619+00:00
2009-07-08,^KS200,184.729996,yahoo,KRW,2026-06-05T09:03:38.313619+00:00
2009-07-09,^KS200,184.720001,yahoo,KRW,2026-06-05T09:03:38.313619+00:00
2009-07-10,^KS200,184.559998,yahoo,KRW,2026-06-05T09:03:38.313619+00:00
2009-07-13,^KS200,178.149994,yahoo,KRW,2026-06-05T09:03:38.313619+00:00
2009-07-14,^KS200,179.429993,yahoo,KRW,2026-06-05T09:03:38.313619+00:00
2009-07-15,^KS200,184.259995,yahoo,KRW,2026-06-05T09:03:38.313619+00:00
2009-07-16,^KS200,186.220001,yahoo,KRW,2026-06-05T09:03:38.313619+00:00
2009-07-17,^KS200,187.160004,yahoo,KRW,2026-06-05T09:03:38.313619+00:00
2009-07-20,^KS200,192.25,yahoo,KRW,2026-06-05T09:03:38.313619+00:00
2009-07-21,^KS200,193.619995,yahoo,KRW,2026-06-05T09:03:38.313619+00:00
2009-07-22,^KS200,194.289993,yahoo,KRW,2026-06-05T09:03:38.313619+00:00
2009-07-23,^KS200,194.399994,yahoo,KRW,2026-06-05T09:03:38.313619+00:00
2009-07-24,^KS200,195.130005,yahoo,KRW,2026-06-05T09:03:38.313619+00:00
2009-07-27,^KS200,198.070007,yahoo,KRW,2026-06-05T09:03:38.313619+00:00
2009-07-28,^KS200,198.520004,yahoo,KRW,2026-06-05T09:03:38.313619+00:00
2009-07-29,^KS200,198.240005,yahoo,KRW,2026-06-05T09:03:38.313619+00:00
2009-07-30,^KS200,199.880005,yahoo,KRW,2026-06-05T09:03:38.313619+00:00
2009-07-31,^KS200,202.960007,yahoo,KRW,2026-06-05T09:03:38.313619+00:00
2009-08-03,^KS200,203.809998,yahoo,KRW,2026-06-05T09:03:38.313619+00:00
2009-08-04,^KS200,204.100006,yahoo,KRW,2026-06-05T09:03:38.313619+00:00
2009-08-05,^KS200,203.190002,yahoo,KRW,2026-06-05T09:03:38.313619+00:00
2009-08-06,^KS200,203.740005,yahoo,KRW,2026-06-05T09:03:38.313619+00:00
2009-08-07,^KS200,204.949997,yahoo,KRW,2026-06-05T09:03:38.313619+00:00
2009-08-10,^KS200,204.770004,yahoo,KRW,2026-06-05T09:03:38.313619+00:00
2009-08-11,^KS200,204.960007,yahoo,KRW,2026-06-05T09:03:38.313619+00:00
2009-08-12,^KS200,202.669998,yahoo,KRW,2026-06-05T09:03:38.313619+00:00
2009-08-13,^KS200,202.460007,yahoo,KRW,2026-06-05T09:03:38.313619+00:00
2009-08-14,^KS200,206.460007,yahoo,KRW,2026-06-05T09:03:38.313619+00:00
2009-08-17,^KS200,200.520004,yahoo,KRW,2026-06-05T09:03:38.313619+00:00
2009-08-18,^KS200,201.330002,yahoo,KRW,2026-06-05T09:03:38.313619+00:00
2009-08-19,^KS200,201.080002,yahoo,KRW,2026-06-05T09:03:38.313619+00:00
2009-08-20,^KS200,205.220001,yahoo,KRW,2026-06-05T09:03:38.313619+00:00
2009-08-21,^KS200,206.259995,yahoo,KRW,2026-06-05T09:03:38.313619+00:00
2009-08-24,^KS200,210.600006,yahoo,KRW,2026-06-05T09:03:38.313619+00:00
2009-08-25,^KS200,209.119995,yahoo,KRW,2026-06-05T09:03:38.313619+00:00
2009-08-26,^KS200,210.619995,yahoo,KRW,2026-06-05T09:03:38.313619+00:00
2009-08-27,^KS200,208.619995,yahoo,KRW,2026-06-05T09:03:38.313619+00:00
2009-08-28,^KS200,209.740005,yahoo,KRW,2026-06-05T09:03:38.313619+00:00
2009-08-31,^KS200,207.440002,yahoo,KRW,2026-06-05T09:03:38.313619+00:00
2009-09-01,^KS200,211.889999,yahoo,KRW,2026-06-05T09:03:38.313619+00:00
2009-09-02,^KS200,210.509995,yahoo,KRW,2026-06-05T09:03:38.313619+00:00
2009-09-03,^KS200,210.600006,yahoo,KRW,2026-06-05T09:03:38.313619+00:00
2009-09-04,^KS200,209.809998,yahoo,KRW,2026-06-05T09:03:38.313619+00:00
2009-09-08,^KS200,211.399994,yahoo,KRW,2026-06-05T09:03:38.313619+00:00
2009-09-09,^KS200,210.089996,yahoo,KRW,2026-06-05T09:03:38.313619+00:00
2009-09-10,^KS200,214.919998,yahoo,KRW,2026-06-05T09:03:38.313619+00:00
2009-09-11,^KS200,215.809998,yahoo,KRW,2026-06-05T09:03:38.313619+00:00
2009-09-14,^KS200,213.419998,yahoo,KRW,2026-06-05T09:03:38.313619+00:00
2009-09-15,^KS200,216.139999,yahoo,KRW,2026-06-05T09:03:38.313619+00:00
2009-09-16,^KS200,220.529999,yahoo,KRW,2026-06-05T09:03:38.313619+00:00
2009-09-17,^KS200,222.309998,yahoo,KRW,2026-06-05T09:03:38.313619+00:00
2009-09-18,^KS200,222.339996,yahoo,KRW,2026-06-05T09:03:38.313619+00:00
2009-09-21,^KS200,221.850006,yahoo,KRW,2026-06-05T09:03:38.313619+00:00
2009-09-22,^KS200,225.270004,yahoo,KRW,2026-06-05T09:03:38.313619+00:00
2009-09-23,^KS200,224.690002,yahoo,KRW,2026-06-05T09:03:38.313619+00:00
2009-09-24,^KS200,222.350006,yahoo,KRW,2026-06-05T09:03:38.313619+00:00
2009-09-25,^KS200,221.820007,yahoo,KRW,2026-06-05T09:03:38.313619+00:00
2009-09-28,^KS200,219.660004,yahoo,KRW,2026-06-05T09:03:38.313619+00:00
2009-09-29,^KS200,221.589996,yahoo,KRW,2026-06-05T09:03:38.313619+00:00
2009-09-30,^KS200,219.75,yahoo,KRW,2026-06-05T09:03:38.313619+00:00
2009-10-01,^KS200,215.940002,yahoo,KRW,2026-06-05T09:03:38.313619+00:00
2009-10-05,^KS200,210.380005,yahoo,KRW,2026-06-05T09:03:38.313619+00:00
2009-10-06,^KS200,209.25,yahoo,KRW,2026-06-05T09:03:38.313619+00:00
2009-10-07,^KS200,208.940002,yahoo,KRW,2026-06-05T09:03:38.313619+00:00
2009-10-08,^KS200,211.009995,yahoo,KRW,2026-06-05T09:03:38.313619+00:00
2009-10-09,^KS200,215.570007,yahoo,KRW,2026-06-05T09:03:38.313619+00:00
2009-10-12,^KS200,214.229996,yahoo,KRW,2026-06-05T09:03:38.313619+00:00
2009-10-13,^KS200,213.100006,yahoo,KRW,2026-06-05T09:03:38.313619+00:00
2009-10-14,^KS200,215.899994,yahoo,KRW,2026-06-05T09:03:38.313619+00:00
2009-10-15,^KS200,217.470001,yahoo,KRW,2026-06-05T09:03:38.313619+00:00
2009-10-16,^KS200,214.910004,yahoo,KRW,2026-06-05T09:03:38.313619+00:00
2009-10-19,^KS200,216.190002,yahoo,KRW,2026-06-05T09:03:38.313619+00:00
2009-10-20,^KS200,217.529999,yahoo,KRW,2026-06-05T09:03:38.313619+00:00
2009-10-21,^KS200,216.639999,yahoo,KRW,2026-06-05T09:03:38.313619+00:00
2009-10-22,^KS200,213.25,yahoo,KRW,2026-06-05T09:03:38.313619+00:00
2009-10-23,^KS200,214.729996,yahoo,KRW,2026-06-05T09:03:38.313619+00:00
2009-10-26,^KS200,217.449997,yahoo,KRW,2026-06-05T09:03:38.313619+00:00
2009-10-27,^KS200,216.470001,yahoo,KRW,2026-06-05T09:03:38.313619+00:00
2009-10-28,^KS200,211.029999,yahoo,KRW,2026-06-05T09:03:38.313619+00:00
2009-10-29,^KS200,207.679993,yahoo,KRW,2026-06-05T09:03:38.313619+00:00
2009-10-30,^KS200,206.809998,yahoo,KRW,2026-06-05T09:03:38.313619+00:00
2009-11-02,^KS200,204.25,yahoo,KRW,2026-06-05T09:03:38.313619+00:00
2009-11-03,^KS200,203.130005,yahoo,KRW,2026-06-05T09:03:38.313619+00:00
2009-11-04,^KS200,207.179993,yahoo,KRW,2026-06-05T09:03:38.313619+00:00
2009-11-05,^KS200,203.520004,yahoo,KRW,2026-06-05T09:03:38.313619+00:00
2009-11-06,^KS200,206.529999,yahoo,KRW,2026-06-05T09:03:38.313619+00:00
2009-11-09,^KS200,207.289993,yahoo,KRW,2026-06-05T09:03:38.313619+00:00
2009-11-10,^KS200,208.229996,yahoo,KRW,2026-06-05T09:03:38.313619+00:00
2009-11-11,^KS200,210.080002,yahoo,KRW,2026-06-05T09:03:38.313619+00:00
2009-11-12,^KS200,206.669998,yahoo,KRW,2026-06-05T09:03:38.313619+00:00
2009-11-13,^KS200,206.839996,yahoo,KRW,2026-06-05T09:03:38.313619+00:00
2009-11-16,^KS200,209.899994,yahoo,KRW,2026-06-05T09:03:38.313619+00:00
2009-11-17,^KS200,209.0,yahoo,KRW,2026-06-05T09:03:38.313619+00:00
2009-11-18,^KS200,211.559998,yahoo,KRW,2026-06-05T09:03:38.313619+00:00
2009-11-19,^KS200,213.889999,yahoo,KRW,2026-06-05T09:03:38.313619+00:00
2009-11-20,^KS200,213.759995,yahoo,KRW,2026-06-05T09:03:38.313619+00:00
2009-11-23,^KS200,213.720001,yahoo,KRW,2026-06-05T09:03:38.313619+00:00
2009-11-24,^KS200,211.919998,yahoo,KRW,2026-06-05T09:03:38.313619+00:00
2009-11-25,^KS200,212.610001,yahoo,KRW,2026-06-05T09:03:38.313619+00:00
2009-11-27,^KS200,200.729996,yahoo,KRW,2026-06-05T09:03:38.313619+00:00
2009-11-30,^KS200,204.75,yahoo,KRW,2026-06-05T09:03:38.313619+00:00
2009-12-01,^KS200,207.070007,yahoo,KRW,2026-06-05T09:03:38.313619+00:00
2009-12-02,^KS200,210.25,yahoo,KRW,2026-06-05T09:03:38.313619+00:00
2009-12-03,^KS200,213.309998,yahoo,KRW,2026-06-05T09:03:38.313619+00:00
2009-12-04,^KS200,214.5,yahoo,KRW,2026-06-05T09:03:38.313619+00:00
2009-12-07,^KS200,215.550003,yahoo,KRW,2026-06-05T09:03:38.313619+00:00
2009-12-08,^KS200,214.910004,yahoo,KRW,2026-06-05T09:03:38.313619+00:00
2009-12-09,^KS200,215.75,yahoo,KRW,2026-06-05T09:03:38.313619+00:00
2009-12-10,^KS200,218.729996,yahoo,KRW,2026-06-05T09:03:38.313619+00:00
2009-12-11,^KS200,218.770004,yahoo,KRW,2026-06-05T09:03:38.313619+00:00
2009-12-14,^KS200,219.509995,yahoo,KRW,2026-06-05T09:03:38.313619+00:00
2009-12-15,^KS200,219.600006,yahoo,KRW,2026-06-05T09:03:38.313619+00:00
2009-12-16,^KS200,219.320007,yahoo,KRW,2026-06-05T09:03:38.313619+00:00
2009-12-17,^KS200,216.899994,yahoo,KRW,2026-06-05T09:03:38.313619+00:00
2009-12-18,^KS200,216.679993,yahoo,KRW,2026-06-05T09:03:38.313619+00:00
2009-12-21,^KS200,216.199997,yahoo,KRW,2026-06-05T09:03:38.313619+00:00
2009-12-22,^KS200,217.869995,yahoo,KRW,2026-06-05T09:03:38.313619+00:00
2009-12-23,^KS200,218.949997,yahoo,KRW,2026-06-05T09:03:38.313619+00:00
2009-12-24,^KS200,221.669998,yahoo,KRW,2026-06-05T09:03:38.313619+00:00
2009-12-28,^KS200,222.029999,yahoo,KRW,2026-06-05T09:03:38.313619+00:00
2009-12-29,^KS200,220.339996,yahoo,KRW,2026-06-05T09:03:38.313619+00:00
2009-12-30,^KS200,221.860001,yahoo,KRW,2026-06-05T09:03:38.313619+00:00
2010-01-04,^KS200,223.490005,yahoo,KRW,2026-06-05T09:03:38.313619+00:00
2010-01-05,^KS200,222.839996,yahoo,KRW,2026-06-05T09:03:38.313619+00:00
2010-01-06,^KS200,224.669998,yahoo,KRW,2026-06-05T09:03:38.313619+00:00
2010-01-07,^KS200,221.309998,yahoo,KRW,2026-06-05T09:03:38.313619+00:00
2010-01-08,^KS200,222.660004,yahoo,KRW,2026-06-05T09:03:38.313619+00:00
2010-01-11,^KS200,222.229996,yahoo,KRW,2026-06-05T09:03:38.313619+00:00
2010-01-12,^KS200,223.039993,yahoo,KRW,2026-06-05T09:03:38.313619+00:00
2010-01-13,^KS200,219.169998,yahoo,KRW,2026-06-05T09:03:38.313619+00:00
2010-01-14,^KS200,221.190002,yahoo,KRW,2026-06-05T09:03:38.313619+00:00
2010-01-15,^KS200,223.210007,yahoo,KRW,2026-06-05T09:03:38.313619+00:00
2010-01-18,^KS200,224.380005,yahoo,KRW,2026-06-05T09:03:38.313619+00:00
2010-01-19,^KS200,224.130005,yahoo,KRW,2026-06-05T09:03:38.313619+00:00
2010-01-20,^KS200,224.830002,yahoo,KRW,2026-06-05T09:03:38.313619+00:00
2010-01-21,^KS200,226.160004,yahoo,KRW,2026-06-05T09:03:38.313619+00:00
2010-01-22,^KS200,220.679993,yahoo,KRW,2026-06-05T09:03:38.313619+00:00
2010-01-25,^KS200,219.330002,yahoo,KRW,2026-06-05T09:03:38.313619+00:00
2010-01-26,^KS200,214.889999,yahoo,KRW,2026-06-05T09:03:38.313619+00:00
2010-01-27,^KS200,213.020004,yahoo,KRW,2026-06-05T09:03:38.313619+00:00
2010-01-28,^KS200,215.669998,yahoo,KRW,2026-06-05T09:03:38.313619+00:00
2010-01-29,^KS200,210.339996,yahoo,KRW,2026-06-05T09:03:38.313619+00:00
2010-02-01,^KS200,210.759995,yahoo,KRW,2026-06-05T09:03:38.313619+00:00
2010-02-02,^KS200,209.270004,yahoo,KRW,2026-06-05T09:03:38.313619+00:00
2010-02-03,^KS200,211.860001,yahoo,KRW,2026-06-05T09:03:38.313619+00:00
2010-02-04,^KS200,211.720001,yahoo,KRW,2026-06-05T09:03:38.313619+00:00
2010-02-05,^KS200,205.059998,yahoo,KRW,2026-06-05T09:03:38.313619+00:00
2010-02-08,^KS200,203.369995,yahoo,KRW,2026-06-05T09:03:38.313619+00:00
2010-02-09,^KS200,206.009995,yahoo,KRW,2026-06-05T09:03:38.313619+00:00
2010-02-10,^KS200,205.940002,yahoo,KRW,2026-06-05T09:03:38.313619+00:00
2010-02-11,^KS200,209.729996,yahoo,KRW,2026-06-05T09:03:38.313619+00:00
2010-02-12,^KS200,208.740005,yahoo,KRW,2026-06-05T09:03:38.313619+00:00
2010-02-16,^KS200,209.729996,yahoo,KRW,2026-06-05T09:03:38.313619+00:00
2010-02-17,^KS200,213.440002,yahoo,KRW,2026-06-05T09:03:38.313619+00:00
2010-02-18,^KS200,212.550003,yahoo,KRW,2026-06-05T09:03:38.313619+00:00
2010-02-19,^KS200,208.699997,yahoo,KRW,2026-06-05T09:03:38.313619+00:00
2010-02-23,^KS200,213.449997,yahoo,KRW,2026-06-05T09:03:38.313619+00:00
2010-02-24,^KS200,210.919998,yahoo,KRW,2026-06-05T09:03:38.313619+00:00
2010-02-25,^KS200,207.559998,yahoo,KRW,2026-06-05T09:03:38.313619+00:00
2010-02-26,^KS200,208.360001,yahoo,KRW,2026-06-05T09:03:38.313619+00:00
2010-03-02,^KS200,211.440002,yahoo,KRW,2026-06-05T09:03:38.313619+00:00
2010-03-03,^KS200,212.360001,yahoo,KRW,2026-06-05T09:03:38.313619+00:00
2010-03-04,^KS200,211.910004,yahoo,KRW,2026-06-05T09:03:38.313619+00:00
2010-03-05,^KS200,214.050003,yahoo,KRW,2026-06-05T09:03:38.313619+00:00
2010-03-08,^KS200,217.729996,yahoo,KRW,2026-06-05T09:03:38.313619+00:00
2010-03-09,^KS200,217.820007,yahoo,KRW,2026-06-05T09:03:38.313619+00:00
2010-03-10,^KS200,217.820007,yahoo,KRW,2026-06-05T09:03:38.313619+00:00
2010-03-11,^KS200,216.759995,yahoo,KRW,2026-06-05T09:03:38.313619+00:00
2010-03-12,^KS200,217.350006,yahoo,KRW,2026-06-05T09:03:38.313619+00:00
2010-03-15,^KS200,215.490005,yahoo,KRW,2026-06-05T09:03:38.313619+00:00
2010-03-16,^KS200,215.25,yahoo,KRW,2026-06-05T09:03:38.313619+00:00
2010-03-17,^KS200,220.279999,yahoo,KRW,2026-06-05T09:03:38.313619+00:00
2010-03-18,^KS200,219.020004,yahoo,KRW,2026-06-05T09:03:38.313619+00:00
2010-03-19,^KS200,220.479996,yahoo,KRW,2026-06-05T09:03:38.313619+00:00
2010-03-22,^KS200,218.520004,yahoo,KRW,2026-06-05T09:03:38.313619+00:00
2010-03-23,^KS200,220.089996,yahoo,KRW,2026-06-05T09:03:38.313619+00:00
2010-03-24,^KS200,220.089996,yahoo,KRW,2026-06-05T09:03:38.313619+00:00
2010-03-25,^KS200,221.070007,yahoo,KRW,2026-06-05T09:03:38.313619+00:00
2010-03-26,^KS200,222.25,yahoo,KRW,2026-06-05T09:03:38.313619+00:00
2010-03-29,^KS200,221.600006,yahoo,KRW,2026-06-05T09:03:38.313619+00:00
2010-03-30,^KS200,222.479996,yahoo,KRW,2026-06-05T09:03:38.313619+00:00
2010-03-31,^KS200,221.580002,yahoo,KRW,2026-06-05T09:03:38.313619+00:00
2010-04-01,^KS200,225.470001,yahoo,KRW,2026-06-05T09:03:38.313619+00:00
2010-04-02,^KS200,226.690002,yahoo,KRW,2026-06-05T09:03:38.313619+00:00
2010-04-05,^KS200,227.479996,yahoo,KRW,2026-06-05T09:03:38.313619+00:00
2010-04-06,^KS200,227.509995,yahoo,KRW,2026-06-05T09:03:38.313619+00:00
2010-04-07,^KS200,227.309998,yahoo,KRW,2026-06-05T09:03:38.313619+00:00
2010-04-08,^KS200,228.270004,yahoo,KRW,2026-06-05T09:03:38.313619+00:00
2010-04-09,^KS200,226.809998,yahoo,KRW,2026-06-05T09:03:38.313619+00:00
2010-04-12,^KS200,224.589996,yahoo,KRW,2026-06-05T09:03:38.313619+00:00
2010-04-13,^KS200,224.690002,yahoo,KRW,2026-06-05T09:03:38.313619+00:00
2010-04-14,^KS200,228.080002,yahoo,KRW,2026-06-05T09:03:38.313619+00:00
2010-04-15,^KS200,229.169998,yahoo,KRW,2026-06-05T09:03:38.313619+00:00
2010-04-16,^KS200,227.690002,yahoo,KRW,2026-06-05T09:03:38.313619+00:00
2010-04-19,^KS200,223.649994,yahoo,KRW,2026-06-05T09:03:38.313619+00:00
2010-04-20,^KS200,225.130005,yahoo,KRW,2026-06-05T09:03:38.313619+00:00
2010-04-21,^KS200,229.089996,yahoo,KRW,2026-06-05T09:03:38.313619+00:00
2010-04-22,^KS200,227.759995,yahoo,KRW,2026-06-05T09:03:38.313619+00:00
2010-04-23,^KS200,227.360001,yahoo,KRW,2026-06-05T09:03:38.313619+00:00
2010-04-26,^KS200,229.639999,yahoo,KRW,2026-06-05T09:03:38.313619+00:00
2010-04-27,^KS200,229.279999,yahoo,KRW,2026-06-05T09:03:38.313619+00:00
2010-04-28,^KS200,226.979996,yahoo,KRW,2026-06-05T09:03:38.313619+00:00
2010-04-29,^KS200,226.110001,yahoo,KRW,2026-06-05T09:03:38.313619+00:00
2010-04-30,^KS200,227.949997,yahoo,KRW,2026-06-05T09:03:38.313619+00:00
2010-05-03,^KS200,225.100006,yahoo,KRW,2026-06-05T09:03:38.313619+00:00
2010-05-04,^KS200,224.759995,yahoo,KRW,2026-06-05T09:03:38.313619+00:00
2010-05-06,^KS200,220.210007,yahoo,KRW,2026-06-05T09:03:38.313619+00:00
2010-05-07,^KS200,215.089996,yahoo,KRW,2026-06-05T09:03:38.313619+00:00
2010-05-10,^KS200,219.100006,yahoo,KRW,2026-06-05T09:03:38.313619+00:00
2010-05-11,^KS200,217.630005,yahoo,KRW,2026-06-05T09:03:38.313619+00:00
2010-05-12,^KS200,216.779999,yahoo,KRW,2026-06-05T09:03:38.313619+00:00
2010-05-13,^KS200,220.800003,yahoo,KRW,2026-06-05T09:03:38.313619+00:00
2010-05-14,^KS200,221.080002,yahoo,KRW,2026-06-05T09:03:38.313619+00:00
2010-05-17,^KS200,215.360001,yahoo,KRW,2026-06-05T09:03:38.313619+00:00
2010-05-18,^KS200,214.419998,yahoo,KRW,2026-06-05T09:03:38.313619+00:00
2010-05-19,^KS200,212.429993,yahoo,KRW,2026-06-05T09:03:38.313619+00:00
2010-05-20,^KS200,208.779999,yahoo,KRW,2026-06-05T09:03:38.313619+00:00
2010-05-24,^KS200,210.270004,yahoo,KRW,2026-06-05T09:03:38.313619+00:00
2010-05-25,^KS200,204.830002,yahoo,KRW,2026-06-05T09:03:38.313619+00:00
2010-05-26,^KS200,206.619995,yahoo,KRW,2026-06-05T09:03:38.313619+00:00
2010-05-27,^KS200,209.830002,yahoo,KRW,2026-06-05T09:03:38.313619+00:00
2010-05-28,^KS200,212.100006,yahoo,KRW,2026-06-05T09:03:38.313619+00:00
2010-05-31,^KS200,214.339996,yahoo,KRW,2026-06-05T09:03:38.313619+00:00
2010-06-01,^KS200,213.020004,yahoo,KRW,2026-06-05T09:03:38.313619+00:00
2010-06-03,^KS200,217.580002,yahoo,KRW,2026-06-05T09:03:38.313619+00:00
2010-06-04,^KS200,218.029999,yahoo,KRW,2026-06-05T09:03:38.313619+00:00
2010-06-07,^KS200,214.380005,yahoo,KRW,2026-06-05T09:03:38.313619+00:00
2010-06-08,^KS200,216.080002,yahoo,KRW,2026-06-05T09:03:38.313619+00:00
2010-06-09,^KS200,215.259995,yahoo,KRW,2026-06-05T09:03:38.313619+00:00
2010-06-10,^KS200,215.729996,yahoo,KRW,2026-06-05T09:03:38.313619+00:00
2010-06-11,^KS200,219.220001,yahoo,KRW,2026-06-05T09:03:38.313619+00:00
2010-06-14,^KS200,221.429993,yahoo,KRW,2026-06-05T09:03:38.313619+00:00
2010-06-15,^KS200,221.339996,yahoo,KRW,2026-06-05T09:03:38.313619+00:00
2010-06-16,^KS200,223.339996,yahoo,KRW,2026-06-05T09:03:38.313619+00:00
2010-06-17,^KS200,223.449997,yahoo,KRW,2026-06-05T09:03:38.313619+00:00
2010-06-18,^KS200,223.770004,yahoo,KRW,2026-06-05T09:03:38.313619+00:00
2010-06-21,^KS200,227.690002,yahoo,KRW,2026-06-05T09:03:38.313619+00:00
2010-06-22,^KS200,226.449997,yahoo,KRW,2026-06-05T09:03:38.313619+00:00
2010-06-23,^KS200,225.589996,yahoo,KRW,2026-06-05T09:03:38.313619+00:00
2010-06-24,^KS200,227.449997,yahoo,KRW,2026-06-05T09:03:38.313619+00:00
2010-06-25,^KS200,225.630005,yahoo,KRW,2026-06-05T09:03:38.313619+00:00
2010-06-28,^KS200,225.550003,yahoo,KRW,2026-06-05T09:03:38.313619+00:00
2010-06-30,^KS200,220.850006,yahoo,KRW,2026-06-05T09:03:38.313619+00:00
2010-07-01,^KS200,218.649994,yahoo,KRW,2026-06-05T09:03:38.313619+00:00
2010-07-02,^KS200,217.009995,yahoo,KRW,2026-06-05T09:03:38.313619+00:00
2010-07-06,^KS200,219.119995,yahoo,KRW,2026-06-05T09:03:38.313619+00:00
2010-07-07,^KS200,217.449997,yahoo,KRW,2026-06-05T09:03:38.313619+00:00
2010-07-08,^KS200,220.779999,yahoo,KRW,2026-06-05T09:03:38.313619+00:00
2010-07-09,^KS200,224.440002,yahoo,KRW,2026-06-05T09:03:38.313619+00:00
2010-07-12,^KS200,225.860001,yahoo,KRW,2026-06-05T09:03:38.313619+00:00
2010-07-13,^KS200,226.139999,yahoo,KRW,2026-06-05T09:03:38.313619+00:00
2010-07-14,^KS200,229.270004,yahoo,KRW,2026-06-05T09:03:38.313619+00:00
2010-07-15,^KS200,228.389999,yahoo,KRW,2026-06-05T09:03:38.313619+00:00
2010-07-16,^KS200,226.339996,yahoo,KRW,2026-06-05T09:03:38.313619+00:00
2010-07-19,^KS200,225.320007,yahoo,KRW,2026-06-05T09:03:38.313619+00:00
2010-07-20,^KS200,225.839996,yahoo,KRW,2026-06-05T09:03:38.313619+00:00
2010-07-21,^KS200,227.880005,yahoo,KRW,2026-06-05T09:03:38.313619+00:00
2010-07-22,^KS200,226.229996,yahoo,KRW,2026-06-05T09:03:38.313619+00:00
2010-07-23,^KS200,229.5,yahoo,KRW,2026-06-05T09:03:38.313619+00:00
2010-07-26,^KS200,230.869995,yahoo,KRW,2026-06-05T09:03:38.313619+00:00
2010-07-27,^KS200,230.929993,yahoo,KRW,2026-06-05T09:03:38.313619+00:00
2010-07-28,^KS200,231.559998,yahoo,KRW,2026-06-05T09:03:38.313619+00:00
2010-07-29,^KS200,231.160004,yahoo,KRW,2026-06-05T09:03:38.313619+00:00
2010-07-30,^KS200,229.25,yahoo,KRW,2026-06-05T09:03:38.313619+00:00
2010-08-02,^KS200,232.220001,yahoo,KRW,2026-06-05T09:03:38.313619+00:00
2010-08-03,^KS200,233.380005,yahoo,KRW,2026-06-05T09:03:38.313619+00:00
2010-08-04,^KS200,233.139999,yahoo,KRW,2026-06-05T09:03:38.313619+00:00
2010-08-05,^KS200,232.389999,yahoo,KRW,2026-06-05T09:03:38.313619+00:00
2010-08-06,^KS200,232.350006,yahoo,KRW,2026-06-05T09:03:38.313619+00:00
2010-08-09,^KS200,233.139999,yahoo,KRW,2026-06-05T09:03:38.313619+00:00
2010-08-10,^KS200,232.039993,yahoo,KRW,2026-06-05T09:03:38.313619+00:00
2010-08-11,^KS200,228.979996,yahoo,KRW,2026-06-05T09:03:38.313619+00:00
2010-08-12,^KS200,223.960007,yahoo,KRW,2026-06-05T09:03:38.313619+00:00
2010-08-13,^KS200,227.009995,yahoo,KRW,2026-06-05T09:03:38.313619+00:00
2010-08-16,^KS200,226.509995,yahoo,KRW,2026-06-05T09:03:38.313619+00:00
2010-08-17,^KS200,227.960007,yahoo,KRW,2026-06-05T09:03:38.313619+00:00
2010-08-18,^KS200,228.899994,yahoo,KRW,2026-06-05T09:03:38.313619+00:00
2010-08-19,^KS200,231.880005,yahoo,KRW,2026-06-05T09:03:38.313619+00:00
2010-08-20,^KS200,231.169998,yahoo,KRW,2026-06-05T09:03:38.313619+00:00
2010-08-23,^KS200,230.199997,yahoo,KRW,2026-06-05T09:03:38.313619+00:00
2010-08-24,^KS200,229.419998,yahoo,KRW,2026-06-05T09:03:38.313619+00:00
2010-08-25,^KS200,225.990005,yahoo,KRW,2026-06-05T09:03:38.313619+00:00
2010-08-26,^KS200,225.389999,yahoo,KRW,2026-06-05T09:03:38.313619+00:00
2010-08-27,^KS200,225.520004,yahoo,KRW,2026-06-05T09:03:38.313619+00:00
2010-08-30,^KS200,229.630005,yahoo,KRW,2026-06-05T09:03:38.313619+00:00
2010-08-31,^KS200,226.809998,yahoo,KRW,2026-06-05T09:03:38.313619+00:00
2010-09-01,^KS200,229.410004,yahoo,KRW,2026-06-05T09:03:38.313619+00:00
2010-09-02,^KS200,230.660004,yahoo,KRW,2026-06-05T09:03:38.313619+00:00
2010-09-03,^KS200,231.039993,yahoo,KRW,2026-06-05T09:03:38.313619+00:00
2010-09-07,^KS200,232.449997,yahoo,KRW,2026-06-05T09:03:38.313619+00:00
2010-09-08,^KS200,230.940002,yahoo,KRW,2026-06-05T09:03:38.313619+00:00
2010-09-09,^KS200,231.529999,yahoo,KRW,2026-06-05T09:03:38.313619+00:00
2010-09-10,^KS200,233.929993,yahoo,KRW,2026-06-05T09:03:38.313619+00:00
2010-09-13,^KS200,236.339996,yahoo,KRW,2026-06-05T09:03:38.313619+00:00
2010-09-14,^KS200,235.979996,yahoo,KRW,2026-06-05T09:03:38.313619+00:00
2010-09-15,^KS200,237.139999,yahoo,KRW,2026-06-05T09:03:38.313619+00:00
2010-09-16,^KS200,235.369995,yahoo,KRW,2026-06-05T09:03:38.313619+00:00
2010-09-17,^KS200,237.639999,yahoo,KRW,2026-06-05T09:03:38.313619+00:00
2010-09-20,^KS200,238.289993,yahoo,KRW,2026-06-05T09:03:38.313619+00:00
2010-09-24,^KS200,239.800003,yahoo,KRW,2026-06-05T09:03:38.313619+00:00
2010-09-27,^KS200,241.380005,yahoo,KRW,2026-06-05T09:03:38.313619+00:00
2010-09-28,^KS200,240.589996,yahoo,KRW,2026-06-05T09:03:38.313619+00:00
2010-09-29,^KS200,242.270004,yahoo,KRW,2026-06-05T09:03:38.313619+00:00
2010-09-30,^KS200,242.949997,yahoo,KRW,2026-06-05T09:03:38.313619+00:00
2010-10-01,^KS200,243.490005,yahoo,KRW,2026-06-05T09:03:38.313619+00:00
2010-10-04,^KS200,243.990005,yahoo,KRW,2026-06-05T09:03:38.313619+00:00
2010-10-05,^KS200,244.220001,yahoo,KRW,2026-06-05T09:03:38.313619+00:00
2010-10-06,^KS200,247.699997,yahoo,KRW,2026-06-05T09:03:38.313619+00:00
2010-10-07,^KS200,247.220001,yahoo,KRW,2026-06-05T09:03:38.313619+00:00
2010-10-08,^KS200,246.509995,yahoo,KRW,2026-06-05T09:03:38.313619+00:00
2010-10-11,^KS200,245.440002,yahoo,KRW,2026-06-05T09:03:38.313619+00:00
2010-10-12,^KS200,242.350006,yahoo,KRW,2026-06-05T09:03:38.313619+00:00
2010-10-13,^KS200,242.990005,yahoo,KRW,2026-06-05T09:03:38.313619+00:00
2010-10-14,^KS200,246.25,yahoo,KRW,2026-06-05T09:03:38.313619+00:00
2010-10-15,^KS200,246.559998,yahoo,KRW,2026-06-05T09:03:38.313619+00:00
2010-10-18,^KS200,242.639999,yahoo,KRW,2026-06-05T09:03:38.313619+00:00
2010-10-19,^KS200,240.110001,yahoo,KRW,2026-06-05T09:03:38.313619+00:00
2010-10-20,^KS200,241.789993,yahoo,KRW,2026-06-05T09:03:38.313619+00:00
2010-10-21,^KS200,242.529999,yahoo,KRW,2026-06-05T09:03:38.313619+00:00
2010-10-22,^KS200,245.839996,yahoo,KRW,2026-06-05T09:03:38.313619+00:00
2010-10-25,^KS200,248.160004,yahoo,KRW,2026-06-05T09:03:38.313619+00:00
2010-10-26,^KS200,248.380005,yahoo,KRW,2026-06-05T09:03:38.313619+00:00
2010-10-27,^KS200,246.610001,yahoo,KRW,2026-06-05T09:03:38.313619+00:00
2010-10-28,^KS200,246.410004,yahoo,KRW,2026-06-05T09:03:38.313619+00:00
2010-10-29,^KS200,242.979996,yahoo,KRW,2026-06-05T09:03:38.313619+00:00
2010-11-01,^KS200,247.410004,yahoo,KRW,2026-06-05T09:03:38.313619+00:00
2010-11-02,^KS200,247.929993,yahoo,KRW,2026-06-05T09:03:38.313619+00:00
2010-11-03,^KS200,249.990005,yahoo,KRW,2026-06-05T09:03:38.313619+00:00
2010-11-04,^KS200,251.119995,yahoo,KRW,2026-06-05T09:03:38.313619+00:00
2010-11-05,^KS200,251.220001,yahoo,KRW,2026-06-05T09:03:38.313619+00:00
2010-11-08,^KS200,251.729996,yahoo,KRW,2026-06-05T09:03:38.313619+00:00
2010-11-09,^KS200,252.070007,yahoo,KRW,2026-06-05T09:03:38.313619+00:00
2010-11-10,^KS200,255.130005,yahoo,KRW,2026-06-05T09:03:38.313619+00:00
2010-11-11,^KS200,247.509995,yahoo,KRW,2026-06-05T09:03:38.313619+00:00
2010-11-12,^KS200,248.350006,yahoo,KRW,2026-06-05T09:03:38.313619+00:00
2010-11-15,^KS200,249.220001,yahoo,KRW,2026-06-05T09:03:38.313619+00:00
2010-11-16,^KS200,247.839996,yahoo,KRW,2026-06-05T09:03:38.313619+00:00
2010-11-18,^KS200,251.149994,yahoo,KRW,2026-06-05T09:03:38.313619+00:00
2010-11-19,^KS200,253.039993,yahoo,KRW,2026-06-05T09:03:38.313619+00:00
2010-11-22,^KS200,254.0,yahoo,KRW,2026-06-05T09:03:38.313619+00:00
2010-11-23,^KS200,252.119995,yahoo,KRW,2026-06-05T09:03:38.313619+00:00
2010-11-24,^KS200,252.380005,yahoo,KRW,2026-06-05T09:03:38.313619+00:00
2010-11-26,^KS200,249.309998,yahoo,KRW,2026-06-05T09:03:38.313619+00:00
2010-11-29,^KS200,248.919998,yahoo,KRW,2026-06-05T09:03:38.313619+00:00
2010-11-30,^KS200,249.639999,yahoo,KRW,2026-06-05T09:03:38.313619+00:00
2010-12-01,^KS200,252.800003,yahoo,KRW,2026-06-05T09:03:38.313619+00:00
2010-12-02,^KS200,256.019989,yahoo,KRW,2026-06-05T09:03:38.313619+00:00
2010-12-03,^KS200,257.649994,yahoo,KRW,2026-06-05T09:03:38.313619+00:00
2010-12-06,^KS200,257.320007,yahoo,KRW,2026-06-05T09:03:38.313619+00:00
2010-12-07,^KS200,258.630005,yahoo,KRW,2026-06-05T09:03:38.313619+00:00
2010-12-08,^KS200,257.51001,yahoo,KRW,2026-06-05T09:03:38.313619+00:00
2010-12-09,^KS200,262.320007,yahoo,KRW,2026-06-05T09:03:38.313619+00:00
2010-12-10,^KS200,261.73999,yahoo,KRW,2026-06-05T09:03:38.313619+00:00
2010-12-13,^KS200,263.309998,yahoo,KRW,2026-06-05T09:03:38.313619+00:00
2010-12-14,^KS200,265.130005,yahoo,KRW,2026-06-05T09:03:38.313619+00:00
2010-12-15,^KS200,265.950012,yahoo,KRW,2026-06-05T09:03:38.313619+00:00
2010-12-16,^KS200,264.920013,yahoo,KRW,2026-06-05T09:03:38.313619+00:00
2010-12-17,^KS200,267.670013,yahoo,KRW,2026-06-05T09:03:38.313619+00:00
2010-12-20,^KS200,267.420013,yahoo,KRW,2026-06-05T09:03:38.313619+00:00
2010-12-21,^KS200,269.309998,yahoo,KRW,2026-06-05T09:03:38.313619+00:00
2010-12-22,^KS200,269.600006,yahoo,KRW,2026-06-05T09:03:38.313619+00:00
2010-12-23,^KS200,269.619995,yahoo,KRW,2026-06-05T09:03:38.313619+00:00
2010-12-24,^KS200,268.5,yahoo,KRW,2026-06-05T09:03:38.313619+00:00
2010-12-27,^KS200,267.350006,yahoo,KRW,2026-06-05T09:03:38.313619+00:00
2010-12-28,^KS200,269.040009,yahoo,KRW,2026-06-05T09:03:38.313619+00:00
2010-12-29,^KS200,270.440002,yahoo,KRW,2026-06-05T09:03:38.313619+00:00
2010-12-30,^KS200,271.190002,yahoo,KRW,2026-06-05T09:03:38.313619+00:00
2011-01-03,^KS200,273.809998,yahoo,KRW,2026-06-05T09:03:38.313619+00:00
2011-01-04,^KS200,275.779999,yahoo,KRW,2026-06-05T09:03:38.313619+00:00
2011-01-05,^KS200,275.350006,yahoo,KRW,2026-06-05T09:03:38.313619+00:00
2011-01-06,^KS200,274.720001,yahoo,KRW,2026-06-05T09:03:38.313619+00:00
2011-01-07,^KS200,275.609985,yahoo,KRW,2026-06-05T09:03:38.313619+00:00
2011-01-10,^KS200,273.98999,yahoo,KRW,2026-06-05T09:03:38.313619+00:00
2011-01-11,^KS200,275.100006,yahoo,KRW,2026-06-05T09:03:38.313619+00:00
2011-01-12,^KS200,276.170013,yahoo,KRW,2026-06-05T09:03:38.313619+00:00
2011-01-13,^KS200,275.519989,yahoo,KRW,2026-06-05T09:03:38.313619+00:00
2011-01-14,^KS200,278.170013,yahoo,KRW,2026-06-05T09:03:38.313619+00:00
2011-01-17,^KS200,277.049988,yahoo,KRW,2026-06-05T09:03:38.313619+00:00
2011-01-18,^KS200,276.600006,yahoo,KRW,2026-06-05T09:03:38.313619+00:00
2011-01-19,^KS200,279.25,yahoo,KRW,2026-06-05T09:03:38.313619+00:00
2011-01-20,^KS200,277.75,yahoo,KRW,2026-06-05T09:03:38.313619+00:00
2011-01-21,^KS200,272.670013,yahoo,KRW,2026-06-05T09:03:38.313619+00:00
2011-01-24,^KS200,274.5,yahoo,KRW,2026-06-05T09:03:38.313619+00:00
2011-01-25,^KS200,275.179993,yahoo,KRW,2026-06-05T09:03:38.313619+00:00
2011-01-26,^KS200,278.809998,yahoo,KRW,2026-06-05T09:03:38.313619+00:00
2011-01-27,^KS200,279.200012,yahoo,KRW,2026-06-05T09:03:38.313619+00:00
2011-01-28,^KS200,278.450012,yahoo,KRW,2026-06-05T09:03:38.313619+00:00
2011-01-31,^KS200,273.119995,yahoo,KRW,2026-06-05T09:03:38.313619+00:00
2011-02-01,^KS200,273.450012,yahoo,KRW,2026-06-05T09:03:38.313619+00:00
2011-02-07,^KS200,274.899994,yahoo,KRW,2026-06-05T09:03:38.313619+00:00
2011-02-08,^KS200,273.160004,yahoo,KRW,2026-06-05T09:03:38.313619+00:00
2011-02-09,^KS200,269.899994,yahoo,KRW,2026-06-05T09:03:38.313619+00:00
2011-02-10,^KS200,264.570007,yahoo,KRW,2026-06-05T09:03:38.313619+00:00
2011-02-11,^KS200,260.399994,yahoo,KRW,2026-06-05T09:03:38.313619+00:00
2011-02-15,^KS200,265.399994,yahoo,KRW,2026-06-05T09:03:38.313619+00:00
2011-02-16,^KS200,262.559998,yahoo,KRW,2026-06-05T09:03:38.313619+00:00
2011-02-17,^KS200,261.230011,yahoo,KRW,2026-06-05T09:03:38.313619+00:00
2011-02-18,^KS200,265.799988,yahoo,KRW,2026-06-05T09:03:38.313619+00:00
2011-02-22,^KS200,260.130005,yahoo,KRW,2026-06-05T09:03:38.313619+00:00
2011-02-23,^KS200,259.209991,yahoo,KRW,2026-06-05T09:03:38.313619+00:00
2011-02-24,^KS200,257.690002,yahoo,KRW,2026-06-05T09:03:38.313619+00:00
2011-02-25,^KS200,259.279999,yahoo,KRW,2026-06-05T09:03:38.313619+00:00
2011-02-28,^KS200,256.359985,yahoo,KRW,2026-06-05T09:03:38.313619+00:00
2011-03-02,^KS200,254.960007,yahoo,KRW,2026-06-05T09:03:38.313619+00:00
2011-03-03,^KS200,260.480011,yahoo,KRW,2026-06-05T09:03:38.313619+00:00
2011-03-04,^KS200,265.420013,yahoo,KRW,2026-06-05T09:03:38.313619+00:00
2011-03-07,^KS200,261.440002,yahoo,KRW,2026-06-05T09:03:38.313619+00:00
2011-03-09,^KS200,263.799988,yahoo,KRW,2026-06-05T09:03:38.313619+00:00
2011-03-10,^KS200,260.589996,yahoo,KRW,2026-06-05T09:03:38.313619+00:00
2011-03-11,^KS200,256.829987,yahoo,KRW,2026-06-05T09:03:38.313619+00:00
2011-03-14,^KS200,260.690002,yahoo,KRW,2026-06-05T09:03:38.313619+00:00
2011-03-15,^KS200,254.289993,yahoo,KRW,2026-06-05T09:03:38.313619+00:00
2011-03-16,^KS200,259.440002,yahoo,KRW,2026-06-05T09:03:38.313619+00:00
2011-03-17,^KS200,259.799988,yahoo,KRW,2026-06-05T09:03:38.313619+00:00
2011-03-18,^KS200,262.390015,yahoo,KRW,2026-06-05T09:03:38.313619+00:00
2011-03-21,^KS200,264.890015,yahoo,KRW,2026-06-05T09:03:38.313619+00:00
2011-03-22,^KS200,266.049988,yahoo,KRW,2026-06-05T09:03:38.313619+00:00
2011-03-23,^KS200,265.670013,yahoo,KRW,2026-06-05T09:03:38.313619+00:00
2011-03-24,^KS200,268.929993,yahoo,KRW,2026-06-05T09:03:38.313619+00:00
2011-03-25,^KS200,271.660004,yahoo,KRW,2026-06-05T09:03:38.313619+00:00
2011-03-28,^KS200,272.130005,yahoo,KRW,2026-06-05T09:03:38.313619+00:00
2011-03-29,^KS200,274.220001,yahoo,KRW,2026-06-05T09:03:38.313619+00:00
2011-03-30,^KS200,277.040009,yahoo,KRW,2026-06-05T09:03:38.313619+00:00
2011-03-31,^KS200,278.869995,yahoo,KRW,2026-06-05T09:03:38.313619+00:00
2011-04-01,^KS200,280.730011,yahoo,KRW,2026-06-05T09:03:38.313619+00:00
2011-04-04,^KS200,280.01001,yahoo,KRW,2026-06-05T09:03:38.313619+00:00
2011-04-05,^KS200,282.029999,yahoo,KRW,2026-06-05T09:03:38.313619+00:00
2011-04-06,^KS200,281.350006,yahoo,KRW,2026-06-05T09:03:38.313619+00:00
2011-04-07,^KS200,280.450012,yahoo,KRW,2026-06-05T09:03:38.313619+00:00
2011-04-08,^KS200,281.049988,yahoo,KRW,2026-06-05T09:03:38.313619+00:00
2011-04-11,^KS200,280.48999,yahoo,KRW,2026-06-05T09:03:38.313619+00:00
2011-04-12,^KS200,276.130005,yahoo,KRW,2026-06-05T09:03:38.313619+00:00
2011-04-13,^KS200,280.679993,yahoo,KRW,2026-06-05T09:03:38.313619+00:00
2011-04-14,^KS200,283.149994,yahoo,KRW,2026-06-05T09:03:38.313619+00:00
2011-04-15,^KS200,282.799988,yahoo,KRW,2026-06-05T09:03:38.313619+00:00
2011-04-18,^KS200,282.140015,yahoo,KRW,2026-06-05T09:03:38.313619+00:00
2011-04-19,^KS200,280.429993,yahoo,KRW,2026-06-05T09:03:38.313619+00:00
2011-04-20,^KS200,287.190002,yahoo,KRW,2026-06-05T09:03:38.313619+00:00
2011-04-21,^KS200,291.160004,yahoo,KRW,2026-06-05T09:03:38.313619+00:00
2011-04-22,^KS200,290.839996,yahoo,KRW,2026-06-05T09:03:38.313619+00:00
2011-04-25,^KS200,292.690002,yahoo,KRW,2026-06-05T09:03:38.313619+00:00
2011-04-26,^KS200,291.380005,yahoo,KRW,2026-06-05T09:03:38.313619+00:00
2011-04-27,^KS200,292.079987,yahoo,KRW,2026-06-05T09:03:38.313619+00:00
2011-04-28,^KS200,292.149994,yahoo,KRW,2026-06-05T09:03:38.313619+00:00
2011-04-29,^KS200,290.390015,yahoo,KRW,2026-06-05T09:03:38.313619+00:00
2011-05-02,^KS200,295.350006,yahoo,KRW,2026-06-05T09:03:38.313619+00:00
2011-05-03,^KS200,291.649994,yahoo,KRW,2026-06-05T09:03:38.313619+00:00
2011-05-04,^KS200,288.459991,yahoo,KRW,2026-06-05T09:03:38.313619+00:00
2011-05-06,^KS200,283.679993,yahoo,KRW,2026-06-05T09:03:38.313619+00:00
2011-05-09,^KS200,282.589996,yahoo,KRW,2026-06-05T09:03:38.313619+00:00
2011-05-11,^KS200,286.299988,yahoo,KRW,2026-06-05T09:03:38.313619+00:00
2011-05-12,^KS200,280.019989,yahoo,KRW,2026-06-05T09:03:38.313619+00:00
2011-05-13,^KS200,279.589996,yahoo,KRW,2026-06-05T09:03:38.313619+00:00
2011-05-16,^KS200,277.220001,yahoo,KRW,2026-06-05T09:03:38.313619+00:00
2011-05-17,^KS200,277.149994,yahoo,KRW,2026-06-05T09:03:38.313619+00:00
2011-05-18,^KS200,281.76001,yahoo,KRW,2026-06-05T09:03:38.313619+00:00
2011-05-19,^KS200,276.470001,yahoo,KRW,2026-06-05T09:03:38.313619+00:00
2011-05-20,^KS200,278.589996,yahoo,KRW,2026-06-05T09:03:38.313619+00:00
2011-05-23,^KS200,271.190002,yahoo,KRW,2026-06-05T09:03:38.313619+00:00
2011-05-24,^KS200,271.779999,yahoo,KRW,2026-06-05T09:03:38.313619+00:00
2011-05-25,^KS200,268.619995,yahoo,KRW,2026-06-05T09:03:38.313619+00:00
2011-05-26,^KS200,276.329987,yahoo,KRW,2026-06-05T09:03:38.313619+00:00
2011-05-27,^KS200,277.350006,yahoo,KRW,2026-06-05T09:03:38.313619+00:00
2011-05-31,^KS200,282.76001,yahoo,KRW,2026-06-05T09:03:38.313619+00:00
2011-06-01,^KS200,282.75,yahoo,KRW,2026-06-05T09:03:38.313619+00:00
2011-06-02,^KS200,278.76001,yahoo,KRW,2026-06-05T09:03:38.313619+00:00
2011-06-03,^KS200,278.839996,yahoo,KRW,2026-06-05T09:03:38.313619+00:00
2011-06-07,^KS200,276.970001,yahoo,KRW,2026-06-05T09:03:38.313619+00:00
2011-06-08,^KS200,274.459991,yahoo,KRW,2026-06-05T09:03:38.313619+00:00
2011-06-09,^KS200,272.440002,yahoo,KRW,2026-06-05T09:03:38.313619+00:00
2011-06-10,^KS200,269.040009,yahoo,KRW,2026-06-05T09:03:38.313619+00:00
2011-06-13,^KS200,269.790009,yahoo,KRW,2026-06-05T09:03:38.313619+00:00
2011-06-14,^KS200,273.670013,yahoo,KRW,2026-06-05T09:03:38.313619+00:00
2011-06-15,^KS200,274.529999,yahoo,KRW,2026-06-05T09:03:38.313619+00:00
2011-06-16,^KS200,268.880005,yahoo,KRW,2026-06-05T09:03:38.313619+00:00
2011-06-17,^KS200,266.220001,yahoo,KRW,2026-06-05T09:03:38.313619+00:00
2011-06-20,^KS200,264.390015,yahoo,KRW,2026-06-05T09:03:38.313619+00:00
2011-06-21,^KS200,268.649994,yahoo,KRW,2026-06-05T09:03:38.313619+00:00
2011-06-22,^KS200,270.709991,yahoo,KRW,2026-06-05T09:03:38.313619+00:00
2011-06-23,^KS200,269.339996,yahoo,KRW,2026-06-05T09:03:38.313619+00:00
2011-06-24,^KS200,274.309998,yahoo,KRW,2026-06-05T09:03:38.313619+00:00
2011-06-27,^KS200,271.440002,yahoo,KRW,2026-06-05T09:03:38.313619+00:00
2011-06-28,^KS200,270.410004,yahoo,KRW,2026-06-05T09:03:38.313619+00:00
2011-06-29,^KS200,274.609985,yahoo,KRW,2026-06-05T09:03:38.313619+00:00
2011-06-30,^KS200,275.170013,yahoo,KRW,2026-06-05T09:03:38.313619+00:00
2011-07-01,^KS200,278.769989,yahoo,KRW,2026-06-05T09:03:38.313619+00:00
2011-07-05,^KS200,283.880005,yahoo,KRW,2026-06-05T09:03:38.313619+00:00
2011-07-06,^KS200,285.119995,yahoo,KRW,2026-06-05T09:03:38.313619+00:00
2011-07-07,^KS200,286.070007,yahoo,KRW,2026-06-05T09:03:38.313619+00:00
2011-07-08,^KS200,286.049988,yahoo,KRW,2026-06-05T09:03:38.313619+00:00
2011-07-11,^KS200,282.459991,yahoo,KRW,2026-06-05T09:03:38.313619+00:00
2011-07-12,^KS200,275.899994,yahoo,KRW,2026-06-05T09:03:38.313619+00:00
2011-07-13,^KS200,278.320007,yahoo,KRW,2026-06-05T09:03:38.313619+00:00
2011-07-14,^KS200,278.029999,yahoo,KRW,2026-06-05T09:03:38.313619+00:00
2011-07-15,^KS200,279.589996,yahoo,KRW,2026-06-05T09:03:38.313619+00:00
2011-07-18,^KS200,276.709991,yahoo,KRW,2026-06-05T09:03:38.313619+00:00
2011-07-19,^KS200,276.579987,yahoo,KRW,2026-06-05T09:03:38.313619+00:00
2011-07-20,^KS200,280.410004,yahoo,KRW,2026-06-05T09:03:38.313619+00:00
2011-07-21,^KS200,279.200012,yahoo,KRW,2026-06-05T09:03:38.313619+00:00
2011-07-22,^KS200,282.589996,yahoo,KRW,2026-06-05T09:03:38.313619+00:00
2011-07-25,^KS200,279.660004,yahoo,KRW,2026-06-05T09:03:38.313619+00:00
2011-07-26,^KS200,282.040009,yahoo,KRW,2026-06-05T09:03:38.313619+00:00
2011-07-27,^KS200,282.700012,yahoo,KRW,2026-06-05T09:03:38.313619+00:00
2011-07-28,^KS200,280.040009,yahoo,KRW,2026-06-05T09:03:38.313619+00:00
2011-07-29,^KS200,277.109985,yahoo,KRW,2026-06-05T09:03:38.313619+00:00
2011-08-01,^KS200,282.359985,yahoo,KRW,2026-06-05T09:03:38.313619+00:00
2011-08-02,^KS200,275.399994,yahoo,KRW,2026-06-05T09:03:38.313619+00:00
2011-08-03,^KS200,267.799988,yahoo,KRW,2026-06-05T09:03:38.313619+00:00
2011-08-04,^KS200,261.540009,yahoo,KRW,2026-06-05T09:03:38.313619+00:00
2011-08-05,^KS200,251.899994,yahoo,KRW,2026-06-05T09:03:38.313619+00:00
2011-08-08,^KS200,242.449997,yahoo,KRW,2026-06-05T09:03:38.313619+00:00
2011-08-09,^KS200,233.520004,yahoo,KRW,2026-06-05T09:03:38.313619+00:00
2011-08-11,^KS200,234.139999,yahoo,KRW,2026-06-05T09:03:38.313619+00:00
2011-08-12,^KS200,230.380005,yahoo,KRW,2026-06-05T09:03:38.313619+00:00
2011-08-16,^KS200,242.229996,yahoo,KRW,2026-06-05T09:03:38.313619+00:00
2011-08-17,^KS200,243.429993,yahoo,KRW,2026-06-05T09:03:38.313619+00:00
2011-08-18,^KS200,238.309998,yahoo,KRW,2026-06-05T09:03:38.313619+00:00
2011-08-19,^KS200,222.979996,yahoo,KRW,2026-06-05T09:03:38.313619+00:00
2011-08-22,^KS200,219.149994,yahoo,KRW,2026-06-05T09:03:38.313619+00:00
2011-08-23,^KS200,228.119995,yahoo,KRW,2026-06-05T09:03:38.313619+00:00
2011-08-24,^KS200,225.139999,yahoo,KRW,2026-06-05T09:03:38.313619+00:00
2011-08-25,^KS200,227.020004,yahoo,KRW,2026-06-05T09:03:38.313619+00:00
2011-08-26,^KS200,229.0,yahoo,KRW,2026-06-05T09:03:38.313619+00:00
2011-08-29,^KS200,235.779999,yahoo,KRW,2026-06-05T09:03:38.313619+00:00
2011-08-30,^KS200,237.639999,yahoo,KRW,2026-06-05T09:03:38.313619+00:00
2011-08-31,^KS200,242.160004,yahoo,KRW,2026-06-05T09:03:38.313619+00:00
2011-09-01,^KS200,242.369995,yahoo,KRW,2026-06-05T09:03:38.313619+00:00
2011-09-02,^KS200,240.160004,yahoo,KRW,2026-06-05T09:03:38.313619+00:00
2011-09-05,^KS200,228.889999,yahoo,KRW,2026-06-05T09:03:38.313619+00:00
2011-09-06,^KS200,226.649994,yahoo,KRW,2026-06-05T09:03:38.313619+00:00
2011-09-07,^KS200,236.119995,yahoo,KRW,2026-06-05T09:03:38.313619+00:00
2011-09-08,^KS200,238.470001,yahoo,KRW,2026-06-05T09:03:38.313619+00:00
2011-09-09,^KS200,233.399994,yahoo,KRW,2026-06-05T09:03:38.313619+00:00
2011-09-14,^KS200,225.149994,yahoo,KRW,2026-06-05T09:03:38.313619+00:00
2011-09-15,^KS200,228.580002,yahoo,KRW,2026-06-05T09:03:38.313619+00:00
2011-09-16,^KS200,237.5,yahoo,KRW,2026-06-05T09:03:38.313619+00:00
2011-09-19,^KS200,235.320007,yahoo,KRW,2026-06-05T09:03:38.313619+00:00
2011-09-20,^KS200,237.529999,yahoo,KRW,2026-06-05T09:03:38.313619+00:00
2011-09-21,^KS200,239.509995,yahoo,KRW,2026-06-05T09:03:38.313619+00:00
2011-09-22,^KS200,232.050003,yahoo,KRW,2026-06-05T09:03:38.313619+00:00
2011-09-23,^KS200,218.619995,yahoo,KRW,2026-06-05T09:03:38.313619+00:00
2011-09-26,^KS200,214.179993,yahoo,KRW,2026-06-05T09:03:38.313619+00:00
2011-09-27,^KS200,225.289993,yahoo,KRW,2026-06-05T09:03:38.313619+00:00
2011-09-28,^KS200,223.820007,yahoo,KRW,2026-06-05T09:03:38.313619+00:00
2011-09-29,^KS200,230.369995,yahoo,KRW,2026-06-05T09:03:38.313619+00:00
2011-09-30,^KS200,230.410004,yahoo,KRW,2026-06-05T09:03:38.313619+00:00
2011-10-04,^KS200,221.929993,yahoo,KRW,2026-06-05T09:03:38.313619+00:00
2011-10-05,^KS200,217.339996,yahoo,KRW,2026-06-05T09:03:38.313619+00:00
2011-10-06,^KS200,223.940002,yahoo,KRW,2026-06-05T09:03:38.313619+00:00
2011-10-07,^KS200,230.270004,yahoo,KRW,2026-06-05T09:03:38.313619+00:00
2011-10-10,^KS200,230.820007,yahoo,KRW,2026-06-05T09:03:38.313619+00:00
2011-10-11,^KS200,234.800003,yahoo,KRW,2026-06-05T09:03:38.313619+00:00
2011-10-12,^KS200,236.660004,yahoo,KRW,2026-06-05T09:03:38.313619+00:00
2011-10-13,^KS200,238.089996,yahoo,KRW,2026-06-05T09:03:38.313619+00:00
2011-10-14,^KS200,239.669998,yahoo,KRW,2026-06-05T09:03:38.313619+00:00
2011-10-17,^KS200,243.490005,yahoo,KRW,2026-06-05T09:03:38.313619+00:00
2011-10-18,^KS200,239.889999,yahoo,KRW,2026-06-05T09:03:38.313619+00:00
2011-10-19,^KS200,242.110001,yahoo,KRW,2026-06-05T09:03:38.313619+00:00
2011-10-20,^KS200,235.570007,yahoo,KRW,2026-06-05T09:03:38.313619+00:00
2011-10-21,^KS200,240.020004,yahoo,KRW,2026-06-05T09:03:38.313619+00:00
2011-10-24,^KS200,248.210007,yahoo,KRW,2026-06-05T09:03:38.313619+00:00
2011-10-25,^KS200,247.199997,yahoo,KRW,2026-06-05T09:03:38.313619+00:00
2011-10-26,^KS200,247.559998,yahoo,KRW,2026-06-05T09:03:38.313619+00:00
2011-10-28,^KS200,252.470001,yahoo,KRW,2026-06-05T09:03:38.313619+00:00
2011-10-31,^KS200,249.880005,yahoo,KRW,2026-06-05T09:03:38.313619+00:00
2011-11-01,^KS200,249.919998,yahoo,KRW,2026-06-05T09:03:38.313619+00:00
2011-11-02,^KS200,248.029999,yahoo,KRW,2026-06-05T09:03:38.313619+00:00
2011-11-03,^KS200,244.089996,yahoo,KRW,2026-06-05T09:03:38.313619+00:00
2011-11-04,^KS200,252.339996,yahoo,KRW,2026-06-05T09:03:38.313619+00:00
2011-11-07,^KS200,250.779999,yahoo,KRW,2026-06-05T09:03:38.313619+00:00
2011-11-08,^KS200,248.320007,yahoo,KRW,2026-06-05T09:03:38.313619+00:00
2011-11-09,^KS200,249.229996,yahoo,KRW,2026-06-05T09:03:38.313619+00:00
2011-11-10,^KS200,236.020004,yahoo,KRW,2026-06-05T09:03:38.313619+00:00
2011-11-11,^KS200,242.990005,yahoo,KRW,2026-06-05T09:03:38.313619+00:00
2011-11-14,^KS200,248.270004,yahoo,KRW,2026-06-05T09:03:38.313619+00:00
2011-11-15,^KS200,246.210007,yahoo,KRW,2026-06-05T09:03:38.313619+00:00
2011-11-16,^KS200,241.979996,yahoo,KRW,2026-06-05T09:03:38.313619+00:00
2011-11-17,^KS200,244.600006,yahoo,KRW,2026-06-05T09:03:38.313619+00:00
2011-11-18,^KS200,239.429993,yahoo,KRW,2026-06-05T09:03:38.313619+00:00
2011-11-22,^KS200,237.800003,yahoo,KRW,2026-06-05T09:03:38.313619+00:00
2011-11-23,^KS200,231.679993,yahoo,KRW,2026-06-05T09:03:38.313619+00:00
2011-11-25,^KS200,231.029999,yahoo,KRW,2026-06-05T09:03:38.313619+00:00
2011-11-28,^KS200,236.589996,yahoo,KRW,2026-06-05T09:03:38.313619+00:00
2011-11-29,^KS200,242.5,yahoo,KRW,2026-06-05T09:03:38.313619+00:00
2011-11-30,^KS200,241.190002,yahoo,KRW,2026-06-05T09:03:38.313619+00:00
2011-12-01,^KS200,251.520004,yahoo,KRW,2026-06-05T09:03:38.313619+00:00
2011-12-02,^KS200,251.190002,yahoo,KRW,2026-06-05T09:03:38.313619+00:00
2011-12-05,^KS200,252.220001,yahoo,KRW,2026-06-05T09:03:38.313619+00:00
2011-12-06,^KS200,249.479996,yahoo,KRW,2026-06-05T09:03:38.313619+00:00
2011-12-07,^KS200,251.570007,yahoo,KRW,2026-06-05T09:03:38.313619+00:00
2011-12-08,^KS200,250.309998,yahoo,KRW,2026-06-05T09:03:38.313619+00:00
2011-12-09,^KS200,244.929993,yahoo,KRW,2026-06-05T09:03:38.313619+00:00
2011-12-12,^KS200,248.550003,yahoo,KRW,2026-06-05T09:03:38.313619+00:00
2011-12-13,^KS200,243.479996,yahoo,KRW,2026-06-05T09:03:38.313619+00:00
2011-12-14,^KS200,242.350006,yahoo,KRW,2026-06-05T09:03:38.313619+00:00
2011-12-15,^KS200,236.720001,yahoo,KRW,2026-06-05T09:03:38.313619+00:00
2011-12-16,^KS200,239.820007,yahoo,KRW,2026-06-05T09:03:38.313619+00:00
2011-12-19,^KS200,231.740005,yahoo,KRW,2026-06-05T09:03:38.313619+00:00
2011-12-20,^KS200,233.830002,yahoo,KRW,2026-06-05T09:03:38.313619+00:00
2011-12-21,^KS200,241.509995,yahoo,KRW,2026-06-05T09:03:38.313619+00:00
2011-12-22,^KS200,241.399994,yahoo,KRW,2026-06-05T09:03:38.313619+00:00
2011-12-23,^KS200,244.220001,yahoo,KRW,2026-06-05T09:03:38.313619+00:00
2011-12-27,^KS200,240.789993,yahoo,KRW,2026-06-05T09:03:38.313619+00:00
2011-12-28,^KS200,238.149994,yahoo,KRW,2026-06-05T09:03:38.313619+00:00
2011-12-29,^KS200,238.080002,yahoo,KRW,2026-06-05T09:03:38.313619+00:00
2012-01-03,^KS200,245.820007,yahoo,KRW,2026-06-05T09:03:38.313619+00:00
2012-01-04,^KS200,244.240005,yahoo,KRW,2026-06-05T09:03:38.313619+00:00
2012-01-05,^KS200,243.559998,yahoo,KRW,2026-06-05T09:03:38.313619+00:00
2012-01-06,^KS200,240.570007,yahoo,KRW,2026-06-05T09:03:38.313619+00:00
2012-01-09,^KS200,238.020004,yahoo,KRW,2026-06-05T09:03:38.313619+00:00
2012-01-10,^KS200,241.690002,yahoo,KRW,2026-06-05T09:03:38.313619+00:00
2012-01-11,^KS200,240.830002,yahoo,KRW,2026-06-05T09:03:38.313619+00:00
2012-01-12,^KS200,243.460007,yahoo,KRW,2026-06-05T09:03:38.313619+00:00
2012-01-13,^KS200,245.279999,yahoo,KRW,2026-06-05T09:03:38.313619+00:00
2012-01-17,^KS200,247.809998,yahoo,KRW,2026-06-05T09:03:38.313619+00:00
2012-01-18,^KS200,247.820007,yahoo,KRW,2026-06-05T09:03:38.313619+00:00
2012-01-19,^KS200,251.270004,yahoo,KRW,2026-06-05T09:03:38.313619+00:00
2012-01-20,^KS200,256.609985,yahoo,KRW,2026-06-05T09:03:38.313619+00:00
2012-01-25,^KS200,257.140015,yahoo,KRW,2026-06-05T09:03:38.313619+00:00
2012-01-26,^KS200,257.519989,yahoo,KRW,2026-06-05T09:03:38.313619+00:00
2012-01-27,^KS200,258.649994,yahoo,KRW,2026-06-05T09:03:38.313619+00:00
2012-01-30,^KS200,255.210007,yahoo,KRW,2026-06-05T09:03:38.313619+00:00
2012-01-31,^KS200,256.899994,yahoo,KRW,2026-06-05T09:03:38.313619+00:00
2012-02-01,^KS200,257.059998,yahoo,KRW,2026-06-05T09:03:38.313619+00:00
2012-02-02,^KS200,260.350006,yahoo,KRW,2026-06-05T09:03:38.313619+00:00
2012-02-03,^KS200,258.529999,yahoo,KRW,2026-06-05T09:03:38.313619+00:00
2012-02-06,^KS200,258.929993,yahoo,KRW,2026-06-05T09:03:38.313619+00:00
2012-02-07,^KS200,259.799988,yahoo,KRW,2026-06-05T09:03:38.313619+00:00
2012-02-08,^KS200,262.940002,yahoo,KRW,2026-06-05T09:03:38.313619+00:00
2012-02-09,^KS200,264.5,yahoo,KRW,2026-06-05T09:03:38.313619+00:00
2012-02-10,^KS200,261.170013,yahoo,KRW,2026-06-05T09:03:38.313619+00:00
2012-02-13,^KS200,262.75,yahoo,KRW,2026-06-05T09:03:38.313619+00:00
2012-02-14,^KS200,262.380005,yahoo,KRW,2026-06-05T09:03:38.313619+00:00
2012-02-15,^KS200,265.880005,yahoo,KRW,2026-06-05T09:03:38.313619+00:00
2012-02-16,^KS200,261.890015,yahoo,KRW,2026-06-05T09:03:38.313619+00:00
2012-02-17,^KS200,265.820007,yahoo,KRW,2026-06-05T09:03:38.313619+00:00
2012-02-20,^KS200,265.950012,yahoo,KRW,2026-06-05T09:03:38.313619+00:00
2012-02-21,^KS200,265.890015,yahoo,KRW,2026-06-05T09:03:38.313619+00:00
2012-02-22,^KS200,266.630005,yahoo,KRW,2026-06-05T09:03:38.313619+00:00
2012-02-23,^KS200,263.579987,yahoo,KRW,2026-06-05T09:03:38.313619+00:00
2012-02-24,^KS200,265.200012,yahoo,KRW,2026-06-05T09:03:38.313619+00:00
2012-02-27,^KS200,261.299988,yahoo,KRW,2026-06-05T09:03:38.313619+00:00
2012-02-28,^KS200,263.450012,yahoo,KRW,2026-06-05T09:03:38.313619+00:00
2012-02-29,^KS200,267.130005,yahoo,KRW,2026-06-05T09:03:38.313619+00:00
2012-03-02,^KS200,267.450012,yahoo,KRW,2026-06-05T09:03:38.313619+00:00
2012-03-05,^KS200,264.75,yahoo,KRW,2026-06-05T09:03:38.313619+00:00
2012-03-06,^KS200,262.850006,yahoo,KRW,2026-06-05T09:03:38.313619+00:00
2012-03-07,^KS200,260.350006,yahoo,KRW,2026-06-05T09:03:38.313619+00:00
2012-03-08,^KS200,262.850006,yahoo,KRW,2026-06-05T09:03:38.313619+00:00
2012-03-09,^KS200,265.619995,yahoo,KRW,2026-06-05T09:03:38.313619+00:00
2012-03-12,^KS200,263.73999,yahoo,KRW,2026-06-05T09:03:38.313619+00:00
2012-03-13,^KS200,266.899994,yahoo,KRW,2026-06-05T09:03:38.313619+00:00
2012-03-14,^KS200,269.850006,yahoo,KRW,2026-06-05T09:03:38.313619+00:00
2012-03-15,^KS200,269.76001,yahoo,KRW,2026-06-05T09:03:38.313619+00:00
2012-03-16,^KS200,268.269989,yahoo,KRW,2026-06-05T09:03:38.313619+00:00
2012-03-19,^KS200,270.269989,yahoo,KRW,2026-06-05T09:03:38.313619+00:00
2012-03-20,^KS200,269.679993,yahoo,KRW,2026-06-05T09:03:38.313619+00:00
2012-03-21,^KS200,267.790009,yahoo,KRW,2026-06-05T09:03:38.313619+00:00
2012-03-22,^KS200,267.980011,yahoo,KRW,2026-06-05T09:03:38.313619+00:00
2012-03-23,^KS200,267.950012,yahoo,KRW,2026-06-05T09:03:38.313619+00:00
2012-03-26,^KS200,267.410004,yahoo,KRW,2026-06-05T09:03:38.313619+00:00
2012-03-27,^KS200,270.709991,yahoo,KRW,2026-06-05T09:03:38.313619+00:00
2012-03-28,^KS200,269.640015,yahoo,KRW,2026-06-05T09:03:38.313619+00:00
2012-03-29,^KS200,267.130005,yahoo,KRW,2026-06-05T09:03:38.313619+00:00
2012-03-30,^KS200,266.579987,yahoo,KRW,2026-06-05T09:03:38.313619+00:00
2012-04-02,^KS200,268.98999,yahoo,KRW,2026-06-05T09:03:38.313619+00:00
2012-04-03,^KS200,272.459991,yahoo,KRW,2026-06-05T09:03:38.313619+00:00
2012-04-04,^KS200,268.329987,yahoo,KRW,2026-06-05T09:03:38.313619+00:00
2012-04-10,^KS200,265.380005,yahoo,KRW,2026-06-05T09:03:38.313619+00:00
2012-04-12,^KS200,263.950012,yahoo,KRW,2026-06-05T09:03:38.313619+00:00
2012-04-13,^KS200,266.859985,yahoo,KRW,2026-06-05T09:03:38.313619+00:00
2012-04-16,^KS200,264.48999,yahoo,KRW,2026-06-05T09:03:38.313619+00:00
2012-04-17,^KS200,263.320007,yahoo,KRW,2026-06-05T09:03:38.313619+00:00
2012-04-18,^KS200,266.220001,yahoo,KRW,2026-06-05T09:03:38.313619+00:00
2012-04-19,^KS200,265.579987,yahoo,KRW,2026-06-05T09:03:38.313619+00:00
2012-04-20,^KS200,261.839996,yahoo,KRW,2026-06-05T09:03:38.313619+00:00
2012-04-23,^KS200,261.660004,yahoo,KRW,2026-06-05T09:03:38.313619+00:00
2012-04-24,^KS200,260.76001,yahoo,KRW,2026-06-05T09:03:38.313619+00:00
2012-04-25,^KS200,260.820007,yahoo,KRW,2026-06-05T09:03:38.313619+00:00
2012-04-26,^KS200,261.51001,yahoo,KRW,2026-06-05T09:03:38.313619+00:00
2012-04-27,^KS200,263.429993,yahoo,KRW,2026-06-05T09:03:38.313619+00:00
2012-04-30,^KS200,264.350006,yahoo,KRW,2026-06-05T09:03:38.313619+00:00
2012-05-02,^KS200,266.609985,yahoo,KRW,2026-06-05T09:03:38.313619+00:00
2012-05-03,^KS200,266.049988,yahoo,KRW,2026-06-05T09:03:38.313619+00:00
2012-05-04,^KS200,264.399994,yahoo,KRW,2026-06-05T09:03:38.313619+00:00
2012-05-07,^KS200,259.730011,yahoo,KRW,2026-06-05T09:03:38.313619+00:00
2012-05-08,^KS200,261.119995,yahoo,KRW,2026-06-05T09:03:38.313619+00:00
2012-05-09,^KS200,258.790009,yahoo,KRW,2026-06-05T09:03:38.313619+00:00
2012-05-10,^KS200,257.890015,yahoo,KRW,2026-06-05T09:03:38.313619+00:00
2012-05-11,^KS200,254.0,yahoo,KRW,2026-06-05T09:03:38.313619+00:00
2012-05-14,^KS200,254.110001,yahoo,KRW,2026-06-05T09:03:38.313619+00:00
2012-05-15,^KS200,252.320007,yahoo,KRW,2026-06-05T09:03:38.313619+00:00
2012-05-16,^KS200,243.929993,yahoo,KRW,2026-06-05T09:03:38.313619+00:00
2012-05-17,^KS200,244.479996,yahoo,KRW,2026-06-05T09:03:38.313619+00:00
2012-05-18,^KS200,235.850006,yahoo,KRW,2026-06-05T09:03:38.313619+00:00
2012-05-21,^KS200,238.619995,yahoo,KRW,2026-06-05T09:03:38.313619+00:00
2012-05-22,^KS200,242.660004,yahoo,KRW,2026-06-05T09:03:38.313619+00:00
2012-05-23,^KS200,239.759995,yahoo,KRW,2026-06-05T09:03:38.313619+00:00
2012-05-24,^KS200,240.509995,yahoo,KRW,2026-06-05T09:03:38.313619+00:00
2012-05-25,^KS200,241.600006,yahoo,KRW,2026-06-05T09:03:38.313619+00:00
2012-05-29,^KS200,245.259995,yahoo,KRW,2026-06-05T09:03:38.313619+00:00
2012-05-30,^KS200,244.679993,yahoo,KRW,2026-06-05T09:03:38.313619+00:00
2012-05-31,^KS200,244.050003,yahoo,KRW,2026-06-05T09:03:38.313619+00:00
2012-06-01,^KS200,242.979996,yahoo,KRW,2026-06-05T09:03:38.313619+00:00
2012-06-04,^KS200,236.300003,yahoo,KRW,2026-06-05T09:03:38.313619+00:00
2012-06-05,^KS200,238.789993,yahoo,KRW,2026-06-05T09:03:38.313619+00:00
2012-06-07,^KS200,245.509995,yahoo,KRW,2026-06-05T09:03:38.313619+00:00
2012-06-08,^KS200,243.690002,yahoo,KRW,2026-06-05T09:03:38.313619+00:00
2012-06-11,^KS200,248.300003,yahoo,KRW,2026-06-05T09:03:38.313619+00:00
2012-06-12,^KS200,246.429993,yahoo,KRW,2026-06-05T09:03:38.313619+00:00
2012-06-13,^KS200,247.080002,yahoo,KRW,2026-06-05T09:03:38.313619+00:00
2012-06-14,^KS200,248.619995,yahoo,KRW,2026-06-05T09:03:38.313619+00:00
2012-06-15,^KS200,246.570007,yahoo,KRW,2026-06-05T09:03:38.313619+00:00
2012-06-18,^KS200,251.369995,yahoo,KRW,2026-06-05T09:03:38.313619+00:00
2012-06-19,^KS200,251.309998,yahoo,KRW,2026-06-05T09:03:38.313619+00:00
2012-06-20,^KS200,252.919998,yahoo,KRW,2026-06-05T09:03:38.313619+00:00
2012-06-21,^KS200,250.460007,yahoo,KRW,2026-06-05T09:03:38.313619+00:00
2012-06-22,^KS200,244.149994,yahoo,KRW,2026-06-05T09:03:38.313619+00:00
2012-06-25,^KS200,240.75,yahoo,KRW,2026-06-05T09:03:38.313619+00:00
2012-06-26,^KS200,239.679993,yahoo,KRW,2026-06-05T09:03:38.313619+00:00
2012-06-27,^KS200,239.850006,yahoo,KRW,2026-06-05T09:03:38.313619+00:00
2012-06-28,^KS200,239.979996,yahoo,KRW,2026-06-05T09:03:38.313619+00:00
2012-06-29,^KS200,244.899994,yahoo,KRW,2026-06-05T09:03:38.313619+00:00
2012-07-02,^KS200,244.460007,yahoo,KRW,2026-06-05T09:03:38.313619+00:00
2012-07-03,^KS200,246.800003,yahoo,KRW,2026-06-05T09:03:38.313619+00:00
2012-07-05,^KS200,247.669998,yahoo,KRW,2026-06-05T09:03:38.313619+00:00
2012-07-06,^KS200,245.070007,yahoo,KRW,2026-06-05T09:03:38.313619+00:00
2012-07-09,^KS200,241.729996,yahoo,KRW,2026-06-05T09:03:38.313619+00:00
2012-07-10,^KS200,240.880005,yahoo,KRW,2026-06-05T09:03:38.313619+00:00
2012-07-11,^KS200,240.339996,yahoo,KRW,2026-06-05T09:03:38.313619+00:00
2012-07-12,^KS200,234.660004,yahoo,KRW,2026-06-05T09:03:38.313619+00:00
2012-07-13,^KS200,238.770004,yahoo,KRW,2026-06-05T09:03:38.313619+00:00
2012-07-16,^KS200,239.389999,yahoo,KRW,2026-06-05T09:03:38.313619+00:00
2012-07-17,^KS200,240.190002,yahoo,KRW,2026-06-05T09:03:38.313619+00:00
2012-07-18,^KS200,236.419998,yahoo,KRW,2026-06-05T09:03:38.313619+00:00
2012-07-19,^KS200,240.440002,yahoo,KRW,2026-06-05T09:03:38.313619+00:00
2012-07-20,^KS200,240.350006,yahoo,KRW,2026-06-05T09:03:38.313619+00:00
2012-07-23,^KS200,235.75,yahoo,KRW,2026-06-05T09:03:38.313619+00:00
2012-07-24,^KS200,236.649994,yahoo,KRW,2026-06-05T09:03:38.313619+00:00
2012-07-25,^KS200,233.490005,yahoo,KRW,2026-06-05T09:03:38.313619+00:00
2012-07-26,^KS200,235.330002,yahoo,KRW,2026-06-05T09:03:38.313619+00:00
2012-07-27,^KS200,242.229996,yahoo,KRW,2026-06-05T09:03:38.313619+00:00
2012-07-31,^KS200,250.080002,yahoo,KRW,2026-06-05T09:03:38.313619+00:00
2012-08-01,^KS200,249.600006,yahoo,KRW,2026-06-05T09:03:38.313619+00:00
2012-08-02,^KS200,247.899994,yahoo,KRW,2026-06-05T09:03:38.313619+00:00
2012-08-03,^KS200,244.809998,yahoo,KRW,2026-06-05T09:03:38.313619+00:00
2012-08-06,^KS200,250.360001,yahoo,KRW,2026-06-05T09:03:38.313619+00:00
2012-08-07,^KS200,250.389999,yahoo,KRW,2026-06-05T09:03:38.313619+00:00
2012-08-08,^KS200,252.839996,yahoo,KRW,2026-06-05T09:03:38.313619+00:00
2012-08-09,^KS200,258.079987,yahoo,KRW,2026-06-05T09:03:38.313619+00:00
2012-08-10,^KS200,258.910004,yahoo,KRW,2026-06-05T09:03:38.313619+00:00
2012-08-13,^KS200,256.649994,yahoo,KRW,2026-06-05T09:03:38.313619+00:00
2012-08-14,^KS200,260.109985,yahoo,KRW,2026-06-05T09:03:38.313619+00:00
2012-08-16,^KS200,260.079987,yahoo,KRW,2026-06-05T09:03:38.313619+00:00
2012-08-17,^KS200,258.200012,yahoo,KRW,2026-06-05T09:03:38.313619+00:00
2012-08-20,^KS200,258.029999,yahoo,KRW,2026-06-05T09:03:38.313619+00:00
2012-08-21,^KS200,257.5,yahoo,KRW,2026-06-05T09:03:38.313619+00:00
2012-08-22,^KS200,256.209991,yahoo,KRW,2026-06-05T09:03:38.313619+00:00
2012-08-23,^KS200,257.279999,yahoo,KRW,2026-06-05T09:03:38.313619+00:00
2012-08-24,^KS200,253.729996,yahoo,KRW,2026-06-05T09:03:38.313619+00:00
2012-08-27,^KS200,252.770004,yahoo,KRW,2026-06-05T09:03:38.313619+00:00
2012-08-28,^KS200,252.570007,yahoo,KRW,2026-06-05T09:03:38.313619+00:00
2012-08-29,^KS200,254.220001,yahoo,KRW,2026-06-05T09:03:38.313619+00:00
2012-08-30,^KS200,250.960007,yahoo,KRW,2026-06-05T09:03:38.313619+00:00
2012-08-31,^KS200,250.559998,yahoo,KRW,2026-06-05T09:03:38.313619+00:00
2012-09-04,^KS200,250.559998,yahoo,KRW,2026-06-05T09:03:38.313619+00:00
2012-09-05,^KS200,245.75,yahoo,KRW,2026-06-05T09:03:38.313619+00:00
2012-09-06,^KS200,246.789993,yahoo,KRW,2026-06-05T09:03:38.313619+00:00
2012-09-07,^KS200,254.020004,yahoo,KRW,2026-06-05T09:03:38.313619+00:00
2012-09-10,^KS200,253.380005,yahoo,KRW,2026-06-05T09:03:38.313619+00:00
2012-09-11,^KS200,252.729996,yahoo,KRW,2026-06-05T09:03:38.313619+00:00
2012-09-12,^KS200,256.950012,yahoo,KRW,2026-06-05T09:03:38.313619+00:00
2012-09-13,^KS200,256.869995,yahoo,KRW,2026-06-05T09:03:38.313619+00:00
2012-09-14,^KS200,265.019989,yahoo,KRW,2026-06-05T09:03:38.313619+00:00
2012-09-17,^KS200,263.970001,yahoo,KRW,2026-06-05T09:03:38.313619+00:00
2012-09-18,^KS200,264.25,yahoo,KRW,2026-06-05T09:03:38.313619+00:00
2012-09-19,^KS200,264.440002,yahoo,KRW,2026-06-05T09:03:38.313619+00:00
2012-09-20,^KS200,261.869995,yahoo,KRW,2026-06-05T09:03:38.313619+00:00
2012-09-21,^KS200,263.410004,yahoo,KRW,2026-06-05T09:03:38.313619+00:00
2012-09-24,^KS200,263.559998,yahoo,KRW,2026-06-05T09:03:38.313619+00:00
2012-09-25,^KS200,262.029999,yahoo,KRW,2026-06-05T09:03:38.313619+00:00
2012-09-26,^KS200,260.420013,yahoo,KRW,2026-06-05T09:03:38.313619+00:00
2012-09-27,^KS200,261.619995,yahoo,KRW,2026-06-05T09:03:38.313619+00:00
2012-09-28,^KS200,262.48999,yahoo,KRW,2026-06-05T09:03:38.313619+00:00
2012-10-02,^KS200,262.480011,yahoo,KRW,2026-06-05T09:03:38.313619+00:00
2012-10-04,^KS200,261.920013,yahoo,KRW,2026-06-05T09:03:38.313619+00:00
2012-10-05,^KS200,262.070007,yahoo,KRW,2026-06-05T09:03:38.313619+00:00
2012-10-08,^KS200,260.109985,yahoo,KRW,2026-06-05T09:03:38.313619+00:00
2012-10-09,^KS200,259.660004,yahoo,KRW,2026-06-05T09:03:38.313619+00:00
2012-10-10,^KS200,255.149994,yahoo,KRW,2026-06-05T09:03:38.313619+00:00
2012-10-11,^KS200,252.839996,yahoo,KRW,2026-06-05T09:03:38.313619+00:00
2012-10-12,^KS200,252.440002,yahoo,KRW,2026-06-05T09:03:38.313619+00:00
2012-10-15,^KS200,251.440002,yahoo,KRW,2026-06-05T09:03:38.313619+00:00
2012-10-16,^KS200,253.979996,yahoo,KRW,2026-06-05T09:03:38.313619+00:00
2012-10-17,^KS200,256.059998,yahoo,KRW,2026-06-05T09:03:38.313619+00:00
2012-10-18,^KS200,257.269989,yahoo,KRW,2026-06-05T09:03:38.313619+00:00
2012-10-19,^KS200,254.789993,yahoo,KRW,2026-06-05T09:03:38.313619+00:00
2012-10-22,^KS200,254.220001,yahoo,KRW,2026-06-05T09:03:38.313619+00:00
2012-10-23,^KS200,251.860001,yahoo,KRW,2026-06-05T09:03:38.313619+00:00
2012-10-24,^KS200,249.800003,yahoo,KRW,2026-06-05T09:03:38.313619+00:00
2012-10-25,^KS200,251.720001,yahoo,KRW,2026-06-05T09:03:38.313619+00:00
2012-10-26,^KS200,247.179993,yahoo,KRW,2026-06-05T09:03:38.313619+00:00
2012-10-29,^KS200,247.660004,yahoo,KRW,2026-06-05T09:03:38.313619+00:00
2012-10-30,^KS200,248.520004,yahoo,KRW,2026-06-05T09:03:38.313619+00:00
2012-10-31,^KS200,250.179993,yahoo,KRW,2026-06-05T09:03:38.313619+00:00
2012-11-01,^KS200,247.830002,yahoo,KRW,2026-06-05T09:03:38.313619+00:00
2012-11-02,^KS200,251.039993,yahoo,KRW,2026-06-05T09:03:38.313619+00:00
2012-11-05,^KS200,249.5,yahoo,KRW,2026-06-05T09:03:38.313619+00:00
2012-11-06,^KS200,252.300003,yahoo,KRW,2026-06-05T09:03:38.313619+00:00
2012-11-07,^KS200,253.699997,yahoo,KRW,2026-06-05T09:03:38.313619+00:00
2012-11-08,^KS200,250.130005,yahoo,KRW,2026-06-05T09:03:38.313619+00:00
2012-11-09,^KS200,248.690002,yahoo,KRW,2026-06-05T09:03:38.313619+00:00
2012-11-12,^KS200,248.179993,yahoo,KRW,2026-06-05T09:03:38.313619+00:00
2012-11-13,^KS200,246.899994,yahoo,KRW,2026-06-05T09:03:38.313619+00:00
2012-11-14,^KS200,247.800003,yahoo,KRW,2026-06-05T09:03:38.313619+00:00
2012-11-15,^KS200,244.639999,yahoo,KRW,2026-06-05T09:03:38.313619+00:00
2012-11-16,^KS200,243.449997,yahoo,KRW,2026-06-05T09:03:38.313619+00:00
2012-11-19,^KS200,245.820007,yahoo,KRW,2026-06-05T09:03:38.313619+00:00
2012-11-20,^KS200,247.720001,yahoo,KRW,2026-06-05T09:03:38.313619+00:00
2012-11-21,^KS200,247.020004,yahoo,KRW,2026-06-05T09:03:38.313619+00:00
2012-11-23,^KS200,251.440002,yahoo,KRW,2026-06-05T09:03:38.313619+00:00
2012-11-26,^KS200,250.729996,yahoo,KRW,2026-06-05T09:03:38.313619+00:00
2012-11-27,^KS200,253.410004,yahoo,KRW,2026-06-05T09:03:38.313619+00:00
2012-11-28,^KS200,251.720001,yahoo,KRW,2026-06-05T09:03:38.313619+00:00
2012-11-29,^KS200,254.729996,yahoo,KRW,2026-06-05T09:03:38.313619+00:00
2012-11-30,^KS200,254.25,yahoo,KRW,2026-06-05T09:03:38.313619+00:00
2012-12-03,^KS200,255.570007,yahoo,KRW,2026-06-05T09:03:38.313619+00:00
2012-12-04,^KS200,254.830002,yahoo,KRW,2026-06-05T09:03:38.313619+00:00
2012-12-05,^KS200,256.630005,yahoo,KRW,2026-06-05T09:03:38.313619+00:00
2012-12-06,^KS200,257.269989,yahoo,KRW,2026-06-05T09:03:38.313619+00:00
2012-12-07,^KS200,258.779999,yahoo,KRW,2026-06-05T09:03:38.313619+00:00
2012-12-10,^KS200,259.029999,yahoo,KRW,2026-06-05T09:03:38.313619+00:00
2012-12-11,^KS200,260.119995,yahoo,KRW,2026-06-05T09:03:38.313619+00:00
2012-12-12,^KS200,261.670013,yahoo,KRW,2026-06-05T09:03:38.313619+00:00
2012-12-13,^KS200,265.790009,yahoo,KRW,2026-06-05T09:03:38.313619+00:00
2012-12-14,^KS200,264.559998,yahoo,KRW,2026-06-05T09:03:38.313619+00:00
2012-12-17,^KS200,262.76001,yahoo,KRW,2026-06-05T09:03:38.313619+00:00
2012-12-18,^KS200,264.230011,yahoo,KRW,2026-06-05T09:03:38.313619+00:00
2012-12-20,^KS200,264.779999,yahoo,KRW,2026-06-05T09:03:38.313619+00:00
2012-12-21,^KS200,261.890015,yahoo,KRW,2026-06-05T09:03:38.313619+00:00
2012-12-24,^KS200,262.109985,yahoo,KRW,2026-06-05T09:03:38.313619+00:00
2012-12-27,^KS200,262.679993,yahoo,KRW,2026-06-05T09:03:38.313619+00:00
2012-12-28,^KS200,263.920013,yahoo,KRW,2026-06-05T09:03:38.313619+00:00
2013-01-02,^KS200,269.160004,yahoo,KRW,2026-06-05T09:03:38.313619+00:00
2013-01-03,^KS200,267.519989,yahoo,KRW,2026-06-05T09:03:38.313619+00:00
2013-01-04,^KS200,266.140015,yahoo,KRW,2026-06-05T09:03:38.313619+00:00
2013-01-07,^KS200,265.970001,yahoo,KRW,2026-06-05T09:03:38.313619+00:00
2013-01-08,^KS200,263.950012,yahoo,KRW,2026-06-05T09:03:38.313619+00:00
2013-01-09,^KS200,262.899994,yahoo,KRW,2026-06-05T09:03:38.313619+00:00
2013-01-10,^KS200,264.950012,yahoo,KRW,2026-06-05T09:03:38.313619+00:00
2013-01-11,^KS200,263.320007,yahoo,KRW,2026-06-05T09:03:38.313619+00:00
2013-01-14,^KS200,264.799988,yahoo,KRW,2026-06-05T09:03:38.313619+00:00
2013-01-15,^KS200,261.429993,yahoo,KRW,2026-06-05T09:03:38.313619+00:00
2013-01-16,^KS200,260.48999,yahoo,KRW,2026-06-05T09:03:38.313619+00:00
2013-01-17,^KS200,260.100006,yahoo,KRW,2026-06-05T09:03:38.313619+00:00
2013-01-18,^KS200,261.709991,yahoo,KRW,2026-06-05T09:03:38.313619+00:00
2013-01-21,^KS200,261.299988,yahoo,KRW,2026-06-05T09:03:38.313619+00:00
2013-01-22,^KS200,262.910004,yahoo,KRW,2026-06-05T09:03:38.313619+00:00
2013-01-23,^KS200,261.100006,yahoo,KRW,2026-06-05T09:03:38.313619+00:00
2013-01-24,^KS200,258.73999,yahoo,KRW,2026-06-05T09:03:38.313619+00:00
2013-01-25,^KS200,256.059998,yahoo,KRW,2026-06-05T09:03:38.313619+00:00
2013-01-28,^KS200,254.660004,yahoo,KRW,2026-06-05T09:03:38.313619+00:00
2013-01-29,^KS200,257.220001,yahoo,KRW,2026-06-05T09:03:38.313619+00:00
2013-01-30,^KS200,258.470001,yahoo,KRW,2026-06-05T09:03:38.313619+00:00
2013-01-31,^KS200,258.070007,yahoo,KRW,2026-06-05T09:03:38.313619+00:00
2013-02-01,^KS200,257.640015,yahoo,KRW,2026-06-05T09:03:38.313619+00:00
2013-02-04,^KS200,256.890015,yahoo,KRW,2026-06-05T09:03:38.313619+00:00
2013-02-05,^KS200,254.820007,yahoo,KRW,2026-06-05T09:03:38.313619+00:00
2013-02-06,^KS200,254.309998,yahoo,KRW,2026-06-05T09:03:38.313619+00:00
2013-02-07,^KS200,254.0,yahoo,KRW,2026-06-05T09:03:38.313619+00:00
2013-02-08,^KS200,257.089996,yahoo,KRW,2026-06-05T09:03:38.313619+00:00
2013-02-12,^KS200,256.649994,yahoo,KRW,2026-06-05T09:03:38.313619+00:00
2013-02-13,^KS200,260.920013,yahoo,KRW,2026-06-05T09:03:38.313619+00:00
2013-02-14,^KS200,261.440002,yahoo,KRW,2026-06-05T09:03:38.313619+00:00
2013-02-15,^KS200,261.609985,yahoo,KRW,2026-06-05T09:03:38.313619+00:00
2013-02-18,^KS200,261.630005,yahoo,KRW,2026-06-05T09:03:38.313619+00:00
2013-02-20,^KS200,268.070007,yahoo,KRW,2026-06-05T09:03:38.313619+00:00
2013-02-21,^KS200,266.850006,yahoo,KRW,2026-06-05T09:03:38.313619+00:00
2013-02-22,^KS200,267.149994,yahoo,KRW,2026-06-05T09:03:38.313619+00:00
2013-02-25,^KS200,266.01001,yahoo,KRW,2026-06-05T09:03:38.313619+00:00
2013-02-26,^KS200,264.679993,yahoo,KRW,2026-06-05T09:03:38.313619+00:00
2013-02-27,^KS200,265.040009,yahoo,KRW,2026-06-05T09:03:38.313619+00:00
2013-02-28,^KS200,268.01001,yahoo,KRW,2026-06-05T09:03:38.313619+00:00
2013-03-04,^KS200,266.140015,yahoo,KRW,2026-06-05T09:03:38.313619+00:00
2013-03-05,^KS200,266.540009,yahoo,KRW,2026-06-05T09:03:38.313619+00:00
2013-03-06,^KS200,267.25,yahoo,KRW,2026-06-05T09:03:38.313619+00:00
2013-03-07,^KS200,264.779999,yahoo,KRW,2026-06-05T09:03:38.313619+00:00
2013-03-08,^KS200,264.570007,yahoo,KRW,2026-06-05T09:03:38.313619+00:00
2013-03-11,^KS200,264.149994,yahoo,KRW,2026-06-05T09:03:38.313619+00:00
2013-03-12,^KS200,262.429993,yahoo,KRW,2026-06-05T09:03:38.313619+00:00
2013-03-13,^KS200,263.329987,yahoo,KRW,2026-06-05T09:03:38.313619+00:00
2013-03-14,^KS200,263.369995,yahoo,KRW,2026-06-05T09:03:38.313619+00:00
2013-03-15,^KS200,260.839996,yahoo,KRW,2026-06-05T09:03:38.313619+00:00
2013-03-18,^KS200,258.299988,yahoo,KRW,2026-06-05T09:03:38.313619+00:00
2013-03-19,^KS200,259.790009,yahoo,KRW,2026-06-05T09:03:38.313619+00:00
2013-03-20,^KS200,257.040009,yahoo,KRW,2026-06-05T09:03:38.313619+00:00
2013-03-21,^KS200,255.820007,yahoo,KRW,2026-06-05T09:03:38.313619+00:00
2013-03-22,^KS200,255.330002,yahoo,KRW,2026-06-05T09:03:38.313619+00:00
2013-03-25,^KS200,259.579987,yahoo,KRW,2026-06-05T09:03:38.313619+00:00
2013-03-26,^KS200,260.540009,yahoo,KRW,2026-06-05T09:03:38.313619+00:00
2013-03-27,^KS200,261.859985,yahoo,KRW,2026-06-05T09:03:38.313619+00:00
2013-03-28,^KS200,261.859985,yahoo,KRW,2026-06-05T09:03:38.313619+00:00
2013-04-02,^KS200,260.790009,yahoo,KRW,2026-06-05T09:03:38.313619+00:00
2013-04-03,^KS200,260.359985,yahoo,KRW,2026-06-05T09:03:38.313619+00:00
2013-04-04,^KS200,257.049988,yahoo,KRW,2026-06-05T09:03:38.313619+00:00
2013-04-05,^KS200,252.770004,yahoo,KRW,2026-06-05T09:03:38.313619+00:00
2013-04-08,^KS200,252.389999,yahoo,KRW,2026-06-05T09:03:38.313619+00:00
2013-04-09,^KS200,252.529999,yahoo,KRW,2026-06-05T09:03:38.313619+00:00
2013-04-10,^KS200,254.339996,yahoo,KRW,2026-06-05T09:03:38.313619+00:00
2013-04-11,^KS200,256.179993,yahoo,KRW,2026-06-05T09:03:38.313619+00:00
2013-04-12,^KS200,252.0,yahoo,KRW,2026-06-05T09:03:38.313619+00:00
2013-04-15,^KS200,251.509995,yahoo,KRW,2026-06-05T09:03:38.313619+00:00
2013-04-16,^KS200,251.779999,yahoo,KRW,2026-06-05T09:03:38.313619+00:00
2013-04-17,^KS200,251.509995,yahoo,KRW,2026-06-05T09:03:38.313619+00:00
2013-04-18,^KS200,247.850006,yahoo,KRW,2026-06-05T09:03:38.313619+00:00
2013-04-19,^KS200,248.770004,yahoo,KRW,2026-06-05T09:03:38.313619+00:00
2013-04-22,^KS200,251.460007,yahoo,KRW,2026-06-05T09:03:38.313619+00:00
2013-04-23,^KS200,250.009995,yahoo,KRW,2026-06-05T09:03:38.313619+00:00
2013-04-24,^KS200,252.0,yahoo,KRW,2026-06-05T09:03:38.313619+00:00
2013-04-25,^KS200,254.490005,yahoo,KRW,2026-06-05T09:03:38.313619+00:00
2013-04-26,^KS200,253.039993,yahoo,KRW,2026-06-05T09:03:38.313619+00:00
2013-04-30,^KS200,255.720001,yahoo,KRW,2026-06-05T09:03:38.313619+00:00
2013-05-02,^KS200,254.919998,yahoo,KRW,2026-06-05T09:03:38.313619+00:00
2013-05-03,^KS200,256.019989,yahoo,KRW,2026-06-05T09:03:38.313619+00:00
2013-05-06,^KS200,255.199997,yahoo,KRW,2026-06-05T09:03:38.313619+00:00
2013-05-07,^KS200,253.839996,yahoo,KRW,2026-06-05T09:03:38.313619+00:00
2013-05-08,^KS200,254.020004,yahoo,KRW,2026-06-05T09:03:38.313619+00:00
2013-05-09,^KS200,257.529999,yahoo,KRW,2026-06-05T09:03:38.313619+00:00
2013-05-10,^KS200,252.720001,yahoo,KRW,2026-06-05T09:03:38.313619+00:00
2013-05-13,^KS200,253.289993,yahoo,KRW,2026-06-05T09:03:38.313619+00:00
2013-05-14,^KS200,256.290009,yahoo,KRW,2026-06-05T09:03:38.313619+00:00
2013-05-15,^KS200,256.600006,yahoo,KRW,2026-06-05T09:03:38.313619+00:00
2013-05-16,^KS200,258.98999,yahoo,KRW,2026-06-05T09:03:38.313619+00:00
2013-05-20,^KS200,258.600006,yahoo,KRW,2026-06-05T09:03:38.313619+00:00
2013-05-21,^KS200,258.179993,yahoo,KRW,2026-06-05T09:03:38.313619+00:00
2013-05-22,^KS200,260.190002,yahoo,KRW,2026-06-05T09:03:38.313619+00:00
2013-05-23,^KS200,256.660004,yahoo,KRW,2026-06-05T09:03:38.313619+00:00
2013-05-24,^KS200,257.320007,yahoo,KRW,2026-06-05T09:03:38.313619+00:00
2013-05-28,^KS200,258.589996,yahoo,KRW,2026-06-05T09:03:38.313619+00:00
2013-05-30,^KS200,261.209991,yahoo,KRW,2026-06-05T09:03:38.313619+00:00
2013-05-31,^KS200,261.470001,yahoo,KRW,2026-06-05T09:03:38.313619+00:00
2013-06-03,^KS200,260.290009,yahoo,KRW,2026-06-05T09:03:38.313619+00:00
2013-06-04,^KS200,260.540009,yahoo,KRW,2026-06-05T09:03:38.313619+00:00
2013-06-05,^KS200,256.51001,yahoo,KRW,2026-06-05T09:03:38.313619+00:00
2013-06-07,^KS200,251.199997,yahoo,KRW,2026-06-05T09:03:38.313619+00:00
2013-06-10,^KS200,252.199997,yahoo,KRW,2026-06-05T09:03:38.313619+00:00
2013-06-11,^KS200,250.190002,yahoo,KRW,2026-06-05T09:03:38.313619+00:00
2013-06-12,^KS200,248.5,yahoo,KRW,2026-06-05T09:03:38.313619+00:00
2013-06-13,^KS200,244.490005,yahoo,KRW,2026-06-05T09:03:38.313619+00:00
2013-06-14,^KS200,245.360001,yahoo,KRW,2026-06-05T09:03:38.313619+00:00
2013-06-17,^KS200,244.770004,yahoo,KRW,2026-06-05T09:03:38.313619+00:00
2013-06-18,^KS200,247.130005,yahoo,KRW,2026-06-05T09:03:38.313619+00:00
2013-06-19,^KS200,245.440002,yahoo,KRW,2026-06-05T09:03:38.313619+00:00
2013-06-20,^KS200,240.259995,yahoo,KRW,2026-06-05T09:03:38.313619+00:00
2013-06-21,^KS200,236.570007,yahoo,KRW,2026-06-05T09:03:38.313619+00:00
2013-06-24,^KS200,233.470001,yahoo,KRW,2026-06-05T09:03:38.313619+00:00
2013-06-25,^KS200,231.75,yahoo,KRW,2026-06-05T09:03:38.313619+00:00
2013-06-26,^KS200,231.520004,yahoo,KRW,2026-06-05T09:03:38.313619+00:00
2013-06-28,^KS200,242.270004,yahoo,KRW,2026-06-05T09:03:38.313619+00:00
2013-07-01,^KS200,241.050003,yahoo,KRW,2026-06-05T09:03:38.313619+00:00
2013-07-02,^KS200,240.800003,yahoo,KRW,2026-06-05T09:03:38.313619+00:00
2013-07-03,^KS200,236.630005,yahoo,KRW,2026-06-05T09:03:38.313619+00:00
2013-07-05,^KS200,237.279999,yahoo,KRW,2026-06-05T09:03:38.313619+00:00
2013-07-08,^KS200,235.119995,yahoo,KRW,2026-06-05T09:03:38.313619+00:00
2013-07-09,^KS200,236.940002,yahoo,KRW,2026-06-05T09:03:38.313619+00:00
2013-07-10,^KS200,236.229996,yahoo,KRW,2026-06-05T09:03:38.313619+00:00
2013-07-11,^KS200,243.880005,yahoo,KRW,2026-06-05T09:03:38.313619+00:00
2013-07-12,^KS200,242.720001,yahoo,KRW,2026-06-05T09:03:38.313619+00:00
2013-07-15,^KS200,243.429993,yahoo,KRW,2026-06-05T09:03:38.313619+00:00
2013-07-16,^KS200,242.020004,yahoo,KRW,2026-06-05T09:03:38.313619+00:00
2013-07-17,^KS200,244.820007,yahoo,KRW,2026-06-05T09:03:38.313619+00:00
2013-07-18,^KS200,242.919998,yahoo,KRW,2026-06-05T09:03:38.313619+00:00
2013-07-19,^KS200,242.029999,yahoo,KRW,2026-06-05T09:03:38.313619+00:00
2013-07-22,^KS200,243.179993,yahoo,KRW,2026-06-05T09:03:38.313619+00:00
2013-07-23,^KS200,246.630005,yahoo,KRW,2026-06-05T09:03:38.313619+00:00
2013-07-24,^KS200,247.839996,yahoo,KRW,2026-06-05T09:03:38.313619+00:00
2013-07-25,^KS200,247.710007,yahoo,KRW,2026-06-05T09:03:38.313619+00:00
2013-07-26,^KS200,247.800003,yahoo,KRW,2026-06-05T09:03:38.313619+00:00
2013-07-29,^KS200,246.529999,yahoo,KRW,2026-06-05T09:03:38.313619+00:00
2013-07-30,^KS200,248.779999,yahoo,KRW,2026-06-05T09:03:38.313619+00:00
2013-07-31,^KS200,247.990005,yahoo,KRW,2026-06-05T09:03:38.313619+00:00
2013-08-01,^KS200,248.889999,yahoo,KRW,2026-06-05T09:03:38.313619+00:00
2013-08-02,^KS200,249.330002,yahoo,KRW,2026-06-05T09:03:38.313619+00:00
2013-08-05,^KS200,248.25,yahoo,KRW,2026-06-05T09:03:38.313619+00:00
2013-08-06,^KS200,246.800003,yahoo,KRW,2026-06-05T09:03:38.313619+00:00
2013-08-07,^KS200,242.75,yahoo,KRW,2026-06-05T09:03:38.313619+00:00
2013-08-08,^KS200,243.389999,yahoo,KRW,2026-06-05T09:03:38.313619+00:00
2013-08-09,^KS200,243.130005,yahoo,KRW,2026-06-05T09:03:38.313619+00:00
2013-08-12,^KS200,243.779999,yahoo,KRW,2026-06-05T09:03:38.313619+00:00
2013-08-13,^KS200,248.199997,yahoo,KRW,2026-06-05T09:03:38.313619+00:00
2013-08-14,^KS200,249.820007,yahoo,KRW,2026-06-05T09:03:38.313619+00:00
2013-08-16,^KS200,249.229996,yahoo,KRW,2026-06-05T09:03:38.313619+00:00
2013-08-19,^KS200,248.889999,yahoo,KRW,2026-06-05T09:03:38.313619+00:00
2013-08-20,^KS200,245.130005,yahoo,KRW,2026-06-05T09:03:38.313619+00:00
2013-08-21,^KS200,242.490005,yahoo,KRW,2026-06-05T09:03:38.313619+00:00
2013-08-22,^KS200,240.369995,yahoo,KRW,2026-06-05T09:03:38.313619+00:00
2013-08-23,^KS200,243.369995,yahoo,KRW,2026-06-05T09:03:38.313619+00:00
2013-08-26,^KS200,245.710007,yahoo,KRW,2026-06-05T09:03:38.313619+00:00
2013-08-27,^KS200,245.710007,yahoo,KRW,2026-06-05T09:03:38.313619+00:00
2013-08-28,^KS200,245.669998,yahoo,KRW,2026-06-05T09:03:38.313619+00:00
2013-08-29,^KS200,248.860001,yahoo,KRW,2026-06-05T09:03:38.313619+00:00
2013-08-30,^KS200,251.740005,yahoo,KRW,2026-06-05T09:03:38.313619+00:00
2013-09-03,^KS200,252.050003,yahoo,KRW,2026-06-05T09:03:38.313619+00:00
2013-09-04,^KS200,252.149994,yahoo,KRW,2026-06-05T09:03:38.313619+00:00
2013-09-05,^KS200,254.619995,yahoo,KRW,2026-06-05T09:03:38.313619+00:00
2013-09-06,^KS200,255.25,yahoo,KRW,2026-06-05T09:03:38.313619+00:00
2013-09-09,^KS200,258.119995,yahoo,KRW,2026-06-05T09:03:38.313619+00:00
2013-09-10,^KS200,261.200012,yahoo,KRW,2026-06-05T09:03:38.313619+00:00
2013-09-11,^KS200,262.380005,yahoo,KRW,2026-06-05T09:03:38.313619+00:00
2013-09-12,^KS200,262.320007,yahoo,KRW,2026-06-05T09:03:38.313619+00:00
2013-09-13,^KS200,260.829987,yahoo,KRW,2026-06-05T09:03:38.313619+00:00
2013-09-16,^KS200,263.859985,yahoo,KRW,2026-06-05T09:03:38.313619+00:00
2013-09-17,^KS200,262.559998,yahoo,KRW,2026-06-05T09:03:38.313619+00:00
2013-09-23,^KS200,263.019989,yahoo,KRW,2026-06-05T09:03:38.313619+00:00
2013-09-24,^KS200,262.829987,yahoo,KRW,2026-06-05T09:03:38.313619+00:00
2013-09-25,^KS200,261.450012,yahoo,KRW,2026-06-05T09:03:38.313619+00:00
2013-09-26,^KS200,262.679993,yahoo,KRW,2026-06-05T09:03:38.313619+00:00
2013-09-27,^KS200,262.940002,yahoo,KRW,2026-06-05T09:03:38.313619+00:00
2013-09-30,^KS200,260.910004,yahoo,KRW,2026-06-05T09:03:38.313619+00:00
2013-10-01,^KS200,261.480011,yahoo,KRW,2026-06-05T09:03:38.313619+00:00
2013-10-02,^KS200,261.869995,yahoo,KRW,2026-06-05T09:03:38.313619+00:00
2013-10-04,^KS200,261.779999,yahoo,KRW,2026-06-05T09:03:38.313619+00:00
2013-10-07,^KS200,261.850006,yahoo,KRW,2026-06-05T09:03:38.313619+00:00
2013-10-08,^KS200,263.140015,yahoo,KRW,2026-06-05T09:03:38.313619+00:00
2013-10-10,^KS200,262.899994,yahoo,KRW,2026-06-05T09:03:38.313619+00:00
2013-10-11,^KS200,266.350006,yahoo,KRW,2026-06-05T09:03:38.313619+00:00
2013-10-14,^KS200,265.809998,yahoo,KRW,2026-06-05T09:03:38.313619+00:00
2013-10-15,^KS200,269.019989,yahoo,KRW,2026-06-05T09:03:38.313619+00:00
2013-10-16,^KS200,268.25,yahoo,KRW,2026-06-05T09:03:38.313619+00:00
2013-10-17,^KS200,269.589996,yahoo,KRW,2026-06-05T09:03:38.313619+00:00
2013-10-18,^KS200,271.23999,yahoo,KRW,2026-06-05T09:03:38.313619+00:00
2013-10-21,^KS200,271.220001,yahoo,KRW,2026-06-05T09:03:38.313619+00:00
2013-10-22,^KS200,271.109985,yahoo,KRW,2026-06-05T09:03:38.313619+00:00
2013-10-23,^KS200,268.029999,yahoo,KRW,2026-06-05T09:03:38.313619+00:00
2013-10-24,^KS200,269.359985,yahoo,KRW,2026-06-05T09:03:38.313619+00:00
2013-10-25,^KS200,267.51001,yahoo,KRW,2026-06-05T09:03:38.313619+00:00
2013-10-28,^KS200,269.73999,yahoo,KRW,2026-06-05T09:03:38.313619+00:00
2013-10-29,^KS200,270.279999,yahoo,KRW,2026-06-05T09:03:38.313619+00:00
2013-10-30,^KS200,271.440002,yahoo,KRW,2026-06-05T09:03:38.313619+00:00
2013-10-31,^KS200,266.910004,yahoo,KRW,2026-06-05T09:03:38.313619+00:00
2013-11-01,^KS200,268.630005,yahoo,KRW,2026-06-05T09:03:38.313619+00:00
2013-11-04,^KS200,266.589996,yahoo,KRW,2026-06-05T09:03:38.313619+00:00
2013-11-05,^KS200,264.959991,yahoo,KRW,2026-06-05T09:03:38.313619+00:00
2013-11-06,^KS200,264.619995,yahoo,KRW,2026-06-05T09:03:38.313619+00:00
2013-11-07,^KS200,263.339996,yahoo,KRW,2026-06-05T09:03:38.313619+00:00
2013-11-08,^KS200,260.529999,yahoo,KRW,2026-06-05T09:03:38.313619+00:00
2013-11-11,^KS200,260.149994,yahoo,KRW,2026-06-05T09:03:38.313619+00:00
2013-11-12,^KS200,262.809998,yahoo,KRW,2026-06-05T09:03:38.313619+00:00
2013-11-13,^KS200,258.040009,yahoo,KRW,2026-06-05T09:03:38.313619+00:00
2013-11-14,^KS200,258.440002,yahoo,KRW,2026-06-05T09:03:38.313619+00:00
2013-11-15,^KS200,264.200012,yahoo,KRW,2026-06-05T09:03:38.313619+00:00
2013-11-18,^KS200,265.029999,yahoo,KRW,2026-06-05T09:03:38.313619+00:00
2013-11-19,^KS200,267.809998,yahoo,KRW,2026-06-05T09:03:38.313619+00:00
2013-11-20,^KS200,265.619995,yahoo,KRW,2026-06-05T09:03:38.313619+00:00
2013-11-21,^KS200,262.200012,yahoo,KRW,2026-06-05T09:03:38.313619+00:00
2013-11-22,^KS200,263.859985,yahoo,KRW,2026-06-05T09:03:38.313619+00:00
2013-11-25,^KS200,265.209991,yahoo,KRW,2026-06-05T09:03:38.313619+00:00
2013-11-26,^KS200,266.26001,yahoo,KRW,2026-06-05T09:03:38.313619+00:00
2013-11-27,^KS200,267.149994,yahoo,KRW,2026-06-05T09:03:38.313619+00:00
2013-11-28,^KS200,269.700012,yahoo,KRW,2026-06-05T09:03:38.313619+00:00
2013-11-29,^KS200,269.570007,yahoo,KRW,2026-06-05T09:03:38.313619+00:00
2013-12-02,^KS200,267.579987,yahoo,KRW,2026-06-05T09:03:38.313619+00:00
2013-12-03,^KS200,264.839996,yahoo,KRW,2026-06-05T09:03:38.313619+00:00
2013-12-04,^KS200,261.480011,yahoo,KRW,2026-06-05T09:03:38.313619+00:00
2013-12-05,^KS200,261.100006,yahoo,KRW,2026-06-05T09:03:38.313619+00:00
2013-12-06,^KS200,260.709991,yahoo,KRW,2026-06-05T09:03:38.313619+00:00
2013-12-09,^KS200,263.700012,yahoo,KRW,2026-06-05T09:03:38.313619+00:00
2013-12-10,^KS200,262.679993,yahoo,KRW,2026-06-05T09:03:38.313619+00:00
2013-12-11,^KS200,260.549988,yahoo,KRW,2026-06-05T09:03:38.313619+00:00
2013-12-12,^KS200,259.049988,yahoo,KRW,2026-06-05T09:03:38.313619+00:00
2013-12-13,^KS200,258.040009,yahoo,KRW,2026-06-05T09:03:38.313619+00:00
2013-12-16,^KS200,257.899994,yahoo,KRW,2026-06-05T09:03:38.313619+00:00
2013-12-17,^KS200,258.720001,yahoo,KRW,2026-06-05T09:03:38.313619+00:00
2013-12-18,^KS200,259.980011,yahoo,KRW,2026-06-05T09:03:38.313619+00:00
2013-12-19,^KS200,260.200012,yahoo,KRW,2026-06-05T09:03:38.313619+00:00
2013-12-20,^KS200,261.269989,yahoo,KRW,2026-06-05T09:03:38.313619+00:00
2013-12-23,^KS200,263.23999,yahoo,KRW,2026-06-05T09:03:38.313619+00:00
2013-12-24,^KS200,263.579987,yahoo,KRW,2026-06-05T09:03:38.313619+00:00
2013-12-26,^KS200,263.149994,yahoo,KRW,2026-06-05T09:03:38.313619+00:00
2013-12-27,^KS200,263.320007,yahoo,KRW,2026-06-05T09:03:38.313619+00:00
2013-12-30,^KS200,264.23999,yahoo,KRW,2026-06-05T09:03:38.313619+00:00
2014-01-02,^KS200,257.640015,yahoo,KRW,2026-06-05T09:03:38.313619+00:00
2014-01-03,^KS200,254.479996,yahoo,KRW,2026-06-05T09:03:38.313619+00:00
2014-01-06,^KS200,255.410004,yahoo,KRW,2026-06-05T09:03:38.313619+00:00
2014-01-07,^KS200,255.979996,yahoo,KRW,2026-06-05T09:03:38.313619+00:00
2014-01-08,^KS200,255.759995,yahoo,KRW,2026-06-05T09:03:38.313619+00:00
2014-01-09,^KS200,253.630005,yahoo,KRW,2026-06-05T09:03:38.313619+00:00
2014-01-10,^KS200,252.479996,yahoo,KRW,2026-06-05T09:03:38.313619+00:00
2014-01-13,^KS200,254.080002,yahoo,KRW,2026-06-05T09:03:38.313619+00:00
2014-01-14,^KS200,253.970001,yahoo,KRW,2026-06-05T09:03:38.313619+00:00
2014-01-15,^KS200,254.729996,yahoo,KRW,2026-06-05T09:03:38.313619+00:00
2014-01-16,^KS200,255.360001,yahoo,KRW,2026-06-05T09:03:38.313619+00:00
2014-01-17,^KS200,253.460007,yahoo,KRW,2026-06-05T09:03:38.313619+00:00
2014-01-20,^KS200,254.809998,yahoo,KRW,2026-06-05T09:03:38.313619+00:00
2014-01-21,^KS200,256.339996,yahoo,KRW,2026-06-05T09:03:38.313619+00:00
2014-01-22,^KS200,257.079987,yahoo,KRW,2026-06-05T09:03:38.313619+00:00
2014-01-23,^KS200,253.740005,yahoo,KRW,2026-06-05T09:03:38.313619+00:00
2014-01-24,^KS200,252.889999,yahoo,KRW,2026-06-05T09:03:38.313619+00:00
2014-01-27,^KS200,248.949997,yahoo,KRW,2026-06-05T09:03:38.313619+00:00
2014-01-28,^KS200,249.910004,yahoo,KRW,2026-06-05T09:03:38.313619+00:00
2014-01-29,^KS200,252.889999,yahoo,KRW,2026-06-05T09:03:38.313619+00:00
2014-02-03,^KS200,250.009995,yahoo,KRW,2026-06-05T09:03:38.313619+00:00
2014-02-04,^KS200,245.300003,yahoo,KRW,2026-06-05T09:03:38.313619+00:00
2014-02-05,^KS200,246.039993,yahoo,KRW,2026-06-05T09:03:38.313619+00:00
2014-02-06,^KS200,248.559998,yahoo,KRW,2026-06-05T09:03:38.313619+00:00
2014-02-07,^KS200,250.509995,yahoo,KRW,2026-06-05T09:03:38.313619+00:00
2014-02-10,^KS200,250.470001,yahoo,KRW,2026-06-05T09:03:38.313619+00:00
2014-02-11,^KS200,251.869995,yahoo,KRW,2026-06-05T09:03:38.313619+00:00
2014-02-12,^KS200,252.309998,yahoo,KRW,2026-06-05T09:03:38.313619+00:00
2014-02-13,^KS200,250.970001,yahoo,KRW,2026-06-05T09:03:38.313619+00:00
2014-02-14,^KS200,252.740005,yahoo,KRW,2026-06-05T09:03:38.313619+00:00
2014-02-17,^KS200,253.639999,yahoo,KRW,2026-06-05T09:03:38.313619+00:00
2014-02-18,^KS200,253.660004,yahoo,KRW,2026-06-05T09:03:38.313619+00:00
2014-02-19,^KS200,252.919998,yahoo,KRW,2026-06-05T09:03:38.313619+00:00
2014-02-20,^KS200,250.949997,yahoo,KRW,2026-06-05T09:03:38.313619+00:00
2014-02-21,^KS200,255.220001,yahoo,KRW,2026-06-05T09:03:38.313619+00:00
2014-02-24,^KS200,254.009995,yahoo,KRW,2026-06-05T09:03:38.313619+00:00
2014-02-25,^KS200,256.23999,yahoo,KRW,2026-06-05T09:03:38.313619+00:00
2014-02-26,^KS200,257.309998,yahoo,KRW,2026-06-05T09:03:38.313619+00:00
2014-02-27,^KS200,258.279999,yahoo,KRW,2026-06-05T09:03:38.313619+00:00
2014-02-28,^KS200,258.410004,yahoo,KRW,2026-06-05T09:03:38.313619+00:00
2014-03-03,^KS200,256.290009,yahoo,KRW,2026-06-05T09:03:38.313619+00:00
2014-03-04,^KS200,254.779999,yahoo,KRW,2026-06-05T09:03:38.313619+00:00
2014-03-05,^KS200,257.299988,yahoo,KRW,2026-06-05T09:03:38.313619+00:00
2014-03-06,^KS200,257.630005,yahoo,KRW,2026-06-05T09:03:38.313619+00:00
2014-03-07,^KS200,257.350006,yahoo,KRW,2026-06-05T09:03:38.313619+00:00
2014-03-10,^KS200,254.479996,yahoo,KRW,2026-06-05T09:03:38.313619+00:00
2014-03-11,^KS200,255.490005,yahoo,KRW,2026-06-05T09:03:38.313619+00:00
2014-03-12,^KS200,251.110001,yahoo,KRW,2026-06-05T09:03:38.313619+00:00
2014-03-13,^KS200,251.089996,yahoo,KRW,2026-06-05T09:03:38.313619+00:00
2014-03-14,^KS200,249.020004,yahoo,KRW,2026-06-05T09:03:38.313619+00:00
2014-03-17,^KS200,250.149994,yahoo,KRW,2026-06-05T09:03:38.313619+00:00
2014-03-18,^KS200,251.869995,yahoo,KRW,2026-06-05T09:03:38.313619+00:00
2014-03-19,^KS200,251.320007,yahoo,KRW,2026-06-05T09:03:38.313619+00:00
2014-03-20,^KS200,248.679993,yahoo,KRW,2026-06-05T09:03:38.313619+00:00
2014-03-21,^KS200,250.679993,yahoo,KRW,2026-06-05T09:03:38.313619+00:00
2014-03-24,^KS200,252.309998,yahoo,KRW,2026-06-05T09:03:38.313619+00:00
2014-03-25,^KS200,251.559998,yahoo,KRW,2026-06-05T09:03:38.313619+00:00
2014-03-26,^KS200,255.080002,yahoo,KRW,2026-06-05T09:03:38.313619+00:00
2014-03-27,^KS200,257.26001,yahoo,KRW,2026-06-05T09:03:38.313619+00:00
2014-03-28,^KS200,257.440002,yahoo,KRW,2026-06-05T09:03:38.313619+00:00
2014-03-31,^KS200,258.109985,yahoo,KRW,2026-06-05T09:03:38.313619+00:00
2014-04-01,^KS200,258.950012,yahoo,KRW,2026-06-05T09:03:38.313619+00:00
2014-04-02,^KS200,259.700012,yahoo,KRW,2026-06-05T09:03:38.313619+00:00
2014-04-03,^KS200,259.339996,yahoo,KRW,2026-06-05T09:03:38.313619+00:00
2014-04-04,^KS200,259.470001,yahoo,KRW,2026-06-05T09:03:38.313619+00:00
2014-04-07,^KS200,259.890015,yahoo,KRW,2026-06-05T09:03:38.313619+00:00
2014-04-08,^KS200,260.470001,yahoo,KRW,2026-06-05T09:03:38.313619+00:00
2014-04-09,^KS200,261.209991,yahoo,KRW,2026-06-05T09:03:38.313619+00:00
2014-04-10,^KS200,262.410004,yahoo,KRW,2026-06-05T09:03:38.313619+00:00
2014-04-11,^KS200,260.529999,yahoo,KRW,2026-06-05T09:03:38.313619+00:00
2014-04-14,^KS200,260.51001,yahoo,KRW,2026-06-05T09:03:38.313619+00:00
2014-04-15,^KS200,259.73999,yahoo,KRW,2026-06-05T09:03:38.313619+00:00
2014-04-16,^KS200,259.829987,yahoo,KRW,2026-06-05T09:03:38.313619+00:00
2014-04-17,^KS200,259.660004,yahoo,KRW,2026-06-05T09:03:38.313619+00:00
2014-04-21,^KS200,260.899994,yahoo,KRW,2026-06-05T09:03:38.313619+00:00
2014-04-22,^KS200,261.549988,yahoo,KRW,2026-06-05T09:03:38.313619+00:00
2014-04-23,^KS200,261.200012,yahoo,KRW,2026-06-05T09:03:38.313619+00:00
2014-04-24,^KS200,261.079987,yahoo,KRW,2026-06-05T09:03:38.313619+00:00
2014-04-25,^KS200,257.420013,yahoo,KRW,2026-06-05T09:03:38.313619+00:00
2014-04-28,^KS200,256.799988,yahoo,KRW,2026-06-05T09:03:38.313619+00:00
2014-04-29,^KS200,255.800003,yahoo,KRW,2026-06-05T09:03:38.313619+00:00
2014-04-30,^KS200,255.330002,yahoo,KRW,2026-06-05T09:03:38.313619+00:00
2014-05-02,^KS200,255.070007,yahoo,KRW,2026-06-05T09:03:38.313619+00:00
2014-05-07,^KS200,252.350006,yahoo,KRW,2026-06-05T09:03:38.313619+00:00
2014-05-08,^KS200,253.839996,yahoo,KRW,2026-06-05T09:03:38.313619+00:00
2014-05-09,^KS200,254.309998,yahoo,KRW,2026-06-05T09:03:38.313619+00:00
2014-05-12,^KS200,255.800003,yahoo,KRW,2026-06-05T09:03:38.313619+00:00
2014-05-13,^KS200,258.399994,yahoo,KRW,2026-06-05T09:03:38.313619+00:00
2014-05-14,^KS200,262.429993,yahoo,KRW,2026-06-05T09:03:38.313619+00:00
2014-05-15,^KS200,262.399994,yahoo,KRW,2026-06-05T09:03:38.313619+00:00
2014-05-16,^KS200,262.970001,yahoo,KRW,2026-06-05T09:03:38.313619+00:00
2014-05-19,^KS200,263.420013,yahoo,KRW,2026-06-05T09:03:38.313619+00:00
2014-05-20,^KS200,263.040009,yahoo,KRW,2026-06-05T09:03:38.313619+00:00
2014-05-21,^KS200,262.399994,yahoo,KRW,2026-06-05T09:03:38.313619+00:00
2014-05-22,^KS200,263.329987,yahoo,KRW,2026-06-05T09:03:38.313619+00:00
2014-05-23,^KS200,263.420013,yahoo,KRW,2026-06-05T09:03:38.313619+00:00
2014-05-26,^KS200,262.329987,yahoo,KRW,2026-06-05T09:03:38.313619+00:00
2014-05-27,^KS200,260.359985,yahoo,KRW,2026-06-05T09:03:38.313619+00:00
2014-05-28,^KS200,263.01001,yahoo,KRW,2026-06-05T09:03:38.313619+00:00
2014-05-29,^KS200,262.570007,yahoo,KRW,2026-06-05T09:03:38.313619+00:00
2014-05-30,^KS200,259.940002,yahoo,KRW,2026-06-05T09:03:38.313619+00:00
2014-06-02,^KS200,261.399994,yahoo,KRW,2026-06-05T09:03:38.313619+00:00
2014-06-03,^KS200,262.220001,yahoo,KRW,2026-06-05T09:03:38.313619+00:00
2014-06-05,^KS200,260.559998,yahoo,KRW,2026-06-05T09:03:38.313619+00:00
2014-06-09,^KS200,259.679993,yahoo,KRW,2026-06-05T09:03:38.313619+00:00
2014-06-10,^KS200,262.640015,yahoo,KRW,2026-06-05T09:03:38.313619+00:00
2014-06-11,^KS200,262.619995,yahoo,KRW,2026-06-05T09:03:38.313619+00:00
2014-06-12,^KS200,262.01001,yahoo,KRW,2026-06-05T09:03:38.313619+00:00
2014-06-13,^KS200,258.75,yahoo,KRW,2026-06-05T09:03:38.313619+00:00
2014-06-16,^KS200,259.429993,yahoo,KRW,2026-06-05T09:03:38.313619+00:00
2014-06-17,^KS200,260.429993,yahoo,KRW,2026-06-05T09:03:38.313619+00:00
2014-06-18,^KS200,258.700012,yahoo,KRW,2026-06-05T09:03:38.313619+00:00
2014-06-19,^KS200,258.829987,yahoo,KRW,2026-06-05T09:03:38.313619+00:00
2014-06-20,^KS200,255.309998,yahoo,KRW,2026-06-05T09:03:38.313619+00:00
2014-06-23,^KS200,256.769989,yahoo,KRW,2026-06-05T09:03:38.313619+00:00
2014-06-24,^KS200,259.75,yahoo,KRW,2026-06-05T09:03:38.313619+00:00
2014-06-25,^KS200,258.160004,yahoo,KRW,2026-06-05T09:03:38.313619+00:00
2014-06-26,^KS200,260.029999,yahoo,KRW,2026-06-05T09:03:38.313619+00:00
2014-06-27,^KS200,258.779999,yahoo,KRW,2026-06-05T09:03:38.313619+00:00
2014-06-30,^KS200,260.559998,yahoo,KRW,2026-06-05T09:03:38.313619+00:00
2014-07-01,^KS200,259.73999,yahoo,KRW,2026-06-05T09:03:38.313619+00:00
2014-07-02,^KS200,262.040009,yahoo,KRW,2026-06-05T09:03:38.313619+00:00
2014-07-03,^KS200,261.130005,yahoo,KRW,2026-06-05T09:03:38.313619+00:00
2014-07-04,^KS200,260.630005,yahoo,KRW,2026-06-05T09:03:38.313619+00:00
2014-07-07,^KS200,259.950012,yahoo,KRW,2026-06-05T09:03:38.313619+00:00
2014-07-08,^KS200,259.929993,yahoo,KRW,2026-06-05T09:03:38.313619+00:00
2014-07-09,^KS200,258.869995,yahoo,KRW,2026-06-05T09:03:38.313619+00:00
2014-07-10,^KS200,259.170013,yahoo,KRW,2026-06-05T09:03:38.313619+00:00
2014-07-11,^KS200,256.720001,yahoo,KRW,2026-06-05T09:03:38.313619+00:00
2014-07-14,^KS200,257.269989,yahoo,KRW,2026-06-05T09:03:38.313619+00:00
2014-07-15,^KS200,260.399994,yahoo,KRW,2026-06-05T09:03:38.313619+00:00
2014-07-16,^KS200,260.820007,yahoo,KRW,2026-06-05T09:03:38.313619+00:00
2014-07-17,^KS200,261.929993,yahoo,KRW,2026-06-05T09:03:38.313619+00:00
2014-07-18,^KS200,261.660004,yahoo,KRW,2026-06-05T09:03:38.313619+00:00
2014-07-21,^KS200,261.51001,yahoo,KRW,2026-06-05T09:03:38.313619+00:00
2014-07-22,^KS200,262.859985,yahoo,KRW,2026-06-05T09:03:38.313619+00:00
2014-07-23,^KS200,262.559998,yahoo,KRW,2026-06-05T09:03:38.313619+00:00
2014-07-24,^KS200,262.720001,yahoo,KRW,2026-06-05T09:03:38.313619+00:00
2014-07-25,^KS200,263.470001,yahoo,KRW,2026-06-05T09:03:38.313619+00:00
2014-07-28,^KS200,265.529999,yahoo,KRW,2026-06-05T09:03:38.313619+00:00
2014-07-29,^KS200,268.01001,yahoo,KRW,2026-06-05T09:03:38.313619+00:00
2014-07-30,^KS200,271.170013,yahoo,KRW,2026-06-05T09:03:38.313619+00:00
2014-07-31,^KS200,269.679993,yahoo,KRW,2026-06-05T09:03:38.313619+00:00
2014-08-01,^KS200,268.559998,yahoo,KRW,2026-06-05T09:03:38.313619+00:00
2014-08-04,^KS200,269.649994,yahoo,KRW,2026-06-05T09:03:38.313619+00:00
2014-08-05,^KS200,267.630005,yahoo,KRW,2026-06-05T09:03:38.313619+00:00
2014-08-06,^KS200,266.600006,yahoo,KRW,2026-06-05T09:03:38.313619+00:00
2014-08-07,^KS200,265.640015,yahoo,KRW,2026-06-05T09:03:38.313619+00:00
2014-08-08,^KS200,262.019989,yahoo,KRW,2026-06-05T09:03:38.313619+00:00
2014-08-11,^KS200,263.320007,yahoo,KRW,2026-06-05T09:03:38.313619+00:00
2014-08-12,^KS200,263.339996,yahoo,KRW,2026-06-05T09:03:38.313619+00:00
2014-08-13,^KS200,265.910004,yahoo,KRW,2026-06-05T09:03:38.313619+00:00
2014-08-14,^KS200,265.880005,yahoo,KRW,2026-06-05T09:03:38.313619+00:00
2014-08-18,^KS200,264.23999,yahoo,KRW,2026-06-05T09:03:38.313619+00:00
2014-08-19,^KS200,266.619995,yahoo,KRW,2026-06-05T09:03:38.313619+00:00
2014-08-20,^KS200,266.790009,yahoo,KRW,2026-06-05T09:03:38.313619+00:00
2014-08-21,^KS200,262.529999,yahoo,KRW,2026-06-05T09:03:38.313619+00:00
2014-08-22,^KS200,264.26001,yahoo,KRW,2026-06-05T09:03:38.313619+00:00
2014-08-25,^KS200,264.459991,yahoo,KRW,2026-06-05T09:03:38.313619+00:00
2014-08-26,^KS200,265.140015,yahoo,KRW,2026-06-05T09:03:38.313619+00:00
2014-08-27,^KS200,265.880005,yahoo,KRW,2026-06-05T09:03:38.313619+00:00
2014-08-28,^KS200,266.190002,yahoo,KRW,2026-06-05T09:03:38.313619+00:00
2014-08-29,^KS200,265.410004,yahoo,KRW,2026-06-05T09:03:38.313619+00:00
2014-09-01,^KS200,265.269989,yahoo,KRW,2026-06-05T09:03:38.313619+00:00
2014-09-02,^KS200,262.609985,yahoo,KRW,2026-06-05T09:03:38.313619+00:00
2014-09-03,^KS200,262.269989,yahoo,KRW,2026-06-05T09:03:38.313619+00:00
2014-09-04,^KS200,263.190002,yahoo,KRW,2026-06-05T09:03:38.313619+00:00
2014-09-05,^KS200,262.089996,yahoo,KRW,2026-06-05T09:03:38.313619+00:00
2014-09-11,^KS200,259.799988,yahoo,KRW,2026-06-05T09:03:38.313619+00:00
2014-09-12,^KS200,261.390015,yahoo,KRW,2026-06-05T09:03:38.313619+00:00
2014-09-15,^KS200,260.559998,yahoo,KRW,2026-06-05T09:03:38.313619+00:00
2014-09-16,^KS200,261.450012,yahoo,KRW,2026-06-05T09:03:38.313619+00:00
2014-09-17,^KS200,264.01001,yahoo,KRW,2026-06-05T09:03:38.313619+00:00
2014-09-18,^KS200,261.720001,yahoo,KRW,2026-06-05T09:03:38.313619+00:00
2014-09-19,^KS200,262.309998,yahoo,KRW,2026-06-05T09:03:38.313619+00:00
2014-09-22,^KS200,260.149994,yahoo,KRW,2026-06-05T09:03:38.313619+00:00
2014-09-23,^KS200,258.48999,yahoo,KRW,2026-06-05T09:03:38.313619+00:00
2014-09-24,^KS200,258.880005,yahoo,KRW,2026-06-05T09:03:38.313619+00:00
2014-09-25,^KS200,258.459991,yahoo,KRW,2026-06-05T09:03:38.313619+00:00
2014-09-26,^KS200,258.329987,yahoo,KRW,2026-06-05T09:03:38.313619+00:00
2014-09-29,^KS200,257.950012,yahoo,KRW,2026-06-05T09:03:38.313619+00:00
2014-09-30,^KS200,256.769989,yahoo,KRW,2026-06-05T09:03:38.313619+00:00
2014-10-01,^KS200,252.809998,yahoo,KRW,2026-06-05T09:03:38.313619+00:00
2014-10-02,^KS200,250.059998,yahoo,KRW,2026-06-05T09:03:38.313619+00:00
2014-10-06,^KS200,249.190002,yahoo,KRW,2026-06-05T09:03:38.313619+00:00
2014-10-07,^KS200,249.929993,yahoo,KRW,2026-06-05T09:03:38.313619+00:00
2014-10-08,^KS200,248.360001,yahoo,KRW,2026-06-05T09:03:38.313619+00:00
2014-10-10,^KS200,245.059998,yahoo,KRW,2026-06-05T09:03:38.313619+00:00
2014-10-13,^KS200,244.179993,yahoo,KRW,2026-06-05T09:03:38.313619+00:00
2014-10-14,^KS200,244.470001,yahoo,KRW,2026-06-05T09:03:38.313619+00:00
2014-10-15,^KS200,243.869995,yahoo,KRW,2026-06-05T09:03:38.313619+00:00
2014-10-16,^KS200,242.789993,yahoo,KRW,2026-06-05T09:03:38.313619+00:00
2014-10-17,^KS200,239.839996,yahoo,KRW,2026-06-05T09:03:38.313619+00:00
2014-10-20,^KS200,243.899994,yahoo,KRW,2026-06-05T09:03:38.313619+00:00
2014-10-21,^KS200,241.479996,yahoo,KRW,2026-06-05T09:03:38.313619+00:00
2014-10-22,^KS200,244.119995,yahoo,KRW,2026-06-05T09:03:38.313619+00:00
2014-10-23,^KS200,243.380005,yahoo,KRW,2026-06-05T09:03:38.313619+00:00
2014-10-24,^KS200,242.910004,yahoo,KRW,2026-06-05T09:03:38.313619+00:00
2014-10-27,^KS200,243.889999,yahoo,KRW,2026-06-05T09:03:38.313619+00:00
2014-10-28,^KS200,243.300003,yahoo,KRW,2026-06-05T09:03:38.313619+00:00
2014-10-29,^KS200,248.639999,yahoo,KRW,2026-06-05T09:03:38.313619+00:00
2014-10-30,^KS200,248.839996,yahoo,KRW,2026-06-05T09:03:38.313619+00:00
2014-10-31,^KS200,250.449997,yahoo,KRW,2026-06-05T09:03:38.313619+00:00
2014-11-03,^KS200,248.690002,yahoo,KRW,2026-06-05T09:03:38.313619+00:00
2014-11-04,^KS200,246.509995,yahoo,KRW,2026-06-05T09:03:38.313619+00:00
2014-11-05,^KS200,245.860001,yahoo,KRW,2026-06-05T09:03:38.313619+00:00
2014-11-06,^KS200,247.190002,yahoo,KRW,2026-06-05T09:03:38.313619+00:00
2014-11-07,^KS200,247.389999,yahoo,KRW,2026-06-05T09:03:38.313619+00:00
2014-11-10,^KS200,250.639999,yahoo,KRW,2026-06-05T09:03:38.313619+00:00
2014-11-11,^KS200,250.449997,yahoo,KRW,2026-06-05T09:03:38.313619+00:00
2014-11-12,^KS200,251.259995,yahoo,KRW,2026-06-05T09:03:38.313619+00:00
2014-11-13,^KS200,250.110001,yahoo,KRW,2026-06-05T09:03:38.313619+00:00
2014-11-14,^KS200,248.179993,yahoo,KRW,2026-06-05T09:03:38.313619+00:00
2014-11-17,^KS200,248.300003,yahoo,KRW,2026-06-05T09:03:38.313619+00:00
2014-11-18,^KS200,250.649994,yahoo,KRW,2026-06-05T09:03:38.313619+00:00
2014-11-19,^KS200,250.330002,yahoo,KRW,2026-06-05T09:03:38.313619+00:00
2014-11-20,^KS200,248.960007,yahoo,KRW,2026-06-05T09:03:38.313619+00:00
2014-11-21,^KS200,249.899994,yahoo,KRW,2026-06-05T09:03:38.313619+00:00
2014-11-24,^KS200,252.339996,yahoo,KRW,2026-06-05T09:03:38.313619+00:00
2014-11-25,^KS200,251.720001,yahoo,KRW,2026-06-05T09:03:38.313619+00:00
2014-11-26,^KS200,252.0,yahoo,KRW,2026-06-05T09:03:38.313619+00:00
2014-11-27,^KS200,253.300003,yahoo,KRW,2026-06-05T09:03:38.313619+00:00
2014-11-28,^KS200,253.699997,yahoo,KRW,2026-06-05T09:03:38.313619+00:00
2014-12-01,^KS200,251.589996,yahoo,KRW,2026-06-05T09:03:38.313619+00:00
2014-12-02,^KS200,251.410004,yahoo,KRW,2026-06-05T09:03:38.313619+00:00
2014-12-03,^KS200,251.649994,yahoo,KRW,2026-06-05T09:03:38.313619+00:00
2014-12-04,^KS200,254.059998,yahoo,KRW,2026-06-05T09:03:38.313619+00:00
2014-12-05,^KS200,254.240005,yahoo,KRW,2026-06-05T09:03:38.313619+00:00
2014-12-08,^KS200,253.710007,yahoo,KRW,2026-06-05T09:03:38.313619+00:00
2014-12-09,^KS200,253.210007,yahoo,KRW,2026-06-05T09:03:38.313619+00:00
2014-12-10,^KS200,249.350006,yahoo,KRW,2026-06-05T09:03:38.313619+00:00
2014-12-11,^KS200,245.539993,yahoo,KRW,2026-06-05T09:03:38.313619+00:00
2014-12-12,^KS200,246.440002,yahoo,KRW,2026-06-05T09:03:38.313619+00:00
2014-12-15,^KS200,246.270004,yahoo,KRW,2026-06-05T09:03:38.313619+00:00
2014-12-16,^KS200,244.429993,yahoo,KRW,2026-06-05T09:03:38.313619+00:00
2014-12-17,^KS200,243.720001,yahoo,KRW,2026-06-05T09:03:38.313619+00:00
2014-12-18,^KS200,243.820007,yahoo,KRW,2026-06-05T09:03:38.313619+00:00
2014-12-19,^KS200,247.960007,yahoo,KRW,2026-06-05T09:03:38.313619+00:00
2014-12-22,^KS200,249.699997,yahoo,KRW,2026-06-05T09:03:38.313619+00:00
2014-12-23,^KS200,249.059998,yahoo,KRW,2026-06-05T09:03:38.313619+00:00
2014-12-24,^KS200,250.070007,yahoo,KRW,2026-06-05T09:03:38.313619+00:00
2014-12-26,^KS200,250.050003,yahoo,KRW,2026-06-05T09:03:38.313619+00:00
2014-12-29,^KS200,246.300003,yahoo,KRW,2026-06-05T09:03:38.313619+00:00
2014-12-30,^KS200,244.050003,yahoo,KRW,2026-06-05T09:03:38.313619+00:00
2015-01-02,^KS200,244.789993,yahoo,KRW,2026-06-05T09:03:38.313619+00:00
2015-01-05,^KS200,244.259995,yahoo,KRW,2026-06-05T09:03:38.313619+00:00
2015-01-06,^KS200,239.929993,yahoo,KRW,2026-06-05T09:03:38.313619+00:00
2015-01-07,^KS200,240.529999,yahoo,KRW,2026-06-05T09:03:38.313619+00:00
2015-01-08,^KS200,243.940002,yahoo,KRW,2026-06-05T09:03:38.313619+00:00
2015-01-09,^KS200,246.050003,yahoo,KRW,2026-06-05T09:03:38.313619+00:00
2015-01-12,^KS200,245.699997,yahoo,KRW,2026-06-05T09:03:38.313619+00:00
2015-01-13,^KS200,246.289993,yahoo,KRW,2026-06-05T09:03:38.313619+00:00
2015-01-14,^KS200,245.990005,yahoo,KRW,2026-06-05T09:03:38.313619+00:00
2015-01-15,^KS200,245.759995,yahoo,KRW,2026-06-05T09:03:38.313619+00:00
2015-01-16,^KS200,242.220001,yahoo,KRW,2026-06-05T09:03:38.313619+00:00
2015-01-19,^KS200,244.779999,yahoo,KRW,2026-06-05T09:03:38.313619+00:00
2015-01-20,^KS200,247.240005,yahoo,KRW,2026-06-05T09:03:38.313619+00:00
2015-01-21,^KS200,248.589996,yahoo,KRW,2026-06-05T09:03:38.313619+00:00
2015-01-22,^KS200,248.470001,yahoo,KRW,2026-06-05T09:03:38.313619+00:00
2015-01-23,^KS200,250.320007,yahoo,KRW,2026-06-05T09:03:38.313619+00:00
2015-01-26,^KS200,250.139999,yahoo,KRW,2026-06-05T09:03:38.313619+00:00
2015-01-27,^KS200,252.199997,yahoo,KRW,2026-06-05T09:03:38.313619+00:00
2015-01-28,^KS200,252.210007,yahoo,KRW,2026-06-05T09:03:38.313619+00:00
2015-01-29,^KS200,250.460007,yahoo,KRW,2026-06-05T09:03:38.313619+00:00
2015-01-30,^KS200,249.880005,yahoo,KRW,2026-06-05T09:03:38.313619+00:00
2015-02-02,^KS200,250.610001,yahoo,KRW,2026-06-05T09:03:38.313619+00:00
2015-02-03,^KS200,250.380005,yahoo,KRW,2026-06-05T09:03:38.313619+00:00
2015-02-04,^KS200,251.600006,yahoo,KRW,2026-06-05T09:03:38.313619+00:00
2015-02-05,^KS200,249.779999,yahoo,KRW,2026-06-05T09:03:38.313619+00:00
2015-02-06,^KS200,250.160004,yahoo,KRW,2026-06-05T09:03:38.313619+00:00
2015-02-09,^KS200,249.259995,yahoo,KRW,2026-06-05T09:03:38.313619+00:00
2015-02-10,^KS200,247.660004,yahoo,KRW,2026-06-05T09:03:38.313619+00:00
2015-02-11,^KS200,248.399994,yahoo,KRW,2026-06-05T09:03:38.313619+00:00
2015-02-12,^KS200,247.710007,yahoo,KRW,2026-06-05T09:03:38.313619+00:00
2015-02-13,^KS200,249.759995,yahoo,KRW,2026-06-05T09:03:38.313619+00:00
2015-02-16,^KS200,249.809998,yahoo,KRW,2026-06-05T09:03:38.313619+00:00
2015-02-17,^KS200,250.369995,yahoo,KRW,2026-06-05T09:03:38.313619+00:00
2015-02-23,^KS200,250.800003,yahoo,KRW,2026-06-05T09:03:38.313619+00:00
2015-02-24,^KS200,251.279999,yahoo,KRW,2026-06-05T09:03:38.313619+00:00
2015-02-25,^KS200,252.960007,yahoo,KRW,2026-06-05T09:03:38.313619+00:00
2015-02-26,^KS200,252.929993,yahoo,KRW,2026-06-05T09:03:38.313619+00:00
2015-02-27,^KS200,251.460007,yahoo,KRW,2026-06-05T09:03:38.313619+00:00
2015-03-02,^KS200,253.649994,yahoo,KRW,2026-06-05T09:03:38.313619+00:00
2015-03-03,^KS200,254.5,yahoo,KRW,2026-06-05T09:03:38.313619+00:00
2015-03-04,^KS200,254.309998,yahoo,KRW,2026-06-05T09:03:38.313619+00:00
2015-03-05,^KS200,254.160004,yahoo,KRW,2026-06-05T09:03:38.313619+00:00
2015-03-06,^KS200,255.960007,yahoo,KRW,2026-06-05T09:03:38.313619+00:00
2015-03-09,^KS200,252.770004,yahoo,KRW,2026-06-05T09:03:38.313619+00:00
2015-03-10,^KS200,251.75,yahoo,KRW,2026-06-05T09:03:38.313619+00:00
2015-03-11,^KS200,252.160004,yahoo,KRW,2026-06-05T09:03:38.313619+00:00
2015-03-12,^KS200,250.279999,yahoo,KRW,2026-06-05T09:03:38.313619+00:00
2015-03-13,^KS200,252.179993,yahoo,KRW,2026-06-05T09:03:38.313619+00:00
2015-03-16,^KS200,252.440002,yahoo,KRW,2026-06-05T09:03:38.313619+00:00
2015-03-17,^KS200,258.179993,yahoo,KRW,2026-06-05T09:03:38.313619+00:00
2015-03-18,^KS200,258.220001,yahoo,KRW,2026-06-05T09:03:38.313619+00:00
2015-03-19,^KS200,258.98999,yahoo,KRW,2026-06-05T09:03:38.313619+00:00
2015-03-20,^KS200,258.700012,yahoo,KRW,2026-06-05T09:03:38.313619+00:00
2015-03-23,^KS200,258.950012,yahoo,KRW,2026-06-05T09:03:38.313619+00:00
2015-03-24,^KS200,259.160004,yahoo,KRW,2026-06-05T09:03:38.313619+00:00
2015-03-25,^KS200,258.940002,yahoo,KRW,2026-06-05T09:03:38.313619+00:00
2015-03-26,^KS200,255.990005,yahoo,KRW,2026-06-05T09:03:38.313619+00:00
2015-03-27,^KS200,255.539993,yahoo,KRW,2026-06-05T09:03:38.313619+00:00
2015-03-30,^KS200,256.100006,yahoo,KRW,2026-06-05T09:03:38.313619+00:00
2015-03-31,^KS200,257.279999,yahoo,KRW,2026-06-05T09:03:38.313619+00:00
2015-04-01,^KS200,254.970001,yahoo,KRW,2026-06-05T09:03:38.313619+00:00
2015-04-02,^KS200,254.990005,yahoo,KRW,2026-06-05T09:03:38.313619+00:00
2015-04-03,^KS200,256.75,yahoo,KRW,2026-06-05T09:03:38.313619+00:00
2015-04-06,^KS200,256.929993,yahoo,KRW,2026-06-05T09:03:38.313619+00:00
2015-04-07,^KS200,256.880005,yahoo,KRW,2026-06-05T09:03:38.313619+00:00
2015-04-08,^KS200,258.51001,yahoo,KRW,2026-06-05T09:03:38.313619+00:00
2015-04-09,^KS200,258.329987,yahoo,KRW,2026-06-05T09:03:38.313619+00:00
2015-04-10,^KS200,261.950012,yahoo,KRW,2026-06-05T09:03:38.313619+00:00
2015-04-13,^KS200,263.480011,yahoo,KRW,2026-06-05T09:03:38.313619+00:00
2015-04-14,^KS200,265.570007,yahoo,KRW,2026-06-05T09:03:38.313619+00:00
2015-04-15,^KS200,265.769989,yahoo,KRW,2026-06-05T09:03:38.313619+00:00
2015-04-16,^KS200,268.450012,yahoo,KRW,2026-06-05T09:03:38.313619+00:00
2015-04-17,^KS200,268.279999,yahoo,KRW,2026-06-05T09:03:38.313619+00:00
2015-04-20,^KS200,268.549988,yahoo,KRW,2026-06-05T09:03:38.313619+00:00
2015-04-21,^KS200,268.170013,yahoo,KRW,2026-06-05T09:03:38.313619+00:00
2015-04-22,^KS200,268.640015,yahoo,KRW,2026-06-05T09:03:38.313619+00:00
2015-04-23,^KS200,272.589996,yahoo,KRW,2026-06-05T09:03:38.313619+00:00
2015-04-24,^KS200,271.049988,yahoo,KRW,2026-06-05T09:03:38.313619+00:00
2015-04-27,^KS200,270.049988,yahoo,KRW,2026-06-05T09:03:38.313619+00:00
2015-04-28,^KS200,268.549988,yahoo,KRW,2026-06-05T09:03:38.313619+00:00
2015-04-29,^KS200,268.029999,yahoo,KRW,2026-06-05T09:03:38.313619+00:00
2015-04-30,^KS200,266.420013,yahoo,KRW,2026-06-05T09:03:38.313619+00:00
2015-05-04,^KS200,267.329987,yahoo,KRW,2026-06-05T09:03:38.313619+00:00
2015-05-06,^KS200,264.029999,yahoo,KRW,2026-06-05T09:03:38.313619+00:00
2015-05-07,^KS200,262.470001,yahoo,KRW,2026-06-05T09:03:38.313619+00:00
2015-05-08,^KS200,260.809998,yahoo,KRW,2026-06-05T09:03:38.313619+00:00
2015-05-11,^KS200,261.48999,yahoo,KRW,2026-06-05T09:03:38.313619+00:00
2015-05-12,^KS200,261.420013,yahoo,KRW,2026-06-05T09:03:38.313619+00:00
2015-05-13,^KS200,263.25,yahoo,KRW,2026-06-05T09:03:38.313619+00:00
2015-05-14,^KS200,263.690002,yahoo,KRW,2026-06-05T09:03:38.313619+00:00
2015-05-15,^KS200,261.329987,yahoo,KRW,2026-06-05T09:03:38.313619+00:00
2015-05-18,^KS200,261.970001,yahoo,KRW,2026-06-05T09:03:38.313619+00:00
2015-05-19,^KS200,262.920013,yahoo,KRW,2026-06-05T09:03:38.313619+00:00
2015-05-20,^KS200,265.359985,yahoo,KRW,2026-06-05T09:03:38.313619+00:00
2015-05-21,^KS200,262.660004,yahoo,KRW,2026-06-05T09:03:38.313619+00:00
2015-05-22,^KS200,266.029999,yahoo,KRW,2026-06-05T09:03:38.313619+00:00
2015-05-26,^KS200,265.410004,yahoo,KRW,2026-06-05T09:03:38.313619+00:00
2015-05-27,^KS200,260.160004,yahoo,KRW,2026-06-05T09:03:38.313619+00:00
2015-05-28,^KS200,260.059998,yahoo,KRW,2026-06-05T09:03:38.313619+00:00
2015-05-29,^KS200,260.390015,yahoo,KRW,2026-06-05T09:03:38.313619+00:00
2015-06-01,^KS200,258.73999,yahoo,KRW,2026-06-05T09:03:38.313619+00:00
2015-06-02,^KS200,256.290009,yahoo,KRW,2026-06-05T09:03:38.313619+00:00
2015-06-03,^KS200,254.110001,yahoo,KRW,2026-06-05T09:03:38.313619+00:00
2015-06-04,^KS200,255.470001,yahoo,KRW,2026-06-05T09:03:38.313619+00:00
2015-06-05,^KS200,254.940002,yahoo,KRW,2026-06-05T09:03:38.313619+00:00
2015-06-08,^KS200,254.210007,yahoo,KRW,2026-06-05T09:03:38.313619+00:00
2015-06-09,^KS200,253.509995,yahoo,KRW,2026-06-05T09:03:38.313619+00:00
2015-06-10,^KS200,252.110001,yahoo,KRW,2026-06-05T09:03:38.313619+00:00
2015-06-11,^KS200,252.320007,yahoo,KRW,2026-06-05T09:03:38.313619+00:00
2015-06-12,^KS200,251.660004,yahoo,KRW,2026-06-05T09:03:38.313619+00:00
2015-06-15,^KS200,250.740005,yahoo,KRW,2026-06-05T09:03:38.313619+00:00
2015-06-16,^KS200,248.490005,yahoo,KRW,2026-06-05T09:03:38.313619+00:00
2015-06-17,^KS200,249.080002,yahoo,KRW,2026-06-05T09:03:38.313619+00:00
2015-06-18,^KS200,249.669998,yahoo,KRW,2026-06-05T09:03:38.313619+00:00
2015-06-19,^KS200,249.839996,yahoo,KRW,2026-06-05T09:03:38.313619+00:00
2015-06-22,^KS200,250.990005,yahoo,KRW,2026-06-05T09:03:38.313619+00:00
2015-06-23,^KS200,254.520004,yahoo,KRW,2026-06-05T09:03:38.313619+00:00
2015-06-24,^KS200,254.940002,yahoo,KRW,2026-06-05T09:03:38.313619+00:00
2015-06-25,^KS200,253.800003,yahoo,KRW,2026-06-05T09:03:38.313619+00:00
2015-06-26,^KS200,254.479996,yahoo,KRW,2026-06-05T09:03:38.313619+00:00
2015-06-29,^KS200,251.259995,yahoo,KRW,2026-06-05T09:03:38.313619+00:00
2015-06-30,^KS200,252.270004,yahoo,KRW,2026-06-05T09:03:38.313619+00:00
2015-07-01,^KS200,255.070007,yahoo,KRW,2026-06-05T09:03:38.313619+00:00
2015-07-02,^KS200,255.5,yahoo,KRW,2026-06-05T09:03:38.313619+00:00
2015-07-03,^KS200,254.660004,yahoo,KRW,2026-06-05T09:03:38.313619+00:00
2015-07-06,^KS200,248.300003,yahoo,KRW,2026-06-05T09:03:38.313619+00:00
2015-07-07,^KS200,248.050003,yahoo,KRW,2026-06-05T09:03:38.313619+00:00
2015-07-08,^KS200,244.940002,yahoo,KRW,2026-06-05T09:03:38.313619+00:00
2015-07-09,^KS200,246.770004,yahoo,KRW,2026-06-05T09:03:38.313619+00:00
2015-07-10,^KS200,246.830002,yahoo,KRW,2026-06-05T09:03:38.313619+00:00
2015-07-13,^KS200,249.839996,yahoo,KRW,2026-06-05T09:03:38.313619+00:00
2015-07-14,^KS200,248.639999,yahoo,KRW,2026-06-05T09:03:38.313619+00:00
2015-07-15,^KS200,249.649994,yahoo,KRW,2026-06-05T09:03:38.313619+00:00
2015-07-16,^KS200,251.470001,yahoo,KRW,2026-06-05T09:03:38.313619+00:00
2015-07-17,^KS200,250.229996,yahoo,KRW,2026-06-05T09:03:38.313619+00:00
2015-07-20,^KS200,248.910004,yahoo,KRW,2026-06-05T09:03:38.313619+00:00
2015-07-21,^KS200,250.350006,yahoo,KRW,2026-06-05T09:03:38.313619+00:00
2015-07-22,^KS200,247.880005,yahoo,KRW,2026-06-05T09:03:38.313619+00:00
2015-07-23,^KS200,247.309998,yahoo,KRW,2026-06-05T09:03:38.313619+00:00
2015-07-24,^KS200,244.910004,yahoo,KRW,2026-06-05T09:03:38.313619+00:00
2015-07-27,^KS200,244.979996,yahoo,KRW,2026-06-05T09:03:38.313619+00:00
2015-07-28,^KS200,245.210007,yahoo,KRW,2026-06-05T09:03:38.313619+00:00
2015-07-29,^KS200,245.970001,yahoo,KRW,2026-06-05T09:03:38.313619+00:00
2015-07-30,^KS200,243.610001,yahoo,KRW,2026-06-05T09:03:38.313619+00:00
2015-07-31,^KS200,244.300003,yahoo,KRW,2026-06-05T09:03:38.313619+00:00
2015-08-03,^KS200,241.479996,yahoo,KRW,2026-06-05T09:03:38.313619+00:00
2015-08-04,^KS200,243.550003,yahoo,KRW,2026-06-05T09:03:38.313619+00:00
2015-08-05,^KS200,243.119995,yahoo,KRW,2026-06-05T09:03:38.313619+00:00
2015-08-06,^KS200,240.039993,yahoo,KRW,2026-06-05T09:03:38.313619+00:00
2015-08-07,^KS200,239.789993,yahoo,KRW,2026-06-05T09:03:38.313619+00:00
2015-08-10,^KS200,239.179993,yahoo,KRW,2026-06-05T09:03:38.313619+00:00
2015-08-11,^KS200,237.910004,yahoo,KRW,2026-06-05T09:03:38.313619+00:00
2015-08-12,^KS200,237.240005,yahoo,KRW,2026-06-05T09:03:38.313619+00:00
2015-08-13,^KS200,237.320007,yahoo,KRW,2026-06-05T09:03:38.313619+00:00
2015-08-17,^KS200,235.369995,yahoo,KRW,2026-06-05T09:03:38.313619+00:00
2015-08-18,^KS200,235.199997,yahoo,KRW,2026-06-05T09:03:38.313619+00:00
2015-08-19,^KS200,234.270004,yahoo,KRW,2026-06-05T09:03:38.313619+00:00
2015-08-20,^KS200,231.589996,yahoo,KRW,2026-06-05T09:03:38.313619+00:00
2015-08-21,^KS200,227.139999,yahoo,KRW,2026-06-05T09:03:38.313619+00:00
2015-08-24,^KS200,221.529999,yahoo,KRW,2026-06-05T09:03:38.313619+00:00
2015-08-25,^KS200,223.070007,yahoo,KRW,2026-06-05T09:03:38.313619+00:00
2015-08-26,^KS200,227.710007,yahoo,KRW,2026-06-05T09:03:38.313619+00:00
2015-08-27,^KS200,228.940002,yahoo,KRW,2026-06-05T09:03:38.313619+00:00
2015-08-28,^KS200,232.350006,yahoo,KRW,2026-06-05T09:03:38.313619+00:00
2015-08-31,^KS200,232.800003,yahoo,KRW,2026-06-05T09:03:38.313619+00:00
2015-09-01,^KS200,229.550003,yahoo,KRW,2026-06-05T09:03:38.313619+00:00
2015-09-02,^KS200,229.910004,yahoo,KRW,2026-06-05T09:03:38.313619+00:00
2015-09-03,^KS200,230.399994,yahoo,KRW,2026-06-05T09:03:38.313619+00:00
2015-09-04,^KS200,227.899994,yahoo,KRW,2026-06-05T09:03:38.313619+00:00
2015-09-07,^KS200,227.309998,yahoo,KRW,2026-06-05T09:03:38.313619+00:00
2015-09-08,^KS200,227.759995,yahoo,KRW,2026-06-05T09:03:38.313619+00:00
2015-09-09,^KS200,234.399994,yahoo,KRW,2026-06-05T09:03:38.313619+00:00
2015-09-10,^KS200,237.179993,yahoo,KRW,2026-06-05T09:03:38.313619+00:00
2015-09-11,^KS200,233.740005,yahoo,KRW,2026-06-05T09:03:38.313619+00:00
2015-09-14,^KS200,233.059998,yahoo,KRW,2026-06-05T09:03:38.313619+00:00
2015-09-15,^KS200,233.589996,yahoo,KRW,2026-06-05T09:03:38.313619+00:00
2015-09-16,^KS200,238.779999,yahoo,KRW,2026-06-05T09:03:38.313619+00:00
2015-09-17,^KS200,239.289993,yahoo,KRW,2026-06-05T09:03:38.313619+00:00
2015-09-18,^KS200,241.119995,yahoo,KRW,2026-06-05T09:03:38.313619+00:00
2015-09-21,^KS200,236.720001,yahoo,KRW,2026-06-05T09:03:38.313619+00:00
2015-09-22,^KS200,238.679993,yahoo,KRW,2026-06-05T09:03:38.313619+00:00
2015-09-23,^KS200,234.259995,yahoo,KRW,2026-06-05T09:03:38.313619+00:00
2015-09-24,^KS200,234.259995,yahoo,KRW,2026-06-05T09:03:38.313619+00:00
2015-09-25,^KS200,233.789993,yahoo,KRW,2026-06-05T09:03:38.313619+00:00
2015-09-30,^KS200,236.710007,yahoo,KRW,2026-06-05T09:03:38.313619+00:00
2015-10-01,^KS200,238.619995,yahoo,KRW,2026-06-05T09:03:38.313619+00:00
2015-10-02,^KS200,237.149994,yahoo,KRW,2026-06-05T09:03:38.313619+00:00
2015-10-05,^KS200,237.979996,yahoo,KRW,2026-06-05T09:03:38.313619+00:00
2015-10-06,^KS200,240.179993,yahoo,KRW,2026-06-05T09:03:38.313619+00:00
2015-10-07,^KS200,243.520004,yahoo,KRW,2026-06-05T09:03:38.313619+00:00
2015-10-08,^KS200,246.020004,yahoo,KRW,2026-06-05T09:03:38.313619+00:00
2015-10-12,^KS200,246.490005,yahoo,KRW,2026-06-05T09:03:38.313619+00:00
2015-10-13,^KS200,246.039993,yahoo,KRW,2026-06-05T09:03:38.313619+00:00
2015-10-14,^KS200,244.940002,yahoo,KRW,2026-06-05T09:03:38.313619+00:00
2015-10-15,^KS200,247.889999,yahoo,KRW,2026-06-05T09:03:38.313619+00:00
2015-10-16,^KS200,247.369995,yahoo,KRW,2026-06-05T09:03:38.313619+00:00
2015-10-19,^KS200,247.470001,yahoo,KRW,2026-06-05T09:03:38.313619+00:00
2015-10-20,^KS200,248.529999,yahoo,KRW,2026-06-05T09:03:38.313619+00:00
2015-10-21,^KS200,249.25,yahoo,KRW,2026-06-05T09:03:38.313619+00:00
2015-10-22,^KS200,247.220001,yahoo,KRW,2026-06-05T09:03:38.313619+00:00
2015-10-23,^KS200,249.410004,yahoo,KRW,2026-06-05T09:03:38.313619+00:00
2015-10-26,^KS200,250.360001,yahoo,KRW,2026-06-05T09:03:38.313619+00:00
2015-10-27,^KS200,250.039993,yahoo,KRW,2026-06-05T09:03:38.313619+00:00
2015-10-28,^KS200,249.789993,yahoo,KRW,2026-06-05T09:03:38.313619+00:00
2015-10-29,^KS200,248.929993,yahoo,KRW,2026-06-05T09:03:38.313619+00:00
2015-10-30,^KS200,249.410004,yahoo,KRW,2026-06-05T09:03:38.313619+00:00
2015-11-02,^KS200,250.600006,yahoo,KRW,2026-06-05T09:03:38.313619+00:00
2015-11-03,^KS200,252.119995,yahoo,KRW,2026-06-05T09:03:38.313619+00:00
2015-11-04,^KS200,252.330002,yahoo,KRW,2026-06-05T09:03:38.313619+00:00
2015-11-05,^KS200,251.789993,yahoo,KRW,2026-06-05T09:03:38.313619+00:00
2015-11-06,^KS200,250.25,yahoo,KRW,2026-06-05T09:03:38.313619+00:00
2015-11-09,^KS200,249.210007,yahoo,KRW,2026-06-05T09:03:38.313619+00:00
2015-11-10,^KS200,245.860001,yahoo,KRW,2026-06-05T09:03:38.313619+00:00
2015-11-11,^KS200,245.860001,yahoo,KRW,2026-06-05T09:03:38.313619+00:00
2015-11-12,^KS200,245.139999,yahoo,KRW,2026-06-05T09:03:38.313619+00:00
2015-11-13,^KS200,242.710007,yahoo,KRW,2026-06-05T09:03:38.313619+00:00
2015-11-16,^KS200,238.869995,yahoo,KRW,2026-06-05T09:03:38.313619+00:00
2015-11-17,^KS200,241.259995,yahoo,KRW,2026-06-05T09:03:38.313619+00:00
2015-11-18,^KS200,241.440002,yahoo,KRW,2026-06-05T09:03:38.313619+00:00
2015-11-19,^KS200,244.789993,yahoo,KRW,2026-06-05T09:03:38.313619+00:00
2015-11-20,^KS200,244.800003,yahoo,KRW,2026-06-05T09:03:38.313619+00:00
2015-11-23,^KS200,245.919998,yahoo,KRW,2026-06-05T09:03:38.313619+00:00
2015-11-24,^KS200,247.509995,yahoo,KRW,2026-06-05T09:03:38.313619+00:00
2015-11-25,^KS200,246.580002,yahoo,KRW,2026-06-05T09:03:38.313619+00:00
2015-11-26,^KS200,249.429993,yahoo,KRW,2026-06-05T09:03:38.313619+00:00
2015-11-27,^KS200,249.070007,yahoo,KRW,2026-06-05T09:03:38.313619+00:00
2015-11-30,^KS200,244.240005,yahoo,KRW,2026-06-05T09:03:38.313619+00:00
2015-12-01,^KS200,248.699997,yahoo,KRW,2026-06-05T09:03:38.313619+00:00
2015-12-02,^KS200,246.600006,yahoo,KRW,2026-06-05T09:03:38.313619+00:00
2015-12-03,^KS200,244.679993,yahoo,KRW,2026-06-05T09:03:38.313619+00:00
2015-12-04,^KS200,242.149994,yahoo,KRW,2026-06-05T09:03:38.313619+00:00
2015-12-07,^KS200,240.679993,yahoo,KRW,2026-06-05T09:03:38.313619+00:00
2015-12-08,^KS200,239.229996,yahoo,KRW,2026-06-05T09:03:38.313619+00:00
2015-12-09,^KS200,239.399994,yahoo,KRW,2026-06-05T09:03:38.313619+00:00
2015-12-10,^KS200,240.600006,yahoo,KRW,2026-06-05T09:03:38.313619+00:00
2015-12-11,^KS200,240.350006,yahoo,KRW,2026-06-05T09:03:38.313619+00:00
2015-12-14,^KS200,238.169998,yahoo,KRW,2026-06-05T09:03:38.313619+00:00
2015-12-15,^KS200,238.800003,yahoo,KRW,2026-06-05T09:03:38.313619+00:00
2015-12-16,^KS200,243.490005,yahoo,KRW,2026-06-05T09:03:38.313619+00:00
2015-12-17,^KS200,244.169998,yahoo,KRW,2026-06-05T09:03:38.313619+00:00
2015-12-18,^KS200,243.0,yahoo,KRW,2026-06-05T09:03:38.313619+00:00
2015-12-21,^KS200,243.759995,yahoo,KRW,2026-06-05T09:03:38.313619+00:00
2015-12-22,^KS200,245.479996,yahoo,KRW,2026-06-05T09:03:38.313619+00:00
2015-12-23,^KS200,246.529999,yahoo,KRW,2026-06-05T09:03:38.313619+00:00
2015-12-24,^KS200,245.330002,yahoo,KRW,2026-06-05T09:03:38.313619+00:00
2015-12-28,^KS200,241.789993,yahoo,KRW,2026-06-05T09:03:38.313619+00:00
2015-12-29,^KS200,241.220001,yahoo,KRW,2026-06-05T09:03:38.313619+00:00
2015-12-30,^KS200,240.380005,yahoo,KRW,2026-06-05T09:03:38.313619+00:00
2016-01-04,^KS200,234.630005,yahoo,KRW,2026-06-05T09:03:38.313619+00:00
2016-01-05,^KS200,236.130005,yahoo,KRW,2026-06-05T09:03:38.313619+00:00
2016-01-06,^KS200,234.600006,yahoo,KRW,2026-06-05T09:03:38.313619+00:00
2016-01-07,^KS200,231.929993,yahoo,KRW,2026-06-05T09:03:38.313619+00:00
2016-01-08,^KS200,233.679993,yahoo,KRW,2026-06-05T09:03:38.313619+00:00
2016-01-11,^KS200,230.830002,yahoo,KRW,2026-06-05T09:03:38.313619+00:00
2016-01-12,^KS200,230.550003,yahoo,KRW,2026-06-05T09:03:38.313619+00:00
2016-01-13,^KS200,233.520004,yahoo,KRW,2026-06-05T09:03:38.313619+00:00
2016-01-14,^KS200,231.380005,yahoo,KRW,2026-06-05T09:03:38.313619+00:00
2016-01-15,^KS200,228.779999,yahoo,KRW,2026-06-05T09:03:38.313619+00:00
2016-01-18,^KS200,228.589996,yahoo,KRW,2026-06-05T09:03:38.313619+00:00
2016-01-19,^KS200,230.080002,yahoo,KRW,2026-06-05T09:03:38.313619+00:00
2016-01-20,^KS200,224.539993,yahoo,KRW,2026-06-05T09:03:38.313619+00:00
2016-01-21,^KS200,223.809998,yahoo,KRW,2026-06-05T09:03:38.313619+00:00
2016-01-22,^KS200,228.789993,yahoo,KRW,2026-06-05T09:03:38.313619+00:00
2016-01-25,^KS200,230.210007,yahoo,KRW,2026-06-05T09:03:38.313619+00:00
2016-01-26,^KS200,227.190002,yahoo,KRW,2026-06-05T09:03:38.313619+00:00
2016-01-27,^KS200,230.960007,yahoo,KRW,2026-06-05T09:03:38.313619+00:00
2016-01-28,^KS200,231.509995,yahoo,KRW,2026-06-05T09:03:38.313619+00:00
2016-01-29,^KS200,232.100006,yahoo,KRW,2026-06-05T09:03:38.313619+00:00
2016-02-01,^KS200,233.669998,yahoo,KRW,2026-06-05T09:03:38.313619+00:00
2016-02-02,^KS200,231.100006,yahoo,KRW,2026-06-05T09:03:38.313619+00:00
2016-02-03,^KS200,228.970001,yahoo,KRW,2026-06-05T09:03:38.313619+00:00
2016-02-04,^KS200,232.910004,yahoo,KRW,2026-06-05T09:03:38.313619+00:00
2016-02-05,^KS200,233.300003,yahoo,KRW,2026-06-05T09:03:38.313619+00:00
2016-02-11,^KS200,226.699997,yahoo,KRW,2026-06-05T09:03:38.313619+00:00
2016-02-12,^KS200,224.979996,yahoo,KRW,2026-06-05T09:03:38.313619+00:00
2016-02-15,^KS200,228.399994,yahoo,KRW,2026-06-05T09:03:38.313619+00:00
2016-02-16,^KS200,231.520004,yahoo,KRW,2026-06-05T09:03:38.313619+00:00
2016-02-17,^KS200,231.940002,yahoo,KRW,2026-06-05T09:03:38.313619+00:00
2016-02-18,^KS200,234.740005,yahoo,KRW,2026-06-05T09:03:38.313619+00:00
2016-02-19,^KS200,235.270004,yahoo,KRW,2026-06-05T09:03:38.313619+00:00
2016-02-22,^KS200,234.949997,yahoo,KRW,2026-06-05T09:03:38.313619+00:00
2016-02-23,^KS200,235.029999,yahoo,KRW,2026-06-05T09:03:38.313619+00:00
2016-02-24,^KS200,234.910004,yahoo,KRW,2026-06-05T09:03:38.313619+00:00
2016-02-25,^KS200,235.369995,yahoo,KRW,2026-06-05T09:03:38.313619+00:00
2016-02-26,^KS200,235.220001,yahoo,KRW,2026-06-05T09:03:38.313619+00:00
2016-02-29,^KS200,234.630005,yahoo,KRW,2026-06-05T09:03:38.313619+00:00
2016-03-02,^KS200,238.630005,yahoo,KRW,2026-06-05T09:03:38.313619+00:00
2016-03-03,^KS200,240.089996,yahoo,KRW,2026-06-05T09:03:38.313619+00:00
2016-03-04,^KS200,239.740005,yahoo,KRW,2026-06-05T09:03:38.313619+00:00
2016-03-07,^KS200,240.210007,yahoo,KRW,2026-06-05T09:03:38.313619+00:00
2016-03-08,^KS200,238.440002,yahoo,KRW,2026-06-05T09:03:38.313619+00:00
2016-03-09,^KS200,239.130005,yahoo,KRW,2026-06-05T09:03:38.313619+00:00
2016-03-10,^KS200,241.429993,yahoo,KRW,2026-06-05T09:03:38.313619+00:00
2016-03-11,^KS200,241.970001,yahoo,KRW,2026-06-05T09:03:38.313619+00:00
2016-03-14,^KS200,242.149994,yahoo,KRW,2026-06-05T09:03:38.313619+00:00
2016-03-15,^KS200,241.830002,yahoo,KRW,2026-06-05T09:03:38.313619+00:00
2016-03-16,^KS200,242.350006,yahoo,KRW,2026-06-05T09:03:38.313619+00:00
2016-03-17,^KS200,244.089996,yahoo,KRW,2026-06-05T09:03:38.313619+00:00
2016-03-18,^KS200,244.630005,yahoo,KRW,2026-06-05T09:03:38.313619+00:00
2016-03-21,^KS200,244.279999,yahoo,KRW,2026-06-05T09:03:38.313619+00:00
2016-03-22,^KS200,245.410004,yahoo,KRW,2026-06-05T09:03:38.313619+00:00
2016-03-23,^KS200,245.229996,yahoo,KRW,2026-06-05T09:03:38.313619+00:00
2016-03-24,^KS200,244.080002,yahoo,KRW,2026-06-05T09:03:38.313619+00:00
2016-03-28,^KS200,243.949997,yahoo,KRW,2026-06-05T09:03:38.313619+00:00
2016-03-29,^KS200,245.529999,yahoo,KRW,2026-06-05T09:03:38.313619+00:00
2016-03-30,^KS200,246.539993,yahoo,KRW,2026-06-05T09:03:38.313619+00:00
2016-03-31,^KS200,245.860001,yahoo,KRW,2026-06-05T09:03:38.313619+00:00
2016-04-01,^KS200,242.360001,yahoo,KRW,2026-06-05T09:03:38.313619+00:00
2016-04-04,^KS200,243.050003,yahoo,KRW,2026-06-05T09:03:38.313619+00:00
2016-04-05,^KS200,240.580002,yahoo,KRW,2026-06-05T09:03:38.313619+00:00
2016-04-06,^KS200,241.990005,yahoo,KRW,2026-06-05T09:03:38.313619+00:00
2016-04-07,^KS200,242.289993,yahoo,KRW,2026-06-05T09:03:38.313619+00:00
2016-04-08,^KS200,241.770004,yahoo,KRW,2026-06-05T09:03:38.313619+00:00
2016-04-11,^KS200,242.059998,yahoo,KRW,2026-06-05T09:03:38.313619+00:00
2016-04-12,^KS200,243.710007,yahoo,KRW,2026-06-05T09:03:38.313619+00:00
2016-04-14,^KS200,248.889999,yahoo,KRW,2026-06-05T09:03:38.313619+00:00
2016-04-15,^KS200,248.529999,yahoo,KRW,2026-06-05T09:03:38.313619+00:00
2016-04-18,^KS200,248.0,yahoo,KRW,2026-06-05T09:03:38.313619+00:00
2016-04-19,^KS200,247.880005,yahoo,KRW,2026-06-05T09:03:38.313619+00:00
2016-04-20,^KS200,247.259995,yahoo,KRW,2026-06-05T09:03:38.313619+00:00
2016-04-21,^KS200,249.389999,yahoo,KRW,2026-06-05T09:03:38.313619+00:00
2016-04-22,^KS200,248.320007,yahoo,KRW,2026-06-05T09:03:38.313619+00:00
2016-04-25,^KS200,248.130005,yahoo,KRW,2026-06-05T09:03:38.313619+00:00
2016-04-26,^KS200,248.919998,yahoo,KRW,2026-06-05T09:03:38.313619+00:00
2016-04-27,^KS200,248.690002,yahoo,KRW,2026-06-05T09:03:38.313619+00:00
2016-04-28,^KS200,246.270004,yahoo,KRW,2026-06-05T09:03:38.313619+00:00
2016-04-29,^KS200,245.199997,yahoo,KRW,2026-06-05T09:03:38.313619+00:00
2016-05-02,^KS200,243.470001,yahoo,KRW,2026-06-05T09:03:38.313619+00:00
2016-05-03,^KS200,244.289993,yahoo,KRW,2026-06-05T09:03:38.313619+00:00
2016-05-04,^KS200,243.309998,yahoo,KRW,2026-06-05T09:03:38.313619+00:00
2016-05-09,^KS200,242.229996,yahoo,KRW,2026-06-05T09:03:38.313619+00:00
2016-05-10,^KS200,243.679993,yahoo,KRW,2026-06-05T09:03:38.313619+00:00
2016-05-11,^KS200,243.070007,yahoo,KRW,2026-06-05T09:03:38.313619+00:00
2016-05-12,^KS200,242.339996,yahoo,KRW,2026-06-05T09:03:38.313619+00:00
2016-05-13,^KS200,240.600006,yahoo,KRW,2026-06-05T09:03:38.313619+00:00
2016-05-16,^KS200,240.820007,yahoo,KRW,2026-06-05T09:03:38.313619+00:00
2016-05-17,^KS200,241.029999,yahoo,KRW,2026-06-05T09:03:38.313619+00:00
2016-05-18,^KS200,239.820007,yahoo,KRW,2026-06-05T09:03:38.313619+00:00
2016-05-19,^KS200,239.039993,yahoo,KRW,2026-06-05T09:03:38.313619+00:00
2016-05-20,^KS200,238.740005,yahoo,KRW,2026-06-05T09:03:38.313619+00:00
2016-05-23,^KS200,239.850006,yahoo,KRW,2026-06-05T09:03:38.313619+00:00
2016-05-24,^KS200,237.649994,yahoo,KRW,2026-06-05T09:03:38.313619+00:00
2016-05-25,^KS200,240.910004,yahoo,KRW,2026-06-05T09:03:38.313619+00:00
2016-05-26,^KS200,240.580002,yahoo,KRW,2026-06-05T09:03:38.313619+00:00
2016-05-27,^KS200,241.850006,yahoo,KRW,2026-06-05T09:03:38.313619+00:00
2016-05-30,^KS200,241.729996,yahoo,KRW,2026-06-05T09:03:38.313619+00:00
2016-05-31,^KS200,243.630005,yahoo,KRW,2026-06-05T09:03:38.313619+00:00
2016-06-01,^KS200,243.580002,yahoo,KRW,2026-06-05T09:03:38.313619+00:00
2016-06-02,^KS200,244.179993,yahoo,KRW,2026-06-05T09:03:38.313619+00:00
2016-06-03,^KS200,244.389999,yahoo,KRW,2026-06-05T09:03:38.313619+00:00
2016-06-07,^KS200,247.850006,yahoo,KRW,2026-06-05T09:03:38.313619+00:00
2016-06-08,^KS200,250.039993,yahoo,KRW,2026-06-05T09:03:38.313619+00:00
2016-06-09,^KS200,250.190002,yahoo,KRW,2026-06-05T09:03:38.313619+00:00
2016-06-10,^KS200,248.960007,yahoo,KRW,2026-06-05T09:03:38.313619+00:00
2016-06-13,^KS200,244.050003,yahoo,KRW,2026-06-05T09:03:38.313619+00:00
2016-06-14,^KS200,243.350006,yahoo,KRW,2026-06-05T09:03:38.313619+00:00
2016-06-15,^KS200,243.300003,yahoo,KRW,2026-06-05T09:03:38.313619+00:00
2016-06-16,^KS200,241.610001,yahoo,KRW,2026-06-05T09:03:38.313619+00:00
2016-06-17,^KS200,241.630005,yahoo,KRW,2026-06-05T09:03:38.313619+00:00
2016-06-20,^KS200,245.169998,yahoo,KRW,2026-06-05T09:03:38.313619+00:00
2016-06-21,^KS200,245.339996,yahoo,KRW,2026-06-05T09:03:38.313619+00:00
2016-06-22,^KS200,246.75,yahoo,KRW,2026-06-05T09:03:38.313619+00:00
2016-06-23,^KS200,246.309998,yahoo,KRW,2026-06-05T09:03:38.313619+00:00
2016-06-24,^KS200,239.210007,yahoo,KRW,2026-06-05T09:03:38.313619+00:00
2016-06-27,^KS200,239.279999,yahoo,KRW,2026-06-05T09:03:38.313619+00:00
2016-06-28,^KS200,240.080002,yahoo,KRW,2026-06-05T09:03:38.313619+00:00
2016-06-29,^KS200,242.320007,yahoo,KRW,2026-06-05T09:03:38.313619+00:00
2016-06-30,^KS200,244.139999,yahoo,KRW,2026-06-05T09:03:38.313619+00:00
2016-07-01,^KS200,246.520004,yahoo,KRW,2026-06-05T09:03:38.313619+00:00
2016-07-04,^KS200,247.619995,yahoo,KRW,2026-06-05T09:03:38.313619+00:00
2016-07-05,^KS200,246.910004,yahoo,KRW,2026-06-05T09:03:38.313619+00:00
2016-07-06,^KS200,241.860001,yahoo,KRW,2026-06-05T09:03:38.313619+00:00
2016-07-07,^KS200,244.600006,yahoo,KRW,2026-06-05T09:03:38.313619+00:00
2016-07-08,^KS200,243.429993,yahoo,KRW,2026-06-05T09:03:38.313619+00:00
2016-07-11,^KS200,246.990005,yahoo,KRW,2026-06-05T09:03:38.313619+00:00
2016-07-12,^KS200,247.139999,yahoo,KRW,2026-06-05T09:03:38.313619+00:00
2016-07-13,^KS200,249.25,yahoo,KRW,2026-06-05T09:03:38.313619+00:00
2016-07-14,^KS200,249.800003,yahoo,KRW,2026-06-05T09:03:38.313619+00:00
2016-07-15,^KS200,251.020004,yahoo,KRW,2026-06-05T09:03:38.313619+00:00
2016-07-18,^KS200,251.520004,yahoo,KRW,2026-06-05T09:03:38.313619+00:00
2016-07-19,^KS200,250.970001,yahoo,KRW,2026-06-05T09:03:38.313619+00:00
2016-07-20,^KS200,250.660004,yahoo,KRW,2026-06-05T09:03:38.313619+00:00
2016-07-21,^KS200,250.440002,yahoo,KRW,2026-06-05T09:03:38.313619+00:00
2016-07-22,^KS200,250.039993,yahoo,KRW,2026-06-05T09:03:38.313619+00:00
2016-07-25,^KS200,250.649994,yahoo,KRW,2026-06-05T09:03:38.313619+00:00
2016-07-26,^KS200,252.720001,yahoo,KRW,2026-06-05T09:03:38.313619+00:00
2016-07-27,^KS200,252.729996,yahoo,KRW,2026-06-05T09:03:38.313619+00:00
2016-07-28,^KS200,251.860001,yahoo,KRW,2026-06-05T09:03:38.313619+00:00
2016-07-29,^KS200,251.479996,yahoo,KRW,2026-06-05T09:03:38.313619+00:00
2016-08-01,^KS200,253.809998,yahoo,KRW,2026-06-05T09:03:38.313619+00:00
2016-08-02,^KS200,251.929993,yahoo,KRW,2026-06-05T09:03:38.313619+00:00
2016-08-03,^KS200,248.649994,yahoo,KRW,2026-06-05T09:03:38.313619+00:00
2016-08-04,^KS200,249.240005,yahoo,KRW,2026-06-05T09:03:38.313619+00:00
2016-08-05,^KS200,252.360001,yahoo,KRW,2026-06-05T09:03:38.313619+00:00
2016-08-08,^KS200,254.110001,yahoo,KRW,2026-06-05T09:03:38.313619+00:00
2016-08-09,^KS200,255.850006,yahoo,KRW,2026-06-05T09:03:38.313619+00:00
2016-08-10,^KS200,255.429993,yahoo,KRW,2026-06-05T09:03:38.313619+00:00
2016-08-11,^KS200,256.179993,yahoo,KRW,2026-06-05T09:03:38.313619+00:00
2016-08-12,^KS200,256.170013,yahoo,KRW,2026-06-05T09:03:38.313619+00:00
2016-08-16,^KS200,256.149994,yahoo,KRW,2026-06-05T09:03:38.313619+00:00
2016-08-17,^KS200,256.040009,yahoo,KRW,2026-06-05T09:03:38.313619+00:00
2016-08-18,^KS200,258.109985,yahoo,KRW,2026-06-05T09:03:38.313619+00:00
2016-08-19,^KS200,258.690002,yahoo,KRW,2026-06-05T09:03:38.313619+00:00
2016-08-22,^KS200,257.269989,yahoo,KRW,2026-06-05T09:03:38.313619+00:00
2016-08-23,^KS200,258.420013,yahoo,KRW,2026-06-05T09:03:38.313619+00:00
2016-08-24,^KS200,257.299988,yahoo,KRW,2026-06-05T09:03:38.313619+00:00
2016-08-25,^KS200,257.26001,yahoo,KRW,2026-06-05T09:03:38.313619+00:00
2016-08-26,^KS200,256.230011,yahoo,KRW,2026-06-05T09:03:38.313619+00:00
2016-08-29,^KS200,256.48999,yahoo,KRW,2026-06-05T09:03:38.313619+00:00
2016-08-30,^KS200,257.48999,yahoo,KRW,2026-06-05T09:03:38.313619+00:00
2016-08-31,^KS200,256.869995,yahoo,KRW,2026-06-05T09:03:38.313619+00:00
2016-09-01,^KS200,256.029999,yahoo,KRW,2026-06-05T09:03:38.313619+00:00
2016-09-02,^KS200,256.5,yahoo,KRW,2026-06-05T09:03:38.313619+00:00
2016-09-05,^KS200,259.640015,yahoo,KRW,2026-06-05T09:03:38.313619+00:00
2016-09-06,^KS200,260.929993,yahoo,KRW,2026-06-05T09:03:38.313619+00:00
2016-09-07,^KS200,260.309998,yahoo,KRW,2026-06-05T09:03:38.313619+00:00
2016-09-08,^KS200,260.859985,yahoo,KRW,2026-06-05T09:03:38.313619+00:00
2016-09-09,^KS200,257.309998,yahoo,KRW,2026-06-05T09:03:38.313619+00:00
2016-09-12,^KS200,250.529999,yahoo,KRW,2026-06-05T09:03:38.313619+00:00
2016-09-13,^KS200,251.770004,yahoo,KRW,2026-06-05T09:03:38.313619+00:00
2016-09-19,^KS200,253.929993,yahoo,KRW,2026-06-05T09:03:38.313619+00:00
2016-09-20,^KS200,255.089996,yahoo,KRW,2026-06-05T09:03:38.313619+00:00
2016-09-21,^KS200,256.519989,yahoo,KRW,2026-06-05T09:03:38.313619+00:00
2016-09-22,^KS200,258.339996,yahoo,KRW,2026-06-05T09:03:38.313619+00:00
2016-09-23,^KS200,258.369995,yahoo,KRW,2026-06-05T09:03:38.313619+00:00
2016-09-26,^KS200,257.480011,yahoo,KRW,2026-06-05T09:03:38.313619+00:00
2016-09-27,^KS200,259.570007,yahoo,KRW,2026-06-05T09:03:38.313619+00:00
2016-09-28,^KS200,258.209991,yahoo,KRW,2026-06-05T09:03:38.313619+00:00
2016-09-29,^KS200,260.350006,yahoo,KRW,2026-06-05T09:03:38.313619+00:00
2016-09-30,^KS200,257.48999,yahoo,KRW,2026-06-05T09:03:38.313619+00:00
2016-10-04,^KS200,259.179993,yahoo,KRW,2026-06-05T09:03:38.313619+00:00
2016-10-05,^KS200,258.98999,yahoo,KRW,2026-06-05T09:03:38.313619+00:00
2016-10-06,^KS200,261.130005,yahoo,KRW,2026-06-05T09:03:38.313619+00:00
2016-10-07,^KS200,260.059998,yahoo,KRW,2026-06-05T09:03:38.313619+00:00
2016-10-10,^KS200,260.309998,yahoo,KRW,2026-06-05T09:03:38.313619+00:00
2016-10-11,^KS200,256.149994,yahoo,KRW,2026-06-05T09:03:38.313619+00:00
2016-10-12,^KS200,256.200012,yahoo,KRW,2026-06-05T09:03:38.313619+00:00
2016-10-13,^KS200,253.929993,yahoo,KRW,2026-06-05T09:03:38.313619+00:00
2016-10-14,^KS200,255.089996,yahoo,KRW,2026-06-05T09:03:38.313619+00:00
2016-10-17,^KS200,256.190002,yahoo,KRW,2026-06-05T09:03:38.313619+00:00
2016-10-18,^KS200,257.980011,yahoo,KRW,2026-06-05T09:03:38.313619+00:00
2016-10-19,^KS200,258.209991,yahoo,KRW,2026-06-05T09:03:38.313619+00:00
2016-10-20,^KS200,258.410004,yahoo,KRW,2026-06-05T09:03:38.313619+00:00
2016-10-21,^KS200,257.26001,yahoo,KRW,2026-06-05T09:03:38.313619+00:00
2016-10-24,^KS200,259.480011,yahoo,KRW,2026-06-05T09:03:38.313619+00:00
2016-10-25,^KS200,258.570007,yahoo,KRW,2026-06-05T09:03:38.313619+00:00
2016-10-26,^KS200,255.520004,yahoo,KRW,2026-06-05T09:03:38.313619+00:00
2016-10-27,^KS200,256.660004,yahoo,KRW,2026-06-05T09:03:38.313619+00:00
2016-10-28,^KS200,256.529999,yahoo,KRW,2026-06-05T09:03:38.313619+00:00
2016-10-31,^KS200,255.929993,yahoo,KRW,2026-06-05T09:03:38.313619+00:00
2016-11-01,^KS200,255.990005,yahoo,KRW,2026-06-05T09:03:38.313619+00:00
2016-11-02,^KS200,252.830002,yahoo,KRW,2026-06-05T09:03:38.313619+00:00
2016-11-03,^KS200,252.899994,yahoo,KRW,2026-06-05T09:03:38.313619+00:00
2016-11-04,^KS200,252.570007,yahoo,KRW,2026-06-05T09:03:38.313619+00:00
2016-11-07,^KS200,254.600006,yahoo,KRW,2026-06-05T09:03:38.313619+00:00
2016-11-08,^KS200,255.259995,yahoo,KRW,2026-06-05T09:03:38.313619+00:00
2016-11-09,^KS200,249.669998,yahoo,KRW,2026-06-05T09:03:38.313619+00:00
2016-11-10,^KS200,255.309998,yahoo,KRW,2026-06-05T09:03:38.313619+00:00
2016-11-11,^KS200,251.990005,yahoo,KRW,2026-06-05T09:03:38.313619+00:00
2016-11-14,^KS200,250.009995,yahoo,KRW,2026-06-05T09:03:38.313619+00:00
2016-11-15,^KS200,249.199997,yahoo,KRW,2026-06-05T09:03:38.313619+00:00
2016-11-16,^KS200,250.320007,yahoo,KRW,2026-06-05T09:03:38.313619+00:00
2016-11-17,^KS200,250.460007,yahoo,KRW,2026-06-05T09:03:38.313619+00:00
2016-11-18,^KS200,250.210007,yahoo,KRW,2026-06-05T09:03:38.313619+00:00
2016-11-21,^KS200,249.509995,yahoo,KRW,2026-06-05T09:03:38.313619+00:00
2016-11-22,^KS200,252.369995,yahoo,KRW,2026-06-05T09:03:38.313619+00:00
2016-11-23,^KS200,253.660004,yahoo,KRW,2026-06-05T09:03:38.313619+00:00
2016-11-24,^KS200,252.029999,yahoo,KRW,2026-06-05T09:03:38.313619+00:00
2016-11-25,^KS200,252.259995,yahoo,KRW,2026-06-05T09:03:38.313619+00:00
2016-11-28,^KS200,252.960007,yahoo,KRW,2026-06-05T09:03:38.313619+00:00
2016-11-29,^KS200,252.910004,yahoo,KRW,2026-06-05T09:03:38.313619+00:00
2016-11-30,^KS200,254.259995,yahoo,KRW,2026-06-05T09:03:38.313619+00:00
2016-12-01,^KS200,254.479996,yahoo,KRW,2026-06-05T09:03:38.313619+00:00
2016-12-02,^KS200,252.880005,yahoo,KRW,2026-06-05T09:03:38.313619+00:00
2016-12-05,^KS200,252.139999,yahoo,KRW,2026-06-05T09:03:38.313619+00:00
2016-12-06,^KS200,255.630005,yahoo,KRW,2026-06-05T09:03:38.313619+00:00
2016-12-07,^KS200,256.339996,yahoo,KRW,2026-06-05T09:03:38.313619+00:00
2016-12-08,^KS200,262.0,yahoo,KRW,2026-06-05T09:03:38.313619+00:00
2016-12-09,^KS200,260.910004,yahoo,KRW,2026-06-05T09:03:38.313619+00:00
2016-12-12,^KS200,260.720001,yahoo,KRW,2026-06-05T09:03:38.313619+00:00
2016-12-13,^KS200,261.630005,yahoo,KRW,2026-06-05T09:03:38.313619+00:00
2016-12-14,^KS200,262.0,yahoo,KRW,2026-06-05T09:03:38.313619+00:00
2016-12-15,^KS200,261.450012,yahoo,KRW,2026-06-05T09:03:38.313619+00:00
2016-12-16,^KS200,262.559998,yahoo,KRW,2026-06-05T09:03:38.313619+00:00
2016-12-19,^KS200,261.929993,yahoo,KRW,2026-06-05T09:03:38.313619+00:00
2016-12-20,^KS200,262.589996,yahoo,KRW,2026-06-05T09:03:38.313619+00:00
2016-12-21,^KS200,262.100006,yahoo,KRW,2026-06-05T09:03:38.313619+00:00
2016-12-22,^KS200,261.970001,yahoo,KRW,2026-06-05T09:03:38.313619+00:00
2016-12-23,^KS200,261.609985,yahoo,KRW,2026-06-05T09:03:38.313619+00:00
2016-12-27,^KS200,262.48999,yahoo,KRW,2026-06-05T09:03:38.313619+00:00
2016-12-28,^KS200,259.700012,yahoo,KRW,2026-06-05T09:03:38.313619+00:00
2016-12-29,^KS200,260.01001,yahoo,KRW,2026-06-05T09:03:38.313619+00:00
2017-01-03,^KS200,262.970001,yahoo,KRW,2026-06-05T09:03:38.313619+00:00
2017-01-04,^KS200,263.119995,yahoo,KRW,2026-06-05T09:03:38.313619+00:00
2017-01-05,^KS200,261.980011,yahoo,KRW,2026-06-05T09:03:38.313619+00:00
2017-01-06,^KS200,263.200012,yahoo,KRW,2026-06-05T09:03:38.313619+00:00
2017-01-09,^KS200,263.73999,yahoo,KRW,2026-06-05T09:03:38.313619+00:00
2017-01-10,^KS200,263.730011,yahoo,KRW,2026-06-05T09:03:38.313619+00:00
2017-01-11,^KS200,268.149994,yahoo,KRW,2026-06-05T09:03:38.313619+00:00
2017-01-12,^KS200,269.950012,yahoo,KRW,2026-06-05T09:03:38.313619+00:00
2017-01-13,^KS200,267.910004,yahoo,KRW,2026-06-05T09:03:38.313619+00:00
2017-01-16,^KS200,266.149994,yahoo,KRW,2026-06-05T09:03:38.313619+00:00
2017-01-17,^KS200,267.369995,yahoo,KRW,2026-06-05T09:03:38.313619+00:00
2017-01-18,^KS200,267.079987,yahoo,KRW,2026-06-05T09:03:38.313619+00:00
2017-01-19,^KS200,267.700012,yahoo,KRW,2026-06-05T09:03:38.313619+00:00
2017-01-20,^KS200,266.519989,yahoo,KRW,2026-06-05T09:03:38.313619+00:00
2017-01-23,^KS200,267.119995,yahoo,KRW,2026-06-05T09:03:38.313619+00:00
2017-01-24,^KS200,267.299988,yahoo,KRW,2026-06-05T09:03:38.313619+00:00
2017-01-25,^KS200,268.149994,yahoo,KRW,2026-06-05T09:03:38.313619+00:00
2017-01-26,^KS200,270.480011,yahoo,KRW,2026-06-05T09:03:38.313619+00:00
2017-01-31,^KS200,268.089996,yahoo,KRW,2026-06-05T09:03:38.313619+00:00
2017-02-01,^KS200,269.559998,yahoo,KRW,2026-06-05T09:03:38.313619+00:00
2017-02-02,^KS200,268.48999,yahoo,KRW,2026-06-05T09:03:38.313619+00:00
2017-02-03,^KS200,268.850006,yahoo,KRW,2026-06-05T09:03:38.313619+00:00
2017-02-06,^KS200,269.48999,yahoo,KRW,2026-06-05T09:03:38.313619+00:00
2017-02-07,^KS200,268.970001,yahoo,KRW,2026-06-05T09:03:38.313619+00:00
2017-02-08,^KS200,267.720001,yahoo,KRW,2026-06-05T09:03:38.313619+00:00
2017-02-09,^KS200,267.690002,yahoo,KRW,2026-06-05T09:03:38.313619+00:00
2017-02-10,^KS200,268.660004,yahoo,KRW,2026-06-05T09:03:38.313619+00:00
2017-02-13,^KS200,268.809998,yahoo,KRW,2026-06-05T09:03:38.313619+00:00
2017-02-14,^KS200,267.899994,yahoo,KRW,2026-06-05T09:03:38.313619+00:00
2017-02-15,^KS200,268.809998,yahoo,KRW,2026-06-05T09:03:38.313619+00:00
2017-02-16,^KS200,268.929993,yahoo,KRW,2026-06-05T09:03:38.313619+00:00
2017-02-17,^KS200,268.839996,yahoo,KRW,2026-06-05T09:03:38.313619+00:00
2017-02-20,^KS200,269.730011,yahoo,KRW,2026-06-05T09:03:38.313619+00:00
2017-02-21,^KS200,272.109985,yahoo,KRW,2026-06-05T09:03:38.313619+00:00
2017-02-22,^KS200,272.850006,yahoo,KRW,2026-06-05T09:03:38.313619+00:00
2017-02-23,^KS200,272.890015,yahoo,KRW,2026-06-05T09:03:38.313619+00:00
2017-02-24,^KS200,270.380005,yahoo,KRW,2026-06-05T09:03:38.313619+00:00
2017-02-27,^KS200,268.970001,yahoo,KRW,2026-06-05T09:03:38.313619+00:00
2017-02-28,^KS200,270.059998,yahoo,KRW,2026-06-05T09:03:38.313619+00:00
2017-03-02,^KS200,272.649994,yahoo,KRW,2026-06-05T09:03:38.313619+00:00
2017-03-03,^KS200,269.769989,yahoo,KRW,2026-06-05T09:03:38.313619+00:00
2017-03-06,^KS200,270.410004,yahoo,KRW,2026-06-05T09:03:38.313619+00:00
2017-03-07,^KS200,271.869995,yahoo,KRW,2026-06-05T09:03:38.313619+00:00
2017-03-08,^KS200,272.290009,yahoo,KRW,2026-06-05T09:03:38.313619+00:00
2017-03-09,^KS200,271.619995,yahoo,KRW,2026-06-05T09:03:38.313619+00:00
2017-03-10,^KS200,272.290009,yahoo,KRW,2026-06-05T09:03:38.313619+00:00
2017-03-13,^KS200,275.410004,yahoo,KRW,2026-06-05T09:03:38.313619+00:00
2017-03-14,^KS200,277.890015,yahoo,KRW,2026-06-05T09:03:38.313619+00:00
2017-03-15,^KS200,277.890015,yahoo,KRW,2026-06-05T09:03:38.313619+00:00
2017-03-16,^KS200,280.109985,yahoo,KRW,2026-06-05T09:03:38.313619+00:00
2017-03-17,^KS200,281.859985,yahoo,KRW,2026-06-05T09:03:38.313619+00:00
2017-03-20,^KS200,280.75,yahoo,KRW,2026-06-05T09:03:38.313619+00:00
2017-03-21,^KS200,283.839996,yahoo,KRW,2026-06-05T09:03:38.313619+00:00
2017-03-22,^KS200,282.630005,yahoo,KRW,2026-06-05T09:03:38.313619+00:00
2017-03-23,^KS200,282.809998,yahoo,KRW,2026-06-05T09:03:38.313619+00:00
2017-03-24,^KS200,282.309998,yahoo,KRW,2026-06-05T09:03:38.313619+00:00
2017-03-27,^KS200,280.359985,yahoo,KRW,2026-06-05T09:03:38.313619+00:00
2017-03-28,^KS200,281.25,yahoo,KRW,2026-06-05T09:03:38.313619+00:00
2017-03-29,^KS200,281.859985,yahoo,KRW,2026-06-05T09:03:38.313619+00:00
2017-03-30,^KS200,281.660004,yahoo,KRW,2026-06-05T09:03:38.313619+00:00
2017-03-31,^KS200,280.640015,yahoo,KRW,2026-06-05T09:03:38.313619+00:00
2017-04-03,^KS200,281.600006,yahoo,KRW,2026-06-05T09:03:38.313619+00:00
2017-04-04,^KS200,280.920013,yahoo,KRW,2026-06-05T09:03:38.313619+00:00
2017-04-05,^KS200,280.73999,yahoo,KRW,2026-06-05T09:03:38.313619+00:00
2017-04-06,^KS200,279.470001,yahoo,KRW,2026-06-05T09:03:38.313619+00:00
2017-04-07,^KS200,279.01001,yahoo,KRW,2026-06-05T09:03:38.313619+00:00
2017-04-10,^KS200,277.209991,yahoo,KRW,2026-06-05T09:03:38.313619+00:00
2017-04-11,^KS200,275.48999,yahoo,KRW,2026-06-05T09:03:38.313619+00:00
2017-04-12,^KS200,276.209991,yahoo,KRW,2026-06-05T09:03:38.313619+00:00
2017-04-13,^KS200,279.119995,yahoo,KRW,2026-06-05T09:03:38.313619+00:00
2017-04-17,^KS200,278.100006,yahoo,KRW,2026-06-05T09:03:38.313619+00:00
2017-04-18,^KS200,278.230011,yahoo,KRW,2026-06-05T09:03:38.313619+00:00
2017-04-19,^KS200,276.48999,yahoo,KRW,2026-06-05T09:03:38.313619+00:00
2017-04-20,^KS200,277.76001,yahoo,KRW,2026-06-05T09:03:38.313619+00:00
2017-04-21,^KS200,280.049988,yahoo,KRW,2026-06-05T09:03:38.313619+00:00
2017-04-24,^KS200,281.959991,yahoo,KRW,2026-06-05T09:03:38.313619+00:00
2017-04-25,^KS200,285.410004,yahoo,KRW,2026-06-05T09:03:38.313619+00:00
2017-04-26,^KS200,286.779999,yahoo,KRW,2026-06-05T09:03:38.313619+00:00
2017-04-27,^KS200,287.339996,yahoo,KRW,2026-06-05T09:03:38.313619+00:00
2017-04-28,^KS200,287.209991,yahoo,KRW,2026-06-05T09:03:38.313619+00:00
2017-05-02,^KS200,289.649994,yahoo,KRW,2026-06-05T09:03:38.313619+00:00
2017-05-04,^KS200,292.470001,yahoo,KRW,2026-06-05T09:03:38.313619+00:00
2017-05-08,^KS200,299.859985,yahoo,KRW,2026-06-05T09:03:38.313619+00:00
2017-05-10,^KS200,296.190002,yahoo,KRW,2026-06-05T09:03:38.313619+00:00
2017-05-11,^KS200,299.75,yahoo,KRW,2026-06-05T09:03:38.313619+00:00
2017-05-12,^KS200,298.25,yahoo,KRW,2026-06-05T09:03:38.313619+00:00
2017-05-15,^KS200,298.869995,yahoo,KRW,2026-06-05T09:03:38.313619+00:00
2017-05-16,^KS200,299.670013,yahoo,KRW,2026-06-05T09:03:38.313619+00:00
2017-05-17,^KS200,299.339996,yahoo,KRW,2026-06-05T09:03:38.313619+00:00
2017-05-18,^KS200,298.470001,yahoo,KRW,2026-06-05T09:03:38.313619+00:00
2017-05-19,^KS200,298.079987,yahoo,KRW,2026-06-05T09:03:38.313619+00:00
2017-05-22,^KS200,300.630005,yahoo,KRW,2026-06-05T09:03:38.313619+00:00
2017-05-23,^KS200,301.359985,yahoo,KRW,2026-06-05T09:03:38.313619+00:00
2017-05-24,^KS200,301.709991,yahoo,KRW,2026-06-05T09:03:38.313619+00:00
2017-05-25,^KS200,305.220001,yahoo,KRW,2026-06-05T09:03:38.313619+00:00
2017-05-26,^KS200,306.959991,yahoo,KRW,2026-06-05T09:03:38.313619+00:00
2017-05-29,^KS200,306.519989,yahoo,KRW,2026-06-05T09:03:38.313619+00:00
2017-05-30,^KS200,304.589996,yahoo,KRW,2026-06-05T09:03:38.313619+00:00
2017-05-31,^KS200,304.670013,yahoo,KRW,2026-06-05T09:03:38.313619+00:00
2017-06-01,^KS200,304.029999,yahoo,KRW,2026-06-05T09:03:38.313619+00:00
2017-06-02,^KS200,307.829987,yahoo,KRW,2026-06-05T09:03:38.313619+00:00
2017-06-05,^KS200,307.329987,yahoo,KRW,2026-06-05T09:03:38.313619+00:00
2017-06-07,^KS200,305.679993,yahoo,KRW,2026-06-05T09:03:38.313619+00:00
2017-06-08,^KS200,306.25,yahoo,KRW,2026-06-05T09:03:38.313619+00:00
2017-06-09,^KS200,309.380005,yahoo,KRW,2026-06-05T09:03:38.313619+00:00
2017-06-12,^KS200,306.23999,yahoo,KRW,2026-06-05T09:03:38.313619+00:00
2017-06-13,^KS200,308.019989,yahoo,KRW,2026-06-05T09:03:38.313619+00:00
2017-06-14,^KS200,307.950012,yahoo,KRW,2026-06-05T09:03:38.313619+00:00
2017-06-15,^KS200,306.690002,yahoo,KRW,2026-06-05T09:03:38.313619+00:00
2017-06-16,^KS200,306.790009,yahoo,KRW,2026-06-05T09:03:38.313619+00:00
2017-06-19,^KS200,308.609985,yahoo,KRW,2026-06-05T09:03:38.313619+00:00
2017-06-20,^KS200,309.309998,yahoo,KRW,2026-06-05T09:03:38.313619+00:00
2017-06-21,^KS200,307.519989,yahoo,KRW,2026-06-05T09:03:38.313619+00:00
2017-06-22,^KS200,309.470001,yahoo,KRW,2026-06-05T09:03:38.313619+00:00
2017-06-23,^KS200,310.26001,yahoo,KRW,2026-06-05T09:03:38.313619+00:00
2017-06-26,^KS200,311.890015,yahoo,KRW,2026-06-05T09:03:38.313619+00:00
2017-06-27,^KS200,312.119995,yahoo,KRW,2026-06-05T09:03:38.313619+00:00
2017-06-28,^KS200,310.839996,yahoo,KRW,2026-06-05T09:03:38.313619+00:00
2017-06-29,^KS200,312.559998,yahoo,KRW,2026-06-05T09:03:38.313619+00:00
2017-06-30,^KS200,311.76001,yahoo,KRW,2026-06-05T09:03:38.313619+00:00
2017-07-03,^KS200,312.390015,yahoo,KRW,2026-06-05T09:03:38.313619+00:00
2017-07-04,^KS200,310.459991,yahoo,KRW,2026-06-05T09:03:38.313619+00:00
2017-07-05,^KS200,311.769989,yahoo,KRW,2026-06-05T09:03:38.313619+00:00
2017-07-06,^KS200,311.880005,yahoo,KRW,2026-06-05T09:03:38.313619+00:00
2017-07-07,^KS200,310.660004,yahoo,KRW,2026-06-05T09:03:38.313619+00:00
2017-07-10,^KS200,311.459991,yahoo,KRW,2026-06-05T09:03:38.313619+00:00
2017-07-11,^KS200,313.589996,yahoo,KRW,2026-06-05T09:03:38.313619+00:00
2017-07-12,^KS200,313.579987,yahoo,KRW,2026-06-05T09:03:38.313619+00:00
2017-07-13,^KS200,316.350006,yahoo,KRW,2026-06-05T09:03:38.313619+00:00
2017-07-14,^KS200,317.350006,yahoo,KRW,2026-06-05T09:03:38.313619+00:00
2017-07-17,^KS200,318.519989,yahoo,KRW,2026-06-05T09:03:38.313619+00:00
2017-07-18,^KS200,318.649994,yahoo,KRW,2026-06-05T09:03:38.313619+00:00
2017-07-19,^KS200,318.910004,yahoo,KRW,2026-06-05T09:03:38.313619+00:00
2017-07-20,^KS200,320.609985,yahoo,KRW,2026-06-05T09:03:38.313619+00:00
2017-07-21,^KS200,321.790009,yahoo,KRW,2026-06-05T09:03:38.313619+00:00
2017-07-24,^KS200,322.01001,yahoo,KRW,2026-06-05T09:03:38.313619+00:00
2017-07-25,^KS200,320.149994,yahoo,KRW,2026-06-05T09:03:38.313619+00:00
2017-07-26,^KS200,319.459991,yahoo,KRW,2026-06-05T09:03:38.313619+00:00
2017-07-27,^KS200,320.51001,yahoo,KRW,2026-06-05T09:03:38.313619+00:00
2017-07-28,^KS200,314.130005,yahoo,KRW,2026-06-05T09:03:38.313619+00:00
2017-07-31,^KS200,314.600006,yahoo,KRW,2026-06-05T09:03:38.313619+00:00
2017-08-01,^KS200,317.040009,yahoo,KRW,2026-06-05T09:03:38.313619+00:00
2017-08-02,^KS200,317.690002,yahoo,KRW,2026-06-05T09:03:38.313619+00:00
2017-08-03,^KS200,312.290009,yahoo,KRW,2026-06-05T09:03:38.313619+00:00
2017-08-04,^KS200,313.459991,yahoo,KRW,2026-06-05T09:03:38.313619+00:00
2017-08-07,^KS200,313.959991,yahoo,KRW,2026-06-05T09:03:38.313619+00:00
2017-08-08,^KS200,313.399994,yahoo,KRW,2026-06-05T09:03:38.313619+00:00
2017-08-09,^KS200,309.519989,yahoo,KRW,2026-06-05T09:03:38.313619+00:00
2017-08-10,^KS200,308.369995,yahoo,KRW,2026-06-05T09:03:38.313619+00:00
2017-08-11,^KS200,302.720001,yahoo,KRW,2026-06-05T09:03:38.313619+00:00
2017-08-14,^KS200,304.929993,yahoo,KRW,2026-06-05T09:03:38.313619+00:00
2017-08-16,^KS200,307.160004,yahoo,KRW,2026-06-05T09:03:38.313619+00:00
2017-08-17,^KS200,309.019989,yahoo,KRW,2026-06-05T09:03:38.313619+00:00
2017-08-18,^KS200,308.390015,yahoo,KRW,2026-06-05T09:03:38.313619+00:00
2017-08-21,^KS200,308.140015,yahoo,KRW,2026-06-05T09:03:38.313619+00:00
2017-08-22,^KS200,309.339996,yahoo,KRW,2026-06-05T09:03:38.313619+00:00
2017-08-23,^KS200,309.709991,yahoo,KRW,2026-06-05T09:03:38.313619+00:00
2017-08-24,^KS200,310.730011,yahoo,KRW,2026-06-05T09:03:38.313619+00:00
2017-08-25,^KS200,311.209991,yahoo,KRW,2026-06-05T09:03:38.313619+00:00
2017-08-28,^KS200,309.529999,yahoo,KRW,2026-06-05T09:03:38.313619+00:00
2017-08-29,^KS200,308.640015,yahoo,KRW,2026-06-05T09:03:38.313619+00:00
2017-08-30,^KS200,309.649994,yahoo,KRW,2026-06-05T09:03:38.313619+00:00
2017-08-31,^KS200,308.279999,yahoo,KRW,2026-06-05T09:03:38.313619+00:00
2017-09-01,^KS200,307.779999,yahoo,KRW,2026-06-05T09:03:38.313619+00:00
2017-09-05,^KS200,304.059998,yahoo,KRW,2026-06-05T09:03:38.313619+00:00
2017-09-06,^KS200,303.179993,yahoo,KRW,2026-06-05T09:03:38.313619+00:00
2017-09-07,^KS200,306.970001,yahoo,KRW,2026-06-05T09:03:38.313619+00:00
2017-09-08,^KS200,307.429993,yahoo,KRW,2026-06-05T09:03:38.313619+00:00
2017-09-11,^KS200,309.829987,yahoo,KRW,2026-06-05T09:03:38.313619+00:00
2017-09-12,^KS200,310.420013,yahoo,KRW,2026-06-05T09:03:38.313619+00:00
2017-09-13,^KS200,310.0,yahoo,KRW,2026-06-05T09:03:38.313619+00:00
2017-09-14,^KS200,312.519989,yahoo,KRW,2026-06-05T09:03:38.313619+00:00
2017-09-15,^KS200,313.690002,yahoo,KRW,2026-06-05T09:03:38.313619+00:00
2017-09-18,^KS200,318.929993,yahoo,KRW,2026-06-05T09:03:38.313619+00:00
2017-09-19,^KS200,318.51001,yahoo,KRW,2026-06-05T09:03:38.313619+00:00
2017-09-20,^KS200,318.480011,yahoo,KRW,2026-06-05T09:03:38.313619+00:00
2017-09-21,^KS200,318.25,yahoo,KRW,2026-06-05T09:03:38.313619+00:00
2017-09-25,^KS200,316.399994,yahoo,KRW,2026-06-05T09:03:38.313619+00:00
2017-09-26,^KS200,314.290009,yahoo,KRW,2026-06-05T09:03:38.313619+00:00
2017-09-27,^KS200,313.820007,yahoo,KRW,2026-06-05T09:03:38.313619+00:00
2017-09-28,^KS200,313.850006,yahoo,KRW,2026-06-05T09:03:38.313619+00:00
2017-09-29,^KS200,316.269989,yahoo,KRW,2026-06-05T09:03:38.313619+00:00
2017-10-10,^KS200,322.48999,yahoo,KRW,2026-06-05T09:03:38.313619+00:00
2017-10-11,^KS200,326.119995,yahoo,KRW,2026-06-05T09:03:38.313619+00:00
2017-10-12,^KS200,328.109985,yahoo,KRW,2026-06-05T09:03:38.313619+00:00
2017-10-13,^KS200,327.350006,yahoo,KRW,2026-06-05T09:03:38.313619+00:00
2017-10-16,^KS200,327.820007,yahoo,KRW,2026-06-05T09:03:38.313619+00:00
2017-10-17,^KS200,328.51001,yahoo,KRW,2026-06-05T09:03:38.313619+00:00
2017-10-18,^KS200,328.399994,yahoo,KRW,2026-06-05T09:03:38.313619+00:00
2017-10-19,^KS200,326.470001,yahoo,KRW,2026-06-05T09:03:38.313619+00:00
2017-10-20,^KS200,328.890015,yahoo,KRW,2026-06-05T09:03:38.313619+00:00
2017-10-23,^KS200,329.450012,yahoo,KRW,2026-06-05T09:03:38.313619+00:00
2017-10-24,^KS200,328.959991,yahoo,KRW,2026-06-05T09:03:38.313619+00:00
2017-10-25,^KS200,329.309998,yahoo,KRW,2026-06-05T09:03:38.313619+00:00
2017-10-26,^KS200,326.98999,yahoo,KRW,2026-06-05T09:03:38.313619+00:00
2017-10-27,^KS200,329.230011,yahoo,KRW,2026-06-05T09:03:38.313619+00:00
2017-10-30,^KS200,330.380005,yahoo,KRW,2026-06-05T09:03:38.313619+00:00
2017-10-31,^KS200,333.570007,yahoo,KRW,2026-06-05T09:03:38.313619+00:00
2017-11-01,^KS200,338.76001,yahoo,KRW,2026-06-05T09:03:38.313619+00:00
2017-11-02,^KS200,337.529999,yahoo,KRW,2026-06-05T09:03:38.313619+00:00
2017-11-03,^KS200,338.829987,yahoo,KRW,2026-06-05T09:03:38.313619+00:00
2017-11-06,^KS200,337.399994,yahoo,KRW,2026-06-05T09:03:38.313619+00:00
2017-11-07,^KS200,336.76001,yahoo,KRW,2026-06-05T09:03:38.313619+00:00
2017-11-08,^KS200,337.799988,yahoo,KRW,2026-06-05T09:03:38.313619+00:00
2017-11-09,^KS200,337.140015,yahoo,KRW,2026-06-05T09:03:38.313619+00:00
2017-11-10,^KS200,335.959991,yahoo,KRW,2026-06-05T09:03:38.313619+00:00
2017-11-13,^KS200,334.329987,yahoo,KRW,2026-06-05T09:03:38.313619+00:00
2017-11-14,^KS200,333.619995,yahoo,KRW,2026-06-05T09:03:38.313619+00:00
2017-11-15,^KS200,332.170013,yahoo,KRW,2026-06-05T09:03:38.313619+00:00
2017-11-16,^KS200,334.359985,yahoo,KRW,2026-06-05T09:03:38.313619+00:00
2017-11-17,^KS200,334.179993,yahoo,KRW,2026-06-05T09:03:38.313619+00:00
2017-11-20,^KS200,332.920013,yahoo,KRW,2026-06-05T09:03:38.313619+00:00
2017-11-21,^KS200,333.51001,yahoo,KRW,2026-06-05T09:03:38.313619+00:00
2017-11-22,^KS200,335.48999,yahoo,KRW,2026-06-05T09:03:38.313619+00:00
2017-11-23,^KS200,334.51001,yahoo,KRW,2026-06-05T09:03:38.313619+00:00
2017-11-24,^KS200,335.440002,yahoo,KRW,2026-06-05T09:03:38.313619+00:00
2017-11-27,^KS200,329.529999,yahoo,KRW,2026-06-05T09:03:38.313619+00:00
2017-11-28,^KS200,330.98999,yahoo,KRW,2026-06-05T09:03:38.313619+00:00
2017-11-29,^KS200,330.679993,yahoo,KRW,2026-06-05T09:03:38.313619+00:00
2017-11-30,^KS200,325.25,yahoo,KRW,2026-06-05T09:03:38.313619+00:00
2017-12-01,^KS200,324.779999,yahoo,KRW,2026-06-05T09:03:38.313619+00:00
2017-12-04,^KS200,328.769989,yahoo,KRW,2026-06-05T09:03:38.313619+00:00
2017-12-05,^KS200,329.609985,yahoo,KRW,2026-06-05T09:03:38.313619+00:00
2017-12-06,^KS200,324.519989,yahoo,KRW,2026-06-05T09:03:38.313619+00:00
2017-12-07,^KS200,323.589996,yahoo,KRW,2026-06-05T09:03:38.313619+00:00
2017-12-08,^KS200,324.679993,yahoo,KRW,2026-06-05T09:03:38.313619+00:00
2017-12-11,^KS200,325.089996,yahoo,KRW,2026-06-05T09:03:38.313619+00:00
2017-12-12,^KS200,324.070007,yahoo,KRW,2026-06-05T09:03:38.313619+00:00
2017-12-13,^KS200,326.179993,yahoo,KRW,2026-06-05T09:03:38.313619+00:00
2017-12-14,^KS200,324.73999,yahoo,KRW,2026-06-05T09:03:38.313619+00:00
2017-12-15,^KS200,326.230011,yahoo,KRW,2026-06-05T09:03:38.313619+00:00
2017-12-18,^KS200,326.600006,yahoo,KRW,2026-06-05T09:03:38.313619+00:00
2017-12-19,^KS200,326.76001,yahoo,KRW,2026-06-05T09:03:38.313619+00:00
2017-12-21,^KS200,319.720001,yahoo,KRW,2026-06-05T09:03:38.313619+00:00
2017-12-22,^KS200,321.209991,yahoo,KRW,2026-06-05T09:03:38.313619+00:00
2017-12-26,^KS200,318.890015,yahoo,KRW,2026-06-05T09:03:38.313619+00:00
2017-12-27,^KS200,320.25,yahoo,KRW,2026-06-05T09:03:38.313619+00:00
2017-12-28,^KS200,324.73999,yahoo,KRW,2026-06-05T09:03:38.313619+00:00
2018-01-02,^KS200,326.0,yahoo,KRW,2026-06-05T09:03:38.313619+00:00
2018-01-03,^KS200,327.130005,yahoo,KRW,2026-06-05T09:03:38.313619+00:00
2018-01-04,^KS200,324.579987,yahoo,KRW,2026-06-05T09:03:38.313619+00:00
2018-01-05,^KS200,328.970001,yahoo,KRW,2026-06-05T09:03:38.313619+00:00
2018-01-08,^KS200,331.279999,yahoo,KRW,2026-06-05T09:03:38.313619+00:00
2018-01-09,^KS200,330.25,yahoo,KRW,2026-06-05T09:03:38.313619+00:00
2018-01-10,^KS200,327.609985,yahoo,KRW,2026-06-05T09:03:38.313619+00:00
2018-01-11,^KS200,325.670013,yahoo,KRW,2026-06-05T09:03:38.313619+00:00
2018-01-12,^KS200,326.720001,yahoo,KRW,2026-06-05T09:03:38.313619+00:00
2018-01-15,^KS200,327.390015,yahoo,KRW,2026-06-05T09:03:38.313619+00:00
2018-01-16,^KS200,330.019989,yahoo,KRW,2026-06-05T09:03:38.313619+00:00
2018-01-17,^KS200,329.190002,yahoo,KRW,2026-06-05T09:03:38.313619+00:00
2018-01-18,^KS200,329.130005,yahoo,KRW,2026-06-05T09:03:38.313619+00:00
2018-01-19,^KS200,329.519989,yahoo,KRW,2026-06-05T09:03:38.313619+00:00
2018-01-22,^KS200,326.269989,yahoo,KRW,2026-06-05T09:03:38.313619+00:00
2018-01-23,^KS200,330.929993,yahoo,KRW,2026-06-05T09:03:38.313619+00:00
2018-01-24,^KS200,330.910004,yahoo,KRW,2026-06-05T09:03:38.313619+00:00
2018-01-25,^KS200,334.079987,yahoo,KRW,2026-06-05T09:03:38.313619+00:00
2018-01-26,^KS200,335.380005,yahoo,KRW,2026-06-05T09:03:38.313619+00:00
2018-01-29,^KS200,338.049988,yahoo,KRW,2026-06-05T09:03:38.313619+00:00
2018-01-30,^KS200,333.399994,yahoo,KRW,2026-06-05T09:03:38.313619+00:00
2018-01-31,^KS200,333.380005,yahoo,KRW,2026-06-05T09:03:38.313619+00:00
2018-02-01,^KS200,333.359985,yahoo,KRW,2026-06-05T09:03:38.313619+00:00
2018-02-02,^KS200,327.01001,yahoo,KRW,2026-06-05T09:03:38.313619+00:00
2018-02-05,^KS200,323.290009,yahoo,KRW,2026-06-05T09:03:38.313619+00:00
2018-02-06,^KS200,318.01001,yahoo,KRW,2026-06-05T09:03:38.313619+00:00
2018-02-07,^KS200,310.480011,yahoo,KRW,2026-06-05T09:03:38.313619+00:00
2018-02-08,^KS200,311.619995,yahoo,KRW,2026-06-05T09:03:38.313619+00:00
2018-02-09,^KS200,304.829987,yahoo,KRW,2026-06-05T09:03:38.313619+00:00
2018-02-12,^KS200,308.130005,yahoo,KRW,2026-06-05T09:03:38.313619+00:00
2018-02-13,^KS200,310.869995,yahoo,KRW,2026-06-05T09:03:38.313619+00:00
2018-02-14,^KS200,314.399994,yahoo,KRW,2026-06-05T09:03:38.313619+00:00
2018-02-19,^KS200,316.609985,yahoo,KRW,2026-06-05T09:03:38.313619+00:00
2018-02-20,^KS200,312.829987,yahoo,KRW,2026-06-05T09:03:38.313619+00:00
2018-02-21,^KS200,314.470001,yahoo,KRW,2026-06-05T09:03:38.313619+00:00
2018-02-22,^KS200,312.170013,yahoo,KRW,2026-06-05T09:03:38.313619+00:00
2018-02-23,^KS200,316.809998,yahoo,KRW,2026-06-05T09:03:38.313619+00:00
2018-02-26,^KS200,317.339996,yahoo,KRW,2026-06-05T09:03:38.313619+00:00
2018-02-27,^KS200,316.829987,yahoo,KRW,2026-06-05T09:03:38.313619+00:00
2018-02-28,^KS200,312.859985,yahoo,KRW,2026-06-05T09:03:38.313619+00:00
2018-03-02,^KS200,308.350006,yahoo,KRW,2026-06-05T09:03:38.313619+00:00
2018-03-05,^KS200,304.579987,yahoo,KRW,2026-06-05T09:03:38.313619+00:00
2018-03-06,^KS200,310.459991,yahoo,KRW,2026-06-05T09:03:38.313619+00:00
2018-03-07,^KS200,311.140015,yahoo,KRW,2026-06-05T09:03:38.313619+00:00
2018-03-08,^KS200,314.779999,yahoo,KRW,2026-06-05T09:03:38.313619+00:00
2018-03-09,^KS200,317.670013,yahoo,KRW,2026-06-05T09:03:38.313619+00:00
2018-03-12,^KS200,320.700012,yahoo,KRW,2026-06-05T09:03:38.313619+00:00
2018-03-13,^KS200,322.980011,yahoo,KRW,2026-06-05T09:03:38.313619+00:00
2018-03-14,^KS200,321.98999,yahoo,KRW,2026-06-05T09:03:38.313619+00:00
2018-03-15,^KS200,322.73999,yahoo,KRW,2026-06-05T09:03:38.313619+00:00
2018-03-16,^KS200,322.880005,yahoo,KRW,2026-06-05T09:03:38.313619+00:00
2018-03-19,^KS200,320.350006,yahoo,KRW,2026-06-05T09:03:38.313619+00:00
2018-03-20,^KS200,321.790009,yahoo,KRW,2026-06-05T09:03:38.313619+00:00
2018-03-21,^KS200,321.600006,yahoo,KRW,2026-06-05T09:03:38.313619+00:00
2018-03-22,^KS200,323.320007,yahoo,KRW,2026-06-05T09:03:38.313619+00:00
2018-03-23,^KS200,312.420013,yahoo,KRW,2026-06-05T09:03:38.313619+00:00
2018-03-26,^KS200,314.890015,yahoo,KRW,2026-06-05T09:03:38.313619+00:00
2018-03-27,^KS200,316.339996,yahoo,KRW,2026-06-05T09:03:38.313619+00:00
2018-03-28,^KS200,311.809998,yahoo,KRW,2026-06-05T09:03:38.313619+00:00
2018-03-29,^KS200,313.820007,yahoo,KRW,2026-06-05T09:03:38.313619+00:00
2018-03-30,^KS200,314.609985,yahoo,KRW,2026-06-05T09:03:38.313619+00:00
2018-04-02,^KS200,314.0,yahoo,KRW,2026-06-05T09:03:38.313619+00:00
2018-04-03,^KS200,313.380005,yahoo,KRW,2026-06-05T09:03:38.313619+00:00
2018-04-04,^KS200,308.540009,yahoo,KRW,2026-06-05T09:03:38.313619+00:00
2018-04-05,^KS200,313.040009,yahoo,KRW,2026-06-05T09:03:38.313619+00:00
2018-04-06,^KS200,311.609985,yahoo,KRW,2026-06-05T09:03:38.313619+00:00
2018-04-09,^KS200,313.450012,yahoo,KRW,2026-06-05T09:03:38.313619+00:00
2018-04-10,^KS200,313.940002,yahoo,KRW,2026-06-05T09:03:38.313619+00:00
2018-04-11,^KS200,312.940002,yahoo,KRW,2026-06-05T09:03:38.313619+00:00
2018-04-12,^KS200,313.220001,yahoo,KRW,2026-06-05T09:03:38.313619+00:00
2018-04-13,^KS200,314.859985,yahoo,KRW,2026-06-05T09:03:38.313619+00:00
2018-04-16,^KS200,315.170013,yahoo,KRW,2026-06-05T09:03:38.313619+00:00
2018-04-17,^KS200,314.640015,yahoo,KRW,2026-06-05T09:03:38.313619+00:00
2018-04-18,^KS200,318.640015,yahoo,KRW,2026-06-05T09:03:38.313619+00:00
2018-04-19,^KS200,320.119995,yahoo,KRW,2026-06-05T09:03:38.313619+00:00
2018-04-20,^KS200,317.890015,yahoo,KRW,2026-06-05T09:03:38.313619+00:00
2018-04-23,^KS200,317.890015,yahoo,KRW,2026-06-05T09:03:38.313619+00:00
2018-04-24,^KS200,315.859985,yahoo,KRW,2026-06-05T09:03:38.313619+00:00
2018-04-25,^KS200,313.98999,yahoo,KRW,2026-06-05T09:03:38.313619+00:00
2018-04-26,^KS200,318.079987,yahoo,KRW,2026-06-05T09:03:38.313619+00:00
2018-04-27,^KS200,320.799988,yahoo,KRW,2026-06-05T09:03:38.313619+00:00
2018-04-30,^KS200,323.559998,yahoo,KRW,2026-06-05T09:03:38.313619+00:00
2018-05-02,^KS200,322.529999,yahoo,KRW,2026-06-05T09:03:38.313619+00:00
2018-05-03,^KS200,320.549988,yahoo,KRW,2026-06-05T09:03:38.313619+00:00
2018-05-04,^KS200,316.75,yahoo,KRW,2026-06-05T09:03:38.313619+00:00
2018-05-08,^KS200,315.869995,yahoo,KRW,2026-06-05T09:03:38.313619+00:00
2018-05-09,^KS200,314.420013,yahoo,KRW,2026-06-05T09:03:38.313619+00:00
2018-05-10,^KS200,317.309998,yahoo,KRW,2026-06-05T09:03:38.313619+00:00
2018-05-11,^KS200,318.51001,yahoo,KRW,2026-06-05T09:03:38.313619+00:00
2018-05-14,^KS200,317.720001,yahoo,KRW,2026-06-05T09:03:38.313619+00:00
2018-05-15,^KS200,314.940002,yahoo,KRW,2026-06-05T09:03:38.313619+00:00
2018-05-16,^KS200,315.970001,yahoo,KRW,2026-06-05T09:03:38.313619+00:00
2018-05-17,^KS200,314.290009,yahoo,KRW,2026-06-05T09:03:38.313619+00:00
2018-05-18,^KS200,315.369995,yahoo,KRW,2026-06-05T09:03:38.313619+00:00
2018-05-21,^KS200,316.25,yahoo,KRW,2026-06-05T09:03:38.313619+00:00
2018-05-23,^KS200,318.309998,yahoo,KRW,2026-06-05T09:03:38.313619+00:00
2018-05-24,^KS200,317.480011,yahoo,KRW,2026-06-05T09:03:38.313619+00:00
2018-05-25,^KS200,318.049988,yahoo,KRW,2026-06-05T09:03:38.313619+00:00
2018-05-28,^KS200,318.98999,yahoo,KRW,2026-06-05T09:03:38.313619+00:00
2018-05-29,^KS200,316.200012,yahoo,KRW,2026-06-05T09:03:38.313619+00:00
2018-05-30,^KS200,309.26001,yahoo,KRW,2026-06-05T09:03:38.313619+00:00
2018-05-31,^KS200,310.920013,yahoo,KRW,2026-06-05T09:03:38.313619+00:00
2018-06-01,^KS200,313.220001,yahoo,KRW,2026-06-05T09:03:38.313619+00:00
2018-06-04,^KS200,314.839996,yahoo,KRW,2026-06-05T09:03:38.313619+00:00
2018-06-05,^KS200,315.76001,yahoo,KRW,2026-06-05T09:03:38.313619+00:00
2018-06-07,^KS200,317.670013,yahoo,KRW,2026-06-05T09:03:38.313619+00:00
2018-06-08,^KS200,314.970001,yahoo,KRW,2026-06-05T09:03:38.313619+00:00
2018-06-11,^KS200,317.220001,yahoo,KRW,2026-06-05T09:03:38.313619+00:00
2018-06-12,^KS200,316.839996,yahoo,KRW,2026-06-05T09:03:38.313619+00:00
2018-06-14,^KS200,311.200012,yahoo,KRW,2026-06-05T09:03:38.313619+00:00
2018-06-15,^KS200,308.730011,yahoo,KRW,2026-06-05T09:03:38.313619+00:00
2018-06-18,^KS200,305.350006,yahoo,KRW,2026-06-05T09:03:38.313619+00:00
2018-06-19,^KS200,301.350006,yahoo,KRW,2026-06-05T09:03:38.313619+00:00
2018-06-20,^KS200,304.019989,yahoo,KRW,2026-06-05T09:03:38.313619+00:00
2018-06-21,^KS200,301.019989,yahoo,KRW,2026-06-05T09:03:38.313619+00:00
2018-06-22,^KS200,303.690002,yahoo,KRW,2026-06-05T09:03:38.313619+00:00
2018-06-25,^KS200,303.369995,yahoo,KRW,2026-06-05T09:03:38.313619+00:00
2018-06-26,^KS200,302.76001,yahoo,KRW,2026-06-05T09:03:38.313619+00:00
2018-06-27,^KS200,302.25,yahoo,KRW,2026-06-05T09:03:38.313619+00:00
2018-06-28,^KS200,298.26001,yahoo,KRW,2026-06-05T09:03:38.313619+00:00
2018-06-29,^KS200,299.660004,yahoo,KRW,2026-06-05T09:03:38.313619+00:00
2018-07-02,^KS200,292.929993,yahoo,KRW,2026-06-05T09:03:38.313619+00:00
2018-07-03,^KS200,293.350006,yahoo,KRW,2026-06-05T09:03:38.313619+00:00
2018-07-04,^KS200,292.26001,yahoo,KRW,2026-06-05T09:03:38.313619+00:00
2018-07-05,^KS200,291.630005,yahoo,KRW,2026-06-05T09:03:38.313619+00:00
2018-07-06,^KS200,293.109985,yahoo,KRW,2026-06-05T09:03:38.313619+00:00
2018-07-09,^KS200,295.200012,yahoo,KRW,2026-06-05T09:03:38.313619+00:00
2018-07-10,^KS200,296.190002,yahoo,KRW,2026-06-05T09:03:38.313619+00:00
2018-07-11,^KS200,294.429993,yahoo,KRW,2026-06-05T09:03:38.313619+00:00
2018-07-12,^KS200,294.410004,yahoo,KRW,2026-06-05T09:03:38.313619+00:00
2018-07-13,^KS200,298.649994,yahoo,KRW,2026-06-05T09:03:38.313619+00:00
2018-07-16,^KS200,297.369995,yahoo,KRW,2026-06-05T09:03:38.313619+00:00
2018-07-17,^KS200,296.880005,yahoo,KRW,2026-06-05T09:03:38.313619+00:00
2018-07-18,^KS200,296.470001,yahoo,KRW,2026-06-05T09:03:38.313619+00:00
2018-07-19,^KS200,295.899994,yahoo,KRW,2026-06-05T09:03:38.313619+00:00
2018-07-20,^KS200,296.950012,yahoo,KRW,2026-06-05T09:03:38.313619+00:00
2018-07-23,^KS200,294.559998,yahoo,KRW,2026-06-05T09:03:38.313619+00:00
2018-07-24,^KS200,295.48999,yahoo,KRW,2026-06-05T09:03:38.313619+00:00
2018-07-25,^KS200,294.850006,yahoo,KRW,2026-06-05T09:03:38.313619+00:00
2018-07-26,^KS200,296.950012,yahoo,KRW,2026-06-05T09:03:38.313619+00:00
2018-07-27,^KS200,297.779999,yahoo,KRW,2026-06-05T09:03:38.313619+00:00
2018-07-30,^KS200,297.290009,yahoo,KRW,2026-06-05T09:03:38.313619+00:00
2018-07-31,^KS200,297.450012,yahoo,KRW,2026-06-05T09:03:38.313619+00:00
2018-08-01,^KS200,298.690002,yahoo,KRW,2026-06-05T09:03:38.313619+00:00
2018-08-02,^KS200,293.549988,yahoo,KRW,2026-06-05T09:03:38.313619+00:00
2018-08-03,^KS200,295.609985,yahoo,KRW,2026-06-05T09:03:38.313619+00:00
2018-08-06,^KS200,295.23999,yahoo,KRW,2026-06-05T09:03:38.313619+00:00
2018-08-07,^KS200,297.179993,yahoo,KRW,2026-06-05T09:03:38.313619+00:00
2018-08-08,^KS200,297.190002,yahoo,KRW,2026-06-05T09:03:38.313619+00:00
2018-08-09,^KS200,297.410004,yahoo,KRW,2026-06-05T09:03:38.313619+00:00
2018-08-10,^KS200,293.640015,yahoo,KRW,2026-06-05T09:03:38.313619+00:00
2018-08-13,^KS200,289.850006,yahoo,KRW,2026-06-05T09:03:38.313619+00:00
2018-08-14,^KS200,291.079987,yahoo,KRW,2026-06-05T09:03:38.313619+00:00
2018-08-16,^KS200,288.23999,yahoo,KRW,2026-06-05T09:03:38.313619+00:00
2018-08-17,^KS200,288.570007,yahoo,KRW,2026-06-05T09:03:38.313619+00:00
2018-08-20,^KS200,288.609985,yahoo,KRW,2026-06-05T09:03:38.313619+00:00
2018-08-21,^KS200,291.929993,yahoo,KRW,2026-06-05T09:03:38.313619+00:00
2018-08-22,^KS200,293.0,yahoo,KRW,2026-06-05T09:03:38.313619+00:00
2018-08-23,^KS200,294.290009,yahoo,KRW,2026-06-05T09:03:38.313619+00:00
2018-08-24,^KS200,295.540009,yahoo,KRW,2026-06-05T09:03:38.313619+00:00
2018-08-27,^KS200,296.829987,yahoo,KRW,2026-06-05T09:03:38.313619+00:00
2018-08-28,^KS200,297.220001,yahoo,KRW,2026-06-05T09:03:38.313619+00:00
2018-08-29,^KS200,298.049988,yahoo,KRW,2026-06-05T09:03:38.313619+00:00
2018-08-30,^KS200,298.049988,yahoo,KRW,2026-06-05T09:03:38.313619+00:00
2018-08-31,^KS200,300.070007,yahoo,KRW,2026-06-05T09:03:38.313619+00:00
2018-09-03,^KS200,297.48999,yahoo,KRW,2026-06-05T09:03:38.313619+00:00
2018-09-04,^KS200,298.799988,yahoo,KRW,2026-06-05T09:03:38.313619+00:00
2018-09-05,^KS200,294.959991,yahoo,KRW,2026-06-05T09:03:38.313619+00:00
2018-09-06,^KS200,294.279999,yahoo,KRW,2026-06-05T09:03:38.313619+00:00
2018-09-07,^KS200,292.859985,yahoo,KRW,2026-06-05T09:03:38.313619+00:00
2018-09-10,^KS200,293.700012,yahoo,KRW,2026-06-05T09:03:38.313619+00:00
2018-09-11,^KS200,292.459991,yahoo,KRW,2026-06-05T09:03:38.313619+00:00
2018-09-12,^KS200,292.350006,yahoo,KRW,2026-06-05T09:03:38.313619+00:00
2018-09-13,^KS200,292.420013,yahoo,KRW,2026-06-05T09:03:38.313619+00:00
2018-09-14,^KS200,297.290009,yahoo,KRW,2026-06-05T09:03:38.313619+00:00
2018-09-17,^KS200,295.230011,yahoo,KRW,2026-06-05T09:03:38.313619+00:00
2018-09-18,^KS200,296.100006,yahoo,KRW,2026-06-05T09:03:38.313619+00:00
2018-09-19,^KS200,296.640015,yahoo,KRW,2026-06-05T09:03:38.313619+00:00
2018-09-20,^KS200,299.040009,yahoo,KRW,2026-06-05T09:03:38.313619+00:00
2018-09-21,^KS200,300.809998,yahoo,KRW,2026-06-05T09:03:38.313619+00:00
2018-09-27,^KS200,302.589996,yahoo,KRW,2026-06-05T09:03:38.313619+00:00
2018-09-28,^KS200,300.51001,yahoo,KRW,2026-06-05T09:03:38.313619+00:00
2018-10-01,^KS200,300.170013,yahoo,KRW,2026-06-05T09:03:38.313619+00:00
2018-10-02,^KS200,296.529999,yahoo,KRW,2026-06-05T09:03:38.313619+00:00
2018-10-04,^KS200,291.779999,yahoo,KRW,2026-06-05T09:03:38.313619+00:00
2018-10-05,^KS200,291.279999,yahoo,KRW,2026-06-05T09:03:38.313619+00:00
2018-10-08,^KS200,289.910004,yahoo,KRW,2026-06-05T09:03:38.313619+00:00
2018-10-10,^KS200,287.850006,yahoo,KRW,2026-06-05T09:03:38.313619+00:00
2018-10-11,^KS200,275.149994,yahoo,KRW,2026-06-05T09:03:38.313619+00:00
2018-10-12,^KS200,279.369995,yahoo,KRW,2026-06-05T09:03:38.313619+00:00
2018-10-15,^KS200,277.190002,yahoo,KRW,2026-06-05T09:03:38.313619+00:00
2018-10-16,^KS200,276.899994,yahoo,KRW,2026-06-05T09:03:38.313619+00:00
2018-10-17,^KS200,280.049988,yahoo,KRW,2026-06-05T09:03:38.313619+00:00
2018-10-18,^KS200,277.480011,yahoo,KRW,2026-06-05T09:03:38.313619+00:00
2018-10-19,^KS200,278.630005,yahoo,KRW,2026-06-05T09:03:38.313619+00:00
2018-10-22,^KS200,279.399994,yahoo,KRW,2026-06-05T09:03:38.313619+00:00
2018-10-23,^KS200,272.540009,yahoo,KRW,2026-06-05T09:03:38.313619+00:00
2018-10-24,^KS200,271.359985,yahoo,KRW,2026-06-05T09:03:38.313619+00:00
2018-10-25,^KS200,266.720001,yahoo,KRW,2026-06-05T09:03:38.313619+00:00
2018-10-26,^KS200,262.690002,yahoo,KRW,2026-06-05T09:03:38.313619+00:00
2018-10-29,^KS200,260.190002,yahoo,KRW,2026-06-05T09:03:38.313619+00:00
2018-10-30,^KS200,262.470001,yahoo,KRW,2026-06-05T09:03:38.313619+00:00
2018-10-31,^KS200,264.01001,yahoo,KRW,2026-06-05T09:03:38.313619+00:00
2018-11-01,^KS200,262.950012,yahoo,KRW,2026-06-05T09:03:38.313619+00:00
2018-11-02,^KS200,272.559998,yahoo,KRW,2026-06-05T09:03:38.313619+00:00
2018-11-05,^KS200,270.070007,yahoo,KRW,2026-06-05T09:03:38.313619+00:00
2018-11-06,^KS200,271.570007,yahoo,KRW,2026-06-05T09:03:38.313619+00:00
2018-11-07,^KS200,270.450012,yahoo,KRW,2026-06-05T09:03:38.313619+00:00
2018-11-08,^KS200,272.109985,yahoo,KRW,2026-06-05T09:03:38.313619+00:00
2018-11-09,^KS200,271.329987,yahoo,KRW,2026-06-05T09:03:38.313619+00:00
2018-11-12,^KS200,271.570007,yahoo,KRW,2026-06-05T09:03:38.313619+00:00
2018-11-13,^KS200,269.700012,yahoo,KRW,2026-06-05T09:03:38.313619+00:00
2018-11-14,^KS200,268.880005,yahoo,KRW,2026-06-05T09:03:38.313619+00:00
2018-11-15,^KS200,271.540009,yahoo,KRW,2026-06-05T09:03:38.313619+00:00
2018-11-16,^KS200,271.649994,yahoo,KRW,2026-06-05T09:03:38.313619+00:00
2018-11-19,^KS200,272.309998,yahoo,KRW,2026-06-05T09:03:38.313619+00:00
2018-11-20,^KS200,269.579987,yahoo,KRW,2026-06-05T09:03:38.313619+00:00
2018-11-21,^KS200,268.269989,yahoo,KRW,2026-06-05T09:03:38.313619+00:00
2018-11-22,^KS200,267.76001,yahoo,KRW,2026-06-05T09:03:38.313619+00:00
2018-11-23,^KS200,266.329987,yahoo,KRW,2026-06-05T09:03:38.313619+00:00
2018-11-26,^KS200,269.790009,yahoo,KRW,2026-06-05T09:03:38.313619+00:00
2018-11-27,^KS200,272.079987,yahoo,KRW,2026-06-05T09:03:38.313619+00:00
2018-11-28,^KS200,273.450012,yahoo,KRW,2026-06-05T09:03:38.313619+00:00
2018-11-29,^KS200,274.160004,yahoo,KRW,2026-06-05T09:03:38.313619+00:00
2018-11-30,^KS200,271.350006,yahoo,KRW,2026-06-05T09:03:38.313619+00:00
2018-12-03,^KS200,276.179993,yahoo,KRW,2026-06-05T09:03:38.313619+00:00
2018-12-04,^KS200,273.290009,yahoo,KRW,2026-06-05T09:03:38.313619+00:00
2018-12-05,^KS200,271.48999,yahoo,KRW,2026-06-05T09:03:38.313619+00:00
2018-12-06,^KS200,267.179993,yahoo,KRW,2026-06-05T09:03:38.313619+00:00
2018-12-07,^KS200,268.279999,yahoo,KRW,2026-06-05T09:03:38.313619+00:00
2018-12-10,^KS200,265.350006,yahoo,KRW,2026-06-05T09:03:38.313619+00:00
2018-12-11,^KS200,264.690002,yahoo,KRW,2026-06-05T09:03:38.313619+00:00
2018-12-12,^KS200,268.470001,yahoo,KRW,2026-06-05T09:03:38.313619+00:00
2018-12-13,^KS200,269.410004,yahoo,KRW,2026-06-05T09:03:38.313619+00:00
2018-12-14,^KS200,265.549988,yahoo,KRW,2026-06-05T09:03:38.313619+00:00
2018-12-17,^KS200,266.329987,yahoo,KRW,2026-06-05T09:03:38.313619+00:00
2018-12-18,^KS200,265.179993,yahoo,KRW,2026-06-05T09:03:38.313619+00:00
2018-12-19,^KS200,267.309998,yahoo,KRW,2026-06-05T09:03:38.313619+00:00
2018-12-20,^KS200,264.809998,yahoo,KRW,2026-06-05T09:03:38.313619+00:00
2018-12-21,^KS200,265.059998,yahoo,KRW,2026-06-05T09:03:38.313619+00:00
2018-12-24,^KS200,264.450012,yahoo,KRW,2026-06-05T09:03:38.313619+00:00
2018-12-26,^KS200,260.980011,yahoo,KRW,2026-06-05T09:03:38.313619+00:00
2018-12-27,^KS200,260.570007,yahoo,KRW,2026-06-05T09:03:38.313619+00:00
2018-12-28,^KS200,261.980011,yahoo,KRW,2026-06-05T09:03:38.313619+00:00
2019-01-02,^KS200,258.230011,yahoo,KRW,2026-06-05T09:03:38.313619+00:00
2019-01-03,^KS200,255.770004,yahoo,KRW,2026-06-05T09:03:38.313619+00:00
2019-01-04,^KS200,257.890015,yahoo,KRW,2026-06-05T09:03:38.313619+00:00
2019-01-07,^KS200,261.570007,yahoo,KRW,2026-06-05T09:03:38.313619+00:00
2019-01-08,^KS200,259.649994,yahoo,KRW,2026-06-05T09:03:38.313619+00:00
2019-01-09,^KS200,265.600006,yahoo,KRW,2026-06-05T09:03:38.313619+00:00
2019-01-10,^KS200,265.549988,yahoo,KRW,2026-06-05T09:03:38.313619+00:00
2019-01-11,^KS200,267.130005,yahoo,KRW,2026-06-05T09:03:38.313619+00:00
2019-01-14,^KS200,264.98999,yahoo,KRW,2026-06-05T09:03:38.313619+00:00
2019-01-15,^KS200,269.929993,yahoo,KRW,2026-06-05T09:03:38.313619+00:00
2019-01-16,^KS200,271.230011,yahoo,KRW,2026-06-05T09:03:38.313619+00:00
2019-01-17,^KS200,271.880005,yahoo,KRW,2026-06-05T09:03:38.313619+00:00
2019-01-18,^KS200,273.880005,yahoo,KRW,2026-06-05T09:03:38.313619+00:00
2019-01-21,^KS200,274.0,yahoo,KRW,2026-06-05T09:03:38.313619+00:00
2019-01-22,^KS200,272.709991,yahoo,KRW,2026-06-05T09:03:38.313619+00:00
2019-01-23,^KS200,273.869995,yahoo,KRW,2026-06-05T09:03:38.313619+00:00
2019-01-24,^KS200,276.609985,yahoo,KRW,2026-06-05T09:03:38.313619+00:00
2019-01-25,^KS200,281.670013,yahoo,KRW,2026-06-05T09:03:38.313619+00:00
2019-01-28,^KS200,281.640015,yahoo,KRW,2026-06-05T09:03:38.313619+00:00
2019-01-29,^KS200,283.0,yahoo,KRW,2026-06-05T09:03:38.313619+00:00
2019-01-30,^KS200,286.619995,yahoo,KRW,2026-06-05T09:03:38.313619+00:00
2019-01-31,^KS200,285.890015,yahoo,KRW,2026-06-05T09:03:38.313619+00:00
2019-02-01,^KS200,285.790009,yahoo,KRW,2026-06-05T09:03:38.313619+00:00
2019-02-07,^KS200,285.649994,yahoo,KRW,2026-06-05T09:03:38.313619+00:00
2019-02-08,^KS200,281.48999,yahoo,KRW,2026-06-05T09:03:38.313619+00:00
2019-02-11,^KS200,282.100006,yahoo,KRW,2026-06-05T09:03:38.313619+00:00
2019-02-12,^KS200,283.690002,yahoo,KRW,2026-06-05T09:03:38.313619+00:00
2019-02-13,^KS200,284.970001,yahoo,KRW,2026-06-05T09:03:38.313619+00:00
2019-02-14,^KS200,288.679993,yahoo,KRW,2026-06-05T09:03:38.313619+00:00
2019-02-15,^KS200,283.980011,yahoo,KRW,2026-06-05T09:03:38.313619+00:00
2019-02-18,^KS200,285.899994,yahoo,KRW,2026-06-05T09:03:38.313619+00:00
2019-02-19,^KS200,284.910004,yahoo,KRW,2026-06-05T09:03:38.313619+00:00
2019-02-20,^KS200,288.399994,yahoo,KRW,2026-06-05T09:03:38.313619+00:00
2019-02-21,^KS200,288.410004,yahoo,KRW,2026-06-05T09:03:38.313619+00:00
2019-02-22,^KS200,288.73999,yahoo,KRW,2026-06-05T09:03:38.313619+00:00
2019-02-25,^KS200,289.0,yahoo,KRW,2026-06-05T09:03:38.313619+00:00
2019-02-26,^KS200,287.890015,yahoo,KRW,2026-06-05T09:03:38.313619+00:00
2019-02-27,^KS200,288.76001,yahoo,KRW,2026-06-05T09:03:38.313619+00:00
2019-02-28,^KS200,283.799988,yahoo,KRW,2026-06-05T09:03:38.313619+00:00
2019-03-04,^KS200,282.51001,yahoo,KRW,2026-06-05T09:03:38.313619+00:00
2019-03-05,^KS200,280.450012,yahoo,KRW,2026-06-05T09:03:38.313619+00:00
2019-03-06,^KS200,279.850006,yahoo,KRW,2026-06-05T09:03:38.313619+00:00
2019-03-07,^KS200,278.869995,yahoo,KRW,2026-06-05T09:03:38.313619+00:00
2019-03-08,^KS200,274.839996,yahoo,KRW,2026-06-05T09:03:38.313619+00:00
2019-03-11,^KS200,275.059998,yahoo,KRW,2026-06-05T09:03:38.313619+00:00
2019-03-12,^KS200,277.730011,yahoo,KRW,2026-06-05T09:03:38.313619+00:00
2019-03-13,^KS200,276.0,yahoo,KRW,2026-06-05T09:03:38.313619+00:00
2019-03-14,^KS200,276.640015,yahoo,KRW,2026-06-05T09:03:38.313619+00:00
2019-03-15,^KS200,279.869995,yahoo,KRW,2026-06-05T09:03:38.313619+00:00
2019-03-18,^KS200,279.929993,yahoo,KRW,2026-06-05T09:03:38.313619+00:00
2019-03-19,^KS200,279.820007,yahoo,KRW,2026-06-05T09:03:38.313619+00:00
2019-03-20,^KS200,279.920013,yahoo,KRW,2026-06-05T09:03:38.313619+00:00
2019-03-21,^KS200,282.380005,yahoo,KRW,2026-06-05T09:03:38.313619+00:00
2019-03-22,^KS200,283.130005,yahoo,KRW,2026-06-05T09:03:38.313619+00:00
2019-03-25,^KS200,277.450012,yahoo,KRW,2026-06-05T09:03:38.313619+00:00
2019-03-26,^KS200,277.600006,yahoo,KRW,2026-06-05T09:03:38.313619+00:00
2019-03-27,^KS200,277.279999,yahoo,KRW,2026-06-05T09:03:38.313619+00:00
2019-03-28,^KS200,275.079987,yahoo,KRW,2026-06-05T09:03:38.313619+00:00
2019-03-29,^KS200,276.480011,yahoo,KRW,2026-06-05T09:03:38.313619+00:00
2019-04-01,^KS200,280.320007,yahoo,KRW,2026-06-05T09:03:38.313619+00:00
2019-04-02,^KS200,281.720001,yahoo,KRW,2026-06-05T09:03:38.313619+00:00
2019-04-03,^KS200,285.649994,yahoo,KRW,2026-06-05T09:03:38.313619+00:00
2019-04-04,^KS200,286.149994,yahoo,KRW,2026-06-05T09:03:38.313619+00:00
2019-04-05,^KS200,286.679993,yahoo,KRW,2026-06-05T09:03:38.313619+00:00
2019-04-08,^KS200,286.380005,yahoo,KRW,2026-06-05T09:03:38.313619+00:00
2019-04-09,^KS200,286.709991,yahoo,KRW,2026-06-05T09:03:38.313619+00:00
2019-04-10,^KS200,287.920013,yahoo,KRW,2026-06-05T09:03:38.313619+00:00
2019-04-11,^KS200,287.420013,yahoo,KRW,2026-06-05T09:03:38.313619+00:00
2019-04-12,^KS200,288.369995,yahoo,KRW,2026-06-05T09:03:38.313619+00:00
2019-04-15,^KS200,289.380005,yahoo,KRW,2026-06-05T09:03:38.313619+00:00
2019-04-16,^KS200,290.619995,yahoo,KRW,2026-06-05T09:03:38.313619+00:00
2019-04-17,^KS200,290.329987,yahoo,KRW,2026-06-05T09:03:38.313619+00:00
2019-04-18,^KS200,285.820007,yahoo,KRW,2026-06-05T09:03:38.313619+00:00
2019-04-19,^KS200,285.890015,yahoo,KRW,2026-06-05T09:03:38.313619+00:00
2019-04-22,^KS200,285.869995,yahoo,KRW,2026-06-05T09:03:38.313619+00:00
2019-04-23,^KS200,286.470001,yahoo,KRW,2026-06-05T09:03:38.313619+00:00
2019-04-24,^KS200,283.700012,yahoo,KRW,2026-06-05T09:03:38.313619+00:00
2019-04-25,^KS200,282.829987,yahoo,KRW,2026-06-05T09:03:38.313619+00:00
2019-04-26,^KS200,281.339996,yahoo,KRW,2026-06-05T09:03:38.313619+00:00
2019-04-29,^KS200,286.790009,yahoo,KRW,2026-06-05T09:03:38.313619+00:00
2019-04-30,^KS200,284.920013,yahoo,KRW,2026-06-05T09:03:38.313619+00:00
2019-05-02,^KS200,286.119995,yahoo,KRW,2026-06-05T09:03:38.313619+00:00
2019-05-03,^KS200,283.670013,yahoo,KRW,2026-06-05T09:03:38.313619+00:00
2019-05-07,^KS200,281.309998,yahoo,KRW,2026-06-05T09:03:38.313619+00:00
2019-05-08,^KS200,280.149994,yahoo,KRW,2026-06-05T09:03:38.313619+00:00
2019-05-09,^KS200,271.0,yahoo,KRW,2026-06-05T09:03:38.313619+00:00
2019-05-10,^KS200,272.059998,yahoo,KRW,2026-06-05T09:03:38.313619+00:00
2019-05-13,^KS200,268.720001,yahoo,KRW,2026-06-05T09:03:38.313619+00:00
2019-05-14,^KS200,268.570007,yahoo,KRW,2026-06-05T09:03:38.313619+00:00
2019-05-15,^KS200,269.640015,yahoo,KRW,2026-06-05T09:03:38.313619+00:00
2019-05-16,^KS200,265.98999,yahoo,KRW,2026-06-05T09:03:38.313619+00:00
2019-05-17,^KS200,264.350006,yahoo,KRW,2026-06-05T09:03:38.313619+00:00
2019-05-20,^KS200,264.959991,yahoo,KRW,2026-06-05T09:03:38.313619+00:00
2019-05-21,^KS200,266.119995,yahoo,KRW,2026-06-05T09:03:38.313619+00:00
2019-05-22,^KS200,266.649994,yahoo,KRW,2026-06-05T09:03:38.313619+00:00
2019-05-23,^KS200,266.380005,yahoo,KRW,2026-06-05T09:03:38.313619+00:00
2019-05-24,^KS200,264.420013,yahoo,KRW,2026-06-05T09:03:38.313619+00:00
2019-05-27,^KS200,264.399994,yahoo,KRW,2026-06-05T09:03:38.313619+00:00
2019-05-28,^KS200,264.700012,yahoo,KRW,2026-06-05T09:03:38.313619+00:00
2019-05-29,^KS200,261.369995,yahoo,KRW,2026-06-05T09:03:38.313619+00:00
2019-05-30,^KS200,263.929993,yahoo,KRW,2026-06-05T09:03:38.313619+00:00
2019-05-31,^KS200,263.890015,yahoo,KRW,2026-06-05T09:03:38.313619+00:00
2019-06-03,^KS200,268.160004,yahoo,KRW,2026-06-05T09:03:38.313619+00:00
2019-06-04,^KS200,267.660004,yahoo,KRW,2026-06-05T09:03:38.313619+00:00
2019-06-05,^KS200,267.98999,yahoo,KRW,2026-06-05T09:03:38.313619+00:00
2019-06-07,^KS200,268.269989,yahoo,KRW,2026-06-05T09:03:38.313619+00:00
2019-06-10,^KS200,272.100006,yahoo,KRW,2026-06-05T09:03:38.313619+00:00
2019-06-11,^KS200,273.209991,yahoo,KRW,2026-06-05T09:03:38.313619+00:00
2019-06-12,^KS200,272.73999,yahoo,KRW,2026-06-05T09:03:38.313619+00:00
2019-06-13,^KS200,271.130005,yahoo,KRW,2026-06-05T09:03:38.313619+00:00
2019-06-14,^KS200,270.480011,yahoo,KRW,2026-06-05T09:03:38.313619+00:00
2019-06-17,^KS200,270.089996,yahoo,KRW,2026-06-05T09:03:38.313619+00:00
2019-06-18,^KS200,271.359985,yahoo,KRW,2026-06-05T09:03:38.313619+00:00
2019-06-19,^KS200,275.309998,yahoo,KRW,2026-06-05T09:03:38.313619+00:00
2019-06-20,^KS200,276.01001,yahoo,KRW,2026-06-05T09:03:38.313619+00:00
2019-06-21,^KS200,275.480011,yahoo,KRW,2026-06-05T09:03:38.313619+00:00
2019-06-24,^KS200,275.579987,yahoo,KRW,2026-06-05T09:03:38.313619+00:00
2019-06-25,^KS200,275.279999,yahoo,KRW,2026-06-05T09:03:38.313619+00:00
2019-06-26,^KS200,275.529999,yahoo,KRW,2026-06-05T09:03:38.313619+00:00
2019-06-27,^KS200,277.75,yahoo,KRW,2026-06-05T09:03:38.313619+00:00
2019-06-28,^KS200,277.5,yahoo,KRW,2026-06-05T09:03:38.313619+00:00
2019-07-01,^KS200,277.269989,yahoo,KRW,2026-06-05T09:03:38.313619+00:00
2019-07-02,^KS200,275.970001,yahoo,KRW,2026-06-05T09:03:38.313619+00:00
2019-07-03,^KS200,272.369995,yahoo,KRW,2026-06-05T09:03:38.313619+00:00
2019-07-04,^KS200,274.540009,yahoo,KRW,2026-06-05T09:03:38.313619+00:00
2019-07-05,^KS200,274.350006,yahoo,KRW,2026-06-05T09:03:38.313619+00:00
2019-07-08,^KS200,268.549988,yahoo,KRW,2026-06-05T09:03:38.313619+00:00
2019-07-09,^KS200,267.720001,yahoo,KRW,2026-06-05T09:03:38.313619+00:00
2019-07-10,^KS200,268.75,yahoo,KRW,2026-06-05T09:03:38.313619+00:00
2019-07-11,^KS200,271.779999,yahoo,KRW,2026-06-05T09:03:38.313619+00:00
2019-07-12,^KS200,272.679993,yahoo,KRW,2026-06-05T09:03:38.313619+00:00
2019-07-15,^KS200,272.640015,yahoo,KRW,2026-06-05T09:03:38.313619+00:00
2019-07-16,^KS200,274.049988,yahoo,KRW,2026-06-05T09:03:38.313619+00:00
2019-07-17,^KS200,271.480011,yahoo,KRW,2026-06-05T09:03:38.313619+00:00
2019-07-18,^KS200,270.670013,yahoo,KRW,2026-06-05T09:03:38.313619+00:00
2019-07-19,^KS200,274.549988,yahoo,KRW,2026-06-05T09:03:38.313619+00:00
2019-07-22,^KS200,274.549988,yahoo,KRW,2026-06-05T09:03:38.313619+00:00
2019-07-23,^KS200,275.920013,yahoo,KRW,2026-06-05T09:03:38.313619+00:00
2019-07-24,^KS200,273.220001,yahoo,KRW,2026-06-05T09:03:38.313619+00:00
2019-07-25,^KS200,273.040009,yahoo,KRW,2026-06-05T09:03:38.313619+00:00
2019-07-26,^KS200,272.25,yahoo,KRW,2026-06-05T09:03:38.313619+00:00
2019-07-29,^KS200,267.75,yahoo,KRW,2026-06-05T09:03:38.313619+00:00
2019-07-30,^KS200,268.950012,yahoo,KRW,2026-06-05T09:03:38.313619+00:00
2019-07-31,^KS200,266.339996,yahoo,KRW,2026-06-05T09:03:38.313619+00:00
2019-08-01,^KS200,265.730011,yahoo,KRW,2026-06-05T09:03:38.313619+00:00
2019-08-02,^KS200,262.98999,yahoo,KRW,2026-06-05T09:03:38.313619+00:00
2019-08-05,^KS200,257.190002,yahoo,KRW,2026-06-05T09:03:38.313619+00:00
2019-08-06,^KS200,253.410004,yahoo,KRW,2026-06-05T09:03:38.313619+00:00
2019-08-07,^KS200,252.0,yahoo,KRW,2026-06-05T09:03:38.313619+00:00
2019-08-08,^KS200,252.399994,yahoo,KRW,2026-06-05T09:03:38.313619+00:00
2019-08-09,^KS200,254.850006,yahoo,KRW,2026-06-05T09:03:38.313619+00:00
2019-08-12,^KS200,255.350006,yahoo,KRW,2026-06-05T09:03:38.313619+00:00
2019-08-13,^KS200,252.830002,yahoo,KRW,2026-06-05T09:03:38.313619+00:00
2019-08-14,^KS200,254.860001,yahoo,KRW,2026-06-05T09:03:38.313619+00:00
2019-08-16,^KS200,253.899994,yahoo,KRW,2026-06-05T09:03:38.313619+00:00
2019-08-19,^KS200,255.110001,yahoo,KRW,2026-06-05T09:03:38.313619+00:00
2019-08-20,^KS200,258.049988,yahoo,KRW,2026-06-05T09:03:38.313619+00:00
2019-08-21,^KS200,258.380005,yahoo,KRW,2026-06-05T09:03:38.313619+00:00
2019-08-22,^KS200,256.279999,yahoo,KRW,2026-06-05T09:03:38.313619+00:00
2019-08-23,^KS200,256.109985,yahoo,KRW,2026-06-05T09:03:38.313619+00:00
2019-08-26,^KS200,252.190002,yahoo,KRW,2026-06-05T09:03:38.313619+00:00
2019-08-27,^KS200,253.5,yahoo,KRW,2026-06-05T09:03:38.313619+00:00
2019-08-28,^KS200,255.529999,yahoo,KRW,2026-06-05T09:03:38.313619+00:00
2019-08-29,^KS200,254.309998,yahoo,KRW,2026-06-05T09:03:38.313619+00:00
2019-08-30,^KS200,259.0,yahoo,KRW,2026-06-05T09:03:38.313619+00:00
2019-09-02,^KS200,259.079987,yahoo,KRW,2026-06-05T09:03:38.313619+00:00
2019-09-03,^KS200,258.25,yahoo,KRW,2026-06-05T09:03:38.313619+00:00
2019-09-04,^KS200,261.690002,yahoo,KRW,2026-06-05T09:03:38.313619+00:00
2019-09-05,^KS200,264.440002,yahoo,KRW,2026-06-05T09:03:38.313619+00:00
2019-09-06,^KS200,265.529999,yahoo,KRW,2026-06-05T09:03:38.313619+00:00
2019-09-09,^KS200,267.399994,yahoo,KRW,2026-06-05T09:03:38.313619+00:00
2019-09-10,^KS200,268.76001,yahoo,KRW,2026-06-05T09:03:38.313619+00:00
2019-09-11,^KS200,270.839996,yahoo,KRW,2026-06-05T09:03:38.313619+00:00
2019-09-16,^KS200,272.019989,yahoo,KRW,2026-06-05T09:03:38.313619+00:00
2019-09-17,^KS200,271.679993,yahoo,KRW,2026-06-05T09:03:38.313619+00:00
2019-09-18,^KS200,273.059998,yahoo,KRW,2026-06-05T09:03:38.313619+00:00
2019-09-19,^KS200,274.920013,yahoo,KRW,2026-06-05T09:03:38.313619+00:00
2019-09-20,^KS200,276.440002,yahoo,KRW,2026-06-05T09:03:38.313619+00:00
2019-09-23,^KS200,276.649994,yahoo,KRW,2026-06-05T09:03:38.313619+00:00
2019-09-24,^KS200,277.970001,yahoo,KRW,2026-06-05T09:03:38.313619+00:00
2019-09-25,^KS200,274.420013,yahoo,KRW,2026-06-05T09:03:38.313619+00:00
2019-09-26,^KS200,274.890015,yahoo,KRW,2026-06-05T09:03:38.313619+00:00
2019-09-27,^KS200,271.329987,yahoo,KRW,2026-06-05T09:03:38.313619+00:00
2019-09-30,^KS200,273.549988,yahoo,KRW,2026-06-05T09:03:38.313619+00:00
2019-10-01,^KS200,274.420013,yahoo,KRW,2026-06-05T09:03:38.313619+00:00
2019-10-02,^KS200,268.549988,yahoo,KRW,2026-06-05T09:03:38.313619+00:00
2019-10-04,^KS200,267.390015,yahoo,KRW,2026-06-05T09:03:38.313619+00:00
2019-10-07,^KS200,267.670013,yahoo,KRW,2026-06-05T09:03:38.313619+00:00
2019-10-08,^KS200,271.359985,yahoo,KRW,2026-06-05T09:03:38.313619+00:00
2019-10-10,^KS200,268.799988,yahoo,KRW,2026-06-05T09:03:38.313619+00:00
2019-10-11,^KS200,271.299988,yahoo,KRW,2026-06-05T09:03:38.313619+00:00
2019-10-14,^KS200,274.230011,yahoo,KRW,2026-06-05T09:03:38.313619+00:00
2019-10-15,^KS200,274.339996,yahoo,KRW,2026-06-05T09:03:38.313619+00:00
2019-10-16,^KS200,276.320007,yahoo,KRW,2026-06-05T09:03:38.313619+00:00
2019-10-17,^KS200,275.570007,yahoo,KRW,2026-06-05T09:03:38.313619+00:00
2019-10-18,^KS200,272.809998,yahoo,KRW,2026-06-05T09:03:38.313619+00:00
2019-10-21,^KS200,273.790009,yahoo,KRW,2026-06-05T09:03:38.313619+00:00
2019-10-22,^KS200,277.410004,yahoo,KRW,2026-06-05T09:03:38.313619+00:00
2019-10-23,^KS200,276.230011,yahoo,KRW,2026-06-05T09:03:38.313619+00:00
2019-10-24,^KS200,276.700012,yahoo,KRW,2026-06-05T09:03:38.313619+00:00
2019-10-25,^KS200,277.070007,yahoo,KRW,2026-06-05T09:03:38.313619+00:00
2019-10-28,^KS200,277.779999,yahoo,KRW,2026-06-05T09:03:38.313619+00:00
2019-10-29,^KS200,277.549988,yahoo,KRW,2026-06-05T09:03:38.313619+00:00
2019-10-30,^KS200,275.51001,yahoo,KRW,2026-06-05T09:03:38.313619+00:00
2019-10-31,^KS200,275.820007,yahoo,KRW,2026-06-05T09:03:38.313619+00:00
2019-11-01,^KS200,278.429993,yahoo,KRW,2026-06-05T09:03:38.313619+00:00
2019-11-04,^KS200,282.540009,yahoo,KRW,2026-06-05T09:03:38.313619+00:00
2019-11-05,^KS200,284.380005,yahoo,KRW,2026-06-05T09:03:38.313619+00:00
2019-11-06,^KS200,284.519989,yahoo,KRW,2026-06-05T09:03:38.313619+00:00
2019-11-07,^KS200,284.369995,yahoo,KRW,2026-06-05T09:03:38.313619+00:00
2019-11-08,^KS200,283.130005,yahoo,KRW,2026-06-05T09:03:38.313619+00:00
2019-11-11,^KS200,280.850006,yahoo,KRW,2026-06-05T09:03:38.313619+00:00
2019-11-12,^KS200,283.649994,yahoo,KRW,2026-06-05T09:03:38.313619+00:00
2019-11-13,^KS200,281.279999,yahoo,KRW,2026-06-05T09:03:38.313619+00:00
2019-11-14,^KS200,283.929993,yahoo,KRW,2026-06-05T09:03:38.313619+00:00
2019-11-15,^KS200,287.290009,yahoo,KRW,2026-06-05T09:03:38.313619+00:00
2019-11-18,^KS200,287.179993,yahoo,KRW,2026-06-05T09:03:38.313619+00:00
2019-11-19,^KS200,286.230011,yahoo,KRW,2026-06-05T09:03:38.313619+00:00
2019-11-20,^KS200,282.209991,yahoo,KRW,2026-06-05T09:03:38.313619+00:00
2019-11-21,^KS200,278.279999,yahoo,KRW,2026-06-05T09:03:38.313619+00:00
2019-11-22,^KS200,279.429993,yahoo,KRW,2026-06-05T09:03:38.313619+00:00
2019-11-25,^KS200,282.190002,yahoo,KRW,2026-06-05T09:03:38.313619+00:00
2019-11-26,^KS200,281.829987,yahoo,KRW,2026-06-05T09:03:38.313619+00:00
2019-11-27,^KS200,282.850006,yahoo,KRW,2026-06-05T09:03:38.313619+00:00
2019-11-28,^KS200,281.230011,yahoo,KRW,2026-06-05T09:03:38.313619+00:00
2019-11-29,^KS200,276.779999,yahoo,KRW,2026-06-05T09:03:38.313619+00:00
2019-12-02,^KS200,277.440002,yahoo,KRW,2026-06-05T09:03:38.313619+00:00
2019-12-03,^KS200,276.190002,yahoo,KRW,2026-06-05T09:03:38.313619+00:00
2019-12-04,^KS200,274.149994,yahoo,KRW,2026-06-05T09:03:38.313619+00:00
2019-12-05,^KS200,273.299988,yahoo,KRW,2026-06-05T09:03:38.313619+00:00
2019-12-06,^KS200,276.559998,yahoo,KRW,2026-06-05T09:03:38.313619+00:00
2019-12-09,^KS200,278.029999,yahoo,KRW,2026-06-05T09:03:38.313619+00:00
2019-12-10,^KS200,279.309998,yahoo,KRW,2026-06-05T09:03:38.313619+00:00
2019-12-11,^KS200,280.279999,yahoo,KRW,2026-06-05T09:03:38.313619+00:00
2019-12-12,^KS200,285.109985,yahoo,KRW,2026-06-05T09:03:38.313619+00:00
2019-12-13,^KS200,290.109985,yahoo,KRW,2026-06-05T09:03:38.313619+00:00
2019-12-16,^KS200,289.76001,yahoo,KRW,2026-06-05T09:03:38.313619+00:00
2019-12-17,^KS200,294.399994,yahoo,KRW,2026-06-05T09:03:38.313619+00:00
2019-12-18,^KS200,294.220001,yahoo,KRW,2026-06-05T09:03:38.313619+00:00
2019-12-19,^KS200,294.309998,yahoo,KRW,2026-06-05T09:03:38.313619+00:00
2019-12-20,^KS200,295.309998,yahoo,KRW,2026-06-05T09:03:38.313619+00:00
2019-12-23,^KS200,294.869995,yahoo,KRW,2026-06-05T09:03:38.313619+00:00
2019-12-24,^KS200,292.899994,yahoo,KRW,2026-06-05T09:03:38.313619+00:00
2019-12-26,^KS200,294.059998,yahoo,KRW,2026-06-05T09:03:38.313619+00:00
2019-12-27,^KS200,295.200012,yahoo,KRW,2026-06-05T09:03:38.313619+00:00
2019-12-30,^KS200,293.769989,yahoo,KRW,2026-06-05T09:03:38.313619+00:00
2020-01-02,^KS200,290.350006,yahoo,KRW,2026-06-05T09:03:38.313619+00:00
2020-01-03,^KS200,290.73999,yahoo,KRW,2026-06-05T09:03:38.313619+00:00
2020-01-06,^KS200,288.429993,yahoo,KRW,2026-06-05T09:03:38.313619+00:00
2020-01-07,^KS200,291.230011,yahoo,KRW,2026-06-05T09:03:38.313619+00:00
2020-01-08,^KS200,289.420013,yahoo,KRW,2026-06-05T09:03:38.313619+00:00
2020-01-09,^KS200,294.410004,yahoo,KRW,2026-06-05T09:03:38.313619+00:00
2020-01-10,^KS200,297.059998,yahoo,KRW,2026-06-05T09:03:38.313619+00:00
2020-01-13,^KS200,300.130005,yahoo,KRW,2026-06-05T09:03:38.313619+00:00
2020-01-14,^KS200,301.529999,yahoo,KRW,2026-06-05T09:03:38.313619+00:00
2020-01-15,^KS200,299.73999,yahoo,KRW,2026-06-05T09:03:38.313619+00:00
2020-01-16,^KS200,302.779999,yahoo,KRW,2026-06-05T09:03:38.313619+00:00
2020-01-17,^KS200,303.299988,yahoo,KRW,2026-06-05T09:03:38.313619+00:00
2020-01-20,^KS200,305.579987,yahoo,KRW,2026-06-05T09:03:38.313619+00:00
2020-01-21,^KS200,302.109985,yahoo,KRW,2026-06-05T09:03:38.313619+00:00
2020-01-22,^KS200,306.079987,yahoo,KRW,2026-06-05T09:03:38.313619+00:00
2020-01-23,^KS200,302.329987,yahoo,KRW,2026-06-05T09:03:38.313619+00:00
2020-01-28,^KS200,292.769989,yahoo,KRW,2026-06-05T09:03:38.313619+00:00
2020-01-29,^KS200,293.980011,yahoo,KRW,2026-06-05T09:03:38.313619+00:00
2020-01-30,^KS200,288.369995,yahoo,KRW,2026-06-05T09:03:38.313619+00:00
2020-01-31,^KS200,284.529999,yahoo,KRW,2026-06-05T09:03:38.313619+00:00
2020-02-03,^KS200,285.049988,yahoo,KRW,2026-06-05T09:03:38.313619+00:00
2020-02-04,^KS200,290.679993,yahoo,KRW,2026-06-05T09:03:38.313619+00:00
2020-02-05,^KS200,292.019989,yahoo,KRW,2026-06-05T09:03:38.313619+00:00
2020-02-06,^KS200,300.649994,yahoo,KRW,2026-06-05T09:03:38.313619+00:00
2020-02-07,^KS200,298.209991,yahoo,KRW,2026-06-05T09:03:38.313619+00:00
2020-02-10,^KS200,296.23999,yahoo,KRW,2026-06-05T09:03:38.313619+00:00
2020-02-11,^KS200,299.279999,yahoo,KRW,2026-06-05T09:03:38.313619+00:00
2020-02-12,^KS200,301.540009,yahoo,KRW,2026-06-05T09:03:38.313619+00:00
2020-02-13,^KS200,300.929993,yahoo,KRW,2026-06-05T09:03:38.313619+00:00
2020-02-14,^KS200,303.01001,yahoo,KRW,2026-06-05T09:03:38.313619+00:00
2020-02-17,^KS200,302.76001,yahoo,KRW,2026-06-05T09:03:38.313619+00:00
2020-02-18,^KS200,297.73999,yahoo,KRW,2026-06-05T09:03:38.313619+00:00
2020-02-19,^KS200,298.329987,yahoo,KRW,2026-06-05T09:03:38.313619+00:00
2020-02-20,^KS200,296.649994,yahoo,KRW,2026-06-05T09:03:38.313619+00:00
2020-02-21,^KS200,292.420013,yahoo,KRW,2026-06-05T09:03:38.313619+00:00
2020-02-24,^KS200,281.019989,yahoo,KRW,2026-06-05T09:03:38.313619+00:00
2020-02-25,^KS200,284.23999,yahoo,KRW,2026-06-05T09:03:38.313619+00:00
2020-02-26,^KS200,279.940002,yahoo,KRW,2026-06-05T09:03:38.313619+00:00
2020-02-27,^KS200,277.089996,yahoo,KRW,2026-06-05T09:03:38.313619+00:00
2020-02-28,^KS200,268.019989,yahoo,KRW,2026-06-05T09:03:38.313619+00:00
2020-03-02,^KS200,270.369995,yahoo,KRW,2026-06-05T09:03:38.313619+00:00
2020-03-03,^KS200,271.559998,yahoo,KRW,2026-06-05T09:03:38.313619+00:00
2020-03-04,^KS200,278.130005,yahoo,KRW,2026-06-05T09:03:38.313619+00:00
2020-03-05,^KS200,281.380005,yahoo,KRW,2026-06-05T09:03:38.313619+00:00
2020-03-06,^KS200,275.100006,yahoo,KRW,2026-06-05T09:03:38.313619+00:00
2020-03-09,^KS200,263.109985,yahoo,KRW,2026-06-05T09:03:38.313619+00:00
2020-03-10,^KS200,264.670013,yahoo,KRW,2026-06-05T09:03:38.313619+00:00
2020-03-11,^KS200,257.01001,yahoo,KRW,2026-06-05T09:03:38.313619+00:00
2020-03-12,^KS200,247.619995,yahoo,KRW,2026-06-05T09:03:38.313619+00:00
2020-03-13,^KS200,240.649994,yahoo,KRW,2026-06-05T09:03:38.313619+00:00
2020-03-16,^KS200,232.970001,yahoo,KRW,2026-06-05T09:03:38.313619+00:00
2020-03-17,^KS200,226.889999,yahoo,KRW,2026-06-05T09:03:38.313619+00:00
2020-03-18,^KS200,215.830002,yahoo,KRW,2026-06-05T09:03:38.313619+00:00
2020-03-19,^KS200,199.279999,yahoo,KRW,2026-06-05T09:03:38.313619+00:00
2020-03-20,^KS200,213.669998,yahoo,KRW,2026-06-05T09:03:38.313619+00:00
2020-03-23,^KS200,201.869995,yahoo,KRW,2026-06-05T09:03:38.313619+00:00
2020-03-24,^KS200,220.339996,yahoo,KRW,2026-06-05T09:03:38.313619+00:00
2020-03-25,^KS200,232.889999,yahoo,KRW,2026-06-05T09:03:38.313619+00:00
2020-03-26,^KS200,229.339996,yahoo,KRW,2026-06-05T09:03:38.313619+00:00
2020-03-27,^KS200,233.789993,yahoo,KRW,2026-06-05T09:03:38.313619+00:00
2020-03-30,^KS200,232.449997,yahoo,KRW,2026-06-05T09:03:38.313619+00:00
2020-03-31,^KS200,236.820007,yahoo,KRW,2026-06-05T09:03:38.313619+00:00
2020-04-01,^KS200,226.350006,yahoo,KRW,2026-06-05T09:03:38.313619+00:00
2020-04-02,^KS200,231.839996,yahoo,KRW,2026-06-05T09:03:38.313619+00:00
2020-04-03,^KS200,231.699997,yahoo,KRW,2026-06-05T09:03:38.313619+00:00
2020-04-06,^KS200,240.809998,yahoo,KRW,2026-06-05T09:03:38.313619+00:00
2020-04-07,^KS200,244.869995,yahoo,KRW,2026-06-05T09:03:38.313619+00:00
2020-04-08,^KS200,241.889999,yahoo,KRW,2026-06-05T09:03:38.313619+00:00
2020-04-09,^KS200,245.610001,yahoo,KRW,2026-06-05T09:03:38.313619+00:00
2020-04-10,^KS200,248.0,yahoo,KRW,2026-06-05T09:03:38.313619+00:00
2020-04-13,^KS200,243.399994,yahoo,KRW,2026-06-05T09:03:38.313619+00:00
2020-04-14,^KS200,247.449997,yahoo,KRW,2026-06-05T09:03:38.313619+00:00
2020-04-16,^KS200,247.100006,yahoo,KRW,2026-06-05T09:03:38.313619+00:00
2020-04-17,^KS200,255.020004,yahoo,KRW,2026-06-05T09:03:38.313619+00:00
2020-04-20,^KS200,252.139999,yahoo,KRW,2026-06-05T09:03:38.313619+00:00
2020-04-21,^KS200,249.399994,yahoo,KRW,2026-06-05T09:03:38.313619+00:00
2020-04-22,^KS200,251.880005,yahoo,KRW,2026-06-05T09:03:38.313619+00:00
2020-04-23,^KS200,253.740005,yahoo,KRW,2026-06-05T09:03:38.313619+00:00
2020-04-24,^KS200,250.279999,yahoo,KRW,2026-06-05T09:03:38.313619+00:00
2020-04-27,^KS200,254.839996,yahoo,KRW,2026-06-05T09:03:38.313619+00:00
2020-04-28,^KS200,256.390015,yahoo,KRW,2026-06-05T09:03:38.313619+00:00
2020-04-29,^KS200,258.149994,yahoo,KRW,2026-06-05T09:03:38.313619+00:00
2020-05-04,^KS200,250.600006,yahoo,KRW,2026-06-05T09:03:38.313619+00:00
2020-05-06,^KS200,255.0,yahoo,KRW,2026-06-05T09:03:38.313619+00:00
2020-05-07,^KS200,254.460007,yahoo,KRW,2026-06-05T09:03:38.313619+00:00
2020-05-08,^KS200,256.619995,yahoo,KRW,2026-06-05T09:03:38.313619+00:00
2020-05-11,^KS200,254.949997,yahoo,KRW,2026-06-05T09:03:38.313619+00:00
2020-05-12,^KS200,253.369995,yahoo,KRW,2026-06-05T09:03:38.313619+00:00
2020-05-13,^KS200,255.850006,yahoo,KRW,2026-06-05T09:03:38.313619+00:00
2020-05-14,^KS200,253.649994,yahoo,KRW,2026-06-05T09:03:38.313619+00:00
2020-05-15,^KS200,253.789993,yahoo,KRW,2026-06-05T09:03:38.313619+00:00
2020-05-18,^KS200,255.440002,yahoo,KRW,2026-06-05T09:03:38.313619+00:00
2020-05-19,^KS200,261.790009,yahoo,KRW,2026-06-05T09:03:38.313619+00:00
2020-05-20,^KS200,262.720001,yahoo,KRW,2026-06-05T09:03:38.313619+00:00
2020-05-21,^KS200,263.73999,yahoo,KRW,2026-06-05T09:03:38.313619+00:00
2020-05-22,^KS200,259.619995,yahoo,KRW,2026-06-05T09:03:38.313619+00:00
2020-05-25,^KS200,262.76001,yahoo,KRW,2026-06-05T09:03:38.313619+00:00
2020-05-26,^KS200,267.309998,yahoo,KRW,2026-06-05T09:03:38.313619+00:00
2020-05-27,^KS200,267.640015,yahoo,KRW,2026-06-05T09:03:38.313619+00:00
2020-05-28,^KS200,268.290009,yahoo,KRW,2026-06-05T09:03:38.313619+00:00
2020-05-29,^KS200,268.320007,yahoo,KRW,2026-06-05T09:03:38.313619+00:00
2020-06-01,^KS200,273.190002,yahoo,KRW,2026-06-05T09:03:38.313619+00:00
2020-06-02,^KS200,276.079987,yahoo,KRW,2026-06-05T09:03:38.313619+00:00
2020-06-03,^KS200,285.910004,yahoo,KRW,2026-06-05T09:03:38.313619+00:00
2020-06-04,^KS200,286.450012,yahoo,KRW,2026-06-05T09:03:38.313619+00:00
2020-06-05,^KS200,290.619995,yahoo,KRW,2026-06-05T09:03:38.313619+00:00
2020-06-08,^KS200,290.769989,yahoo,KRW,2026-06-05T09:03:38.313619+00:00
2020-06-09,^KS200,291.320007,yahoo,KRW,2026-06-05T09:03:38.313619+00:00
2020-06-10,^KS200,291.899994,yahoo,KRW,2026-06-05T09:03:38.313619+00:00
2020-06-11,^KS200,288.619995,yahoo,KRW,2026-06-05T09:03:38.313619+00:00
2020-06-12,^KS200,281.779999,yahoo,KRW,2026-06-05T09:03:38.313619+00:00
2020-06-15,^KS200,267.950012,yahoo,KRW,2026-06-05T09:03:38.313619+00:00
2020-06-16,^KS200,282.589996,yahoo,KRW,2026-06-05T09:03:38.313619+00:00
2020-06-17,^KS200,283.019989,yahoo,KRW,2026-06-05T09:03:38.313619+00:00
2020-06-18,^KS200,281.910004,yahoo,KRW,2026-06-05T09:03:38.313619+00:00
2020-06-19,^KS200,283.369995,yahoo,KRW,2026-06-05T09:03:38.313619+00:00
2020-06-22,^KS200,281.420013,yahoo,KRW,2026-06-05T09:03:38.313619+00:00
2020-06-23,^KS200,281.940002,yahoo,KRW,2026-06-05T09:03:38.313619+00:00
2020-06-24,^KS200,286.700012,yahoo,KRW,2026-06-05T09:03:38.313619+00:00
2020-06-25,^KS200,279.730011,yahoo,KRW,2026-06-05T09:03:38.313619+00:00
2020-06-26,^KS200,283.380005,yahoo,KRW,2026-06-05T09:03:38.313619+00:00
2020-06-29,^KS200,278.040009,yahoo,KRW,2026-06-05T09:03:38.313619+00:00
2020-06-30,^KS200,280.089996,yahoo,KRW,2026-06-05T09:03:38.313619+00:00
2020-07-01,^KS200,280.26001,yahoo,KRW,2026-06-05T09:03:38.313619+00:00
2020-07-02,^KS200,283.859985,yahoo,KRW,2026-06-05T09:03:38.313619+00:00
2020-07-03,^KS200,285.890015,yahoo,KRW,2026-06-05T09:03:38.313619+00:00
2020-07-06,^KS200,290.619995,yahoo,KRW,2026-06-05T09:03:38.313619+00:00
2020-07-07,^KS200,286.769989,yahoo,KRW,2026-06-05T09:03:38.313619+00:00
2020-07-08,^KS200,285.970001,yahoo,KRW,2026-06-05T09:03:38.313619+00:00
2020-07-09,^KS200,287.25,yahoo,KRW,2026-06-05T09:03:38.313619+00:00
2020-07-10,^KS200,285.059998,yahoo,KRW,2026-06-05T09:03:38.313619+00:00
2020-07-13,^KS200,289.839996,yahoo,KRW,2026-06-05T09:03:38.313619+00:00
2020-07-14,^KS200,289.630005,yahoo,KRW,2026-06-05T09:03:38.313619+00:00
2020-07-15,^KS200,292.269989,yahoo,KRW,2026-06-05T09:03:38.313619+00:00
2020-07-16,^KS200,289.25,yahoo,KRW,2026-06-05T09:03:38.313619+00:00
2020-07-17,^KS200,291.570007,yahoo,KRW,2026-06-05T09:03:38.313619+00:00
2020-07-20,^KS200,290.809998,yahoo,KRW,2026-06-05T09:03:38.313619+00:00
2020-07-21,^KS200,295.160004,yahoo,KRW,2026-06-05T09:03:38.313619+00:00
2020-07-22,^KS200,294.040009,yahoo,KRW,2026-06-05T09:03:38.313619+00:00
2020-07-23,^KS200,292.369995,yahoo,KRW,2026-06-05T09:03:38.313619+00:00
2020-07-24,^KS200,290.660004,yahoo,KRW,2026-06-05T09:03:38.313619+00:00
2020-07-27,^KS200,293.51001,yahoo,KRW,2026-06-05T09:03:38.313619+00:00
2020-07-28,^KS200,300.130005,yahoo,KRW,2026-06-05T09:03:38.313619+00:00
2020-07-29,^KS200,301.25,yahoo,KRW,2026-06-05T09:03:38.313619+00:00
2020-07-30,^KS200,301.850006,yahoo,KRW,2026-06-05T09:03:38.313619+00:00
2020-07-31,^KS200,299.320007,yahoo,KRW,2026-06-05T09:03:38.313619+00:00
2020-08-03,^KS200,299.459991,yahoo,KRW,2026-06-05T09:03:38.313619+00:00
2020-08-04,^KS200,303.040009,yahoo,KRW,2026-06-05T09:03:38.313619+00:00
2020-08-05,^KS200,306.640015,yahoo,KRW,2026-06-05T09:03:38.313619+00:00
2020-08-06,^KS200,311.320007,yahoo,KRW,2026-06-05T09:03:38.313619+00:00
2020-08-07,^KS200,312.570007,yahoo,KRW,2026-06-05T09:03:38.313619+00:00
2020-08-10,^KS200,316.769989,yahoo,KRW,2026-06-05T09:03:38.313619+00:00
2020-08-11,^KS200,321.019989,yahoo,KRW,2026-06-05T09:03:38.313619+00:00
2020-08-12,^KS200,322.679993,yahoo,KRW,2026-06-05T09:03:38.313619+00:00
2020-08-13,^KS200,323.329987,yahoo,KRW,2026-06-05T09:03:38.313619+00:00
2020-08-14,^KS200,319.23999,yahoo,KRW,2026-06-05T09:03:38.313619+00:00
2020-08-18,^KS200,312.839996,yahoo,KRW,2026-06-05T09:03:38.313619+00:00
2020-08-19,^KS200,313.540009,yahoo,KRW,2026-06-05T09:03:38.313619+00:00
2020-08-20,^KS200,301.589996,yahoo,KRW,2026-06-05T09:03:38.313619+00:00
2020-08-21,^KS200,306.160004,yahoo,KRW,2026-06-05T09:03:38.313619+00:00
2020-08-24,^KS200,309.329987,yahoo,KRW,2026-06-05T09:03:38.313619+00:00
2020-08-25,^KS200,313.589996,yahoo,KRW,2026-06-05T09:03:38.313619+00:00
2020-08-26,^KS200,314.190002,yahoo,KRW,2026-06-05T09:03:38.313619+00:00
2020-08-27,^KS200,311.380005,yahoo,KRW,2026-06-05T09:03:38.313619+00:00
2020-08-28,^KS200,312.23999,yahoo,KRW,2026-06-05T09:03:38.313619+00:00
2020-08-31,^KS200,307.140015,yahoo,KRW,2026-06-05T09:03:38.313619+00:00
2020-09-01,^KS200,309.809998,yahoo,KRW,2026-06-05T09:03:38.313619+00:00
2020-09-02,^KS200,311.5,yahoo,KRW,2026-06-05T09:03:38.313619+00:00
2020-09-03,^KS200,316.429993,yahoo,KRW,2026-06-05T09:03:38.313619+00:00
2020-09-04,^KS200,312.029999,yahoo,KRW,2026-06-05T09:03:38.313619+00:00
2020-09-07,^KS200,313.670013,yahoo,KRW,2026-06-05T09:03:38.313619+00:00
2020-09-08,^KS200,317.380005,yahoo,KRW,2026-06-05T09:03:38.313619+00:00
2020-09-09,^KS200,313.769989,yahoo,KRW,2026-06-05T09:03:38.313619+00:00
2020-09-10,^KS200,316.529999,yahoo,KRW,2026-06-05T09:03:38.313619+00:00
2020-09-11,^KS200,316.450012,yahoo,KRW,2026-06-05T09:03:38.313619+00:00
2020-09-14,^KS200,320.980011,yahoo,KRW,2026-06-05T09:03:38.313619+00:00
2020-09-15,^KS200,323.359985,yahoo,KRW,2026-06-05T09:03:38.313619+00:00
2020-09-16,^KS200,322.309998,yahoo,KRW,2026-06-05T09:03:38.313619+00:00
2020-09-17,^KS200,318.0,yahoo,KRW,2026-06-05T09:03:38.313619+00:00
2020-09-18,^KS200,318.390015,yahoo,KRW,2026-06-05T09:03:38.313619+00:00
2020-09-21,^KS200,315.890015,yahoo,KRW,2026-06-05T09:03:38.313619+00:00
2020-09-22,^KS200,308.820007,yahoo,KRW,2026-06-05T09:03:38.313619+00:00
2020-09-23,^KS200,309.640015,yahoo,KRW,2026-06-05T09:03:38.313619+00:00
2020-09-24,^KS200,302.480011,yahoo,KRW,2026-06-05T09:03:38.313619+00:00
2020-09-25,^KS200,303.570007,yahoo,KRW,2026-06-05T09:03:38.313619+00:00
2020-09-28,^KS200,307.029999,yahoo,KRW,2026-06-05T09:03:38.313619+00:00
2020-09-29,^KS200,309.440002,yahoo,KRW,2026-06-05T09:03:38.313619+00:00
2020-10-05,^KS200,313.51001,yahoo,KRW,2026-06-05T09:03:38.313619+00:00
2020-10-06,^KS200,314.450012,yahoo,KRW,2026-06-05T09:03:38.313619+00:00
2020-10-07,^KS200,317.350006,yahoo,KRW,2026-06-05T09:03:38.313619+00:00
2020-10-08,^KS200,317.470001,yahoo,KRW,2026-06-05T09:03:38.313619+00:00
2020-10-12,^KS200,319.149994,yahoo,KRW,2026-06-05T09:03:38.313619+00:00
2020-10-13,^KS200,319.579987,yahoo,KRW,2026-06-05T09:03:38.313619+00:00
2020-10-14,^KS200,316.570007,yahoo,KRW,2026-06-05T09:03:38.313619+00:00
2020-10-15,^KS200,313.920013,yahoo,KRW,2026-06-05T09:03:38.313619+00:00
2020-10-16,^KS200,311.829987,yahoo,KRW,2026-06-05T09:03:38.313619+00:00
2020-10-19,^KS200,312.589996,yahoo,KRW,2026-06-05T09:03:38.313619+00:00
2020-10-20,^KS200,314.709991,yahoo,KRW,2026-06-05T09:03:38.313619+00:00
2020-10-21,^KS200,315.76001,yahoo,KRW,2026-06-05T09:03:38.313619+00:00
2020-10-22,^KS200,313.769989,yahoo,KRW,2026-06-05T09:03:38.313619+00:00
2020-10-23,^KS200,314.790009,yahoo,KRW,2026-06-05T09:03:38.313619+00:00
2020-10-26,^KS200,313.529999,yahoo,KRW,2026-06-05T09:03:38.313619+00:00
2020-10-27,^KS200,311.799988,yahoo,KRW,2026-06-05T09:03:38.313619+00:00
2020-10-28,^KS200,313.170013,yahoo,KRW,2026-06-05T09:03:38.313619+00:00
2020-10-29,^KS200,309.940002,yahoo,KRW,2026-06-05T09:03:38.313619+00:00
2020-10-30,^KS200,301.600006,yahoo,KRW,2026-06-05T09:03:38.313619+00:00
2020-11-02,^KS200,305.950012,yahoo,KRW,2026-06-05T09:03:38.313619+00:00
2020-11-03,^KS200,312.070007,yahoo,KRW,2026-06-05T09:03:38.313619+00:00
2020-11-04,^KS200,313.829987,yahoo,KRW,2026-06-05T09:03:38.313619+00:00
2020-11-05,^KS200,321.51001,yahoo,KRW,2026-06-05T09:03:38.313619+00:00
2020-11-06,^KS200,322.100006,yahoo,KRW,2026-06-05T09:03:38.313619+00:00
2020-11-09,^KS200,325.829987,yahoo,KRW,2026-06-05T09:03:38.313619+00:00
2020-11-10,^KS200,326.130005,yahoo,KRW,2026-06-05T09:03:38.313619+00:00
2020-11-11,^KS200,331.119995,yahoo,KRW,2026-06-05T09:03:38.313619+00:00
2020-11-12,^KS200,329.720001,yahoo,KRW,2026-06-05T09:03:38.313619+00:00
2020-11-13,^KS200,333.029999,yahoo,KRW,2026-06-05T09:03:38.313619+00:00
2020-11-16,^KS200,340.630005,yahoo,KRW,2026-06-05T09:03:38.313619+00:00
2020-11-17,^KS200,339.850006,yahoo,KRW,2026-06-05T09:03:38.313619+00:00
2020-11-18,^KS200,339.959991,yahoo,KRW,2026-06-05T09:03:38.313619+00:00
2020-11-19,^KS200,340.160004,yahoo,KRW,2026-06-05T09:03:38.313619+00:00
2020-11-20,^KS200,340.619995,yahoo,KRW,2026-06-05T09:03:38.313619+00:00
2020-11-23,^KS200,348.459991,yahoo,KRW,2026-06-05T09:03:38.313619+00:00
2020-11-24,^KS200,350.279999,yahoo,KRW,2026-06-05T09:03:38.313619+00:00
2020-11-25,^KS200,348.299988,yahoo,KRW,2026-06-05T09:03:38.313619+00:00
2020-11-26,^KS200,352.119995,yahoo,KRW,2026-06-05T09:03:38.313619+00:00
2020-11-27,^KS200,352.730011,yahoo,KRW,2026-06-05T09:03:38.313619+00:00
2020-11-30,^KS200,346.049988,yahoo,KRW,2026-06-05T09:03:38.313619+00:00
2020-12-01,^KS200,352.399994,yahoo,KRW,2026-06-05T09:03:38.313619+00:00
2020-12-02,^KS200,358.660004,yahoo,KRW,2026-06-05T09:03:38.313619+00:00
2020-12-03,^KS200,361.660004,yahoo,KRW,2026-06-05T09:03:38.313619+00:00
2020-12-04,^KS200,367.630005,yahoo,KRW,2026-06-05T09:03:38.313619+00:00
2020-12-07,^KS200,369.859985,yahoo,KRW,2026-06-05T09:03:38.313619+00:00
2020-12-08,^KS200,363.450012,yahoo,KRW,2026-06-05T09:03:38.313619+00:00
2020-12-09,^KS200,371.470001,yahoo,KRW,2026-06-05T09:03:38.313619+00:00
2020-12-10,^KS200,369.369995,yahoo,KRW,2026-06-05T09:03:38.313619+00:00
2020-12-11,^KS200,372.23999,yahoo,KRW,2026-06-05T09:03:38.313619+00:00
2020-12-14,^KS200,371.559998,yahoo,KRW,2026-06-05T09:03:38.313619+00:00
2020-12-15,^KS200,370.880005,yahoo,KRW,2026-06-05T09:03:38.313619+00:00
2020-12-16,^KS200,372.529999,yahoo,KRW,2026-06-05T09:03:38.313619+00:00
2020-12-17,^KS200,372.0,yahoo,KRW,2026-06-05T09:03:38.313619+00:00
2020-12-18,^KS200,371.549988,yahoo,KRW,2026-06-05T09:03:38.313619+00:00
2020-12-21,^KS200,372.179993,yahoo,KRW,2026-06-05T09:03:38.313619+00:00
2020-12-22,^KS200,366.429993,yahoo,KRW,2026-06-05T09:03:38.313619+00:00
2020-12-23,^KS200,371.320007,yahoo,KRW,2026-06-05T09:03:38.313619+00:00
2020-12-24,^KS200,379.179993,yahoo,KRW,2026-06-05T09:03:38.313619+00:00
2020-12-28,^KS200,379.929993,yahoo,KRW,2026-06-05T09:03:38.313619+00:00
2020-12-29,^KS200,381.269989,yahoo,KRW,2026-06-05T09:03:38.313619+00:00
2020-12-30,^KS200,389.290009,yahoo,KRW,2026-06-05T09:03:38.313619+00:00
2021-01-04,^KS200,399.880005,yahoo,KRW,2026-06-05T09:03:38.313619+00:00
2021-01-05,^KS200,406.029999,yahoo,KRW,2026-06-05T09:03:38.313619+00:00
2021-01-06,^KS200,402.079987,yahoo,KRW,2026-06-05T09:03:38.313619+00:00
2021-01-07,^KS200,410.809998,yahoo,KRW,2026-06-05T09:03:38.313619+00:00
2021-01-08,^KS200,430.220001,yahoo,KRW,2026-06-05T09:03:38.313619+00:00
2021-01-11,^KS200,431.130005,yahoo,KRW,2026-06-05T09:03:38.313619+00:00
2021-01-12,^KS200,427.869995,yahoo,KRW,2026-06-05T09:03:38.313619+00:00
2021-01-13,^KS200,430.380005,yahoo,KRW,2026-06-05T09:03:38.313619+00:00
2021-01-14,^KS200,429.850006,yahoo,KRW,2026-06-05T09:03:38.313619+00:00
2021-01-15,^KS200,420.429993,yahoo,KRW,2026-06-05T09:03:38.313619+00:00
2021-01-18,^KS200,410.5,yahoo,KRW,2026-06-05T09:03:38.313619+00:00
2021-01-19,^KS200,421.350006,yahoo,KRW,2026-06-05T09:03:38.313619+00:00
2021-01-20,^KS200,424.01001,yahoo,KRW,2026-06-05T09:03:38.313619+00:00
2021-01-21,^KS200,430.269989,yahoo,KRW,2026-06-05T09:03:38.313619+00:00
2021-01-22,^KS200,427.130005,yahoo,KRW,2026-06-05T09:03:38.313619+00:00
2021-01-25,^KS200,437.299988,yahoo,KRW,2026-06-05T09:03:38.313619+00:00
2021-01-26,^KS200,426.730011,yahoo,KRW,2026-06-05T09:03:38.313619+00:00
2021-01-27,^KS200,423.670013,yahoo,KRW,2026-06-05T09:03:38.313619+00:00
2021-01-28,^KS200,416.399994,yahoo,KRW,2026-06-05T09:03:38.313619+00:00
2021-01-29,^KS200,404.559998,yahoo,KRW,2026-06-05T09:03:38.313619+00:00
2021-02-01,^KS200,415.450012,yahoo,KRW,2026-06-05T09:03:38.313619+00:00
2021-02-02,^KS200,421.029999,yahoo,KRW,2026-06-05T09:03:38.313619+00:00
2021-02-03,^KS200,425.209991,yahoo,KRW,2026-06-05T09:03:38.313619+00:00
2021-02-04,^KS200,418.309998,yahoo,KRW,2026-06-05T09:03:38.313619+00:00
2021-02-05,^KS200,423.299988,yahoo,KRW,2026-06-05T09:03:38.313619+00:00
2021-02-08,^KS200,418.950012,yahoo,KRW,2026-06-05T09:03:38.313619+00:00
2021-02-09,^KS200,417.910004,yahoo,KRW,2026-06-05T09:03:38.313619+00:00
2021-02-10,^KS200,419.649994,yahoo,KRW,2026-06-05T09:03:38.313619+00:00
2021-02-15,^KS200,427.01001,yahoo,KRW,2026-06-05T09:03:38.313619+00:00
2021-02-16,^KS200,429.23999,yahoo,KRW,2026-06-05T09:03:38.313619+00:00
2021-02-17,^KS200,424.200012,yahoo,KRW,2026-06-05T09:03:38.313619+00:00
2021-02-18,^KS200,417.440002,yahoo,KRW,2026-06-05T09:03:38.313619+00:00
2021-02-19,^KS200,420.940002,yahoo,KRW,2026-06-05T09:03:38.313619+00:00
2021-02-22,^KS200,416.880005,yahoo,KRW,2026-06-05T09:03:38.313619+00:00
2021-02-23,^KS200,415.820007,yahoo,KRW,2026-06-05T09:03:38.313619+00:00
2021-02-24,^KS200,407.160004,yahoo,KRW,2026-06-05T09:03:38.313619+00:00
2021-02-25,^KS200,422.519989,yahoo,KRW,2026-06-05T09:03:38.313619+00:00
2021-02-26,^KS200,409.910004,yahoo,KRW,2026-06-05T09:03:38.313619+00:00
2021-03-02,^KS200,414.799988,yahoo,KRW,2026-06-05T09:03:38.313619+00:00
2021-03-03,^KS200,420.269989,yahoo,KRW,2026-06-05T09:03:38.313619+00:00
2021-03-04,^KS200,414.170013,yahoo,KRW,2026-06-05T09:03:38.313619+00:00
2021-03-05,^KS200,412.0,yahoo,KRW,2026-06-05T09:03:38.313619+00:00
2021-03-08,^KS200,408.339996,yahoo,KRW,2026-06-05T09:03:38.313619+00:00
2021-03-09,^KS200,405.790009,yahoo,KRW,2026-06-05T09:03:38.313619+00:00
2021-03-10,^KS200,403.480011,yahoo,KRW,2026-06-05T09:03:38.313619+00:00
2021-03-11,^KS200,411.019989,yahoo,KRW,2026-06-05T09:03:38.313619+00:00
2021-03-12,^KS200,416.130005,yahoo,KRW,2026-06-05T09:03:38.313619+00:00
2021-03-15,^KS200,414.179993,yahoo,KRW,2026-06-05T09:03:38.313619+00:00
2021-03-16,^KS200,417.309998,yahoo,KRW,2026-06-05T09:03:38.313619+00:00
2021-03-17,^KS200,414.01001,yahoo,KRW,2026-06-05T09:03:38.313619+00:00
2021-03-18,^KS200,417.059998,yahoo,KRW,2026-06-05T09:03:38.313619+00:00
2021-03-19,^KS200,412.910004,yahoo,KRW,2026-06-05T09:03:38.313619+00:00
2021-03-22,^KS200,412.640015,yahoo,KRW,2026-06-05T09:03:38.313619+00:00
2021-03-23,^KS200,408.709991,yahoo,KRW,2026-06-05T09:03:38.313619+00:00
2021-03-24,^KS200,407.100006,yahoo,KRW,2026-06-05T09:03:38.313619+00:00
2021-03-25,^KS200,408.529999,yahoo,KRW,2026-06-05T09:03:38.313619+00:00
2021-03-26,^KS200,412.890015,yahoo,KRW,2026-06-05T09:03:38.313619+00:00
2021-03-29,^KS200,412.049988,yahoo,KRW,2026-06-05T09:03:38.313619+00:00
2021-03-30,^KS200,416.609985,yahoo,KRW,2026-06-05T09:03:38.313619+00:00
2021-03-31,^KS200,415.040009,yahoo,KRW,2026-06-05T09:03:38.313619+00:00
2021-04-01,^KS200,419.420013,yahoo,KRW,2026-06-05T09:03:38.313619+00:00
2021-04-02,^KS200,423.73999,yahoo,KRW,2026-06-05T09:03:38.313619+00:00
2021-04-05,^KS200,424.850006,yahoo,KRW,2026-06-05T09:03:38.313619+00:00
2021-04-06,^KS200,425.880005,yahoo,KRW,2026-06-05T09:03:38.313619+00:00
2021-04-07,^KS200,426.700012,yahoo,KRW,2026-06-05T09:03:38.313619+00:00
2021-04-08,^KS200,426.859985,yahoo,KRW,2026-06-05T09:03:38.313619+00:00
2021-04-09,^KS200,424.299988,yahoo,KRW,2026-06-05T09:03:38.313619+00:00
2021-04-12,^KS200,424.220001,yahoo,KRW,2026-06-05T09:03:38.313619+00:00
2021-04-13,^KS200,429.079987,yahoo,KRW,2026-06-05T09:03:38.313619+00:00
2021-04-14,^KS200,430.709991,yahoo,KRW,2026-06-05T09:03:38.313619+00:00
2021-04-15,^KS200,432.660004,yahoo,KRW,2026-06-05T09:03:38.313619+00:00
2021-04-16,^KS200,432.429993,yahoo,KRW,2026-06-05T09:03:38.313619+00:00
2021-04-19,^KS200,431.959991,yahoo,KRW,2026-06-05T09:03:38.313619+00:00
2021-04-20,^KS200,434.600006,yahoo,KRW,2026-06-05T09:03:38.313619+00:00
2021-04-21,^KS200,426.75,yahoo,KRW,2026-06-05T09:03:38.313619+00:00
2021-04-22,^KS200,427.369995,yahoo,KRW,2026-06-05T09:03:38.313619+00:00
2021-04-23,^KS200,427.76001,yahoo,KRW,2026-06-05T09:03:38.313619+00:00
2021-04-26,^KS200,432.359985,yahoo,KRW,2026-06-05T09:03:38.313619+00:00
2021-04-27,^KS200,432.140015,yahoo,KRW,2026-06-05T09:03:38.313619+00:00
2021-04-28,^KS200,427.480011,yahoo,KRW,2026-06-05T09:03:38.313619+00:00
2021-04-29,^KS200,426.279999,yahoo,KRW,2026-06-05T09:03:38.313619+00:00
2021-04-30,^KS200,422.359985,yahoo,KRW,2026-06-05T09:03:38.313619+00:00
2021-05-03,^KS200,420.359985,yahoo,KRW,2026-06-05T09:03:38.313619+00:00
2021-05-04,^KS200,423.570007,yahoo,KRW,2026-06-05T09:03:38.313619+00:00
2021-05-06,^KS200,424.059998,yahoo,KRW,2026-06-05T09:03:38.313619+00:00
2021-05-07,^KS200,428.559998,yahoo,KRW,2026-06-05T09:03:38.313619+00:00
2021-05-10,^KS200,435.630005,yahoo,KRW,2026-06-05T09:03:38.313619+00:00
2021-05-11,^KS200,428.769989,yahoo,KRW,2026-06-05T09:03:38.313619+00:00
2021-05-12,^KS200,421.859985,yahoo,KRW,2026-06-05T09:03:38.313619+00:00
2021-05-13,^KS200,416.070007,yahoo,KRW,2026-06-05T09:03:38.313619+00:00
2021-05-14,^KS200,420.170013,yahoo,KRW,2026-06-05T09:03:38.313619+00:00
2021-05-17,^KS200,418.269989,yahoo,KRW,2026-06-05T09:03:38.313619+00:00
2021-05-18,^KS200,423.089996,yahoo,KRW,2026-06-05T09:03:38.313619+00:00
2021-05-20,^KS200,421.679993,yahoo,KRW,2026-06-05T09:03:38.313619+00:00
2021-05-21,^KS200,422.079987,yahoo,KRW,2026-06-05T09:03:38.313619+00:00
2021-05-24,^KS200,420.570007,yahoo,KRW,2026-06-05T09:03:38.313619+00:00
2021-05-25,^KS200,424.350006,yahoo,KRW,2026-06-05T09:03:38.313619+00:00
2021-05-26,^KS200,423.540009,yahoo,KRW,2026-06-05T09:03:38.313619+00:00
2021-05-27,^KS200,423.0,yahoo,KRW,2026-06-05T09:03:38.313619+00:00
2021-05-28,^KS200,425.950012,yahoo,KRW,2026-06-05T09:03:38.313619+00:00
2021-05-31,^KS200,427.910004,yahoo,KRW,2026-06-05T09:03:38.313619+00:00
2021-06-01,^KS200,430.320007,yahoo,KRW,2026-06-05T09:03:38.313619+00:00
2021-06-02,^KS200,430.149994,yahoo,KRW,2026-06-05T09:03:38.313619+00:00
2021-06-03,^KS200,433.869995,yahoo,KRW,2026-06-05T09:03:38.313619+00:00
2021-06-04,^KS200,432.220001,yahoo,KRW,2026-06-05T09:03:38.313619+00:00
2021-06-07,^KS200,433.26001,yahoo,KRW,2026-06-05T09:03:38.313619+00:00
2021-06-08,^KS200,432.880005,yahoo,KRW,2026-06-05T09:03:38.313619+00:00
2021-06-09,^KS200,428.160004,yahoo,KRW,2026-06-05T09:03:38.313619+00:00
2021-06-10,^KS200,429.350006,yahoo,KRW,2026-06-05T09:03:38.313619+00:00
2021-06-11,^KS200,432.779999,yahoo,KRW,2026-06-05T09:03:38.313619+00:00
2021-06-14,^KS200,433.220001,yahoo,KRW,2026-06-05T09:03:38.313619+00:00
2021-06-15,^KS200,434.130005,yahoo,KRW,2026-06-05T09:03:38.313619+00:00
2021-06-16,^KS200,436.959991,yahoo,KRW,2026-06-05T09:03:38.313619+00:00
2021-06-17,^KS200,434.730011,yahoo,KRW,2026-06-05T09:03:38.313619+00:00
2021-06-18,^KS200,435.019989,yahoo,KRW,2026-06-05T09:03:38.313619+00:00
2021-06-21,^KS200,431.459991,yahoo,KRW,2026-06-05T09:03:38.313619+00:00
2021-06-22,^KS200,434.420013,yahoo,KRW,2026-06-05T09:03:38.313619+00:00
2021-06-23,^KS200,436.730011,yahoo,KRW,2026-06-05T09:03:38.313619+00:00
2021-06-24,^KS200,438.380005,yahoo,KRW,2026-06-05T09:03:38.313619+00:00
2021-06-25,^KS200,440.399994,yahoo,KRW,2026-06-05T09:03:38.313619+00:00
2021-06-28,^KS200,439.980011,yahoo,KRW,2026-06-05T09:03:38.313619+00:00
2021-06-29,^KS200,437.540009,yahoo,KRW,2026-06-05T09:03:38.313619+00:00
2021-06-30,^KS200,438.839996,yahoo,KRW,2026-06-05T09:03:38.313619+00:00
2021-07-01,^KS200,436.339996,yahoo,KRW,2026-06-05T09:03:38.313619+00:00
2021-07-02,^KS200,436.0,yahoo,KRW,2026-06-05T09:03:38.313619+00:00
2021-07-05,^KS200,437.660004,yahoo,KRW,2026-06-05T09:03:38.313619+00:00
2021-07-06,^KS200,439.5,yahoo,KRW,2026-06-05T09:03:38.313619+00:00
2021-07-07,^KS200,436.970001,yahoo,KRW,2026-06-05T09:03:38.313619+00:00
2021-07-08,^KS200,432.630005,yahoo,KRW,2026-06-05T09:03:38.313619+00:00
2021-07-09,^KS200,427.839996,yahoo,KRW,2026-06-05T09:03:38.313619+00:00
2021-07-12,^KS200,431.279999,yahoo,KRW,2026-06-05T09:03:38.313619+00:00
2021-07-13,^KS200,434.709991,yahoo,KRW,2026-06-05T09:03:38.313619+00:00
2021-07-14,^KS200,433.570007,yahoo,KRW,2026-06-05T09:03:38.313619+00:00
2021-07-15,^KS200,436.76001,yahoo,KRW,2026-06-05T09:03:38.313619+00:00
2021-07-16,^KS200,434.820007,yahoo,KRW,2026-06-05T09:03:38.313619+00:00
2021-07-19,^KS200,429.890015,yahoo,KRW,2026-06-05T09:03:38.313619+00:00
2021-07-20,^KS200,428.549988,yahoo,KRW,2026-06-05T09:03:38.313619+00:00
2021-07-21,^KS200,426.0,yahoo,KRW,2026-06-05T09:03:38.313619+00:00
2021-07-22,^KS200,431.380005,yahoo,KRW,2026-06-05T09:03:38.313619+00:00
2021-07-23,^KS200,431.549988,yahoo,KRW,2026-06-05T09:03:38.313619+00:00
2021-07-26,^KS200,427.470001,yahoo,KRW,2026-06-05T09:03:38.313619+00:00
2021-07-27,^KS200,428.220001,yahoo,KRW,2026-06-05T09:03:38.313619+00:00
2021-07-28,^KS200,429.149994,yahoo,KRW,2026-06-05T09:03:38.313619+00:00
2021-07-29,^KS200,429.48999,yahoo,KRW,2026-06-05T09:03:38.313619+00:00
2021-07-30,^KS200,423.910004,yahoo,KRW,2026-06-05T09:03:38.313619+00:00
2021-08-02,^KS200,426.790009,yahoo,KRW,2026-06-05T09:03:38.313619+00:00
2021-08-03,^KS200,429.980011,yahoo,KRW,2026-06-05T09:03:38.313619+00:00
2021-08-04,^KS200,436.049988,yahoo,KRW,2026-06-05T09:03:38.313619+00:00
2021-08-05,^KS200,434.73999,yahoo,KRW,2026-06-05T09:03:38.313619+00:00
2021-08-06,^KS200,433.290009,yahoo,KRW,2026-06-05T09:03:38.313619+00:00
2021-08-09,^KS200,431.649994,yahoo,KRW,2026-06-05T09:03:38.313619+00:00
2021-08-10,^KS200,428.559998,yahoo,KRW,2026-06-05T09:03:38.313619+00:00
2021-08-11,^KS200,424.73999,yahoo,KRW,2026-06-05T09:03:38.313619+00:00
2021-08-12,^KS200,422.380005,yahoo,KRW,2026-06-05T09:03:38.313619+00:00
2021-08-13,^KS200,416.059998,yahoo,KRW,2026-06-05T09:03:38.313619+00:00
2021-08-17,^KS200,411.309998,yahoo,KRW,2026-06-05T09:03:38.313619+00:00
2021-08-18,^KS200,413.359985,yahoo,KRW,2026-06-05T09:03:38.313619+00:00
2021-08-19,^KS200,404.959991,yahoo,KRW,2026-06-05T09:03:38.313619+00:00
2021-08-20,^KS200,400.779999,yahoo,KRW,2026-06-05T09:03:38.313619+00:00
2021-08-23,^KS200,404.579987,yahoo,KRW,2026-06-05T09:03:38.313619+00:00
2021-08-24,^KS200,412.480011,yahoo,KRW,2026-06-05T09:03:38.313619+00:00
2021-08-25,^KS200,413.950012,yahoo,KRW,2026-06-05T09:03:38.313619+00:00
2021-08-26,^KS200,410.380005,yahoo,KRW,2026-06-05T09:03:38.313619+00:00
2021-08-27,^KS200,410.23999,yahoo,KRW,2026-06-05T09:03:38.313619+00:00
2021-08-30,^KS200,411.5,yahoo,KRW,2026-06-05T09:03:38.313619+00:00
2021-08-31,^KS200,419.790009,yahoo,KRW,2026-06-05T09:03:38.313619+00:00
2021-09-01,^KS200,419.920013,yahoo,KRW,2026-06-05T09:03:38.313619+00:00
2021-09-02,^KS200,415.890015,yahoo,KRW,2026-06-05T09:03:38.313619+00:00
2021-09-03,^KS200,419.220001,yahoo,KRW,2026-06-05T09:03:38.313619+00:00
2021-09-06,^KS200,420.369995,yahoo,KRW,2026-06-05T09:03:38.313619+00:00
2021-09-07,^KS200,417.799988,yahoo,KRW,2026-06-05T09:03:38.313619+00:00
2021-09-08,^KS200,414.540009,yahoo,KRW,2026-06-05T09:03:38.313619+00:00
2021-09-09,^KS200,407.279999,yahoo,KRW,2026-06-05T09:03:38.313619+00:00
2021-09-10,^KS200,408.700012,yahoo,KRW,2026-06-05T09:03:38.313619+00:00
2021-09-13,^KS200,409.700012,yahoo,KRW,2026-06-05T09:03:38.313619+00:00
2021-09-14,^KS200,412.359985,yahoo,KRW,2026-06-05T09:03:38.313619+00:00
2021-09-15,^KS200,412.850006,yahoo,KRW,2026-06-05T09:03:38.313619+00:00
2021-09-16,^KS200,409.220001,yahoo,KRW,2026-06-05T09:03:38.313619+00:00
2021-09-17,^KS200,410.98999,yahoo,KRW,2026-06-05T09:03:38.313619+00:00
2021-09-23,^KS200,410.459991,yahoo,KRW,2026-06-05T09:03:38.313619+00:00
2021-09-24,^KS200,409.839996,yahoo,KRW,2026-06-05T09:03:38.313619+00:00
2021-09-27,^KS200,410.970001,yahoo,KRW,2026-06-05T09:03:38.313619+00:00
2021-09-28,^KS200,406.200012,yahoo,KRW,2026-06-05T09:03:38.313619+00:00
2021-09-29,^KS200,400.089996,yahoo,KRW,2026-06-05T09:03:38.313619+00:00
2021-09-30,^KS200,401.299988,yahoo,KRW,2026-06-05T09:03:38.313619+00:00
2021-10-01,^KS200,394.790009,yahoo,KRW,2026-06-05T09:03:38.313619+00:00
2021-10-05,^KS200,388.01001,yahoo,KRW,2026-06-05T09:03:38.313619+00:00
2021-10-06,^KS200,381.929993,yahoo,KRW,2026-06-05T09:03:38.313619+00:00
2021-10-07,^KS200,388.140015,yahoo,KRW,2026-06-05T09:03:38.313619+00:00
2021-10-08,^KS200,387.420013,yahoo,KRW,2026-06-05T09:03:38.313619+00:00
2021-10-12,^KS200,380.690002,yahoo,KRW,2026-06-05T09:03:38.313619+00:00
2021-10-13,^KS200,384.100006,yahoo,KRW,2026-06-05T09:03:38.313619+00:00
2021-10-14,^KS200,389.589996,yahoo,KRW,2026-06-05T09:03:38.313619+00:00
2021-10-15,^KS200,393.190002,yahoo,KRW,2026-06-05T09:03:38.313619+00:00
2021-10-18,^KS200,392.019989,yahoo,KRW,2026-06-05T09:03:38.313619+00:00
2021-10-19,^KS200,395.410004,yahoo,KRW,2026-06-05T09:03:38.313619+00:00
2021-10-20,^KS200,393.73999,yahoo,KRW,2026-06-05T09:03:38.313619+00:00
2021-10-21,^KS200,393.179993,yahoo,KRW,2026-06-05T09:03:38.313619+00:00
2021-10-22,^KS200,393.339996,yahoo,KRW,2026-06-05T09:03:38.313619+00:00
2021-10-25,^KS200,395.01001,yahoo,KRW,2026-06-05T09:03:38.313619+00:00
2021-10-26,^KS200,399.070007,yahoo,KRW,2026-06-05T09:03:38.313619+00:00
2021-10-27,^KS200,395.480011,yahoo,KRW,2026-06-05T09:03:38.313619+00:00
2021-10-28,^KS200,393.890015,yahoo,KRW,2026-06-05T09:03:38.313619+00:00
2021-10-29,^KS200,388.470001,yahoo,KRW,2026-06-05T09:03:38.313619+00:00
2021-11-01,^KS200,389.809998,yahoo,KRW,2026-06-05T09:03:38.313619+00:00
2021-11-02,^KS200,394.820007,yahoo,KRW,2026-06-05T09:03:38.313619+00:00
2021-11-03,^KS200,389.480011,yahoo,KRW,2026-06-05T09:03:38.313619+00:00
2021-11-04,^KS200,391.540009,yahoo,KRW,2026-06-05T09:03:38.313619+00:00
2021-11-05,^KS200,389.859985,yahoo,KRW,2026-06-05T09:03:38.313619+00:00
2021-11-08,^KS200,389.589996,yahoo,KRW,2026-06-05T09:03:38.313619+00:00
2021-11-09,^KS200,390.359985,yahoo,KRW,2026-06-05T09:03:38.313619+00:00
2021-11-10,^KS200,386.23999,yahoo,KRW,2026-06-05T09:03:38.313619+00:00
2021-11-11,^KS200,385.970001,yahoo,KRW,2026-06-05T09:03:38.313619+00:00
2021-11-12,^KS200,390.380005,yahoo,KRW,2026-06-05T09:03:38.313619+00:00
2021-11-15,^KS200,394.359985,yahoo,KRW,2026-06-05T09:03:38.313619+00:00
2021-11-16,^KS200,394.070007,yahoo,KRW,2026-06-05T09:03:38.313619+00:00
2021-11-17,^KS200,389.440002,yahoo,KRW,2026-06-05T09:03:38.313619+00:00
2021-11-18,^KS200,387.440002,yahoo,KRW,2026-06-05T09:03:38.313619+00:00
2021-11-19,^KS200,390.529999,yahoo,KRW,2026-06-05T09:03:38.313619+00:00
2021-11-22,^KS200,399.070007,yahoo,KRW,2026-06-05T09:03:38.313619+00:00
2021-11-23,^KS200,396.440002,yahoo,KRW,2026-06-05T09:03:38.313619+00:00
2021-11-24,^KS200,395.399994,yahoo,KRW,2026-06-05T09:03:38.313619+00:00
2021-11-25,^KS200,391.929993,yahoo,KRW,2026-06-05T09:03:38.313619+00:00
2021-11-26,^KS200,385.070007,yahoo,KRW,2026-06-05T09:03:38.313619+00:00
2021-11-29,^KS200,381.630005,yahoo,KRW,2026-06-05T09:03:38.313619+00:00
2021-11-30,^KS200,373.23999,yahoo,KRW,2026-06-05T09:03:38.313619+00:00
2021-12-01,^KS200,383.130005,yahoo,KRW,2026-06-05T09:03:38.313619+00:00
2021-12-02,^KS200,389.640015,yahoo,KRW,2026-06-05T09:03:38.313619+00:00
2021-12-03,^KS200,391.959991,yahoo,KRW,2026-06-05T09:03:38.313619+00:00
2021-12-06,^KS200,392.850006,yahoo,KRW,2026-06-05T09:03:38.313619+00:00
2021-12-07,^KS200,396.309998,yahoo,KRW,2026-06-05T09:03:38.313619+00:00
2021-12-08,^KS200,397.269989,yahoo,KRW,2026-06-05T09:03:38.313619+00:00
2021-12-09,^KS200,401.130005,yahoo,KRW,2026-06-05T09:03:38.313619+00:00
2021-12-10,^KS200,397.970001,yahoo,KRW,2026-06-05T09:03:38.313619+00:00
2021-12-13,^KS200,397.269989,yahoo,KRW,2026-06-05T09:03:38.313619+00:00
2021-12-14,^KS200,395.410004,yahoo,KRW,2026-06-05T09:03:38.313619+00:00
2021-12-15,^KS200,395.660004,yahoo,KRW,2026-06-05T09:03:38.313619+00:00
2021-12-16,^KS200,397.679993,yahoo,KRW,2026-06-05T09:03:38.313619+00:00
2021-12-17,^KS200,398.959991,yahoo,KRW,2026-06-05T09:03:38.313619+00:00
2021-12-20,^KS200,391.369995,yahoo,KRW,2026-06-05T09:03:38.313619+00:00
2021-12-21,^KS200,393.950012,yahoo,KRW,2026-06-05T09:03:38.313619+00:00
2021-12-22,^KS200,396.070007,yahoo,KRW,2026-06-05T09:03:38.313619+00:00
2021-12-23,^KS200,398.149994,yahoo,KRW,2026-06-05T09:03:38.313619+00:00
2021-12-24,^KS200,400.529999,yahoo,KRW,2026-06-05T09:03:38.313619+00:00
2021-12-27,^KS200,398.609985,yahoo,KRW,2026-06-05T09:03:38.313619+00:00
2021-12-28,^KS200,401.209991,yahoo,KRW,2026-06-05T09:03:38.313619+00:00
2021-12-29,^KS200,396.720001,yahoo,KRW,2026-06-05T09:03:38.313619+00:00
2021-12-30,^KS200,394.190002,yahoo,KRW,2026-06-05T09:03:38.313619+00:00
2022-01-04,^KS200,395.399994,yahoo,KRW,2026-06-05T09:03:38.313619+00:00
2022-01-05,^KS200,390.390015,yahoo,KRW,2026-06-05T09:03:38.313619+00:00
2022-01-06,^KS200,386.220001,yahoo,KRW,2026-06-05T09:03:38.313619+00:00
2022-01-07,^KS200,390.850006,yahoo,KRW,2026-06-05T09:03:38.313619+00:00
2022-01-10,^KS200,387.519989,yahoo,KRW,2026-06-05T09:03:38.313619+00:00
2022-01-11,^KS200,388.970001,yahoo,KRW,2026-06-05T09:03:38.313619+00:00
2022-01-12,^KS200,394.660004,yahoo,KRW,2026-06-05T09:03:38.313619+00:00
2022-01-13,^KS200,393.0,yahoo,KRW,2026-06-05T09:03:38.313619+00:00
2022-01-14,^KS200,387.450012,yahoo,KRW,2026-06-05T09:03:38.313619+00:00
2022-01-17,^KS200,383.809998,yahoo,KRW,2026-06-05T09:03:38.313619+00:00
2022-01-18,^KS200,381.01001,yahoo,KRW,2026-06-05T09:03:38.313619+00:00
2022-01-19,^KS200,378.209991,yahoo,KRW,2026-06-05T09:03:38.313619+00:00
2022-01-20,^KS200,380.390015,yahoo,KRW,2026-06-05T09:03:38.313619+00:00
2022-01-21,^KS200,376.079987,yahoo,KRW,2026-06-05T09:03:38.313619+00:00
2022-01-24,^KS200,371.299988,yahoo,KRW,2026-06-05T09:03:38.313619+00:00
2022-01-25,^KS200,362.390015,yahoo,KRW,2026-06-05T09:03:38.313619+00:00
2022-01-26,^KS200,360.829987,yahoo,KRW,2026-06-05T09:03:38.313619+00:00
2022-01-27,^KS200,348.579987,yahoo,KRW,2026-06-05T09:03:38.313619+00:00
2022-01-28,^KS200,357.980011,yahoo,KRW,2026-06-05T09:03:38.313619+00:00
2022-02-03,^KS200,361.600006,yahoo,KRW,2026-06-05T09:03:38.313619+00:00
2022-02-04,^KS200,366.339996,yahoo,KRW,2026-06-05T09:03:38.313619+00:00
2022-02-07,^KS200,362.920013,yahoo,KRW,2026-06-05T09:03:38.313619+00:00
2022-02-08,^KS200,363.480011,yahoo,KRW,2026-06-05T09:03:38.313619+00:00
2022-02-09,^KS200,368.649994,yahoo,KRW,2026-06-05T09:03:38.313619+00:00
2022-02-10,^KS200,371.570007,yahoo,KRW,2026-06-05T09:03:38.313619+00:00
2022-02-11,^KS200,368.609985,yahoo,KRW,2026-06-05T09:03:38.313619+00:00
2022-02-14,^KS200,362.980011,yahoo,KRW,2026-06-05T09:03:38.313619+00:00
2022-02-15,^KS200,360.429993,yahoo,KRW,2026-06-05T09:03:38.313619+00:00
2022-02-16,^KS200,367.299988,yahoo,KRW,2026-06-05T09:03:38.313619+00:00
2022-02-17,^KS200,369.549988,yahoo,KRW,2026-06-05T09:03:38.313619+00:00
2022-02-18,^KS200,368.549988,yahoo,KRW,2026-06-05T09:03:38.313619+00:00
2022-02-21,^KS200,368.290009,yahoo,KRW,2026-06-05T09:03:38.313619+00:00
2022-02-22,^KS200,363.51001,yahoo,KRW,2026-06-05T09:03:38.313619+00:00
2022-02-23,^KS200,364.440002,yahoo,KRW,2026-06-05T09:03:38.313619+00:00
2022-02-24,^KS200,355.040009,yahoo,KRW,2026-06-05T09:03:38.313619+00:00
2022-02-25,^KS200,358.440002,yahoo,KRW,2026-06-05T09:03:38.313619+00:00
2022-02-28,^KS200,361.540009,yahoo,KRW,2026-06-05T09:03:38.313619+00:00
2022-03-02,^KS200,360.589996,yahoo,KRW,2026-06-05T09:03:38.313619+00:00
2022-03-03,^KS200,367.059998,yahoo,KRW,2026-06-05T09:03:38.313619+00:00
2022-03-04,^KS200,361.690002,yahoo,KRW,2026-06-05T09:03:38.313619+00:00
2022-03-07,^KS200,353.029999,yahoo,KRW,2026-06-05T09:03:38.313619+00:00
2022-03-08,^KS200,349.380005,yahoo,KRW,2026-06-05T09:03:38.313619+00:00
2022-03-10,^KS200,358.01001,yahoo,KRW,2026-06-05T09:03:38.313619+00:00
2022-03-11,^KS200,355.309998,yahoo,KRW,2026-06-05T09:03:38.313619+00:00
2022-03-14,^KS200,354.609985,yahoo,KRW,2026-06-05T09:03:38.313619+00:00
2022-03-15,^KS200,351.029999,yahoo,KRW,2026-06-05T09:03:38.313619+00:00
2022-03-16,^KS200,356.089996,yahoo,KRW,2026-06-05T09:03:38.313619+00:00
2022-03-17,^KS200,361.459991,yahoo,KRW,2026-06-05T09:03:38.313619+00:00
2022-03-18,^KS200,362.329987,yahoo,KRW,2026-06-05T09:03:38.313619+00:00
2022-03-21,^KS200,358.769989,yahoo,KRW,2026-06-05T09:03:38.313619+00:00
2022-03-22,^KS200,361.660004,yahoo,KRW,2026-06-05T09:03:38.313619+00:00
2022-03-23,^KS200,364.839996,yahoo,KRW,2026-06-05T09:03:38.313619+00:00
2022-03-24,^KS200,363.380005,yahoo,KRW,2026-06-05T09:03:38.313619+00:00
2022-03-25,^KS200,362.059998,yahoo,KRW,2026-06-05T09:03:38.313619+00:00
2022-03-28,^KS200,362.059998,yahoo,KRW,2026-06-05T09:03:38.313619+00:00
2022-03-29,^KS200,363.769989,yahoo,KRW,2026-06-05T09:03:38.313619+00:00
2022-03-30,^KS200,364.5,yahoo,KRW,2026-06-05T09:03:38.313619+00:00
2022-03-31,^KS200,365.609985,yahoo,KRW,2026-06-05T09:03:38.313619+00:00
2022-04-01,^KS200,363.190002,yahoo,KRW,2026-06-05T09:03:38.313619+00:00
2022-04-04,^KS200,364.940002,yahoo,KRW,2026-06-05T09:03:38.313619+00:00
2022-04-05,^KS200,364.73999,yahoo,KRW,2026-06-05T09:03:38.313619+00:00
2022-04-06,^KS200,361.01001,yahoo,KRW,2026-06-05T09:03:38.313619+00:00
2022-04-07,^KS200,355.730011,yahoo,KRW,2026-06-05T09:03:38.313619+00:00
2022-04-08,^KS200,356.01001,yahoo,KRW,2026-06-05T09:03:38.313619+00:00
2022-04-11,^KS200,355.779999,yahoo,KRW,2026-06-05T09:03:38.313619+00:00
2022-04-12,^KS200,352.320007,yahoo,KRW,2026-06-05T09:03:38.313619+00:00
2022-04-13,^KS200,359.0,yahoo,KRW,2026-06-05T09:03:38.313619+00:00
2022-04-14,^KS200,357.380005,yahoo,KRW,2026-06-05T09:03:38.313619+00:00
2022-04-15,^KS200,353.839996,yahoo,KRW,2026-06-05T09:03:38.313619+00:00
2022-04-18,^KS200,353.630005,yahoo,KRW,2026-06-05T09:03:38.313619+00:00
2022-04-19,^KS200,357.359985,yahoo,KRW,2026-06-05T09:03:38.313619+00:00
2022-04-20,^KS200,357.519989,yahoo,KRW,2026-06-05T09:03:38.313619+00:00
2022-04-21,^KS200,359.019989,yahoo,KRW,2026-06-05T09:03:38.313619+00:00
2022-04-22,^KS200,355.429993,yahoo,KRW,2026-06-05T09:03:38.313619+00:00
2022-04-25,^KS200,348.980011,yahoo,KRW,2026-06-05T09:03:38.313619+00:00
2022-04-26,^KS200,350.670013,yahoo,KRW,2026-06-05T09:03:38.313619+00:00
2022-04-27,^KS200,346.209991,yahoo,KRW,2026-06-05T09:03:38.313619+00:00
2022-04-28,^KS200,350.160004,yahoo,KRW,2026-06-05T09:03:38.313619+00:00
2022-04-29,^KS200,355.079987,yahoo,KRW,2026-06-05T09:03:38.313619+00:00
2022-05-02,^KS200,354.019989,yahoo,KRW,2026-06-05T09:03:38.313619+00:00
2022-05-03,^KS200,353.320007,yahoo,KRW,2026-06-05T09:03:38.313619+00:00
2022-05-04,^KS200,353.850006,yahoo,KRW,2026-06-05T09:03:38.313619+00:00
2022-05-06,^KS200,349.0,yahoo,KRW,2026-06-05T09:03:38.313619+00:00
2022-05-10,^KS200,343.670013,yahoo,KRW,2026-06-05T09:03:38.313619+00:00
2022-05-11,^KS200,343.440002,yahoo,KRW,2026-06-05T09:03:38.313619+00:00
2022-05-12,^KS200,337.940002,yahoo,KRW,2026-06-05T09:03:38.313619+00:00
2022-05-13,^KS200,345.5,yahoo,KRW,2026-06-05T09:03:38.313619+00:00
2022-05-16,^KS200,343.940002,yahoo,KRW,2026-06-05T09:03:38.313619+00:00
2022-05-17,^KS200,347.529999,yahoo,KRW,2026-06-05T09:03:38.313619+00:00
2022-05-18,^KS200,348.339996,yahoo,KRW,2026-06-05T09:03:38.313619+00:00
2022-05-19,^KS200,343.23999,yahoo,KRW,2026-06-05T09:03:38.313619+00:00
2022-05-20,^KS200,349.290009,yahoo,KRW,2026-06-05T09:03:38.313619+00:00
2022-05-23,^KS200,350.339996,yahoo,KRW,2026-06-05T09:03:38.313619+00:00
2022-05-24,^KS200,344.079987,yahoo,KRW,2026-06-05T09:03:38.313619+00:00
2022-05-25,^KS200,345.600006,yahoo,KRW,2026-06-05T09:03:38.313619+00:00
2022-05-26,^KS200,344.26001,yahoo,KRW,2026-06-05T09:03:38.313619+00:00
2022-05-27,^KS200,348.040009,yahoo,KRW,2026-06-05T09:03:38.313619+00:00
2022-05-30,^KS200,352.48999,yahoo,KRW,2026-06-05T09:03:38.313619+00:00
2022-05-31,^KS200,354.540009,yahoo,KRW,2026-06-05T09:03:38.313619+00:00
2022-06-02,^KS200,350.51001,yahoo,KRW,2026-06-05T09:03:38.313619+00:00
2022-06-03,^KS200,352.01001,yahoo,KRW,2026-06-05T09:03:38.313619+00:00
2022-06-07,^KS200,345.670013,yahoo,KRW,2026-06-05T09:03:38.313619+00:00
2022-06-08,^KS200,346.220001,yahoo,KRW,2026-06-05T09:03:38.313619+00:00
2022-06-09,^KS200,346.619995,yahoo,KRW,2026-06-05T09:03:38.313619+00:00
2022-06-10,^KS200,341.890015,yahoo,KRW,2026-06-05T09:03:38.313619+00:00
2022-06-13,^KS200,329.880005,yahoo,KRW,2026-06-05T09:03:38.313619+00:00
2022-06-14,^KS200,328.230011,yahoo,KRW,2026-06-05T09:03:38.313619+00:00
2022-06-15,^KS200,322.209991,yahoo,KRW,2026-06-05T09:03:38.313619+00:00
2022-06-16,^KS200,322.25,yahoo,KRW,2026-06-05T09:03:38.313619+00:00
2022-06-17,^KS200,320.089996,yahoo,KRW,2026-06-05T09:03:38.313619+00:00
2022-06-20,^KS200,314.440002,yahoo,KRW,2026-06-05T09:03:38.313619+00:00
2022-06-21,^KS200,316.380005,yahoo,KRW,2026-06-05T09:03:38.313619+00:00
2022-06-22,^KS200,308.079987,yahoo,KRW,2026-06-05T09:03:38.313619+00:00
2022-06-23,^KS200,305.450012,yahoo,KRW,2026-06-05T09:03:38.313619+00:00
2022-06-24,^KS200,312.070007,yahoo,KRW,2026-06-05T09:03:38.313619+00:00
2022-06-27,^KS200,316.200012,yahoo,KRW,2026-06-05T09:03:38.313619+00:00
2022-06-28,^KS200,319.109985,yahoo,KRW,2026-06-05T09:03:38.313619+00:00
2022-06-29,^KS200,312.859985,yahoo,KRW,2026-06-05T09:03:38.313619+00:00
2022-06-30,^KS200,307.200012,yahoo,KRW,2026-06-05T09:03:38.313619+00:00
2022-07-01,^KS200,304.019989,yahoo,KRW,2026-06-05T09:03:38.313619+00:00
2022-07-04,^KS200,304.01001,yahoo,KRW,2026-06-05T09:03:38.313619+00:00
2022-07-05,^KS200,309.029999,yahoo,KRW,2026-06-05T09:03:38.313619+00:00
2022-07-06,^KS200,302.279999,yahoo,KRW,2026-06-05T09:03:38.313619+00:00
2022-07-07,^KS200,308.309998,yahoo,KRW,2026-06-05T09:03:38.313619+00:00
2022-07-08,^KS200,310.149994,yahoo,KRW,2026-06-05T09:03:38.313619+00:00
2022-07-11,^KS200,308.290009,yahoo,KRW,2026-06-05T09:03:38.313619+00:00
2022-07-12,^KS200,305.029999,yahoo,KRW,2026-06-05T09:03:38.313619+00:00
2022-07-13,^KS200,306.589996,yahoo,KRW,2026-06-05T09:03:38.313619+00:00
2022-07-14,^KS200,305.350006,yahoo,KRW,2026-06-05T09:03:38.313619+00:00
2022-07-15,^KS200,307.910004,yahoo,KRW,2026-06-05T09:03:38.313619+00:00
2022-07-18,^KS200,314.869995,yahoo,KRW,2026-06-05T09:03:38.313619+00:00
2022-07-19,^KS200,313.899994,yahoo,KRW,2026-06-05T09:03:38.313619+00:00
2022-07-20,^KS200,316.019989,yahoo,KRW,2026-06-05T09:03:38.313619+00:00
2022-07-21,^KS200,319.679993,yahoo,KRW,2026-06-05T09:03:38.313619+00:00
2022-07-22,^KS200,317.329987,yahoo,KRW,2026-06-05T09:03:38.313619+00:00
2022-07-25,^KS200,318.339996,yahoo,KRW,2026-06-05T09:03:38.313619+00:00
2022-07-26,^KS200,319.609985,yahoo,KRW,2026-06-05T09:03:38.313619+00:00
2022-07-27,^KS200,319.73999,yahoo,KRW,2026-06-05T09:03:38.313619+00:00
2022-07-28,^KS200,321.619995,yahoo,KRW,2026-06-05T09:03:38.313619+00:00
2022-07-29,^KS200,323.309998,yahoo,KRW,2026-06-05T09:03:38.313619+00:00
2022-08-01,^KS200,322.970001,yahoo,KRW,2026-06-05T09:03:38.313619+00:00
2022-08-02,^KS200,321.640015,yahoo,KRW,2026-06-05T09:03:38.313619+00:00
2022-08-03,^KS200,323.799988,yahoo,KRW,2026-06-05T09:03:38.313619+00:00
2022-08-04,^KS200,325.470001,yahoo,KRW,2026-06-05T09:03:38.313619+00:00
2022-08-05,^KS200,327.5,yahoo,KRW,2026-06-05T09:03:38.313619+00:00
2022-08-08,^KS200,327.230011,yahoo,KRW,2026-06-05T09:03:38.313619+00:00
2022-08-09,^KS200,328.109985,yahoo,KRW,2026-06-05T09:03:38.313619+00:00
2022-08-10,^KS200,324.350006,yahoo,KRW,2026-06-05T09:03:38.313619+00:00
2022-08-11,^KS200,329.920013,yahoo,KRW,2026-06-05T09:03:38.313619+00:00
2022-08-12,^KS200,330.670013,yahoo,KRW,2026-06-05T09:03:38.313619+00:00
2022-08-16,^KS200,331.779999,yahoo,KRW,2026-06-05T09:03:38.313619+00:00
2022-08-17,^KS200,329.910004,yahoo,KRW,2026-06-05T09:03:38.313619+00:00
2022-08-18,^KS200,328.799988,yahoo,KRW,2026-06-05T09:03:38.313619+00:00
2022-08-19,^KS200,326.790009,yahoo,KRW,2026-06-05T09:03:38.313619+00:00
2022-08-22,^KS200,322.769989,yahoo,KRW,2026-06-05T09:03:38.313619+00:00
2022-08-23,^KS200,318.690002,yahoo,KRW,2026-06-05T09:03:38.313619+00:00
2022-08-24,^KS200,319.859985,yahoo,KRW,2026-06-05T09:03:38.313619+00:00
2022-08-25,^KS200,323.630005,yahoo,KRW,2026-06-05T09:03:38.313619+00:00
2022-08-26,^KS200,323.910004,yahoo,KRW,2026-06-05T09:03:38.313619+00:00
2022-08-29,^KS200,316.350006,yahoo,KRW,2026-06-05T09:03:38.313619+00:00
2022-08-30,^KS200,319.48999,yahoo,KRW,2026-06-05T09:03:38.313619+00:00
2022-08-31,^KS200,322.959991,yahoo,KRW,2026-06-05T09:03:38.313619+00:00
2022-09-01,^KS200,315.019989,yahoo,KRW,2026-06-05T09:03:38.313619+00:00
2022-09-02,^KS200,312.920013,yahoo,KRW,2026-06-05T09:03:38.313619+00:00
2022-09-05,^KS200,312.470001,yahoo,KRW,2026-06-05T09:03:38.313619+00:00
2022-09-06,^KS200,313.01001,yahoo,KRW,2026-06-05T09:03:38.313619+00:00
2022-09-07,^KS200,308.160004,yahoo,KRW,2026-06-05T09:03:38.313619+00:00
2022-09-08,^KS200,309.119995,yahoo,KRW,2026-06-05T09:03:38.313619+00:00
2022-09-13,^KS200,318.559998,yahoo,KRW,2026-06-05T09:03:38.313619+00:00
2022-09-14,^KS200,312.73999,yahoo,KRW,2026-06-05T09:03:38.313619+00:00
2022-09-15,^KS200,310.630005,yahoo,KRW,2026-06-05T09:03:38.313619+00:00
2022-09-16,^KS200,308.690002,yahoo,KRW,2026-06-05T09:03:38.313619+00:00
2022-09-19,^KS200,306.48999,yahoo,KRW,2026-06-05T09:03:38.313619+00:00
2022-09-20,^KS200,307.540009,yahoo,KRW,2026-06-05T09:03:38.313619+00:00
2022-09-21,^KS200,304.670013,yahoo,KRW,2026-06-05T09:03:38.313619+00:00
2022-09-22,^KS200,301.649994,yahoo,KRW,2026-06-05T09:03:38.313619+00:00
2022-09-23,^KS200,297.73999,yahoo,KRW,2026-06-05T09:03:38.313619+00:00
2022-09-26,^KS200,289.769989,yahoo,KRW,2026-06-05T09:03:38.313619+00:00
2022-09-27,^KS200,290.200012,yahoo,KRW,2026-06-05T09:03:38.313619+00:00
2022-09-28,^KS200,283.190002,yahoo,KRW,2026-06-05T09:03:38.313619+00:00
2022-09-29,^KS200,282.649994,yahoo,KRW,2026-06-05T09:03:38.313619+00:00
2022-09-30,^KS200,281.359985,yahoo,KRW,2026-06-05T09:03:38.313619+00:00
2022-10-04,^KS200,288.269989,yahoo,KRW,2026-06-05T09:03:38.313619+00:00
2022-10-05,^KS200,289.049988,yahoo,KRW,2026-06-05T09:03:38.313619+00:00
2022-10-06,^KS200,291.26001,yahoo,KRW,2026-06-05T09:03:38.313619+00:00
2022-10-07,^KS200,290.410004,yahoo,KRW,2026-06-05T09:03:38.313619+00:00
2022-10-11,^KS200,284.959991,yahoo,KRW,2026-06-05T09:03:38.313619+00:00
2022-10-12,^KS200,287.089996,yahoo,KRW,2026-06-05T09:03:38.313619+00:00
2022-10-13,^KS200,282.570007,yahoo,KRW,2026-06-05T09:03:38.313619+00:00
2022-10-14,^KS200,289.359985,yahoo,KRW,2026-06-05T09:03:38.313619+00:00
2022-10-17,^KS200,289.570007,yahoo,KRW,2026-06-05T09:03:38.313619+00:00
2022-10-18,^KS200,293.589996,yahoo,KRW,2026-06-05T09:03:38.313619+00:00
2022-10-19,^KS200,291.290009,yahoo,KRW,2026-06-05T09:03:38.313619+00:00
2022-10-20,^KS200,288.609985,yahoo,KRW,2026-06-05T09:03:38.313619+00:00
2022-10-21,^KS200,288.570007,yahoo,KRW,2026-06-05T09:03:38.313619+00:00
2022-10-24,^KS200,291.470001,yahoo,KRW,2026-06-05T09:03:38.313619+00:00
2022-10-25,^KS200,291.579987,yahoo,KRW,2026-06-05T09:03:38.313619+00:00
2022-10-26,^KS200,293.850006,yahoo,KRW,2026-06-05T09:03:38.313619+00:00
2022-10-27,^KS200,298.820007,yahoo,KRW,2026-06-05T09:03:38.313619+00:00
2022-10-28,^KS200,295.059998,yahoo,KRW,2026-06-05T09:03:38.313619+00:00
2022-10-31,^KS200,299.579987,yahoo,KRW,2026-06-05T09:03:38.313619+00:00
2022-11-01,^KS200,303.880005,yahoo,KRW,2026-06-05T09:03:38.313619+00:00
2022-11-02,^KS200,303.869995,yahoo,KRW,2026-06-05T09:03:38.313619+00:00
2022-11-03,^KS200,301.660004,yahoo,KRW,2026-06-05T09:03:38.313619+00:00
2022-11-04,^KS200,304.329987,yahoo,KRW,2026-06-05T09:03:38.313619+00:00
2022-11-07,^KS200,307.869995,yahoo,KRW,2026-06-05T09:03:38.313619+00:00
2022-11-08,^KS200,312.01001,yahoo,KRW,2026-06-05T09:03:38.313619+00:00
2022-11-09,^KS200,315.230011,yahoo,KRW,2026-06-05T09:03:38.313619+00:00
2022-11-10,^KS200,311.130005,yahoo,KRW,2026-06-05T09:03:38.313619+00:00
2022-11-11,^KS200,323.089996,yahoo,KRW,2026-06-05T09:03:38.313619+00:00
2022-11-14,^KS200,321.529999,yahoo,KRW,2026-06-05T09:03:38.313619+00:00
2022-11-15,^KS200,322.309998,yahoo,KRW,2026-06-05T09:03:38.313619+00:00
2022-11-16,^KS200,321.959991,yahoo,KRW,2026-06-05T09:03:38.313619+00:00
2022-11-17,^KS200,316.75,yahoo,KRW,2026-06-05T09:03:38.313619+00:00
2022-11-18,^KS200,317.119995,yahoo,KRW,2026-06-05T09:03:38.313619+00:00
2022-11-21,^KS200,314.670013,yahoo,KRW,2026-06-05T09:03:38.313619+00:00
2022-11-22,^KS200,312.019989,yahoo,KRW,2026-06-05T09:03:38.313619+00:00
2022-11-23,^KS200,314.109985,yahoo,KRW,2026-06-05T09:03:38.313619+00:00
2022-11-24,^KS200,317.299988,yahoo,KRW,2026-06-05T09:03:38.313619+00:00
2022-11-25,^KS200,316.070007,yahoo,KRW,2026-06-05T09:03:38.313619+00:00
2022-11-28,^KS200,312.209991,yahoo,KRW,2026-06-05T09:03:38.313619+00:00
2022-11-29,^KS200,315.579987,yahoo,KRW,2026-06-05T09:03:38.313619+00:00
2022-11-30,^KS200,321.0,yahoo,KRW,2026-06-05T09:03:38.313619+00:00
2022-12-01,^KS200,322.019989,yahoo,KRW,2026-06-05T09:03:38.313619+00:00
2022-12-02,^KS200,315.019989,yahoo,KRW,2026-06-05T09:03:38.313619+00:00
2022-12-05,^KS200,313.910004,yahoo,KRW,2026-06-05T09:03:38.313619+00:00
2022-12-06,^KS200,310.140015,yahoo,KRW,2026-06-05T09:03:38.313619+00:00
2022-12-07,^KS200,308.269989,yahoo,KRW,2026-06-05T09:03:38.313619+00:00
2022-12-08,^KS200,308.23999,yahoo,KRW,2026-06-05T09:03:38.313619+00:00
2022-12-09,^KS200,311.630005,yahoo,KRW,2026-06-05T09:03:38.313619+00:00
2022-12-12,^KS200,309.640015,yahoo,KRW,2026-06-05T09:03:38.313619+00:00
2022-12-13,^KS200,309.559998,yahoo,KRW,2026-06-05T09:03:38.313619+00:00
2022-12-14,^KS200,313.230011,yahoo,KRW,2026-06-05T09:03:38.313619+00:00
2022-12-15,^KS200,307.730011,yahoo,KRW,2026-06-05T09:03:38.313619+00:00
2022-12-16,^KS200,307.480011,yahoo,KRW,2026-06-05T09:03:38.313619+00:00
2022-12-19,^KS200,306.769989,yahoo,KRW,2026-06-05T09:03:38.313619+00:00
2022-12-20,^KS200,304.049988,yahoo,KRW,2026-06-05T09:03:38.313619+00:00
2022-12-21,^KS200,303.230011,yahoo,KRW,2026-06-05T09:03:38.313619+00:00
2022-12-22,^KS200,307.480011,yahoo,KRW,2026-06-05T09:03:38.313619+00:00
2022-12-23,^KS200,302.070007,yahoo,KRW,2026-06-05T09:03:38.313619+00:00
2022-12-26,^KS200,302.269989,yahoo,KRW,2026-06-05T09:03:38.313619+00:00
2022-12-27,^KS200,304.220001,yahoo,KRW,2026-06-05T09:03:38.313619+00:00
2022-12-28,^KS200,297.089996,yahoo,KRW,2026-06-05T09:03:38.313619+00:00
2022-12-29,^KS200,291.100006,yahoo,KRW,2026-06-05T09:03:38.313619+00:00
2023-01-02,^KS200,289.790009,yahoo,KRW,2026-06-05T09:03:38.313619+00:00
2023-01-03,^KS200,289.579987,yahoo,KRW,2026-06-05T09:03:38.313619+00:00
2023-01-04,^KS200,295.980011,yahoo,KRW,2026-06-05T09:03:38.313619+00:00
2023-01-05,^KS200,297.869995,yahoo,KRW,2026-06-05T09:03:38.313619+00:00
2023-01-06,^KS200,301.529999,yahoo,KRW,2026-06-05T09:03:38.313619+00:00
2023-01-09,^KS200,309.690002,yahoo,KRW,2026-06-05T09:03:38.313619+00:00
2023-01-10,^KS200,309.570007,yahoo,KRW,2026-06-05T09:03:38.313619+00:00
2023-01-11,^KS200,310.380005,yahoo,KRW,2026-06-05T09:03:38.313619+00:00
2023-01-12,^KS200,310.700012,yahoo,KRW,2026-06-05T09:03:38.313619+00:00
2023-01-13,^KS200,313.769989,yahoo,KRW,2026-06-05T09:03:38.313619+00:00
2023-01-16,^KS200,316.040009,yahoo,KRW,2026-06-05T09:03:38.313619+00:00
2023-01-17,^KS200,313.75,yahoo,KRW,2026-06-05T09:03:38.313619+00:00
2023-01-18,^KS200,311.910004,yahoo,KRW,2026-06-05T09:03:38.313619+00:00
2023-01-19,^KS200,313.809998,yahoo,KRW,2026-06-05T09:03:38.313619+00:00
2023-01-20,^KS200,315.579987,yahoo,KRW,2026-06-05T09:03:38.313619+00:00
2023-01-25,^KS200,320.76001,yahoo,KRW,2026-06-05T09:03:38.313619+00:00
2023-01-26,^KS200,325.570007,yahoo,KRW,2026-06-05T09:03:38.313619+00:00
2023-01-27,^KS200,327.980011,yahoo,KRW,2026-06-05T09:03:38.313619+00:00
2023-01-30,^KS200,322.670013,yahoo,KRW,2026-06-05T09:03:38.313619+00:00
2023-01-31,^KS200,317.26001,yahoo,KRW,2026-06-05T09:03:38.313619+00:00
2023-02-01,^KS200,321.190002,yahoo,KRW,2026-06-05T09:03:38.313619+00:00
2023-02-02,^KS200,323.929993,yahoo,KRW,2026-06-05T09:03:38.313619+00:00
2023-02-03,^KS200,325.859985,yahoo,KRW,2026-06-05T09:03:38.313619+00:00
2023-02-06,^KS200,318.829987,yahoo,KRW,2026-06-05T09:03:38.313619+00:00
2023-02-07,^KS200,320.549988,yahoo,KRW,2026-06-05T09:03:38.313619+00:00
2023-02-08,^KS200,325.630005,yahoo,KRW,2026-06-05T09:03:38.313619+00:00
2023-02-09,^KS200,324.899994,yahoo,KRW,2026-06-05T09:03:38.313619+00:00
2023-02-10,^KS200,323.690002,yahoo,KRW,2026-06-05T09:03:38.313619+00:00
2023-02-13,^KS200,321.75,yahoo,KRW,2026-06-05T09:03:38.313619+00:00
2023-02-14,^KS200,323.470001,yahoo,KRW,2026-06-05T09:03:38.313619+00:00
2023-02-15,^KS200,317.98999,yahoo,KRW,2026-06-05T09:03:38.313619+00:00
2023-02-16,^KS200,324.100006,yahoo,KRW,2026-06-05T09:03:38.313619+00:00
2023-02-17,^KS200,320.779999,yahoo,KRW,2026-06-05T09:03:38.313619+00:00
2023-02-20,^KS200,321.790009,yahoo,KRW,2026-06-05T09:03:38.313619+00:00
2023-02-21,^KS200,321.559998,yahoo,KRW,2026-06-05T09:03:38.313619+00:00
2023-02-22,^KS200,315.940002,yahoo,KRW,2026-06-05T09:03:38.313619+00:00
2023-02-23,^KS200,319.440002,yahoo,KRW,2026-06-05T09:03:38.313619+00:00
2023-02-24,^KS200,316.940002,yahoo,KRW,2026-06-05T09:03:38.313619+00:00
2023-02-27,^KS200,313.940002,yahoo,KRW,2026-06-05T09:03:38.313619+00:00
2023-02-28,^KS200,314.799988,yahoo,KRW,2026-06-05T09:03:38.313619+00:00
2023-03-02,^KS200,316.26001,yahoo,KRW,2026-06-05T09:03:38.313619+00:00
2023-03-03,^KS200,316.359985,yahoo,KRW,2026-06-05T09:03:38.313619+00:00
2023-03-06,^KS200,320.940002,yahoo,KRW,2026-06-05T09:03:38.313619+00:00
2023-03-07,^KS200,319.799988,yahoo,KRW,2026-06-05T09:03:38.313619+00:00
2023-03-08,^KS200,315.380005,yahoo,KRW,2026-06-05T09:03:38.313619+00:00
2023-03-09,^KS200,314.040009,yahoo,KRW,2026-06-05T09:03:38.313619+00:00
2023-03-10,^KS200,310.649994,yahoo,KRW,2026-06-05T09:03:38.313619+00:00
2023-03-13,^KS200,313.209991,yahoo,KRW,2026-06-05T09:03:38.313619+00:00
2023-03-14,^KS200,305.579987,yahoo,KRW,2026-06-05T09:03:38.313619+00:00
2023-03-15,^KS200,309.100006,yahoo,KRW,2026-06-05T09:03:38.313619+00:00
2023-03-16,^KS200,308.390015,yahoo,KRW,2026-06-05T09:03:38.313619+00:00
2023-03-17,^KS200,312.070007,yahoo,KRW,2026-06-05T09:03:38.313619+00:00
2023-03-20,^KS200,309.48999,yahoo,KRW,2026-06-05T09:03:38.313619+00:00
2023-03-21,^KS200,310.359985,yahoo,KRW,2026-06-05T09:03:38.313619+00:00
2023-03-22,^KS200,314.109985,yahoo,KRW,2026-06-05T09:03:38.313619+00:00
2023-03-23,^KS200,315.75,yahoo,KRW,2026-06-05T09:03:38.313619+00:00
2023-03-24,^KS200,314.299988,yahoo,KRW,2026-06-05T09:03:38.313619+00:00
2023-03-27,^KS200,312.850006,yahoo,KRW,2026-06-05T09:03:38.313619+00:00
2023-03-28,^KS200,316.359985,yahoo,KRW,2026-06-05T09:03:38.313619+00:00
2023-03-29,^KS200,317.01001,yahoo,KRW,2026-06-05T09:03:38.313619+00:00
2023-03-30,^KS200,318.049988,yahoo,KRW,2026-06-05T09:03:38.313619+00:00
2023-03-31,^KS200,322.029999,yahoo,KRW,2026-06-05T09:03:38.313619+00:00
2023-04-03,^KS200,320.380005,yahoo,KRW,2026-06-05T09:03:38.313619+00:00
2023-04-04,^KS200,321.75,yahoo,KRW,2026-06-05T09:03:38.313619+00:00
2023-04-05,^KS200,323.559998,yahoo,KRW,2026-06-05T09:03:38.313619+00:00
2023-04-06,^KS200,317.820007,yahoo,KRW,2026-06-05T09:03:38.313619+00:00
2023-04-07,^KS200,323.359985,yahoo,KRW,2026-06-05T09:03:38.313619+00:00
2023-04-10,^KS200,326.380005,yahoo,KRW,2026-06-05T09:03:38.313619+00:00
2023-04-11,^KS200,330.869995,yahoo,KRW,2026-06-05T09:03:38.313619+00:00
2023-04-12,^KS200,332.089996,yahoo,KRW,2026-06-05T09:03:38.313619+00:00
2023-04-13,^KS200,333.089996,yahoo,KRW,2026-06-05T09:03:38.313619+00:00
2023-04-14,^KS200,333.679993,yahoo,KRW,2026-06-05T09:03:38.313619+00:00
2023-04-17,^KS200,333.920013,yahoo,KRW,2026-06-05T09:03:38.313619+00:00
2023-04-18,^KS200,333.5,yahoo,KRW,2026-06-05T09:03:38.313619+00:00
2023-04-19,^KS200,333.769989,yahoo,KRW,2026-06-05T09:03:38.313619+00:00
2023-04-20,^KS200,332.660004,yahoo,KRW,2026-06-05T09:03:38.313619+00:00
2023-04-21,^KS200,330.940002,yahoo,KRW,2026-06-05T09:03:38.313619+00:00
2023-04-24,^KS200,328.700012,yahoo,KRW,2026-06-05T09:03:38.313619+00:00
2023-04-25,^KS200,324.480011,yahoo,KRW,2026-06-05T09:03:38.313619+00:00
2023-04-26,^KS200,323.970001,yahoo,KRW,2026-06-05T09:03:38.313619+00:00
2023-04-27,^KS200,325.089996,yahoo,KRW,2026-06-05T09:03:38.313619+00:00
2023-04-28,^KS200,326.459991,yahoo,KRW,2026-06-05T09:03:38.313619+00:00
2023-05-02,^KS200,329.089996,yahoo,KRW,2026-06-05T09:03:38.313619+00:00
2023-05-03,^KS200,326.519989,yahoo,KRW,2026-06-05T09:03:38.313619+00:00
2023-05-04,^KS200,326.170013,yahoo,KRW,2026-06-05T09:03:38.313619+00:00
2023-05-08,^KS200,328.899994,yahoo,KRW,2026-06-05T09:03:38.313619+00:00
2023-05-09,^KS200,328.220001,yahoo,KRW,2026-06-05T09:03:38.313619+00:00
2023-05-10,^KS200,326.040009,yahoo,KRW,2026-06-05T09:03:38.313619+00:00
2023-05-11,^KS200,325.279999,yahoo,KRW,2026-06-05T09:03:38.313619+00:00
2023-05-12,^KS200,323.609985,yahoo,KRW,2026-06-05T09:03:38.313619+00:00
2023-05-15,^KS200,324.459991,yahoo,KRW,2026-06-05T09:03:38.313619+00:00
2023-05-16,^KS200,325.309998,yahoo,KRW,2026-06-05T09:03:38.313619+00:00
2023-05-17,^KS200,326.609985,yahoo,KRW,2026-06-05T09:03:38.313619+00:00
2023-05-18,^KS200,329.839996,yahoo,KRW,2026-06-05T09:03:38.313619+00:00
2023-05-19,^KS200,334.230011,yahoo,KRW,2026-06-05T09:03:38.313619+00:00
2023-05-22,^KS200,336.269989,yahoo,KRW,2026-06-05T09:03:38.313619+00:00
2023-05-23,^KS200,337.089996,yahoo,KRW,2026-06-05T09:03:38.313619+00:00
2023-05-24,^KS200,336.48999,yahoo,KRW,2026-06-05T09:03:38.313619+00:00
2023-05-25,^KS200,335.350006,yahoo,KRW,2026-06-05T09:03:38.313619+00:00
2023-05-26,^KS200,337.109985,yahoo,KRW,2026-06-05T09:03:38.313619+00:00
2023-05-30,^KS200,341.5,yahoo,KRW,2026-06-05T09:03:38.313619+00:00
2023-05-31,^KS200,339.119995,yahoo,KRW,2026-06-05T09:03:38.313619+00:00
2023-06-01,^KS200,338.079987,yahoo,KRW,2026-06-05T09:03:38.313619+00:00
2023-06-02,^KS200,342.670013,yahoo,KRW,2026-06-05T09:03:38.313619+00:00
2023-06-05,^KS200,343.910004,yahoo,KRW,2026-06-05T09:03:38.313619+00:00
2023-06-07,^KS200,343.220001,yahoo,KRW,2026-06-05T09:03:38.313619+00:00
2023-06-08,^KS200,342.75,yahoo,KRW,2026-06-05T09:03:38.313619+00:00
2023-06-09,^KS200,346.790009,yahoo,KRW,2026-06-05T09:03:38.313619+00:00
2023-06-12,^KS200,344.570007,yahoo,KRW,2026-06-05T09:03:38.313619+00:00
2023-06-13,^KS200,346.390015,yahoo,KRW,2026-06-05T09:03:38.313619+00:00
2023-06-14,^KS200,344.649994,yahoo,KRW,2026-06-05T09:03:38.313619+00:00
2023-06-15,^KS200,343.190002,yahoo,KRW,2026-06-05T09:03:38.313619+00:00
2023-06-16,^KS200,345.170013,yahoo,KRW,2026-06-05T09:03:38.313619+00:00
2023-06-19,^KS200,343.130005,yahoo,KRW,2026-06-05T09:03:38.313619+00:00
2023-06-20,^KS200,342.579987,yahoo,KRW,2026-06-05T09:03:38.313619+00:00
2023-06-21,^KS200,339.440002,yahoo,KRW,2026-06-05T09:03:38.313619+00:00
2023-06-22,^KS200,341.119995,yahoo,KRW,2026-06-05T09:03:38.313619+00:00
2023-06-23,^KS200,338.450012,yahoo,KRW,2026-06-05T09:03:38.313619+00:00
2023-06-26,^KS200,340.380005,yahoo,KRW,2026-06-05T09:03:38.313619+00:00
2023-06-27,^KS200,340.320007,yahoo,KRW,2026-06-05T09:03:38.313619+00:00
2023-06-28,^KS200,338.410004,yahoo,KRW,2026-06-05T09:03:38.313619+00:00
2023-06-29,^KS200,336.390015,yahoo,KRW,2026-06-05T09:03:38.313619+00:00
2023-06-30,^KS200,337.950012,yahoo,KRW,2026-06-05T09:03:38.313619+00:00
2023-07-03,^KS200,343.079987,yahoo,KRW,2026-06-05T09:03:38.313619+00:00
2023-07-04,^KS200,341.589996,yahoo,KRW,2026-06-05T09:03:38.313619+00:00
2023-07-05,^KS200,339.040009,yahoo,KRW,2026-06-05T09:03:38.313619+00:00
2023-07-06,^KS200,336.200012,yahoo,KRW,2026-06-05T09:03:38.313619+00:00
2023-07-07,^KS200,331.570007,yahoo,KRW,2026-06-05T09:03:38.313619+00:00
2023-07-10,^KS200,330.839996,yahoo,KRW,2026-06-05T09:03:38.313619+00:00
2023-07-11,^KS200,337.019989,yahoo,KRW,2026-06-05T09:03:38.313619+00:00
2023-07-12,^KS200,339.459991,yahoo,KRW,2026-06-05T09:03:38.313619+00:00
2023-07-13,^KS200,341.130005,yahoo,KRW,2026-06-05T09:03:38.313619+00:00
2023-07-14,^KS200,346.929993,yahoo,KRW,2026-06-05T09:03:38.313619+00:00
2023-07-17,^KS200,345.75,yahoo,KRW,2026-06-05T09:03:38.313619+00:00
2023-07-18,^KS200,343.380005,yahoo,KRW,2026-06-05T09:03:38.313619+00:00
2023-07-19,^KS200,343.109985,yahoo,KRW,2026-06-05T09:03:38.313619+00:00
2023-07-20,^KS200,341.670013,yahoo,KRW,2026-06-05T09:03:38.313619+00:00
2023-07-21,^KS200,342.390015,yahoo,KRW,2026-06-05T09:03:38.313619+00:00
2023-07-24,^KS200,344.320007,yahoo,KRW,2026-06-05T09:03:38.313619+00:00
2023-07-25,^KS200,344.920013,yahoo,KRW,2026-06-05T09:03:38.313619+00:00
2023-07-26,^KS200,340.559998,yahoo,KRW,2026-06-05T09:03:38.313619+00:00
2023-07-27,^KS200,344.76001,yahoo,KRW,2026-06-05T09:03:38.313619+00:00
2023-07-28,^KS200,344.029999,yahoo,KRW,2026-06-05T09:03:38.313619+00:00
2023-07-31,^KS200,345.619995,yahoo,KRW,2026-06-05T09:03:38.313619+00:00
2023-08-01,^KS200,351.0,yahoo,KRW,2026-06-05T09:03:38.313619+00:00
2023-08-02,^KS200,343.799988,yahoo,KRW,2026-06-05T09:03:38.313619+00:00
2023-08-03,^KS200,341.540009,yahoo,KRW,2026-06-05T09:03:38.313619+00:00
2023-08-04,^KS200,341.25,yahoo,KRW,2026-06-05T09:03:38.313619+00:00
2023-08-07,^KS200,339.679993,yahoo,KRW,2026-06-05T09:03:38.313619+00:00
2023-08-08,^KS200,337.950012,yahoo,KRW,2026-06-05T09:03:38.313619+00:00
2023-08-09,^KS200,341.609985,yahoo,KRW,2026-06-05T09:03:38.313619+00:00
2023-08-10,^KS200,340.459991,yahoo,KRW,2026-06-05T09:03:38.313619+00:00
2023-08-11,^KS200,338.980011,yahoo,KRW,2026-06-05T09:03:38.313619+00:00
2023-08-14,^KS200,336.329987,yahoo,KRW,2026-06-05T09:03:38.313619+00:00
2023-08-16,^KS200,331.279999,yahoo,KRW,2026-06-05T09:03:38.313619+00:00
2023-08-17,^KS200,330.230011,yahoo,KRW,2026-06-05T09:03:38.313619+00:00
2023-08-18,^KS200,328.420013,yahoo,KRW,2026-06-05T09:03:38.313619+00:00
2023-08-21,^KS200,328.839996,yahoo,KRW,2026-06-05T09:03:38.313619+00:00
2023-08-22,^KS200,329.700012,yahoo,KRW,2026-06-05T09:03:38.313619+00:00
2023-08-23,^KS200,329.149994,yahoo,KRW,2026-06-05T09:03:38.313619+00:00
2023-08-24,^KS200,333.820007,yahoo,KRW,2026-06-05T09:03:38.313619+00:00
2023-08-25,^KS200,330.25,yahoo,KRW,2026-06-05T09:03:38.313619+00:00
2023-08-28,^KS200,332.529999,yahoo,KRW,2026-06-05T09:03:38.313619+00:00
2023-08-29,^KS200,333.76001,yahoo,KRW,2026-06-05T09:03:38.313619+00:00
2023-08-30,^KS200,334.940002,yahoo,KRW,2026-06-05T09:03:38.313619+00:00
2023-08-31,^KS200,334.75,yahoo,KRW,2026-06-05T09:03:38.313619+00:00
2023-09-01,^KS200,338.279999,yahoo,KRW,2026-06-05T09:03:38.313619+00:00
2023-09-04,^KS200,341.019989,yahoo,KRW,2026-06-05T09:03:38.313619+00:00
2023-09-05,^KS200,340.290009,yahoo,KRW,2026-06-05T09:03:38.313619+00:00
2023-09-06,^KS200,337.850006,yahoo,KRW,2026-06-05T09:03:38.313619+00:00
2023-09-07,^KS200,336.73999,yahoo,KRW,2026-06-05T09:03:38.313619+00:00
2023-09-08,^KS200,336.399994,yahoo,KRW,2026-06-05T09:03:38.313619+00:00
2023-09-11,^KS200,337.579987,yahoo,KRW,2026-06-05T09:03:38.313619+00:00
2023-09-12,^KS200,335.540009,yahoo,KRW,2026-06-05T09:03:38.313619+00:00
2023-09-13,^KS200,335.98999,yahoo,KRW,2026-06-05T09:03:38.313619+00:00
2023-09-14,^KS200,341.190002,yahoo,KRW,2026-06-05T09:03:38.313619+00:00
2023-09-15,^KS200,344.980011,yahoo,KRW,2026-06-05T09:03:38.313619+00:00
2023-09-18,^KS200,340.670013,yahoo,KRW,2026-06-05T09:03:38.313619+00:00
2023-09-19,^KS200,338.820007,yahoo,KRW,2026-06-05T09:03:38.313619+00:00
2023-09-20,^KS200,338.75,yahoo,KRW,2026-06-05T09:03:38.313619+00:00
2023-09-21,^KS200,333.040009,yahoo,KRW,2026-06-05T09:03:38.313619+00:00
2023-09-22,^KS200,332.019989,yahoo,KRW,2026-06-05T09:03:38.313619+00:00
2023-09-25,^KS200,331.579987,yahoo,KRW,2026-06-05T09:03:38.313619+00:00
2023-09-26,^KS200,326.899994,yahoo,KRW,2026-06-05T09:03:38.313619+00:00
2023-09-27,^KS200,326.709991,yahoo,KRW,2026-06-05T09:03:38.313619+00:00
2023-10-04,^KS200,319.450012,yahoo,KRW,2026-06-05T09:03:38.313619+00:00
2023-10-05,^KS200,318.579987,yahoo,KRW,2026-06-05T09:03:38.313619+00:00
2023-10-06,^KS200,318.940002,yahoo,KRW,2026-06-05T09:03:38.313619+00:00
2023-10-10,^KS200,319.109985,yahoo,KRW,2026-06-05T09:03:38.313619+00:00
2023-10-11,^KS200,324.73999,yahoo,KRW,2026-06-05T09:03:38.313619+00:00
2023-10-12,^KS200,328.850006,yahoo,KRW,2026-06-05T09:03:38.313619+00:00
2023-10-13,^KS200,325.769989,yahoo,KRW,2026-06-05T09:03:38.313619+00:00
2023-10-16,^KS200,323.290009,yahoo,KRW,2026-06-05T09:03:38.313619+00:00
2023-10-17,^KS200,327.350006,yahoo,KRW,2026-06-05T09:03:38.313619+00:00
2023-10-18,^KS200,328.820007,yahoo,KRW,2026-06-05T09:03:38.313619+00:00
2023-10-19,^KS200,322.76001,yahoo,KRW,2026-06-05T09:03:38.313619+00:00
2023-10-20,^KS200,317.959991,yahoo,KRW,2026-06-05T09:03:38.313619+00:00
2023-10-23,^KS200,315.5,yahoo,KRW,2026-06-05T09:03:38.313619+00:00
2023-10-24,^KS200,318.429993,yahoo,KRW,2026-06-05T09:03:38.313619+00:00
2023-10-25,^KS200,316.48999,yahoo,KRW,2026-06-05T09:03:38.313619+00:00
2023-10-26,^KS200,307.75,yahoo,KRW,2026-06-05T09:03:38.313619+00:00
2023-10-27,^KS200,308.529999,yahoo,KRW,2026-06-05T09:03:38.313619+00:00
2023-10-30,^KS200,308.950012,yahoo,KRW,2026-06-05T09:03:38.313619+00:00
2023-10-31,^KS200,305.559998,yahoo,KRW,2026-06-05T09:03:38.313619+00:00
2023-11-01,^KS200,309.709991,yahoo,KRW,2026-06-05T09:03:38.313619+00:00
2023-11-02,^KS200,315.160004,yahoo,KRW,2026-06-05T09:03:38.313619+00:00
2023-11-03,^KS200,318.23999,yahoo,KRW,2026-06-05T09:03:38.313619+00:00
2023-11-06,^KS200,334.160004,yahoo,KRW,2026-06-05T09:03:38.313619+00:00
2023-11-07,^KS200,327.290009,yahoo,KRW,2026-06-05T09:03:38.313619+00:00
2023-11-08,^KS200,324.0,yahoo,KRW,2026-06-05T09:03:38.313619+00:00
2023-11-09,^KS200,325.290009,yahoo,KRW,2026-06-05T09:03:38.313619+00:00
2023-11-10,^KS200,323.75,yahoo,KRW,2026-06-05T09:03:38.313619+00:00
2023-11-13,^KS200,323.309998,yahoo,KRW,2026-06-05T09:03:38.313619+00:00
2023-11-14,^KS200,326.570007,yahoo,KRW,2026-06-05T09:03:38.313619+00:00
2023-11-15,^KS200,333.959991,yahoo,KRW,2026-06-05T09:03:38.313619+00:00
2023-11-16,^KS200,334.309998,yahoo,KRW,2026-06-05T09:03:38.313619+00:00
2023-11-17,^KS200,332.059998,yahoo,KRW,2026-06-05T09:03:38.313619+00:00
2023-11-20,^KS200,334.230011,yahoo,KRW,2026-06-05T09:03:38.313619+00:00
2023-11-21,^KS200,336.570007,yahoo,KRW,2026-06-05T09:03:38.313619+00:00
2023-11-22,^KS200,336.809998,yahoo,KRW,2026-06-05T09:03:38.313619+00:00
2023-11-23,^KS200,336.910004,yahoo,KRW,2026-06-05T09:03:38.313619+00:00
2023-11-24,^KS200,334.0,yahoo,KRW,2026-06-05T09:03:38.313619+00:00
2023-11-27,^KS200,333.670013,yahoo,KRW,2026-06-05T09:03:38.313619+00:00
2023-11-28,^KS200,337.519989,yahoo,KRW,2026-06-05T09:03:38.313619+00:00
2023-11-29,^KS200,336.619995,yahoo,KRW,2026-06-05T09:03:38.313619+00:00
2023-11-30,^KS200,338.429993,yahoo,KRW,2026-06-05T09:03:38.313619+00:00
2023-12-01,^KS200,334.799988,yahoo,KRW,2026-06-05T09:03:38.313619+00:00
2023-12-04,^KS200,336.140015,yahoo,KRW,2026-06-05T09:03:38.313619+00:00
2023-12-05,^KS200,332.850006,yahoo,KRW,2026-06-05T09:03:38.313619+00:00
2023-12-06,^KS200,333.450012,yahoo,KRW,2026-06-05T09:03:38.313619+00:00
2023-12-07,^KS200,332.670013,yahoo,KRW,2026-06-05T09:03:38.313619+00:00
2023-12-08,^KS200,336.600006,yahoo,KRW,2026-06-05T09:03:38.313619+00:00
2023-12-11,^KS200,337.929993,yahoo,KRW,2026-06-05T09:03:38.313619+00:00
2023-12-12,^KS200,339.769989,yahoo,KRW,2026-06-05T09:03:38.313619+00:00
2023-12-13,^KS200,336.679993,yahoo,KRW,2026-06-05T09:03:38.313619+00:00
2023-12-14,^KS200,341.329987,yahoo,KRW,2026-06-05T09:03:38.313619+00:00
2023-12-15,^KS200,343.98999,yahoo,KRW,2026-06-05T09:03:38.313619+00:00
2023-12-18,^KS200,343.5,yahoo,KRW,2026-06-05T09:03:38.313619+00:00
2023-12-19,^KS200,343.950012,yahoo,KRW,2026-06-05T09:03:38.313619+00:00
2023-12-20,^KS200,350.109985,yahoo,KRW,2026-06-05T09:03:38.313619+00:00
2023-12-21,^KS200,348.779999,yahoo,KRW,2026-06-05T09:03:38.313619+00:00
2023-12-22,^KS200,349.149994,yahoo,KRW,2026-06-05T09:03:38.313619+00:00
2023-12-26,^KS200,350.429993,yahoo,KRW,2026-06-05T09:03:38.313619+00:00
2023-12-27,^KS200,352.459991,yahoo,KRW,2026-06-05T09:03:38.313619+00:00
2023-12-28,^KS200,357.98999,yahoo,KRW,2026-06-05T09:03:38.313619+00:00
2024-01-02,^KS200,360.549988,yahoo,KRW,2026-06-05T09:03:38.313619+00:00
2024-01-03,^KS200,351.200012,yahoo,KRW,2026-06-05T09:03:38.313619+00:00
2024-01-04,^KS200,348.070007,yahoo,KRW,2026-06-05T09:03:38.313619+00:00
2024-01-05,^KS200,347.220001,yahoo,KRW,2026-06-05T09:03:38.313619+00:00
2024-01-08,^KS200,345.579987,yahoo,KRW,2026-06-05T09:03:38.313619+00:00
2024-01-09,^KS200,343.809998,yahoo,KRW,2026-06-05T09:03:38.313619+00:00
2024-01-10,^KS200,340.660004,yahoo,KRW,2026-06-05T09:03:38.313619+00:00
2024-01-11,^KS200,340.279999,yahoo,KRW,2026-06-05T09:03:38.313619+00:00
2024-01-12,^KS200,338.220001,yahoo,KRW,2026-06-05T09:03:38.313619+00:00
2024-01-15,^KS200,339.23999,yahoo,KRW,2026-06-05T09:03:38.313619+00:00
2024-01-16,^KS200,334.730011,yahoo,KRW,2026-06-05T09:03:38.313619+00:00
2024-01-17,^KS200,326.109985,yahoo,KRW,2026-06-05T09:03:38.313619+00:00
2024-01-18,^KS200,327.130005,yahoo,KRW,2026-06-05T09:03:38.313619+00:00
2024-01-19,^KS200,332.98999,yahoo,KRW,2026-06-05T09:03:38.313619+00:00
2024-01-22,^KS200,332.630005,yahoo,KRW,2026-06-05T09:03:38.313619+00:00
2024-01-23,^KS200,334.970001,yahoo,KRW,2026-06-05T09:03:38.313619+00:00
2024-01-24,^KS200,333.269989,yahoo,KRW,2026-06-05T09:03:38.313619+00:00
2024-01-25,^KS200,333.799988,yahoo,KRW,2026-06-05T09:03:38.313619+00:00
2024-01-26,^KS200,334.209991,yahoo,KRW,2026-06-05T09:03:38.313619+00:00
2024-01-29,^KS200,337.839996,yahoo,KRW,2026-06-05T09:03:38.313619+00:00
2024-01-30,^KS200,337.480011,yahoo,KRW,2026-06-05T09:03:38.313619+00:00
2024-01-31,^KS200,336.23999,yahoo,KRW,2026-06-05T09:03:38.313619+00:00
2024-02-01,^KS200,342.410004,yahoo,KRW,2026-06-05T09:03:38.313619+00:00
2024-02-02,^KS200,353.429993,yahoo,KRW,2026-06-05T09:03:38.313619+00:00
2024-02-05,^KS200,349.149994,yahoo,KRW,2026-06-05T09:03:38.313619+00:00
2024-02-06,^KS200,347.799988,yahoo,KRW,2026-06-05T09:03:38.313619+00:00
2024-02-07,^KS200,352.25,yahoo,KRW,2026-06-05T09:03:38.313619+00:00
2024-02-08,^KS200,353.290009,yahoo,KRW,2026-06-05T09:03:38.313619+00:00
2024-02-13,^KS200,357.380005,yahoo,KRW,2026-06-05T09:03:38.313619+00:00
2024-02-14,^KS200,352.690002,yahoo,KRW,2026-06-05T09:03:38.313619+00:00
2024-02-15,^KS200,351.209991,yahoo,KRW,2026-06-05T09:03:38.313619+00:00
2024-02-16,^KS200,355.519989,yahoo,KRW,2026-06-05T09:03:38.313619+00:00
2024-02-19,^KS200,360.880005,yahoo,KRW,2026-06-05T09:03:38.313619+00:00
2024-02-20,^KS200,356.920013,yahoo,KRW,2026-06-05T09:03:38.313619+00:00
2024-02-21,^KS200,356.040009,yahoo,KRW,2026-06-05T09:03:38.313619+00:00
2024-02-22,^KS200,357.670013,yahoo,KRW,2026-06-05T09:03:38.313619+00:00
2024-02-23,^KS200,358.570007,yahoo,KRW,2026-06-05T09:03:38.313619+00:00
2024-02-26,^KS200,355.480011,yahoo,KRW,2026-06-05T09:03:38.313619+00:00
2024-02-27,^KS200,352.76001,yahoo,KRW,2026-06-05T09:03:38.313619+00:00
2024-02-28,^KS200,356.790009,yahoo,KRW,2026-06-05T09:03:38.313619+00:00
2024-02-29,^KS200,355.570007,yahoo,KRW,2026-06-05T09:03:38.313619+00:00
2024-03-04,^KS200,361.100006,yahoo,KRW,2026-06-05T09:03:38.313619+00:00
2024-03-05,^KS200,357.589996,yahoo,KRW,2026-06-05T09:03:38.313619+00:00
2024-03-06,^KS200,356.25,yahoo,KRW,2026-06-05T09:03:38.313619+00:00
2024-03-07,^KS200,356.820007,yahoo,KRW,2026-06-05T09:03:38.313619+00:00
2024-03-08,^KS200,361.709991,yahoo,KRW,2026-06-05T09:03:38.313619+00:00
2024-03-11,^KS200,358.339996,yahoo,KRW,2026-06-05T09:03:38.313619+00:00
2024-03-12,^KS200,361.109985,yahoo,KRW,2026-06-05T09:03:38.313619+00:00
2024-03-13,^KS200,363.040009,yahoo,KRW,2026-06-05T09:03:38.313619+00:00
2024-03-14,^KS200,366.679993,yahoo,KRW,2026-06-05T09:03:38.313619+00:00
2024-03-15,^KS200,359.390015,yahoo,KRW,2026-06-05T09:03:38.313619+00:00
2024-03-18,^KS200,361.309998,yahoo,KRW,2026-06-05T09:03:38.313619+00:00
2024-03-19,^KS200,357.329987,yahoo,KRW,2026-06-05T09:03:38.313619+00:00
2024-03-20,^KS200,363.320007,yahoo,KRW,2026-06-05T09:03:38.313619+00:00
2024-03-21,^KS200,373.660004,yahoo,KRW,2026-06-05T09:03:38.313619+00:00
2024-03-22,^KS200,372.649994,yahoo,KRW,2026-06-05T09:03:38.313619+00:00
2024-03-25,^KS200,370.730011,yahoo,KRW,2026-06-05T09:03:38.313619+00:00
2024-03-26,^KS200,374.600006,yahoo,KRW,2026-06-05T09:03:38.313619+00:00
2024-03-27,^KS200,374.079987,yahoo,KRW,2026-06-05T09:03:38.313619+00:00
2024-03-28,^KS200,373.220001,yahoo,KRW,2026-06-05T09:03:38.313619+00:00
2024-03-29,^KS200,374.630005,yahoo,KRW,2026-06-05T09:03:38.313619+00:00
2024-04-01,^KS200,374.279999,yahoo,KRW,2026-06-05T09:03:38.313619+00:00
2024-04-02,^KS200,376.339996,yahoo,KRW,2026-06-05T09:03:38.313619+00:00
2024-04-03,^KS200,369.720001,yahoo,KRW,2026-06-05T09:03:38.313619+00:00
2024-04-04,^KS200,375.609985,yahoo,KRW,2026-06-05T09:03:38.313619+00:00
2024-04-05,^KS200,371.570007,yahoo,KRW,2026-06-05T09:03:38.313619+00:00
2024-04-08,^KS200,372.51001,yahoo,KRW,2026-06-05T09:03:38.313619+00:00
2024-04-09,^KS200,370.269989,yahoo,KRW,2026-06-05T09:03:38.313619+00:00
2024-04-11,^KS200,370.720001,yahoo,KRW,2026-06-05T09:03:38.313619+00:00
2024-04-12,^KS200,367.25,yahoo,KRW,2026-06-05T09:03:38.313619+00:00
2024-04-15,^KS200,365.309998,yahoo,KRW,2026-06-05T09:03:38.313619+00:00
2024-04-16,^KS200,356.670013,yahoo,KRW,2026-06-05T09:03:38.313619+00:00
2024-04-17,^KS200,352.790009,yahoo,KRW,2026-06-05T09:03:38.313619+00:00
2024-04-18,^KS200,359.059998,yahoo,KRW,2026-06-05T09:03:38.313619+00:00
2024-04-19,^KS200,352.579987,yahoo,KRW,2026-06-05T09:03:38.313619+00:00
2024-04-22,^KS200,356.890015,yahoo,KRW,2026-06-05T09:03:38.313619+00:00
2024-04-23,^KS200,355.980011,yahoo,KRW,2026-06-05T09:03:38.313619+00:00
2024-04-24,^KS200,363.600006,yahoo,KRW,2026-06-05T09:03:38.313619+00:00
2024-04-25,^KS200,356.51001,yahoo,KRW,2026-06-05T09:03:38.313619+00:00
2024-04-26,^KS200,361.019989,yahoo,KRW,2026-06-05T09:03:38.313619+00:00
2024-04-29,^KS200,364.480011,yahoo,KRW,2026-06-05T09:03:38.313619+00:00
2024-04-30,^KS200,365.130005,yahoo,KRW,2026-06-05T09:03:38.313619+00:00
2024-05-02,^KS200,364.309998,yahoo,KRW,2026-06-05T09:03:38.313619+00:00
2024-05-03,^KS200,363.579987,yahoo,KRW,2026-06-05T09:03:38.313619+00:00
2024-05-07,^KS200,372.799988,yahoo,KRW,2026-06-05T09:03:38.313619+00:00
2024-05-08,^KS200,374.089996,yahoo,KRW,2026-06-05T09:03:38.313619+00:00
2024-05-09,^KS200,368.829987,yahoo,KRW,2026-06-05T09:03:38.313619+00:00
2024-05-10,^KS200,371.079987,yahoo,KRW,2026-06-05T09:03:38.313619+00:00
2024-05-13,^KS200,370.98999,yahoo,KRW,2026-06-05T09:03:38.313619+00:00
2024-05-14,^KS200,371.040009,yahoo,KRW,2026-06-05T09:03:38.313619+00:00
2024-05-16,^KS200,374.600006,yahoo,KRW,2026-06-05T09:03:38.313619+00:00
2024-05-17,^KS200,370.579987,yahoo,KRW,2026-06-05T09:03:38.313619+00:00
2024-05-20,^KS200,373.679993,yahoo,KRW,2026-06-05T09:03:38.313619+00:00
2024-05-21,^KS200,371.549988,yahoo,KRW,2026-06-05T09:03:38.313619+00:00
2024-05-22,^KS200,371.410004,yahoo,KRW,2026-06-05T09:03:38.313619+00:00
2024-05-23,^KS200,371.619995,yahoo,KRW,2026-06-05T09:03:38.313619+00:00
2024-05-24,^KS200,366.079987,yahoo,KRW,2026-06-05T09:03:38.313619+00:00
2024-05-27,^KS200,371.160004,yahoo,KRW,2026-06-05T09:03:38.313619+00:00
2024-05-28,^KS200,371.329987,yahoo,KRW,2026-06-05T09:03:38.313619+00:00
2024-05-29,^KS200,364.959991,yahoo,KRW,2026-06-05T09:03:38.313619+00:00
2024-05-30,^KS200,358.700012,yahoo,KRW,2026-06-05T09:03:38.313619+00:00
2024-05-31,^KS200,358.209991,yahoo,KRW,2026-06-05T09:03:38.313619+00:00
2024-06-03,^KS200,365.480011,yahoo,KRW,2026-06-05T09:03:38.313619+00:00
2024-06-04,^KS200,362.519989,yahoo,KRW,2026-06-05T09:03:38.313619+00:00
2024-06-05,^KS200,366.440002,yahoo,KRW,2026-06-05T09:03:38.313619+00:00
2024-06-07,^KS200,371.390015,yahoo,KRW,2026-06-05T09:03:38.313619+00:00
2024-06-10,^KS200,367.459991,yahoo,KRW,2026-06-05T09:03:38.313619+00:00
2024-06-11,^KS200,367.709991,yahoo,KRW,2026-06-05T09:03:38.313619+00:00
2024-06-12,^KS200,371.119995,yahoo,KRW,2026-06-05T09:03:38.313619+00:00
2024-06-13,^KS200,374.75,yahoo,KRW,2026-06-05T09:03:38.313619+00:00
2024-06-14,^KS200,376.0,yahoo,KRW,2026-06-05T09:03:38.313619+00:00
2024-06-17,^KS200,373.859985,yahoo,KRW,2026-06-05T09:03:38.313619+00:00
2024-06-18,^KS200,377.730011,yahoo,KRW,2026-06-05T09:03:38.313619+00:00
2024-06-19,^KS200,383.01001,yahoo,KRW,2026-06-05T09:03:38.313619+00:00
2024-06-20,^KS200,384.779999,yahoo,KRW,2026-06-05T09:03:38.313619+00:00
2024-06-21,^KS200,380.880005,yahoo,KRW,2026-06-05T09:03:38.313619+00:00
2024-06-24,^KS200,378.390015,yahoo,KRW,2026-06-05T09:03:38.313619+00:00
2024-06-25,^KS200,379.850006,yahoo,KRW,2026-06-05T09:03:38.313619+00:00
2024-06-26,^KS200,383.01001,yahoo,KRW,2026-06-05T09:03:38.313619+00:00
2024-06-27,^KS200,382.269989,yahoo,KRW,2026-06-05T09:03:38.313619+00:00
2024-06-28,^KS200,384.019989,yahoo,KRW,2026-06-05T09:03:38.313619+00:00
2024-07-01,^KS200,384.339996,yahoo,KRW,2026-06-05T09:03:38.313619+00:00
2024-07-02,^KS200,381.200012,yahoo,KRW,2026-06-05T09:03:38.313619+00:00
2024-07-03,^KS200,383.230011,yahoo,KRW,2026-06-05T09:03:38.313619+00:00
2024-07-04,^KS200,388.529999,yahoo,KRW,2026-06-05T09:03:38.313619+00:00
2024-07-05,^KS200,395.470001,yahoo,KRW,2026-06-05T09:03:38.313619+00:00
2024-07-08,^KS200,394.470001,yahoo,KRW,2026-06-05T09:03:38.313619+00:00
2024-07-09,^KS200,395.790009,yahoo,KRW,2026-06-05T09:03:38.313619+00:00
2024-07-10,^KS200,395.600006,yahoo,KRW,2026-06-05T09:03:38.313619+00:00
2024-07-11,^KS200,398.519989,yahoo,KRW,2026-06-05T09:03:38.313619+00:00
2024-07-12,^KS200,392.290009,yahoo,KRW,2026-06-05T09:03:38.313619+00:00
2024-07-15,^KS200,393.839996,yahoo,KRW,2026-06-05T09:03:38.313619+00:00
2024-07-16,^KS200,395.309998,yahoo,KRW,2026-06-05T09:03:38.313619+00:00
2024-07-17,^KS200,391.549988,yahoo,KRW,2026-06-05T09:03:38.313619+00:00
2024-07-18,^KS200,389.0,yahoo,KRW,2026-06-05T09:03:38.313619+00:00
2024-07-19,^KS200,383.890015,yahoo,KRW,2026-06-05T09:03:38.313619+00:00
2024-07-22,^KS200,379.839996,yahoo,KRW,2026-06-05T09:03:38.313619+00:00
2024-07-23,^KS200,381.649994,yahoo,KRW,2026-06-05T09:03:38.313619+00:00
2024-07-24,^KS200,378.660004,yahoo,KRW,2026-06-05T09:03:38.313619+00:00
2024-07-25,^KS200,371.26001,yahoo,KRW,2026-06-05T09:03:38.313619+00:00
2024-07-26,^KS200,374.200012,yahoo,KRW,2026-06-05T09:03:38.313619+00:00
2024-07-29,^KS200,378.730011,yahoo,KRW,2026-06-05T09:03:38.313619+00:00
2024-07-30,^KS200,374.869995,yahoo,KRW,2026-06-05T09:03:38.313619+00:00
2024-07-31,^KS200,380.48999,yahoo,KRW,2026-06-05T09:03:38.313619+00:00
2024-08-01,^KS200,380.540009,yahoo,KRW,2026-06-05T09:03:38.313619+00:00
2024-08-02,^KS200,365.170013,yahoo,KRW,2026-06-05T09:03:38.313619+00:00
2024-08-05,^KS200,331.859985,yahoo,KRW,2026-06-05T09:03:38.313619+00:00
2024-08-06,^KS200,341.730011,yahoo,KRW,2026-06-05T09:03:38.313619+00:00
2024-08-07,^KS200,349.089996,yahoo,KRW,2026-06-05T09:03:38.313619+00:00
2024-08-08,^KS200,346.700012,yahoo,KRW,2026-06-05T09:03:38.313619+00:00
2024-08-09,^KS200,351.519989,yahoo,KRW,2026-06-05T09:03:38.313619+00:00
2024-08-12,^KS200,355.609985,yahoo,KRW,2026-06-05T09:03:38.313619+00:00
2024-08-13,^KS200,357.019989,yahoo,KRW,2026-06-05T09:03:38.313619+00:00
2024-08-14,^KS200,360.390015,yahoo,KRW,2026-06-05T09:03:38.313619+00:00
2024-08-16,^KS200,369.109985,yahoo,KRW,2026-06-05T09:03:38.313619+00:00
2024-08-19,^KS200,365.519989,yahoo,KRW,2026-06-05T09:03:38.313619+00:00
2024-08-20,^KS200,368.98999,yahoo,KRW,2026-06-05T09:03:38.313619+00:00
2024-08-21,^KS200,368.220001,yahoo,KRW,2026-06-05T09:03:38.313619+00:00
2024-08-22,^KS200,369.100006,yahoo,KRW,2026-06-05T09:03:38.313619+00:00
2024-08-23,^KS200,367.910004,yahoo,KRW,2026-06-05T09:03:38.313619+00:00
2024-08-26,^KS200,366.309998,yahoo,KRW,2026-06-05T09:03:38.313619+00:00
2024-08-27,^KS200,364.559998,yahoo,KRW,2026-06-05T09:03:38.313619+00:00
2024-08-28,^KS200,365.279999,yahoo,KRW,2026-06-05T09:03:38.313619+00:00
2024-08-29,^KS200,360.100006,yahoo,KRW,2026-06-05T09:03:38.313619+00:00
2024-08-30,^KS200,361.549988,yahoo,KRW,2026-06-05T09:03:38.313619+00:00
2024-09-02,^KS200,362.089996,yahoo,KRW,2026-06-05T09:03:38.313619+00:00
2024-09-03,^KS200,358.799988,yahoo,KRW,2026-06-05T09:03:38.313619+00:00
2024-09-04,^KS200,346.660004,yahoo,KRW,2026-06-05T09:03:38.313619+00:00
2024-09-05,^KS200,345.920013,yahoo,KRW,2026-06-05T09:03:38.313619+00:00
2024-09-06,^KS200,342.369995,yahoo,KRW,2026-06-05T09:03:38.313619+00:00
2024-09-09,^KS200,340.179993,yahoo,KRW,2026-06-05T09:03:38.313619+00:00
2024-09-10,^KS200,338.480011,yahoo,KRW,2026-06-05T09:03:38.313619+00:00
2024-09-11,^KS200,335.649994,yahoo,KRW,2026-06-05T09:03:38.313619+00:00
2024-09-12,^KS200,343.850006,yahoo,KRW,2026-06-05T09:03:38.313619+00:00
2024-09-13,^KS200,343.690002,yahoo,KRW,2026-06-05T09:03:38.313619+00:00
2024-09-19,^KS200,343.279999,yahoo,KRW,2026-06-05T09:03:38.313619+00:00
2024-09-20,^KS200,344.670013,yahoo,KRW,2026-06-05T09:03:38.313619+00:00
2024-09-23,^KS200,345.779999,yahoo,KRW,2026-06-05T09:03:38.313619+00:00
2024-09-24,^KS200,349.609985,yahoo,KRW,2026-06-05T09:03:38.313619+00:00
2024-09-25,^KS200,344.559998,yahoo,KRW,2026-06-05T09:03:38.313619+00:00
2024-09-26,^KS200,356.440002,yahoo,KRW,2026-06-05T09:03:38.313619+00:00
2024-09-27,^KS200,353.929993,yahoo,KRW,2026-06-05T09:03:38.313619+00:00
2024-09-30,^KS200,344.76001,yahoo,KRW,2026-06-05T09:03:38.313619+00:00
2024-10-02,^KS200,340.720001,yahoo,KRW,2026-06-05T09:03:38.313619+00:00
2024-10-04,^KS200,341.73999,yahoo,KRW,2026-06-05T09:03:38.313619+00:00
2024-10-07,^KS200,347.339996,yahoo,KRW,2026-06-05T09:03:38.313619+00:00
2024-10-08,^KS200,344.230011,yahoo,KRW,2026-06-05T09:03:38.313619+00:00
2024-10-10,^KS200,345.209991,yahoo,KRW,2026-06-05T09:03:38.313619+00:00
2024-10-11,^KS200,345.450012,yahoo,KRW,2026-06-05T09:03:38.313619+00:00
2024-10-14,^KS200,349.73999,yahoo,KRW,2026-06-05T09:03:38.313619+00:00
2024-10-15,^KS200,351.070007,yahoo,KRW,2026-06-05T09:03:38.313619+00:00
2024-10-16,^KS200,347.26001,yahoo,KRW,2026-06-05T09:03:38.313619+00:00
2024-10-17,^KS200,347.730011,yahoo,KRW,2026-06-05T09:03:38.313619+00:00
2024-10-18,^KS200,345.420013,yahoo,KRW,2026-06-05T09:03:38.313619+00:00
2024-10-21,^KS200,346.619995,yahoo,KRW,2026-06-05T09:03:38.313619+00:00
2024-10-22,^KS200,342.089996,yahoo,KRW,2026-06-05T09:03:38.313619+00:00
2024-10-23,^KS200,346.269989,yahoo,KRW,2026-06-05T09:03:38.313619+00:00
2024-10-24,^KS200,342.880005,yahoo,KRW,2026-06-05T09:03:38.313619+00:00
2024-10-25,^KS200,343.369995,yahoo,KRW,2026-06-05T09:03:38.313619+00:00
2024-10-28,^KS200,347.269989,yahoo,KRW,2026-06-05T09:03:38.313619+00:00
2024-10-29,^KS200,348.279999,yahoo,KRW,2026-06-05T09:03:38.313619+00:00
2024-10-30,^KS200,345.0,yahoo,KRW,2026-06-05T09:03:38.313619+00:00
2024-10-31,^KS200,339.320007,yahoo,KRW,2026-06-05T09:03:38.313619+00:00
2024-11-01,^KS200,337.48999,yahoo,KRW,2026-06-05T09:03:38.313619+00:00
2024-11-04,^KS200,343.600006,yahoo,KRW,2026-06-05T09:03:38.313619+00:00
2024-11-05,^KS200,341.470001,yahoo,KRW,2026-06-05T09:03:38.313619+00:00
2024-11-06,^KS200,340.609985,yahoo,KRW,2026-06-05T09:03:38.313619+00:00
2024-11-07,^KS200,340.869995,yahoo,KRW,2026-06-05T09:03:38.313619+00:00
2024-11-08,^KS200,339.709991,yahoo,KRW,2026-06-05T09:03:38.313619+00:00
2024-11-11,^KS200,334.640015,yahoo,KRW,2026-06-05T09:03:38.313619+00:00
2024-11-12,^KS200,327.309998,yahoo,KRW,2026-06-05T09:03:38.313619+00:00
2024-11-13,^KS200,318.839996,yahoo,KRW,2026-06-05T09:03:38.313619+00:00
2024-11-14,^KS200,317.700012,yahoo,KRW,2026-06-05T09:03:38.313619+00:00
2024-11-15,^KS200,320.529999,yahoo,KRW,2026-06-05T09:03:38.313619+00:00
2024-11-18,^KS200,328.440002,yahoo,KRW,2026-06-05T09:03:38.313619+00:00
2024-11-19,^KS200,328.109985,yahoo,KRW,2026-06-05T09:03:38.313619+00:00
2024-11-20,^KS200,329.019989,yahoo,KRW,2026-06-05T09:03:38.313619+00:00
2024-11-21,^KS200,329.48999,yahoo,KRW,2026-06-05T09:03:38.313619+00:00
2024-11-22,^KS200,332.359985,yahoo,KRW,2026-06-05T09:03:38.313619+00:00
2024-11-25,^KS200,336.630005,yahoo,KRW,2026-06-05T09:03:38.313619+00:00
2024-11-26,^KS200,335.600006,yahoo,KRW,2026-06-05T09:03:38.313619+00:00
2024-11-27,^KS200,332.320007,yahoo,KRW,2026-06-05T09:03:38.313619+00:00
2024-11-28,^KS200,331.450012,yahoo,KRW,2026-06-05T09:03:38.313619+00:00
2024-11-29,^KS200,325.450012,yahoo,KRW,2026-06-05T09:03:38.313619+00:00
2024-12-02,^KS200,325.339996,yahoo,KRW,2026-06-05T09:03:38.313619+00:00
2024-12-03,^KS200,331.440002,yahoo,KRW,2026-06-05T09:03:38.313619+00:00
2024-12-04,^KS200,326.589996,yahoo,KRW,2026-06-05T09:03:38.313619+00:00
2024-12-05,^KS200,323.869995,yahoo,KRW,2026-06-05T09:03:38.313619+00:00
2024-12-06,^KS200,322.070007,yahoo,KRW,2026-06-05T09:03:38.313619+00:00
2024-12-09,^KS200,313.73999,yahoo,KRW,2026-06-05T09:03:38.313619+00:00
2024-12-10,^KS200,320.790009,yahoo,KRW,2026-06-05T09:03:38.313619+00:00
2024-12-11,^KS200,323.859985,yahoo,KRW,2026-06-05T09:03:38.313619+00:00
2024-12-12,^KS200,329.040009,yahoo,KRW,2026-06-05T09:03:38.313619+00:00
2024-12-13,^KS200,330.48999,yahoo,KRW,2026-06-05T09:03:38.313619+00:00
2024-12-16,^KS200,329.609985,yahoo,KRW,2026-06-05T09:03:38.313619+00:00
2024-12-17,^KS200,325.25,yahoo,KRW,2026-06-05T09:03:38.313619+00:00
2024-12-18,^KS200,329.720001,yahoo,KRW,2026-06-05T09:03:38.313619+00:00
2024-12-19,^KS200,322.380005,yahoo,KRW,2026-06-05T09:03:38.313619+00:00
2024-12-20,^KS200,318.329987,yahoo,KRW,2026-06-05T09:03:38.313619+00:00
2024-12-23,^KS200,322.980011,yahoo,KRW,2026-06-05T09:03:38.313619+00:00
2024-12-24,^KS200,323.390015,yahoo,KRW,2026-06-05T09:03:38.313619+00:00
2024-12-26,^KS200,321.450012,yahoo,KRW,2026-06-05T09:03:38.313619+00:00
2024-12-27,^KS200,319.029999,yahoo,KRW,2026-06-05T09:03:38.313619+00:00
2024-12-30,^KS200,317.820007,yahoo,KRW,2026-06-05T09:03:38.313619+00:00
2025-01-02,^KS200,317.769989,yahoo,KRW,2026-06-05T09:03:38.313619+00:00
2025-01-03,^KS200,324.0,yahoo,KRW,2026-06-05T09:03:38.313619+00:00
2025-01-06,^KS200,331.519989,yahoo,KRW,2026-06-05T09:03:38.313619+00:00
2025-01-07,^KS200,330.890015,yahoo,KRW,2026-06-05T09:03:38.313619+00:00
2025-01-08,^KS200,334.950012,yahoo,KRW,2026-06-05T09:03:38.313619+00:00
2025-01-09,^KS200,335.399994,yahoo,KRW,2026-06-05T09:03:38.313619+00:00
2025-01-10,^KS200,334.549988,yahoo,KRW,2026-06-05T09:03:38.313619+00:00
2025-01-13,^KS200,330.309998,yahoo,KRW,2026-06-05T09:03:38.313619+00:00
2025-01-14,^KS200,330.73999,yahoo,KRW,2026-06-05T09:03:38.313619+00:00
2025-01-15,^KS200,330.970001,yahoo,KRW,2026-06-05T09:03:38.313619+00:00
2025-01-16,^KS200,335.730011,yahoo,KRW,2026-06-05T09:03:38.313619+00:00
2025-01-17,^KS200,335.089996,yahoo,KRW,2026-06-05T09:03:38.313619+00:00
2025-01-20,^KS200,333.940002,yahoo,KRW,2026-06-05T09:03:38.313619+00:00
2025-01-21,^KS200,334.440002,yahoo,KRW,2026-06-05T09:03:38.313619+00:00
2025-01-22,^KS200,338.76001,yahoo,KRW,2026-06-05T09:03:38.313619+00:00
2025-01-23,^KS200,334.5,yahoo,KRW,2026-06-05T09:03:38.313619+00:00
2025-01-24,^KS200,336.73999,yahoo,KRW,2026-06-05T09:03:38.313619+00:00
2025-01-31,^KS200,333.359985,yahoo,KRW,2026-06-05T09:03:38.313619+00:00
2025-02-03,^KS200,324.549988,yahoo,KRW,2026-06-05T09:03:38.313619+00:00
2025-02-04,^KS200,328.720001,yahoo,KRW,2026-06-05T09:03:38.313619+00:00
2025-02-05,^KS200,332.470001,yahoo,KRW,2026-06-05T09:03:38.313619+00:00
2025-02-06,^KS200,336.529999,yahoo,KRW,2026-06-05T09:03:38.313619+00:00
2025-02-07,^KS200,333.890015,yahoo,KRW,2026-06-05T09:03:38.313619+00:00
2025-02-10,^KS200,334.5,yahoo,KRW,2026-06-05T09:03:38.313619+00:00
2025-02-11,^KS200,336.670013,yahoo,KRW,2026-06-05T09:03:38.313619+00:00
2025-02-12,^KS200,337.230011,yahoo,KRW,2026-06-05T09:03:38.313619+00:00
2025-02-13,^KS200,341.059998,yahoo,KRW,2026-06-05T09:03:38.313619+00:00
2025-02-14,^KS200,342.76001,yahoo,KRW,2026-06-05T09:03:38.313619+00:00
2025-02-17,^KS200,345.109985,yahoo,KRW,2026-06-05T09:03:38.313619+00:00
2025-02-18,^KS200,347.839996,yahoo,KRW,2026-06-05T09:03:38.313619+00:00
2025-02-19,^KS200,354.529999,yahoo,KRW,2026-06-05T09:03:38.313619+00:00
2025-02-20,^KS200,352.149994,yahoo,KRW,2026-06-05T09:03:38.313619+00:00
2025-02-21,^KS200,351.920013,yahoo,KRW,2026-06-05T09:03:38.313619+00:00
2025-02-24,^KS200,349.899994,yahoo,KRW,2026-06-05T09:03:38.313619+00:00
2025-02-25,^KS200,347.540009,yahoo,KRW,2026-06-05T09:03:38.313619+00:00
2025-02-26,^KS200,349.309998,yahoo,KRW,2026-06-05T09:03:38.313619+00:00
2025-02-27,^KS200,346.450012,yahoo,KRW,2026-06-05T09:03:38.313619+00:00
2025-02-28,^KS200,334.269989,yahoo,KRW,2026-06-05T09:03:38.313619+00:00
2025-03-04,^KS200,334.019989,yahoo,KRW,2026-06-05T09:03:38.313619+00:00
2025-03-05,^KS200,337.079987,yahoo,KRW,2026-06-05T09:03:38.313619+00:00
2025-03-06,^KS200,340.309998,yahoo,KRW,2026-06-05T09:03:38.313619+00:00
2025-03-07,^KS200,338.420013,yahoo,KRW,2026-06-05T09:03:38.313619+00:00
2025-03-10,^KS200,338.790009,yahoo,KRW,2026-06-05T09:03:38.313619+00:00
2025-03-11,^KS200,334.959991,yahoo,KRW,2026-06-05T09:03:38.313619+00:00
2025-03-12,^KS200,340.890015,yahoo,KRW,2026-06-05T09:03:38.313619+00:00
2025-03-13,^KS200,341.420013,yahoo,KRW,2026-06-05T09:03:38.313619+00:00
2025-03-14,^KS200,340.799988,yahoo,KRW,2026-06-05T09:03:38.313619+00:00
2025-03-17,^KS200,348.190002,yahoo,KRW,2026-06-05T09:03:38.313619+00:00
2025-03-18,^KS200,347.839996,yahoo,KRW,2026-06-05T09:03:38.313619+00:00
2025-03-19,^KS200,350.850006,yahoo,KRW,2026-06-05T09:03:38.313619+00:00
2025-03-20,^KS200,353.5,yahoo,KRW,2026-06-05T09:03:38.313619+00:00
2025-03-21,^KS200,355.179993,yahoo,KRW,2026-06-05T09:03:38.313619+00:00
2025-03-24,^KS200,353.23999,yahoo,KRW,2026-06-05T09:03:38.313619+00:00
2025-03-25,^KS200,351.089996,yahoo,KRW,2026-06-05T09:03:38.313619+00:00
2025-03-26,^KS200,355.0,yahoo,KRW,2026-06-05T09:03:38.313619+00:00
2025-03-27,^KS200,350.26001,yahoo,KRW,2026-06-05T09:03:38.313619+00:00
2025-03-28,^KS200,342.959991,yahoo,KRW,2026-06-05T09:03:38.313619+00:00
2025-03-31,^KS200,332.399994,yahoo,KRW,2026-06-05T09:03:38.313619+00:00
2025-04-01,^KS200,338.220001,yahoo,KRW,2026-06-05T09:03:38.313619+00:00
2025-04-02,^KS200,336.26001,yahoo,KRW,2026-06-05T09:03:38.313619+00:00
2025-04-03,^KS200,332.920013,yahoo,KRW,2026-06-05T09:03:38.313619+00:00
2025-04-04,^KS200,328.670013,yahoo,KRW,2026-06-05T09:03:38.313619+00:00
2025-04-07,^KS200,309.600006,yahoo,KRW,2026-06-05T09:03:38.313619+00:00
2025-04-08,^KS200,310.029999,yahoo,KRW,2026-06-05T09:03:38.313619+00:00
2025-04-09,^KS200,304.529999,yahoo,KRW,2026-06-05T09:03:38.313619+00:00
2025-04-10,^KS200,325.079987,yahoo,KRW,2026-06-05T09:03:38.313619+00:00
2025-04-11,^KS200,322.320007,yahoo,KRW,2026-06-05T09:03:38.313619+00:00
2025-04-14,^KS200,325.329987,yahoo,KRW,2026-06-05T09:03:38.313619+00:00
2025-04-15,^KS200,328.140015,yahoo,KRW,2026-06-05T09:03:38.313619+00:00
2025-04-16,^KS200,323.529999,yahoo,KRW,2026-06-05T09:03:38.313619+00:00
2025-04-17,^KS200,326.299988,yahoo,KRW,2026-06-05T09:03:38.313619+00:00
2025-04-18,^KS200,328.350006,yahoo,KRW,2026-06-05T09:03:38.313619+00:00
2025-04-21,^KS200,329.309998,yahoo,KRW,2026-06-05T09:03:38.313619+00:00
2025-04-22,^KS200,328.609985,yahoo,KRW,2026-06-05T09:03:38.313619+00:00
2025-04-23,^KS200,333.940002,yahoo,KRW,2026-06-05T09:03:38.313619+00:00
2025-04-24,^KS200,333.720001,yahoo,KRW,2026-06-05T09:03:38.313619+00:00
2025-04-25,^KS200,336.869995,yahoo,KRW,2026-06-05T09:03:38.313619+00:00
2025-04-28,^KS200,337.079987,yahoo,KRW,2026-06-05T09:03:38.313619+00:00
2025-04-29,^KS200,339.059998,yahoo,KRW,2026-06-05T09:03:38.313619+00:00
2025-04-30,^KS200,338.73999,yahoo,KRW,2026-06-05T09:03:38.313619+00:00
2025-05-02,^KS200,338.790009,yahoo,KRW,2026-06-05T09:03:38.313619+00:00
2025-05-07,^KS200,341.309998,yahoo,KRW,2026-06-05T09:03:38.313619+00:00
2025-05-08,^KS200,341.470001,yahoo,KRW,2026-06-05T09:03:38.313619+00:00
2025-05-09,^KS200,341.48999,yahoo,KRW,2026-06-05T09:03:38.313619+00:00
2025-05-12,^KS200,347.079987,yahoo,KRW,2026-06-05T09:03:38.313619+00:00
2025-05-13,^KS200,347.170013,yahoo,KRW,2026-06-05T09:03:38.313619+00:00
2025-05-14,^KS200,351.790009,yahoo,KRW,2026-06-05T09:03:38.313619+00:00
2025-05-15,^KS200,349.160004,yahoo,KRW,2026-06-05T09:03:38.313619+00:00
2025-05-16,^KS200,350.450012,yahoo,KRW,2026-06-05T09:03:38.313619+00:00
2025-05-19,^KS200,346.570007,yahoo,KRW,2026-06-05T09:03:38.313619+00:00
2025-05-20,^KS200,347.019989,yahoo,KRW,2026-06-05T09:03:38.313619+00:00
2025-05-21,^KS200,349.380005,yahoo,KRW,2026-06-05T09:03:38.313619+00:00
2025-05-22,^KS200,344.799988,yahoo,KRW,2026-06-05T09:03:38.313619+00:00
2025-05-23,^KS200,345.279999,yahoo,KRW,2026-06-05T09:03:38.313619+00:00
2025-05-26,^KS200,352.109985,yahoo,KRW,2026-06-05T09:03:38.313619+00:00
2025-05-27,^KS200,351.279999,yahoo,KRW,2026-06-05T09:03:38.313619+00:00
2025-05-28,^KS200,356.359985,yahoo,KRW,2026-06-05T09:03:38.313619+00:00
2025-05-29,^KS200,363.079987,yahoo,KRW,2026-06-05T09:03:38.313619+00:00
2025-05-30,^KS200,359.619995,yahoo,KRW,2026-06-05T09:03:38.313619+00:00
2025-06-02,^KS200,359.690002,yahoo,KRW,2026-06-05T09:03:38.313619+00:00
2025-06-04,^KS200,369.899994,yahoo,KRW,2026-06-05T09:03:38.313619+00:00
2025-06-05,^KS200,376.540009,yahoo,KRW,2026-06-05T09:03:38.313619+00:00
2025-06-09,^KS200,382.98999,yahoo,KRW,2026-06-05T09:03:38.313619+00:00
2025-06-10,^KS200,384.790009,yahoo,KRW,2026-06-05T09:03:38.313619+00:00
2025-06-11,^KS200,389.790009,yahoo,KRW,2026-06-05T09:03:38.313619+00:00
2025-06-12,^KS200,390.619995,yahoo,KRW,2026-06-05T09:03:38.313619+00:00
2025-06-13,^KS200,387.299988,yahoo,KRW,2026-06-05T09:03:38.313619+00:00
2025-06-16,^KS200,394.160004,yahoo,KRW,2026-06-05T09:03:38.313619+00:00
2025-06-17,^KS200,395.179993,yahoo,KRW,2026-06-05T09:03:38.313619+00:00
2025-06-18,^KS200,398.859985,yahoo,KRW,2026-06-05T09:03:38.313619+00:00
2025-06-19,^KS200,399.290009,yahoo,KRW,2026-06-05T09:03:38.313619+00:00
2025-06-20,^KS200,405.320007,yahoo,KRW,2026-06-05T09:03:38.313619+00:00
2025-06-23,^KS200,404.320007,yahoo,KRW,2026-06-05T09:03:38.313619+00:00
2025-06-24,^KS200,417.76001,yahoo,KRW,2026-06-05T09:03:38.313619+00:00
2025-06-25,^KS200,419.51001,yahoo,KRW,2026-06-05T09:03:38.313619+00:00
2025-06-26,^KS200,415.660004,yahoo,KRW,2026-06-05T09:03:38.313619+00:00
2025-06-27,^KS200,412.720001,yahoo,KRW,2026-06-05T09:03:38.313619+00:00
2025-06-30,^KS200,414.600006,yahoo,KRW,2026-06-05T09:03:38.313619+00:00
2025-07-01,^KS200,416.26001,yahoo,KRW,2026-06-05T09:03:38.313619+00:00
2025-07-02,^KS200,414.429993,yahoo,KRW,2026-06-05T09:03:38.313619+00:00
2025-07-03,^KS200,420.940002,yahoo,KRW,2026-06-05T09:03:38.313619+00:00
2025-07-04,^KS200,412.73999,yahoo,KRW,2026-06-05T09:03:38.313619+00:00
2025-07-07,^KS200,413.019989,yahoo,KRW,2026-06-05T09:03:38.313619+00:00
2025-07-08,^KS200,421.220001,yahoo,KRW,2026-06-05T09:03:38.313619+00:00
2025-07-09,^KS200,422.019989,yahoo,KRW,2026-06-05T09:03:38.313619+00:00
2025-07-10,^KS200,428.420013,yahoo,KRW,2026-06-05T09:03:38.313619+00:00
2025-07-11,^KS200,428.070007,yahoo,KRW,2026-06-05T09:03:38.313619+00:00
2025-07-14,^KS200,432.48999,yahoo,KRW,2026-06-05T09:03:38.313619+00:00
2025-07-15,^KS200,434.779999,yahoo,KRW,2026-06-05T09:03:38.313619+00:00
2025-07-16,^KS200,431.160004,yahoo,KRW,2026-06-05T09:03:38.313619+00:00
2025-07-17,^KS200,431.640015,yahoo,KRW,2026-06-05T09:03:38.313619+00:00
2025-07-18,^KS200,431.100006,yahoo,KRW,2026-06-05T09:03:38.313619+00:00
2025-07-21,^KS200,434.559998,yahoo,KRW,2026-06-05T09:03:38.313619+00:00
2025-07-22,^KS200,428.049988,yahoo,KRW,2026-06-05T09:03:38.313619+00:00
2025-07-23,^KS200,430.040009,yahoo,KRW,2026-06-05T09:03:38.313619+00:00
2025-07-24,^KS200,430.029999,yahoo,KRW,2026-06-05T09:03:38.313619+00:00
2025-07-25,^KS200,430.779999,yahoo,KRW,2026-06-05T09:03:38.313619+00:00
2025-07-28,^KS200,433.369995,yahoo,KRW,2026-06-05T09:03:38.313619+00:00
2025-07-29,^KS200,435.839996,yahoo,KRW,2026-06-05T09:03:38.313619+00:00
2025-07-30,^KS200,439.809998,yahoo,KRW,2026-06-05T09:03:38.313619+00:00
2025-07-31,^KS200,438.600006,yahoo,KRW,2026-06-05T09:03:38.313619+00:00
2025-08-01,^KS200,420.720001,yahoo,KRW,2026-06-05T09:03:38.313619+00:00
2025-08-04,^KS200,424.790009,yahoo,KRW,2026-06-05T09:03:38.313619+00:00
2025-08-05,^KS200,431.25,yahoo,KRW,2026-06-05T09:03:38.313619+00:00
2025-08-06,^KS200,430.679993,yahoo,KRW,2026-06-05T09:03:38.313619+00:00
2025-08-07,^KS200,435.350006,yahoo,KRW,2026-06-05T09:03:38.313619+00:00
2025-08-08,^KS200,433.470001,yahoo,KRW,2026-06-05T09:03:38.313619+00:00
2025-08-11,^KS200,433.290009,yahoo,KRW,2026-06-05T09:03:38.313619+00:00
2025-08-12,^KS200,431.630005,yahoo,KRW,2026-06-05T09:03:38.313619+00:00
2025-08-13,^KS200,436.920013,yahoo,KRW,2026-06-05T09:03:38.313619+00:00
2025-08-14,^KS200,436.570007,yahoo,KRW,2026-06-05T09:03:38.313619+00:00
2025-08-18,^KS200,429.190002,yahoo,KRW,2026-06-05T09:03:38.313619+00:00
2025-08-19,^KS200,426.179993,yahoo,KRW,2026-06-05T09:03:38.313619+00:00
2025-08-20,^KS200,423.660004,yahoo,KRW,2026-06-05T09:03:38.313619+00:00
2025-08-21,^KS200,424.410004,yahoo,KRW,2026-06-05T09:03:38.313619+00:00
2025-08-22,^KS200,428.5,yahoo,KRW,2026-06-05T09:03:38.313619+00:00
2025-08-25,^KS200,433.890015,yahoo,KRW,2026-06-05T09:03:38.313619+00:00
2025-08-26,^KS200,429.410004,yahoo,KRW,2026-06-05T09:03:38.313619+00:00
2025-08-27,^KS200,430.309998,yahoo,KRW,2026-06-05T09:03:38.313619+00:00
2025-08-28,^KS200,431.809998,yahoo,KRW,2026-06-05T09:03:38.313619+00:00
2025-08-29,^KS200,430.119995,yahoo,KRW,2026-06-05T09:03:38.313619+00:00
2025-09-01,^KS200,423.329987,yahoo,KRW,2026-06-05T09:03:38.313619+00:00
2025-09-02,^KS200,428.149994,yahoo,KRW,2026-06-05T09:03:38.313619+00:00
2025-09-03,^KS200,430.369995,yahoo,KRW,2026-06-05T09:03:38.313619+00:00
2025-09-04,^KS200,432.320007,yahoo,KRW,2026-06-05T09:03:38.313619+00:00
2025-09-05,^KS200,432.859985,yahoo,KRW,2026-06-05T09:03:38.313619+00:00
2025-09-08,^KS200,434.850006,yahoo,KRW,2026-06-05T09:03:38.313619+00:00
2025-09-09,^KS200,441.279999,yahoo,KRW,2026-06-05T09:03:38.313619+00:00
2025-09-10,^KS200,450.049988,yahoo,KRW,2026-06-05T09:03:38.313619+00:00
2025-09-11,^KS200,454.0,yahoo,KRW,2026-06-05T09:03:38.313619+00:00
2025-09-12,^KS200,462.73999,yahoo,KRW,2026-06-05T09:03:38.313619+00:00
2025-09-15,^KS200,464.649994,yahoo,KRW,2026-06-05T09:03:38.313619+00:00
2025-09-16,^KS200,472.850006,yahoo,KRW,2026-06-05T09:03:38.313619+00:00
2025-09-17,^KS200,466.98999,yahoo,KRW,2026-06-05T09:03:38.313619+00:00
2025-09-18,^KS200,475.339996,yahoo,KRW,2026-06-05T09:03:38.313619+00:00
2025-09-19,^KS200,473.440002,yahoo,KRW,2026-06-05T09:03:38.313619+00:00
2025-09-22,^KS200,478.290009,yahoo,KRW,2026-06-05T09:03:38.313619+00:00
2025-09-23,^KS200,481.540009,yahoo,KRW,2026-06-05T09:03:38.313619+00:00
2025-09-24,^KS200,480.390015,yahoo,KRW,2026-06-05T09:03:38.313619+00:00
2025-09-25,^KS200,480.630005,yahoo,KRW,2026-06-05T09:03:38.313619+00:00
2025-09-26,^KS200,468.029999,yahoo,KRW,2026-06-05T09:03:38.313619+00:00
2025-09-29,^KS200,475.220001,yahoo,KRW,2026-06-05T09:03:38.313619+00:00
2025-09-30,^KS200,474.029999,yahoo,KRW,2026-06-05T09:03:38.313619+00:00
2025-10-01,^KS200,479.369995,yahoo,KRW,2026-06-05T09:03:38.313619+00:00
2025-10-02,^KS200,493.410004,yahoo,KRW,2026-06-05T09:03:38.313619+00:00
2025-10-10,^KS200,506.970001,yahoo,KRW,2026-06-05T09:03:38.313619+00:00
2025-10-13,^KS200,501.869995,yahoo,KRW,2026-06-05T09:03:38.313619+00:00
2025-10-14,^KS200,496.890015,yahoo,KRW,2026-06-05T09:03:38.313619+00:00
2025-10-15,^KS200,510.549988,yahoo,KRW,2026-06-05T09:03:38.313619+00:00
2025-10-16,^KS200,524.450012,yahoo,KRW,2026-06-05T09:03:38.313619+00:00
2025-10-17,^KS200,525.47998,yahoo,KRW,2026-06-05T09:03:38.313619+00:00
2025-10-20,^KS200,535.280029,yahoo,KRW,2026-06-05T09:03:38.313619+00:00
2025-10-21,^KS200,535.280029,yahoo,KRW,2026-06-05T09:03:38.313619+00:00
2025-10-22,^KS200,542.590027,yahoo,KRW,2026-06-05T09:03:38.313619+00:00
2025-10-23,^KS200,536.369995,yahoo,KRW,2026-06-05T09:03:38.313619+00:00
2025-10-24,^KS200,550.01001,yahoo,KRW,2026-06-05T09:03:38.313619+00:00
2025-10-27,^KS200,565.690002,yahoo,KRW,2026-06-05T09:03:38.313619+00:00
2025-10-28,^KS200,559.51001,yahoo,KRW,2026-06-05T09:03:38.313619+00:00
2025-10-29,^KS200,571.51001,yahoo,KRW,2026-06-05T09:03:38.313619+00:00
2025-10-30,^KS200,575.210022,yahoo,KRW,2026-06-05T09:03:38.313619+00:00
2025-10-31,^KS200,579.460022,yahoo,KRW,2026-06-05T09:03:38.313619+00:00
2025-11-03,^KS200,599.030029,yahoo,KRW,2026-06-05T09:03:38.313619+00:00
2025-11-04,^KS200,581.940002,yahoo,KRW,2026-06-05T09:03:38.313619+00:00
2025-11-05,^KS200,565.400024,yahoo,KRW,2026-06-05T09:03:38.313619+00:00
2025-11-06,^KS200,568.380005,yahoo,KRW,2026-06-05T09:03:38.313619+00:00
2025-11-07,^KS200,557.97998,yahoo,KRW,2026-06-05T09:03:38.313619+00:00
2025-11-10,^KS200,575.309998,yahoo,KRW,2026-06-05T09:03:38.313619+00:00
2025-11-11,^KS200,581.409973,yahoo,KRW,2026-06-05T09:03:38.313619+00:00
2025-11-12,^KS200,586.72998,yahoo,KRW,2026-06-05T09:03:38.313619+00:00
2025-11-13,^KS200,588.650024,yahoo,KRW,2026-06-05T09:03:38.313619+00:00
2025-11-14,^KS200,563.429993,yahoo,KRW,2026-06-05T09:03:38.313619+00:00
2025-11-17,^KS200,576.650024,yahoo,KRW,2026-06-05T09:03:38.313619+00:00
2025-11-18,^KS200,556.450012,yahoo,KRW,2026-06-05T09:03:38.313619+00:00
2025-11-19,^KS200,552.659973,yahoo,KRW,2026-06-05T09:03:38.313619+00:00
2025-11-20,^KS200,564.200012,yahoo,KRW,2026-06-05T09:03:38.313619+00:00
2025-11-21,^KS200,540.359985,yahoo,KRW,2026-06-05T09:03:38.313619+00:00
2025-11-24,^KS200,540.809998,yahoo,KRW,2026-06-05T09:03:38.313619+00:00
2025-11-25,^KS200,544.619995,yahoo,KRW,2026-06-05T09:03:38.313619+00:00
2025-11-26,^KS200,559.369995,yahoo,KRW,2026-06-05T09:03:38.313619+00:00
2025-11-27,^KS200,563.359985,yahoo,KRW,2026-06-05T09:03:38.313619+00:00
2025-11-28,^KS200,554.0,yahoo,KRW,2026-06-05T09:03:38.313619+00:00
2025-12-01,^KS200,553.960022,yahoo,KRW,2026-06-05T09:03:38.313619+00:00
2025-12-02,^KS200,565.719971,yahoo,KRW,2026-06-05T09:03:38.313619+00:00
2025-12-03,^KS200,570.789978,yahoo,KRW,2026-06-05T09:03:38.313619+00:00
2025-12-04,^KS200,569.75,yahoo,KRW,2026-06-05T09:03:38.313619+00:00
2025-12-05,^KS200,580.809998,yahoo,KRW,2026-06-05T09:03:38.313619+00:00
2025-12-08,^KS200,589.169983,yahoo,KRW,2026-06-05T09:03:38.313619+00:00
2025-12-09,^KS200,585.76001,yahoo,KRW,2026-06-05T09:03:38.313619+00:00
2025-12-10,^KS200,585.52002,yahoo,KRW,2026-06-05T09:03:38.313619+00:00
2025-12-11,^KS200,580.159973,yahoo,KRW,2026-06-05T09:03:38.313619+00:00
2025-12-12,^KS200,587.929993,yahoo,KRW,2026-06-05T09:03:38.313619+00:00
2025-12-15,^KS200,574.48999,yahoo,KRW,2026-06-05T09:03:38.313619+00:00
2025-12-16,^KS200,561.52002,yahoo,KRW,2026-06-05T09:03:38.313619+00:00
2025-12-17,^KS200,572.619995,yahoo,KRW,2026-06-05T09:03:38.313619+00:00
2025-12-18,^KS200,565.650024,yahoo,KRW,2026-06-05T09:03:38.313619+00:00
2025-12-19,^KS200,568.400024,yahoo,KRW,2026-06-05T09:03:38.313619+00:00
2025-12-22,^KS200,582.72998,yahoo,KRW,2026-06-05T09:03:38.313619+00:00
2025-12-23,^KS200,584.640015,yahoo,KRW,2026-06-05T09:03:38.313619+00:00
2025-12-24,^KS200,584.210022,yahoo,KRW,2026-06-05T09:03:38.313619+00:00
2025-12-26,^KS200,590.080017,yahoo,KRW,2026-06-05T09:03:38.313619+00:00
2025-12-29,^KS200,605.690002,yahoo,KRW,2026-06-05T09:03:38.313619+00:00
2025-12-30,^KS200,605.97998,yahoo,KRW,2026-06-05T09:03:38.313619+00:00
2026-01-02,^KS200,624.169983,yahoo,KRW,2026-06-05T09:03:38.313619+00:00
2026-01-05,^KS200,648.73999,yahoo,KRW,2026-06-05T09:03:38.313619+00:00
2026-01-06,^KS200,659.450012,yahoo,KRW,2026-06-05T09:03:38.313619+00:00
2026-01-07,^KS200,664.47998,yahoo,KRW,2026-06-05T09:03:38.313619+00:00
2026-01-08,^KS200,664.179993,yahoo,KRW,2026-06-05T09:03:38.313619+00:00
2026-01-09,^KS200,668.25,yahoo,KRW,2026-06-05T09:03:38.313619+00:00
2026-01-12,^KS200,672.859985,yahoo,KRW,2026-06-05T09:03:38.313619+00:00
2026-01-13,^KS200,680.710022,yahoo,KRW,2026-06-05T09:03:38.313619+00:00
2026-01-14,^KS200,685.76001,yahoo,KRW,2026-06-05T09:03:38.313619+00:00
2026-01-15,^KS200,696.390015,yahoo,KRW,2026-06-05T09:03:38.313619+00:00
2026-01-16,^KS200,704.640015,yahoo,KRW,2026-06-05T09:03:38.313619+00:00
2026-01-19,^KS200,713.960022,yahoo,KRW,2026-06-05T09:03:38.313619+00:00
2026-01-20,^KS200,708.47998,yahoo,KRW,2026-06-05T09:03:38.313619+00:00
2026-01-21,^KS200,714.940002,yahoo,KRW,2026-06-05T09:03:38.313619+00:00
2026-01-22,^KS200,722.299988,yahoo,KRW,2026-06-05T09:03:38.313619+00:00
2026-01-23,^KS200,727.289978,yahoo,KRW,2026-06-05T09:03:38.313619+00:00
2026-01-26,^KS200,720.039978,yahoo,KRW,2026-06-05T09:03:38.313619+00:00
2026-01-27,^KS200,745.130005,yahoo,KRW,2026-06-05T09:03:38.313619+00:00
2026-01-28,^KS200,758.719971,yahoo,KRW,2026-06-05T09:03:38.313619+00:00
2026-01-29,^KS200,765.590027,yahoo,KRW,2026-06-05T09:03:38.313619+00:00
2026-01-30,^KS200,768.409973,yahoo,KRW,2026-06-05T09:03:38.313619+00:00
2026-02-02,^KS200,725.460022,yahoo,KRW,2026-06-05T09:03:38.313619+00:00
2026-02-03,^KS200,779.539978,yahoo,KRW,2026-06-05T09:03:38.313619+00:00
2026-02-04,^KS200,790.380005,yahoo,KRW,2026-06-05T09:03:38.313619+00:00
2026-02-05,^KS200,756.950012,yahoo,KRW,2026-06-05T09:03:38.313619+00:00
2026-02-06,^KS200,748.099976,yahoo,KRW,2026-06-05T09:03:38.313619+00:00
2026-02-09,^KS200,780.940002,yahoo,KRW,2026-06-05T09:03:38.313619+00:00
2026-02-10,^KS200,780.76001,yahoo,KRW,2026-06-05T09:03:38.313619+00:00
2026-02-11,^KS200,788.75,yahoo,KRW,2026-06-05T09:03:38.313619+00:00
2026-02-12,^KS200,816.280029,yahoo,KRW,2026-06-05T09:03:38.313619+00:00
2026-02-13,^KS200,814.590027,yahoo,KRW,2026-06-05T09:03:38.313619+00:00
2026-02-19,^KS200,840.23999,yahoo,KRW,2026-06-05T09:03:38.313619+00:00
2026-02-20,^KS200,859.590027,yahoo,KRW,2026-06-05T09:03:38.313619+00:00
2026-02-23,^KS200,865.48999,yahoo,KRW,2026-06-05T09:03:38.313619+00:00
2026-02-24,^KS200,886.880005,yahoo,KRW,2026-06-05T09:03:38.313619+00:00
2026-02-25,^KS200,903.830017,yahoo,KRW,2026-06-05T09:03:38.313619+00:00
2026-02-26,^KS200,944.02002,yahoo,KRW,2026-06-05T09:03:38.313619+00:00
2026-02-27,^KS200,933.340027,yahoo,KRW,2026-06-05T09:03:38.313619+00:00
2026-03-03,^KS200,859.400024,yahoo,KRW,2026-06-05T09:03:38.313619+00:00
2026-03-04,^KS200,756.789978,yahoo,KRW,2026-06-05T09:03:38.313619+00:00
2026-03-05,^KS200,831.219971,yahoo,KRW,2026-06-05T09:03:38.313619+00:00
2026-03-06,^KS200,828.830017,yahoo,KRW,2026-06-05T09:03:38.313619+00:00
2026-03-09,^KS200,775.309998,yahoo,KRW,2026-06-05T09:03:38.313619+00:00
2026-03-10,^KS200,823.02002,yahoo,KRW,2026-06-05T09:03:38.313619+00:00
2026-03-11,^KS200,834.049988,yahoo,KRW,2026-06-05T09:03:38.313619+00:00
2026-03-12,^KS200,827.51001,yahoo,KRW,2026-06-05T09:03:38.313619+00:00
2026-03-13,^KS200,812.929993,yahoo,KRW,2026-06-05T09:03:38.313619+00:00
2026-03-16,^KS200,826.830017,yahoo,KRW,2026-06-05T09:03:38.313619+00:00
2026-03-17,^KS200,840.890015,yahoo,KRW,2026-06-05T09:03:38.313619+00:00
2026-03-18,^KS200,888.570007,yahoo,KRW,2026-06-05T09:03:38.313619+00:00
2026-03-19,^KS200,862.369995,yahoo,KRW,2026-06-05T09:03:38.313619+00:00
2026-03-20,^KS200,862.5,yahoo,KRW,2026-06-05T09:03:38.313619+00:00
2026-03-23,^KS200,804.859985,yahoo,KRW,2026-06-05T09:03:38.313619+00:00
2026-03-24,^KS200,827.640015,yahoo,KRW,2026-06-05T09:03:38.313619+00:00
2026-03-25,^KS200,838.700012,yahoo,KRW,2026-06-05T09:03:38.313619+00:00
2026-03-26,^KS200,808.890015,yahoo,KRW,2026-06-05T09:03:38.313619+00:00
2026-03-27,^KS200,805.190002,yahoo,KRW,2026-06-05T09:03:38.313619+00:00
2026-03-30,^KS200,780.320007,yahoo,KRW,2026-06-05T09:03:38.313619+00:00
2026-03-31,^KS200,744.570007,yahoo,KRW,2026-06-05T09:03:38.313619+00:00
2026-04-01,^KS200,813.840027,yahoo,KRW,2026-06-05T09:03:38.313619+00:00
2026-04-02,^KS200,774.630005,yahoo,KRW,2026-06-05T09:03:38.313619+00:00
2026-04-03,^KS200,798.320007,yahoo,KRW,2026-06-05T09:03:38.313619+00:00
2026-04-06,^KS200,811.840027,yahoo,KRW,2026-06-05T09:03:38.313619+00:00
2026-04-07,^KS200,821.099976,yahoo,KRW,2026-06-05T09:03:38.313619+00:00
2026-04-08,^KS200,882.809998,yahoo,KRW,2026-06-05T09:03:38.313619+00:00
2026-04-09,^KS200,865.75,yahoo,KRW,2026-06-05T09:03:38.313619+00:00
2026-04-10,^KS200,878.780029,yahoo,KRW,2026-06-05T09:03:38.313619+00:00
2026-04-13,^KS200,870.780029,yahoo,KRW,2026-06-05T09:03:38.313619+00:00
2026-04-14,^KS200,897.0,yahoo,KRW,2026-06-05T09:03:38.313619+00:00
2026-04-15,^KS200,916.599976,yahoo,KRW,2026-06-05T09:03:38.313619+00:00
2026-04-16,^KS200,937.869995,yahoo,KRW,2026-06-05T09:03:38.313619+00:00
2026-04-17,^KS200,931.409973,yahoo,KRW,2026-06-05T09:03:38.313619+00:00
2026-04-20,^KS200,935.75,yahoo,KRW,2026-06-05T09:03:38.313619+00:00
2026-04-21,^KS200,962.26001,yahoo,KRW,2026-06-05T09:03:38.313619+00:00
2026-04-22,^KS200,964.52002,yahoo,KRW,2026-06-05T09:03:38.313619+00:00
2026-04-23,^KS200,975.619995,yahoo,KRW,2026-06-05T09:03:38.313619+00:00
2026-04-24,^KS200,971.869995,yahoo,KRW,2026-06-05T09:03:38.313619+00:00
2026-04-27,^KS200,995.330017,yahoo,KRW,2026-06-05T09:03:38.313619+00:00
2026-04-28,^KS200,999.030029,yahoo,KRW,2026-06-05T09:03:38.313619+00:00
2026-04-29,^KS200,1006.590027,yahoo,KRW,2026-06-05T09:03:38.313619+00:00
2026-04-30,^KS200,992.150024,yahoo,KRW,2026-06-05T09:03:38.313619+00:00
2026-05-04,^KS200,1049.660034,yahoo,KRW,2026-06-05T09:03:38.313619+00:00
2026-05-06,^KS200,1129.630005,yahoo,KRW,2026-06-05T09:03:38.313619+00:00
2026-05-07,^KS200,1149.859985,yahoo,KRW,2026-06-05T09:03:38.313619+00:00
2026-05-08,^KS200,1151.170044,yahoo,KRW,2026-06-05T09:03:38.313619+00:00
2026-05-11,^KS200,1211.439941,yahoo,KRW,2026-06-05T09:03:38.313619+00:00
2026-05-12,^KS200,1183.410034,yahoo,KRW,2026-06-05T09:03:38.313619+00:00
2026-05-13,^KS200,1220.170044,yahoo,KRW,2026-06-05T09:03:38.313619+00:00
2026-05-14,^KS200,1243.170044,yahoo,KRW,2026-06-05T09:03:38.313619+00:00
2026-05-15,^KS200,1162.390015,yahoo,KRW,2026-06-05T09:03:38.313619+00:00
2026-05-18,^KS200,1171.300049,yahoo,KRW,2026-06-05T09:03:38.313619+00:00
2026-05-19,^KS200,1132.420044,yahoo,KRW,2026-06-05T09:03:38.313619+00:00
2026-05-20,^KS200,1125.51001,yahoo,KRW,2026-06-05T09:03:38.313619+00:00
2026-05-21,^KS200,1225.219971,yahoo,KRW,2026-06-05T09:03:38.313619+00:00
2026-05-22,^KS200,1226.030029,yahoo,KRW,2026-06-05T09:03:38.313619+00:00
2026-05-26,^KS200,1260.530029,yahoo,KRW,2026-06-05T09:03:38.313619+00:00
2026-05-27,^KS200,1298.859985,yahoo,KRW,2026-06-05T09:03:38.313619+00:00
2026-05-28,^KS200,1292.569946,yahoo,KRW,2026-06-05T09:03:38.313619+00:00
2026-05-29,^KS200,1342.819946,yahoo,KRW,2026-06-05T09:03:38.313619+00:00
2026-06-01,^KS200,1399.910034,yahoo,KRW,2026-06-05T09:03:38.313619+00:00
2026-06-02,^KS200,1407.22998,yahoo,KRW,2026-06-05T09:03:38.313619+00:00
2026-06-04,^KS200,1379.560059,yahoo,KRW,2026-06-05T09:03:38.313619+00:00
2026-06-05,^KS200,1297.02002,yahoo,KRW,2026-06-05T09:03:38.313619+00:00
