date,ticker,close,source,currency,ingested_at
2007-01-01,KRW=X,917.22998,yahoo,KRW,2026-06-05T09:03:38.313619+00:00
2007-01-02,KRW=X,914.419983,yahoo,KRW,2026-06-05T09:03:38.313619+00:00
2007-01-03,KRW=X,914.309998,yahoo,KRW,2026-06-05T09:03:38.313619+00:00
2007-01-04,KRW=X,925.23999,yahoo,KRW,2026-06-05T09:03:38.313619+00:00
2007-01-05,KRW=X,925.440002,yahoo,KRW,2026-06-05T09:03:38.313619+00:00
2007-01-08,KRW=X,924.369995,yahoo,KRW,2026-06-05T09:03:38.313619+00:00
2007-01-09,KRW=X,928.169983,yahoo,KRW,2026-06-05T09:03:38.313619+00:00
2007-01-10,KRW=X,930.159973,yahoo,KRW,2026-06-05T09:03:38.313619+00:00
2007-01-11,KRW=X,930.309998,yahoo,KRW,2026-06-05T09:03:38.313619+00:00
2007-01-12,KRW=X,927.659973,yahoo,KRW,2026-06-05T09:03:38.313619+00:00
2007-01-15,KRW=X,926.669983,yahoo,KRW,2026-06-05T09:03:38.313619+00:00
2007-01-16,KRW=X,925.48999,yahoo,KRW,2026-06-05T09:03:38.313619+00:00
2007-01-17,KRW=X,925.150024,yahoo,KRW,2026-06-05T09:03:38.313619+00:00
2007-01-18,KRW=X,923.890015,yahoo,KRW,2026-06-05T09:03:38.313619+00:00
2007-01-19,KRW=X,926.72998,yahoo,KRW,2026-06-05T09:03:38.313619+00:00
2007-01-22,KRW=X,930.530029,yahoo,KRW,2026-06-05T09:03:38.313619+00:00
2007-01-23,KRW=X,923.280029,yahoo,KRW,2026-06-05T09:03:38.313619+00:00
2007-01-24,KRW=X,927.950012,yahoo,KRW,2026-06-05T09:03:38.313619+00:00
2007-01-25,KRW=X,928.700012,yahoo,KRW,2026-06-05T09:03:38.313619+00:00
2007-01-26,KRW=X,928.679993,yahoo,KRW,2026-06-05T09:03:38.313619+00:00
2007-01-29,KRW=X,924.890015,yahoo,KRW,2026-06-05T09:03:38.313619+00:00
2007-01-30,KRW=X,930.849976,yahoo,KRW,2026-06-05T09:03:38.313619+00:00
2007-01-31,KRW=X,924.039978,yahoo,KRW,2026-06-05T09:03:38.313619+00:00
2007-02-01,KRW=X,926.289978,yahoo,KRW,2026-06-05T09:03:38.313619+00:00
2007-02-02,KRW=X,931.340027,yahoo,KRW,2026-06-05T09:03:38.313619+00:00
2007-02-05,KRW=X,925.150024,yahoo,KRW,2026-06-05T09:03:38.313619+00:00
2007-02-06,KRW=X,916.77002,yahoo,KRW,2026-06-05T09:03:38.313619+00:00
2007-02-07,KRW=X,918.909973,yahoo,KRW,2026-06-05T09:03:38.313619+00:00
2007-02-08,KRW=X,920.299988,yahoo,KRW,2026-06-05T09:03:38.313619+00:00
2007-02-09,KRW=X,922.179993,yahoo,KRW,2026-06-05T09:03:38.313619+00:00
2007-02-12,KRW=X,926.22998,yahoo,KRW,2026-06-05T09:03:38.313619+00:00
2007-02-13,KRW=X,927.400024,yahoo,KRW,2026-06-05T09:03:38.313619+00:00
2007-02-14,KRW=X,927.080017,yahoo,KRW,2026-06-05T09:03:38.313619+00:00
2007-02-15,KRW=X,922.599976,yahoo,KRW,2026-06-05T09:03:38.313619+00:00
2007-02-16,KRW=X,924.929993,yahoo,KRW,2026-06-05T09:03:38.313619+00:00
2007-02-19,KRW=X,924.48999,yahoo,KRW,2026-06-05T09:03:38.313619+00:00
2007-02-20,KRW=X,896.01001,yahoo,KRW,2026-06-05T09:03:38.313619+00:00
2007-02-21,KRW=X,927.690002,yahoo,KRW,2026-06-05T09:03:38.313619+00:00
2007-02-22,KRW=X,894.659973,yahoo,KRW,2026-06-05T09:03:38.313619+00:00
2007-02-23,KRW=X,927.280029,yahoo,KRW,2026-06-05T09:03:38.313619+00:00
2007-02-26,KRW=X,925.0,yahoo,KRW,2026-06-05T09:03:38.313619+00:00
2007-02-27,KRW=X,927.549988,yahoo,KRW,2026-06-05T09:03:38.313619+00:00
2007-02-28,KRW=X,928.599976,yahoo,KRW,2026-06-05T09:03:38.313619+00:00
2007-03-01,KRW=X,903.599976,yahoo,KRW,2026-06-05T09:03:38.313619+00:00
2007-03-02,KRW=X,903.969971,yahoo,KRW,2026-06-05T09:03:38.313619+00:00
2007-03-05,KRW=X,909.890015,yahoo,KRW,2026-06-05T09:03:38.313619+00:00
2007-03-06,KRW=X,933.539978,yahoo,KRW,2026-06-05T09:03:38.313619+00:00
2007-03-07,KRW=X,933.640015,yahoo,KRW,2026-06-05T09:03:38.313619+00:00
2007-03-08,KRW=X,934.630005,yahoo,KRW,2026-06-05T09:03:38.313619+00:00
2007-03-09,KRW=X,934.72998,yahoo,KRW,2026-06-05T09:03:38.313619+00:00
2007-03-12,KRW=X,932.02002,yahoo,KRW,2026-06-05T09:03:38.313619+00:00
2007-03-13,KRW=X,932.289978,yahoo,KRW,2026-06-05T09:03:38.313619+00:00
2007-03-14,KRW=X,935.76001,yahoo,KRW,2026-06-05T09:03:38.313619+00:00
2007-03-15,KRW=X,929.0,yahoo,KRW,2026-06-05T09:03:38.313619+00:00
2007-03-16,KRW=X,933.650024,yahoo,KRW,2026-06-05T09:03:38.313619+00:00
2007-03-19,KRW=X,931.929993,yahoo,KRW,2026-06-05T09:03:38.313619+00:00
2007-03-20,KRW=X,927.27002,yahoo,KRW,2026-06-05T09:03:38.313619+00:00
2007-03-21,KRW=X,920.47998,yahoo,KRW,2026-06-05T09:03:38.313619+00:00
2007-03-22,KRW=X,929.309998,yahoo,KRW,2026-06-05T09:03:38.313619+00:00
2007-03-23,KRW=X,927.409973,yahoo,KRW,2026-06-05T09:03:38.313619+00:00
2007-03-25,KRW=X,926.830017,yahoo,KRW,2026-06-05T09:03:38.313619+00:00
2007-03-26,KRW=X,927.0,yahoo,KRW,2026-06-05T09:03:38.313619+00:00
2007-03-27,KRW=X,930.400024,yahoo,KRW,2026-06-05T09:03:38.313619+00:00
2007-03-28,KRW=X,928.52002,yahoo,KRW,2026-06-05T09:03:38.313619+00:00
2007-03-29,KRW=X,932.359985,yahoo,KRW,2026-06-05T09:03:38.313619+00:00
2007-04-01,KRW=X,925.609985,yahoo,KRW,2026-06-05T09:03:38.313619+00:00
2007-04-02,KRW=X,928.98999,yahoo,KRW,2026-06-05T09:03:38.313619+00:00
2007-04-03,KRW=X,922.710022,yahoo,KRW,2026-06-05T09:03:38.313619+00:00
2007-04-04,KRW=X,921.52002,yahoo,KRW,2026-06-05T09:03:38.313619+00:00
2007-04-05,KRW=X,923.580017,yahoo,KRW,2026-06-05T09:03:38.313619+00:00
2007-04-08,KRW=X,926.72998,yahoo,KRW,2026-06-05T09:03:38.313619+00:00
2007-04-09,KRW=X,922.289978,yahoo,KRW,2026-06-05T09:03:38.313619+00:00
2007-04-10,KRW=X,921.039978,yahoo,KRW,2026-06-05T09:03:38.313619+00:00
2007-04-11,KRW=X,918.859985,yahoo,KRW,2026-06-05T09:03:38.313619+00:00
2007-04-12,KRW=X,918.26001,yahoo,KRW,2026-06-05T09:03:38.313619+00:00
2007-04-15,KRW=X,921.679993,yahoo,KRW,2026-06-05T09:03:38.313619+00:00
2007-04-16,KRW=X,919.679993,yahoo,KRW,2026-06-05T09:03:38.313619+00:00
2007-04-17,KRW=X,916.070007,yahoo,KRW,2026-06-05T09:03:38.313619+00:00
2007-04-18,KRW=X,926.26001,yahoo,KRW,2026-06-05T09:03:38.313619+00:00
2007-04-19,KRW=X,927.299988,yahoo,KRW,2026-06-05T09:03:38.313619+00:00
2007-04-22,KRW=X,925.01001,yahoo,KRW,2026-06-05T09:03:38.313619+00:00
2007-04-23,KRW=X,925.169983,yahoo,KRW,2026-06-05T09:03:38.313619+00:00
2007-04-24,KRW=X,926.140015,yahoo,KRW,2026-06-05T09:03:38.313619+00:00
2007-04-25,KRW=X,927.630005,yahoo,KRW,2026-06-05T09:03:38.313619+00:00
2007-04-26,KRW=X,926.159973,yahoo,KRW,2026-06-05T09:03:38.313619+00:00
2007-04-29,KRW=X,930.549988,yahoo,KRW,2026-06-05T09:03:38.313619+00:00
2007-04-30,KRW=X,891.619995,yahoo,KRW,2026-06-05T09:03:38.313619+00:00
2007-05-01,KRW=X,929.830017,yahoo,KRW,2026-06-05T09:03:38.313619+00:00
2007-05-02,KRW=X,926.609985,yahoo,KRW,2026-06-05T09:03:38.313619+00:00
2007-05-03,KRW=X,926.669983,yahoo,KRW,2026-06-05T09:03:38.313619+00:00
2007-05-06,KRW=X,922.469971,yahoo,KRW,2026-06-05T09:03:38.313619+00:00
2007-05-07,KRW=X,921.299988,yahoo,KRW,2026-06-05T09:03:38.313619+00:00
2007-05-08,KRW=X,924.219971,yahoo,KRW,2026-06-05T09:03:38.313619+00:00
2007-05-09,KRW=X,926.059998,yahoo,KRW,2026-06-05T09:03:38.313619+00:00
2007-05-10,KRW=X,925.679993,yahoo,KRW,2026-06-05T09:03:38.313619+00:00
2007-05-13,KRW=X,923.409973,yahoo,KRW,2026-06-05T09:03:38.313619+00:00
2007-05-14,KRW=X,923.76001,yahoo,KRW,2026-06-05T09:03:38.313619+00:00
2007-05-15,KRW=X,922.969971,yahoo,KRW,2026-06-05T09:03:38.313619+00:00
2007-05-16,KRW=X,890.419983,yahoo,KRW,2026-06-05T09:03:38.313619+00:00
2007-05-17,KRW=X,932.75,yahoo,KRW,2026-06-05T09:03:38.313619+00:00
2007-05-20,KRW=X,928.349976,yahoo,KRW,2026-06-05T09:03:38.313619+00:00
2007-05-21,KRW=X,929.719971,yahoo,KRW,2026-06-05T09:03:38.313619+00:00
2007-05-22,KRW=X,931.409973,yahoo,KRW,2026-06-05T09:03:38.313619+00:00
2007-05-23,KRW=X,931.409973,yahoo,KRW,2026-06-05T09:03:38.313619+00:00
2007-05-24,KRW=X,927.27002,yahoo,KRW,2026-06-05T09:03:38.313619+00:00
2007-05-27,KRW=X,912.099976,yahoo,KRW,2026-06-05T09:03:38.313619+00:00
2007-05-28,KRW=X,931.409973,yahoo,KRW,2026-06-05T09:03:38.313619+00:00
2007-05-29,KRW=X,931.409973,yahoo,KRW,2026-06-05T09:03:38.313619+00:00
2007-05-30,KRW=X,931.409973,yahoo,KRW,2026-06-05T09:03:38.313619+00:00
2007-05-31,KRW=X,927.51001,yahoo,KRW,2026-06-05T09:03:38.313619+00:00
2007-06-03,KRW=X,931.409973,yahoo,KRW,2026-06-05T09:03:38.313619+00:00
2007-06-04,KRW=X,926.030029,yahoo,KRW,2026-06-05T09:03:38.313619+00:00
2007-06-05,KRW=X,931.409973,yahoo,KRW,2026-06-05T09:03:38.313619+00:00
2007-06-06,KRW=X,927.840027,yahoo,KRW,2026-06-05T09:03:38.313619+00:00
2007-06-07,KRW=X,929.840027,yahoo,KRW,2026-06-05T09:03:38.313619+00:00
2007-06-10,KRW=X,931.409973,yahoo,KRW,2026-06-05T09:03:38.313619+00:00
2007-06-11,KRW=X,931.409973,yahoo,KRW,2026-06-05T09:03:38.313619+00:00
2007-06-12,KRW=X,931.409973,yahoo,KRW,2026-06-05T09:03:38.313619+00:00
2007-06-13,KRW=X,931.409973,yahoo,KRW,2026-06-05T09:03:38.313619+00:00
2007-06-14,KRW=X,926.429993,yahoo,KRW,2026-06-05T09:03:38.313619+00:00
2007-06-17,KRW=X,931.409973,yahoo,KRW,2026-06-05T09:03:38.313619+00:00
2007-06-18,KRW=X,926.01001,yahoo,KRW,2026-06-05T09:03:38.313619+00:00
2007-06-19,KRW=X,931.409973,yahoo,KRW,2026-06-05T09:03:38.313619+00:00
2007-06-20,KRW=X,926.640015,yahoo,KRW,2026-06-05T09:03:38.313619+00:00
2007-06-21,KRW=X,924.919983,yahoo,KRW,2026-06-05T09:03:38.313619+00:00
2007-06-24,KRW=X,931.409973,yahoo,KRW,2026-06-05T09:03:38.313619+00:00
2007-06-25,KRW=X,931.409973,yahoo,KRW,2026-06-05T09:03:38.313619+00:00
2007-06-26,KRW=X,925.159973,yahoo,KRW,2026-06-05T09:03:38.313619+00:00
2007-06-27,KRW=X,931.409973,yahoo,KRW,2026-06-05T09:03:38.313619+00:00
2007-06-28,KRW=X,921.559998,yahoo,KRW,2026-06-05T09:03:38.313619+00:00
2007-07-01,KRW=X,920.02002,yahoo,KRW,2026-06-05T09:03:38.313619+00:00
2007-07-02,KRW=X,917.26001,yahoo,KRW,2026-06-05T09:03:38.313619+00:00
2007-07-03,KRW=X,919.169983,yahoo,KRW,2026-06-05T09:03:38.313619+00:00
2007-07-04,KRW=X,920.539978,yahoo,KRW,2026-06-05T09:03:38.313619+00:00
2007-07-05,KRW=X,918.22998,yahoo,KRW,2026-06-05T09:03:38.313619+00:00
2007-07-08,KRW=X,919.830017,yahoo,KRW,2026-06-05T09:03:38.313619+00:00
2007-07-09,KRW=X,915.849976,yahoo,KRW,2026-06-05T09:03:38.313619+00:00
2007-07-10,KRW=X,918.320007,yahoo,KRW,2026-06-05T09:03:38.313619+00:00
2007-07-11,KRW=X,916.330017,yahoo,KRW,2026-06-05T09:03:38.313619+00:00
2007-07-12,KRW=X,916.299988,yahoo,KRW,2026-06-05T09:03:38.313619+00:00
2007-07-15,KRW=X,917.609985,yahoo,KRW,2026-06-05T09:03:38.313619+00:00
2007-07-16,KRW=X,916.780029,yahoo,KRW,2026-06-05T09:03:38.313619+00:00
2007-07-17,KRW=X,915.450012,yahoo,KRW,2026-06-05T09:03:38.313619+00:00
2007-07-18,KRW=X,915.710022,yahoo,KRW,2026-06-05T09:03:38.313619+00:00
2007-07-19,KRW=X,914.049988,yahoo,KRW,2026-06-05T09:03:38.313619+00:00
2007-07-22,KRW=X,915.210022,yahoo,KRW,2026-06-05T09:03:38.313619+00:00
2007-07-23,KRW=X,912.969971,yahoo,KRW,2026-06-05T09:03:38.313619+00:00
2007-07-24,KRW=X,911.909973,yahoo,KRW,2026-06-05T09:03:38.313619+00:00
2007-07-25,KRW=X,916.01001,yahoo,KRW,2026-06-05T09:03:38.313619+00:00
2007-07-26,KRW=X,921.409973,yahoo,KRW,2026-06-05T09:03:38.313619+00:00
2007-07-29,KRW=X,920.299988,yahoo,KRW,2026-06-05T09:03:38.313619+00:00
2007-07-30,KRW=X,920.440002,yahoo,KRW,2026-06-05T09:03:38.313619+00:00
2007-07-31,KRW=X,931.409973,yahoo,KRW,2026-06-05T09:03:38.313619+00:00
2007-08-01,KRW=X,920.780029,yahoo,KRW,2026-06-05T09:03:38.313619+00:00
2007-08-02,KRW=X,921.859985,yahoo,KRW,2026-06-05T09:03:38.313619+00:00
2007-08-05,KRW=X,922.090027,yahoo,KRW,2026-06-05T09:03:38.313619+00:00
2007-08-06,KRW=X,922.130005,yahoo,KRW,2026-06-05T09:03:38.313619+00:00
2007-08-07,KRW=X,923.530029,yahoo,KRW,2026-06-05T09:03:38.313619+00:00
2007-08-08,KRW=X,923.469971,yahoo,KRW,2026-06-05T09:03:38.313619+00:00
2007-08-09,KRW=X,930.650024,yahoo,KRW,2026-06-05T09:03:38.313619+00:00
2007-08-12,KRW=X,929.280029,yahoo,KRW,2026-06-05T09:03:38.313619+00:00
2007-08-13,KRW=X,934.340027,yahoo,KRW,2026-06-05T09:03:38.313619+00:00
2007-08-14,KRW=X,931.409973,yahoo,KRW,2026-06-05T09:03:38.313619+00:00
2007-08-15,KRW=X,943.869995,yahoo,KRW,2026-06-05T09:03:38.313619+00:00
2007-08-16,KRW=X,949.409973,yahoo,KRW,2026-06-05T09:03:38.313619+00:00
2007-08-19,KRW=X,941.679993,yahoo,KRW,2026-06-05T09:03:38.313619+00:00
2007-08-20,KRW=X,944.359985,yahoo,KRW,2026-06-05T09:03:38.313619+00:00
2007-08-21,KRW=X,941.97998,yahoo,KRW,2026-06-05T09:03:38.313619+00:00
2007-08-22,KRW=X,941.080017,yahoo,KRW,2026-06-05T09:03:38.313619+00:00
2007-08-23,KRW=X,939.090027,yahoo,KRW,2026-06-05T09:03:38.313619+00:00
2007-08-26,KRW=X,938.049988,yahoo,KRW,2026-06-05T09:03:38.313619+00:00
2007-08-27,KRW=X,940.289978,yahoo,KRW,2026-06-05T09:03:38.313619+00:00
2007-08-28,KRW=X,940.650024,yahoo,KRW,2026-06-05T09:03:38.313619+00:00
2007-08-29,KRW=X,939.780029,yahoo,KRW,2026-06-05T09:03:38.313619+00:00
2007-08-30,KRW=X,937.099976,yahoo,KRW,2026-06-05T09:03:38.313619+00:00
2007-09-02,KRW=X,931.409973,yahoo,KRW,2026-06-05T09:03:38.313619+00:00
2007-09-03,KRW=X,937.309998,yahoo,KRW,2026-06-05T09:03:38.313619+00:00
2007-09-04,KRW=X,937.890015,yahoo,KRW,2026-06-05T09:03:38.313619+00:00
2007-09-05,KRW=X,938.179993,yahoo,KRW,2026-06-05T09:03:38.313619+00:00
2007-09-06,KRW=X,936.969971,yahoo,KRW,2026-06-05T09:03:38.313619+00:00
2007-09-10,KRW=X,931.409973,yahoo,KRW,2026-06-05T09:03:38.313619+00:00
2007-09-11,KRW=X,931.409973,yahoo,KRW,2026-06-05T09:03:38.313619+00:00
2007-09-12,KRW=X,931.409973,yahoo,KRW,2026-06-05T09:03:38.313619+00:00
2007-09-13,KRW=X,925.460022,yahoo,KRW,2026-06-05T09:03:38.313619+00:00
2007-09-16,KRW=X,931.409973,yahoo,KRW,2026-06-05T09:03:38.313619+00:00
2007-09-17,KRW=X,922.409973,yahoo,KRW,2026-06-05T09:03:38.313619+00:00
2007-09-18,KRW=X,924.27002,yahoo,KRW,2026-06-05T09:03:38.313619+00:00
2007-09-19,KRW=X,922.900024,yahoo,KRW,2026-06-05T09:03:38.313619+00:00
2007-09-20,KRW=X,919.090027,yahoo,KRW,2026-06-05T09:03:38.313619+00:00
2007-09-23,KRW=X,920.590027,yahoo,KRW,2026-06-05T09:03:38.313619+00:00
2007-09-24,KRW=X,918.669983,yahoo,KRW,2026-06-05T09:03:38.313619+00:00
2007-09-25,KRW=X,919.5,yahoo,KRW,2026-06-05T09:03:38.313619+00:00
2007-09-26,KRW=X,918.309998,yahoo,KRW,2026-06-05T09:03:38.313619+00:00
2007-09-27,KRW=X,911.390015,yahoo,KRW,2026-06-05T09:03:38.313619+00:00
2007-09-30,KRW=X,912.25,yahoo,KRW,2026-06-05T09:03:38.313619+00:00
2007-10-01,KRW=X,913.47998,yahoo,KRW,2026-06-05T09:03:38.313619+00:00
2007-10-02,KRW=X,899.359985,yahoo,KRW,2026-06-05T09:03:38.313619+00:00
2007-10-03,KRW=X,915.309998,yahoo,KRW,2026-06-05T09:03:38.313619+00:00
2007-10-04,KRW=X,916.599976,yahoo,KRW,2026-06-05T09:03:38.313619+00:00
2007-10-07,KRW=X,914.01001,yahoo,KRW,2026-06-05T09:03:38.313619+00:00
2007-10-08,KRW=X,916.77002,yahoo,KRW,2026-06-05T09:03:38.313619+00:00
2007-10-09,KRW=X,915.929993,yahoo,KRW,2026-06-05T09:03:38.313619+00:00
2007-10-10,KRW=X,917.530029,yahoo,KRW,2026-06-05T09:03:38.313619+00:00
2007-10-11,KRW=X,915.599976,yahoo,KRW,2026-06-05T09:03:38.313619+00:00
2007-10-14,KRW=X,917.109985,yahoo,KRW,2026-06-05T09:03:38.313619+00:00
2007-10-15,KRW=X,915.419983,yahoo,KRW,2026-06-05T09:03:38.313619+00:00
2007-10-16,KRW=X,916.809998,yahoo,KRW,2026-06-05T09:03:38.313619+00:00
2007-10-17,KRW=X,916.52002,yahoo,KRW,2026-06-05T09:03:38.313619+00:00
2007-10-18,KRW=X,912.780029,yahoo,KRW,2026-06-05T09:03:38.313619+00:00
2007-10-21,KRW=X,913.140015,yahoo,KRW,2026-06-05T09:03:38.313619+00:00
2007-10-22,KRW=X,916.25,yahoo,KRW,2026-06-05T09:03:38.313619+00:00
2007-10-23,KRW=X,915.030029,yahoo,KRW,2026-06-05T09:03:38.313619+00:00
2007-10-24,KRW=X,913.809998,yahoo,KRW,2026-06-05T09:03:38.313619+00:00
2007-10-25,KRW=X,908.169983,yahoo,KRW,2026-06-05T09:03:38.313619+00:00
2007-10-29,KRW=X,905.640015,yahoo,KRW,2026-06-05T09:03:38.313619+00:00
2007-10-30,KRW=X,904.890015,yahoo,KRW,2026-06-05T09:03:38.313619+00:00
2007-10-31,KRW=X,898.690002,yahoo,KRW,2026-06-05T09:03:38.313619+00:00
2007-11-01,KRW=X,904.72998,yahoo,KRW,2026-06-05T09:03:38.313619+00:00
2007-11-02,KRW=X,908.030029,yahoo,KRW,2026-06-05T09:03:38.313619+00:00
2007-11-05,KRW=X,906.51001,yahoo,KRW,2026-06-05T09:03:38.313619+00:00
2007-11-06,KRW=X,906.380005,yahoo,KRW,2026-06-05T09:03:38.313619+00:00
2007-11-07,KRW=X,907.650024,yahoo,KRW,2026-06-05T09:03:38.313619+00:00
2007-11-08,KRW=X,907.159973,yahoo,KRW,2026-06-05T09:03:38.313619+00:00
2007-11-09,KRW=X,905.02002,yahoo,KRW,2026-06-05T09:03:38.313619+00:00
2007-11-12,KRW=X,911.51001,yahoo,KRW,2026-06-05T09:03:38.313619+00:00
2007-11-13,KRW=X,916.030029,yahoo,KRW,2026-06-05T09:03:38.313619+00:00
2007-11-14,KRW=X,913.960022,yahoo,KRW,2026-06-05T09:03:38.313619+00:00
2007-11-15,KRW=X,915.599976,yahoo,KRW,2026-06-05T09:03:38.313619+00:00
2007-11-16,KRW=X,917.669983,yahoo,KRW,2026-06-05T09:03:38.313619+00:00
2007-11-19,KRW=X,917.570007,yahoo,KRW,2026-06-05T09:03:38.313619+00:00
2007-11-20,KRW=X,918.200012,yahoo,KRW,2026-06-05T09:03:38.313619+00:00
2007-11-21,KRW=X,931.409973,yahoo,KRW,2026-06-05T09:03:38.313619+00:00
2007-11-22,KRW=X,932.030029,yahoo,KRW,2026-06-05T09:03:38.313619+00:00
2007-11-23,KRW=X,931.320007,yahoo,KRW,2026-06-05T09:03:38.313619+00:00
2007-11-27,KRW=X,931.409973,yahoo,KRW,2026-06-05T09:03:38.313619+00:00
2007-11-28,KRW=X,931.409973,yahoo,KRW,2026-06-05T09:03:38.313619+00:00
2007-11-29,KRW=X,928.179993,yahoo,KRW,2026-06-05T09:03:38.313619+00:00
2007-11-30,KRW=X,919.47998,yahoo,KRW,2026-06-05T09:03:38.313619+00:00
2007-12-03,KRW=X,931.409973,yahoo,KRW,2026-06-05T09:03:38.313619+00:00
2007-12-04,KRW=X,921.140015,yahoo,KRW,2026-06-05T09:03:38.313619+00:00
2007-12-05,KRW=X,931.409973,yahoo,KRW,2026-06-05T09:03:38.313619+00:00
2007-12-06,KRW=X,919.909973,yahoo,KRW,2026-06-05T09:03:38.313619+00:00
2007-12-07,KRW=X,918.539978,yahoo,KRW,2026-06-05T09:03:38.313619+00:00
2007-12-10,KRW=X,922.820007,yahoo,KRW,2026-06-05T09:03:38.313619+00:00
2007-12-11,KRW=X,925.380005,yahoo,KRW,2026-06-05T09:03:38.313619+00:00
2007-12-12,KRW=X,924.640015,yahoo,KRW,2026-06-05T09:03:38.313619+00:00
2007-12-13,KRW=X,921.340027,yahoo,KRW,2026-06-05T09:03:38.313619+00:00
2007-12-14,KRW=X,928.590027,yahoo,KRW,2026-06-05T09:03:38.313619+00:00
2007-12-17,KRW=X,929.690002,yahoo,KRW,2026-06-05T09:03:38.313619+00:00
2007-12-19,KRW=X,935.679993,yahoo,KRW,2026-06-05T09:03:38.313619+00:00
2007-12-20,KRW=X,943.179993,yahoo,KRW,2026-06-05T09:03:38.313619+00:00
2007-12-21,KRW=X,937.679993,yahoo,KRW,2026-06-05T09:03:38.313619+00:00
2007-12-24,KRW=X,921.890015,yahoo,KRW,2026-06-05T09:03:38.313619+00:00
2007-12-25,KRW=X,937.090027,yahoo,KRW,2026-06-05T09:03:38.313619+00:00
2007-12-26,KRW=X,931.200012,yahoo,KRW,2026-06-05T09:03:38.313619+00:00
2007-12-27,KRW=X,938.700012,yahoo,KRW,2026-06-05T09:03:38.313619+00:00
2007-12-28,KRW=X,935.070007,yahoo,KRW,2026-06-05T09:03:38.313619+00:00
2007-12-31,KRW=X,926.359985,yahoo,KRW,2026-06-05T09:03:38.313619+00:00
2008-01-01,KRW=X,941.119995,yahoo,KRW,2026-06-05T09:03:38.313619+00:00
2008-01-02,KRW=X,937.119995,yahoo,KRW,2026-06-05T09:03:38.313619+00:00
2008-01-03,KRW=X,935.150024,yahoo,KRW,2026-06-05T09:03:38.313619+00:00
2008-01-04,KRW=X,939.530029,yahoo,KRW,2026-06-05T09:03:38.313619+00:00
2008-01-07,KRW=X,939.27002,yahoo,KRW,2026-06-05T09:03:38.313619+00:00
2008-01-08,KRW=X,938.890015,yahoo,KRW,2026-06-05T09:03:38.313619+00:00
2008-01-09,KRW=X,936.710022,yahoo,KRW,2026-06-05T09:03:38.313619+00:00
2008-01-10,KRW=X,932.77002,yahoo,KRW,2026-06-05T09:03:38.313619+00:00
2008-01-11,KRW=X,936.830017,yahoo,KRW,2026-06-05T09:03:38.313619+00:00
2008-01-14,KRW=X,936.840027,yahoo,KRW,2026-06-05T09:03:38.313619+00:00
2008-01-15,KRW=X,937.01001,yahoo,KRW,2026-06-05T09:03:38.313619+00:00
2008-01-16,KRW=X,937.830017,yahoo,KRW,2026-06-05T09:03:38.313619+00:00
2008-01-17,KRW=X,947.440002,yahoo,KRW,2026-06-05T09:03:38.313619+00:00
2008-01-18,KRW=X,941.76001,yahoo,KRW,2026-06-05T09:03:38.313619+00:00
2008-01-21,KRW=X,949.02002,yahoo,KRW,2026-06-05T09:03:38.313619+00:00
2008-01-22,KRW=X,950.289978,yahoo,KRW,2026-06-05T09:03:38.313619+00:00
2008-01-23,KRW=X,947.97998,yahoo,KRW,2026-06-05T09:03:38.313619+00:00
2008-01-24,KRW=X,946.02002,yahoo,KRW,2026-06-05T09:03:38.313619+00:00
2008-01-25,KRW=X,945.5,yahoo,KRW,2026-06-05T09:03:38.313619+00:00
2008-01-28,KRW=X,949.169983,yahoo,KRW,2026-06-05T09:03:38.313619+00:00
2008-01-29,KRW=X,942.929993,yahoo,KRW,2026-06-05T09:03:38.313619+00:00
2008-01-30,KRW=X,940.640015,yahoo,KRW,2026-06-05T09:03:38.313619+00:00
2008-01-31,KRW=X,941.219971,yahoo,KRW,2026-06-05T09:03:38.313619+00:00
2008-02-01,KRW=X,946.460022,yahoo,KRW,2026-06-05T09:03:38.313619+00:00
2008-02-04,KRW=X,942.169983,yahoo,KRW,2026-06-05T09:03:38.313619+00:00
2008-02-05,KRW=X,943.059998,yahoo,KRW,2026-06-05T09:03:38.313619+00:00
2008-02-06,KRW=X,942.320007,yahoo,KRW,2026-06-05T09:03:38.313619+00:00
2008-02-07,KRW=X,941.840027,yahoo,KRW,2026-06-05T09:03:38.313619+00:00
2008-02-08,KRW=X,940.570007,yahoo,KRW,2026-06-05T09:03:38.313619+00:00
2008-02-11,KRW=X,944.47998,yahoo,KRW,2026-06-05T09:03:38.313619+00:00
2008-02-12,KRW=X,945.289978,yahoo,KRW,2026-06-05T09:03:38.313619+00:00
2008-02-13,KRW=X,945.52002,yahoo,KRW,2026-06-05T09:03:38.313619+00:00
2008-02-14,KRW=X,943.820007,yahoo,KRW,2026-06-05T09:03:38.313619+00:00
2008-02-15,KRW=X,943.77002,yahoo,KRW,2026-06-05T09:03:38.313619+00:00
2008-02-18,KRW=X,944.359985,yahoo,KRW,2026-06-05T09:03:38.313619+00:00
2008-02-19,KRW=X,943.609985,yahoo,KRW,2026-06-05T09:03:38.313619+00:00
2008-02-20,KRW=X,941.679993,yahoo,KRW,2026-06-05T09:03:38.313619+00:00
2008-02-21,KRW=X,947.309998,yahoo,KRW,2026-06-05T09:03:38.313619+00:00
2008-02-22,KRW=X,947.349976,yahoo,KRW,2026-06-05T09:03:38.313619+00:00
2008-02-25,KRW=X,945.450012,yahoo,KRW,2026-06-05T09:03:38.313619+00:00
2008-02-26,KRW=X,939.409973,yahoo,KRW,2026-06-05T09:03:38.313619+00:00
2008-02-27,KRW=X,941.080017,yahoo,KRW,2026-06-05T09:03:38.313619+00:00
2008-02-28,KRW=X,934.039978,yahoo,KRW,2026-06-05T09:03:38.313619+00:00
2008-02-29,KRW=X,937.840027,yahoo,KRW,2026-06-05T09:03:38.313619+00:00
2008-03-03,KRW=X,945.47998,yahoo,KRW,2026-06-05T09:03:38.313619+00:00
2008-03-04,KRW=X,946.23999,yahoo,KRW,2026-06-05T09:03:38.313619+00:00
2008-03-05,KRW=X,947.549988,yahoo,KRW,2026-06-05T09:03:38.313619+00:00
2008-03-06,KRW=X,947.070007,yahoo,KRW,2026-06-05T09:03:38.313619+00:00
2008-03-07,KRW=X,955.469971,yahoo,KRW,2026-06-05T09:03:38.313619+00:00
2008-03-10,KRW=X,964.73999,yahoo,KRW,2026-06-05T09:03:38.313619+00:00
2008-03-11,KRW=X,969.039978,yahoo,KRW,2026-06-05T09:03:38.313619+00:00
2008-03-12,KRW=X,967.049988,yahoo,KRW,2026-06-05T09:03:38.313619+00:00
2008-03-13,KRW=X,979.5,yahoo,KRW,2026-06-05T09:03:38.313619+00:00
2008-03-14,KRW=X,996.219971,yahoo,KRW,2026-06-05T09:03:38.313619+00:00
2008-03-17,KRW=X,987.98999,yahoo,KRW,2026-06-05T09:03:38.313619+00:00
2008-03-18,KRW=X,1017.400024,yahoo,KRW,2026-06-05T09:03:38.313619+00:00
2008-03-19,KRW=X,1010.299988,yahoo,KRW,2026-06-05T09:03:38.313619+00:00
2008-03-20,KRW=X,1008.099976,yahoo,KRW,2026-06-05T09:03:38.313619+00:00
2008-03-21,KRW=X,978.140015,yahoo,KRW,2026-06-05T09:03:38.313619+00:00
2008-03-24,KRW=X,1008.400024,yahoo,KRW,2026-06-05T09:03:38.313619+00:00
2008-03-25,KRW=X,974.919983,yahoo,KRW,2026-06-05T09:03:38.313619+00:00
2008-03-26,KRW=X,982.309998,yahoo,KRW,2026-06-05T09:03:38.313619+00:00
2008-03-27,KRW=X,985.640015,yahoo,KRW,2026-06-05T09:03:38.313619+00:00
2008-03-28,KRW=X,991.890015,yahoo,KRW,2026-06-05T09:03:38.313619+00:00
2008-03-30,KRW=X,992.280029,yahoo,KRW,2026-06-05T09:03:38.313619+00:00
2008-04-01,KRW=X,970.099976,yahoo,KRW,2026-06-05T09:03:38.313619+00:00
2008-04-02,KRW=X,974.530029,yahoo,KRW,2026-06-05T09:03:38.313619+00:00
2008-04-03,KRW=X,972.869995,yahoo,KRW,2026-06-05T09:03:38.313619+00:00
2008-04-06,KRW=X,974.549988,yahoo,KRW,2026-06-05T09:03:38.313619+00:00
2008-04-07,KRW=X,975.75,yahoo,KRW,2026-06-05T09:03:38.313619+00:00
2008-04-08,KRW=X,974.210022,yahoo,KRW,2026-06-05T09:03:38.313619+00:00
2008-04-09,KRW=X,975.75,yahoo,KRW,2026-06-05T09:03:38.313619+00:00
2008-04-10,KRW=X,973.289978,yahoo,KRW,2026-06-05T09:03:38.313619+00:00
2008-04-13,KRW=X,979.01001,yahoo,KRW,2026-06-05T09:03:38.313619+00:00
2008-04-14,KRW=X,986.72998,yahoo,KRW,2026-06-05T09:03:38.313619+00:00
2008-04-15,KRW=X,989.599976,yahoo,KRW,2026-06-05T09:03:38.313619+00:00
2008-04-16,KRW=X,992.299988,yahoo,KRW,2026-06-05T09:03:38.313619+00:00
2008-04-17,KRW=X,1000.200012,yahoo,KRW,2026-06-05T09:03:38.313619+00:00
2008-04-20,KRW=X,995.159973,yahoo,KRW,2026-06-05T09:03:38.313619+00:00
2008-04-21,KRW=X,997.469971,yahoo,KRW,2026-06-05T09:03:38.313619+00:00
2008-04-22,KRW=X,991.320007,yahoo,KRW,2026-06-05T09:03:38.313619+00:00
2008-04-23,KRW=X,994.52002,yahoo,KRW,2026-06-05T09:03:38.313619+00:00
2008-04-24,KRW=X,995.0,yahoo,KRW,2026-06-05T09:03:38.313619+00:00
2008-04-27,KRW=X,994.98999,yahoo,KRW,2026-06-05T09:03:38.313619+00:00
2008-04-28,KRW=X,1004.0,yahoo,KRW,2026-06-05T09:03:38.313619+00:00
2008-04-29,KRW=X,1002.400024,yahoo,KRW,2026-06-05T09:03:38.313619+00:00
2008-05-01,KRW=X,1008.400024,yahoo,KRW,2026-06-05T09:03:38.313619+00:00
2008-05-04,KRW=X,1006.5,yahoo,KRW,2026-06-05T09:03:38.313619+00:00
2008-05-05,KRW=X,1015.400024,yahoo,KRW,2026-06-05T09:03:38.313619+00:00
2008-05-06,KRW=X,1028.5,yahoo,KRW,2026-06-05T09:03:38.313619+00:00
2008-05-07,KRW=X,1040.400024,yahoo,KRW,2026-06-05T09:03:38.313619+00:00
2008-05-08,KRW=X,1041.099976,yahoo,KRW,2026-06-05T09:03:38.313619+00:00
2008-05-11,KRW=X,1037.800049,yahoo,KRW,2026-06-05T09:03:38.313619+00:00
2008-05-12,KRW=X,1048.699951,yahoo,KRW,2026-06-05T09:03:38.313619+00:00
2008-05-13,KRW=X,1046.800049,yahoo,KRW,2026-06-05T09:03:38.313619+00:00
2008-05-14,KRW=X,1046.0,yahoo,KRW,2026-06-05T09:03:38.313619+00:00
2008-05-15,KRW=X,1036.099976,yahoo,KRW,2026-06-05T09:03:38.313619+00:00
2008-05-18,KRW=X,1039.800049,yahoo,KRW,2026-06-05T09:03:38.313619+00:00
2008-05-19,KRW=X,1047.599976,yahoo,KRW,2026-06-05T09:03:38.313619+00:00
2008-05-20,KRW=X,1039.0,yahoo,KRW,2026-06-05T09:03:38.313619+00:00
2008-05-21,KRW=X,1041.599976,yahoo,KRW,2026-06-05T09:03:38.313619+00:00
2008-05-22,KRW=X,1045.0,yahoo,KRW,2026-06-05T09:03:38.313619+00:00
2008-05-25,KRW=X,1047.5,yahoo,KRW,2026-06-05T09:03:38.313619+00:00
2008-05-26,KRW=X,1044.199951,yahoo,KRW,2026-06-05T09:03:38.313619+00:00
2008-05-27,KRW=X,1031.199951,yahoo,KRW,2026-06-05T09:03:38.313619+00:00
2008-05-28,KRW=X,1031.099976,yahoo,KRW,2026-06-05T09:03:38.313619+00:00
2008-05-29,KRW=X,1029.099976,yahoo,KRW,2026-06-05T09:03:38.313619+00:00
2008-06-01,KRW=X,1021.700012,yahoo,KRW,2026-06-05T09:03:38.313619+00:00
2008-06-02,KRW=X,1016.400024,yahoo,KRW,2026-06-05T09:03:38.313619+00:00
2008-06-03,KRW=X,1019.599976,yahoo,KRW,2026-06-05T09:03:38.313619+00:00
2008-06-04,KRW=X,1020.599976,yahoo,KRW,2026-06-05T09:03:38.313619+00:00
2008-06-05,KRW=X,1026.300049,yahoo,KRW,2026-06-05T09:03:38.313619+00:00
2008-06-08,KRW=X,1036.5,yahoo,KRW,2026-06-05T09:03:38.313619+00:00
2008-06-09,KRW=X,1027.300049,yahoo,KRW,2026-06-05T09:03:38.313619+00:00
2008-06-10,KRW=X,1030.099976,yahoo,KRW,2026-06-05T09:03:38.313619+00:00
2008-06-11,KRW=X,1029.400024,yahoo,KRW,2026-06-05T09:03:38.313619+00:00
2008-06-12,KRW=X,1043.199951,yahoo,KRW,2026-06-05T09:03:38.313619+00:00
2008-06-15,KRW=X,1037.800049,yahoo,KRW,2026-06-05T09:03:38.313619+00:00
2008-06-16,KRW=X,1020.700012,yahoo,KRW,2026-06-05T09:03:38.313619+00:00
2008-06-17,KRW=X,1026.0,yahoo,KRW,2026-06-05T09:03:38.313619+00:00
2008-06-18,KRW=X,1027.0,yahoo,KRW,2026-06-05T09:03:38.313619+00:00
2008-06-19,KRW=X,1030.699951,yahoo,KRW,2026-06-05T09:03:38.313619+00:00
2008-06-22,KRW=X,1034.0,yahoo,KRW,2026-06-05T09:03:38.313619+00:00
2008-06-23,KRW=X,1033.300049,yahoo,KRW,2026-06-05T09:03:38.313619+00:00
2008-06-24,KRW=X,1026.699951,yahoo,KRW,2026-06-05T09:03:38.313619+00:00
2008-06-25,KRW=X,1039.400024,yahoo,KRW,2026-06-05T09:03:38.313619+00:00
2008-06-26,KRW=X,1041.099976,yahoo,KRW,2026-06-05T09:03:38.313619+00:00
2008-06-29,KRW=X,1046.0,yahoo,KRW,2026-06-05T09:03:38.313619+00:00
2008-07-01,KRW=X,1035.5,yahoo,KRW,2026-06-05T09:03:38.313619+00:00
2008-07-02,KRW=X,1042.800049,yahoo,KRW,2026-06-05T09:03:38.313619+00:00
2008-07-03,KRW=X,1047.699951,yahoo,KRW,2026-06-05T09:03:38.313619+00:00
2008-07-06,KRW=X,1039.300049,yahoo,KRW,2026-06-05T09:03:38.313619+00:00
2008-07-07,KRW=X,1025.0,yahoo,KRW,2026-06-05T09:03:38.313619+00:00
2008-07-08,KRW=X,999.210022,yahoo,KRW,2026-06-05T09:03:38.313619+00:00
2008-07-09,KRW=X,996.530029,yahoo,KRW,2026-06-05T09:03:38.313619+00:00
2008-07-10,KRW=X,996.419983,yahoo,KRW,2026-06-05T09:03:38.313619+00:00
2008-07-13,KRW=X,1004.299988,yahoo,KRW,2026-06-05T09:03:38.313619+00:00
2008-07-14,KRW=X,1007.099976,yahoo,KRW,2026-06-05T09:03:38.313619+00:00
2008-07-15,KRW=X,1007.700012,yahoo,KRW,2026-06-05T09:03:38.313619+00:00
2008-07-16,KRW=X,1010.799988,yahoo,KRW,2026-06-05T09:03:38.313619+00:00
2008-07-17,KRW=X,1012.700012,yahoo,KRW,2026-06-05T09:03:38.313619+00:00
2008-07-20,KRW=X,1015.0,yahoo,KRW,2026-06-05T09:03:38.313619+00:00
2008-07-21,KRW=X,1015.5,yahoo,KRW,2026-06-05T09:03:38.313619+00:00
2008-07-22,KRW=X,1009.900024,yahoo,KRW,2026-06-05T09:03:38.313619+00:00
2008-07-23,KRW=X,1004.099976,yahoo,KRW,2026-06-05T09:03:38.313619+00:00
2008-07-24,KRW=X,1007.5,yahoo,KRW,2026-06-05T09:03:38.313619+00:00
2008-07-27,KRW=X,1005.700012,yahoo,KRW,2026-06-05T09:03:38.313619+00:00
2008-07-28,KRW=X,1005.700012,yahoo,KRW,2026-06-05T09:03:38.313619+00:00
2008-07-29,KRW=X,1010.400024,yahoo,KRW,2026-06-05T09:03:38.313619+00:00
2008-07-30,KRW=X,1010.700012,yahoo,KRW,2026-06-05T09:03:38.313619+00:00
2008-08-25,KRW=X,1089.160034,yahoo,KRW,2026-06-05T09:03:38.313619+00:00
2008-08-26,KRW=X,1083.910034,yahoo,KRW,2026-06-05T09:03:38.313619+00:00
2008-08-27,KRW=X,1078.599976,yahoo,KRW,2026-06-05T09:03:38.313619+00:00
2008-08-28,KRW=X,1088.400024,yahoo,KRW,2026-06-05T09:03:38.313619+00:00
2008-08-31,KRW=X,1116.01001,yahoo,KRW,2026-06-05T09:03:38.313619+00:00
2008-09-01,KRW=X,1133.660034,yahoo,KRW,2026-06-05T09:03:38.313619+00:00
2008-09-02,KRW=X,1148.099976,yahoo,KRW,2026-06-05T09:03:38.313619+00:00
2008-09-03,KRW=X,1137.699951,yahoo,KRW,2026-06-05T09:03:38.313619+00:00
2008-09-04,KRW=X,1116.699951,yahoo,KRW,2026-06-05T09:03:38.313619+00:00
2008-09-07,KRW=X,1077.900024,yahoo,KRW,2026-06-05T09:03:38.313619+00:00
2008-09-08,KRW=X,1101.599976,yahoo,KRW,2026-06-05T09:03:38.313619+00:00
2008-09-09,KRW=X,1093.0,yahoo,KRW,2026-06-05T09:03:38.313619+00:00
2008-09-10,KRW=X,1104.900024,yahoo,KRW,2026-06-05T09:03:38.313619+00:00
2008-09-11,KRW=X,1100.699951,yahoo,KRW,2026-06-05T09:03:38.313619+00:00
2008-09-14,KRW=X,1098.800049,yahoo,KRW,2026-06-05T09:03:38.313619+00:00
2008-09-15,KRW=X,1160.0,yahoo,KRW,2026-06-05T09:03:38.313619+00:00
2008-09-16,KRW=X,1099.599976,yahoo,KRW,2026-06-05T09:03:38.313619+00:00
2008-09-17,KRW=X,1158.5,yahoo,KRW,2026-06-05T09:03:38.313619+00:00
2008-09-18,KRW=X,1136.599976,yahoo,KRW,2026-06-05T09:03:38.313619+00:00
2008-09-21,KRW=X,1119.0,yahoo,KRW,2026-06-05T09:03:38.313619+00:00
2008-09-22,KRW=X,1147.099976,yahoo,KRW,2026-06-05T09:03:38.313619+00:00
2008-09-23,KRW=X,1154.199951,yahoo,KRW,2026-06-05T09:03:38.313619+00:00
2008-09-24,KRW=X,1157.300049,yahoo,KRW,2026-06-05T09:03:38.313619+00:00
2008-09-25,KRW=X,1160.0,yahoo,KRW,2026-06-05T09:03:38.313619+00:00
2008-09-28,KRW=X,1183.699951,yahoo,KRW,2026-06-05T09:03:38.313619+00:00
2008-09-29,KRW=X,1204.800049,yahoo,KRW,2026-06-05T09:03:38.313619+00:00
2008-09-30,KRW=X,1189.900024,yahoo,KRW,2026-06-05T09:03:38.313619+00:00
2008-10-01,KRW=X,1226.800049,yahoo,KRW,2026-06-05T09:03:38.313619+00:00
2008-10-02,KRW=X,1229.900024,yahoo,KRW,2026-06-05T09:03:38.313619+00:00
2008-10-05,KRW=X,1268.099976,yahoo,KRW,2026-06-05T09:03:38.313619+00:00
2008-10-06,KRW=X,1333.5,yahoo,KRW,2026-06-05T09:03:38.313619+00:00
2008-10-07,KRW=X,1397.599976,yahoo,KRW,2026-06-05T09:03:38.313619+00:00
2008-10-08,KRW=X,1386.599976,yahoo,KRW,2026-06-05T09:03:38.313619+00:00
2008-10-09,KRW=X,1313.800049,yahoo,KRW,2026-06-05T09:03:38.313619+00:00
2008-10-12,KRW=X,1229.0,yahoo,KRW,2026-06-05T09:03:38.313619+00:00
2008-10-13,KRW=X,1209.699951,yahoo,KRW,2026-06-05T09:03:38.313619+00:00
2008-10-14,KRW=X,1249.199951,yahoo,KRW,2026-06-05T09:03:38.313619+00:00
2008-10-15,KRW=X,1362.5,yahoo,KRW,2026-06-05T09:03:38.313619+00:00
2008-10-16,KRW=X,1337.0,yahoo,KRW,2026-06-05T09:03:38.313619+00:00
2008-10-19,KRW=X,1309.0,yahoo,KRW,2026-06-05T09:03:38.313619+00:00
2008-10-20,KRW=X,1311.599976,yahoo,KRW,2026-06-05T09:03:38.313619+00:00
2008-10-21,KRW=X,1420.300049,yahoo,KRW,2026-06-05T09:03:38.313619+00:00
2008-10-22,KRW=X,1399.400024,yahoo,KRW,2026-06-05T09:03:38.313619+00:00
2008-10-23,KRW=X,1428.0,yahoo,KRW,2026-06-05T09:03:38.313619+00:00
2008-10-27,KRW=X,1466.599976,yahoo,KRW,2026-06-05T09:03:38.313619+00:00
2008-10-28,KRW=X,1415.099976,yahoo,KRW,2026-06-05T09:03:38.313619+00:00
2008-10-29,KRW=X,1378.800049,yahoo,KRW,2026-06-05T09:03:38.313619+00:00
2008-10-30,KRW=X,1246.099976,yahoo,KRW,2026-06-05T09:03:38.313619+00:00
2008-10-31,KRW=X,1289.199951,yahoo,KRW,2026-06-05T09:03:38.313619+00:00
2008-11-03,KRW=X,1272.099976,yahoo,KRW,2026-06-05T09:03:38.313619+00:00
2008-11-04,KRW=X,1258.699951,yahoo,KRW,2026-06-05T09:03:38.313619+00:00
2008-11-05,KRW=X,1277.900024,yahoo,KRW,2026-06-05T09:03:38.313619+00:00
2008-11-06,KRW=X,1336.900024,yahoo,KRW,2026-06-05T09:03:38.313619+00:00
2008-11-07,KRW=X,1315.400024,yahoo,KRW,2026-06-05T09:03:38.313619+00:00
2008-11-10,KRW=X,1329.800049,yahoo,KRW,2026-06-05T09:03:38.313619+00:00
2008-11-11,KRW=X,1334.599976,yahoo,KRW,2026-06-05T09:03:38.313619+00:00
2008-11-12,KRW=X,1367.0,yahoo,KRW,2026-06-05T09:03:38.313619+00:00
2008-11-13,KRW=X,1363.699951,yahoo,KRW,2026-06-05T09:03:38.313619+00:00
2008-11-14,KRW=X,1413.800049,yahoo,KRW,2026-06-05T09:03:38.313619+00:00
2008-11-17,KRW=X,1419.099976,yahoo,KRW,2026-06-05T09:03:38.313619+00:00
2008-11-18,KRW=X,1453.400024,yahoo,KRW,2026-06-05T09:03:38.313619+00:00
2008-11-19,KRW=X,1456.5,yahoo,KRW,2026-06-05T09:03:38.313619+00:00
2008-11-20,KRW=X,1506.900024,yahoo,KRW,2026-06-05T09:03:38.313619+00:00
2008-11-21,KRW=X,1486.0,yahoo,KRW,2026-06-05T09:03:38.313619+00:00
2008-11-24,KRW=X,1507.900024,yahoo,KRW,2026-06-05T09:03:38.313619+00:00
2008-11-25,KRW=X,1501.0,yahoo,KRW,2026-06-05T09:03:38.313619+00:00
2008-11-26,KRW=X,1468.400024,yahoo,KRW,2026-06-05T09:03:38.313619+00:00
2008-11-27,KRW=X,1474.900024,yahoo,KRW,2026-06-05T09:03:38.313619+00:00
2008-11-28,KRW=X,1467.900024,yahoo,KRW,2026-06-05T09:03:38.313619+00:00
2008-12-01,KRW=X,1443.400024,yahoo,KRW,2026-06-05T09:03:38.313619+00:00
2008-12-02,KRW=X,1465.300049,yahoo,KRW,2026-06-05T09:03:38.313619+00:00
2008-12-03,KRW=X,1463.800049,yahoo,KRW,2026-06-05T09:03:38.313619+00:00
2008-12-04,KRW=X,1487.699951,yahoo,KRW,2026-06-05T09:03:38.313619+00:00
2008-12-05,KRW=X,1467.599976,yahoo,KRW,2026-06-05T09:03:38.313619+00:00
2008-12-08,KRW=X,1450.099976,yahoo,KRW,2026-06-05T09:03:38.313619+00:00
2008-12-09,KRW=X,1440.599976,yahoo,KRW,2026-06-05T09:03:38.313619+00:00
2008-12-10,KRW=X,1393.900024,yahoo,KRW,2026-06-05T09:03:38.313619+00:00
2008-12-11,KRW=X,1351.900024,yahoo,KRW,2026-06-05T09:03:38.313619+00:00
2008-12-12,KRW=X,1370.199951,yahoo,KRW,2026-06-05T09:03:38.313619+00:00
2008-12-15,KRW=X,1358.900024,yahoo,KRW,2026-06-05T09:03:38.313619+00:00
2008-12-16,KRW=X,1324.300049,yahoo,KRW,2026-06-05T09:03:38.313619+00:00
2008-12-17,KRW=X,1318.900024,yahoo,KRW,2026-06-05T09:03:38.313619+00:00
2008-12-18,KRW=X,1282.699951,yahoo,KRW,2026-06-05T09:03:38.313619+00:00
2008-12-19,KRW=X,1281.400024,yahoo,KRW,2026-06-05T09:03:38.313619+00:00
2008-12-22,KRW=X,1307.5,yahoo,KRW,2026-06-05T09:03:38.313619+00:00
2008-12-23,KRW=X,1338.900024,yahoo,KRW,2026-06-05T09:03:38.313619+00:00
2008-12-24,KRW=X,1318.099976,yahoo,KRW,2026-06-05T09:03:38.313619+00:00
2008-12-25,KRW=X,1331.699951,yahoo,KRW,2026-06-05T09:03:38.313619+00:00
2008-12-26,KRW=X,1330.5,yahoo,KRW,2026-06-05T09:03:38.313619+00:00
2008-12-29,KRW=X,1279.199951,yahoo,KRW,2026-06-05T09:03:38.313619+00:00
2008-12-30,KRW=X,1252.900024,yahoo,KRW,2026-06-05T09:03:38.313619+00:00
2008-12-31,KRW=X,1242.199951,yahoo,KRW,2026-06-05T09:03:38.313619+00:00
2009-01-01,KRW=X,1240.099976,yahoo,KRW,2026-06-05T09:03:38.313619+00:00
2009-01-02,KRW=X,1322.5,yahoo,KRW,2026-06-05T09:03:38.313619+00:00
2009-01-05,KRW=X,1307.800049,yahoo,KRW,2026-06-05T09:03:38.313619+00:00
2009-01-06,KRW=X,1304.400024,yahoo,KRW,2026-06-05T09:03:38.313619+00:00
2009-01-07,KRW=X,1301.0,yahoo,KRW,2026-06-05T09:03:38.313619+00:00
2009-01-08,KRW=X,1330.400024,yahoo,KRW,2026-06-05T09:03:38.313619+00:00
2009-01-09,KRW=X,1351.699951,yahoo,KRW,2026-06-05T09:03:38.313619+00:00
2009-01-12,KRW=X,1352.199951,yahoo,KRW,2026-06-05T09:03:38.313619+00:00
2009-01-13,KRW=X,1352.099976,yahoo,KRW,2026-06-05T09:03:38.313619+00:00
2009-01-14,KRW=X,1348.800049,yahoo,KRW,2026-06-05T09:03:38.313619+00:00
2009-01-15,KRW=X,1384.800049,yahoo,KRW,2026-06-05T09:03:38.313619+00:00
2009-01-16,KRW=X,1346.800049,yahoo,KRW,2026-06-05T09:03:38.313619+00:00
2009-01-19,KRW=X,1365.0,yahoo,KRW,2026-06-05T09:03:38.313619+00:00
2009-01-20,KRW=X,1358.300049,yahoo,KRW,2026-06-05T09:03:38.313619+00:00
2009-01-21,KRW=X,1354.199951,yahoo,KRW,2026-06-05T09:03:38.313619+00:00
2009-01-22,KRW=X,1367.699951,yahoo,KRW,2026-06-05T09:03:38.313619+00:00
2009-01-23,KRW=X,1377.400024,yahoo,KRW,2026-06-05T09:03:38.313619+00:00
2009-01-26,KRW=X,1386.099976,yahoo,KRW,2026-06-05T09:03:38.313619+00:00
2009-01-27,KRW=X,1383.300049,yahoo,KRW,2026-06-05T09:03:38.313619+00:00
2009-01-28,KRW=X,1381.800049,yahoo,KRW,2026-06-05T09:03:38.313619+00:00
2009-01-29,KRW=X,1379.0,yahoo,KRW,2026-06-05T09:03:38.313619+00:00
2009-01-30,KRW=X,1377.099976,yahoo,KRW,2026-06-05T09:03:38.313619+00:00
2009-02-02,KRW=X,1390.800049,yahoo,KRW,2026-06-05T09:03:38.313619+00:00
2009-02-03,KRW=X,1394.699951,yahoo,KRW,2026-06-05T09:03:38.313619+00:00
2009-02-04,KRW=X,1377.400024,yahoo,KRW,2026-06-05T09:03:38.313619+00:00
2009-02-05,KRW=X,1388.5,yahoo,KRW,2026-06-05T09:03:38.313619+00:00
2009-02-06,KRW=X,1366.900024,yahoo,KRW,2026-06-05T09:03:38.313619+00:00
2009-02-09,KRW=X,1387.400024,yahoo,KRW,2026-06-05T09:03:38.313619+00:00
2009-02-10,KRW=X,1393.699951,yahoo,KRW,2026-06-05T09:03:38.313619+00:00
2009-02-11,KRW=X,1396.800049,yahoo,KRW,2026-06-05T09:03:38.313619+00:00
2009-02-12,KRW=X,1391.699951,yahoo,KRW,2026-06-05T09:03:38.313619+00:00
2009-02-13,KRW=X,1405.800049,yahoo,KRW,2026-06-05T09:03:38.313619+00:00
2009-02-16,KRW=X,1423.699951,yahoo,KRW,2026-06-05T09:03:38.313619+00:00
2009-02-17,KRW=X,1453.0,yahoo,KRW,2026-06-05T09:03:38.313619+00:00
2009-02-18,KRW=X,1461.5,yahoo,KRW,2026-06-05T09:03:38.313619+00:00
2009-02-19,KRW=X,1483.0,yahoo,KRW,2026-06-05T09:03:38.313619+00:00
2009-02-20,KRW=X,1489.699951,yahoo,KRW,2026-06-05T09:03:38.313619+00:00
2009-02-23,KRW=X,1504.699951,yahoo,KRW,2026-06-05T09:03:38.313619+00:00
2009-02-24,KRW=X,1500.099976,yahoo,KRW,2026-06-05T09:03:38.313619+00:00
2009-02-25,KRW=X,1515.599976,yahoo,KRW,2026-06-05T09:03:38.313619+00:00
2009-02-26,KRW=X,1517.5,yahoo,KRW,2026-06-05T09:03:38.313619+00:00
2009-02-27,KRW=X,1530.300049,yahoo,KRW,2026-06-05T09:03:38.313619+00:00
2009-03-02,KRW=X,1571.400024,yahoo,KRW,2026-06-05T09:03:38.313619+00:00
2009-03-03,KRW=X,1553.0,yahoo,KRW,2026-06-05T09:03:38.313619+00:00
2009-03-04,KRW=X,1546.599976,yahoo,KRW,2026-06-05T09:03:38.313619+00:00
2009-03-05,KRW=X,1568.599976,yahoo,KRW,2026-06-05T09:03:38.313619+00:00
2009-03-06,KRW=X,1553.900024,yahoo,KRW,2026-06-05T09:03:38.313619+00:00
2009-03-09,KRW=X,1547.699951,yahoo,KRW,2026-06-05T09:03:38.313619+00:00
2009-03-10,KRW=X,1504.800049,yahoo,KRW,2026-06-05T09:03:38.313619+00:00
2009-03-11,KRW=X,1460.5,yahoo,KRW,2026-06-05T09:03:38.313619+00:00
2009-03-12,KRW=X,1484.0,yahoo,KRW,2026-06-05T09:03:38.313619+00:00
2009-03-13,KRW=X,1479.300049,yahoo,KRW,2026-06-05T09:03:38.313619+00:00
2009-03-16,KRW=X,1439.599976,yahoo,KRW,2026-06-05T09:03:38.313619+00:00
2009-03-17,KRW=X,1412.5,yahoo,KRW,2026-06-05T09:03:38.313619+00:00
2009-03-18,KRW=X,1381.900024,yahoo,KRW,2026-06-05T09:03:38.313619+00:00
2009-03-19,KRW=X,1393.099976,yahoo,KRW,2026-06-05T09:03:38.313619+00:00
2009-03-20,KRW=X,1399.5,yahoo,KRW,2026-06-05T09:03:38.313619+00:00
2009-03-23,KRW=X,1382.5,yahoo,KRW,2026-06-05T09:03:38.313619+00:00
2009-03-24,KRW=X,1391.599976,yahoo,KRW,2026-06-05T09:03:38.313619+00:00
2009-03-25,KRW=X,1352.800049,yahoo,KRW,2026-06-05T09:03:38.313619+00:00
2009-03-26,KRW=X,1333.599976,yahoo,KRW,2026-06-05T09:03:38.313619+00:00
2009-03-27,KRW=X,1343.099976,yahoo,KRW,2026-06-05T09:03:38.313619+00:00
2009-03-29,KRW=X,1391.800049,yahoo,KRW,2026-06-05T09:03:38.313619+00:00
2009-03-30,KRW=X,1375.099976,yahoo,KRW,2026-06-05T09:03:38.313619+00:00
2009-03-31,KRW=X,1376.800049,yahoo,KRW,2026-06-05T09:03:38.313619+00:00
2009-04-01,KRW=X,1328.300049,yahoo,KRW,2026-06-05T09:03:38.313619+00:00
2009-04-02,KRW=X,1331.800049,yahoo,KRW,2026-06-05T09:03:38.313619+00:00
2009-04-05,KRW=X,1300.699951,yahoo,KRW,2026-06-05T09:03:38.313619+00:00
2009-04-06,KRW=X,1317.300049,yahoo,KRW,2026-06-05T09:03:38.313619+00:00
2009-04-07,KRW=X,1353.099976,yahoo,KRW,2026-06-05T09:03:38.313619+00:00
2009-04-08,KRW=X,1319.900024,yahoo,KRW,2026-06-05T09:03:38.313619+00:00
2009-04-09,KRW=X,1318.099976,yahoo,KRW,2026-06-05T09:03:38.313619+00:00
2009-04-12,KRW=X,1299.400024,yahoo,KRW,2026-06-05T09:03:38.313619+00:00
2009-04-13,KRW=X,1320.5,yahoo,KRW,2026-06-05T09:03:38.313619+00:00
2009-04-14,KRW=X,1328.300049,yahoo,KRW,2026-06-05T09:03:38.313619+00:00
2009-04-15,KRW=X,1333.099976,yahoo,KRW,2026-06-05T09:03:38.313619+00:00
2009-04-16,KRW=X,1325.800049,yahoo,KRW,2026-06-05T09:03:38.313619+00:00
2009-04-19,KRW=X,1327.5,yahoo,KRW,2026-06-05T09:03:38.313619+00:00
2009-04-20,KRW=X,1354.300049,yahoo,KRW,2026-06-05T09:03:38.313619+00:00
2009-04-21,KRW=X,1346.599976,yahoo,KRW,2026-06-05T09:03:38.313619+00:00
2009-04-22,KRW=X,1333.599976,yahoo,KRW,2026-06-05T09:03:38.313619+00:00
2009-04-23,KRW=X,1340.300049,yahoo,KRW,2026-06-05T09:03:38.313619+00:00
2009-04-26,KRW=X,1350.5,yahoo,KRW,2026-06-05T09:03:38.313619+00:00
2009-04-27,KRW=X,1344.900024,yahoo,KRW,2026-06-05T09:03:38.313619+00:00
2009-04-28,KRW=X,1341.300049,yahoo,KRW,2026-06-05T09:03:38.313619+00:00
2009-04-29,KRW=X,1278.099976,yahoo,KRW,2026-06-05T09:03:38.313619+00:00
2009-04-30,KRW=X,1264.699951,yahoo,KRW,2026-06-05T09:03:38.313619+00:00
2009-05-03,KRW=X,1262.099976,yahoo,KRW,2026-06-05T09:03:38.313619+00:00
2009-05-04,KRW=X,1273.099976,yahoo,KRW,2026-06-05T09:03:38.313619+00:00
2009-05-05,KRW=X,1271.800049,yahoo,KRW,2026-06-05T09:03:38.313619+00:00
2009-05-06,KRW=X,1259.099976,yahoo,KRW,2026-06-05T09:03:38.313619+00:00
2009-05-07,KRW=X,1228.800049,yahoo,KRW,2026-06-05T09:03:38.313619+00:00
2009-05-10,KRW=X,1235.599976,yahoo,KRW,2026-06-05T09:03:38.313619+00:00
2009-05-11,KRW=X,1236.699951,yahoo,KRW,2026-06-05T09:03:38.313619+00:00
2009-05-12,KRW=X,1241.099976,yahoo,KRW,2026-06-05T09:03:38.313619+00:00
2009-05-13,KRW=X,1262.099976,yahoo,KRW,2026-06-05T09:03:38.313619+00:00
2009-05-14,KRW=X,1255.0,yahoo,KRW,2026-06-05T09:03:38.313619+00:00
2009-05-17,KRW=X,1256.0,yahoo,KRW,2026-06-05T09:03:38.313619+00:00
2009-05-18,KRW=X,1242.300049,yahoo,KRW,2026-06-05T09:03:38.313619+00:00
2009-05-19,KRW=X,1245.5,yahoo,KRW,2026-06-05T09:03:38.313619+00:00
2009-05-20,KRW=X,1233.5,yahoo,KRW,2026-06-05T09:03:38.313619+00:00
2009-05-21,KRW=X,1243.800049,yahoo,KRW,2026-06-05T09:03:38.313619+00:00
2009-05-24,KRW=X,1244.5,yahoo,KRW,2026-06-05T09:03:38.313619+00:00
2009-05-25,KRW=X,1264.800049,yahoo,KRW,2026-06-05T09:03:38.313619+00:00
2009-05-26,KRW=X,1273.199951,yahoo,KRW,2026-06-05T09:03:38.313619+00:00
2009-05-27,KRW=X,1267.199951,yahoo,KRW,2026-06-05T09:03:38.313619+00:00
2009-05-28,KRW=X,1250.099976,yahoo,KRW,2026-06-05T09:03:38.313619+00:00
2009-05-31,KRW=X,1249.5,yahoo,KRW,2026-06-05T09:03:38.313619+00:00
2009-06-01,KRW=X,1231.099976,yahoo,KRW,2026-06-05T09:03:38.313619+00:00
2009-06-02,KRW=X,1240.400024,yahoo,KRW,2026-06-05T09:03:38.313619+00:00
2009-06-03,KRW=X,1247.400024,yahoo,KRW,2026-06-05T09:03:38.313619+00:00
2009-06-04,KRW=X,1253.199951,yahoo,KRW,2026-06-05T09:03:38.313619+00:00
2009-06-07,KRW=X,1245.599976,yahoo,KRW,2026-06-05T09:03:38.313619+00:00
2009-06-08,KRW=X,1257.5,yahoo,KRW,2026-06-05T09:03:38.313619+00:00
2009-06-09,KRW=X,1257.400024,yahoo,KRW,2026-06-05T09:03:38.313619+00:00
2009-06-10,KRW=X,1250.900024,yahoo,KRW,2026-06-05T09:03:38.313619+00:00
2009-06-11,KRW=X,1250.900024,yahoo,KRW,2026-06-05T09:03:38.313619+00:00
2009-06-14,KRW=X,1257.099976,yahoo,KRW,2026-06-05T09:03:38.313619+00:00
2009-06-15,KRW=X,1263.900024,yahoo,KRW,2026-06-05T09:03:38.313619+00:00
2009-06-16,KRW=X,1261.300049,yahoo,KRW,2026-06-05T09:03:38.313619+00:00
2009-06-17,KRW=X,1269.800049,yahoo,KRW,2026-06-05T09:03:38.313619+00:00
2009-06-18,KRW=X,1272.5,yahoo,KRW,2026-06-05T09:03:38.313619+00:00
2009-06-21,KRW=X,1280.599976,yahoo,KRW,2026-06-05T09:03:38.313619+00:00
2009-06-22,KRW=X,1281.800049,yahoo,KRW,2026-06-05T09:03:38.313619+00:00
2009-06-23,KRW=X,1281.099976,yahoo,KRW,2026-06-05T09:03:38.313619+00:00
2009-06-24,KRW=X,1285.5,yahoo,KRW,2026-06-05T09:03:38.313619+00:00
2009-06-25,KRW=X,1282.199951,yahoo,KRW,2026-06-05T09:03:38.313619+00:00
2009-06-28,KRW=X,1279.099976,yahoo,KRW,2026-06-05T09:03:38.313619+00:00
2009-06-29,KRW=X,1272.599976,yahoo,KRW,2026-06-05T09:03:38.313619+00:00
2009-06-30,KRW=X,1261.900024,yahoo,KRW,2026-06-05T09:03:38.313619+00:00
2009-07-01,KRW=X,1279.800049,yahoo,KRW,2026-06-05T09:03:38.313619+00:00
2009-07-02,KRW=X,1267.699951,yahoo,KRW,2026-06-05T09:03:38.313619+00:00
2009-07-05,KRW=X,1267.0,yahoo,KRW,2026-06-05T09:03:38.313619+00:00
2009-07-06,KRW=X,1277.199951,yahoo,KRW,2026-06-05T09:03:38.313619+00:00
2009-07-07,KRW=X,1274.800049,yahoo,KRW,2026-06-05T09:03:38.313619+00:00
2009-07-08,KRW=X,1277.400024,yahoo,KRW,2026-06-05T09:03:38.313619+00:00
2009-07-09,KRW=X,1287.199951,yahoo,KRW,2026-06-05T09:03:38.313619+00:00
2009-07-12,KRW=X,1307.199951,yahoo,KRW,2026-06-05T09:03:38.313619+00:00
2009-07-13,KRW=X,1294.800049,yahoo,KRW,2026-06-05T09:03:38.313619+00:00
2009-07-14,KRW=X,1272.199951,yahoo,KRW,2026-06-05T09:03:38.313619+00:00
2009-07-15,KRW=X,1263.199951,yahoo,KRW,2026-06-05T09:03:38.313619+00:00
2009-07-16,KRW=X,1259.599976,yahoo,KRW,2026-06-05T09:03:38.313619+00:00
2009-07-19,KRW=X,1243.199951,yahoo,KRW,2026-06-05T09:03:38.313619+00:00
2009-07-20,KRW=X,1246.800049,yahoo,KRW,2026-06-05T09:03:38.313619+00:00
2009-07-21,KRW=X,1251.900024,yahoo,KRW,2026-06-05T09:03:38.313619+00:00
2009-07-22,KRW=X,1255.599976,yahoo,KRW,2026-06-05T09:03:38.313619+00:00
2009-07-23,KRW=X,1245.0,yahoo,KRW,2026-06-05T09:03:38.313619+00:00
2009-07-26,KRW=X,1239.0,yahoo,KRW,2026-06-05T09:03:38.313619+00:00
2009-07-27,KRW=X,1240.800049,yahoo,KRW,2026-06-05T09:03:38.313619+00:00
2009-07-28,KRW=X,1244.699951,yahoo,KRW,2026-06-05T09:03:38.313619+00:00
2009-07-29,KRW=X,1229.699951,yahoo,KRW,2026-06-05T09:03:38.313619+00:00
2009-07-30,KRW=X,1223.099976,yahoo,KRW,2026-06-05T09:03:38.313619+00:00
2009-08-02,KRW=X,1213.900024,yahoo,KRW,2026-06-05T09:03:38.313619+00:00
2009-08-03,KRW=X,1217.599976,yahoo,KRW,2026-06-05T09:03:38.313619+00:00
2009-08-04,KRW=X,1223.0,yahoo,KRW,2026-06-05T09:03:38.313619+00:00
2009-08-05,KRW=X,1223.300049,yahoo,KRW,2026-06-05T09:03:38.313619+00:00
2009-08-06,KRW=X,1222.599976,yahoo,KRW,2026-06-05T09:03:38.313619+00:00
2009-08-09,KRW=X,1228.099976,yahoo,KRW,2026-06-05T09:03:38.313619+00:00
2009-08-10,KRW=X,1241.400024,yahoo,KRW,2026-06-05T09:03:38.313619+00:00
2009-08-11,KRW=X,1241.400024,yahoo,KRW,2026-06-05T09:03:38.313619+00:00
2009-08-12,KRW=X,1235.400024,yahoo,KRW,2026-06-05T09:03:38.313619+00:00
2009-08-13,KRW=X,1240.099976,yahoo,KRW,2026-06-05T09:03:38.313619+00:00
2009-08-16,KRW=X,1256.400024,yahoo,KRW,2026-06-05T09:03:38.313619+00:00
2009-08-17,KRW=X,1243.300049,yahoo,KRW,2026-06-05T09:03:38.313619+00:00
2009-08-18,KRW=X,1251.099976,yahoo,KRW,2026-06-05T09:03:38.313619+00:00
2009-08-19,KRW=X,1242.800049,yahoo,KRW,2026-06-05T09:03:38.313619+00:00
2009-08-20,KRW=X,1240.699951,yahoo,KRW,2026-06-05T09:03:38.313619+00:00
2009-08-23,KRW=X,1227.099976,yahoo,KRW,2026-06-05T09:03:38.313619+00:00
2009-08-24,KRW=X,1252.199951,yahoo,KRW,2026-06-05T09:03:38.313619+00:00
2009-08-25,KRW=X,1247.699951,yahoo,KRW,2026-06-05T09:03:38.313619+00:00
2009-08-26,KRW=X,1238.199951,yahoo,KRW,2026-06-05T09:03:38.313619+00:00
2009-08-27,KRW=X,1221.599976,yahoo,KRW,2026-06-05T09:03:38.313619+00:00
2009-08-30,KRW=X,1249.5,yahoo,KRW,2026-06-05T09:03:38.313619+00:00
2009-08-31,KRW=X,1248.0,yahoo,KRW,2026-06-05T09:03:38.313619+00:00
2009-09-01,KRW=X,1244.199951,yahoo,KRW,2026-06-05T09:03:38.313619+00:00
2009-09-02,KRW=X,1246.5,yahoo,KRW,2026-06-05T09:03:38.313619+00:00
2009-09-03,KRW=X,1235.099976,yahoo,KRW,2026-06-05T09:03:38.313619+00:00
2009-09-06,KRW=X,1232.699951,yahoo,KRW,2026-06-05T09:03:38.313619+00:00
2009-09-07,KRW=X,1220.699951,yahoo,KRW,2026-06-05T09:03:38.313619+00:00
2009-09-08,KRW=X,1223.0,yahoo,KRW,2026-06-05T09:03:38.313619+00:00
2009-09-09,KRW=X,1220.300049,yahoo,KRW,2026-06-05T09:03:38.313619+00:00
2009-09-10,KRW=X,1220.900024,yahoo,KRW,2026-06-05T09:03:38.313619+00:00
2009-09-13,KRW=X,1219.900024,yahoo,KRW,2026-06-05T09:03:38.313619+00:00
2009-09-14,KRW=X,1193.300049,yahoo,KRW,2026-06-05T09:03:38.313619+00:00
2009-09-15,KRW=X,1204.5,yahoo,KRW,2026-06-05T09:03:38.313619+00:00
2009-09-16,KRW=X,1184.199951,yahoo,KRW,2026-06-05T09:03:38.313619+00:00
2009-09-17,KRW=X,1187.199951,yahoo,KRW,2026-06-05T09:03:38.313619+00:00
2009-09-20,KRW=X,1205.199951,yahoo,KRW,2026-06-05T09:03:38.313619+00:00
2009-09-21,KRW=X,1203.199951,yahoo,KRW,2026-06-05T09:03:38.313619+00:00
2009-09-22,KRW=X,1196.400024,yahoo,KRW,2026-06-05T09:03:38.313619+00:00
2009-09-23,KRW=X,1194.199951,yahoo,KRW,2026-06-05T09:03:38.313619+00:00
2009-09-24,KRW=X,1157.800049,yahoo,KRW,2026-06-05T09:03:38.313619+00:00
2009-09-27,KRW=X,1176.0,yahoo,KRW,2026-06-05T09:03:38.313619+00:00
2009-09-28,KRW=X,1162.800049,yahoo,KRW,2026-06-05T09:03:38.313619+00:00
2009-09-29,KRW=X,1173.699951,yahoo,KRW,2026-06-05T09:03:38.313619+00:00
2009-09-30,KRW=X,1160.099976,yahoo,KRW,2026-06-05T09:03:38.313619+00:00
2009-10-01,KRW=X,1181.5,yahoo,KRW,2026-06-05T09:03:38.313619+00:00
2009-10-04,KRW=X,1163.900024,yahoo,KRW,2026-06-05T09:03:38.313619+00:00
2009-10-05,KRW=X,1167.800049,yahoo,KRW,2026-06-05T09:03:38.313619+00:00
2009-10-06,KRW=X,1164.199951,yahoo,KRW,2026-06-05T09:03:38.313619+00:00
2009-10-07,KRW=X,1166.5,yahoo,KRW,2026-06-05T09:03:38.313619+00:00
2009-10-08,KRW=X,1162.5,yahoo,KRW,2026-06-05T09:03:38.313619+00:00
2009-10-11,KRW=X,1169.300049,yahoo,KRW,2026-06-05T09:03:38.313619+00:00
2009-10-12,KRW=X,1165.400024,yahoo,KRW,2026-06-05T09:03:38.313619+00:00
2009-10-13,KRW=X,1155.199951,yahoo,KRW,2026-06-05T09:03:38.313619+00:00
2009-10-14,KRW=X,1156.400024,yahoo,KRW,2026-06-05T09:03:38.313619+00:00
2009-10-15,KRW=X,1153.0,yahoo,KRW,2026-06-05T09:03:38.313619+00:00
2009-10-18,KRW=X,1166.400024,yahoo,KRW,2026-06-05T09:03:38.313619+00:00
2009-10-19,KRW=X,1179.900024,yahoo,KRW,2026-06-05T09:03:38.313619+00:00
2009-10-20,KRW=X,1179.400024,yahoo,KRW,2026-06-05T09:03:38.313619+00:00
2009-10-21,KRW=X,1185.400024,yahoo,KRW,2026-06-05T09:03:38.313619+00:00
2009-10-22,KRW=X,1189.699951,yahoo,KRW,2026-06-05T09:03:38.313619+00:00
2009-10-26,KRW=X,1183.800049,yahoo,KRW,2026-06-05T09:03:38.313619+00:00
2009-10-27,KRW=X,1187.300049,yahoo,KRW,2026-06-05T09:03:38.313619+00:00
2009-10-28,KRW=X,1185.099976,yahoo,KRW,2026-06-05T09:03:38.313619+00:00
2009-10-29,KRW=X,1185.099976,yahoo,KRW,2026-06-05T09:03:38.313619+00:00
2009-10-30,KRW=X,1185.5,yahoo,KRW,2026-06-05T09:03:38.313619+00:00
2009-11-02,KRW=X,1185.400024,yahoo,KRW,2026-06-05T09:03:38.313619+00:00
2009-11-03,KRW=X,1181.599976,yahoo,KRW,2026-06-05T09:03:38.313619+00:00
2009-11-04,KRW=X,1169.099976,yahoo,KRW,2026-06-05T09:03:38.313619+00:00
2009-11-05,KRW=X,1173.400024,yahoo,KRW,2026-06-05T09:03:38.313619+00:00
2009-11-06,KRW=X,1166.400024,yahoo,KRW,2026-06-05T09:03:38.313619+00:00
2009-11-09,KRW=X,1153.699951,yahoo,KRW,2026-06-05T09:03:38.313619+00:00
2009-11-10,KRW=X,1158.599976,yahoo,KRW,2026-06-05T09:03:38.313619+00:00
2009-11-11,KRW=X,1153.900024,yahoo,KRW,2026-06-05T09:03:38.313619+00:00
2009-11-12,KRW=X,1160.599976,yahoo,KRW,2026-06-05T09:03:38.313619+00:00
2009-11-13,KRW=X,1154.400024,yahoo,KRW,2026-06-05T09:03:38.313619+00:00
2009-11-16,KRW=X,1151.400024,yahoo,KRW,2026-06-05T09:03:38.313619+00:00
2009-11-17,KRW=X,1151.199951,yahoo,KRW,2026-06-05T09:03:38.313619+00:00
2009-11-18,KRW=X,1155.599976,yahoo,KRW,2026-06-05T09:03:38.313619+00:00
2009-11-19,KRW=X,1160.699951,yahoo,KRW,2026-06-05T09:03:38.313619+00:00
2009-11-20,KRW=X,1158.699951,yahoo,KRW,2026-06-05T09:03:38.313619+00:00
2009-11-23,KRW=X,1153.599976,yahoo,KRW,2026-06-05T09:03:38.313619+00:00
2009-11-24,KRW=X,1152.300049,yahoo,KRW,2026-06-05T09:03:38.313619+00:00
2009-11-25,KRW=X,1149.800049,yahoo,KRW,2026-06-05T09:03:38.313619+00:00
2009-11-26,KRW=X,1159.900024,yahoo,KRW,2026-06-05T09:03:38.313619+00:00
2009-11-27,KRW=X,1172.099976,yahoo,KRW,2026-06-05T09:03:38.313619+00:00
2009-11-30,KRW=X,1160.599976,yahoo,KRW,2026-06-05T09:03:38.313619+00:00
2009-12-01,KRW=X,1139.5,yahoo,KRW,2026-06-05T09:03:38.313619+00:00
2009-12-02,KRW=X,1151.199951,yahoo,KRW,2026-06-05T09:03:38.313619+00:00
2009-12-03,KRW=X,1150.800049,yahoo,KRW,2026-06-05T09:03:38.313619+00:00
2009-12-04,KRW=X,1152.699951,yahoo,KRW,2026-06-05T09:03:38.313619+00:00
2009-12-07,KRW=X,1150.400024,yahoo,KRW,2026-06-05T09:03:38.313619+00:00
2009-12-08,KRW=X,1159.099976,yahoo,KRW,2026-06-05T09:03:38.313619+00:00
2009-12-09,KRW=X,1158.400024,yahoo,KRW,2026-06-05T09:03:38.313619+00:00
2009-12-10,KRW=X,1163.5,yahoo,KRW,2026-06-05T09:03:38.313619+00:00
2009-12-11,KRW=X,1161.699951,yahoo,KRW,2026-06-05T09:03:38.313619+00:00
2009-12-14,KRW=X,1155.0,yahoo,KRW,2026-06-05T09:03:38.313619+00:00
2009-12-15,KRW=X,1156.300049,yahoo,KRW,2026-06-05T09:03:38.313619+00:00
2009-12-16,KRW=X,1168.099976,yahoo,KRW,2026-06-05T09:03:38.313619+00:00
2009-12-17,KRW=X,1172.400024,yahoo,KRW,2026-06-05T09:03:38.313619+00:00
2009-12-18,KRW=X,1167.900024,yahoo,KRW,2026-06-05T09:03:38.313619+00:00
2009-12-21,KRW=X,1187.099976,yahoo,KRW,2026-06-05T09:03:38.313619+00:00
2009-12-22,KRW=X,1178.5,yahoo,KRW,2026-06-05T09:03:38.313619+00:00
2009-12-23,KRW=X,1182.199951,yahoo,KRW,2026-06-05T09:03:38.313619+00:00
2009-12-24,KRW=X,1156.099976,yahoo,KRW,2026-06-05T09:03:38.313619+00:00
2009-12-25,KRW=X,1154.699951,yahoo,KRW,2026-06-05T09:03:38.313619+00:00
2009-12-28,KRW=X,1170.199951,yahoo,KRW,2026-06-05T09:03:38.313619+00:00
2009-12-29,KRW=X,1166.800049,yahoo,KRW,2026-06-05T09:03:38.313619+00:00
2009-12-30,KRW=X,1161.599976,yahoo,KRW,2026-06-05T09:03:38.313619+00:00
2009-12-31,KRW=X,1151.099976,yahoo,KRW,2026-06-05T09:03:38.313619+00:00
2010-01-01,KRW=X,1146.0,yahoo,KRW,2026-06-05T09:03:38.313619+00:00
2010-01-04,KRW=X,1132.400024,yahoo,KRW,2026-06-05T09:03:38.313619+00:00
2010-01-05,KRW=X,1141.300049,yahoo,KRW,2026-06-05T09:03:38.313619+00:00
2010-01-06,KRW=X,1130.400024,yahoo,KRW,2026-06-05T09:03:38.313619+00:00
2010-01-07,KRW=X,1134.900024,yahoo,KRW,2026-06-05T09:03:38.313619+00:00
2010-01-08,KRW=X,1123.099976,yahoo,KRW,2026-06-05T09:03:38.313619+00:00
2010-01-11,KRW=X,1121.300049,yahoo,KRW,2026-06-05T09:03:38.313619+00:00
2010-01-12,KRW=X,1123.599976,yahoo,KRW,2026-06-05T09:03:38.313619+00:00
2010-01-13,KRW=X,1119.5,yahoo,KRW,2026-06-05T09:03:38.313619+00:00
2010-01-14,KRW=X,1120.699951,yahoo,KRW,2026-06-05T09:03:38.313619+00:00
2010-01-15,KRW=X,1121.800049,yahoo,KRW,2026-06-05T09:03:38.313619+00:00
2010-01-18,KRW=X,1122.300049,yahoo,KRW,2026-06-05T09:03:38.313619+00:00
2010-01-19,KRW=X,1128.099976,yahoo,KRW,2026-06-05T09:03:38.313619+00:00
2010-01-20,KRW=X,1132.199951,yahoo,KRW,2026-06-05T09:03:38.313619+00:00
2010-01-21,KRW=X,1142.099976,yahoo,KRW,2026-06-05T09:03:38.313619+00:00
2010-01-22,KRW=X,1154.199951,yahoo,KRW,2026-06-05T09:03:38.313619+00:00
2010-01-25,KRW=X,1130.800049,yahoo,KRW,2026-06-05T09:03:38.313619+00:00
2010-01-26,KRW=X,1159.599976,yahoo,KRW,2026-06-05T09:03:38.313619+00:00
2010-01-27,KRW=X,1163.800049,yahoo,KRW,2026-06-05T09:03:38.313619+00:00
2010-01-28,KRW=X,1153.099976,yahoo,KRW,2026-06-05T09:03:38.313619+00:00
2010-01-29,KRW=X,1158.199951,yahoo,KRW,2026-06-05T09:03:38.313619+00:00
2010-02-01,KRW=X,1163.199951,yahoo,KRW,2026-06-05T09:03:38.313619+00:00
2010-02-02,KRW=X,1157.400024,yahoo,KRW,2026-06-05T09:03:38.313619+00:00
2010-02-03,KRW=X,1148.400024,yahoo,KRW,2026-06-05T09:03:38.313619+00:00
2010-02-04,KRW=X,1147.0,yahoo,KRW,2026-06-05T09:03:38.313619+00:00
2010-02-05,KRW=X,1162.900024,yahoo,KRW,2026-06-05T09:03:38.313619+00:00
2010-02-08,KRW=X,1173.400024,yahoo,KRW,2026-06-05T09:03:38.313619+00:00
2010-02-09,KRW=X,1158.5,yahoo,KRW,2026-06-05T09:03:38.313619+00:00
2010-02-10,KRW=X,1158.400024,yahoo,KRW,2026-06-05T09:03:38.313619+00:00
2010-02-11,KRW=X,1152.599976,yahoo,KRW,2026-06-05T09:03:38.313619+00:00
2010-02-12,KRW=X,1150.800049,yahoo,KRW,2026-06-05T09:03:38.313619+00:00
2010-02-15,KRW=X,1146.400024,yahoo,KRW,2026-06-05T09:03:38.313619+00:00
2010-02-16,KRW=X,1145.199951,yahoo,KRW,2026-06-05T09:03:38.313619+00:00
2010-02-17,KRW=X,1147.5,yahoo,KRW,2026-06-05T09:03:38.313619+00:00
2010-02-18,KRW=X,1152.400024,yahoo,KRW,2026-06-05T09:03:38.313619+00:00
2010-02-19,KRW=X,1146.199951,yahoo,KRW,2026-06-05T09:03:38.313619+00:00
2010-02-22,KRW=X,1147.900024,yahoo,KRW,2026-06-05T09:03:38.313619+00:00
2010-02-23,KRW=X,1156.199951,yahoo,KRW,2026-06-05T09:03:38.313619+00:00
2010-02-24,KRW=X,1158.599976,yahoo,KRW,2026-06-05T09:03:38.313619+00:00
2010-02-25,KRW=X,1161.099976,yahoo,KRW,2026-06-05T09:03:38.313619+00:00
2010-02-26,KRW=X,1161.400024,yahoo,KRW,2026-06-05T09:03:38.313619+00:00
2010-03-01,KRW=X,1148.0,yahoo,KRW,2026-06-05T09:03:38.313619+00:00
2010-03-02,KRW=X,1142.099976,yahoo,KRW,2026-06-05T09:03:38.313619+00:00
2010-03-03,KRW=X,1143.199951,yahoo,KRW,2026-06-05T09:03:38.313619+00:00
2010-03-04,KRW=X,1143.5,yahoo,KRW,2026-06-05T09:03:38.313619+00:00
2010-03-05,KRW=X,1137.800049,yahoo,KRW,2026-06-05T09:03:38.313619+00:00
2010-03-08,KRW=X,1131.300049,yahoo,KRW,2026-06-05T09:03:38.313619+00:00
2010-03-09,KRW=X,1132.0,yahoo,KRW,2026-06-05T09:03:38.313619+00:00
2010-03-10,KRW=X,1129.699951,yahoo,KRW,2026-06-05T09:03:38.313619+00:00
2010-03-11,KRW=X,1131.400024,yahoo,KRW,2026-06-05T09:03:38.313619+00:00
2010-03-12,KRW=X,1126.800049,yahoo,KRW,2026-06-05T09:03:38.313619+00:00
2010-03-15,KRW=X,1131.900024,yahoo,KRW,2026-06-05T09:03:38.313619+00:00
2010-03-16,KRW=X,1132.199951,yahoo,KRW,2026-06-05T09:03:38.313619+00:00
2010-03-17,KRW=X,1129.5,yahoo,KRW,2026-06-05T09:03:38.313619+00:00
2010-03-18,KRW=X,1129.800049,yahoo,KRW,2026-06-05T09:03:38.313619+00:00
2010-03-19,KRW=X,1133.199951,yahoo,KRW,2026-06-05T09:03:38.313619+00:00
2010-03-22,KRW=X,1134.400024,yahoo,KRW,2026-06-05T09:03:38.313619+00:00
2010-03-23,KRW=X,1140.199951,yahoo,KRW,2026-06-05T09:03:38.313619+00:00
2010-03-24,KRW=X,1138.699951,yahoo,KRW,2026-06-05T09:03:38.313619+00:00
2010-03-25,KRW=X,1144.800049,yahoo,KRW,2026-06-05T09:03:38.313619+00:00
2010-03-26,KRW=X,1135.800049,yahoo,KRW,2026-06-05T09:03:38.313619+00:00
2010-03-28,KRW=X,1133.400024,yahoo,KRW,2026-06-05T09:03:38.313619+00:00
2010-03-29,KRW=X,1130.099976,yahoo,KRW,2026-06-05T09:03:38.313619+00:00
2010-03-30,KRW=X,1131.599976,yahoo,KRW,2026-06-05T09:03:38.313619+00:00
2010-03-31,KRW=X,1124.199951,yahoo,KRW,2026-06-05T09:03:38.313619+00:00
2010-04-01,KRW=X,1103.699951,yahoo,KRW,2026-06-05T09:03:38.313619+00:00
2010-04-04,KRW=X,1132.199951,yahoo,KRW,2026-06-05T09:03:38.313619+00:00
2010-04-05,KRW=X,1121.5,yahoo,KRW,2026-06-05T09:03:38.313619+00:00
2010-04-06,KRW=X,1121.300049,yahoo,KRW,2026-06-05T09:03:38.313619+00:00
2010-04-07,KRW=X,1122.099976,yahoo,KRW,2026-06-05T09:03:38.313619+00:00
2010-04-08,KRW=X,1113.699951,yahoo,KRW,2026-06-05T09:03:38.313619+00:00
2010-04-11,KRW=X,1113.0,yahoo,KRW,2026-06-05T09:03:38.313619+00:00
2010-04-12,KRW=X,1120.5,yahoo,KRW,2026-06-05T09:03:38.313619+00:00
2010-04-13,KRW=X,1111.800049,yahoo,KRW,2026-06-05T09:03:38.313619+00:00
2010-04-14,KRW=X,1104.5,yahoo,KRW,2026-06-05T09:03:38.313619+00:00
2010-04-15,KRW=X,1108.099976,yahoo,KRW,2026-06-05T09:03:38.313619+00:00
2010-04-18,KRW=X,1115.0,yahoo,KRW,2026-06-05T09:03:38.313619+00:00
2010-04-19,KRW=X,1117.5,yahoo,KRW,2026-06-05T09:03:38.313619+00:00
2010-04-20,KRW=X,1105.900024,yahoo,KRW,2026-06-05T09:03:38.313619+00:00
2010-04-21,KRW=X,1109.599976,yahoo,KRW,2026-06-05T09:03:38.313619+00:00
2010-04-22,KRW=X,1106.599976,yahoo,KRW,2026-06-05T09:03:38.313619+00:00
2010-04-25,KRW=X,1097.699951,yahoo,KRW,2026-06-05T09:03:38.313619+00:00
2010-04-26,KRW=X,1114.400024,yahoo,KRW,2026-06-05T09:03:38.313619+00:00
2010-04-27,KRW=X,1110.900024,yahoo,KRW,2026-06-05T09:03:38.313619+00:00
2010-04-28,KRW=X,1111.800049,yahoo,KRW,2026-06-05T09:03:38.313619+00:00
2010-04-29,KRW=X,1107.900024,yahoo,KRW,2026-06-05T09:03:38.313619+00:00
2010-05-02,KRW=X,1115.699951,yahoo,KRW,2026-06-05T09:03:38.313619+00:00
2010-05-03,KRW=X,1120.400024,yahoo,KRW,2026-06-05T09:03:38.313619+00:00
2010-05-04,KRW=X,1121.0,yahoo,KRW,2026-06-05T09:03:38.313619+00:00
2010-05-05,KRW=X,1144.900024,yahoo,KRW,2026-06-05T09:03:38.313619+00:00
2010-05-06,KRW=X,1151.0,yahoo,KRW,2026-06-05T09:03:38.313619+00:00
2010-05-09,KRW=X,1138.5,yahoo,KRW,2026-06-05T09:03:38.313619+00:00
2010-05-10,KRW=X,1141.400024,yahoo,KRW,2026-06-05T09:03:38.313619+00:00
2010-05-11,KRW=X,1143.099976,yahoo,KRW,2026-06-05T09:03:38.313619+00:00
2010-05-12,KRW=X,1108.900024,yahoo,KRW,2026-06-05T09:03:38.313619+00:00
2010-05-13,KRW=X,1132.400024,yahoo,KRW,2026-06-05T09:03:38.313619+00:00
2010-05-16,KRW=X,1122.300049,yahoo,KRW,2026-06-05T09:03:38.313619+00:00
2010-05-17,KRW=X,1162.099976,yahoo,KRW,2026-06-05T09:03:38.313619+00:00
2010-05-18,KRW=X,1120.800049,yahoo,KRW,2026-06-05T09:03:38.313619+00:00
2010-05-19,KRW=X,1182.599976,yahoo,KRW,2026-06-05T09:03:38.313619+00:00
2010-05-20,KRW=X,1193.5,yahoo,KRW,2026-06-05T09:03:38.313619+00:00
2010-05-23,KRW=X,1193.5,yahoo,KRW,2026-06-05T09:03:38.313619+00:00
2010-05-24,KRW=X,1243.599976,yahoo,KRW,2026-06-05T09:03:38.313619+00:00
2010-05-25,KRW=X,1257.400024,yahoo,KRW,2026-06-05T09:03:38.313619+00:00
2010-05-26,KRW=X,1225.5,yahoo,KRW,2026-06-05T09:03:38.313619+00:00
2010-05-27,KRW=X,1203.300049,yahoo,KRW,2026-06-05T09:03:38.313619+00:00
2010-05-30,KRW=X,1200.0,yahoo,KRW,2026-06-05T09:03:38.313619+00:00
2010-05-31,KRW=X,1218.5,yahoo,KRW,2026-06-05T09:03:38.313619+00:00
2010-06-01,KRW=X,1212.5,yahoo,KRW,2026-06-05T09:03:38.313619+00:00
2010-06-02,KRW=X,1200.099976,yahoo,KRW,2026-06-05T09:03:38.313619+00:00
2010-06-03,KRW=X,1203.5,yahoo,KRW,2026-06-05T09:03:38.313619+00:00
2010-06-06,KRW=X,1237.800049,yahoo,KRW,2026-06-05T09:03:38.313619+00:00
2010-06-07,KRW=X,1235.300049,yahoo,KRW,2026-06-05T09:03:38.313619+00:00
2010-06-08,KRW=X,1252.400024,yahoo,KRW,2026-06-05T09:03:38.313619+00:00
2010-06-09,KRW=X,1249.699951,yahoo,KRW,2026-06-05T09:03:38.313619+00:00
2010-06-10,KRW=X,1241.400024,yahoo,KRW,2026-06-05T09:03:38.313619+00:00
2010-06-13,KRW=X,1226.400024,yahoo,KRW,2026-06-05T09:03:38.313619+00:00
2010-06-14,KRW=X,1228.900024,yahoo,KRW,2026-06-05T09:03:38.313619+00:00
2010-06-15,KRW=X,1211.599976,yahoo,KRW,2026-06-05T09:03:38.313619+00:00
2010-06-16,KRW=X,1210.599976,yahoo,KRW,2026-06-05T09:03:38.313619+00:00
2010-06-17,KRW=X,1202.599976,yahoo,KRW,2026-06-05T09:03:38.313619+00:00
2010-06-20,KRW=X,1180.099976,yahoo,KRW,2026-06-05T09:03:38.313619+00:00
2010-06-21,KRW=X,1185.5,yahoo,KRW,2026-06-05T09:03:38.313619+00:00
2010-06-22,KRW=X,1178.099976,yahoo,KRW,2026-06-05T09:03:38.313619+00:00
2010-06-23,KRW=X,1190.300049,yahoo,KRW,2026-06-05T09:03:38.313619+00:00
2010-06-24,KRW=X,1210.300049,yahoo,KRW,2026-06-05T09:03:38.313619+00:00
2010-06-27,KRW=X,1207.0,yahoo,KRW,2026-06-05T09:03:38.313619+00:00
2010-06-28,KRW=X,1216.599976,yahoo,KRW,2026-06-05T09:03:38.313619+00:00
2010-06-29,KRW=X,1227.199951,yahoo,KRW,2026-06-05T09:03:38.313619+00:00
2010-06-30,KRW=X,1223.099976,yahoo,KRW,2026-06-05T09:03:38.313619+00:00
2010-07-01,KRW=X,1228.900024,yahoo,KRW,2026-06-05T09:03:38.313619+00:00
2010-07-04,KRW=X,1221.599976,yahoo,KRW,2026-06-05T09:03:38.313619+00:00
2010-07-05,KRW=X,1223.5,yahoo,KRW,2026-06-05T09:03:38.313619+00:00
2010-07-06,KRW=X,1217.300049,yahoo,KRW,2026-06-05T09:03:38.313619+00:00
2010-07-07,KRW=X,1205.099976,yahoo,KRW,2026-06-05T09:03:38.313619+00:00
2010-07-08,KRW=X,1196.800049,yahoo,KRW,2026-06-05T09:03:38.313619+00:00
2010-07-11,KRW=X,1201.5,yahoo,KRW,2026-06-05T09:03:38.313619+00:00
2010-07-12,KRW=X,1211.900024,yahoo,KRW,2026-06-05T09:03:38.313619+00:00
2010-07-13,KRW=X,1176.5,yahoo,KRW,2026-06-05T09:03:38.313619+00:00
2010-07-14,KRW=X,1198.199951,yahoo,KRW,2026-06-05T09:03:38.313619+00:00
2010-07-15,KRW=X,1201.599976,yahoo,KRW,2026-06-05T09:03:38.313619+00:00
2010-07-18,KRW=X,1215.400024,yahoo,KRW,2026-06-05T09:03:38.313619+00:00
2010-07-19,KRW=X,1207.900024,yahoo,KRW,2026-06-05T09:03:38.313619+00:00
2010-07-20,KRW=X,1207.800049,yahoo,KRW,2026-06-05T09:03:38.313619+00:00
2010-07-21,KRW=X,1202.800049,yahoo,KRW,2026-06-05T09:03:38.313619+00:00
2010-07-22,KRW=X,1193.400024,yahoo,KRW,2026-06-05T09:03:38.313619+00:00
2010-07-25,KRW=X,1188.699951,yahoo,KRW,2026-06-05T09:03:38.313619+00:00
2010-07-26,KRW=X,1181.0,yahoo,KRW,2026-06-05T09:03:38.313619+00:00
2010-07-27,KRW=X,1185.400024,yahoo,KRW,2026-06-05T09:03:38.313619+00:00
2010-07-28,KRW=X,1184.300049,yahoo,KRW,2026-06-05T09:03:38.313619+00:00
2010-07-29,KRW=X,1184.099976,yahoo,KRW,2026-06-05T09:03:38.313619+00:00
2010-08-01,KRW=X,1172.199951,yahoo,KRW,2026-06-05T09:03:38.313619+00:00
2010-08-02,KRW=X,1171.699951,yahoo,KRW,2026-06-05T09:03:38.313619+00:00
2010-08-03,KRW=X,1171.599976,yahoo,KRW,2026-06-05T09:03:38.313619+00:00
2010-08-04,KRW=X,1167.300049,yahoo,KRW,2026-06-05T09:03:38.313619+00:00
2010-08-05,KRW=X,1163.699951,yahoo,KRW,2026-06-05T09:03:38.313619+00:00
2010-08-08,KRW=X,1160.099976,yahoo,KRW,2026-06-05T09:03:38.313619+00:00
2010-08-09,KRW=X,1160.5,yahoo,KRW,2026-06-05T09:03:38.313619+00:00
2010-08-10,KRW=X,1159.699951,yahoo,KRW,2026-06-05T09:03:38.313619+00:00
2010-08-11,KRW=X,1186.300049,yahoo,KRW,2026-06-05T09:03:38.313619+00:00
2010-08-12,KRW=X,1188.5,yahoo,KRW,2026-06-05T09:03:38.313619+00:00
2010-08-15,KRW=X,1182.199951,yahoo,KRW,2026-06-05T09:03:38.313619+00:00
2010-08-16,KRW=X,1188.300049,yahoo,KRW,2026-06-05T09:03:38.313619+00:00
2010-08-17,KRW=X,1175.900024,yahoo,KRW,2026-06-05T09:03:38.313619+00:00
2010-08-18,KRW=X,1174.900024,yahoo,KRW,2026-06-05T09:03:38.313619+00:00
2010-08-19,KRW=X,1174.599976,yahoo,KRW,2026-06-05T09:03:38.313619+00:00
2010-08-22,KRW=X,1180.599976,yahoo,KRW,2026-06-05T09:03:38.313619+00:00
2010-08-23,KRW=X,1183.699951,yahoo,KRW,2026-06-05T09:03:38.313619+00:00
2010-08-24,KRW=X,1195.400024,yahoo,KRW,2026-06-05T09:03:38.313619+00:00
2010-08-25,KRW=X,1195.099976,yahoo,KRW,2026-06-05T09:03:38.313619+00:00
2010-08-26,KRW=X,1190.800049,yahoo,KRW,2026-06-05T09:03:38.313619+00:00
2010-08-29,KRW=X,1195.599976,yahoo,KRW,2026-06-05T09:03:38.313619+00:00
2010-08-30,KRW=X,1193.099976,yahoo,KRW,2026-06-05T09:03:38.313619+00:00
2010-08-31,KRW=X,1199.599976,yahoo,KRW,2026-06-05T09:03:38.313619+00:00
2010-09-01,KRW=X,1184.599976,yahoo,KRW,2026-06-05T09:03:38.313619+00:00
2010-09-02,KRW=X,1178.300049,yahoo,KRW,2026-06-05T09:03:38.313619+00:00
2010-09-05,KRW=X,1172.0,yahoo,KRW,2026-06-05T09:03:38.313619+00:00
2010-09-06,KRW=X,1173.0,yahoo,KRW,2026-06-05T09:03:38.313619+00:00
2010-09-07,KRW=X,1181.0,yahoo,KRW,2026-06-05T09:03:38.313619+00:00
2010-09-08,KRW=X,1170.800049,yahoo,KRW,2026-06-05T09:03:38.313619+00:00
2010-09-09,KRW=X,1167.800049,yahoo,KRW,2026-06-05T09:03:38.313619+00:00
2010-09-12,KRW=X,1166.099976,yahoo,KRW,2026-06-05T09:03:38.313619+00:00
2010-09-13,KRW=X,1160.400024,yahoo,KRW,2026-06-05T09:03:38.313619+00:00
2010-09-14,KRW=X,1161.099976,yahoo,KRW,2026-06-05T09:03:38.313619+00:00
2010-09-15,KRW=X,1157.900024,yahoo,KRW,2026-06-05T09:03:38.313619+00:00
2010-09-16,KRW=X,1161.900024,yahoo,KRW,2026-06-05T09:03:38.313619+00:00
2010-09-19,KRW=X,1159.900024,yahoo,KRW,2026-06-05T09:03:38.313619+00:00
2010-09-20,KRW=X,1162.0,yahoo,KRW,2026-06-05T09:03:38.313619+00:00
2010-09-21,KRW=X,1148.699951,yahoo,KRW,2026-06-05T09:03:38.313619+00:00
2010-09-22,KRW=X,1158.5,yahoo,KRW,2026-06-05T09:03:38.313619+00:00
2010-09-23,KRW=X,1152.599976,yahoo,KRW,2026-06-05T09:03:38.313619+00:00
2010-09-26,KRW=X,1154.199951,yahoo,KRW,2026-06-05T09:03:38.313619+00:00
2010-09-27,KRW=X,1148.5,yahoo,KRW,2026-06-05T09:03:38.313619+00:00
2010-09-28,KRW=X,1145.699951,yahoo,KRW,2026-06-05T09:03:38.313619+00:00
2010-09-29,KRW=X,1139.199951,yahoo,KRW,2026-06-05T09:03:38.313619+00:00
2010-09-30,KRW=X,1137.199951,yahoo,KRW,2026-06-05T09:03:38.313619+00:00
2010-10-03,KRW=X,1128.599976,yahoo,KRW,2026-06-05T09:03:38.313619+00:00
2010-10-04,KRW=X,1123.300049,yahoo,KRW,2026-06-05T09:03:38.313619+00:00
2010-10-05,KRW=X,1129.400024,yahoo,KRW,2026-06-05T09:03:38.313619+00:00
2010-10-06,KRW=X,1117.300049,yahoo,KRW,2026-06-05T09:03:38.313619+00:00
2010-10-07,KRW=X,1115.199951,yahoo,KRW,2026-06-05T09:03:38.313619+00:00
2010-10-10,KRW=X,1092.599976,yahoo,KRW,2026-06-05T09:03:38.313619+00:00
2010-10-11,KRW=X,1100.199951,yahoo,KRW,2026-06-05T09:03:38.313619+00:00
2010-10-12,KRW=X,1124.0,yahoo,KRW,2026-06-05T09:03:38.313619+00:00
2010-10-13,KRW=X,1118.099976,yahoo,KRW,2026-06-05T09:03:38.313619+00:00
2010-10-14,KRW=X,1109.699951,yahoo,KRW,2026-06-05T09:03:38.313619+00:00
2010-10-17,KRW=X,1111.5,yahoo,KRW,2026-06-05T09:03:38.313619+00:00
2010-10-18,KRW=X,1119.699951,yahoo,KRW,2026-06-05T09:03:38.313619+00:00
2010-10-19,KRW=X,1133.800049,yahoo,KRW,2026-06-05T09:03:38.313619+00:00
2010-10-20,KRW=X,1123.599976,yahoo,KRW,2026-06-05T09:03:38.313619+00:00
2010-10-21,KRW=X,1132.599976,yahoo,KRW,2026-06-05T09:03:38.313619+00:00
2010-10-24,KRW=X,1122.099976,yahoo,KRW,2026-06-05T09:03:38.313619+00:00
2010-10-25,KRW=X,1117.900024,yahoo,KRW,2026-06-05T09:03:38.313619+00:00
2010-10-26,KRW=X,1123.099976,yahoo,KRW,2026-06-05T09:03:38.313619+00:00
2010-10-27,KRW=X,1132.400024,yahoo,KRW,2026-06-05T09:03:38.313619+00:00
2010-10-28,KRW=X,1132.400024,yahoo,KRW,2026-06-05T09:03:38.313619+00:00
2010-11-01,KRW=X,1117.199951,yahoo,KRW,2026-06-05T09:03:38.313619+00:00
2010-11-02,KRW=X,1114.099976,yahoo,KRW,2026-06-05T09:03:38.313619+00:00
2010-11-03,KRW=X,1111.0,yahoo,KRW,2026-06-05T09:03:38.313619+00:00
2010-11-04,KRW=X,1101.699951,yahoo,KRW,2026-06-05T09:03:38.313619+00:00
2010-11-05,KRW=X,1104.900024,yahoo,KRW,2026-06-05T09:03:38.313619+00:00
2010-11-08,KRW=X,1105.199951,yahoo,KRW,2026-06-05T09:03:38.313619+00:00
2010-11-09,KRW=X,1119.699951,yahoo,KRW,2026-06-05T09:03:38.313619+00:00
2010-11-10,KRW=X,1118.800049,yahoo,KRW,2026-06-05T09:03:38.313619+00:00
2010-11-11,KRW=X,1105.599976,yahoo,KRW,2026-06-05T09:03:38.313619+00:00
2010-11-12,KRW=X,1114.0,yahoo,KRW,2026-06-05T09:03:38.313619+00:00
2010-11-15,KRW=X,1126.599976,yahoo,KRW,2026-06-05T09:03:38.313619+00:00
2010-11-16,KRW=X,1138.099976,yahoo,KRW,2026-06-05T09:03:38.313619+00:00
2010-11-17,KRW=X,1131.900024,yahoo,KRW,2026-06-05T09:03:38.313619+00:00
2010-11-18,KRW=X,1144.0,yahoo,KRW,2026-06-05T09:03:38.313619+00:00
2010-11-19,KRW=X,1126.300049,yahoo,KRW,2026-06-05T09:03:38.313619+00:00
2010-11-22,KRW=X,1123.599976,yahoo,KRW,2026-06-05T09:03:38.313619+00:00
2010-11-23,KRW=X,1128.0,yahoo,KRW,2026-06-05T09:03:38.313619+00:00
2010-11-24,KRW=X,1163.400024,yahoo,KRW,2026-06-05T09:03:38.313619+00:00
2010-11-25,KRW=X,1147.199951,yahoo,KRW,2026-06-05T09:03:38.313619+00:00
2010-11-26,KRW=X,1141.0,yahoo,KRW,2026-06-05T09:03:38.313619+00:00
2010-11-29,KRW=X,1154.900024,yahoo,KRW,2026-06-05T09:03:38.313619+00:00
2010-11-30,KRW=X,1163.0,yahoo,KRW,2026-06-05T09:03:38.313619+00:00
2010-12-01,KRW=X,1161.099976,yahoo,KRW,2026-06-05T09:03:38.313619+00:00
2010-12-02,KRW=X,1151.099976,yahoo,KRW,2026-06-05T09:03:38.313619+00:00
2010-12-03,KRW=X,1150.300049,yahoo,KRW,2026-06-05T09:03:38.313619+00:00
2010-12-06,KRW=X,1132.800049,yahoo,KRW,2026-06-05T09:03:38.313619+00:00
2010-12-07,KRW=X,1135.599976,yahoo,KRW,2026-06-05T09:03:38.313619+00:00
2010-12-08,KRW=X,1136.0,yahoo,KRW,2026-06-05T09:03:38.313619+00:00
2010-12-09,KRW=X,1141.0,yahoo,KRW,2026-06-05T09:03:38.313619+00:00
2010-12-10,KRW=X,1136.400024,yahoo,KRW,2026-06-05T09:03:38.313619+00:00
2010-12-13,KRW=X,1145.900024,yahoo,KRW,2026-06-05T09:03:38.313619+00:00
2010-12-14,KRW=X,1144.199951,yahoo,KRW,2026-06-05T09:03:38.313619+00:00
2010-12-15,KRW=X,1141.300049,yahoo,KRW,2026-06-05T09:03:38.313619+00:00
2010-12-16,KRW=X,1162.0,yahoo,KRW,2026-06-05T09:03:38.313619+00:00
2010-12-17,KRW=X,1151.099976,yahoo,KRW,2026-06-05T09:03:38.313619+00:00
2010-12-20,KRW=X,1143.0,yahoo,KRW,2026-06-05T09:03:38.313619+00:00
2010-12-21,KRW=X,1154.599976,yahoo,KRW,2026-06-05T09:03:38.313619+00:00
2010-12-22,KRW=X,1158.699951,yahoo,KRW,2026-06-05T09:03:38.313619+00:00
2010-12-23,KRW=X,1150.699951,yahoo,KRW,2026-06-05T09:03:38.313619+00:00
2010-12-24,KRW=X,1149.099976,yahoo,KRW,2026-06-05T09:03:38.313619+00:00
2010-12-27,KRW=X,1125.5,yahoo,KRW,2026-06-05T09:03:38.313619+00:00
2010-12-28,KRW=X,1144.099976,yahoo,KRW,2026-06-05T09:03:38.313619+00:00
2010-12-29,KRW=X,1146.5,yahoo,KRW,2026-06-05T09:03:38.313619+00:00
2010-12-30,KRW=X,1139.199951,yahoo,KRW,2026-06-05T09:03:38.313619+00:00
2010-12-31,KRW=X,1127.099976,yahoo,KRW,2026-06-05T09:03:38.313619+00:00
2011-01-03,KRW=X,1122.400024,yahoo,KRW,2026-06-05T09:03:38.313619+00:00
2011-01-04,KRW=X,1124.800049,yahoo,KRW,2026-06-05T09:03:38.313619+00:00
2011-01-05,KRW=X,1122.0,yahoo,KRW,2026-06-05T09:03:38.313619+00:00
2011-01-06,KRW=X,1128.0,yahoo,KRW,2026-06-05T09:03:38.313619+00:00
2011-01-07,KRW=X,1125.800049,yahoo,KRW,2026-06-05T09:03:38.313619+00:00
2011-01-10,KRW=X,1124.0,yahoo,KRW,2026-06-05T09:03:38.313619+00:00
2011-01-11,KRW=X,1125.400024,yahoo,KRW,2026-06-05T09:03:38.313619+00:00
2011-01-12,KRW=X,1124.300049,yahoo,KRW,2026-06-05T09:03:38.313619+00:00
2011-01-13,KRW=X,1105.599976,yahoo,KRW,2026-06-05T09:03:38.313619+00:00
2011-01-14,KRW=X,1110.900024,yahoo,KRW,2026-06-05T09:03:38.313619+00:00
2011-01-17,KRW=X,1091.400024,yahoo,KRW,2026-06-05T09:03:38.313619+00:00
2011-01-18,KRW=X,1115.400024,yahoo,KRW,2026-06-05T09:03:38.313619+00:00
2011-01-19,KRW=X,1111.900024,yahoo,KRW,2026-06-05T09:03:38.313619+00:00
2011-01-20,KRW=X,1116.0,yahoo,KRW,2026-06-05T09:03:38.313619+00:00
2011-01-21,KRW=X,1100.199951,yahoo,KRW,2026-06-05T09:03:38.313619+00:00
2011-01-24,KRW=X,1114.099976,yahoo,KRW,2026-06-05T09:03:38.313619+00:00
2011-01-25,KRW=X,1120.099976,yahoo,KRW,2026-06-05T09:03:38.313619+00:00
2011-01-26,KRW=X,1117.300049,yahoo,KRW,2026-06-05T09:03:38.313619+00:00
2011-01-27,KRW=X,1114.5,yahoo,KRW,2026-06-05T09:03:38.313619+00:00
2011-01-28,KRW=X,1110.800049,yahoo,KRW,2026-06-05T09:03:38.313619+00:00
2011-01-31,KRW=X,1117.400024,yahoo,KRW,2026-06-05T09:03:38.313619+00:00
2011-02-01,KRW=X,1118.599976,yahoo,KRW,2026-06-05T09:03:38.313619+00:00
2011-02-02,KRW=X,1109.900024,yahoo,KRW,2026-06-05T09:03:38.313619+00:00
2011-02-03,KRW=X,1109.900024,yahoo,KRW,2026-06-05T09:03:38.313619+00:00
2011-02-04,KRW=X,1115.599976,yahoo,KRW,2026-06-05T09:03:38.313619+00:00
2011-02-07,KRW=X,1113.400024,yahoo,KRW,2026-06-05T09:03:38.313619+00:00
2011-02-08,KRW=X,1099.900024,yahoo,KRW,2026-06-05T09:03:38.313619+00:00
2011-02-09,KRW=X,1104.400024,yahoo,KRW,2026-06-05T09:03:38.313619+00:00
2011-02-10,KRW=X,1104.0,yahoo,KRW,2026-06-05T09:03:38.313619+00:00
2011-02-11,KRW=X,1122.800049,yahoo,KRW,2026-06-05T09:03:38.313619+00:00
2011-02-14,KRW=X,1125.800049,yahoo,KRW,2026-06-05T09:03:38.313619+00:00
2011-02-15,KRW=X,1124.800049,yahoo,KRW,2026-06-05T09:03:38.313619+00:00
2011-02-16,KRW=X,1121.0,yahoo,KRW,2026-06-05T09:03:38.313619+00:00
2011-02-17,KRW=X,1114.5,yahoo,KRW,2026-06-05T09:03:38.313619+00:00
2011-02-18,KRW=X,1113.0,yahoo,KRW,2026-06-05T09:03:38.313619+00:00
2011-02-21,KRW=X,1107.099976,yahoo,KRW,2026-06-05T09:03:38.313619+00:00
2011-02-22,KRW=X,1117.400024,yahoo,KRW,2026-06-05T09:03:38.313619+00:00
2011-02-23,KRW=X,1126.5,yahoo,KRW,2026-06-05T09:03:38.313619+00:00
2011-02-24,KRW=X,1126.099976,yahoo,KRW,2026-06-05T09:03:38.313619+00:00
2011-02-25,KRW=X,1129.900024,yahoo,KRW,2026-06-05T09:03:38.313619+00:00
2011-02-28,KRW=X,1127.099976,yahoo,KRW,2026-06-05T09:03:38.313619+00:00
2011-03-01,KRW=X,1121.199951,yahoo,KRW,2026-06-05T09:03:38.313619+00:00
2011-03-02,KRW=X,1126.0,yahoo,KRW,2026-06-05T09:03:38.313619+00:00
2011-03-03,KRW=X,1122.5,yahoo,KRW,2026-06-05T09:03:38.313619+00:00
2011-03-04,KRW=X,1115.900024,yahoo,KRW,2026-06-05T09:03:38.313619+00:00
2011-03-07,KRW=X,1116.0,yahoo,KRW,2026-06-05T09:03:38.313619+00:00
2011-03-08,KRW=X,1118.400024,yahoo,KRW,2026-06-05T09:03:38.313619+00:00
2011-03-09,KRW=X,1115.300049,yahoo,KRW,2026-06-05T09:03:38.313619+00:00
2011-03-10,KRW=X,1115.800049,yahoo,KRW,2026-06-05T09:03:38.313619+00:00
2011-03-11,KRW=X,1125.0,yahoo,KRW,2026-06-05T09:03:38.313619+00:00
2011-03-14,KRW=X,1119.300049,yahoo,KRW,2026-06-05T09:03:38.313619+00:00
2011-03-15,KRW=X,1126.099976,yahoo,KRW,2026-06-05T09:03:38.313619+00:00
2011-03-16,KRW=X,1136.199951,yahoo,KRW,2026-06-05T09:03:38.313619+00:00
2011-03-17,KRW=X,1138.599976,yahoo,KRW,2026-06-05T09:03:38.313619+00:00
2011-03-18,KRW=X,1131.800049,yahoo,KRW,2026-06-05T09:03:38.313619+00:00
2011-03-21,KRW=X,1124.599976,yahoo,KRW,2026-06-05T09:03:38.313619+00:00
2011-03-22,KRW=X,1118.300049,yahoo,KRW,2026-06-05T09:03:38.313619+00:00
2011-03-23,KRW=X,1123.5,yahoo,KRW,2026-06-05T09:03:38.313619+00:00
2011-03-24,KRW=X,1124.900024,yahoo,KRW,2026-06-05T09:03:38.313619+00:00
2011-03-25,KRW=X,1119.099976,yahoo,KRW,2026-06-05T09:03:38.313619+00:00
2011-03-27,KRW=X,1113.400024,yahoo,KRW,2026-06-05T09:03:38.313619+00:00
2011-03-28,KRW=X,1112.900024,yahoo,KRW,2026-06-05T09:03:38.313619+00:00
2011-03-29,KRW=X,1109.599976,yahoo,KRW,2026-06-05T09:03:38.313619+00:00
2011-03-30,KRW=X,1098.300049,yahoo,KRW,2026-06-05T09:03:38.313619+00:00
2011-03-31,KRW=X,1099.199951,yahoo,KRW,2026-06-05T09:03:38.313619+00:00
2011-04-03,KRW=X,1085.199951,yahoo,KRW,2026-06-05T09:03:38.313619+00:00
2011-04-04,KRW=X,1086.5,yahoo,KRW,2026-06-05T09:03:38.313619+00:00
2011-04-05,KRW=X,1087.199951,yahoo,KRW,2026-06-05T09:03:38.313619+00:00
2011-04-06,KRW=X,1083.300049,yahoo,KRW,2026-06-05T09:03:38.313619+00:00
2011-04-07,KRW=X,1087.699951,yahoo,KRW,2026-06-05T09:03:38.313619+00:00
2011-04-10,KRW=X,1079.599976,yahoo,KRW,2026-06-05T09:03:38.313619+00:00
2011-04-11,KRW=X,1087.0,yahoo,KRW,2026-06-05T09:03:38.313619+00:00
2011-04-12,KRW=X,1090.0,yahoo,KRW,2026-06-05T09:03:38.313619+00:00
2011-04-13,KRW=X,1088.300049,yahoo,KRW,2026-06-05T09:03:38.313619+00:00
2011-04-17,KRW=X,1089.300049,yahoo,KRW,2026-06-05T09:03:38.313619+00:00
2011-04-18,KRW=X,1090.099976,yahoo,KRW,2026-06-05T09:03:38.313619+00:00
2011-04-19,KRW=X,1084.300049,yahoo,KRW,2026-06-05T09:03:38.313619+00:00
2011-04-20,KRW=X,1076.5,yahoo,KRW,2026-06-05T09:03:38.313619+00:00
2011-04-21,KRW=X,1081.0,yahoo,KRW,2026-06-05T09:03:38.313619+00:00
2011-04-24,KRW=X,1080.800049,yahoo,KRW,2026-06-05T09:03:38.313619+00:00
2011-04-25,KRW=X,1079.300049,yahoo,KRW,2026-06-05T09:03:38.313619+00:00
2011-04-26,KRW=X,1078.099976,yahoo,KRW,2026-06-05T09:03:38.313619+00:00
2011-04-27,KRW=X,1070.0,yahoo,KRW,2026-06-05T09:03:38.313619+00:00
2011-04-28,KRW=X,1068.800049,yahoo,KRW,2026-06-05T09:03:38.313619+00:00
2011-05-01,KRW=X,1069.599976,yahoo,KRW,2026-06-05T09:03:38.313619+00:00
2011-05-02,KRW=X,1068.0,yahoo,KRW,2026-06-05T09:03:38.313619+00:00
2011-05-03,KRW=X,1073.699951,yahoo,KRW,2026-06-05T09:03:38.313619+00:00
2011-05-04,KRW=X,1077.699951,yahoo,KRW,2026-06-05T09:03:38.313619+00:00
2011-05-05,KRW=X,1083.699951,yahoo,KRW,2026-06-05T09:03:38.313619+00:00
2011-05-08,KRW=X,1095.5,yahoo,KRW,2026-06-05T09:03:38.313619+00:00
2011-05-09,KRW=X,1075.099976,yahoo,KRW,2026-06-05T09:03:38.313619+00:00
2011-05-10,KRW=X,1077.699951,yahoo,KRW,2026-06-05T09:03:38.313619+00:00
2011-05-11,KRW=X,1079.699951,yahoo,KRW,2026-06-05T09:03:38.313619+00:00
2011-05-12,KRW=X,1086.900024,yahoo,KRW,2026-06-05T09:03:38.313619+00:00
2011-05-15,KRW=X,1091.0,yahoo,KRW,2026-06-05T09:03:38.313619+00:00
2011-05-16,KRW=X,1095.599976,yahoo,KRW,2026-06-05T09:03:38.313619+00:00
2011-05-17,KRW=X,1062.699951,yahoo,KRW,2026-06-05T09:03:38.313619+00:00
2011-05-18,KRW=X,1087.800049,yahoo,KRW,2026-06-05T09:03:38.313619+00:00
2011-05-19,KRW=X,1080.699951,yahoo,KRW,2026-06-05T09:03:38.313619+00:00
2011-05-22,KRW=X,1087.0,yahoo,KRW,2026-06-05T09:03:38.313619+00:00
2011-05-23,KRW=X,1095.199951,yahoo,KRW,2026-06-05T09:03:38.313619+00:00
2011-05-24,KRW=X,1093.099976,yahoo,KRW,2026-06-05T09:03:38.313619+00:00
2011-05-25,KRW=X,1102.199951,yahoo,KRW,2026-06-05T09:03:38.313619+00:00
2011-05-26,KRW=X,1084.900024,yahoo,KRW,2026-06-05T09:03:38.313619+00:00
2011-05-29,KRW=X,1080.400024,yahoo,KRW,2026-06-05T09:03:38.313619+00:00
2011-05-30,KRW=X,1075.300049,yahoo,KRW,2026-06-05T09:03:38.313619+00:00
2011-05-31,KRW=X,1073.400024,yahoo,KRW,2026-06-05T09:03:38.313619+00:00
2011-06-01,KRW=X,1082.800049,yahoo,KRW,2026-06-05T09:03:38.313619+00:00
2011-06-02,KRW=X,1076.599976,yahoo,KRW,2026-06-05T09:03:38.313619+00:00
2011-06-05,KRW=X,1072.800049,yahoo,KRW,2026-06-05T09:03:38.313619+00:00
2011-06-06,KRW=X,1081.099976,yahoo,KRW,2026-06-05T09:03:38.313619+00:00
2011-06-07,KRW=X,1079.900024,yahoo,KRW,2026-06-05T09:03:38.313619+00:00
2011-06-08,KRW=X,1078.199951,yahoo,KRW,2026-06-05T09:03:38.313619+00:00
2011-06-09,KRW=X,1083.599976,yahoo,KRW,2026-06-05T09:03:38.313619+00:00
2011-06-12,KRW=X,1071.300049,yahoo,KRW,2026-06-05T09:03:38.313619+00:00
2011-06-13,KRW=X,1081.199951,yahoo,KRW,2026-06-05T09:03:38.313619+00:00
2011-06-14,KRW=X,1083.400024,yahoo,KRW,2026-06-05T09:03:38.313619+00:00
2011-06-15,KRW=X,1084.400024,yahoo,KRW,2026-06-05T09:03:38.313619+00:00
2011-06-16,KRW=X,1087.599976,yahoo,KRW,2026-06-05T09:03:38.313619+00:00
2011-06-19,KRW=X,1087.699951,yahoo,KRW,2026-06-05T09:03:38.313619+00:00
2011-06-20,KRW=X,1081.699951,yahoo,KRW,2026-06-05T09:03:38.313619+00:00
2011-06-21,KRW=X,1079.300049,yahoo,KRW,2026-06-05T09:03:38.313619+00:00
2011-06-22,KRW=X,1080.300049,yahoo,KRW,2026-06-05T09:03:38.313619+00:00
2011-06-23,KRW=X,1074.800049,yahoo,KRW,2026-06-05T09:03:38.313619+00:00
2011-06-26,KRW=X,1079.199951,yahoo,KRW,2026-06-05T09:03:38.313619+00:00
2011-06-27,KRW=X,1081.900024,yahoo,KRW,2026-06-05T09:03:38.313619+00:00
2011-06-28,KRW=X,1080.5,yahoo,KRW,2026-06-05T09:03:38.313619+00:00
2011-06-29,KRW=X,1068.900024,yahoo,KRW,2026-06-05T09:03:38.313619+00:00
2011-06-30,KRW=X,1067.900024,yahoo,KRW,2026-06-05T09:03:38.313619+00:00
2011-07-03,KRW=X,1062.599976,yahoo,KRW,2026-06-05T09:03:38.313619+00:00
2011-07-04,KRW=X,1060.199951,yahoo,KRW,2026-06-05T09:03:38.313619+00:00
2011-07-05,KRW=X,1067.599976,yahoo,KRW,2026-06-05T09:03:38.313619+00:00
2011-07-06,KRW=X,1065.800049,yahoo,KRW,2026-06-05T09:03:38.313619+00:00
2011-07-07,KRW=X,1062.0,yahoo,KRW,2026-06-05T09:03:38.313619+00:00
2011-07-10,KRW=X,1059.599976,yahoo,KRW,2026-06-05T09:03:38.313619+00:00
2011-07-11,KRW=X,1056.099976,yahoo,KRW,2026-06-05T09:03:38.313619+00:00
2011-07-12,KRW=X,1067.800049,yahoo,KRW,2026-06-05T09:03:38.313619+00:00
2011-07-13,KRW=X,1049.599976,yahoo,KRW,2026-06-05T09:03:38.313619+00:00
2011-07-14,KRW=X,1057.099976,yahoo,KRW,2026-06-05T09:03:38.313619+00:00
2011-07-17,KRW=X,1059.199951,yahoo,KRW,2026-06-05T09:03:38.313619+00:00
2011-07-18,KRW=X,1056.300049,yahoo,KRW,2026-06-05T09:03:38.313619+00:00
2011-07-19,KRW=X,1058.0,yahoo,KRW,2026-06-05T09:03:38.313619+00:00
2011-07-20,KRW=X,1048.0,yahoo,KRW,2026-06-05T09:03:38.313619+00:00
2011-07-21,KRW=X,1050.400024,yahoo,KRW,2026-06-05T09:03:38.313619+00:00
2011-07-24,KRW=X,1032.300049,yahoo,KRW,2026-06-05T09:03:38.313619+00:00
2011-07-25,KRW=X,1052.099976,yahoo,KRW,2026-06-05T09:03:38.313619+00:00
2011-07-26,KRW=X,1048.300049,yahoo,KRW,2026-06-05T09:03:38.313619+00:00
2011-07-27,KRW=X,1052.300049,yahoo,KRW,2026-06-05T09:03:38.313619+00:00
2011-07-28,KRW=X,1049.0,yahoo,KRW,2026-06-05T09:03:38.313619+00:00
2011-07-31,KRW=X,1055.300049,yahoo,KRW,2026-06-05T09:03:38.313619+00:00
2011-08-01,KRW=X,1046.800049,yahoo,KRW,2026-06-05T09:03:38.313619+00:00
2011-08-02,KRW=X,1056.400024,yahoo,KRW,2026-06-05T09:03:38.313619+00:00
2011-08-03,KRW=X,1056.900024,yahoo,KRW,2026-06-05T09:03:38.313619+00:00
2011-08-04,KRW=X,1067.400024,yahoo,KRW,2026-06-05T09:03:38.313619+00:00
2011-08-07,KRW=X,1056.5,yahoo,KRW,2026-06-05T09:03:38.313619+00:00
2011-08-08,KRW=X,1087.699951,yahoo,KRW,2026-06-05T09:03:38.313619+00:00
2011-08-09,KRW=X,1076.699951,yahoo,KRW,2026-06-05T09:03:38.313619+00:00
2011-08-10,KRW=X,1084.400024,yahoo,KRW,2026-06-05T09:03:38.313619+00:00
2011-08-11,KRW=X,1077.699951,yahoo,KRW,2026-06-05T09:03:38.313619+00:00
2011-08-14,KRW=X,1055.199951,yahoo,KRW,2026-06-05T09:03:38.313619+00:00
2011-08-15,KRW=X,1047.800049,yahoo,KRW,2026-06-05T09:03:38.313619+00:00
2011-08-16,KRW=X,1069.199951,yahoo,KRW,2026-06-05T09:03:38.313619+00:00
2011-08-17,KRW=X,1067.900024,yahoo,KRW,2026-06-05T09:03:38.313619+00:00
2011-08-18,KRW=X,1075.800049,yahoo,KRW,2026-06-05T09:03:38.313619+00:00
2011-08-21,KRW=X,1089.199951,yahoo,KRW,2026-06-05T09:03:38.313619+00:00
2011-08-22,KRW=X,1084.5,yahoo,KRW,2026-06-05T09:03:38.313619+00:00
2011-08-23,KRW=X,1076.199951,yahoo,KRW,2026-06-05T09:03:38.313619+00:00
2011-08-24,KRW=X,1082.699951,yahoo,KRW,2026-06-05T09:03:38.313619+00:00
2011-08-25,KRW=X,1088.300049,yahoo,KRW,2026-06-05T09:03:38.313619+00:00
2011-08-28,KRW=X,1076.599976,yahoo,KRW,2026-06-05T09:03:38.313619+00:00
2011-08-29,KRW=X,1072.199951,yahoo,KRW,2026-06-05T09:03:38.313619+00:00
2011-08-30,KRW=X,1071.800049,yahoo,KRW,2026-06-05T09:03:38.313619+00:00
2011-08-31,KRW=X,1065.800049,yahoo,KRW,2026-06-05T09:03:38.313619+00:00
2011-09-01,KRW=X,1062.5,yahoo,KRW,2026-06-05T09:03:38.313619+00:00
2011-09-04,KRW=X,1067.800049,yahoo,KRW,2026-06-05T09:03:38.313619+00:00
2011-09-05,KRW=X,1071.800049,yahoo,KRW,2026-06-05T09:03:38.313619+00:00
2011-09-06,KRW=X,1076.0,yahoo,KRW,2026-06-05T09:03:38.313619+00:00
2011-09-07,KRW=X,1067.900024,yahoo,KRW,2026-06-05T09:03:38.313619+00:00
2011-09-08,KRW=X,1078.5,yahoo,KRW,2026-06-05T09:03:38.313619+00:00
2011-09-11,KRW=X,1081.400024,yahoo,KRW,2026-06-05T09:03:38.313619+00:00
2011-09-12,KRW=X,1074.300049,yahoo,KRW,2026-06-05T09:03:38.313619+00:00
2011-09-13,KRW=X,1075.800049,yahoo,KRW,2026-06-05T09:03:38.313619+00:00
2011-09-14,KRW=X,1104.300049,yahoo,KRW,2026-06-05T09:03:38.313619+00:00
2011-09-15,KRW=X,1111.900024,yahoo,KRW,2026-06-05T09:03:38.313619+00:00
2011-09-18,KRW=X,1117.5,yahoo,KRW,2026-06-05T09:03:38.313619+00:00
2011-09-19,KRW=X,1141.699951,yahoo,KRW,2026-06-05T09:03:38.313619+00:00
2011-09-20,KRW=X,1140.300049,yahoo,KRW,2026-06-05T09:03:38.313619+00:00
2011-09-21,KRW=X,1164.0,yahoo,KRW,2026-06-05T09:03:38.313619+00:00
2011-09-22,KRW=X,1176.099976,yahoo,KRW,2026-06-05T09:03:38.313619+00:00
2011-09-25,KRW=X,1161.599976,yahoo,KRW,2026-06-05T09:03:38.313619+00:00
2011-09-26,KRW=X,1180.599976,yahoo,KRW,2026-06-05T09:03:38.313619+00:00
2011-09-27,KRW=X,1166.5,yahoo,KRW,2026-06-05T09:03:38.313619+00:00
2011-09-28,KRW=X,1179.699951,yahoo,KRW,2026-06-05T09:03:38.313619+00:00
2011-09-29,KRW=X,1177.0,yahoo,KRW,2026-06-05T09:03:38.313619+00:00
2011-10-02,KRW=X,1187.599976,yahoo,KRW,2026-06-05T09:03:38.313619+00:00
2011-10-03,KRW=X,1187.199951,yahoo,KRW,2026-06-05T09:03:38.313619+00:00
2011-10-04,KRW=X,1152.5,yahoo,KRW,2026-06-05T09:03:38.313619+00:00
2011-10-05,KRW=X,1184.900024,yahoo,KRW,2026-06-05T09:03:38.313619+00:00
2011-10-06,KRW=X,1180.199951,yahoo,KRW,2026-06-05T09:03:38.313619+00:00
2011-10-09,KRW=X,1163.800049,yahoo,KRW,2026-06-05T09:03:38.313619+00:00
2011-10-10,KRW=X,1170.900024,yahoo,KRW,2026-06-05T09:03:38.313619+00:00
2011-10-11,KRW=X,1171.800049,yahoo,KRW,2026-06-05T09:03:38.313619+00:00
2011-10-12,KRW=X,1165.300049,yahoo,KRW,2026-06-05T09:03:38.313619+00:00
2011-10-13,KRW=X,1157.199951,yahoo,KRW,2026-06-05T09:03:38.313619+00:00
2011-10-16,KRW=X,1153.800049,yahoo,KRW,2026-06-05T09:03:38.313619+00:00
2011-10-17,KRW=X,1150.400024,yahoo,KRW,2026-06-05T09:03:38.313619+00:00
2011-10-18,KRW=X,1147.5,yahoo,KRW,2026-06-05T09:03:38.313619+00:00
2011-10-19,KRW=X,1133.599976,yahoo,KRW,2026-06-05T09:03:38.313619+00:00
2011-10-20,KRW=X,1137.300049,yahoo,KRW,2026-06-05T09:03:38.313619+00:00
2011-10-23,KRW=X,1148.400024,yahoo,KRW,2026-06-05T09:03:38.313619+00:00
2011-10-24,KRW=X,1132.800049,yahoo,KRW,2026-06-05T09:03:38.313619+00:00
2011-10-25,KRW=X,1131.099976,yahoo,KRW,2026-06-05T09:03:38.313619+00:00
2011-10-26,KRW=X,1130.699951,yahoo,KRW,2026-06-05T09:03:38.313619+00:00
2011-10-27,KRW=X,1106.300049,yahoo,KRW,2026-06-05T09:03:38.313619+00:00
2011-10-31,KRW=X,1104.0,yahoo,KRW,2026-06-05T09:03:38.313619+00:00
2011-11-01,KRW=X,1116.900024,yahoo,KRW,2026-06-05T09:03:38.313619+00:00
2011-11-02,KRW=X,1123.699951,yahoo,KRW,2026-06-05T09:03:38.313619+00:00
2011-11-03,KRW=X,1124.800049,yahoo,KRW,2026-06-05T09:03:38.313619+00:00
2011-11-04,KRW=X,1124.0,yahoo,KRW,2026-06-05T09:03:38.313619+00:00
2011-11-07,KRW=X,1106.400024,yahoo,KRW,2026-06-05T09:03:38.313619+00:00
2011-11-08,KRW=X,1115.699951,yahoo,KRW,2026-06-05T09:03:38.313619+00:00
2011-11-09,KRW=X,1113.900024,yahoo,KRW,2026-06-05T09:03:38.313619+00:00
2011-11-10,KRW=X,1123.5,yahoo,KRW,2026-06-05T09:03:38.313619+00:00
2011-11-11,KRW=X,1130.300049,yahoo,KRW,2026-06-05T09:03:38.313619+00:00
2011-11-14,KRW=X,1124.900024,yahoo,KRW,2026-06-05T09:03:38.313619+00:00
2011-11-15,KRW=X,1125.5,yahoo,KRW,2026-06-05T09:03:38.313619+00:00
2011-11-16,KRW=X,1129.5,yahoo,KRW,2026-06-05T09:03:38.313619+00:00
2011-11-17,KRW=X,1139.0,yahoo,KRW,2026-06-05T09:03:38.313619+00:00
2011-11-18,KRW=X,1136.800049,yahoo,KRW,2026-06-05T09:03:38.313619+00:00
2011-11-21,KRW=X,1137.400024,yahoo,KRW,2026-06-05T09:03:38.313619+00:00
2011-11-22,KRW=X,1146.199951,yahoo,KRW,2026-06-05T09:03:38.313619+00:00
2011-11-23,KRW=X,1144.800049,yahoo,KRW,2026-06-05T09:03:38.313619+00:00
2011-11-24,KRW=X,1159.599976,yahoo,KRW,2026-06-05T09:03:38.313619+00:00
2011-11-25,KRW=X,1155.300049,yahoo,KRW,2026-06-05T09:03:38.313619+00:00
2011-11-28,KRW=X,1155.599976,yahoo,KRW,2026-06-05T09:03:38.313619+00:00
2011-11-29,KRW=X,1128.0,yahoo,KRW,2026-06-05T09:03:38.313619+00:00
2011-11-30,KRW=X,1140.300049,yahoo,KRW,2026-06-05T09:03:38.313619+00:00
2011-12-01,KRW=X,1140.199951,yahoo,KRW,2026-06-05T09:03:38.313619+00:00
2011-12-02,KRW=X,1127.199951,yahoo,KRW,2026-06-05T09:03:38.313619+00:00
2011-12-05,KRW=X,1124.599976,yahoo,KRW,2026-06-05T09:03:38.313619+00:00
2011-12-06,KRW=X,1130.5,yahoo,KRW,2026-06-05T09:03:38.313619+00:00
2011-12-07,KRW=X,1127.0,yahoo,KRW,2026-06-05T09:03:38.313619+00:00
2011-12-08,KRW=X,1127.099976,yahoo,KRW,2026-06-05T09:03:38.313619+00:00
2011-12-09,KRW=X,1131.199951,yahoo,KRW,2026-06-05T09:03:38.313619+00:00
2011-12-12,KRW=X,1145.599976,yahoo,KRW,2026-06-05T09:03:38.313619+00:00
2011-12-13,KRW=X,1134.5,yahoo,KRW,2026-06-05T09:03:38.313619+00:00
2011-12-14,KRW=X,1163.300049,yahoo,KRW,2026-06-05T09:03:38.313619+00:00
2011-12-15,KRW=X,1156.699951,yahoo,KRW,2026-06-05T09:03:38.313619+00:00
2011-12-16,KRW=X,1154.900024,yahoo,KRW,2026-06-05T09:03:38.313619+00:00
2011-12-19,KRW=X,1156.5,yahoo,KRW,2026-06-05T09:03:38.313619+00:00
2011-12-20,KRW=X,1175.800049,yahoo,KRW,2026-06-05T09:03:38.313619+00:00
2011-12-21,KRW=X,1155.5,yahoo,KRW,2026-06-05T09:03:38.313619+00:00
2011-12-22,KRW=X,1150.0,yahoo,KRW,2026-06-05T09:03:38.313619+00:00
2011-12-23,KRW=X,1152.099976,yahoo,KRW,2026-06-05T09:03:38.313619+00:00
2011-12-26,KRW=X,1148.0,yahoo,KRW,2026-06-05T09:03:38.313619+00:00
2011-12-27,KRW=X,1147.5,yahoo,KRW,2026-06-05T09:03:38.313619+00:00
2011-12-28,KRW=X,1155.5,yahoo,KRW,2026-06-05T09:03:38.313619+00:00
2011-12-29,KRW=X,1155.699951,yahoo,KRW,2026-06-05T09:03:38.313619+00:00
2011-12-30,KRW=X,1155.400024,yahoo,KRW,2026-06-05T09:03:38.313619+00:00
2012-01-02,KRW=X,1159.400024,yahoo,KRW,2026-06-05T09:03:38.313619+00:00
2012-01-03,KRW=X,1152.599976,yahoo,KRW,2026-06-05T09:03:38.313619+00:00
2012-01-04,KRW=X,1144.800049,yahoo,KRW,2026-06-05T09:03:38.313619+00:00
2012-01-05,KRW=X,1147.199951,yahoo,KRW,2026-06-05T09:03:38.313619+00:00
2012-01-06,KRW=X,1153.400024,yahoo,KRW,2026-06-05T09:03:38.313619+00:00
2012-01-09,KRW=X,1163.599976,yahoo,KRW,2026-06-05T09:03:38.313619+00:00
2012-01-10,KRW=X,1156.199951,yahoo,KRW,2026-06-05T09:03:38.313619+00:00
2012-01-11,KRW=X,1156.099976,yahoo,KRW,2026-06-05T09:03:38.313619+00:00
2012-01-12,KRW=X,1155.800049,yahoo,KRW,2026-06-05T09:03:38.313619+00:00
2012-01-13,KRW=X,1150.599976,yahoo,KRW,2026-06-05T09:03:38.313619+00:00
2012-01-16,KRW=X,1153.5,yahoo,KRW,2026-06-05T09:03:38.313619+00:00
2012-01-17,KRW=X,1151.599976,yahoo,KRW,2026-06-05T09:03:38.313619+00:00
2012-01-18,KRW=X,1142.400024,yahoo,KRW,2026-06-05T09:03:38.313619+00:00
2012-01-19,KRW=X,1135.099976,yahoo,KRW,2026-06-05T09:03:38.313619+00:00
2012-01-20,KRW=X,1130.400024,yahoo,KRW,2026-06-05T09:03:38.313619+00:00
2012-01-23,KRW=X,1138.0,yahoo,KRW,2026-06-05T09:03:38.313619+00:00
2012-01-24,KRW=X,1126.0,yahoo,KRW,2026-06-05T09:03:38.313619+00:00
2012-01-25,KRW=X,1127.300049,yahoo,KRW,2026-06-05T09:03:38.313619+00:00
2012-01-26,KRW=X,1117.699951,yahoo,KRW,2026-06-05T09:03:38.313619+00:00
2012-01-27,KRW=X,1125.199951,yahoo,KRW,2026-06-05T09:03:38.313619+00:00
2012-01-30,KRW=X,1118.5,yahoo,KRW,2026-06-05T09:03:38.313619+00:00
2012-01-31,KRW=X,1125.699951,yahoo,KRW,2026-06-05T09:03:38.313619+00:00
2012-02-01,KRW=X,1123.0,yahoo,KRW,2026-06-05T09:03:38.313619+00:00
2012-02-02,KRW=X,1125.400024,yahoo,KRW,2026-06-05T09:03:38.313619+00:00
2012-02-03,KRW=X,1117.599976,yahoo,KRW,2026-06-05T09:03:38.313619+00:00
2012-02-06,KRW=X,1114.199951,yahoo,KRW,2026-06-05T09:03:38.313619+00:00
2012-02-07,KRW=X,1119.199951,yahoo,KRW,2026-06-05T09:03:38.313619+00:00
2012-02-08,KRW=X,1116.199951,yahoo,KRW,2026-06-05T09:03:38.313619+00:00
2012-02-09,KRW=X,1116.5,yahoo,KRW,2026-06-05T09:03:38.313619+00:00
2012-02-10,KRW=X,1118.300049,yahoo,KRW,2026-06-05T09:03:38.313619+00:00
2012-02-13,KRW=X,1119.099976,yahoo,KRW,2026-06-05T09:03:38.313619+00:00
2012-02-14,KRW=X,1119.5,yahoo,KRW,2026-06-05T09:03:38.313619+00:00
2012-02-15,KRW=X,1125.5,yahoo,KRW,2026-06-05T09:03:38.313619+00:00
2012-02-16,KRW=X,1123.699951,yahoo,KRW,2026-06-05T09:03:38.313619+00:00
2012-02-17,KRW=X,1125.599976,yahoo,KRW,2026-06-05T09:03:38.313619+00:00
2012-02-20,KRW=X,1119.0,yahoo,KRW,2026-06-05T09:03:38.313619+00:00
2012-02-21,KRW=X,1120.699951,yahoo,KRW,2026-06-05T09:03:38.313619+00:00
2012-02-22,KRW=X,1123.300049,yahoo,KRW,2026-06-05T09:03:38.313619+00:00
2012-02-23,KRW=X,1127.099976,yahoo,KRW,2026-06-05T09:03:38.313619+00:00
2012-02-24,KRW=X,1126.300049,yahoo,KRW,2026-06-05T09:03:38.313619+00:00
2012-02-27,KRW=X,1121.900024,yahoo,KRW,2026-06-05T09:03:38.313619+00:00
2012-02-28,KRW=X,1125.199951,yahoo,KRW,2026-06-05T09:03:38.313619+00:00
2012-02-29,KRW=X,1124.599976,yahoo,KRW,2026-06-05T09:03:38.313619+00:00
2012-03-01,KRW=X,1118.599976,yahoo,KRW,2026-06-05T09:03:38.313619+00:00
2012-03-02,KRW=X,1113.699951,yahoo,KRW,2026-06-05T09:03:38.313619+00:00
2012-03-05,KRW=X,1095.699951,yahoo,KRW,2026-06-05T09:03:38.313619+00:00
2012-03-06,KRW=X,1117.5,yahoo,KRW,2026-06-05T09:03:38.313619+00:00
2012-03-07,KRW=X,1122.800049,yahoo,KRW,2026-06-05T09:03:38.313619+00:00
2012-03-08,KRW=X,1122.0,yahoo,KRW,2026-06-05T09:03:38.313619+00:00
2012-03-09,KRW=X,1114.5,yahoo,KRW,2026-06-05T09:03:38.313619+00:00
2012-03-12,KRW=X,1115.699951,yahoo,KRW,2026-06-05T09:03:38.313619+00:00
2012-03-13,KRW=X,1122.800049,yahoo,KRW,2026-06-05T09:03:38.313619+00:00
2012-03-14,KRW=X,1122.099976,yahoo,KRW,2026-06-05T09:03:38.313619+00:00
2012-03-15,KRW=X,1131.800049,yahoo,KRW,2026-06-05T09:03:38.313619+00:00
2012-03-16,KRW=X,1123.300049,yahoo,KRW,2026-06-05T09:03:38.313619+00:00
2012-03-19,KRW=X,1124.5,yahoo,KRW,2026-06-05T09:03:38.313619+00:00
2012-03-20,KRW=X,1119.099976,yahoo,KRW,2026-06-05T09:03:38.313619+00:00
2012-03-21,KRW=X,1126.599976,yahoo,KRW,2026-06-05T09:03:38.313619+00:00
2012-03-22,KRW=X,1129.199951,yahoo,KRW,2026-06-05T09:03:38.313619+00:00
2012-03-23,KRW=X,1132.300049,yahoo,KRW,2026-06-05T09:03:38.313619+00:00
2012-03-25,KRW=X,1107.900024,yahoo,KRW,2026-06-05T09:03:38.313619+00:00
2012-03-26,KRW=X,1132.099976,yahoo,KRW,2026-06-05T09:03:38.313619+00:00
2012-03-27,KRW=X,1135.300049,yahoo,KRW,2026-06-05T09:03:38.313619+00:00
2012-03-28,KRW=X,1136.199951,yahoo,KRW,2026-06-05T09:03:38.313619+00:00
2012-03-29,KRW=X,1138.0,yahoo,KRW,2026-06-05T09:03:38.313619+00:00
2012-04-01,KRW=X,1129.599976,yahoo,KRW,2026-06-05T09:03:38.313619+00:00
2012-04-02,KRW=X,1124.699951,yahoo,KRW,2026-06-05T09:03:38.313619+00:00
2012-04-03,KRW=X,1125.400024,yahoo,KRW,2026-06-05T09:03:38.313619+00:00
2012-04-04,KRW=X,1130.0,yahoo,KRW,2026-06-05T09:03:38.313619+00:00
2012-04-05,KRW=X,1129.400024,yahoo,KRW,2026-06-05T09:03:38.313619+00:00
2012-04-08,KRW=X,1127.699951,yahoo,KRW,2026-06-05T09:03:38.313619+00:00
2012-04-09,KRW=X,1125.199951,yahoo,KRW,2026-06-05T09:03:38.313619+00:00
2012-04-10,KRW=X,1138.400024,yahoo,KRW,2026-06-05T09:03:38.313619+00:00
2012-04-11,KRW=X,1142.599976,yahoo,KRW,2026-06-05T09:03:38.313619+00:00
2012-04-12,KRW=X,1133.5,yahoo,KRW,2026-06-05T09:03:38.313619+00:00
2012-04-15,KRW=X,1119.900024,yahoo,KRW,2026-06-05T09:03:38.313619+00:00
2012-04-16,KRW=X,1134.800049,yahoo,KRW,2026-06-05T09:03:38.313619+00:00
2012-04-17,KRW=X,1133.099976,yahoo,KRW,2026-06-05T09:03:38.313619+00:00
2012-04-18,KRW=X,1139.599976,yahoo,KRW,2026-06-05T09:03:38.313619+00:00
2012-04-19,KRW=X,1139.800049,yahoo,KRW,2026-06-05T09:03:38.313619+00:00
2012-04-22,KRW=X,1138.900024,yahoo,KRW,2026-06-05T09:03:38.313619+00:00
2012-04-23,KRW=X,1140.599976,yahoo,KRW,2026-06-05T09:03:38.313619+00:00
2012-04-24,KRW=X,1138.300049,yahoo,KRW,2026-06-05T09:03:38.313619+00:00
2012-04-25,KRW=X,1136.900024,yahoo,KRW,2026-06-05T09:03:38.313619+00:00
2012-04-26,KRW=X,1131.699951,yahoo,KRW,2026-06-05T09:03:38.313619+00:00
2012-04-29,KRW=X,1131.699951,yahoo,KRW,2026-06-05T09:03:38.313619+00:00
2012-04-30,KRW=X,1129.0,yahoo,KRW,2026-06-05T09:03:38.313619+00:00
2012-05-01,KRW=X,1129.099976,yahoo,KRW,2026-06-05T09:03:38.313619+00:00
2012-05-02,KRW=X,1129.400024,yahoo,KRW,2026-06-05T09:03:38.313619+00:00
2012-05-03,KRW=X,1130.099976,yahoo,KRW,2026-06-05T09:03:38.313619+00:00
2012-05-06,KRW=X,1120.300049,yahoo,KRW,2026-06-05T09:03:38.313619+00:00
2012-05-07,KRW=X,1137.5,yahoo,KRW,2026-06-05T09:03:38.313619+00:00
2012-05-08,KRW=X,1137.0,yahoo,KRW,2026-06-05T09:03:38.313619+00:00
2012-05-09,KRW=X,1143.300049,yahoo,KRW,2026-06-05T09:03:38.313619+00:00
2012-05-10,KRW=X,1141.699951,yahoo,KRW,2026-06-05T09:03:38.313619+00:00
2012-05-13,KRW=X,1147.699951,yahoo,KRW,2026-06-05T09:03:38.313619+00:00
2012-05-14,KRW=X,1152.599976,yahoo,KRW,2026-06-05T09:03:38.313619+00:00
2012-05-15,KRW=X,1155.0,yahoo,KRW,2026-06-05T09:03:38.313619+00:00
2012-05-16,KRW=X,1165.400024,yahoo,KRW,2026-06-05T09:03:38.313619+00:00
2012-05-17,KRW=X,1164.800049,yahoo,KRW,2026-06-05T09:03:38.313619+00:00
2012-05-20,KRW=X,1168.699951,yahoo,KRW,2026-06-05T09:03:38.313619+00:00
2012-05-21,KRW=X,1165.699951,yahoo,KRW,2026-06-05T09:03:38.313619+00:00
2012-05-22,KRW=X,1165.5,yahoo,KRW,2026-06-05T09:03:38.313619+00:00
2012-05-23,KRW=X,1179.900024,yahoo,KRW,2026-06-05T09:03:38.313619+00:00
2012-05-24,KRW=X,1176.099976,yahoo,KRW,2026-06-05T09:03:38.313619+00:00
2012-05-27,KRW=X,1162.699951,yahoo,KRW,2026-06-05T09:03:38.313619+00:00
2012-05-28,KRW=X,1183.599976,yahoo,KRW,2026-06-05T09:03:38.313619+00:00
2012-05-29,KRW=X,1175.099976,yahoo,KRW,2026-06-05T09:03:38.313619+00:00
2012-05-30,KRW=X,1179.699951,yahoo,KRW,2026-06-05T09:03:38.313619+00:00
2012-05-31,KRW=X,1179.0,yahoo,KRW,2026-06-05T09:03:38.313619+00:00
2012-06-03,KRW=X,1184.599976,yahoo,KRW,2026-06-05T09:03:38.313619+00:00
2012-06-04,KRW=X,1177.5,yahoo,KRW,2026-06-05T09:03:38.313619+00:00
2012-06-05,KRW=X,1177.400024,yahoo,KRW,2026-06-05T09:03:38.313619+00:00
2012-06-06,KRW=X,1173.300049,yahoo,KRW,2026-06-05T09:03:38.313619+00:00
2012-06-07,KRW=X,1163.699951,yahoo,KRW,2026-06-05T09:03:38.313619+00:00
2012-06-10,KRW=X,1134.099976,yahoo,KRW,2026-06-05T09:03:38.313619+00:00
2012-06-11,KRW=X,1170.199951,yahoo,KRW,2026-06-05T09:03:38.313619+00:00
2012-06-12,KRW=X,1168.0,yahoo,KRW,2026-06-05T09:03:38.313619+00:00
2012-06-13,KRW=X,1165.300049,yahoo,KRW,2026-06-05T09:03:38.313619+00:00
2012-06-14,KRW=X,1163.199951,yahoo,KRW,2026-06-05T09:03:38.313619+00:00
2012-06-17,KRW=X,1131.0,yahoo,KRW,2026-06-05T09:03:38.313619+00:00
2012-06-18,KRW=X,1156.400024,yahoo,KRW,2026-06-05T09:03:38.313619+00:00
2012-06-19,KRW=X,1152.0,yahoo,KRW,2026-06-05T09:03:38.313619+00:00
2012-06-20,KRW=X,1150.709961,yahoo,KRW,2026-06-05T09:03:38.313619+00:00
2012-06-21,KRW=X,1153.199951,yahoo,KRW,2026-06-05T09:03:38.313619+00:00
2012-06-24,KRW=X,1160.599976,yahoo,KRW,2026-06-05T09:03:38.313619+00:00
2012-06-25,KRW=X,1161.0,yahoo,KRW,2026-06-05T09:03:38.313619+00:00
2012-06-26,KRW=X,1157.300049,yahoo,KRW,2026-06-05T09:03:38.313619+00:00
2012-06-27,KRW=X,1154.400024,yahoo,KRW,2026-06-05T09:03:38.313619+00:00
2012-06-28,KRW=X,1157.099976,yahoo,KRW,2026-06-05T09:03:38.313619+00:00
2012-07-01,KRW=X,1114.699951,yahoo,KRW,2026-06-05T09:03:38.313619+00:00
2012-07-02,KRW=X,1142.599976,yahoo,KRW,2026-06-05T09:03:38.313619+00:00
2012-07-03,KRW=X,1132.300049,yahoo,KRW,2026-06-05T09:03:38.313619+00:00
2012-07-04,KRW=X,1136.400024,yahoo,KRW,2026-06-05T09:03:38.313619+00:00
2012-07-05,KRW=X,1132.599976,yahoo,KRW,2026-06-05T09:03:38.313619+00:00
2012-07-08,KRW=X,1126.300049,yahoo,KRW,2026-06-05T09:03:38.313619+00:00
2012-07-09,KRW=X,1142.0,yahoo,KRW,2026-06-05T09:03:38.313619+00:00
2012-07-10,KRW=X,1139.0,yahoo,KRW,2026-06-05T09:03:38.313619+00:00
2012-07-11,KRW=X,1139.800049,yahoo,KRW,2026-06-05T09:03:38.313619+00:00
2012-07-12,KRW=X,1153.300049,yahoo,KRW,2026-06-05T09:03:38.313619+00:00
2012-07-15,KRW=X,1119.800049,yahoo,KRW,2026-06-05T09:03:38.313619+00:00
2012-07-16,KRW=X,1145.199951,yahoo,KRW,2026-06-05T09:03:38.313619+00:00
2012-07-17,KRW=X,1144.300049,yahoo,KRW,2026-06-05T09:03:38.313619+00:00
2012-07-18,KRW=X,1141.199951,yahoo,KRW,2026-06-05T09:03:38.313619+00:00
2012-07-19,KRW=X,1137.400024,yahoo,KRW,2026-06-05T09:03:38.313619+00:00
2012-07-22,KRW=X,1144.599976,yahoo,KRW,2026-06-05T09:03:38.313619+00:00
2012-07-23,KRW=X,1149.099976,yahoo,KRW,2026-06-05T09:03:38.313619+00:00
2012-07-24,KRW=X,1148.199951,yahoo,KRW,2026-06-05T09:03:38.313619+00:00
2012-07-25,KRW=X,1148.199951,yahoo,KRW,2026-06-05T09:03:38.313619+00:00
2012-07-26,KRW=X,1145.699951,yahoo,KRW,2026-06-05T09:03:38.313619+00:00
2012-07-29,KRW=X,1115.199951,yahoo,KRW,2026-06-05T09:03:38.313619+00:00
2012-07-30,KRW=X,1136.599976,yahoo,KRW,2026-06-05T09:03:38.313619+00:00
2012-07-31,KRW=X,1129.400024,yahoo,KRW,2026-06-05T09:03:38.313619+00:00
2012-08-01,KRW=X,1126.0,yahoo,KRW,2026-06-05T09:03:38.313619+00:00
2012-08-02,KRW=X,1130.900024,yahoo,KRW,2026-06-05T09:03:38.313619+00:00
2012-08-05,KRW=X,1097.800049,yahoo,KRW,2026-06-05T09:03:38.313619+00:00
2012-08-06,KRW=X,1127.199951,yahoo,KRW,2026-06-05T09:03:38.313619+00:00
2012-08-07,KRW=X,1127.800049,yahoo,KRW,2026-06-05T09:03:38.313619+00:00
2012-08-08,KRW=X,1129.0,yahoo,KRW,2026-06-05T09:03:38.313619+00:00
2012-08-09,KRW=X,1126.099976,yahoo,KRW,2026-06-05T09:03:38.313619+00:00
2012-08-12,KRW=X,1105.900024,yahoo,KRW,2026-06-05T09:03:38.313619+00:00
2012-08-13,KRW=X,1127.900024,yahoo,KRW,2026-06-05T09:03:38.313619+00:00
2012-08-14,KRW=X,1129.099976,yahoo,KRW,2026-06-05T09:03:38.313619+00:00
2012-08-15,KRW=X,1129.599976,yahoo,KRW,2026-06-05T09:03:38.313619+00:00
2012-08-16,KRW=X,1132.5,yahoo,KRW,2026-06-05T09:03:38.313619+00:00
2012-08-19,KRW=X,1134.599976,yahoo,KRW,2026-06-05T09:03:38.313619+00:00
2012-08-20,KRW=X,1134.400024,yahoo,KRW,2026-06-05T09:03:38.313619+00:00
2012-08-21,KRW=X,1129.599976,yahoo,KRW,2026-06-05T09:03:38.313619+00:00
2012-08-22,KRW=X,1127.199951,yahoo,KRW,2026-06-05T09:03:38.313619+00:00
2012-08-23,KRW=X,1130.699951,yahoo,KRW,2026-06-05T09:03:38.313619+00:00
2012-08-26,KRW=X,1112.199951,yahoo,KRW,2026-06-05T09:03:38.313619+00:00
2012-08-27,KRW=X,1134.199951,yahoo,KRW,2026-06-05T09:03:38.313619+00:00
2012-08-28,KRW=X,1133.699951,yahoo,KRW,2026-06-05T09:03:38.313619+00:00
2012-08-29,KRW=X,1134.0,yahoo,KRW,2026-06-05T09:03:38.313619+00:00
2012-08-30,KRW=X,1133.599976,yahoo,KRW,2026-06-05T09:03:38.313619+00:00
2012-09-02,KRW=X,1132.300049,yahoo,KRW,2026-06-05T09:03:38.313619+00:00
2012-09-03,KRW=X,1130.5,yahoo,KRW,2026-06-05T09:03:38.313619+00:00
2012-09-04,KRW=X,1132.400024,yahoo,KRW,2026-06-05T09:03:38.313619+00:00
2012-09-05,KRW=X,1135.300049,yahoo,KRW,2026-06-05T09:03:38.313619+00:00
2012-09-06,KRW=X,1133.0,yahoo,KRW,2026-06-05T09:03:38.313619+00:00
2012-09-09,KRW=X,1097.599976,yahoo,KRW,2026-06-05T09:03:38.313619+00:00
2012-09-10,KRW=X,1127.900024,yahoo,KRW,2026-06-05T09:03:38.313619+00:00
2012-09-11,KRW=X,1127.5,yahoo,KRW,2026-06-05T09:03:38.313619+00:00
2012-09-12,KRW=X,1126.0,yahoo,KRW,2026-06-05T09:03:38.313619+00:00
2012-09-13,KRW=X,1127.900024,yahoo,KRW,2026-06-05T09:03:38.313619+00:00
2012-09-16,KRW=X,1116.900024,yahoo,KRW,2026-06-05T09:03:38.313619+00:00
2012-09-17,KRW=X,1115.400024,yahoo,KRW,2026-06-05T09:03:38.313619+00:00
2012-09-18,KRW=X,1117.900024,yahoo,KRW,2026-06-05T09:03:38.313619+00:00
2012-09-19,KRW=X,1114.800049,yahoo,KRW,2026-06-05T09:03:38.313619+00:00
2012-09-20,KRW=X,1117.800049,yahoo,KRW,2026-06-05T09:03:38.313619+00:00
2012-09-23,KRW=X,1119.199951,yahoo,KRW,2026-06-05T09:03:38.313619+00:00
2012-09-24,KRW=X,1119.5,yahoo,KRW,2026-06-05T09:03:38.313619+00:00
2012-09-25,KRW=X,1117.199951,yahoo,KRW,2026-06-05T09:03:38.313619+00:00
2012-09-26,KRW=X,1118.400024,yahoo,KRW,2026-06-05T09:03:38.313619+00:00
2012-09-27,KRW=X,1115.400024,yahoo,KRW,2026-06-05T09:03:38.313619+00:00
2012-09-30,KRW=X,1099.699951,yahoo,KRW,2026-06-05T09:03:38.313619+00:00
2012-10-01,KRW=X,1111.300049,yahoo,KRW,2026-06-05T09:03:38.313619+00:00
2012-10-02,KRW=X,1112.099976,yahoo,KRW,2026-06-05T09:03:38.313619+00:00
2012-10-03,KRW=X,1112.300049,yahoo,KRW,2026-06-05T09:03:38.313619+00:00
2012-10-04,KRW=X,1111.300049,yahoo,KRW,2026-06-05T09:03:38.313619+00:00
2012-10-07,KRW=X,1082.699951,yahoo,KRW,2026-06-05T09:03:38.313619+00:00
2012-10-08,KRW=X,1110.199951,yahoo,KRW,2026-06-05T09:03:38.313619+00:00
2012-10-09,KRW=X,1110.5,yahoo,KRW,2026-06-05T09:03:38.313619+00:00
2012-10-10,KRW=X,1112.599976,yahoo,KRW,2026-06-05T09:03:38.313619+00:00
2012-10-11,KRW=X,1112.099976,yahoo,KRW,2026-06-05T09:03:38.313619+00:00
2012-10-14,KRW=X,1111.699951,yahoo,KRW,2026-06-05T09:03:38.313619+00:00
2012-10-15,KRW=X,1109.5,yahoo,KRW,2026-06-05T09:03:38.313619+00:00
2012-10-16,KRW=X,1105.699951,yahoo,KRW,2026-06-05T09:03:38.313619+00:00
2012-10-17,KRW=X,1103.699951,yahoo,KRW,2026-06-05T09:03:38.313619+00:00
2012-10-18,KRW=X,1103.900024,yahoo,KRW,2026-06-05T09:03:38.313619+00:00
2012-10-21,KRW=X,1104.5,yahoo,KRW,2026-06-05T09:03:38.313619+00:00
2012-10-22,KRW=X,1103.400024,yahoo,KRW,2026-06-05T09:03:38.313619+00:00
2012-10-23,KRW=X,1102.5,yahoo,KRW,2026-06-05T09:03:38.313619+00:00
2012-10-24,KRW=X,1103.0,yahoo,KRW,2026-06-05T09:03:38.313619+00:00
2012-10-25,KRW=X,1097.0,yahoo,KRW,2026-06-05T09:03:38.313619+00:00
2012-10-29,KRW=X,1069.900024,yahoo,KRW,2026-06-05T09:03:38.313619+00:00
2012-10-30,KRW=X,1096.900024,yahoo,KRW,2026-06-05T09:03:38.313619+00:00
2012-10-31,KRW=X,1090.300049,yahoo,KRW,2026-06-05T09:03:38.313619+00:00
2012-11-01,KRW=X,1089.199951,yahoo,KRW,2026-06-05T09:03:38.313619+00:00
2012-11-02,KRW=X,1089.800049,yahoo,KRW,2026-06-05T09:03:38.313619+00:00
2012-11-05,KRW=X,1091.5,yahoo,KRW,2026-06-05T09:03:38.313619+00:00
2012-11-06,KRW=X,1089.800049,yahoo,KRW,2026-06-05T09:03:38.313619+00:00
2012-11-07,KRW=X,1089.099976,yahoo,KRW,2026-06-05T09:03:38.313619+00:00
2012-11-08,KRW=X,1085.699951,yahoo,KRW,2026-06-05T09:03:38.313619+00:00
2012-11-09,KRW=X,1088.300049,yahoo,KRW,2026-06-05T09:03:38.313619+00:00
2012-11-12,KRW=X,1057.099976,yahoo,KRW,2026-06-05T09:03:38.313619+00:00
2012-11-13,KRW=X,1088.900024,yahoo,KRW,2026-06-05T09:03:38.313619+00:00
2012-11-14,KRW=X,1088.5,yahoo,KRW,2026-06-05T09:03:38.313619+00:00
2012-11-15,KRW=X,1085.400024,yahoo,KRW,2026-06-05T09:03:38.313619+00:00
2012-11-16,KRW=X,1087.599976,yahoo,KRW,2026-06-05T09:03:38.313619+00:00
2012-11-19,KRW=X,1090.0,yahoo,KRW,2026-06-05T09:03:38.313619+00:00
2012-11-20,KRW=X,1085.300049,yahoo,KRW,2026-06-05T09:03:38.313619+00:00
2012-11-21,KRW=X,1081.900024,yahoo,KRW,2026-06-05T09:03:38.313619+00:00
2012-11-22,KRW=X,1081.0,yahoo,KRW,2026-06-05T09:03:38.313619+00:00
2012-11-23,KRW=X,1084.199951,yahoo,KRW,2026-06-05T09:03:38.313619+00:00
2012-11-26,KRW=X,1058.099976,yahoo,KRW,2026-06-05T09:03:38.313619+00:00
2012-11-27,KRW=X,1084.699951,yahoo,KRW,2026-06-05T09:03:38.313619+00:00
2012-11-28,KRW=X,1085.699951,yahoo,KRW,2026-06-05T09:03:38.313619+00:00
2012-11-29,KRW=X,1084.400024,yahoo,KRW,2026-06-05T09:03:38.313619+00:00
2012-11-30,KRW=X,1082.099976,yahoo,KRW,2026-06-05T09:03:38.313619+00:00
2012-12-03,KRW=X,1055.699951,yahoo,KRW,2026-06-05T09:03:38.313619+00:00
2012-12-05,KRW=X,1082.599976,yahoo,KRW,2026-06-05T09:03:38.313619+00:00
2012-12-06,KRW=X,1081.699951,yahoo,KRW,2026-06-05T09:03:38.313619+00:00
2012-12-07,KRW=X,1082.599976,yahoo,KRW,2026-06-05T09:03:38.313619+00:00
2012-12-10,KRW=X,1082.900024,yahoo,KRW,2026-06-05T09:03:38.313619+00:00
2012-12-11,KRW=X,1076.599976,yahoo,KRW,2026-06-05T09:03:38.313619+00:00
2012-12-12,KRW=X,1074.099976,yahoo,KRW,2026-06-05T09:03:38.313619+00:00
2012-12-13,KRW=X,1072.5,yahoo,KRW,2026-06-05T09:03:38.313619+00:00
2012-12-14,KRW=X,1073.099976,yahoo,KRW,2026-06-05T09:03:38.313619+00:00
2012-12-17,KRW=X,1045.699951,yahoo,KRW,2026-06-05T09:03:38.313619+00:00
2012-12-18,KRW=X,1071.300049,yahoo,KRW,2026-06-05T09:03:38.313619+00:00
2012-12-19,KRW=X,1071.699951,yahoo,KRW,2026-06-05T09:03:38.313619+00:00
2012-12-20,KRW=X,1071.300049,yahoo,KRW,2026-06-05T09:03:38.313619+00:00
2012-12-21,KRW=X,1073.599976,yahoo,KRW,2026-06-05T09:03:38.313619+00:00
2012-12-24,KRW=X,1075.400024,yahoo,KRW,2026-06-05T09:03:38.313619+00:00
2012-12-25,KRW=X,1072.300049,yahoo,KRW,2026-06-05T09:03:38.313619+00:00
2012-12-26,KRW=X,1072.099976,yahoo,KRW,2026-06-05T09:03:38.313619+00:00
2012-12-27,KRW=X,1072.400024,yahoo,KRW,2026-06-05T09:03:38.313619+00:00
2012-12-28,KRW=X,1071.599976,yahoo,KRW,2026-06-05T09:03:38.313619+00:00
2012-12-31,KRW=X,1038.099976,yahoo,KRW,2026-06-05T09:03:38.313619+00:00
2013-01-01,KRW=X,1062.5,yahoo,KRW,2026-06-05T09:03:38.313619+00:00
2013-01-02,KRW=X,1062.5,yahoo,KRW,2026-06-05T09:03:38.313619+00:00
2013-01-03,KRW=X,1062.599976,yahoo,KRW,2026-06-05T09:03:38.313619+00:00
2013-01-04,KRW=X,1061.900024,yahoo,KRW,2026-06-05T09:03:38.313619+00:00
2013-01-07,KRW=X,1033.099976,yahoo,KRW,2026-06-05T09:03:38.313619+00:00
2013-01-08,KRW=X,1062.199951,yahoo,KRW,2026-06-05T09:03:38.313619+00:00
2013-01-09,KRW=X,1062.900024,yahoo,KRW,2026-06-05T09:03:38.313619+00:00
2013-01-10,KRW=X,1059.5,yahoo,KRW,2026-06-05T09:03:38.313619+00:00
2013-01-11,KRW=X,1057.599976,yahoo,KRW,2026-06-05T09:03:38.313619+00:00
2013-01-14,KRW=X,1023.200012,yahoo,KRW,2026-06-05T09:03:38.313619+00:00
2013-01-15,KRW=X,1055.300049,yahoo,KRW,2026-06-05T09:03:38.313619+00:00
2013-01-16,KRW=X,1056.300049,yahoo,KRW,2026-06-05T09:03:38.313619+00:00
2013-01-17,KRW=X,1057.800049,yahoo,KRW,2026-06-05T09:03:38.313619+00:00
2013-01-18,KRW=X,1057.099976,yahoo,KRW,2026-06-05T09:03:38.313619+00:00
2013-01-21,KRW=X,1038.599976,yahoo,KRW,2026-06-05T09:03:38.313619+00:00
2013-01-22,KRW=X,1063.400024,yahoo,KRW,2026-06-05T09:03:38.313619+00:00
2013-01-23,KRW=X,1062.900024,yahoo,KRW,2026-06-05T09:03:38.313619+00:00
2013-01-24,KRW=X,1066.300049,yahoo,KRW,2026-06-05T09:03:38.313619+00:00
2013-01-25,KRW=X,1068.300049,yahoo,KRW,2026-06-05T09:03:38.313619+00:00
2013-01-28,KRW=X,1074.099976,yahoo,KRW,2026-06-05T09:03:38.313619+00:00
2013-01-29,KRW=X,1090.900024,yahoo,KRW,2026-06-05T09:03:38.313619+00:00
2013-01-30,KRW=X,1083.199951,yahoo,KRW,2026-06-05T09:03:38.313619+00:00
2013-01-31,KRW=X,1085.400024,yahoo,KRW,2026-06-05T09:03:38.313619+00:00
2013-02-01,KRW=X,1087.300049,yahoo,KRW,2026-06-05T09:03:38.313619+00:00
2013-02-04,KRW=X,1069.0,yahoo,KRW,2026-06-05T09:03:38.313619+00:00
2013-02-05,KRW=X,1088.5,yahoo,KRW,2026-06-05T09:03:38.313619+00:00
2013-02-06,KRW=X,1085.800049,yahoo,KRW,2026-06-05T09:03:38.313619+00:00
2013-02-07,KRW=X,1088.5,yahoo,KRW,2026-06-05T09:03:38.313619+00:00
2013-02-08,KRW=X,1089.300049,yahoo,KRW,2026-06-05T09:03:38.313619+00:00
2013-02-11,KRW=X,1077.199951,yahoo,KRW,2026-06-05T09:03:38.313619+00:00
2013-02-12,KRW=X,1094.900024,yahoo,KRW,2026-06-05T09:03:38.313619+00:00
2013-02-13,KRW=X,1092.400024,yahoo,KRW,2026-06-05T09:03:38.313619+00:00
2013-02-14,KRW=X,1085.800049,yahoo,KRW,2026-06-05T09:03:38.313619+00:00
2013-02-15,KRW=X,1084.199951,yahoo,KRW,2026-06-05T09:03:38.313619+00:00
2013-02-18,KRW=X,1053.0,yahoo,KRW,2026-06-05T09:03:38.313619+00:00
2013-02-19,KRW=X,1082.800049,yahoo,KRW,2026-06-05T09:03:38.313619+00:00
2013-02-20,KRW=X,1079.300049,yahoo,KRW,2026-06-05T09:03:38.313619+00:00
2013-02-21,KRW=X,1079.599976,yahoo,KRW,2026-06-05T09:03:38.313619+00:00
2013-02-22,KRW=X,1085.900024,yahoo,KRW,2026-06-05T09:03:38.313619+00:00
2013-02-25,KRW=X,1060.5,yahoo,KRW,2026-06-05T09:03:38.313619+00:00
2013-02-26,KRW=X,1084.900024,yahoo,KRW,2026-06-05T09:03:38.313619+00:00
2013-02-27,KRW=X,1089.099976,yahoo,KRW,2026-06-05T09:03:38.313619+00:00
2013-02-28,KRW=X,1083.900024,yahoo,KRW,2026-06-05T09:03:38.313619+00:00
2013-03-01,KRW=X,1083.199951,yahoo,KRW,2026-06-05T09:03:38.313619+00:00
2013-03-04,KRW=X,1060.300049,yahoo,KRW,2026-06-05T09:03:38.313619+00:00
2013-03-05,KRW=X,1089.900024,yahoo,KRW,2026-06-05T09:03:38.313619+00:00
2013-03-06,KRW=X,1085.5,yahoo,KRW,2026-06-05T09:03:38.313619+00:00
2013-03-07,KRW=X,1083.400024,yahoo,KRW,2026-06-05T09:03:38.313619+00:00
2013-03-08,KRW=X,1086.599976,yahoo,KRW,2026-06-05T09:03:38.313619+00:00
2013-03-11,KRW=X,1076.199951,yahoo,KRW,2026-06-05T09:03:38.313619+00:00
2013-03-12,KRW=X,1093.0,yahoo,KRW,2026-06-05T09:03:38.313619+00:00
2013-03-13,KRW=X,1094.5,yahoo,KRW,2026-06-05T09:03:38.313619+00:00
2013-03-14,KRW=X,1097.699951,yahoo,KRW,2026-06-05T09:03:38.313619+00:00
2013-03-15,KRW=X,1106.699951,yahoo,KRW,2026-06-05T09:03:38.313619+00:00
2013-03-18,KRW=X,1125.800049,yahoo,KRW,2026-06-05T09:03:38.313619+00:00
2013-03-19,KRW=X,1113.5,yahoo,KRW,2026-06-05T09:03:38.313619+00:00
2013-03-20,KRW=X,1112.199951,yahoo,KRW,2026-06-05T09:03:38.313619+00:00
2013-03-21,KRW=X,1114.800049,yahoo,KRW,2026-06-05T09:03:38.313619+00:00
2013-03-22,KRW=X,1115.199951,yahoo,KRW,2026-06-05T09:03:38.313619+00:00
2013-03-25,KRW=X,1089.900024,yahoo,KRW,2026-06-05T09:03:38.313619+00:00
2013-03-26,KRW=X,1110.199951,yahoo,KRW,2026-06-05T09:03:38.313619+00:00
2013-03-27,KRW=X,1106.599976,yahoo,KRW,2026-06-05T09:03:38.313619+00:00
2013-03-28,KRW=X,1110.5,yahoo,KRW,2026-06-05T09:03:38.313619+00:00
2013-03-29,KRW=X,1112.0,yahoo,KRW,2026-06-05T09:03:38.313619+00:00
2013-03-31,KRW=X,1090.0,yahoo,KRW,2026-06-05T09:03:38.313619+00:00
2013-04-01,KRW=X,1086.400024,yahoo,KRW,2026-06-05T09:03:38.313619+00:00
2013-04-02,KRW=X,1117.099976,yahoo,KRW,2026-06-05T09:03:38.313619+00:00
2013-04-03,KRW=X,1116.800049,yahoo,KRW,2026-06-05T09:03:38.313619+00:00
2013-04-04,KRW=X,1123.599976,yahoo,KRW,2026-06-05T09:03:38.313619+00:00
2013-04-07,KRW=X,1136.5,yahoo,KRW,2026-06-05T09:03:38.313619+00:00
2013-04-08,KRW=X,1141.300049,yahoo,KRW,2026-06-05T09:03:38.313619+00:00
2013-04-09,KRW=X,1138.400024,yahoo,KRW,2026-06-05T09:03:38.313619+00:00
2013-04-10,KRW=X,1134.300049,yahoo,KRW,2026-06-05T09:03:38.313619+00:00
2013-04-11,KRW=X,1128.900024,yahoo,KRW,2026-06-05T09:03:38.313619+00:00
2013-04-14,KRW=X,1104.0,yahoo,KRW,2026-06-05T09:03:38.313619+00:00
2013-04-15,KRW=X,1118.599976,yahoo,KRW,2026-06-05T09:03:38.313619+00:00
2013-04-16,KRW=X,1112.800049,yahoo,KRW,2026-06-05T09:03:38.313619+00:00
2013-04-17,KRW=X,1120.0,yahoo,KRW,2026-06-05T09:03:38.313619+00:00
2013-04-18,KRW=X,1101.699951,yahoo,KRW,2026-06-05T09:03:38.313619+00:00
2013-04-21,KRW=X,1099.199951,yahoo,KRW,2026-06-05T09:03:38.313619+00:00
2013-04-22,KRW=X,1118.699951,yahoo,KRW,2026-06-05T09:03:38.313619+00:00
2013-04-23,KRW=X,1118.5,yahoo,KRW,2026-06-05T09:03:38.313619+00:00
2013-04-24,KRW=X,1115.699951,yahoo,KRW,2026-06-05T09:03:38.313619+00:00
2013-04-25,KRW=X,1110.599976,yahoo,KRW,2026-06-05T09:03:38.313619+00:00
2013-04-28,KRW=X,1108.800049,yahoo,KRW,2026-06-05T09:03:38.313619+00:00
2013-04-29,KRW=X,1103.199951,yahoo,KRW,2026-06-05T09:03:38.313619+00:00
2013-04-30,KRW=X,1100.699951,yahoo,KRW,2026-06-05T09:03:38.313619+00:00
2013-05-01,KRW=X,1099.5,yahoo,KRW,2026-06-05T09:03:38.313619+00:00
2013-05-02,KRW=X,1101.5,yahoo,KRW,2026-06-05T09:03:38.313619+00:00
2013-05-05,KRW=X,1072.800049,yahoo,KRW,2026-06-05T09:03:38.313619+00:00
2013-05-06,KRW=X,1093.800049,yahoo,KRW,2026-06-05T09:03:38.313619+00:00
2013-05-07,KRW=X,1089.300049,yahoo,KRW,2026-06-05T09:03:38.313619+00:00
2013-05-08,KRW=X,1056.199951,yahoo,KRW,2026-06-05T09:03:38.313619+00:00
2013-05-09,KRW=X,1091.099976,yahoo,KRW,2026-06-05T09:03:38.313619+00:00
2013-05-12,KRW=X,1084.300049,yahoo,KRW,2026-06-05T09:03:38.313619+00:00
2013-05-13,KRW=X,1112.199951,yahoo,KRW,2026-06-05T09:03:38.313619+00:00
2013-05-14,KRW=X,1108.900024,yahoo,KRW,2026-06-05T09:03:38.313619+00:00
2013-05-15,KRW=X,1113.800049,yahoo,KRW,2026-06-05T09:03:38.313619+00:00
2013-05-16,KRW=X,1116.699951,yahoo,KRW,2026-06-05T09:03:38.313619+00:00
2013-05-19,KRW=X,1093.599976,yahoo,KRW,2026-06-05T09:03:38.313619+00:00
2013-05-20,KRW=X,1116.5,yahoo,KRW,2026-06-05T09:03:38.313619+00:00
2013-05-21,KRW=X,1110.400024,yahoo,KRW,2026-06-05T09:03:38.313619+00:00
2013-05-22,KRW=X,1113.099976,yahoo,KRW,2026-06-05T09:03:38.313619+00:00
2013-05-23,KRW=X,1127.699951,yahoo,KRW,2026-06-05T09:03:38.313619+00:00
2013-05-26,KRW=X,1105.199951,yahoo,KRW,2026-06-05T09:03:38.313619+00:00
2013-05-27,KRW=X,1121.400024,yahoo,KRW,2026-06-05T09:03:38.313619+00:00
2013-05-28,KRW=X,1127.0,yahoo,KRW,2026-06-05T09:03:38.313619+00:00
2013-05-29,KRW=X,1131.099976,yahoo,KRW,2026-06-05T09:03:38.313619+00:00
2013-05-30,KRW=X,1127.599976,yahoo,KRW,2026-06-05T09:03:38.313619+00:00
2013-06-02,KRW=X,1107.5,yahoo,KRW,2026-06-05T09:03:38.313619+00:00
2013-06-03,KRW=X,1118.800049,yahoo,KRW,2026-06-05T09:03:38.313619+00:00
2013-06-04,KRW=X,1122.400024,yahoo,KRW,2026-06-05T09:03:38.313619+00:00
2013-06-05,KRW=X,1117.800049,yahoo,KRW,2026-06-05T09:03:38.313619+00:00
2013-06-06,KRW=X,1118.199951,yahoo,KRW,2026-06-05T09:03:38.313619+00:00
2013-06-09,KRW=X,1097.099976,yahoo,KRW,2026-06-05T09:03:38.313619+00:00
2013-06-10,KRW=X,1097.099976,yahoo,KRW,2026-06-05T09:03:38.313619+00:00
2013-06-11,KRW=X,1097.099976,yahoo,KRW,2026-06-05T09:03:38.313619+00:00
2013-06-12,KRW=X,1127.199951,yahoo,KRW,2026-06-05T09:03:38.313619+00:00
2013-06-13,KRW=X,1129.199951,yahoo,KRW,2026-06-05T09:03:38.313619+00:00
2013-06-16,KRW=X,1126.5,yahoo,KRW,2026-06-05T09:03:38.313619+00:00
2013-06-17,KRW=X,1125.969971,yahoo,KRW,2026-06-05T09:03:38.313619+00:00
2013-06-18,KRW=X,1133.5,yahoo,KRW,2026-06-05T09:03:38.313619+00:00
2013-06-19,KRW=X,1129.599976,yahoo,KRW,2026-06-05T09:03:38.313619+00:00
2013-06-20,KRW=X,1144.900024,yahoo,KRW,2026-06-05T09:03:38.313619+00:00
2013-06-23,KRW=X,1156.900024,yahoo,KRW,2026-06-05T09:03:38.313619+00:00
2013-06-24,KRW=X,1160.599976,yahoo,KRW,2026-06-05T09:03:38.313619+00:00
2013-06-25,KRW=X,1152.300049,yahoo,KRW,2026-06-05T09:03:38.313619+00:00
2013-06-26,KRW=X,1155.099976,yahoo,KRW,2026-06-05T09:03:38.313619+00:00
2013-06-27,KRW=X,1147.199951,yahoo,KRW,2026-06-05T09:03:38.313619+00:00
2013-06-30,KRW=X,1121.900024,yahoo,KRW,2026-06-05T09:03:38.313619+00:00
2013-07-01,KRW=X,1134.300049,yahoo,KRW,2026-06-05T09:03:38.313619+00:00
2013-07-02,KRW=X,1133.0,yahoo,KRW,2026-06-05T09:03:38.313619+00:00
2013-07-03,KRW=X,1140.199951,yahoo,KRW,2026-06-05T09:03:38.313619+00:00
2013-07-04,KRW=X,1138.900024,yahoo,KRW,2026-06-05T09:03:38.313619+00:00
2013-07-07,KRW=X,1141.599976,yahoo,KRW,2026-06-05T09:03:38.313619+00:00
2013-07-08,KRW=X,1147.400024,yahoo,KRW,2026-06-05T09:03:38.313619+00:00
2013-07-09,KRW=X,1140.900024,yahoo,KRW,2026-06-05T09:03:38.313619+00:00
2013-07-10,KRW=X,1134.599976,yahoo,KRW,2026-06-05T09:03:38.313619+00:00
2013-07-11,KRW=X,1123.400024,yahoo,KRW,2026-06-05T09:03:38.313619+00:00
2013-07-14,KRW=X,1123.800049,yahoo,KRW,2026-06-05T09:03:38.313619+00:00
2013-07-15,KRW=X,1120.900024,yahoo,KRW,2026-06-05T09:03:38.313619+00:00
2013-07-16,KRW=X,1113.800049,yahoo,KRW,2026-06-05T09:03:38.313619+00:00
2013-07-17,KRW=X,1116.099976,yahoo,KRW,2026-06-05T09:03:38.313619+00:00
2013-07-18,KRW=X,1123.599976,yahoo,KRW,2026-06-05T09:03:38.313619+00:00
2013-07-21,KRW=X,1118.400024,yahoo,KRW,2026-06-05T09:03:38.313619+00:00
2013-07-22,KRW=X,1117.599976,yahoo,KRW,2026-06-05T09:03:38.313619+00:00
2013-07-23,KRW=X,1116.300049,yahoo,KRW,2026-06-05T09:03:38.313619+00:00
2013-07-24,KRW=X,1115.0,yahoo,KRW,2026-06-05T09:03:38.313619+00:00
2013-07-25,KRW=X,1115.400024,yahoo,KRW,2026-06-05T09:03:38.313619+00:00
2013-07-28,KRW=X,1086.900024,yahoo,KRW,2026-06-05T09:03:38.313619+00:00
2013-07-29,KRW=X,1111.400024,yahoo,KRW,2026-06-05T09:03:38.313619+00:00
2013-07-30,KRW=X,1113.300049,yahoo,KRW,2026-06-05T09:03:38.313619+00:00
2013-07-31,KRW=X,1122.5,yahoo,KRW,2026-06-05T09:03:38.313619+00:00
2013-08-01,KRW=X,1122.400024,yahoo,KRW,2026-06-05T09:03:38.313619+00:00
2013-08-04,KRW=X,1123.599976,yahoo,KRW,2026-06-05T09:03:38.313619+00:00
2013-08-05,KRW=X,1112.900024,yahoo,KRW,2026-06-05T09:03:38.313619+00:00
2013-08-06,KRW=X,1113.099976,yahoo,KRW,2026-06-05T09:03:38.313619+00:00
2013-08-07,KRW=X,1114.199951,yahoo,KRW,2026-06-05T09:03:38.313619+00:00
2013-08-08,KRW=X,1111.599976,yahoo,KRW,2026-06-05T09:03:38.313619+00:00
2013-08-11,KRW=X,1110.599976,yahoo,KRW,2026-06-05T09:03:38.313619+00:00
2013-08-12,KRW=X,1113.199951,yahoo,KRW,2026-06-05T09:03:38.313619+00:00
2013-08-13,KRW=X,1117.599976,yahoo,KRW,2026-06-05T09:03:38.313619+00:00
2013-08-14,KRW=X,1117.599976,yahoo,KRW,2026-06-05T09:03:38.313619+00:00
2013-08-15,KRW=X,1117.300049,yahoo,KRW,2026-06-05T09:03:38.313619+00:00
2013-08-18,KRW=X,1112.5,yahoo,KRW,2026-06-05T09:03:38.313619+00:00
2013-08-19,KRW=X,1117.5,yahoo,KRW,2026-06-05T09:03:38.313619+00:00
2013-08-20,KRW=X,1119.5,yahoo,KRW,2026-06-05T09:03:38.313619+00:00
2013-08-21,KRW=X,1117.800049,yahoo,KRW,2026-06-05T09:03:38.313619+00:00
2013-08-22,KRW=X,1120.099976,yahoo,KRW,2026-06-05T09:03:38.313619+00:00
2013-08-25,KRW=X,1112.800049,yahoo,KRW,2026-06-05T09:03:38.313619+00:00
2013-08-26,KRW=X,1111.0,yahoo,KRW,2026-06-05T09:03:38.313619+00:00
2013-08-27,KRW=X,1116.400024,yahoo,KRW,2026-06-05T09:03:38.313619+00:00
2013-08-28,KRW=X,1113.900024,yahoo,KRW,2026-06-05T09:03:38.313619+00:00
2013-08-29,KRW=X,1111.699951,yahoo,KRW,2026-06-05T09:03:38.313619+00:00
2013-09-01,KRW=X,1110.099976,yahoo,KRW,2026-06-05T09:03:38.313619+00:00
2013-09-02,KRW=X,1097.599976,yahoo,KRW,2026-06-05T09:03:38.313619+00:00
2013-09-03,KRW=X,1101.400024,yahoo,KRW,2026-06-05T09:03:38.313619+00:00
2013-09-04,KRW=X,1093.199951,yahoo,KRW,2026-06-05T09:03:38.313619+00:00
2013-09-05,KRW=X,1096.699951,yahoo,KRW,2026-06-05T09:03:38.313619+00:00
2013-09-08,KRW=X,1092.199951,yahoo,KRW,2026-06-05T09:03:38.313619+00:00
2013-09-09,KRW=X,1085.699951,yahoo,KRW,2026-06-05T09:03:38.313619+00:00
2013-09-10,KRW=X,1085.099976,yahoo,KRW,2026-06-05T09:03:38.313619+00:00
2013-09-11,KRW=X,1085.0,yahoo,KRW,2026-06-05T09:03:38.313619+00:00
2013-09-12,KRW=X,1082.0,yahoo,KRW,2026-06-05T09:03:38.313619+00:00
2013-09-15,KRW=X,1080.300049,yahoo,KRW,2026-06-05T09:03:38.313619+00:00
2013-09-16,KRW=X,1080.699951,yahoo,KRW,2026-06-05T09:03:38.313619+00:00
2013-09-17,KRW=X,1081.5,yahoo,KRW,2026-06-05T09:03:38.313619+00:00
2013-09-18,KRW=X,1080.900024,yahoo,KRW,2026-06-05T09:03:38.313619+00:00
2013-09-19,KRW=X,1070.400024,yahoo,KRW,2026-06-05T09:03:38.313619+00:00
2013-09-22,KRW=X,1074.599976,yahoo,KRW,2026-06-05T09:03:38.313619+00:00
2013-09-23,KRW=X,1073.0,yahoo,KRW,2026-06-05T09:03:38.313619+00:00
2013-09-24,KRW=X,1073.5,yahoo,KRW,2026-06-05T09:03:38.313619+00:00
2013-09-25,KRW=X,1075.599976,yahoo,KRW,2026-06-05T09:03:38.313619+00:00
2013-09-26,KRW=X,1074.599976,yahoo,KRW,2026-06-05T09:03:38.313619+00:00
2013-09-29,KRW=X,1075.800049,yahoo,KRW,2026-06-05T09:03:38.313619+00:00
2013-09-30,KRW=X,1073.300049,yahoo,KRW,2026-06-05T09:03:38.313619+00:00
2013-10-01,KRW=X,1072.5,yahoo,KRW,2026-06-05T09:03:38.313619+00:00
2013-10-02,KRW=X,1073.199951,yahoo,KRW,2026-06-05T09:03:38.313619+00:00
2013-10-03,KRW=X,1070.699951,yahoo,KRW,2026-06-05T09:03:38.313619+00:00
2013-10-06,KRW=X,1069.099976,yahoo,KRW,2026-06-05T09:03:38.313619+00:00
2013-10-08,KRW=X,1074.099976,yahoo,KRW,2026-06-05T09:03:38.313619+00:00
2013-10-09,KRW=X,1074.599976,yahoo,KRW,2026-06-05T09:03:38.313619+00:00
2013-10-10,KRW=X,1070.699951,yahoo,KRW,2026-06-05T09:03:38.313619+00:00
2013-10-13,KRW=X,1069.199951,yahoo,KRW,2026-06-05T09:03:38.313619+00:00
2013-10-14,KRW=X,1070.199951,yahoo,KRW,2026-06-05T09:03:38.313619+00:00
2013-10-15,KRW=X,1063.5,yahoo,KRW,2026-06-05T09:03:38.313619+00:00
2013-10-16,KRW=X,1066.0,yahoo,KRW,2026-06-05T09:03:38.313619+00:00
2013-10-17,KRW=X,1061.699951,yahoo,KRW,2026-06-05T09:03:38.313619+00:00
2013-10-20,KRW=X,1040.099976,yahoo,KRW,2026-06-05T09:03:38.313619+00:00
2013-10-21,KRW=X,1061.0,yahoo,KRW,2026-06-05T09:03:38.313619+00:00
2013-10-22,KRW=X,1057.0,yahoo,KRW,2026-06-05T09:03:38.313619+00:00
2013-10-23,KRW=X,1057.0,yahoo,KRW,2026-06-05T09:03:38.313619+00:00
2013-10-24,KRW=X,1062.150024,yahoo,KRW,2026-06-05T09:03:38.313619+00:00
2013-10-28,KRW=X,1061.099976,yahoo,KRW,2026-06-05T09:03:38.313619+00:00
2013-10-29,KRW=X,1060.5,yahoo,KRW,2026-06-05T09:03:38.313619+00:00
2013-10-30,KRW=X,1061.699951,yahoo,KRW,2026-06-05T09:03:38.313619+00:00
2013-10-31,KRW=X,1058.199951,yahoo,KRW,2026-06-05T09:03:38.313619+00:00
2013-11-01,KRW=X,1060.5,yahoo,KRW,2026-06-05T09:03:38.313619+00:00
2013-11-04,KRW=X,1039.5,yahoo,KRW,2026-06-05T09:03:38.313619+00:00
2013-11-05,KRW=X,1061.5,yahoo,KRW,2026-06-05T09:03:38.313619+00:00
2013-11-06,KRW=X,1060.5,yahoo,KRW,2026-06-05T09:03:38.313619+00:00
2013-11-07,KRW=X,1059.0,yahoo,KRW,2026-06-05T09:03:38.313619+00:00
2013-11-08,KRW=X,1062.400024,yahoo,KRW,2026-06-05T09:03:38.313619+00:00
2013-11-11,KRW=X,1046.900024,yahoo,KRW,2026-06-05T09:03:38.313619+00:00
2013-11-12,KRW=X,1071.400024,yahoo,KRW,2026-06-05T09:03:38.313619+00:00
2013-11-13,KRW=X,1072.400024,yahoo,KRW,2026-06-05T09:03:38.313619+00:00
2013-11-14,KRW=X,1069.599976,yahoo,KRW,2026-06-05T09:03:38.313619+00:00
2013-11-15,KRW=X,1067.599976,yahoo,KRW,2026-06-05T09:03:38.313619+00:00
2013-11-18,KRW=X,1034.699951,yahoo,KRW,2026-06-05T09:03:38.313619+00:00
2013-11-19,KRW=X,1054.0,yahoo,KRW,2026-06-05T09:03:38.313619+00:00
2013-11-20,KRW=X,1054.199951,yahoo,KRW,2026-06-05T09:03:38.313619+00:00
2013-11-21,KRW=X,1055.900024,yahoo,KRW,2026-06-05T09:03:38.313619+00:00
2013-11-22,KRW=X,1061.099976,yahoo,KRW,2026-06-05T09:03:38.313619+00:00
2013-11-25,KRW=X,1060.699951,yahoo,KRW,2026-06-05T09:03:38.313619+00:00
2013-11-26,KRW=X,1059.0,yahoo,KRW,2026-06-05T09:03:38.313619+00:00
2013-11-27,KRW=X,1059.400024,yahoo,KRW,2026-06-05T09:03:38.313619+00:00
2013-11-28,KRW=X,1059.900024,yahoo,KRW,2026-06-05T09:03:38.313619+00:00
2013-11-29,KRW=X,1060.099976,yahoo,KRW,2026-06-05T09:03:38.313619+00:00
2013-12-02,KRW=X,1057.800049,yahoo,KRW,2026-06-05T09:03:38.313619+00:00
2013-12-03,KRW=X,1057.300049,yahoo,KRW,2026-06-05T09:03:38.313619+00:00
2013-12-04,KRW=X,1060.199951,yahoo,KRW,2026-06-05T09:03:38.313619+00:00
2013-12-05,KRW=X,1060.599976,yahoo,KRW,2026-06-05T09:03:38.313619+00:00
2013-12-06,KRW=X,1057.400024,yahoo,KRW,2026-06-05T09:03:38.313619+00:00
2013-12-09,KRW=X,1052.800049,yahoo,KRW,2026-06-05T09:03:38.313619+00:00
2013-12-10,KRW=X,1051.699951,yahoo,KRW,2026-06-05T09:03:38.313619+00:00
2013-12-11,KRW=X,1051.75,yahoo,KRW,2026-06-05T09:03:38.313619+00:00
2013-12-12,KRW=X,1051.199951,yahoo,KRW,2026-06-05T09:03:38.313619+00:00
2013-12-13,KRW=X,1050.300049,yahoo,KRW,2026-06-05T09:03:38.313619+00:00
2013-12-16,KRW=X,1052.599976,yahoo,KRW,2026-06-05T09:03:38.313619+00:00
2013-12-17,KRW=X,1051.699951,yahoo,KRW,2026-06-05T09:03:38.313619+00:00
2013-12-18,KRW=X,1049.699951,yahoo,KRW,2026-06-05T09:03:38.313619+00:00
2013-12-19,KRW=X,1051.199951,yahoo,KRW,2026-06-05T09:03:38.313619+00:00
2013-12-20,KRW=X,1058.599976,yahoo,KRW,2026-06-05T09:03:38.313619+00:00
2013-12-23,KRW=X,1063.400024,yahoo,KRW,2026-06-05T09:03:38.313619+00:00
2013-12-24,KRW=X,1059.300049,yahoo,KRW,2026-06-05T09:03:38.313619+00:00
2013-12-25,KRW=X,1059.400024,yahoo,KRW,2026-06-05T09:03:38.313619+00:00
2013-12-26,KRW=X,1060.400024,yahoo,KRW,2026-06-05T09:03:38.313619+00:00
2013-12-27,KRW=X,1058.199951,yahoo,KRW,2026-06-05T09:03:38.313619+00:00
2013-12-30,KRW=X,1054.0,yahoo,KRW,2026-06-05T09:03:38.313619+00:00
2013-12-31,KRW=X,1054.300049,yahoo,KRW,2026-06-05T09:03:38.313619+00:00
2014-01-01,KRW=X,1054.800049,yahoo,KRW,2026-06-05T09:03:38.313619+00:00
2014-01-02,KRW=X,1050.75,yahoo,KRW,2026-06-05T09:03:38.313619+00:00
2014-01-03,KRW=X,1049.599976,yahoo,KRW,2026-06-05T09:03:38.313619+00:00
2014-01-06,KRW=X,1053.800049,yahoo,KRW,2026-06-05T09:03:38.313619+00:00
2014-01-07,KRW=X,1065.400024,yahoo,KRW,2026-06-05T09:03:38.313619+00:00
2014-01-08,KRW=X,1068.5,yahoo,KRW,2026-06-05T09:03:38.313619+00:00
2014-01-09,KRW=X,1064.699951,yahoo,KRW,2026-06-05T09:03:38.313619+00:00
2014-01-10,KRW=X,1062.0,yahoo,KRW,2026-06-05T09:03:38.313619+00:00
2014-01-13,KRW=X,1060.400024,yahoo,KRW,2026-06-05T09:03:38.313619+00:00
2014-01-14,KRW=X,1058.5,yahoo,KRW,2026-06-05T09:03:38.313619+00:00
2014-01-15,KRW=X,1058.300049,yahoo,KRW,2026-06-05T09:03:38.313619+00:00
2014-01-16,KRW=X,1063.0,yahoo,KRW,2026-06-05T09:03:38.313619+00:00
2014-01-17,KRW=X,1062.400024,yahoo,KRW,2026-06-05T09:03:38.313619+00:00
2014-01-20,KRW=X,1041.599976,yahoo,KRW,2026-06-05T09:03:38.313619+00:00
2014-01-21,KRW=X,1062.5,yahoo,KRW,2026-06-05T09:03:38.313619+00:00
2014-01-22,KRW=X,1064.199951,yahoo,KRW,2026-06-05T09:03:38.313619+00:00
2014-01-23,KRW=X,1066.5,yahoo,KRW,2026-06-05T09:03:38.313619+00:00
2014-01-24,KRW=X,1072.699951,yahoo,KRW,2026-06-05T09:03:38.313619+00:00
2014-01-27,KRW=X,1078.400024,yahoo,KRW,2026-06-05T09:03:38.313619+00:00
2014-01-28,KRW=X,1082.5,yahoo,KRW,2026-06-05T09:03:38.313619+00:00
2014-01-29,KRW=X,1076.900024,yahoo,KRW,2026-06-05T09:03:38.313619+00:00
2014-01-30,KRW=X,1069.099976,yahoo,KRW,2026-06-05T09:03:38.313619+00:00
2014-01-31,KRW=X,1079.300049,yahoo,KRW,2026-06-05T09:03:38.313619+00:00
2014-02-03,KRW=X,1080.199951,yahoo,KRW,2026-06-05T09:03:38.313619+00:00
2014-02-04,KRW=X,1083.599976,yahoo,KRW,2026-06-05T09:03:38.313619+00:00
2014-02-05,KRW=X,1083.0,yahoo,KRW,2026-06-05T09:03:38.313619+00:00
2014-02-06,KRW=X,1076.900024,yahoo,KRW,2026-06-05T09:03:38.313619+00:00
2014-02-07,KRW=X,1077.699951,yahoo,KRW,2026-06-05T09:03:38.313619+00:00
2014-02-10,KRW=X,1075.300049,yahoo,KRW,2026-06-05T09:03:38.313619+00:00
2014-02-11,KRW=X,1071.900024,yahoo,KRW,2026-06-05T09:03:38.313619+00:00
2014-02-12,KRW=X,1069.900024,yahoo,KRW,2026-06-05T09:03:38.313619+00:00
2014-02-13,KRW=X,1061.400024,yahoo,KRW,2026-06-05T09:03:38.313619+00:00
2014-02-14,KRW=X,1065.300049,yahoo,KRW,2026-06-05T09:03:38.313619+00:00
2014-02-17,KRW=X,1058.75,yahoo,KRW,2026-06-05T09:03:38.313619+00:00
2014-02-18,KRW=X,1059.400024,yahoo,KRW,2026-06-05T09:03:38.313619+00:00
2014-02-19,KRW=X,1064.400024,yahoo,KRW,2026-06-05T09:03:38.313619+00:00
2014-02-20,KRW=X,1065.300049,yahoo,KRW,2026-06-05T09:03:38.313619+00:00
2014-02-21,KRW=X,1071.0,yahoo,KRW,2026-06-05T09:03:38.313619+00:00
2014-02-24,KRW=X,1072.099976,yahoo,KRW,2026-06-05T09:03:38.313619+00:00
2014-02-25,KRW=X,1073.300049,yahoo,KRW,2026-06-05T09:03:38.313619+00:00
2014-02-26,KRW=X,1073.099976,yahoo,KRW,2026-06-05T09:03:38.313619+00:00
2014-02-27,KRW=X,1065.099976,yahoo,KRW,2026-06-05T09:03:38.313619+00:00
2014-02-28,KRW=X,1068.699951,yahoo,KRW,2026-06-05T09:03:38.313619+00:00
2014-03-03,KRW=X,1067.300049,yahoo,KRW,2026-06-05T09:03:38.313619+00:00
2014-03-04,KRW=X,1069.0,yahoo,KRW,2026-06-05T09:03:38.313619+00:00
2014-03-05,KRW=X,1070.099976,yahoo,KRW,2026-06-05T09:03:38.313619+00:00
2014-03-06,KRW=X,1070.199951,yahoo,KRW,2026-06-05T09:03:38.313619+00:00
2014-03-07,KRW=X,1063.599976,yahoo,KRW,2026-06-05T09:03:38.313619+00:00
2014-03-10,KRW=X,1064.199951,yahoo,KRW,2026-06-05T09:03:38.313619+00:00
2014-03-11,KRW=X,1066.099976,yahoo,KRW,2026-06-05T09:03:38.313619+00:00
2014-03-12,KRW=X,1064.780029,yahoo,KRW,2026-06-05T09:03:38.313619+00:00
2014-03-13,KRW=X,1067.030029,yahoo,KRW,2026-06-05T09:03:38.313619+00:00
2014-03-14,KRW=X,1067.900024,yahoo,KRW,2026-06-05T09:03:38.313619+00:00
2014-03-17,KRW=X,1071.930054,yahoo,KRW,2026-06-05T09:03:38.313619+00:00
2014-03-18,KRW=X,1066.900024,yahoo,KRW,2026-06-05T09:03:38.313619+00:00
2014-03-19,KRW=X,1068.400024,yahoo,KRW,2026-06-05T09:03:38.313619+00:00
2014-03-20,KRW=X,1069.599976,yahoo,KRW,2026-06-05T09:03:38.313619+00:00
2014-03-21,KRW=X,1076.0,yahoo,KRW,2026-06-05T09:03:38.313619+00:00
2014-03-24,KRW=X,1079.380005,yahoo,KRW,2026-06-05T09:03:38.313619+00:00
2014-03-25,KRW=X,1076.800049,yahoo,KRW,2026-06-05T09:03:38.313619+00:00
2014-03-26,KRW=X,1078.300049,yahoo,KRW,2026-06-05T09:03:38.313619+00:00
2014-03-27,KRW=X,1076.430054,yahoo,KRW,2026-06-05T09:03:38.313619+00:00
2014-03-28,KRW=X,1068.180054,yahoo,KRW,2026-06-05T09:03:38.313619+00:00
2014-03-30,KRW=X,1066.550049,yahoo,KRW,2026-06-05T09:03:38.313619+00:00
2014-03-31,KRW=X,1062.5,yahoo,KRW,2026-06-05T09:03:38.313619+00:00
2014-04-01,KRW=X,1057.599976,yahoo,KRW,2026-06-05T09:03:38.313619+00:00
2014-04-02,KRW=X,1058.439941,yahoo,KRW,2026-06-05T09:03:38.313619+00:00
2014-04-03,KRW=X,1056.699951,yahoo,KRW,2026-06-05T09:03:38.313619+00:00
2014-04-06,KRW=X,1051.449951,yahoo,KRW,2026-06-05T09:03:38.313619+00:00
2014-04-07,KRW=X,1054.339966,yahoo,KRW,2026-06-05T09:03:38.313619+00:00
2014-04-08,KRW=X,1046.030029,yahoo,KRW,2026-06-05T09:03:38.313619+00:00
2014-04-09,KRW=X,1035.109985,yahoo,KRW,2026-06-05T09:03:38.313619+00:00
2014-04-10,KRW=X,1038.23999,yahoo,KRW,2026-06-05T09:03:38.313619+00:00
2014-04-13,KRW=X,1038.939941,yahoo,KRW,2026-06-05T09:03:38.313619+00:00
2014-04-14,KRW=X,1040.910034,yahoo,KRW,2026-06-05T09:03:38.313619+00:00
2014-04-15,KRW=X,1040.199951,yahoo,KRW,2026-06-05T09:03:38.313619+00:00
2014-04-16,KRW=X,1036.430054,yahoo,KRW,2026-06-05T09:03:38.313619+00:00
2014-04-17,KRW=X,1039.27002,yahoo,KRW,2026-06-05T09:03:38.313619+00:00
2014-04-20,KRW=X,1037.599976,yahoo,KRW,2026-06-05T09:03:38.313619+00:00
2014-04-21,KRW=X,1038.410034,yahoo,KRW,2026-06-05T09:03:38.313619+00:00
2014-04-22,KRW=X,1039.51001,yahoo,KRW,2026-06-05T09:03:38.313619+00:00
2014-04-23,KRW=X,1038.599976,yahoo,KRW,2026-06-05T09:03:38.313619+00:00
2014-04-24,KRW=X,1038.699951,yahoo,KRW,2026-06-05T09:03:38.313619+00:00
2014-04-27,KRW=X,1039.699951,yahoo,KRW,2026-06-05T09:03:38.313619+00:00
2014-04-28,KRW=X,1033.439941,yahoo,KRW,2026-06-05T09:03:38.313619+00:00
2014-04-29,KRW=X,1029.439941,yahoo,KRW,2026-06-05T09:03:38.313619+00:00
2014-04-30,KRW=X,1032.400024,yahoo,KRW,2026-06-05T09:03:38.313619+00:00
2014-05-01,KRW=X,1030.709961,yahoo,KRW,2026-06-05T09:03:38.313619+00:00
2014-05-04,KRW=X,1029.0,yahoo,KRW,2026-06-05T09:03:38.313619+00:00
2014-05-05,KRW=X,1029.099976,yahoo,KRW,2026-06-05T09:03:38.313619+00:00
2014-05-06,KRW=X,1025.51001,yahoo,KRW,2026-06-05T09:03:38.313619+00:00
2014-05-07,KRW=X,1022.919983,yahoo,KRW,2026-06-05T09:03:38.313619+00:00
2014-05-08,KRW=X,1021.909973,yahoo,KRW,2026-06-05T09:03:38.313619+00:00
2014-05-11,KRW=X,1023.099976,yahoo,KRW,2026-06-05T09:03:38.313619+00:00
2014-05-12,KRW=X,1023.22998,yahoo,KRW,2026-06-05T09:03:38.313619+00:00
2014-05-13,KRW=X,1022.599976,yahoo,KRW,2026-06-05T09:03:38.313619+00:00
2014-05-14,KRW=X,1027.73999,yahoo,KRW,2026-06-05T09:03:38.313619+00:00
2014-05-15,KRW=X,1028.23999,yahoo,KRW,2026-06-05T09:03:38.313619+00:00
2014-05-18,KRW=X,999.830017,yahoo,KRW,2026-06-05T09:03:38.313619+00:00
2014-05-19,KRW=X,1021.700012,yahoo,KRW,2026-06-05T09:03:38.313619+00:00
2014-05-20,KRW=X,1024.859985,yahoo,KRW,2026-06-05T09:03:38.313619+00:00
2014-05-21,KRW=X,1025.949951,yahoo,KRW,2026-06-05T09:03:38.313619+00:00
2014-05-22,KRW=X,1023.97998,yahoo,KRW,2026-06-05T09:03:38.313619+00:00
2014-05-25,KRW=X,1024.72998,yahoo,KRW,2026-06-05T09:03:38.313619+00:00
2014-05-26,KRW=X,1024.130005,yahoo,KRW,2026-06-05T09:03:38.313619+00:00
2014-05-27,KRW=X,1024.380005,yahoo,KRW,2026-06-05T09:03:38.313619+00:00
2014-05-28,KRW=X,1020.900024,yahoo,KRW,2026-06-05T09:03:38.313619+00:00
2014-05-29,KRW=X,1018.539978,yahoo,KRW,2026-06-05T09:03:38.313619+00:00
2014-06-01,KRW=X,1020.200012,yahoo,KRW,2026-06-05T09:03:38.313619+00:00
2014-06-02,KRW=X,1023.400024,yahoo,KRW,2026-06-05T09:03:38.313619+00:00
2014-06-03,KRW=X,1022.299988,yahoo,KRW,2026-06-05T09:03:38.313619+00:00
2014-06-04,KRW=X,1025.98999,yahoo,KRW,2026-06-05T09:03:38.313619+00:00
2014-06-05,KRW=X,1019.400024,yahoo,KRW,2026-06-05T09:03:38.313619+00:00
2014-06-08,KRW=X,1019.0,yahoo,KRW,2026-06-05T09:03:38.313619+00:00
2014-06-09,KRW=X,1016.789978,yahoo,KRW,2026-06-05T09:03:38.313619+00:00
2014-06-10,KRW=X,1016.190002,yahoo,KRW,2026-06-05T09:03:38.313619+00:00
2014-06-11,KRW=X,1017.599976,yahoo,KRW,2026-06-05T09:03:38.313619+00:00
2014-06-12,KRW=X,1017.340027,yahoo,KRW,2026-06-05T09:03:38.313619+00:00
2014-06-15,KRW=X,1017.299988,yahoo,KRW,2026-06-05T09:03:38.313619+00:00
2014-06-16,KRW=X,1019.5,yahoo,KRW,2026-06-05T09:03:38.313619+00:00
2014-06-17,KRW=X,1023.76001,yahoo,KRW,2026-06-05T09:03:38.313619+00:00
2014-06-18,KRW=X,1017.859985,yahoo,KRW,2026-06-05T09:03:38.313619+00:00
2014-06-19,KRW=X,1019.22998,yahoo,KRW,2026-06-05T09:03:38.313619+00:00
2014-06-22,KRW=X,1020.5,yahoo,KRW,2026-06-05T09:03:38.313619+00:00
2014-06-23,KRW=X,1018.090027,yahoo,KRW,2026-06-05T09:03:38.313619+00:00
2014-06-24,KRW=X,1018.549988,yahoo,KRW,2026-06-05T09:03:38.313619+00:00
2014-06-25,KRW=X,1018.280029,yahoo,KRW,2026-06-05T09:03:38.313619+00:00
2014-06-26,KRW=X,1015.599976,yahoo,KRW,2026-06-05T09:03:38.313619+00:00
2014-06-29,KRW=X,1013.299988,yahoo,KRW,2026-06-05T09:03:38.313619+00:00
2014-06-30,KRW=X,1011.0,yahoo,KRW,2026-06-05T09:03:38.313619+00:00
2014-07-01,KRW=X,1010.530029,yahoo,KRW,2026-06-05T09:03:38.313619+00:00
2014-07-02,KRW=X,1008.799988,yahoo,KRW,2026-06-05T09:03:38.313619+00:00
2014-07-03,KRW=X,1008.719971,yahoo,KRW,2026-06-05T09:03:38.313619+00:00
2014-07-06,KRW=X,1008.799988,yahoo,KRW,2026-06-05T09:03:38.313619+00:00
2014-07-07,KRW=X,1010.599976,yahoo,KRW,2026-06-05T09:03:38.313619+00:00
2014-07-08,KRW=X,1010.799988,yahoo,KRW,2026-06-05T09:03:38.313619+00:00
2014-07-09,KRW=X,1011.0,yahoo,KRW,2026-06-05T09:03:38.313619+00:00
2014-07-10,KRW=X,1012.200012,yahoo,KRW,2026-06-05T09:03:38.313619+00:00
2014-07-13,KRW=X,1018.5,yahoo,KRW,2026-06-05T09:03:38.313619+00:00
2014-07-14,KRW=X,1018.200012,yahoo,KRW,2026-06-05T09:03:38.313619+00:00
2014-07-15,KRW=X,1025.900024,yahoo,KRW,2026-06-05T09:03:38.313619+00:00
2014-07-16,KRW=X,1031.099976,yahoo,KRW,2026-06-05T09:03:38.313619+00:00
2014-07-17,KRW=X,1028.0,yahoo,KRW,2026-06-05T09:03:38.313619+00:00
2014-07-20,KRW=X,1027.900024,yahoo,KRW,2026-06-05T09:03:38.313619+00:00
2014-07-21,KRW=X,1026.0,yahoo,KRW,2026-06-05T09:03:38.313619+00:00
2014-07-22,KRW=X,1022.599976,yahoo,KRW,2026-06-05T09:03:38.313619+00:00
2014-07-23,KRW=X,1022.900024,yahoo,KRW,2026-06-05T09:03:38.313619+00:00
2014-07-24,KRW=X,1028.400024,yahoo,KRW,2026-06-05T09:03:38.313619+00:00
2014-07-27,KRW=X,1025.099976,yahoo,KRW,2026-06-05T09:03:38.313619+00:00
2014-07-28,KRW=X,1025.630005,yahoo,KRW,2026-06-05T09:03:38.313619+00:00
2014-07-29,KRW=X,1023.799988,yahoo,KRW,2026-06-05T09:03:38.313619+00:00
2014-07-30,KRW=X,1023.599976,yahoo,KRW,2026-06-05T09:03:38.313619+00:00
2014-07-31,KRW=X,1032.390015,yahoo,KRW,2026-06-05T09:03:38.313619+00:00
2014-08-03,KRW=X,1036.699951,yahoo,KRW,2026-06-05T09:03:38.313619+00:00
2014-08-04,KRW=X,1032.199951,yahoo,KRW,2026-06-05T09:03:38.313619+00:00
2014-08-05,KRW=X,1026.199951,yahoo,KRW,2026-06-05T09:03:38.313619+00:00
2014-08-06,KRW=X,1032.73999,yahoo,KRW,2026-06-05T09:03:38.313619+00:00
2014-08-07,KRW=X,1037.359985,yahoo,KRW,2026-06-05T09:03:38.313619+00:00
2014-08-10,KRW=X,1036.0,yahoo,KRW,2026-06-05T09:03:38.313619+00:00
2014-08-11,KRW=X,1030.0,yahoo,KRW,2026-06-05T09:03:38.313619+00:00
2014-08-12,KRW=X,1026.199951,yahoo,KRW,2026-06-05T09:03:38.313619+00:00
2014-08-13,KRW=X,1029.099976,yahoo,KRW,2026-06-05T09:03:38.313619+00:00
2014-08-14,KRW=X,1020.200012,yahoo,KRW,2026-06-05T09:03:38.313619+00:00
2014-08-17,KRW=X,1020.700012,yahoo,KRW,2026-06-05T09:03:38.313619+00:00
2014-08-18,KRW=X,1016.789978,yahoo,KRW,2026-06-05T09:03:38.313619+00:00
2014-08-19,KRW=X,1016.799988,yahoo,KRW,2026-06-05T09:03:38.313619+00:00
2014-08-20,KRW=X,1021.700012,yahoo,KRW,2026-06-05T09:03:38.313619+00:00
2014-08-21,KRW=X,1022.700012,yahoo,KRW,2026-06-05T09:03:38.313619+00:00
2014-08-24,KRW=X,1020.099976,yahoo,KRW,2026-06-05T09:03:38.313619+00:00
2014-08-25,KRW=X,1019.0,yahoo,KRW,2026-06-05T09:03:38.313619+00:00
2014-08-26,KRW=X,1015.700012,yahoo,KRW,2026-06-05T09:03:38.313619+00:00
2014-08-27,KRW=X,1013.200012,yahoo,KRW,2026-06-05T09:03:38.313619+00:00
2014-08-28,KRW=X,1014.200012,yahoo,KRW,2026-06-05T09:03:38.313619+00:00
2014-08-31,KRW=X,1013.599976,yahoo,KRW,2026-06-05T09:03:38.313619+00:00
2014-09-01,KRW=X,1011.799988,yahoo,KRW,2026-06-05T09:03:38.313619+00:00
2014-09-02,KRW=X,1017.5,yahoo,KRW,2026-06-05T09:03:38.313619+00:00
2014-09-03,KRW=X,1019.099976,yahoo,KRW,2026-06-05T09:03:38.313619+00:00
2014-09-04,KRW=X,1017.900024,yahoo,KRW,2026-06-05T09:03:38.313619+00:00
2014-09-07,KRW=X,1023.5,yahoo,KRW,2026-06-05T09:03:38.313619+00:00
2014-09-08,KRW=X,1023.5,yahoo,KRW,2026-06-05T09:03:38.313619+00:00
2014-09-09,KRW=X,1033.5,yahoo,KRW,2026-06-05T09:03:38.313619+00:00
2014-09-10,KRW=X,1033.5,yahoo,KRW,2026-06-05T09:03:38.313619+00:00
2014-09-11,KRW=X,1035.0,yahoo,KRW,2026-06-05T09:03:38.313619+00:00
2014-09-14,KRW=X,1009.099976,yahoo,KRW,2026-06-05T09:03:38.313619+00:00
2014-09-15,KRW=X,1037.400024,yahoo,KRW,2026-06-05T09:03:38.313619+00:00
2014-09-16,KRW=X,1034.900024,yahoo,KRW,2026-06-05T09:03:38.313619+00:00
2014-09-17,KRW=X,1033.599976,yahoo,KRW,2026-06-05T09:03:38.313619+00:00
2014-09-18,KRW=X,1042.599976,yahoo,KRW,2026-06-05T09:03:38.313619+00:00
2014-09-21,KRW=X,1022.799988,yahoo,KRW,2026-06-05T09:03:38.313619+00:00
2014-09-22,KRW=X,1039.800049,yahoo,KRW,2026-06-05T09:03:38.313619+00:00
2014-09-23,KRW=X,1038.800049,yahoo,KRW,2026-06-05T09:03:38.313619+00:00
2014-09-24,KRW=X,1038.699951,yahoo,KRW,2026-06-05T09:03:38.313619+00:00
2014-09-25,KRW=X,1042.599976,yahoo,KRW,2026-06-05T09:03:38.313619+00:00
2014-09-28,KRW=X,1026.0,yahoo,KRW,2026-06-05T09:03:38.313619+00:00
2014-09-29,KRW=X,1052.199951,yahoo,KRW,2026-06-05T09:03:38.313619+00:00
2014-09-30,KRW=X,1053.900024,yahoo,KRW,2026-06-05T09:03:38.313619+00:00
2014-10-01,KRW=X,1061.800049,yahoo,KRW,2026-06-05T09:03:38.313619+00:00
2014-10-02,KRW=X,1060.199951,yahoo,KRW,2026-06-05T09:03:38.313619+00:00
2014-10-05,KRW=X,1060.099976,yahoo,KRW,2026-06-05T09:03:38.313619+00:00
2014-10-06,KRW=X,1067.900024,yahoo,KRW,2026-06-05T09:03:38.313619+00:00
2014-10-07,KRW=X,1068.699951,yahoo,KRW,2026-06-05T09:03:38.313619+00:00
2014-10-08,KRW=X,1074.069946,yahoo,KRW,2026-06-05T09:03:38.313619+00:00
2014-10-09,KRW=X,1062.5,yahoo,KRW,2026-06-05T09:03:38.313619+00:00
2014-10-12,KRW=X,1051.900024,yahoo,KRW,2026-06-05T09:03:38.313619+00:00
2014-10-13,KRW=X,1065.5,yahoo,KRW,2026-06-05T09:03:38.313619+00:00
2014-10-14,KRW=X,1064.199951,yahoo,KRW,2026-06-05T09:03:38.313619+00:00
2014-10-15,KRW=X,1059.699951,yahoo,KRW,2026-06-05T09:03:38.313619+00:00
2014-10-16,KRW=X,1060.0,yahoo,KRW,2026-06-05T09:03:38.313619+00:00
2014-10-19,KRW=X,1063.0,yahoo,KRW,2026-06-05T09:03:38.313619+00:00
2014-10-20,KRW=X,1054.900024,yahoo,KRW,2026-06-05T09:03:38.313619+00:00
2014-10-21,KRW=X,1054.099976,yahoo,KRW,2026-06-05T09:03:38.313619+00:00
2014-10-22,KRW=X,1052.199951,yahoo,KRW,2026-06-05T09:03:38.313619+00:00
2014-10-23,KRW=X,1058.400024,yahoo,KRW,2026-06-05T09:03:38.313619+00:00
2014-10-27,KRW=X,1055.599976,yahoo,KRW,2026-06-05T09:03:38.313619+00:00
2014-10-28,KRW=X,1049.51001,yahoo,KRW,2026-06-05T09:03:38.313619+00:00
2014-10-29,KRW=X,1045.560059,yahoo,KRW,2026-06-05T09:03:38.313619+00:00
2014-10-30,KRW=X,1053.099976,yahoo,KRW,2026-06-05T09:03:38.313619+00:00
2014-10-31,KRW=X,1053.800049,yahoo,KRW,2026-06-05T09:03:38.313619+00:00
2014-11-03,KRW=X,1051.199951,yahoo,KRW,2026-06-05T09:03:38.313619+00:00
2014-11-04,KRW=X,1081.599976,yahoo,KRW,2026-06-05T09:03:38.313619+00:00
2014-11-05,KRW=X,1076.900024,yahoo,KRW,2026-06-05T09:03:38.313619+00:00
2014-11-06,KRW=X,1088.5,yahoo,KRW,2026-06-05T09:03:38.313619+00:00
2014-11-07,KRW=X,1089.900024,yahoo,KRW,2026-06-05T09:03:38.313619+00:00
2014-11-10,KRW=X,1064.400024,yahoo,KRW,2026-06-05T09:03:38.313619+00:00
2014-11-11,KRW=X,1087.400024,yahoo,KRW,2026-06-05T09:03:38.313619+00:00
2014-11-12,KRW=X,1095.300049,yahoo,KRW,2026-06-05T09:03:38.313619+00:00
2014-11-13,KRW=X,1093.5,yahoo,KRW,2026-06-05T09:03:38.313619+00:00
2014-11-14,KRW=X,1095.400024,yahoo,KRW,2026-06-05T09:03:38.313619+00:00
2014-11-17,KRW=X,1100.0,yahoo,KRW,2026-06-05T09:03:38.313619+00:00
2014-11-18,KRW=X,1100.099976,yahoo,KRW,2026-06-05T09:03:38.313619+00:00
2014-11-19,KRW=X,1100.400024,yahoo,KRW,2026-06-05T09:03:38.313619+00:00
2014-11-20,KRW=X,1113.099976,yahoo,KRW,2026-06-05T09:03:38.313619+00:00
2014-11-21,KRW=X,1111.900024,yahoo,KRW,2026-06-05T09:03:38.313619+00:00
2014-11-24,KRW=X,1111.699951,yahoo,KRW,2026-06-05T09:03:38.313619+00:00
2014-11-25,KRW=X,1113.5,yahoo,KRW,2026-06-05T09:03:38.313619+00:00
2014-11-26,KRW=X,1107.900024,yahoo,KRW,2026-06-05T09:03:38.313619+00:00
2014-11-27,KRW=X,1102.5,yahoo,KRW,2026-06-05T09:03:38.313619+00:00
2014-11-28,KRW=X,1099.099976,yahoo,KRW,2026-06-05T09:03:38.313619+00:00
2014-12-01,KRW=X,1088.5,yahoo,KRW,2026-06-05T09:03:38.313619+00:00
2014-12-02,KRW=X,1108.599976,yahoo,KRW,2026-06-05T09:03:38.313619+00:00
2014-12-03,KRW=X,1113.209961,yahoo,KRW,2026-06-05T09:03:38.313619+00:00
2014-12-04,KRW=X,1114.699951,yahoo,KRW,2026-06-05T09:03:38.313619+00:00
2014-12-05,KRW=X,1110.140015,yahoo,KRW,2026-06-05T09:03:38.313619+00:00
2014-12-08,KRW=X,1119.599976,yahoo,KRW,2026-06-05T09:03:38.313619+00:00
2014-12-09,KRW=X,1111.400024,yahoo,KRW,2026-06-05T09:03:38.313619+00:00
2014-12-10,KRW=X,1102.599976,yahoo,KRW,2026-06-05T09:03:38.313619+00:00
2014-12-11,KRW=X,1100.400024,yahoo,KRW,2026-06-05T09:03:38.313619+00:00
2014-12-12,KRW=X,1100.800049,yahoo,KRW,2026-06-05T09:03:38.313619+00:00
2014-12-15,KRW=X,1103.099976,yahoo,KRW,2026-06-05T09:03:38.313619+00:00
2014-12-16,KRW=X,1097.900024,yahoo,KRW,2026-06-05T09:03:38.313619+00:00
2014-12-17,KRW=X,1079.5,yahoo,KRW,2026-06-05T09:03:38.313619+00:00
2014-12-18,KRW=X,1098.900024,yahoo,KRW,2026-06-05T09:03:38.313619+00:00
2014-12-19,KRW=X,1097.5,yahoo,KRW,2026-06-05T09:03:38.313619+00:00
2014-12-22,KRW=X,1099.300049,yahoo,KRW,2026-06-05T09:03:38.313619+00:00
2014-12-23,KRW=X,1099.099976,yahoo,KRW,2026-06-05T09:03:38.313619+00:00
2014-12-24,KRW=X,1106.099976,yahoo,KRW,2026-06-05T09:03:38.313619+00:00
2014-12-25,KRW=X,1103.199951,yahoo,KRW,2026-06-05T09:03:38.313619+00:00
2014-12-26,KRW=X,1102.099976,yahoo,KRW,2026-06-05T09:03:38.313619+00:00
2014-12-29,KRW=X,1105.599976,yahoo,KRW,2026-06-05T09:03:38.313619+00:00
2014-12-30,KRW=X,1098.800049,yahoo,KRW,2026-06-05T09:03:38.313619+00:00
2014-12-31,KRW=X,1095.300049,yahoo,KRW,2026-06-05T09:03:38.313619+00:00
2015-01-01,KRW=X,1092.699951,yahoo,KRW,2026-06-05T09:03:38.313619+00:00
2015-01-02,KRW=X,1093.599976,yahoo,KRW,2026-06-05T09:03:38.313619+00:00
2015-01-05,KRW=X,1111.0,yahoo,KRW,2026-06-05T09:03:38.313619+00:00
2015-01-06,KRW=X,1108.5,yahoo,KRW,2026-06-05T09:03:38.313619+00:00
2015-01-07,KRW=X,1097.300049,yahoo,KRW,2026-06-05T09:03:38.313619+00:00
2015-01-08,KRW=X,1097.800049,yahoo,KRW,2026-06-05T09:03:38.313619+00:00
2015-01-09,KRW=X,1094.300049,yahoo,KRW,2026-06-05T09:03:38.313619+00:00
2015-01-12,KRW=X,1081.800049,yahoo,KRW,2026-06-05T09:03:38.313619+00:00
2015-01-13,KRW=X,1081.400024,yahoo,KRW,2026-06-05T09:03:38.313619+00:00
2015-01-14,KRW=X,1077.099976,yahoo,KRW,2026-06-05T09:03:38.313619+00:00
2015-01-15,KRW=X,1082.0,yahoo,KRW,2026-06-05T09:03:38.313619+00:00
2015-01-16,KRW=X,1075.5,yahoo,KRW,2026-06-05T09:03:38.313619+00:00
2015-01-19,KRW=X,1078.0,yahoo,KRW,2026-06-05T09:03:38.313619+00:00
2015-01-20,KRW=X,1079.099976,yahoo,KRW,2026-06-05T09:03:38.313619+00:00
2015-01-21,KRW=X,1086.699951,yahoo,KRW,2026-06-05T09:03:38.313619+00:00
2015-01-22,KRW=X,1081.900024,yahoo,KRW,2026-06-05T09:03:38.313619+00:00
2015-01-23,KRW=X,1084.699951,yahoo,KRW,2026-06-05T09:03:38.313619+00:00
2015-01-26,KRW=X,1084.5,yahoo,KRW,2026-06-05T09:03:38.313619+00:00
2015-01-27,KRW=X,1079.300049,yahoo,KRW,2026-06-05T09:03:38.313619+00:00
2015-01-28,KRW=X,1076.699951,yahoo,KRW,2026-06-05T09:03:38.313619+00:00
2015-01-29,KRW=X,1084.400024,yahoo,KRW,2026-06-05T09:03:38.313619+00:00
2015-01-30,KRW=X,1098.800049,yahoo,KRW,2026-06-05T09:03:38.313619+00:00
2015-02-02,KRW=X,1099.0,yahoo,KRW,2026-06-05T09:03:38.313619+00:00
2015-02-03,KRW=X,1098.099976,yahoo,KRW,2026-06-05T09:03:38.313619+00:00
2015-02-04,KRW=X,1091.300049,yahoo,KRW,2026-06-05T09:03:38.313619+00:00
2015-02-05,KRW=X,1087.599976,yahoo,KRW,2026-06-05T09:03:38.313619+00:00
2015-02-06,KRW=X,1084.800049,yahoo,KRW,2026-06-05T09:03:38.313619+00:00
2015-02-09,KRW=X,1096.699951,yahoo,KRW,2026-06-05T09:03:38.313619+00:00
2015-02-10,KRW=X,1094.099976,yahoo,KRW,2026-06-05T09:03:38.313619+00:00
2015-02-11,KRW=X,1097.599976,yahoo,KRW,2026-06-05T09:03:38.313619+00:00
2015-02-12,KRW=X,1105.699951,yahoo,KRW,2026-06-05T09:03:38.313619+00:00
2015-02-13,KRW=X,1101.199951,yahoo,KRW,2026-06-05T09:03:38.313619+00:00
2015-02-16,KRW=X,1095.400024,yahoo,KRW,2026-06-05T09:03:38.313619+00:00
2015-02-17,KRW=X,1100.199951,yahoo,KRW,2026-06-05T09:03:38.313619+00:00
2015-02-18,KRW=X,1107.300049,yahoo,KRW,2026-06-05T09:03:38.313619+00:00
2015-02-19,KRW=X,1107.599976,yahoo,KRW,2026-06-05T09:03:38.313619+00:00
2015-02-20,KRW=X,1110.599976,yahoo,KRW,2026-06-05T09:03:38.313619+00:00
2015-02-23,KRW=X,1109.099976,yahoo,KRW,2026-06-05T09:03:38.313619+00:00
2015-02-24,KRW=X,1107.699951,yahoo,KRW,2026-06-05T09:03:38.313619+00:00
2015-02-25,KRW=X,1111.300049,yahoo,KRW,2026-06-05T09:03:38.313619+00:00
2015-02-26,KRW=X,1098.680054,yahoo,KRW,2026-06-05T09:03:38.313619+00:00
2015-02-27,KRW=X,1100.670044,yahoo,KRW,2026-06-05T09:03:38.313619+00:00
2015-03-02,KRW=X,1099.01001,yahoo,KRW,2026-06-05T09:03:38.313619+00:00
2015-03-03,KRW=X,1100.589966,yahoo,KRW,2026-06-05T09:03:38.313619+00:00
2015-03-04,KRW=X,1094.959961,yahoo,KRW,2026-06-05T09:03:38.313619+00:00
2015-03-05,KRW=X,1099.25,yahoo,KRW,2026-06-05T09:03:38.313619+00:00
2015-03-06,KRW=X,1099.890015,yahoo,KRW,2026-06-05T09:03:38.313619+00:00
2015-03-09,KRW=X,1108.810059,yahoo,KRW,2026-06-05T09:03:38.313619+00:00
2015-03-10,KRW=X,1113.5,yahoo,KRW,2026-06-05T09:03:38.313619+00:00
2015-03-11,KRW=X,1124.859985,yahoo,KRW,2026-06-05T09:03:38.313619+00:00
2015-03-12,KRW=X,1128.97998,yahoo,KRW,2026-06-05T09:03:38.313619+00:00
2015-03-13,KRW=X,1123.02002,yahoo,KRW,2026-06-05T09:03:38.313619+00:00
2015-03-16,KRW=X,1136.219971,yahoo,KRW,2026-06-05T09:03:38.313619+00:00
2015-03-17,KRW=X,1129.0,yahoo,KRW,2026-06-05T09:03:38.313619+00:00
2015-03-18,KRW=X,1127.160034,yahoo,KRW,2026-06-05T09:03:38.313619+00:00
2015-03-19,KRW=X,1109.890015,yahoo,KRW,2026-06-05T09:03:38.313619+00:00
2015-03-20,KRW=X,1119.300049,yahoo,KRW,2026-06-05T09:03:38.313619+00:00
2015-03-23,KRW=X,1111.780029,yahoo,KRW,2026-06-05T09:03:38.313619+00:00
2015-03-24,KRW=X,1103.430054,yahoo,KRW,2026-06-05T09:03:38.313619+00:00
2015-03-25,KRW=X,1101.670044,yahoo,KRW,2026-06-05T09:03:38.313619+00:00
2015-03-26,KRW=X,1098.97998,yahoo,KRW,2026-06-05T09:03:38.313619+00:00
2015-03-27,KRW=X,1102.949951,yahoo,KRW,2026-06-05T09:03:38.313619+00:00
2015-03-29,KRW=X,1101.72998,yahoo,KRW,2026-06-05T09:03:38.313619+00:00
2015-03-30,KRW=X,1105.5,yahoo,KRW,2026-06-05T09:03:38.313619+00:00
2015-03-31,KRW=X,1107.099976,yahoo,KRW,2026-06-05T09:03:38.313619+00:00
2015-04-01,KRW=X,1097.869995,yahoo,KRW,2026-06-05T09:03:38.313619+00:00
2015-04-02,KRW=X,1089.119995,yahoo,KRW,2026-06-05T09:03:38.313619+00:00
2015-04-05,KRW=X,1089.119995,yahoo,KRW,2026-06-05T09:03:38.313619+00:00
2015-04-06,KRW=X,1089.119995,yahoo,KRW,2026-06-05T09:03:38.313619+00:00
2015-04-07,KRW=X,1092.319946,yahoo,KRW,2026-06-05T09:03:38.313619+00:00
2015-04-08,KRW=X,1090.150024,yahoo,KRW,2026-06-05T09:03:38.313619+00:00
2015-04-09,KRW=X,1093.790039,yahoo,KRW,2026-06-05T09:03:38.313619+00:00
2015-04-12,KRW=X,1091.939941,yahoo,KRW,2026-06-05T09:03:38.313619+00:00
2015-04-13,KRW=X,1099.890015,yahoo,KRW,2026-06-05T09:03:38.313619+00:00
2015-04-14,KRW=X,1090.300049,yahoo,KRW,2026-06-05T09:03:38.313619+00:00
2015-04-15,KRW=X,1093.619995,yahoo,KRW,2026-06-05T09:03:38.313619+00:00
2015-04-16,KRW=X,1082.589966,yahoo,KRW,2026-06-05T09:03:38.313619+00:00
2015-04-19,KRW=X,1081.890015,yahoo,KRW,2026-06-05T09:03:38.313619+00:00
2015-04-20,KRW=X,1081.180054,yahoo,KRW,2026-06-05T09:03:38.313619+00:00
2015-04-21,KRW=X,1081.319946,yahoo,KRW,2026-06-05T09:03:38.313619+00:00
2015-04-22,KRW=X,1083.0,yahoo,KRW,2026-06-05T09:03:38.313619+00:00
2015-04-23,KRW=X,1080.02002,yahoo,KRW,2026-06-05T09:03:38.313619+00:00
2015-04-26,KRW=X,1074.380005,yahoo,KRW,2026-06-05T09:03:38.313619+00:00
2015-04-27,KRW=X,1067.810059,yahoo,KRW,2026-06-05T09:03:38.313619+00:00
2015-04-28,KRW=X,1062.849976,yahoo,KRW,2026-06-05T09:03:38.313619+00:00
2015-04-29,KRW=X,1068.969971,yahoo,KRW,2026-06-05T09:03:38.313619+00:00
2015-04-30,KRW=X,1075.060059,yahoo,KRW,2026-06-05T09:03:38.313619+00:00
2015-05-03,KRW=X,1075.060059,yahoo,KRW,2026-06-05T09:03:38.313619+00:00
2015-05-04,KRW=X,1078.75,yahoo,KRW,2026-06-05T09:03:38.313619+00:00
2015-05-05,KRW=X,1079.579956,yahoo,KRW,2026-06-05T09:03:38.313619+00:00
2015-05-06,KRW=X,1078.670044,yahoo,KRW,2026-06-05T09:03:38.313619+00:00
2015-05-07,KRW=X,1091.890015,yahoo,KRW,2026-06-05T09:03:38.313619+00:00
2015-05-10,KRW=X,1085.800049,yahoo,KRW,2026-06-05T09:03:38.313619+00:00
2015-05-11,KRW=X,1095.949951,yahoo,KRW,2026-06-05T09:03:38.313619+00:00
2015-05-12,KRW=X,1092.380005,yahoo,KRW,2026-06-05T09:03:38.313619+00:00
2015-05-13,KRW=X,1091.400024,yahoo,KRW,2026-06-05T09:03:38.313619+00:00
2015-05-14,KRW=X,1088.23999,yahoo,KRW,2026-06-05T09:03:38.313619+00:00
2015-05-17,KRW=X,1081.839966,yahoo,KRW,2026-06-05T09:03:38.313619+00:00
2015-05-18,KRW=X,1088.23999,yahoo,KRW,2026-06-05T09:03:38.313619+00:00
2015-05-19,KRW=X,1093.5,yahoo,KRW,2026-06-05T09:03:38.313619+00:00
2015-05-20,KRW=X,1095.410034,yahoo,KRW,2026-06-05T09:03:38.313619+00:00
2015-05-21,KRW=X,1091.47998,yahoo,KRW,2026-06-05T09:03:38.313619+00:00
2015-05-24,KRW=X,1094.75,yahoo,KRW,2026-06-05T09:03:38.313619+00:00
2015-05-25,KRW=X,1095.75,yahoo,KRW,2026-06-05T09:03:38.313619+00:00
2015-05-26,KRW=X,1105.869995,yahoo,KRW,2026-06-05T09:03:38.313619+00:00
2015-05-27,KRW=X,1107.420044,yahoo,KRW,2026-06-05T09:03:38.313619+00:00
2015-05-28,KRW=X,1107.0,yahoo,KRW,2026-06-05T09:03:38.313619+00:00
2015-05-31,KRW=X,1111.420044,yahoo,KRW,2026-06-05T09:03:38.313619+00:00
2015-06-01,KRW=X,1113.800049,yahoo,KRW,2026-06-05T09:03:38.313619+00:00
2015-06-02,KRW=X,1106.530029,yahoo,KRW,2026-06-05T09:03:38.313619+00:00
2015-06-03,KRW=X,1105.689941,yahoo,KRW,2026-06-05T09:03:38.313619+00:00
2015-06-04,KRW=X,1111.699951,yahoo,KRW,2026-06-05T09:03:38.313619+00:00
2015-06-07,KRW=X,1122.300049,yahoo,KRW,2026-06-05T09:03:38.313619+00:00
2015-06-08,KRW=X,1117.109985,yahoo,KRW,2026-06-05T09:03:38.313619+00:00
2015-06-09,KRW=X,1119.079956,yahoo,KRW,2026-06-05T09:03:38.313619+00:00
2015-06-10,KRW=X,1108.719971,yahoo,KRW,2026-06-05T09:03:38.313619+00:00
2015-06-11,KRW=X,1110.400024,yahoo,KRW,2026-06-05T09:03:38.313619+00:00
2015-06-14,KRW=X,1110.349976,yahoo,KRW,2026-06-05T09:03:38.313619+00:00
2015-06-15,KRW=X,1114.530029,yahoo,KRW,2026-06-05T09:03:38.313619+00:00
2015-06-16,KRW=X,1116.77002,yahoo,KRW,2026-06-05T09:03:38.313619+00:00
2015-06-17,KRW=X,1111.589966,yahoo,KRW,2026-06-05T09:03:38.313619+00:00
2015-06-18,KRW=X,1103.25,yahoo,KRW,2026-06-05T09:03:38.313619+00:00
2015-06-21,KRW=X,1101.219971,yahoo,KRW,2026-06-05T09:03:38.313619+00:00
2015-06-22,KRW=X,1098.780029,yahoo,KRW,2026-06-05T09:03:38.313619+00:00
2015-06-23,KRW=X,1103.969971,yahoo,KRW,2026-06-05T09:03:38.313619+00:00
2015-06-24,KRW=X,1107.920044,yahoo,KRW,2026-06-05T09:03:38.313619+00:00
2015-06-25,KRW=X,1109.939941,yahoo,KRW,2026-06-05T09:03:38.313619+00:00
2015-06-28,KRW=X,1120.900024,yahoo,KRW,2026-06-05T09:03:38.313619+00:00
2015-06-29,KRW=X,1118.219971,yahoo,KRW,2026-06-05T09:03:38.313619+00:00
2015-06-30,KRW=X,1117.560059,yahoo,KRW,2026-06-05T09:03:38.313619+00:00
2015-07-01,KRW=X,1122.930054,yahoo,KRW,2026-06-05T09:03:38.313619+00:00
2015-07-02,KRW=X,1120.949951,yahoo,KRW,2026-06-05T09:03:38.313619+00:00
2015-07-05,KRW=X,1120.949951,yahoo,KRW,2026-06-05T09:03:38.313619+00:00
2015-07-06,KRW=X,1124.22998,yahoo,KRW,2026-06-05T09:03:38.313619+00:00
2015-07-07,KRW=X,1132.930054,yahoo,KRW,2026-06-05T09:03:38.313619+00:00
2015-07-08,KRW=X,1134.439941,yahoo,KRW,2026-06-05T09:03:38.313619+00:00
2015-07-09,KRW=X,1131.030029,yahoo,KRW,2026-06-05T09:03:38.313619+00:00
2015-07-12,KRW=X,1129.040039,yahoo,KRW,2026-06-05T09:03:38.313619+00:00
2015-07-13,KRW=X,1134.819946,yahoo,KRW,2026-06-05T09:03:38.313619+00:00
2015-07-14,KRW=X,1141.369995,yahoo,KRW,2026-06-05T09:03:38.313619+00:00
2015-07-15,KRW=X,1144.920044,yahoo,KRW,2026-06-05T09:03:38.313619+00:00
2015-07-16,KRW=X,1145.150024,yahoo,KRW,2026-06-05T09:03:38.313619+00:00
2015-07-19,KRW=X,1148.109985,yahoo,KRW,2026-06-05T09:03:38.313619+00:00
2015-07-20,KRW=X,1154.550049,yahoo,KRW,2026-06-05T09:03:38.313619+00:00
2015-07-21,KRW=X,1146.859985,yahoo,KRW,2026-06-05T09:03:38.313619+00:00
2015-07-22,KRW=X,1155.530029,yahoo,KRW,2026-06-05T09:03:38.313619+00:00
2015-07-23,KRW=X,1160.26001,yahoo,KRW,2026-06-05T09:03:38.313619+00:00
2015-07-26,KRW=X,1168.199951,yahoo,KRW,2026-06-05T09:03:38.313619+00:00
2015-07-27,KRW=X,1165.030029,yahoo,KRW,2026-06-05T09:03:38.313619+00:00
2015-07-28,KRW=X,1159.52002,yahoo,KRW,2026-06-05T09:03:38.313619+00:00
2015-07-29,KRW=X,1160.069946,yahoo,KRW,2026-06-05T09:03:38.313619+00:00
2015-07-30,KRW=X,1170.77002,yahoo,KRW,2026-06-05T09:03:38.313619+00:00
2015-08-02,KRW=X,1164.640015,yahoo,KRW,2026-06-05T09:03:38.313619+00:00
2015-08-03,KRW=X,1168.699951,yahoo,KRW,2026-06-05T09:03:38.313619+00:00
2015-08-04,KRW=X,1167.130005,yahoo,KRW,2026-06-05T09:03:38.313619+00:00
2015-08-05,KRW=X,1171.939941,yahoo,KRW,2026-06-05T09:03:38.313619+00:00
2015-08-06,KRW=X,1161.530029,yahoo,KRW,2026-06-05T09:03:38.313619+00:00
2015-08-09,KRW=X,1161.530029,yahoo,KRW,2026-06-05T09:03:38.313619+00:00
2015-08-10,KRW=X,1157.050049,yahoo,KRW,2026-06-05T09:03:38.313619+00:00
2015-08-11,KRW=X,1177.280029,yahoo,KRW,2026-06-05T09:03:38.313619+00:00
2015-08-12,KRW=X,1173.0,yahoo,KRW,2026-06-05T09:03:38.313619+00:00
2015-08-13,KRW=X,1176.449951,yahoo,KRW,2026-06-05T09:03:38.313619+00:00
2015-08-16,KRW=X,1177.199951,yahoo,KRW,2026-06-05T09:03:38.313619+00:00
2015-08-17,KRW=X,1181.579956,yahoo,KRW,2026-06-05T09:03:38.313619+00:00
2015-08-18,KRW=X,1184.449951,yahoo,KRW,2026-06-05T09:03:38.313619+00:00
2015-08-19,KRW=X,1181.209961,yahoo,KRW,2026-06-05T09:03:38.313619+00:00
2015-08-20,KRW=X,1182.530029,yahoo,KRW,2026-06-05T09:03:38.313619+00:00
2015-08-23,KRW=X,1193.569946,yahoo,KRW,2026-06-05T09:03:38.313619+00:00
2015-08-24,KRW=X,1189.579956,yahoo,KRW,2026-06-05T09:03:38.313619+00:00
2015-08-25,KRW=X,1189.160034,yahoo,KRW,2026-06-05T09:03:38.313619+00:00
2015-08-26,KRW=X,1181.160034,yahoo,KRW,2026-06-05T09:03:38.313619+00:00
2015-08-27,KRW=X,1171.98999,yahoo,KRW,2026-06-05T09:03:38.313619+00:00
2015-08-30,KRW=X,1177.599976,yahoo,KRW,2026-06-05T09:03:38.313619+00:00
2015-08-31,KRW=X,1180.949951,yahoo,KRW,2026-06-05T09:03:38.313619+00:00
2015-09-01,KRW=X,1177.280029,yahoo,KRW,2026-06-05T09:03:38.313619+00:00
2015-09-02,KRW=X,1182.160034,yahoo,KRW,2026-06-05T09:03:38.313619+00:00
2015-09-03,KRW=X,1189.119995,yahoo,KRW,2026-06-05T09:03:38.313619+00:00
2015-09-06,KRW=X,1199.51001,yahoo,KRW,2026-06-05T09:03:38.313619+00:00
2015-09-07,KRW=X,1201.189941,yahoo,KRW,2026-06-05T09:03:38.313619+00:00
2015-09-08,KRW=X,1193.0,yahoo,KRW,2026-06-05T09:03:38.313619+00:00
2015-09-09,KRW=X,1190.339966,yahoo,KRW,2026-06-05T09:03:38.313619+00:00
2015-09-10,KRW=X,1180.599976,yahoo,KRW,2026-06-05T09:03:38.313619+00:00
2015-09-13,KRW=X,1180.550049,yahoo,KRW,2026-06-05T09:03:38.313619+00:00
2015-09-14,KRW=X,1182.0,yahoo,KRW,2026-06-05T09:03:38.313619+00:00
2015-09-15,KRW=X,1176.810059,yahoo,KRW,2026-06-05T09:03:38.313619+00:00
2015-09-16,KRW=X,1169.199951,yahoo,KRW,2026-06-05T09:03:38.313619+00:00
2015-09-17,KRW=X,1164.890015,yahoo,KRW,2026-06-05T09:03:38.313619+00:00
2015-09-20,KRW=X,1171.109985,yahoo,KRW,2026-06-05T09:03:38.313619+00:00
2015-09-21,KRW=X,1176.47998,yahoo,KRW,2026-06-05T09:03:38.313619+00:00
2015-09-22,KRW=X,1182.540039,yahoo,KRW,2026-06-05T09:03:38.313619+00:00
2015-09-23,KRW=X,1192.410034,yahoo,KRW,2026-06-05T09:03:38.313619+00:00
2015-09-24,KRW=X,1188.939941,yahoo,KRW,2026-06-05T09:03:38.313619+00:00
2015-09-27,KRW=X,1191.319946,yahoo,KRW,2026-06-05T09:03:38.313619+00:00
2015-09-28,KRW=X,1193.810059,yahoo,KRW,2026-06-05T09:03:38.313619+00:00
2015-09-29,KRW=X,1194.160034,yahoo,KRW,2026-06-05T09:03:38.313619+00:00
2015-09-30,KRW=X,1183.839966,yahoo,KRW,2026-06-05T09:03:38.313619+00:00
2015-10-01,KRW=X,1177.099976,yahoo,KRW,2026-06-05T09:03:38.313619+00:00
2015-10-04,KRW=X,1171.089966,yahoo,KRW,2026-06-05T09:03:38.313619+00:00
2015-10-05,KRW=X,1159.569946,yahoo,KRW,2026-06-05T09:03:38.313619+00:00
2015-10-06,KRW=X,1159.319946,yahoo,KRW,2026-06-05T09:03:38.313619+00:00
2015-10-07,KRW=X,1156.75,yahoo,KRW,2026-06-05T09:03:38.313619+00:00
2015-10-08,KRW=X,1150.900024,yahoo,KRW,2026-06-05T09:03:38.313619+00:00
2015-10-11,KRW=X,1146.01001,yahoo,KRW,2026-06-05T09:03:38.313619+00:00
2015-10-12,KRW=X,1142.209961,yahoo,KRW,2026-06-05T09:03:38.313619+00:00
2015-10-13,KRW=X,1148.069946,yahoo,KRW,2026-06-05T09:03:38.313619+00:00
2015-10-14,KRW=X,1135.75,yahoo,KRW,2026-06-05T09:03:38.313619+00:00
2015-10-15,KRW=X,1121.040039,yahoo,KRW,2026-06-05T09:03:38.313619+00:00
2015-10-18,KRW=X,1129.719971,yahoo,KRW,2026-06-05T09:03:38.313619+00:00
2015-10-19,KRW=X,1130.369995,yahoo,KRW,2026-06-05T09:03:38.313619+00:00
2015-10-20,KRW=X,1129.469971,yahoo,KRW,2026-06-05T09:03:38.313619+00:00
2015-10-21,KRW=X,1138.040039,yahoo,KRW,2026-06-05T09:03:38.313619+00:00
2015-10-22,KRW=X,1128.670044,yahoo,KRW,2026-06-05T09:03:38.313619+00:00
2015-10-26,KRW=X,1134.01001,yahoo,KRW,2026-06-05T09:03:38.313619+00:00
2015-10-27,KRW=X,1128.73999,yahoo,KRW,2026-06-05T09:03:38.313619+00:00
2015-10-28,KRW=X,1134.02002,yahoo,KRW,2026-06-05T09:03:38.313619+00:00
2015-10-29,KRW=X,1143.599976,yahoo,KRW,2026-06-05T09:03:38.313619+00:00
2015-10-30,KRW=X,1139.859985,yahoo,KRW,2026-06-05T09:03:38.313619+00:00
2015-11-02,KRW=X,1139.160034,yahoo,KRW,2026-06-05T09:03:38.313619+00:00
2015-11-03,KRW=X,1136.619995,yahoo,KRW,2026-06-05T09:03:38.313619+00:00
2015-11-04,KRW=X,1127.800049,yahoo,KRW,2026-06-05T09:03:38.313619+00:00
2015-11-05,KRW=X,1133.160034,yahoo,KRW,2026-06-05T09:03:38.313619+00:00
2015-11-06,KRW=X,1136.359985,yahoo,KRW,2026-06-05T09:03:38.313619+00:00
2015-11-09,KRW=X,1150.780029,yahoo,KRW,2026-06-05T09:03:38.313619+00:00
2015-11-10,KRW=X,1157.109985,yahoo,KRW,2026-06-05T09:03:38.313619+00:00
2015-11-11,KRW=X,1157.060059,yahoo,KRW,2026-06-05T09:03:38.313619+00:00
2015-11-12,KRW=X,1153.660034,yahoo,KRW,2026-06-05T09:03:38.313619+00:00
2015-11-13,KRW=X,1157.26001,yahoo,KRW,2026-06-05T09:03:38.313619+00:00
2015-11-16,KRW=X,1168.339966,yahoo,KRW,2026-06-05T09:03:38.313619+00:00
2015-11-17,KRW=X,1167.089966,yahoo,KRW,2026-06-05T09:03:38.313619+00:00
2015-11-18,KRW=X,1168.5,yahoo,KRW,2026-06-05T09:03:38.313619+00:00
2015-11-19,KRW=X,1164.459961,yahoo,KRW,2026-06-05T09:03:38.313619+00:00
2015-11-20,KRW=X,1153.689941,yahoo,KRW,2026-06-05T09:03:38.313619+00:00
2015-11-23,KRW=X,1152.619995,yahoo,KRW,2026-06-05T09:03:38.313619+00:00
2015-11-24,KRW=X,1157.089966,yahoo,KRW,2026-06-05T09:03:38.313619+00:00
2015-11-25,KRW=X,1145.0,yahoo,KRW,2026-06-05T09:03:38.313619+00:00
2015-11-26,KRW=X,1143.050049,yahoo,KRW,2026-06-05T09:03:38.313619+00:00
2015-11-27,KRW=X,1146.859985,yahoo,KRW,2026-06-05T09:03:38.313619+00:00
2015-11-30,KRW=X,1154.829956,yahoo,KRW,2026-06-05T09:03:38.313619+00:00
2015-12-01,KRW=X,1158.23999,yahoo,KRW,2026-06-05T09:03:38.313619+00:00
2015-12-02,KRW=X,1153.900024,yahoo,KRW,2026-06-05T09:03:38.313619+00:00
2015-12-03,KRW=X,1160.76001,yahoo,KRW,2026-06-05T09:03:38.313619+00:00
2015-12-04,KRW=X,1152.27002,yahoo,KRW,2026-06-05T09:03:38.313619+00:00
2015-12-07,KRW=X,1161.640015,yahoo,KRW,2026-06-05T09:03:38.313619+00:00
2015-12-08,KRW=X,1174.410034,yahoo,KRW,2026-06-05T09:03:38.313619+00:00
2015-12-09,KRW=X,1178.589966,yahoo,KRW,2026-06-05T09:03:38.313619+00:00
2015-12-10,KRW=X,1179.719971,yahoo,KRW,2026-06-05T09:03:38.313619+00:00
2015-12-11,KRW=X,1177.290039,yahoo,KRW,2026-06-05T09:03:38.313619+00:00
2015-12-14,KRW=X,1185.579956,yahoo,KRW,2026-06-05T09:03:38.313619+00:00
2015-12-15,KRW=X,1183.650024,yahoo,KRW,2026-06-05T09:03:38.313619+00:00
2015-12-16,KRW=X,1172.73999,yahoo,KRW,2026-06-05T09:03:38.313619+00:00
2015-12-17,KRW=X,1170.050049,yahoo,KRW,2026-06-05T09:03:38.313619+00:00
2015-12-18,KRW=X,1183.060059,yahoo,KRW,2026-06-05T09:03:38.313619+00:00
2015-12-21,KRW=X,1180.430054,yahoo,KRW,2026-06-05T09:03:38.313619+00:00
2015-12-22,KRW=X,1173.609985,yahoo,KRW,2026-06-05T09:03:38.313619+00:00
2015-12-23,KRW=X,1169.109985,yahoo,KRW,2026-06-05T09:03:38.313619+00:00
2015-12-24,KRW=X,1172.160034,yahoo,KRW,2026-06-05T09:03:38.313619+00:00
2015-12-25,KRW=X,1167.880005,yahoo,KRW,2026-06-05T09:03:38.313619+00:00
2015-12-28,KRW=X,1167.880005,yahoo,KRW,2026-06-05T09:03:38.313619+00:00
2015-12-29,KRW=X,1165.849976,yahoo,KRW,2026-06-05T09:03:38.313619+00:00
2015-12-30,KRW=X,1169.449951,yahoo,KRW,2026-06-05T09:03:38.313619+00:00
2015-12-31,KRW=X,1175.439941,yahoo,KRW,2026-06-05T09:03:38.313619+00:00
2016-01-01,KRW=X,1174.109985,yahoo,KRW,2026-06-05T09:03:38.313619+00:00
2016-01-04,KRW=X,1174.109985,yahoo,KRW,2026-06-05T09:03:38.313619+00:00
2016-01-05,KRW=X,1187.359985,yahoo,KRW,2026-06-05T09:03:38.313619+00:00
2016-01-06,KRW=X,1188.719971,yahoo,KRW,2026-06-05T09:03:38.313619+00:00
2016-01-07,KRW=X,1198.73999,yahoo,KRW,2026-06-05T09:03:38.313619+00:00
2016-01-08,KRW=X,1195.390015,yahoo,KRW,2026-06-05T09:03:38.313619+00:00
2016-01-11,KRW=X,1205.939941,yahoo,KRW,2026-06-05T09:03:38.313619+00:00
2016-01-12,KRW=X,1202.719971,yahoo,KRW,2026-06-05T09:03:38.313619+00:00
2016-01-13,KRW=X,1208.5,yahoo,KRW,2026-06-05T09:03:38.313619+00:00
2016-01-14,KRW=X,1210.329956,yahoo,KRW,2026-06-05T09:03:38.313619+00:00
2016-01-15,KRW=X,1206.439941,yahoo,KRW,2026-06-05T09:03:38.313619+00:00
2016-01-18,KRW=X,1212.810059,yahoo,KRW,2026-06-05T09:03:38.313619+00:00
2016-01-19,KRW=X,1208.839966,yahoo,KRW,2026-06-05T09:03:38.313619+00:00
2016-01-20,KRW=X,1205.75,yahoo,KRW,2026-06-05T09:03:38.313619+00:00
2016-01-21,KRW=X,1207.25,yahoo,KRW,2026-06-05T09:03:38.313619+00:00
2016-01-22,KRW=X,1202.069946,yahoo,KRW,2026-06-05T09:03:38.313619+00:00
2016-01-25,KRW=X,1195.569946,yahoo,KRW,2026-06-05T09:03:38.313619+00:00
2016-01-26,KRW=X,1197.359985,yahoo,KRW,2026-06-05T09:03:38.313619+00:00
2016-01-27,KRW=X,1196.780029,yahoo,KRW,2026-06-05T09:03:38.313619+00:00
2016-01-28,KRW=X,1206.680054,yahoo,KRW,2026-06-05T09:03:38.313619+00:00
2016-01-29,KRW=X,1205.630005,yahoo,KRW,2026-06-05T09:03:38.313619+00:00
2016-02-01,KRW=X,1206.109985,yahoo,KRW,2026-06-05T09:03:38.313619+00:00
2016-02-02,KRW=X,1200.959961,yahoo,KRW,2026-06-05T09:03:38.313619+00:00
2016-02-03,KRW=X,1211.5,yahoo,KRW,2026-06-05T09:03:38.313619+00:00
2016-02-04,KRW=X,1199.699951,yahoo,KRW,2026-06-05T09:03:38.313619+00:00
2016-02-05,KRW=X,1190.849976,yahoo,KRW,2026-06-05T09:03:38.313619+00:00
2016-02-08,KRW=X,1204.349976,yahoo,KRW,2026-06-05T09:03:38.313619+00:00
2016-02-09,KRW=X,1202.670044,yahoo,KRW,2026-06-05T09:03:38.313619+00:00
2016-02-10,KRW=X,1197.150024,yahoo,KRW,2026-06-05T09:03:38.313619+00:00
2016-02-11,KRW=X,1187.949951,yahoo,KRW,2026-06-05T09:03:38.313619+00:00
2016-02-12,KRW=X,1197.449951,yahoo,KRW,2026-06-05T09:03:38.313619+00:00
2016-02-15,KRW=X,1205.0,yahoo,KRW,2026-06-05T09:03:38.313619+00:00
2016-02-16,KRW=X,1211.25,yahoo,KRW,2026-06-05T09:03:38.313619+00:00
2016-02-17,KRW=X,1215.849976,yahoo,KRW,2026-06-05T09:03:38.313619+00:00
2016-02-18,KRW=X,1224.050049,yahoo,KRW,2026-06-05T09:03:38.313619+00:00
2016-02-19,KRW=X,1227.400024,yahoo,KRW,2026-06-05T09:03:38.313619+00:00
2016-02-22,KRW=X,1231.869995,yahoo,KRW,2026-06-05T09:03:38.313619+00:00
2016-02-23,KRW=X,1220.949951,yahoo,KRW,2026-06-05T09:03:38.313619+00:00
2016-02-24,KRW=X,1229.949951,yahoo,KRW,2026-06-05T09:03:38.313619+00:00
2016-02-25,KRW=X,1231.400024,yahoo,KRW,2026-06-05T09:03:38.313619+00:00
2016-02-26,KRW=X,1232.349976,yahoo,KRW,2026-06-05T09:03:38.313619+00:00
2016-02-29,KRW=X,1241.130005,yahoo,KRW,2026-06-05T09:03:38.313619+00:00
2016-03-01,KRW=X,1236.199951,yahoo,KRW,2026-06-05T09:03:38.313619+00:00
2016-03-02,KRW=X,1225.150024,yahoo,KRW,2026-06-05T09:03:38.313619+00:00
2016-03-03,KRW=X,1224.5,yahoo,KRW,2026-06-05T09:03:38.313619+00:00
2016-03-04,KRW=X,1210.030029,yahoo,KRW,2026-06-05T09:03:38.313619+00:00
2016-03-07,KRW=X,1196.5,yahoo,KRW,2026-06-05T09:03:38.313619+00:00
2016-03-08,KRW=X,1198.75,yahoo,KRW,2026-06-05T09:03:38.313619+00:00
2016-03-09,KRW=X,1208.180054,yahoo,KRW,2026-06-05T09:03:38.313619+00:00
2016-03-10,KRW=X,1208.150024,yahoo,KRW,2026-06-05T09:03:38.313619+00:00
2016-03-11,KRW=X,1203.949951,yahoo,KRW,2026-06-05T09:03:38.313619+00:00
2016-03-14,KRW=X,1185.900024,yahoo,KRW,2026-06-05T09:03:38.313619+00:00
2016-03-15,KRW=X,1185.75,yahoo,KRW,2026-06-05T09:03:38.313619+00:00
2016-03-16,KRW=X,1191.969971,yahoo,KRW,2026-06-05T09:03:38.313619+00:00
2016-03-17,KRW=X,1175.849976,yahoo,KRW,2026-06-05T09:03:38.313619+00:00
2016-03-18,KRW=X,1152.75,yahoo,KRW,2026-06-05T09:03:38.313619+00:00
2016-03-21,KRW=X,1162.300049,yahoo,KRW,2026-06-05T09:03:38.313619+00:00
2016-03-22,KRW=X,1159.099976,yahoo,KRW,2026-06-05T09:03:38.313619+00:00
2016-03-23,KRW=X,1154.800049,yahoo,KRW,2026-06-05T09:03:38.313619+00:00
2016-03-24,KRW=X,1166.150024,yahoo,KRW,2026-06-05T09:03:38.313619+00:00
2016-03-25,KRW=X,1166.150024,yahoo,KRW,2026-06-05T09:03:38.313619+00:00
2016-03-27,KRW=X,1166.150024,yahoo,KRW,2026-06-05T09:03:38.313619+00:00
2016-03-28,KRW=X,1166.150024,yahoo,KRW,2026-06-05T09:03:38.313619+00:00
2016-03-29,KRW=X,1156.079956,yahoo,KRW,2026-06-05T09:03:38.313619+00:00
2016-03-30,KRW=X,1140.22998,yahoo,KRW,2026-06-05T09:03:38.313619+00:00
2016-03-31,KRW=X,1140.800049,yahoo,KRW,2026-06-05T09:03:38.313619+00:00
2016-04-03,KRW=X,1145.819946,yahoo,KRW,2026-06-05T09:03:38.313619+00:00
2016-04-04,KRW=X,1148.630005,yahoo,KRW,2026-06-05T09:03:38.313619+00:00
2016-04-05,KRW=X,1158.5,yahoo,KRW,2026-06-05T09:03:38.313619+00:00
2016-04-06,KRW=X,1153.150024,yahoo,KRW,2026-06-05T09:03:38.313619+00:00
2016-04-07,KRW=X,1156.150024,yahoo,KRW,2026-06-05T09:03:38.313619+00:00
2016-04-10,KRW=X,1149.5,yahoo,KRW,2026-06-05T09:03:38.313619+00:00
2016-04-11,KRW=X,1140.5,yahoo,KRW,2026-06-05T09:03:38.313619+00:00
2016-04-12,KRW=X,1140.050049,yahoo,KRW,2026-06-05T09:03:38.313619+00:00
2016-04-13,KRW=X,1143.75,yahoo,KRW,2026-06-05T09:03:38.313619+00:00
2016-04-14,KRW=X,1151.599976,yahoo,KRW,2026-06-05T09:03:38.313619+00:00
2016-04-17,KRW=X,1145.099976,yahoo,KRW,2026-06-05T09:03:38.313619+00:00
2016-04-18,KRW=X,1141.599976,yahoo,KRW,2026-06-05T09:03:38.313619+00:00
2016-04-19,KRW=X,1125.849976,yahoo,KRW,2026-06-05T09:03:38.313619+00:00
2016-04-20,KRW=X,1130.099976,yahoo,KRW,2026-06-05T09:03:38.313619+00:00
2016-04-21,KRW=X,1138.25,yahoo,KRW,2026-06-05T09:03:38.313619+00:00
2016-04-24,KRW=X,1147.650024,yahoo,KRW,2026-06-05T09:03:38.313619+00:00
2016-04-25,KRW=X,1148.52002,yahoo,KRW,2026-06-05T09:03:38.313619+00:00
2016-04-26,KRW=X,1144.880005,yahoo,KRW,2026-06-05T09:03:38.313619+00:00
2016-04-27,KRW=X,1146.099976,yahoo,KRW,2026-06-05T09:03:38.313619+00:00
2016-04-28,KRW=X,1134.0,yahoo,KRW,2026-06-05T09:03:38.313619+00:00
2016-05-01,KRW=X,1143.0,yahoo,KRW,2026-06-05T09:03:38.313619+00:00
2016-05-02,KRW=X,1135.5,yahoo,KRW,2026-06-05T09:03:38.313619+00:00
2016-05-03,KRW=X,1149.97998,yahoo,KRW,2026-06-05T09:03:38.313619+00:00
2016-05-04,KRW=X,1164.75,yahoo,KRW,2026-06-05T09:03:38.313619+00:00
2016-05-05,KRW=X,1164.5,yahoo,KRW,2026-06-05T09:03:38.313619+00:00
2016-05-08,KRW=X,1167.339966,yahoo,KRW,2026-06-05T09:03:38.313619+00:00
2016-05-09,KRW=X,1173.050049,yahoo,KRW,2026-06-05T09:03:38.313619+00:00
2016-05-10,KRW=X,1169.329956,yahoo,KRW,2026-06-05T09:03:38.313619+00:00
2016-05-11,KRW=X,1162.900024,yahoo,KRW,2026-06-05T09:03:38.313619+00:00
2016-05-12,KRW=X,1167.400024,yahoo,KRW,2026-06-05T09:03:38.313619+00:00
2016-05-15,KRW=X,1174.900024,yahoo,KRW,2026-06-05T09:03:38.313619+00:00
2016-05-16,KRW=X,1176.449951,yahoo,KRW,2026-06-05T09:03:38.313619+00:00
2016-05-17,KRW=X,1173.329956,yahoo,KRW,2026-06-05T09:03:38.313619+00:00
2016-05-18,KRW=X,1186.849976,yahoo,KRW,2026-06-05T09:03:38.313619+00:00
2016-05-19,KRW=X,1185.449951,yahoo,KRW,2026-06-05T09:03:38.313619+00:00
2016-05-22,KRW=X,1188.459961,yahoo,KRW,2026-06-05T09:03:38.313619+00:00
2016-05-23,KRW=X,1181.550049,yahoo,KRW,2026-06-05T09:03:38.313619+00:00
2016-05-24,KRW=X,1185.550049,yahoo,KRW,2026-06-05T09:03:38.313619+00:00
2016-05-25,KRW=X,1178.849976,yahoo,KRW,2026-06-05T09:03:38.313619+00:00
2016-05-26,KRW=X,1177.949951,yahoo,KRW,2026-06-05T09:03:38.313619+00:00
2016-05-29,KRW=X,1184.25,yahoo,KRW,2026-06-05T09:03:38.313619+00:00
2016-05-30,KRW=X,1198.449951,yahoo,KRW,2026-06-05T09:03:38.313619+00:00
2016-05-31,KRW=X,1187.73999,yahoo,KRW,2026-06-05T09:03:38.313619+00:00
2016-06-01,KRW=X,1190.150024,yahoo,KRW,2026-06-05T09:03:38.313619+00:00
2016-06-02,KRW=X,1184.300049,yahoo,KRW,2026-06-05T09:03:38.313619+00:00
2016-06-05,KRW=X,1161.589966,yahoo,KRW,2026-06-05T09:03:38.313619+00:00
2016-06-06,KRW=X,1157.900024,yahoo,KRW,2026-06-05T09:03:38.313619+00:00
2016-06-07,KRW=X,1154.5,yahoo,KRW,2026-06-05T09:03:38.313619+00:00
2016-06-08,KRW=X,1150.25,yahoo,KRW,2026-06-05T09:03:38.313619+00:00
2016-06-09,KRW=X,1156.199951,yahoo,KRW,2026-06-05T09:03:38.313619+00:00
2016-06-12,KRW=X,1169.47998,yahoo,KRW,2026-06-05T09:03:38.313619+00:00
2016-06-13,KRW=X,1170.150024,yahoo,KRW,2026-06-05T09:03:38.313619+00:00
2016-06-14,KRW=X,1173.390015,yahoo,KRW,2026-06-05T09:03:38.313619+00:00
2016-06-15,KRW=X,1166.699951,yahoo,KRW,2026-06-05T09:03:38.313619+00:00
2016-06-16,KRW=X,1169.579956,yahoo,KRW,2026-06-05T09:03:38.313619+00:00
2016-06-19,KRW=X,1168.560059,yahoo,KRW,2026-06-05T09:03:38.313619+00:00
2016-06-20,KRW=X,1159.349976,yahoo,KRW,2026-06-05T09:03:38.313619+00:00
2016-06-21,KRW=X,1151.599976,yahoo,KRW,2026-06-05T09:03:38.313619+00:00
2016-06-22,KRW=X,1149.900024,yahoo,KRW,2026-06-05T09:03:38.313619+00:00
2016-06-23,KRW=X,1141.26001,yahoo,KRW,2026-06-05T09:03:38.313619+00:00
2016-06-26,KRW=X,1170.609985,yahoo,KRW,2026-06-05T09:03:38.313619+00:00
2016-06-27,KRW=X,1177.650024,yahoo,KRW,2026-06-05T09:03:38.313619+00:00
2016-06-28,KRW=X,1165.380005,yahoo,KRW,2026-06-05T09:03:38.313619+00:00
2016-06-29,KRW=X,1152.150024,yahoo,KRW,2026-06-05T09:03:38.313619+00:00
2016-06-30,KRW=X,1151.25,yahoo,KRW,2026-06-05T09:03:38.313619+00:00
2016-07-03,KRW=X,1148.0,yahoo,KRW,2026-06-05T09:03:38.313619+00:00
2016-07-04,KRW=X,1151.400024,yahoo,KRW,2026-06-05T09:03:38.313619+00:00
2016-07-05,KRW=X,1154.949951,yahoo,KRW,2026-06-05T09:03:38.313619+00:00
2016-07-06,KRW=X,1155.25,yahoo,KRW,2026-06-05T09:03:38.313619+00:00
2016-07-07,KRW=X,1155.650024,yahoo,KRW,2026-06-05T09:03:38.313619+00:00
2016-07-10,KRW=X,1147.709961,yahoo,KRW,2026-06-05T09:03:38.313619+00:00
2016-07-11,KRW=X,1148.069946,yahoo,KRW,2026-06-05T09:03:38.313619+00:00
2016-07-12,KRW=X,1141.0,yahoo,KRW,2026-06-05T09:03:38.313619+00:00
2016-07-13,KRW=X,1142.650024,yahoo,KRW,2026-06-05T09:03:38.313619+00:00
2016-07-14,KRW=X,1129.25,yahoo,KRW,2026-06-05T09:03:38.313619+00:00
2016-07-17,KRW=X,1136.599976,yahoo,KRW,2026-06-05T09:03:38.313619+00:00
2016-07-18,KRW=X,1133.050049,yahoo,KRW,2026-06-05T09:03:38.313619+00:00
2016-07-19,KRW=X,1139.199951,yahoo,KRW,2026-06-05T09:03:38.313619+00:00
2016-07-20,KRW=X,1140.949951,yahoo,KRW,2026-06-05T09:03:38.313619+00:00
2016-07-21,KRW=X,1136.050049,yahoo,KRW,2026-06-05T09:03:38.313619+00:00
2016-07-24,KRW=X,1134.0,yahoo,KRW,2026-06-05T09:03:38.313619+00:00
2016-07-25,KRW=X,1141.530029,yahoo,KRW,2026-06-05T09:03:38.313619+00:00
2016-07-26,KRW=X,1134.550049,yahoo,KRW,2026-06-05T09:03:38.313619+00:00
2016-07-27,KRW=X,1129.050049,yahoo,KRW,2026-06-05T09:03:38.313619+00:00
2016-07-28,KRW=X,1123.349976,yahoo,KRW,2026-06-05T09:03:38.313619+00:00
2016-07-31,KRW=X,1109.949951,yahoo,KRW,2026-06-05T09:03:38.313619+00:00
2016-08-01,KRW=X,1105.449951,yahoo,KRW,2026-06-05T09:03:38.313619+00:00
2016-08-02,KRW=X,1111.839966,yahoo,KRW,2026-06-05T09:03:38.313619+00:00
2016-08-03,KRW=X,1113.449951,yahoo,KRW,2026-06-05T09:03:38.313619+00:00
2016-08-04,KRW=X,1109.949951,yahoo,KRW,2026-06-05T09:03:38.313619+00:00
2016-08-07,KRW=X,1113.349976,yahoo,KRW,2026-06-05T09:03:38.313619+00:00
2016-08-08,KRW=X,1104.650024,yahoo,KRW,2026-06-05T09:03:38.313619+00:00
2016-08-09,KRW=X,1099.900024,yahoo,KRW,2026-06-05T09:03:38.313619+00:00
2016-08-10,KRW=X,1094.25,yahoo,KRW,2026-06-05T09:03:38.313619+00:00
2016-08-11,KRW=X,1095.949951,yahoo,KRW,2026-06-05T09:03:38.313619+00:00
2016-08-14,KRW=X,1102.47998,yahoo,KRW,2026-06-05T09:03:38.313619+00:00
2016-08-15,KRW=X,1097.359985,yahoo,KRW,2026-06-05T09:03:38.313619+00:00
2016-08-16,KRW=X,1094.030029,yahoo,KRW,2026-06-05T09:03:38.313619+00:00
2016-08-17,KRW=X,1104.5,yahoo,KRW,2026-06-05T09:03:38.313619+00:00
2016-08-18,KRW=X,1106.959961,yahoo,KRW,2026-06-05T09:03:38.313619+00:00
2016-08-21,KRW=X,1117.390015,yahoo,KRW,2026-06-05T09:03:38.313619+00:00
2016-08-22,KRW=X,1122.569946,yahoo,KRW,2026-06-05T09:03:38.313619+00:00
2016-08-23,KRW=X,1119.390015,yahoo,KRW,2026-06-05T09:03:38.313619+00:00
2016-08-24,KRW=X,1119.790039,yahoo,KRW,2026-06-05T09:03:38.313619+00:00
2016-08-25,KRW=X,1114.130005,yahoo,KRW,2026-06-05T09:03:38.313619+00:00
2016-08-28,KRW=X,1121.75,yahoo,KRW,2026-06-05T09:03:38.313619+00:00
2016-08-29,KRW=X,1118.329956,yahoo,KRW,2026-06-05T09:03:38.313619+00:00
2016-08-30,KRW=X,1118.380005,yahoo,KRW,2026-06-05T09:03:38.313619+00:00
2016-08-31,KRW=X,1114.439941,yahoo,KRW,2026-06-05T09:03:38.313619+00:00
2016-09-01,KRW=X,1116.599976,yahoo,KRW,2026-06-05T09:03:38.313619+00:00
2016-09-04,KRW=X,1114.849976,yahoo,KRW,2026-06-05T09:03:38.313619+00:00
2016-09-05,KRW=X,1103.430054,yahoo,KRW,2026-06-05T09:03:38.313619+00:00
2016-09-06,KRW=X,1094.589966,yahoo,KRW,2026-06-05T09:03:38.313619+00:00
2016-09-07,KRW=X,1088.800049,yahoo,KRW,2026-06-05T09:03:38.313619+00:00
2016-09-08,KRW=X,1097.390015,yahoo,KRW,2026-06-05T09:03:38.313619+00:00
2016-09-11,KRW=X,1103.599976,yahoo,KRW,2026-06-05T09:03:38.313619+00:00
2016-09-12,KRW=X,1107.459961,yahoo,KRW,2026-06-05T09:03:38.313619+00:00
2016-09-13,KRW=X,1126.530029,yahoo,KRW,2026-06-05T09:03:38.313619+00:00
2016-09-14,KRW=X,1125.75,yahoo,KRW,2026-06-05T09:03:38.313619+00:00
2016-09-15,KRW=X,1123.599976,yahoo,KRW,2026-06-05T09:03:38.313619+00:00
2016-09-18,KRW=X,1124.900024,yahoo,KRW,2026-06-05T09:03:38.313619+00:00
2016-09-19,KRW=X,1118.439941,yahoo,KRW,2026-06-05T09:03:38.313619+00:00
2016-09-20,KRW=X,1116.150024,yahoo,KRW,2026-06-05T09:03:38.313619+00:00
2016-09-21,KRW=X,1104.369995,yahoo,KRW,2026-06-05T09:03:38.313619+00:00
2016-09-22,KRW=X,1101.98999,yahoo,KRW,2026-06-05T09:03:38.313619+00:00
2016-09-25,KRW=X,1101.800049,yahoo,KRW,2026-06-05T09:03:38.313619+00:00
2016-09-26,KRW=X,1107.459961,yahoo,KRW,2026-06-05T09:03:38.313619+00:00
2016-09-27,KRW=X,1095.900024,yahoo,KRW,2026-06-05T09:03:38.313619+00:00
2016-09-28,KRW=X,1091.079956,yahoo,KRW,2026-06-05T09:03:38.313619+00:00
2016-09-29,KRW=X,1101.619995,yahoo,KRW,2026-06-05T09:03:38.313619+00:00
2016-10-02,KRW=X,1102.150024,yahoo,KRW,2026-06-05T09:03:38.313619+00:00
2016-10-03,KRW=X,1103.23999,yahoo,KRW,2026-06-05T09:03:38.313619+00:00
2016-10-04,KRW=X,1115.359985,yahoo,KRW,2026-06-05T09:03:38.313619+00:00
2016-10-05,KRW=X,1113.180054,yahoo,KRW,2026-06-05T09:03:38.313619+00:00
2016-10-06,KRW=X,1114.890015,yahoo,KRW,2026-06-05T09:03:38.313619+00:00
2016-10-09,KRW=X,1115.849976,yahoo,KRW,2026-06-05T09:03:38.313619+00:00
2016-10-10,KRW=X,1106.619995,yahoo,KRW,2026-06-05T09:03:38.313619+00:00
2016-10-11,KRW=X,1123.680054,yahoo,KRW,2026-06-05T09:03:38.313619+00:00
2016-10-12,KRW=X,1123.810059,yahoo,KRW,2026-06-05T09:03:38.313619+00:00
2016-10-13,KRW=X,1128.119995,yahoo,KRW,2026-06-05T09:03:38.313619+00:00
2016-10-16,KRW=X,1136.050049,yahoo,KRW,2026-06-05T09:03:38.313619+00:00
2016-10-17,KRW=X,1135.630005,yahoo,KRW,2026-06-05T09:03:38.313619+00:00
2016-10-18,KRW=X,1124.619995,yahoo,KRW,2026-06-05T09:03:38.313619+00:00
2016-10-19,KRW=X,1119.609985,yahoo,KRW,2026-06-05T09:03:38.313619+00:00
2016-10-20,KRW=X,1130.22998,yahoo,KRW,2026-06-05T09:03:38.313619+00:00
2016-10-23,KRW=X,1135.599976,yahoo,KRW,2026-06-05T09:03:38.313619+00:00
2016-10-24,KRW=X,1134.380005,yahoo,KRW,2026-06-05T09:03:38.313619+00:00
2016-10-25,KRW=X,1129.099976,yahoo,KRW,2026-06-05T09:03:38.313619+00:00
2016-10-26,KRW=X,1137.329956,yahoo,KRW,2026-06-05T09:03:38.313619+00:00
2016-10-27,KRW=X,1146.52002,yahoo,KRW,2026-06-05T09:03:38.313619+00:00
2016-10-31,KRW=X,1146.699951,yahoo,KRW,2026-06-05T09:03:38.313619+00:00
2016-11-01,KRW=X,1143.329956,yahoo,KRW,2026-06-05T09:03:38.313619+00:00
2016-11-02,KRW=X,1145.469971,yahoo,KRW,2026-06-05T09:03:38.313619+00:00
2016-11-03,KRW=X,1145.170044,yahoo,KRW,2026-06-05T09:03:38.313619+00:00
2016-11-04,KRW=X,1143.420044,yahoo,KRW,2026-06-05T09:03:38.313619+00:00
2016-11-07,KRW=X,1141.449951,yahoo,KRW,2026-06-05T09:03:38.313619+00:00
2016-11-08,KRW=X,1140.550049,yahoo,KRW,2026-06-05T09:03:38.313619+00:00
2016-11-09,KRW=X,1127.859985,yahoo,KRW,2026-06-05T09:03:38.313619+00:00
2016-11-10,KRW=X,1156.280029,yahoo,KRW,2026-06-05T09:03:38.313619+00:00
2016-11-11,KRW=X,1164.949951,yahoo,KRW,2026-06-05T09:03:38.313619+00:00
2016-11-14,KRW=X,1164.400024,yahoo,KRW,2026-06-05T09:03:38.313619+00:00
2016-11-15,KRW=X,1167.76001,yahoo,KRW,2026-06-05T09:03:38.313619+00:00
2016-11-16,KRW=X,1166.689941,yahoo,KRW,2026-06-05T09:03:38.313619+00:00
2016-11-17,KRW=X,1169.069946,yahoo,KRW,2026-06-05T09:03:38.313619+00:00
2016-11-18,KRW=X,1179.150024,yahoo,KRW,2026-06-05T09:03:38.313619+00:00
2016-11-21,KRW=X,1180.75,yahoo,KRW,2026-06-05T09:03:38.313619+00:00
2016-11-22,KRW=X,1179.180054,yahoo,KRW,2026-06-05T09:03:38.313619+00:00
2016-11-23,KRW=X,1167.930054,yahoo,KRW,2026-06-05T09:03:38.313619+00:00
2016-11-24,KRW=X,1180.859985,yahoo,KRW,2026-06-05T09:03:38.313619+00:00
2016-11-25,KRW=X,1181.050049,yahoo,KRW,2026-06-05T09:03:38.313619+00:00
2016-11-28,KRW=X,1172.699951,yahoo,KRW,2026-06-05T09:03:38.313619+00:00
2016-11-29,KRW=X,1169.709961,yahoo,KRW,2026-06-05T09:03:38.313619+00:00
2016-11-30,KRW=X,1167.859985,yahoo,KRW,2026-06-05T09:03:38.313619+00:00
2016-12-01,KRW=X,1178.130005,yahoo,KRW,2026-06-05T09:03:38.313619+00:00
2016-12-02,KRW=X,1167.699951,yahoo,KRW,2026-06-05T09:03:38.313619+00:00
2016-12-05,KRW=X,1169.599976,yahoo,KRW,2026-06-05T09:03:38.313619+00:00
2016-12-06,KRW=X,1166.98999,yahoo,KRW,2026-06-05T09:03:38.313619+00:00
2016-12-07,KRW=X,1170.550049,yahoo,KRW,2026-06-05T09:03:38.313619+00:00
2016-12-08,KRW=X,1157.5,yahoo,KRW,2026-06-05T09:03:38.313619+00:00
2016-12-09,KRW=X,1162.25,yahoo,KRW,2026-06-05T09:03:38.313619+00:00
2016-12-12,KRW=X,1169.949951,yahoo,KRW,2026-06-05T09:03:38.313619+00:00
2016-12-13,KRW=X,1164.650024,yahoo,KRW,2026-06-05T09:03:38.313619+00:00
2016-12-14,KRW=X,1163.589966,yahoo,KRW,2026-06-05T09:03:38.313619+00:00
2016-12-15,KRW=X,1179.160034,yahoo,KRW,2026-06-05T09:03:38.313619+00:00
2016-12-16,KRW=X,1184.430054,yahoo,KRW,2026-06-05T09:03:38.313619+00:00
2016-12-19,KRW=X,1186.0,yahoo,KRW,2026-06-05T09:03:38.313619+00:00
2016-12-20,KRW=X,1186.949951,yahoo,KRW,2026-06-05T09:03:38.313619+00:00
2016-12-21,KRW=X,1191.469971,yahoo,KRW,2026-06-05T09:03:38.313619+00:00
2016-12-22,KRW=X,1193.349976,yahoo,KRW,2026-06-05T09:03:38.313619+00:00
2016-12-23,KRW=X,1205.099976,yahoo,KRW,2026-06-05T09:03:38.313619+00:00
2016-12-26,KRW=X,1199.550049,yahoo,KRW,2026-06-05T09:03:38.313619+00:00
2016-12-27,KRW=X,1199.550049,yahoo,KRW,2026-06-05T09:03:38.313619+00:00
2016-12-28,KRW=X,1206.47998,yahoo,KRW,2026-06-05T09:03:38.313619+00:00
2016-12-29,KRW=X,1210.339966,yahoo,KRW,2026-06-05T09:03:38.313619+00:00
2016-12-30,KRW=X,1205.290039,yahoo,KRW,2026-06-05T09:03:38.313619+00:00
2017-01-02,KRW=X,1205.449951,yahoo,KRW,2026-06-05T09:03:38.313619+00:00
2017-01-03,KRW=X,1202.930054,yahoo,KRW,2026-06-05T09:03:38.313619+00:00
2017-01-04,KRW=X,1206.01001,yahoo,KRW,2026-06-05T09:03:38.313619+00:00
2017-01-05,KRW=X,1194.47998,yahoo,KRW,2026-06-05T09:03:38.313619+00:00
2017-01-06,KRW=X,1180.630005,yahoo,KRW,2026-06-05T09:03:38.313619+00:00
2017-01-09,KRW=X,1201.099976,yahoo,KRW,2026-06-05T09:03:38.313619+00:00
2017-01-10,KRW=X,1202.52002,yahoo,KRW,2026-06-05T09:03:38.313619+00:00
2017-01-11,KRW=X,1200.599976,yahoo,KRW,2026-06-05T09:03:38.313619+00:00
2017-01-12,KRW=X,1187.160034,yahoo,KRW,2026-06-05T09:03:38.313619+00:00
2017-01-13,KRW=X,1174.719971,yahoo,KRW,2026-06-05T09:03:38.313619+00:00
2017-01-16,KRW=X,1174.050049,yahoo,KRW,2026-06-05T09:03:38.313619+00:00
2017-01-17,KRW=X,1182.170044,yahoo,KRW,2026-06-05T09:03:38.313619+00:00
2017-01-18,KRW=X,1160.030029,yahoo,KRW,2026-06-05T09:03:38.313619+00:00
2017-01-19,KRW=X,1176.790039,yahoo,KRW,2026-06-05T09:03:38.313619+00:00
2017-01-20,KRW=X,1173.75,yahoo,KRW,2026-06-05T09:03:38.313619+00:00
2017-01-23,KRW=X,1173.300049,yahoo,KRW,2026-06-05T09:03:38.313619+00:00
2017-01-24,KRW=X,1162.650024,yahoo,KRW,2026-06-05T09:03:38.313619+00:00
2017-01-25,KRW=X,1168.030029,yahoo,KRW,2026-06-05T09:03:38.313619+00:00
2017-01-26,KRW=X,1161.26001,yahoo,KRW,2026-06-05T09:03:38.313619+00:00
2017-01-27,KRW=X,1170.670044,yahoo,KRW,2026-06-05T09:03:38.313619+00:00
2017-01-30,KRW=X,1177.599976,yahoo,KRW,2026-06-05T09:03:38.313619+00:00
2017-01-31,KRW=X,1169.209961,yahoo,KRW,2026-06-05T09:03:38.313619+00:00
2017-02-01,KRW=X,1149.25,yahoo,KRW,2026-06-05T09:03:38.313619+00:00
2017-02-02,KRW=X,1151.949951,yahoo,KRW,2026-06-05T09:03:38.313619+00:00
2017-02-03,KRW=X,1142.699951,yahoo,KRW,2026-06-05T09:03:38.313619+00:00
2017-02-06,KRW=X,1137.76001,yahoo,KRW,2026-06-05T09:03:38.313619+00:00
2017-02-07,KRW=X,1132.709961,yahoo,KRW,2026-06-05T09:03:38.313619+00:00
2017-02-08,KRW=X,1142.099976,yahoo,KRW,2026-06-05T09:03:38.313619+00:00
2017-02-09,KRW=X,1144.619995,yahoo,KRW,2026-06-05T09:03:38.313619+00:00
2017-02-10,KRW=X,1149.910034,yahoo,KRW,2026-06-05T09:03:38.313619+00:00
2017-02-13,KRW=X,1145.180054,yahoo,KRW,2026-06-05T09:03:38.313619+00:00
2017-02-14,KRW=X,1148.699951,yahoo,KRW,2026-06-05T09:03:38.313619+00:00
2017-02-15,KRW=X,1137.959961,yahoo,KRW,2026-06-05T09:03:38.313619+00:00
2017-02-16,KRW=X,1133.099976,yahoo,KRW,2026-06-05T09:03:38.313619+00:00
2017-02-17,KRW=X,1141.079956,yahoo,KRW,2026-06-05T09:03:38.313619+00:00
2017-02-20,KRW=X,1149.599976,yahoo,KRW,2026-06-05T09:03:38.313619+00:00
2017-02-21,KRW=X,1143.959961,yahoo,KRW,2026-06-05T09:03:38.313619+00:00
2017-02-22,KRW=X,1141.180054,yahoo,KRW,2026-06-05T09:03:38.313619+00:00
2017-02-23,KRW=X,1137.949951,yahoo,KRW,2026-06-05T09:03:38.313619+00:00
2017-02-24,KRW=X,1131.810059,yahoo,KRW,2026-06-05T09:03:38.313619+00:00
2017-02-27,KRW=X,1130.449951,yahoo,KRW,2026-06-05T09:03:38.313619+00:00
2017-02-28,KRW=X,1133.939941,yahoo,KRW,2026-06-05T09:03:38.313619+00:00
2017-03-01,KRW=X,1136.790039,yahoo,KRW,2026-06-05T09:03:38.313619+00:00
2017-03-02,KRW=X,1139.569946,yahoo,KRW,2026-06-05T09:03:38.313619+00:00
2017-03-03,KRW=X,1149.900024,yahoo,KRW,2026-06-05T09:03:38.313619+00:00
2017-03-06,KRW=X,1151.969971,yahoo,KRW,2026-06-05T09:03:38.313619+00:00
2017-03-07,KRW=X,1154.25,yahoo,KRW,2026-06-05T09:03:38.313619+00:00
2017-03-08,KRW=X,1149.410034,yahoo,KRW,2026-06-05T09:03:38.313619+00:00
2017-03-09,KRW=X,1153.619995,yahoo,KRW,2026-06-05T09:03:38.313619+00:00
2017-03-10,KRW=X,1159.280029,yahoo,KRW,2026-06-05T09:03:38.313619+00:00
2017-03-13,KRW=X,1145.959961,yahoo,KRW,2026-06-05T09:03:38.313619+00:00
2017-03-14,KRW=X,1147.550049,yahoo,KRW,2026-06-05T09:03:38.313619+00:00
2017-03-15,KRW=X,1148.219971,yahoo,KRW,2026-06-05T09:03:38.313619+00:00
2017-03-16,KRW=X,1127.400024,yahoo,KRW,2026-06-05T09:03:38.313619+00:00
2017-03-17,KRW=X,1127.01001,yahoo,KRW,2026-06-05T09:03:38.313619+00:00
2017-03-20,KRW=X,1126.650024,yahoo,KRW,2026-06-05T09:03:38.313619+00:00
2017-03-21,KRW=X,1113.75,yahoo,KRW,2026-06-05T09:03:38.313619+00:00
2017-03-22,KRW=X,1122.780029,yahoo,KRW,2026-06-05T09:03:38.313619+00:00
2017-03-23,KRW=X,1116.410034,yahoo,KRW,2026-06-05T09:03:38.313619+00:00
2017-03-24,KRW=X,1121.22998,yahoo,KRW,2026-06-05T09:03:38.313619+00:00
2017-03-26,KRW=X,1116.140015,yahoo,KRW,2026-06-05T09:03:38.313619+00:00
2017-03-27,KRW=X,1111.099976,yahoo,KRW,2026-06-05T09:03:38.313619+00:00
2017-03-28,KRW=X,1115.5,yahoo,KRW,2026-06-05T09:03:38.313619+00:00
2017-03-29,KRW=X,1109.949951,yahoo,KRW,2026-06-05T09:03:38.313619+00:00
2017-03-30,KRW=X,1117.02002,yahoo,KRW,2026-06-05T09:03:38.313619+00:00
2017-04-02,KRW=X,1115.160034,yahoo,KRW,2026-06-05T09:03:38.313619+00:00
2017-04-03,KRW=X,1116.22998,yahoo,KRW,2026-06-05T09:03:38.313619+00:00
2017-04-04,KRW=X,1124.099976,yahoo,KRW,2026-06-05T09:03:38.313619+00:00
2017-04-05,KRW=X,1127.099976,yahoo,KRW,2026-06-05T09:03:38.313619+00:00
2017-04-06,KRW=X,1130.0,yahoo,KRW,2026-06-05T09:03:38.313619+00:00
2017-04-09,KRW=X,1136.0,yahoo,KRW,2026-06-05T09:03:38.313619+00:00
2017-04-10,KRW=X,1142.030029,yahoo,KRW,2026-06-05T09:03:38.313619+00:00
2017-04-11,KRW=X,1144.589966,yahoo,KRW,2026-06-05T09:03:38.313619+00:00
2017-04-12,KRW=X,1133.430054,yahoo,KRW,2026-06-05T09:03:38.313619+00:00
2017-04-13,KRW=X,1135.0,yahoo,KRW,2026-06-05T09:03:38.313619+00:00
2017-04-16,KRW=X,1135.359985,yahoo,KRW,2026-06-05T09:03:38.313619+00:00
2017-04-17,KRW=X,1131.800049,yahoo,KRW,2026-06-05T09:03:38.313619+00:00
2017-04-18,KRW=X,1141.680054,yahoo,KRW,2026-06-05T09:03:38.313619+00:00
2017-04-19,KRW=X,1141.890015,yahoo,KRW,2026-06-05T09:03:38.313619+00:00
2017-04-20,KRW=X,1137.109985,yahoo,KRW,2026-06-05T09:03:38.313619+00:00
2017-04-23,KRW=X,1133.709961,yahoo,KRW,2026-06-05T09:03:38.313619+00:00
2017-04-24,KRW=X,1133.839966,yahoo,KRW,2026-06-05T09:03:38.313619+00:00
2017-04-25,KRW=X,1125.469971,yahoo,KRW,2026-06-05T09:03:38.313619+00:00
2017-04-26,KRW=X,1131.800049,yahoo,KRW,2026-06-05T09:03:38.313619+00:00
2017-04-27,KRW=X,1129.939941,yahoo,KRW,2026-06-05T09:03:38.313619+00:00
2017-04-30,KRW=X,1135.640015,yahoo,KRW,2026-06-05T09:03:38.313619+00:00
2017-05-01,KRW=X,1136.26001,yahoo,KRW,2026-06-05T09:03:38.313619+00:00
2017-05-02,KRW=X,1127.76001,yahoo,KRW,2026-06-05T09:03:38.313619+00:00
2017-05-03,KRW=X,1132.910034,yahoo,KRW,2026-06-05T09:03:38.313619+00:00
2017-05-04,KRW=X,1134.939941,yahoo,KRW,2026-06-05T09:03:38.313619+00:00
2017-05-07,KRW=X,1133.719971,yahoo,KRW,2026-06-05T09:03:38.313619+00:00
2017-05-08,KRW=X,1132.650024,yahoo,KRW,2026-06-05T09:03:38.313619+00:00
2017-05-09,KRW=X,1137.859985,yahoo,KRW,2026-06-05T09:03:38.313619+00:00
2017-05-10,KRW=X,1130.040039,yahoo,KRW,2026-06-05T09:03:38.313619+00:00
2017-05-11,KRW=X,1123.160034,yahoo,KRW,2026-06-05T09:03:38.313619+00:00
2017-05-14,KRW=X,1123.099976,yahoo,KRW,2026-06-05T09:03:38.313619+00:00
2017-05-15,KRW=X,1117.430054,yahoo,KRW,2026-06-05T09:03:38.313619+00:00
2017-05-16,KRW=X,1115.0,yahoo,KRW,2026-06-05T09:03:38.313619+00:00
2017-05-17,KRW=X,1120.949951,yahoo,KRW,2026-06-05T09:03:38.313619+00:00
2017-05-18,KRW=X,1128.410034,yahoo,KRW,2026-06-05T09:03:38.313619+00:00
2017-05-21,KRW=X,1117.01001,yahoo,KRW,2026-06-05T09:03:38.313619+00:00
2017-05-22,KRW=X,1114.780029,yahoo,KRW,2026-06-05T09:03:38.313619+00:00
2017-05-23,KRW=X,1124.569946,yahoo,KRW,2026-06-05T09:03:38.313619+00:00
2017-05-24,KRW=X,1118.380005,yahoo,KRW,2026-06-05T09:03:38.313619+00:00
2017-05-25,KRW=X,1119.560059,yahoo,KRW,2026-06-05T09:03:38.313619+00:00
2017-05-28,KRW=X,1118.75,yahoo,KRW,2026-06-05T09:03:38.313619+00:00
2017-05-29,KRW=X,1122.839966,yahoo,KRW,2026-06-05T09:03:38.313619+00:00
2017-05-30,KRW=X,1123.900024,yahoo,KRW,2026-06-05T09:03:38.313619+00:00
2017-05-31,KRW=X,1119.02002,yahoo,KRW,2026-06-05T09:03:38.313619+00:00
2017-06-01,KRW=X,1121.040039,yahoo,KRW,2026-06-05T09:03:38.313619+00:00
2017-06-04,KRW=X,1117.449951,yahoo,KRW,2026-06-05T09:03:38.313619+00:00
2017-06-05,KRW=X,1116.949951,yahoo,KRW,2026-06-05T09:03:38.313619+00:00
2017-06-06,KRW=X,1117.459961,yahoo,KRW,2026-06-05T09:03:38.313619+00:00
2017-06-07,KRW=X,1123.140015,yahoo,KRW,2026-06-05T09:03:38.313619+00:00
2017-06-08,KRW=X,1121.51001,yahoo,KRW,2026-06-05T09:03:38.313619+00:00
2017-06-11,KRW=X,1124.099976,yahoo,KRW,2026-06-05T09:03:38.313619+00:00
2017-06-12,KRW=X,1130.48999,yahoo,KRW,2026-06-05T09:03:38.313619+00:00
2017-06-13,KRW=X,1126.550049,yahoo,KRW,2026-06-05T09:03:38.313619+00:00
2017-06-14,KRW=X,1118.900024,yahoo,KRW,2026-06-05T09:03:38.313619+00:00
2017-06-15,KRW=X,1129.939941,yahoo,KRW,2026-06-05T09:03:38.313619+00:00
2017-06-18,KRW=X,1131.140015,yahoo,KRW,2026-06-05T09:03:38.313619+00:00
2017-06-19,KRW=X,1135.72998,yahoo,KRW,2026-06-05T09:03:38.313619+00:00
2017-06-20,KRW=X,1140.849976,yahoo,KRW,2026-06-05T09:03:38.313619+00:00
2017-06-21,KRW=X,1142.5,yahoo,KRW,2026-06-05T09:03:38.313619+00:00
2017-06-22,KRW=X,1139.050049,yahoo,KRW,2026-06-05T09:03:38.313619+00:00
2017-06-25,KRW=X,1133.449951,yahoo,KRW,2026-06-05T09:03:38.313619+00:00
2017-06-26,KRW=X,1133.079956,yahoo,KRW,2026-06-05T09:03:38.313619+00:00
2017-06-27,KRW=X,1139.959961,yahoo,KRW,2026-06-05T09:03:38.313619+00:00
2017-06-28,KRW=X,1137.699951,yahoo,KRW,2026-06-05T09:03:38.313619+00:00
2017-06-29,KRW=X,1146.140015,yahoo,KRW,2026-06-05T09:03:38.313619+00:00
2017-07-02,KRW=X,1144.810059,yahoo,KRW,2026-06-05T09:03:38.313619+00:00
2017-07-03,KRW=X,1149.579956,yahoo,KRW,2026-06-05T09:03:38.313619+00:00
2017-07-04,KRW=X,1149.199951,yahoo,KRW,2026-06-05T09:03:38.313619+00:00
2017-07-05,KRW=X,1152.849976,yahoo,KRW,2026-06-05T09:03:38.313619+00:00
2017-07-06,KRW=X,1156.369995,yahoo,KRW,2026-06-05T09:03:38.313619+00:00
2017-07-09,KRW=X,1153.810059,yahoo,KRW,2026-06-05T09:03:38.313619+00:00
2017-07-11,KRW=X,1147.969971,yahoo,KRW,2026-06-05T09:03:38.313619+00:00
2017-07-12,KRW=X,1137.119995,yahoo,KRW,2026-06-05T09:03:38.313619+00:00
2017-07-13,KRW=X,1136.630005,yahoo,KRW,2026-06-05T09:03:38.313619+00:00
2017-07-16,KRW=X,1127.51001,yahoo,KRW,2026-06-05T09:03:38.313619+00:00
2017-07-17,KRW=X,1127.660034,yahoo,KRW,2026-06-05T09:03:38.313619+00:00
2017-07-18,KRW=X,1124.27002,yahoo,KRW,2026-06-05T09:03:38.313619+00:00
2017-07-19,KRW=X,1123.5,yahoo,KRW,2026-06-05T09:03:38.313619+00:00
2017-07-20,KRW=X,1120.560059,yahoo,KRW,2026-06-05T09:03:38.313619+00:00
2017-07-23,KRW=X,1116.109985,yahoo,KRW,2026-06-05T09:03:38.313619+00:00
2017-07-24,KRW=X,1113.900024,yahoo,KRW,2026-06-05T09:03:38.313619+00:00
2017-07-25,KRW=X,1119.23999,yahoo,KRW,2026-06-05T09:03:38.313619+00:00
2017-07-26,KRW=X,1111.849976,yahoo,KRW,2026-06-05T09:03:38.313619+00:00
2017-07-27,KRW=X,1115.51001,yahoo,KRW,2026-06-05T09:03:38.313619+00:00
2017-07-30,KRW=X,1124.050049,yahoo,KRW,2026-06-05T09:03:38.313619+00:00
2017-07-31,KRW=X,1118.72998,yahoo,KRW,2026-06-05T09:03:38.313619+00:00
2017-08-01,KRW=X,1120.369995,yahoo,KRW,2026-06-05T09:03:38.313619+00:00
2017-08-02,KRW=X,1122.099976,yahoo,KRW,2026-06-05T09:03:38.313619+00:00
2017-08-03,KRW=X,1127.25,yahoo,KRW,2026-06-05T09:03:38.313619+00:00
2017-08-06,KRW=X,1127.199951,yahoo,KRW,2026-06-05T09:03:38.313619+00:00
2017-08-07,KRW=X,1125.349976,yahoo,KRW,2026-06-05T09:03:38.313619+00:00
2017-08-08,KRW=X,1126.069946,yahoo,KRW,2026-06-05T09:03:38.313619+00:00
2017-08-09,KRW=X,1138.22998,yahoo,KRW,2026-06-05T09:03:38.313619+00:00
2017-08-10,KRW=X,1143.52002,yahoo,KRW,2026-06-05T09:03:38.313619+00:00
2017-08-13,KRW=X,1141.459961,yahoo,KRW,2026-06-05T09:03:38.313619+00:00
2017-08-14,KRW=X,1138.920044,yahoo,KRW,2026-06-05T09:03:38.313619+00:00
2017-08-15,KRW=X,1135.180054,yahoo,KRW,2026-06-05T09:03:38.313619+00:00
2017-08-16,KRW=X,1134.800049,yahoo,KRW,2026-06-05T09:03:38.313619+00:00
2017-08-17,KRW=X,1140.47998,yahoo,KRW,2026-06-05T09:03:38.313619+00:00
2017-08-20,KRW=X,1139.060059,yahoo,KRW,2026-06-05T09:03:38.313619+00:00
2017-08-21,KRW=X,1137.930054,yahoo,KRW,2026-06-05T09:03:38.313619+00:00
2017-08-22,KRW=X,1131.160034,yahoo,KRW,2026-06-05T09:03:38.313619+00:00
2017-08-23,KRW=X,1125.449951,yahoo,KRW,2026-06-05T09:03:38.313619+00:00
2017-08-24,KRW=X,1127.280029,yahoo,KRW,2026-06-05T09:03:38.313619+00:00
2017-08-27,KRW=X,1120.800049,yahoo,KRW,2026-06-05T09:03:38.313619+00:00
2017-08-28,KRW=X,1118.01001,yahoo,KRW,2026-06-05T09:03:38.313619+00:00
2017-08-29,KRW=X,1124.140015,yahoo,KRW,2026-06-05T09:03:38.313619+00:00
2017-08-30,KRW=X,1123.329956,yahoo,KRW,2026-06-05T09:03:38.313619+00:00
2017-08-31,KRW=X,1123.540039,yahoo,KRW,2026-06-05T09:03:38.313619+00:00
2017-09-03,KRW=X,1118.949951,yahoo,KRW,2026-06-05T09:03:38.313619+00:00
2017-09-04,KRW=X,1132.130005,yahoo,KRW,2026-06-05T09:03:38.313619+00:00
2017-09-05,KRW=X,1131.650024,yahoo,KRW,2026-06-05T09:03:38.313619+00:00
2017-09-06,KRW=X,1131.52002,yahoo,KRW,2026-06-05T09:03:38.313619+00:00
2017-09-07,KRW=X,1127.030029,yahoo,KRW,2026-06-05T09:03:38.313619+00:00
2017-09-10,KRW=X,1132.869995,yahoo,KRW,2026-06-05T09:03:38.313619+00:00
2017-09-11,KRW=X,1129.430054,yahoo,KRW,2026-06-05T09:03:38.313619+00:00
2017-09-12,KRW=X,1127.599976,yahoo,KRW,2026-06-05T09:03:38.313619+00:00
2017-09-13,KRW=X,1130.130005,yahoo,KRW,2026-06-05T09:03:38.313619+00:00
2017-09-14,KRW=X,1133.180054,yahoo,KRW,2026-06-05T09:03:38.313619+00:00
2017-09-17,KRW=X,1133.300049,yahoo,KRW,2026-06-05T09:03:38.313619+00:00
2017-09-18,KRW=X,1128.819946,yahoo,KRW,2026-06-05T09:03:38.313619+00:00
2017-09-19,KRW=X,1130.359985,yahoo,KRW,2026-06-05T09:03:38.313619+00:00
2017-09-20,KRW=X,1131.180054,yahoo,KRW,2026-06-05T09:03:38.313619+00:00
2017-09-21,KRW=X,1130.349976,yahoo,KRW,2026-06-05T09:03:38.313619+00:00
2017-09-24,KRW=X,1132.109985,yahoo,KRW,2026-06-05T09:03:38.313619+00:00
2017-09-25,KRW=X,1133.819946,yahoo,KRW,2026-06-05T09:03:38.313619+00:00
2017-09-26,KRW=X,1136.719971,yahoo,KRW,2026-06-05T09:03:38.313619+00:00
2017-09-27,KRW=X,1145.280029,yahoo,KRW,2026-06-05T09:03:38.313619+00:00
2017-09-28,KRW=X,1145.939941,yahoo,KRW,2026-06-05T09:03:38.313619+00:00
2017-10-01,KRW=X,1144.660034,yahoo,KRW,2026-06-05T09:03:38.313619+00:00
2017-10-02,KRW=X,1142.300049,yahoo,KRW,2026-06-05T09:03:38.313619+00:00
2017-10-03,KRW=X,1141.969971,yahoo,KRW,2026-06-05T09:03:38.313619+00:00
2017-10-04,KRW=X,1142.300049,yahoo,KRW,2026-06-05T09:03:38.313619+00:00
2017-10-05,KRW=X,1141.97998,yahoo,KRW,2026-06-05T09:03:38.313619+00:00
2017-10-08,KRW=X,1143.699951,yahoo,KRW,2026-06-05T09:03:38.313619+00:00
2017-10-09,KRW=X,1142.819946,yahoo,KRW,2026-06-05T09:03:38.313619+00:00
2017-10-10,KRW=X,1133.859985,yahoo,KRW,2026-06-05T09:03:38.313619+00:00
2017-10-11,KRW=X,1131.48999,yahoo,KRW,2026-06-05T09:03:38.313619+00:00
2017-10-12,KRW=X,1132.060059,yahoo,KRW,2026-06-05T09:03:38.313619+00:00
2017-10-15,KRW=X,1126.300049,yahoo,KRW,2026-06-05T09:03:38.313619+00:00
2017-10-16,KRW=X,1127.079956,yahoo,KRW,2026-06-05T09:03:38.313619+00:00
2017-10-17,KRW=X,1129.939941,yahoo,KRW,2026-06-05T09:03:38.313619+00:00
2017-10-18,KRW=X,1131.400024,yahoo,KRW,2026-06-05T09:03:38.313619+00:00
2017-10-19,KRW=X,1127.890015,yahoo,KRW,2026-06-05T09:03:38.313619+00:00
2017-10-22,KRW=X,1133.76001,yahoo,KRW,2026-06-05T09:03:38.313619+00:00
2017-10-23,KRW=X,1129.02002,yahoo,KRW,2026-06-05T09:03:38.313619+00:00
2017-10-24,KRW=X,1129.72998,yahoo,KRW,2026-06-05T09:03:38.313619+00:00
2017-10-25,KRW=X,1126.469971,yahoo,KRW,2026-06-05T09:03:38.313619+00:00
2017-10-26,KRW=X,1128.48999,yahoo,KRW,2026-06-05T09:03:38.313619+00:00
2017-10-30,KRW=X,1125.459961,yahoo,KRW,2026-06-05T09:03:38.313619+00:00
2017-10-31,KRW=X,1123.449951,yahoo,KRW,2026-06-05T09:03:38.313619+00:00
2017-11-01,KRW=X,1117.72998,yahoo,KRW,2026-06-05T09:03:38.313619+00:00
2017-11-02,KRW=X,1109.949951,yahoo,KRW,2026-06-05T09:03:38.313619+00:00
2017-11-03,KRW=X,1111.709961,yahoo,KRW,2026-06-05T09:03:38.313619+00:00
2017-11-06,KRW=X,1114.800049,yahoo,KRW,2026-06-05T09:03:38.313619+00:00
2017-11-07,KRW=X,1113.75,yahoo,KRW,2026-06-05T09:03:38.313619+00:00
2017-11-08,KRW=X,1112.52002,yahoo,KRW,2026-06-05T09:03:38.313619+00:00
2017-11-09,KRW=X,1113.109985,yahoo,KRW,2026-06-05T09:03:38.313619+00:00
2017-11-10,KRW=X,1116.849976,yahoo,KRW,2026-06-05T09:03:38.313619+00:00
2017-11-13,KRW=X,1118.310059,yahoo,KRW,2026-06-05T09:03:38.313619+00:00
2017-11-14,KRW=X,1119.459961,yahoo,KRW,2026-06-05T09:03:38.313619+00:00
2017-11-15,KRW=X,1115.77002,yahoo,KRW,2026-06-05T09:03:38.313619+00:00
2017-11-17,KRW=X,1096.390015,yahoo,KRW,2026-06-05T09:03:38.313619+00:00
2017-11-20,KRW=X,1092.560059,yahoo,KRW,2026-06-05T09:03:38.313619+00:00
2017-11-21,KRW=X,1096.0,yahoo,KRW,2026-06-05T09:03:38.313619+00:00
2017-11-22,KRW=X,1091.26001,yahoo,KRW,2026-06-05T09:03:38.313619+00:00
2017-11-23,KRW=X,1085.310059,yahoo,KRW,2026-06-05T09:03:38.313619+00:00
2017-11-24,KRW=X,1082.589966,yahoo,KRW,2026-06-05T09:03:38.313619+00:00
2017-11-27,KRW=X,1084.949951,yahoo,KRW,2026-06-05T09:03:38.313619+00:00
2017-11-28,KRW=X,1090.060059,yahoo,KRW,2026-06-05T09:03:38.313619+00:00
2017-11-29,KRW=X,1083.449951,yahoo,KRW,2026-06-05T09:03:38.313619+00:00
2017-11-30,KRW=X,1080.660034,yahoo,KRW,2026-06-05T09:03:38.313619+00:00
2017-12-01,KRW=X,1087.22998,yahoo,KRW,2026-06-05T09:03:38.313619+00:00
2017-12-04,KRW=X,1082.51001,yahoo,KRW,2026-06-05T09:03:38.313619+00:00
2017-12-05,KRW=X,1085.22998,yahoo,KRW,2026-06-05T09:03:38.313619+00:00
2017-12-06,KRW=X,1085.22998,yahoo,KRW,2026-06-05T09:03:38.313619+00:00
2017-12-07,KRW=X,1092.569946,yahoo,KRW,2026-06-05T09:03:38.313619+00:00
2017-12-08,KRW=X,1092.439941,yahoo,KRW,2026-06-05T09:03:38.313619+00:00
2017-12-11,KRW=X,1091.819946,yahoo,KRW,2026-06-05T09:03:38.313619+00:00
2017-12-12,KRW=X,1087.829956,yahoo,KRW,2026-06-05T09:03:38.313619+00:00
2017-12-13,KRW=X,1091.26001,yahoo,KRW,2026-06-05T09:03:38.313619+00:00
2017-12-14,KRW=X,1084.180054,yahoo,KRW,2026-06-05T09:03:38.313619+00:00
2017-12-15,KRW=X,1087.819946,yahoo,KRW,2026-06-05T09:03:38.313619+00:00
2017-12-18,KRW=X,1089.030029,yahoo,KRW,2026-06-05T09:03:38.313619+00:00
2017-12-19,KRW=X,1085.380005,yahoo,KRW,2026-06-05T09:03:38.313619+00:00
2017-12-20,KRW=X,1084.199951,yahoo,KRW,2026-06-05T09:03:38.313619+00:00
2017-12-21,KRW=X,1079.959961,yahoo,KRW,2026-06-05T09:03:38.313619+00:00
2017-12-22,KRW=X,1080.209961,yahoo,KRW,2026-06-05T09:03:38.313619+00:00
2017-12-25,KRW=X,1077.109985,yahoo,KRW,2026-06-05T09:03:38.313619+00:00
2017-12-26,KRW=X,1076.359985,yahoo,KRW,2026-06-05T09:03:38.313619+00:00
2017-12-27,KRW=X,1075.040039,yahoo,KRW,2026-06-05T09:03:38.313619+00:00
2017-12-28,KRW=X,1073.550049,yahoo,KRW,2026-06-05T09:03:38.313619+00:00
2017-12-29,KRW=X,1069.48999,yahoo,KRW,2026-06-05T09:03:38.313619+00:00
2018-01-01,KRW=X,1066.069946,yahoo,KRW,2026-06-05T09:03:38.313619+00:00
2018-01-02,KRW=X,1065.219971,yahoo,KRW,2026-06-05T09:03:38.313619+00:00
2018-01-03,KRW=X,1062.540039,yahoo,KRW,2026-06-05T09:03:38.313619+00:00
2018-01-04,KRW=X,1063.939941,yahoo,KRW,2026-06-05T09:03:38.313619+00:00
2018-01-05,KRW=X,1061.079956,yahoo,KRW,2026-06-05T09:03:38.313619+00:00
2018-01-08,KRW=X,1060.5,yahoo,KRW,2026-06-05T09:03:38.313619+00:00
2018-01-09,KRW=X,1067.689941,yahoo,KRW,2026-06-05T09:03:38.313619+00:00
2018-01-10,KRW=X,1071.73999,yahoo,KRW,2026-06-05T09:03:38.313619+00:00
2018-01-11,KRW=X,1069.670044,yahoo,KRW,2026-06-05T09:03:38.313619+00:00
2018-01-12,KRW=X,1065.140015,yahoo,KRW,2026-06-05T09:03:38.313619+00:00
2018-01-15,KRW=X,1055.800049,yahoo,KRW,2026-06-05T09:03:38.313619+00:00
2018-01-16,KRW=X,1061.819946,yahoo,KRW,2026-06-05T09:03:38.313619+00:00
2018-01-17,KRW=X,1062.459961,yahoo,KRW,2026-06-05T09:03:38.313619+00:00
2018-01-18,KRW=X,1066.560059,yahoo,KRW,2026-06-05T09:03:38.313619+00:00
2018-01-19,KRW=X,1069.689941,yahoo,KRW,2026-06-05T09:03:38.313619+00:00
2018-01-22,KRW=X,1066.359985,yahoo,KRW,2026-06-05T09:03:38.313619+00:00
2018-01-23,KRW=X,1068.810059,yahoo,KRW,2026-06-05T09:03:38.313619+00:00
2018-01-24,KRW=X,1072.76001,yahoo,KRW,2026-06-05T09:03:38.313619+00:00
2018-01-25,KRW=X,1064.400024,yahoo,KRW,2026-06-05T09:03:38.313619+00:00
2018-01-26,KRW=X,1064.890015,yahoo,KRW,2026-06-05T09:03:38.313619+00:00
2018-01-29,KRW=X,1063.130005,yahoo,KRW,2026-06-05T09:03:38.313619+00:00
2018-01-30,KRW=X,1069.790039,yahoo,KRW,2026-06-05T09:03:38.313619+00:00
2018-01-31,KRW=X,1072.540039,yahoo,KRW,2026-06-05T09:03:38.313619+00:00
2018-02-01,KRW=X,1069.02002,yahoo,KRW,2026-06-05T09:03:38.313619+00:00
2018-02-02,KRW=X,1071.180054,yahoo,KRW,2026-06-05T09:03:38.313619+00:00
2018-02-05,KRW=X,1090.01001,yahoo,KRW,2026-06-05T09:03:38.313619+00:00
2018-02-06,KRW=X,1093.300049,yahoo,KRW,2026-06-05T09:03:38.313619+00:00
2018-02-07,KRW=X,1079.26001,yahoo,KRW,2026-06-05T09:03:38.313619+00:00
2018-02-08,KRW=X,1089.420044,yahoo,KRW,2026-06-05T09:03:38.313619+00:00
2018-02-09,KRW=X,1095.859985,yahoo,KRW,2026-06-05T09:03:38.313619+00:00
2018-02-12,KRW=X,1083.170044,yahoo,KRW,2026-06-05T09:03:38.313619+00:00
2018-02-13,KRW=X,1082.609985,yahoo,KRW,2026-06-05T09:03:38.313619+00:00
2018-02-14,KRW=X,1083.77002,yahoo,KRW,2026-06-05T09:03:38.313619+00:00
2018-02-15,KRW=X,1070.01001,yahoo,KRW,2026-06-05T09:03:38.313619+00:00
2018-02-16,KRW=X,1063.069946,yahoo,KRW,2026-06-05T09:03:38.313619+00:00
2018-02-19,KRW=X,1065.630005,yahoo,KRW,2026-06-05T09:03:38.313619+00:00
2018-02-20,KRW=X,1066.709961,yahoo,KRW,2026-06-05T09:03:38.313619+00:00
2018-02-21,KRW=X,1072.540039,yahoo,KRW,2026-06-05T09:03:38.313619+00:00
2018-02-22,KRW=X,1074.859985,yahoo,KRW,2026-06-05T09:03:38.313619+00:00
2018-02-23,KRW=X,1080.079956,yahoo,KRW,2026-06-05T09:03:38.313619+00:00
2018-02-26,KRW=X,1075.0,yahoo,KRW,2026-06-05T09:03:38.313619+00:00
2018-02-27,KRW=X,1069.699951,yahoo,KRW,2026-06-05T09:03:38.313619+00:00
2018-02-28,KRW=X,1079.390015,yahoo,KRW,2026-06-05T09:03:38.313619+00:00
2018-03-01,KRW=X,1085.349976,yahoo,KRW,2026-06-05T09:03:38.313619+00:00
2018-03-02,KRW=X,1081.949951,yahoo,KRW,2026-06-05T09:03:38.313619+00:00
2018-03-05,KRW=X,1079.209961,yahoo,KRW,2026-06-05T09:03:38.313619+00:00
2018-03-06,KRW=X,1076.660034,yahoo,KRW,2026-06-05T09:03:38.313619+00:00
2018-03-07,KRW=X,1063.160034,yahoo,KRW,2026-06-05T09:03:38.313619+00:00
2018-03-08,KRW=X,1066.150024,yahoo,KRW,2026-06-05T09:03:38.313619+00:00
2018-03-09,KRW=X,1073.459961,yahoo,KRW,2026-06-05T09:03:38.313619+00:00
2018-03-12,KRW=X,1064.050049,yahoo,KRW,2026-06-05T09:03:38.313619+00:00
2018-03-13,KRW=X,1063.859985,yahoo,KRW,2026-06-05T09:03:38.313619+00:00
2018-03-14,KRW=X,1066.400024,yahoo,KRW,2026-06-05T09:03:38.313619+00:00
2018-03-15,KRW=X,1062.550049,yahoo,KRW,2026-06-05T09:03:38.313619+00:00
2018-03-16,KRW=X,1068.75,yahoo,KRW,2026-06-05T09:03:38.313619+00:00
2018-03-19,KRW=X,1070.209961,yahoo,KRW,2026-06-05T09:03:38.313619+00:00
2018-03-20,KRW=X,1072.160034,yahoo,KRW,2026-06-05T09:03:38.313619+00:00
2018-03-21,KRW=X,1070.550049,yahoo,KRW,2026-06-05T09:03:38.313619+00:00
2018-03-22,KRW=X,1063.959961,yahoo,KRW,2026-06-05T09:03:38.313619+00:00
2018-03-23,KRW=X,1079.900024,yahoo,KRW,2026-06-05T09:03:38.313619+00:00
2018-03-25,KRW=X,1082.530029,yahoo,KRW,2026-06-05T09:03:38.313619+00:00
2018-03-26,KRW=X,1074.300049,yahoo,KRW,2026-06-05T09:03:38.313619+00:00
2018-03-27,KRW=X,1074.119995,yahoo,KRW,2026-06-05T09:03:38.313619+00:00
2018-03-28,KRW=X,1063.410034,yahoo,KRW,2026-06-05T09:03:38.313619+00:00
2018-03-29,KRW=X,1062.0,yahoo,KRW,2026-06-05T09:03:38.313619+00:00
2018-04-01,KRW=X,1060.98999,yahoo,KRW,2026-06-05T09:03:38.313619+00:00
2018-04-02,KRW=X,1056.160034,yahoo,KRW,2026-06-05T09:03:38.313619+00:00
2018-04-03,KRW=X,1053.72998,yahoo,KRW,2026-06-05T09:03:38.313619+00:00
2018-04-04,KRW=X,1057.430054,yahoo,KRW,2026-06-05T09:03:38.313619+00:00
2018-04-05,KRW=X,1061.640015,yahoo,KRW,2026-06-05T09:03:38.313619+00:00
2018-04-08,KRW=X,1070.459961,yahoo,KRW,2026-06-05T09:03:38.313619+00:00
2018-04-09,KRW=X,1068.77002,yahoo,KRW,2026-06-05T09:03:38.313619+00:00
2018-04-10,KRW=X,1063.380005,yahoo,KRW,2026-06-05T09:03:38.313619+00:00
2018-04-11,KRW=X,1065.75,yahoo,KRW,2026-06-05T09:03:38.313619+00:00
2018-04-12,KRW=X,1069.97998,yahoo,KRW,2026-06-05T09:03:38.313619+00:00
2018-04-15,KRW=X,1070.660034,yahoo,KRW,2026-06-05T09:03:38.313619+00:00
2018-04-16,KRW=X,1069.52002,yahoo,KRW,2026-06-05T09:03:38.313619+00:00
2018-04-17,KRW=X,1066.089966,yahoo,KRW,2026-06-05T09:03:38.313619+00:00
2018-04-18,KRW=X,1064.069946,yahoo,KRW,2026-06-05T09:03:38.313619+00:00
2018-04-19,KRW=X,1066.23999,yahoo,KRW,2026-06-05T09:03:38.313619+00:00
2018-04-22,KRW=X,1071.410034,yahoo,KRW,2026-06-05T09:03:38.313619+00:00
2018-04-23,KRW=X,1080.180054,yahoo,KRW,2026-06-05T09:03:38.313619+00:00
2018-04-24,KRW=X,1076.75,yahoo,KRW,2026-06-05T09:03:38.313619+00:00
2018-04-25,KRW=X,1081.170044,yahoo,KRW,2026-06-05T09:03:38.313619+00:00
2018-04-26,KRW=X,1076.790039,yahoo,KRW,2026-06-05T09:03:38.313619+00:00
2018-04-29,KRW=X,1067.599976,yahoo,KRW,2026-06-05T09:03:38.313619+00:00
2018-04-30,KRW=X,1069.449951,yahoo,KRW,2026-06-05T09:03:38.313619+00:00
2018-05-01,KRW=X,1072.52002,yahoo,KRW,2026-06-05T09:03:38.313619+00:00
2018-05-02,KRW=X,1078.810059,yahoo,KRW,2026-06-05T09:03:38.313619+00:00
2018-05-03,KRW=X,1074.119995,yahoo,KRW,2026-06-05T09:03:38.313619+00:00
2018-05-06,KRW=X,1073.329956,yahoo,KRW,2026-06-05T09:03:38.313619+00:00
2018-05-07,KRW=X,1078.390015,yahoo,KRW,2026-06-05T09:03:38.313619+00:00
2018-05-08,KRW=X,1077.560059,yahoo,KRW,2026-06-05T09:03:38.313619+00:00
2018-05-09,KRW=X,1077.97998,yahoo,KRW,2026-06-05T09:03:38.313619+00:00
2018-05-10,KRW=X,1064.369995,yahoo,KRW,2026-06-05T09:03:38.313619+00:00
2018-05-13,KRW=X,1065.949951,yahoo,KRW,2026-06-05T09:03:38.313619+00:00
2018-05-14,KRW=X,1069.160034,yahoo,KRW,2026-06-05T09:03:38.313619+00:00
2018-05-15,KRW=X,1078.859985,yahoo,KRW,2026-06-05T09:03:38.313619+00:00
2018-05-16,KRW=X,1076.48999,yahoo,KRW,2026-06-05T09:03:38.313619+00:00
2018-05-17,KRW=X,1080.910034,yahoo,KRW,2026-06-05T09:03:38.313619+00:00
2018-05-20,KRW=X,1080.51001,yahoo,KRW,2026-06-05T09:03:38.313619+00:00
2018-05-21,KRW=X,1076.51001,yahoo,KRW,2026-06-05T09:03:38.313619+00:00
2018-05-22,KRW=X,1074.199951,yahoo,KRW,2026-06-05T09:03:38.313619+00:00
2018-05-23,KRW=X,1074.790039,yahoo,KRW,2026-06-05T09:03:38.313619+00:00
2018-05-24,KRW=X,1079.22998,yahoo,KRW,2026-06-05T09:03:38.313619+00:00
2018-05-27,KRW=X,1073.650024,yahoo,KRW,2026-06-05T09:03:38.313619+00:00
2018-05-28,KRW=X,1073.170044,yahoo,KRW,2026-06-05T09:03:38.313619+00:00
2018-05-29,KRW=X,1083.930054,yahoo,KRW,2026-06-05T09:03:38.313619+00:00
2018-05-30,KRW=X,1075.030029,yahoo,KRW,2026-06-05T09:03:38.313619+00:00
2018-05-31,KRW=X,1079.949951,yahoo,KRW,2026-06-05T09:03:38.313619+00:00
2018-06-03,KRW=X,1070.359985,yahoo,KRW,2026-06-05T09:03:38.313619+00:00
2018-06-04,KRW=X,1070.530029,yahoo,KRW,2026-06-05T09:03:38.313619+00:00
2018-06-05,KRW=X,1070.290039,yahoo,KRW,2026-06-05T09:03:38.313619+00:00
2018-06-06,KRW=X,1065.150024,yahoo,KRW,2026-06-05T09:03:38.313619+00:00
2018-06-07,KRW=X,1071.329956,yahoo,KRW,2026-06-05T09:03:38.313619+00:00
2018-06-10,KRW=X,1072.650024,yahoo,KRW,2026-06-05T09:03:38.313619+00:00
2018-06-11,KRW=X,1076.380005,yahoo,KRW,2026-06-05T09:03:38.313619+00:00
2018-06-12,KRW=X,1079.25,yahoo,KRW,2026-06-05T09:03:38.313619+00:00
2018-06-13,KRW=X,1084.699951,yahoo,KRW,2026-06-05T09:03:38.313619+00:00
2018-06-14,KRW=X,1090.77002,yahoo,KRW,2026-06-05T09:03:38.313619+00:00
2018-06-17,KRW=X,1103.819946,yahoo,KRW,2026-06-05T09:03:38.313619+00:00
2018-06-18,KRW=X,1104.160034,yahoo,KRW,2026-06-05T09:03:38.313619+00:00
2018-06-19,KRW=X,1111.119995,yahoo,KRW,2026-06-05T09:03:38.313619+00:00
2018-06-20,KRW=X,1107.719971,yahoo,KRW,2026-06-05T09:03:38.313619+00:00
2018-06-21,KRW=X,1109.630005,yahoo,KRW,2026-06-05T09:03:38.313619+00:00
2018-06-24,KRW=X,1110.530029,yahoo,KRW,2026-06-05T09:03:38.313619+00:00
2018-06-25,KRW=X,1114.030029,yahoo,KRW,2026-06-05T09:03:38.313619+00:00
2018-06-26,KRW=X,1117.599976,yahoo,KRW,2026-06-05T09:03:38.313619+00:00
2018-06-27,KRW=X,1122.780029,yahoo,KRW,2026-06-05T09:03:38.313619+00:00
2018-06-28,KRW=X,1120.540039,yahoo,KRW,2026-06-05T09:03:38.313619+00:00
2018-07-01,KRW=X,1114.51001,yahoo,KRW,2026-06-05T09:03:38.313619+00:00
2018-07-02,KRW=X,1118.170044,yahoo,KRW,2026-06-05T09:03:38.313619+00:00
2018-07-03,KRW=X,1113.339966,yahoo,KRW,2026-06-05T09:03:38.313619+00:00
2018-07-04,KRW=X,1114.310059,yahoo,KRW,2026-06-05T09:03:38.313619+00:00
2018-07-05,KRW=X,1117.76001,yahoo,KRW,2026-06-05T09:03:38.313619+00:00
2018-07-08,KRW=X,1113.650024,yahoo,KRW,2026-06-05T09:03:38.313619+00:00
2018-07-09,KRW=X,1112.47998,yahoo,KRW,2026-06-05T09:03:38.313619+00:00
2018-07-10,KRW=X,1112.560059,yahoo,KRW,2026-06-05T09:03:38.313619+00:00
2018-07-11,KRW=X,1127.170044,yahoo,KRW,2026-06-05T09:03:38.313619+00:00
2018-07-12,KRW=X,1122.650024,yahoo,KRW,2026-06-05T09:03:38.313619+00:00
2018-07-15,KRW=X,1129.849976,yahoo,KRW,2026-06-05T09:03:38.313619+00:00
2018-07-16,KRW=X,1126.900024,yahoo,KRW,2026-06-05T09:03:38.313619+00:00
2018-07-17,KRW=X,1125.550049,yahoo,KRW,2026-06-05T09:03:38.313619+00:00
2018-07-18,KRW=X,1131.089966,yahoo,KRW,2026-06-05T09:03:38.313619+00:00
2018-07-19,KRW=X,1134.47998,yahoo,KRW,2026-06-05T09:03:38.313619+00:00
2018-07-22,KRW=X,1127.160034,yahoo,KRW,2026-06-05T09:03:38.313619+00:00
2018-07-23,KRW=X,1132.449951,yahoo,KRW,2026-06-05T09:03:38.313619+00:00
2018-07-24,KRW=X,1127.97998,yahoo,KRW,2026-06-05T09:03:38.313619+00:00
2018-07-25,KRW=X,1115.75,yahoo,KRW,2026-06-05T09:03:38.313619+00:00
2018-07-26,KRW=X,1123.150024,yahoo,KRW,2026-06-05T09:03:38.313619+00:00
2018-07-29,KRW=X,1114.599976,yahoo,KRW,2026-06-05T09:03:38.313619+00:00
2018-07-30,KRW=X,1116.670044,yahoo,KRW,2026-06-05T09:03:38.313619+00:00
2018-07-31,KRW=X,1112.199951,yahoo,KRW,2026-06-05T09:03:38.313619+00:00
2018-08-01,KRW=X,1118.599976,yahoo,KRW,2026-06-05T09:03:38.313619+00:00
2018-08-02,KRW=X,1128.150024,yahoo,KRW,2026-06-05T09:03:38.313619+00:00
2018-08-05,KRW=X,1122.900024,yahoo,KRW,2026-06-05T09:03:38.313619+00:00
2018-08-06,KRW=X,1125.400024,yahoo,KRW,2026-06-05T09:03:38.313619+00:00
2018-08-07,KRW=X,1116.25,yahoo,KRW,2026-06-05T09:03:38.313619+00:00
2018-08-08,KRW=X,1115.949951,yahoo,KRW,2026-06-05T09:03:38.313619+00:00
2018-08-09,KRW=X,1121.890015,yahoo,KRW,2026-06-05T09:03:38.313619+00:00
2018-08-12,KRW=X,1130.900024,yahoo,KRW,2026-06-05T09:03:38.313619+00:00
2018-08-13,KRW=X,1135.969971,yahoo,KRW,2026-06-05T09:03:38.313619+00:00
2018-08-14,KRW=X,1126.75,yahoo,KRW,2026-06-05T09:03:38.313619+00:00
2018-08-15,KRW=X,1136.380005,yahoo,KRW,2026-06-05T09:03:38.313619+00:00
2018-08-16,KRW=X,1126.23999,yahoo,KRW,2026-06-05T09:03:38.313619+00:00
2018-08-19,KRW=X,1118.5,yahoo,KRW,2026-06-05T09:03:38.313619+00:00
2018-08-20,KRW=X,1116.880005,yahoo,KRW,2026-06-05T09:03:38.313619+00:00
2018-08-21,KRW=X,1116.099976,yahoo,KRW,2026-06-05T09:03:38.313619+00:00
2018-08-22,KRW=X,1117.5,yahoo,KRW,2026-06-05T09:03:38.313619+00:00
2018-08-23,KRW=X,1126.150024,yahoo,KRW,2026-06-05T09:03:38.313619+00:00
2018-08-26,KRW=X,1111.170044,yahoo,KRW,2026-06-05T09:03:38.313619+00:00
2018-08-27,KRW=X,1108.22998,yahoo,KRW,2026-06-05T09:03:38.313619+00:00
2018-08-28,KRW=X,1106.880005,yahoo,KRW,2026-06-05T09:03:38.313619+00:00
2018-08-29,KRW=X,1108.449951,yahoo,KRW,2026-06-05T09:03:38.313619+00:00
2018-08-30,KRW=X,1115.449951,yahoo,KRW,2026-06-05T09:03:38.313619+00:00
2018-09-02,KRW=X,1114.810059,yahoo,KRW,2026-06-05T09:03:38.313619+00:00
2018-09-03,KRW=X,1113.5,yahoo,KRW,2026-06-05T09:03:38.313619+00:00
2018-09-04,KRW=X,1121.300049,yahoo,KRW,2026-06-05T09:03:38.313619+00:00
2018-09-05,KRW=X,1118.099976,yahoo,KRW,2026-06-05T09:03:38.313619+00:00
2018-09-06,KRW=X,1124.699951,yahoo,KRW,2026-06-05T09:03:38.313619+00:00
2018-09-09,KRW=X,1126.849976,yahoo,KRW,2026-06-05T09:03:38.313619+00:00
2018-09-10,KRW=X,1136.77002,yahoo,KRW,2026-06-05T09:03:38.313619+00:00
2018-09-11,KRW=X,1125.300049,yahoo,KRW,2026-06-05T09:03:38.313619+00:00
2018-09-12,KRW=X,1125.75,yahoo,KRW,2026-06-05T09:03:38.313619+00:00
2018-09-13,KRW=X,1120.550049,yahoo,KRW,2026-06-05T09:03:38.313619+00:00
2018-09-16,KRW=X,1120.900024,yahoo,KRW,2026-06-05T09:03:38.313619+00:00
2018-09-17,KRW=X,1125.619995,yahoo,KRW,2026-06-05T09:03:38.313619+00:00
2018-09-18,KRW=X,1120.800049,yahoo,KRW,2026-06-05T09:03:38.313619+00:00
2018-09-19,KRW=X,1122.25,yahoo,KRW,2026-06-05T09:03:38.313619+00:00
2018-09-20,KRW=X,1116.400024,yahoo,KRW,2026-06-05T09:03:38.313619+00:00
2018-09-23,KRW=X,1114.099976,yahoo,KRW,2026-06-05T09:03:38.313619+00:00
2018-09-24,KRW=X,1117.849976,yahoo,KRW,2026-06-05T09:03:38.313619+00:00
2018-09-25,KRW=X,1115.829956,yahoo,KRW,2026-06-05T09:03:38.313619+00:00
2018-09-26,KRW=X,1114.170044,yahoo,KRW,2026-06-05T09:03:38.313619+00:00
2018-09-27,KRW=X,1112.310059,yahoo,KRW,2026-06-05T09:03:38.313619+00:00
2018-09-30,KRW=X,1109.01001,yahoo,KRW,2026-06-05T09:03:38.313619+00:00
2018-10-01,KRW=X,1112.25,yahoo,KRW,2026-06-05T09:03:38.313619+00:00
2018-10-02,KRW=X,1117.5,yahoo,KRW,2026-06-05T09:03:38.313619+00:00
2018-10-03,KRW=X,1125.420044,yahoo,KRW,2026-06-05T09:03:38.313619+00:00
2018-10-04,KRW=X,1132.900024,yahoo,KRW,2026-06-05T09:03:38.313619+00:00
2018-10-07,KRW=X,1131.099976,yahoo,KRW,2026-06-05T09:03:38.313619+00:00
2018-10-08,KRW=X,1133.199951,yahoo,KRW,2026-06-05T09:03:38.313619+00:00
2018-10-09,KRW=X,1132.400024,yahoo,KRW,2026-06-05T09:03:38.313619+00:00
2018-10-10,KRW=X,1142.849976,yahoo,KRW,2026-06-05T09:03:38.313619+00:00
2018-10-11,KRW=X,1134.300049,yahoo,KRW,2026-06-05T09:03:38.313619+00:00
2018-10-14,KRW=X,1131.189941,yahoo,KRW,2026-06-05T09:03:38.313619+00:00
2018-10-15,KRW=X,1135.170044,yahoo,KRW,2026-06-05T09:03:38.313619+00:00
2018-10-16,KRW=X,1122.150024,yahoo,KRW,2026-06-05T09:03:38.313619+00:00
2018-10-17,KRW=X,1127.099976,yahoo,KRW,2026-06-05T09:03:38.313619+00:00
2018-10-18,KRW=X,1136.599976,yahoo,KRW,2026-06-05T09:03:38.313619+00:00
2018-10-21,KRW=X,1131.599976,yahoo,KRW,2026-06-05T09:03:38.313619+00:00
2018-10-22,KRW=X,1131.25,yahoo,KRW,2026-06-05T09:03:38.313619+00:00
2018-10-23,KRW=X,1136.640015,yahoo,KRW,2026-06-05T09:03:38.313619+00:00
2018-10-24,KRW=X,1137.560059,yahoo,KRW,2026-06-05T09:03:38.313619+00:00
2018-10-25,KRW=X,1135.22998,yahoo,KRW,2026-06-05T09:03:38.313619+00:00
2018-10-29,KRW=X,1139.5,yahoo,KRW,2026-06-05T09:03:38.313619+00:00
2018-10-30,KRW=X,1142.079956,yahoo,KRW,2026-06-05T09:03:38.313619+00:00
2018-10-31,KRW=X,1137.699951,yahoo,KRW,2026-06-05T09:03:38.313619+00:00
2018-11-01,KRW=X,1140.969971,yahoo,KRW,2026-06-05T09:03:38.313619+00:00
2018-11-02,KRW=X,1129.050049,yahoo,KRW,2026-06-05T09:03:38.313619+00:00
2018-11-05,KRW=X,1116.099976,yahoo,KRW,2026-06-05T09:03:38.313619+00:00
2018-11-06,KRW=X,1121.560059,yahoo,KRW,2026-06-05T09:03:38.313619+00:00
2018-11-07,KRW=X,1119.949951,yahoo,KRW,2026-06-05T09:03:38.313619+00:00
2018-11-08,KRW=X,1115.369995,yahoo,KRW,2026-06-05T09:03:38.313619+00:00
2018-11-09,KRW=X,1119.569946,yahoo,KRW,2026-06-05T09:03:38.313619+00:00
2018-11-12,KRW=X,1130.949951,yahoo,KRW,2026-06-05T09:03:38.313619+00:00
2018-11-13,KRW=X,1137.459961,yahoo,KRW,2026-06-05T09:03:38.313619+00:00
2018-11-14,KRW=X,1131.130005,yahoo,KRW,2026-06-05T09:03:38.313619+00:00
2018-11-15,KRW=X,1131.199951,yahoo,KRW,2026-06-05T09:03:38.313619+00:00
2018-11-16,KRW=X,1127.0,yahoo,KRW,2026-06-05T09:03:38.313619+00:00
2018-11-19,KRW=X,1120.400024,yahoo,KRW,2026-06-05T09:03:38.313619+00:00
2018-11-20,KRW=X,1126.189941,yahoo,KRW,2026-06-05T09:03:38.313619+00:00
2018-11-21,KRW=X,1128.400024,yahoo,KRW,2026-06-05T09:03:38.313619+00:00
2018-11-22,KRW=X,1137.310059,yahoo,KRW,2026-06-05T09:03:38.313619+00:00
2018-11-23,KRW=X,1135.5,yahoo,KRW,2026-06-05T09:03:38.313619+00:00
2018-11-26,KRW=X,1133.5,yahoo,KRW,2026-06-05T09:03:38.313619+00:00
2018-11-27,KRW=X,1129.030029,yahoo,KRW,2026-06-05T09:03:38.313619+00:00
2018-11-28,KRW=X,1130.369995,yahoo,KRW,2026-06-05T09:03:38.313619+00:00
2018-11-29,KRW=X,1121.119995,yahoo,KRW,2026-06-05T09:03:38.313619+00:00
2018-11-30,KRW=X,1117.02002,yahoo,KRW,2026-06-05T09:03:38.313619+00:00
2018-12-03,KRW=X,1117.150024,yahoo,KRW,2026-06-05T09:03:38.313619+00:00
2018-12-04,KRW=X,1108.300049,yahoo,KRW,2026-06-05T09:03:38.313619+00:00
2018-12-05,KRW=X,1110.630005,yahoo,KRW,2026-06-05T09:03:38.313619+00:00
2018-12-06,KRW=X,1111.660034,yahoo,KRW,2026-06-05T09:03:38.313619+00:00
2018-12-07,KRW=X,1119.599976,yahoo,KRW,2026-06-05T09:03:38.313619+00:00
2018-12-10,KRW=X,1122.699951,yahoo,KRW,2026-06-05T09:03:38.313619+00:00
2018-12-11,KRW=X,1131.5,yahoo,KRW,2026-06-05T09:03:38.313619+00:00
2018-12-12,KRW=X,1127.619995,yahoo,KRW,2026-06-05T09:03:38.313619+00:00
2018-12-13,KRW=X,1123.849976,yahoo,KRW,2026-06-05T09:03:38.313619+00:00
2018-12-14,KRW=X,1127.02002,yahoo,KRW,2026-06-05T09:03:38.313619+00:00
2018-12-17,KRW=X,1131.650024,yahoo,KRW,2026-06-05T09:03:38.313619+00:00
2018-12-18,KRW=X,1128.150024,yahoo,KRW,2026-06-05T09:03:38.313619+00:00
2018-12-19,KRW=X,1125.069946,yahoo,KRW,2026-06-05T09:03:38.313619+00:00
2018-12-20,KRW=X,1128.130005,yahoo,KRW,2026-06-05T09:03:38.313619+00:00
2018-12-21,KRW=X,1120.030029,yahoo,KRW,2026-06-05T09:03:38.313619+00:00
2018-12-24,KRW=X,1127.5,yahoo,KRW,2026-06-05T09:03:38.313619+00:00
2018-12-25,KRW=X,1123.22998,yahoo,KRW,2026-06-05T09:03:38.313619+00:00
2018-12-26,KRW=X,1122.630005,yahoo,KRW,2026-06-05T09:03:38.313619+00:00
2018-12-27,KRW=X,1123.52002,yahoo,KRW,2026-06-05T09:03:38.313619+00:00
2018-12-28,KRW=X,1119.599976,yahoo,KRW,2026-06-05T09:03:38.313619+00:00
2018-12-31,KRW=X,1116.300049,yahoo,KRW,2026-06-05T09:03:38.313619+00:00
2019-01-01,KRW=X,1112.5,yahoo,KRW,2026-06-05T09:03:38.313619+00:00
2019-01-02,KRW=X,1113.800049,yahoo,KRW,2026-06-05T09:03:38.313619+00:00
2019-01-03,KRW=X,1122.180054,yahoo,KRW,2026-06-05T09:03:38.313619+00:00
2019-01-04,KRW=X,1124.119995,yahoo,KRW,2026-06-05T09:03:38.313619+00:00
2019-01-07,KRW=X,1114.400024,yahoo,KRW,2026-06-05T09:03:38.313619+00:00
2019-01-08,KRW=X,1116.400024,yahoo,KRW,2026-06-05T09:03:38.313619+00:00
2019-01-09,KRW=X,1121.050049,yahoo,KRW,2026-06-05T09:03:38.313619+00:00
2019-01-10,KRW=X,1118.670044,yahoo,KRW,2026-06-05T09:03:38.313619+00:00
2019-01-11,KRW=X,1116.550049,yahoo,KRW,2026-06-05T09:03:38.313619+00:00
2019-01-14,KRW=X,1118.599976,yahoo,KRW,2026-06-05T09:03:38.313619+00:00
2019-01-15,KRW=X,1122.0,yahoo,KRW,2026-06-05T09:03:38.313619+00:00
2019-01-16,KRW=X,1122.400024,yahoo,KRW,2026-06-05T09:03:38.313619+00:00
2019-01-17,KRW=X,1118.77002,yahoo,KRW,2026-06-05T09:03:38.313619+00:00
2019-01-18,KRW=X,1120.550049,yahoo,KRW,2026-06-05T09:03:38.313619+00:00
2019-01-21,KRW=X,1125.790039,yahoo,KRW,2026-06-05T09:03:38.313619+00:00
2019-01-22,KRW=X,1132.369995,yahoo,KRW,2026-06-05T09:03:38.313619+00:00
2019-01-23,KRW=X,1130.150024,yahoo,KRW,2026-06-05T09:03:38.313619+00:00
2019-01-24,KRW=X,1125.329956,yahoo,KRW,2026-06-05T09:03:38.313619+00:00
2019-01-25,KRW=X,1126.75,yahoo,KRW,2026-06-05T09:03:38.313619+00:00
2019-01-28,KRW=X,1118.01001,yahoo,KRW,2026-06-05T09:03:38.313619+00:00
2019-01-29,KRW=X,1119.699951,yahoo,KRW,2026-06-05T09:03:38.313619+00:00
2019-01-30,KRW=X,1117.869995,yahoo,KRW,2026-06-05T09:03:38.313619+00:00
2019-01-31,KRW=X,1109.0,yahoo,KRW,2026-06-05T09:03:38.313619+00:00
2019-02-01,KRW=X,1111.550049,yahoo,KRW,2026-06-05T09:03:38.313619+00:00
2019-02-04,KRW=X,1118.300049,yahoo,KRW,2026-06-05T09:03:38.313619+00:00
2019-02-05,KRW=X,1121.099976,yahoo,KRW,2026-06-05T09:03:38.313619+00:00
2019-02-06,KRW=X,1118.699951,yahoo,KRW,2026-06-05T09:03:38.313619+00:00
2019-02-07,KRW=X,1121.630005,yahoo,KRW,2026-06-05T09:03:38.313619+00:00
2019-02-08,KRW=X,1123.75,yahoo,KRW,2026-06-05T09:03:38.313619+00:00
2019-02-11,KRW=X,1122.880005,yahoo,KRW,2026-06-05T09:03:38.313619+00:00
2019-02-12,KRW=X,1125.02002,yahoo,KRW,2026-06-05T09:03:38.313619+00:00
2019-02-13,KRW=X,1120.300049,yahoo,KRW,2026-06-05T09:03:38.313619+00:00
2019-02-14,KRW=X,1123.719971,yahoo,KRW,2026-06-05T09:03:38.313619+00:00
2019-02-15,KRW=X,1128.300049,yahoo,KRW,2026-06-05T09:03:38.313619+00:00
2019-02-18,KRW=X,1125.310059,yahoo,KRW,2026-06-05T09:03:38.313619+00:00
2019-02-19,KRW=X,1124.280029,yahoo,KRW,2026-06-05T09:03:38.313619+00:00
2019-02-20,KRW=X,1121.420044,yahoo,KRW,2026-06-05T09:03:38.313619+00:00
2019-02-21,KRW=X,1121.719971,yahoo,KRW,2026-06-05T09:03:38.313619+00:00
2019-02-22,KRW=X,1124.150024,yahoo,KRW,2026-06-05T09:03:38.313619+00:00
2019-02-25,KRW=X,1122.310059,yahoo,KRW,2026-06-05T09:03:38.313619+00:00
2019-02-26,KRW=X,1117.199951,yahoo,KRW,2026-06-05T09:03:38.313619+00:00
2019-02-27,KRW=X,1114.300049,yahoo,KRW,2026-06-05T09:03:38.313619+00:00
2019-02-28,KRW=X,1115.099976,yahoo,KRW,2026-06-05T09:03:38.313619+00:00
2019-03-01,KRW=X,1124.219971,yahoo,KRW,2026-06-05T09:03:38.313619+00:00
2019-03-04,KRW=X,1126.810059,yahoo,KRW,2026-06-05T09:03:38.313619+00:00
2019-03-05,KRW=X,1128.150024,yahoo,KRW,2026-06-05T09:03:38.313619+00:00
2019-03-06,KRW=X,1126.199951,yahoo,KRW,2026-06-05T09:03:38.313619+00:00
2019-03-07,KRW=X,1127.0,yahoo,KRW,2026-06-05T09:03:38.313619+00:00
2019-03-08,KRW=X,1133.069946,yahoo,KRW,2026-06-05T09:03:38.313619+00:00
2019-03-11,KRW=X,1134.060059,yahoo,KRW,2026-06-05T09:03:38.313619+00:00
2019-03-12,KRW=X,1130.77002,yahoo,KRW,2026-06-05T09:03:38.313619+00:00
2019-03-13,KRW=X,1127.27002,yahoo,KRW,2026-06-05T09:03:38.313619+00:00
2019-03-14,KRW=X,1129.589966,yahoo,KRW,2026-06-05T09:03:38.313619+00:00
2019-03-15,KRW=X,1135.420044,yahoo,KRW,2026-06-05T09:03:38.313619+00:00
2019-03-18,KRW=X,1132.72998,yahoo,KRW,2026-06-05T09:03:38.313619+00:00
2019-03-19,KRW=X,1131.199951,yahoo,KRW,2026-06-05T09:03:38.313619+00:00
2019-03-20,KRW=X,1129.719971,yahoo,KRW,2026-06-05T09:03:38.313619+00:00
2019-03-21,KRW=X,1125.0,yahoo,KRW,2026-06-05T09:03:38.313619+00:00
2019-03-22,KRW=X,1127.77002,yahoo,KRW,2026-06-05T09:03:38.313619+00:00
2019-03-25,KRW=X,1135.140015,yahoo,KRW,2026-06-05T09:03:38.313619+00:00
2019-03-26,KRW=X,1133.849976,yahoo,KRW,2026-06-05T09:03:38.313619+00:00
2019-03-27,KRW=X,1133.930054,yahoo,KRW,2026-06-05T09:03:38.313619+00:00
2019-03-28,KRW=X,1138.5,yahoo,KRW,2026-06-05T09:03:38.313619+00:00
2019-03-29,KRW=X,1134.319946,yahoo,KRW,2026-06-05T09:03:38.313619+00:00
2019-03-31,KRW=X,1136.699951,yahoo,KRW,2026-06-05T09:03:38.313619+00:00
2019-04-01,KRW=X,1132.670044,yahoo,KRW,2026-06-05T09:03:38.313619+00:00
2019-04-02,KRW=X,1136.390015,yahoo,KRW,2026-06-05T09:03:38.313619+00:00
2019-04-03,KRW=X,1133.530029,yahoo,KRW,2026-06-05T09:03:38.313619+00:00
2019-04-04,KRW=X,1134.300049,yahoo,KRW,2026-06-05T09:03:38.313619+00:00
2019-04-07,KRW=X,1136.689941,yahoo,KRW,2026-06-05T09:03:38.313619+00:00
2019-04-08,KRW=X,1141.109985,yahoo,KRW,2026-06-05T09:03:38.313619+00:00
2019-04-09,KRW=X,1140.099976,yahoo,KRW,2026-06-05T09:03:38.313619+00:00
2019-04-10,KRW=X,1135.900024,yahoo,KRW,2026-06-05T09:03:38.313619+00:00
2019-04-11,KRW=X,1140.98999,yahoo,KRW,2026-06-05T09:03:38.313619+00:00
2019-04-14,KRW=X,1133.430054,yahoo,KRW,2026-06-05T09:03:38.313619+00:00
2019-04-15,KRW=X,1133.199951,yahoo,KRW,2026-06-05T09:03:38.313619+00:00
2019-04-16,KRW=X,1135.699951,yahoo,KRW,2026-06-05T09:03:38.313619+00:00
2019-04-17,KRW=X,1130.199951,yahoo,KRW,2026-06-05T09:03:38.313619+00:00
2019-04-18,KRW=X,1136.109985,yahoo,KRW,2026-06-05T09:03:38.313619+00:00
2019-04-21,KRW=X,1134.5,yahoo,KRW,2026-06-05T09:03:38.313619+00:00
2019-04-22,KRW=X,1140.040039,yahoo,KRW,2026-06-05T09:03:38.313619+00:00
2019-04-23,KRW=X,1142.0,yahoo,KRW,2026-06-05T09:03:38.313619+00:00
2019-04-24,KRW=X,1155.26001,yahoo,KRW,2026-06-05T09:03:38.313619+00:00
2019-04-25,KRW=X,1159.0,yahoo,KRW,2026-06-05T09:03:38.313619+00:00
2019-04-28,KRW=X,1157.72998,yahoo,KRW,2026-06-05T09:03:38.313619+00:00
2019-04-29,KRW=X,1158.790039,yahoo,KRW,2026-06-05T09:03:38.313619+00:00
2019-04-30,KRW=X,1163.26001,yahoo,KRW,2026-06-05T09:03:38.313619+00:00
2019-05-01,KRW=X,1164.670044,yahoo,KRW,2026-06-05T09:03:38.313619+00:00
2019-05-02,KRW=X,1166.109985,yahoo,KRW,2026-06-05T09:03:38.313619+00:00
2019-05-05,KRW=X,1163.329956,yahoo,KRW,2026-06-05T09:03:38.313619+00:00
2019-05-06,KRW=X,1168.050049,yahoo,KRW,2026-06-05T09:03:38.313619+00:00
2019-05-07,KRW=X,1171.300049,yahoo,KRW,2026-06-05T09:03:38.313619+00:00
2019-05-08,KRW=X,1172.189941,yahoo,KRW,2026-06-05T09:03:38.313619+00:00
2019-05-09,KRW=X,1179.189941,yahoo,KRW,2026-06-05T09:03:38.313619+00:00
2019-05-12,KRW=X,1174.420044,yahoo,KRW,2026-06-05T09:03:38.313619+00:00
2019-05-13,KRW=X,1187.180054,yahoo,KRW,2026-06-05T09:03:38.313619+00:00
2019-05-14,KRW=X,1186.930054,yahoo,KRW,2026-06-05T09:03:38.313619+00:00
2019-05-15,KRW=X,1186.040039,yahoo,KRW,2026-06-05T09:03:38.313619+00:00
2019-05-16,KRW=X,1190.48999,yahoo,KRW,2026-06-05T09:03:38.313619+00:00
2019-05-19,KRW=X,1193.829956,yahoo,KRW,2026-06-05T09:03:38.313619+00:00
2019-05-20,KRW=X,1193.329956,yahoo,KRW,2026-06-05T09:03:38.313619+00:00
2019-05-22,KRW=X,1188.800049,yahoo,KRW,2026-06-05T09:03:38.313619+00:00
2019-05-23,KRW=X,1188.800049,yahoo,KRW,2026-06-05T09:03:38.313619+00:00
2019-05-26,KRW=X,1185.0,yahoo,KRW,2026-06-05T09:03:38.313619+00:00
2019-05-27,KRW=X,1182.310059,yahoo,KRW,2026-06-05T09:03:38.313619+00:00
2019-05-28,KRW=X,1187.579956,yahoo,KRW,2026-06-05T09:03:38.313619+00:00
2019-05-29,KRW=X,1192.209961,yahoo,KRW,2026-06-05T09:03:38.313619+00:00
2019-05-30,KRW=X,1188.380005,yahoo,KRW,2026-06-05T09:03:38.313619+00:00
2019-06-02,KRW=X,1187.869995,yahoo,KRW,2026-06-05T09:03:38.313619+00:00
2019-06-03,KRW=X,1178.349976,yahoo,KRW,2026-06-05T09:03:38.313619+00:00
2019-06-04,KRW=X,1176.050049,yahoo,KRW,2026-06-05T09:03:38.313619+00:00
2019-06-05,KRW=X,1178.73999,yahoo,KRW,2026-06-05T09:03:38.313619+00:00
2019-06-06,KRW=X,1177.0,yahoo,KRW,2026-06-05T09:03:38.313619+00:00
2019-06-09,KRW=X,1180.76001,yahoo,KRW,2026-06-05T09:03:38.313619+00:00
2019-06-10,KRW=X,1182.099976,yahoo,KRW,2026-06-05T09:03:38.313619+00:00
2019-06-11,KRW=X,1177.97998,yahoo,KRW,2026-06-05T09:03:38.313619+00:00
2019-06-12,KRW=X,1183.430054,yahoo,KRW,2026-06-05T09:03:38.313619+00:00
2019-06-13,KRW=X,1181.079956,yahoo,KRW,2026-06-05T09:03:38.313619+00:00
2019-06-16,KRW=X,1185.890015,yahoo,KRW,2026-06-05T09:03:38.313619+00:00
2019-06-17,KRW=X,1185.349976,yahoo,KRW,2026-06-05T09:03:38.313619+00:00
2019-06-18,KRW=X,1173.579956,yahoo,KRW,2026-06-05T09:03:38.313619+00:00
2019-06-19,KRW=X,1170.300049,yahoo,KRW,2026-06-05T09:03:38.313619+00:00
2019-06-20,KRW=X,1157.209961,yahoo,KRW,2026-06-05T09:03:38.313619+00:00
2019-06-23,KRW=X,1158.310059,yahoo,KRW,2026-06-05T09:03:38.313619+00:00
2019-06-24,KRW=X,1152.469971,yahoo,KRW,2026-06-05T09:03:38.313619+00:00
2019-06-25,KRW=X,1155.709961,yahoo,KRW,2026-06-05T09:03:38.313619+00:00
2019-06-26,KRW=X,1152.5,yahoo,KRW,2026-06-05T09:03:38.313619+00:00
2019-06-27,KRW=X,1155.51001,yahoo,KRW,2026-06-05T09:03:38.313619+00:00
2019-06-30,KRW=X,1155.599976,yahoo,KRW,2026-06-05T09:03:38.313619+00:00
2019-07-01,KRW=X,1159.75,yahoo,KRW,2026-06-05T09:03:38.313619+00:00
2019-07-02,KRW=X,1165.579956,yahoo,KRW,2026-06-05T09:03:38.313619+00:00
2019-07-03,KRW=X,1168.869995,yahoo,KRW,2026-06-05T09:03:38.313619+00:00
2019-07-04,KRW=X,1167.130005,yahoo,KRW,2026-06-05T09:03:38.313619+00:00
2019-07-07,KRW=X,1174.02002,yahoo,KRW,2026-06-05T09:03:38.313619+00:00
2019-07-08,KRW=X,1179.849976,yahoo,KRW,2026-06-05T09:03:38.313619+00:00
2019-07-09,KRW=X,1181.47998,yahoo,KRW,2026-06-05T09:03:38.313619+00:00
2019-07-10,KRW=X,1175.530029,yahoo,KRW,2026-06-05T09:03:38.313619+00:00
2019-07-11,KRW=X,1174.079956,yahoo,KRW,2026-06-05T09:03:38.313619+00:00
2019-07-14,KRW=X,1176.410034,yahoo,KRW,2026-06-05T09:03:38.313619+00:00
2019-07-15,KRW=X,1178.430054,yahoo,KRW,2026-06-05T09:03:38.313619+00:00
2019-07-16,KRW=X,1177.880005,yahoo,KRW,2026-06-05T09:03:38.313619+00:00
2019-07-17,KRW=X,1178.689941,yahoo,KRW,2026-06-05T09:03:38.313619+00:00
2019-07-18,KRW=X,1170.77002,yahoo,KRW,2026-06-05T09:03:38.313619+00:00
2019-07-21,KRW=X,1175.109985,yahoo,KRW,2026-06-05T09:03:38.313619+00:00
2019-07-22,KRW=X,1174.76001,yahoo,KRW,2026-06-05T09:03:38.313619+00:00
2019-07-23,KRW=X,1176.800049,yahoo,KRW,2026-06-05T09:03:38.313619+00:00
2019-07-24,KRW=X,1176.550049,yahoo,KRW,2026-06-05T09:03:38.313619+00:00
2019-07-25,KRW=X,1182.390015,yahoo,KRW,2026-06-05T09:03:38.313619+00:00
2019-07-28,KRW=X,1183.349976,yahoo,KRW,2026-06-05T09:03:38.313619+00:00
2019-07-29,KRW=X,1181.849976,yahoo,KRW,2026-06-05T09:03:38.313619+00:00
2019-07-30,KRW=X,1180.650024,yahoo,KRW,2026-06-05T09:03:38.313619+00:00
2019-07-31,KRW=X,1186.310059,yahoo,KRW,2026-06-05T09:03:38.313619+00:00
2019-08-01,KRW=X,1194.75,yahoo,KRW,2026-06-05T09:03:38.313619+00:00
2019-08-04,KRW=X,1203.939941,yahoo,KRW,2026-06-05T09:03:38.313619+00:00
2019-08-05,KRW=X,1216.650024,yahoo,KRW,2026-06-05T09:03:38.313619+00:00
2019-08-06,KRW=X,1212.530029,yahoo,KRW,2026-06-05T09:03:38.313619+00:00
2019-08-07,KRW=X,1212.22998,yahoo,KRW,2026-06-05T09:03:38.313619+00:00
2019-08-08,KRW=X,1207.030029,yahoo,KRW,2026-06-05T09:03:38.313619+00:00
2019-08-11,KRW=X,1213.199951,yahoo,KRW,2026-06-05T09:03:38.313619+00:00
2019-08-12,KRW=X,1217.630005,yahoo,KRW,2026-06-05T09:03:38.313619+00:00
2019-08-13,KRW=X,1204.72998,yahoo,KRW,2026-06-05T09:03:38.313619+00:00
2019-08-14,KRW=X,1215.640015,yahoo,KRW,2026-06-05T09:03:38.313619+00:00
2019-08-15,KRW=X,1211.5,yahoo,KRW,2026-06-05T09:03:38.313619+00:00
2019-08-18,KRW=X,1207.48999,yahoo,KRW,2026-06-05T09:03:38.313619+00:00
2019-08-19,KRW=X,1210.530029,yahoo,KRW,2026-06-05T09:03:38.313619+00:00
2019-08-20,KRW=X,1205.280029,yahoo,KRW,2026-06-05T09:03:38.313619+00:00
2019-08-21,KRW=X,1201.319946,yahoo,KRW,2026-06-05T09:03:38.313619+00:00
2019-08-22,KRW=X,1208.560059,yahoo,KRW,2026-06-05T09:03:38.313619+00:00
2019-08-25,KRW=X,1212.650024,yahoo,KRW,2026-06-05T09:03:38.313619+00:00
2019-08-26,KRW=X,1210.72998,yahoo,KRW,2026-06-05T09:03:38.313619+00:00
2019-08-27,KRW=X,1210.76001,yahoo,KRW,2026-06-05T09:03:38.313619+00:00
2019-08-28,KRW=X,1211.369995,yahoo,KRW,2026-06-05T09:03:38.313619+00:00
2019-08-29,KRW=X,1207.160034,yahoo,KRW,2026-06-05T09:03:38.313619+00:00
2019-09-01,KRW=X,1209.150024,yahoo,KRW,2026-06-05T09:03:38.313619+00:00
2019-09-02,KRW=X,1212.77002,yahoo,KRW,2026-06-05T09:03:38.313619+00:00
2019-09-03,KRW=X,1210.47998,yahoo,KRW,2026-06-05T09:03:38.313619+00:00
2019-09-04,KRW=X,1202.689941,yahoo,KRW,2026-06-05T09:03:38.313619+00:00
2019-09-05,KRW=X,1196.0,yahoo,KRW,2026-06-05T09:03:38.313619+00:00
2019-09-08,KRW=X,1191.619995,yahoo,KRW,2026-06-05T09:03:38.313619+00:00
2019-09-09,KRW=X,1190.859985,yahoo,KRW,2026-06-05T09:03:38.313619+00:00
2019-09-10,KRW=X,1189.5,yahoo,KRW,2026-06-05T09:03:38.313619+00:00
2019-09-11,KRW=X,1189.800049,yahoo,KRW,2026-06-05T09:03:38.313619+00:00
2019-09-12,KRW=X,1180.75,yahoo,KRW,2026-06-05T09:03:38.313619+00:00
2019-09-15,KRW=X,1178.719971,yahoo,KRW,2026-06-05T09:03:38.313619+00:00
2019-09-16,KRW=X,1183.290039,yahoo,KRW,2026-06-05T09:03:38.313619+00:00
2019-09-17,KRW=X,1185.650024,yahoo,KRW,2026-06-05T09:03:38.313619+00:00
2019-09-18,KRW=X,1189.550049,yahoo,KRW,2026-06-05T09:03:38.313619+00:00
2019-09-19,KRW=X,1193.859985,yahoo,KRW,2026-06-05T09:03:38.313619+00:00
2019-09-22,KRW=X,1193.130005,yahoo,KRW,2026-06-05T09:03:38.313619+00:00
2019-09-23,KRW=X,1193.01001,yahoo,KRW,2026-06-05T09:03:38.313619+00:00
2019-09-24,KRW=X,1193.939941,yahoo,KRW,2026-06-05T09:03:38.313619+00:00
2019-09-25,KRW=X,1197.890015,yahoo,KRW,2026-06-05T09:03:38.313619+00:00
2019-09-26,KRW=X,1198.630005,yahoo,KRW,2026-06-05T09:03:38.313619+00:00
2019-09-29,KRW=X,1201.910034,yahoo,KRW,2026-06-05T09:03:38.313619+00:00
2019-09-30,KRW=X,1198.0,yahoo,KRW,2026-06-05T09:03:38.313619+00:00
2019-10-01,KRW=X,1201.689941,yahoo,KRW,2026-06-05T09:03:38.313619+00:00
2019-10-02,KRW=X,1203.569946,yahoo,KRW,2026-06-05T09:03:38.313619+00:00
2019-10-03,KRW=X,1200.079956,yahoo,KRW,2026-06-05T09:03:38.313619+00:00
2019-10-06,KRW=X,1191.329956,yahoo,KRW,2026-06-05T09:03:38.313619+00:00
2019-10-07,KRW=X,1195.76001,yahoo,KRW,2026-06-05T09:03:38.313619+00:00
2019-10-08,KRW=X,1198.369995,yahoo,KRW,2026-06-05T09:03:38.313619+00:00
2019-10-09,KRW=X,1196.780029,yahoo,KRW,2026-06-05T09:03:38.313619+00:00
2019-10-10,KRW=X,1188.810059,yahoo,KRW,2026-06-05T09:03:38.313619+00:00
2019-10-13,KRW=X,1182.48999,yahoo,KRW,2026-06-05T09:03:38.313619+00:00
2019-10-14,KRW=X,1182.300049,yahoo,KRW,2026-06-05T09:03:38.313619+00:00
2019-10-15,KRW=X,1183.930054,yahoo,KRW,2026-06-05T09:03:38.313619+00:00
2019-10-16,KRW=X,1184.829956,yahoo,KRW,2026-06-05T09:03:38.313619+00:00
2019-10-17,KRW=X,1177.27002,yahoo,KRW,2026-06-05T09:03:38.313619+00:00
2019-10-20,KRW=X,1178.079956,yahoo,KRW,2026-06-05T09:03:38.313619+00:00
2019-10-21,KRW=X,1171.400024,yahoo,KRW,2026-06-05T09:03:38.313619+00:00
2019-10-22,KRW=X,1171.26001,yahoo,KRW,2026-06-05T09:03:38.313619+00:00
2019-10-23,KRW=X,1169.699951,yahoo,KRW,2026-06-05T09:03:38.313619+00:00
2019-10-24,KRW=X,1174.25,yahoo,KRW,2026-06-05T09:03:38.313619+00:00
2019-10-28,KRW=X,1170.819946,yahoo,KRW,2026-06-05T09:03:38.313619+00:00
2019-10-29,KRW=X,1166.76001,yahoo,KRW,2026-06-05T09:03:38.313619+00:00
2019-10-30,KRW=X,1165.75,yahoo,KRW,2026-06-05T09:03:38.313619+00:00
2019-10-31,KRW=X,1163.699951,yahoo,KRW,2026-06-05T09:03:38.313619+00:00
2019-11-01,KRW=X,1168.550049,yahoo,KRW,2026-06-05T09:03:38.313619+00:00
2019-11-04,KRW=X,1163.800049,yahoo,KRW,2026-06-05T09:03:38.313619+00:00
2019-11-05,KRW=X,1161.810059,yahoo,KRW,2026-06-05T09:03:38.313619+00:00
2019-11-06,KRW=X,1155.199951,yahoo,KRW,2026-06-05T09:03:38.313619+00:00
2019-11-07,KRW=X,1160.079956,yahoo,KRW,2026-06-05T09:03:38.313619+00:00
2019-11-08,KRW=X,1158.599976,yahoo,KRW,2026-06-05T09:03:38.313619+00:00
2019-11-11,KRW=X,1158.599976,yahoo,KRW,2026-06-05T09:03:38.313619+00:00
2019-11-12,KRW=X,1163.900024,yahoo,KRW,2026-06-05T09:03:38.313619+00:00
2019-11-13,KRW=X,1164.949951,yahoo,KRW,2026-06-05T09:03:38.313619+00:00
2019-11-14,KRW=X,1169.859985,yahoo,KRW,2026-06-05T09:03:38.313619+00:00
2019-11-15,KRW=X,1167.52002,yahoo,KRW,2026-06-05T09:03:38.313619+00:00
2019-11-18,KRW=X,1162.329956,yahoo,KRW,2026-06-05T09:03:38.313619+00:00
2019-11-19,KRW=X,1165.689941,yahoo,KRW,2026-06-05T09:03:38.313619+00:00
2019-11-20,KRW=X,1165.819946,yahoo,KRW,2026-06-05T09:03:38.313619+00:00
2019-11-21,KRW=X,1168.26001,yahoo,KRW,2026-06-05T09:03:38.313619+00:00
2019-11-22,KRW=X,1175.22998,yahoo,KRW,2026-06-05T09:03:38.313619+00:00
2019-11-25,KRW=X,1179.48999,yahoo,KRW,2026-06-05T09:03:38.313619+00:00
2019-11-26,KRW=X,1172.410034,yahoo,KRW,2026-06-05T09:03:38.313619+00:00
2019-11-27,KRW=X,1172.599976,yahoo,KRW,2026-06-05T09:03:38.313619+00:00
2019-11-28,KRW=X,1175.359985,yahoo,KRW,2026-06-05T09:03:38.313619+00:00
2019-11-29,KRW=X,1177.01001,yahoo,KRW,2026-06-05T09:03:38.313619+00:00
2019-12-02,KRW=X,1181.469971,yahoo,KRW,2026-06-05T09:03:38.313619+00:00
2019-12-03,KRW=X,1183.790039,yahoo,KRW,2026-06-05T09:03:38.313619+00:00
2019-12-04,KRW=X,1187.630005,yahoo,KRW,2026-06-05T09:03:38.313619+00:00
2019-12-05,KRW=X,1189.459961,yahoo,KRW,2026-06-05T09:03:38.313619+00:00
2019-12-06,KRW=X,1187.97998,yahoo,KRW,2026-06-05T09:03:38.313619+00:00
2019-12-09,KRW=X,1186.109985,yahoo,KRW,2026-06-05T09:03:38.313619+00:00
2019-12-10,KRW=X,1188.680054,yahoo,KRW,2026-06-05T09:03:38.313619+00:00
2019-12-11,KRW=X,1189.069946,yahoo,KRW,2026-06-05T09:03:38.313619+00:00
2019-12-12,KRW=X,1187.930054,yahoo,KRW,2026-06-05T09:03:38.313619+00:00
2019-12-13,KRW=X,1169.589966,yahoo,KRW,2026-06-05T09:03:38.313619+00:00
2019-12-16,KRW=X,1172.530029,yahoo,KRW,2026-06-05T09:03:38.313619+00:00
2019-12-17,KRW=X,1167.459961,yahoo,KRW,2026-06-05T09:03:38.313619+00:00
2019-12-18,KRW=X,1162.780029,yahoo,KRW,2026-06-05T09:03:38.313619+00:00
2019-12-19,KRW=X,1164.359985,yahoo,KRW,2026-06-05T09:03:38.313619+00:00
2019-12-20,KRW=X,1161.060059,yahoo,KRW,2026-06-05T09:03:38.313619+00:00
2019-12-23,KRW=X,1159.300049,yahoo,KRW,2026-06-05T09:03:38.313619+00:00
2019-12-24,KRW=X,1161.569946,yahoo,KRW,2026-06-05T09:03:38.313619+00:00
2019-12-25,KRW=X,1162.22998,yahoo,KRW,2026-06-05T09:03:38.313619+00:00
2019-12-26,KRW=X,1159.75,yahoo,KRW,2026-06-05T09:03:38.313619+00:00
2019-12-27,KRW=X,1161.199951,yahoo,KRW,2026-06-05T09:03:38.313619+00:00
2019-12-30,KRW=X,1160.680054,yahoo,KRW,2026-06-05T09:03:38.313619+00:00
2019-12-31,KRW=X,1156.349976,yahoo,KRW,2026-06-05T09:03:38.313619+00:00
2020-01-01,KRW=X,1153.75,yahoo,KRW,2026-06-05T09:03:38.313619+00:00
2020-01-02,KRW=X,1153.969971,yahoo,KRW,2026-06-05T09:03:38.313619+00:00
2020-01-03,KRW=X,1157.150024,yahoo,KRW,2026-06-05T09:03:38.313619+00:00
2020-01-06,KRW=X,1165.849976,yahoo,KRW,2026-06-05T09:03:38.313619+00:00
2020-01-07,KRW=X,1167.420044,yahoo,KRW,2026-06-05T09:03:38.313619+00:00
2020-01-08,KRW=X,1166.459961,yahoo,KRW,2026-06-05T09:03:38.313619+00:00
2020-01-09,KRW=X,1161.26001,yahoo,KRW,2026-06-05T09:03:38.313619+00:00
2020-01-10,KRW=X,1157.810059,yahoo,KRW,2026-06-05T09:03:38.313619+00:00
2020-01-13,KRW=X,1156.930054,yahoo,KRW,2026-06-05T09:03:38.313619+00:00
2020-01-14,KRW=X,1153.939941,yahoo,KRW,2026-06-05T09:03:38.313619+00:00
2020-01-15,KRW=X,1157.050049,yahoo,KRW,2026-06-05T09:03:38.313619+00:00
2020-01-16,KRW=X,1156.780029,yahoo,KRW,2026-06-05T09:03:38.313619+00:00
2020-01-17,KRW=X,1158.77002,yahoo,KRW,2026-06-05T09:03:38.313619+00:00
2020-01-20,KRW=X,1160.359985,yahoo,KRW,2026-06-05T09:03:38.313619+00:00
2020-01-21,KRW=X,1157.569946,yahoo,KRW,2026-06-05T09:03:38.313619+00:00
2020-01-22,KRW=X,1168.73999,yahoo,KRW,2026-06-05T09:03:38.313619+00:00
2020-01-23,KRW=X,1163.72998,yahoo,KRW,2026-06-05T09:03:38.313619+00:00
2020-01-24,KRW=X,1167.599976,yahoo,KRW,2026-06-05T09:03:38.313619+00:00
2020-01-27,KRW=X,1169.150024,yahoo,KRW,2026-06-05T09:03:38.313619+00:00
2020-01-28,KRW=X,1176.72998,yahoo,KRW,2026-06-05T09:03:38.313619+00:00
2020-01-29,KRW=X,1174.280029,yahoo,KRW,2026-06-05T09:03:38.313619+00:00
2020-01-30,KRW=X,1178.079956,yahoo,KRW,2026-06-05T09:03:38.313619+00:00
2020-01-31,KRW=X,1187.119995,yahoo,KRW,2026-06-05T09:03:38.313619+00:00
2020-02-03,KRW=X,1194.869995,yahoo,KRW,2026-06-05T09:03:38.313619+00:00
2020-02-04,KRW=X,1189.359985,yahoo,KRW,2026-06-05T09:03:38.313619+00:00
2020-02-05,KRW=X,1182.47998,yahoo,KRW,2026-06-05T09:03:38.313619+00:00
2020-02-06,KRW=X,1183.459961,yahoo,KRW,2026-06-05T09:03:38.313619+00:00
2020-02-07,KRW=X,1184.25,yahoo,KRW,2026-06-05T09:03:38.313619+00:00
2020-02-10,KRW=X,1191.089966,yahoo,KRW,2026-06-05T09:03:38.313619+00:00
2020-02-11,KRW=X,1185.630005,yahoo,KRW,2026-06-05T09:03:38.313619+00:00
2020-02-12,KRW=X,1180.719971,yahoo,KRW,2026-06-05T09:03:38.313619+00:00
2020-02-13,KRW=X,1177.959961,yahoo,KRW,2026-06-05T09:03:38.313619+00:00
2020-02-14,KRW=X,1183.469971,yahoo,KRW,2026-06-05T09:03:38.313619+00:00
2020-02-17,KRW=X,1182.180054,yahoo,KRW,2026-06-05T09:03:38.313619+00:00
2020-02-18,KRW=X,1183.810059,yahoo,KRW,2026-06-05T09:03:38.313619+00:00
2020-02-19,KRW=X,1189.930054,yahoo,KRW,2026-06-05T09:03:38.313619+00:00
2020-02-20,KRW=X,1191.369995,yahoo,KRW,2026-06-05T09:03:38.313619+00:00
2020-02-21,KRW=X,1204.400024,yahoo,KRW,2026-06-05T09:03:38.313619+00:00
2020-02-24,KRW=X,1205.77002,yahoo,KRW,2026-06-05T09:03:38.313619+00:00
2020-02-25,KRW=X,1217.650024,yahoo,KRW,2026-06-05T09:03:38.313619+00:00
2020-02-26,KRW=X,1214.550049,yahoo,KRW,2026-06-05T09:03:38.313619+00:00
2020-02-27,KRW=X,1211.359985,yahoo,KRW,2026-06-05T09:03:38.313619+00:00
2020-02-28,KRW=X,1211.310059,yahoo,KRW,2026-06-05T09:03:38.313619+00:00
2020-03-02,KRW=X,1200.099976,yahoo,KRW,2026-06-05T09:03:38.313619+00:00
2020-03-03,KRW=X,1188.280029,yahoo,KRW,2026-06-05T09:03:38.313619+00:00
2020-03-04,KRW=X,1186.339966,yahoo,KRW,2026-06-05T09:03:38.313619+00:00
2020-03-05,KRW=X,1183.680054,yahoo,KRW,2026-06-05T09:03:38.313619+00:00
2020-03-06,KRW=X,1187.469971,yahoo,KRW,2026-06-05T09:03:38.313619+00:00
2020-03-09,KRW=X,1187.699951,yahoo,KRW,2026-06-05T09:03:38.313619+00:00
2020-03-10,KRW=X,1199.959961,yahoo,KRW,2026-06-05T09:03:38.313619+00:00
2020-03-11,KRW=X,1184.699951,yahoo,KRW,2026-06-05T09:03:38.313619+00:00
2020-03-12,KRW=X,1189.390015,yahoo,KRW,2026-06-05T09:03:38.313619+00:00
2020-03-13,KRW=X,1209.969971,yahoo,KRW,2026-06-05T09:03:38.313619+00:00
2020-03-16,KRW=X,1210.800049,yahoo,KRW,2026-06-05T09:03:38.313619+00:00
2020-03-17,KRW=X,1232.040039,yahoo,KRW,2026-06-05T09:03:38.313619+00:00
2020-03-18,KRW=X,1237.98999,yahoo,KRW,2026-06-05T09:03:38.313619+00:00
2020-03-19,KRW=X,1255.349976,yahoo,KRW,2026-06-05T09:03:38.313619+00:00
2020-03-20,KRW=X,1256.880005,yahoo,KRW,2026-06-05T09:03:38.313619+00:00
2020-03-23,KRW=X,1253.949951,yahoo,KRW,2026-06-05T09:03:38.313619+00:00
2020-03-24,KRW=X,1262.930054,yahoo,KRW,2026-06-05T09:03:38.313619+00:00
2020-03-25,KRW=X,1228.599976,yahoo,KRW,2026-06-05T09:03:38.313619+00:00
2020-03-26,KRW=X,1231.079956,yahoo,KRW,2026-06-05T09:03:38.313619+00:00
2020-03-27,KRW=X,1212.189941,yahoo,KRW,2026-06-05T09:03:38.313619+00:00
2020-03-29,KRW=X,1211.630005,yahoo,KRW,2026-06-05T09:03:38.313619+00:00
2020-03-30,KRW=X,1222.699951,yahoo,KRW,2026-06-05T09:03:38.313619+00:00
2020-03-31,KRW=X,1216.660034,yahoo,KRW,2026-06-05T09:03:38.313619+00:00
2020-04-01,KRW=X,1234.72998,yahoo,KRW,2026-06-05T09:03:38.313619+00:00
2020-04-02,KRW=X,1226.849976,yahoo,KRW,2026-06-05T09:03:38.313619+00:00
2020-04-05,KRW=X,1235.800049,yahoo,KRW,2026-06-05T09:03:38.313619+00:00
2020-04-06,KRW=X,1223.099976,yahoo,KRW,2026-06-05T09:03:38.313619+00:00
2020-04-07,KRW=X,1215.310059,yahoo,KRW,2026-06-05T09:03:38.313619+00:00
2020-04-08,KRW=X,1214.75,yahoo,KRW,2026-06-05T09:03:38.313619+00:00
2020-04-09,KRW=X,1209.51001,yahoo,KRW,2026-06-05T09:03:38.313619+00:00
2020-04-12,KRW=X,1211.040039,yahoo,KRW,2026-06-05T09:03:38.313619+00:00
2020-04-13,KRW=X,1213.900024,yahoo,KRW,2026-06-05T09:03:38.313619+00:00
2020-04-14,KRW=X,1212.380005,yahoo,KRW,2026-06-05T09:03:38.313619+00:00
2020-04-15,KRW=X,1222.550049,yahoo,KRW,2026-06-05T09:03:38.313619+00:00
2020-04-16,KRW=X,1226.640015,yahoo,KRW,2026-06-05T09:03:38.313619+00:00
2020-04-19,KRW=X,1215.26001,yahoo,KRW,2026-06-05T09:03:38.313619+00:00
2020-04-20,KRW=X,1218.099976,yahoo,KRW,2026-06-05T09:03:38.313619+00:00
2020-04-21,KRW=X,1230.849976,yahoo,KRW,2026-06-05T09:03:38.313619+00:00
2020-04-22,KRW=X,1231.380005,yahoo,KRW,2026-06-05T09:03:38.313619+00:00
2020-04-23,KRW=X,1232.449951,yahoo,KRW,2026-06-05T09:03:38.313619+00:00
2020-04-26,KRW=X,1229.5,yahoo,KRW,2026-06-05T09:03:38.313619+00:00
2020-04-27,KRW=X,1220.869995,yahoo,KRW,2026-06-05T09:03:38.313619+00:00
2020-04-28,KRW=X,1220.400024,yahoo,KRW,2026-06-05T09:03:38.313619+00:00
2020-04-29,KRW=X,1210.790039,yahoo,KRW,2026-06-05T09:03:38.313619+00:00
2020-04-30,KRW=X,1212.959961,yahoo,KRW,2026-06-05T09:03:38.313619+00:00
2020-05-03,KRW=X,1223.780029,yahoo,KRW,2026-06-05T09:03:38.313619+00:00
2020-05-04,KRW=X,1222.449951,yahoo,KRW,2026-06-05T09:03:38.313619+00:00
2020-05-05,KRW=X,1221.25,yahoo,KRW,2026-06-05T09:03:38.313619+00:00
2020-05-06,KRW=X,1228.530029,yahoo,KRW,2026-06-05T09:03:38.313619+00:00
2020-05-07,KRW=X,1218.630005,yahoo,KRW,2026-06-05T09:03:38.313619+00:00
2020-05-10,KRW=X,1218.699951,yahoo,KRW,2026-06-05T09:03:38.313619+00:00
2020-05-11,KRW=X,1222.400024,yahoo,KRW,2026-06-05T09:03:38.313619+00:00
2020-05-12,KRW=X,1225.650024,yahoo,KRW,2026-06-05T09:03:38.313619+00:00
2020-05-13,KRW=X,1226.550049,yahoo,KRW,2026-06-05T09:03:38.313619+00:00
2020-05-14,KRW=X,1225.459961,yahoo,KRW,2026-06-05T09:03:38.313619+00:00
2020-05-17,KRW=X,1232.089966,yahoo,KRW,2026-06-05T09:03:38.313619+00:00
2020-05-18,KRW=X,1224.199951,yahoo,KRW,2026-06-05T09:03:38.313619+00:00
2020-05-19,KRW=X,1224.319946,yahoo,KRW,2026-06-05T09:03:38.313619+00:00
2020-05-20,KRW=X,1226.550049,yahoo,KRW,2026-06-05T09:03:38.313619+00:00
2020-05-21,KRW=X,1233.390015,yahoo,KRW,2026-06-05T09:03:38.313619+00:00
2020-05-24,KRW=X,1239.550049,yahoo,KRW,2026-06-05T09:03:38.313619+00:00
2020-05-25,KRW=X,1240.02002,yahoo,KRW,2026-06-05T09:03:38.313619+00:00
2020-05-26,KRW=X,1230.869995,yahoo,KRW,2026-06-05T09:03:38.313619+00:00
2020-05-27,KRW=X,1238.300049,yahoo,KRW,2026-06-05T09:03:38.313619+00:00
2020-05-28,KRW=X,1237.97998,yahoo,KRW,2026-06-05T09:03:38.313619+00:00
2020-05-31,KRW=X,1230.469971,yahoo,KRW,2026-06-05T09:03:38.313619+00:00
2020-06-01,KRW=X,1222.98999,yahoo,KRW,2026-06-05T09:03:38.313619+00:00
2020-06-02,KRW=X,1219.140015,yahoo,KRW,2026-06-05T09:03:38.313619+00:00
2020-06-03,KRW=X,1215.819946,yahoo,KRW,2026-06-05T09:03:38.313619+00:00
2020-06-04,KRW=X,1215.380005,yahoo,KRW,2026-06-05T09:03:38.313619+00:00
2020-06-07,KRW=X,1201.109985,yahoo,KRW,2026-06-05T09:03:38.313619+00:00
2020-06-08,KRW=X,1195.72998,yahoo,KRW,2026-06-05T09:03:38.313619+00:00
2020-06-09,KRW=X,1197.300049,yahoo,KRW,2026-06-05T09:03:38.313619+00:00
2020-06-10,KRW=X,1189.73999,yahoo,KRW,2026-06-05T09:03:38.313619+00:00
2020-06-11,KRW=X,1204.76001,yahoo,KRW,2026-06-05T09:03:38.313619+00:00
2020-06-14,KRW=X,1202.609985,yahoo,KRW,2026-06-05T09:03:38.313619+00:00
2020-06-15,KRW=X,1206.900024,yahoo,KRW,2026-06-05T09:03:38.313619+00:00
2020-06-16,KRW=X,1211.150024,yahoo,KRW,2026-06-05T09:03:38.313619+00:00
2020-06-17,KRW=X,1214.349976,yahoo,KRW,2026-06-05T09:03:38.313619+00:00
2020-06-18,KRW=X,1211.359985,yahoo,KRW,2026-06-05T09:03:38.313619+00:00
2020-06-21,KRW=X,1210.890015,yahoo,KRW,2026-06-05T09:03:38.313619+00:00
2020-06-22,KRW=X,1208.0,yahoo,KRW,2026-06-05T09:03:38.313619+00:00
2020-06-23,KRW=X,1207.949951,yahoo,KRW,2026-06-05T09:03:38.313619+00:00
2020-06-24,KRW=X,1205.25,yahoo,KRW,2026-06-05T09:03:38.313619+00:00
2020-06-25,KRW=X,1201.52002,yahoo,KRW,2026-06-05T09:03:38.313619+00:00
2020-06-28,KRW=X,1202.630005,yahoo,KRW,2026-06-05T09:03:38.313619+00:00
2020-06-29,KRW=X,1198.48999,yahoo,KRW,2026-06-05T09:03:38.313619+00:00
2020-06-30,KRW=X,1198.390015,yahoo,KRW,2026-06-05T09:03:38.313619+00:00
2020-07-01,KRW=X,1200.699951,yahoo,KRW,2026-06-05T09:03:38.313619+00:00
2020-07-02,KRW=X,1198.170044,yahoo,KRW,2026-06-05T09:03:38.313619+00:00
2020-07-05,KRW=X,1198.5,yahoo,KRW,2026-06-05T09:03:38.313619+00:00
2020-07-06,KRW=X,1190.930054,yahoo,KRW,2026-06-05T09:03:38.313619+00:00
2020-07-07,KRW=X,1195.699951,yahoo,KRW,2026-06-05T09:03:38.313619+00:00
2020-07-08,KRW=X,1192.02002,yahoo,KRW,2026-06-05T09:03:38.313619+00:00
2020-07-09,KRW=X,1195.77002,yahoo,KRW,2026-06-05T09:03:38.313619+00:00
2020-07-12,KRW=X,1199.52002,yahoo,KRW,2026-06-05T09:03:38.313619+00:00
2020-07-13,KRW=X,1203.780029,yahoo,KRW,2026-06-05T09:03:38.313619+00:00
2020-07-14,KRW=X,1203.97998,yahoo,KRW,2026-06-05T09:03:38.313619+00:00
2020-07-15,KRW=X,1200.469971,yahoo,KRW,2026-06-05T09:03:38.313619+00:00
2020-07-16,KRW=X,1204.22998,yahoo,KRW,2026-06-05T09:03:38.313619+00:00
2020-07-19,KRW=X,1202.530029,yahoo,KRW,2026-06-05T09:03:38.313619+00:00
2020-07-20,KRW=X,1200.030029,yahoo,KRW,2026-06-05T09:03:38.313619+00:00
2020-07-21,KRW=X,1192.73999,yahoo,KRW,2026-06-05T09:03:38.313619+00:00
2020-07-22,KRW=X,1197.22998,yahoo,KRW,2026-06-05T09:03:38.313619+00:00
2020-07-23,KRW=X,1200.939941,yahoo,KRW,2026-06-05T09:03:38.313619+00:00
2020-07-26,KRW=X,1200.48999,yahoo,KRW,2026-06-05T09:03:38.313619+00:00
2020-07-27,KRW=X,1195.920044,yahoo,KRW,2026-06-05T09:03:38.313619+00:00
2020-07-28,KRW=X,1199.369995,yahoo,KRW,2026-06-05T09:03:38.313619+00:00
2020-07-29,KRW=X,1190.72998,yahoo,KRW,2026-06-05T09:03:38.313619+00:00
2020-07-30,KRW=X,1189.560059,yahoo,KRW,2026-06-05T09:03:38.313619+00:00
2020-08-02,KRW=X,1193.390015,yahoo,KRW,2026-06-05T09:03:38.313619+00:00
2020-08-03,KRW=X,1191.76001,yahoo,KRW,2026-06-05T09:03:38.313619+00:00
2020-08-04,KRW=X,1192.25,yahoo,KRW,2026-06-05T09:03:38.313619+00:00
2020-08-05,KRW=X,1185.180054,yahoo,KRW,2026-06-05T09:03:38.313619+00:00
2020-08-06,KRW=X,1183.170044,yahoo,KRW,2026-06-05T09:03:38.313619+00:00
2020-08-09,KRW=X,1188.150024,yahoo,KRW,2026-06-05T09:03:38.313619+00:00
2020-08-10,KRW=X,1185.189941,yahoo,KRW,2026-06-05T09:03:38.313619+00:00
2020-08-11,KRW=X,1184.97998,yahoo,KRW,2026-06-05T09:03:38.313619+00:00
2020-08-12,KRW=X,1182.75,yahoo,KRW,2026-06-05T09:03:38.313619+00:00
2020-08-13,KRW=X,1184.119995,yahoo,KRW,2026-06-05T09:03:38.313619+00:00
2020-08-16,KRW=X,1186.040039,yahoo,KRW,2026-06-05T09:03:38.313619+00:00
2020-08-17,KRW=X,1183.099976,yahoo,KRW,2026-06-05T09:03:38.313619+00:00
2020-08-18,KRW=X,1183.640015,yahoo,KRW,2026-06-05T09:03:38.313619+00:00
2020-08-19,KRW=X,1181.209961,yahoo,KRW,2026-06-05T09:03:38.313619+00:00
2020-08-20,KRW=X,1184.290039,yahoo,KRW,2026-06-05T09:03:38.313619+00:00
2020-08-23,KRW=X,1191.199951,yahoo,KRW,2026-06-05T09:03:38.313619+00:00
2020-08-24,KRW=X,1188.25,yahoo,KRW,2026-06-05T09:03:38.313619+00:00
2020-08-25,KRW=X,1186.459961,yahoo,KRW,2026-06-05T09:03:38.313619+00:00
2020-08-26,KRW=X,1183.849976,yahoo,KRW,2026-06-05T09:03:38.313619+00:00
2020-08-27,KRW=X,1186.579956,yahoo,KRW,2026-06-05T09:03:38.313619+00:00
2020-08-30,KRW=X,1179.589966,yahoo,KRW,2026-06-05T09:03:38.313619+00:00
2020-08-31,KRW=X,1187.040039,yahoo,KRW,2026-06-05T09:03:38.313619+00:00
2020-09-01,KRW=X,1184.920044,yahoo,KRW,2026-06-05T09:03:38.313619+00:00
2020-09-02,KRW=X,1188.650024,yahoo,KRW,2026-06-05T09:03:38.313619+00:00
2020-09-03,KRW=X,1190.780029,yahoo,KRW,2026-06-05T09:03:38.313619+00:00
2020-09-06,KRW=X,1186.420044,yahoo,KRW,2026-06-05T09:03:38.313619+00:00
2020-09-07,KRW=X,1186.810059,yahoo,KRW,2026-06-05T09:03:38.313619+00:00
2020-09-08,KRW=X,1189.23999,yahoo,KRW,2026-06-05T09:03:38.313619+00:00
2020-09-09,KRW=X,1184.380005,yahoo,KRW,2026-06-05T09:03:38.313619+00:00
2020-09-10,KRW=X,1187.22998,yahoo,KRW,2026-06-05T09:03:38.313619+00:00
2020-09-13,KRW=X,1186.969971,yahoo,KRW,2026-06-05T09:03:38.313619+00:00
2020-09-14,KRW=X,1180.839966,yahoo,KRW,2026-06-05T09:03:38.313619+00:00
2020-09-15,KRW=X,1179.25,yahoo,KRW,2026-06-05T09:03:38.313619+00:00
2020-09-16,KRW=X,1172.069946,yahoo,KRW,2026-06-05T09:03:38.313619+00:00
2020-09-17,KRW=X,1168.650024,yahoo,KRW,2026-06-05T09:03:38.313619+00:00
2020-09-20,KRW=X,1163.98999,yahoo,KRW,2026-06-05T09:03:38.313619+00:00
2020-09-21,KRW=X,1163.849976,yahoo,KRW,2026-06-05T09:03:38.313619+00:00
2020-09-22,KRW=X,1162.5,yahoo,KRW,2026-06-05T09:03:38.313619+00:00
2020-09-23,KRW=X,1169.72998,yahoo,KRW,2026-06-05T09:03:38.313619+00:00
2020-09-24,KRW=X,1168.5,yahoo,KRW,2026-06-05T09:03:38.313619+00:00
2020-09-27,KRW=X,1173.439941,yahoo,KRW,2026-06-05T09:03:38.313619+00:00
2020-09-28,KRW=X,1166.410034,yahoo,KRW,2026-06-05T09:03:38.313619+00:00
2020-09-29,KRW=X,1167.859985,yahoo,KRW,2026-06-05T09:03:38.313619+00:00
2020-09-30,KRW=X,1163.780029,yahoo,KRW,2026-06-05T09:03:38.313619+00:00
2020-10-01,KRW=X,1161.97998,yahoo,KRW,2026-06-05T09:03:38.313619+00:00
2020-10-04,KRW=X,1165.359985,yahoo,KRW,2026-06-05T09:03:38.313619+00:00
2020-10-05,KRW=X,1156.089966,yahoo,KRW,2026-06-05T09:03:38.313619+00:00
2020-10-06,KRW=X,1163.890015,yahoo,KRW,2026-06-05T09:03:38.313619+00:00
2020-10-07,KRW=X,1156.5,yahoo,KRW,2026-06-05T09:03:38.313619+00:00
2020-10-08,KRW=X,1150.359985,yahoo,KRW,2026-06-05T09:03:38.313619+00:00
2020-10-11,KRW=X,1142.650024,yahoo,KRW,2026-06-05T09:03:38.313619+00:00
2020-10-12,KRW=X,1146.400024,yahoo,KRW,2026-06-05T09:03:38.313619+00:00
2020-10-13,KRW=X,1147.890015,yahoo,KRW,2026-06-05T09:03:38.313619+00:00
2020-10-14,KRW=X,1146.310059,yahoo,KRW,2026-06-05T09:03:38.313619+00:00
2020-10-15,KRW=X,1144.130005,yahoo,KRW,2026-06-05T09:03:38.313619+00:00
2020-10-18,KRW=X,1141.180054,yahoo,KRW,2026-06-05T09:03:38.313619+00:00
2020-10-19,KRW=X,1137.0,yahoo,KRW,2026-06-05T09:03:38.313619+00:00
2020-10-20,KRW=X,1136.0,yahoo,KRW,2026-06-05T09:03:38.313619+00:00
2020-10-21,KRW=X,1132.030029,yahoo,KRW,2026-06-05T09:03:38.313619+00:00
2020-10-22,KRW=X,1134.150024,yahoo,KRW,2026-06-05T09:03:38.313619+00:00
2020-10-26,KRW=X,1127.76001,yahoo,KRW,2026-06-05T09:03:38.313619+00:00
2020-10-27,KRW=X,1131.640015,yahoo,KRW,2026-06-05T09:03:38.313619+00:00
2020-10-28,KRW=X,1128.22998,yahoo,KRW,2026-06-05T09:03:38.313619+00:00
2020-10-29,KRW=X,1134.180054,yahoo,KRW,2026-06-05T09:03:38.313619+00:00
2020-10-30,KRW=X,1129.52002,yahoo,KRW,2026-06-05T09:03:38.313619+00:00
2020-11-02,KRW=X,1135.609985,yahoo,KRW,2026-06-05T09:03:38.313619+00:00
2020-11-03,KRW=X,1132.140015,yahoo,KRW,2026-06-05T09:03:38.313619+00:00
2020-11-04,KRW=X,1130.329956,yahoo,KRW,2026-06-05T09:03:38.313619+00:00
2020-11-05,KRW=X,1129.73999,yahoo,KRW,2026-06-05T09:03:38.313619+00:00
2020-11-06,KRW=X,1122.630005,yahoo,KRW,2026-06-05T09:03:38.313619+00:00
2020-11-09,KRW=X,1121.150024,yahoo,KRW,2026-06-05T09:03:38.313619+00:00
2020-11-10,KRW=X,1118.689941,yahoo,KRW,2026-06-05T09:03:38.313619+00:00
2020-11-11,KRW=X,1116.079956,yahoo,KRW,2026-06-05T09:03:38.313619+00:00
2020-11-12,KRW=X,1111.449951,yahoo,KRW,2026-06-05T09:03:38.313619+00:00
2020-11-13,KRW=X,1114.910034,yahoo,KRW,2026-06-05T09:03:38.313619+00:00
2020-11-16,KRW=X,1107.76001,yahoo,KRW,2026-06-05T09:03:38.313619+00:00
2020-11-17,KRW=X,1106.089966,yahoo,KRW,2026-06-05T09:03:38.313619+00:00
2020-11-18,KRW=X,1104.949951,yahoo,KRW,2026-06-05T09:03:38.313619+00:00
2020-11-19,KRW=X,1105.900024,yahoo,KRW,2026-06-05T09:03:38.313619+00:00
2020-11-20,KRW=X,1114.140015,yahoo,KRW,2026-06-05T09:03:38.313619+00:00
2020-11-23,KRW=X,1113.829956,yahoo,KRW,2026-06-05T09:03:38.313619+00:00
2020-11-24,KRW=X,1113.079956,yahoo,KRW,2026-06-05T09:03:38.313619+00:00
2020-11-25,KRW=X,1109.709961,yahoo,KRW,2026-06-05T09:03:38.313619+00:00
2020-11-26,KRW=X,1104.48999,yahoo,KRW,2026-06-05T09:03:38.313619+00:00
2020-11-27,KRW=X,1105.560059,yahoo,KRW,2026-06-05T09:03:38.313619+00:00
2020-11-30,KRW=X,1104.329956,yahoo,KRW,2026-06-05T09:03:38.313619+00:00
2020-12-01,KRW=X,1108.51001,yahoo,KRW,2026-06-05T09:03:38.313619+00:00
2020-12-02,KRW=X,1106.280029,yahoo,KRW,2026-06-05T09:03:38.313619+00:00
2020-12-03,KRW=X,1099.380005,yahoo,KRW,2026-06-05T09:03:38.313619+00:00
2020-12-04,KRW=X,1091.319946,yahoo,KRW,2026-06-05T09:03:38.313619+00:00
2020-12-07,KRW=X,1083.780029,yahoo,KRW,2026-06-05T09:03:38.313619+00:00
2020-12-08,KRW=X,1083.680054,yahoo,KRW,2026-06-05T09:03:38.313619+00:00
2020-12-09,KRW=X,1084.859985,yahoo,KRW,2026-06-05T09:03:38.313619+00:00
2020-12-10,KRW=X,1086.359985,yahoo,KRW,2026-06-05T09:03:38.313619+00:00
2020-12-11,KRW=X,1086.369995,yahoo,KRW,2026-06-05T09:03:38.313619+00:00
2020-12-14,KRW=X,1091.579956,yahoo,KRW,2026-06-05T09:03:38.313619+00:00
2020-12-15,KRW=X,1092.060059,yahoo,KRW,2026-06-05T09:03:38.313619+00:00
2020-12-16,KRW=X,1088.209961,yahoo,KRW,2026-06-05T09:03:38.313619+00:00
2020-12-17,KRW=X,1091.650024,yahoo,KRW,2026-06-05T09:03:38.313619+00:00
2020-12-18,KRW=X,1092.160034,yahoo,KRW,2026-06-05T09:03:38.313619+00:00
2020-12-21,KRW=X,1098.97998,yahoo,KRW,2026-06-05T09:03:38.313619+00:00
2020-12-22,KRW=X,1101.859985,yahoo,KRW,2026-06-05T09:03:38.313619+00:00
2020-12-23,KRW=X,1107.97998,yahoo,KRW,2026-06-05T09:03:38.313619+00:00
2020-12-24,KRW=X,1104.800049,yahoo,KRW,2026-06-05T09:03:38.313619+00:00
2020-12-25,KRW=X,1099.910034,yahoo,KRW,2026-06-05T09:03:38.313619+00:00
2020-12-28,KRW=X,1099.089966,yahoo,KRW,2026-06-05T09:03:38.313619+00:00
2020-12-29,KRW=X,1095.0,yahoo,KRW,2026-06-05T09:03:38.313619+00:00
2020-12-30,KRW=X,1092.619995,yahoo,KRW,2026-06-05T09:03:38.313619+00:00
2020-12-31,KRW=X,1086.420044,yahoo,KRW,2026-06-05T09:03:38.313619+00:00
2021-01-01,KRW=X,1084.650024,yahoo,KRW,2026-06-05T09:03:38.313619+00:00
2021-01-04,KRW=X,1084.72998,yahoo,KRW,2026-06-05T09:03:38.313619+00:00
2021-01-05,KRW=X,1086.619995,yahoo,KRW,2026-06-05T09:03:38.313619+00:00
2021-01-06,KRW=X,1086.449951,yahoo,KRW,2026-06-05T09:03:38.313619+00:00
2021-01-07,KRW=X,1086.949951,yahoo,KRW,2026-06-05T09:03:38.313619+00:00
2021-01-08,KRW=X,1093.069946,yahoo,KRW,2026-06-05T09:03:38.313619+00:00
2021-01-11,KRW=X,1092.819946,yahoo,KRW,2026-06-05T09:03:38.313619+00:00
2021-01-12,KRW=X,1096.449951,yahoo,KRW,2026-06-05T09:03:38.313619+00:00
2021-01-13,KRW=X,1093.540039,yahoo,KRW,2026-06-05T09:03:38.313619+00:00
2021-01-14,KRW=X,1097.109985,yahoo,KRW,2026-06-05T09:03:38.313619+00:00
2021-01-15,KRW=X,1094.900024,yahoo,KRW,2026-06-05T09:03:38.313619+00:00
2021-01-18,KRW=X,1102.959961,yahoo,KRW,2026-06-05T09:03:38.313619+00:00
2021-01-19,KRW=X,1103.099976,yahoo,KRW,2026-06-05T09:03:38.313619+00:00
2021-01-20,KRW=X,1100.98999,yahoo,KRW,2026-06-05T09:03:38.313619+00:00
2021-01-21,KRW=X,1096.25,yahoo,KRW,2026-06-05T09:03:38.313619+00:00
2021-01-22,KRW=X,1099.900024,yahoo,KRW,2026-06-05T09:03:38.313619+00:00
2021-01-25,KRW=X,1104.640015,yahoo,KRW,2026-06-05T09:03:38.313619+00:00
2021-01-26,KRW=X,1101.72998,yahoo,KRW,2026-06-05T09:03:38.313619+00:00
2021-01-27,KRW=X,1101.0,yahoo,KRW,2026-06-05T09:03:38.313619+00:00
2021-01-28,KRW=X,1107.5,yahoo,KRW,2026-06-05T09:03:38.313619+00:00
2021-01-29,KRW=X,1112.290039,yahoo,KRW,2026-06-05T09:03:38.313619+00:00
2021-02-01,KRW=X,1117.430054,yahoo,KRW,2026-06-05T09:03:38.313619+00:00
2021-02-02,KRW=X,1116.880005,yahoo,KRW,2026-06-05T09:03:38.313619+00:00
2021-02-03,KRW=X,1113.609985,yahoo,KRW,2026-06-05T09:03:38.313619+00:00
2021-02-04,KRW=X,1113.150024,yahoo,KRW,2026-06-05T09:03:38.313619+00:00
2021-02-05,KRW=X,1119.130005,yahoo,KRW,2026-06-05T09:03:38.313619+00:00
2021-02-08,KRW=X,1116.849976,yahoo,KRW,2026-06-05T09:03:38.313619+00:00
2021-02-09,KRW=X,1116.329956,yahoo,KRW,2026-06-05T09:03:38.313619+00:00
2021-02-10,KRW=X,1110.0,yahoo,KRW,2026-06-05T09:03:38.313619+00:00
2021-02-11,KRW=X,1103.97998,yahoo,KRW,2026-06-05T09:03:38.313619+00:00
2021-02-12,KRW=X,1102.219971,yahoo,KRW,2026-06-05T09:03:38.313619+00:00
2021-02-15,KRW=X,1103.369995,yahoo,KRW,2026-06-05T09:03:38.313619+00:00
2021-02-16,KRW=X,1102.23999,yahoo,KRW,2026-06-05T09:03:38.313619+00:00
2021-02-17,KRW=X,1106.459961,yahoo,KRW,2026-06-05T09:03:38.313619+00:00
2021-02-18,KRW=X,1104.550049,yahoo,KRW,2026-06-05T09:03:38.313619+00:00
2021-02-19,KRW=X,1106.219971,yahoo,KRW,2026-06-05T09:03:38.313619+00:00
2021-02-22,KRW=X,1103.939941,yahoo,KRW,2026-06-05T09:03:38.313619+00:00
2021-02-23,KRW=X,1110.670044,yahoo,KRW,2026-06-05T09:03:38.313619+00:00
2021-02-24,KRW=X,1109.310059,yahoo,KRW,2026-06-05T09:03:38.313619+00:00
2021-02-25,KRW=X,1107.209961,yahoo,KRW,2026-06-05T09:03:38.313619+00:00
2021-02-26,KRW=X,1119.130005,yahoo,KRW,2026-06-05T09:03:38.313619+00:00
2021-03-01,KRW=X,1123.369995,yahoo,KRW,2026-06-05T09:03:38.313619+00:00
2021-03-02,KRW=X,1101.829956,yahoo,KRW,2026-06-05T09:03:38.313619+00:00
2021-03-03,KRW=X,1124.329956,yahoo,KRW,2026-06-05T09:03:38.313619+00:00
2021-03-04,KRW=X,1129.5,yahoo,KRW,2026-06-05T09:03:38.313619+00:00
2021-03-05,KRW=X,1133.349976,yahoo,KRW,2026-06-05T09:03:38.313619+00:00
2021-03-08,KRW=X,1127.48999,yahoo,KRW,2026-06-05T09:03:38.313619+00:00
2021-03-09,KRW=X,1140.22998,yahoo,KRW,2026-06-05T09:03:38.313619+00:00
2021-03-10,KRW=X,1134.910034,yahoo,KRW,2026-06-05T09:03:38.313619+00:00
2021-03-11,KRW=X,1136.01001,yahoo,KRW,2026-06-05T09:03:38.313619+00:00
2021-03-12,KRW=X,1129.640015,yahoo,KRW,2026-06-05T09:03:38.313619+00:00
2021-03-15,KRW=X,1134.5,yahoo,KRW,2026-06-05T09:03:38.313619+00:00
2021-03-16,KRW=X,1131.390015,yahoo,KRW,2026-06-05T09:03:38.313619+00:00
2021-03-17,KRW=X,1129.839966,yahoo,KRW,2026-06-05T09:03:38.313619+00:00
2021-03-18,KRW=X,1121.130005,yahoo,KRW,2026-06-05T09:03:38.313619+00:00
2021-03-19,KRW=X,1126.109985,yahoo,KRW,2026-06-05T09:03:38.313619+00:00
2021-03-22,KRW=X,1127.47998,yahoo,KRW,2026-06-05T09:03:38.313619+00:00
2021-03-23,KRW=X,1125.119995,yahoo,KRW,2026-06-05T09:03:38.313619+00:00
2021-03-24,KRW=X,1133.199951,yahoo,KRW,2026-06-05T09:03:38.313619+00:00
2021-03-25,KRW=X,1134.47998,yahoo,KRW,2026-06-05T09:03:38.313619+00:00
2021-03-26,KRW=X,1134.209961,yahoo,KRW,2026-06-05T09:03:38.313619+00:00
2021-03-28,KRW=X,1127.959961,yahoo,KRW,2026-06-05T09:03:38.313619+00:00
2021-03-29,KRW=X,1131.650024,yahoo,KRW,2026-06-05T09:03:38.313619+00:00
2021-03-30,KRW=X,1132.319946,yahoo,KRW,2026-06-05T09:03:38.313619+00:00
2021-03-31,KRW=X,1127.199951,yahoo,KRW,2026-06-05T09:03:38.313619+00:00
2021-04-01,KRW=X,1128.060059,yahoo,KRW,2026-06-05T09:03:38.313619+00:00
2021-04-04,KRW=X,1128.790039,yahoo,KRW,2026-06-05T09:03:38.313619+00:00
2021-04-05,KRW=X,1124.109985,yahoo,KRW,2026-06-05T09:03:38.313619+00:00
2021-04-06,KRW=X,1117.5,yahoo,KRW,2026-06-05T09:03:38.313619+00:00
2021-04-07,KRW=X,1117.859985,yahoo,KRW,2026-06-05T09:03:38.313619+00:00
2021-04-08,KRW=X,1115.839966,yahoo,KRW,2026-06-05T09:03:38.313619+00:00
2021-04-11,KRW=X,1122.060059,yahoo,KRW,2026-06-05T09:03:38.313619+00:00
2021-04-12,KRW=X,1124.449951,yahoo,KRW,2026-06-05T09:03:38.313619+00:00
2021-04-13,KRW=X,1120.689941,yahoo,KRW,2026-06-05T09:03:38.313619+00:00
2021-04-14,KRW=X,1116.109985,yahoo,KRW,2026-06-05T09:03:38.313619+00:00
2021-04-15,KRW=X,1115.670044,yahoo,KRW,2026-06-05T09:03:38.313619+00:00
2021-04-18,KRW=X,1115.650024,yahoo,KRW,2026-06-05T09:03:38.313619+00:00
2021-04-19,KRW=X,1114.469971,yahoo,KRW,2026-06-05T09:03:38.313619+00:00
2021-04-20,KRW=X,1116.109985,yahoo,KRW,2026-06-05T09:03:38.313619+00:00
2021-04-21,KRW=X,1115.660034,yahoo,KRW,2026-06-05T09:03:38.313619+00:00
2021-04-22,KRW=X,1118.589966,yahoo,KRW,2026-06-05T09:03:38.313619+00:00
2021-04-25,KRW=X,1114.130005,yahoo,KRW,2026-06-05T09:03:38.313619+00:00
2021-04-26,KRW=X,1109.22998,yahoo,KRW,2026-06-05T09:03:38.313619+00:00
2021-04-27,KRW=X,1112.150024,yahoo,KRW,2026-06-05T09:03:38.313619+00:00
2021-04-28,KRW=X,1108.660034,yahoo,KRW,2026-06-05T09:03:38.313619+00:00
2021-04-29,KRW=X,1106.630005,yahoo,KRW,2026-06-05T09:03:38.313619+00:00
2021-05-02,KRW=X,1116.76001,yahoo,KRW,2026-06-05T09:03:38.313619+00:00
2021-05-03,KRW=X,1120.400024,yahoo,KRW,2026-06-05T09:03:38.313619+00:00
2021-05-04,KRW=X,1124.910034,yahoo,KRW,2026-06-05T09:03:38.313619+00:00
2021-05-05,KRW=X,1123.98999,yahoo,KRW,2026-06-05T09:03:38.313619+00:00
2021-05-06,KRW=X,1119.390015,yahoo,KRW,2026-06-05T09:03:38.313619+00:00
2021-05-09,KRW=X,1111.969971,yahoo,KRW,2026-06-05T09:03:38.313619+00:00
2021-05-10,KRW=X,1115.540039,yahoo,KRW,2026-06-05T09:03:38.313619+00:00
2021-05-11,KRW=X,1118.22998,yahoo,KRW,2026-06-05T09:03:38.313619+00:00
2021-05-12,KRW=X,1131.599976,yahoo,KRW,2026-06-05T09:03:38.313619+00:00
2021-05-13,KRW=X,1125.699951,yahoo,KRW,2026-06-05T09:03:38.313619+00:00
2021-05-16,KRW=X,1125.530029,yahoo,KRW,2026-06-05T09:03:38.313619+00:00
2021-05-17,KRW=X,1135.51001,yahoo,KRW,2026-06-05T09:03:38.313619+00:00
2021-05-18,KRW=X,1127.140015,yahoo,KRW,2026-06-05T09:03:38.313619+00:00
2021-05-19,KRW=X,1130.369995,yahoo,KRW,2026-06-05T09:03:38.313619+00:00
2021-05-20,KRW=X,1127.050049,yahoo,KRW,2026-06-05T09:03:38.313619+00:00
2021-05-23,KRW=X,1126.790039,yahoo,KRW,2026-06-05T09:03:38.313619+00:00
2021-05-24,KRW=X,1122.189941,yahoo,KRW,2026-06-05T09:03:38.313619+00:00
2021-05-25,KRW=X,1121.380005,yahoo,KRW,2026-06-05T09:03:38.313619+00:00
2021-05-26,KRW=X,1115.52002,yahoo,KRW,2026-06-05T09:03:38.313619+00:00
2021-05-27,KRW=X,1117.300049,yahoo,KRW,2026-06-05T09:03:38.313619+00:00
2021-05-30,KRW=X,1112.849976,yahoo,KRW,2026-06-05T09:03:38.313619+00:00
2021-05-31,KRW=X,1106.97998,yahoo,KRW,2026-06-05T09:03:38.313619+00:00
2021-06-01,KRW=X,1107.209961,yahoo,KRW,2026-06-05T09:03:38.313619+00:00
2021-06-02,KRW=X,1109.880005,yahoo,KRW,2026-06-05T09:03:38.313619+00:00
2021-06-03,KRW=X,1115.439941,yahoo,KRW,2026-06-05T09:03:38.313619+00:00
2021-06-06,KRW=X,1109.680054,yahoo,KRW,2026-06-05T09:03:38.313619+00:00
2021-06-07,KRW=X,1109.319946,yahoo,KRW,2026-06-05T09:03:38.313619+00:00
2021-06-08,KRW=X,1116.890015,yahoo,KRW,2026-06-05T09:03:38.313619+00:00
2021-06-09,KRW=X,1116.410034,yahoo,KRW,2026-06-05T09:03:38.313619+00:00
2021-06-10,KRW=X,1111.26001,yahoo,KRW,2026-06-05T09:03:38.313619+00:00
2021-06-13,KRW=X,1115.550049,yahoo,KRW,2026-06-05T09:03:38.313619+00:00
2021-06-14,KRW=X,1116.319946,yahoo,KRW,2026-06-05T09:03:38.313619+00:00
2021-06-15,KRW=X,1116.030029,yahoo,KRW,2026-06-05T09:03:38.313619+00:00
2021-06-16,KRW=X,1131.949951,yahoo,KRW,2026-06-05T09:03:38.313619+00:00
2021-06-17,KRW=X,1133.540039,yahoo,KRW,2026-06-05T09:03:38.313619+00:00
2021-06-20,KRW=X,1134.25,yahoo,KRW,2026-06-05T09:03:38.313619+00:00
2021-06-21,KRW=X,1130.339966,yahoo,KRW,2026-06-05T09:03:38.313619+00:00
2021-06-22,KRW=X,1132.51001,yahoo,KRW,2026-06-05T09:03:38.313619+00:00
2021-06-23,KRW=X,1132.609985,yahoo,KRW,2026-06-05T09:03:38.313619+00:00
2021-06-24,KRW=X,1130.800049,yahoo,KRW,2026-06-05T09:03:38.313619+00:00
2021-06-27,KRW=X,1125.339966,yahoo,KRW,2026-06-05T09:03:38.313619+00:00
2021-06-28,KRW=X,1129.040039,yahoo,KRW,2026-06-05T09:03:38.313619+00:00
2021-06-29,KRW=X,1130.51001,yahoo,KRW,2026-06-05T09:03:38.313619+00:00
2021-06-30,KRW=X,1129.599976,yahoo,KRW,2026-06-05T09:03:38.313619+00:00
2021-07-01,KRW=X,1132.410034,yahoo,KRW,2026-06-05T09:03:38.313619+00:00
2021-07-04,KRW=X,1129.77002,yahoo,KRW,2026-06-05T09:03:38.313619+00:00
2021-07-05,KRW=X,1129.439941,yahoo,KRW,2026-06-05T09:03:38.313619+00:00
2021-07-06,KRW=X,1135.47998,yahoo,KRW,2026-06-05T09:03:38.313619+00:00
2021-07-07,KRW=X,1140.52002,yahoo,KRW,2026-06-05T09:03:38.313619+00:00
2021-07-08,KRW=X,1146.280029,yahoo,KRW,2026-06-05T09:03:38.313619+00:00
2021-07-11,KRW=X,1144.310059,yahoo,KRW,2026-06-05T09:03:38.313619+00:00
2021-07-12,KRW=X,1141.099976,yahoo,KRW,2026-06-05T09:03:38.313619+00:00
2021-07-13,KRW=X,1148.699951,yahoo,KRW,2026-06-05T09:03:38.313619+00:00
2021-07-14,KRW=X,1143.410034,yahoo,KRW,2026-06-05T09:03:38.313619+00:00
2021-07-15,KRW=X,1140.119995,yahoo,KRW,2026-06-05T09:03:38.313619+00:00
2021-07-18,KRW=X,1141.5,yahoo,KRW,2026-06-05T09:03:38.313619+00:00
2021-07-19,KRW=X,1150.069946,yahoo,KRW,2026-06-05T09:03:38.313619+00:00
2021-07-20,KRW=X,1147.47998,yahoo,KRW,2026-06-05T09:03:38.313619+00:00
2021-07-21,KRW=X,1148.689941,yahoo,KRW,2026-06-05T09:03:38.313619+00:00
2021-07-22,KRW=X,1149.910034,yahoo,KRW,2026-06-05T09:03:38.313619+00:00
2021-07-25,KRW=X,1151.119995,yahoo,KRW,2026-06-05T09:03:38.313619+00:00
2021-07-26,KRW=X,1151.76001,yahoo,KRW,2026-06-05T09:03:38.313619+00:00
2021-07-27,KRW=X,1153.560059,yahoo,KRW,2026-06-05T09:03:38.313619+00:00
2021-07-28,KRW=X,1149.410034,yahoo,KRW,2026-06-05T09:03:38.313619+00:00
2021-07-29,KRW=X,1142.119995,yahoo,KRW,2026-06-05T09:03:38.313619+00:00
2021-08-01,KRW=X,1150.930054,yahoo,KRW,2026-06-05T09:03:38.313619+00:00
2021-08-02,KRW=X,1149.560059,yahoo,KRW,2026-06-05T09:03:38.313619+00:00
2021-08-03,KRW=X,1148.579956,yahoo,KRW,2026-06-05T09:03:38.313619+00:00
2021-08-04,KRW=X,1144.060059,yahoo,KRW,2026-06-05T09:03:38.313619+00:00
2021-08-05,KRW=X,1143.119995,yahoo,KRW,2026-06-05T09:03:38.313619+00:00
2021-08-08,KRW=X,1144.920044,yahoo,KRW,2026-06-05T09:03:38.313619+00:00
2021-08-09,KRW=X,1145.890015,yahoo,KRW,2026-06-05T09:03:38.313619+00:00
2021-08-10,KRW=X,1152.47998,yahoo,KRW,2026-06-05T09:03:38.313619+00:00
2021-08-11,KRW=X,1152.849976,yahoo,KRW,2026-06-05T09:03:38.313619+00:00
2021-08-12,KRW=X,1162.060059,yahoo,KRW,2026-06-05T09:03:38.313619+00:00
2021-08-15,KRW=X,1161.380005,yahoo,KRW,2026-06-05T09:03:38.313619+00:00
2021-08-16,KRW=X,1164.5,yahoo,KRW,2026-06-05T09:03:38.313619+00:00
2021-08-17,KRW=X,1176.449951,yahoo,KRW,2026-06-05T09:03:38.313619+00:00
2021-08-18,KRW=X,1169.680054,yahoo,KRW,2026-06-05T09:03:38.313619+00:00
2021-08-19,KRW=X,1175.390015,yahoo,KRW,2026-06-05T09:03:38.313619+00:00
2021-08-22,KRW=X,1174.23999,yahoo,KRW,2026-06-05T09:03:38.313619+00:00
2021-08-23,KRW=X,1167.609985,yahoo,KRW,2026-06-05T09:03:38.313619+00:00
2021-08-24,KRW=X,1163.469971,yahoo,KRW,2026-06-05T09:03:38.313619+00:00
2021-08-25,KRW=X,1163.329956,yahoo,KRW,2026-06-05T09:03:38.313619+00:00
2021-08-26,KRW=X,1170.0,yahoo,KRW,2026-06-05T09:03:38.313619+00:00
2021-08-29,KRW=X,1161.329956,yahoo,KRW,2026-06-05T09:03:38.313619+00:00
2021-08-30,KRW=X,1165.51001,yahoo,KRW,2026-06-05T09:03:38.313619+00:00
2021-08-31,KRW=X,1158.410034,yahoo,KRW,2026-06-05T09:03:38.313619+00:00
2021-09-01,KRW=X,1155.280029,yahoo,KRW,2026-06-05T09:03:38.313619+00:00
2021-09-02,KRW=X,1157.130005,yahoo,KRW,2026-06-05T09:03:38.313619+00:00
2021-09-05,KRW=X,1154.75,yahoo,KRW,2026-06-05T09:03:38.313619+00:00
2021-09-06,KRW=X,1155.540039,yahoo,KRW,2026-06-05T09:03:38.313619+00:00
2021-09-07,KRW=X,1161.0,yahoo,KRW,2026-06-05T09:03:38.313619+00:00
2021-09-08,KRW=X,1166.48999,yahoo,KRW,2026-06-05T09:03:38.313619+00:00
2021-09-09,KRW=X,1169.130005,yahoo,KRW,2026-06-05T09:03:38.313619+00:00
2021-09-12,KRW=X,1169.380005,yahoo,KRW,2026-06-05T09:03:38.313619+00:00
2021-09-13,KRW=X,1171.109985,yahoo,KRW,2026-06-05T09:03:38.313619+00:00
2021-09-14,KRW=X,1170.800049,yahoo,KRW,2026-06-05T09:03:38.313619+00:00
2021-09-15,KRW=X,1165.219971,yahoo,KRW,2026-06-05T09:03:38.313619+00:00
2021-09-16,KRW=X,1174.420044,yahoo,KRW,2026-06-05T09:03:38.313619+00:00
2021-09-19,KRW=X,1181.109985,yahoo,KRW,2026-06-05T09:03:38.313619+00:00
2021-09-20,KRW=X,1186.319946,yahoo,KRW,2026-06-05T09:03:38.313619+00:00
2021-09-21,KRW=X,1182.920044,yahoo,KRW,2026-06-05T09:03:38.313619+00:00
2021-09-22,KRW=X,1181.030029,yahoo,KRW,2026-06-05T09:03:38.313619+00:00
2021-09-23,KRW=X,1174.699951,yahoo,KRW,2026-06-05T09:03:38.313619+00:00
2021-09-26,KRW=X,1179.199951,yahoo,KRW,2026-06-05T09:03:38.313619+00:00
2021-09-27,KRW=X,1176.959961,yahoo,KRW,2026-06-05T09:03:38.313619+00:00
2021-09-28,KRW=X,1186.890015,yahoo,KRW,2026-06-05T09:03:38.313619+00:00
2021-09-29,KRW=X,1187.430054,yahoo,KRW,2026-06-05T09:03:38.313619+00:00
2021-09-30,KRW=X,1183.719971,yahoo,KRW,2026-06-05T09:03:38.313619+00:00
2021-10-03,KRW=X,1180.0,yahoo,KRW,2026-06-05T09:03:38.313619+00:00
2021-10-04,KRW=X,1183.780029,yahoo,KRW,2026-06-05T09:03:38.313619+00:00
2021-10-05,KRW=X,1187.170044,yahoo,KRW,2026-06-05T09:03:38.313619+00:00
2021-10-06,KRW=X,1191.380005,yahoo,KRW,2026-06-05T09:03:38.313619+00:00
2021-10-07,KRW=X,1191.150024,yahoo,KRW,2026-06-05T09:03:38.313619+00:00
2021-10-10,KRW=X,1195.579956,yahoo,KRW,2026-06-05T09:03:38.313619+00:00
2021-10-11,KRW=X,1195.800049,yahoo,KRW,2026-06-05T09:03:38.313619+00:00
2021-10-12,KRW=X,1196.890015,yahoo,KRW,2026-06-05T09:03:38.313619+00:00
2021-10-13,KRW=X,1186.709961,yahoo,KRW,2026-06-05T09:03:38.313619+00:00
2021-10-14,KRW=X,1182.130005,yahoo,KRW,2026-06-05T09:03:38.313619+00:00
2021-10-17,KRW=X,1181.790039,yahoo,KRW,2026-06-05T09:03:38.313619+00:00
2021-10-18,KRW=X,1185.680054,yahoo,KRW,2026-06-05T09:03:38.313619+00:00
2021-10-19,KRW=X,1175.650024,yahoo,KRW,2026-06-05T09:03:38.313619+00:00
2021-10-20,KRW=X,1174.589966,yahoo,KRW,2026-06-05T09:03:38.313619+00:00
2021-10-21,KRW=X,1176.550049,yahoo,KRW,2026-06-05T09:03:38.313619+00:00
2021-10-24,KRW=X,1176.540039,yahoo,KRW,2026-06-05T09:03:38.313619+00:00
2021-10-25,KRW=X,1167.060059,yahoo,KRW,2026-06-05T09:03:38.313619+00:00
2021-10-26,KRW=X,1167.329956,yahoo,KRW,2026-06-05T09:03:38.313619+00:00
2021-10-27,KRW=X,1172.170044,yahoo,KRW,2026-06-05T09:03:38.313619+00:00
2021-10-28,KRW=X,1167.369995,yahoo,KRW,2026-06-05T09:03:38.313619+00:00
2021-11-01,KRW=X,1174.380005,yahoo,KRW,2026-06-05T09:03:38.313619+00:00
2021-11-02,KRW=X,1176.569946,yahoo,KRW,2026-06-05T09:03:38.313619+00:00
2021-11-03,KRW=X,1178.040039,yahoo,KRW,2026-06-05T09:03:38.313619+00:00
2021-11-04,KRW=X,1179.339966,yahoo,KRW,2026-06-05T09:03:38.313619+00:00
2021-11-05,KRW=X,1185.829956,yahoo,KRW,2026-06-05T09:03:38.313619+00:00
2021-11-08,KRW=X,1180.5,yahoo,KRW,2026-06-05T09:03:38.313619+00:00
2021-11-09,KRW=X,1199.859985,yahoo,KRW,2026-06-05T09:03:38.313619+00:00
2021-11-10,KRW=X,1177.5,yahoo,KRW,2026-06-05T09:03:38.313619+00:00
2021-11-11,KRW=X,1184.140015,yahoo,KRW,2026-06-05T09:03:38.313619+00:00
2021-11-12,KRW=X,1183.109985,yahoo,KRW,2026-06-05T09:03:38.313619+00:00
2021-11-15,KRW=X,1179.109985,yahoo,KRW,2026-06-05T09:03:38.313619+00:00
2021-11-16,KRW=X,1183.51001,yahoo,KRW,2026-06-05T09:03:38.313619+00:00
2021-11-17,KRW=X,1184.050049,yahoo,KRW,2026-06-05T09:03:38.313619+00:00
2021-11-18,KRW=X,1181.22998,yahoo,KRW,2026-06-05T09:03:38.313619+00:00
2021-11-19,KRW=X,1182.900024,yahoo,KRW,2026-06-05T09:03:38.313619+00:00
2021-11-22,KRW=X,1191.630005,yahoo,KRW,2026-06-05T09:03:38.313619+00:00
2021-11-23,KRW=X,1189.5,yahoo,KRW,2026-06-05T09:03:38.313619+00:00
2021-11-24,KRW=X,1189.949951,yahoo,KRW,2026-06-05T09:03:38.313619+00:00
2021-11-25,KRW=X,1187.880005,yahoo,KRW,2026-06-05T09:03:38.313619+00:00
2021-11-26,KRW=X,1190.219971,yahoo,KRW,2026-06-05T09:03:38.313619+00:00
2021-11-29,KRW=X,1194.609985,yahoo,KRW,2026-06-05T09:03:38.313619+00:00
2021-11-30,KRW=X,1190.73999,yahoo,KRW,2026-06-05T09:03:38.313619+00:00
2021-12-01,KRW=X,1182.859985,yahoo,KRW,2026-06-05T09:03:38.313619+00:00
2021-12-02,KRW=X,1177.109985,yahoo,KRW,2026-06-05T09:03:38.313619+00:00
2021-12-03,KRW=X,1176.77002,yahoo,KRW,2026-06-05T09:03:38.313619+00:00
2021-12-06,KRW=X,1183.140015,yahoo,KRW,2026-06-05T09:03:38.313619+00:00
2021-12-07,KRW=X,1180.560059,yahoo,KRW,2026-06-05T09:03:38.313619+00:00
2021-12-08,KRW=X,1176.839966,yahoo,KRW,2026-06-05T09:03:38.313619+00:00
2021-12-09,KRW=X,1172.560059,yahoo,KRW,2026-06-05T09:03:38.313619+00:00
2021-12-10,KRW=X,1177.329956,yahoo,KRW,2026-06-05T09:03:38.313619+00:00
2021-12-13,KRW=X,1178.969971,yahoo,KRW,2026-06-05T09:03:38.313619+00:00
2021-12-14,KRW=X,1185.099976,yahoo,KRW,2026-06-05T09:03:38.313619+00:00
2021-12-15,KRW=X,1184.22998,yahoo,KRW,2026-06-05T09:03:38.313619+00:00
2021-12-16,KRW=X,1184.400024,yahoo,KRW,2026-06-05T09:03:38.313619+00:00
2021-12-17,KRW=X,1186.150024,yahoo,KRW,2026-06-05T09:03:38.313619+00:00
2021-12-20,KRW=X,1186.390015,yahoo,KRW,2026-06-05T09:03:38.313619+00:00
2021-12-21,KRW=X,1190.119995,yahoo,KRW,2026-06-05T09:03:38.313619+00:00
2021-12-22,KRW=X,1191.27002,yahoo,KRW,2026-06-05T09:03:38.313619+00:00
2021-12-23,KRW=X,1187.77002,yahoo,KRW,2026-06-05T09:03:38.313619+00:00
2021-12-24,KRW=X,1185.5,yahoo,KRW,2026-06-05T09:03:38.313619+00:00
2021-12-27,KRW=X,1185.920044,yahoo,KRW,2026-06-05T09:03:38.313619+00:00
2021-12-28,KRW=X,1185.650024,yahoo,KRW,2026-06-05T09:03:38.313619+00:00
2021-12-29,KRW=X,1187.849976,yahoo,KRW,2026-06-05T09:03:38.313619+00:00
2021-12-30,KRW=X,1183.670044,yahoo,KRW,2026-06-05T09:03:38.313619+00:00
2021-12-31,KRW=X,1189.890015,yahoo,KRW,2026-06-05T09:03:38.313619+00:00
2022-01-03,KRW=X,1187.780029,yahoo,KRW,2026-06-05T09:03:38.313619+00:00
2022-01-04,KRW=X,1194.680054,yahoo,KRW,2026-06-05T09:03:38.313619+00:00
2022-01-05,KRW=X,1196.5,yahoo,KRW,2026-06-05T09:03:38.313619+00:00
2022-01-06,KRW=X,1199.25,yahoo,KRW,2026-06-05T09:03:38.313619+00:00
2022-01-07,KRW=X,1205.780029,yahoo,KRW,2026-06-05T09:03:38.313619+00:00
2022-01-10,KRW=X,1196.880005,yahoo,KRW,2026-06-05T09:03:38.313619+00:00
2022-01-11,KRW=X,1198.089966,yahoo,KRW,2026-06-05T09:03:38.313619+00:00
2022-01-12,KRW=X,1189.430054,yahoo,KRW,2026-06-05T09:03:38.313619+00:00
2022-01-13,KRW=X,1185.880005,yahoo,KRW,2026-06-05T09:03:38.313619+00:00
2022-01-14,KRW=X,1186.609985,yahoo,KRW,2026-06-05T09:03:38.313619+00:00
2022-01-17,KRW=X,1188.959961,yahoo,KRW,2026-06-05T09:03:38.313619+00:00
2022-01-18,KRW=X,1190.060059,yahoo,KRW,2026-06-05T09:03:38.313619+00:00
2022-01-19,KRW=X,1192.97998,yahoo,KRW,2026-06-05T09:03:38.313619+00:00
2022-01-20,KRW=X,1188.160034,yahoo,KRW,2026-06-05T09:03:38.313619+00:00
2022-01-21,KRW=X,1192.430054,yahoo,KRW,2026-06-05T09:03:38.313619+00:00
2022-01-24,KRW=X,1191.5,yahoo,KRW,2026-06-05T09:03:38.313619+00:00
2022-01-25,KRW=X,1195.660034,yahoo,KRW,2026-06-05T09:03:38.313619+00:00
2022-01-26,KRW=X,1196.099976,yahoo,KRW,2026-06-05T09:03:38.313619+00:00
2022-01-27,KRW=X,1200.630005,yahoo,KRW,2026-06-05T09:03:38.313619+00:00
2022-01-28,KRW=X,1203.459961,yahoo,KRW,2026-06-05T09:03:38.313619+00:00
2022-01-31,KRW=X,1207.709961,yahoo,KRW,2026-06-05T09:03:38.313619+00:00
2022-02-01,KRW=X,1205.119995,yahoo,KRW,2026-06-05T09:03:38.313619+00:00
2022-02-02,KRW=X,1202.5,yahoo,KRW,2026-06-05T09:03:38.313619+00:00
2022-02-03,KRW=X,1199.959961,yahoo,KRW,2026-06-05T09:03:38.313619+00:00
2022-02-04,KRW=X,1200.329956,yahoo,KRW,2026-06-05T09:03:38.313619+00:00
2022-02-07,KRW=X,1197.089966,yahoo,KRW,2026-06-05T09:03:38.313619+00:00
2022-02-08,KRW=X,1196.849976,yahoo,KRW,2026-06-05T09:03:38.313619+00:00
2022-02-09,KRW=X,1196.359985,yahoo,KRW,2026-06-05T09:03:38.313619+00:00
2022-02-10,KRW=X,1194.030029,yahoo,KRW,2026-06-05T09:03:38.313619+00:00
2022-02-11,KRW=X,1199.349976,yahoo,KRW,2026-06-05T09:03:38.313619+00:00
2022-02-14,KRW=X,1199.23999,yahoo,KRW,2026-06-05T09:03:38.313619+00:00
2022-02-15,KRW=X,1197.359985,yahoo,KRW,2026-06-05T09:03:38.313619+00:00
2022-02-16,KRW=X,1196.829956,yahoo,KRW,2026-06-05T09:03:38.313619+00:00
2022-02-17,KRW=X,1196.75,yahoo,KRW,2026-06-05T09:03:38.313619+00:00
2022-02-18,KRW=X,1198.660034,yahoo,KRW,2026-06-05T09:03:38.313619+00:00
2022-02-21,KRW=X,1195.069946,yahoo,KRW,2026-06-05T09:03:38.313619+00:00
2022-02-22,KRW=X,1194.680054,yahoo,KRW,2026-06-05T09:03:38.313619+00:00
2022-02-23,KRW=X,1192.680054,yahoo,KRW,2026-06-05T09:03:38.313619+00:00
2022-02-24,KRW=X,1192.400024,yahoo,KRW,2026-06-05T09:03:38.313619+00:00
2022-02-25,KRW=X,1206.0,yahoo,KRW,2026-06-05T09:03:38.313619+00:00
2022-02-28,KRW=X,1197.589966,yahoo,KRW,2026-06-05T09:03:38.313619+00:00
2022-03-01,KRW=X,1200.930054,yahoo,KRW,2026-06-05T09:03:38.313619+00:00
2022-03-02,KRW=X,1205.369995,yahoo,KRW,2026-06-05T09:03:38.313619+00:00
2022-03-03,KRW=X,1203.150024,yahoo,KRW,2026-06-05T09:03:38.313619+00:00
2022-03-04,KRW=X,1205.98999,yahoo,KRW,2026-06-05T09:03:38.313619+00:00
2022-03-07,KRW=X,1216.709961,yahoo,KRW,2026-06-05T09:03:38.313619+00:00
2022-03-08,KRW=X,1232.300049,yahoo,KRW,2026-06-05T09:03:38.313619+00:00
2022-03-09,KRW=X,1233.109985,yahoo,KRW,2026-06-05T09:03:38.313619+00:00
2022-03-10,KRW=X,1223.22998,yahoo,KRW,2026-06-05T09:03:38.313619+00:00
2022-03-11,KRW=X,1228.599976,yahoo,KRW,2026-06-05T09:03:38.313619+00:00
2022-03-14,KRW=X,1236.890015,yahoo,KRW,2026-06-05T09:03:38.313619+00:00
2022-03-15,KRW=X,1242.050049,yahoo,KRW,2026-06-05T09:03:38.313619+00:00
2022-03-16,KRW=X,1241.680054,yahoo,KRW,2026-06-05T09:03:38.313619+00:00
2022-03-17,KRW=X,1223.0,yahoo,KRW,2026-06-05T09:03:38.313619+00:00
2022-03-18,KRW=X,1210.329956,yahoo,KRW,2026-06-05T09:03:38.313619+00:00
2022-03-21,KRW=X,1210.369995,yahoo,KRW,2026-06-05T09:03:38.313619+00:00
2022-03-22,KRW=X,1219.780029,yahoo,KRW,2026-06-05T09:03:38.313619+00:00
2022-03-23,KRW=X,1214.949951,yahoo,KRW,2026-06-05T09:03:38.313619+00:00
2022-03-24,KRW=X,1218.01001,yahoo,KRW,2026-06-05T09:03:38.313619+00:00
2022-03-25,KRW=X,1217.550049,yahoo,KRW,2026-06-05T09:03:38.313619+00:00
2022-03-27,KRW=X,1224.380005,yahoo,KRW,2026-06-05T09:03:38.313619+00:00
2022-03-28,KRW=X,1223.660034,yahoo,KRW,2026-06-05T09:03:38.313619+00:00
2022-03-29,KRW=X,1209.130005,yahoo,KRW,2026-06-05T09:03:38.313619+00:00
2022-03-30,KRW=X,1210.439941,yahoo,KRW,2026-06-05T09:03:38.313619+00:00
2022-03-31,KRW=X,1214.5,yahoo,KRW,2026-06-05T09:03:38.313619+00:00
2022-04-03,KRW=X,1218.780029,yahoo,KRW,2026-06-05T09:03:38.313619+00:00
2022-04-04,KRW=X,1213.900024,yahoo,KRW,2026-06-05T09:03:38.313619+00:00
2022-04-05,KRW=X,1218.75,yahoo,KRW,2026-06-05T09:03:38.313619+00:00
2022-04-06,KRW=X,1217.599976,yahoo,KRW,2026-06-05T09:03:38.313619+00:00
2022-04-07,KRW=X,1222.660034,yahoo,KRW,2026-06-05T09:03:38.313619+00:00
2022-04-10,KRW=X,1228.23999,yahoo,KRW,2026-06-05T09:03:38.313619+00:00
2022-04-11,KRW=X,1235.050049,yahoo,KRW,2026-06-05T09:03:38.313619+00:00
2022-04-12,KRW=X,1228.599976,yahoo,KRW,2026-06-05T09:03:38.313619+00:00
2022-04-13,KRW=X,1223.119995,yahoo,KRW,2026-06-05T09:03:38.313619+00:00
2022-04-14,KRW=X,1230.099976,yahoo,KRW,2026-06-05T09:03:38.313619+00:00
2022-04-17,KRW=X,1228.089966,yahoo,KRW,2026-06-05T09:03:38.313619+00:00
2022-04-18,KRW=X,1235.349976,yahoo,KRW,2026-06-05T09:03:38.313619+00:00
2022-04-19,KRW=X,1239.599976,yahoo,KRW,2026-06-05T09:03:38.313619+00:00
2022-04-20,KRW=X,1234.089966,yahoo,KRW,2026-06-05T09:03:38.313619+00:00
2022-04-21,KRW=X,1242.48999,yahoo,KRW,2026-06-05T09:03:38.313619+00:00
2022-04-24,KRW=X,1243.160034,yahoo,KRW,2026-06-05T09:03:38.313619+00:00
2022-04-25,KRW=X,1249.209961,yahoo,KRW,2026-06-05T09:03:38.313619+00:00
2022-04-26,KRW=X,1260.709961,yahoo,KRW,2026-06-05T09:03:38.313619+00:00
2022-04-27,KRW=X,1266.280029,yahoo,KRW,2026-06-05T09:03:38.313619+00:00
2022-04-28,KRW=X,1272.290039,yahoo,KRW,2026-06-05T09:03:38.313619+00:00
2022-05-01,KRW=X,1262.530029,yahoo,KRW,2026-06-05T09:03:38.313619+00:00
2022-05-02,KRW=X,1266.75,yahoo,KRW,2026-06-05T09:03:38.313619+00:00
2022-05-03,KRW=X,1261.060059,yahoo,KRW,2026-06-05T09:03:38.313619+00:00
2022-05-04,KRW=X,1251.5,yahoo,KRW,2026-06-05T09:03:38.313619+00:00
2022-05-05,KRW=X,1268.699951,yahoo,KRW,2026-06-05T09:03:38.313619+00:00
2022-05-08,KRW=X,1270.130005,yahoo,KRW,2026-06-05T09:03:38.313619+00:00
2022-05-09,KRW=X,1274.859985,yahoo,KRW,2026-06-05T09:03:38.313619+00:00
2022-05-10,KRW=X,1276.550049,yahoo,KRW,2026-06-05T09:03:38.313619+00:00
2022-05-11,KRW=X,1278.150024,yahoo,KRW,2026-06-05T09:03:38.313619+00:00
2022-05-12,KRW=X,1290.75,yahoo,KRW,2026-06-05T09:03:38.313619+00:00
2022-05-15,KRW=X,1277.569946,yahoo,KRW,2026-06-05T09:03:38.313619+00:00
2022-05-16,KRW=X,1279.849976,yahoo,KRW,2026-06-05T09:03:38.313619+00:00
2022-05-17,KRW=X,1266.660034,yahoo,KRW,2026-06-05T09:03:38.313619+00:00
2022-05-18,KRW=X,1275.579956,yahoo,KRW,2026-06-05T09:03:38.313619+00:00
2022-05-19,KRW=X,1263.550049,yahoo,KRW,2026-06-05T09:03:38.313619+00:00
2022-05-22,KRW=X,1273.209961,yahoo,KRW,2026-06-05T09:03:38.313619+00:00
2022-05-23,KRW=X,1258.819946,yahoo,KRW,2026-06-05T09:03:38.313619+00:00
2022-05-24,KRW=X,1260.98999,yahoo,KRW,2026-06-05T09:03:38.313619+00:00
2022-05-25,KRW=X,1266.599976,yahoo,KRW,2026-06-05T09:03:38.313619+00:00
2022-05-26,KRW=X,1258.890015,yahoo,KRW,2026-06-05T09:03:38.313619+00:00
2022-05-29,KRW=X,1251.589966,yahoo,KRW,2026-06-05T09:03:38.313619+00:00
2022-05-30,KRW=X,1236.170044,yahoo,KRW,2026-06-05T09:03:38.313619+00:00
2022-05-31,KRW=X,1241.73999,yahoo,KRW,2026-06-05T09:03:38.313619+00:00
2022-06-01,KRW=X,1246.949951,yahoo,KRW,2026-06-05T09:03:38.313619+00:00
2022-06-02,KRW=X,1240.839966,yahoo,KRW,2026-06-05T09:03:38.313619+00:00
2022-06-05,KRW=X,1250.530029,yahoo,KRW,2026-06-05T09:03:38.313619+00:00
2022-06-06,KRW=X,1254.47998,yahoo,KRW,2026-06-05T09:03:38.313619+00:00
2022-06-07,KRW=X,1254.579956,yahoo,KRW,2026-06-05T09:03:38.313619+00:00
2022-06-08,KRW=X,1256.73999,yahoo,KRW,2026-06-05T09:03:38.313619+00:00
2022-06-09,KRW=X,1264.02002,yahoo,KRW,2026-06-05T09:03:38.313619+00:00
2022-06-12,KRW=X,1278.280029,yahoo,KRW,2026-06-05T09:03:38.313619+00:00
2022-06-13,KRW=X,1291.800049,yahoo,KRW,2026-06-05T09:03:38.313619+00:00
2022-06-14,KRW=X,1289.47998,yahoo,KRW,2026-06-05T09:03:38.313619+00:00
2022-06-15,KRW=X,1278.160034,yahoo,KRW,2026-06-05T09:03:38.313619+00:00
2022-06-16,KRW=X,1288.180054,yahoo,KRW,2026-06-05T09:03:38.313619+00:00
2022-06-19,KRW=X,1290.5,yahoo,KRW,2026-06-05T09:03:38.313619+00:00
2022-06-20,KRW=X,1292.380005,yahoo,KRW,2026-06-05T09:03:38.313619+00:00
2022-06-21,KRW=X,1291.599976,yahoo,KRW,2026-06-05T09:03:38.313619+00:00
2022-06-22,KRW=X,1297.680054,yahoo,KRW,2026-06-05T09:03:38.313619+00:00
2022-06-23,KRW=X,1299.810059,yahoo,KRW,2026-06-05T09:03:38.313619+00:00
2022-06-26,KRW=X,1288.290039,yahoo,KRW,2026-06-05T09:03:38.313619+00:00
2022-06-27,KRW=X,1286.199951,yahoo,KRW,2026-06-05T09:03:38.313619+00:00
2022-06-28,KRW=X,1292.030029,yahoo,KRW,2026-06-05T09:03:38.313619+00:00
2022-06-29,KRW=X,1301.72998,yahoo,KRW,2026-06-05T09:03:38.313619+00:00
2022-06-30,KRW=X,1287.709961,yahoo,KRW,2026-06-05T09:03:38.313619+00:00
2022-07-03,KRW=X,1297.890015,yahoo,KRW,2026-06-05T09:03:38.313619+00:00
2022-07-04,KRW=X,1295.680054,yahoo,KRW,2026-06-05T09:03:38.313619+00:00
2022-07-05,KRW=X,1308.660034,yahoo,KRW,2026-06-05T09:03:38.313619+00:00
2022-07-06,KRW=X,1304.849976,yahoo,KRW,2026-06-05T09:03:38.313619+00:00
2022-07-07,KRW=X,1297.650024,yahoo,KRW,2026-06-05T09:03:38.313619+00:00
2022-07-10,KRW=X,1293.790039,yahoo,KRW,2026-06-05T09:03:38.313619+00:00
2022-07-11,KRW=X,1310.859985,yahoo,KRW,2026-06-05T09:03:38.313619+00:00
2022-07-12,KRW=X,1305.829956,yahoo,KRW,2026-06-05T09:03:38.313619+00:00
2022-07-13,KRW=X,1304.849976,yahoo,KRW,2026-06-05T09:03:38.313619+00:00
2022-07-14,KRW=X,1316.180054,yahoo,KRW,2026-06-05T09:03:38.313619+00:00
2022-07-17,KRW=X,1318.119995,yahoo,KRW,2026-06-05T09:03:38.313619+00:00
2022-07-18,KRW=X,1318.910034,yahoo,KRW,2026-06-05T09:03:38.313619+00:00
2022-07-19,KRW=X,1305.5,yahoo,KRW,2026-06-05T09:03:38.313619+00:00
2022-07-20,KRW=X,1312.869995,yahoo,KRW,2026-06-05T09:03:38.313619+00:00
2022-07-21,KRW=X,1306.849976,yahoo,KRW,2026-06-05T09:03:38.313619+00:00
2022-07-24,KRW=X,1309.319946,yahoo,KRW,2026-06-05T09:03:38.313619+00:00
2022-07-25,KRW=X,1310.400024,yahoo,KRW,2026-06-05T09:03:38.313619+00:00
2022-07-26,KRW=X,1310.900024,yahoo,KRW,2026-06-05T09:03:38.313619+00:00
2022-07-27,KRW=X,1305.949951,yahoo,KRW,2026-06-05T09:03:38.313619+00:00
2022-07-28,KRW=X,1295.150024,yahoo,KRW,2026-06-05T09:03:38.313619+00:00
2022-07-31,KRW=X,1302.280029,yahoo,KRW,2026-06-05T09:03:38.313619+00:00
2022-08-01,KRW=X,1306.75,yahoo,KRW,2026-06-05T09:03:38.313619+00:00
2022-08-02,KRW=X,1314.630005,yahoo,KRW,2026-06-05T09:03:38.313619+00:00
2022-08-03,KRW=X,1307.380005,yahoo,KRW,2026-06-05T09:03:38.313619+00:00
2022-08-04,KRW=X,1302.079956,yahoo,KRW,2026-06-05T09:03:38.313619+00:00
2022-08-07,KRW=X,1302.73999,yahoo,KRW,2026-06-05T09:03:38.313619+00:00
2022-08-08,KRW=X,1299.030029,yahoo,KRW,2026-06-05T09:03:38.313619+00:00
2022-08-09,KRW=X,1307.560059,yahoo,KRW,2026-06-05T09:03:38.313619+00:00
2022-08-10,KRW=X,1296.699951,yahoo,KRW,2026-06-05T09:03:38.313619+00:00
2022-08-11,KRW=X,1306.829956,yahoo,KRW,2026-06-05T09:03:38.313619+00:00
2022-08-14,KRW=X,1301.380005,yahoo,KRW,2026-06-05T09:03:38.313619+00:00
2022-08-15,KRW=X,1313.180054,yahoo,KRW,2026-06-05T09:03:38.313619+00:00
2022-08-16,KRW=X,1311.0,yahoo,KRW,2026-06-05T09:03:38.313619+00:00
2022-08-17,KRW=X,1314.829956,yahoo,KRW,2026-06-05T09:03:38.313619+00:00
2022-08-18,KRW=X,1326.910034,yahoo,KRW,2026-06-05T09:03:38.313619+00:00
2022-08-21,KRW=X,1334.859985,yahoo,KRW,2026-06-05T09:03:38.313619+00:00
2022-08-22,KRW=X,1343.359985,yahoo,KRW,2026-06-05T09:03:38.313619+00:00
2022-08-23,KRW=X,1339.079956,yahoo,KRW,2026-06-05T09:03:38.313619+00:00
2022-08-24,KRW=X,1340.0,yahoo,KRW,2026-06-05T09:03:38.313619+00:00
2022-08-25,KRW=X,1334.439941,yahoo,KRW,2026-06-05T09:03:38.313619+00:00
2022-08-28,KRW=X,1341.180054,yahoo,KRW,2026-06-05T09:03:38.313619+00:00
2022-08-29,KRW=X,1345.72998,yahoo,KRW,2026-06-05T09:03:38.313619+00:00
2022-08-30,KRW=X,1350.189941,yahoo,KRW,2026-06-05T09:03:38.313619+00:00
2022-08-31,KRW=X,1342.26001,yahoo,KRW,2026-06-05T09:03:38.313619+00:00
2022-09-01,KRW=X,1355.099976,yahoo,KRW,2026-06-05T09:03:38.313619+00:00
2022-09-04,KRW=X,1361.51001,yahoo,KRW,2026-06-05T09:03:38.313619+00:00
2022-09-05,KRW=X,1361.810059,yahoo,KRW,2026-06-05T09:03:38.313619+00:00
2022-09-06,KRW=X,1378.109985,yahoo,KRW,2026-06-05T09:03:38.313619+00:00
2022-09-07,KRW=X,1374.310059,yahoo,KRW,2026-06-05T09:03:38.313619+00:00
2022-09-08,KRW=X,1383.0,yahoo,KRW,2026-06-05T09:03:38.313619+00:00
2022-09-11,KRW=X,1379.060059,yahoo,KRW,2026-06-05T09:03:38.313619+00:00
2022-09-12,KRW=X,1375.810059,yahoo,KRW,2026-06-05T09:03:38.313619+00:00
2022-09-13,KRW=X,1393.469971,yahoo,KRW,2026-06-05T09:03:38.313619+00:00
2022-09-14,KRW=X,1391.180054,yahoo,KRW,2026-06-05T09:03:38.313619+00:00
2022-09-15,KRW=X,1398.630005,yahoo,KRW,2026-06-05T09:03:38.313619+00:00
2022-09-18,KRW=X,1385.22998,yahoo,KRW,2026-06-05T09:03:38.313619+00:00
2022-09-19,KRW=X,1390.109985,yahoo,KRW,2026-06-05T09:03:38.313619+00:00
2022-09-20,KRW=X,1392.51001,yahoo,KRW,2026-06-05T09:03:38.313619+00:00
2022-09-21,KRW=X,1397.560059,yahoo,KRW,2026-06-05T09:03:38.313619+00:00
2022-09-22,KRW=X,1403.660034,yahoo,KRW,2026-06-05T09:03:38.313619+00:00
2022-09-25,KRW=X,1421.810059,yahoo,KRW,2026-06-05T09:03:38.313619+00:00
2022-09-26,KRW=X,1429.77002,yahoo,KRW,2026-06-05T09:03:38.313619+00:00
2022-09-27,KRW=X,1426.26001,yahoo,KRW,2026-06-05T09:03:38.313619+00:00
2022-09-28,KRW=X,1421.949951,yahoo,KRW,2026-06-05T09:03:38.313619+00:00
2022-09-29,KRW=X,1430.170044,yahoo,KRW,2026-06-05T09:03:38.313619+00:00
2022-10-02,KRW=X,1439.22998,yahoo,KRW,2026-06-05T09:03:38.313619+00:00
2022-10-03,KRW=X,1433.339966,yahoo,KRW,2026-06-05T09:03:38.313619+00:00
2022-10-04,KRW=X,1416.530029,yahoo,KRW,2026-06-05T09:03:38.313619+00:00
2022-10-05,KRW=X,1416.76001,yahoo,KRW,2026-06-05T09:03:38.313619+00:00
2022-10-06,KRW=X,1408.449951,yahoo,KRW,2026-06-05T09:03:38.313619+00:00
2022-10-09,KRW=X,1415.97998,yahoo,KRW,2026-06-05T09:03:38.313619+00:00
2022-10-10,KRW=X,1428.349976,yahoo,KRW,2026-06-05T09:03:38.313619+00:00
2022-10-11,KRW=X,1430.800049,yahoo,KRW,2026-06-05T09:03:38.313619+00:00
2022-10-12,KRW=X,1423.900024,yahoo,KRW,2026-06-05T09:03:38.313619+00:00
2022-10-13,KRW=X,1430.300049,yahoo,KRW,2026-06-05T09:03:38.313619+00:00
2022-10-16,KRW=X,1440.76001,yahoo,KRW,2026-06-05T09:03:38.313619+00:00
2022-10-17,KRW=X,1430.150024,yahoo,KRW,2026-06-05T09:03:38.313619+00:00
2022-10-18,KRW=X,1425.02002,yahoo,KRW,2026-06-05T09:03:38.313619+00:00
2022-10-19,KRW=X,1435.01001,yahoo,KRW,2026-06-05T09:03:38.313619+00:00
2022-10-20,KRW=X,1430.310059,yahoo,KRW,2026-06-05T09:03:38.313619+00:00
2022-10-23,KRW=X,1428.109985,yahoo,KRW,2026-06-05T09:03:38.313619+00:00
2022-10-24,KRW=X,1443.959961,yahoo,KRW,2026-06-05T09:03:38.313619+00:00
2022-10-25,KRW=X,1426.930054,yahoo,KRW,2026-06-05T09:03:38.313619+00:00
2022-10-26,KRW=X,1412.689941,yahoo,KRW,2026-06-05T09:03:38.313619+00:00
2022-10-27,KRW=X,1420.650024,yahoo,KRW,2026-06-05T09:03:38.313619+00:00
2022-10-31,KRW=X,1421.650024,yahoo,KRW,2026-06-05T09:03:38.313619+00:00
2022-11-01,KRW=X,1424.670044,yahoo,KRW,2026-06-05T09:03:38.313619+00:00
2022-11-02,KRW=X,1416.599976,yahoo,KRW,2026-06-05T09:03:38.313619+00:00
2022-11-03,KRW=X,1423.099976,yahoo,KRW,2026-06-05T09:03:38.313619+00:00
2022-11-04,KRW=X,1423.650024,yahoo,KRW,2026-06-05T09:03:38.313619+00:00
2022-11-07,KRW=X,1402.109985,yahoo,KRW,2026-06-05T09:03:38.313619+00:00
2022-11-08,KRW=X,1392.699951,yahoo,KRW,2026-06-05T09:03:38.313619+00:00
2022-11-09,KRW=X,1374.150024,yahoo,KRW,2026-06-05T09:03:38.313619+00:00
2022-11-10,KRW=X,1370.550049,yahoo,KRW,2026-06-05T09:03:38.313619+00:00
2022-11-11,KRW=X,1349.369995,yahoo,KRW,2026-06-05T09:03:38.313619+00:00
2022-11-14,KRW=X,1313.030029,yahoo,KRW,2026-06-05T09:03:38.313619+00:00
2022-11-15,KRW=X,1324.079956,yahoo,KRW,2026-06-05T09:03:38.313619+00:00
2022-11-16,KRW=X,1316.26001,yahoo,KRW,2026-06-05T09:03:38.313619+00:00
2022-11-17,KRW=X,1336.430054,yahoo,KRW,2026-06-05T09:03:38.313619+00:00
2022-11-18,KRW=X,1342.75,yahoo,KRW,2026-06-05T09:03:38.313619+00:00
2022-11-21,KRW=X,1339.030029,yahoo,KRW,2026-06-05T09:03:38.313619+00:00
2022-11-22,KRW=X,1359.75,yahoo,KRW,2026-06-05T09:03:38.313619+00:00
2022-11-23,KRW=X,1352.689941,yahoo,KRW,2026-06-05T09:03:38.313619+00:00
2022-11-24,KRW=X,1336.810059,yahoo,KRW,2026-06-05T09:03:38.313619+00:00
2022-11-25,KRW=X,1317.890015,yahoo,KRW,2026-06-05T09:03:38.313619+00:00
2022-11-28,KRW=X,1334.560059,yahoo,KRW,2026-06-05T09:03:38.313619+00:00
2022-11-29,KRW=X,1340.119995,yahoo,KRW,2026-06-05T09:03:38.313619+00:00
2022-11-30,KRW=X,1325.369995,yahoo,KRW,2026-06-05T09:03:38.313619+00:00
2022-12-01,KRW=X,1279.800049,yahoo,KRW,2026-06-05T09:03:38.313619+00:00
2022-12-02,KRW=X,1303.25,yahoo,KRW,2026-06-05T09:03:38.313619+00:00
2022-12-05,KRW=X,1299.170044,yahoo,KRW,2026-06-05T09:03:38.313619+00:00
2022-12-06,KRW=X,1304.369995,yahoo,KRW,2026-06-05T09:03:38.313619+00:00
2022-12-07,KRW=X,1319.709961,yahoo,KRW,2026-06-05T09:03:38.313619+00:00
2022-12-08,KRW=X,1314.099976,yahoo,KRW,2026-06-05T09:03:38.313619+00:00
2022-12-09,KRW=X,1316.630005,yahoo,KRW,2026-06-05T09:03:38.313619+00:00
2022-12-12,KRW=X,1303.170044,yahoo,KRW,2026-06-05T09:03:38.313619+00:00
2022-12-13,KRW=X,1305.920044,yahoo,KRW,2026-06-05T09:03:38.313619+00:00
2022-12-14,KRW=X,1288.97998,yahoo,KRW,2026-06-05T09:03:38.313619+00:00
2022-12-15,KRW=X,1295.680054,yahoo,KRW,2026-06-05T09:03:38.313619+00:00
2022-12-16,KRW=X,1317.099976,yahoo,KRW,2026-06-05T09:03:38.313619+00:00
2022-12-19,KRW=X,1308.859985,yahoo,KRW,2026-06-05T09:03:38.313619+00:00
2022-12-20,KRW=X,1301.329956,yahoo,KRW,2026-06-05T09:03:38.313619+00:00
2022-12-21,KRW=X,1283.640015,yahoo,KRW,2026-06-05T09:03:38.313619+00:00
2022-12-22,KRW=X,1280.77002,yahoo,KRW,2026-06-05T09:03:38.313619+00:00
2022-12-23,KRW=X,1290.199951,yahoo,KRW,2026-06-05T09:03:38.313619+00:00
2022-12-26,KRW=X,1279.23999,yahoo,KRW,2026-06-05T09:03:38.313619+00:00
2022-12-27,KRW=X,1275.130005,yahoo,KRW,2026-06-05T09:03:38.313619+00:00
2022-12-28,KRW=X,1272.280029,yahoo,KRW,2026-06-05T09:03:38.313619+00:00
2022-12-29,KRW=X,1274.319946,yahoo,KRW,2026-06-05T09:03:38.313619+00:00
2022-12-30,KRW=X,1260.26001,yahoo,KRW,2026-06-05T09:03:38.313619+00:00
2023-01-02,KRW=X,1260.910034,yahoo,KRW,2026-06-05T09:03:38.313619+00:00
2023-01-03,KRW=X,1270.099976,yahoo,KRW,2026-06-05T09:03:38.313619+00:00
2023-01-04,KRW=X,1279.079956,yahoo,KRW,2026-06-05T09:03:38.313619+00:00
2023-01-05,KRW=X,1271.079956,yahoo,KRW,2026-06-05T09:03:38.313619+00:00
2023-01-06,KRW=X,1274.180054,yahoo,KRW,2026-06-05T09:03:38.313619+00:00
2023-01-09,KRW=X,1252.880005,yahoo,KRW,2026-06-05T09:03:38.313619+00:00
2023-01-10,KRW=X,1239.280029,yahoo,KRW,2026-06-05T09:03:38.313619+00:00
2023-01-11,KRW=X,1240.160034,yahoo,KRW,2026-06-05T09:03:38.313619+00:00
2023-01-12,KRW=X,1241.599976,yahoo,KRW,2026-06-05T09:03:38.313619+00:00
2023-01-13,KRW=X,1239.130005,yahoo,KRW,2026-06-05T09:03:38.313619+00:00
2023-01-16,KRW=X,1236.589966,yahoo,KRW,2026-06-05T09:03:38.313619+00:00
2023-01-17,KRW=X,1240.709961,yahoo,KRW,2026-06-05T09:03:38.313619+00:00
2023-01-18,KRW=X,1237.0,yahoo,KRW,2026-06-05T09:03:38.313619+00:00
2023-01-19,KRW=X,1237.880005,yahoo,KRW,2026-06-05T09:03:38.313619+00:00
2023-01-20,KRW=X,1232.180054,yahoo,KRW,2026-06-05T09:03:38.313619+00:00
2023-01-23,KRW=X,1230.030029,yahoo,KRW,2026-06-05T09:03:38.313619+00:00
2023-01-24,KRW=X,1229.280029,yahoo,KRW,2026-06-05T09:03:38.313619+00:00
2023-01-25,KRW=X,1232.660034,yahoo,KRW,2026-06-05T09:03:38.313619+00:00
2023-01-26,KRW=X,1232.589966,yahoo,KRW,2026-06-05T09:03:38.313619+00:00
2023-01-27,KRW=X,1231.849976,yahoo,KRW,2026-06-05T09:03:38.313619+00:00
2023-01-30,KRW=X,1228.949951,yahoo,KRW,2026-06-05T09:03:38.313619+00:00
2023-01-31,KRW=X,1231.5,yahoo,KRW,2026-06-05T09:03:38.313619+00:00
2023-02-01,KRW=X,1232.150024,yahoo,KRW,2026-06-05T09:03:38.313619+00:00
2023-02-02,KRW=X,1221.949951,yahoo,KRW,2026-06-05T09:03:38.313619+00:00
2023-02-03,KRW=X,1224.900024,yahoo,KRW,2026-06-05T09:03:38.313619+00:00
2023-02-06,KRW=X,1246.75,yahoo,KRW,2026-06-05T09:03:38.313619+00:00
2023-02-07,KRW=X,1261.22998,yahoo,KRW,2026-06-05T09:03:38.313619+00:00
2023-02-08,KRW=X,1255.349976,yahoo,KRW,2026-06-05T09:03:38.313619+00:00
2023-02-09,KRW=X,1260.469971,yahoo,KRW,2026-06-05T09:03:38.313619+00:00
2023-02-10,KRW=X,1264.550049,yahoo,KRW,2026-06-05T09:03:38.313619+00:00
2023-02-13,KRW=X,1266.869995,yahoo,KRW,2026-06-05T09:03:38.313619+00:00
2023-02-14,KRW=X,1272.939941,yahoo,KRW,2026-06-05T09:03:38.313619+00:00
2023-02-15,KRW=X,1272.25,yahoo,KRW,2026-06-05T09:03:38.313619+00:00
2023-02-16,KRW=X,1283.719971,yahoo,KRW,2026-06-05T09:03:38.313619+00:00
2023-02-17,KRW=X,1288.959961,yahoo,KRW,2026-06-05T09:03:38.313619+00:00
2023-02-20,KRW=X,1293.920044,yahoo,KRW,2026-06-05T09:03:38.313619+00:00
2023-02-21,KRW=X,1296.109985,yahoo,KRW,2026-06-05T09:03:38.313619+00:00
2023-02-22,KRW=X,1305.829956,yahoo,KRW,2026-06-05T09:03:38.313619+00:00
2023-02-23,KRW=X,1302.829956,yahoo,KRW,2026-06-05T09:03:38.313619+00:00
2023-02-24,KRW=X,1298.079956,yahoo,KRW,2026-06-05T09:03:38.313619+00:00
2023-02-27,KRW=X,1313.699951,yahoo,KRW,2026-06-05T09:03:38.313619+00:00
2023-02-28,KRW=X,1318.349976,yahoo,KRW,2026-06-05T09:03:38.313619+00:00
2023-03-01,KRW=X,1321.599976,yahoo,KRW,2026-06-05T09:03:38.313619+00:00
2023-03-02,KRW=X,1305.72998,yahoo,KRW,2026-06-05T09:03:38.313619+00:00
2023-03-03,KRW=X,1311.060059,yahoo,KRW,2026-06-05T09:03:38.313619+00:00
2023-03-06,KRW=X,1294.780029,yahoo,KRW,2026-06-05T09:03:38.313619+00:00
2023-03-07,KRW=X,1299.0,yahoo,KRW,2026-06-05T09:03:38.313619+00:00
2023-03-08,KRW=X,1317.900024,yahoo,KRW,2026-06-05T09:03:38.313619+00:00
2023-03-09,KRW=X,1316.449951,yahoo,KRW,2026-06-05T09:03:38.313619+00:00
2023-03-10,KRW=X,1325.550049,yahoo,KRW,2026-06-05T09:03:38.313619+00:00
2023-03-13,KRW=X,1319.540039,yahoo,KRW,2026-06-05T09:03:38.313619+00:00
2023-03-14,KRW=X,1296.380005,yahoo,KRW,2026-06-05T09:03:38.313619+00:00
2023-03-15,KRW=X,1304.579956,yahoo,KRW,2026-06-05T09:03:38.313619+00:00
2023-03-16,KRW=X,1311.73999,yahoo,KRW,2026-06-05T09:03:38.313619+00:00
2023-03-17,KRW=X,1301.619995,yahoo,KRW,2026-06-05T09:03:38.313619+00:00
2023-03-20,KRW=X,1307.650024,yahoo,KRW,2026-06-05T09:03:38.313619+00:00
2023-03-21,KRW=X,1304.939941,yahoo,KRW,2026-06-05T09:03:38.313619+00:00
2023-03-22,KRW=X,1303.439941,yahoo,KRW,2026-06-05T09:03:38.313619+00:00
2023-03-23,KRW=X,1298.25,yahoo,KRW,2026-06-05T09:03:38.313619+00:00
2023-03-24,KRW=X,1286.290039,yahoo,KRW,2026-06-05T09:03:38.313619+00:00
2023-03-26,KRW=X,1294.829956,yahoo,KRW,2026-06-05T09:03:38.313619+00:00
2023-03-27,KRW=X,1297.800049,yahoo,KRW,2026-06-05T09:03:38.313619+00:00
2023-03-28,KRW=X,1296.97998,yahoo,KRW,2026-06-05T09:03:38.313619+00:00
2023-03-29,KRW=X,1307.130005,yahoo,KRW,2026-06-05T09:03:38.313619+00:00
2023-03-30,KRW=X,1296.5,yahoo,KRW,2026-06-05T09:03:38.313619+00:00
2023-04-02,KRW=X,1305.47998,yahoo,KRW,2026-06-05T09:03:38.313619+00:00
2023-04-03,KRW=X,1308.050049,yahoo,KRW,2026-06-05T09:03:38.313619+00:00
2023-04-04,KRW=X,1312.410034,yahoo,KRW,2026-06-05T09:03:38.313619+00:00
2023-04-05,KRW=X,1316.209961,yahoo,KRW,2026-06-05T09:03:38.313619+00:00
2023-04-06,KRW=X,1317.939941,yahoo,KRW,2026-06-05T09:03:38.313619+00:00
2023-04-09,KRW=X,1315.449951,yahoo,KRW,2026-06-05T09:03:38.313619+00:00
2023-04-10,KRW=X,1320.880005,yahoo,KRW,2026-06-05T09:03:38.313619+00:00
2023-04-11,KRW=X,1322.089966,yahoo,KRW,2026-06-05T09:03:38.313619+00:00
2023-04-12,KRW=X,1322.829956,yahoo,KRW,2026-06-05T09:03:38.313619+00:00
2023-04-13,KRW=X,1301.430054,yahoo,KRW,2026-06-05T09:03:38.313619+00:00
2023-04-16,KRW=X,1303.380005,yahoo,KRW,2026-06-05T09:03:38.313619+00:00
2023-04-17,KRW=X,1316.069946,yahoo,KRW,2026-06-05T09:03:38.313619+00:00
2023-04-18,KRW=X,1315.900024,yahoo,KRW,2026-06-05T09:03:38.313619+00:00
2023-04-19,KRW=X,1326.76001,yahoo,KRW,2026-06-05T09:03:38.313619+00:00
2023-04-20,KRW=X,1323.599976,yahoo,KRW,2026-06-05T09:03:38.313619+00:00
2023-04-23,KRW=X,1329.380005,yahoo,KRW,2026-06-05T09:03:38.313619+00:00
2023-04-24,KRW=X,1332.800049,yahoo,KRW,2026-06-05T09:03:38.313619+00:00
2023-04-25,KRW=X,1341.0,yahoo,KRW,2026-06-05T09:03:38.313619+00:00
2023-04-26,KRW=X,1337.829956,yahoo,KRW,2026-06-05T09:03:38.313619+00:00
2023-04-27,KRW=X,1339.390015,yahoo,KRW,2026-06-05T09:03:38.313619+00:00
2023-04-30,KRW=X,1337.170044,yahoo,KRW,2026-06-05T09:03:38.313619+00:00
2023-05-01,KRW=X,1342.790039,yahoo,KRW,2026-06-05T09:03:38.313619+00:00
2023-05-02,KRW=X,1342.300049,yahoo,KRW,2026-06-05T09:03:38.313619+00:00
2023-05-03,KRW=X,1335.22998,yahoo,KRW,2026-06-05T09:03:38.313619+00:00
2023-05-04,KRW=X,1320.150024,yahoo,KRW,2026-06-05T09:03:38.313619+00:00
2023-05-07,KRW=X,1316.959961,yahoo,KRW,2026-06-05T09:03:38.313619+00:00
2023-05-08,KRW=X,1322.410034,yahoo,KRW,2026-06-05T09:03:38.313619+00:00
2023-05-09,KRW=X,1326.050049,yahoo,KRW,2026-06-05T09:03:38.313619+00:00
2023-05-10,KRW=X,1318.050049,yahoo,KRW,2026-06-05T09:03:38.313619+00:00
2023-05-11,KRW=X,1329.880005,yahoo,KRW,2026-06-05T09:03:38.313619+00:00
2023-05-14,KRW=X,1341.52002,yahoo,KRW,2026-06-05T09:03:38.313619+00:00
2023-05-15,KRW=X,1335.400024,yahoo,KRW,2026-06-05T09:03:38.313619+00:00
2023-05-16,KRW=X,1342.430054,yahoo,KRW,2026-06-05T09:03:38.313619+00:00
2023-05-17,KRW=X,1334.150024,yahoo,KRW,2026-06-05T09:03:38.313619+00:00
2023-05-18,KRW=X,1334.73999,yahoo,KRW,2026-06-05T09:03:38.313619+00:00
2023-05-21,KRW=X,1324.209961,yahoo,KRW,2026-06-05T09:03:38.313619+00:00
2023-05-22,KRW=X,1313.829956,yahoo,KRW,2026-06-05T09:03:38.313619+00:00
2023-05-23,KRW=X,1319.839966,yahoo,KRW,2026-06-05T09:03:38.313619+00:00
2023-05-24,KRW=X,1318.52002,yahoo,KRW,2026-06-05T09:03:38.313619+00:00
2023-05-25,KRW=X,1330.890015,yahoo,KRW,2026-06-05T09:03:38.313619+00:00
2023-05-28,KRW=X,1322.430054,yahoo,KRW,2026-06-05T09:03:38.313619+00:00
2023-05-29,KRW=X,1324.589966,yahoo,KRW,2026-06-05T09:03:38.313619+00:00
2023-05-30,KRW=X,1319.790039,yahoo,KRW,2026-06-05T09:03:38.313619+00:00
2023-05-31,KRW=X,1321.73999,yahoo,KRW,2026-06-05T09:03:38.313619+00:00
2023-06-01,KRW=X,1312.849976,yahoo,KRW,2026-06-05T09:03:38.313619+00:00
2023-06-04,KRW=X,1305.140015,yahoo,KRW,2026-06-05T09:03:38.313619+00:00
2023-06-05,KRW=X,1299.790039,yahoo,KRW,2026-06-05T09:03:38.313619+00:00
2023-06-06,KRW=X,1299.199951,yahoo,KRW,2026-06-05T09:03:38.313619+00:00
2023-06-07,KRW=X,1308.339966,yahoo,KRW,2026-06-05T09:03:38.313619+00:00
2023-06-08,KRW=X,1296.329956,yahoo,KRW,2026-06-05T09:03:38.313619+00:00
2023-06-11,KRW=X,1286.689941,yahoo,KRW,2026-06-05T09:03:38.313619+00:00
2023-06-12,KRW=X,1284.579956,yahoo,KRW,2026-06-05T09:03:38.313619+00:00
2023-06-13,KRW=X,1267.619995,yahoo,KRW,2026-06-05T09:03:38.313619+00:00
2023-06-14,KRW=X,1273.98999,yahoo,KRW,2026-06-05T09:03:38.313619+00:00
2023-06-15,KRW=X,1270.050049,yahoo,KRW,2026-06-05T09:03:38.313619+00:00
2023-06-18,KRW=X,1276.310059,yahoo,KRW,2026-06-05T09:03:38.313619+00:00
2023-06-19,KRW=X,1283.23999,yahoo,KRW,2026-06-05T09:03:38.313619+00:00
2023-06-20,KRW=X,1287.540039,yahoo,KRW,2026-06-05T09:03:38.313619+00:00
2023-06-21,KRW=X,1288.380005,yahoo,KRW,2026-06-05T09:03:38.313619+00:00
2023-06-22,KRW=X,1298.209961,yahoo,KRW,2026-06-05T09:03:38.313619+00:00
2023-06-25,KRW=X,1307.670044,yahoo,KRW,2026-06-05T09:03:38.313619+00:00
2023-06-26,KRW=X,1302.660034,yahoo,KRW,2026-06-05T09:03:38.313619+00:00
2023-06-27,KRW=X,1296.599976,yahoo,KRW,2026-06-05T09:03:38.313619+00:00
2023-06-28,KRW=X,1309.01001,yahoo,KRW,2026-06-05T09:03:38.313619+00:00
2023-06-29,KRW=X,1323.069946,yahoo,KRW,2026-06-05T09:03:38.313619+00:00
2023-07-02,KRW=X,1315.300049,yahoo,KRW,2026-06-05T09:03:38.313619+00:00
2023-07-03,KRW=X,1306.099976,yahoo,KRW,2026-06-05T09:03:38.313619+00:00
2023-07-04,KRW=X,1295.5,yahoo,KRW,2026-06-05T09:03:38.313619+00:00
2023-07-05,KRW=X,1302.969971,yahoo,KRW,2026-06-05T09:03:38.313619+00:00
2023-07-06,KRW=X,1309.219971,yahoo,KRW,2026-06-05T09:03:38.313619+00:00
2023-07-09,KRW=X,1297.369995,yahoo,KRW,2026-06-05T09:03:38.313619+00:00
2023-07-10,KRW=X,1299.540039,yahoo,KRW,2026-06-05T09:03:38.313619+00:00
2023-07-11,KRW=X,1291.51001,yahoo,KRW,2026-06-05T09:03:38.313619+00:00
2023-07-12,KRW=X,1274.699951,yahoo,KRW,2026-06-05T09:03:38.313619+00:00
2023-07-13,KRW=X,1266.829956,yahoo,KRW,2026-06-05T09:03:38.313619+00:00
2023-07-16,KRW=X,1268.339966,yahoo,KRW,2026-06-05T09:03:38.313619+00:00
2023-07-17,KRW=X,1265.449951,yahoo,KRW,2026-06-05T09:03:38.313619+00:00
2023-07-18,KRW=X,1264.939941,yahoo,KRW,2026-06-05T09:03:38.313619+00:00
2023-07-19,KRW=X,1265.089966,yahoo,KRW,2026-06-05T09:03:38.313619+00:00
2023-07-20,KRW=X,1278.400024,yahoo,KRW,2026-06-05T09:03:38.313619+00:00
2023-07-23,KRW=X,1285.650024,yahoo,KRW,2026-06-05T09:03:38.313619+00:00
2023-07-24,KRW=X,1280.530029,yahoo,KRW,2026-06-05T09:03:38.313619+00:00
2023-07-25,KRW=X,1274.119995,yahoo,KRW,2026-06-05T09:03:38.313619+00:00
2023-07-26,KRW=X,1275.170044,yahoo,KRW,2026-06-05T09:03:38.313619+00:00
2023-07-27,KRW=X,1283.880005,yahoo,KRW,2026-06-05T09:03:38.313619+00:00
2023-07-30,KRW=X,1272.390015,yahoo,KRW,2026-06-05T09:03:38.313619+00:00
2023-07-31,KRW=X,1277.930054,yahoo,KRW,2026-06-05T09:03:38.313619+00:00
2023-08-01,KRW=X,1289.050049,yahoo,KRW,2026-06-05T09:03:38.313619+00:00
2023-08-02,KRW=X,1295.369995,yahoo,KRW,2026-06-05T09:03:38.313619+00:00
2023-08-03,KRW=X,1296.400024,yahoo,KRW,2026-06-05T09:03:38.313619+00:00
2023-08-06,KRW=X,1303.050049,yahoo,KRW,2026-06-05T09:03:38.313619+00:00
2023-08-07,KRW=X,1307.75,yahoo,KRW,2026-06-05T09:03:38.313619+00:00
2023-08-08,KRW=X,1316.670044,yahoo,KRW,2026-06-05T09:03:38.313619+00:00
2023-08-09,KRW=X,1313.640015,yahoo,KRW,2026-06-05T09:03:38.313619+00:00
2023-08-10,KRW=X,1318.329956,yahoo,KRW,2026-06-05T09:03:38.313619+00:00
2023-08-13,KRW=X,1329.609985,yahoo,KRW,2026-06-05T09:03:38.313619+00:00
2023-08-14,KRW=X,1334.73999,yahoo,KRW,2026-06-05T09:03:38.313619+00:00
2023-08-15,KRW=X,1338.73999,yahoo,KRW,2026-06-05T09:03:38.313619+00:00
2023-08-16,KRW=X,1343.329956,yahoo,KRW,2026-06-05T09:03:38.313619+00:00
2023-08-17,KRW=X,1339.079956,yahoo,KRW,2026-06-05T09:03:38.313619+00:00
2023-08-20,KRW=X,1339.170044,yahoo,KRW,2026-06-05T09:03:38.313619+00:00
2023-08-21,KRW=X,1339.73999,yahoo,KRW,2026-06-05T09:03:38.313619+00:00
2023-08-22,KRW=X,1339.689941,yahoo,KRW,2026-06-05T09:03:38.313619+00:00
2023-08-23,KRW=X,1327.780029,yahoo,KRW,2026-06-05T09:03:38.313619+00:00
2023-08-24,KRW=X,1326.619995,yahoo,KRW,2026-06-05T09:03:38.313619+00:00
2023-08-27,KRW=X,1323.609985,yahoo,KRW,2026-06-05T09:03:38.313619+00:00
2023-08-28,KRW=X,1322.819946,yahoo,KRW,2026-06-05T09:03:38.313619+00:00
2023-08-29,KRW=X,1321.069946,yahoo,KRW,2026-06-05T09:03:38.313619+00:00
2023-08-30,KRW=X,1323.030029,yahoo,KRW,2026-06-05T09:03:38.313619+00:00
2023-08-31,KRW=X,1324.640015,yahoo,KRW,2026-06-05T09:03:38.313619+00:00
2023-09-03,KRW=X,1317.459961,yahoo,KRW,2026-06-05T09:03:38.313619+00:00
2023-09-04,KRW=X,1317.949951,yahoo,KRW,2026-06-05T09:03:38.313619+00:00
2023-09-05,KRW=X,1331.72998,yahoo,KRW,2026-06-05T09:03:38.313619+00:00
2023-09-06,KRW=X,1333.459961,yahoo,KRW,2026-06-05T09:03:38.313619+00:00
2023-09-07,KRW=X,1334.02002,yahoo,KRW,2026-06-05T09:03:38.313619+00:00
2023-09-10,KRW=X,1335.319946,yahoo,KRW,2026-06-05T09:03:38.313619+00:00
2023-09-11,KRW=X,1320.439941,yahoo,KRW,2026-06-05T09:03:38.313619+00:00
2023-09-12,KRW=X,1324.099976,yahoo,KRW,2026-06-05T09:03:38.313619+00:00
2023-09-13,KRW=X,1329.77002,yahoo,KRW,2026-06-05T09:03:38.313619+00:00
2023-09-14,KRW=X,1327.060059,yahoo,KRW,2026-06-05T09:03:38.313619+00:00
2023-09-17,KRW=X,1328.420044,yahoo,KRW,2026-06-05T09:03:38.313619+00:00
2023-09-18,KRW=X,1329.660034,yahoo,KRW,2026-06-05T09:03:38.313619+00:00
2023-09-19,KRW=X,1328.530029,yahoo,KRW,2026-06-05T09:03:38.313619+00:00
2023-09-20,KRW=X,1332.339966,yahoo,KRW,2026-06-05T09:03:38.313619+00:00
2023-09-21,KRW=X,1341.170044,yahoo,KRW,2026-06-05T09:03:38.313619+00:00
2023-09-24,KRW=X,1334.660034,yahoo,KRW,2026-06-05T09:03:38.313619+00:00
2023-09-25,KRW=X,1338.449951,yahoo,KRW,2026-06-05T09:03:38.313619+00:00
2023-09-26,KRW=X,1353.75,yahoo,KRW,2026-06-05T09:03:38.313619+00:00
2023-09-27,KRW=X,1352.819946,yahoo,KRW,2026-06-05T09:03:38.313619+00:00
2023-09-28,KRW=X,1347.849976,yahoo,KRW,2026-06-05T09:03:38.313619+00:00
2023-10-01,KRW=X,1351.939941,yahoo,KRW,2026-06-05T09:03:38.313619+00:00
2023-10-02,KRW=X,1354.189941,yahoo,KRW,2026-06-05T09:03:38.313619+00:00
2023-10-03,KRW=X,1359.219971,yahoo,KRW,2026-06-05T09:03:38.313619+00:00
2023-10-04,KRW=X,1351.160034,yahoo,KRW,2026-06-05T09:03:38.313619+00:00
2023-10-05,KRW=X,1346.060059,yahoo,KRW,2026-06-05T09:03:38.313619+00:00
2023-10-08,KRW=X,1343.359985,yahoo,KRW,2026-06-05T09:03:38.313619+00:00
2023-10-09,KRW=X,1346.890015,yahoo,KRW,2026-06-05T09:03:38.313619+00:00
2023-10-10,KRW=X,1341.890015,yahoo,KRW,2026-06-05T09:03:38.313619+00:00
2023-10-11,KRW=X,1338.26001,yahoo,KRW,2026-06-05T09:03:38.313619+00:00
2023-10-12,KRW=X,1348.339966,yahoo,KRW,2026-06-05T09:03:38.313619+00:00
2023-10-15,KRW=X,1352.069946,yahoo,KRW,2026-06-05T09:03:38.313619+00:00
2023-10-16,KRW=X,1347.76001,yahoo,KRW,2026-06-05T09:03:38.313619+00:00
2023-10-17,KRW=X,1352.98999,yahoo,KRW,2026-06-05T09:03:38.313619+00:00
2023-10-18,KRW=X,1354.560059,yahoo,KRW,2026-06-05T09:03:38.313619+00:00
2023-10-19,KRW=X,1356.22998,yahoo,KRW,2026-06-05T09:03:38.313619+00:00
2023-10-22,KRW=X,1349.339966,yahoo,KRW,2026-06-05T09:03:38.313619+00:00
2023-10-23,KRW=X,1334.439941,yahoo,KRW,2026-06-05T09:03:38.313619+00:00
2023-10-24,KRW=X,1343.640015,yahoo,KRW,2026-06-05T09:03:38.313619+00:00
2023-10-25,KRW=X,1352.680054,yahoo,KRW,2026-06-05T09:03:38.313619+00:00
2023-10-26,KRW=X,1350.339966,yahoo,KRW,2026-06-05T09:03:38.313619+00:00
2023-10-30,KRW=X,1355.219971,yahoo,KRW,2026-06-05T09:03:38.313619+00:00
2023-10-31,KRW=X,1348.069946,yahoo,KRW,2026-06-05T09:03:38.313619+00:00
2023-11-01,KRW=X,1350.160034,yahoo,KRW,2026-06-05T09:03:38.313619+00:00
2023-11-02,KRW=X,1347.839966,yahoo,KRW,2026-06-05T09:03:38.313619+00:00
2023-11-03,KRW=X,1333.680054,yahoo,KRW,2026-06-05T09:03:38.313619+00:00
2023-11-06,KRW=X,1307.839966,yahoo,KRW,2026-06-05T09:03:38.313619+00:00
2023-11-07,KRW=X,1297.109985,yahoo,KRW,2026-06-05T09:03:38.313619+00:00
2023-11-08,KRW=X,1304.550049,yahoo,KRW,2026-06-05T09:03:38.313619+00:00
2023-11-09,KRW=X,1308.119995,yahoo,KRW,2026-06-05T09:03:38.313619+00:00
2023-11-10,KRW=X,1315.199951,yahoo,KRW,2026-06-05T09:03:38.313619+00:00
2023-11-13,KRW=X,1319.619995,yahoo,KRW,2026-06-05T09:03:38.313619+00:00
2023-11-14,KRW=X,1319.069946,yahoo,KRW,2026-06-05T09:03:38.313619+00:00
2023-11-15,KRW=X,1304.23999,yahoo,KRW,2026-06-05T09:03:38.313619+00:00
2023-11-16,KRW=X,1301.859985,yahoo,KRW,2026-06-05T09:03:38.313619+00:00
2023-11-17,KRW=X,1292.449951,yahoo,KRW,2026-06-05T09:03:38.313619+00:00
2023-11-20,KRW=X,1294.5,yahoo,KRW,2026-06-05T09:03:38.313619+00:00
2023-11-21,KRW=X,1288.150024,yahoo,KRW,2026-06-05T09:03:38.313619+00:00
2023-11-22,KRW=X,1295.189941,yahoo,KRW,2026-06-05T09:03:38.313619+00:00
2023-11-23,KRW=X,1298.790039,yahoo,KRW,2026-06-05T09:03:38.313619+00:00
2023-11-24,KRW=X,1300.180054,yahoo,KRW,2026-06-05T09:03:38.313619+00:00
2023-11-27,KRW=X,1289.790039,yahoo,KRW,2026-06-05T09:03:38.313619+00:00
2023-11-28,KRW=X,1302.530029,yahoo,KRW,2026-06-05T09:03:38.313619+00:00
2023-11-29,KRW=X,1287.530029,yahoo,KRW,2026-06-05T09:03:38.313619+00:00
2023-11-30,KRW=X,1288.359985,yahoo,KRW,2026-06-05T09:03:38.313619+00:00
2023-12-01,KRW=X,1296.660034,yahoo,KRW,2026-06-05T09:03:38.313619+00:00
2023-12-04,KRW=X,1299.189941,yahoo,KRW,2026-06-05T09:03:38.313619+00:00
2023-12-05,KRW=X,1307.800049,yahoo,KRW,2026-06-05T09:03:38.313619+00:00
2023-12-06,KRW=X,1313.369995,yahoo,KRW,2026-06-05T09:03:38.313619+00:00
2023-12-07,KRW=X,1313.719971,yahoo,KRW,2026-06-05T09:03:38.313619+00:00
2023-12-08,KRW=X,1312.76001,yahoo,KRW,2026-06-05T09:03:38.313619+00:00
2023-12-11,KRW=X,1316.51001,yahoo,KRW,2026-06-05T09:03:38.313619+00:00
2023-12-12,KRW=X,1313.619995,yahoo,KRW,2026-06-05T09:03:38.313619+00:00
2023-12-13,KRW=X,1310.140015,yahoo,KRW,2026-06-05T09:03:38.313619+00:00
2023-12-14,KRW=X,1292.01001,yahoo,KRW,2026-06-05T09:03:38.313619+00:00
2023-12-15,KRW=X,1291.920044,yahoo,KRW,2026-06-05T09:03:38.313619+00:00
2023-12-18,KRW=X,1276.469971,yahoo,KRW,2026-06-05T09:03:38.313619+00:00
2023-12-19,KRW=X,1302.930054,yahoo,KRW,2026-06-05T09:03:38.313619+00:00
2023-12-20,KRW=X,1297.76001,yahoo,KRW,2026-06-05T09:03:38.313619+00:00
2023-12-21,KRW=X,1296.97998,yahoo,KRW,2026-06-05T09:03:38.313619+00:00
2023-12-22,KRW=X,1291.709961,yahoo,KRW,2026-06-05T09:03:38.313619+00:00
2023-12-25,KRW=X,1297.359985,yahoo,KRW,2026-06-05T09:03:38.313619+00:00
2023-12-26,KRW=X,1294.579956,yahoo,KRW,2026-06-05T09:03:38.313619+00:00
2023-12-27,KRW=X,1293.920044,yahoo,KRW,2026-06-05T09:03:38.313619+00:00
2023-12-28,KRW=X,1294.76001,yahoo,KRW,2026-06-05T09:03:38.313619+00:00
2023-12-29,KRW=X,1277.839966,yahoo,KRW,2026-06-05T09:03:38.313619+00:00
2024-01-01,KRW=X,1293.530029,yahoo,KRW,2026-06-05T09:03:38.313619+00:00
2024-01-02,KRW=X,1293.540039,yahoo,KRW,2026-06-05T09:03:38.313619+00:00
2024-01-03,KRW=X,1307.619995,yahoo,KRW,2026-06-05T09:03:38.313619+00:00
2024-01-04,KRW=X,1309.530029,yahoo,KRW,2026-06-05T09:03:38.313619+00:00
2024-01-05,KRW=X,1311.25,yahoo,KRW,2026-06-05T09:03:38.313619+00:00
2024-01-08,KRW=X,1313.130005,yahoo,KRW,2026-06-05T09:03:38.313619+00:00
2024-01-09,KRW=X,1311.800049,yahoo,KRW,2026-06-05T09:03:38.313619+00:00
2024-01-10,KRW=X,1319.790039,yahoo,KRW,2026-06-05T09:03:38.313619+00:00
2024-01-11,KRW=X,1317.5,yahoo,KRW,2026-06-05T09:03:38.313619+00:00
2024-01-12,KRW=X,1311.98999,yahoo,KRW,2026-06-05T09:03:38.313619+00:00
2024-01-15,KRW=X,1312.849976,yahoo,KRW,2026-06-05T09:03:38.313619+00:00
2024-01-16,KRW=X,1319.709961,yahoo,KRW,2026-06-05T09:03:38.313619+00:00
2024-01-17,KRW=X,1337.790039,yahoo,KRW,2026-06-05T09:03:38.313619+00:00
2024-01-18,KRW=X,1344.050049,yahoo,KRW,2026-06-05T09:03:38.313619+00:00
2024-01-19,KRW=X,1337.660034,yahoo,KRW,2026-06-05T09:03:38.313619+00:00
2024-01-22,KRW=X,1333.209961,yahoo,KRW,2026-06-05T09:03:38.313619+00:00
2024-01-23,KRW=X,1338.73999,yahoo,KRW,2026-06-05T09:03:38.313619+00:00
2024-01-24,KRW=X,1336.780029,yahoo,KRW,2026-06-05T09:03:38.313619+00:00
2024-01-25,KRW=X,1329.890015,yahoo,KRW,2026-06-05T09:03:38.313619+00:00
2024-01-26,KRW=X,1336.030029,yahoo,KRW,2026-06-05T09:03:38.313619+00:00
2024-01-29,KRW=X,1336.76001,yahoo,KRW,2026-06-05T09:03:38.313619+00:00
2024-01-30,KRW=X,1333.209961,yahoo,KRW,2026-06-05T09:03:38.313619+00:00
2024-01-31,KRW=X,1326.619995,yahoo,KRW,2026-06-05T09:03:38.313619+00:00
2024-02-01,KRW=X,1333.910034,yahoo,KRW,2026-06-05T09:03:38.313619+00:00
2024-02-02,KRW=X,1328.949951,yahoo,KRW,2026-06-05T09:03:38.313619+00:00
2024-02-05,KRW=X,1337.72998,yahoo,KRW,2026-06-05T09:03:38.313619+00:00
2024-02-06,KRW=X,1333.390015,yahoo,KRW,2026-06-05T09:03:38.313619+00:00
2024-02-07,KRW=X,1326.790039,yahoo,KRW,2026-06-05T09:03:38.313619+00:00
2024-02-08,KRW=X,1327.619995,yahoo,KRW,2026-06-05T09:03:38.313619+00:00
2024-02-09,KRW=X,1331.469971,yahoo,KRW,2026-06-05T09:03:38.313619+00:00
2024-02-12,KRW=X,1330.060059,yahoo,KRW,2026-06-05T09:03:38.313619+00:00
2024-02-13,KRW=X,1328.5,yahoo,KRW,2026-06-05T09:03:38.313619+00:00
2024-02-14,KRW=X,1340.790039,yahoo,KRW,2026-06-05T09:03:38.313619+00:00
2024-02-15,KRW=X,1326.0,yahoo,KRW,2026-06-05T09:03:38.313619+00:00
2024-02-16,KRW=X,1327.660034,yahoo,KRW,2026-06-05T09:03:38.313619+00:00
2024-02-19,KRW=X,1331.579956,yahoo,KRW,2026-06-05T09:03:38.313619+00:00
2024-02-20,KRW=X,1333.339966,yahoo,KRW,2026-06-05T09:03:38.313619+00:00
2024-02-21,KRW=X,1333.75,yahoo,KRW,2026-06-05T09:03:38.313619+00:00
2024-02-22,KRW=X,1332.869995,yahoo,KRW,2026-06-05T09:03:38.313619+00:00
2024-02-23,KRW=X,1327.170044,yahoo,KRW,2026-06-05T09:03:38.313619+00:00
2024-02-26,KRW=X,1330.0,yahoo,KRW,2026-06-05T09:03:38.313619+00:00
2024-02-27,KRW=X,1331.719971,yahoo,KRW,2026-06-05T09:03:38.313619+00:00
2024-02-28,KRW=X,1331.790039,yahoo,KRW,2026-06-05T09:03:38.313619+00:00
2024-02-29,KRW=X,1333.380005,yahoo,KRW,2026-06-05T09:03:38.313619+00:00
2024-03-01,KRW=X,1335.199951,yahoo,KRW,2026-06-05T09:03:38.313619+00:00
2024-03-04,KRW=X,1330.900024,yahoo,KRW,2026-06-05T09:03:38.313619+00:00
2024-03-05,KRW=X,1328.939941,yahoo,KRW,2026-06-05T09:03:38.313619+00:00
2024-03-06,KRW=X,1333.430054,yahoo,KRW,2026-06-05T09:03:38.313619+00:00
2024-03-07,KRW=X,1327.089966,yahoo,KRW,2026-06-05T09:03:38.313619+00:00
2024-03-08,KRW=X,1321.180054,yahoo,KRW,2026-06-05T09:03:38.313619+00:00
2024-03-11,KRW=X,1315.97998,yahoo,KRW,2026-06-05T09:03:38.313619+00:00
2024-03-12,KRW=X,1310.540039,yahoo,KRW,2026-06-05T09:03:38.313619+00:00
2024-03-13,KRW=X,1311.150024,yahoo,KRW,2026-06-05T09:03:38.313619+00:00
2024-03-14,KRW=X,1313.650024,yahoo,KRW,2026-06-05T09:03:38.313619+00:00
2024-03-15,KRW=X,1321.920044,yahoo,KRW,2026-06-05T09:03:38.313619+00:00
2024-03-18,KRW=X,1329.339966,yahoo,KRW,2026-06-05T09:03:38.313619+00:00
2024-03-19,KRW=X,1336.089966,yahoo,KRW,2026-06-05T09:03:38.313619+00:00
2024-03-20,KRW=X,1337.02002,yahoo,KRW,2026-06-05T09:03:38.313619+00:00
2024-03-21,KRW=X,1330.109985,yahoo,KRW,2026-06-05T09:03:38.313619+00:00
2024-03-22,KRW=X,1334.680054,yahoo,KRW,2026-06-05T09:03:38.313619+00:00
2024-03-25,KRW=X,1343.599976,yahoo,KRW,2026-06-05T09:03:38.313619+00:00
2024-03-26,KRW=X,1339.130005,yahoo,KRW,2026-06-05T09:03:38.313619+00:00
2024-03-27,KRW=X,1343.060059,yahoo,KRW,2026-06-05T09:03:38.313619+00:00
2024-03-28,KRW=X,1349.800049,yahoo,KRW,2026-06-05T09:03:38.313619+00:00
2024-03-29,KRW=X,1349.800049,yahoo,KRW,2026-06-05T09:03:38.313619+00:00
2024-03-31,KRW=X,1345.310059,yahoo,KRW,2026-06-05T09:03:38.313619+00:00
2024-04-01,KRW=X,1355.530029,yahoo,KRW,2026-06-05T09:03:38.313619+00:00
2024-04-02,KRW=X,1350.72998,yahoo,KRW,2026-06-05T09:03:38.313619+00:00
2024-04-03,KRW=X,1344.839966,yahoo,KRW,2026-06-05T09:03:38.313619+00:00
2024-04-04,KRW=X,1351.359985,yahoo,KRW,2026-06-05T09:03:38.313619+00:00
2024-04-07,KRW=X,1350.27002,yahoo,KRW,2026-06-05T09:03:38.313619+00:00
2024-04-08,KRW=X,1354.219971,yahoo,KRW,2026-06-05T09:03:38.313619+00:00
2024-04-09,KRW=X,1348.540039,yahoo,KRW,2026-06-05T09:03:38.313619+00:00
2024-04-10,KRW=X,1363.76001,yahoo,KRW,2026-06-05T09:03:38.313619+00:00
2024-04-11,KRW=X,1367.839966,yahoo,KRW,2026-06-05T09:03:38.313619+00:00
2024-04-14,KRW=X,1379.609985,yahoo,KRW,2026-06-05T09:03:38.313619+00:00
2024-04-15,KRW=X,1387.670044,yahoo,KRW,2026-06-05T09:03:38.313619+00:00
2024-04-16,KRW=X,1387.339966,yahoo,KRW,2026-06-05T09:03:38.313619+00:00
2024-04-17,KRW=X,1379.540039,yahoo,KRW,2026-06-05T09:03:38.313619+00:00
2024-04-18,KRW=X,1379.400024,yahoo,KRW,2026-06-05T09:03:38.313619+00:00
2024-04-21,KRW=X,1373.930054,yahoo,KRW,2026-06-05T09:03:38.313619+00:00
2024-04-22,KRW=X,1378.839966,yahoo,KRW,2026-06-05T09:03:38.313619+00:00
2024-04-23,KRW=X,1370.47998,yahoo,KRW,2026-06-05T09:03:38.313619+00:00
2024-04-24,KRW=X,1376.969971,yahoo,KRW,2026-06-05T09:03:38.313619+00:00
2024-04-25,KRW=X,1371.699951,yahoo,KRW,2026-06-05T09:03:38.313619+00:00
2024-04-28,KRW=X,1377.089966,yahoo,KRW,2026-06-05T09:03:38.313619+00:00
2024-04-29,KRW=X,1374.640015,yahoo,KRW,2026-06-05T09:03:38.313619+00:00
2024-04-30,KRW=X,1385.459961,yahoo,KRW,2026-06-05T09:03:38.313619+00:00
2024-05-01,KRW=X,1375.0,yahoo,KRW,2026-06-05T09:03:38.313619+00:00
2024-05-02,KRW=X,1364.640015,yahoo,KRW,2026-06-05T09:03:38.313619+00:00
2024-05-05,KRW=X,1355.050049,yahoo,KRW,2026-06-05T09:03:38.313619+00:00
2024-05-06,KRW=X,1352.170044,yahoo,KRW,2026-06-05T09:03:38.313619+00:00
2024-05-07,KRW=X,1357.72998,yahoo,KRW,2026-06-05T09:03:38.313619+00:00
2024-05-08,KRW=X,1361.939941,yahoo,KRW,2026-06-05T09:03:38.313619+00:00
2024-05-09,KRW=X,1365.400024,yahoo,KRW,2026-06-05T09:03:38.313619+00:00
2024-05-12,KRW=X,1370.109985,yahoo,KRW,2026-06-05T09:03:38.313619+00:00
2024-05-13,KRW=X,1363.790039,yahoo,KRW,2026-06-05T09:03:38.313619+00:00
2024-05-14,KRW=X,1362.550049,yahoo,KRW,2026-06-05T09:03:38.313619+00:00
2024-05-15,KRW=X,1353.599976,yahoo,KRW,2026-06-05T09:03:38.313619+00:00
2024-05-16,KRW=X,1346.040039,yahoo,KRW,2026-06-05T09:03:38.313619+00:00
2024-05-19,KRW=X,1353.390015,yahoo,KRW,2026-06-05T09:03:38.313619+00:00
2024-05-20,KRW=X,1360.160034,yahoo,KRW,2026-06-05T09:03:38.313619+00:00
2024-05-21,KRW=X,1363.420044,yahoo,KRW,2026-06-05T09:03:38.313619+00:00
2024-05-22,KRW=X,1365.810059,yahoo,KRW,2026-06-05T09:03:38.313619+00:00
2024-05-23,KRW=X,1367.619995,yahoo,KRW,2026-06-05T09:03:38.313619+00:00
2024-05-26,KRW=X,1365.709961,yahoo,KRW,2026-06-05T09:03:38.313619+00:00
2024-05-27,KRW=X,1360.930054,yahoo,KRW,2026-06-05T09:03:38.313619+00:00
2024-05-28,KRW=X,1362.76001,yahoo,KRW,2026-06-05T09:03:38.313619+00:00
2024-05-29,KRW=X,1370.550049,yahoo,KRW,2026-06-05T09:03:38.313619+00:00
2024-05-30,KRW=X,1375.619995,yahoo,KRW,2026-06-05T09:03:38.313619+00:00
2024-06-02,KRW=X,1382.099976,yahoo,KRW,2026-06-05T09:03:38.313619+00:00
2024-06-03,KRW=X,1370.790039,yahoo,KRW,2026-06-05T09:03:38.313619+00:00
2024-06-04,KRW=X,1373.719971,yahoo,KRW,2026-06-05T09:03:38.313619+00:00
2024-06-05,KRW=X,1368.73999,yahoo,KRW,2026-06-05T09:03:38.313619+00:00
2024-06-06,KRW=X,1365.25,yahoo,KRW,2026-06-05T09:03:38.313619+00:00
2024-06-09,KRW=X,1379.050049,yahoo,KRW,2026-06-05T09:03:38.313619+00:00
2024-06-10,KRW=X,1373.959961,yahoo,KRW,2026-06-05T09:03:38.313619+00:00
2024-06-11,KRW=X,1377.359985,yahoo,KRW,2026-06-05T09:03:38.313619+00:00
2024-06-12,KRW=X,1370.410034,yahoo,KRW,2026-06-05T09:03:38.313619+00:00
2024-06-13,KRW=X,1373.73999,yahoo,KRW,2026-06-05T09:03:38.313619+00:00
2024-06-16,KRW=X,1382.280029,yahoo,KRW,2026-06-05T09:03:38.313619+00:00
2024-06-17,KRW=X,1379.060059,yahoo,KRW,2026-06-05T09:03:38.313619+00:00
2024-06-18,KRW=X,1378.609985,yahoo,KRW,2026-06-05T09:03:38.313619+00:00
2024-06-19,KRW=X,1381.150024,yahoo,KRW,2026-06-05T09:03:38.313619+00:00
2024-06-20,KRW=X,1391.819946,yahoo,KRW,2026-06-05T09:03:38.313619+00:00
2024-06-23,KRW=X,1388.390015,yahoo,KRW,2026-06-05T09:03:38.313619+00:00
2024-06-24,KRW=X,1386.109985,yahoo,KRW,2026-06-05T09:03:38.313619+00:00
2024-06-25,KRW=X,1390.890015,yahoo,KRW,2026-06-05T09:03:38.313619+00:00
2024-06-26,KRW=X,1393.380005,yahoo,KRW,2026-06-05T09:03:38.313619+00:00
2024-06-27,KRW=X,1386.949951,yahoo,KRW,2026-06-05T09:03:38.313619+00:00
2024-06-30,KRW=X,1380.290039,yahoo,KRW,2026-06-05T09:03:38.313619+00:00
2024-07-01,KRW=X,1383.420044,yahoo,KRW,2026-06-05T09:03:38.313619+00:00
2024-07-02,KRW=X,1383.420044,yahoo,KRW,2026-06-05T09:03:38.313619+00:00
2024-07-03,KRW=X,1385.77002,yahoo,KRW,2026-06-05T09:03:38.313619+00:00
2024-07-04,KRW=X,1380.25,yahoo,KRW,2026-06-05T09:03:38.313619+00:00
2024-07-07,KRW=X,1376.569946,yahoo,KRW,2026-06-05T09:03:38.313619+00:00
2024-07-08,KRW=X,1382.75,yahoo,KRW,2026-06-05T09:03:38.313619+00:00
2024-07-09,KRW=X,1382.420044,yahoo,KRW,2026-06-05T09:03:38.313619+00:00
2024-07-10,KRW=X,1382.98999,yahoo,KRW,2026-06-05T09:03:38.313619+00:00
2024-07-11,KRW=X,1371.27002,yahoo,KRW,2026-06-05T09:03:38.313619+00:00
2024-07-14,KRW=X,1374.109985,yahoo,KRW,2026-06-05T09:03:38.313619+00:00
2024-07-15,KRW=X,1383.689941,yahoo,KRW,2026-06-05T09:03:38.313619+00:00
2024-07-16,KRW=X,1382.640015,yahoo,KRW,2026-06-05T09:03:38.313619+00:00
2024-07-17,KRW=X,1378.650024,yahoo,KRW,2026-06-05T09:03:38.313619+00:00
2024-07-18,KRW=X,1385.23999,yahoo,KRW,2026-06-05T09:03:38.313619+00:00
2024-07-21,KRW=X,1388.810059,yahoo,KRW,2026-06-05T09:03:38.313619+00:00
2024-07-22,KRW=X,1387.099976,yahoo,KRW,2026-06-05T09:03:38.313619+00:00
2024-07-23,KRW=X,1384.569946,yahoo,KRW,2026-06-05T09:03:38.313619+00:00
2024-07-24,KRW=X,1382.650024,yahoo,KRW,2026-06-05T09:03:38.313619+00:00
2024-07-25,KRW=X,1381.430054,yahoo,KRW,2026-06-05T09:03:38.313619+00:00
2024-07-28,KRW=X,1382.089966,yahoo,KRW,2026-06-05T09:03:38.313619+00:00
2024-07-29,KRW=X,1381.359985,yahoo,KRW,2026-06-05T09:03:38.313619+00:00
2024-07-30,KRW=X,1383.5,yahoo,KRW,2026-06-05T09:03:38.313619+00:00
2024-07-31,KRW=X,1367.920044,yahoo,KRW,2026-06-05T09:03:38.313619+00:00
2024-08-01,KRW=X,1368.969971,yahoo,KRW,2026-06-05T09:03:38.313619+00:00
2024-08-04,KRW=X,1357.170044,yahoo,KRW,2026-06-05T09:03:38.313619+00:00
2024-08-05,KRW=X,1367.400024,yahoo,KRW,2026-06-05T09:03:38.313619+00:00
2024-08-06,KRW=X,1370.310059,yahoo,KRW,2026-06-05T09:03:38.313619+00:00
2024-08-07,KRW=X,1375.329956,yahoo,KRW,2026-06-05T09:03:38.313619+00:00
2024-08-08,KRW=X,1373.76001,yahoo,KRW,2026-06-05T09:03:38.313619+00:00
2024-08-11,KRW=X,1363.839966,yahoo,KRW,2026-06-05T09:03:38.313619+00:00
2024-08-12,KRW=X,1369.540039,yahoo,KRW,2026-06-05T09:03:38.313619+00:00
2024-08-13,KRW=X,1362.170044,yahoo,KRW,2026-06-05T09:03:38.313619+00:00
2024-08-14,KRW=X,1355.709961,yahoo,KRW,2026-06-05T09:03:38.313619+00:00
2024-08-15,KRW=X,1363.51001,yahoo,KRW,2026-06-05T09:03:38.313619+00:00
2024-08-18,KRW=X,1348.97998,yahoo,KRW,2026-06-05T09:03:38.313619+00:00
2024-08-19,KRW=X,1330.880005,yahoo,KRW,2026-06-05T09:03:38.313619+00:00
2024-08-20,KRW=X,1327.579956,yahoo,KRW,2026-06-05T09:03:38.313619+00:00
2024-08-21,KRW=X,1333.660034,yahoo,KRW,2026-06-05T09:03:38.313619+00:00
2024-08-22,KRW=X,1339.540039,yahoo,KRW,2026-06-05T09:03:38.313619+00:00
2024-08-25,KRW=X,1323.880005,yahoo,KRW,2026-06-05T09:03:38.313619+00:00
2024-08-26,KRW=X,1326.640015,yahoo,KRW,2026-06-05T09:03:38.313619+00:00
2024-08-27,KRW=X,1326.359985,yahoo,KRW,2026-06-05T09:03:38.313619+00:00
2024-08-28,KRW=X,1336.689941,yahoo,KRW,2026-06-05T09:03:38.313619+00:00
2024-08-29,KRW=X,1332.880005,yahoo,KRW,2026-06-05T09:03:38.313619+00:00
2024-09-01,KRW=X,1336.579956,yahoo,KRW,2026-06-05T09:03:38.313619+00:00
2024-09-02,KRW=X,1337.550049,yahoo,KRW,2026-06-05T09:03:38.313619+00:00
2024-09-03,KRW=X,1340.410034,yahoo,KRW,2026-06-05T09:03:38.313619+00:00
2024-09-04,KRW=X,1331.01001,yahoo,KRW,2026-06-05T09:03:38.313619+00:00
2024-09-05,KRW=X,1332.790039,yahoo,KRW,2026-06-05T09:03:38.313619+00:00
2024-09-08,KRW=X,1337.77002,yahoo,KRW,2026-06-05T09:03:38.313619+00:00
2024-09-09,KRW=X,1341.27002,yahoo,KRW,2026-06-05T09:03:38.313619+00:00
2024-09-10,KRW=X,1343.339966,yahoo,KRW,2026-06-05T09:03:38.313619+00:00
2024-09-11,KRW=X,1339.180054,yahoo,KRW,2026-06-05T09:03:38.313619+00:00
2024-09-12,KRW=X,1335.689941,yahoo,KRW,2026-06-05T09:03:38.313619+00:00
2024-09-15,KRW=X,1329.51001,yahoo,KRW,2026-06-05T09:03:38.313619+00:00
2024-09-16,KRW=X,1319.109985,yahoo,KRW,2026-06-05T09:03:38.313619+00:00
2024-09-17,KRW=X,1322.930054,yahoo,KRW,2026-06-05T09:03:38.313619+00:00
2024-09-18,KRW=X,1322.26001,yahoo,KRW,2026-06-05T09:03:38.313619+00:00
2024-09-19,KRW=X,1327.609985,yahoo,KRW,2026-06-05T09:03:38.313619+00:00
2024-09-22,KRW=X,1331.5,yahoo,KRW,2026-06-05T09:03:38.313619+00:00
2024-09-23,KRW=X,1333.619995,yahoo,KRW,2026-06-05T09:03:38.313619+00:00
2024-09-24,KRW=X,1324.890015,yahoo,KRW,2026-06-05T09:03:38.313619+00:00
2024-09-25,KRW=X,1335.050049,yahoo,KRW,2026-06-05T09:03:38.313619+00:00
2024-09-26,KRW=X,1313.300049,yahoo,KRW,2026-06-05T09:03:38.313619+00:00
2024-09-29,KRW=X,1309.300049,yahoo,KRW,2026-06-05T09:03:38.313619+00:00
2024-09-30,KRW=X,1315.329956,yahoo,KRW,2026-06-05T09:03:38.313619+00:00
2024-10-01,KRW=X,1324.839966,yahoo,KRW,2026-06-05T09:03:38.313619+00:00
2024-10-02,KRW=X,1324.030029,yahoo,KRW,2026-06-05T09:03:38.313619+00:00
2024-10-03,KRW=X,1334.410034,yahoo,KRW,2026-06-05T09:03:38.313619+00:00
2024-10-06,KRW=X,1345.880005,yahoo,KRW,2026-06-05T09:03:38.313619+00:00
2024-10-07,KRW=X,1342.369995,yahoo,KRW,2026-06-05T09:03:38.313619+00:00
2024-10-08,KRW=X,1341.310059,yahoo,KRW,2026-06-05T09:03:38.313619+00:00
2024-10-09,KRW=X,1343.02002,yahoo,KRW,2026-06-05T09:03:38.313619+00:00
2024-10-10,KRW=X,1349.73999,yahoo,KRW,2026-06-05T09:03:38.313619+00:00
2024-10-13,KRW=X,1348.329956,yahoo,KRW,2026-06-05T09:03:38.313619+00:00
2024-10-14,KRW=X,1357.27002,yahoo,KRW,2026-06-05T09:03:38.313619+00:00
2024-10-15,KRW=X,1363.180054,yahoo,KRW,2026-06-05T09:03:38.313619+00:00
2024-10-16,KRW=X,1364.199951,yahoo,KRW,2026-06-05T09:03:38.313619+00:00
2024-10-17,KRW=X,1370.050049,yahoo,KRW,2026-06-05T09:03:38.313619+00:00
2024-10-20,KRW=X,1369.01001,yahoo,KRW,2026-06-05T09:03:38.313619+00:00
2024-10-21,KRW=X,1376.5,yahoo,KRW,2026-06-05T09:03:38.313619+00:00
2024-10-22,KRW=X,1376.630005,yahoo,KRW,2026-06-05T09:03:38.313619+00:00
2024-10-23,KRW=X,1377.339966,yahoo,KRW,2026-06-05T09:03:38.313619+00:00
2024-10-24,KRW=X,1376.319946,yahoo,KRW,2026-06-05T09:03:38.313619+00:00
2024-10-28,KRW=X,1387.660034,yahoo,KRW,2026-06-05T09:03:38.313619+00:00
2024-10-29,KRW=X,1381.969971,yahoo,KRW,2026-06-05T09:03:38.313619+00:00
2024-10-30,KRW=X,1383.180054,yahoo,KRW,2026-06-05T09:03:38.313619+00:00
2024-10-31,KRW=X,1378.569946,yahoo,KRW,2026-06-05T09:03:38.313619+00:00
2024-11-01,KRW=X,1372.930054,yahoo,KRW,2026-06-05T09:03:38.313619+00:00
2024-11-04,KRW=X,1379.339966,yahoo,KRW,2026-06-05T09:03:38.313619+00:00
2024-11-05,KRW=X,1372.859985,yahoo,KRW,2026-06-05T09:03:38.313619+00:00
2024-11-06,KRW=X,1378.0,yahoo,KRW,2026-06-05T09:03:38.313619+00:00
2024-11-07,KRW=X,1399.800049,yahoo,KRW,2026-06-05T09:03:38.313619+00:00
2024-11-08,KRW=X,1372.079956,yahoo,KRW,2026-06-05T09:03:38.313619+00:00
2024-11-11,KRW=X,1397.199951,yahoo,KRW,2026-06-05T09:03:38.313619+00:00
2024-11-12,KRW=X,1400.550049,yahoo,KRW,2026-06-05T09:03:38.313619+00:00
2024-11-13,KRW=X,1406.650024,yahoo,KRW,2026-06-05T09:03:38.313619+00:00
2024-11-14,KRW=X,1399.0,yahoo,KRW,2026-06-05T09:03:38.313619+00:00
2024-11-15,KRW=X,1400.829956,yahoo,KRW,2026-06-05T09:03:38.313619+00:00
2024-11-18,KRW=X,1394.349976,yahoo,KRW,2026-06-05T09:03:38.313619+00:00
2024-11-19,KRW=X,1389.5,yahoo,KRW,2026-06-05T09:03:38.313619+00:00
2024-11-20,KRW=X,1392.160034,yahoo,KRW,2026-06-05T09:03:38.313619+00:00
2024-11-21,KRW=X,1397.619995,yahoo,KRW,2026-06-05T09:03:38.313619+00:00
2024-11-22,KRW=X,1399.599976,yahoo,KRW,2026-06-05T09:03:38.313619+00:00
2024-11-25,KRW=X,1403.51001,yahoo,KRW,2026-06-05T09:03:38.313619+00:00
2024-11-26,KRW=X,1395.560059,yahoo,KRW,2026-06-05T09:03:38.313619+00:00
2024-11-27,KRW=X,1395.27002,yahoo,KRW,2026-06-05T09:03:38.313619+00:00
2024-11-28,KRW=X,1388.469971,yahoo,KRW,2026-06-05T09:03:38.313619+00:00
2024-11-29,KRW=X,1393.300049,yahoo,KRW,2026-06-05T09:03:38.313619+00:00
2024-12-02,KRW=X,1399.859985,yahoo,KRW,2026-06-05T09:03:38.313619+00:00
2024-12-03,KRW=X,1401.060059,yahoo,KRW,2026-06-05T09:03:38.313619+00:00
2024-12-04,KRW=X,1411.670044,yahoo,KRW,2026-06-05T09:03:38.313619+00:00
2024-12-05,KRW=X,1410.800049,yahoo,KRW,2026-06-05T09:03:38.313619+00:00
2024-12-06,KRW=X,1399.98999,yahoo,KRW,2026-06-05T09:03:38.313619+00:00
2024-12-09,KRW=X,1424.219971,yahoo,KRW,2026-06-05T09:03:38.313619+00:00
2024-12-10,KRW=X,1426.599976,yahoo,KRW,2026-06-05T09:03:38.313619+00:00
2024-12-11,KRW=X,1433.949951,yahoo,KRW,2026-06-05T09:03:38.313619+00:00
2024-12-12,KRW=X,1429.150024,yahoo,KRW,2026-06-05T09:03:38.313619+00:00
2024-12-13,KRW=X,1427.859985,yahoo,KRW,2026-06-05T09:03:38.313619+00:00
2024-12-16,KRW=X,1434.449951,yahoo,KRW,2026-06-05T09:03:38.313619+00:00
2024-12-17,KRW=X,1431.349976,yahoo,KRW,2026-06-05T09:03:38.313619+00:00
2024-12-18,KRW=X,1436.420044,yahoo,KRW,2026-06-05T09:03:38.313619+00:00
2024-12-19,KRW=X,1451.5,yahoo,KRW,2026-06-05T09:03:38.313619+00:00
2024-12-20,KRW=X,1437.449951,yahoo,KRW,2026-06-05T09:03:38.313619+00:00
2024-12-23,KRW=X,1445.420044,yahoo,KRW,2026-06-05T09:03:38.313619+00:00
2024-12-24,KRW=X,1442.699951,yahoo,KRW,2026-06-05T09:03:38.313619+00:00
2024-12-25,KRW=X,1453.420044,yahoo,KRW,2026-06-05T09:03:38.313619+00:00
2024-12-26,KRW=X,1457.609985,yahoo,KRW,2026-06-05T09:03:38.313619+00:00
2024-12-27,KRW=X,1466.98999,yahoo,KRW,2026-06-05T09:03:38.313619+00:00
2024-12-30,KRW=X,1472.800049,yahoo,KRW,2026-06-05T09:03:38.313619+00:00
2024-12-31,KRW=X,1467.390015,yahoo,KRW,2026-06-05T09:03:38.313619+00:00
2025-01-02,KRW=X,1473.52002,yahoo,KRW,2026-06-05T09:03:38.313619+00:00
2025-01-03,KRW=X,1471.650024,yahoo,KRW,2026-06-05T09:03:38.313619+00:00
2025-01-06,KRW=X,1465.530029,yahoo,KRW,2026-06-05T09:03:38.313619+00:00
2025-01-07,KRW=X,1459.449951,yahoo,KRW,2026-06-05T09:03:38.313619+00:00
2025-01-08,KRW=X,1451.880005,yahoo,KRW,2026-06-05T09:03:38.313619+00:00
2025-01-09,KRW=X,1457.969971,yahoo,KRW,2026-06-05T09:03:38.313619+00:00
2025-01-10,KRW=X,1455.22998,yahoo,KRW,2026-06-05T09:03:38.313619+00:00
2025-01-13,KRW=X,1472.25,yahoo,KRW,2026-06-05T09:03:38.313619+00:00
2025-01-14,KRW=X,1458.890015,yahoo,KRW,2026-06-05T09:03:38.313619+00:00
2025-01-15,KRW=X,1460.439941,yahoo,KRW,2026-06-05T09:03:38.313619+00:00
2025-01-16,KRW=X,1437.219971,yahoo,KRW,2026-06-05T09:03:38.313619+00:00
2025-01-17,KRW=X,1453.319946,yahoo,KRW,2026-06-05T09:03:38.313619+00:00
2025-01-20,KRW=X,1457.380005,yahoo,KRW,2026-06-05T09:03:38.313619+00:00
2025-01-21,KRW=X,1435.530029,yahoo,KRW,2026-06-05T09:03:38.313619+00:00
2025-01-22,KRW=X,1425.790039,yahoo,KRW,2026-06-05T09:03:38.313619+00:00
2025-01-23,KRW=X,1434.339966,yahoo,KRW,2026-06-05T09:03:38.313619+00:00
2025-01-24,KRW=X,1433.930054,yahoo,KRW,2026-06-05T09:03:38.313619+00:00
2025-01-27,KRW=X,1427.630005,yahoo,KRW,2026-06-05T09:03:38.313619+00:00
2025-01-28,KRW=X,1417.920044,yahoo,KRW,2026-06-05T09:03:38.313619+00:00
2025-01-29,KRW=X,1443.26001,yahoo,KRW,2026-06-05T09:03:38.313619+00:00
2025-01-30,KRW=X,1443.319946,yahoo,KRW,2026-06-05T09:03:38.313619+00:00
2025-01-31,KRW=X,1441.660034,yahoo,KRW,2026-06-05T09:03:38.313619+00:00
2025-02-03,KRW=X,1456.780029,yahoo,KRW,2026-06-05T09:03:38.313619+00:00
2025-02-04,KRW=X,1459.050049,yahoo,KRW,2026-06-05T09:03:38.313619+00:00
2025-02-05,KRW=X,1450.160034,yahoo,KRW,2026-06-05T09:03:38.313619+00:00
2025-02-06,KRW=X,1443.890015,yahoo,KRW,2026-06-05T09:03:38.313619+00:00
2025-02-07,KRW=X,1442.150024,yahoo,KRW,2026-06-05T09:03:38.313619+00:00
2025-02-10,KRW=X,1450.619995,yahoo,KRW,2026-06-05T09:03:38.313619+00:00
2025-02-11,KRW=X,1453.209961,yahoo,KRW,2026-06-05T09:03:38.313619+00:00
2025-02-12,KRW=X,1450.75,yahoo,KRW,2026-06-05T09:03:38.313619+00:00
2025-02-13,KRW=X,1452.119995,yahoo,KRW,2026-06-05T09:03:38.313619+00:00
2025-02-14,KRW=X,1438.73999,yahoo,KRW,2026-06-05T09:03:38.313619+00:00
2025-02-17,KRW=X,1432.599976,yahoo,KRW,2026-06-05T09:03:38.313619+00:00
2025-02-18,KRW=X,1441.290039,yahoo,KRW,2026-06-05T09:03:38.313619+00:00
2025-02-19,KRW=X,1440.079956,yahoo,KRW,2026-06-05T09:03:38.313619+00:00
2025-02-20,KRW=X,1439.97998,yahoo,KRW,2026-06-05T09:03:38.313619+00:00
2025-02-21,KRW=X,1431.699951,yahoo,KRW,2026-06-05T09:03:38.313619+00:00
2025-02-24,KRW=X,1434.290039,yahoo,KRW,2026-06-05T09:03:38.313619+00:00
2025-02-25,KRW=X,1428.650024,yahoo,KRW,2026-06-05T09:03:38.313619+00:00
2025-02-26,KRW=X,1429.5,yahoo,KRW,2026-06-05T09:03:38.313619+00:00
2025-02-27,KRW=X,1434.420044,yahoo,KRW,2026-06-05T09:03:38.313619+00:00
2025-02-28,KRW=X,1449.859985,yahoo,KRW,2026-06-05T09:03:38.313619+00:00
2025-03-03,KRW=X,1459.800049,yahoo,KRW,2026-06-05T09:03:38.313619+00:00
2025-03-04,KRW=X,1457.930054,yahoo,KRW,2026-06-05T09:03:38.313619+00:00
2025-03-05,KRW=X,1452.849976,yahoo,KRW,2026-06-05T09:03:38.313619+00:00
2025-03-06,KRW=X,1443.030029,yahoo,KRW,2026-06-05T09:03:38.313619+00:00
2025-03-07,KRW=X,1446.5,yahoo,KRW,2026-06-05T09:03:38.313619+00:00
2025-03-10,KRW=X,1446.26001,yahoo,KRW,2026-06-05T09:03:38.313619+00:00
2025-03-11,KRW=X,1457.030029,yahoo,KRW,2026-06-05T09:03:38.313619+00:00
2025-03-12,KRW=X,1451.02002,yahoo,KRW,2026-06-05T09:03:38.313619+00:00
2025-03-13,KRW=X,1448.75,yahoo,KRW,2026-06-05T09:03:38.313619+00:00
2025-03-14,KRW=X,1453.22998,yahoo,KRW,2026-06-05T09:03:38.313619+00:00
2025-03-17,KRW=X,1449.050049,yahoo,KRW,2026-06-05T09:03:38.313619+00:00
2025-03-18,KRW=X,1442.48999,yahoo,KRW,2026-06-05T09:03:38.313619+00:00
2025-03-19,KRW=X,1448.939941,yahoo,KRW,2026-06-05T09:03:38.313619+00:00
2025-03-20,KRW=X,1443.390015,yahoo,KRW,2026-06-05T09:03:38.313619+00:00
2025-03-21,KRW=X,1465.819946,yahoo,KRW,2026-06-05T09:03:38.313619+00:00
2025-03-24,KRW=X,1464.780029,yahoo,KRW,2026-06-05T09:03:38.313619+00:00
2025-03-25,KRW=X,1466.27002,yahoo,KRW,2026-06-05T09:03:38.313619+00:00
2025-03-26,KRW=X,1462.089966,yahoo,KRW,2026-06-05T09:03:38.313619+00:00
2025-03-27,KRW=X,1465.680054,yahoo,KRW,2026-06-05T09:03:38.313619+00:00
2025-03-28,KRW=X,1461.890015,yahoo,KRW,2026-06-05T09:03:38.313619+00:00
2025-03-30,KRW=X,1469.410034,yahoo,KRW,2026-06-05T09:03:38.313619+00:00
2025-03-31,KRW=X,1471.959961,yahoo,KRW,2026-06-05T09:03:38.313619+00:00
2025-04-01,KRW=X,1469.969971,yahoo,KRW,2026-06-05T09:03:38.313619+00:00
2025-04-02,KRW=X,1466.040039,yahoo,KRW,2026-06-05T09:03:38.313619+00:00
2025-04-03,KRW=X,1450.680054,yahoo,KRW,2026-06-05T09:03:38.313619+00:00
2025-04-06,KRW=X,1458.52002,yahoo,KRW,2026-06-05T09:03:38.313619+00:00
2025-04-07,KRW=X,1469.949951,yahoo,KRW,2026-06-05T09:03:38.313619+00:00
2025-04-08,KRW=X,1486.130005,yahoo,KRW,2026-06-05T09:03:38.313619+00:00
2025-04-09,KRW=X,1443.949951,yahoo,KRW,2026-06-05T09:03:38.313619+00:00
2025-04-10,KRW=X,1452.040039,yahoo,KRW,2026-06-05T09:03:38.313619+00:00
2025-04-13,KRW=X,1419.050049,yahoo,KRW,2026-06-05T09:03:38.313619+00:00
2025-04-14,KRW=X,1419.420044,yahoo,KRW,2026-06-05T09:03:38.313619+00:00
2025-04-15,KRW=X,1427.02002,yahoo,KRW,2026-06-05T09:03:38.313619+00:00
2025-04-16,KRW=X,1414.22998,yahoo,KRW,2026-06-05T09:03:38.313619+00:00
2025-04-21,KRW=X,1421.640015,yahoo,KRW,2026-06-05T09:03:38.313619+00:00
2025-04-22,KRW=X,1429.219971,yahoo,KRW,2026-06-05T09:03:38.313619+00:00
2025-04-23,KRW=X,1426.449951,yahoo,KRW,2026-06-05T09:03:38.313619+00:00
2025-04-24,KRW=X,1430.060059,yahoo,KRW,2026-06-05T09:03:38.313619+00:00
2025-04-27,KRW=X,1437.359985,yahoo,KRW,2026-06-05T09:03:38.313619+00:00
2025-04-28,KRW=X,1435.880005,yahoo,KRW,2026-06-05T09:03:38.313619+00:00
2025-04-29,KRW=X,1431.160034,yahoo,KRW,2026-06-05T09:03:38.313619+00:00
2025-04-30,KRW=X,1423.75,yahoo,KRW,2026-06-05T09:03:38.313619+00:00
2025-05-01,KRW=X,1435.099976,yahoo,KRW,2026-06-05T09:03:38.313619+00:00
2025-05-04,KRW=X,1398.900024,yahoo,KRW,2026-06-05T09:03:38.313619+00:00
2025-05-05,KRW=X,1374.369995,yahoo,KRW,2026-06-05T09:03:38.313619+00:00
2025-05-06,KRW=X,1374.77002,yahoo,KRW,2026-06-05T09:03:38.313619+00:00
2025-05-07,KRW=X,1397.290039,yahoo,KRW,2026-06-05T09:03:38.313619+00:00
2025-05-08,KRW=X,1403.849976,yahoo,KRW,2026-06-05T09:03:38.313619+00:00
2025-05-11,KRW=X,1395.170044,yahoo,KRW,2026-06-05T09:03:38.313619+00:00
2025-05-12,KRW=X,1416.030029,yahoo,KRW,2026-06-05T09:03:38.313619+00:00
2025-05-13,KRW=X,1416.0,yahoo,KRW,2026-06-05T09:03:38.313619+00:00
2025-05-14,KRW=X,1407.329956,yahoo,KRW,2026-06-05T09:03:38.313619+00:00
2025-05-15,KRW=X,1397.02002,yahoo,KRW,2026-06-05T09:03:38.313619+00:00
2025-05-18,KRW=X,1398.130005,yahoo,KRW,2026-06-05T09:03:38.313619+00:00
2025-05-19,KRW=X,1388.550049,yahoo,KRW,2026-06-05T09:03:38.313619+00:00
2025-05-20,KRW=X,1392.72998,yahoo,KRW,2026-06-05T09:03:38.313619+00:00
2025-05-21,KRW=X,1373.859985,yahoo,KRW,2026-06-05T09:03:38.313619+00:00
2025-05-22,KRW=X,1381.339966,yahoo,KRW,2026-06-05T09:03:38.313619+00:00
2025-05-25,KRW=X,1364.72998,yahoo,KRW,2026-06-05T09:03:38.313619+00:00
2025-05-26,KRW=X,1368.099976,yahoo,KRW,2026-06-05T09:03:38.313619+00:00
2025-05-27,KRW=X,1374.800049,yahoo,KRW,2026-06-05T09:03:38.313619+00:00
2025-05-28,KRW=X,1373.599976,yahoo,KRW,2026-06-05T09:03:38.313619+00:00
2025-05-29,KRW=X,1370.410034,yahoo,KRW,2026-06-05T09:03:38.313619+00:00
2025-06-01,KRW=X,1381.98999,yahoo,KRW,2026-06-05T09:03:38.313619+00:00
2025-06-02,KRW=X,1376.069946,yahoo,KRW,2026-06-05T09:03:38.313619+00:00
2025-06-03,KRW=X,1377.719971,yahoo,KRW,2026-06-05T09:03:38.313619+00:00
2025-06-04,KRW=X,1361.089966,yahoo,KRW,2026-06-05T09:03:38.313619+00:00
2025-06-05,KRW=X,1354.550049,yahoo,KRW,2026-06-05T09:03:38.313619+00:00
2025-06-08,KRW=X,1359.189941,yahoo,KRW,2026-06-05T09:03:38.313619+00:00
2025-06-09,KRW=X,1353.849976,yahoo,KRW,2026-06-05T09:03:38.313619+00:00
2025-06-10,KRW=X,1363.880005,yahoo,KRW,2026-06-05T09:03:38.313619+00:00
2025-06-11,KRW=X,1365.689941,yahoo,KRW,2026-06-05T09:03:38.313619+00:00
2025-06-12,KRW=X,1349.790039,yahoo,KRW,2026-06-05T09:03:38.313619+00:00
2025-06-15,KRW=X,1365.140015,yahoo,KRW,2026-06-05T09:03:38.313619+00:00
2025-06-16,KRW=X,1357.780029,yahoo,KRW,2026-06-05T09:03:38.313619+00:00
2025-06-17,KRW=X,1380.5,yahoo,KRW,2026-06-05T09:03:38.313619+00:00
2025-06-18,KRW=X,1370.75,yahoo,KRW,2026-06-05T09:03:38.313619+00:00
2025-06-19,KRW=X,1374.890015,yahoo,KRW,2026-06-05T09:03:38.313619+00:00
2025-06-22,KRW=X,1369.469971,yahoo,KRW,2026-06-05T09:03:38.313619+00:00
2025-06-23,KRW=X,1361.939941,yahoo,KRW,2026-06-05T09:03:38.313619+00:00
2025-06-24,KRW=X,1353.780029,yahoo,KRW,2026-06-05T09:03:38.313619+00:00
2025-06-25,KRW=X,1357.030029,yahoo,KRW,2026-06-05T09:03:38.313619+00:00
2025-06-26,KRW=X,1352.76001,yahoo,KRW,2026-06-05T09:03:38.313619+00:00
2025-06-29,KRW=X,1363.589966,yahoo,KRW,2026-06-05T09:03:38.313619+00:00
2025-06-30,KRW=X,1348.5,yahoo,KRW,2026-06-05T09:03:38.313619+00:00
2025-07-01,KRW=X,1355.589966,yahoo,KRW,2026-06-05T09:03:38.313619+00:00
2025-07-02,KRW=X,1354.75,yahoo,KRW,2026-06-05T09:03:38.313619+00:00
2025-07-03,KRW=X,1357.099976,yahoo,KRW,2026-06-05T09:03:38.313619+00:00
2025-07-06,KRW=X,1362.199951,yahoo,KRW,2026-06-05T09:03:38.313619+00:00
2025-07-07,KRW=X,1374.640015,yahoo,KRW,2026-06-05T09:03:38.313619+00:00
2025-07-08,KRW=X,1370.300049,yahoo,KRW,2026-06-05T09:03:38.313619+00:00
2025-07-09,KRW=X,1373.0,yahoo,KRW,2026-06-05T09:03:38.313619+00:00
2025-07-10,KRW=X,1372.640015,yahoo,KRW,2026-06-05T09:03:38.313619+00:00
2025-07-13,KRW=X,1378.170044,yahoo,KRW,2026-06-05T09:03:38.313619+00:00
2025-07-14,KRW=X,1382.01001,yahoo,KRW,2026-06-05T09:03:38.313619+00:00
2025-07-15,KRW=X,1386.449951,yahoo,KRW,2026-06-05T09:03:38.313619+00:00
2025-07-16,KRW=X,1384.920044,yahoo,KRW,2026-06-05T09:03:38.313619+00:00
2025-07-17,KRW=X,1391.579956,yahoo,KRW,2026-06-05T09:03:38.313619+00:00
2025-07-20,KRW=X,1390.569946,yahoo,KRW,2026-06-05T09:03:38.313619+00:00
2025-07-21,KRW=X,1381.819946,yahoo,KRW,2026-06-05T09:03:38.313619+00:00
2025-07-22,KRW=X,1379.780029,yahoo,KRW,2026-06-05T09:03:38.313619+00:00
2025-07-23,KRW=X,1373.719971,yahoo,KRW,2026-06-05T09:03:38.313619+00:00
2025-07-24,KRW=X,1372.0,yahoo,KRW,2026-06-05T09:03:38.313619+00:00
2025-07-27,KRW=X,1382.780029,yahoo,KRW,2026-06-05T09:03:38.313619+00:00
2025-07-28,KRW=X,1388.290039,yahoo,KRW,2026-06-05T09:03:38.313619+00:00
2025-07-29,KRW=X,1388.859985,yahoo,KRW,2026-06-05T09:03:38.313619+00:00
2025-07-30,KRW=X,1392.52002,yahoo,KRW,2026-06-05T09:03:38.313619+00:00
2025-07-31,KRW=X,1391.51001,yahoo,KRW,2026-06-05T09:03:38.313619+00:00
2025-08-03,KRW=X,1390.180054,yahoo,KRW,2026-06-05T09:03:38.313619+00:00
2025-08-04,KRW=X,1383.589966,yahoo,KRW,2026-06-05T09:03:38.313619+00:00
2025-08-05,KRW=X,1386.579956,yahoo,KRW,2026-06-05T09:03:38.313619+00:00
2025-08-06,KRW=X,1384.390015,yahoo,KRW,2026-06-05T09:03:38.313619+00:00
2025-08-07,KRW=X,1384.969971,yahoo,KRW,2026-06-05T09:03:38.313619+00:00
2025-08-10,KRW=X,1387.810059,yahoo,KRW,2026-06-05T09:03:38.313619+00:00
2025-08-11,KRW=X,1389.790039,yahoo,KRW,2026-06-05T09:03:38.313619+00:00
2025-08-12,KRW=X,1383.089966,yahoo,KRW,2026-06-05T09:03:38.313619+00:00
2025-08-13,KRW=X,1378.780029,yahoo,KRW,2026-06-05T09:03:38.313619+00:00
2025-08-14,KRW=X,1387.869995,yahoo,KRW,2026-06-05T09:03:38.313619+00:00
2025-08-17,KRW=X,1387.97998,yahoo,KRW,2026-06-05T09:03:38.313619+00:00
2025-08-18,KRW=X,1386.910034,yahoo,KRW,2026-06-05T09:03:38.313619+00:00
2025-08-19,KRW=X,1391.339966,yahoo,KRW,2026-06-05T09:03:38.313619+00:00
2025-08-20,KRW=X,1396.910034,yahoo,KRW,2026-06-05T09:03:38.313619+00:00
2025-08-21,KRW=X,1399.609985,yahoo,KRW,2026-06-05T09:03:38.313619+00:00
2025-08-24,KRW=X,1382.890015,yahoo,KRW,2026-06-05T09:03:38.313619+00:00
2025-08-25,KRW=X,1389.050049,yahoo,KRW,2026-06-05T09:03:38.313619+00:00
2025-08-26,KRW=X,1393.949951,yahoo,KRW,2026-06-05T09:03:38.313619+00:00
2025-08-27,KRW=X,1392.75,yahoo,KRW,2026-06-05T09:03:38.313619+00:00
2025-08-28,KRW=X,1384.410034,yahoo,KRW,2026-06-05T09:03:38.313619+00:00
2025-08-31,KRW=X,1388.839966,yahoo,KRW,2026-06-05T09:03:38.313619+00:00
2025-09-01,KRW=X,1392.939941,yahoo,KRW,2026-06-05T09:03:38.313619+00:00
2025-09-02,KRW=X,1394.569946,yahoo,KRW,2026-06-05T09:03:38.313619+00:00
2025-09-03,KRW=X,1389.630005,yahoo,KRW,2026-06-05T09:03:38.313619+00:00
2025-09-04,KRW=X,1392.060059,yahoo,KRW,2026-06-05T09:03:38.313619+00:00
2025-09-07,KRW=X,1385.51001,yahoo,KRW,2026-06-05T09:03:38.313619+00:00
2025-09-08,KRW=X,1385.719971,yahoo,KRW,2026-06-05T09:03:38.313619+00:00
2025-09-09,KRW=X,1387.25,yahoo,KRW,2026-06-05T09:03:38.313619+00:00
2025-09-10,KRW=X,1387.199951,yahoo,KRW,2026-06-05T09:03:38.313619+00:00
2025-09-11,KRW=X,1389.5,yahoo,KRW,2026-06-05T09:03:38.313619+00:00
2025-09-14,KRW=X,1393.699951,yahoo,KRW,2026-06-05T09:03:38.313619+00:00
2025-09-15,KRW=X,1385.01001,yahoo,KRW,2026-06-05T09:03:38.313619+00:00
2025-09-16,KRW=X,1377.640015,yahoo,KRW,2026-06-05T09:03:38.313619+00:00
2025-09-17,KRW=X,1378.689941,yahoo,KRW,2026-06-05T09:03:38.313619+00:00
2025-09-18,KRW=X,1386.75,yahoo,KRW,2026-06-05T09:03:38.313619+00:00
2025-09-21,KRW=X,1396.22998,yahoo,KRW,2026-06-05T09:03:38.313619+00:00
2025-09-22,KRW=X,1389.390015,yahoo,KRW,2026-06-05T09:03:38.313619+00:00
2025-09-23,KRW=X,1391.849976,yahoo,KRW,2026-06-05T09:03:38.313619+00:00
2025-09-24,KRW=X,1403.650024,yahoo,KRW,2026-06-05T09:03:38.313619+00:00
2025-09-25,KRW=X,1408.920044,yahoo,KRW,2026-06-05T09:03:38.313619+00:00
2025-09-28,KRW=X,1408.709961,yahoo,KRW,2026-06-05T09:03:38.313619+00:00
2025-09-29,KRW=X,1399.329956,yahoo,KRW,2026-06-05T09:03:38.313619+00:00
2025-09-30,KRW=X,1403.150024,yahoo,KRW,2026-06-05T09:03:38.313619+00:00
2025-10-01,KRW=X,1401.819946,yahoo,KRW,2026-06-05T09:03:38.313619+00:00
2025-10-02,KRW=X,1405.630005,yahoo,KRW,2026-06-05T09:03:38.313619+00:00
2025-10-05,KRW=X,1406.060059,yahoo,KRW,2026-06-05T09:03:38.313619+00:00
2025-10-06,KRW=X,1409.920044,yahoo,KRW,2026-06-05T09:03:38.313619+00:00
2025-10-07,KRW=X,1414.569946,yahoo,KRW,2026-06-05T09:03:38.313619+00:00
2025-10-08,KRW=X,1422.52002,yahoo,KRW,2026-06-05T09:03:38.313619+00:00
2025-10-09,KRW=X,1421.51001,yahoo,KRW,2026-06-05T09:03:38.313619+00:00
2025-10-12,KRW=X,1429.030029,yahoo,KRW,2026-06-05T09:03:38.313619+00:00
2025-10-13,KRW=X,1426.069946,yahoo,KRW,2026-06-05T09:03:38.313619+00:00
2025-10-14,KRW=X,1429.430054,yahoo,KRW,2026-06-05T09:03:38.313619+00:00
2025-10-15,KRW=X,1420.089966,yahoo,KRW,2026-06-05T09:03:38.313619+00:00
2025-10-16,KRW=X,1415.719971,yahoo,KRW,2026-06-05T09:03:38.313619+00:00
2025-10-19,KRW=X,1419.73999,yahoo,KRW,2026-06-05T09:03:38.313619+00:00
2025-10-20,KRW=X,1419.73999,yahoo,KRW,2026-06-05T09:03:38.313619+00:00
2025-10-21,KRW=X,1430.73999,yahoo,KRW,2026-06-05T09:03:38.313619+00:00
2025-10-22,KRW=X,1430.400024,yahoo,KRW,2026-06-05T09:03:38.313619+00:00
2025-10-23,KRW=X,1435.839966,yahoo,KRW,2026-06-05T09:03:38.313619+00:00
2025-10-27,KRW=X,1436.969971,yahoo,KRW,2026-06-05T09:03:38.313619+00:00
2025-10-28,KRW=X,1430.969971,yahoo,KRW,2026-06-05T09:03:38.313619+00:00
2025-10-29,KRW=X,1425.969971,yahoo,KRW,2026-06-05T09:03:38.313619+00:00
2025-10-30,KRW=X,1424.01001,yahoo,KRW,2026-06-05T09:03:38.313619+00:00
2025-10-31,KRW=X,1424.02002,yahoo,KRW,2026-06-05T09:03:38.313619+00:00
2025-11-03,KRW=X,1427.170044,yahoo,KRW,2026-06-05T09:03:38.313619+00:00
2025-11-04,KRW=X,1428.969971,yahoo,KRW,2026-06-05T09:03:38.313619+00:00
2025-11-05,KRW=X,1439.810059,yahoo,KRW,2026-06-05T09:03:38.313619+00:00
2025-11-06,KRW=X,1439.73999,yahoo,KRW,2026-06-05T09:03:38.313619+00:00
2025-11-07,KRW=X,1447.900024,yahoo,KRW,2026-06-05T09:03:38.313619+00:00
2025-11-10,KRW=X,1454.0,yahoo,KRW,2026-06-05T09:03:38.313619+00:00
2025-11-11,KRW=X,1456.089966,yahoo,KRW,2026-06-05T09:03:38.313619+00:00
2025-11-12,KRW=X,1459.839966,yahoo,KRW,2026-06-05T09:03:38.313619+00:00
2025-11-13,KRW=X,1468.02002,yahoo,KRW,2026-06-05T09:03:38.313619+00:00
2025-11-14,KRW=X,1468.709961,yahoo,KRW,2026-06-05T09:03:38.313619+00:00
2025-11-17,KRW=X,1446.530029,yahoo,KRW,2026-06-05T09:03:38.313619+00:00
2025-11-18,KRW=X,1461.689941,yahoo,KRW,2026-06-05T09:03:38.313619+00:00
2025-11-19,KRW=X,1456.550049,yahoo,KRW,2026-06-05T09:03:38.313619+00:00
2025-11-20,KRW=X,1466.130005,yahoo,KRW,2026-06-05T09:03:38.313619+00:00
2025-11-21,KRW=X,1473.25,yahoo,KRW,2026-06-05T09:03:38.313619+00:00
2025-11-24,KRW=X,1467.72998,yahoo,KRW,2026-06-05T09:03:38.313619+00:00
2025-11-25,KRW=X,1474.859985,yahoo,KRW,2026-06-05T09:03:38.313619+00:00
2025-11-26,KRW=X,1464.920044,yahoo,KRW,2026-06-05T09:03:38.313619+00:00
2025-11-27,KRW=X,1470.589966,yahoo,KRW,2026-06-05T09:03:38.313619+00:00
2025-11-28,KRW=X,1461.400024,yahoo,KRW,2026-06-05T09:03:38.313619+00:00
2025-12-01,KRW=X,1465.619995,yahoo,KRW,2026-06-05T09:03:38.313619+00:00
2025-12-02,KRW=X,1470.170044,yahoo,KRW,2026-06-05T09:03:38.313619+00:00
2025-12-03,KRW=X,1467.359985,yahoo,KRW,2026-06-05T09:03:38.313619+00:00
2025-12-04,KRW=X,1465.030029,yahoo,KRW,2026-06-05T09:03:38.313619+00:00
2025-12-05,KRW=X,1472.380005,yahoo,KRW,2026-06-05T09:03:38.313619+00:00
2025-12-08,KRW=X,1471.810059,yahoo,KRW,2026-06-05T09:03:38.313619+00:00
2025-12-09,KRW=X,1468.51001,yahoo,KRW,2026-06-05T09:03:38.313619+00:00
2025-12-10,KRW=X,1467.930054,yahoo,KRW,2026-06-05T09:03:38.313619+00:00
2025-12-11,KRW=X,1469.040039,yahoo,KRW,2026-06-05T09:03:38.313619+00:00
2025-12-12,KRW=X,1470.849976,yahoo,KRW,2026-06-05T09:03:38.313619+00:00
2025-12-15,KRW=X,1472.910034,yahoo,KRW,2026-06-05T09:03:38.313619+00:00
2025-12-16,KRW=X,1467.47998,yahoo,KRW,2026-06-05T09:03:38.313619+00:00
2025-12-17,KRW=X,1471.73999,yahoo,KRW,2026-06-05T09:03:38.313619+00:00
2025-12-18,KRW=X,1474.0,yahoo,KRW,2026-06-05T09:03:38.313619+00:00
2025-12-19,KRW=X,1474.359985,yahoo,KRW,2026-06-05T09:03:38.313619+00:00
2025-12-22,KRW=X,1473.719971,yahoo,KRW,2026-06-05T09:03:38.313619+00:00
2025-12-23,KRW=X,1476.839966,yahoo,KRW,2026-06-05T09:03:38.313619+00:00
2025-12-24,KRW=X,1478.670044,yahoo,KRW,2026-06-05T09:03:38.313619+00:00
2025-12-26,KRW=X,1446.52002,yahoo,KRW,2026-06-05T09:03:38.313619+00:00
2025-12-29,KRW=X,1441.329956,yahoo,KRW,2026-06-05T09:03:38.313619+00:00
2025-12-30,KRW=X,1434.709961,yahoo,KRW,2026-06-05T09:03:38.313619+00:00
2025-12-31,KRW=X,1437.910034,yahoo,KRW,2026-06-05T09:03:38.313619+00:00
2026-01-02,KRW=X,1443.640015,yahoo,KRW,2026-06-05T09:03:38.313619+00:00
2026-01-05,KRW=X,1440.47998,yahoo,KRW,2026-06-05T09:03:38.313619+00:00
2026-01-06,KRW=X,1445.560059,yahoo,KRW,2026-06-05T09:03:38.313619+00:00
2026-01-07,KRW=X,1444.959961,yahoo,KRW,2026-06-05T09:03:38.313619+00:00
2026-01-08,KRW=X,1446.140015,yahoo,KRW,2026-06-05T09:03:38.313619+00:00
2026-01-09,KRW=X,1450.079956,yahoo,KRW,2026-06-05T09:03:38.313619+00:00
2026-01-12,KRW=X,1455.23999,yahoo,KRW,2026-06-05T09:03:38.313619+00:00
2026-01-13,KRW=X,1464.930054,yahoo,KRW,2026-06-05T09:03:38.313619+00:00
2026-01-14,KRW=X,1473.01001,yahoo,KRW,2026-06-05T09:03:38.313619+00:00
2026-01-15,KRW=X,1462.900024,yahoo,KRW,2026-06-05T09:03:38.313619+00:00
2026-01-16,KRW=X,1468.839966,yahoo,KRW,2026-06-05T09:03:38.313619+00:00
2026-01-19,KRW=X,1471.579956,yahoo,KRW,2026-06-05T09:03:38.313619+00:00
2026-01-20,KRW=X,1471.52002,yahoo,KRW,2026-06-05T09:03:38.313619+00:00
2026-01-21,KRW=X,1477.780029,yahoo,KRW,2026-06-05T09:03:38.313619+00:00
2026-01-22,KRW=X,1464.829956,yahoo,KRW,2026-06-05T09:03:38.313619+00:00
2026-01-23,KRW=X,1463.26001,yahoo,KRW,2026-06-05T09:03:38.313619+00:00
2026-01-26,KRW=X,1444.810059,yahoo,KRW,2026-06-05T09:03:38.313619+00:00
2026-01-27,KRW=X,1440.97998,yahoo,KRW,2026-06-05T09:03:38.313619+00:00
2026-01-28,KRW=X,1432.51001,yahoo,KRW,2026-06-05T09:03:38.313619+00:00
2026-01-29,KRW=X,1429.27002,yahoo,KRW,2026-06-05T09:03:38.313619+00:00
2026-01-30,KRW=X,1428.76001,yahoo,KRW,2026-06-05T09:03:38.313619+00:00
2026-02-02,KRW=X,1448.800049,yahoo,KRW,2026-06-05T09:03:38.313619+00:00
2026-02-03,KRW=X,1452.540039,yahoo,KRW,2026-06-05T09:03:38.313619+00:00
2026-02-04,KRW=X,1446.680054,yahoo,KRW,2026-06-05T09:03:38.313619+00:00
2026-02-05,KRW=X,1460.109985,yahoo,KRW,2026-06-05T09:03:38.313619+00:00
2026-02-06,KRW=X,1470.680054,yahoo,KRW,2026-06-05T09:03:38.313619+00:00
2026-02-09,KRW=X,1462.400024,yahoo,KRW,2026-06-05T09:03:38.313619+00:00
2026-02-10,KRW=X,1458.540039,yahoo,KRW,2026-06-05T09:03:38.313619+00:00
2026-02-11,KRW=X,1455.329956,yahoo,KRW,2026-06-05T09:03:38.313619+00:00
2026-02-12,KRW=X,1444.189941,yahoo,KRW,2026-06-05T09:03:38.313619+00:00
2026-02-13,KRW=X,1440.900024,yahoo,KRW,2026-06-05T09:03:38.313619+00:00
2026-02-16,KRW=X,1439.52002,yahoo,KRW,2026-06-05T09:03:38.313619+00:00
2026-02-17,KRW=X,1440.22998,yahoo,KRW,2026-06-05T09:03:38.313619+00:00
2026-02-18,KRW=X,1439.969971,yahoo,KRW,2026-06-05T09:03:38.313619+00:00
2026-02-19,KRW=X,1440.160034,yahoo,KRW,2026-06-05T09:03:38.313619+00:00
2026-02-20,KRW=X,1447.75,yahoo,KRW,2026-06-05T09:03:38.313619+00:00
2026-02-23,KRW=X,1443.439941,yahoo,KRW,2026-06-05T09:03:38.313619+00:00
2026-02-24,KRW=X,1442.199951,yahoo,KRW,2026-06-05T09:03:38.313619+00:00
2026-02-25,KRW=X,1439.98999,yahoo,KRW,2026-06-05T09:03:38.313619+00:00
2026-02-26,KRW=X,1426.930054,yahoo,KRW,2026-06-05T09:03:38.313619+00:00
2026-02-27,KRW=X,1432.319946,yahoo,KRW,2026-06-05T09:03:38.313619+00:00
2026-03-02,KRW=X,1438.5,yahoo,KRW,2026-06-05T09:03:38.313619+00:00
2026-03-03,KRW=X,1452.27002,yahoo,KRW,2026-06-05T09:03:38.313619+00:00
2026-03-04,KRW=X,1483.069946,yahoo,KRW,2026-06-05T09:03:38.313619+00:00
2026-03-05,KRW=X,1460.75,yahoo,KRW,2026-06-05T09:03:38.313619+00:00
2026-03-06,KRW=X,1479.51001,yahoo,KRW,2026-06-05T09:03:38.313619+00:00
2026-03-09,KRW=X,1483.890015,yahoo,KRW,2026-06-05T09:03:38.313619+00:00
2026-03-10,KRW=X,1464.469971,yahoo,KRW,2026-06-05T09:03:38.313619+00:00
2026-03-11,KRW=X,1472.780029,yahoo,KRW,2026-06-05T09:03:38.313619+00:00
2026-03-12,KRW=X,1475.339966,yahoo,KRW,2026-06-05T09:03:38.313619+00:00
2026-03-13,KRW=X,1470.579956,yahoo,KRW,2026-06-05T09:03:38.313619+00:00
2026-03-16,KRW=X,1501.75,yahoo,KRW,2026-06-05T09:03:38.313619+00:00
2026-03-17,KRW=X,1488.910034,yahoo,KRW,2026-06-05T09:03:38.313619+00:00
2026-03-18,KRW=X,1484.869995,yahoo,KRW,2026-06-05T09:03:38.313619+00:00
2026-03-19,KRW=X,1505.25,yahoo,KRW,2026-06-05T09:03:38.313619+00:00
2026-03-20,KRW=X,1489.839966,yahoo,KRW,2026-06-05T09:03:38.313619+00:00
2026-03-23,KRW=X,1504.209961,yahoo,KRW,2026-06-05T09:03:38.313619+00:00
2026-03-24,KRW=X,1485.359985,yahoo,KRW,2026-06-05T09:03:38.313619+00:00
2026-03-25,KRW=X,1497.310059,yahoo,KRW,2026-06-05T09:03:38.313619+00:00
2026-03-26,KRW=X,1500.969971,yahoo,KRW,2026-06-05T09:03:38.313619+00:00
2026-03-27,KRW=X,1508.359985,yahoo,KRW,2026-06-05T09:03:38.313619+00:00
2026-03-29,KRW=X,1507.02002,yahoo,KRW,2026-06-05T09:03:38.313619+00:00
2026-03-30,KRW=X,1516.130005,yahoo,KRW,2026-06-05T09:03:38.313619+00:00
2026-03-31,KRW=X,1503.329956,yahoo,KRW,2026-06-05T09:03:38.313619+00:00
2026-04-01,KRW=X,1512.089966,yahoo,KRW,2026-06-05T09:03:38.313619+00:00
2026-04-02,KRW=X,1509.219971,yahoo,KRW,2026-06-05T09:03:38.313619+00:00
2026-04-05,KRW=X,1509.26001,yahoo,KRW,2026-06-05T09:03:38.313619+00:00
2026-04-06,KRW=X,1507.849976,yahoo,KRW,2026-06-05T09:03:38.313619+00:00
2026-04-07,KRW=X,1499.130005,yahoo,KRW,2026-06-05T09:03:38.313619+00:00
2026-04-08,KRW=X,1477.599976,yahoo,KRW,2026-06-05T09:03:38.313619+00:00
2026-04-09,KRW=X,1473.280029,yahoo,KRW,2026-06-05T09:03:38.313619+00:00
2026-04-12,KRW=X,1482.180054,yahoo,KRW,2026-06-05T09:03:38.313619+00:00
2026-04-13,KRW=X,1476.839966,yahoo,KRW,2026-06-05T09:03:38.313619+00:00
2026-04-14,KRW=X,1469.420044,yahoo,KRW,2026-06-05T09:03:38.313619+00:00
2026-04-15,KRW=X,1474.060059,yahoo,KRW,2026-06-05T09:03:38.313619+00:00
2026-04-16,KRW=X,1477.920044,yahoo,KRW,2026-06-05T09:03:38.313619+00:00
2026-04-19,KRW=X,1465.150024,yahoo,KRW,2026-06-05T09:03:38.313619+00:00
2026-04-20,KRW=X,1469.26001,yahoo,KRW,2026-06-05T09:03:38.313619+00:00
2026-04-21,KRW=X,1485.800049,yahoo,KRW,2026-06-05T09:03:38.313619+00:00
2026-04-22,KRW=X,1477.959961,yahoo,KRW,2026-06-05T09:03:38.313619+00:00
2026-04-23,KRW=X,1479.949951,yahoo,KRW,2026-06-05T09:03:38.313619+00:00
2026-04-26,KRW=X,1474.689941,yahoo,KRW,2026-06-05T09:03:38.313619+00:00
2026-04-27,KRW=X,1473.0,yahoo,KRW,2026-06-05T09:03:38.313619+00:00
2026-04-28,KRW=X,1471.98999,yahoo,KRW,2026-06-05T09:03:38.313619+00:00
2026-04-29,KRW=X,1487.380005,yahoo,KRW,2026-06-05T09:03:38.313619+00:00
2026-04-30,KRW=X,1474.01001,yahoo,KRW,2026-06-05T09:03:38.313619+00:00
2026-05-03,KRW=X,1471.72998,yahoo,KRW,2026-06-05T09:03:38.313619+00:00
2026-05-04,KRW=X,1476.050049,yahoo,KRW,2026-06-05T09:03:38.313619+00:00
2026-05-05,KRW=X,1473.959961,yahoo,KRW,2026-06-05T09:03:38.313619+00:00
2026-05-06,KRW=X,1444.449951,yahoo,KRW,2026-06-05T09:03:38.313619+00:00
2026-05-07,KRW=X,1454.790039,yahoo,KRW,2026-06-05T09:03:38.313619+00:00
2026-05-10,KRW=X,1460.550049,yahoo,KRW,2026-06-05T09:03:38.313619+00:00
2026-05-11,KRW=X,1474.449951,yahoo,KRW,2026-06-05T09:03:38.313619+00:00
2026-05-12,KRW=X,1492.98999,yahoo,KRW,2026-06-05T09:03:38.313619+00:00
2026-05-13,KRW=X,1489.839966,yahoo,KRW,2026-06-05T09:03:38.313619+00:00
2026-05-14,KRW=X,1493.339966,yahoo,KRW,2026-06-05T09:03:38.313619+00:00
2026-05-17,KRW=X,1497.150024,yahoo,KRW,2026-06-05T09:03:38.313619+00:00
2026-05-18,KRW=X,1492.319946,yahoo,KRW,2026-06-05T09:03:38.313619+00:00
2026-05-19,KRW=X,1507.849976,yahoo,KRW,2026-06-05T09:03:38.313619+00:00
2026-05-20,KRW=X,1499.77002,yahoo,KRW,2026-06-05T09:03:38.313619+00:00
2026-05-21,KRW=X,1504.400024,yahoo,KRW,2026-06-05T09:03:38.313619+00:00
2026-05-24,KRW=X,1512.829956,yahoo,KRW,2026-06-05T09:03:38.313619+00:00
2026-05-25,KRW=X,1514.790039,yahoo,KRW,2026-06-05T09:03:38.313619+00:00
2026-05-26,KRW=X,1505.439941,yahoo,KRW,2026-06-05T09:03:38.313619+00:00
2026-05-27,KRW=X,1503.109985,yahoo,KRW,2026-06-05T09:03:38.313619+00:00
2026-05-28,KRW=X,1495.290039,yahoo,KRW,2026-06-05T09:03:38.313619+00:00
2026-05-31,KRW=X,1506.839966,yahoo,KRW,2026-06-05T09:03:38.313619+00:00
2026-06-01,KRW=X,1511.27002,yahoo,KRW,2026-06-05T09:03:38.313619+00:00
2026-06-02,KRW=X,1516.599976,yahoo,KRW,2026-06-05T09:03:38.313619+00:00
2026-06-03,KRW=X,1530.109985,yahoo,KRW,2026-06-05T09:03:38.313619+00:00
2026-06-05,KRW=X,1539.27002,yahoo,KRW,2026-06-05T09:03:38.313619+00:00
